対象断面,策定年度／年月,策定／更新後,連系線,年月日,昼／夜,方向,空容量最小,空容量最大,計画潮流,マージンA最大,マージンA最小,マージンB,運用容量,運用容量決定要因,運用容量拡大分空容量,運用容量拡大分運用容量,送電NG情報件数,送電NG情報延べ容量,最新更新年月日時刻
月間,202409,策定,北海道・本州間電力連系設備,2024/11/01,昼間帯,順方向,650,650,0,50,50,0,700,電圧,0,0,0,0,2024/09/20 17:01:43
月間,202409,策定,北海道・本州間電力連系設備,2024/11/01,昼間帯,逆方向,-370,-370,0,-530,-530,0,-900,熱容量,0,0,0,0,2024/09/20 17:01:43
月間,202409,策定,北海道・本州間電力連系設備,2024/11/01,夜間帯,順方向,620,620,0,80,80,0,700,電圧,0,0,0,0,2024/09/20 17:01:43
月間,202409,策定,北海道・本州間電力連系設備,2024/11/01,夜間帯,逆方向,-350,-350,0,-550,-550,0,-900,熱容量,0,0,0,0,2024/09/20 17:01:43
月間,202409,策定,北海道・本州間電力連系設備,2024/11/02,昼間帯,順方向,610,610,0,90,90,0,700,電圧,0,0,0,0,2024/09/20 17:01:43
月間,202409,策定,北海道・本州間電力連系設備,2024/11/02,昼間帯,逆方向,-350,-350,0,-550,-550,0,-900,熱容量,0,0,0,0,2024/09/20 17:01:43
月間,202409,策定,北海道・本州間電力連系設備,2024/11/02,夜間帯,順方向,620,620,0,80,80,0,700,電圧,0,0,0,0,2024/09/20 17:01:43
月間,202409,策定,北海道・本州間電力連系設備,2024/11/02,夜間帯,逆方向,-350,-350,0,-550,-550,0,-900,熱容量,0,0,0,0,2024/09/20 17:01:43
月間,202410,策定,北海道・本州間電力連系設備,2024/11/02,昼間帯,順方向,610,610,0,90,90,0,700,電圧,0,0,0,0,2024/10/18 17:01:29
月間,202410,策定,北海道・本州間電力連系設備,2024/11/02,昼間帯,逆方向,-350,-350,0,-550,-550,0,-900,熱容量,0,0,0,0,2024/10/18 17:01:29
月間,202410,策定,北海道・本州間電力連系設備,2024/11/02,夜間帯,順方向,620,620,0,80,80,0,700,電圧,0,0,0,0,2024/10/18 17:01:29
月間,202410,策定,北海道・本州間電力連系設備,2024/11/02,夜間帯,逆方向,-350,-350,0,-550,-550,0,-900,熱容量,0,0,0,0,2024/10/18 17:01:29
月間,202409,策定,北海道・本州間電力連系設備,2024/11/03,昼間帯,順方向,610,610,0,90,90,0,700,電圧,0,0,0,0,2024/09/20 17:01:43
月間,202409,策定,北海道・本州間電力連系設備,2024/11/03,昼間帯,逆方向,-350,-350,0,-550,-550,0,-900,熱容量,0,0,0,0,2024/09/20 17:01:43
月間,202409,策定,北海道・本州間電力連系設備,2024/11/03,夜間帯,順方向,620,620,0,80,80,0,700,電圧,0,0,0,0,2024/09/20 17:01:43
月間,202409,策定,北海道・本州間電力連系設備,2024/11/03,夜間帯,逆方向,-350,-350,0,-550,-550,0,-900,熱容量,0,0,0,0,2024/09/20 17:01:43
月間,202410,策定,北海道・本州間電力連系設備,2024/11/03,昼間帯,順方向,610,610,0,90,90,0,700,電圧,0,0,0,0,2024/10/18 17:01:29
月間,202410,策定,北海道・本州間電力連系設備,2024/11/03,昼間帯,逆方向,-350,-350,0,-550,-550,0,-900,熱容量,0,0,0,0,2024/10/18 17:01:29
月間,202410,策定,北海道・本州間電力連系設備,2024/11/03,夜間帯,順方向,620,620,0,80,80,0,700,電圧,0,0,0,0,2024/10/18 17:01:29
月間,202410,策定,北海道・本州間電力連系設備,2024/11/03,夜間帯,逆方向,-350,-350,0,-550,-550,0,-900,熱容量,0,0,0,0,2024/10/18 17:01:29
月間,202409,策定,北海道・本州間電力連系設備,2024/11/04,昼間帯,順方向,610,610,0,90,90,0,700,電圧,0,0,0,0,2024/09/20 17:01:43
月間,202409,策定,北海道・本州間電力連系設備,2024/11/04,昼間帯,逆方向,-350,-350,0,-550,-550,0,-900,熱容量,0,0,0,0,2024/09/20 17:01:43
月間,202409,策定,北海道・本州間電力連系設備,2024/11/04,夜間帯,順方向,620,620,0,80,80,0,700,電圧,0,0,0,0,2024/09/20 17:01:43
月間,202409,策定,北海道・本州間電力連系設備,2024/11/04,夜間帯,逆方向,-350,-350,0,-550,-550,0,-900,熱容量,0,0,0,0,2024/09/20 17:01:43
月間,202410,策定,北海道・本州間電力連系設備,2024/11/04,昼間帯,順方向,610,610,0,90,90,0,700,電圧,0,0,0,0,2024/10/18 17:01:29
月間,202410,策定,北海道・本州間電力連系設備,2024/11/04,昼間帯,逆方向,-350,-350,0,-550,-550,0,-900,熱容量,0,0,0,0,2024/10/18 17:01:29
月間,202410,策定,北海道・本州間電力連系設備,2024/11/04,夜間帯,順方向,620,620,0,80,80,0,700,電圧,0,0,0,0,2024/10/18 17:01:29
月間,202410,策定,北海道・本州間電力連系設備,2024/11/04,夜間帯,逆方向,-350,-350,0,-550,-550,0,-900,熱容量,0,0,0,0,2024/10/18 17:01:29
月間,202409,策定,北海道・本州間電力連系設備,2024/11/05,昼間帯,順方向,550,550,0,0,0,0,550,電圧（作業）,0,0,0,0,2024/09/20 17:01:43
月間,202409,策定,北海道・本州間電力連系設備,2024/11/05,昼間帯,逆方向,-370,-370,0,-530,-530,0,-900,熱容量,0,0,0,0,2024/09/20 17:01:43
月間,202409,策定,北海道・本州間電力連系設備,2024/11/05,夜間帯,順方向,620,620,0,80,80,0,700,電圧,0,0,0,0,2024/09/20 17:01:43
月間,202409,策定,北海道・本州間電力連系設備,2024/11/05,夜間帯,逆方向,-350,-350,0,-550,-550,0,-900,熱容量,0,0,0,0,2024/09/20 17:01:43
月間,202410,策定,北海道・本州間電力連系設備,2024/11/05,昼間帯,順方向,550,550,0,0,0,0,550,電圧（作業）,0,0,0,0,2024/10/18 17:01:29
月間,202410,策定,北海道・本州間電力連系設備,2024/11/05,昼間帯,逆方向,-370,-370,0,-530,-530,0,-900,熱容量,0,0,0,0,2024/10/18 17:01:29
月間,202410,策定,北海道・本州間電力連系設備,2024/11/05,夜間帯,順方向,620,620,0,80,80,0,700,電圧,0,0,0,0,2024/10/18 17:01:29
月間,202410,策定,北海道・本州間電力連系設備,2024/11/05,夜間帯,逆方向,-350,-350,0,-550,-550,0,-900,熱容量,0,0,0,0,2024/10/18 17:01:29
月間,202409,策定,北海道・本州間電力連系設備,2024/11/06,昼間帯,順方向,550,550,0,0,0,0,550,電圧（作業）,0,0,0,0,2024/09/20 17:01:43
月間,202409,策定,北海道・本州間電力連系設備,2024/11/06,昼間帯,逆方向,-370,-370,0,-530,-530,0,-900,熱容量,0,0,0,0,2024/09/20 17:01:43
月間,202409,策定,北海道・本州間電力連系設備,2024/11/06,夜間帯,順方向,620,620,0,80,80,0,700,電圧,0,0,0,0,2024/09/20 17:01:43
月間,202409,策定,北海道・本州間電力連系設備,2024/11/06,夜間帯,逆方向,-350,-350,0,-550,-550,0,-900,熱容量,0,0,0,0,2024/09/20 17:01:43
月間,202410,策定,北海道・本州間電力連系設備,2024/11/06,昼間帯,順方向,650,650,0,50,50,0,700,電圧,0,0,0,0,2024/10/18 17:01:29
月間,202410,策定,北海道・本州間電力連系設備,2024/11/06,昼間帯,逆方向,-370,-370,0,-530,-530,0,-900,熱容量,0,0,0,0,2024/10/18 17:01:29
月間,202410,策定,北海道・本州間電力連系設備,2024/11/06,夜間帯,順方向,620,620,0,80,80,0,700,電圧,0,0,0,0,2024/10/18 17:01:29
月間,202410,策定,北海道・本州間電力連系設備,2024/11/06,夜間帯,逆方向,-350,-350,0,-550,-550,0,-900,熱容量,0,0,0,0,2024/10/18 17:01:29
月間,202409,策定,北海道・本州間電力連系設備,2024/11/07,昼間帯,順方向,550,550,0,0,0,0,550,電圧（作業）,0,0,0,0,2024/09/20 17:01:43
月間,202409,策定,北海道・本州間電力連系設備,2024/11/07,昼間帯,逆方向,-370,-370,0,-530,-530,0,-900,熱容量,0,0,0,0,2024/09/20 17:01:43
月間,202409,策定,北海道・本州間電力連系設備,2024/11/07,夜間帯,順方向,620,620,0,80,80,0,700,電圧,0,0,0,0,2024/09/20 17:01:43
月間,202409,策定,北海道・本州間電力連系設備,2024/11/07,夜間帯,逆方向,-350,-350,0,-550,-550,0,-900,熱容量,0,0,0,0,2024/09/20 17:01:43
月間,202410,策定,北海道・本州間電力連系設備,2024/11/07,昼間帯,順方向,550,550,0,0,0,0,550,電圧（作業）,0,0,0,0,2024/10/18 17:01:29
月間,202410,策定,北海道・本州間電力連系設備,2024/11/07,昼間帯,逆方向,-370,-370,0,-530,-530,0,-900,熱容量,0,0,0,0,2024/10/18 17:01:29
月間,202410,策定,北海道・本州間電力連系設備,2024/11/07,夜間帯,順方向,620,620,0,80,80,0,700,電圧,0,0,0,0,2024/10/18 17:01:29
月間,202410,策定,北海道・本州間電力連系設備,2024/11/07,夜間帯,逆方向,-350,-350,0,-550,-550,0,-900,熱容量,0,0,0,0,2024/10/18 17:01:29
月間,202409,策定,北海道・本州間電力連系設備,2024/11/08,昼間帯,順方向,550,550,0,0,0,0,550,電圧（作業）,0,0,0,0,2024/09/20 17:01:43
月間,202409,策定,北海道・本州間電力連系設備,2024/11/08,昼間帯,逆方向,-370,-370,0,-530,-530,0,-900,熱容量,0,0,0,0,2024/09/20 17:01:43
月間,202409,策定,北海道・本州間電力連系設備,2024/11/08,夜間帯,順方向,620,620,0,80,80,0,700,電圧,0,0,0,0,2024/09/20 17:01:43
月間,202409,策定,北海道・本州間電力連系設備,2024/11/08,夜間帯,逆方向,-350,-350,0,-550,-550,0,-900,熱容量,0,0,0,0,2024/09/20 17:01:43
月間,202410,策定,北海道・本州間電力連系設備,2024/11/08,昼間帯,順方向,650,650,0,50,50,0,700,電圧,0,0,0,0,2024/10/18 17:01:29
月間,202410,策定,北海道・本州間電力連系設備,2024/11/08,昼間帯,逆方向,-370,-370,0,-530,-530,0,-900,熱容量,0,0,0,0,2024/10/18 17:01:29
月間,202410,策定,北海道・本州間電力連系設備,2024/11/08,夜間帯,順方向,620,620,0,80,80,0,700,電圧,0,0,0,0,2024/10/18 17:01:29
月間,202410,策定,北海道・本州間電力連系設備,2024/11/08,夜間帯,逆方向,-350,-350,0,-550,-550,0,-900,熱容量,0,0,0,0,2024/10/18 17:01:29
月間,202409,策定,北海道・本州間電力連系設備,2024/11/09,昼間帯,順方向,610,610,0,90,90,0,700,電圧,0,0,0,0,2024/09/20 17:01:43
月間,202409,策定,北海道・本州間電力連系設備,2024/11/09,昼間帯,逆方向,-350,-350,0,-550,-550,0,-900,熱容量,0,0,0,0,2024/09/20 17:01:43
月間,202409,策定,北海道・本州間電力連系設備,2024/11/09,夜間帯,順方向,620,620,0,80,80,0,700,電圧,0,0,0,0,2024/09/20 17:01:43
月間,202409,策定,北海道・本州間電力連系設備,2024/11/09,夜間帯,逆方向,-350,-350,0,-550,-550,0,-900,熱容量,0,0,0,0,2024/09/20 17:01:43
月間,202410,策定,北海道・本州間電力連系設備,2024/11/09,昼間帯,順方向,610,610,0,90,90,0,700,電圧,0,0,0,0,2024/10/18 17:01:29
月間,202410,策定,北海道・本州間電力連系設備,2024/11/09,昼間帯,逆方向,-350,-350,0,-550,-550,0,-900,熱容量,0,0,0,0,2024/10/18 17:01:29
月間,202410,策定,北海道・本州間電力連系設備,2024/11/09,夜間帯,順方向,620,620,0,80,80,0,700,電圧,0,0,0,0,2024/10/18 17:01:29
月間,202410,策定,北海道・本州間電力連系設備,2024/11/09,夜間帯,逆方向,-350,-350,0,-550,-550,0,-900,熱容量,0,0,0,0,2024/10/18 17:01:29
月間,202409,策定,北海道・本州間電力連系設備,2024/11/10,昼間帯,順方向,610,610,0,90,90,0,700,電圧,0,0,0,0,2024/09/20 17:01:43
月間,202409,策定,北海道・本州間電力連系設備,2024/11/10,昼間帯,逆方向,-350,-350,0,-550,-550,0,-900,熱容量,0,0,0,0,2024/09/20 17:01:43
月間,202409,策定,北海道・本州間電力連系設備,2024/11/10,夜間帯,順方向,620,620,0,80,80,0,700,電圧,0,0,0,0,2024/09/20 17:01:43
月間,202409,策定,北海道・本州間電力連系設備,2024/11/10,夜間帯,逆方向,-350,-350,0,-550,-550,0,-900,熱容量,0,0,0,0,2024/09/20 17:01:43
月間,202410,策定,北海道・本州間電力連系設備,2024/11/10,昼間帯,順方向,610,610,0,90,90,0,700,電圧,0,0,0,0,2024/10/18 17:01:29
月間,202410,策定,北海道・本州間電力連系設備,2024/11/10,昼間帯,逆方向,-350,-350,0,-550,-550,0,-900,熱容量,0,0,0,0,2024/10/18 17:01:29
月間,202410,策定,北海道・本州間電力連系設備,2024/11/10,夜間帯,順方向,620,620,0,80,80,0,700,電圧,0,0,0,0,2024/10/18 17:01:29
月間,202410,策定,北海道・本州間電力連系設備,2024/11/10,夜間帯,逆方向,-350,-350,0,-550,-550,0,-900,熱容量,0,0,0,0,2024/10/18 17:01:29
月間,202409,策定,北海道・本州間電力連系設備,2024/11/11,昼間帯,順方向,650,650,0,50,50,0,700,電圧,0,0,0,0,2024/09/20 17:01:43
月間,202409,策定,北海道・本州間電力連系設備,2024/11/11,昼間帯,逆方向,-370,-370,0,-530,-530,0,-900,熱容量,0,0,0,0,2024/09/20 17:01:43
月間,202409,策定,北海道・本州間電力連系設備,2024/11/11,夜間帯,順方向,620,620,0,80,80,0,700,電圧,0,0,0,0,2024/09/20 17:01:43
月間,202409,策定,北海道・本州間電力連系設備,2024/11/11,夜間帯,逆方向,-350,-350,0,-550,-550,0,-900,熱容量,0,0,0,0,2024/09/20 17:01:43
月間,202410,策定,北海道・本州間電力連系設備,2024/11/11,昼間帯,順方向,650,650,0,50,50,0,700,電圧,0,0,0,0,2024/10/18 17:01:29
月間,202410,策定,北海道・本州間電力連系設備,2024/11/11,昼間帯,逆方向,-370,-370,0,-530,-530,0,-900,熱容量,0,0,0,0,2024/10/18 17:01:29
月間,202410,策定,北海道・本州間電力連系設備,2024/11/11,夜間帯,順方向,620,620,0,80,80,0,700,電圧,0,0,0,0,2024/10/18 17:01:29
月間,202410,策定,北海道・本州間電力連系設備,2024/11/11,夜間帯,逆方向,-350,-350,0,-550,-550,0,-900,熱容量,0,0,0,0,2024/10/18 17:01:29
月間,202409,策定,北海道・本州間電力連系設備,2024/11/12,昼間帯,順方向,650,650,0,50,50,0,700,電圧,0,0,0,0,2024/09/20 17:01:43
月間,202409,策定,北海道・本州間電力連系設備,2024/11/12,昼間帯,逆方向,-370,-370,0,-530,-530,0,-900,熱容量,0,0,0,0,2024/09/20 17:01:43
月間,202409,策定,北海道・本州間電力連系設備,2024/11/12,夜間帯,順方向,620,620,0,80,80,0,700,電圧,0,0,0,0,2024/09/20 17:01:43
月間,202409,策定,北海道・本州間電力連系設備,2024/11/12,夜間帯,逆方向,-350,-350,0,-550,-550,0,-900,熱容量,0,0,0,0,2024/09/20 17:01:43
月間,202410,策定,北海道・本州間電力連系設備,2024/11/12,昼間帯,順方向,650,650,0,50,50,0,700,電圧,0,0,0,0,2024/10/18 17:01:29
月間,202410,策定,北海道・本州間電力連系設備,2024/11/12,昼間帯,逆方向,-370,-370,0,-530,-530,0,-900,熱容量,0,0,0,0,2024/10/18 17:01:29
月間,202410,策定,北海道・本州間電力連系設備,2024/11/12,夜間帯,順方向,620,620,0,80,80,0,700,電圧,0,0,0,0,2024/10/18 17:01:29
月間,202410,策定,北海道・本州間電力連系設備,2024/11/12,夜間帯,逆方向,-350,-350,0,-550,-550,0,-900,熱容量,0,0,0,0,2024/10/18 17:01:29
月間,202409,策定,北海道・本州間電力連系設備,2024/11/13,昼間帯,順方向,650,650,0,50,50,0,700,電圧,0,0,0,0,2024/09/20 17:01:43
月間,202409,策定,北海道・本州間電力連系設備,2024/11/13,昼間帯,逆方向,-370,-370,0,-530,-530,0,-900,熱容量,0,0,0,0,2024/09/20 17:01:43
月間,202409,策定,北海道・本州間電力連系設備,2024/11/13,夜間帯,順方向,620,620,0,80,80,0,700,電圧,0,0,0,0,2024/09/20 17:01:43
月間,202409,策定,北海道・本州間電力連系設備,2024/11/13,夜間帯,逆方向,-350,-350,0,-550,-550,0,-900,熱容量,0,0,0,0,2024/09/20 17:01:43
月間,202410,策定,北海道・本州間電力連系設備,2024/11/13,昼間帯,順方向,650,650,0,50,50,0,700,電圧,0,0,0,0,2024/10/18 17:01:29
月間,202410,策定,北海道・本州間電力連系設備,2024/11/13,昼間帯,逆方向,-370,-370,0,-530,-530,0,-900,熱容量,0,0,0,0,2024/10/18 17:01:29
月間,202410,策定,北海道・本州間電力連系設備,2024/11/13,夜間帯,順方向,620,620,0,80,80,0,700,電圧,0,0,0,0,2024/10/18 17:01:29
月間,202410,策定,北海道・本州間電力連系設備,2024/11/13,夜間帯,逆方向,-350,-350,0,-550,-550,0,-900,熱容量,0,0,0,0,2024/10/18 17:01:29
月間,202409,策定,北海道・本州間電力連系設備,2024/11/14,昼間帯,順方向,650,650,0,50,50,0,700,電圧,0,0,0,0,2024/09/20 17:01:43
月間,202409,策定,北海道・本州間電力連系設備,2024/11/14,昼間帯,逆方向,-370,-370,0,-530,-530,0,-900,熱容量,0,0,0,0,2024/09/20 17:01:43
月間,202409,策定,北海道・本州間電力連系設備,2024/11/14,夜間帯,順方向,620,620,0,80,80,0,700,電圧,0,0,0,0,2024/09/20 17:01:43
月間,202409,策定,北海道・本州間電力連系設備,2024/11/14,夜間帯,逆方向,-350,-350,0,-550,-550,0,-900,熱容量,0,0,0,0,2024/09/20 17:01:43
月間,202410,策定,北海道・本州間電力連系設備,2024/11/14,昼間帯,順方向,650,650,0,50,50,0,700,電圧,0,0,0,0,2024/10/18 17:01:29
月間,202410,策定,北海道・本州間電力連系設備,2024/11/14,昼間帯,逆方向,-370,-370,0,-530,-530,0,-900,熱容量,0,0,0,0,2024/10/18 17:01:29
月間,202410,策定,北海道・本州間電力連系設備,2024/11/14,夜間帯,順方向,620,620,0,80,80,0,700,電圧,0,0,0,0,2024/10/18 17:01:29
月間,202410,策定,北海道・本州間電力連系設備,2024/11/14,夜間帯,逆方向,-350,-350,0,-550,-550,0,-900,熱容量,0,0,0,0,2024/10/18 17:01:29
月間,202409,策定,北海道・本州間電力連系設備,2024/11/15,昼間帯,順方向,650,650,0,50,50,0,700,電圧,0,0,0,0,2024/09/20 17:01:43
月間,202409,策定,北海道・本州間電力連系設備,2024/11/15,昼間帯,逆方向,-370,-370,0,-530,-530,0,-900,熱容量,0,0,0,0,2024/09/20 17:01:43
月間,202409,策定,北海道・本州間電力連系設備,2024/11/15,夜間帯,順方向,620,620,0,80,80,0,700,電圧,0,0,0,0,2024/09/20 17:01:43
月間,202409,策定,北海道・本州間電力連系設備,2024/11/15,夜間帯,逆方向,-350,-350,0,-550,-550,0,-900,熱容量,0,0,0,0,2024/09/20 17:01:43
月間,202410,策定,北海道・本州間電力連系設備,2024/11/15,昼間帯,順方向,650,650,0,50,50,0,700,電圧,0,0,0,0,2024/10/18 17:01:29
月間,202410,策定,北海道・本州間電力連系設備,2024/11/15,昼間帯,逆方向,-370,-370,0,-530,-530,0,-900,熱容量,0,0,0,0,2024/10/18 17:01:29
月間,202410,策定,北海道・本州間電力連系設備,2024/11/15,夜間帯,順方向,620,620,0,80,80,0,700,電圧,0,0,0,0,2024/10/18 17:01:29
月間,202410,策定,北海道・本州間電力連系設備,2024/11/15,夜間帯,逆方向,-350,-350,0,-550,-550,0,-900,熱容量,0,0,0,0,2024/10/18 17:01:29
月間,202409,策定,北海道・本州間電力連系設備,2024/11/16,昼間帯,順方向,610,610,0,90,90,0,700,電圧,0,0,0,0,2024/09/20 17:01:43
月間,202409,策定,北海道・本州間電力連系設備,2024/11/16,昼間帯,逆方向,-350,-350,0,-550,-550,0,-900,熱容量,0,0,0,0,2024/09/20 17:01:43
月間,202409,策定,北海道・本州間電力連系設備,2024/11/16,夜間帯,順方向,620,620,0,80,80,0,700,電圧,0,0,0,0,2024/09/20 17:01:43
月間,202409,策定,北海道・本州間電力連系設備,2024/11/16,夜間帯,逆方向,-350,-350,0,-550,-550,0,-900,熱容量,0,0,0,0,2024/09/20 17:01:43
月間,202410,策定,北海道・本州間電力連系設備,2024/11/16,昼間帯,順方向,610,610,0,90,90,0,700,電圧,0,0,0,0,2024/10/18 17:01:29
月間,202410,策定,北海道・本州間電力連系設備,2024/11/16,昼間帯,逆方向,-350,-350,0,-550,-550,0,-900,熱容量,0,0,0,0,2024/10/18 17:01:29
月間,202410,策定,北海道・本州間電力連系設備,2024/11/16,夜間帯,順方向,620,620,0,80,80,0,700,電圧,0,0,0,0,2024/10/18 17:01:29
月間,202410,策定,北海道・本州間電力連系設備,2024/11/16,夜間帯,逆方向,-350,-350,0,-550,-550,0,-900,熱容量,0,0,0,0,2024/10/18 17:01:29
月間,202409,策定,北海道・本州間電力連系設備,2024/11/17,昼間帯,順方向,610,610,0,90,90,0,700,電圧,0,0,0,0,2024/09/20 17:01:43
月間,202409,策定,北海道・本州間電力連系設備,2024/11/17,昼間帯,逆方向,-350,-350,0,-550,-550,0,-900,熱容量,0,0,0,0,2024/09/20 17:01:43
月間,202409,策定,北海道・本州間電力連系設備,2024/11/17,夜間帯,順方向,620,620,0,80,80,0,700,電圧,0,0,0,0,2024/09/20 17:01:43
月間,202409,策定,北海道・本州間電力連系設備,2024/11/17,夜間帯,逆方向,-350,-350,0,-550,-550,0,-900,熱容量,0,0,0,0,2024/09/20 17:01:43
月間,202410,策定,北海道・本州間電力連系設備,2024/11/17,昼間帯,順方向,610,610,0,90,90,0,700,電圧,0,0,0,0,2024/10/18 17:01:29
月間,202410,策定,北海道・本州間電力連系設備,2024/11/17,昼間帯,逆方向,-350,-350,0,-550,-550,0,-900,熱容量,0,0,0,0,2024/10/18 17:01:29
月間,202410,策定,北海道・本州間電力連系設備,2024/11/17,夜間帯,順方向,620,620,0,80,80,0,700,電圧,0,0,0,0,2024/10/18 17:01:29
月間,202410,策定,北海道・本州間電力連系設備,2024/11/17,夜間帯,逆方向,-350,-350,0,-550,-550,0,-900,熱容量,0,0,0,0,2024/10/18 17:01:29
月間,202409,策定,北海道・本州間電力連系設備,2024/11/18,昼間帯,順方向,650,650,0,50,50,0,700,電圧,0,0,0,0,2024/09/20 17:01:43
月間,202409,策定,北海道・本州間電力連系設備,2024/11/18,昼間帯,逆方向,-370,-370,0,-530,-530,0,-900,熱容量,0,0,0,0,2024/09/20 17:01:43
月間,202409,策定,北海道・本州間電力連系設備,2024/11/18,夜間帯,順方向,620,620,0,80,80,0,700,電圧,0,0,0,0,2024/09/20 17:01:43
月間,202409,策定,北海道・本州間電力連系設備,2024/11/18,夜間帯,逆方向,-350,-350,0,-550,-550,0,-900,熱容量,0,0,0,0,2024/09/20 17:01:43
月間,202410,策定,北海道・本州間電力連系設備,2024/11/18,昼間帯,順方向,650,650,0,50,50,0,700,電圧,0,0,0,0,2024/10/18 17:01:29
月間,202410,策定,北海道・本州間電力連系設備,2024/11/18,昼間帯,逆方向,-370,-370,0,-530,-530,0,-900,熱容量,0,0,0,0,2024/10/18 17:01:29
月間,202410,策定,北海道・本州間電力連系設備,2024/11/18,夜間帯,順方向,620,620,0,80,80,0,700,電圧,0,0,0,0,2024/10/18 17:01:29
月間,202410,策定,北海道・本州間電力連系設備,2024/11/18,夜間帯,逆方向,-350,-350,0,-550,-550,0,-900,熱容量,0,0,0,0,2024/10/18 17:01:29
月間,202409,策定,北海道・本州間電力連系設備,2024/11/19,昼間帯,順方向,650,650,0,50,50,0,700,電圧,0,0,0,0,2024/09/20 17:01:43
月間,202409,策定,北海道・本州間電力連系設備,2024/11/19,昼間帯,逆方向,-370,-370,0,-530,-530,0,-900,熱容量,0,0,0,0,2024/09/20 17:01:43
月間,202409,策定,北海道・本州間電力連系設備,2024/11/19,夜間帯,順方向,620,620,0,80,80,0,700,電圧,0,0,0,0,2024/09/20 17:01:43
月間,202409,策定,北海道・本州間電力連系設備,2024/11/19,夜間帯,逆方向,-350,-350,0,-550,-550,0,-900,熱容量,0,0,0,0,2024/09/20 17:01:43
月間,202410,策定,北海道・本州間電力連系設備,2024/11/19,昼間帯,順方向,650,650,0,50,50,0,700,電圧,0,0,0,0,2024/10/18 17:01:29
月間,202410,策定,北海道・本州間電力連系設備,2024/11/19,昼間帯,逆方向,-370,-370,0,-530,-530,0,-900,熱容量,0,0,0,0,2024/10/18 17:01:29
月間,202410,策定,北海道・本州間電力連系設備,2024/11/19,夜間帯,順方向,620,620,0,80,80,0,700,電圧,0,0,0,0,2024/10/18 17:01:29
月間,202410,策定,北海道・本州間電力連系設備,2024/11/19,夜間帯,逆方向,-350,-350,0,-550,-550,0,-900,熱容量,0,0,0,0,2024/10/18 17:01:29
月間,202409,策定,北海道・本州間電力連系設備,2024/11/20,昼間帯,順方向,650,650,0,50,50,0,700,電圧,0,0,0,0,2024/09/20 17:01:43
月間,202409,策定,北海道・本州間電力連系設備,2024/11/20,昼間帯,逆方向,-370,-370,0,-530,-530,0,-900,熱容量,0,0,0,0,2024/09/20 17:01:43
月間,202409,策定,北海道・本州間電力連系設備,2024/11/20,夜間帯,順方向,620,620,0,80,80,0,700,電圧,0,0,0,0,2024/09/20 17:01:43
月間,202409,策定,北海道・本州間電力連系設備,2024/11/20,夜間帯,逆方向,-350,-350,0,-550,-550,0,-900,熱容量,0,0,0,0,2024/09/20 17:01:43
月間,202410,策定,北海道・本州間電力連系設備,2024/11/20,昼間帯,順方向,650,650,0,50,50,0,700,電圧,0,0,0,0,2024/10/18 17:01:29
月間,202410,策定,北海道・本州間電力連系設備,2024/11/20,昼間帯,逆方向,-370,-370,0,-530,-530,0,-900,熱容量,0,0,0,0,2024/10/18 17:01:29
月間,202410,策定,北海道・本州間電力連系設備,2024/11/20,夜間帯,順方向,620,620,0,80,80,0,700,電圧,0,0,0,0,2024/10/18 17:01:29
月間,202410,策定,北海道・本州間電力連系設備,2024/11/20,夜間帯,逆方向,-350,-350,0,-550,-550,0,-900,熱容量,0,0,0,0,2024/10/18 17:01:29
月間,202409,策定,北海道・本州間電力連系設備,2024/11/21,昼間帯,順方向,650,650,0,50,50,0,700,電圧,0,0,0,0,2024/09/20 17:01:43
月間,202409,策定,北海道・本州間電力連系設備,2024/11/21,昼間帯,逆方向,-370,-370,0,-530,-530,0,-900,熱容量,0,0,0,0,2024/09/20 17:01:43
月間,202409,策定,北海道・本州間電力連系設備,2024/11/21,夜間帯,順方向,620,620,0,80,80,0,700,電圧,0,0,0,0,2024/09/20 17:01:43
月間,202409,策定,北海道・本州間電力連系設備,2024/11/21,夜間帯,逆方向,-350,-350,0,-550,-550,0,-900,熱容量,0,0,0,0,2024/09/20 17:01:43
月間,202410,策定,北海道・本州間電力連系設備,2024/11/21,昼間帯,順方向,650,650,0,50,50,0,700,電圧,0,0,0,0,2024/10/18 17:01:29
月間,202410,策定,北海道・本州間電力連系設備,2024/11/21,昼間帯,逆方向,-370,-370,0,-530,-530,0,-900,熱容量,0,0,0,0,2024/10/18 17:01:29
月間,202410,策定,北海道・本州間電力連系設備,2024/11/21,夜間帯,順方向,620,620,0,80,80,0,700,電圧,0,0,0,0,2024/10/18 17:01:29
月間,202410,策定,北海道・本州間電力連系設備,2024/11/21,夜間帯,逆方向,-350,-350,0,-550,-550,0,-900,熱容量,0,0,0,0,2024/10/18 17:01:29
月間,202409,策定,北海道・本州間電力連系設備,2024/11/22,昼間帯,順方向,650,650,0,50,50,0,700,電圧,0,0,0,0,2024/09/20 17:01:43
月間,202409,策定,北海道・本州間電力連系設備,2024/11/22,昼間帯,逆方向,-370,-370,0,-530,-530,0,-900,熱容量,0,0,0,0,2024/09/20 17:01:43
月間,202409,策定,北海道・本州間電力連系設備,2024/11/22,夜間帯,順方向,620,620,0,80,80,0,700,電圧,0,0,0,0,2024/09/20 17:01:43
月間,202409,策定,北海道・本州間電力連系設備,2024/11/22,夜間帯,逆方向,-350,-350,0,-550,-550,0,-900,熱容量,0,0,0,0,2024/09/20 17:01:43
月間,202410,策定,北海道・本州間電力連系設備,2024/11/22,昼間帯,順方向,650,650,0,50,50,0,700,電圧,0,0,0,0,2024/10/18 17:01:29
月間,202410,策定,北海道・本州間電力連系設備,2024/11/22,昼間帯,逆方向,-370,-370,0,-530,-530,0,-900,熱容量,0,0,0,0,2024/10/18 17:01:29
月間,202410,策定,北海道・本州間電力連系設備,2024/11/22,夜間帯,順方向,620,620,0,80,80,0,700,電圧,0,0,0,0,2024/10/18 17:01:29
月間,202410,策定,北海道・本州間電力連系設備,2024/11/22,夜間帯,逆方向,-350,-350,0,-550,-550,0,-900,熱容量,0,0,0,0,2024/10/18 17:01:29
月間,202409,策定,北海道・本州間電力連系設備,2024/11/23,昼間帯,順方向,610,610,0,90,90,0,700,電圧,0,0,0,0,2024/09/20 17:01:43
月間,202409,策定,北海道・本州間電力連系設備,2024/11/23,昼間帯,逆方向,-350,-350,0,-550,-550,0,-900,熱容量,0,0,0,0,2024/09/20 17:01:43
月間,202409,策定,北海道・本州間電力連系設備,2024/11/23,夜間帯,順方向,620,620,0,80,80,0,700,電圧,0,0,0,0,2024/09/20 17:01:43
月間,202409,策定,北海道・本州間電力連系設備,2024/11/23,夜間帯,逆方向,-350,-350,0,-550,-550,0,-900,熱容量,0,0,0,0,2024/09/20 17:01:43
月間,202410,策定,北海道・本州間電力連系設備,2024/11/23,昼間帯,順方向,610,610,0,90,90,0,700,電圧,0,0,0,0,2024/10/18 17:01:29
月間,202410,策定,北海道・本州間電力連系設備,2024/11/23,昼間帯,逆方向,-350,-350,0,-550,-550,0,-900,熱容量,0,0,0,0,2024/10/18 17:01:29
月間,202410,策定,北海道・本州間電力連系設備,2024/11/23,夜間帯,順方向,620,620,0,80,80,0,700,電圧,0,0,0,0,2024/10/18 17:01:29
月間,202410,策定,北海道・本州間電力連系設備,2024/11/23,夜間帯,逆方向,-350,-350,0,-550,-550,0,-900,熱容量,0,0,0,0,2024/10/18 17:01:29
月間,202409,策定,北海道・本州間電力連系設備,2024/11/24,昼間帯,順方向,610,610,0,90,90,0,700,電圧,0,0,0,0,2024/09/20 17:01:43
月間,202409,策定,北海道・本州間電力連系設備,2024/11/24,昼間帯,逆方向,-350,-350,0,-550,-550,0,-900,熱容量,0,0,0,0,2024/09/20 17:01:43
月間,202409,策定,北海道・本州間電力連系設備,2024/11/24,夜間帯,順方向,620,620,0,80,80,0,700,電圧,0,0,0,0,2024/09/20 17:01:43
月間,202409,策定,北海道・本州間電力連系設備,2024/11/24,夜間帯,逆方向,-350,-350,0,-550,-550,0,-900,熱容量,0,0,0,0,2024/09/20 17:01:43
月間,202410,策定,北海道・本州間電力連系設備,2024/11/24,昼間帯,順方向,610,610,0,90,90,0,700,電圧,0,0,0,0,2024/10/18 17:01:29
月間,202410,策定,北海道・本州間電力連系設備,2024/11/24,昼間帯,逆方向,-350,-350,0,-550,-550,0,-900,熱容量,0,0,0,0,2024/10/18 17:01:29
月間,202410,策定,北海道・本州間電力連系設備,2024/11/24,夜間帯,順方向,620,620,0,80,80,0,700,電圧,0,0,0,0,2024/10/18 17:01:29
月間,202410,策定,北海道・本州間電力連系設備,2024/11/24,夜間帯,逆方向,-350,-350,0,-550,-550,0,-900,熱容量,0,0,0,0,2024/10/18 17:01:29
月間,202409,策定,北海道・本州間電力連系設備,2024/11/25,昼間帯,順方向,650,650,0,50,50,0,700,電圧,0,0,0,0,2024/09/20 17:01:43
月間,202409,策定,北海道・本州間電力連系設備,2024/11/25,昼間帯,逆方向,-370,-370,0,-530,-530,0,-900,熱容量,0,0,0,0,2024/09/20 17:01:43
月間,202409,策定,北海道・本州間電力連系設備,2024/11/25,夜間帯,順方向,620,620,0,80,80,0,700,電圧,0,0,0,0,2024/09/20 17:01:43
月間,202409,策定,北海道・本州間電力連系設備,2024/11/25,夜間帯,逆方向,-350,-350,0,-550,-550,0,-900,熱容量,0,0,0,0,2024/09/20 17:01:43
月間,202410,策定,北海道・本州間電力連系設備,2024/11/25,昼間帯,順方向,650,650,0,50,50,0,700,電圧,0,0,0,0,2024/10/18 17:01:29
月間,202410,策定,北海道・本州間電力連系設備,2024/11/25,昼間帯,逆方向,-370,-370,0,-530,-530,0,-900,熱容量,0,0,0,0,2024/10/18 17:01:29
月間,202410,策定,北海道・本州間電力連系設備,2024/11/25,夜間帯,順方向,620,620,0,80,80,0,700,電圧,0,0,0,0,2024/10/18 17:01:29
月間,202410,策定,北海道・本州間電力連系設備,2024/11/25,夜間帯,逆方向,-350,-350,0,-550,-550,0,-900,熱容量,0,0,0,0,2024/10/18 17:01:29
月間,202409,策定,北海道・本州間電力連系設備,2024/11/26,昼間帯,順方向,650,650,0,50,50,0,700,電圧,0,0,0,0,2024/09/20 17:01:43
月間,202409,策定,北海道・本州間電力連系設備,2024/11/26,昼間帯,逆方向,-370,-370,0,-530,-530,0,-900,熱容量,0,0,0,0,2024/09/20 17:01:43
月間,202409,策定,北海道・本州間電力連系設備,2024/11/26,夜間帯,順方向,620,620,0,80,80,0,700,電圧,0,0,0,0,2024/09/20 17:01:43
月間,202409,策定,北海道・本州間電力連系設備,2024/11/26,夜間帯,逆方向,-350,-350,0,-550,-550,0,-900,熱容量,0,0,0,0,2024/09/20 17:01:43
月間,202410,策定,北海道・本州間電力連系設備,2024/11/26,昼間帯,順方向,650,650,0,50,50,0,700,電圧,0,0,0,0,2024/10/18 17:01:29
月間,202410,策定,北海道・本州間電力連系設備,2024/11/26,昼間帯,逆方向,-370,-370,0,-530,-530,0,-900,熱容量,0,0,0,0,2024/10/18 17:01:29
月間,202410,策定,北海道・本州間電力連系設備,2024/11/26,夜間帯,順方向,620,620,0,80,80,0,700,電圧,0,0,0,0,2024/10/18 17:01:29
月間,202410,策定,北海道・本州間電力連系設備,2024/11/26,夜間帯,逆方向,-350,-350,0,-550,-550,0,-900,熱容量,0,0,0,0,2024/10/18 17:01:29
月間,202409,策定,北海道・本州間電力連系設備,2024/11/27,昼間帯,順方向,650,650,0,50,50,0,700,電圧,0,0,0,0,2024/09/20 17:01:43
月間,202409,策定,北海道・本州間電力連系設備,2024/11/27,昼間帯,逆方向,-370,-370,0,-530,-530,0,-900,熱容量,0,0,0,0,2024/09/20 17:01:43
月間,202409,策定,北海道・本州間電力連系設備,2024/11/27,夜間帯,順方向,620,620,0,80,80,0,700,電圧,0,0,0,0,2024/09/20 17:01:43
月間,202409,策定,北海道・本州間電力連系設備,2024/11/27,夜間帯,逆方向,-350,-350,0,-550,-550,0,-900,熱容量,0,0,0,0,2024/09/20 17:01:43
月間,202410,策定,北海道・本州間電力連系設備,2024/11/27,昼間帯,順方向,650,650,0,50,50,0,700,電圧,0,0,0,0,2024/10/18 17:01:29
月間,202410,策定,北海道・本州間電力連系設備,2024/11/27,昼間帯,逆方向,-370,-370,0,-530,-530,0,-900,熱容量,0,0,0,0,2024/10/18 17:01:29
月間,202410,策定,北海道・本州間電力連系設備,2024/11/27,夜間帯,順方向,620,620,0,80,80,0,700,電圧,0,0,0,0,2024/10/18 17:01:29
月間,202410,策定,北海道・本州間電力連系設備,2024/11/27,夜間帯,逆方向,-350,-350,0,-550,-550,0,-900,熱容量,0,0,0,0,2024/10/18 17:01:29
月間,202409,策定,北海道・本州間電力連系設備,2024/11/28,昼間帯,順方向,650,650,0,50,50,0,700,電圧,0,0,0,0,2024/09/20 17:01:43
月間,202409,策定,北海道・本州間電力連系設備,2024/11/28,昼間帯,逆方向,-370,-370,0,-530,-530,0,-900,熱容量,0,0,0,0,2024/09/20 17:01:43
月間,202409,策定,北海道・本州間電力連系設備,2024/11/28,夜間帯,順方向,620,620,0,80,80,0,700,電圧,0,0,0,0,2024/09/20 17:01:43
月間,202409,策定,北海道・本州間電力連系設備,2024/11/28,夜間帯,逆方向,-350,-350,0,-550,-550,0,-900,熱容量,0,0,0,0,2024/09/20 17:01:43
月間,202410,策定,北海道・本州間電力連系設備,2024/11/28,昼間帯,順方向,650,650,0,50,50,0,700,電圧,0,0,0,0,2024/10/18 17:01:29
月間,202410,策定,北海道・本州間電力連系設備,2024/11/28,昼間帯,逆方向,-370,-370,0,-530,-530,0,-900,熱容量,0,0,0,0,2024/10/18 17:01:29
月間,202410,策定,北海道・本州間電力連系設備,2024/11/28,夜間帯,順方向,620,620,0,80,80,0,700,電圧,0,0,0,0,2024/10/18 17:01:29
月間,202410,策定,北海道・本州間電力連系設備,2024/11/28,夜間帯,逆方向,-350,-350,0,-550,-550,0,-900,熱容量,0,0,0,0,2024/10/18 17:01:29
月間,202409,策定,北海道・本州間電力連系設備,2024/11/29,昼間帯,順方向,650,650,0,50,50,0,700,電圧,0,0,0,0,2024/09/20 17:01:43
月間,202409,策定,北海道・本州間電力連系設備,2024/11/29,昼間帯,逆方向,-370,-370,0,-530,-530,0,-900,熱容量,0,0,0,0,2024/09/20 17:01:43
月間,202409,策定,北海道・本州間電力連系設備,2024/11/29,夜間帯,順方向,620,620,0,80,80,0,700,電圧,0,0,0,0,2024/09/20 17:01:43
月間,202409,策定,北海道・本州間電力連系設備,2024/11/29,夜間帯,逆方向,-350,-350,0,-550,-550,0,-900,熱容量,0,0,0,0,2024/09/20 17:01:43
月間,202410,策定,北海道・本州間電力連系設備,2024/11/29,昼間帯,順方向,650,650,0,50,50,0,700,電圧,0,0,0,0,2024/10/18 17:01:29
月間,202410,策定,北海道・本州間電力連系設備,2024/11/29,昼間帯,逆方向,-370,-370,0,-530,-530,0,-900,熱容量,0,0,0,0,2024/10/18 17:01:29
月間,202410,策定,北海道・本州間電力連系設備,2024/11/29,夜間帯,順方向,620,620,0,80,80,0,700,電圧,0,0,0,0,2024/10/18 17:01:29
月間,202410,策定,北海道・本州間電力連系設備,2024/11/29,夜間帯,逆方向,-350,-350,0,-550,-550,0,-900,熱容量,0,0,0,0,2024/10/18 17:01:29
月間,202409,策定,北海道・本州間電力連系設備,2024/11/30,昼間帯,順方向,610,610,0,90,90,0,700,電圧,0,0,0,0,2024/09/20 17:01:43
月間,202409,策定,北海道・本州間電力連系設備,2024/11/30,昼間帯,逆方向,-350,-350,0,-550,-550,0,-900,熱容量,0,0,0,0,2024/09/20 17:01:43
月間,202409,策定,北海道・本州間電力連系設備,2024/11/30,夜間帯,順方向,620,620,0,80,80,0,700,電圧,0,0,0,0,2024/09/20 17:01:43
月間,202409,策定,北海道・本州間電力連系設備,2024/11/30,夜間帯,逆方向,-350,-350,0,-550,-550,0,-900,熱容量,0,0,0,0,2024/09/20 17:01:43
月間,202410,策定,北海道・本州間電力連系設備,2024/11/30,昼間帯,順方向,610,610,0,90,90,0,700,電圧,0,0,0,0,2024/10/18 17:01:29
月間,202410,策定,北海道・本州間電力連系設備,2024/11/30,昼間帯,逆方向,-350,-350,0,-550,-550,0,-900,熱容量,0,0,0,0,2024/10/18 17:01:29
月間,202410,策定,北海道・本州間電力連系設備,2024/11/30,夜間帯,順方向,620,620,0,80,80,0,700,電圧,0,0,0,0,2024/10/18 17:01:29
月間,202410,策定,北海道・本州間電力連系設備,2024/11/30,夜間帯,逆方向,-350,-350,0,-550,-550,0,-900,熱容量,0,0,0,0,2024/10/18 17:01:29
月間,202410,策定,北海道・本州間電力連系設備,2024/12/01,昼間帯,順方向,670,670,0,30,30,0,700,電圧,0,0,0,0,2024/10/18 17:01:29
月間,202410,策定,北海道・本州間電力連系設備,2024/12/01,昼間帯,逆方向,-380,-380,0,-520,-520,0,-900,熱容量,0,0,0,0,2024/10/18 17:01:29
月間,202410,策定,北海道・本州間電力連系設備,2024/12/01,夜間帯,順方向,700,700,0,0,0,0,700,電圧,0,0,0,0,2024/10/18 17:01:29
月間,202410,策定,北海道・本州間電力連系設備,2024/12/01,夜間帯,逆方向,-390,-390,0,-510,-510,0,-900,熱容量,0,0,0,0,2024/10/18 17:01:29
月間,202410,策定,北海道・本州間電力連系設備,2024/12/02,昼間帯,順方向,700,700,0,0,0,0,700,電圧,0,0,0,0,2024/10/18 17:01:29
月間,202410,策定,北海道・本州間電力連系設備,2024/12/02,昼間帯,逆方向,-400,-400,0,-500,-500,0,-900,熱容量,0,0,0,0,2024/10/18 17:01:29
月間,202410,策定,北海道・本州間電力連系設備,2024/12/02,夜間帯,順方向,690,690,0,10,10,0,700,電圧,0,0,0,0,2024/10/18 17:01:29
月間,202410,策定,北海道・本州間電力連系設備,2024/12/02,夜間帯,逆方向,-390,-390,0,-510,-510,0,-900,熱容量,0,0,0,0,2024/10/18 17:01:29
月間,202410,策定,北海道・本州間電力連系設備,2024/12/03,昼間帯,順方向,700,700,0,0,0,0,700,電圧,0,0,0,0,2024/10/18 17:01:29
月間,202410,策定,北海道・本州間電力連系設備,2024/12/03,昼間帯,逆方向,-400,-400,0,-500,-500,0,-900,熱容量,0,0,0,0,2024/10/18 17:01:29
月間,202410,策定,北海道・本州間電力連系設備,2024/12/03,夜間帯,順方向,690,690,0,10,10,0,700,電圧,0,0,0,0,2024/10/18 17:01:29
月間,202410,策定,北海道・本州間電力連系設備,2024/12/03,夜間帯,逆方向,-390,-390,0,-510,-510,0,-900,熱容量,0,0,0,0,2024/10/18 17:01:29
月間,202410,策定,北海道・本州間電力連系設備,2024/12/04,昼間帯,順方向,700,700,0,0,0,0,700,電圧,0,0,0,0,2024/10/18 17:01:29
月間,202410,策定,北海道・本州間電力連系設備,2024/12/04,昼間帯,逆方向,-400,-400,0,-500,-500,0,-900,熱容量,0,0,0,0,2024/10/18 17:01:29
月間,202410,策定,北海道・本州間電力連系設備,2024/12/04,夜間帯,順方向,690,690,0,10,10,0,700,電圧,0,0,0,0,2024/10/18 17:01:29
月間,202410,策定,北海道・本州間電力連系設備,2024/12/04,夜間帯,逆方向,-390,-390,0,-510,-510,0,-900,熱容量,0,0,0,0,2024/10/18 17:01:29
月間,202410,策定,北海道・本州間電力連系設備,2024/12/05,昼間帯,順方向,700,700,0,0,0,0,700,電圧,0,0,0,0,2024/10/18 17:01:29
月間,202410,策定,北海道・本州間電力連系設備,2024/12/05,昼間帯,逆方向,-400,-400,0,-500,-500,0,-900,熱容量,0,0,0,0,2024/10/18 17:01:29
月間,202410,策定,北海道・本州間電力連系設備,2024/12/05,夜間帯,順方向,690,690,0,10,10,0,700,電圧,0,0,0,0,2024/10/18 17:01:29
月間,202410,策定,北海道・本州間電力連系設備,2024/12/05,夜間帯,逆方向,-390,-390,0,-510,-510,0,-900,熱容量,0,0,0,0,2024/10/18 17:01:29
月間,202410,策定,北海道・本州間電力連系設備,2024/12/06,昼間帯,順方向,700,700,0,0,0,0,700,電圧,0,0,0,0,2024/10/18 17:01:29
月間,202410,策定,北海道・本州間電力連系設備,2024/12/06,昼間帯,逆方向,-400,-400,0,-500,-500,0,-900,熱容量,0,0,0,0,2024/10/18 17:01:29
月間,202410,策定,北海道・本州間電力連系設備,2024/12/06,夜間帯,順方向,690,690,0,10,10,0,700,電圧,0,0,0,0,2024/10/18 17:01:29
月間,202410,策定,北海道・本州間電力連系設備,2024/12/06,夜間帯,逆方向,-390,-390,0,-510,-510,0,-900,熱容量,0,0,0,0,2024/10/18 17:01:29
月間,202410,策定,北海道・本州間電力連系設備,2024/12/07,昼間帯,順方向,670,670,0,30,30,0,700,電圧,0,0,0,0,2024/10/18 17:01:29
月間,202410,策定,北海道・本州間電力連系設備,2024/12/07,昼間帯,逆方向,-380,-380,0,-520,-520,0,-900,熱容量,0,0,0,0,2024/10/18 17:01:29
月間,202410,策定,北海道・本州間電力連系設備,2024/12/07,夜間帯,順方向,700,700,0,0,0,0,700,電圧,0,0,0,0,2024/10/18 17:01:29
月間,202410,策定,北海道・本州間電力連系設備,2024/12/07,夜間帯,逆方向,-390,-390,0,-510,-510,0,-900,熱容量,0,0,0,0,2024/10/18 17:01:29
月間,202411,策定,北海道・本州間電力連系設備,2024/12/07,昼間帯,順方向,670,670,0,30,30,0,700,電圧,0,0,0,0,2024/11/20 16:59:38
月間,202411,策定,北海道・本州間電力連系設備,2024/12/07,昼間帯,逆方向,-380,-380,0,-520,-520,0,-900,熱容量,0,0,0,0,2024/11/20 16:59:38
月間,202411,策定,北海道・本州間電力連系設備,2024/12/07,夜間帯,順方向,700,700,0,0,0,0,700,電圧,0,0,0,0,2024/11/20 16:59:38
月間,202411,策定,北海道・本州間電力連系設備,2024/12/07,夜間帯,逆方向,-390,-390,0,-510,-510,0,-900,熱容量,0,0,0,0,2024/11/20 16:59:38
月間,202410,策定,北海道・本州間電力連系設備,2024/12/08,昼間帯,順方向,670,670,0,30,30,0,700,電圧,0,0,0,0,2024/10/18 17:01:29
月間,202410,策定,北海道・本州間電力連系設備,2024/12/08,昼間帯,逆方向,-380,-380,0,-520,-520,0,-900,熱容量,0,0,0,0,2024/10/18 17:01:29
月間,202410,策定,北海道・本州間電力連系設備,2024/12/08,夜間帯,順方向,700,700,0,0,0,0,700,電圧,0,0,0,0,2024/10/18 17:01:29
月間,202410,策定,北海道・本州間電力連系設備,2024/12/08,夜間帯,逆方向,-390,-390,0,-510,-510,0,-900,熱容量,0,0,0,0,2024/10/18 17:01:29
月間,202411,策定,北海道・本州間電力連系設備,2024/12/08,昼間帯,順方向,670,670,0,30,30,0,700,電圧,0,0,0,0,2024/11/20 16:59:38
月間,202411,策定,北海道・本州間電力連系設備,2024/12/08,昼間帯,逆方向,-380,-380,0,-520,-520,0,-900,熱容量,0,0,0,0,2024/11/20 16:59:38
月間,202411,策定,北海道・本州間電力連系設備,2024/12/08,夜間帯,順方向,700,700,0,0,0,0,700,電圧,0,0,0,0,2024/11/20 16:59:38
月間,202411,策定,北海道・本州間電力連系設備,2024/12/08,夜間帯,逆方向,-390,-390,0,-510,-510,0,-900,熱容量,0,0,0,0,2024/11/20 16:59:38
月間,202410,策定,北海道・本州間電力連系設備,2024/12/09,昼間帯,順方向,700,700,0,0,0,0,700,電圧,0,0,0,0,2024/10/18 17:01:29
月間,202410,策定,北海道・本州間電力連系設備,2024/12/09,昼間帯,逆方向,-400,-400,0,-500,-500,0,-900,熱容量,0,0,0,0,2024/10/18 17:01:29
月間,202410,策定,北海道・本州間電力連系設備,2024/12/09,夜間帯,順方向,690,690,0,10,10,0,700,電圧,0,0,0,0,2024/10/18 17:01:29
月間,202410,策定,北海道・本州間電力連系設備,2024/12/09,夜間帯,逆方向,-390,-390,0,-510,-510,0,-900,熱容量,0,0,0,0,2024/10/18 17:01:29
月間,202411,策定,北海道・本州間電力連系設備,2024/12/09,昼間帯,順方向,700,700,0,0,0,0,700,電圧,0,0,0,0,2024/11/20 16:59:38
月間,202411,策定,北海道・本州間電力連系設備,2024/12/09,昼間帯,逆方向,-400,-400,0,-500,-500,0,-900,熱容量,0,0,0,0,2024/11/20 16:59:38
月間,202411,策定,北海道・本州間電力連系設備,2024/12/09,夜間帯,順方向,690,690,0,10,10,0,700,電圧,0,0,0,0,2024/11/20 16:59:38
月間,202411,策定,北海道・本州間電力連系設備,2024/12/09,夜間帯,逆方向,-390,-390,0,-510,-510,0,-900,熱容量,0,0,0,0,2024/11/20 16:59:38
月間,202410,策定,北海道・本州間電力連系設備,2024/12/10,昼間帯,順方向,700,700,0,0,0,0,700,電圧,0,0,0,0,2024/10/18 17:01:29
月間,202410,策定,北海道・本州間電力連系設備,2024/12/10,昼間帯,逆方向,-400,-400,0,-500,-500,0,-900,熱容量,0,0,0,0,2024/10/18 17:01:29
月間,202410,策定,北海道・本州間電力連系設備,2024/12/10,夜間帯,順方向,690,690,0,10,10,0,700,電圧,0,0,0,0,2024/10/18 17:01:29
月間,202410,策定,北海道・本州間電力連系設備,2024/12/10,夜間帯,逆方向,-390,-390,0,-510,-510,0,-900,熱容量,0,0,0,0,2024/10/18 17:01:29
月間,202411,策定,北海道・本州間電力連系設備,2024/12/10,昼間帯,順方向,700,700,0,0,0,0,700,電圧,0,0,0,0,2024/11/20 16:59:38
月間,202411,策定,北海道・本州間電力連系設備,2024/12/10,昼間帯,逆方向,-400,-400,0,-500,-500,0,-900,熱容量,0,0,0,0,2024/11/20 16:59:38
月間,202411,策定,北海道・本州間電力連系設備,2024/12/10,夜間帯,順方向,690,690,0,10,10,0,700,電圧,0,0,0,0,2024/11/20 16:59:38
月間,202411,策定,北海道・本州間電力連系設備,2024/12/10,夜間帯,逆方向,-390,-390,0,-510,-510,0,-900,熱容量,0,0,0,0,2024/11/20 16:59:38
月間,202410,策定,北海道・本州間電力連系設備,2024/12/11,昼間帯,順方向,700,700,0,0,0,0,700,電圧,0,0,0,0,2024/10/18 17:01:29
月間,202410,策定,北海道・本州間電力連系設備,2024/12/11,昼間帯,逆方向,-400,-400,0,-500,-500,0,-900,熱容量,0,0,0,0,2024/10/18 17:01:29
月間,202410,策定,北海道・本州間電力連系設備,2024/12/11,夜間帯,順方向,690,690,0,10,10,0,700,電圧,0,0,0,0,2024/10/18 17:01:29
月間,202410,策定,北海道・本州間電力連系設備,2024/12/11,夜間帯,逆方向,-390,-390,0,-510,-510,0,-900,熱容量,0,0,0,0,2024/10/18 17:01:29
月間,202411,策定,北海道・本州間電力連系設備,2024/12/11,昼間帯,順方向,700,700,0,0,0,0,700,電圧,0,0,0,0,2024/11/20 16:59:38
月間,202411,策定,北海道・本州間電力連系設備,2024/12/11,昼間帯,逆方向,-400,-400,0,-500,-500,0,-900,熱容量,0,0,0,0,2024/11/20 16:59:38
月間,202411,策定,北海道・本州間電力連系設備,2024/12/11,夜間帯,順方向,690,690,0,10,10,0,700,電圧,0,0,0,0,2024/11/20 16:59:38
月間,202411,策定,北海道・本州間電力連系設備,2024/12/11,夜間帯,逆方向,-390,-390,0,-510,-510,0,-900,熱容量,0,0,0,0,2024/11/20 16:59:38
月間,202410,策定,北海道・本州間電力連系設備,2024/12/12,昼間帯,順方向,700,700,0,0,0,0,700,電圧,0,0,0,0,2024/10/18 17:01:29
月間,202410,策定,北海道・本州間電力連系設備,2024/12/12,昼間帯,逆方向,-400,-400,0,-500,-500,0,-900,熱容量,0,0,0,0,2024/10/18 17:01:29
月間,202410,策定,北海道・本州間電力連系設備,2024/12/12,夜間帯,順方向,690,690,0,10,10,0,700,電圧,0,0,0,0,2024/10/18 17:01:29
月間,202410,策定,北海道・本州間電力連系設備,2024/12/12,夜間帯,逆方向,-390,-390,0,-510,-510,0,-900,熱容量,0,0,0,0,2024/10/18 17:01:29
月間,202411,策定,北海道・本州間電力連系設備,2024/12/12,昼間帯,順方向,700,700,0,0,0,0,700,電圧,0,0,0,0,2024/11/20 16:59:38
月間,202411,策定,北海道・本州間電力連系設備,2024/12/12,昼間帯,逆方向,-400,-400,0,-500,-500,0,-900,熱容量,0,0,0,0,2024/11/20 16:59:38
月間,202411,策定,北海道・本州間電力連系設備,2024/12/12,夜間帯,順方向,690,690,0,10,10,0,700,電圧,0,0,0,0,2024/11/20 16:59:38
月間,202411,策定,北海道・本州間電力連系設備,2024/12/12,夜間帯,逆方向,-390,-390,0,-510,-510,0,-900,熱容量,0,0,0,0,2024/11/20 16:59:38
月間,202410,策定,北海道・本州間電力連系設備,2024/12/13,昼間帯,順方向,700,700,0,0,0,0,700,電圧,0,0,0,0,2024/10/18 17:01:29
月間,202410,策定,北海道・本州間電力連系設備,2024/12/13,昼間帯,逆方向,-400,-400,0,-500,-500,0,-900,熱容量,0,0,0,0,2024/10/18 17:01:29
月間,202410,策定,北海道・本州間電力連系設備,2024/12/13,夜間帯,順方向,690,690,0,10,10,0,700,電圧,0,0,0,0,2024/10/18 17:01:29
月間,202410,策定,北海道・本州間電力連系設備,2024/12/13,夜間帯,逆方向,-390,-390,0,-510,-510,0,-900,熱容量,0,0,0,0,2024/10/18 17:01:29
月間,202411,策定,北海道・本州間電力連系設備,2024/12/13,昼間帯,順方向,700,700,0,0,0,0,700,電圧,0,0,0,0,2024/11/20 16:59:38
月間,202411,策定,北海道・本州間電力連系設備,2024/12/13,昼間帯,逆方向,-400,-400,0,-500,-500,0,-900,熱容量,0,0,0,0,2024/11/20 16:59:38
月間,202411,策定,北海道・本州間電力連系設備,2024/12/13,夜間帯,順方向,690,690,0,10,10,0,700,電圧,0,0,0,0,2024/11/20 16:59:38
月間,202411,策定,北海道・本州間電力連系設備,2024/12/13,夜間帯,逆方向,-390,-390,0,-510,-510,0,-900,熱容量,0,0,0,0,2024/11/20 16:59:38
月間,202410,策定,北海道・本州間電力連系設備,2024/12/14,昼間帯,順方向,670,670,0,30,30,0,700,電圧,0,0,0,0,2024/10/18 17:01:29
月間,202410,策定,北海道・本州間電力連系設備,2024/12/14,昼間帯,逆方向,-380,-380,0,-520,-520,0,-900,熱容量,0,0,0,0,2024/10/18 17:01:29
月間,202410,策定,北海道・本州間電力連系設備,2024/12/14,夜間帯,順方向,700,700,0,0,0,0,700,電圧,0,0,0,0,2024/10/18 17:01:29
月間,202410,策定,北海道・本州間電力連系設備,2024/12/14,夜間帯,逆方向,-390,-390,0,-510,-510,0,-900,熱容量,0,0,0,0,2024/10/18 17:01:29
月間,202411,策定,北海道・本州間電力連系設備,2024/12/14,昼間帯,順方向,670,670,0,30,30,0,700,電圧,0,0,0,0,2024/11/20 16:59:38
月間,202411,策定,北海道・本州間電力連系設備,2024/12/14,昼間帯,逆方向,-380,-380,0,-520,-520,0,-900,熱容量,0,0,0,0,2024/11/20 16:59:38
月間,202411,策定,北海道・本州間電力連系設備,2024/12/14,夜間帯,順方向,700,700,0,0,0,0,700,電圧,0,0,0,0,2024/11/20 16:59:38
月間,202411,策定,北海道・本州間電力連系設備,2024/12/14,夜間帯,逆方向,-390,-390,0,-510,-510,0,-900,熱容量,0,0,0,0,2024/11/20 16:59:38
月間,202410,策定,北海道・本州間電力連系設備,2024/12/15,昼間帯,順方向,670,670,0,30,30,0,700,電圧,0,0,0,0,2024/10/18 17:01:29
月間,202410,策定,北海道・本州間電力連系設備,2024/12/15,昼間帯,逆方向,-380,-380,0,-520,-520,0,-900,熱容量,0,0,0,0,2024/10/18 17:01:29
月間,202410,策定,北海道・本州間電力連系設備,2024/12/15,夜間帯,順方向,700,700,0,0,0,0,700,電圧,0,0,0,0,2024/10/18 17:01:29
月間,202410,策定,北海道・本州間電力連系設備,2024/12/15,夜間帯,逆方向,-390,-390,0,-510,-510,0,-900,熱容量,0,0,0,0,2024/10/18 17:01:29
月間,202411,策定,北海道・本州間電力連系設備,2024/12/15,昼間帯,順方向,670,670,0,30,30,0,700,電圧,0,0,0,0,2024/11/20 16:59:38
月間,202411,策定,北海道・本州間電力連系設備,2024/12/15,昼間帯,逆方向,-380,-380,0,-520,-520,0,-900,熱容量,0,0,0,0,2024/11/20 16:59:38
月間,202411,策定,北海道・本州間電力連系設備,2024/12/15,夜間帯,順方向,700,700,0,0,0,0,700,電圧,0,0,0,0,2024/11/20 16:59:38
月間,202411,策定,北海道・本州間電力連系設備,2024/12/15,夜間帯,逆方向,-390,-390,0,-510,-510,0,-900,熱容量,0,0,0,0,2024/11/20 16:59:38
月間,202410,策定,北海道・本州間電力連系設備,2024/12/16,昼間帯,順方向,700,700,0,0,0,0,700,電圧,0,0,0,0,2024/10/18 17:01:29
月間,202410,策定,北海道・本州間電力連系設備,2024/12/16,昼間帯,逆方向,-400,-400,0,-500,-500,0,-900,熱容量,0,0,0,0,2024/10/18 17:01:29
月間,202410,策定,北海道・本州間電力連系設備,2024/12/16,夜間帯,順方向,690,690,0,10,10,0,700,電圧,0,0,0,0,2024/10/18 17:01:29
月間,202410,策定,北海道・本州間電力連系設備,2024/12/16,夜間帯,逆方向,-390,-390,0,-510,-510,0,-900,熱容量,0,0,0,0,2024/10/18 17:01:29
月間,202411,策定,北海道・本州間電力連系設備,2024/12/16,昼間帯,順方向,700,700,0,0,0,0,700,電圧,0,0,0,0,2024/11/20 16:59:38
月間,202411,策定,北海道・本州間電力連系設備,2024/12/16,昼間帯,逆方向,-400,-400,0,-500,-500,0,-900,熱容量,0,0,0,0,2024/11/20 16:59:38
月間,202411,策定,北海道・本州間電力連系設備,2024/12/16,夜間帯,順方向,690,690,0,10,10,0,700,電圧,0,0,0,0,2024/11/20 16:59:38
月間,202411,策定,北海道・本州間電力連系設備,2024/12/16,夜間帯,逆方向,-390,-390,0,-510,-510,0,-900,熱容量,0,0,0,0,2024/11/20 16:59:38
月間,202410,策定,北海道・本州間電力連系設備,2024/12/17,昼間帯,順方向,700,700,0,0,0,0,700,電圧,0,0,0,0,2024/10/18 17:01:29
月間,202410,策定,北海道・本州間電力連系設備,2024/12/17,昼間帯,逆方向,-400,-400,0,-500,-500,0,-900,熱容量,0,0,0,0,2024/10/18 17:01:29
月間,202410,策定,北海道・本州間電力連系設備,2024/12/17,夜間帯,順方向,690,690,0,10,10,0,700,電圧,0,0,0,0,2024/10/18 17:01:29
月間,202410,策定,北海道・本州間電力連系設備,2024/12/17,夜間帯,逆方向,-390,-390,0,-510,-510,0,-900,熱容量,0,0,0,0,2024/10/18 17:01:29
月間,202411,策定,北海道・本州間電力連系設備,2024/12/17,昼間帯,順方向,700,700,0,0,0,0,700,電圧,0,0,0,0,2024/11/20 16:59:38
月間,202411,策定,北海道・本州間電力連系設備,2024/12/17,昼間帯,逆方向,-400,-400,0,-500,-500,0,-900,熱容量,0,0,0,0,2024/11/20 16:59:38
月間,202411,策定,北海道・本州間電力連系設備,2024/12/17,夜間帯,順方向,690,690,0,10,10,0,700,電圧,0,0,0,0,2024/11/20 16:59:38
月間,202411,策定,北海道・本州間電力連系設備,2024/12/17,夜間帯,逆方向,-390,-390,0,-510,-510,0,-900,熱容量,0,0,0,0,2024/11/20 16:59:38
月間,202410,策定,北海道・本州間電力連系設備,2024/12/18,昼間帯,順方向,700,700,0,0,0,0,700,電圧,0,0,0,0,2024/10/18 17:01:29
月間,202410,策定,北海道・本州間電力連系設備,2024/12/18,昼間帯,逆方向,-400,-400,0,-500,-500,0,-900,熱容量,0,0,0,0,2024/10/18 17:01:29
月間,202410,策定,北海道・本州間電力連系設備,2024/12/18,夜間帯,順方向,690,690,0,10,10,0,700,電圧,0,0,0,0,2024/10/18 17:01:29
月間,202410,策定,北海道・本州間電力連系設備,2024/12/18,夜間帯,逆方向,-390,-390,0,-510,-510,0,-900,熱容量,0,0,0,0,2024/10/18 17:01:29
月間,202411,策定,北海道・本州間電力連系設備,2024/12/18,昼間帯,順方向,700,700,0,0,0,0,700,電圧,0,0,0,0,2024/11/20 16:59:38
月間,202411,策定,北海道・本州間電力連系設備,2024/12/18,昼間帯,逆方向,-400,-400,0,-500,-500,0,-900,熱容量,0,0,0,0,2024/11/20 16:59:38
月間,202411,策定,北海道・本州間電力連系設備,2024/12/18,夜間帯,順方向,690,690,0,10,10,0,700,電圧,0,0,0,0,2024/11/20 16:59:38
月間,202411,策定,北海道・本州間電力連系設備,2024/12/18,夜間帯,逆方向,-390,-390,0,-510,-510,0,-900,熱容量,0,0,0,0,2024/11/20 16:59:38
月間,202410,策定,北海道・本州間電力連系設備,2024/12/19,昼間帯,順方向,700,700,0,0,0,0,700,電圧,0,0,0,0,2024/10/18 17:01:29
月間,202410,策定,北海道・本州間電力連系設備,2024/12/19,昼間帯,逆方向,-400,-400,0,-500,-500,0,-900,熱容量,0,0,0,0,2024/10/18 17:01:29
月間,202410,策定,北海道・本州間電力連系設備,2024/12/19,夜間帯,順方向,690,690,0,10,10,0,700,電圧,0,0,0,0,2024/10/18 17:01:29
月間,202410,策定,北海道・本州間電力連系設備,2024/12/19,夜間帯,逆方向,-390,-390,0,-510,-510,0,-900,熱容量,0,0,0,0,2024/10/18 17:01:29
月間,202411,策定,北海道・本州間電力連系設備,2024/12/19,昼間帯,順方向,700,700,0,0,0,0,700,電圧,0,0,0,0,2024/11/20 16:59:38
月間,202411,策定,北海道・本州間電力連系設備,2024/12/19,昼間帯,逆方向,-400,-400,0,-500,-500,0,-900,熱容量,0,0,0,0,2024/11/20 16:59:38
月間,202411,策定,北海道・本州間電力連系設備,2024/12/19,夜間帯,順方向,690,690,0,10,10,0,700,電圧,0,0,0,0,2024/11/20 16:59:38
月間,202411,策定,北海道・本州間電力連系設備,2024/12/19,夜間帯,逆方向,-390,-390,0,-510,-510,0,-900,熱容量,0,0,0,0,2024/11/20 16:59:38
月間,202410,策定,北海道・本州間電力連系設備,2024/12/20,昼間帯,順方向,700,700,0,0,0,0,700,電圧,0,0,0,0,2024/10/18 17:01:29
月間,202410,策定,北海道・本州間電力連系設備,2024/12/20,昼間帯,逆方向,-400,-400,0,-500,-500,0,-900,熱容量,0,0,0,0,2024/10/18 17:01:29
月間,202410,策定,北海道・本州間電力連系設備,2024/12/20,夜間帯,順方向,690,690,0,10,10,0,700,電圧,0,0,0,0,2024/10/18 17:01:29
月間,202410,策定,北海道・本州間電力連系設備,2024/12/20,夜間帯,逆方向,-390,-390,0,-510,-510,0,-900,熱容量,0,0,0,0,2024/10/18 17:01:29
月間,202411,策定,北海道・本州間電力連系設備,2024/12/20,昼間帯,順方向,700,700,0,0,0,0,700,電圧,0,0,0,0,2024/11/20 16:59:38
月間,202411,策定,北海道・本州間電力連系設備,2024/12/20,昼間帯,逆方向,-400,-400,0,-500,-500,0,-900,熱容量,0,0,0,0,2024/11/20 16:59:38
月間,202411,策定,北海道・本州間電力連系設備,2024/12/20,夜間帯,順方向,690,690,0,10,10,0,700,電圧,0,0,0,0,2024/11/20 16:59:38
月間,202411,策定,北海道・本州間電力連系設備,2024/12/20,夜間帯,逆方向,-390,-390,0,-510,-510,0,-900,熱容量,0,0,0,0,2024/11/20 16:59:38
月間,202410,策定,北海道・本州間電力連系設備,2024/12/21,昼間帯,順方向,670,670,0,30,30,0,700,電圧,0,0,0,0,2024/10/18 17:01:29
月間,202410,策定,北海道・本州間電力連系設備,2024/12/21,昼間帯,逆方向,-380,-380,0,-520,-520,0,-900,熱容量,0,0,0,0,2024/10/18 17:01:29
月間,202410,策定,北海道・本州間電力連系設備,2024/12/21,夜間帯,順方向,700,700,0,0,0,0,700,電圧,0,0,0,0,2024/10/18 17:01:29
月間,202410,策定,北海道・本州間電力連系設備,2024/12/21,夜間帯,逆方向,-390,-390,0,-510,-510,0,-900,熱容量,0,0,0,0,2024/10/18 17:01:29
月間,202411,策定,北海道・本州間電力連系設備,2024/12/21,昼間帯,順方向,670,670,0,30,30,0,700,電圧,0,0,0,0,2024/11/20 16:59:38
月間,202411,策定,北海道・本州間電力連系設備,2024/12/21,昼間帯,逆方向,-380,-380,0,-520,-520,0,-900,熱容量,0,0,0,0,2024/11/20 16:59:38
月間,202411,策定,北海道・本州間電力連系設備,2024/12/21,夜間帯,順方向,700,700,0,0,0,0,700,電圧,0,0,0,0,2024/11/20 16:59:38
月間,202411,策定,北海道・本州間電力連系設備,2024/12/21,夜間帯,逆方向,-390,-390,0,-510,-510,0,-900,熱容量,0,0,0,0,2024/11/20 16:59:38
月間,202410,策定,北海道・本州間電力連系設備,2024/12/22,昼間帯,順方向,670,670,0,30,30,0,700,電圧,0,0,0,0,2024/10/18 17:01:29
月間,202410,策定,北海道・本州間電力連系設備,2024/12/22,昼間帯,逆方向,-380,-380,0,-520,-520,0,-900,熱容量,0,0,0,0,2024/10/18 17:01:29
月間,202410,策定,北海道・本州間電力連系設備,2024/12/22,夜間帯,順方向,700,700,0,0,0,0,700,電圧,0,0,0,0,2024/10/18 17:01:29
月間,202410,策定,北海道・本州間電力連系設備,2024/12/22,夜間帯,逆方向,-390,-390,0,-510,-510,0,-900,熱容量,0,0,0,0,2024/10/18 17:01:29
月間,202411,策定,北海道・本州間電力連系設備,2024/12/22,昼間帯,順方向,670,670,0,30,30,0,700,電圧,0,0,0,0,2024/11/20 16:59:38
月間,202411,策定,北海道・本州間電力連系設備,2024/12/22,昼間帯,逆方向,-380,-380,0,-520,-520,0,-900,熱容量,0,0,0,0,2024/11/20 16:59:38
月間,202411,策定,北海道・本州間電力連系設備,2024/12/22,夜間帯,順方向,700,700,0,0,0,0,700,電圧,0,0,0,0,2024/11/20 16:59:38
月間,202411,策定,北海道・本州間電力連系設備,2024/12/22,夜間帯,逆方向,-390,-390,0,-510,-510,0,-900,熱容量,0,0,0,0,2024/11/20 16:59:38
月間,202410,策定,北海道・本州間電力連系設備,2024/12/23,昼間帯,順方向,700,700,0,0,0,0,700,電圧,0,0,0,0,2024/10/18 17:01:29
月間,202410,策定,北海道・本州間電力連系設備,2024/12/23,昼間帯,逆方向,-400,-400,0,-500,-500,0,-900,熱容量,0,0,0,0,2024/10/18 17:01:29
月間,202410,策定,北海道・本州間電力連系設備,2024/12/23,夜間帯,順方向,690,690,0,10,10,0,700,電圧,0,0,0,0,2024/10/18 17:01:29
月間,202410,策定,北海道・本州間電力連系設備,2024/12/23,夜間帯,逆方向,-390,-390,0,-510,-510,0,-900,熱容量,0,0,0,0,2024/10/18 17:01:29
月間,202411,策定,北海道・本州間電力連系設備,2024/12/23,昼間帯,順方向,700,700,0,0,0,0,700,電圧,0,0,0,0,2024/11/20 16:59:38
月間,202411,策定,北海道・本州間電力連系設備,2024/12/23,昼間帯,逆方向,-400,-400,0,-500,-500,0,-900,熱容量,0,0,0,0,2024/11/20 16:59:38
月間,202411,策定,北海道・本州間電力連系設備,2024/12/23,夜間帯,順方向,690,690,0,10,10,0,700,電圧,0,0,0,0,2024/11/20 16:59:38
月間,202411,策定,北海道・本州間電力連系設備,2024/12/23,夜間帯,逆方向,-390,-390,0,-510,-510,0,-900,熱容量,0,0,0,0,2024/11/20 16:59:38
月間,202410,策定,北海道・本州間電力連系設備,2024/12/24,昼間帯,順方向,700,700,0,0,0,0,700,電圧,0,0,0,0,2024/10/18 17:01:29
月間,202410,策定,北海道・本州間電力連系設備,2024/12/24,昼間帯,逆方向,-400,-400,0,-500,-500,0,-900,熱容量,0,0,0,0,2024/10/18 17:01:29
月間,202410,策定,北海道・本州間電力連系設備,2024/12/24,夜間帯,順方向,690,690,0,10,10,0,700,電圧,0,0,0,0,2024/10/18 17:01:29
月間,202410,策定,北海道・本州間電力連系設備,2024/12/24,夜間帯,逆方向,-390,-390,0,-510,-510,0,-900,熱容量,0,0,0,0,2024/10/18 17:01:29
月間,202411,策定,北海道・本州間電力連系設備,2024/12/24,昼間帯,順方向,700,700,0,0,0,0,700,電圧,0,0,0,0,2024/11/20 16:59:38
月間,202411,策定,北海道・本州間電力連系設備,2024/12/24,昼間帯,逆方向,-400,-400,0,-500,-500,0,-900,熱容量,0,0,0,0,2024/11/20 16:59:38
月間,202411,策定,北海道・本州間電力連系設備,2024/12/24,夜間帯,順方向,690,690,0,10,10,0,700,電圧,0,0,0,0,2024/11/20 16:59:38
月間,202411,策定,北海道・本州間電力連系設備,2024/12/24,夜間帯,逆方向,-390,-390,0,-510,-510,0,-900,熱容量,0,0,0,0,2024/11/20 16:59:38
月間,202410,策定,北海道・本州間電力連系設備,2024/12/25,昼間帯,順方向,700,700,0,0,0,0,700,電圧,0,0,0,0,2024/10/18 17:01:29
月間,202410,策定,北海道・本州間電力連系設備,2024/12/25,昼間帯,逆方向,-400,-400,0,-500,-500,0,-900,熱容量,0,0,0,0,2024/10/18 17:01:29
月間,202410,策定,北海道・本州間電力連系設備,2024/12/25,夜間帯,順方向,690,690,0,10,10,0,700,電圧,0,0,0,0,2024/10/18 17:01:29
月間,202410,策定,北海道・本州間電力連系設備,2024/12/25,夜間帯,逆方向,-390,-390,0,-510,-510,0,-900,熱容量,0,0,0,0,2024/10/18 17:01:29
月間,202411,策定,北海道・本州間電力連系設備,2024/12/25,昼間帯,順方向,700,700,0,0,0,0,700,電圧,0,0,0,0,2024/11/20 16:59:38
月間,202411,策定,北海道・本州間電力連系設備,2024/12/25,昼間帯,逆方向,-400,-400,0,-500,-500,0,-900,熱容量,0,0,0,0,2024/11/20 16:59:38
月間,202411,策定,北海道・本州間電力連系設備,2024/12/25,夜間帯,順方向,690,690,0,10,10,0,700,電圧,0,0,0,0,2024/11/20 16:59:38
月間,202411,策定,北海道・本州間電力連系設備,2024/12/25,夜間帯,逆方向,-390,-390,0,-510,-510,0,-900,熱容量,0,0,0,0,2024/11/20 16:59:38
月間,202410,策定,北海道・本州間電力連系設備,2024/12/26,昼間帯,順方向,700,700,0,0,0,0,700,電圧,0,0,0,0,2024/10/18 17:01:29
月間,202410,策定,北海道・本州間電力連系設備,2024/12/26,昼間帯,逆方向,-400,-400,0,-500,-500,0,-900,熱容量,0,0,0,0,2024/10/18 17:01:29
月間,202410,策定,北海道・本州間電力連系設備,2024/12/26,夜間帯,順方向,690,690,0,10,10,0,700,電圧,0,0,0,0,2024/10/18 17:01:29
月間,202410,策定,北海道・本州間電力連系設備,2024/12/26,夜間帯,逆方向,-390,-390,0,-510,-510,0,-900,熱容量,0,0,0,0,2024/10/18 17:01:29
月間,202411,策定,北海道・本州間電力連系設備,2024/12/26,昼間帯,順方向,700,700,0,0,0,0,700,電圧,0,0,0,0,2024/11/20 16:59:38
月間,202411,策定,北海道・本州間電力連系設備,2024/12/26,昼間帯,逆方向,-400,-400,0,-500,-500,0,-900,熱容量,0,0,0,0,2024/11/20 16:59:38
月間,202411,策定,北海道・本州間電力連系設備,2024/12/26,夜間帯,順方向,690,690,0,10,10,0,700,電圧,0,0,0,0,2024/11/20 16:59:38
月間,202411,策定,北海道・本州間電力連系設備,2024/12/26,夜間帯,逆方向,-390,-390,0,-510,-510,0,-900,熱容量,0,0,0,0,2024/11/20 16:59:38
月間,202410,策定,北海道・本州間電力連系設備,2024/12/27,昼間帯,順方向,700,700,0,0,0,0,700,電圧,0,0,0,0,2024/10/18 17:01:29
月間,202410,策定,北海道・本州間電力連系設備,2024/12/27,昼間帯,逆方向,-400,-400,0,-500,-500,0,-900,熱容量,0,0,0,0,2024/10/18 17:01:29
月間,202410,策定,北海道・本州間電力連系設備,2024/12/27,夜間帯,順方向,690,690,0,10,10,0,700,電圧,0,0,0,0,2024/10/18 17:01:29
月間,202410,策定,北海道・本州間電力連系設備,2024/12/27,夜間帯,逆方向,-390,-390,0,-510,-510,0,-900,熱容量,0,0,0,0,2024/10/18 17:01:29
月間,202411,策定,北海道・本州間電力連系設備,2024/12/27,昼間帯,順方向,700,700,0,0,0,0,700,電圧,0,0,0,0,2024/11/20 16:59:38
月間,202411,策定,北海道・本州間電力連系設備,2024/12/27,昼間帯,逆方向,-400,-400,0,-500,-500,0,-900,熱容量,0,0,0,0,2024/11/20 16:59:38
月間,202411,策定,北海道・本州間電力連系設備,2024/12/27,夜間帯,順方向,690,690,0,10,10,0,700,電圧,0,0,0,0,2024/11/20 16:59:38
月間,202411,策定,北海道・本州間電力連系設備,2024/12/27,夜間帯,逆方向,-390,-390,0,-510,-510,0,-900,熱容量,0,0,0,0,2024/11/20 16:59:38
月間,202410,策定,北海道・本州間電力連系設備,2024/12/28,昼間帯,順方向,670,670,0,30,30,0,700,電圧,0,0,0,0,2024/10/18 17:01:29
月間,202410,策定,北海道・本州間電力連系設備,2024/12/28,昼間帯,逆方向,-380,-380,0,-520,-520,0,-900,熱容量,0,0,0,0,2024/10/18 17:01:29
月間,202410,策定,北海道・本州間電力連系設備,2024/12/28,夜間帯,順方向,700,700,0,0,0,0,700,電圧,0,0,0,0,2024/10/18 17:01:29
月間,202410,策定,北海道・本州間電力連系設備,2024/12/28,夜間帯,逆方向,-390,-390,0,-510,-510,0,-900,熱容量,0,0,0,0,2024/10/18 17:01:29
月間,202411,策定,北海道・本州間電力連系設備,2024/12/28,昼間帯,順方向,670,670,0,30,30,0,700,電圧,0,0,0,0,2024/11/20 16:59:38
月間,202411,策定,北海道・本州間電力連系設備,2024/12/28,昼間帯,逆方向,-380,-380,0,-520,-520,0,-900,熱容量,0,0,0,0,2024/11/20 16:59:38
月間,202411,策定,北海道・本州間電力連系設備,2024/12/28,夜間帯,順方向,700,700,0,0,0,0,700,電圧,0,0,0,0,2024/11/20 16:59:38
月間,202411,策定,北海道・本州間電力連系設備,2024/12/28,夜間帯,逆方向,-390,-390,0,-510,-510,0,-900,熱容量,0,0,0,0,2024/11/20 16:59:38
月間,202410,策定,北海道・本州間電力連系設備,2024/12/29,昼間帯,順方向,670,670,0,30,30,0,700,電圧,0,0,0,0,2024/10/18 17:01:29
月間,202410,策定,北海道・本州間電力連系設備,2024/12/29,昼間帯,逆方向,-380,-380,0,-520,-520,0,-900,熱容量,0,0,0,0,2024/10/18 17:01:29
月間,202410,策定,北海道・本州間電力連系設備,2024/12/29,夜間帯,順方向,700,700,0,0,0,0,700,電圧,0,0,0,0,2024/10/18 17:01:29
月間,202410,策定,北海道・本州間電力連系設備,2024/12/29,夜間帯,逆方向,-390,-390,0,-510,-510,0,-900,熱容量,0,0,0,0,2024/10/18 17:01:29
月間,202411,策定,北海道・本州間電力連系設備,2024/12/29,昼間帯,順方向,670,670,0,30,30,0,700,電圧,0,0,0,0,2024/11/20 16:59:38
月間,202411,策定,北海道・本州間電力連系設備,2024/12/29,昼間帯,逆方向,-380,-380,0,-520,-520,0,-900,熱容量,0,0,0,0,2024/11/20 16:59:38
月間,202411,策定,北海道・本州間電力連系設備,2024/12/29,夜間帯,順方向,700,700,0,0,0,0,700,電圧,0,0,0,0,2024/11/20 16:59:38
月間,202411,策定,北海道・本州間電力連系設備,2024/12/29,夜間帯,逆方向,-390,-390,0,-510,-510,0,-900,熱容量,0,0,0,0,2024/11/20 16:59:38
月間,202410,策定,北海道・本州間電力連系設備,2024/12/30,昼間帯,順方向,670,670,0,30,30,0,700,電圧,0,0,0,0,2024/10/18 17:01:29
月間,202410,策定,北海道・本州間電力連系設備,2024/12/30,昼間帯,逆方向,-380,-380,0,-520,-520,0,-900,熱容量,0,0,0,0,2024/10/18 17:01:29
月間,202410,策定,北海道・本州間電力連系設備,2024/12/30,夜間帯,順方向,700,700,0,0,0,0,700,電圧,0,0,0,0,2024/10/18 17:01:29
月間,202410,策定,北海道・本州間電力連系設備,2024/12/30,夜間帯,逆方向,-390,-390,0,-510,-510,0,-900,熱容量,0,0,0,0,2024/10/18 17:01:29
月間,202411,策定,北海道・本州間電力連系設備,2024/12/30,昼間帯,順方向,670,670,0,30,30,0,700,電圧,0,0,0,0,2024/11/20 16:59:38
月間,202411,策定,北海道・本州間電力連系設備,2024/12/30,昼間帯,逆方向,-380,-380,0,-520,-520,0,-900,熱容量,0,0,0,0,2024/11/20 16:59:38
月間,202411,策定,北海道・本州間電力連系設備,2024/12/30,夜間帯,順方向,700,700,0,0,0,0,700,電圧,0,0,0,0,2024/11/20 16:59:38
月間,202411,策定,北海道・本州間電力連系設備,2024/12/30,夜間帯,逆方向,-390,-390,0,-510,-510,0,-900,熱容量,0,0,0,0,2024/11/20 16:59:38
月間,202410,策定,北海道・本州間電力連系設備,2024/12/31,昼間帯,順方向,670,670,0,30,30,0,700,電圧,0,0,0,0,2024/10/18 17:01:29
月間,202410,策定,北海道・本州間電力連系設備,2024/12/31,昼間帯,逆方向,-380,-380,0,-520,-520,0,-900,熱容量,0,0,0,0,2024/10/18 17:01:29
月間,202410,策定,北海道・本州間電力連系設備,2024/12/31,夜間帯,順方向,700,700,0,0,0,0,700,電圧,0,0,0,0,2024/10/18 17:01:29
月間,202410,策定,北海道・本州間電力連系設備,2024/12/31,夜間帯,逆方向,-390,-390,0,-510,-510,0,-900,熱容量,0,0,0,0,2024/10/18 17:01:29
月間,202411,策定,北海道・本州間電力連系設備,2024/12/31,昼間帯,順方向,670,670,0,30,30,0,700,電圧,0,0,0,0,2024/11/20 16:59:38
月間,202411,策定,北海道・本州間電力連系設備,2024/12/31,昼間帯,逆方向,-380,-380,0,-520,-520,0,-900,熱容量,0,0,0,0,2024/11/20 16:59:38
月間,202411,策定,北海道・本州間電力連系設備,2024/12/31,夜間帯,順方向,700,700,0,0,0,0,700,電圧,0,0,0,0,2024/11/20 16:59:38
月間,202411,策定,北海道・本州間電力連系設備,2024/12/31,夜間帯,逆方向,-390,-390,0,-510,-510,0,-900,熱容量,0,0,0,0,2024/11/20 16:59:38
月間,202409,策定,相馬双葉幹線,2024/11/01,昼間帯,順方向,4810,5260,0,450,0,0,5260,安定度,0,0,0,0,2024/09/20 17:01:43
月間,202409,策定,相馬双葉幹線,2024/11/01,昼間帯,逆方向,-2360,-2360,0,0,0,0,-2360,熱容量,0,0,0,0,2024/09/20 17:01:43
月間,202409,策定,相馬双葉幹線,2024/11/01,夜間帯,順方向,4260,4710,0,450,0,0,4710,安定度,0,0,0,0,2024/09/20 17:01:43
月間,202409,策定,相馬双葉幹線,2024/11/01,夜間帯,逆方向,-2360,-2360,0,0,0,0,-2360,熱容量,0,0,0,0,2024/09/20 17:01:43
月間,202409,策定,相馬双葉幹線,2024/11/02,昼間帯,順方向,4810,5260,0,450,0,0,5260,安定度（作業）,0,0,0,0,2024/09/20 17:01:43
月間,202409,策定,相馬双葉幹線,2024/11/02,昼間帯,逆方向,-2360,-2360,0,0,0,0,-2360,熱容量,0,0,0,0,2024/09/20 17:01:43
月間,202409,策定,相馬双葉幹線,2024/11/02,夜間帯,順方向,4260,4710,0,450,0,0,4710,安定度（作業）,0,0,0,0,2024/09/20 17:01:43
月間,202409,策定,相馬双葉幹線,2024/11/02,夜間帯,逆方向,-2360,-2360,0,0,0,0,-2360,熱容量,0,0,0,0,2024/09/20 17:01:43
月間,202410,策定,相馬双葉幹線,2024/11/02,昼間帯,順方向,4560,5010,0,450,0,0,5010,安定度（作業）,0,0,0,0,2024/10/18 17:01:29
月間,202410,策定,相馬双葉幹線,2024/11/02,昼間帯,逆方向,-2360,-2360,0,0,0,0,-2360,熱容量,0,0,0,0,2024/10/18 17:01:29
月間,202410,策定,相馬双葉幹線,2024/11/02,夜間帯,順方向,3960,4410,0,450,0,0,4410,安定度（作業）,0,0,0,0,2024/10/18 17:01:29
月間,202410,策定,相馬双葉幹線,2024/11/02,夜間帯,逆方向,-2360,-2360,0,0,0,0,-2360,熱容量,0,0,0,0,2024/10/18 17:01:29
月間,202409,策定,相馬双葉幹線,2024/11/03,昼間帯,順方向,4810,5260,0,450,0,0,5260,安定度（作業）,0,0,0,0,2024/09/20 17:01:43
月間,202409,策定,相馬双葉幹線,2024/11/03,昼間帯,逆方向,-2360,-2360,0,0,0,0,-2360,熱容量,0,0,0,0,2024/09/20 17:01:43
月間,202409,策定,相馬双葉幹線,2024/11/03,夜間帯,順方向,4260,4710,0,450,0,0,4710,安定度（作業）,0,0,0,0,2024/09/20 17:01:43
月間,202409,策定,相馬双葉幹線,2024/11/03,夜間帯,逆方向,-2360,-2360,0,0,0,0,-2360,熱容量,0,0,0,0,2024/09/20 17:01:43
月間,202410,策定,相馬双葉幹線,2024/11/03,昼間帯,順方向,4560,5010,0,450,0,0,5010,安定度（作業）,0,0,0,0,2024/10/18 17:01:29
月間,202410,策定,相馬双葉幹線,2024/11/03,昼間帯,逆方向,-2360,-2360,0,0,0,0,-2360,熱容量,0,0,0,0,2024/10/18 17:01:29
月間,202410,策定,相馬双葉幹線,2024/11/03,夜間帯,順方向,3960,4410,0,450,0,0,4410,安定度（作業）,0,0,0,0,2024/10/18 17:01:29
月間,202410,策定,相馬双葉幹線,2024/11/03,夜間帯,逆方向,-2360,-2360,0,0,0,0,-2360,熱容量,0,0,0,0,2024/10/18 17:01:29
月間,202409,策定,相馬双葉幹線,2024/11/04,昼間帯,順方向,4810,5260,0,450,0,0,5260,安定度,0,0,0,0,2024/09/20 17:01:43
月間,202409,策定,相馬双葉幹線,2024/11/04,昼間帯,逆方向,-2360,-2360,0,0,0,0,-2360,熱容量,0,0,0,0,2024/09/20 17:01:43
月間,202409,策定,相馬双葉幹線,2024/11/04,夜間帯,順方向,4260,4710,0,450,0,0,4710,安定度,0,0,0,0,2024/09/20 17:01:43
月間,202409,策定,相馬双葉幹線,2024/11/04,夜間帯,逆方向,-2360,-2360,0,0,0,0,-2360,熱容量,0,0,0,0,2024/09/20 17:01:43
月間,202410,策定,相馬双葉幹線,2024/11/04,昼間帯,順方向,4560,5010,0,450,0,0,5010,安定度,0,0,0,0,2024/10/18 17:01:29
月間,202410,策定,相馬双葉幹線,2024/11/04,昼間帯,逆方向,-2360,-2360,0,0,0,0,-2360,熱容量,0,0,0,0,2024/10/18 17:01:29
月間,202410,策定,相馬双葉幹線,2024/11/04,夜間帯,順方向,3960,4410,0,450,0,0,4410,安定度,0,0,0,0,2024/10/18 17:01:29
月間,202410,策定,相馬双葉幹線,2024/11/04,夜間帯,逆方向,-2360,-2360,0,0,0,0,-2360,熱容量,0,0,0,0,2024/10/18 17:01:29
月間,202409,策定,相馬双葉幹線,2024/11/05,昼間帯,順方向,4810,5260,0,450,0,0,5260,安定度,0,0,0,0,2024/09/20 17:01:43
月間,202409,策定,相馬双葉幹線,2024/11/05,昼間帯,逆方向,-2360,-2360,0,0,0,0,-2360,熱容量,0,0,0,0,2024/09/20 17:01:43
月間,202409,策定,相馬双葉幹線,2024/11/05,夜間帯,順方向,4260,4710,0,450,0,0,4710,安定度,0,0,0,0,2024/09/20 17:01:43
月間,202409,策定,相馬双葉幹線,2024/11/05,夜間帯,逆方向,-2360,-2360,0,0,0,0,-2360,熱容量,0,0,0,0,2024/09/20 17:01:43
月間,202410,策定,相馬双葉幹線,2024/11/05,昼間帯,順方向,5010,5460,0,450,0,0,5460,安定度,0,0,0,0,2024/10/18 17:01:29
月間,202410,策定,相馬双葉幹線,2024/11/05,昼間帯,逆方向,-2360,-2360,0,0,0,0,-2360,熱容量,0,0,0,0,2024/10/18 17:01:29
月間,202410,策定,相馬双葉幹線,2024/11/05,夜間帯,順方向,4210,4660,0,450,0,0,4660,安定度,0,0,0,0,2024/10/18 17:01:29
月間,202410,策定,相馬双葉幹線,2024/11/05,夜間帯,逆方向,-2360,-2360,0,0,0,0,-2360,熱容量,0,0,0,0,2024/10/18 17:01:29
月間,202409,策定,相馬双葉幹線,2024/11/06,昼間帯,順方向,4810,5260,0,450,0,0,5260,安定度,0,0,0,0,2024/09/20 17:01:43
月間,202409,策定,相馬双葉幹線,2024/11/06,昼間帯,逆方向,-2360,-2360,0,0,0,0,-2360,熱容量,0,0,0,0,2024/09/20 17:01:43
月間,202409,策定,相馬双葉幹線,2024/11/06,夜間帯,順方向,4260,4710,0,450,0,0,4710,安定度,0,0,0,0,2024/09/20 17:01:43
月間,202409,策定,相馬双葉幹線,2024/11/06,夜間帯,逆方向,-2360,-2360,0,0,0,0,-2360,熱容量,0,0,0,0,2024/09/20 17:01:43
月間,202410,策定,相馬双葉幹線,2024/11/06,昼間帯,順方向,5010,5460,0,450,0,0,5460,安定度,0,0,0,0,2024/10/18 17:01:29
月間,202410,策定,相馬双葉幹線,2024/11/06,昼間帯,逆方向,-2360,-2360,0,0,0,0,-2360,熱容量,0,0,0,0,2024/10/18 17:01:29
月間,202410,策定,相馬双葉幹線,2024/11/06,夜間帯,順方向,4210,4660,0,450,0,0,4660,安定度,0,0,0,0,2024/10/18 17:01:29
月間,202410,策定,相馬双葉幹線,2024/11/06,夜間帯,逆方向,-2360,-2360,0,0,0,0,-2360,熱容量,0,0,0,0,2024/10/18 17:01:29
月間,202409,策定,相馬双葉幹線,2024/11/07,昼間帯,順方向,4810,5260,0,450,0,0,5260,安定度,0,0,0,0,2024/09/20 17:01:43
月間,202409,策定,相馬双葉幹線,2024/11/07,昼間帯,逆方向,-2360,-2360,0,0,0,0,-2360,熱容量,0,0,0,0,2024/09/20 17:01:43
月間,202409,策定,相馬双葉幹線,2024/11/07,夜間帯,順方向,4260,4710,0,450,0,0,4710,安定度,0,0,0,0,2024/09/20 17:01:43
月間,202409,策定,相馬双葉幹線,2024/11/07,夜間帯,逆方向,-2360,-2360,0,0,0,0,-2360,熱容量,0,0,0,0,2024/09/20 17:01:43
月間,202410,策定,相馬双葉幹線,2024/11/07,昼間帯,順方向,4810,5260,0,450,0,0,5260,安定度,0,0,0,0,2024/10/18 17:01:29
月間,202410,策定,相馬双葉幹線,2024/11/07,昼間帯,逆方向,-2360,-2360,0,0,0,0,-2360,熱容量,0,0,0,0,2024/10/18 17:01:29
月間,202410,策定,相馬双葉幹線,2024/11/07,夜間帯,順方向,4110,4560,0,450,0,0,4560,安定度,0,0,0,0,2024/10/18 17:01:29
月間,202410,策定,相馬双葉幹線,2024/11/07,夜間帯,逆方向,-2360,-2360,0,0,0,0,-2360,熱容量,0,0,0,0,2024/10/18 17:01:29
月間,202409,策定,相馬双葉幹線,2024/11/08,昼間帯,順方向,4810,5260,0,450,0,0,5260,安定度,0,0,0,0,2024/09/20 17:01:43
月間,202409,策定,相馬双葉幹線,2024/11/08,昼間帯,逆方向,-2360,-2360,0,0,0,0,-2360,熱容量,0,0,0,0,2024/09/20 17:01:43
月間,202409,策定,相馬双葉幹線,2024/11/08,夜間帯,順方向,4260,4710,0,450,0,0,4710,安定度,0,0,0,0,2024/09/20 17:01:43
月間,202409,策定,相馬双葉幹線,2024/11/08,夜間帯,逆方向,-2360,-2360,0,0,0,0,-2360,熱容量,0,0,0,0,2024/09/20 17:01:43
月間,202410,策定,相馬双葉幹線,2024/11/08,昼間帯,順方向,4810,5260,0,450,0,0,5260,安定度,0,0,0,0,2024/10/18 17:01:29
月間,202410,策定,相馬双葉幹線,2024/11/08,昼間帯,逆方向,-2360,-2360,0,0,0,0,-2360,熱容量,0,0,0,0,2024/10/18 17:01:29
月間,202410,策定,相馬双葉幹線,2024/11/08,夜間帯,順方向,4110,4560,0,450,0,0,4560,安定度,0,0,0,0,2024/10/18 17:01:29
月間,202410,策定,相馬双葉幹線,2024/11/08,夜間帯,逆方向,-2360,-2360,0,0,0,0,-2360,熱容量,0,0,0,0,2024/10/18 17:01:29
月間,202409,策定,相馬双葉幹線,2024/11/09,昼間帯,順方向,4610,5060,0,450,0,0,5060,安定度,0,0,0,0,2024/09/20 17:01:43
月間,202409,策定,相馬双葉幹線,2024/11/09,昼間帯,逆方向,-2360,-2360,0,0,0,0,-2360,熱容量,0,0,0,0,2024/09/20 17:01:43
月間,202409,策定,相馬双葉幹線,2024/11/09,夜間帯,順方向,3810,4260,0,450,0,0,4260,安定度,0,0,0,0,2024/09/20 17:01:43
月間,202409,策定,相馬双葉幹線,2024/11/09,夜間帯,逆方向,-2360,-2360,0,0,0,0,-2360,熱容量,0,0,0,0,2024/09/20 17:01:43
月間,202410,策定,相馬双葉幹線,2024/11/09,昼間帯,順方向,4810,5260,0,450,0,0,5260,安定度,0,0,0,0,2024/10/18 17:01:29
月間,202410,策定,相馬双葉幹線,2024/11/09,昼間帯,逆方向,-2360,-2360,0,0,0,0,-2360,熱容量,0,0,0,0,2024/10/18 17:01:29
月間,202410,策定,相馬双葉幹線,2024/11/09,夜間帯,順方向,4110,4560,0,450,0,0,4560,安定度,0,0,0,0,2024/10/18 17:01:29
月間,202410,策定,相馬双葉幹線,2024/11/09,夜間帯,逆方向,-2360,-2360,0,0,0,0,-2360,熱容量,0,0,0,0,2024/10/18 17:01:29
月間,202409,策定,相馬双葉幹線,2024/11/10,昼間帯,順方向,4610,5060,0,450,0,0,5060,安定度,0,0,0,0,2024/09/20 17:01:43
月間,202409,策定,相馬双葉幹線,2024/11/10,昼間帯,逆方向,-2360,-2360,0,0,0,0,-2360,熱容量,0,0,0,0,2024/09/20 17:01:43
月間,202409,策定,相馬双葉幹線,2024/11/10,夜間帯,順方向,3810,4260,0,450,0,0,4260,安定度,0,0,0,0,2024/09/20 17:01:43
月間,202409,策定,相馬双葉幹線,2024/11/10,夜間帯,逆方向,-2360,-2360,0,0,0,0,-2360,熱容量,0,0,0,0,2024/09/20 17:01:43
月間,202410,策定,相馬双葉幹線,2024/11/10,昼間帯,順方向,4810,5260,0,450,0,0,5260,安定度,0,0,0,0,2024/10/18 17:01:29
月間,202410,策定,相馬双葉幹線,2024/11/10,昼間帯,逆方向,-2360,-2360,0,0,0,0,-2360,熱容量,0,0,0,0,2024/10/18 17:01:29
月間,202410,策定,相馬双葉幹線,2024/11/10,夜間帯,順方向,4110,4560,0,450,0,0,4560,安定度,0,0,0,0,2024/10/18 17:01:29
月間,202410,策定,相馬双葉幹線,2024/11/10,夜間帯,逆方向,-2360,-2360,0,0,0,0,-2360,熱容量,0,0,0,0,2024/10/18 17:01:29
月間,202409,策定,相馬双葉幹線,2024/11/11,昼間帯,順方向,4660,5110,0,450,0,0,5110,安定度（作業）,0,0,0,0,2024/09/20 17:01:43
月間,202409,策定,相馬双葉幹線,2024/11/11,昼間帯,逆方向,-2360,-2360,0,0,0,0,-2360,熱容量,0,0,0,0,2024/09/20 17:01:43
月間,202409,策定,相馬双葉幹線,2024/11/11,夜間帯,順方向,3810,4260,0,450,0,0,4260,安定度（作業）,0,0,0,0,2024/09/20 17:01:43
月間,202409,策定,相馬双葉幹線,2024/11/11,夜間帯,逆方向,-2360,-2360,0,0,0,0,-2360,熱容量,0,0,0,0,2024/09/20 17:01:43
月間,202410,策定,相馬双葉幹線,2024/11/11,昼間帯,順方向,4860,5310,0,450,0,0,5310,安定度（作業）,0,0,0,0,2024/10/18 17:01:29
月間,202410,策定,相馬双葉幹線,2024/11/11,昼間帯,逆方向,-2360,-2360,0,0,0,0,-2360,熱容量,0,0,0,0,2024/10/18 17:01:29
月間,202410,策定,相馬双葉幹線,2024/11/11,夜間帯,順方向,4160,4610,0,450,0,0,4610,安定度（作業）,0,0,0,0,2024/10/18 17:01:29
月間,202410,策定,相馬双葉幹線,2024/11/11,夜間帯,逆方向,-2360,-2360,0,0,0,0,-2360,熱容量,0,0,0,0,2024/10/18 17:01:29
月間,202409,策定,相馬双葉幹線,2024/11/12,昼間帯,順方向,4810,5260,0,450,0,0,5260,安定度（作業）,0,0,0,0,2024/09/20 17:01:43
月間,202409,策定,相馬双葉幹線,2024/11/12,昼間帯,逆方向,-2360,-2360,0,0,0,0,-2360,熱容量,0,0,0,0,2024/09/20 17:01:43
月間,202409,策定,相馬双葉幹線,2024/11/12,夜間帯,順方向,4260,4710,0,450,0,0,4710,安定度（作業）,0,0,0,0,2024/09/20 17:01:43
月間,202409,策定,相馬双葉幹線,2024/11/12,夜間帯,逆方向,-2360,-2360,0,0,0,0,-2360,熱容量,0,0,0,0,2024/09/20 17:01:43
月間,202410,策定,相馬双葉幹線,2024/11/12,昼間帯,順方向,4860,5310,0,450,0,0,5310,安定度（作業）,0,0,0,0,2024/10/18 17:01:29
月間,202410,策定,相馬双葉幹線,2024/11/12,昼間帯,逆方向,-2360,-2360,0,0,0,0,-2360,熱容量,0,0,0,0,2024/10/18 17:01:29
月間,202410,策定,相馬双葉幹線,2024/11/12,夜間帯,順方向,4160,4610,0,450,0,0,4610,安定度（作業）,0,0,0,0,2024/10/18 17:01:29
月間,202410,策定,相馬双葉幹線,2024/11/12,夜間帯,逆方向,-2360,-2360,0,0,0,0,-2360,熱容量,0,0,0,0,2024/10/18 17:01:29
月間,202409,策定,相馬双葉幹線,2024/11/13,昼間帯,順方向,4810,5260,0,450,0,0,5260,安定度（作業）,0,0,0,0,2024/09/20 17:01:43
月間,202409,策定,相馬双葉幹線,2024/11/13,昼間帯,逆方向,-2360,-2360,0,0,0,0,-2360,熱容量,0,0,0,0,2024/09/20 17:01:43
月間,202409,策定,相馬双葉幹線,2024/11/13,夜間帯,順方向,4260,4710,0,450,0,0,4710,安定度（作業）,0,0,0,0,2024/09/20 17:01:43
月間,202409,策定,相馬双葉幹線,2024/11/13,夜間帯,逆方向,-2360,-2360,0,0,0,0,-2360,熱容量,0,0,0,0,2024/09/20 17:01:43
月間,202410,策定,相馬双葉幹線,2024/11/13,昼間帯,順方向,4860,5310,0,450,0,0,5310,安定度（作業）,0,0,0,0,2024/10/18 17:01:29
月間,202410,策定,相馬双葉幹線,2024/11/13,昼間帯,逆方向,-2360,-2360,0,0,0,0,-2360,熱容量,0,0,0,0,2024/10/18 17:01:29
月間,202410,策定,相馬双葉幹線,2024/11/13,夜間帯,順方向,4160,4610,0,450,0,0,4610,安定度（作業）,0,0,0,0,2024/10/18 17:01:29
月間,202410,策定,相馬双葉幹線,2024/11/13,夜間帯,逆方向,-2360,-2360,0,0,0,0,-2360,熱容量,0,0,0,0,2024/10/18 17:01:29
月間,202409,策定,相馬双葉幹線,2024/11/14,昼間帯,順方向,4810,5260,0,450,0,0,5260,安定度（作業）,0,0,0,0,2024/09/20 17:01:43
月間,202409,策定,相馬双葉幹線,2024/11/14,昼間帯,逆方向,-2360,-2360,0,0,0,0,-2360,熱容量,0,0,0,0,2024/09/20 17:01:43
月間,202409,策定,相馬双葉幹線,2024/11/14,夜間帯,順方向,4260,4710,0,450,0,0,4710,安定度（作業）,0,0,0,0,2024/09/20 17:01:43
月間,202409,策定,相馬双葉幹線,2024/11/14,夜間帯,逆方向,-2360,-2360,0,0,0,0,-2360,熱容量,0,0,0,0,2024/09/20 17:01:43
月間,202410,策定,相馬双葉幹線,2024/11/14,昼間帯,順方向,4860,5310,0,450,0,0,5310,安定度（作業）,0,0,0,0,2024/10/18 17:01:29
月間,202410,策定,相馬双葉幹線,2024/11/14,昼間帯,逆方向,-2360,-2360,0,0,0,0,-2360,熱容量,0,0,0,0,2024/10/18 17:01:29
月間,202410,策定,相馬双葉幹線,2024/11/14,夜間帯,順方向,4160,4610,0,450,0,0,4610,安定度（作業）,0,0,0,0,2024/10/18 17:01:29
月間,202410,策定,相馬双葉幹線,2024/11/14,夜間帯,逆方向,-2360,-2360,0,0,0,0,-2360,熱容量,0,0,0,0,2024/10/18 17:01:29
月間,202409,策定,相馬双葉幹線,2024/11/15,昼間帯,順方向,4810,5260,0,450,0,0,5260,安定度（作業）,0,0,0,0,2024/09/20 17:01:43
月間,202409,策定,相馬双葉幹線,2024/11/15,昼間帯,逆方向,-2360,-2360,0,0,0,0,-2360,熱容量,0,0,0,0,2024/09/20 17:01:43
月間,202409,策定,相馬双葉幹線,2024/11/15,夜間帯,順方向,4260,4710,0,450,0,0,4710,安定度（作業）,0,0,0,0,2024/09/20 17:01:43
月間,202409,策定,相馬双葉幹線,2024/11/15,夜間帯,逆方向,-2360,-2360,0,0,0,0,-2360,熱容量,0,0,0,0,2024/09/20 17:01:43
月間,202410,策定,相馬双葉幹線,2024/11/15,昼間帯,順方向,4860,5310,0,450,0,0,5310,安定度（作業）,0,0,0,0,2024/10/18 17:01:29
月間,202410,策定,相馬双葉幹線,2024/11/15,昼間帯,逆方向,-2360,-2360,0,0,0,0,-2360,熱容量,0,0,0,0,2024/10/18 17:01:29
月間,202410,策定,相馬双葉幹線,2024/11/15,夜間帯,順方向,4160,4610,0,450,0,0,4610,安定度（作業）,0,0,0,0,2024/10/18 17:01:29
月間,202410,策定,相馬双葉幹線,2024/11/15,夜間帯,逆方向,-2360,-2360,0,0,0,0,-2360,熱容量,0,0,0,0,2024/10/18 17:01:29
月間,202409,策定,相馬双葉幹線,2024/11/16,昼間帯,順方向,4810,5260,0,450,0,0,5260,安定度（作業）,0,0,0,0,2024/09/20 17:01:43
月間,202409,策定,相馬双葉幹線,2024/11/16,昼間帯,逆方向,-2360,-2360,0,0,0,0,-2360,熱容量,0,0,0,0,2024/09/20 17:01:43
月間,202409,策定,相馬双葉幹線,2024/11/16,夜間帯,順方向,4260,4710,0,450,0,0,4710,安定度（作業）,0,0,0,0,2024/09/20 17:01:43
月間,202409,策定,相馬双葉幹線,2024/11/16,夜間帯,逆方向,-2360,-2360,0,0,0,0,-2360,熱容量,0,0,0,0,2024/09/20 17:01:43
月間,202410,策定,相馬双葉幹線,2024/11/16,昼間帯,順方向,4860,5310,0,450,0,0,5310,安定度（作業）,0,0,0,0,2024/10/18 17:01:29
月間,202410,策定,相馬双葉幹線,2024/11/16,昼間帯,逆方向,-2360,-2360,0,0,0,0,-2360,熱容量,0,0,0,0,2024/10/18 17:01:29
月間,202410,策定,相馬双葉幹線,2024/11/16,夜間帯,順方向,4160,4610,0,450,0,0,4610,安定度（作業）,0,0,0,0,2024/10/18 17:01:29
月間,202410,策定,相馬双葉幹線,2024/11/16,夜間帯,逆方向,-2360,-2360,0,0,0,0,-2360,熱容量,0,0,0,0,2024/10/18 17:01:29
月間,202409,策定,相馬双葉幹線,2024/11/17,昼間帯,順方向,4810,5260,0,450,0,0,5260,安定度（作業）,0,0,0,0,2024/09/20 17:01:43
月間,202409,策定,相馬双葉幹線,2024/11/17,昼間帯,逆方向,-2360,-2360,0,0,0,0,-2360,熱容量,0,0,0,0,2024/09/20 17:01:43
月間,202409,策定,相馬双葉幹線,2024/11/17,夜間帯,順方向,4260,4710,0,450,0,0,4710,安定度（作業）,0,0,0,0,2024/09/20 17:01:43
月間,202409,策定,相馬双葉幹線,2024/11/17,夜間帯,逆方向,-2360,-2360,0,0,0,0,-2360,熱容量,0,0,0,0,2024/09/20 17:01:43
月間,202410,策定,相馬双葉幹線,2024/11/17,昼間帯,順方向,4860,5310,0,450,0,0,5310,安定度（作業）,0,0,0,0,2024/10/18 17:01:29
月間,202410,策定,相馬双葉幹線,2024/11/17,昼間帯,逆方向,-2360,-2360,0,0,0,0,-2360,熱容量,0,0,0,0,2024/10/18 17:01:29
月間,202410,策定,相馬双葉幹線,2024/11/17,夜間帯,順方向,4160,4610,0,450,0,0,4610,安定度（作業）,0,0,0,0,2024/10/18 17:01:29
月間,202410,策定,相馬双葉幹線,2024/11/17,夜間帯,逆方向,-2360,-2360,0,0,0,0,-2360,熱容量,0,0,0,0,2024/10/18 17:01:29
月間,202409,策定,相馬双葉幹線,2024/11/18,昼間帯,順方向,4810,5260,0,450,0,0,5260,安定度（作業）,0,0,0,0,2024/09/20 17:01:43
月間,202409,策定,相馬双葉幹線,2024/11/18,昼間帯,逆方向,-2360,-2360,0,0,0,0,-2360,熱容量,0,0,0,0,2024/09/20 17:01:43
月間,202409,策定,相馬双葉幹線,2024/11/18,夜間帯,順方向,4260,4710,0,450,0,0,4710,安定度（作業）,0,0,0,0,2024/09/20 17:01:43
月間,202409,策定,相馬双葉幹線,2024/11/18,夜間帯,逆方向,-2360,-2360,0,0,0,0,-2360,熱容量,0,0,0,0,2024/09/20 17:01:43
月間,202410,策定,相馬双葉幹線,2024/11/18,昼間帯,順方向,4860,5310,0,450,0,0,5310,安定度（作業）,0,0,0,0,2024/10/18 17:01:29
月間,202410,策定,相馬双葉幹線,2024/11/18,昼間帯,逆方向,-2360,-2360,0,0,0,0,-2360,熱容量,0,0,0,0,2024/10/18 17:01:29
月間,202410,策定,相馬双葉幹線,2024/11/18,夜間帯,順方向,4160,4610,0,450,0,0,4610,安定度（作業）,0,0,0,0,2024/10/18 17:01:29
月間,202410,策定,相馬双葉幹線,2024/11/18,夜間帯,逆方向,-2360,-2360,0,0,0,0,-2360,熱容量,0,0,0,0,2024/10/18 17:01:29
月間,202409,策定,相馬双葉幹線,2024/11/19,昼間帯,順方向,4810,5260,0,450,0,0,5260,安定度（作業）,0,0,0,0,2024/09/20 17:01:43
月間,202409,策定,相馬双葉幹線,2024/11/19,昼間帯,逆方向,-2360,-2360,0,0,0,0,-2360,熱容量,0,0,0,0,2024/09/20 17:01:43
月間,202409,策定,相馬双葉幹線,2024/11/19,夜間帯,順方向,4260,4710,0,450,0,0,4710,安定度（作業）,0,0,0,0,2024/09/20 17:01:43
月間,202409,策定,相馬双葉幹線,2024/11/19,夜間帯,逆方向,-2360,-2360,0,0,0,0,-2360,熱容量,0,0,0,0,2024/09/20 17:01:43
月間,202410,策定,相馬双葉幹線,2024/11/19,昼間帯,順方向,4860,5310,0,450,0,0,5310,安定度（作業）,0,0,0,0,2024/10/18 17:01:29
月間,202410,策定,相馬双葉幹線,2024/11/19,昼間帯,逆方向,-2360,-2360,0,0,0,0,-2360,熱容量,0,0,0,0,2024/10/18 17:01:29
月間,202410,策定,相馬双葉幹線,2024/11/19,夜間帯,順方向,4160,4610,0,450,0,0,4610,安定度（作業）,0,0,0,0,2024/10/18 17:01:29
月間,202410,策定,相馬双葉幹線,2024/11/19,夜間帯,逆方向,-2360,-2360,0,0,0,0,-2360,熱容量,0,0,0,0,2024/10/18 17:01:29
月間,202409,策定,相馬双葉幹線,2024/11/20,昼間帯,順方向,4810,5260,0,450,0,0,5260,安定度（作業）,0,0,0,0,2024/09/20 17:01:43
月間,202409,策定,相馬双葉幹線,2024/11/20,昼間帯,逆方向,-2360,-2360,0,0,0,0,-2360,熱容量,0,0,0,0,2024/09/20 17:01:43
月間,202409,策定,相馬双葉幹線,2024/11/20,夜間帯,順方向,4260,4710,0,450,0,0,4710,安定度（作業）,0,0,0,0,2024/09/20 17:01:43
月間,202409,策定,相馬双葉幹線,2024/11/20,夜間帯,逆方向,-2360,-2360,0,0,0,0,-2360,熱容量,0,0,0,0,2024/09/20 17:01:43
月間,202410,策定,相馬双葉幹線,2024/11/20,昼間帯,順方向,4860,5310,0,450,0,0,5310,安定度（作業）,0,0,0,0,2024/10/18 17:01:29
月間,202410,策定,相馬双葉幹線,2024/11/20,昼間帯,逆方向,-2360,-2360,0,0,0,0,-2360,熱容量,0,0,0,0,2024/10/18 17:01:29
月間,202410,策定,相馬双葉幹線,2024/11/20,夜間帯,順方向,4160,4610,0,450,0,0,4610,安定度（作業）,0,0,0,0,2024/10/18 17:01:29
月間,202410,策定,相馬双葉幹線,2024/11/20,夜間帯,逆方向,-2360,-2360,0,0,0,0,-2360,熱容量,0,0,0,0,2024/10/18 17:01:29
月間,202409,策定,相馬双葉幹線,2024/11/21,昼間帯,順方向,4810,5260,0,450,0,0,5260,安定度（作業）,0,0,0,0,2024/09/20 17:01:43
月間,202409,策定,相馬双葉幹線,2024/11/21,昼間帯,逆方向,-2360,-2360,0,0,0,0,-2360,熱容量,0,0,0,0,2024/09/20 17:01:43
月間,202409,策定,相馬双葉幹線,2024/11/21,夜間帯,順方向,4260,4710,0,450,0,0,4710,安定度（作業）,0,0,0,0,2024/09/20 17:01:43
月間,202409,策定,相馬双葉幹線,2024/11/21,夜間帯,逆方向,-2360,-2360,0,0,0,0,-2360,熱容量,0,0,0,0,2024/09/20 17:01:43
月間,202410,策定,相馬双葉幹線,2024/11/21,昼間帯,順方向,4860,5310,0,450,0,0,5310,安定度（作業）,0,0,0,0,2024/10/18 17:01:29
月間,202410,策定,相馬双葉幹線,2024/11/21,昼間帯,逆方向,-2360,-2360,0,0,0,0,-2360,熱容量,0,0,0,0,2024/10/18 17:01:29
月間,202410,策定,相馬双葉幹線,2024/11/21,夜間帯,順方向,4160,4610,0,450,0,0,4610,安定度（作業）,0,0,0,0,2024/10/18 17:01:29
月間,202410,策定,相馬双葉幹線,2024/11/21,夜間帯,逆方向,-2360,-2360,0,0,0,0,-2360,熱容量,0,0,0,0,2024/10/18 17:01:29
月間,202409,策定,相馬双葉幹線,2024/11/22,昼間帯,順方向,4810,5260,0,450,0,0,5260,安定度（作業）,0,0,0,0,2024/09/20 17:01:43
月間,202409,策定,相馬双葉幹線,2024/11/22,昼間帯,逆方向,-2360,-2360,0,0,0,0,-2360,熱容量,0,0,0,0,2024/09/20 17:01:43
月間,202409,策定,相馬双葉幹線,2024/11/22,夜間帯,順方向,4260,4710,0,450,0,0,4710,安定度（作業）,0,0,0,0,2024/09/20 17:01:43
月間,202409,策定,相馬双葉幹線,2024/11/22,夜間帯,逆方向,-2360,-2360,0,0,0,0,-2360,熱容量,0,0,0,0,2024/09/20 17:01:43
月間,202410,策定,相馬双葉幹線,2024/11/22,昼間帯,順方向,4860,5310,0,450,0,0,5310,安定度（作業）,0,0,0,0,2024/10/18 17:01:29
月間,202410,策定,相馬双葉幹線,2024/11/22,昼間帯,逆方向,-2360,-2360,0,0,0,0,-2360,熱容量,0,0,0,0,2024/10/18 17:01:29
月間,202410,策定,相馬双葉幹線,2024/11/22,夜間帯,順方向,4160,4610,0,450,0,0,4610,安定度（作業）,0,0,0,0,2024/10/18 17:01:29
月間,202410,策定,相馬双葉幹線,2024/11/22,夜間帯,逆方向,-2360,-2360,0,0,0,0,-2360,熱容量,0,0,0,0,2024/10/18 17:01:29
月間,202409,策定,相馬双葉幹線,2024/11/23,昼間帯,順方向,4660,5110,0,450,0,0,5110,安定度,0,0,0,0,2024/09/20 17:01:43
月間,202409,策定,相馬双葉幹線,2024/11/23,昼間帯,逆方向,-2360,-2360,0,0,0,0,-2360,熱容量,0,0,0,0,2024/09/20 17:01:43
月間,202409,策定,相馬双葉幹線,2024/11/23,夜間帯,順方向,4060,4510,0,450,0,0,4510,安定度,0,0,0,0,2024/09/20 17:01:43
月間,202409,策定,相馬双葉幹線,2024/11/23,夜間帯,逆方向,-2360,-2360,0,0,0,0,-2360,熱容量,0,0,0,0,2024/09/20 17:01:43
月間,202410,策定,相馬双葉幹線,2024/11/23,昼間帯,順方向,4810,5260,0,450,0,0,5260,安定度,0,0,0,0,2024/10/18 17:01:29
月間,202410,策定,相馬双葉幹線,2024/11/23,昼間帯,逆方向,-2360,-2360,0,0,0,0,-2360,熱容量,0,0,0,0,2024/10/18 17:01:29
月間,202410,策定,相馬双葉幹線,2024/11/23,夜間帯,順方向,4110,4560,0,450,0,0,4560,安定度,0,0,0,0,2024/10/18 17:01:29
月間,202410,策定,相馬双葉幹線,2024/11/23,夜間帯,逆方向,-2360,-2360,0,0,0,0,-2360,熱容量,0,0,0,0,2024/10/18 17:01:29
月間,202409,策定,相馬双葉幹線,2024/11/24,昼間帯,順方向,4660,5110,0,450,0,0,5110,安定度,0,0,0,0,2024/09/20 17:01:43
月間,202409,策定,相馬双葉幹線,2024/11/24,昼間帯,逆方向,-2360,-2360,0,0,0,0,-2360,熱容量,0,0,0,0,2024/09/20 17:01:43
月間,202409,策定,相馬双葉幹線,2024/11/24,夜間帯,順方向,4060,4510,0,450,0,0,4510,安定度,0,0,0,0,2024/09/20 17:01:43
月間,202409,策定,相馬双葉幹線,2024/11/24,夜間帯,逆方向,-2360,-2360,0,0,0,0,-2360,熱容量,0,0,0,0,2024/09/20 17:01:43
月間,202410,策定,相馬双葉幹線,2024/11/24,昼間帯,順方向,4810,5260,0,450,0,0,5260,安定度,0,0,0,0,2024/10/18 17:01:29
月間,202410,策定,相馬双葉幹線,2024/11/24,昼間帯,逆方向,-2360,-2360,0,0,0,0,-2360,熱容量,0,0,0,0,2024/10/18 17:01:29
月間,202410,策定,相馬双葉幹線,2024/11/24,夜間帯,順方向,4110,4560,0,450,0,0,4560,安定度,0,0,0,0,2024/10/18 17:01:29
月間,202410,策定,相馬双葉幹線,2024/11/24,夜間帯,逆方向,-2360,-2360,0,0,0,0,-2360,熱容量,0,0,0,0,2024/10/18 17:01:29
月間,202409,策定,相馬双葉幹線,2024/11/25,昼間帯,順方向,4660,5110,0,450,0,0,5110,安定度,0,0,0,0,2024/09/20 17:01:43
月間,202409,策定,相馬双葉幹線,2024/11/25,昼間帯,逆方向,-2360,-2360,0,0,0,0,-2360,熱容量,0,0,0,0,2024/09/20 17:01:43
月間,202409,策定,相馬双葉幹線,2024/11/25,夜間帯,順方向,4060,4510,0,450,0,0,4510,安定度,0,0,0,0,2024/09/20 17:01:43
月間,202409,策定,相馬双葉幹線,2024/11/25,夜間帯,逆方向,-2360,-2360,0,0,0,0,-2360,熱容量,0,0,0,0,2024/09/20 17:01:43
月間,202410,策定,相馬双葉幹線,2024/11/25,昼間帯,順方向,4810,5260,0,450,0,0,5260,安定度,0,0,0,0,2024/10/18 17:01:29
月間,202410,策定,相馬双葉幹線,2024/11/25,昼間帯,逆方向,-2360,-2360,0,0,0,0,-2360,熱容量,0,0,0,0,2024/10/18 17:01:29
月間,202410,策定,相馬双葉幹線,2024/11/25,夜間帯,順方向,4110,4560,0,450,0,0,4560,安定度,0,0,0,0,2024/10/18 17:01:29
月間,202410,策定,相馬双葉幹線,2024/11/25,夜間帯,逆方向,-2360,-2360,0,0,0,0,-2360,熱容量,0,0,0,0,2024/10/18 17:01:29
月間,202409,策定,相馬双葉幹線,2024/11/26,昼間帯,順方向,4810,5260,0,450,0,0,5260,安定度,0,0,0,0,2024/09/20 17:01:43
月間,202409,策定,相馬双葉幹線,2024/11/26,昼間帯,逆方向,-2360,-2360,0,0,0,0,-2360,熱容量,0,0,0,0,2024/09/20 17:01:43
月間,202409,策定,相馬双葉幹線,2024/11/26,夜間帯,順方向,4260,4710,0,450,0,0,4710,安定度,0,0,0,0,2024/09/20 17:01:43
月間,202409,策定,相馬双葉幹線,2024/11/26,夜間帯,逆方向,-2360,-2360,0,0,0,0,-2360,熱容量,0,0,0,0,2024/09/20 17:01:43
月間,202410,策定,相馬双葉幹線,2024/11/26,昼間帯,順方向,4810,5260,0,450,0,0,5260,安定度,0,0,0,0,2024/10/18 17:01:29
月間,202410,策定,相馬双葉幹線,2024/11/26,昼間帯,逆方向,-2360,-2360,0,0,0,0,-2360,熱容量,0,0,0,0,2024/10/18 17:01:29
月間,202410,策定,相馬双葉幹線,2024/11/26,夜間帯,順方向,4110,4560,0,450,0,0,4560,安定度,0,0,0,0,2024/10/18 17:01:29
月間,202410,策定,相馬双葉幹線,2024/11/26,夜間帯,逆方向,-2360,-2360,0,0,0,0,-2360,熱容量,0,0,0,0,2024/10/18 17:01:29
月間,202409,策定,相馬双葉幹線,2024/11/27,昼間帯,順方向,4860,5310,0,450,0,0,5310,安定度,0,0,0,0,2024/09/20 17:01:43
月間,202409,策定,相馬双葉幹線,2024/11/27,昼間帯,逆方向,-2360,-2360,0,0,0,0,-2360,熱容量,0,0,0,0,2024/09/20 17:01:43
月間,202409,策定,相馬双葉幹線,2024/11/27,夜間帯,順方向,4260,4710,0,450,0,0,4710,安定度,0,0,0,0,2024/09/20 17:01:43
月間,202409,策定,相馬双葉幹線,2024/11/27,夜間帯,逆方向,-2360,-2360,0,0,0,0,-2360,熱容量,0,0,0,0,2024/09/20 17:01:43
月間,202410,策定,相馬双葉幹線,2024/11/27,昼間帯,順方向,4610,5060,0,450,0,0,5060,安定度,0,0,0,0,2024/10/18 17:01:29
月間,202410,策定,相馬双葉幹線,2024/11/27,昼間帯,逆方向,-2360,-2360,0,0,0,0,-2360,熱容量,0,0,0,0,2024/10/18 17:01:29
月間,202410,策定,相馬双葉幹線,2024/11/27,夜間帯,順方向,4060,4510,0,450,0,0,4510,安定度,0,0,0,0,2024/10/18 17:01:29
月間,202410,策定,相馬双葉幹線,2024/11/27,夜間帯,逆方向,-2360,-2360,0,0,0,0,-2360,熱容量,0,0,0,0,2024/10/18 17:01:29
月間,202409,策定,相馬双葉幹線,2024/11/28,昼間帯,順方向,4860,5310,0,450,0,0,5310,安定度,0,0,0,0,2024/09/20 17:01:43
月間,202409,策定,相馬双葉幹線,2024/11/28,昼間帯,逆方向,-2360,-2360,0,0,0,0,-2360,熱容量,0,0,0,0,2024/09/20 17:01:43
月間,202409,策定,相馬双葉幹線,2024/11/28,夜間帯,順方向,4260,4710,0,450,0,0,4710,安定度,0,0,0,0,2024/09/20 17:01:43
月間,202409,策定,相馬双葉幹線,2024/11/28,夜間帯,逆方向,-2360,-2360,0,0,0,0,-2360,熱容量,0,0,0,0,2024/09/20 17:01:43
月間,202410,策定,相馬双葉幹線,2024/11/28,昼間帯,順方向,4610,5060,0,450,0,0,5060,安定度,0,0,0,0,2024/10/18 17:01:29
月間,202410,策定,相馬双葉幹線,2024/11/28,昼間帯,逆方向,-2360,-2360,0,0,0,0,-2360,熱容量,0,0,0,0,2024/10/18 17:01:29
月間,202410,策定,相馬双葉幹線,2024/11/28,夜間帯,順方向,4060,4510,0,450,0,0,4510,安定度,0,0,0,0,2024/10/18 17:01:29
月間,202410,策定,相馬双葉幹線,2024/11/28,夜間帯,逆方向,-2360,-2360,0,0,0,0,-2360,熱容量,0,0,0,0,2024/10/18 17:01:29
月間,202409,策定,相馬双葉幹線,2024/11/29,昼間帯,順方向,4860,5310,0,450,0,0,5310,安定度,0,0,0,0,2024/09/20 17:01:43
月間,202409,策定,相馬双葉幹線,2024/11/29,昼間帯,逆方向,-2360,-2360,0,0,0,0,-2360,熱容量,0,0,0,0,2024/09/20 17:01:43
月間,202409,策定,相馬双葉幹線,2024/11/29,夜間帯,順方向,4260,4710,0,450,0,0,4710,安定度,0,0,0,0,2024/09/20 17:01:43
月間,202409,策定,相馬双葉幹線,2024/11/29,夜間帯,逆方向,-2360,-2360,0,0,0,0,-2360,熱容量,0,0,0,0,2024/09/20 17:01:43
月間,202410,策定,相馬双葉幹線,2024/11/29,昼間帯,順方向,4810,5260,0,450,0,0,5260,安定度,0,0,0,0,2024/10/18 17:01:29
月間,202410,策定,相馬双葉幹線,2024/11/29,昼間帯,逆方向,-2360,-2360,0,0,0,0,-2360,熱容量,0,0,0,0,2024/10/18 17:01:29
月間,202410,策定,相馬双葉幹線,2024/11/29,夜間帯,順方向,4210,4660,0,450,0,0,4660,安定度,0,0,0,0,2024/10/18 17:01:29
月間,202410,策定,相馬双葉幹線,2024/11/29,夜間帯,逆方向,-2360,-2360,0,0,0,0,-2360,熱容量,0,0,0,0,2024/10/18 17:01:29
月間,202409,策定,相馬双葉幹線,2024/11/30,昼間帯,順方向,4860,5310,0,450,0,0,5310,安定度,0,0,0,0,2024/09/20 17:01:43
月間,202409,策定,相馬双葉幹線,2024/11/30,昼間帯,逆方向,-2360,-2360,0,0,0,0,-2360,熱容量,0,0,0,0,2024/09/20 17:01:43
月間,202409,策定,相馬双葉幹線,2024/11/30,夜間帯,順方向,4260,4710,0,450,0,0,4710,安定度,0,0,0,0,2024/09/20 17:01:43
月間,202409,策定,相馬双葉幹線,2024/11/30,夜間帯,逆方向,-2360,-2360,0,0,0,0,-2360,熱容量,0,0,0,0,2024/09/20 17:01:43
月間,202410,策定,相馬双葉幹線,2024/11/30,昼間帯,順方向,4810,5260,0,450,0,0,5260,安定度,0,0,0,0,2024/10/18 17:01:29
月間,202410,策定,相馬双葉幹線,2024/11/30,昼間帯,逆方向,-2360,-2360,0,0,0,0,-2360,熱容量,0,0,0,0,2024/10/18 17:01:29
月間,202410,策定,相馬双葉幹線,2024/11/30,夜間帯,順方向,4210,4660,0,450,0,0,4660,安定度,0,0,0,0,2024/10/18 17:01:29
月間,202410,策定,相馬双葉幹線,2024/11/30,夜間帯,逆方向,-2360,-2360,0,0,0,0,-2360,熱容量,0,0,0,0,2024/10/18 17:01:29
月間,202410,策定,相馬双葉幹線,2024/12/01,昼間帯,順方向,4930,5310,0,380,0,0,5310,安定度,0,0,0,0,2024/10/18 17:01:29
月間,202410,策定,相馬双葉幹線,2024/12/01,昼間帯,逆方向,-2360,-2360,0,0,0,0,-2360,熱容量,0,0,0,0,2024/10/18 17:01:29
月間,202410,策定,相馬双葉幹線,2024/12/01,夜間帯,順方向,4530,4910,0,380,0,0,4910,安定度,0,0,0,0,2024/10/18 17:01:29
月間,202410,策定,相馬双葉幹線,2024/12/01,夜間帯,逆方向,-2360,-2360,0,0,0,0,-2360,熱容量,0,0,0,0,2024/10/18 17:01:29
月間,202410,策定,相馬双葉幹線,2024/12/02,昼間帯,順方向,4930,5310,0,380,0,0,5310,安定度,0,0,0,0,2024/10/18 17:01:29
月間,202410,策定,相馬双葉幹線,2024/12/02,昼間帯,逆方向,-2360,-2360,0,0,0,0,-2360,熱容量,0,0,0,0,2024/10/18 17:01:29
月間,202410,策定,相馬双葉幹線,2024/12/02,夜間帯,順方向,4530,4910,0,380,0,0,4910,安定度,0,0,0,0,2024/10/18 17:01:29
月間,202410,策定,相馬双葉幹線,2024/12/02,夜間帯,逆方向,-2360,-2360,0,0,0,0,-2360,熱容量,0,0,0,0,2024/10/18 17:01:29
月間,202410,策定,相馬双葉幹線,2024/12/03,昼間帯,順方向,3170,3550,0,380,0,0,3550,熱容量（作業）,0,0,0,0,2024/10/18 17:01:29
月間,202410,策定,相馬双葉幹線,2024/12/03,昼間帯,逆方向,-2360,-2360,0,0,0,0,-2360,熱容量,0,0,0,0,2024/10/18 17:01:29
月間,202410,策定,相馬双葉幹線,2024/12/03,夜間帯,順方向,3070,3450,0,380,0,0,3450,熱容量（作業）,0,0,0,0,2024/10/18 17:01:29
月間,202410,策定,相馬双葉幹線,2024/12/03,夜間帯,逆方向,-2360,-2360,0,0,0,0,-2360,熱容量,0,0,0,0,2024/10/18 17:01:29
月間,202410,策定,相馬双葉幹線,2024/12/04,昼間帯,順方向,3170,3550,0,380,0,0,3550,熱容量（作業）,0,0,0,0,2024/10/18 17:01:29
月間,202410,策定,相馬双葉幹線,2024/12/04,昼間帯,逆方向,-2360,-2360,0,0,0,0,-2360,熱容量,0,0,0,0,2024/10/18 17:01:29
月間,202410,策定,相馬双葉幹線,2024/12/04,夜間帯,順方向,3070,3450,0,380,0,0,3450,熱容量（作業）,0,0,0,0,2024/10/18 17:01:29
月間,202410,策定,相馬双葉幹線,2024/12/04,夜間帯,逆方向,-2360,-2360,0,0,0,0,-2360,熱容量,0,0,0,0,2024/10/18 17:01:29
月間,202410,策定,相馬双葉幹線,2024/12/05,昼間帯,順方向,3170,3550,0,380,0,0,3550,熱容量（作業）,0,0,0,0,2024/10/18 17:01:29
月間,202410,策定,相馬双葉幹線,2024/12/05,昼間帯,逆方向,-2360,-2360,0,0,0,0,-2360,熱容量,0,0,0,0,2024/10/18 17:01:29
月間,202410,策定,相馬双葉幹線,2024/12/05,夜間帯,順方向,3070,3450,0,380,0,0,3450,熱容量（作業）,0,0,0,0,2024/10/18 17:01:29
月間,202410,策定,相馬双葉幹線,2024/12/05,夜間帯,逆方向,-2360,-2360,0,0,0,0,-2360,熱容量,0,0,0,0,2024/10/18 17:01:29
月間,202410,策定,相馬双葉幹線,2024/12/06,昼間帯,順方向,3170,3550,0,380,0,0,3550,熱容量（作業）,0,0,0,0,2024/10/18 17:01:29
月間,202410,策定,相馬双葉幹線,2024/12/06,昼間帯,逆方向,-2360,-2360,0,0,0,0,-2360,熱容量,0,0,0,0,2024/10/18 17:01:29
月間,202410,策定,相馬双葉幹線,2024/12/06,夜間帯,順方向,3070,3450,0,380,0,0,3450,熱容量（作業）,0,0,0,0,2024/10/18 17:01:29
月間,202410,策定,相馬双葉幹線,2024/12/06,夜間帯,逆方向,-2360,-2360,0,0,0,0,-2360,熱容量,0,0,0,0,2024/10/18 17:01:29
月間,202410,策定,相馬双葉幹線,2024/12/07,昼間帯,順方向,3170,3550,0,380,0,0,3550,熱容量（作業）,0,0,0,0,2024/10/18 17:01:29
月間,202410,策定,相馬双葉幹線,2024/12/07,昼間帯,逆方向,-2360,-2360,0,0,0,0,-2360,熱容量,0,0,0,0,2024/10/18 17:01:29
月間,202410,策定,相馬双葉幹線,2024/12/07,夜間帯,順方向,3070,3450,0,380,0,0,3450,熱容量（作業）,0,0,0,0,2024/10/18 17:01:29
月間,202410,策定,相馬双葉幹線,2024/12/07,夜間帯,逆方向,-2360,-2360,0,0,0,0,-2360,熱容量,0,0,0,0,2024/10/18 17:01:29
月間,202411,策定,相馬双葉幹線,2024/12/07,昼間帯,順方向,3170,3550,0,380,0,0,3550,熱容量（作業）,0,0,0,0,2024/11/20 16:59:38
月間,202411,策定,相馬双葉幹線,2024/12/07,昼間帯,逆方向,-2360,-2360,0,0,0,0,-2360,熱容量,0,0,0,0,2024/11/20 16:59:38
月間,202411,策定,相馬双葉幹線,2024/12/07,夜間帯,順方向,3070,3450,0,380,0,0,3450,熱容量（作業）,0,0,0,0,2024/11/20 16:59:38
月間,202411,策定,相馬双葉幹線,2024/12/07,夜間帯,逆方向,-2360,-2360,0,0,0,0,-2360,熱容量,0,0,0,0,2024/11/20 16:59:38
月間,202410,策定,相馬双葉幹線,2024/12/08,昼間帯,順方向,5170,5550,0,380,0,0,5550,熱容量,0,0,0,0,2024/10/18 17:01:29
月間,202410,策定,相馬双葉幹線,2024/12/08,昼間帯,逆方向,-2360,-2360,0,0,0,0,-2360,熱容量,0,0,0,0,2024/10/18 17:01:29
月間,202410,策定,相馬双葉幹線,2024/12/08,夜間帯,順方向,4970,5350,0,380,0,0,5350,熱容量,0,0,0,0,2024/10/18 17:01:29
月間,202410,策定,相馬双葉幹線,2024/12/08,夜間帯,逆方向,-2360,-2360,0,0,0,0,-2360,熱容量,0,0,0,0,2024/10/18 17:01:29
月間,202411,策定,相馬双葉幹線,2024/12/08,昼間帯,順方向,5170,5550,0,380,0,0,5550,熱容量,0,0,0,0,2024/11/20 16:59:38
月間,202411,策定,相馬双葉幹線,2024/12/08,昼間帯,逆方向,-2360,-2360,0,0,0,0,-2360,熱容量,0,0,0,0,2024/11/20 16:59:38
月間,202411,策定,相馬双葉幹線,2024/12/08,夜間帯,順方向,4680,5060,0,380,0,0,5060,安定度,0,0,0,0,2024/11/20 16:59:38
月間,202411,策定,相馬双葉幹線,2024/12/08,夜間帯,逆方向,-2360,-2360,0,0,0,0,-2360,熱容量,0,0,0,0,2024/11/20 16:59:38
月間,202410,策定,相馬双葉幹線,2024/12/09,昼間帯,順方向,3170,3550,0,380,0,0,3550,熱容量（作業）,0,0,0,0,2024/10/18 17:01:29
月間,202410,策定,相馬双葉幹線,2024/12/09,昼間帯,逆方向,-2360,-2360,0,0,0,0,-2360,熱容量,0,0,0,0,2024/10/18 17:01:29
月間,202410,策定,相馬双葉幹線,2024/12/09,夜間帯,順方向,3070,3450,0,380,0,0,3450,熱容量（作業）,0,0,0,0,2024/10/18 17:01:29
月間,202410,策定,相馬双葉幹線,2024/12/09,夜間帯,逆方向,-2360,-2360,0,0,0,0,-2360,熱容量,0,0,0,0,2024/10/18 17:01:29
月間,202411,策定,相馬双葉幹線,2024/12/09,昼間帯,順方向,3170,3550,0,380,0,0,3550,熱容量（作業）,0,0,0,0,2024/11/20 16:59:38
月間,202411,策定,相馬双葉幹線,2024/12/09,昼間帯,逆方向,-2360,-2360,0,0,0,0,-2360,熱容量,0,0,0,0,2024/11/20 16:59:38
月間,202411,策定,相馬双葉幹線,2024/12/09,夜間帯,順方向,3070,3450,0,380,0,0,3450,熱容量（作業）,0,0,0,0,2024/11/20 16:59:38
月間,202411,策定,相馬双葉幹線,2024/12/09,夜間帯,逆方向,-2360,-2360,0,0,0,0,-2360,熱容量,0,0,0,0,2024/11/20 16:59:38
月間,202410,策定,相馬双葉幹線,2024/12/10,昼間帯,順方向,3170,3550,0,380,0,0,3550,熱容量（作業）,0,0,0,0,2024/10/18 17:01:29
月間,202410,策定,相馬双葉幹線,2024/12/10,昼間帯,逆方向,-2360,-2360,0,0,0,0,-2360,熱容量,0,0,0,0,2024/10/18 17:01:29
月間,202410,策定,相馬双葉幹線,2024/12/10,夜間帯,順方向,3070,3450,0,380,0,0,3450,熱容量（作業）,0,0,0,0,2024/10/18 17:01:29
月間,202410,策定,相馬双葉幹線,2024/12/10,夜間帯,逆方向,-2360,-2360,0,0,0,0,-2360,熱容量,0,0,0,0,2024/10/18 17:01:29
月間,202411,策定,相馬双葉幹線,2024/12/10,昼間帯,順方向,3170,3550,0,380,0,0,3550,熱容量（作業）,0,0,0,0,2024/11/20 16:59:38
月間,202411,策定,相馬双葉幹線,2024/12/10,昼間帯,逆方向,-2360,-2360,0,0,0,0,-2360,熱容量,0,0,0,0,2024/11/20 16:59:38
月間,202411,策定,相馬双葉幹線,2024/12/10,夜間帯,順方向,3070,3450,0,380,0,0,3450,熱容量（作業）,0,0,0,0,2024/11/20 16:59:38
月間,202411,策定,相馬双葉幹線,2024/12/10,夜間帯,逆方向,-2360,-2360,0,0,0,0,-2360,熱容量,0,0,0,0,2024/11/20 16:59:38
月間,202410,策定,相馬双葉幹線,2024/12/11,昼間帯,順方向,3170,3550,0,380,0,0,3550,熱容量（作業）,0,0,0,0,2024/10/18 17:01:29
月間,202410,策定,相馬双葉幹線,2024/12/11,昼間帯,逆方向,-2360,-2360,0,0,0,0,-2360,熱容量,0,0,0,0,2024/10/18 17:01:29
月間,202410,策定,相馬双葉幹線,2024/12/11,夜間帯,順方向,3070,3450,0,380,0,0,3450,熱容量（作業）,0,0,0,0,2024/10/18 17:01:29
月間,202410,策定,相馬双葉幹線,2024/12/11,夜間帯,逆方向,-2360,-2360,0,0,0,0,-2360,熱容量,0,0,0,0,2024/10/18 17:01:29
月間,202411,策定,相馬双葉幹線,2024/12/11,昼間帯,順方向,3170,3550,0,380,0,0,3550,熱容量（作業）,0,0,0,0,2024/11/20 16:59:38
月間,202411,策定,相馬双葉幹線,2024/12/11,昼間帯,逆方向,-2360,-2360,0,0,0,0,-2360,熱容量,0,0,0,0,2024/11/20 16:59:38
月間,202411,策定,相馬双葉幹線,2024/12/11,夜間帯,順方向,3070,3450,0,380,0,0,3450,熱容量（作業）,0,0,0,0,2024/11/20 16:59:38
月間,202411,策定,相馬双葉幹線,2024/12/11,夜間帯,逆方向,-2360,-2360,0,0,0,0,-2360,熱容量,0,0,0,0,2024/11/20 16:59:38
月間,202410,策定,相馬双葉幹線,2024/12/12,昼間帯,順方向,3170,3550,0,380,0,0,3550,熱容量（作業）,0,0,0,0,2024/10/18 17:01:29
月間,202410,策定,相馬双葉幹線,2024/12/12,昼間帯,逆方向,-2360,-2360,0,0,0,0,-2360,熱容量,0,0,0,0,2024/10/18 17:01:29
月間,202410,策定,相馬双葉幹線,2024/12/12,夜間帯,順方向,3070,3450,0,380,0,0,3450,熱容量（作業）,0,0,0,0,2024/10/18 17:01:29
月間,202410,策定,相馬双葉幹線,2024/12/12,夜間帯,逆方向,-2360,-2360,0,0,0,0,-2360,熱容量,0,0,0,0,2024/10/18 17:01:29
月間,202411,策定,相馬双葉幹線,2024/12/12,昼間帯,順方向,3170,3550,0,380,0,0,3550,熱容量（作業）,0,0,0,0,2024/11/20 16:59:38
月間,202411,策定,相馬双葉幹線,2024/12/12,昼間帯,逆方向,-2360,-2360,0,0,0,0,-2360,熱容量,0,0,0,0,2024/11/20 16:59:38
月間,202411,策定,相馬双葉幹線,2024/12/12,夜間帯,順方向,3070,3450,0,380,0,0,3450,熱容量（作業）,0,0,0,0,2024/11/20 16:59:38
月間,202411,策定,相馬双葉幹線,2024/12/12,夜間帯,逆方向,-2360,-2360,0,0,0,0,-2360,熱容量,0,0,0,0,2024/11/20 16:59:38
月間,202410,策定,相馬双葉幹線,2024/12/13,昼間帯,順方向,3170,3550,0,380,0,0,3550,熱容量（作業）,0,0,0,0,2024/10/18 17:01:29
月間,202410,策定,相馬双葉幹線,2024/12/13,昼間帯,逆方向,-2360,-2360,0,0,0,0,-2360,熱容量,0,0,0,0,2024/10/18 17:01:29
月間,202410,策定,相馬双葉幹線,2024/12/13,夜間帯,順方向,3070,3450,0,380,0,0,3450,熱容量（作業）,0,0,0,0,2024/10/18 17:01:29
月間,202410,策定,相馬双葉幹線,2024/12/13,夜間帯,逆方向,-2360,-2360,0,0,0,0,-2360,熱容量,0,0,0,0,2024/10/18 17:01:29
月間,202411,策定,相馬双葉幹線,2024/12/13,昼間帯,順方向,3170,3550,0,380,0,0,3550,熱容量（作業）,0,0,0,0,2024/11/20 16:59:38
月間,202411,策定,相馬双葉幹線,2024/12/13,昼間帯,逆方向,-2360,-2360,0,0,0,0,-2360,熱容量,0,0,0,0,2024/11/20 16:59:38
月間,202411,策定,相馬双葉幹線,2024/12/13,夜間帯,順方向,3070,3450,0,380,0,0,3450,熱容量（作業）,0,0,0,0,2024/11/20 16:59:38
月間,202411,策定,相馬双葉幹線,2024/12/13,夜間帯,逆方向,-2360,-2360,0,0,0,0,-2360,熱容量,0,0,0,0,2024/11/20 16:59:38
月間,202410,策定,相馬双葉幹線,2024/12/14,昼間帯,順方向,4730,5110,0,380,0,0,5110,安定度,0,0,0,0,2024/10/18 17:01:29
月間,202410,策定,相馬双葉幹線,2024/12/14,昼間帯,逆方向,-2360,-2360,0,0,0,0,-2360,熱容量,0,0,0,0,2024/10/18 17:01:29
月間,202410,策定,相馬双葉幹線,2024/12/14,夜間帯,順方向,4330,4710,0,380,0,0,4710,安定度,0,0,0,0,2024/10/18 17:01:29
月間,202410,策定,相馬双葉幹線,2024/12/14,夜間帯,逆方向,-2360,-2360,0,0,0,0,-2360,熱容量,0,0,0,0,2024/10/18 17:01:29
月間,202411,策定,相馬双葉幹線,2024/12/14,昼間帯,順方向,4730,5110,0,380,0,0,5110,安定度,0,0,0,0,2024/11/20 16:59:38
月間,202411,策定,相馬双葉幹線,2024/12/14,昼間帯,逆方向,-2360,-2360,0,0,0,0,-2360,熱容量,0,0,0,0,2024/11/20 16:59:38
月間,202411,策定,相馬双葉幹線,2024/12/14,夜間帯,順方向,4330,4710,0,380,0,0,4710,安定度,0,0,0,0,2024/11/20 16:59:38
月間,202411,策定,相馬双葉幹線,2024/12/14,夜間帯,逆方向,-2360,-2360,0,0,0,0,-2360,熱容量,0,0,0,0,2024/11/20 16:59:38
月間,202410,策定,相馬双葉幹線,2024/12/15,昼間帯,順方向,4730,5110,0,380,0,0,5110,安定度,0,0,0,0,2024/10/18 17:01:29
月間,202410,策定,相馬双葉幹線,2024/12/15,昼間帯,逆方向,-2360,-2360,0,0,0,0,-2360,熱容量,0,0,0,0,2024/10/18 17:01:29
月間,202410,策定,相馬双葉幹線,2024/12/15,夜間帯,順方向,4330,4710,0,380,0,0,4710,安定度,0,0,0,0,2024/10/18 17:01:29
月間,202410,策定,相馬双葉幹線,2024/12/15,夜間帯,逆方向,-2360,-2360,0,0,0,0,-2360,熱容量,0,0,0,0,2024/10/18 17:01:29
月間,202411,策定,相馬双葉幹線,2024/12/15,昼間帯,順方向,4730,5110,0,380,0,0,5110,安定度,0,0,0,0,2024/11/20 16:59:38
月間,202411,策定,相馬双葉幹線,2024/12/15,昼間帯,逆方向,-2360,-2360,0,0,0,0,-2360,熱容量,0,0,0,0,2024/11/20 16:59:38
月間,202411,策定,相馬双葉幹線,2024/12/15,夜間帯,順方向,4330,4710,0,380,0,0,4710,安定度,0,0,0,0,2024/11/20 16:59:38
月間,202411,策定,相馬双葉幹線,2024/12/15,夜間帯,逆方向,-2360,-2360,0,0,0,0,-2360,熱容量,0,0,0,0,2024/11/20 16:59:38
月間,202410,策定,相馬双葉幹線,2024/12/16,昼間帯,順方向,4730,5110,0,380,0,0,5110,安定度,0,0,0,0,2024/10/18 17:01:29
月間,202410,策定,相馬双葉幹線,2024/12/16,昼間帯,逆方向,-2360,-2360,0,0,0,0,-2360,熱容量,0,0,0,0,2024/10/18 17:01:29
月間,202410,策定,相馬双葉幹線,2024/12/16,夜間帯,順方向,4330,4710,0,380,0,0,4710,安定度,0,0,0,0,2024/10/18 17:01:29
月間,202410,策定,相馬双葉幹線,2024/12/16,夜間帯,逆方向,-2360,-2360,0,0,0,0,-2360,熱容量,0,0,0,0,2024/10/18 17:01:29
月間,202411,策定,相馬双葉幹線,2024/12/16,昼間帯,順方向,4730,5110,0,380,0,0,5110,安定度,0,0,0,0,2024/11/20 16:59:38
月間,202411,策定,相馬双葉幹線,2024/12/16,昼間帯,逆方向,-2360,-2360,0,0,0,0,-2360,熱容量,0,0,0,0,2024/11/20 16:59:38
月間,202411,策定,相馬双葉幹線,2024/12/16,夜間帯,順方向,4330,4710,0,380,0,0,4710,安定度,0,0,0,0,2024/11/20 16:59:38
月間,202411,策定,相馬双葉幹線,2024/12/16,夜間帯,逆方向,-2360,-2360,0,0,0,0,-2360,熱容量,0,0,0,0,2024/11/20 16:59:38
月間,202410,策定,相馬双葉幹線,2024/12/17,昼間帯,順方向,4730,5110,0,380,0,0,5110,安定度,0,0,0,0,2024/10/18 17:01:29
月間,202410,策定,相馬双葉幹線,2024/12/17,昼間帯,逆方向,-2360,-2360,0,0,0,0,-2360,熱容量,0,0,0,0,2024/10/18 17:01:29
月間,202410,策定,相馬双葉幹線,2024/12/17,夜間帯,順方向,4330,4710,0,380,0,0,4710,安定度,0,0,0,0,2024/10/18 17:01:29
月間,202410,策定,相馬双葉幹線,2024/12/17,夜間帯,逆方向,-2360,-2360,0,0,0,0,-2360,熱容量,0,0,0,0,2024/10/18 17:01:29
月間,202411,策定,相馬双葉幹線,2024/12/17,昼間帯,順方向,4730,5110,0,380,0,0,5110,安定度,0,0,0,0,2024/11/20 16:59:38
月間,202411,策定,相馬双葉幹線,2024/12/17,昼間帯,逆方向,-2360,-2360,0,0,0,0,-2360,熱容量,0,0,0,0,2024/11/20 16:59:38
月間,202411,策定,相馬双葉幹線,2024/12/17,夜間帯,順方向,4330,4710,0,380,0,0,4710,安定度,0,0,0,0,2024/11/20 16:59:38
月間,202411,策定,相馬双葉幹線,2024/12/17,夜間帯,逆方向,-2360,-2360,0,0,0,0,-2360,熱容量,0,0,0,0,2024/11/20 16:59:38
月間,202410,策定,相馬双葉幹線,2024/12/18,昼間帯,順方向,4730,5110,0,380,0,0,5110,安定度,0,0,0,0,2024/10/18 17:01:29
月間,202410,策定,相馬双葉幹線,2024/12/18,昼間帯,逆方向,-2360,-2360,0,0,0,0,-2360,熱容量,0,0,0,0,2024/10/18 17:01:29
月間,202410,策定,相馬双葉幹線,2024/12/18,夜間帯,順方向,4330,4710,0,380,0,0,4710,安定度,0,0,0,0,2024/10/18 17:01:29
月間,202410,策定,相馬双葉幹線,2024/12/18,夜間帯,逆方向,-2360,-2360,0,0,0,0,-2360,熱容量,0,0,0,0,2024/10/18 17:01:29
月間,202411,策定,相馬双葉幹線,2024/12/18,昼間帯,順方向,4730,5110,0,380,0,0,5110,安定度,0,0,0,0,2024/11/20 16:59:38
月間,202411,策定,相馬双葉幹線,2024/12/18,昼間帯,逆方向,-2360,-2360,0,0,0,0,-2360,熱容量,0,0,0,0,2024/11/20 16:59:38
月間,202411,策定,相馬双葉幹線,2024/12/18,夜間帯,順方向,4330,4710,0,380,0,0,4710,安定度,0,0,0,0,2024/11/20 16:59:38
月間,202411,策定,相馬双葉幹線,2024/12/18,夜間帯,逆方向,-2360,-2360,0,0,0,0,-2360,熱容量,0,0,0,0,2024/11/20 16:59:38
月間,202410,策定,相馬双葉幹線,2024/12/19,昼間帯,順方向,4730,5110,0,380,0,0,5110,安定度,0,0,0,0,2024/10/18 17:01:29
月間,202410,策定,相馬双葉幹線,2024/12/19,昼間帯,逆方向,-2360,-2360,0,0,0,0,-2360,熱容量,0,0,0,0,2024/10/18 17:01:29
月間,202410,策定,相馬双葉幹線,2024/12/19,夜間帯,順方向,4330,4710,0,380,0,0,4710,安定度,0,0,0,0,2024/10/18 17:01:29
月間,202410,策定,相馬双葉幹線,2024/12/19,夜間帯,逆方向,-2360,-2360,0,0,0,0,-2360,熱容量,0,0,0,0,2024/10/18 17:01:29
月間,202411,策定,相馬双葉幹線,2024/12/19,昼間帯,順方向,4730,5110,0,380,0,0,5110,安定度,0,0,0,0,2024/11/20 16:59:38
月間,202411,策定,相馬双葉幹線,2024/12/19,昼間帯,逆方向,-2360,-2360,0,0,0,0,-2360,熱容量,0,0,0,0,2024/11/20 16:59:38
月間,202411,策定,相馬双葉幹線,2024/12/19,夜間帯,順方向,4330,4710,0,380,0,0,4710,安定度,0,0,0,0,2024/11/20 16:59:38
月間,202411,策定,相馬双葉幹線,2024/12/19,夜間帯,逆方向,-2360,-2360,0,0,0,0,-2360,熱容量,0,0,0,0,2024/11/20 16:59:38
月間,202410,策定,相馬双葉幹線,2024/12/20,昼間帯,順方向,4730,5110,0,380,0,0,5110,安定度,0,0,0,0,2024/10/18 17:01:29
月間,202410,策定,相馬双葉幹線,2024/12/20,昼間帯,逆方向,-2360,-2360,0,0,0,0,-2360,熱容量,0,0,0,0,2024/10/18 17:01:29
月間,202410,策定,相馬双葉幹線,2024/12/20,夜間帯,順方向,4330,4710,0,380,0,0,4710,安定度,0,0,0,0,2024/10/18 17:01:29
月間,202410,策定,相馬双葉幹線,2024/12/20,夜間帯,逆方向,-2360,-2360,0,0,0,0,-2360,熱容量,0,0,0,0,2024/10/18 17:01:29
月間,202411,策定,相馬双葉幹線,2024/12/20,昼間帯,順方向,4730,5110,0,380,0,0,5110,安定度,0,0,0,0,2024/11/20 16:59:38
月間,202411,策定,相馬双葉幹線,2024/12/20,昼間帯,逆方向,-2360,-2360,0,0,0,0,-2360,熱容量,0,0,0,0,2024/11/20 16:59:38
月間,202411,策定,相馬双葉幹線,2024/12/20,夜間帯,順方向,4330,4710,0,380,0,0,4710,安定度,0,0,0,0,2024/11/20 16:59:38
月間,202411,策定,相馬双葉幹線,2024/12/20,夜間帯,逆方向,-2360,-2360,0,0,0,0,-2360,熱容量,0,0,0,0,2024/11/20 16:59:38
月間,202410,策定,相馬双葉幹線,2024/12/21,昼間帯,順方向,4730,5110,0,380,0,0,5110,安定度,0,0,0,0,2024/10/18 17:01:29
月間,202410,策定,相馬双葉幹線,2024/12/21,昼間帯,逆方向,-2360,-2360,0,0,0,0,-2360,熱容量,0,0,0,0,2024/10/18 17:01:29
月間,202410,策定,相馬双葉幹線,2024/12/21,夜間帯,順方向,4330,4710,0,380,0,0,4710,安定度,0,0,0,0,2024/10/18 17:01:29
月間,202410,策定,相馬双葉幹線,2024/12/21,夜間帯,逆方向,-2360,-2360,0,0,0,0,-2360,熱容量,0,0,0,0,2024/10/18 17:01:29
月間,202411,策定,相馬双葉幹線,2024/12/21,昼間帯,順方向,4680,5060,0,380,0,0,5060,安定度,0,0,0,0,2024/11/20 16:59:38
月間,202411,策定,相馬双葉幹線,2024/12/21,昼間帯,逆方向,-2360,-2360,0,0,0,0,-2360,熱容量,0,0,0,0,2024/11/20 16:59:38
月間,202411,策定,相馬双葉幹線,2024/12/21,夜間帯,順方向,4330,4710,0,380,0,0,4710,安定度,0,0,0,0,2024/11/20 16:59:38
月間,202411,策定,相馬双葉幹線,2024/12/21,夜間帯,逆方向,-2360,-2360,0,0,0,0,-2360,熱容量,0,0,0,0,2024/11/20 16:59:38
月間,202410,策定,相馬双葉幹線,2024/12/22,昼間帯,順方向,4730,5110,0,380,0,0,5110,安定度（作業）,0,0,0,0,2024/10/18 17:01:29
月間,202410,策定,相馬双葉幹線,2024/12/22,昼間帯,逆方向,-2360,-2360,0,0,0,0,-2360,熱容量,0,0,0,0,2024/10/18 17:01:29
月間,202410,策定,相馬双葉幹線,2024/12/22,夜間帯,順方向,4380,4760,0,380,0,0,4760,安定度（作業）,0,0,0,0,2024/10/18 17:01:29
月間,202410,策定,相馬双葉幹線,2024/12/22,夜間帯,逆方向,-2360,-2360,0,0,0,0,-2360,熱容量,0,0,0,0,2024/10/18 17:01:29
月間,202411,策定,相馬双葉幹線,2024/12/22,昼間帯,順方向,4730,5110,0,380,0,0,5110,安定度（作業）,0,0,0,0,2024/11/20 16:59:38
月間,202411,策定,相馬双葉幹線,2024/12/22,昼間帯,逆方向,-2360,-2360,0,0,0,0,-2360,熱容量,0,0,0,0,2024/11/20 16:59:38
月間,202411,策定,相馬双葉幹線,2024/12/22,夜間帯,順方向,4380,4760,0,380,0,0,4760,安定度（作業）,0,0,0,0,2024/11/20 16:59:38
月間,202411,策定,相馬双葉幹線,2024/12/22,夜間帯,逆方向,-2360,-2360,0,0,0,0,-2360,熱容量,0,0,0,0,2024/11/20 16:59:38
月間,202410,策定,相馬双葉幹線,2024/12/23,昼間帯,順方向,4730,5110,0,380,0,0,5110,安定度,0,0,0,0,2024/10/18 17:01:29
月間,202410,策定,相馬双葉幹線,2024/12/23,昼間帯,逆方向,-2360,-2360,0,0,0,0,-2360,熱容量,0,0,0,0,2024/10/18 17:01:29
月間,202410,策定,相馬双葉幹線,2024/12/23,夜間帯,順方向,4330,4710,0,380,0,0,4710,安定度,0,0,0,0,2024/10/18 17:01:29
月間,202410,策定,相馬双葉幹線,2024/12/23,夜間帯,逆方向,-2360,-2360,0,0,0,0,-2360,熱容量,0,0,0,0,2024/10/18 17:01:29
月間,202411,策定,相馬双葉幹線,2024/12/23,昼間帯,順方向,4730,5110,0,380,0,0,5110,安定度,0,0,0,0,2024/11/20 16:59:38
月間,202411,策定,相馬双葉幹線,2024/12/23,昼間帯,逆方向,-2360,-2360,0,0,0,0,-2360,熱容量,0,0,0,0,2024/11/20 16:59:38
月間,202411,策定,相馬双葉幹線,2024/12/23,夜間帯,順方向,4330,4710,0,380,0,0,4710,安定度,0,0,0,0,2024/11/20 16:59:38
月間,202411,策定,相馬双葉幹線,2024/12/23,夜間帯,逆方向,-2360,-2360,0,0,0,0,-2360,熱容量,0,0,0,0,2024/11/20 16:59:38
月間,202410,策定,相馬双葉幹線,2024/12/24,昼間帯,順方向,4730,5110,0,380,0,0,5110,安定度,0,0,0,0,2024/10/18 17:01:29
月間,202410,策定,相馬双葉幹線,2024/12/24,昼間帯,逆方向,-2360,-2360,0,0,0,0,-2360,熱容量,0,0,0,0,2024/10/18 17:01:29
月間,202410,策定,相馬双葉幹線,2024/12/24,夜間帯,順方向,4330,4710,0,380,0,0,4710,安定度,0,0,0,0,2024/10/18 17:01:29
月間,202410,策定,相馬双葉幹線,2024/12/24,夜間帯,逆方向,-2360,-2360,0,0,0,0,-2360,熱容量,0,0,0,0,2024/10/18 17:01:29
月間,202411,策定,相馬双葉幹線,2024/12/24,昼間帯,順方向,4730,5110,0,380,0,0,5110,安定度,0,0,0,0,2024/11/20 16:59:38
月間,202411,策定,相馬双葉幹線,2024/12/24,昼間帯,逆方向,-2360,-2360,0,0,0,0,-2360,熱容量,0,0,0,0,2024/11/20 16:59:38
月間,202411,策定,相馬双葉幹線,2024/12/24,夜間帯,順方向,4330,4710,0,380,0,0,4710,安定度,0,0,0,0,2024/11/20 16:59:38
月間,202411,策定,相馬双葉幹線,2024/12/24,夜間帯,逆方向,-2360,-2360,0,0,0,0,-2360,熱容量,0,0,0,0,2024/11/20 16:59:38
月間,202410,策定,相馬双葉幹線,2024/12/25,昼間帯,順方向,4730,5110,0,380,0,0,5110,安定度,0,0,0,0,2024/10/18 17:01:29
月間,202410,策定,相馬双葉幹線,2024/12/25,昼間帯,逆方向,-2360,-2360,0,0,0,0,-2360,熱容量,0,0,0,0,2024/10/18 17:01:29
月間,202410,策定,相馬双葉幹線,2024/12/25,夜間帯,順方向,4330,4710,0,380,0,0,4710,安定度,0,0,0,0,2024/10/18 17:01:29
月間,202410,策定,相馬双葉幹線,2024/12/25,夜間帯,逆方向,-2360,-2360,0,0,0,0,-2360,熱容量,0,0,0,0,2024/10/18 17:01:29
月間,202411,策定,相馬双葉幹線,2024/12/25,昼間帯,順方向,4730,5110,0,380,0,0,5110,安定度,0,0,0,0,2024/11/20 16:59:38
月間,202411,策定,相馬双葉幹線,2024/12/25,昼間帯,逆方向,-2360,-2360,0,0,0,0,-2360,熱容量,0,0,0,0,2024/11/20 16:59:38
月間,202411,策定,相馬双葉幹線,2024/12/25,夜間帯,順方向,4330,4710,0,380,0,0,4710,安定度,0,0,0,0,2024/11/20 16:59:38
月間,202411,策定,相馬双葉幹線,2024/12/25,夜間帯,逆方向,-2360,-2360,0,0,0,0,-2360,熱容量,0,0,0,0,2024/11/20 16:59:38
月間,202410,策定,相馬双葉幹線,2024/12/26,昼間帯,順方向,4730,5110,0,380,0,0,5110,安定度,0,0,0,0,2024/10/18 17:01:29
月間,202410,策定,相馬双葉幹線,2024/12/26,昼間帯,逆方向,-2360,-2360,0,0,0,0,-2360,熱容量,0,0,0,0,2024/10/18 17:01:29
月間,202410,策定,相馬双葉幹線,2024/12/26,夜間帯,順方向,4330,4710,0,380,0,0,4710,安定度,0,0,0,0,2024/10/18 17:01:29
月間,202410,策定,相馬双葉幹線,2024/12/26,夜間帯,逆方向,-2360,-2360,0,0,0,0,-2360,熱容量,0,0,0,0,2024/10/18 17:01:29
月間,202411,策定,相馬双葉幹線,2024/12/26,昼間帯,順方向,4680,5060,0,380,0,0,5060,安定度,0,0,0,0,2024/11/20 16:59:38
月間,202411,策定,相馬双葉幹線,2024/12/26,昼間帯,逆方向,-2360,-2360,0,0,0,0,-2360,熱容量,0,0,0,0,2024/11/20 16:59:38
月間,202411,策定,相馬双葉幹線,2024/12/26,夜間帯,順方向,4330,4710,0,380,0,0,4710,安定度,0,0,0,0,2024/11/20 16:59:38
月間,202411,策定,相馬双葉幹線,2024/12/26,夜間帯,逆方向,-2360,-2360,0,0,0,0,-2360,熱容量,0,0,0,0,2024/11/20 16:59:38
月間,202410,策定,相馬双葉幹線,2024/12/27,昼間帯,順方向,5170,5550,0,380,0,0,5550,熱容量,0,0,0,0,2024/10/18 17:01:29
月間,202410,策定,相馬双葉幹線,2024/12/27,昼間帯,逆方向,-2360,-2360,0,0,0,0,-2360,熱容量,0,0,0,0,2024/10/18 17:01:29
月間,202410,策定,相馬双葉幹線,2024/12/27,夜間帯,順方向,4970,5350,0,380,0,0,5350,熱容量,0,0,0,0,2024/10/18 17:01:29
月間,202410,策定,相馬双葉幹線,2024/12/27,夜間帯,逆方向,-2360,-2360,0,0,0,0,-2360,熱容量,0,0,0,0,2024/10/18 17:01:29
月間,202411,策定,相馬双葉幹線,2024/12/27,昼間帯,順方向,5170,5550,0,380,0,0,5550,熱容量,0,0,0,0,2024/11/20 16:59:38
月間,202411,策定,相馬双葉幹線,2024/12/27,昼間帯,逆方向,-2360,-2360,0,0,0,0,-2360,熱容量,0,0,0,0,2024/11/20 16:59:38
月間,202411,策定,相馬双葉幹線,2024/12/27,夜間帯,順方向,4970,5350,0,380,0,0,5350,熱容量,0,0,0,0,2024/11/20 16:59:38
月間,202411,策定,相馬双葉幹線,2024/12/27,夜間帯,逆方向,-2360,-2360,0,0,0,0,-2360,熱容量,0,0,0,0,2024/11/20 16:59:38
月間,202410,策定,相馬双葉幹線,2024/12/28,昼間帯,順方向,5170,5550,0,380,0,0,5550,熱容量,0,0,0,0,2024/10/18 17:01:29
月間,202410,策定,相馬双葉幹線,2024/12/28,昼間帯,逆方向,-2360,-2360,0,0,0,0,-2360,熱容量,0,0,0,0,2024/10/18 17:01:29
月間,202410,策定,相馬双葉幹線,2024/12/28,夜間帯,順方向,4970,5350,0,380,0,0,5350,熱容量,0,0,0,0,2024/10/18 17:01:29
月間,202410,策定,相馬双葉幹線,2024/12/28,夜間帯,逆方向,-2360,-2360,0,0,0,0,-2360,熱容量,0,0,0,0,2024/10/18 17:01:29
月間,202411,策定,相馬双葉幹線,2024/12/28,昼間帯,順方向,5170,5550,0,380,0,0,5550,熱容量,0,0,0,0,2024/11/20 16:59:38
月間,202411,策定,相馬双葉幹線,2024/12/28,昼間帯,逆方向,-2360,-2360,0,0,0,0,-2360,熱容量,0,0,0,0,2024/11/20 16:59:38
月間,202411,策定,相馬双葉幹線,2024/12/28,夜間帯,順方向,4970,5350,0,380,0,0,5350,熱容量,0,0,0,0,2024/11/20 16:59:38
月間,202411,策定,相馬双葉幹線,2024/12/28,夜間帯,逆方向,-2360,-2360,0,0,0,0,-2360,熱容量,0,0,0,0,2024/11/20 16:59:38
月間,202410,策定,相馬双葉幹線,2024/12/29,昼間帯,順方向,5170,5550,0,380,0,0,5550,熱容量,0,0,0,0,2024/10/18 17:01:29
月間,202410,策定,相馬双葉幹線,2024/12/29,昼間帯,逆方向,-2360,-2360,0,0,0,0,-2360,熱容量,0,0,0,0,2024/10/18 17:01:29
月間,202410,策定,相馬双葉幹線,2024/12/29,夜間帯,順方向,4970,5350,0,380,0,0,5350,熱容量,0,0,0,0,2024/10/18 17:01:29
月間,202410,策定,相馬双葉幹線,2024/12/29,夜間帯,逆方向,-2360,-2360,0,0,0,0,-2360,熱容量,0,0,0,0,2024/10/18 17:01:29
月間,202411,策定,相馬双葉幹線,2024/12/29,昼間帯,順方向,5170,5550,0,380,0,0,5550,熱容量,0,0,0,0,2024/11/20 16:59:38
月間,202411,策定,相馬双葉幹線,2024/12/29,昼間帯,逆方向,-2360,-2360,0,0,0,0,-2360,熱容量,0,0,0,0,2024/11/20 16:59:38
月間,202411,策定,相馬双葉幹線,2024/12/29,夜間帯,順方向,4970,5350,0,380,0,0,5350,熱容量,0,0,0,0,2024/11/20 16:59:38
月間,202411,策定,相馬双葉幹線,2024/12/29,夜間帯,逆方向,-2360,-2360,0,0,0,0,-2360,熱容量,0,0,0,0,2024/11/20 16:59:38
月間,202410,策定,相馬双葉幹線,2024/12/30,昼間帯,順方向,5170,5550,0,380,0,0,5550,熱容量,0,0,0,0,2024/10/18 17:01:29
月間,202410,策定,相馬双葉幹線,2024/12/30,昼間帯,逆方向,-2360,-2360,0,0,0,0,-2360,熱容量,0,0,0,0,2024/10/18 17:01:29
月間,202410,策定,相馬双葉幹線,2024/12/30,夜間帯,順方向,4970,5350,0,380,0,0,5350,熱容量,0,0,0,0,2024/10/18 17:01:29
月間,202410,策定,相馬双葉幹線,2024/12/30,夜間帯,逆方向,-2360,-2360,0,0,0,0,-2360,熱容量,0,0,0,0,2024/10/18 17:01:29
月間,202411,策定,相馬双葉幹線,2024/12/30,昼間帯,順方向,5170,5550,0,380,0,0,5550,熱容量,0,0,0,0,2024/11/20 16:59:38
月間,202411,策定,相馬双葉幹線,2024/12/30,昼間帯,逆方向,-2360,-2360,0,0,0,0,-2360,熱容量,0,0,0,0,2024/11/20 16:59:38
月間,202411,策定,相馬双葉幹線,2024/12/30,夜間帯,順方向,4970,5350,0,380,0,0,5350,熱容量,0,0,0,0,2024/11/20 16:59:38
月間,202411,策定,相馬双葉幹線,2024/12/30,夜間帯,逆方向,-2360,-2360,0,0,0,0,-2360,熱容量,0,0,0,0,2024/11/20 16:59:38
月間,202410,策定,相馬双葉幹線,2024/12/31,昼間帯,順方向,5170,5550,0,380,0,0,5550,熱容量,0,0,0,0,2024/10/18 17:01:29
月間,202410,策定,相馬双葉幹線,2024/12/31,昼間帯,逆方向,-2360,-2360,0,0,0,0,-2360,熱容量,0,0,0,0,2024/10/18 17:01:29
月間,202410,策定,相馬双葉幹線,2024/12/31,夜間帯,順方向,4970,5350,0,380,0,0,5350,熱容量,0,0,0,0,2024/10/18 17:01:29
月間,202410,策定,相馬双葉幹線,2024/12/31,夜間帯,逆方向,-2360,-2360,0,0,0,0,-2360,熱容量,0,0,0,0,2024/10/18 17:01:29
月間,202411,策定,相馬双葉幹線,2024/12/31,昼間帯,順方向,5170,5550,0,380,0,0,5550,熱容量,0,0,0,0,2024/11/20 16:59:38
月間,202411,策定,相馬双葉幹線,2024/12/31,昼間帯,逆方向,-2360,-2360,0,0,0,0,-2360,熱容量,0,0,0,0,2024/11/20 16:59:38
月間,202411,策定,相馬双葉幹線,2024/12/31,夜間帯,順方向,4970,5350,0,380,0,0,5350,熱容量,0,0,0,0,2024/11/20 16:59:38
月間,202411,策定,相馬双葉幹線,2024/12/31,夜間帯,逆方向,-2360,-2360,0,0,0,0,-2360,熱容量,0,0,0,0,2024/11/20 16:59:38
月間,202409,策定,周波数変換設備,2024/11/01,昼間帯,順方向,450,450,0,600,600,0,1050,熱容量（作業）,0,0,0,0,2024/09/20 17:01:43
月間,202409,策定,周波数変換設備,2024/11/01,昼間帯,逆方向,-450,-450,0,-600,-600,0,-1050,熱容量（作業）,0,0,0,0,2024/09/20 17:01:43
月間,202409,策定,周波数変換設備,2024/11/01,夜間帯,順方向,750,750,0,600,600,0,1350,熱容量（作業）,0,0,0,0,2024/09/20 17:01:43
月間,202409,策定,周波数変換設備,2024/11/01,夜間帯,逆方向,-750,-750,0,-600,-600,0,-1350,熱容量（作業）,0,0,0,0,2024/09/20 17:01:43
月間,202409,策定,周波数変換設備,2024/11/02,昼間帯,順方向,750,750,0,600,600,0,1350,熱容量（作業）,0,0,0,0,2024/09/20 17:01:43
月間,202409,策定,周波数変換設備,2024/11/02,昼間帯,逆方向,-750,-750,0,-600,-600,0,-1350,熱容量（作業）,0,0,0,0,2024/09/20 17:01:43
月間,202409,策定,周波数変換設備,2024/11/02,夜間帯,順方向,750,750,0,600,600,0,1350,熱容量（作業）,0,0,0,0,2024/09/20 17:01:43
月間,202409,策定,周波数変換設備,2024/11/02,夜間帯,逆方向,-750,-750,0,-600,-600,0,-1350,熱容量（作業）,0,0,0,0,2024/09/20 17:01:43
月間,202410,策定,周波数変換設備,2024/11/02,昼間帯,順方向,750,750,0,600,600,0,1350,熱容量（作業）,0,0,0,0,2024/10/18 17:01:29
月間,202410,策定,周波数変換設備,2024/11/02,昼間帯,逆方向,-750,-750,0,-600,-600,0,-1350,熱容量（作業）,0,0,0,0,2024/10/18 17:01:29
月間,202410,策定,周波数変換設備,2024/11/02,夜間帯,順方向,750,750,0,600,600,0,1350,熱容量（作業）,0,0,0,0,2024/10/18 17:01:29
月間,202410,策定,周波数変換設備,2024/11/02,夜間帯,逆方向,-750,-750,0,-600,-600,0,-1350,熱容量（作業）,0,0,0,0,2024/10/18 17:01:29
月間,202409,策定,周波数変換設備,2024/11/03,昼間帯,順方向,750,750,0,600,600,0,1350,熱容量（作業）,0,0,0,0,2024/09/20 17:01:43
月間,202409,策定,周波数変換設備,2024/11/03,昼間帯,逆方向,-750,-750,0,-600,-600,0,-1350,熱容量（作業）,0,0,0,0,2024/09/20 17:01:43
月間,202409,策定,周波数変換設備,2024/11/03,夜間帯,順方向,750,750,0,600,600,0,1350,熱容量（作業）,0,0,0,0,2024/09/20 17:01:43
月間,202409,策定,周波数変換設備,2024/11/03,夜間帯,逆方向,-750,-750,0,-600,-600,0,-1350,熱容量（作業）,0,0,0,0,2024/09/20 17:01:43
月間,202410,策定,周波数変換設備,2024/11/03,昼間帯,順方向,750,750,0,600,600,0,1350,熱容量（作業）,0,0,0,0,2024/10/18 17:01:29
月間,202410,策定,周波数変換設備,2024/11/03,昼間帯,逆方向,-750,-750,0,-600,-600,0,-1350,熱容量（作業）,0,0,0,0,2024/10/18 17:01:29
月間,202410,策定,周波数変換設備,2024/11/03,夜間帯,順方向,750,750,0,600,600,0,1350,熱容量（作業）,0,0,0,0,2024/10/18 17:01:29
月間,202410,策定,周波数変換設備,2024/11/03,夜間帯,逆方向,-750,-750,0,-600,-600,0,-1350,熱容量（作業）,0,0,0,0,2024/10/18 17:01:29
月間,202409,策定,周波数変換設備,2024/11/04,昼間帯,順方向,750,750,0,600,600,0,1350,熱容量（作業）,0,0,0,0,2024/09/20 17:01:43
月間,202409,策定,周波数変換設備,2024/11/04,昼間帯,逆方向,-750,-750,0,-600,-600,0,-1350,熱容量（作業）,0,0,0,0,2024/09/20 17:01:43
月間,202409,策定,周波数変換設備,2024/11/04,夜間帯,順方向,300,300,0,600,600,0,900,熱容量（作業）,0,0,0,0,2024/09/20 17:01:43
月間,202409,策定,周波数変換設備,2024/11/04,夜間帯,逆方向,-300,-300,0,-600,-600,0,-900,熱容量（作業）,0,0,0,0,2024/09/20 17:01:43
月間,202410,策定,周波数変換設備,2024/11/04,昼間帯,順方向,750,750,0,600,600,0,1350,熱容量（作業）,0,0,0,0,2024/10/18 17:01:29
月間,202410,策定,周波数変換設備,2024/11/04,昼間帯,逆方向,-750,-750,0,-600,-600,0,-1350,熱容量（作業）,0,0,0,0,2024/10/18 17:01:29
月間,202410,策定,周波数変換設備,2024/11/04,夜間帯,順方向,300,300,0,600,600,0,900,熱容量（作業）,0,0,0,0,2024/10/18 17:01:29
月間,202410,策定,周波数変換設備,2024/11/04,夜間帯,逆方向,-300,-300,0,-600,-600,0,-900,熱容量（作業）,0,0,0,0,2024/10/18 17:01:29
月間,202409,策定,周波数変換設備,2024/11/05,昼間帯,順方向,450,450,0,600,600,0,1050,熱容量（作業）,0,0,0,0,2024/09/20 17:01:43
月間,202409,策定,周波数変換設備,2024/11/05,昼間帯,逆方向,-450,-450,0,-600,-600,0,-1050,熱容量（作業）,0,0,0,0,2024/09/20 17:01:43
月間,202409,策定,周波数変換設備,2024/11/05,夜間帯,順方向,750,750,0,600,600,0,1350,熱容量（作業）,0,0,0,0,2024/09/20 17:01:43
月間,202409,策定,周波数変換設備,2024/11/05,夜間帯,逆方向,-750,-750,0,-600,-600,0,-1350,熱容量（作業）,0,0,0,0,2024/09/20 17:01:43
月間,202410,策定,周波数変換設備,2024/11/05,昼間帯,順方向,450,450,0,600,600,0,1050,熱容量（作業）,0,0,0,0,2024/10/18 17:01:29
月間,202410,策定,周波数変換設備,2024/11/05,昼間帯,逆方向,-450,-450,0,-600,-600,0,-1050,熱容量（作業）,0,0,0,0,2024/10/18 17:01:29
月間,202410,策定,周波数変換設備,2024/11/05,夜間帯,順方向,650,650,0,600,600,0,1250,熱容量（作業）,0,0,0,0,2024/10/18 17:01:29
月間,202410,策定,周波数変換設備,2024/11/05,夜間帯,逆方向,-450,-450,0,-600,-600,0,-1050,熱容量（作業）,0,0,0,0,2024/10/18 17:01:29
月間,202409,策定,周波数変換設備,2024/11/06,昼間帯,順方向,450,450,0,600,600,0,1050,熱容量（作業）,0,0,0,0,2024/09/20 17:01:43
月間,202409,策定,周波数変換設備,2024/11/06,昼間帯,逆方向,-450,-450,0,-600,-600,0,-1050,熱容量（作業）,0,0,0,0,2024/09/20 17:01:43
月間,202409,策定,周波数変換設備,2024/11/06,夜間帯,順方向,750,750,0,600,600,0,1350,熱容量（作業）,0,0,0,0,2024/09/20 17:01:43
月間,202409,策定,周波数変換設備,2024/11/06,夜間帯,逆方向,-750,-750,0,-600,-600,0,-1350,熱容量（作業）,0,0,0,0,2024/09/20 17:01:43
月間,202410,策定,周波数変換設備,2024/11/06,昼間帯,順方向,450,450,0,600,600,0,1050,熱容量（作業）,0,0,0,0,2024/10/18 17:01:29
月間,202410,策定,周波数変換設備,2024/11/06,昼間帯,逆方向,-450,-450,0,-600,-600,0,-1050,熱容量（作業）,0,0,0,0,2024/10/18 17:01:29
月間,202410,策定,周波数変換設備,2024/11/06,夜間帯,順方向,650,650,0,600,600,0,1250,熱容量（作業）,0,0,0,0,2024/10/18 17:01:29
月間,202410,策定,周波数変換設備,2024/11/06,夜間帯,逆方向,-450,-450,0,-600,-600,0,-1050,熱容量（作業）,0,0,0,0,2024/10/18 17:01:29
月間,202409,策定,周波数変換設備,2024/11/07,昼間帯,順方向,450,450,0,600,600,0,1050,熱容量（作業）,0,0,0,0,2024/09/20 17:01:43
月間,202409,策定,周波数変換設備,2024/11/07,昼間帯,逆方向,-450,-450,0,-600,-600,0,-1050,熱容量（作業）,0,0,0,0,2024/09/20 17:01:43
月間,202409,策定,周波数変換設備,2024/11/07,夜間帯,順方向,750,750,0,600,600,0,1350,熱容量（作業）,0,0,0,0,2024/09/20 17:01:43
月間,202409,策定,周波数変換設備,2024/11/07,夜間帯,逆方向,-750,-750,0,-600,-600,0,-1350,熱容量（作業）,0,0,0,0,2024/09/20 17:01:43
月間,202410,策定,周波数変換設備,2024/11/07,昼間帯,順方向,450,450,0,600,600,0,1050,熱容量（作業）,0,0,0,0,2024/10/18 17:01:29
月間,202410,策定,周波数変換設備,2024/11/07,昼間帯,逆方向,-450,-450,0,-600,-600,0,-1050,熱容量（作業）,0,0,0,0,2024/10/18 17:01:29
月間,202410,策定,周波数変換設備,2024/11/07,夜間帯,順方向,650,650,0,600,600,0,1250,熱容量（作業）,0,0,0,0,2024/10/18 17:01:29
月間,202410,策定,周波数変換設備,2024/11/07,夜間帯,逆方向,-450,-450,0,-600,-600,0,-1050,熱容量（作業）,0,0,0,0,2024/10/18 17:01:29
月間,202409,策定,周波数変換設備,2024/11/08,昼間帯,順方向,450,450,0,600,600,0,1050,熱容量（作業）,0,0,0,0,2024/09/20 17:01:43
月間,202409,策定,周波数変換設備,2024/11/08,昼間帯,逆方向,-450,-450,0,-600,-600,0,-1050,熱容量（作業）,0,0,0,0,2024/09/20 17:01:43
月間,202409,策定,周波数変換設備,2024/11/08,夜間帯,順方向,750,750,0,600,600,0,1350,熱容量（作業）,0,0,0,0,2024/09/20 17:01:43
月間,202409,策定,周波数変換設備,2024/11/08,夜間帯,逆方向,-750,-750,0,-600,-600,0,-1350,熱容量（作業）,0,0,0,0,2024/09/20 17:01:43
月間,202410,策定,周波数変換設備,2024/11/08,昼間帯,順方向,450,450,0,600,600,0,1050,熱容量（作業）,0,0,0,0,2024/10/18 17:01:29
月間,202410,策定,周波数変換設備,2024/11/08,昼間帯,逆方向,-450,-450,0,-600,-600,0,-1050,熱容量（作業）,0,0,0,0,2024/10/18 17:01:29
月間,202410,策定,周波数変換設備,2024/11/08,夜間帯,順方向,650,650,0,600,600,0,1250,熱容量（作業）,0,0,0,0,2024/10/18 17:01:29
月間,202410,策定,周波数変換設備,2024/11/08,夜間帯,逆方向,-450,-450,0,-600,-600,0,-1050,熱容量（作業）,0,0,0,0,2024/10/18 17:01:29
月間,202409,策定,周波数変換設備,2024/11/09,昼間帯,順方向,750,750,0,600,600,0,1350,熱容量（作業）,0,0,0,0,2024/09/20 17:01:43
月間,202409,策定,周波数変換設備,2024/11/09,昼間帯,逆方向,-750,-750,0,-600,-600,0,-1350,熱容量（作業）,0,0,0,0,2024/09/20 17:01:43
月間,202409,策定,周波数変換設備,2024/11/09,夜間帯,順方向,750,750,0,600,600,0,1350,熱容量（作業）,0,0,0,0,2024/09/20 17:01:43
月間,202409,策定,周波数変換設備,2024/11/09,夜間帯,逆方向,-750,-750,0,-600,-600,0,-1350,熱容量（作業）,0,0,0,0,2024/09/20 17:01:43
月間,202410,策定,周波数変換設備,2024/11/09,昼間帯,順方向,750,750,0,600,600,0,1350,熱容量（作業）,0,0,0,0,2024/10/18 17:01:29
月間,202410,策定,周波数変換設備,2024/11/09,昼間帯,逆方向,-750,-750,0,-600,-600,0,-1350,熱容量（作業）,0,0,0,0,2024/10/18 17:01:29
月間,202410,策定,周波数変換設備,2024/11/09,夜間帯,順方向,750,750,0,600,600,0,1350,熱容量（作業）,0,0,0,0,2024/10/18 17:01:29
月間,202410,策定,周波数変換設備,2024/11/09,夜間帯,逆方向,-750,-750,0,-600,-600,0,-1350,熱容量（作業）,0,0,0,0,2024/10/18 17:01:29
月間,202409,策定,周波数変換設備,2024/11/10,昼間帯,順方向,750,750,0,600,600,0,1350,熱容量（作業）,0,0,0,0,2024/09/20 17:01:43
月間,202409,策定,周波数変換設備,2024/11/10,昼間帯,逆方向,-750,-750,0,-600,-600,0,-1350,熱容量（作業）,0,0,0,0,2024/09/20 17:01:43
月間,202409,策定,周波数変換設備,2024/11/10,夜間帯,順方向,750,750,0,600,600,0,1350,熱容量（作業）,0,0,0,0,2024/09/20 17:01:43
月間,202409,策定,周波数変換設備,2024/11/10,夜間帯,逆方向,-750,-750,0,-600,-600,0,-1350,熱容量（作業）,0,0,0,0,2024/09/20 17:01:43
月間,202410,策定,周波数変換設備,2024/11/10,昼間帯,順方向,0,0,0,600,600,0,600,熱容量（作業）,0,0,0,0,2024/10/18 17:01:29
月間,202410,策定,周波数変換設備,2024/11/10,昼間帯,逆方向,0,0,0,-600,-600,0,-600,熱容量（作業）,0,0,0,0,2024/10/18 17:01:29
月間,202410,策定,周波数変換設備,2024/11/10,夜間帯,順方向,750,750,0,600,600,0,1350,熱容量（作業）,0,0,0,0,2024/10/18 17:01:29
月間,202410,策定,周波数変換設備,2024/11/10,夜間帯,逆方向,-750,-750,0,-600,-600,0,-1350,熱容量（作業）,0,0,0,0,2024/10/18 17:01:29
月間,202409,策定,周波数変換設備,2024/11/11,昼間帯,順方向,0,0,0,600,600,0,600,熱容量（作業）,0,0,0,0,2024/09/20 17:01:43
月間,202409,策定,周波数変換設備,2024/11/11,昼間帯,逆方向,0,0,0,-600,-600,0,-600,熱容量（作業）,0,0,0,0,2024/09/20 17:01:43
月間,202409,策定,周波数変換設備,2024/11/11,夜間帯,順方向,750,750,0,600,600,0,1350,熱容量（作業）,0,0,0,0,2024/09/20 17:01:43
月間,202409,策定,周波数変換設備,2024/11/11,夜間帯,逆方向,-750,-750,0,-600,-600,0,-1350,熱容量（作業）,0,0,0,0,2024/09/20 17:01:43
月間,202410,策定,周波数変換設備,2024/11/11,昼間帯,順方向,0,0,0,600,600,0,600,熱容量（作業）,0,0,0,0,2024/10/18 17:01:29
月間,202410,策定,周波数変換設備,2024/11/11,昼間帯,逆方向,0,0,0,-600,-600,0,-600,熱容量（作業）,0,0,0,0,2024/10/18 17:01:29
月間,202410,策定,周波数変換設備,2024/11/11,夜間帯,順方向,650,650,0,600,600,0,1250,熱容量（作業）,0,0,0,0,2024/10/18 17:01:29
月間,202410,策定,周波数変換設備,2024/11/11,夜間帯,逆方向,-450,-450,0,-600,-600,0,-1050,熱容量（作業）,0,0,0,0,2024/10/18 17:01:29
月間,202409,策定,周波数変換設備,2024/11/12,昼間帯,順方向,450,450,0,600,600,0,1050,熱容量（作業）,0,0,0,0,2024/09/20 17:01:43
月間,202409,策定,周波数変換設備,2024/11/12,昼間帯,逆方向,-450,-450,0,-600,-600,0,-1050,熱容量（作業）,0,0,0,0,2024/09/20 17:01:43
月間,202409,策定,周波数変換設備,2024/11/12,夜間帯,順方向,750,750,0,600,600,0,1350,熱容量（作業）,0,0,0,0,2024/09/20 17:01:43
月間,202409,策定,周波数変換設備,2024/11/12,夜間帯,逆方向,-750,-750,0,-600,-600,0,-1350,熱容量（作業）,0,0,0,0,2024/09/20 17:01:43
月間,202410,策定,周波数変換設備,2024/11/12,昼間帯,順方向,450,450,0,600,600,0,1050,熱容量（作業）,0,0,0,0,2024/10/18 17:01:29
月間,202410,策定,周波数変換設備,2024/11/12,昼間帯,逆方向,-450,-450,0,-600,-600,0,-1050,熱容量（作業）,0,0,0,0,2024/10/18 17:01:29
月間,202410,策定,周波数変換設備,2024/11/12,夜間帯,順方向,650,650,0,600,600,0,1250,熱容量（作業）,0,0,0,0,2024/10/18 17:01:29
月間,202410,策定,周波数変換設備,2024/11/12,夜間帯,逆方向,-450,-450,0,-600,-600,0,-1050,熱容量（作業）,0,0,0,0,2024/10/18 17:01:29
月間,202409,策定,周波数変換設備,2024/11/13,昼間帯,順方向,450,450,0,600,600,0,1050,熱容量（作業）,0,0,0,0,2024/09/20 17:01:43
月間,202409,策定,周波数変換設備,2024/11/13,昼間帯,逆方向,-450,-450,0,-600,-600,0,-1050,熱容量（作業）,0,0,0,0,2024/09/20 17:01:43
月間,202409,策定,周波数変換設備,2024/11/13,夜間帯,順方向,750,750,0,600,600,0,1350,熱容量（作業）,0,0,0,0,2024/09/20 17:01:43
月間,202409,策定,周波数変換設備,2024/11/13,夜間帯,逆方向,-750,-750,0,-600,-600,0,-1350,熱容量（作業）,0,0,0,0,2024/09/20 17:01:43
月間,202410,策定,周波数変換設備,2024/11/13,昼間帯,順方向,450,450,0,600,600,0,1050,熱容量（作業）,0,0,0,0,2024/10/18 17:01:29
月間,202410,策定,周波数変換設備,2024/11/13,昼間帯,逆方向,-450,-450,0,-600,-600,0,-1050,熱容量（作業）,0,0,0,0,2024/10/18 17:01:29
月間,202410,策定,周波数変換設備,2024/11/13,夜間帯,順方向,650,650,0,600,600,0,1250,熱容量（作業）,0,0,0,0,2024/10/18 17:01:29
月間,202410,策定,周波数変換設備,2024/11/13,夜間帯,逆方向,-450,-450,0,-600,-600,0,-1050,熱容量（作業）,0,0,0,0,2024/10/18 17:01:29
月間,202409,策定,周波数変換設備,2024/11/14,昼間帯,順方向,450,450,0,600,600,0,1050,熱容量（作業）,0,0,0,0,2024/09/20 17:01:43
月間,202409,策定,周波数変換設備,2024/11/14,昼間帯,逆方向,-450,-450,0,-600,-600,0,-1050,熱容量（作業）,0,0,0,0,2024/09/20 17:01:43
月間,202409,策定,周波数変換設備,2024/11/14,夜間帯,順方向,750,750,0,600,600,0,1350,熱容量（作業）,0,0,0,0,2024/09/20 17:01:43
月間,202409,策定,周波数変換設備,2024/11/14,夜間帯,逆方向,-750,-750,0,-600,-600,0,-1350,熱容量（作業）,0,0,0,0,2024/09/20 17:01:43
月間,202410,策定,周波数変換設備,2024/11/14,昼間帯,順方向,450,450,0,600,600,0,1050,熱容量（作業）,0,0,0,0,2024/10/18 17:01:29
月間,202410,策定,周波数変換設備,2024/11/14,昼間帯,逆方向,-450,-450,0,-600,-600,0,-1050,熱容量（作業）,0,0,0,0,2024/10/18 17:01:29
月間,202410,策定,周波数変換設備,2024/11/14,夜間帯,順方向,650,650,0,600,600,0,1250,熱容量（作業）,0,0,0,0,2024/10/18 17:01:29
月間,202410,策定,周波数変換設備,2024/11/14,夜間帯,逆方向,-450,-450,0,-600,-600,0,-1050,熱容量（作業）,0,0,0,0,2024/10/18 17:01:29
月間,202409,策定,周波数変換設備,2024/11/15,昼間帯,順方向,450,450,0,600,600,0,1050,熱容量（作業）,0,0,0,0,2024/09/20 17:01:43
月間,202409,策定,周波数変換設備,2024/11/15,昼間帯,逆方向,-450,-450,0,-600,-600,0,-1050,熱容量（作業）,0,0,0,0,2024/09/20 17:01:43
月間,202409,策定,周波数変換設備,2024/11/15,夜間帯,順方向,750,750,0,600,600,0,1350,熱容量（作業）,0,0,0,0,2024/09/20 17:01:43
月間,202409,策定,周波数変換設備,2024/11/15,夜間帯,逆方向,-750,-750,0,-600,-600,0,-1350,熱容量（作業）,0,0,0,0,2024/09/20 17:01:43
月間,202410,策定,周波数変換設備,2024/11/15,昼間帯,順方向,450,450,0,600,600,0,1050,熱容量（作業）,0,0,0,0,2024/10/18 17:01:29
月間,202410,策定,周波数変換設備,2024/11/15,昼間帯,逆方向,-450,-450,0,-600,-600,0,-1050,熱容量（作業）,0,0,0,0,2024/10/18 17:01:29
月間,202410,策定,周波数変換設備,2024/11/15,夜間帯,順方向,750,750,0,600,600,0,1350,熱容量（作業）,0,0,0,0,2024/10/18 17:01:29
月間,202410,策定,周波数変換設備,2024/11/15,夜間帯,逆方向,-750,-750,0,-600,-600,0,-1350,熱容量（作業）,0,0,0,0,2024/10/18 17:01:29
月間,202409,策定,周波数変換設備,2024/11/16,昼間帯,順方向,900,900,0,600,600,0,1500,熱容量（作業）,0,0,0,0,2024/09/20 17:01:43
月間,202409,策定,周波数変換設備,2024/11/16,昼間帯,逆方向,-900,-900,0,-600,-600,0,-1500,熱容量（作業）,0,0,0,0,2024/09/20 17:01:43
月間,202409,策定,周波数変換設備,2024/11/16,夜間帯,順方向,1200,1200,0,600,600,0,1800,熱容量（作業）,0,0,0,0,2024/09/20 17:01:43
月間,202409,策定,周波数変換設備,2024/11/16,夜間帯,逆方向,-1200,-1200,0,-600,-600,0,-1800,熱容量（作業）,0,0,0,0,2024/09/20 17:01:43
月間,202410,策定,周波数変換設備,2024/11/16,昼間帯,順方向,900,900,0,600,600,0,1500,熱容量（作業）,0,0,0,0,2024/10/18 17:01:29
月間,202410,策定,周波数変換設備,2024/11/16,昼間帯,逆方向,-900,-900,0,-600,-600,0,-1500,熱容量（作業）,0,0,0,0,2024/10/18 17:01:29
月間,202410,策定,周波数変換設備,2024/11/16,夜間帯,順方向,1200,1200,0,600,600,0,1800,熱容量（作業）,0,0,0,0,2024/10/18 17:01:29
月間,202410,策定,周波数変換設備,2024/11/16,夜間帯,逆方向,-1200,-1200,0,-600,-600,0,-1800,熱容量（作業）,0,0,0,0,2024/10/18 17:01:29
月間,202409,策定,周波数変換設備,2024/11/17,昼間帯,順方向,1200,1200,0,600,600,0,1800,熱容量（作業）,0,0,0,0,2024/09/20 17:01:43
月間,202409,策定,周波数変換設備,2024/11/17,昼間帯,逆方向,-1200,-1200,0,-600,-600,0,-1800,熱容量（作業）,0,0,0,0,2024/09/20 17:01:43
月間,202409,策定,周波数変換設備,2024/11/17,夜間帯,順方向,1200,1200,0,600,600,0,1800,熱容量（作業）,0,0,0,0,2024/09/20 17:01:43
月間,202409,策定,周波数変換設備,2024/11/17,夜間帯,逆方向,-1200,-1200,0,-600,-600,0,-1800,熱容量（作業）,0,0,0,0,2024/09/20 17:01:43
月間,202410,策定,周波数変換設備,2024/11/17,昼間帯,順方向,1200,1200,0,600,600,0,1800,熱容量（作業）,0,0,0,0,2024/10/18 17:01:29
月間,202410,策定,周波数変換設備,2024/11/17,昼間帯,逆方向,-1200,-1200,0,-600,-600,0,-1800,熱容量（作業）,0,0,0,0,2024/10/18 17:01:29
月間,202410,策定,周波数変換設備,2024/11/17,夜間帯,順方向,1200,1200,0,600,600,0,1800,熱容量（作業）,0,0,0,0,2024/10/18 17:01:29
月間,202410,策定,周波数変換設備,2024/11/17,夜間帯,逆方向,-1200,-1200,0,-600,-600,0,-1800,熱容量（作業）,0,0,0,0,2024/10/18 17:01:29
月間,202409,策定,周波数変換設備,2024/11/18,昼間帯,順方向,900,900,0,600,600,0,1500,熱容量（作業）,0,0,0,0,2024/09/20 17:01:43
月間,202409,策定,周波数変換設備,2024/11/18,昼間帯,逆方向,-900,-900,0,-600,-600,0,-1500,熱容量（作業）,0,0,0,0,2024/09/20 17:01:43
月間,202409,策定,周波数変換設備,2024/11/18,夜間帯,順方向,1200,1200,0,600,600,0,1800,熱容量（作業）,0,0,0,0,2024/09/20 17:01:43
月間,202409,策定,周波数変換設備,2024/11/18,夜間帯,逆方向,-1200,-1200,0,-600,-600,0,-1800,熱容量（作業）,0,0,0,0,2024/09/20 17:01:43
月間,202410,策定,周波数変換設備,2024/11/18,昼間帯,順方向,900,900,0,600,600,0,1500,熱容量（作業）,0,0,0,0,2024/10/18 17:01:29
月間,202410,策定,周波数変換設備,2024/11/18,昼間帯,逆方向,-900,-900,0,-600,-600,0,-1500,熱容量（作業）,0,0,0,0,2024/10/18 17:01:29
月間,202410,策定,周波数変換設備,2024/11/18,夜間帯,順方向,1200,1200,0,600,600,0,1800,熱容量（作業）,0,0,0,0,2024/10/18 17:01:29
月間,202410,策定,周波数変換設備,2024/11/18,夜間帯,逆方向,-1200,-1200,0,-600,-600,0,-1800,熱容量（作業）,0,0,0,0,2024/10/18 17:01:29
月間,202409,策定,周波数変換設備,2024/11/19,昼間帯,順方向,900,900,0,600,600,0,1500,熱容量（作業）,0,0,0,0,2024/09/20 17:01:43
月間,202409,策定,周波数変換設備,2024/11/19,昼間帯,逆方向,-900,-900,0,-600,-600,0,-1500,熱容量（作業）,0,0,0,0,2024/09/20 17:01:43
月間,202409,策定,周波数変換設備,2024/11/19,夜間帯,順方向,1200,1200,0,600,600,0,1800,熱容量（作業）,0,0,0,0,2024/09/20 17:01:43
月間,202409,策定,周波数変換設備,2024/11/19,夜間帯,逆方向,-1200,-1200,0,-600,-600,0,-1800,熱容量（作業）,0,0,0,0,2024/09/20 17:01:43
月間,202410,策定,周波数変換設備,2024/11/19,昼間帯,順方向,900,900,0,600,600,0,1500,熱容量（作業）,0,0,0,0,2024/10/18 17:01:29
月間,202410,策定,周波数変換設備,2024/11/19,昼間帯,逆方向,-900,-900,0,-600,-600,0,-1500,熱容量（作業）,0,0,0,0,2024/10/18 17:01:29
月間,202410,策定,周波数変換設備,2024/11/19,夜間帯,順方向,1200,1200,0,600,600,0,1800,熱容量（作業）,0,0,0,0,2024/10/18 17:01:29
月間,202410,策定,周波数変換設備,2024/11/19,夜間帯,逆方向,-900,-900,0,-600,-600,0,-1500,熱容量（作業）,0,0,0,0,2024/10/18 17:01:29
月間,202409,策定,周波数変換設備,2024/11/20,昼間帯,順方向,900,900,0,600,600,0,1500,熱容量（作業）,0,0,0,0,2024/09/20 17:01:43
月間,202409,策定,周波数変換設備,2024/11/20,昼間帯,逆方向,-900,-900,0,-600,-600,0,-1500,熱容量（作業）,0,0,0,0,2024/09/20 17:01:43
月間,202409,策定,周波数変換設備,2024/11/20,夜間帯,順方向,1200,1200,0,600,600,0,1800,熱容量（作業）,0,0,0,0,2024/09/20 17:01:43
月間,202409,策定,周波数変換設備,2024/11/20,夜間帯,逆方向,-1200,-1200,0,-600,-600,0,-1800,熱容量（作業）,0,0,0,0,2024/09/20 17:01:43
月間,202410,策定,周波数変換設備,2024/11/20,昼間帯,順方向,900,900,0,600,600,0,1500,熱容量（作業）,0,0,0,0,2024/10/18 17:01:29
月間,202410,策定,周波数変換設備,2024/11/20,昼間帯,逆方向,-900,-900,0,-600,-600,0,-1500,熱容量（作業）,0,0,0,0,2024/10/18 17:01:29
月間,202410,策定,周波数変換設備,2024/11/20,夜間帯,順方向,1200,1200,0,600,600,0,1800,熱容量（作業）,0,0,0,0,2024/10/18 17:01:29
月間,202410,策定,周波数変換設備,2024/11/20,夜間帯,逆方向,-1200,-1200,0,-600,-600,0,-1800,熱容量（作業）,0,0,0,0,2024/10/18 17:01:29
月間,202409,策定,周波数変換設備,2024/11/21,昼間帯,順方向,900,900,0,600,600,0,1500,熱容量（作業）,0,0,0,0,2024/09/20 17:01:43
月間,202409,策定,周波数変換設備,2024/11/21,昼間帯,逆方向,-900,-900,0,-600,-600,0,-1500,熱容量（作業）,0,0,0,0,2024/09/20 17:01:43
月間,202409,策定,周波数変換設備,2024/11/21,夜間帯,順方向,1200,1200,0,600,600,0,1800,熱容量（作業）,0,0,0,0,2024/09/20 17:01:43
月間,202409,策定,周波数変換設備,2024/11/21,夜間帯,逆方向,-1200,-1200,0,-600,-600,0,-1800,熱容量（作業）,0,0,0,0,2024/09/20 17:01:43
月間,202410,策定,周波数変換設備,2024/11/21,昼間帯,順方向,900,900,0,600,600,0,1500,熱容量（作業）,0,0,0,0,2024/10/18 17:01:29
月間,202410,策定,周波数変換設備,2024/11/21,昼間帯,逆方向,-900,-900,0,-600,-600,0,-1500,熱容量（作業）,0,0,0,0,2024/10/18 17:01:29
月間,202410,策定,周波数変換設備,2024/11/21,夜間帯,順方向,1200,1200,0,600,600,0,1800,熱容量（作業）,0,0,0,0,2024/10/18 17:01:29
月間,202410,策定,周波数変換設備,2024/11/21,夜間帯,逆方向,-1200,-1200,0,-600,-600,0,-1800,熱容量（作業）,0,0,0,0,2024/10/18 17:01:29
月間,202409,策定,周波数変換設備,2024/11/22,昼間帯,順方向,900,900,0,600,600,0,1500,熱容量（作業）,0,0,0,0,2024/09/20 17:01:43
月間,202409,策定,周波数変換設備,2024/11/22,昼間帯,逆方向,-900,-900,0,-600,-600,0,-1500,熱容量（作業）,0,0,0,0,2024/09/20 17:01:43
月間,202409,策定,周波数変換設備,2024/11/22,夜間帯,順方向,1200,1200,0,600,600,0,1800,熱容量（作業）,0,0,0,0,2024/09/20 17:01:43
月間,202409,策定,周波数変換設備,2024/11/22,夜間帯,逆方向,-1200,-1200,0,-600,-600,0,-1800,熱容量（作業）,0,0,0,0,2024/09/20 17:01:43
月間,202410,策定,周波数変換設備,2024/11/22,昼間帯,順方向,900,900,0,600,600,0,1500,熱容量（作業）,0,0,0,0,2024/10/18 17:01:29
月間,202410,策定,周波数変換設備,2024/11/22,昼間帯,逆方向,-900,-900,0,-600,-600,0,-1500,熱容量（作業）,0,0,0,0,2024/10/18 17:01:29
月間,202410,策定,周波数変換設備,2024/11/22,夜間帯,順方向,1200,1200,0,600,600,0,1800,熱容量（作業）,0,0,0,0,2024/10/18 17:01:29
月間,202410,策定,周波数変換設備,2024/11/22,夜間帯,逆方向,-1200,-1200,0,-600,-600,0,-1800,熱容量（作業）,0,0,0,0,2024/10/18 17:01:29
月間,202409,策定,周波数変換設備,2024/11/23,昼間帯,順方向,1200,1200,0,600,600,0,1800,熱容量（作業）,0,0,0,0,2024/09/20 17:01:43
月間,202409,策定,周波数変換設備,2024/11/23,昼間帯,逆方向,-1200,-1200,0,-600,-600,0,-1800,熱容量（作業）,0,0,0,0,2024/09/20 17:01:43
月間,202409,策定,周波数変換設備,2024/11/23,夜間帯,順方向,1200,1200,0,600,600,0,1800,熱容量（作業）,0,0,0,0,2024/09/20 17:01:43
月間,202409,策定,周波数変換設備,2024/11/23,夜間帯,逆方向,-1200,-1200,0,-600,-600,0,-1800,熱容量（作業）,0,0,0,0,2024/09/20 17:01:43
月間,202410,策定,周波数変換設備,2024/11/23,昼間帯,順方向,1200,1200,0,600,600,0,1800,熱容量（作業）,0,0,0,0,2024/10/18 17:01:29
月間,202410,策定,周波数変換設備,2024/11/23,昼間帯,逆方向,-1200,-1200,0,-600,-600,0,-1800,熱容量（作業）,0,0,0,0,2024/10/18 17:01:29
月間,202410,策定,周波数変換設備,2024/11/23,夜間帯,順方向,1200,1200,0,600,600,0,1800,熱容量（作業）,0,0,0,0,2024/10/18 17:01:29
月間,202410,策定,周波数変換設備,2024/11/23,夜間帯,逆方向,-1200,-1200,0,-600,-600,0,-1800,熱容量（作業）,0,0,0,0,2024/10/18 17:01:29
月間,202409,策定,周波数変換設備,2024/11/24,昼間帯,順方向,1200,1200,0,600,600,0,1800,熱容量（作業）,0,0,0,0,2024/09/20 17:01:43
月間,202409,策定,周波数変換設備,2024/11/24,昼間帯,逆方向,-1200,-1200,0,-600,-600,0,-1800,熱容量（作業）,0,0,0,0,2024/09/20 17:01:43
月間,202409,策定,周波数変換設備,2024/11/24,夜間帯,順方向,1200,1200,0,600,600,0,1800,熱容量（作業）,0,0,0,0,2024/09/20 17:01:43
月間,202409,策定,周波数変換設備,2024/11/24,夜間帯,逆方向,-1200,-1200,0,-600,-600,0,-1800,熱容量（作業）,0,0,0,0,2024/09/20 17:01:43
月間,202410,策定,周波数変換設備,2024/11/24,昼間帯,順方向,1200,1200,0,600,600,0,1800,熱容量（作業）,0,0,0,0,2024/10/18 17:01:29
月間,202410,策定,周波数変換設備,2024/11/24,昼間帯,逆方向,-1200,-1200,0,-600,-600,0,-1800,熱容量（作業）,0,0,0,0,2024/10/18 17:01:29
月間,202410,策定,周波数変換設備,2024/11/24,夜間帯,順方向,1200,1200,0,600,600,0,1800,熱容量（作業）,0,0,0,0,2024/10/18 17:01:29
月間,202410,策定,周波数変換設備,2024/11/24,夜間帯,逆方向,-1200,-1200,0,-600,-600,0,-1800,熱容量（作業）,0,0,0,0,2024/10/18 17:01:29
月間,202409,策定,周波数変換設備,2024/11/25,昼間帯,順方向,0,0,0,600,600,0,600,熱容量（作業）,0,0,0,0,2024/09/20 17:01:43
月間,202409,策定,周波数変換設備,2024/11/25,昼間帯,逆方向,0,0,0,-600,-600,0,-600,熱容量（作業）,0,0,0,0,2024/09/20 17:01:43
月間,202409,策定,周波数変換設備,2024/11/25,夜間帯,順方向,1200,1200,0,600,600,0,1800,熱容量（作業）,0,0,0,0,2024/09/20 17:01:43
月間,202409,策定,周波数変換設備,2024/11/25,夜間帯,逆方向,-1200,-1200,0,-600,-600,0,-1800,熱容量（作業）,0,0,0,0,2024/09/20 17:01:43
月間,202410,策定,周波数変換設備,2024/11/25,昼間帯,順方向,0,0,0,600,600,0,600,熱容量（作業）,0,0,0,0,2024/10/18 17:01:29
月間,202410,策定,周波数変換設備,2024/11/25,昼間帯,逆方向,0,0,0,-600,-600,0,-600,熱容量（作業）,0,0,0,0,2024/10/18 17:01:29
月間,202410,策定,周波数変換設備,2024/11/25,夜間帯,順方向,1200,1200,0,600,600,0,1800,熱容量（作業）,0,0,0,0,2024/10/18 17:01:29
月間,202410,策定,周波数変換設備,2024/11/25,夜間帯,逆方向,-1200,-1200,0,-600,-600,0,-1800,熱容量（作業）,0,0,0,0,2024/10/18 17:01:29
月間,202409,策定,周波数変換設備,2024/11/26,昼間帯,順方向,0,0,0,600,600,0,600,熱容量（作業）,0,0,0,0,2024/09/20 17:01:43
月間,202409,策定,周波数変換設備,2024/11/26,昼間帯,逆方向,0,0,0,-600,-600,0,-600,熱容量（作業）,0,0,0,0,2024/09/20 17:01:43
月間,202409,策定,周波数変換設備,2024/11/26,夜間帯,順方向,1200,1200,0,600,600,0,1800,熱容量（作業）,0,0,0,0,2024/09/20 17:01:43
月間,202409,策定,周波数変換設備,2024/11/26,夜間帯,逆方向,-1200,-1200,0,-600,-600,0,-1800,熱容量（作業）,0,0,0,0,2024/09/20 17:01:43
月間,202410,策定,周波数変換設備,2024/11/26,昼間帯,順方向,0,0,0,600,600,0,600,熱容量（作業）,0,0,0,0,2024/10/18 17:01:29
月間,202410,策定,周波数変換設備,2024/11/26,昼間帯,逆方向,0,0,0,-600,-600,0,-600,熱容量（作業）,0,0,0,0,2024/10/18 17:01:29
月間,202410,策定,周波数変換設備,2024/11/26,夜間帯,順方向,1200,1200,0,600,600,0,1800,熱容量（作業）,0,0,0,0,2024/10/18 17:01:29
月間,202410,策定,周波数変換設備,2024/11/26,夜間帯,逆方向,-1200,-1200,0,-600,-600,0,-1800,熱容量（作業）,0,0,0,0,2024/10/18 17:01:29
月間,202409,策定,周波数変換設備,2024/11/27,昼間帯,順方向,900,900,0,600,600,0,1500,熱容量（作業）,0,0,0,0,2024/09/20 17:01:43
月間,202409,策定,周波数変換設備,2024/11/27,昼間帯,逆方向,-900,-900,0,-600,-600,0,-1500,熱容量（作業）,0,0,0,0,2024/09/20 17:01:43
月間,202409,策定,周波数変換設備,2024/11/27,夜間帯,順方向,1200,1200,0,600,600,0,1800,熱容量（作業）,0,0,0,0,2024/09/20 17:01:43
月間,202409,策定,周波数変換設備,2024/11/27,夜間帯,逆方向,-1200,-1200,0,-600,-600,0,-1800,熱容量（作業）,0,0,0,0,2024/09/20 17:01:43
月間,202410,策定,周波数変換設備,2024/11/27,昼間帯,順方向,900,900,0,600,600,0,1500,熱容量（作業）,0,0,0,0,2024/10/18 17:01:29
月間,202410,策定,周波数変換設備,2024/11/27,昼間帯,逆方向,-900,-900,0,-600,-600,0,-1500,熱容量（作業）,0,0,0,0,2024/10/18 17:01:29
月間,202410,策定,周波数変換設備,2024/11/27,夜間帯,順方向,1200,1200,0,600,600,0,1800,熱容量（作業）,0,0,0,0,2024/10/18 17:01:29
月間,202410,策定,周波数変換設備,2024/11/27,夜間帯,逆方向,-1200,-1200,0,-600,-600,0,-1800,熱容量（作業）,0,0,0,0,2024/10/18 17:01:29
月間,202409,策定,周波数変換設備,2024/11/28,昼間帯,順方向,900,900,0,600,600,0,1500,熱容量（作業）,0,0,0,0,2024/09/20 17:01:43
月間,202409,策定,周波数変換設備,2024/11/28,昼間帯,逆方向,-900,-900,0,-600,-600,0,-1500,熱容量（作業）,0,0,0,0,2024/09/20 17:01:43
月間,202409,策定,周波数変換設備,2024/11/28,夜間帯,順方向,1200,1200,0,600,600,0,1800,熱容量（作業）,0,0,0,0,2024/09/20 17:01:43
月間,202409,策定,周波数変換設備,2024/11/28,夜間帯,逆方向,-1200,-1200,0,-600,-600,0,-1800,熱容量（作業）,0,0,0,0,2024/09/20 17:01:43
月間,202410,策定,周波数変換設備,2024/11/28,昼間帯,順方向,900,900,0,600,600,0,1500,熱容量（作業）,0,0,0,0,2024/10/18 17:01:29
月間,202410,策定,周波数変換設備,2024/11/28,昼間帯,逆方向,-900,-900,0,-600,-600,0,-1500,熱容量（作業）,0,0,0,0,2024/10/18 17:01:29
月間,202410,策定,周波数変換設備,2024/11/28,夜間帯,順方向,1200,1200,0,600,600,0,1800,熱容量（作業）,0,0,0,0,2024/10/18 17:01:29
月間,202410,策定,周波数変換設備,2024/11/28,夜間帯,逆方向,-1200,-1200,0,-600,-600,0,-1800,熱容量（作業）,0,0,0,0,2024/10/18 17:01:29
月間,202409,策定,周波数変換設備,2024/11/29,昼間帯,順方向,900,900,0,600,600,0,1500,熱容量（作業）,0,0,0,0,2024/09/20 17:01:43
月間,202409,策定,周波数変換設備,2024/11/29,昼間帯,逆方向,-900,-900,0,-600,-600,0,-1500,熱容量（作業）,0,0,0,0,2024/09/20 17:01:43
月間,202409,策定,周波数変換設備,2024/11/29,夜間帯,順方向,1200,1200,0,600,600,0,1800,熱容量（作業）,0,0,0,0,2024/09/20 17:01:43
月間,202409,策定,周波数変換設備,2024/11/29,夜間帯,逆方向,-1200,-1200,0,-600,-600,0,-1800,熱容量（作業）,0,0,0,0,2024/09/20 17:01:43
月間,202410,策定,周波数変換設備,2024/11/29,昼間帯,順方向,900,900,0,600,600,0,1500,熱容量（作業）,0,0,0,0,2024/10/18 17:01:29
月間,202410,策定,周波数変換設備,2024/11/29,昼間帯,逆方向,-900,-900,0,-600,-600,0,-1500,熱容量（作業）,0,0,0,0,2024/10/18 17:01:29
月間,202410,策定,周波数変換設備,2024/11/29,夜間帯,順方向,1200,1200,0,600,600,0,1800,熱容量（作業）,0,0,0,0,2024/10/18 17:01:29
月間,202410,策定,周波数変換設備,2024/11/29,夜間帯,逆方向,-1200,-1200,0,-600,-600,0,-1800,熱容量（作業）,0,0,0,0,2024/10/18 17:01:29
月間,202409,策定,周波数変換設備,2024/11/30,昼間帯,順方向,1200,1200,0,600,600,0,1800,熱容量（作業）,0,0,0,0,2024/09/20 17:01:43
月間,202409,策定,周波数変換設備,2024/11/30,昼間帯,逆方向,-1200,-1200,0,-600,-600,0,-1800,熱容量（作業）,0,0,0,0,2024/09/20 17:01:43
月間,202409,策定,周波数変換設備,2024/11/30,夜間帯,順方向,1200,1200,0,600,600,0,1800,熱容量（作業）,0,0,0,0,2024/09/20 17:01:43
月間,202409,策定,周波数変換設備,2024/11/30,夜間帯,逆方向,-1200,-1200,0,-600,-600,0,-1800,熱容量（作業）,0,0,0,0,2024/09/20 17:01:43
月間,202410,策定,周波数変換設備,2024/11/30,昼間帯,順方向,1200,1200,0,600,600,0,1800,熱容量（作業）,0,0,0,0,2024/10/18 17:01:29
月間,202410,策定,周波数変換設備,2024/11/30,昼間帯,逆方向,-1200,-1200,0,-600,-600,0,-1800,熱容量（作業）,0,0,0,0,2024/10/18 17:01:29
月間,202410,策定,周波数変換設備,2024/11/30,夜間帯,順方向,1200,1200,0,600,600,0,1800,熱容量（作業）,0,0,0,0,2024/10/18 17:01:29
月間,202410,策定,周波数変換設備,2024/11/30,夜間帯,逆方向,-1200,-1200,0,-600,-600,0,-1800,熱容量（作業）,0,0,0,0,2024/10/18 17:01:29
月間,202410,策定,周波数変換設備,2024/12/01,昼間帯,順方向,1200,1200,0,600,600,0,1800,熱容量（作業）,0,0,0,0,2024/10/18 17:01:29
月間,202410,策定,周波数変換設備,2024/12/01,昼間帯,逆方向,-1200,-1200,0,-600,-600,0,-1800,熱容量（作業）,0,0,0,0,2024/10/18 17:01:29
月間,202410,策定,周波数変換設備,2024/12/01,夜間帯,順方向,1200,1200,0,600,600,0,1800,熱容量（作業）,0,0,0,0,2024/10/18 17:01:29
月間,202410,策定,周波数変換設備,2024/12/01,夜間帯,逆方向,-1200,-1200,0,-600,-600,0,-1800,熱容量（作業）,0,0,0,0,2024/10/18 17:01:29
月間,202410,策定,周波数変換設備,2024/12/02,昼間帯,順方向,1200,1200,0,600,600,0,1800,熱容量（作業）,0,0,0,0,2024/10/18 17:01:29
月間,202410,策定,周波数変換設備,2024/12/02,昼間帯,逆方向,-1200,-1200,0,-600,-600,0,-1800,熱容量（作業）,0,0,0,0,2024/10/18 17:01:29
月間,202410,策定,周波数変換設備,2024/12/02,夜間帯,順方向,1200,1200,0,600,600,0,1800,熱容量（作業）,0,0,0,0,2024/10/18 17:01:29
月間,202410,策定,周波数変換設備,2024/12/02,夜間帯,逆方向,-1200,-1200,0,-600,-600,0,-1800,熱容量（作業）,0,0,0,0,2024/10/18 17:01:29
月間,202410,策定,周波数変換設備,2024/12/03,昼間帯,順方向,1500,1500,0,600,600,0,2100,熱容量,0,0,0,0,2024/10/18 17:01:29
月間,202410,策定,周波数変換設備,2024/12/03,昼間帯,逆方向,-1500,-1500,0,-600,-600,0,-2100,熱容量,0,0,0,0,2024/10/18 17:01:29
月間,202410,策定,周波数変換設備,2024/12/03,夜間帯,順方向,1500,1500,0,600,600,0,2100,熱容量,0,0,0,0,2024/10/18 17:01:29
月間,202410,策定,周波数変換設備,2024/12/03,夜間帯,逆方向,-1500,-1500,0,-600,-600,0,-2100,熱容量,0,0,0,0,2024/10/18 17:01:29
月間,202410,策定,周波数変換設備,2024/12/04,昼間帯,順方向,1500,1500,0,600,600,0,2100,熱容量,0,0,0,0,2024/10/18 17:01:29
月間,202410,策定,周波数変換設備,2024/12/04,昼間帯,逆方向,-1500,-1500,0,-600,-600,0,-2100,熱容量,0,0,0,0,2024/10/18 17:01:29
月間,202410,策定,周波数変換設備,2024/12/04,夜間帯,順方向,1500,1500,0,600,600,0,2100,熱容量,0,0,0,0,2024/10/18 17:01:29
月間,202410,策定,周波数変換設備,2024/12/04,夜間帯,逆方向,-1500,-1500,0,-600,-600,0,-2100,熱容量,0,0,0,0,2024/10/18 17:01:29
月間,202410,策定,周波数変換設備,2024/12/05,昼間帯,順方向,1500,1500,0,600,600,0,2100,熱容量,0,0,0,0,2024/10/18 17:01:29
月間,202410,策定,周波数変換設備,2024/12/05,昼間帯,逆方向,-1500,-1500,0,-600,-600,0,-2100,熱容量,0,0,0,0,2024/10/18 17:01:29
月間,202410,策定,周波数変換設備,2024/12/05,夜間帯,順方向,1500,1500,0,600,600,0,2100,熱容量,0,0,0,0,2024/10/18 17:01:29
月間,202410,策定,周波数変換設備,2024/12/05,夜間帯,逆方向,-1500,-1500,0,-600,-600,0,-2100,熱容量,0,0,0,0,2024/10/18 17:01:29
月間,202410,策定,周波数変換設備,2024/12/06,昼間帯,順方向,1500,1500,0,600,600,0,2100,熱容量,0,0,0,0,2024/10/18 17:01:29
月間,202410,策定,周波数変換設備,2024/12/06,昼間帯,逆方向,-1500,-1500,0,-600,-600,0,-2100,熱容量,0,0,0,0,2024/10/18 17:01:29
月間,202410,策定,周波数変換設備,2024/12/06,夜間帯,順方向,1500,1500,0,600,600,0,2100,熱容量,0,0,0,0,2024/10/18 17:01:29
月間,202410,策定,周波数変換設備,2024/12/06,夜間帯,逆方向,-1500,-1500,0,-600,-600,0,-2100,熱容量,0,0,0,0,2024/10/18 17:01:29
月間,202410,策定,周波数変換設備,2024/12/07,昼間帯,順方向,1500,1500,0,600,600,0,2100,熱容量,0,0,0,0,2024/10/18 17:01:29
月間,202410,策定,周波数変換設備,2024/12/07,昼間帯,逆方向,-1500,-1500,0,-600,-600,0,-2100,熱容量,0,0,0,0,2024/10/18 17:01:29
月間,202410,策定,周波数変換設備,2024/12/07,夜間帯,順方向,1500,1500,0,600,600,0,2100,熱容量,0,0,0,0,2024/10/18 17:01:29
月間,202410,策定,周波数変換設備,2024/12/07,夜間帯,逆方向,-1500,-1500,0,-600,-600,0,-2100,熱容量,0,0,0,0,2024/10/18 17:01:29
月間,202411,策定,周波数変換設備,2024/12/07,昼間帯,順方向,1500,1500,0,600,600,0,2100,熱容量,0,0,0,0,2024/11/20 16:59:38
月間,202411,策定,周波数変換設備,2024/12/07,昼間帯,逆方向,-900,-900,0,-600,-600,0,-1500,熱容量,0,0,0,0,2024/11/20 16:59:38
月間,202411,策定,周波数変換設備,2024/12/07,夜間帯,順方向,1500,1500,0,600,600,0,2100,熱容量,0,0,0,0,2024/11/20 16:59:38
月間,202411,策定,周波数変換設備,2024/12/07,夜間帯,逆方向,-900,-900,0,-600,-600,0,-1500,熱容量,0,0,0,0,2024/11/20 16:59:38
月間,202410,策定,周波数変換設備,2024/12/08,昼間帯,順方向,0,0,0,600,600,0,600,熱容量（作業）,0,0,0,0,2024/10/18 17:01:29
月間,202410,策定,周波数変換設備,2024/12/08,昼間帯,逆方向,0,0,0,-600,-600,0,-600,熱容量（作業）,0,0,0,0,2024/10/18 17:01:29
月間,202410,策定,周波数変換設備,2024/12/08,夜間帯,順方向,0,0,0,600,600,0,600,熱容量（作業）,0,0,0,0,2024/10/18 17:01:29
月間,202410,策定,周波数変換設備,2024/12/08,夜間帯,逆方向,0,0,0,-600,-600,0,-600,熱容量（作業）,0,0,0,0,2024/10/18 17:01:29
月間,202411,策定,周波数変換設備,2024/12/08,昼間帯,順方向,1500,1500,0,600,600,0,2100,熱容量（作業）,0,0,0,0,2024/11/20 16:59:38
月間,202411,策定,周波数変換設備,2024/12/08,昼間帯,逆方向,-900,-900,0,-600,-600,0,-1500,熱容量（作業）,0,0,0,0,2024/11/20 16:59:38
月間,202411,策定,周波数変換設備,2024/12/08,夜間帯,順方向,1500,1500,0,600,600,0,2100,熱容量（作業）,0,0,0,0,2024/11/20 16:59:38
月間,202411,策定,周波数変換設備,2024/12/08,夜間帯,逆方向,-900,-900,0,-600,-600,0,-1500,熱容量（作業）,0,0,0,0,2024/11/20 16:59:38
月間,202410,策定,周波数変換設備,2024/12/09,昼間帯,順方向,1500,1500,0,600,600,0,2100,熱容量,0,0,0,0,2024/10/18 17:01:29
月間,202410,策定,周波数変換設備,2024/12/09,昼間帯,逆方向,-1500,-1500,0,-600,-600,0,-2100,熱容量,0,0,0,0,2024/10/18 17:01:29
月間,202410,策定,周波数変換設備,2024/12/09,夜間帯,順方向,1500,1500,0,600,600,0,2100,熱容量,0,0,0,0,2024/10/18 17:01:29
月間,202410,策定,周波数変換設備,2024/12/09,夜間帯,逆方向,-1500,-1500,0,-600,-600,0,-2100,熱容量,0,0,0,0,2024/10/18 17:01:29
月間,202411,策定,周波数変換設備,2024/12/09,昼間帯,順方向,1500,1500,0,600,600,0,2100,熱容量,0,0,0,0,2024/11/20 16:59:38
月間,202411,策定,周波数変換設備,2024/12/09,昼間帯,逆方向,-1500,-1500,0,-600,-600,0,-2100,熱容量,0,0,0,0,2024/11/20 16:59:38
月間,202411,策定,周波数変換設備,2024/12/09,夜間帯,順方向,1500,1500,0,600,600,0,2100,熱容量,0,0,0,0,2024/11/20 16:59:38
月間,202411,策定,周波数変換設備,2024/12/09,夜間帯,逆方向,-1500,-1500,0,-600,-600,0,-2100,熱容量,0,0,0,0,2024/11/20 16:59:38
月間,202410,策定,周波数変換設備,2024/12/10,昼間帯,順方向,1500,1500,0,600,600,0,2100,熱容量,0,0,0,0,2024/10/18 17:01:29
月間,202410,策定,周波数変換設備,2024/12/10,昼間帯,逆方向,-1500,-1500,0,-600,-600,0,-2100,熱容量,0,0,0,0,2024/10/18 17:01:29
月間,202410,策定,周波数変換設備,2024/12/10,夜間帯,順方向,1500,1500,0,600,600,0,2100,熱容量,0,0,0,0,2024/10/18 17:01:29
月間,202410,策定,周波数変換設備,2024/12/10,夜間帯,逆方向,-1500,-1500,0,-600,-600,0,-2100,熱容量,0,0,0,0,2024/10/18 17:01:29
月間,202411,策定,周波数変換設備,2024/12/10,昼間帯,順方向,1500,1500,0,600,600,0,2100,熱容量,0,0,0,0,2024/11/20 16:59:38
月間,202411,策定,周波数変換設備,2024/12/10,昼間帯,逆方向,-1500,-1500,0,-600,-600,0,-2100,熱容量,0,0,0,0,2024/11/20 16:59:38
月間,202411,策定,周波数変換設備,2024/12/10,夜間帯,順方向,1500,1500,0,600,600,0,2100,熱容量,0,0,0,0,2024/11/20 16:59:38
月間,202411,策定,周波数変換設備,2024/12/10,夜間帯,逆方向,-1500,-1500,0,-600,-600,0,-2100,熱容量,0,0,0,0,2024/11/20 16:59:38
月間,202410,策定,周波数変換設備,2024/12/11,昼間帯,順方向,1500,1500,0,600,600,0,2100,熱容量,0,0,0,0,2024/10/18 17:01:29
月間,202410,策定,周波数変換設備,2024/12/11,昼間帯,逆方向,-1500,-1500,0,-600,-600,0,-2100,熱容量,0,0,0,0,2024/10/18 17:01:29
月間,202410,策定,周波数変換設備,2024/12/11,夜間帯,順方向,1500,1500,0,600,600,0,2100,熱容量,0,0,0,0,2024/10/18 17:01:29
月間,202410,策定,周波数変換設備,2024/12/11,夜間帯,逆方向,-1500,-1500,0,-600,-600,0,-2100,熱容量,0,0,0,0,2024/10/18 17:01:29
月間,202411,策定,周波数変換設備,2024/12/11,昼間帯,順方向,1500,1500,0,600,600,0,2100,熱容量,0,0,0,0,2024/11/20 16:59:38
月間,202411,策定,周波数変換設備,2024/12/11,昼間帯,逆方向,-1500,-1500,0,-600,-600,0,-2100,熱容量,0,0,0,0,2024/11/20 16:59:38
月間,202411,策定,周波数変換設備,2024/12/11,夜間帯,順方向,1500,1500,0,600,600,0,2100,熱容量,0,0,0,0,2024/11/20 16:59:38
月間,202411,策定,周波数変換設備,2024/12/11,夜間帯,逆方向,-1500,-1500,0,-600,-600,0,-2100,熱容量,0,0,0,0,2024/11/20 16:59:38
月間,202410,策定,周波数変換設備,2024/12/12,昼間帯,順方向,1500,1500,0,600,600,0,2100,熱容量,0,0,0,0,2024/10/18 17:01:29
月間,202410,策定,周波数変換設備,2024/12/12,昼間帯,逆方向,-1500,-1500,0,-600,-600,0,-2100,熱容量,0,0,0,0,2024/10/18 17:01:29
月間,202410,策定,周波数変換設備,2024/12/12,夜間帯,順方向,1500,1500,0,600,600,0,2100,熱容量,0,0,0,0,2024/10/18 17:01:29
月間,202410,策定,周波数変換設備,2024/12/12,夜間帯,逆方向,-1500,-1500,0,-600,-600,0,-2100,熱容量,0,0,0,0,2024/10/18 17:01:29
月間,202411,策定,周波数変換設備,2024/12/12,昼間帯,順方向,1500,1500,0,600,600,0,2100,熱容量,0,0,0,0,2024/11/20 16:59:38
月間,202411,策定,周波数変換設備,2024/12/12,昼間帯,逆方向,-1500,-1500,0,-600,-600,0,-2100,熱容量,0,0,0,0,2024/11/20 16:59:38
月間,202411,策定,周波数変換設備,2024/12/12,夜間帯,順方向,1500,1500,0,600,600,0,2100,熱容量,0,0,0,0,2024/11/20 16:59:38
月間,202411,策定,周波数変換設備,2024/12/12,夜間帯,逆方向,-1500,-1500,0,-600,-600,0,-2100,熱容量,0,0,0,0,2024/11/20 16:59:38
月間,202410,策定,周波数変換設備,2024/12/13,昼間帯,順方向,1500,1500,0,600,600,0,2100,熱容量,0,0,0,0,2024/10/18 17:01:29
月間,202410,策定,周波数変換設備,2024/12/13,昼間帯,逆方向,-1500,-1500,0,-600,-600,0,-2100,熱容量,0,0,0,0,2024/10/18 17:01:29
月間,202410,策定,周波数変換設備,2024/12/13,夜間帯,順方向,1500,1500,0,600,600,0,2100,熱容量,0,0,0,0,2024/10/18 17:01:29
月間,202410,策定,周波数変換設備,2024/12/13,夜間帯,逆方向,-1500,-1500,0,-600,-600,0,-2100,熱容量,0,0,0,0,2024/10/18 17:01:29
月間,202411,策定,周波数変換設備,2024/12/13,昼間帯,順方向,1500,1500,0,600,600,0,2100,熱容量,0,0,0,0,2024/11/20 16:59:38
月間,202411,策定,周波数変換設備,2024/12/13,昼間帯,逆方向,-1500,-1500,0,-600,-600,0,-2100,熱容量,0,0,0,0,2024/11/20 16:59:38
月間,202411,策定,周波数変換設備,2024/12/13,夜間帯,順方向,1500,1500,0,600,600,0,2100,熱容量,0,0,0,0,2024/11/20 16:59:38
月間,202411,策定,周波数変換設備,2024/12/13,夜間帯,逆方向,-1500,-1500,0,-600,-600,0,-2100,熱容量,0,0,0,0,2024/11/20 16:59:38
月間,202410,策定,周波数変換設備,2024/12/14,昼間帯,順方向,0,0,0,600,600,0,600,熱容量（作業）,0,0,0,0,2024/10/18 17:01:29
月間,202410,策定,周波数変換設備,2024/12/14,昼間帯,逆方向,0,0,0,-600,-600,0,-600,熱容量（作業）,0,0,0,0,2024/10/18 17:01:29
月間,202410,策定,周波数変換設備,2024/12/14,夜間帯,順方向,0,0,0,600,600,0,600,熱容量（作業）,0,0,0,0,2024/10/18 17:01:29
月間,202410,策定,周波数変換設備,2024/12/14,夜間帯,逆方向,0,0,0,-600,-600,0,-600,熱容量（作業）,0,0,0,0,2024/10/18 17:01:29
月間,202411,策定,周波数変換設備,2024/12/14,昼間帯,順方向,0,0,0,600,600,0,600,熱容量（作業）,0,0,0,0,2024/11/20 16:59:38
月間,202411,策定,周波数変換設備,2024/12/14,昼間帯,逆方向,0,0,0,-600,-600,0,-600,熱容量（作業）,0,0,0,0,2024/11/20 16:59:38
月間,202411,策定,周波数変換設備,2024/12/14,夜間帯,順方向,0,0,0,600,600,0,600,熱容量（作業）,0,0,0,0,2024/11/20 16:59:38
月間,202411,策定,周波数変換設備,2024/12/14,夜間帯,逆方向,0,0,0,-600,-600,0,-600,熱容量（作業）,0,0,0,0,2024/11/20 16:59:38
月間,202410,策定,周波数変換設備,2024/12/15,昼間帯,順方向,0,0,0,600,600,0,600,熱容量（作業）,0,0,0,0,2024/10/18 17:01:29
月間,202410,策定,周波数変換設備,2024/12/15,昼間帯,逆方向,0,0,0,-600,-600,0,-600,熱容量（作業）,0,0,0,0,2024/10/18 17:01:29
月間,202410,策定,周波数変換設備,2024/12/15,夜間帯,順方向,0,0,0,600,600,0,600,熱容量（作業）,0,0,0,0,2024/10/18 17:01:29
月間,202410,策定,周波数変換設備,2024/12/15,夜間帯,逆方向,0,0,0,-600,-600,0,-600,熱容量（作業）,0,0,0,0,2024/10/18 17:01:29
月間,202411,策定,周波数変換設備,2024/12/15,昼間帯,順方向,0,0,0,600,600,0,600,熱容量（作業）,0,0,0,0,2024/11/20 16:59:38
月間,202411,策定,周波数変換設備,2024/12/15,昼間帯,逆方向,0,0,0,-600,-600,0,-600,熱容量（作業）,0,0,0,0,2024/11/20 16:59:38
月間,202411,策定,周波数変換設備,2024/12/15,夜間帯,順方向,0,0,0,600,600,0,600,熱容量（作業）,0,0,0,0,2024/11/20 16:59:38
月間,202411,策定,周波数変換設備,2024/12/15,夜間帯,逆方向,0,0,0,-600,-600,0,-600,熱容量（作業）,0,0,0,0,2024/11/20 16:59:38
月間,202410,策定,周波数変換設備,2024/12/16,昼間帯,順方向,900,900,0,600,600,0,1500,熱容量（作業）,0,0,0,0,2024/10/18 17:01:29
月間,202410,策定,周波数変換設備,2024/12/16,昼間帯,逆方向,-900,-900,0,-600,-600,0,-1500,熱容量（作業）,0,0,0,0,2024/10/18 17:01:29
月間,202410,策定,周波数変換設備,2024/12/16,夜間帯,順方向,900,900,0,600,600,0,1500,熱容量（作業）,0,0,0,0,2024/10/18 17:01:29
月間,202410,策定,周波数変換設備,2024/12/16,夜間帯,逆方向,-900,-900,0,-600,-600,0,-1500,熱容量（作業）,0,0,0,0,2024/10/18 17:01:29
月間,202411,策定,周波数変換設備,2024/12/16,昼間帯,順方向,900,900,0,600,600,0,1500,熱容量（作業）,0,0,0,0,2024/11/20 16:59:38
月間,202411,策定,周波数変換設備,2024/12/16,昼間帯,逆方向,-900,-900,0,-600,-600,0,-1500,熱容量（作業）,0,0,0,0,2024/11/20 16:59:38
月間,202411,策定,周波数変換設備,2024/12/16,夜間帯,順方向,900,900,0,600,600,0,1500,熱容量（作業）,0,0,0,0,2024/11/20 16:59:38
月間,202411,策定,周波数変換設備,2024/12/16,夜間帯,逆方向,-900,-900,0,-600,-600,0,-1500,熱容量（作業）,0,0,0,0,2024/11/20 16:59:38
月間,202410,策定,周波数変換設備,2024/12/17,昼間帯,順方向,1500,1500,0,600,600,0,2100,熱容量,0,0,0,0,2024/10/18 17:01:29
月間,202410,策定,周波数変換設備,2024/12/17,昼間帯,逆方向,-1500,-1500,0,-600,-600,0,-2100,熱容量,0,0,0,0,2024/10/18 17:01:29
月間,202410,策定,周波数変換設備,2024/12/17,夜間帯,順方向,1500,1500,0,600,600,0,2100,熱容量,0,0,0,0,2024/10/18 17:01:29
月間,202410,策定,周波数変換設備,2024/12/17,夜間帯,逆方向,-1500,-1500,0,-600,-600,0,-2100,熱容量,0,0,0,0,2024/10/18 17:01:29
月間,202411,策定,周波数変換設備,2024/12/17,昼間帯,順方向,1500,1500,0,600,600,0,2100,熱容量,0,0,0,0,2024/11/20 16:59:38
月間,202411,策定,周波数変換設備,2024/12/17,昼間帯,逆方向,-1500,-1500,0,-600,-600,0,-2100,熱容量,0,0,0,0,2024/11/20 16:59:38
月間,202411,策定,周波数変換設備,2024/12/17,夜間帯,順方向,1500,1500,0,600,600,0,2100,熱容量,0,0,0,0,2024/11/20 16:59:38
月間,202411,策定,周波数変換設備,2024/12/17,夜間帯,逆方向,-1500,-1500,0,-600,-600,0,-2100,熱容量,0,0,0,0,2024/11/20 16:59:38
月間,202410,策定,周波数変換設備,2024/12/18,昼間帯,順方向,1500,1500,0,600,600,0,2100,熱容量,0,0,0,0,2024/10/18 17:01:29
月間,202410,策定,周波数変換設備,2024/12/18,昼間帯,逆方向,-1500,-1500,0,-600,-600,0,-2100,熱容量,0,0,0,0,2024/10/18 17:01:29
月間,202410,策定,周波数変換設備,2024/12/18,夜間帯,順方向,1500,1500,0,600,600,0,2100,熱容量,0,0,0,0,2024/10/18 17:01:29
月間,202410,策定,周波数変換設備,2024/12/18,夜間帯,逆方向,-1500,-1500,0,-600,-600,0,-2100,熱容量,0,0,0,0,2024/10/18 17:01:29
月間,202411,策定,周波数変換設備,2024/12/18,昼間帯,順方向,1500,1500,0,600,600,0,2100,熱容量,0,0,0,0,2024/11/20 16:59:38
月間,202411,策定,周波数変換設備,2024/12/18,昼間帯,逆方向,-1500,-1500,0,-600,-600,0,-2100,熱容量,0,0,0,0,2024/11/20 16:59:38
月間,202411,策定,周波数変換設備,2024/12/18,夜間帯,順方向,1500,1500,0,600,600,0,2100,熱容量,0,0,0,0,2024/11/20 16:59:38
月間,202411,策定,周波数変換設備,2024/12/18,夜間帯,逆方向,-1500,-1500,0,-600,-600,0,-2100,熱容量,0,0,0,0,2024/11/20 16:59:38
月間,202410,策定,周波数変換設備,2024/12/19,昼間帯,順方向,1500,1500,0,600,600,0,2100,熱容量,0,0,0,0,2024/10/18 17:01:29
月間,202410,策定,周波数変換設備,2024/12/19,昼間帯,逆方向,-1500,-1500,0,-600,-600,0,-2100,熱容量,0,0,0,0,2024/10/18 17:01:29
月間,202410,策定,周波数変換設備,2024/12/19,夜間帯,順方向,1500,1500,0,600,600,0,2100,熱容量,0,0,0,0,2024/10/18 17:01:29
月間,202410,策定,周波数変換設備,2024/12/19,夜間帯,逆方向,-1500,-1500,0,-600,-600,0,-2100,熱容量,0,0,0,0,2024/10/18 17:01:29
月間,202411,策定,周波数変換設備,2024/12/19,昼間帯,順方向,1500,1500,0,600,600,0,2100,熱容量,0,0,0,0,2024/11/20 16:59:38
月間,202411,策定,周波数変換設備,2024/12/19,昼間帯,逆方向,-1500,-1500,0,-600,-600,0,-2100,熱容量,0,0,0,0,2024/11/20 16:59:38
月間,202411,策定,周波数変換設備,2024/12/19,夜間帯,順方向,1500,1500,0,600,600,0,2100,熱容量,0,0,0,0,2024/11/20 16:59:38
月間,202411,策定,周波数変換設備,2024/12/19,夜間帯,逆方向,-1500,-1500,0,-600,-600,0,-2100,熱容量,0,0,0,0,2024/11/20 16:59:38
月間,202410,策定,周波数変換設備,2024/12/20,昼間帯,順方向,1500,1500,0,600,600,0,2100,熱容量,0,0,0,0,2024/10/18 17:01:29
月間,202410,策定,周波数変換設備,2024/12/20,昼間帯,逆方向,-1500,-1500,0,-600,-600,0,-2100,熱容量,0,0,0,0,2024/10/18 17:01:29
月間,202410,策定,周波数変換設備,2024/12/20,夜間帯,順方向,1500,1500,0,600,600,0,2100,熱容量,0,0,0,0,2024/10/18 17:01:29
月間,202410,策定,周波数変換設備,2024/12/20,夜間帯,逆方向,-1500,-1500,0,-600,-600,0,-2100,熱容量,0,0,0,0,2024/10/18 17:01:29
月間,202411,策定,周波数変換設備,2024/12/20,昼間帯,順方向,1500,1500,0,600,600,0,2100,熱容量,0,0,0,0,2024/11/20 16:59:38
月間,202411,策定,周波数変換設備,2024/12/20,昼間帯,逆方向,-1500,-1500,0,-600,-600,0,-2100,熱容量,0,0,0,0,2024/11/20 16:59:38
月間,202411,策定,周波数変換設備,2024/12/20,夜間帯,順方向,1500,1500,0,600,600,0,2100,熱容量,0,0,0,0,2024/11/20 16:59:38
月間,202411,策定,周波数変換設備,2024/12/20,夜間帯,逆方向,-1500,-1500,0,-600,-600,0,-2100,熱容量,0,0,0,0,2024/11/20 16:59:38
月間,202410,策定,周波数変換設備,2024/12/21,昼間帯,順方向,1200,1200,0,600,600,0,1800,熱容量（作業）,0,0,0,0,2024/10/18 17:01:29
月間,202410,策定,周波数変換設備,2024/12/21,昼間帯,逆方向,-1200,-1200,0,-600,-600,0,-1800,熱容量（作業）,0,0,0,0,2024/10/18 17:01:29
月間,202410,策定,周波数変換設備,2024/12/21,夜間帯,順方向,1500,1500,0,600,600,0,2100,熱容量,0,0,0,0,2024/10/18 17:01:29
月間,202410,策定,周波数変換設備,2024/12/21,夜間帯,逆方向,-1500,-1500,0,-600,-600,0,-2100,熱容量,0,0,0,0,2024/10/18 17:01:29
月間,202411,策定,周波数変換設備,2024/12/21,昼間帯,順方向,1200,1200,0,600,600,0,1800,熱容量（作業）,0,0,0,0,2024/11/20 16:59:38
月間,202411,策定,周波数変換設備,2024/12/21,昼間帯,逆方向,-1200,-1200,0,-600,-600,0,-1800,熱容量（作業）,0,0,0,0,2024/11/20 16:59:38
月間,202411,策定,周波数変換設備,2024/12/21,夜間帯,順方向,1500,1500,0,600,600,0,2100,熱容量,0,0,0,0,2024/11/20 16:59:38
月間,202411,策定,周波数変換設備,2024/12/21,夜間帯,逆方向,-1500,-1500,0,-600,-600,0,-2100,熱容量,0,0,0,0,2024/11/20 16:59:38
月間,202410,策定,周波数変換設備,2024/12/22,昼間帯,順方向,1500,1500,0,600,600,0,2100,熱容量,0,0,0,0,2024/10/18 17:01:29
月間,202410,策定,周波数変換設備,2024/12/22,昼間帯,逆方向,-1500,-1500,0,-600,-600,0,-2100,熱容量,0,0,0,0,2024/10/18 17:01:29
月間,202410,策定,周波数変換設備,2024/12/22,夜間帯,順方向,1500,1500,0,600,600,0,2100,熱容量,0,0,0,0,2024/10/18 17:01:29
月間,202410,策定,周波数変換設備,2024/12/22,夜間帯,逆方向,-1500,-1500,0,-600,-600,0,-2100,熱容量,0,0,0,0,2024/10/18 17:01:29
月間,202411,策定,周波数変換設備,2024/12/22,昼間帯,順方向,1500,1500,0,600,600,0,2100,熱容量,0,0,0,0,2024/11/20 16:59:38
月間,202411,策定,周波数変換設備,2024/12/22,昼間帯,逆方向,-1500,-1500,0,-600,-600,0,-2100,熱容量,0,0,0,0,2024/11/20 16:59:38
月間,202411,策定,周波数変換設備,2024/12/22,夜間帯,順方向,1500,1500,0,600,600,0,2100,熱容量,0,0,0,0,2024/11/20 16:59:38
月間,202411,策定,周波数変換設備,2024/12/22,夜間帯,逆方向,-1500,-1500,0,-600,-600,0,-2100,熱容量,0,0,0,0,2024/11/20 16:59:38
月間,202410,策定,周波数変換設備,2024/12/23,昼間帯,順方向,1500,1500,0,600,600,0,2100,熱容量,0,0,0,0,2024/10/18 17:01:29
月間,202410,策定,周波数変換設備,2024/12/23,昼間帯,逆方向,-1500,-1500,0,-600,-600,0,-2100,熱容量,0,0,0,0,2024/10/18 17:01:29
月間,202410,策定,周波数変換設備,2024/12/23,夜間帯,順方向,1500,1500,0,600,600,0,2100,熱容量,0,0,0,0,2024/10/18 17:01:29
月間,202410,策定,周波数変換設備,2024/12/23,夜間帯,逆方向,-1500,-1500,0,-600,-600,0,-2100,熱容量,0,0,0,0,2024/10/18 17:01:29
月間,202411,策定,周波数変換設備,2024/12/23,昼間帯,順方向,1500,1500,0,600,600,0,2100,熱容量,0,0,0,0,2024/11/20 16:59:38
月間,202411,策定,周波数変換設備,2024/12/23,昼間帯,逆方向,-1500,-1500,0,-600,-600,0,-2100,熱容量,0,0,0,0,2024/11/20 16:59:38
月間,202411,策定,周波数変換設備,2024/12/23,夜間帯,順方向,1500,1500,0,600,600,0,2100,熱容量,0,0,0,0,2024/11/20 16:59:38
月間,202411,策定,周波数変換設備,2024/12/23,夜間帯,逆方向,-1500,-1500,0,-600,-600,0,-2100,熱容量,0,0,0,0,2024/11/20 16:59:38
月間,202410,策定,周波数変換設備,2024/12/24,昼間帯,順方向,1500,1500,0,600,600,0,2100,熱容量,0,0,0,0,2024/10/18 17:01:29
月間,202410,策定,周波数変換設備,2024/12/24,昼間帯,逆方向,-1500,-1500,0,-600,-600,0,-2100,熱容量,0,0,0,0,2024/10/18 17:01:29
月間,202410,策定,周波数変換設備,2024/12/24,夜間帯,順方向,1500,1500,0,600,600,0,2100,熱容量,0,0,0,0,2024/10/18 17:01:29
月間,202410,策定,周波数変換設備,2024/12/24,夜間帯,逆方向,-1500,-1500,0,-600,-600,0,-2100,熱容量,0,0,0,0,2024/10/18 17:01:29
月間,202411,策定,周波数変換設備,2024/12/24,昼間帯,順方向,1500,1500,0,600,600,0,2100,熱容量,0,0,0,0,2024/11/20 16:59:38
月間,202411,策定,周波数変換設備,2024/12/24,昼間帯,逆方向,-1500,-1500,0,-600,-600,0,-2100,熱容量,0,0,0,0,2024/11/20 16:59:38
月間,202411,策定,周波数変換設備,2024/12/24,夜間帯,順方向,1500,1500,0,600,600,0,2100,熱容量,0,0,0,0,2024/11/20 16:59:38
月間,202411,策定,周波数変換設備,2024/12/24,夜間帯,逆方向,-1500,-1500,0,-600,-600,0,-2100,熱容量,0,0,0,0,2024/11/20 16:59:38
月間,202410,策定,周波数変換設備,2024/12/25,昼間帯,順方向,1500,1500,0,600,600,0,2100,熱容量,0,0,0,0,2024/10/18 17:01:29
月間,202410,策定,周波数変換設備,2024/12/25,昼間帯,逆方向,-1500,-1500,0,-600,-600,0,-2100,熱容量,0,0,0,0,2024/10/18 17:01:29
月間,202410,策定,周波数変換設備,2024/12/25,夜間帯,順方向,1500,1500,0,600,600,0,2100,熱容量,0,0,0,0,2024/10/18 17:01:29
月間,202410,策定,周波数変換設備,2024/12/25,夜間帯,逆方向,-1500,-1500,0,-600,-600,0,-2100,熱容量,0,0,0,0,2024/10/18 17:01:29
月間,202411,策定,周波数変換設備,2024/12/25,昼間帯,順方向,1500,1500,0,600,600,0,2100,熱容量,0,0,0,0,2024/11/20 16:59:38
月間,202411,策定,周波数変換設備,2024/12/25,昼間帯,逆方向,-1500,-1500,0,-600,-600,0,-2100,熱容量,0,0,0,0,2024/11/20 16:59:38
月間,202411,策定,周波数変換設備,2024/12/25,夜間帯,順方向,1500,1500,0,600,600,0,2100,熱容量,0,0,0,0,2024/11/20 16:59:38
月間,202411,策定,周波数変換設備,2024/12/25,夜間帯,逆方向,-1500,-1500,0,-600,-600,0,-2100,熱容量,0,0,0,0,2024/11/20 16:59:38
月間,202410,策定,周波数変換設備,2024/12/26,昼間帯,順方向,1500,1500,0,600,600,0,2100,熱容量,0,0,0,0,2024/10/18 17:01:29
月間,202410,策定,周波数変換設備,2024/12/26,昼間帯,逆方向,-1500,-1500,0,-600,-600,0,-2100,熱容量,0,0,0,0,2024/10/18 17:01:29
月間,202410,策定,周波数変換設備,2024/12/26,夜間帯,順方向,1500,1500,0,600,600,0,2100,熱容量,0,0,0,0,2024/10/18 17:01:29
月間,202410,策定,周波数変換設備,2024/12/26,夜間帯,逆方向,-1500,-1500,0,-600,-600,0,-2100,熱容量,0,0,0,0,2024/10/18 17:01:29
月間,202411,策定,周波数変換設備,2024/12/26,昼間帯,順方向,1500,1500,0,600,600,0,2100,熱容量,0,0,0,0,2024/11/20 16:59:38
月間,202411,策定,周波数変換設備,2024/12/26,昼間帯,逆方向,-1500,-1500,0,-600,-600,0,-2100,熱容量,0,0,0,0,2024/11/20 16:59:38
月間,202411,策定,周波数変換設備,2024/12/26,夜間帯,順方向,1500,1500,0,600,600,0,2100,熱容量,0,0,0,0,2024/11/20 16:59:38
月間,202411,策定,周波数変換設備,2024/12/26,夜間帯,逆方向,-1500,-1500,0,-600,-600,0,-2100,熱容量,0,0,0,0,2024/11/20 16:59:38
月間,202410,策定,周波数変換設備,2024/12/27,昼間帯,順方向,1500,1500,0,600,600,0,2100,熱容量,0,0,0,0,2024/10/18 17:01:29
月間,202410,策定,周波数変換設備,2024/12/27,昼間帯,逆方向,-1500,-1500,0,-600,-600,0,-2100,熱容量,0,0,0,0,2024/10/18 17:01:29
月間,202410,策定,周波数変換設備,2024/12/27,夜間帯,順方向,1500,1500,0,600,600,0,2100,熱容量,0,0,0,0,2024/10/18 17:01:29
月間,202410,策定,周波数変換設備,2024/12/27,夜間帯,逆方向,-1500,-1500,0,-600,-600,0,-2100,熱容量,0,0,0,0,2024/10/18 17:01:29
月間,202411,策定,周波数変換設備,2024/12/27,昼間帯,順方向,1500,1500,0,600,600,0,2100,熱容量,0,0,0,0,2024/11/20 16:59:38
月間,202411,策定,周波数変換設備,2024/12/27,昼間帯,逆方向,-1500,-1500,0,-600,-600,0,-2100,熱容量,0,0,0,0,2024/11/20 16:59:38
月間,202411,策定,周波数変換設備,2024/12/27,夜間帯,順方向,1500,1500,0,600,600,0,2100,熱容量,0,0,0,0,2024/11/20 16:59:38
月間,202411,策定,周波数変換設備,2024/12/27,夜間帯,逆方向,-1500,-1500,0,-600,-600,0,-2100,熱容量,0,0,0,0,2024/11/20 16:59:38
月間,202410,策定,周波数変換設備,2024/12/28,昼間帯,順方向,1500,1500,0,600,600,0,2100,熱容量,0,0,0,0,2024/10/18 17:01:29
月間,202410,策定,周波数変換設備,2024/12/28,昼間帯,逆方向,-1500,-1500,0,-600,-600,0,-2100,熱容量,0,0,0,0,2024/10/18 17:01:29
月間,202410,策定,周波数変換設備,2024/12/28,夜間帯,順方向,1500,1500,0,600,600,0,2100,熱容量,0,0,0,0,2024/10/18 17:01:29
月間,202410,策定,周波数変換設備,2024/12/28,夜間帯,逆方向,-1500,-1500,0,-600,-600,0,-2100,熱容量,0,0,0,0,2024/10/18 17:01:29
月間,202411,策定,周波数変換設備,2024/12/28,昼間帯,順方向,1500,1500,0,600,600,0,2100,熱容量,0,0,0,0,2024/11/20 16:59:38
月間,202411,策定,周波数変換設備,2024/12/28,昼間帯,逆方向,-1500,-1500,0,-600,-600,0,-2100,熱容量,0,0,0,0,2024/11/20 16:59:38
月間,202411,策定,周波数変換設備,2024/12/28,夜間帯,順方向,1500,1500,0,600,600,0,2100,熱容量,0,0,0,0,2024/11/20 16:59:38
月間,202411,策定,周波数変換設備,2024/12/28,夜間帯,逆方向,-1500,-1500,0,-600,-600,0,-2100,熱容量,0,0,0,0,2024/11/20 16:59:38
月間,202410,策定,周波数変換設備,2024/12/29,昼間帯,順方向,1500,1500,0,600,600,0,2100,熱容量,0,0,0,0,2024/10/18 17:01:29
月間,202410,策定,周波数変換設備,2024/12/29,昼間帯,逆方向,-1500,-1500,0,-600,-600,0,-2100,熱容量,0,0,0,0,2024/10/18 17:01:29
月間,202410,策定,周波数変換設備,2024/12/29,夜間帯,順方向,1500,1500,0,600,600,0,2100,熱容量,0,0,0,0,2024/10/18 17:01:29
月間,202410,策定,周波数変換設備,2024/12/29,夜間帯,逆方向,-1500,-1500,0,-600,-600,0,-2100,熱容量,0,0,0,0,2024/10/18 17:01:29
月間,202411,策定,周波数変換設備,2024/12/29,昼間帯,順方向,1500,1500,0,600,600,0,2100,熱容量,0,0,0,0,2024/11/20 16:59:38
月間,202411,策定,周波数変換設備,2024/12/29,昼間帯,逆方向,-1500,-1500,0,-600,-600,0,-2100,熱容量,0,0,0,0,2024/11/20 16:59:38
月間,202411,策定,周波数変換設備,2024/12/29,夜間帯,順方向,1500,1500,0,600,600,0,2100,熱容量,0,0,0,0,2024/11/20 16:59:38
月間,202411,策定,周波数変換設備,2024/12/29,夜間帯,逆方向,-1500,-1500,0,-600,-600,0,-2100,熱容量,0,0,0,0,2024/11/20 16:59:38
月間,202410,策定,周波数変換設備,2024/12/30,昼間帯,順方向,1500,1500,0,600,600,0,2100,熱容量,0,0,0,0,2024/10/18 17:01:29
月間,202410,策定,周波数変換設備,2024/12/30,昼間帯,逆方向,-1500,-1500,0,-600,-600,0,-2100,熱容量,0,0,0,0,2024/10/18 17:01:29
月間,202410,策定,周波数変換設備,2024/12/30,夜間帯,順方向,1500,1500,0,600,600,0,2100,熱容量,0,0,0,0,2024/10/18 17:01:29
月間,202410,策定,周波数変換設備,2024/12/30,夜間帯,逆方向,-1500,-1500,0,-600,-600,0,-2100,熱容量,0,0,0,0,2024/10/18 17:01:29
月間,202411,策定,周波数変換設備,2024/12/30,昼間帯,順方向,1500,1500,0,600,600,0,2100,熱容量,0,0,0,0,2024/11/20 16:59:38
月間,202411,策定,周波数変換設備,2024/12/30,昼間帯,逆方向,-1500,-1500,0,-600,-600,0,-2100,熱容量,0,0,0,0,2024/11/20 16:59:38
月間,202411,策定,周波数変換設備,2024/12/30,夜間帯,順方向,1500,1500,0,600,600,0,2100,熱容量,0,0,0,0,2024/11/20 16:59:38
月間,202411,策定,周波数変換設備,2024/12/30,夜間帯,逆方向,-1500,-1500,0,-600,-600,0,-2100,熱容量,0,0,0,0,2024/11/20 16:59:38
月間,202410,策定,周波数変換設備,2024/12/31,昼間帯,順方向,1500,1500,0,600,600,0,2100,熱容量,0,0,0,0,2024/10/18 17:01:29
月間,202410,策定,周波数変換設備,2024/12/31,昼間帯,逆方向,-1500,-1500,0,-600,-600,0,-2100,熱容量,0,0,0,0,2024/10/18 17:01:29
月間,202410,策定,周波数変換設備,2024/12/31,夜間帯,順方向,1500,1500,0,600,600,0,2100,熱容量,0,0,0,0,2024/10/18 17:01:29
月間,202410,策定,周波数変換設備,2024/12/31,夜間帯,逆方向,-1500,-1500,0,-600,-600,0,-2100,熱容量,0,0,0,0,2024/10/18 17:01:29
月間,202411,策定,周波数変換設備,2024/12/31,昼間帯,順方向,1500,1500,0,600,600,0,2100,熱容量,0,0,0,0,2024/11/20 16:59:38
月間,202411,策定,周波数変換設備,2024/12/31,昼間帯,逆方向,-1500,-1500,0,-600,-600,0,-2100,熱容量,0,0,0,0,2024/11/20 16:59:38
月間,202411,策定,周波数変換設備,2024/12/31,夜間帯,順方向,1500,1500,0,600,600,0,2100,熱容量,0,0,0,0,2024/11/20 16:59:38
月間,202411,策定,周波数変換設備,2024/12/31,夜間帯,逆方向,-1500,-1500,0,-600,-600,0,-2100,熱容量,0,0,0,0,2024/11/20 16:59:38
月間,202409,策定,三重東近江線,2024/11/01,昼間帯,順方向,700,700,0,0,0,0,700,周波数,0,0,0,0,2024/09/20 17:01:43
月間,202409,策定,三重東近江線,2024/11/01,昼間帯,逆方向,-2500,-2500,0,0,0,0,-2500,周波数,0,0,0,0,2024/09/20 17:01:43
月間,202409,策定,三重東近江線,2024/11/01,夜間帯,順方向,960,960,0,0,0,0,960,周波数,0,0,0,0,2024/09/20 17:01:43
月間,202409,策定,三重東近江線,2024/11/01,夜間帯,逆方向,-2000,-2000,0,0,0,0,-2000,周波数,0,0,0,0,2024/09/20 17:01:43
月間,202409,策定,三重東近江線,2024/11/02,昼間帯,順方向,390,390,0,0,0,0,390,周波数,0,0,0,0,2024/09/20 17:01:43
月間,202409,策定,三重東近江線,2024/11/02,昼間帯,逆方向,-2500,-2500,0,0,0,0,-2500,周波数,0,0,0,0,2024/09/20 17:01:43
月間,202409,策定,三重東近江線,2024/11/02,夜間帯,順方向,820,820,0,0,0,0,820,周波数,0,0,0,0,2024/09/20 17:01:43
月間,202409,策定,三重東近江線,2024/11/02,夜間帯,逆方向,-2000,-2000,0,0,0,0,-2000,周波数,0,0,0,0,2024/09/20 17:01:43
月間,202410,策定,三重東近江線,2024/11/02,昼間帯,順方向,390,390,0,0,0,0,390,周波数,0,0,0,0,2024/10/18 17:01:29
月間,202410,策定,三重東近江線,2024/11/02,昼間帯,逆方向,-2500,-2500,0,0,0,0,-2500,周波数,0,0,0,0,2024/10/18 17:01:29
月間,202410,策定,三重東近江線,2024/11/02,夜間帯,順方向,820,820,0,0,0,0,820,周波数,0,0,0,0,2024/10/18 17:01:29
月間,202410,策定,三重東近江線,2024/11/02,夜間帯,逆方向,-2000,-2000,0,0,0,0,-2000,周波数,0,0,0,0,2024/10/18 17:01:29
月間,202409,策定,三重東近江線,2024/11/03,昼間帯,順方向,390,390,0,0,0,0,390,周波数,0,0,0,0,2024/09/20 17:01:43
月間,202409,策定,三重東近江線,2024/11/03,昼間帯,逆方向,-2000,-2000,0,0,0,0,-2000,周波数,0,0,0,0,2024/09/20 17:01:43
月間,202409,策定,三重東近江線,2024/11/03,夜間帯,順方向,820,820,0,0,0,0,820,周波数,0,0,0,0,2024/09/20 17:01:43
月間,202409,策定,三重東近江線,2024/11/03,夜間帯,逆方向,-2000,-2000,0,0,0,0,-2000,周波数,0,0,0,0,2024/09/20 17:01:43
月間,202410,策定,三重東近江線,2024/11/03,昼間帯,順方向,390,390,0,0,0,0,390,周波数,0,0,0,0,2024/10/18 17:01:29
月間,202410,策定,三重東近江線,2024/11/03,昼間帯,逆方向,-2000,-2000,0,0,0,0,-2000,周波数,0,0,0,0,2024/10/18 17:01:29
月間,202410,策定,三重東近江線,2024/11/03,夜間帯,順方向,820,820,0,0,0,0,820,周波数,0,0,0,0,2024/10/18 17:01:29
月間,202410,策定,三重東近江線,2024/11/03,夜間帯,逆方向,-2000,-2000,0,0,0,0,-2000,周波数,0,0,0,0,2024/10/18 17:01:29
月間,202409,策定,三重東近江線,2024/11/04,昼間帯,順方向,390,390,0,0,0,0,390,周波数,0,0,0,0,2024/09/20 17:01:43
月間,202409,策定,三重東近江線,2024/11/04,昼間帯,逆方向,-2000,-2000,0,0,0,0,-2000,周波数,0,0,0,0,2024/09/20 17:01:43
月間,202409,策定,三重東近江線,2024/11/04,夜間帯,順方向,820,820,0,0,0,0,820,周波数,0,0,0,0,2024/09/20 17:01:43
月間,202409,策定,三重東近江線,2024/11/04,夜間帯,逆方向,-2000,-2000,0,0,0,0,-2000,周波数,0,0,0,0,2024/09/20 17:01:43
月間,202410,策定,三重東近江線,2024/11/04,昼間帯,順方向,390,390,0,0,0,0,390,周波数,0,0,0,0,2024/10/18 17:01:29
月間,202410,策定,三重東近江線,2024/11/04,昼間帯,逆方向,-2000,-2000,0,0,0,0,-2000,周波数,0,0,0,0,2024/10/18 17:01:29
月間,202410,策定,三重東近江線,2024/11/04,夜間帯,順方向,820,820,0,0,0,0,820,周波数,0,0,0,0,2024/10/18 17:01:29
月間,202410,策定,三重東近江線,2024/11/04,夜間帯,逆方向,-2000,-2000,0,0,0,0,-2000,周波数,0,0,0,0,2024/10/18 17:01:29
月間,202409,策定,三重東近江線,2024/11/05,昼間帯,順方向,700,700,0,0,0,0,700,周波数,0,0,0,0,2024/09/20 17:01:43
月間,202409,策定,三重東近江線,2024/11/05,昼間帯,逆方向,-2500,-2500,0,0,0,0,-2500,周波数,0,0,0,0,2024/09/20 17:01:43
月間,202409,策定,三重東近江線,2024/11/05,夜間帯,順方向,820,820,0,0,0,0,820,周波数,0,0,0,0,2024/09/20 17:01:43
月間,202409,策定,三重東近江線,2024/11/05,夜間帯,逆方向,-2000,-2000,0,0,0,0,-2000,周波数,0,0,0,0,2024/09/20 17:01:43
月間,202410,策定,三重東近江線,2024/11/05,昼間帯,順方向,700,700,0,0,0,0,700,周波数,0,0,0,0,2024/10/18 17:01:29
月間,202410,策定,三重東近江線,2024/11/05,昼間帯,逆方向,-2500,-2500,0,0,0,0,-2500,周波数,0,0,0,0,2024/10/18 17:01:29
月間,202410,策定,三重東近江線,2024/11/05,夜間帯,順方向,820,820,0,0,0,0,820,周波数,0,0,0,0,2024/10/18 17:01:29
月間,202410,策定,三重東近江線,2024/11/05,夜間帯,逆方向,-2000,-2000,0,0,0,0,-2000,周波数,0,0,0,0,2024/10/18 17:01:29
月間,202409,策定,三重東近江線,2024/11/06,昼間帯,順方向,700,700,0,0,0,0,700,周波数,0,0,0,0,2024/09/20 17:01:43
月間,202409,策定,三重東近江線,2024/11/06,昼間帯,逆方向,-2500,-2500,0,0,0,0,-2500,周波数,0,0,0,0,2024/09/20 17:01:43
月間,202409,策定,三重東近江線,2024/11/06,夜間帯,順方向,960,960,0,0,0,0,960,周波数,0,0,0,0,2024/09/20 17:01:43
月間,202409,策定,三重東近江線,2024/11/06,夜間帯,逆方向,-2000,-2000,0,0,0,0,-2000,周波数,0,0,0,0,2024/09/20 17:01:43
月間,202410,策定,三重東近江線,2024/11/06,昼間帯,順方向,700,700,0,0,0,0,700,周波数,0,0,0,0,2024/10/18 17:01:29
月間,202410,策定,三重東近江線,2024/11/06,昼間帯,逆方向,-2500,-2500,0,0,0,0,-2500,周波数,0,0,0,0,2024/10/18 17:01:29
月間,202410,策定,三重東近江線,2024/11/06,夜間帯,順方向,960,960,0,0,0,0,960,周波数,0,0,0,0,2024/10/18 17:01:29
月間,202410,策定,三重東近江線,2024/11/06,夜間帯,逆方向,-2000,-2000,0,0,0,0,-2000,周波数,0,0,0,0,2024/10/18 17:01:29
月間,202409,策定,三重東近江線,2024/11/07,昼間帯,順方向,700,700,0,0,0,0,700,周波数,0,0,0,0,2024/09/20 17:01:43
月間,202409,策定,三重東近江線,2024/11/07,昼間帯,逆方向,-2500,-2500,0,0,0,0,-2500,周波数,0,0,0,0,2024/09/20 17:01:43
月間,202409,策定,三重東近江線,2024/11/07,夜間帯,順方向,960,960,0,0,0,0,960,周波数,0,0,0,0,2024/09/20 17:01:43
月間,202409,策定,三重東近江線,2024/11/07,夜間帯,逆方向,-2000,-2000,0,0,0,0,-2000,周波数,0,0,0,0,2024/09/20 17:01:43
月間,202410,策定,三重東近江線,2024/11/07,昼間帯,順方向,700,700,0,0,0,0,700,周波数,0,0,0,0,2024/10/18 17:01:29
月間,202410,策定,三重東近江線,2024/11/07,昼間帯,逆方向,-2500,-2500,0,0,0,0,-2500,周波数,0,0,0,0,2024/10/18 17:01:29
月間,202410,策定,三重東近江線,2024/11/07,夜間帯,順方向,960,960,0,0,0,0,960,周波数,0,0,0,0,2024/10/18 17:01:29
月間,202410,策定,三重東近江線,2024/11/07,夜間帯,逆方向,-2000,-2000,0,0,0,0,-2000,周波数,0,0,0,0,2024/10/18 17:01:29
月間,202409,策定,三重東近江線,2024/11/08,昼間帯,順方向,700,700,0,0,0,0,700,周波数,0,0,0,0,2024/09/20 17:01:43
月間,202409,策定,三重東近江線,2024/11/08,昼間帯,逆方向,-2500,-2500,0,0,0,0,-2500,周波数,0,0,0,0,2024/09/20 17:01:43
月間,202409,策定,三重東近江線,2024/11/08,夜間帯,順方向,960,960,0,0,0,0,960,周波数,0,0,0,0,2024/09/20 17:01:43
月間,202409,策定,三重東近江線,2024/11/08,夜間帯,逆方向,-2000,-2000,0,0,0,0,-2000,周波数,0,0,0,0,2024/09/20 17:01:43
月間,202410,策定,三重東近江線,2024/11/08,昼間帯,順方向,700,700,0,0,0,0,700,周波数,0,0,0,0,2024/10/18 17:01:29
月間,202410,策定,三重東近江線,2024/11/08,昼間帯,逆方向,-2500,-2500,0,0,0,0,-2500,周波数,0,0,0,0,2024/10/18 17:01:29
月間,202410,策定,三重東近江線,2024/11/08,夜間帯,順方向,960,960,0,0,0,0,960,周波数,0,0,0,0,2024/10/18 17:01:29
月間,202410,策定,三重東近江線,2024/11/08,夜間帯,逆方向,-2000,-2000,0,0,0,0,-2000,周波数,0,0,0,0,2024/10/18 17:01:29
月間,202409,策定,三重東近江線,2024/11/09,昼間帯,順方向,390,390,0,0,0,0,390,周波数,0,0,0,0,2024/09/20 17:01:43
月間,202409,策定,三重東近江線,2024/11/09,昼間帯,逆方向,-2500,-2500,0,0,0,0,-2500,周波数,0,0,0,0,2024/09/20 17:01:43
月間,202409,策定,三重東近江線,2024/11/09,夜間帯,順方向,820,820,0,0,0,0,820,周波数,0,0,0,0,2024/09/20 17:01:43
月間,202409,策定,三重東近江線,2024/11/09,夜間帯,逆方向,-2000,-2000,0,0,0,0,-2000,周波数,0,0,0,0,2024/09/20 17:01:43
月間,202410,策定,三重東近江線,2024/11/09,昼間帯,順方向,390,390,0,0,0,0,390,周波数,0,0,0,0,2024/10/18 17:01:29
月間,202410,策定,三重東近江線,2024/11/09,昼間帯,逆方向,-2500,-2500,0,0,0,0,-2500,周波数,0,0,0,0,2024/10/18 17:01:29
月間,202410,策定,三重東近江線,2024/11/09,夜間帯,順方向,820,820,0,0,0,0,820,周波数,0,0,0,0,2024/10/18 17:01:29
月間,202410,策定,三重東近江線,2024/11/09,夜間帯,逆方向,-2000,-2000,0,0,0,0,-2000,周波数,0,0,0,0,2024/10/18 17:01:29
月間,202409,策定,三重東近江線,2024/11/10,昼間帯,順方向,390,390,0,0,0,0,390,周波数,0,0,0,0,2024/09/20 17:01:43
月間,202409,策定,三重東近江線,2024/11/10,昼間帯,逆方向,-2000,-2000,0,0,0,0,-2000,周波数,0,0,0,0,2024/09/20 17:01:43
月間,202409,策定,三重東近江線,2024/11/10,夜間帯,順方向,820,820,0,0,0,0,820,周波数,0,0,0,0,2024/09/20 17:01:43
月間,202409,策定,三重東近江線,2024/11/10,夜間帯,逆方向,-2000,-2000,0,0,0,0,-2000,周波数,0,0,0,0,2024/09/20 17:01:43
月間,202410,策定,三重東近江線,2024/11/10,昼間帯,順方向,390,390,0,0,0,0,390,周波数,0,0,0,0,2024/10/18 17:01:29
月間,202410,策定,三重東近江線,2024/11/10,昼間帯,逆方向,-2000,-2000,0,0,0,0,-2000,周波数,0,0,0,0,2024/10/18 17:01:29
月間,202410,策定,三重東近江線,2024/11/10,夜間帯,順方向,820,820,0,0,0,0,820,周波数,0,0,0,0,2024/10/18 17:01:29
月間,202410,策定,三重東近江線,2024/11/10,夜間帯,逆方向,-2000,-2000,0,0,0,0,-2000,周波数,0,0,0,0,2024/10/18 17:01:29
月間,202409,策定,三重東近江線,2024/11/11,昼間帯,順方向,700,700,0,0,0,0,700,周波数,0,0,0,0,2024/09/20 17:01:43
月間,202409,策定,三重東近江線,2024/11/11,昼間帯,逆方向,-2500,-2500,0,0,0,0,-2500,周波数,0,0,0,0,2024/09/20 17:01:43
月間,202409,策定,三重東近江線,2024/11/11,夜間帯,順方向,820,820,0,0,0,0,820,周波数,0,0,0,0,2024/09/20 17:01:43
月間,202409,策定,三重東近江線,2024/11/11,夜間帯,逆方向,-2000,-2000,0,0,0,0,-2000,周波数,0,0,0,0,2024/09/20 17:01:43
月間,202410,策定,三重東近江線,2024/11/11,昼間帯,順方向,700,700,0,0,0,0,700,周波数,0,0,0,0,2024/10/18 17:01:29
月間,202410,策定,三重東近江線,2024/11/11,昼間帯,逆方向,-2500,-2500,0,0,0,0,-2500,周波数,0,0,0,0,2024/10/18 17:01:29
月間,202410,策定,三重東近江線,2024/11/11,夜間帯,順方向,820,820,0,0,0,0,820,周波数,0,0,0,0,2024/10/18 17:01:29
月間,202410,策定,三重東近江線,2024/11/11,夜間帯,逆方向,-2000,-2000,0,0,0,0,-2000,周波数,0,0,0,0,2024/10/18 17:01:29
月間,202409,策定,三重東近江線,2024/11/12,昼間帯,順方向,700,700,0,0,0,0,700,周波数,0,0,0,0,2024/09/20 17:01:43
月間,202409,策定,三重東近江線,2024/11/12,昼間帯,逆方向,-2500,-2500,0,0,0,0,-2500,周波数,0,0,0,0,2024/09/20 17:01:43
月間,202409,策定,三重東近江線,2024/11/12,夜間帯,順方向,960,960,0,0,0,0,960,周波数,0,0,0,0,2024/09/20 17:01:43
月間,202409,策定,三重東近江線,2024/11/12,夜間帯,逆方向,-2000,-2000,0,0,0,0,-2000,周波数,0,0,0,0,2024/09/20 17:01:43
月間,202410,策定,三重東近江線,2024/11/12,昼間帯,順方向,700,700,0,0,0,0,700,周波数,0,0,0,0,2024/10/18 17:01:29
月間,202410,策定,三重東近江線,2024/11/12,昼間帯,逆方向,-2500,-2500,0,0,0,0,-2500,周波数,0,0,0,0,2024/10/18 17:01:29
月間,202410,策定,三重東近江線,2024/11/12,夜間帯,順方向,960,960,0,0,0,0,960,周波数,0,0,0,0,2024/10/18 17:01:29
月間,202410,策定,三重東近江線,2024/11/12,夜間帯,逆方向,-2000,-2000,0,0,0,0,-2000,周波数,0,0,0,0,2024/10/18 17:01:29
月間,202409,策定,三重東近江線,2024/11/13,昼間帯,順方向,700,700,0,0,0,0,700,周波数,0,0,0,0,2024/09/20 17:01:43
月間,202409,策定,三重東近江線,2024/11/13,昼間帯,逆方向,-2500,-2500,0,0,0,0,-2500,周波数,0,0,0,0,2024/09/20 17:01:43
月間,202409,策定,三重東近江線,2024/11/13,夜間帯,順方向,960,960,0,0,0,0,960,周波数,0,0,0,0,2024/09/20 17:01:43
月間,202409,策定,三重東近江線,2024/11/13,夜間帯,逆方向,-2000,-2000,0,0,0,0,-2000,周波数,0,0,0,0,2024/09/20 17:01:43
月間,202410,策定,三重東近江線,2024/11/13,昼間帯,順方向,700,700,0,0,0,0,700,周波数,0,0,0,0,2024/10/18 17:01:29
月間,202410,策定,三重東近江線,2024/11/13,昼間帯,逆方向,-2500,-2500,0,0,0,0,-2500,周波数,0,0,0,0,2024/10/18 17:01:29
月間,202410,策定,三重東近江線,2024/11/13,夜間帯,順方向,960,960,0,0,0,0,960,周波数,0,0,0,0,2024/10/18 17:01:29
月間,202410,策定,三重東近江線,2024/11/13,夜間帯,逆方向,-2000,-2000,0,0,0,0,-2000,周波数,0,0,0,0,2024/10/18 17:01:29
月間,202409,策定,三重東近江線,2024/11/14,昼間帯,順方向,700,700,0,0,0,0,700,周波数,0,0,0,0,2024/09/20 17:01:43
月間,202409,策定,三重東近江線,2024/11/14,昼間帯,逆方向,-2500,-2500,0,0,0,0,-2500,周波数,0,0,0,0,2024/09/20 17:01:43
月間,202409,策定,三重東近江線,2024/11/14,夜間帯,順方向,960,960,0,0,0,0,960,周波数,0,0,0,0,2024/09/20 17:01:43
月間,202409,策定,三重東近江線,2024/11/14,夜間帯,逆方向,-2000,-2000,0,0,0,0,-2000,周波数,0,0,0,0,2024/09/20 17:01:43
月間,202410,策定,三重東近江線,2024/11/14,昼間帯,順方向,700,700,0,0,0,0,700,周波数,0,0,0,0,2024/10/18 17:01:29
月間,202410,策定,三重東近江線,2024/11/14,昼間帯,逆方向,-2500,-2500,0,0,0,0,-2500,周波数,0,0,0,0,2024/10/18 17:01:29
月間,202410,策定,三重東近江線,2024/11/14,夜間帯,順方向,960,960,0,0,0,0,960,周波数,0,0,0,0,2024/10/18 17:01:29
月間,202410,策定,三重東近江線,2024/11/14,夜間帯,逆方向,-2000,-2000,0,0,0,0,-2000,周波数,0,0,0,0,2024/10/18 17:01:29
月間,202409,策定,三重東近江線,2024/11/15,昼間帯,順方向,700,700,0,0,0,0,700,周波数,0,0,0,0,2024/09/20 17:01:43
月間,202409,策定,三重東近江線,2024/11/15,昼間帯,逆方向,-2500,-2500,0,0,0,0,-2500,周波数,0,0,0,0,2024/09/20 17:01:43
月間,202409,策定,三重東近江線,2024/11/15,夜間帯,順方向,960,960,0,0,0,0,960,周波数,0,0,0,0,2024/09/20 17:01:43
月間,202409,策定,三重東近江線,2024/11/15,夜間帯,逆方向,-2000,-2000,0,0,0,0,-2000,周波数,0,0,0,0,2024/09/20 17:01:43
月間,202410,策定,三重東近江線,2024/11/15,昼間帯,順方向,700,700,0,0,0,0,700,周波数,0,0,0,0,2024/10/18 17:01:29
月間,202410,策定,三重東近江線,2024/11/15,昼間帯,逆方向,-2500,-2500,0,0,0,0,-2500,周波数,0,0,0,0,2024/10/18 17:01:29
月間,202410,策定,三重東近江線,2024/11/15,夜間帯,順方向,960,960,0,0,0,0,960,周波数,0,0,0,0,2024/10/18 17:01:29
月間,202410,策定,三重東近江線,2024/11/15,夜間帯,逆方向,-2000,-2000,0,0,0,0,-2000,周波数,0,0,0,0,2024/10/18 17:01:29
月間,202409,策定,三重東近江線,2024/11/16,昼間帯,順方向,420,420,0,0,0,0,420,周波数,0,0,0,0,2024/09/20 17:01:43
月間,202409,策定,三重東近江線,2024/11/16,昼間帯,逆方向,-2500,-2500,0,0,0,0,-2500,周波数,0,0,0,0,2024/09/20 17:01:43
月間,202409,策定,三重東近江線,2024/11/16,夜間帯,順方向,880,880,0,0,0,0,880,周波数,0,0,0,0,2024/09/20 17:01:43
月間,202409,策定,三重東近江線,2024/11/16,夜間帯,逆方向,-2000,-2000,0,0,0,0,-2000,周波数,0,0,0,0,2024/09/20 17:01:43
月間,202410,策定,三重東近江線,2024/11/16,昼間帯,順方向,420,420,0,0,0,0,420,周波数,0,0,0,0,2024/10/18 17:01:29
月間,202410,策定,三重東近江線,2024/11/16,昼間帯,逆方向,-2500,-2500,0,0,0,0,-2500,周波数,0,0,0,0,2024/10/18 17:01:29
月間,202410,策定,三重東近江線,2024/11/16,夜間帯,順方向,880,880,0,0,0,0,880,周波数,0,0,0,0,2024/10/18 17:01:29
月間,202410,策定,三重東近江線,2024/11/16,夜間帯,逆方向,-2000,-2000,0,0,0,0,-2000,周波数,0,0,0,0,2024/10/18 17:01:29
月間,202409,策定,三重東近江線,2024/11/17,昼間帯,順方向,420,420,0,0,0,0,420,周波数,0,0,0,0,2024/09/20 17:01:43
月間,202409,策定,三重東近江線,2024/11/17,昼間帯,逆方向,-2000,-2000,0,0,0,0,-2000,周波数,0,0,0,0,2024/09/20 17:01:43
月間,202409,策定,三重東近江線,2024/11/17,夜間帯,順方向,880,880,0,0,0,0,880,周波数,0,0,0,0,2024/09/20 17:01:43
月間,202409,策定,三重東近江線,2024/11/17,夜間帯,逆方向,-2000,-2000,0,0,0,0,-2000,周波数,0,0,0,0,2024/09/20 17:01:43
月間,202410,策定,三重東近江線,2024/11/17,昼間帯,順方向,420,420,0,0,0,0,420,周波数,0,0,0,0,2024/10/18 17:01:29
月間,202410,策定,三重東近江線,2024/11/17,昼間帯,逆方向,-2000,-2000,0,0,0,0,-2000,周波数,0,0,0,0,2024/10/18 17:01:29
月間,202410,策定,三重東近江線,2024/11/17,夜間帯,順方向,880,880,0,0,0,0,880,周波数,0,0,0,0,2024/10/18 17:01:29
月間,202410,策定,三重東近江線,2024/11/17,夜間帯,逆方向,-2000,-2000,0,0,0,0,-2000,周波数,0,0,0,0,2024/10/18 17:01:29
月間,202409,策定,三重東近江線,2024/11/18,昼間帯,順方向,700,700,0,0,0,0,700,周波数,0,0,0,0,2024/09/20 17:01:43
月間,202409,策定,三重東近江線,2024/11/18,昼間帯,逆方向,-2500,-2500,0,0,0,0,-2500,周波数,0,0,0,0,2024/09/20 17:01:43
月間,202409,策定,三重東近江線,2024/11/18,夜間帯,順方向,880,880,0,0,0,0,880,周波数,0,0,0,0,2024/09/20 17:01:43
月間,202409,策定,三重東近江線,2024/11/18,夜間帯,逆方向,-2000,-2000,0,0,0,0,-2000,周波数,0,0,0,0,2024/09/20 17:01:43
月間,202410,策定,三重東近江線,2024/11/18,昼間帯,順方向,700,700,0,0,0,0,700,周波数,0,0,0,0,2024/10/18 17:01:29
月間,202410,策定,三重東近江線,2024/11/18,昼間帯,逆方向,-2500,-2500,0,0,0,0,-2500,周波数,0,0,0,0,2024/10/18 17:01:29
月間,202410,策定,三重東近江線,2024/11/18,夜間帯,順方向,880,880,0,0,0,0,880,周波数,0,0,0,0,2024/10/18 17:01:29
月間,202410,策定,三重東近江線,2024/11/18,夜間帯,逆方向,-2000,-2000,0,0,0,0,-2000,周波数,0,0,0,0,2024/10/18 17:01:29
月間,202409,策定,三重東近江線,2024/11/19,昼間帯,順方向,700,700,0,0,0,0,700,周波数,0,0,0,0,2024/09/20 17:01:43
月間,202409,策定,三重東近江線,2024/11/19,昼間帯,逆方向,-2500,-2500,0,0,0,0,-2500,周波数,0,0,0,0,2024/09/20 17:01:43
月間,202409,策定,三重東近江線,2024/11/19,夜間帯,順方向,980,980,0,0,0,0,980,周波数,0,0,0,0,2024/09/20 17:01:43
月間,202409,策定,三重東近江線,2024/11/19,夜間帯,逆方向,-2000,-2000,0,0,0,0,-2000,周波数,0,0,0,0,2024/09/20 17:01:43
月間,202410,策定,三重東近江線,2024/11/19,昼間帯,順方向,700,700,0,0,0,0,700,周波数,0,0,0,0,2024/10/18 17:01:29
月間,202410,策定,三重東近江線,2024/11/19,昼間帯,逆方向,-2500,-2500,0,0,0,0,-2500,周波数,0,0,0,0,2024/10/18 17:01:29
月間,202410,策定,三重東近江線,2024/11/19,夜間帯,順方向,980,980,0,0,0,0,980,周波数,0,0,0,0,2024/10/18 17:01:29
月間,202410,策定,三重東近江線,2024/11/19,夜間帯,逆方向,-2000,-2000,0,0,0,0,-2000,周波数,0,0,0,0,2024/10/18 17:01:29
月間,202409,策定,三重東近江線,2024/11/20,昼間帯,順方向,700,700,0,0,0,0,700,周波数,0,0,0,0,2024/09/20 17:01:43
月間,202409,策定,三重東近江線,2024/11/20,昼間帯,逆方向,-2500,-2500,0,0,0,0,-2500,周波数,0,0,0,0,2024/09/20 17:01:43
月間,202409,策定,三重東近江線,2024/11/20,夜間帯,順方向,980,980,0,0,0,0,980,周波数,0,0,0,0,2024/09/20 17:01:43
月間,202409,策定,三重東近江線,2024/11/20,夜間帯,逆方向,-2000,-2000,0,0,0,0,-2000,周波数,0,0,0,0,2024/09/20 17:01:43
月間,202410,策定,三重東近江線,2024/11/20,昼間帯,順方向,700,700,0,0,0,0,700,周波数,0,0,0,0,2024/10/18 17:01:29
月間,202410,策定,三重東近江線,2024/11/20,昼間帯,逆方向,-2500,-2500,0,0,0,0,-2500,周波数,0,0,0,0,2024/10/18 17:01:29
月間,202410,策定,三重東近江線,2024/11/20,夜間帯,順方向,980,980,0,0,0,0,980,周波数,0,0,0,0,2024/10/18 17:01:29
月間,202410,策定,三重東近江線,2024/11/20,夜間帯,逆方向,-2000,-2000,0,0,0,0,-2000,周波数,0,0,0,0,2024/10/18 17:01:29
月間,202409,策定,三重東近江線,2024/11/21,昼間帯,順方向,700,700,0,0,0,0,700,周波数,0,0,0,0,2024/09/20 17:01:43
月間,202409,策定,三重東近江線,2024/11/21,昼間帯,逆方向,-2500,-2500,0,0,0,0,-2500,周波数,0,0,0,0,2024/09/20 17:01:43
月間,202409,策定,三重東近江線,2024/11/21,夜間帯,順方向,980,980,0,0,0,0,980,周波数,0,0,0,0,2024/09/20 17:01:43
月間,202409,策定,三重東近江線,2024/11/21,夜間帯,逆方向,-2000,-2000,0,0,0,0,-2000,周波数,0,0,0,0,2024/09/20 17:01:43
月間,202410,策定,三重東近江線,2024/11/21,昼間帯,順方向,700,700,0,0,0,0,700,周波数,0,0,0,0,2024/10/18 17:01:29
月間,202410,策定,三重東近江線,2024/11/21,昼間帯,逆方向,-2500,-2500,0,0,0,0,-2500,周波数,0,0,0,0,2024/10/18 17:01:29
月間,202410,策定,三重東近江線,2024/11/21,夜間帯,順方向,980,980,0,0,0,0,980,周波数,0,0,0,0,2024/10/18 17:01:29
月間,202410,策定,三重東近江線,2024/11/21,夜間帯,逆方向,-2000,-2000,0,0,0,0,-2000,周波数,0,0,0,0,2024/10/18 17:01:29
月間,202409,策定,三重東近江線,2024/11/22,昼間帯,順方向,700,700,0,0,0,0,700,周波数,0,0,0,0,2024/09/20 17:01:43
月間,202409,策定,三重東近江線,2024/11/22,昼間帯,逆方向,-2500,-2500,0,0,0,0,-2500,周波数,0,0,0,0,2024/09/20 17:01:43
月間,202409,策定,三重東近江線,2024/11/22,夜間帯,順方向,980,980,0,0,0,0,980,周波数,0,0,0,0,2024/09/20 17:01:43
月間,202409,策定,三重東近江線,2024/11/22,夜間帯,逆方向,-2000,-2000,0,0,0,0,-2000,周波数,0,0,0,0,2024/09/20 17:01:43
月間,202410,策定,三重東近江線,2024/11/22,昼間帯,順方向,700,700,0,0,0,0,700,周波数,0,0,0,0,2024/10/18 17:01:29
月間,202410,策定,三重東近江線,2024/11/22,昼間帯,逆方向,-2500,-2500,0,0,0,0,-2500,周波数,0,0,0,0,2024/10/18 17:01:29
月間,202410,策定,三重東近江線,2024/11/22,夜間帯,順方向,980,980,0,0,0,0,980,周波数,0,0,0,0,2024/10/18 17:01:29
月間,202410,策定,三重東近江線,2024/11/22,夜間帯,逆方向,-2000,-2000,0,0,0,0,-2000,周波数,0,0,0,0,2024/10/18 17:01:29
月間,202409,策定,三重東近江線,2024/11/23,昼間帯,順方向,420,420,0,0,0,0,420,周波数,0,0,0,0,2024/09/20 17:01:43
月間,202409,策定,三重東近江線,2024/11/23,昼間帯,逆方向,-2500,-2500,0,0,0,0,-2500,周波数,0,0,0,0,2024/09/20 17:01:43
月間,202409,策定,三重東近江線,2024/11/23,夜間帯,順方向,880,880,0,0,0,0,880,周波数,0,0,0,0,2024/09/20 17:01:43
月間,202409,策定,三重東近江線,2024/11/23,夜間帯,逆方向,-2000,-2000,0,0,0,0,-2000,周波数,0,0,0,0,2024/09/20 17:01:43
月間,202410,策定,三重東近江線,2024/11/23,昼間帯,順方向,420,420,0,0,0,0,420,周波数,0,0,0,0,2024/10/18 17:01:29
月間,202410,策定,三重東近江線,2024/11/23,昼間帯,逆方向,-2500,-2500,0,0,0,0,-2500,周波数,0,0,0,0,2024/10/18 17:01:29
月間,202410,策定,三重東近江線,2024/11/23,夜間帯,順方向,880,880,0,0,0,0,880,周波数,0,0,0,0,2024/10/18 17:01:29
月間,202410,策定,三重東近江線,2024/11/23,夜間帯,逆方向,-2000,-2000,0,0,0,0,-2000,周波数,0,0,0,0,2024/10/18 17:01:29
月間,202409,策定,三重東近江線,2024/11/24,昼間帯,順方向,420,420,0,0,0,0,420,周波数,0,0,0,0,2024/09/20 17:01:43
月間,202409,策定,三重東近江線,2024/11/24,昼間帯,逆方向,-2000,-2000,0,0,0,0,-2000,周波数,0,0,0,0,2024/09/20 17:01:43
月間,202409,策定,三重東近江線,2024/11/24,夜間帯,順方向,880,880,0,0,0,0,880,周波数,0,0,0,0,2024/09/20 17:01:43
月間,202409,策定,三重東近江線,2024/11/24,夜間帯,逆方向,-2000,-2000,0,0,0,0,-2000,周波数,0,0,0,0,2024/09/20 17:01:43
月間,202410,策定,三重東近江線,2024/11/24,昼間帯,順方向,420,420,0,0,0,0,420,周波数,0,0,0,0,2024/10/18 17:01:29
月間,202410,策定,三重東近江線,2024/11/24,昼間帯,逆方向,-2000,-2000,0,0,0,0,-2000,周波数,0,0,0,0,2024/10/18 17:01:29
月間,202410,策定,三重東近江線,2024/11/24,夜間帯,順方向,880,880,0,0,0,0,880,周波数,0,0,0,0,2024/10/18 17:01:29
月間,202410,策定,三重東近江線,2024/11/24,夜間帯,逆方向,-2000,-2000,0,0,0,0,-2000,周波数,0,0,0,0,2024/10/18 17:01:29
月間,202409,策定,三重東近江線,2024/11/25,昼間帯,順方向,700,700,0,0,0,0,700,周波数,0,0,0,0,2024/09/20 17:01:43
月間,202409,策定,三重東近江線,2024/11/25,昼間帯,逆方向,-2500,-2500,0,0,0,0,-2500,周波数,0,0,0,0,2024/09/20 17:01:43
月間,202409,策定,三重東近江線,2024/11/25,夜間帯,順方向,880,880,0,0,0,0,880,周波数,0,0,0,0,2024/09/20 17:01:43
月間,202409,策定,三重東近江線,2024/11/25,夜間帯,逆方向,-2000,-2000,0,0,0,0,-2000,周波数,0,0,0,0,2024/09/20 17:01:43
月間,202410,策定,三重東近江線,2024/11/25,昼間帯,順方向,700,700,0,0,0,0,700,周波数,0,0,0,0,2024/10/18 17:01:29
月間,202410,策定,三重東近江線,2024/11/25,昼間帯,逆方向,-2500,-2500,0,0,0,0,-2500,周波数,0,0,0,0,2024/10/18 17:01:29
月間,202410,策定,三重東近江線,2024/11/25,夜間帯,順方向,880,880,0,0,0,0,880,周波数,0,0,0,0,2024/10/18 17:01:29
月間,202410,策定,三重東近江線,2024/11/25,夜間帯,逆方向,-2000,-2000,0,0,0,0,-2000,周波数,0,0,0,0,2024/10/18 17:01:29
月間,202409,策定,三重東近江線,2024/11/26,昼間帯,順方向,700,700,0,0,0,0,700,周波数,0,0,0,0,2024/09/20 17:01:43
月間,202409,策定,三重東近江線,2024/11/26,昼間帯,逆方向,-2500,-2500,0,0,0,0,-2500,周波数,0,0,0,0,2024/09/20 17:01:43
月間,202409,策定,三重東近江線,2024/11/26,夜間帯,順方向,980,980,0,0,0,0,980,周波数,0,0,0,0,2024/09/20 17:01:43
月間,202409,策定,三重東近江線,2024/11/26,夜間帯,逆方向,-2000,-2000,0,0,0,0,-2000,周波数,0,0,0,0,2024/09/20 17:01:43
月間,202410,策定,三重東近江線,2024/11/26,昼間帯,順方向,700,700,0,0,0,0,700,周波数,0,0,0,0,2024/10/18 17:01:29
月間,202410,策定,三重東近江線,2024/11/26,昼間帯,逆方向,-2500,-2500,0,0,0,0,-2500,周波数,0,0,0,0,2024/10/18 17:01:29
月間,202410,策定,三重東近江線,2024/11/26,夜間帯,順方向,980,980,0,0,0,0,980,周波数,0,0,0,0,2024/10/18 17:01:29
月間,202410,策定,三重東近江線,2024/11/26,夜間帯,逆方向,-2000,-2000,0,0,0,0,-2000,周波数,0,0,0,0,2024/10/18 17:01:29
月間,202409,策定,三重東近江線,2024/11/27,昼間帯,順方向,700,700,0,0,0,0,700,周波数,0,0,0,0,2024/09/20 17:01:43
月間,202409,策定,三重東近江線,2024/11/27,昼間帯,逆方向,-2500,-2500,0,0,0,0,-2500,周波数,0,0,0,0,2024/09/20 17:01:43
月間,202409,策定,三重東近江線,2024/11/27,夜間帯,順方向,980,980,0,0,0,0,980,周波数,0,0,0,0,2024/09/20 17:01:43
月間,202409,策定,三重東近江線,2024/11/27,夜間帯,逆方向,-2000,-2000,0,0,0,0,-2000,周波数,0,0,0,0,2024/09/20 17:01:43
月間,202410,策定,三重東近江線,2024/11/27,昼間帯,順方向,700,700,0,0,0,0,700,周波数,0,0,0,0,2024/10/18 17:01:29
月間,202410,策定,三重東近江線,2024/11/27,昼間帯,逆方向,-2500,-2500,0,0,0,0,-2500,周波数,0,0,0,0,2024/10/18 17:01:29
月間,202410,策定,三重東近江線,2024/11/27,夜間帯,順方向,980,980,0,0,0,0,980,周波数,0,0,0,0,2024/10/18 17:01:29
月間,202410,策定,三重東近江線,2024/11/27,夜間帯,逆方向,-2000,-2000,0,0,0,0,-2000,周波数,0,0,0,0,2024/10/18 17:01:29
月間,202409,策定,三重東近江線,2024/11/28,昼間帯,順方向,700,700,0,0,0,0,700,周波数,0,0,0,0,2024/09/20 17:01:43
月間,202409,策定,三重東近江線,2024/11/28,昼間帯,逆方向,-2500,-2500,0,0,0,0,-2500,周波数,0,0,0,0,2024/09/20 17:01:43
月間,202409,策定,三重東近江線,2024/11/28,夜間帯,順方向,980,980,0,0,0,0,980,周波数,0,0,0,0,2024/09/20 17:01:43
月間,202409,策定,三重東近江線,2024/11/28,夜間帯,逆方向,-2000,-2000,0,0,0,0,-2000,周波数,0,0,0,0,2024/09/20 17:01:43
月間,202410,策定,三重東近江線,2024/11/28,昼間帯,順方向,700,700,0,0,0,0,700,周波数,0,0,0,0,2024/10/18 17:01:29
月間,202410,策定,三重東近江線,2024/11/28,昼間帯,逆方向,-2500,-2500,0,0,0,0,-2500,周波数,0,0,0,0,2024/10/18 17:01:29
月間,202410,策定,三重東近江線,2024/11/28,夜間帯,順方向,980,980,0,0,0,0,980,周波数,0,0,0,0,2024/10/18 17:01:29
月間,202410,策定,三重東近江線,2024/11/28,夜間帯,逆方向,-2000,-2000,0,0,0,0,-2000,周波数,0,0,0,0,2024/10/18 17:01:29
月間,202409,策定,三重東近江線,2024/11/29,昼間帯,順方向,700,700,0,0,0,0,700,周波数,0,0,0,0,2024/09/20 17:01:43
月間,202409,策定,三重東近江線,2024/11/29,昼間帯,逆方向,-2500,-2500,0,0,0,0,-2500,周波数,0,0,0,0,2024/09/20 17:01:43
月間,202409,策定,三重東近江線,2024/11/29,夜間帯,順方向,980,980,0,0,0,0,980,周波数,0,0,0,0,2024/09/20 17:01:43
月間,202409,策定,三重東近江線,2024/11/29,夜間帯,逆方向,-2000,-2000,0,0,0,0,-2000,周波数,0,0,0,0,2024/09/20 17:01:43
月間,202410,策定,三重東近江線,2024/11/29,昼間帯,順方向,700,700,0,0,0,0,700,周波数,0,0,0,0,2024/10/18 17:01:29
月間,202410,策定,三重東近江線,2024/11/29,昼間帯,逆方向,-2500,-2500,0,0,0,0,-2500,周波数,0,0,0,0,2024/10/18 17:01:29
月間,202410,策定,三重東近江線,2024/11/29,夜間帯,順方向,980,980,0,0,0,0,980,周波数,0,0,0,0,2024/10/18 17:01:29
月間,202410,策定,三重東近江線,2024/11/29,夜間帯,逆方向,-2000,-2000,0,0,0,0,-2000,周波数,0,0,0,0,2024/10/18 17:01:29
月間,202409,策定,三重東近江線,2024/11/30,昼間帯,順方向,420,420,0,0,0,0,420,周波数,0,0,0,0,2024/09/20 17:01:43
月間,202409,策定,三重東近江線,2024/11/30,昼間帯,逆方向,-2500,-2500,0,0,0,0,-2500,周波数,0,0,0,0,2024/09/20 17:01:43
月間,202409,策定,三重東近江線,2024/11/30,夜間帯,順方向,880,880,0,0,0,0,880,周波数,0,0,0,0,2024/09/20 17:01:43
月間,202409,策定,三重東近江線,2024/11/30,夜間帯,逆方向,-2000,-2000,0,0,0,0,-2000,周波数,0,0,0,0,2024/09/20 17:01:43
月間,202410,策定,三重東近江線,2024/11/30,昼間帯,順方向,420,420,0,0,0,0,420,周波数,0,0,0,0,2024/10/18 17:01:29
月間,202410,策定,三重東近江線,2024/11/30,昼間帯,逆方向,-2500,-2500,0,0,0,0,-2500,周波数,0,0,0,0,2024/10/18 17:01:29
月間,202410,策定,三重東近江線,2024/11/30,夜間帯,順方向,880,880,0,0,0,0,880,周波数,0,0,0,0,2024/10/18 17:01:29
月間,202410,策定,三重東近江線,2024/11/30,夜間帯,逆方向,-2000,-2000,0,0,0,0,-2000,周波数,0,0,0,0,2024/10/18 17:01:29
月間,202410,策定,三重東近江線,2024/12/01,昼間帯,順方向,620,620,0,0,0,0,620,周波数,0,0,0,0,2024/10/18 17:01:29
月間,202410,策定,三重東近江線,2024/12/01,昼間帯,逆方向,-2000,-2000,0,0,0,0,-2000,周波数,0,0,0,0,2024/10/18 17:01:29
月間,202410,策定,三重東近江線,2024/12/01,夜間帯,順方向,1040,1040,0,0,0,0,1040,周波数,0,0,0,0,2024/10/18 17:01:29
月間,202410,策定,三重東近江線,2024/12/01,夜間帯,逆方向,-2000,-2000,0,0,0,0,-2000,周波数,0,0,0,0,2024/10/18 17:01:29
月間,202410,策定,三重東近江線,2024/12/02,昼間帯,順方向,890,890,0,0,0,0,890,周波数,0,0,0,0,2024/10/18 17:01:29
月間,202410,策定,三重東近江線,2024/12/02,昼間帯,逆方向,-2500,-2500,0,0,0,0,-2500,周波数,0,0,0,0,2024/10/18 17:01:29
月間,202410,策定,三重東近江線,2024/12/02,夜間帯,順方向,1040,1040,0,0,0,0,1040,周波数,0,0,0,0,2024/10/18 17:01:29
月間,202410,策定,三重東近江線,2024/12/02,夜間帯,逆方向,-2000,-2000,0,0,0,0,-2000,周波数,0,0,0,0,2024/10/18 17:01:29
月間,202410,策定,三重東近江線,2024/12/03,昼間帯,順方向,890,890,0,0,0,0,890,周波数,0,0,0,0,2024/10/18 17:01:29
月間,202410,策定,三重東近江線,2024/12/03,昼間帯,逆方向,-2500,-2500,0,0,0,0,-2500,周波数,0,0,0,0,2024/10/18 17:01:29
月間,202410,策定,三重東近江線,2024/12/03,夜間帯,順方向,1100,1100,0,0,0,0,1100,周波数,0,0,0,0,2024/10/18 17:01:29
月間,202410,策定,三重東近江線,2024/12/03,夜間帯,逆方向,-2000,-2000,0,0,0,0,-2000,周波数,0,0,0,0,2024/10/18 17:01:29
月間,202410,策定,三重東近江線,2024/12/04,昼間帯,順方向,890,890,0,0,0,0,890,周波数,0,0,0,0,2024/10/18 17:01:29
月間,202410,策定,三重東近江線,2024/12/04,昼間帯,逆方向,-2500,-2500,0,0,0,0,-2500,周波数,0,0,0,0,2024/10/18 17:01:29
月間,202410,策定,三重東近江線,2024/12/04,夜間帯,順方向,1100,1100,0,0,0,0,1100,周波数,0,0,0,0,2024/10/18 17:01:29
月間,202410,策定,三重東近江線,2024/12/04,夜間帯,逆方向,-2000,-2000,0,0,0,0,-2000,周波数,0,0,0,0,2024/10/18 17:01:29
月間,202410,策定,三重東近江線,2024/12/05,昼間帯,順方向,890,890,0,0,0,0,890,周波数,0,0,0,0,2024/10/18 17:01:29
月間,202410,策定,三重東近江線,2024/12/05,昼間帯,逆方向,-2500,-2500,0,0,0,0,-2500,周波数,0,0,0,0,2024/10/18 17:01:29
月間,202410,策定,三重東近江線,2024/12/05,夜間帯,順方向,1100,1100,0,0,0,0,1100,周波数,0,0,0,0,2024/10/18 17:01:29
月間,202410,策定,三重東近江線,2024/12/05,夜間帯,逆方向,-2000,-2000,0,0,0,0,-2000,周波数,0,0,0,0,2024/10/18 17:01:29
月間,202410,策定,三重東近江線,2024/12/06,昼間帯,順方向,890,890,0,0,0,0,890,周波数,0,0,0,0,2024/10/18 17:01:29
月間,202410,策定,三重東近江線,2024/12/06,昼間帯,逆方向,-2500,-2500,0,0,0,0,-2500,周波数,0,0,0,0,2024/10/18 17:01:29
月間,202410,策定,三重東近江線,2024/12/06,夜間帯,順方向,1100,1100,0,0,0,0,1100,周波数,0,0,0,0,2024/10/18 17:01:29
月間,202410,策定,三重東近江線,2024/12/06,夜間帯,逆方向,-2000,-2000,0,0,0,0,-2000,周波数,0,0,0,0,2024/10/18 17:01:29
月間,202410,策定,三重東近江線,2024/12/07,昼間帯,順方向,620,620,0,0,0,0,620,周波数,0,0,0,0,2024/10/18 17:01:29
月間,202410,策定,三重東近江線,2024/12/07,昼間帯,逆方向,-2500,-2500,0,0,0,0,-2500,周波数,0,0,0,0,2024/10/18 17:01:29
月間,202410,策定,三重東近江線,2024/12/07,夜間帯,順方向,1040,1040,0,0,0,0,1040,周波数,0,0,0,0,2024/10/18 17:01:29
月間,202410,策定,三重東近江線,2024/12/07,夜間帯,逆方向,-2000,-2000,0,0,0,0,-2000,周波数,0,0,0,0,2024/10/18 17:01:29
月間,202411,策定,三重東近江線,2024/12/07,昼間帯,順方向,620,620,0,0,0,0,620,周波数,0,0,0,0,2024/11/20 16:59:38
月間,202411,策定,三重東近江線,2024/12/07,昼間帯,逆方向,-2500,-2500,0,0,0,0,-2500,周波数,0,0,0,0,2024/11/20 16:59:38
月間,202411,策定,三重東近江線,2024/12/07,夜間帯,順方向,1040,1040,0,0,0,0,1040,周波数,0,0,0,0,2024/11/20 16:59:38
月間,202411,策定,三重東近江線,2024/12/07,夜間帯,逆方向,-2000,-2000,0,0,0,0,-2000,周波数,0,0,0,0,2024/11/20 16:59:38
月間,202410,策定,三重東近江線,2024/12/08,昼間帯,順方向,620,620,0,0,0,0,620,周波数,0,0,0,0,2024/10/18 17:01:29
月間,202410,策定,三重東近江線,2024/12/08,昼間帯,逆方向,-2000,-2000,0,0,0,0,-2000,周波数,0,0,0,0,2024/10/18 17:01:29
月間,202410,策定,三重東近江線,2024/12/08,夜間帯,順方向,1040,1040,0,0,0,0,1040,周波数,0,0,0,0,2024/10/18 17:01:29
月間,202410,策定,三重東近江線,2024/12/08,夜間帯,逆方向,-2000,-2000,0,0,0,0,-2000,周波数,0,0,0,0,2024/10/18 17:01:29
月間,202411,策定,三重東近江線,2024/12/08,昼間帯,順方向,620,620,0,0,0,0,620,周波数,0,0,0,0,2024/11/20 16:59:38
月間,202411,策定,三重東近江線,2024/12/08,昼間帯,逆方向,-2000,-2000,0,0,0,0,-2000,周波数,0,0,0,0,2024/11/20 16:59:38
月間,202411,策定,三重東近江線,2024/12/08,夜間帯,順方向,1040,1040,0,0,0,0,1040,周波数,0,0,0,0,2024/11/20 16:59:38
月間,202411,策定,三重東近江線,2024/12/08,夜間帯,逆方向,-2000,-2000,0,0,0,0,-2000,周波数,0,0,0,0,2024/11/20 16:59:38
月間,202410,策定,三重東近江線,2024/12/09,昼間帯,順方向,890,890,0,0,0,0,890,周波数,0,0,0,0,2024/10/18 17:01:29
月間,202410,策定,三重東近江線,2024/12/09,昼間帯,逆方向,-2500,-2500,0,0,0,0,-2500,周波数,0,0,0,0,2024/10/18 17:01:29
月間,202410,策定,三重東近江線,2024/12/09,夜間帯,順方向,1040,1040,0,0,0,0,1040,周波数,0,0,0,0,2024/10/18 17:01:29
月間,202410,策定,三重東近江線,2024/12/09,夜間帯,逆方向,-2000,-2000,0,0,0,0,-2000,周波数,0,0,0,0,2024/10/18 17:01:29
月間,202411,策定,三重東近江線,2024/12/09,昼間帯,順方向,890,890,0,0,0,0,890,周波数,0,0,0,0,2024/11/20 16:59:38
月間,202411,策定,三重東近江線,2024/12/09,昼間帯,逆方向,-2500,-2500,0,0,0,0,-2500,周波数,0,0,0,0,2024/11/20 16:59:38
月間,202411,策定,三重東近江線,2024/12/09,夜間帯,順方向,1040,1040,0,0,0,0,1040,周波数,0,0,0,0,2024/11/20 16:59:38
月間,202411,策定,三重東近江線,2024/12/09,夜間帯,逆方向,-2000,-2000,0,0,0,0,-2000,周波数,0,0,0,0,2024/11/20 16:59:38
月間,202410,策定,三重東近江線,2024/12/10,昼間帯,順方向,890,890,0,0,0,0,890,周波数,0,0,0,0,2024/10/18 17:01:29
月間,202410,策定,三重東近江線,2024/12/10,昼間帯,逆方向,-2500,-2500,0,0,0,0,-2500,周波数,0,0,0,0,2024/10/18 17:01:29
月間,202410,策定,三重東近江線,2024/12/10,夜間帯,順方向,1100,1100,0,0,0,0,1100,周波数,0,0,0,0,2024/10/18 17:01:29
月間,202410,策定,三重東近江線,2024/12/10,夜間帯,逆方向,-2000,-2000,0,0,0,0,-2000,周波数,0,0,0,0,2024/10/18 17:01:29
月間,202411,策定,三重東近江線,2024/12/10,昼間帯,順方向,890,890,0,0,0,0,890,周波数,0,0,0,0,2024/11/20 16:59:38
月間,202411,策定,三重東近江線,2024/12/10,昼間帯,逆方向,-2500,-2500,0,0,0,0,-2500,周波数,0,0,0,0,2024/11/20 16:59:38
月間,202411,策定,三重東近江線,2024/12/10,夜間帯,順方向,1100,1100,0,0,0,0,1100,周波数,0,0,0,0,2024/11/20 16:59:38
月間,202411,策定,三重東近江線,2024/12/10,夜間帯,逆方向,-2000,-2000,0,0,0,0,-2000,周波数,0,0,0,0,2024/11/20 16:59:38
月間,202410,策定,三重東近江線,2024/12/11,昼間帯,順方向,890,890,0,0,0,0,890,周波数,0,0,0,0,2024/10/18 17:01:29
月間,202410,策定,三重東近江線,2024/12/11,昼間帯,逆方向,-2500,-2500,0,0,0,0,-2500,周波数,0,0,0,0,2024/10/18 17:01:29
月間,202410,策定,三重東近江線,2024/12/11,夜間帯,順方向,1100,1100,0,0,0,0,1100,周波数,0,0,0,0,2024/10/18 17:01:29
月間,202410,策定,三重東近江線,2024/12/11,夜間帯,逆方向,-2000,-2000,0,0,0,0,-2000,周波数,0,0,0,0,2024/10/18 17:01:29
月間,202411,策定,三重東近江線,2024/12/11,昼間帯,順方向,890,890,0,0,0,0,890,周波数,0,0,0,0,2024/11/20 16:59:38
月間,202411,策定,三重東近江線,2024/12/11,昼間帯,逆方向,-2500,-2500,0,0,0,0,-2500,周波数,0,0,0,0,2024/11/20 16:59:38
月間,202411,策定,三重東近江線,2024/12/11,夜間帯,順方向,1100,1100,0,0,0,0,1100,周波数,0,0,0,0,2024/11/20 16:59:38
月間,202411,策定,三重東近江線,2024/12/11,夜間帯,逆方向,-2000,-2000,0,0,0,0,-2000,周波数,0,0,0,0,2024/11/20 16:59:38
月間,202410,策定,三重東近江線,2024/12/12,昼間帯,順方向,890,890,0,0,0,0,890,周波数,0,0,0,0,2024/10/18 17:01:29
月間,202410,策定,三重東近江線,2024/12/12,昼間帯,逆方向,-2500,-2500,0,0,0,0,-2500,周波数,0,0,0,0,2024/10/18 17:01:29
月間,202410,策定,三重東近江線,2024/12/12,夜間帯,順方向,1100,1100,0,0,0,0,1100,周波数,0,0,0,0,2024/10/18 17:01:29
月間,202410,策定,三重東近江線,2024/12/12,夜間帯,逆方向,-2000,-2000,0,0,0,0,-2000,周波数,0,0,0,0,2024/10/18 17:01:29
月間,202411,策定,三重東近江線,2024/12/12,昼間帯,順方向,890,890,0,0,0,0,890,周波数,0,0,0,0,2024/11/20 16:59:38
月間,202411,策定,三重東近江線,2024/12/12,昼間帯,逆方向,-2500,-2500,0,0,0,0,-2500,周波数,0,0,0,0,2024/11/20 16:59:38
月間,202411,策定,三重東近江線,2024/12/12,夜間帯,順方向,1100,1100,0,0,0,0,1100,周波数,0,0,0,0,2024/11/20 16:59:38
月間,202411,策定,三重東近江線,2024/12/12,夜間帯,逆方向,-2000,-2000,0,0,0,0,-2000,周波数,0,0,0,0,2024/11/20 16:59:38
月間,202410,策定,三重東近江線,2024/12/13,昼間帯,順方向,890,890,0,0,0,0,890,周波数,0,0,0,0,2024/10/18 17:01:29
月間,202410,策定,三重東近江線,2024/12/13,昼間帯,逆方向,-2500,-2500,0,0,0,0,-2500,周波数,0,0,0,0,2024/10/18 17:01:29
月間,202410,策定,三重東近江線,2024/12/13,夜間帯,順方向,1100,1100,0,0,0,0,1100,周波数,0,0,0,0,2024/10/18 17:01:29
月間,202410,策定,三重東近江線,2024/12/13,夜間帯,逆方向,-2000,-2000,0,0,0,0,-2000,周波数,0,0,0,0,2024/10/18 17:01:29
月間,202411,策定,三重東近江線,2024/12/13,昼間帯,順方向,890,890,0,0,0,0,890,周波数,0,0,0,0,2024/11/20 16:59:38
月間,202411,策定,三重東近江線,2024/12/13,昼間帯,逆方向,-2500,-2500,0,0,0,0,-2500,周波数,0,0,0,0,2024/11/20 16:59:38
月間,202411,策定,三重東近江線,2024/12/13,夜間帯,順方向,1100,1100,0,0,0,0,1100,周波数,0,0,0,0,2024/11/20 16:59:38
月間,202411,策定,三重東近江線,2024/12/13,夜間帯,逆方向,-2000,-2000,0,0,0,0,-2000,周波数,0,0,0,0,2024/11/20 16:59:38
月間,202410,策定,三重東近江線,2024/12/14,昼間帯,順方向,620,620,0,0,0,0,620,周波数,0,0,0,0,2024/10/18 17:01:29
月間,202410,策定,三重東近江線,2024/12/14,昼間帯,逆方向,-2500,-2500,0,0,0,0,-2500,周波数,0,0,0,0,2024/10/18 17:01:29
月間,202410,策定,三重東近江線,2024/12/14,夜間帯,順方向,1040,1040,0,0,0,0,1040,周波数,0,0,0,0,2024/10/18 17:01:29
月間,202410,策定,三重東近江線,2024/12/14,夜間帯,逆方向,-2000,-2000,0,0,0,0,-2000,周波数,0,0,0,0,2024/10/18 17:01:29
月間,202411,策定,三重東近江線,2024/12/14,昼間帯,順方向,620,620,0,0,0,0,620,周波数,0,0,0,0,2024/11/20 16:59:38
月間,202411,策定,三重東近江線,2024/12/14,昼間帯,逆方向,-2500,-2500,0,0,0,0,-2500,周波数,0,0,0,0,2024/11/20 16:59:38
月間,202411,策定,三重東近江線,2024/12/14,夜間帯,順方向,1040,1040,0,0,0,0,1040,周波数,0,0,0,0,2024/11/20 16:59:38
月間,202411,策定,三重東近江線,2024/12/14,夜間帯,逆方向,-2000,-2000,0,0,0,0,-2000,周波数,0,0,0,0,2024/11/20 16:59:38
月間,202410,策定,三重東近江線,2024/12/15,昼間帯,順方向,620,620,0,0,0,0,620,周波数,0,0,0,0,2024/10/18 17:01:29
月間,202410,策定,三重東近江線,2024/12/15,昼間帯,逆方向,-2000,-2000,0,0,0,0,-2000,周波数,0,0,0,0,2024/10/18 17:01:29
月間,202410,策定,三重東近江線,2024/12/15,夜間帯,順方向,1040,1040,0,0,0,0,1040,周波数,0,0,0,0,2024/10/18 17:01:29
月間,202410,策定,三重東近江線,2024/12/15,夜間帯,逆方向,-2000,-2000,0,0,0,0,-2000,周波数,0,0,0,0,2024/10/18 17:01:29
月間,202411,策定,三重東近江線,2024/12/15,昼間帯,順方向,620,620,0,0,0,0,620,周波数,0,0,0,0,2024/11/20 16:59:38
月間,202411,策定,三重東近江線,2024/12/15,昼間帯,逆方向,-2000,-2000,0,0,0,0,-2000,周波数,0,0,0,0,2024/11/20 16:59:38
月間,202411,策定,三重東近江線,2024/12/15,夜間帯,順方向,1040,1040,0,0,0,0,1040,周波数,0,0,0,0,2024/11/20 16:59:38
月間,202411,策定,三重東近江線,2024/12/15,夜間帯,逆方向,-2000,-2000,0,0,0,0,-2000,周波数,0,0,0,0,2024/11/20 16:59:38
月間,202410,策定,三重東近江線,2024/12/16,昼間帯,順方向,890,890,0,0,0,0,890,周波数,0,0,0,0,2024/10/18 17:01:29
月間,202410,策定,三重東近江線,2024/12/16,昼間帯,逆方向,-2500,-2500,0,0,0,0,-2500,周波数,0,0,0,0,2024/10/18 17:01:29
月間,202410,策定,三重東近江線,2024/12/16,夜間帯,順方向,1040,1040,0,0,0,0,1040,周波数,0,0,0,0,2024/10/18 17:01:29
月間,202410,策定,三重東近江線,2024/12/16,夜間帯,逆方向,-2000,-2000,0,0,0,0,-2000,周波数,0,0,0,0,2024/10/18 17:01:29
月間,202411,策定,三重東近江線,2024/12/16,昼間帯,順方向,890,890,0,0,0,0,890,周波数,0,0,0,0,2024/11/20 16:59:38
月間,202411,策定,三重東近江線,2024/12/16,昼間帯,逆方向,-2500,-2500,0,0,0,0,-2500,周波数,0,0,0,0,2024/11/20 16:59:38
月間,202411,策定,三重東近江線,2024/12/16,夜間帯,順方向,1040,1040,0,0,0,0,1040,周波数,0,0,0,0,2024/11/20 16:59:38
月間,202411,策定,三重東近江線,2024/12/16,夜間帯,逆方向,-2000,-2000,0,0,0,0,-2000,周波数,0,0,0,0,2024/11/20 16:59:38
月間,202410,策定,三重東近江線,2024/12/17,昼間帯,順方向,890,890,0,0,0,0,890,周波数,0,0,0,0,2024/10/18 17:01:29
月間,202410,策定,三重東近江線,2024/12/17,昼間帯,逆方向,-2500,-2500,0,0,0,0,-2500,周波数,0,0,0,0,2024/10/18 17:01:29
月間,202410,策定,三重東近江線,2024/12/17,夜間帯,順方向,1100,1100,0,0,0,0,1100,周波数,0,0,0,0,2024/10/18 17:01:29
月間,202410,策定,三重東近江線,2024/12/17,夜間帯,逆方向,-2000,-2000,0,0,0,0,-2000,周波数,0,0,0,0,2024/10/18 17:01:29
月間,202411,策定,三重東近江線,2024/12/17,昼間帯,順方向,890,890,0,0,0,0,890,周波数,0,0,0,0,2024/11/20 16:59:38
月間,202411,策定,三重東近江線,2024/12/17,昼間帯,逆方向,-2500,-2500,0,0,0,0,-2500,周波数,0,0,0,0,2024/11/20 16:59:38
月間,202411,策定,三重東近江線,2024/12/17,夜間帯,順方向,1100,1100,0,0,0,0,1100,周波数,0,0,0,0,2024/11/20 16:59:38
月間,202411,策定,三重東近江線,2024/12/17,夜間帯,逆方向,-2000,-2000,0,0,0,0,-2000,周波数,0,0,0,0,2024/11/20 16:59:38
月間,202410,策定,三重東近江線,2024/12/18,昼間帯,順方向,890,890,0,0,0,0,890,周波数,0,0,0,0,2024/10/18 17:01:29
月間,202410,策定,三重東近江線,2024/12/18,昼間帯,逆方向,-2500,-2500,0,0,0,0,-2500,周波数,0,0,0,0,2024/10/18 17:01:29
月間,202410,策定,三重東近江線,2024/12/18,夜間帯,順方向,1100,1100,0,0,0,0,1100,周波数,0,0,0,0,2024/10/18 17:01:29
月間,202410,策定,三重東近江線,2024/12/18,夜間帯,逆方向,-2000,-2000,0,0,0,0,-2000,周波数,0,0,0,0,2024/10/18 17:01:29
月間,202411,策定,三重東近江線,2024/12/18,昼間帯,順方向,890,890,0,0,0,0,890,周波数,0,0,0,0,2024/11/20 16:59:38
月間,202411,策定,三重東近江線,2024/12/18,昼間帯,逆方向,-2500,-2500,0,0,0,0,-2500,周波数,0,0,0,0,2024/11/20 16:59:38
月間,202411,策定,三重東近江線,2024/12/18,夜間帯,順方向,1100,1100,0,0,0,0,1100,周波数,0,0,0,0,2024/11/20 16:59:38
月間,202411,策定,三重東近江線,2024/12/18,夜間帯,逆方向,-2000,-2000,0,0,0,0,-2000,周波数,0,0,0,0,2024/11/20 16:59:38
月間,202410,策定,三重東近江線,2024/12/19,昼間帯,順方向,890,890,0,0,0,0,890,周波数,0,0,0,0,2024/10/18 17:01:29
月間,202410,策定,三重東近江線,2024/12/19,昼間帯,逆方向,-2500,-2500,0,0,0,0,-2500,周波数,0,0,0,0,2024/10/18 17:01:29
月間,202410,策定,三重東近江線,2024/12/19,夜間帯,順方向,1100,1100,0,0,0,0,1100,周波数,0,0,0,0,2024/10/18 17:01:29
月間,202410,策定,三重東近江線,2024/12/19,夜間帯,逆方向,-2000,-2000,0,0,0,0,-2000,周波数,0,0,0,0,2024/10/18 17:01:29
月間,202411,策定,三重東近江線,2024/12/19,昼間帯,順方向,890,890,0,0,0,0,890,周波数,0,0,0,0,2024/11/20 16:59:38
月間,202411,策定,三重東近江線,2024/12/19,昼間帯,逆方向,-2500,-2500,0,0,0,0,-2500,周波数,0,0,0,0,2024/11/20 16:59:38
月間,202411,策定,三重東近江線,2024/12/19,夜間帯,順方向,1100,1100,0,0,0,0,1100,周波数,0,0,0,0,2024/11/20 16:59:38
月間,202411,策定,三重東近江線,2024/12/19,夜間帯,逆方向,-2000,-2000,0,0,0,0,-2000,周波数,0,0,0,0,2024/11/20 16:59:38
月間,202410,策定,三重東近江線,2024/12/20,昼間帯,順方向,890,890,0,0,0,0,890,周波数,0,0,0,0,2024/10/18 17:01:29
月間,202410,策定,三重東近江線,2024/12/20,昼間帯,逆方向,-2500,-2500,0,0,0,0,-2500,周波数,0,0,0,0,2024/10/18 17:01:29
月間,202410,策定,三重東近江線,2024/12/20,夜間帯,順方向,1100,1100,0,0,0,0,1100,周波数,0,0,0,0,2024/10/18 17:01:29
月間,202410,策定,三重東近江線,2024/12/20,夜間帯,逆方向,-2000,-2000,0,0,0,0,-2000,周波数,0,0,0,0,2024/10/18 17:01:29
月間,202411,策定,三重東近江線,2024/12/20,昼間帯,順方向,890,890,0,0,0,0,890,周波数,0,0,0,0,2024/11/20 16:59:38
月間,202411,策定,三重東近江線,2024/12/20,昼間帯,逆方向,-2500,-2500,0,0,0,0,-2500,周波数,0,0,0,0,2024/11/20 16:59:38
月間,202411,策定,三重東近江線,2024/12/20,夜間帯,順方向,1100,1100,0,0,0,0,1100,周波数,0,0,0,0,2024/11/20 16:59:38
月間,202411,策定,三重東近江線,2024/12/20,夜間帯,逆方向,-2000,-2000,0,0,0,0,-2000,周波数,0,0,0,0,2024/11/20 16:59:38
月間,202410,策定,三重東近江線,2024/12/21,昼間帯,順方向,620,620,0,0,0,0,620,周波数,0,0,0,0,2024/10/18 17:01:29
月間,202410,策定,三重東近江線,2024/12/21,昼間帯,逆方向,-2500,-2500,0,0,0,0,-2500,周波数,0,0,0,0,2024/10/18 17:01:29
月間,202410,策定,三重東近江線,2024/12/21,夜間帯,順方向,1040,1040,0,0,0,0,1040,周波数,0,0,0,0,2024/10/18 17:01:29
月間,202410,策定,三重東近江線,2024/12/21,夜間帯,逆方向,-2000,-2000,0,0,0,0,-2000,周波数,0,0,0,0,2024/10/18 17:01:29
月間,202411,策定,三重東近江線,2024/12/21,昼間帯,順方向,620,620,0,0,0,0,620,周波数,0,0,0,0,2024/11/20 16:59:38
月間,202411,策定,三重東近江線,2024/12/21,昼間帯,逆方向,-2500,-2500,0,0,0,0,-2500,周波数,0,0,0,0,2024/11/20 16:59:38
月間,202411,策定,三重東近江線,2024/12/21,夜間帯,順方向,1040,1040,0,0,0,0,1040,周波数,0,0,0,0,2024/11/20 16:59:38
月間,202411,策定,三重東近江線,2024/12/21,夜間帯,逆方向,-2000,-2000,0,0,0,0,-2000,周波数,0,0,0,0,2024/11/20 16:59:38
月間,202410,策定,三重東近江線,2024/12/22,昼間帯,順方向,620,620,0,0,0,0,620,周波数,0,0,0,0,2024/10/18 17:01:29
月間,202410,策定,三重東近江線,2024/12/22,昼間帯,逆方向,-2000,-2000,0,0,0,0,-2000,周波数,0,0,0,0,2024/10/18 17:01:29
月間,202410,策定,三重東近江線,2024/12/22,夜間帯,順方向,1040,1040,0,0,0,0,1040,周波数,0,0,0,0,2024/10/18 17:01:29
月間,202410,策定,三重東近江線,2024/12/22,夜間帯,逆方向,-2000,-2000,0,0,0,0,-2000,周波数,0,0,0,0,2024/10/18 17:01:29
月間,202411,策定,三重東近江線,2024/12/22,昼間帯,順方向,620,620,0,0,0,0,620,周波数,0,0,0,0,2024/11/20 16:59:38
月間,202411,策定,三重東近江線,2024/12/22,昼間帯,逆方向,-2000,-2000,0,0,0,0,-2000,周波数,0,0,0,0,2024/11/20 16:59:38
月間,202411,策定,三重東近江線,2024/12/22,夜間帯,順方向,1040,1040,0,0,0,0,1040,周波数,0,0,0,0,2024/11/20 16:59:38
月間,202411,策定,三重東近江線,2024/12/22,夜間帯,逆方向,-2000,-2000,0,0,0,0,-2000,周波数,0,0,0,0,2024/11/20 16:59:38
月間,202410,策定,三重東近江線,2024/12/23,昼間帯,順方向,890,890,0,0,0,0,890,周波数,0,0,0,0,2024/10/18 17:01:29
月間,202410,策定,三重東近江線,2024/12/23,昼間帯,逆方向,-2500,-2500,0,0,0,0,-2500,周波数,0,0,0,0,2024/10/18 17:01:29
月間,202410,策定,三重東近江線,2024/12/23,夜間帯,順方向,1040,1040,0,0,0,0,1040,周波数,0,0,0,0,2024/10/18 17:01:29
月間,202410,策定,三重東近江線,2024/12/23,夜間帯,逆方向,-2000,-2000,0,0,0,0,-2000,周波数,0,0,0,0,2024/10/18 17:01:29
月間,202411,策定,三重東近江線,2024/12/23,昼間帯,順方向,890,890,0,0,0,0,890,周波数,0,0,0,0,2024/11/20 16:59:38
月間,202411,策定,三重東近江線,2024/12/23,昼間帯,逆方向,-2500,-2500,0,0,0,0,-2500,周波数,0,0,0,0,2024/11/20 16:59:38
月間,202411,策定,三重東近江線,2024/12/23,夜間帯,順方向,1040,1040,0,0,0,0,1040,周波数,0,0,0,0,2024/11/20 16:59:38
月間,202411,策定,三重東近江線,2024/12/23,夜間帯,逆方向,-2000,-2000,0,0,0,0,-2000,周波数,0,0,0,0,2024/11/20 16:59:38
月間,202410,策定,三重東近江線,2024/12/24,昼間帯,順方向,890,890,0,0,0,0,890,周波数,0,0,0,0,2024/10/18 17:01:29
月間,202410,策定,三重東近江線,2024/12/24,昼間帯,逆方向,-2500,-2500,0,0,0,0,-2500,周波数,0,0,0,0,2024/10/18 17:01:29
月間,202410,策定,三重東近江線,2024/12/24,夜間帯,順方向,1100,1100,0,0,0,0,1100,周波数,0,0,0,0,2024/10/18 17:01:29
月間,202410,策定,三重東近江線,2024/12/24,夜間帯,逆方向,-2000,-2000,0,0,0,0,-2000,周波数,0,0,0,0,2024/10/18 17:01:29
月間,202411,策定,三重東近江線,2024/12/24,昼間帯,順方向,890,890,0,0,0,0,890,周波数,0,0,0,0,2024/11/20 16:59:38
月間,202411,策定,三重東近江線,2024/12/24,昼間帯,逆方向,-2500,-2500,0,0,0,0,-2500,周波数,0,0,0,0,2024/11/20 16:59:38
月間,202411,策定,三重東近江線,2024/12/24,夜間帯,順方向,1100,1100,0,0,0,0,1100,周波数,0,0,0,0,2024/11/20 16:59:38
月間,202411,策定,三重東近江線,2024/12/24,夜間帯,逆方向,-2000,-2000,0,0,0,0,-2000,周波数,0,0,0,0,2024/11/20 16:59:38
月間,202410,策定,三重東近江線,2024/12/25,昼間帯,順方向,890,890,0,0,0,0,890,周波数,0,0,0,0,2024/10/18 17:01:29
月間,202410,策定,三重東近江線,2024/12/25,昼間帯,逆方向,-2500,-2500,0,0,0,0,-2500,周波数,0,0,0,0,2024/10/18 17:01:29
月間,202410,策定,三重東近江線,2024/12/25,夜間帯,順方向,1100,1100,0,0,0,0,1100,周波数,0,0,0,0,2024/10/18 17:01:29
月間,202410,策定,三重東近江線,2024/12/25,夜間帯,逆方向,-2000,-2000,0,0,0,0,-2000,周波数,0,0,0,0,2024/10/18 17:01:29
月間,202411,策定,三重東近江線,2024/12/25,昼間帯,順方向,890,890,0,0,0,0,890,周波数,0,0,0,0,2024/11/20 16:59:38
月間,202411,策定,三重東近江線,2024/12/25,昼間帯,逆方向,-2500,-2500,0,0,0,0,-2500,周波数,0,0,0,0,2024/11/20 16:59:38
月間,202411,策定,三重東近江線,2024/12/25,夜間帯,順方向,1100,1100,0,0,0,0,1100,周波数,0,0,0,0,2024/11/20 16:59:38
月間,202411,策定,三重東近江線,2024/12/25,夜間帯,逆方向,-2000,-2000,0,0,0,0,-2000,周波数,0,0,0,0,2024/11/20 16:59:38
月間,202410,策定,三重東近江線,2024/12/26,昼間帯,順方向,890,890,0,0,0,0,890,周波数,0,0,0,0,2024/10/18 17:01:29
月間,202410,策定,三重東近江線,2024/12/26,昼間帯,逆方向,-2500,-2500,0,0,0,0,-2500,周波数,0,0,0,0,2024/10/18 17:01:29
月間,202410,策定,三重東近江線,2024/12/26,夜間帯,順方向,1100,1100,0,0,0,0,1100,周波数,0,0,0,0,2024/10/18 17:01:29
月間,202410,策定,三重東近江線,2024/12/26,夜間帯,逆方向,-2000,-2000,0,0,0,0,-2000,周波数,0,0,0,0,2024/10/18 17:01:29
月間,202411,策定,三重東近江線,2024/12/26,昼間帯,順方向,890,890,0,0,0,0,890,周波数,0,0,0,0,2024/11/20 16:59:38
月間,202411,策定,三重東近江線,2024/12/26,昼間帯,逆方向,-2500,-2500,0,0,0,0,-2500,周波数,0,0,0,0,2024/11/20 16:59:38
月間,202411,策定,三重東近江線,2024/12/26,夜間帯,順方向,1100,1100,0,0,0,0,1100,周波数,0,0,0,0,2024/11/20 16:59:38
月間,202411,策定,三重東近江線,2024/12/26,夜間帯,逆方向,-2000,-2000,0,0,0,0,-2000,周波数,0,0,0,0,2024/11/20 16:59:38
月間,202410,策定,三重東近江線,2024/12/27,昼間帯,順方向,890,890,0,0,0,0,890,周波数,0,0,0,0,2024/10/18 17:01:29
月間,202410,策定,三重東近江線,2024/12/27,昼間帯,逆方向,-2500,-2500,0,0,0,0,-2500,周波数,0,0,0,0,2024/10/18 17:01:29
月間,202410,策定,三重東近江線,2024/12/27,夜間帯,順方向,1100,1100,0,0,0,0,1100,周波数,0,0,0,0,2024/10/18 17:01:29
月間,202410,策定,三重東近江線,2024/12/27,夜間帯,逆方向,-2000,-2000,0,0,0,0,-2000,周波数,0,0,0,0,2024/10/18 17:01:29
月間,202411,策定,三重東近江線,2024/12/27,昼間帯,順方向,890,890,0,0,0,0,890,周波数,0,0,0,0,2024/11/20 16:59:38
月間,202411,策定,三重東近江線,2024/12/27,昼間帯,逆方向,-2500,-2500,0,0,0,0,-2500,周波数,0,0,0,0,2024/11/20 16:59:38
月間,202411,策定,三重東近江線,2024/12/27,夜間帯,順方向,1100,1100,0,0,0,0,1100,周波数,0,0,0,0,2024/11/20 16:59:38
月間,202411,策定,三重東近江線,2024/12/27,夜間帯,逆方向,-2000,-2000,0,0,0,0,-2000,周波数,0,0,0,0,2024/11/20 16:59:38
月間,202410,策定,三重東近江線,2024/12/28,昼間帯,順方向,620,620,0,0,0,0,620,周波数,0,0,0,0,2024/10/18 17:01:29
月間,202410,策定,三重東近江線,2024/12/28,昼間帯,逆方向,-2500,-2500,0,0,0,0,-2500,周波数,0,0,0,0,2024/10/18 17:01:29
月間,202410,策定,三重東近江線,2024/12/28,夜間帯,順方向,1040,1040,0,0,0,0,1040,周波数,0,0,0,0,2024/10/18 17:01:29
月間,202410,策定,三重東近江線,2024/12/28,夜間帯,逆方向,-2000,-2000,0,0,0,0,-2000,周波数,0,0,0,0,2024/10/18 17:01:29
月間,202411,策定,三重東近江線,2024/12/28,昼間帯,順方向,620,620,0,0,0,0,620,周波数,0,0,0,0,2024/11/20 16:59:38
月間,202411,策定,三重東近江線,2024/12/28,昼間帯,逆方向,-2500,-2500,0,0,0,0,-2500,周波数,0,0,0,0,2024/11/20 16:59:38
月間,202411,策定,三重東近江線,2024/12/28,夜間帯,順方向,1040,1040,0,0,0,0,1040,周波数,0,0,0,0,2024/11/20 16:59:38
月間,202411,策定,三重東近江線,2024/12/28,夜間帯,逆方向,-2000,-2000,0,0,0,0,-2000,周波数,0,0,0,0,2024/11/20 16:59:38
月間,202410,策定,三重東近江線,2024/12/29,昼間帯,順方向,620,620,0,0,0,0,620,周波数,0,0,0,0,2024/10/18 17:01:29
月間,202410,策定,三重東近江線,2024/12/29,昼間帯,逆方向,-2000,-2000,0,0,0,0,-2000,周波数,0,0,0,0,2024/10/18 17:01:29
月間,202410,策定,三重東近江線,2024/12/29,夜間帯,順方向,1040,1040,0,0,0,0,1040,周波数,0,0,0,0,2024/10/18 17:01:29
月間,202410,策定,三重東近江線,2024/12/29,夜間帯,逆方向,-2000,-2000,0,0,0,0,-2000,周波数,0,0,0,0,2024/10/18 17:01:29
月間,202411,策定,三重東近江線,2024/12/29,昼間帯,順方向,620,620,0,0,0,0,620,周波数,0,0,0,0,2024/11/20 16:59:38
月間,202411,策定,三重東近江線,2024/12/29,昼間帯,逆方向,-2000,-2000,0,0,0,0,-2000,周波数,0,0,0,0,2024/11/20 16:59:38
月間,202411,策定,三重東近江線,2024/12/29,夜間帯,順方向,1040,1040,0,0,0,0,1040,周波数,0,0,0,0,2024/11/20 16:59:38
月間,202411,策定,三重東近江線,2024/12/29,夜間帯,逆方向,-2000,-2000,0,0,0,0,-2000,周波数,0,0,0,0,2024/11/20 16:59:38
月間,202410,策定,三重東近江線,2024/12/30,昼間帯,順方向,590,590,0,0,0,0,590,周波数,0,0,0,0,2024/10/18 17:01:29
月間,202410,策定,三重東近江線,2024/12/30,昼間帯,逆方向,-2000,-2000,0,0,0,0,-2000,周波数,0,0,0,0,2024/10/18 17:01:29
月間,202410,策定,三重東近江線,2024/12/30,夜間帯,順方向,1060,1060,0,0,0,0,1060,周波数,0,0,0,0,2024/10/18 17:01:29
月間,202410,策定,三重東近江線,2024/12/30,夜間帯,逆方向,-2000,-2000,0,0,0,0,-2000,周波数,0,0,0,0,2024/10/18 17:01:29
月間,202411,策定,三重東近江線,2024/12/30,昼間帯,順方向,590,590,0,0,0,0,590,周波数,0,0,0,0,2024/11/20 16:59:38
月間,202411,策定,三重東近江線,2024/12/30,昼間帯,逆方向,-2000,-2000,0,0,0,0,-2000,周波数,0,0,0,0,2024/11/20 16:59:38
月間,202411,策定,三重東近江線,2024/12/30,夜間帯,順方向,1060,1060,0,0,0,0,1060,周波数,0,0,0,0,2024/11/20 16:59:38
月間,202411,策定,三重東近江線,2024/12/30,夜間帯,逆方向,-2000,-2000,0,0,0,0,-2000,周波数,0,0,0,0,2024/11/20 16:59:38
月間,202410,策定,三重東近江線,2024/12/31,昼間帯,順方向,590,590,0,0,0,0,590,周波数,0,0,0,0,2024/10/18 17:01:29
月間,202410,策定,三重東近江線,2024/12/31,昼間帯,逆方向,-2000,-2000,0,0,0,0,-2000,周波数,0,0,0,0,2024/10/18 17:01:29
月間,202410,策定,三重東近江線,2024/12/31,夜間帯,順方向,1060,1060,0,0,0,0,1060,周波数,0,0,0,0,2024/10/18 17:01:29
月間,202410,策定,三重東近江線,2024/12/31,夜間帯,逆方向,-2000,-2000,0,0,0,0,-2000,周波数,0,0,0,0,2024/10/18 17:01:29
月間,202411,策定,三重東近江線,2024/12/31,昼間帯,順方向,590,590,0,0,0,0,590,周波数,0,0,0,0,2024/11/20 16:59:38
月間,202411,策定,三重東近江線,2024/12/31,昼間帯,逆方向,-2000,-2000,0,0,0,0,-2000,周波数,0,0,0,0,2024/11/20 16:59:38
月間,202411,策定,三重東近江線,2024/12/31,夜間帯,順方向,1060,1060,0,0,0,0,1060,周波数,0,0,0,0,2024/11/20 16:59:38
月間,202411,策定,三重東近江線,2024/12/31,夜間帯,逆方向,-2000,-2000,0,0,0,0,-2000,周波数,0,0,0,0,2024/11/20 16:59:38
月間,202409,策定,南福光連系所・南福光変電所の連系設備,2024/11/01,昼間帯,順方向,300,300,0,0,0,0,300,熱容量,0,0,0,0,2024/09/20 17:01:43
月間,202409,策定,南福光連系所・南福光変電所の連系設備,2024/11/01,昼間帯,逆方向,-300,-300,0,0,0,0,-300,熱容量,0,0,0,0,2024/09/20 17:01:43
月間,202409,策定,南福光連系所・南福光変電所の連系設備,2024/11/01,夜間帯,順方向,300,300,0,0,0,0,300,熱容量,0,0,0,0,2024/09/20 17:01:43
月間,202409,策定,南福光連系所・南福光変電所の連系設備,2024/11/01,夜間帯,逆方向,-300,-300,0,0,0,0,-300,熱容量,0,0,0,0,2024/09/20 17:01:43
月間,202409,策定,南福光連系所・南福光変電所の連系設備,2024/11/02,昼間帯,順方向,300,300,0,0,0,0,300,熱容量,0,0,0,0,2024/09/20 17:01:43
月間,202409,策定,南福光連系所・南福光変電所の連系設備,2024/11/02,昼間帯,逆方向,-300,-300,0,0,0,0,-300,熱容量,0,0,0,0,2024/09/20 17:01:43
月間,202409,策定,南福光連系所・南福光変電所の連系設備,2024/11/02,夜間帯,順方向,300,300,0,0,0,0,300,熱容量,0,0,0,0,2024/09/20 17:01:43
月間,202409,策定,南福光連系所・南福光変電所の連系設備,2024/11/02,夜間帯,逆方向,-300,-300,0,0,0,0,-300,熱容量,0,0,0,0,2024/09/20 17:01:43
月間,202410,策定,南福光連系所・南福光変電所の連系設備,2024/11/02,昼間帯,順方向,300,300,0,0,0,0,300,熱容量,0,0,0,0,2024/10/18 17:01:29
月間,202410,策定,南福光連系所・南福光変電所の連系設備,2024/11/02,昼間帯,逆方向,-300,-300,0,0,0,0,-300,熱容量,0,0,0,0,2024/10/18 17:01:29
月間,202410,策定,南福光連系所・南福光変電所の連系設備,2024/11/02,夜間帯,順方向,300,300,0,0,0,0,300,熱容量,0,0,0,0,2024/10/18 17:01:29
月間,202410,策定,南福光連系所・南福光変電所の連系設備,2024/11/02,夜間帯,逆方向,-300,-300,0,0,0,0,-300,熱容量,0,0,0,0,2024/10/18 17:01:29
月間,202409,策定,南福光連系所・南福光変電所の連系設備,2024/11/03,昼間帯,順方向,300,300,0,0,0,0,300,熱容量,0,0,0,0,2024/09/20 17:01:43
月間,202409,策定,南福光連系所・南福光変電所の連系設備,2024/11/03,昼間帯,逆方向,-300,-300,0,0,0,0,-300,熱容量,0,0,0,0,2024/09/20 17:01:43
月間,202409,策定,南福光連系所・南福光変電所の連系設備,2024/11/03,夜間帯,順方向,300,300,0,0,0,0,300,熱容量,0,0,0,0,2024/09/20 17:01:43
月間,202409,策定,南福光連系所・南福光変電所の連系設備,2024/11/03,夜間帯,逆方向,-300,-300,0,0,0,0,-300,熱容量,0,0,0,0,2024/09/20 17:01:43
月間,202410,策定,南福光連系所・南福光変電所の連系設備,2024/11/03,昼間帯,順方向,300,300,0,0,0,0,300,熱容量,0,0,0,0,2024/10/18 17:01:29
月間,202410,策定,南福光連系所・南福光変電所の連系設備,2024/11/03,昼間帯,逆方向,-300,-300,0,0,0,0,-300,熱容量,0,0,0,0,2024/10/18 17:01:29
月間,202410,策定,南福光連系所・南福光変電所の連系設備,2024/11/03,夜間帯,順方向,300,300,0,0,0,0,300,熱容量,0,0,0,0,2024/10/18 17:01:29
月間,202410,策定,南福光連系所・南福光変電所の連系設備,2024/11/03,夜間帯,逆方向,-300,-300,0,0,0,0,-300,熱容量,0,0,0,0,2024/10/18 17:01:29
月間,202409,策定,南福光連系所・南福光変電所の連系設備,2024/11/04,昼間帯,順方向,300,300,0,0,0,0,300,熱容量,0,0,0,0,2024/09/20 17:01:43
月間,202409,策定,南福光連系所・南福光変電所の連系設備,2024/11/04,昼間帯,逆方向,-300,-300,0,0,0,0,-300,熱容量,0,0,0,0,2024/09/20 17:01:43
月間,202409,策定,南福光連系所・南福光変電所の連系設備,2024/11/04,夜間帯,順方向,300,300,0,0,0,0,300,熱容量,0,0,0,0,2024/09/20 17:01:43
月間,202409,策定,南福光連系所・南福光変電所の連系設備,2024/11/04,夜間帯,逆方向,-300,-300,0,0,0,0,-300,熱容量,0,0,0,0,2024/09/20 17:01:43
月間,202410,策定,南福光連系所・南福光変電所の連系設備,2024/11/04,昼間帯,順方向,300,300,0,0,0,0,300,熱容量,0,0,0,0,2024/10/18 17:01:29
月間,202410,策定,南福光連系所・南福光変電所の連系設備,2024/11/04,昼間帯,逆方向,-300,-300,0,0,0,0,-300,熱容量,0,0,0,0,2024/10/18 17:01:29
月間,202410,策定,南福光連系所・南福光変電所の連系設備,2024/11/04,夜間帯,順方向,300,300,0,0,0,0,300,熱容量,0,0,0,0,2024/10/18 17:01:29
月間,202410,策定,南福光連系所・南福光変電所の連系設備,2024/11/04,夜間帯,逆方向,-300,-300,0,0,0,0,-300,熱容量,0,0,0,0,2024/10/18 17:01:29
月間,202409,策定,南福光連系所・南福光変電所の連系設備,2024/11/05,昼間帯,順方向,300,300,0,0,0,0,300,熱容量,0,0,0,0,2024/09/20 17:01:43
月間,202409,策定,南福光連系所・南福光変電所の連系設備,2024/11/05,昼間帯,逆方向,-300,-300,0,0,0,0,-300,熱容量,0,0,0,0,2024/09/20 17:01:43
月間,202409,策定,南福光連系所・南福光変電所の連系設備,2024/11/05,夜間帯,順方向,300,300,0,0,0,0,300,熱容量,0,0,0,0,2024/09/20 17:01:43
月間,202409,策定,南福光連系所・南福光変電所の連系設備,2024/11/05,夜間帯,逆方向,-300,-300,0,0,0,0,-300,熱容量,0,0,0,0,2024/09/20 17:01:43
月間,202410,策定,南福光連系所・南福光変電所の連系設備,2024/11/05,昼間帯,順方向,300,300,0,0,0,0,300,熱容量,0,0,0,0,2024/10/18 17:01:29
月間,202410,策定,南福光連系所・南福光変電所の連系設備,2024/11/05,昼間帯,逆方向,-300,-300,0,0,0,0,-300,熱容量,0,0,0,0,2024/10/18 17:01:29
月間,202410,策定,南福光連系所・南福光変電所の連系設備,2024/11/05,夜間帯,順方向,300,300,0,0,0,0,300,熱容量,0,0,0,0,2024/10/18 17:01:29
月間,202410,策定,南福光連系所・南福光変電所の連系設備,2024/11/05,夜間帯,逆方向,-300,-300,0,0,0,0,-300,熱容量,0,0,0,0,2024/10/18 17:01:29
月間,202409,策定,南福光連系所・南福光変電所の連系設備,2024/11/06,昼間帯,順方向,300,300,0,0,0,0,300,熱容量,0,0,0,0,2024/09/20 17:01:43
月間,202409,策定,南福光連系所・南福光変電所の連系設備,2024/11/06,昼間帯,逆方向,-300,-300,0,0,0,0,-300,熱容量,0,0,0,0,2024/09/20 17:01:43
月間,202409,策定,南福光連系所・南福光変電所の連系設備,2024/11/06,夜間帯,順方向,300,300,0,0,0,0,300,熱容量,0,0,0,0,2024/09/20 17:01:43
月間,202409,策定,南福光連系所・南福光変電所の連系設備,2024/11/06,夜間帯,逆方向,-300,-300,0,0,0,0,-300,熱容量,0,0,0,0,2024/09/20 17:01:43
月間,202410,策定,南福光連系所・南福光変電所の連系設備,2024/11/06,昼間帯,順方向,300,300,0,0,0,0,300,熱容量,0,0,0,0,2024/10/18 17:01:29
月間,202410,策定,南福光連系所・南福光変電所の連系設備,2024/11/06,昼間帯,逆方向,-300,-300,0,0,0,0,-300,熱容量,0,0,0,0,2024/10/18 17:01:29
月間,202410,策定,南福光連系所・南福光変電所の連系設備,2024/11/06,夜間帯,順方向,300,300,0,0,0,0,300,熱容量,0,0,0,0,2024/10/18 17:01:29
月間,202410,策定,南福光連系所・南福光変電所の連系設備,2024/11/06,夜間帯,逆方向,-300,-300,0,0,0,0,-300,熱容量,0,0,0,0,2024/10/18 17:01:29
月間,202409,策定,南福光連系所・南福光変電所の連系設備,2024/11/07,昼間帯,順方向,300,300,0,0,0,0,300,熱容量,0,0,0,0,2024/09/20 17:01:43
月間,202409,策定,南福光連系所・南福光変電所の連系設備,2024/11/07,昼間帯,逆方向,-300,-300,0,0,0,0,-300,熱容量,0,0,0,0,2024/09/20 17:01:43
月間,202409,策定,南福光連系所・南福光変電所の連系設備,2024/11/07,夜間帯,順方向,300,300,0,0,0,0,300,熱容量,0,0,0,0,2024/09/20 17:01:43
月間,202409,策定,南福光連系所・南福光変電所の連系設備,2024/11/07,夜間帯,逆方向,-300,-300,0,0,0,0,-300,熱容量,0,0,0,0,2024/09/20 17:01:43
月間,202410,策定,南福光連系所・南福光変電所の連系設備,2024/11/07,昼間帯,順方向,300,300,0,0,0,0,300,熱容量,0,0,0,0,2024/10/18 17:01:29
月間,202410,策定,南福光連系所・南福光変電所の連系設備,2024/11/07,昼間帯,逆方向,-300,-300,0,0,0,0,-300,熱容量,0,0,0,0,2024/10/18 17:01:29
月間,202410,策定,南福光連系所・南福光変電所の連系設備,2024/11/07,夜間帯,順方向,300,300,0,0,0,0,300,熱容量,0,0,0,0,2024/10/18 17:01:29
月間,202410,策定,南福光連系所・南福光変電所の連系設備,2024/11/07,夜間帯,逆方向,-300,-300,0,0,0,0,-300,熱容量,0,0,0,0,2024/10/18 17:01:29
月間,202409,策定,南福光連系所・南福光変電所の連系設備,2024/11/08,昼間帯,順方向,300,300,0,0,0,0,300,熱容量,0,0,0,0,2024/09/20 17:01:43
月間,202409,策定,南福光連系所・南福光変電所の連系設備,2024/11/08,昼間帯,逆方向,-300,-300,0,0,0,0,-300,熱容量,0,0,0,0,2024/09/20 17:01:43
月間,202409,策定,南福光連系所・南福光変電所の連系設備,2024/11/08,夜間帯,順方向,300,300,0,0,0,0,300,熱容量,0,0,0,0,2024/09/20 17:01:43
月間,202409,策定,南福光連系所・南福光変電所の連系設備,2024/11/08,夜間帯,逆方向,-300,-300,0,0,0,0,-300,熱容量,0,0,0,0,2024/09/20 17:01:43
月間,202410,策定,南福光連系所・南福光変電所の連系設備,2024/11/08,昼間帯,順方向,300,300,0,0,0,0,300,熱容量,0,0,0,0,2024/10/18 17:01:29
月間,202410,策定,南福光連系所・南福光変電所の連系設備,2024/11/08,昼間帯,逆方向,-300,-300,0,0,0,0,-300,熱容量,0,0,0,0,2024/10/18 17:01:29
月間,202410,策定,南福光連系所・南福光変電所の連系設備,2024/11/08,夜間帯,順方向,300,300,0,0,0,0,300,熱容量,0,0,0,0,2024/10/18 17:01:29
月間,202410,策定,南福光連系所・南福光変電所の連系設備,2024/11/08,夜間帯,逆方向,-300,-300,0,0,0,0,-300,熱容量,0,0,0,0,2024/10/18 17:01:29
月間,202409,策定,南福光連系所・南福光変電所の連系設備,2024/11/09,昼間帯,順方向,300,300,0,0,0,0,300,熱容量,0,0,0,0,2024/09/20 17:01:43
月間,202409,策定,南福光連系所・南福光変電所の連系設備,2024/11/09,昼間帯,逆方向,-300,-300,0,0,0,0,-300,熱容量,0,0,0,0,2024/09/20 17:01:43
月間,202409,策定,南福光連系所・南福光変電所の連系設備,2024/11/09,夜間帯,順方向,300,300,0,0,0,0,300,熱容量,0,0,0,0,2024/09/20 17:01:43
月間,202409,策定,南福光連系所・南福光変電所の連系設備,2024/11/09,夜間帯,逆方向,-300,-300,0,0,0,0,-300,熱容量,0,0,0,0,2024/09/20 17:01:43
月間,202410,策定,南福光連系所・南福光変電所の連系設備,2024/11/09,昼間帯,順方向,300,300,0,0,0,0,300,熱容量,0,0,0,0,2024/10/18 17:01:29
月間,202410,策定,南福光連系所・南福光変電所の連系設備,2024/11/09,昼間帯,逆方向,-300,-300,0,0,0,0,-300,熱容量,0,0,0,0,2024/10/18 17:01:29
月間,202410,策定,南福光連系所・南福光変電所の連系設備,2024/11/09,夜間帯,順方向,300,300,0,0,0,0,300,熱容量,0,0,0,0,2024/10/18 17:01:29
月間,202410,策定,南福光連系所・南福光変電所の連系設備,2024/11/09,夜間帯,逆方向,-300,-300,0,0,0,0,-300,熱容量,0,0,0,0,2024/10/18 17:01:29
月間,202409,策定,南福光連系所・南福光変電所の連系設備,2024/11/10,昼間帯,順方向,300,300,0,0,0,0,300,熱容量,0,0,0,0,2024/09/20 17:01:43
月間,202409,策定,南福光連系所・南福光変電所の連系設備,2024/11/10,昼間帯,逆方向,-300,-300,0,0,0,0,-300,熱容量,0,0,0,0,2024/09/20 17:01:43
月間,202409,策定,南福光連系所・南福光変電所の連系設備,2024/11/10,夜間帯,順方向,300,300,0,0,0,0,300,熱容量,0,0,0,0,2024/09/20 17:01:43
月間,202409,策定,南福光連系所・南福光変電所の連系設備,2024/11/10,夜間帯,逆方向,-300,-300,0,0,0,0,-300,熱容量,0,0,0,0,2024/09/20 17:01:43
月間,202410,策定,南福光連系所・南福光変電所の連系設備,2024/11/10,昼間帯,順方向,300,300,0,0,0,0,300,熱容量,0,0,0,0,2024/10/18 17:01:29
月間,202410,策定,南福光連系所・南福光変電所の連系設備,2024/11/10,昼間帯,逆方向,-300,-300,0,0,0,0,-300,熱容量,0,0,0,0,2024/10/18 17:01:29
月間,202410,策定,南福光連系所・南福光変電所の連系設備,2024/11/10,夜間帯,順方向,300,300,0,0,0,0,300,熱容量,0,0,0,0,2024/10/18 17:01:29
月間,202410,策定,南福光連系所・南福光変電所の連系設備,2024/11/10,夜間帯,逆方向,-300,-300,0,0,0,0,-300,熱容量,0,0,0,0,2024/10/18 17:01:29
月間,202409,策定,南福光連系所・南福光変電所の連系設備,2024/11/11,昼間帯,順方向,300,300,0,0,0,0,300,熱容量,0,0,0,0,2024/09/20 17:01:43
月間,202409,策定,南福光連系所・南福光変電所の連系設備,2024/11/11,昼間帯,逆方向,-300,-300,0,0,0,0,-300,熱容量,0,0,0,0,2024/09/20 17:01:43
月間,202409,策定,南福光連系所・南福光変電所の連系設備,2024/11/11,夜間帯,順方向,300,300,0,0,0,0,300,熱容量,0,0,0,0,2024/09/20 17:01:43
月間,202409,策定,南福光連系所・南福光変電所の連系設備,2024/11/11,夜間帯,逆方向,-300,-300,0,0,0,0,-300,熱容量,0,0,0,0,2024/09/20 17:01:43
月間,202410,策定,南福光連系所・南福光変電所の連系設備,2024/11/11,昼間帯,順方向,300,300,0,0,0,0,300,熱容量,0,0,0,0,2024/10/18 17:01:29
月間,202410,策定,南福光連系所・南福光変電所の連系設備,2024/11/11,昼間帯,逆方向,-300,-300,0,0,0,0,-300,熱容量,0,0,0,0,2024/10/18 17:01:29
月間,202410,策定,南福光連系所・南福光変電所の連系設備,2024/11/11,夜間帯,順方向,300,300,0,0,0,0,300,熱容量,0,0,0,0,2024/10/18 17:01:29
月間,202410,策定,南福光連系所・南福光変電所の連系設備,2024/11/11,夜間帯,逆方向,-300,-300,0,0,0,0,-300,熱容量,0,0,0,0,2024/10/18 17:01:29
月間,202409,策定,南福光連系所・南福光変電所の連系設備,2024/11/12,昼間帯,順方向,300,300,0,0,0,0,300,熱容量,0,0,0,0,2024/09/20 17:01:43
月間,202409,策定,南福光連系所・南福光変電所の連系設備,2024/11/12,昼間帯,逆方向,-300,-300,0,0,0,0,-300,熱容量,0,0,0,0,2024/09/20 17:01:43
月間,202409,策定,南福光連系所・南福光変電所の連系設備,2024/11/12,夜間帯,順方向,300,300,0,0,0,0,300,熱容量,0,0,0,0,2024/09/20 17:01:43
月間,202409,策定,南福光連系所・南福光変電所の連系設備,2024/11/12,夜間帯,逆方向,-300,-300,0,0,0,0,-300,熱容量,0,0,0,0,2024/09/20 17:01:43
月間,202410,策定,南福光連系所・南福光変電所の連系設備,2024/11/12,昼間帯,順方向,300,300,0,0,0,0,300,熱容量,0,0,0,0,2024/10/18 17:01:29
月間,202410,策定,南福光連系所・南福光変電所の連系設備,2024/11/12,昼間帯,逆方向,-300,-300,0,0,0,0,-300,熱容量,0,0,0,0,2024/10/18 17:01:29
月間,202410,策定,南福光連系所・南福光変電所の連系設備,2024/11/12,夜間帯,順方向,300,300,0,0,0,0,300,熱容量,0,0,0,0,2024/10/18 17:01:29
月間,202410,策定,南福光連系所・南福光変電所の連系設備,2024/11/12,夜間帯,逆方向,-300,-300,0,0,0,0,-300,熱容量,0,0,0,0,2024/10/18 17:01:29
月間,202409,策定,南福光連系所・南福光変電所の連系設備,2024/11/13,昼間帯,順方向,300,300,0,0,0,0,300,熱容量,0,0,0,0,2024/09/20 17:01:43
月間,202409,策定,南福光連系所・南福光変電所の連系設備,2024/11/13,昼間帯,逆方向,-300,-300,0,0,0,0,-300,熱容量,0,0,0,0,2024/09/20 17:01:43
月間,202409,策定,南福光連系所・南福光変電所の連系設備,2024/11/13,夜間帯,順方向,300,300,0,0,0,0,300,熱容量,0,0,0,0,2024/09/20 17:01:43
月間,202409,策定,南福光連系所・南福光変電所の連系設備,2024/11/13,夜間帯,逆方向,-300,-300,0,0,0,0,-300,熱容量,0,0,0,0,2024/09/20 17:01:43
月間,202410,策定,南福光連系所・南福光変電所の連系設備,2024/11/13,昼間帯,順方向,300,300,0,0,0,0,300,熱容量,0,0,0,0,2024/10/18 17:01:29
月間,202410,策定,南福光連系所・南福光変電所の連系設備,2024/11/13,昼間帯,逆方向,-300,-300,0,0,0,0,-300,熱容量,0,0,0,0,2024/10/18 17:01:29
月間,202410,策定,南福光連系所・南福光変電所の連系設備,2024/11/13,夜間帯,順方向,300,300,0,0,0,0,300,熱容量,0,0,0,0,2024/10/18 17:01:29
月間,202410,策定,南福光連系所・南福光変電所の連系設備,2024/11/13,夜間帯,逆方向,-300,-300,0,0,0,0,-300,熱容量,0,0,0,0,2024/10/18 17:01:29
月間,202409,策定,南福光連系所・南福光変電所の連系設備,2024/11/14,昼間帯,順方向,300,300,0,0,0,0,300,熱容量,0,0,0,0,2024/09/20 17:01:43
月間,202409,策定,南福光連系所・南福光変電所の連系設備,2024/11/14,昼間帯,逆方向,-300,-300,0,0,0,0,-300,熱容量,0,0,0,0,2024/09/20 17:01:43
月間,202409,策定,南福光連系所・南福光変電所の連系設備,2024/11/14,夜間帯,順方向,300,300,0,0,0,0,300,熱容量,0,0,0,0,2024/09/20 17:01:43
月間,202409,策定,南福光連系所・南福光変電所の連系設備,2024/11/14,夜間帯,逆方向,-300,-300,0,0,0,0,-300,熱容量,0,0,0,0,2024/09/20 17:01:43
月間,202410,策定,南福光連系所・南福光変電所の連系設備,2024/11/14,昼間帯,順方向,300,300,0,0,0,0,300,熱容量,0,0,0,0,2024/10/18 17:01:29
月間,202410,策定,南福光連系所・南福光変電所の連系設備,2024/11/14,昼間帯,逆方向,-300,-300,0,0,0,0,-300,熱容量,0,0,0,0,2024/10/18 17:01:29
月間,202410,策定,南福光連系所・南福光変電所の連系設備,2024/11/14,夜間帯,順方向,300,300,0,0,0,0,300,熱容量,0,0,0,0,2024/10/18 17:01:29
月間,202410,策定,南福光連系所・南福光変電所の連系設備,2024/11/14,夜間帯,逆方向,-300,-300,0,0,0,0,-300,熱容量,0,0,0,0,2024/10/18 17:01:29
月間,202409,策定,南福光連系所・南福光変電所の連系設備,2024/11/15,昼間帯,順方向,300,300,0,0,0,0,300,熱容量,0,0,0,0,2024/09/20 17:01:43
月間,202409,策定,南福光連系所・南福光変電所の連系設備,2024/11/15,昼間帯,逆方向,-300,-300,0,0,0,0,-300,熱容量,0,0,0,0,2024/09/20 17:01:43
月間,202409,策定,南福光連系所・南福光変電所の連系設備,2024/11/15,夜間帯,順方向,300,300,0,0,0,0,300,熱容量,0,0,0,0,2024/09/20 17:01:43
月間,202409,策定,南福光連系所・南福光変電所の連系設備,2024/11/15,夜間帯,逆方向,-300,-300,0,0,0,0,-300,熱容量,0,0,0,0,2024/09/20 17:01:43
月間,202410,策定,南福光連系所・南福光変電所の連系設備,2024/11/15,昼間帯,順方向,300,300,0,0,0,0,300,熱容量,0,0,0,0,2024/10/18 17:01:29
月間,202410,策定,南福光連系所・南福光変電所の連系設備,2024/11/15,昼間帯,逆方向,-300,-300,0,0,0,0,-300,熱容量,0,0,0,0,2024/10/18 17:01:29
月間,202410,策定,南福光連系所・南福光変電所の連系設備,2024/11/15,夜間帯,順方向,300,300,0,0,0,0,300,熱容量,0,0,0,0,2024/10/18 17:01:29
月間,202410,策定,南福光連系所・南福光変電所の連系設備,2024/11/15,夜間帯,逆方向,-300,-300,0,0,0,0,-300,熱容量,0,0,0,0,2024/10/18 17:01:29
月間,202409,策定,南福光連系所・南福光変電所の連系設備,2024/11/16,昼間帯,順方向,300,300,0,0,0,0,300,熱容量,0,0,0,0,2024/09/20 17:01:43
月間,202409,策定,南福光連系所・南福光変電所の連系設備,2024/11/16,昼間帯,逆方向,-300,-300,0,0,0,0,-300,熱容量,0,0,0,0,2024/09/20 17:01:43
月間,202409,策定,南福光連系所・南福光変電所の連系設備,2024/11/16,夜間帯,順方向,300,300,0,0,0,0,300,熱容量,0,0,0,0,2024/09/20 17:01:43
月間,202409,策定,南福光連系所・南福光変電所の連系設備,2024/11/16,夜間帯,逆方向,-300,-300,0,0,0,0,-300,熱容量,0,0,0,0,2024/09/20 17:01:43
月間,202410,策定,南福光連系所・南福光変電所の連系設備,2024/11/16,昼間帯,順方向,300,300,0,0,0,0,300,熱容量,0,0,0,0,2024/10/18 17:01:29
月間,202410,策定,南福光連系所・南福光変電所の連系設備,2024/11/16,昼間帯,逆方向,-300,-300,0,0,0,0,-300,熱容量,0,0,0,0,2024/10/18 17:01:29
月間,202410,策定,南福光連系所・南福光変電所の連系設備,2024/11/16,夜間帯,順方向,300,300,0,0,0,0,300,熱容量,0,0,0,0,2024/10/18 17:01:29
月間,202410,策定,南福光連系所・南福光変電所の連系設備,2024/11/16,夜間帯,逆方向,-300,-300,0,0,0,0,-300,熱容量,0,0,0,0,2024/10/18 17:01:29
月間,202409,策定,南福光連系所・南福光変電所の連系設備,2024/11/17,昼間帯,順方向,300,300,0,0,0,0,300,熱容量,0,0,0,0,2024/09/20 17:01:43
月間,202409,策定,南福光連系所・南福光変電所の連系設備,2024/11/17,昼間帯,逆方向,-300,-300,0,0,0,0,-300,熱容量,0,0,0,0,2024/09/20 17:01:43
月間,202409,策定,南福光連系所・南福光変電所の連系設備,2024/11/17,夜間帯,順方向,300,300,0,0,0,0,300,熱容量,0,0,0,0,2024/09/20 17:01:43
月間,202409,策定,南福光連系所・南福光変電所の連系設備,2024/11/17,夜間帯,逆方向,-300,-300,0,0,0,0,-300,熱容量,0,0,0,0,2024/09/20 17:01:43
月間,202410,策定,南福光連系所・南福光変電所の連系設備,2024/11/17,昼間帯,順方向,300,300,0,0,0,0,300,熱容量,0,0,0,0,2024/10/18 17:01:29
月間,202410,策定,南福光連系所・南福光変電所の連系設備,2024/11/17,昼間帯,逆方向,-300,-300,0,0,0,0,-300,熱容量,0,0,0,0,2024/10/18 17:01:29
月間,202410,策定,南福光連系所・南福光変電所の連系設備,2024/11/17,夜間帯,順方向,300,300,0,0,0,0,300,熱容量,0,0,0,0,2024/10/18 17:01:29
月間,202410,策定,南福光連系所・南福光変電所の連系設備,2024/11/17,夜間帯,逆方向,-300,-300,0,0,0,0,-300,熱容量,0,0,0,0,2024/10/18 17:01:29
月間,202409,策定,南福光連系所・南福光変電所の連系設備,2024/11/18,昼間帯,順方向,300,300,0,0,0,0,300,熱容量,0,0,0,0,2024/09/20 17:01:43
月間,202409,策定,南福光連系所・南福光変電所の連系設備,2024/11/18,昼間帯,逆方向,-300,-300,0,0,0,0,-300,熱容量,0,0,0,0,2024/09/20 17:01:43
月間,202409,策定,南福光連系所・南福光変電所の連系設備,2024/11/18,夜間帯,順方向,300,300,0,0,0,0,300,熱容量,0,0,0,0,2024/09/20 17:01:43
月間,202409,策定,南福光連系所・南福光変電所の連系設備,2024/11/18,夜間帯,逆方向,-300,-300,0,0,0,0,-300,熱容量,0,0,0,0,2024/09/20 17:01:43
月間,202410,策定,南福光連系所・南福光変電所の連系設備,2024/11/18,昼間帯,順方向,300,300,0,0,0,0,300,熱容量,0,0,0,0,2024/10/18 17:01:29
月間,202410,策定,南福光連系所・南福光変電所の連系設備,2024/11/18,昼間帯,逆方向,-300,-300,0,0,0,0,-300,熱容量,0,0,0,0,2024/10/18 17:01:29
月間,202410,策定,南福光連系所・南福光変電所の連系設備,2024/11/18,夜間帯,順方向,300,300,0,0,0,0,300,熱容量,0,0,0,0,2024/10/18 17:01:29
月間,202410,策定,南福光連系所・南福光変電所の連系設備,2024/11/18,夜間帯,逆方向,-300,-300,0,0,0,0,-300,熱容量,0,0,0,0,2024/10/18 17:01:29
月間,202409,策定,南福光連系所・南福光変電所の連系設備,2024/11/19,昼間帯,順方向,300,300,0,0,0,0,300,熱容量,0,0,0,0,2024/09/20 17:01:43
月間,202409,策定,南福光連系所・南福光変電所の連系設備,2024/11/19,昼間帯,逆方向,-300,-300,0,0,0,0,-300,熱容量,0,0,0,0,2024/09/20 17:01:43
月間,202409,策定,南福光連系所・南福光変電所の連系設備,2024/11/19,夜間帯,順方向,300,300,0,0,0,0,300,熱容量,0,0,0,0,2024/09/20 17:01:43
月間,202409,策定,南福光連系所・南福光変電所の連系設備,2024/11/19,夜間帯,逆方向,-300,-300,0,0,0,0,-300,熱容量,0,0,0,0,2024/09/20 17:01:43
月間,202410,策定,南福光連系所・南福光変電所の連系設備,2024/11/19,昼間帯,順方向,300,300,0,0,0,0,300,熱容量,0,0,0,0,2024/10/18 17:01:29
月間,202410,策定,南福光連系所・南福光変電所の連系設備,2024/11/19,昼間帯,逆方向,-300,-300,0,0,0,0,-300,熱容量,0,0,0,0,2024/10/18 17:01:29
月間,202410,策定,南福光連系所・南福光変電所の連系設備,2024/11/19,夜間帯,順方向,300,300,0,0,0,0,300,熱容量,0,0,0,0,2024/10/18 17:01:29
月間,202410,策定,南福光連系所・南福光変電所の連系設備,2024/11/19,夜間帯,逆方向,-300,-300,0,0,0,0,-300,熱容量,0,0,0,0,2024/10/18 17:01:29
月間,202409,策定,南福光連系所・南福光変電所の連系設備,2024/11/20,昼間帯,順方向,300,300,0,0,0,0,300,熱容量,0,0,0,0,2024/09/20 17:01:43
月間,202409,策定,南福光連系所・南福光変電所の連系設備,2024/11/20,昼間帯,逆方向,-300,-300,0,0,0,0,-300,熱容量,0,0,0,0,2024/09/20 17:01:43
月間,202409,策定,南福光連系所・南福光変電所の連系設備,2024/11/20,夜間帯,順方向,300,300,0,0,0,0,300,熱容量,0,0,0,0,2024/09/20 17:01:43
月間,202409,策定,南福光連系所・南福光変電所の連系設備,2024/11/20,夜間帯,逆方向,-300,-300,0,0,0,0,-300,熱容量,0,0,0,0,2024/09/20 17:01:43
月間,202410,策定,南福光連系所・南福光変電所の連系設備,2024/11/20,昼間帯,順方向,300,300,0,0,0,0,300,熱容量,0,0,0,0,2024/10/18 17:01:29
月間,202410,策定,南福光連系所・南福光変電所の連系設備,2024/11/20,昼間帯,逆方向,-300,-300,0,0,0,0,-300,熱容量,0,0,0,0,2024/10/18 17:01:29
月間,202410,策定,南福光連系所・南福光変電所の連系設備,2024/11/20,夜間帯,順方向,300,300,0,0,0,0,300,熱容量,0,0,0,0,2024/10/18 17:01:29
月間,202410,策定,南福光連系所・南福光変電所の連系設備,2024/11/20,夜間帯,逆方向,-300,-300,0,0,0,0,-300,熱容量,0,0,0,0,2024/10/18 17:01:29
月間,202409,策定,南福光連系所・南福光変電所の連系設備,2024/11/21,昼間帯,順方向,300,300,0,0,0,0,300,熱容量,0,0,0,0,2024/09/20 17:01:43
月間,202409,策定,南福光連系所・南福光変電所の連系設備,2024/11/21,昼間帯,逆方向,-300,-300,0,0,0,0,-300,熱容量,0,0,0,0,2024/09/20 17:01:43
月間,202409,策定,南福光連系所・南福光変電所の連系設備,2024/11/21,夜間帯,順方向,300,300,0,0,0,0,300,熱容量,0,0,0,0,2024/09/20 17:01:43
月間,202409,策定,南福光連系所・南福光変電所の連系設備,2024/11/21,夜間帯,逆方向,-300,-300,0,0,0,0,-300,熱容量,0,0,0,0,2024/09/20 17:01:43
月間,202410,策定,南福光連系所・南福光変電所の連系設備,2024/11/21,昼間帯,順方向,300,300,0,0,0,0,300,熱容量,0,0,0,0,2024/10/18 17:01:29
月間,202410,策定,南福光連系所・南福光変電所の連系設備,2024/11/21,昼間帯,逆方向,-300,-300,0,0,0,0,-300,熱容量,0,0,0,0,2024/10/18 17:01:29
月間,202410,策定,南福光連系所・南福光変電所の連系設備,2024/11/21,夜間帯,順方向,300,300,0,0,0,0,300,熱容量,0,0,0,0,2024/10/18 17:01:29
月間,202410,策定,南福光連系所・南福光変電所の連系設備,2024/11/21,夜間帯,逆方向,-300,-300,0,0,0,0,-300,熱容量,0,0,0,0,2024/10/18 17:01:29
月間,202409,策定,南福光連系所・南福光変電所の連系設備,2024/11/22,昼間帯,順方向,300,300,0,0,0,0,300,熱容量,0,0,0,0,2024/09/20 17:01:43
月間,202409,策定,南福光連系所・南福光変電所の連系設備,2024/11/22,昼間帯,逆方向,-300,-300,0,0,0,0,-300,熱容量,0,0,0,0,2024/09/20 17:01:43
月間,202409,策定,南福光連系所・南福光変電所の連系設備,2024/11/22,夜間帯,順方向,300,300,0,0,0,0,300,熱容量,0,0,0,0,2024/09/20 17:01:43
月間,202409,策定,南福光連系所・南福光変電所の連系設備,2024/11/22,夜間帯,逆方向,-300,-300,0,0,0,0,-300,熱容量,0,0,0,0,2024/09/20 17:01:43
月間,202410,策定,南福光連系所・南福光変電所の連系設備,2024/11/22,昼間帯,順方向,300,300,0,0,0,0,300,熱容量,0,0,0,0,2024/10/18 17:01:29
月間,202410,策定,南福光連系所・南福光変電所の連系設備,2024/11/22,昼間帯,逆方向,-300,-300,0,0,0,0,-300,熱容量,0,0,0,0,2024/10/18 17:01:29
月間,202410,策定,南福光連系所・南福光変電所の連系設備,2024/11/22,夜間帯,順方向,300,300,0,0,0,0,300,熱容量,0,0,0,0,2024/10/18 17:01:29
月間,202410,策定,南福光連系所・南福光変電所の連系設備,2024/11/22,夜間帯,逆方向,-300,-300,0,0,0,0,-300,熱容量,0,0,0,0,2024/10/18 17:01:29
月間,202409,策定,南福光連系所・南福光変電所の連系設備,2024/11/23,昼間帯,順方向,300,300,0,0,0,0,300,熱容量,0,0,0,0,2024/09/20 17:01:43
月間,202409,策定,南福光連系所・南福光変電所の連系設備,2024/11/23,昼間帯,逆方向,-300,-300,0,0,0,0,-300,熱容量,0,0,0,0,2024/09/20 17:01:43
月間,202409,策定,南福光連系所・南福光変電所の連系設備,2024/11/23,夜間帯,順方向,300,300,0,0,0,0,300,熱容量,0,0,0,0,2024/09/20 17:01:43
月間,202409,策定,南福光連系所・南福光変電所の連系設備,2024/11/23,夜間帯,逆方向,-300,-300,0,0,0,0,-300,熱容量,0,0,0,0,2024/09/20 17:01:43
月間,202410,策定,南福光連系所・南福光変電所の連系設備,2024/11/23,昼間帯,順方向,300,300,0,0,0,0,300,熱容量,0,0,0,0,2024/10/18 17:01:29
月間,202410,策定,南福光連系所・南福光変電所の連系設備,2024/11/23,昼間帯,逆方向,-300,-300,0,0,0,0,-300,熱容量,0,0,0,0,2024/10/18 17:01:29
月間,202410,策定,南福光連系所・南福光変電所の連系設備,2024/11/23,夜間帯,順方向,300,300,0,0,0,0,300,熱容量,0,0,0,0,2024/10/18 17:01:29
月間,202410,策定,南福光連系所・南福光変電所の連系設備,2024/11/23,夜間帯,逆方向,-300,-300,0,0,0,0,-300,熱容量,0,0,0,0,2024/10/18 17:01:29
月間,202409,策定,南福光連系所・南福光変電所の連系設備,2024/11/24,昼間帯,順方向,300,300,0,0,0,0,300,熱容量,0,0,0,0,2024/09/20 17:01:43
月間,202409,策定,南福光連系所・南福光変電所の連系設備,2024/11/24,昼間帯,逆方向,-300,-300,0,0,0,0,-300,熱容量,0,0,0,0,2024/09/20 17:01:43
月間,202409,策定,南福光連系所・南福光変電所の連系設備,2024/11/24,夜間帯,順方向,300,300,0,0,0,0,300,熱容量,0,0,0,0,2024/09/20 17:01:43
月間,202409,策定,南福光連系所・南福光変電所の連系設備,2024/11/24,夜間帯,逆方向,-300,-300,0,0,0,0,-300,熱容量,0,0,0,0,2024/09/20 17:01:43
月間,202410,策定,南福光連系所・南福光変電所の連系設備,2024/11/24,昼間帯,順方向,300,300,0,0,0,0,300,熱容量,0,0,0,0,2024/10/18 17:01:29
月間,202410,策定,南福光連系所・南福光変電所の連系設備,2024/11/24,昼間帯,逆方向,-300,-300,0,0,0,0,-300,熱容量,0,0,0,0,2024/10/18 17:01:29
月間,202410,策定,南福光連系所・南福光変電所の連系設備,2024/11/24,夜間帯,順方向,300,300,0,0,0,0,300,熱容量,0,0,0,0,2024/10/18 17:01:29
月間,202410,策定,南福光連系所・南福光変電所の連系設備,2024/11/24,夜間帯,逆方向,-300,-300,0,0,0,0,-300,熱容量,0,0,0,0,2024/10/18 17:01:29
月間,202409,策定,南福光連系所・南福光変電所の連系設備,2024/11/25,昼間帯,順方向,300,300,0,0,0,0,300,熱容量,0,0,0,0,2024/09/20 17:01:43
月間,202409,策定,南福光連系所・南福光変電所の連系設備,2024/11/25,昼間帯,逆方向,-300,-300,0,0,0,0,-300,熱容量,0,0,0,0,2024/09/20 17:01:43
月間,202409,策定,南福光連系所・南福光変電所の連系設備,2024/11/25,夜間帯,順方向,300,300,0,0,0,0,300,熱容量,0,0,0,0,2024/09/20 17:01:43
月間,202409,策定,南福光連系所・南福光変電所の連系設備,2024/11/25,夜間帯,逆方向,-300,-300,0,0,0,0,-300,熱容量,0,0,0,0,2024/09/20 17:01:43
月間,202410,策定,南福光連系所・南福光変電所の連系設備,2024/11/25,昼間帯,順方向,300,300,0,0,0,0,300,熱容量,0,0,0,0,2024/10/18 17:01:29
月間,202410,策定,南福光連系所・南福光変電所の連系設備,2024/11/25,昼間帯,逆方向,-300,-300,0,0,0,0,-300,熱容量,0,0,0,0,2024/10/18 17:01:29
月間,202410,策定,南福光連系所・南福光変電所の連系設備,2024/11/25,夜間帯,順方向,300,300,0,0,0,0,300,熱容量,0,0,0,0,2024/10/18 17:01:29
月間,202410,策定,南福光連系所・南福光変電所の連系設備,2024/11/25,夜間帯,逆方向,-300,-300,0,0,0,0,-300,熱容量,0,0,0,0,2024/10/18 17:01:29
月間,202409,策定,南福光連系所・南福光変電所の連系設備,2024/11/26,昼間帯,順方向,300,300,0,0,0,0,300,熱容量,0,0,0,0,2024/09/20 17:01:43
月間,202409,策定,南福光連系所・南福光変電所の連系設備,2024/11/26,昼間帯,逆方向,-300,-300,0,0,0,0,-300,熱容量,0,0,0,0,2024/09/20 17:01:43
月間,202409,策定,南福光連系所・南福光変電所の連系設備,2024/11/26,夜間帯,順方向,300,300,0,0,0,0,300,熱容量,0,0,0,0,2024/09/20 17:01:43
月間,202409,策定,南福光連系所・南福光変電所の連系設備,2024/11/26,夜間帯,逆方向,-300,-300,0,0,0,0,-300,熱容量,0,0,0,0,2024/09/20 17:01:43
月間,202410,策定,南福光連系所・南福光変電所の連系設備,2024/11/26,昼間帯,順方向,300,300,0,0,0,0,300,熱容量,0,0,0,0,2024/10/18 17:01:29
月間,202410,策定,南福光連系所・南福光変電所の連系設備,2024/11/26,昼間帯,逆方向,-300,-300,0,0,0,0,-300,熱容量,0,0,0,0,2024/10/18 17:01:29
月間,202410,策定,南福光連系所・南福光変電所の連系設備,2024/11/26,夜間帯,順方向,300,300,0,0,0,0,300,熱容量,0,0,0,0,2024/10/18 17:01:29
月間,202410,策定,南福光連系所・南福光変電所の連系設備,2024/11/26,夜間帯,逆方向,-300,-300,0,0,0,0,-300,熱容量,0,0,0,0,2024/10/18 17:01:29
月間,202409,策定,南福光連系所・南福光変電所の連系設備,2024/11/27,昼間帯,順方向,300,300,0,0,0,0,300,熱容量,0,0,0,0,2024/09/20 17:01:43
月間,202409,策定,南福光連系所・南福光変電所の連系設備,2024/11/27,昼間帯,逆方向,-300,-300,0,0,0,0,-300,熱容量,0,0,0,0,2024/09/20 17:01:43
月間,202409,策定,南福光連系所・南福光変電所の連系設備,2024/11/27,夜間帯,順方向,300,300,0,0,0,0,300,熱容量,0,0,0,0,2024/09/20 17:01:43
月間,202409,策定,南福光連系所・南福光変電所の連系設備,2024/11/27,夜間帯,逆方向,-300,-300,0,0,0,0,-300,熱容量,0,0,0,0,2024/09/20 17:01:43
月間,202410,策定,南福光連系所・南福光変電所の連系設備,2024/11/27,昼間帯,順方向,300,300,0,0,0,0,300,熱容量,0,0,0,0,2024/10/18 17:01:29
月間,202410,策定,南福光連系所・南福光変電所の連系設備,2024/11/27,昼間帯,逆方向,-300,-300,0,0,0,0,-300,熱容量,0,0,0,0,2024/10/18 17:01:29
月間,202410,策定,南福光連系所・南福光変電所の連系設備,2024/11/27,夜間帯,順方向,300,300,0,0,0,0,300,熱容量,0,0,0,0,2024/10/18 17:01:29
月間,202410,策定,南福光連系所・南福光変電所の連系設備,2024/11/27,夜間帯,逆方向,-300,-300,0,0,0,0,-300,熱容量,0,0,0,0,2024/10/18 17:01:29
月間,202409,策定,南福光連系所・南福光変電所の連系設備,2024/11/28,昼間帯,順方向,300,300,0,0,0,0,300,熱容量,0,0,0,0,2024/09/20 17:01:43
月間,202409,策定,南福光連系所・南福光変電所の連系設備,2024/11/28,昼間帯,逆方向,-300,-300,0,0,0,0,-300,熱容量,0,0,0,0,2024/09/20 17:01:43
月間,202409,策定,南福光連系所・南福光変電所の連系設備,2024/11/28,夜間帯,順方向,300,300,0,0,0,0,300,熱容量,0,0,0,0,2024/09/20 17:01:43
月間,202409,策定,南福光連系所・南福光変電所の連系設備,2024/11/28,夜間帯,逆方向,-300,-300,0,0,0,0,-300,熱容量,0,0,0,0,2024/09/20 17:01:43
月間,202410,策定,南福光連系所・南福光変電所の連系設備,2024/11/28,昼間帯,順方向,300,300,0,0,0,0,300,熱容量,0,0,0,0,2024/10/18 17:01:29
月間,202410,策定,南福光連系所・南福光変電所の連系設備,2024/11/28,昼間帯,逆方向,-300,-300,0,0,0,0,-300,熱容量,0,0,0,0,2024/10/18 17:01:29
月間,202410,策定,南福光連系所・南福光変電所の連系設備,2024/11/28,夜間帯,順方向,300,300,0,0,0,0,300,熱容量,0,0,0,0,2024/10/18 17:01:29
月間,202410,策定,南福光連系所・南福光変電所の連系設備,2024/11/28,夜間帯,逆方向,-300,-300,0,0,0,0,-300,熱容量,0,0,0,0,2024/10/18 17:01:29
月間,202409,策定,南福光連系所・南福光変電所の連系設備,2024/11/29,昼間帯,順方向,300,300,0,0,0,0,300,熱容量,0,0,0,0,2024/09/20 17:01:43
月間,202409,策定,南福光連系所・南福光変電所の連系設備,2024/11/29,昼間帯,逆方向,-300,-300,0,0,0,0,-300,熱容量,0,0,0,0,2024/09/20 17:01:43
月間,202409,策定,南福光連系所・南福光変電所の連系設備,2024/11/29,夜間帯,順方向,300,300,0,0,0,0,300,熱容量,0,0,0,0,2024/09/20 17:01:43
月間,202409,策定,南福光連系所・南福光変電所の連系設備,2024/11/29,夜間帯,逆方向,-300,-300,0,0,0,0,-300,熱容量,0,0,0,0,2024/09/20 17:01:43
月間,202410,策定,南福光連系所・南福光変電所の連系設備,2024/11/29,昼間帯,順方向,300,300,0,0,0,0,300,熱容量,0,0,0,0,2024/10/18 17:01:29
月間,202410,策定,南福光連系所・南福光変電所の連系設備,2024/11/29,昼間帯,逆方向,-300,-300,0,0,0,0,-300,熱容量,0,0,0,0,2024/10/18 17:01:29
月間,202410,策定,南福光連系所・南福光変電所の連系設備,2024/11/29,夜間帯,順方向,300,300,0,0,0,0,300,熱容量,0,0,0,0,2024/10/18 17:01:29
月間,202410,策定,南福光連系所・南福光変電所の連系設備,2024/11/29,夜間帯,逆方向,-300,-300,0,0,0,0,-300,熱容量,0,0,0,0,2024/10/18 17:01:29
月間,202409,策定,南福光連系所・南福光変電所の連系設備,2024/11/30,昼間帯,順方向,300,300,0,0,0,0,300,熱容量,0,0,0,0,2024/09/20 17:01:43
月間,202409,策定,南福光連系所・南福光変電所の連系設備,2024/11/30,昼間帯,逆方向,-300,-300,0,0,0,0,-300,熱容量,0,0,0,0,2024/09/20 17:01:43
月間,202409,策定,南福光連系所・南福光変電所の連系設備,2024/11/30,夜間帯,順方向,300,300,0,0,0,0,300,熱容量,0,0,0,0,2024/09/20 17:01:43
月間,202409,策定,南福光連系所・南福光変電所の連系設備,2024/11/30,夜間帯,逆方向,-300,-300,0,0,0,0,-300,熱容量,0,0,0,0,2024/09/20 17:01:43
月間,202410,策定,南福光連系所・南福光変電所の連系設備,2024/11/30,昼間帯,順方向,300,300,0,0,0,0,300,熱容量,0,0,0,0,2024/10/18 17:01:29
月間,202410,策定,南福光連系所・南福光変電所の連系設備,2024/11/30,昼間帯,逆方向,-300,-300,0,0,0,0,-300,熱容量,0,0,0,0,2024/10/18 17:01:29
月間,202410,策定,南福光連系所・南福光変電所の連系設備,2024/11/30,夜間帯,順方向,300,300,0,0,0,0,300,熱容量,0,0,0,0,2024/10/18 17:01:29
月間,202410,策定,南福光連系所・南福光変電所の連系設備,2024/11/30,夜間帯,逆方向,-300,-300,0,0,0,0,-300,熱容量,0,0,0,0,2024/10/18 17:01:29
月間,202410,策定,南福光連系所・南福光変電所の連系設備,2024/12/01,昼間帯,順方向,300,300,0,0,0,0,300,熱容量,0,0,0,0,2024/10/18 17:01:29
月間,202410,策定,南福光連系所・南福光変電所の連系設備,2024/12/01,昼間帯,逆方向,-300,-300,0,0,0,0,-300,熱容量,0,0,0,0,2024/10/18 17:01:29
月間,202410,策定,南福光連系所・南福光変電所の連系設備,2024/12/01,夜間帯,順方向,300,300,0,0,0,0,300,熱容量,0,0,0,0,2024/10/18 17:01:29
月間,202410,策定,南福光連系所・南福光変電所の連系設備,2024/12/01,夜間帯,逆方向,-300,-300,0,0,0,0,-300,熱容量,0,0,0,0,2024/10/18 17:01:29
月間,202410,策定,南福光連系所・南福光変電所の連系設備,2024/12/02,昼間帯,順方向,300,300,0,0,0,0,300,熱容量,0,0,0,0,2024/10/18 17:01:29
月間,202410,策定,南福光連系所・南福光変電所の連系設備,2024/12/02,昼間帯,逆方向,-300,-300,0,0,0,0,-300,熱容量,0,0,0,0,2024/10/18 17:01:29
月間,202410,策定,南福光連系所・南福光変電所の連系設備,2024/12/02,夜間帯,順方向,300,300,0,0,0,0,300,熱容量,0,0,0,0,2024/10/18 17:01:29
月間,202410,策定,南福光連系所・南福光変電所の連系設備,2024/12/02,夜間帯,逆方向,-300,-300,0,0,0,0,-300,熱容量,0,0,0,0,2024/10/18 17:01:29
月間,202410,策定,南福光連系所・南福光変電所の連系設備,2024/12/03,昼間帯,順方向,300,300,0,0,0,0,300,熱容量,0,0,0,0,2024/10/18 17:01:29
月間,202410,策定,南福光連系所・南福光変電所の連系設備,2024/12/03,昼間帯,逆方向,-300,-300,0,0,0,0,-300,熱容量,0,0,0,0,2024/10/18 17:01:29
月間,202410,策定,南福光連系所・南福光変電所の連系設備,2024/12/03,夜間帯,順方向,300,300,0,0,0,0,300,熱容量,0,0,0,0,2024/10/18 17:01:29
月間,202410,策定,南福光連系所・南福光変電所の連系設備,2024/12/03,夜間帯,逆方向,-300,-300,0,0,0,0,-300,熱容量,0,0,0,0,2024/10/18 17:01:29
月間,202410,策定,南福光連系所・南福光変電所の連系設備,2024/12/04,昼間帯,順方向,300,300,0,0,0,0,300,熱容量,0,0,0,0,2024/10/18 17:01:29
月間,202410,策定,南福光連系所・南福光変電所の連系設備,2024/12/04,昼間帯,逆方向,-300,-300,0,0,0,0,-300,熱容量,0,0,0,0,2024/10/18 17:01:29
月間,202410,策定,南福光連系所・南福光変電所の連系設備,2024/12/04,夜間帯,順方向,300,300,0,0,0,0,300,熱容量,0,0,0,0,2024/10/18 17:01:29
月間,202410,策定,南福光連系所・南福光変電所の連系設備,2024/12/04,夜間帯,逆方向,-300,-300,0,0,0,0,-300,熱容量,0,0,0,0,2024/10/18 17:01:29
月間,202410,策定,南福光連系所・南福光変電所の連系設備,2024/12/05,昼間帯,順方向,300,300,0,0,0,0,300,熱容量,0,0,0,0,2024/10/18 17:01:29
月間,202410,策定,南福光連系所・南福光変電所の連系設備,2024/12/05,昼間帯,逆方向,-300,-300,0,0,0,0,-300,熱容量,0,0,0,0,2024/10/18 17:01:29
月間,202410,策定,南福光連系所・南福光変電所の連系設備,2024/12/05,夜間帯,順方向,300,300,0,0,0,0,300,熱容量,0,0,0,0,2024/10/18 17:01:29
月間,202410,策定,南福光連系所・南福光変電所の連系設備,2024/12/05,夜間帯,逆方向,-300,-300,0,0,0,0,-300,熱容量,0,0,0,0,2024/10/18 17:01:29
月間,202410,策定,南福光連系所・南福光変電所の連系設備,2024/12/06,昼間帯,順方向,300,300,0,0,0,0,300,熱容量,0,0,0,0,2024/10/18 17:01:29
月間,202410,策定,南福光連系所・南福光変電所の連系設備,2024/12/06,昼間帯,逆方向,-300,-300,0,0,0,0,-300,熱容量,0,0,0,0,2024/10/18 17:01:29
月間,202410,策定,南福光連系所・南福光変電所の連系設備,2024/12/06,夜間帯,順方向,300,300,0,0,0,0,300,熱容量,0,0,0,0,2024/10/18 17:01:29
月間,202410,策定,南福光連系所・南福光変電所の連系設備,2024/12/06,夜間帯,逆方向,-300,-300,0,0,0,0,-300,熱容量,0,0,0,0,2024/10/18 17:01:29
月間,202410,策定,南福光連系所・南福光変電所の連系設備,2024/12/07,昼間帯,順方向,300,300,0,0,0,0,300,熱容量,0,0,0,0,2024/10/18 17:01:29
月間,202410,策定,南福光連系所・南福光変電所の連系設備,2024/12/07,昼間帯,逆方向,-300,-300,0,0,0,0,-300,熱容量,0,0,0,0,2024/10/18 17:01:29
月間,202410,策定,南福光連系所・南福光変電所の連系設備,2024/12/07,夜間帯,順方向,300,300,0,0,0,0,300,熱容量,0,0,0,0,2024/10/18 17:01:29
月間,202410,策定,南福光連系所・南福光変電所の連系設備,2024/12/07,夜間帯,逆方向,-300,-300,0,0,0,0,-300,熱容量,0,0,0,0,2024/10/18 17:01:29
月間,202411,策定,南福光連系所・南福光変電所の連系設備,2024/12/07,昼間帯,順方向,300,300,0,0,0,0,300,熱容量,0,0,0,0,2024/11/20 16:59:38
月間,202411,策定,南福光連系所・南福光変電所の連系設備,2024/12/07,昼間帯,逆方向,-300,-300,0,0,0,0,-300,熱容量,0,0,0,0,2024/11/20 16:59:38
月間,202411,策定,南福光連系所・南福光変電所の連系設備,2024/12/07,夜間帯,順方向,300,300,0,0,0,0,300,熱容量,0,0,0,0,2024/11/20 16:59:38
月間,202411,策定,南福光連系所・南福光変電所の連系設備,2024/12/07,夜間帯,逆方向,-300,-300,0,0,0,0,-300,熱容量,0,0,0,0,2024/11/20 16:59:38
月間,202410,策定,南福光連系所・南福光変電所の連系設備,2024/12/08,昼間帯,順方向,300,300,0,0,0,0,300,熱容量,0,0,0,0,2024/10/18 17:01:29
月間,202410,策定,南福光連系所・南福光変電所の連系設備,2024/12/08,昼間帯,逆方向,-300,-300,0,0,0,0,-300,熱容量,0,0,0,0,2024/10/18 17:01:29
月間,202410,策定,南福光連系所・南福光変電所の連系設備,2024/12/08,夜間帯,順方向,300,300,0,0,0,0,300,熱容量,0,0,0,0,2024/10/18 17:01:29
月間,202410,策定,南福光連系所・南福光変電所の連系設備,2024/12/08,夜間帯,逆方向,-300,-300,0,0,0,0,-300,熱容量,0,0,0,0,2024/10/18 17:01:29
月間,202411,策定,南福光連系所・南福光変電所の連系設備,2024/12/08,昼間帯,順方向,300,300,0,0,0,0,300,熱容量,0,0,0,0,2024/11/20 16:59:38
月間,202411,策定,南福光連系所・南福光変電所の連系設備,2024/12/08,昼間帯,逆方向,-300,-300,0,0,0,0,-300,熱容量,0,0,0,0,2024/11/20 16:59:38
月間,202411,策定,南福光連系所・南福光変電所の連系設備,2024/12/08,夜間帯,順方向,300,300,0,0,0,0,300,熱容量,0,0,0,0,2024/11/20 16:59:38
月間,202411,策定,南福光連系所・南福光変電所の連系設備,2024/12/08,夜間帯,逆方向,-300,-300,0,0,0,0,-300,熱容量,0,0,0,0,2024/11/20 16:59:38
月間,202410,策定,南福光連系所・南福光変電所の連系設備,2024/12/09,昼間帯,順方向,300,300,0,0,0,0,300,熱容量,0,0,0,0,2024/10/18 17:01:29
月間,202410,策定,南福光連系所・南福光変電所の連系設備,2024/12/09,昼間帯,逆方向,-300,-300,0,0,0,0,-300,熱容量,0,0,0,0,2024/10/18 17:01:29
月間,202410,策定,南福光連系所・南福光変電所の連系設備,2024/12/09,夜間帯,順方向,300,300,0,0,0,0,300,熱容量,0,0,0,0,2024/10/18 17:01:29
月間,202410,策定,南福光連系所・南福光変電所の連系設備,2024/12/09,夜間帯,逆方向,-300,-300,0,0,0,0,-300,熱容量,0,0,0,0,2024/10/18 17:01:29
月間,202411,策定,南福光連系所・南福光変電所の連系設備,2024/12/09,昼間帯,順方向,300,300,0,0,0,0,300,熱容量,0,0,0,0,2024/11/20 16:59:38
月間,202411,策定,南福光連系所・南福光変電所の連系設備,2024/12/09,昼間帯,逆方向,-300,-300,0,0,0,0,-300,熱容量,0,0,0,0,2024/11/20 16:59:38
月間,202411,策定,南福光連系所・南福光変電所の連系設備,2024/12/09,夜間帯,順方向,300,300,0,0,0,0,300,熱容量,0,0,0,0,2024/11/20 16:59:38
月間,202411,策定,南福光連系所・南福光変電所の連系設備,2024/12/09,夜間帯,逆方向,-300,-300,0,0,0,0,-300,熱容量,0,0,0,0,2024/11/20 16:59:38
月間,202410,策定,南福光連系所・南福光変電所の連系設備,2024/12/10,昼間帯,順方向,300,300,0,0,0,0,300,熱容量,0,0,0,0,2024/10/18 17:01:29
月間,202410,策定,南福光連系所・南福光変電所の連系設備,2024/12/10,昼間帯,逆方向,-300,-300,0,0,0,0,-300,熱容量,0,0,0,0,2024/10/18 17:01:29
月間,202410,策定,南福光連系所・南福光変電所の連系設備,2024/12/10,夜間帯,順方向,300,300,0,0,0,0,300,熱容量,0,0,0,0,2024/10/18 17:01:29
月間,202410,策定,南福光連系所・南福光変電所の連系設備,2024/12/10,夜間帯,逆方向,-300,-300,0,0,0,0,-300,熱容量,0,0,0,0,2024/10/18 17:01:29
月間,202411,策定,南福光連系所・南福光変電所の連系設備,2024/12/10,昼間帯,順方向,300,300,0,0,0,0,300,熱容量,0,0,0,0,2024/11/20 16:59:38
月間,202411,策定,南福光連系所・南福光変電所の連系設備,2024/12/10,昼間帯,逆方向,-300,-300,0,0,0,0,-300,熱容量,0,0,0,0,2024/11/20 16:59:38
月間,202411,策定,南福光連系所・南福光変電所の連系設備,2024/12/10,夜間帯,順方向,300,300,0,0,0,0,300,熱容量,0,0,0,0,2024/11/20 16:59:38
月間,202411,策定,南福光連系所・南福光変電所の連系設備,2024/12/10,夜間帯,逆方向,-300,-300,0,0,0,0,-300,熱容量,0,0,0,0,2024/11/20 16:59:38
月間,202410,策定,南福光連系所・南福光変電所の連系設備,2024/12/11,昼間帯,順方向,300,300,0,0,0,0,300,熱容量,0,0,0,0,2024/10/18 17:01:29
月間,202410,策定,南福光連系所・南福光変電所の連系設備,2024/12/11,昼間帯,逆方向,-300,-300,0,0,0,0,-300,熱容量,0,0,0,0,2024/10/18 17:01:29
月間,202410,策定,南福光連系所・南福光変電所の連系設備,2024/12/11,夜間帯,順方向,300,300,0,0,0,0,300,熱容量,0,0,0,0,2024/10/18 17:01:29
月間,202410,策定,南福光連系所・南福光変電所の連系設備,2024/12/11,夜間帯,逆方向,-300,-300,0,0,0,0,-300,熱容量,0,0,0,0,2024/10/18 17:01:29
月間,202411,策定,南福光連系所・南福光変電所の連系設備,2024/12/11,昼間帯,順方向,300,300,0,0,0,0,300,熱容量,0,0,0,0,2024/11/20 16:59:38
月間,202411,策定,南福光連系所・南福光変電所の連系設備,2024/12/11,昼間帯,逆方向,-300,-300,0,0,0,0,-300,熱容量,0,0,0,0,2024/11/20 16:59:38
月間,202411,策定,南福光連系所・南福光変電所の連系設備,2024/12/11,夜間帯,順方向,300,300,0,0,0,0,300,熱容量,0,0,0,0,2024/11/20 16:59:38
月間,202411,策定,南福光連系所・南福光変電所の連系設備,2024/12/11,夜間帯,逆方向,-300,-300,0,0,0,0,-300,熱容量,0,0,0,0,2024/11/20 16:59:38
月間,202410,策定,南福光連系所・南福光変電所の連系設備,2024/12/12,昼間帯,順方向,300,300,0,0,0,0,300,熱容量,0,0,0,0,2024/10/18 17:01:29
月間,202410,策定,南福光連系所・南福光変電所の連系設備,2024/12/12,昼間帯,逆方向,-300,-300,0,0,0,0,-300,熱容量,0,0,0,0,2024/10/18 17:01:29
月間,202410,策定,南福光連系所・南福光変電所の連系設備,2024/12/12,夜間帯,順方向,300,300,0,0,0,0,300,熱容量,0,0,0,0,2024/10/18 17:01:29
月間,202410,策定,南福光連系所・南福光変電所の連系設備,2024/12/12,夜間帯,逆方向,-300,-300,0,0,0,0,-300,熱容量,0,0,0,0,2024/10/18 17:01:29
月間,202411,策定,南福光連系所・南福光変電所の連系設備,2024/12/12,昼間帯,順方向,300,300,0,0,0,0,300,熱容量,0,0,0,0,2024/11/20 16:59:38
月間,202411,策定,南福光連系所・南福光変電所の連系設備,2024/12/12,昼間帯,逆方向,-300,-300,0,0,0,0,-300,熱容量,0,0,0,0,2024/11/20 16:59:38
月間,202411,策定,南福光連系所・南福光変電所の連系設備,2024/12/12,夜間帯,順方向,300,300,0,0,0,0,300,熱容量,0,0,0,0,2024/11/20 16:59:38
月間,202411,策定,南福光連系所・南福光変電所の連系設備,2024/12/12,夜間帯,逆方向,-300,-300,0,0,0,0,-300,熱容量,0,0,0,0,2024/11/20 16:59:38
月間,202410,策定,南福光連系所・南福光変電所の連系設備,2024/12/13,昼間帯,順方向,300,300,0,0,0,0,300,熱容量,0,0,0,0,2024/10/18 17:01:29
月間,202410,策定,南福光連系所・南福光変電所の連系設備,2024/12/13,昼間帯,逆方向,-300,-300,0,0,0,0,-300,熱容量,0,0,0,0,2024/10/18 17:01:29
月間,202410,策定,南福光連系所・南福光変電所の連系設備,2024/12/13,夜間帯,順方向,300,300,0,0,0,0,300,熱容量,0,0,0,0,2024/10/18 17:01:29
月間,202410,策定,南福光連系所・南福光変電所の連系設備,2024/12/13,夜間帯,逆方向,-300,-300,0,0,0,0,-300,熱容量,0,0,0,0,2024/10/18 17:01:29
月間,202411,策定,南福光連系所・南福光変電所の連系設備,2024/12/13,昼間帯,順方向,300,300,0,0,0,0,300,熱容量,0,0,0,0,2024/11/20 16:59:38
月間,202411,策定,南福光連系所・南福光変電所の連系設備,2024/12/13,昼間帯,逆方向,-300,-300,0,0,0,0,-300,熱容量,0,0,0,0,2024/11/20 16:59:38
月間,202411,策定,南福光連系所・南福光変電所の連系設備,2024/12/13,夜間帯,順方向,300,300,0,0,0,0,300,熱容量,0,0,0,0,2024/11/20 16:59:38
月間,202411,策定,南福光連系所・南福光変電所の連系設備,2024/12/13,夜間帯,逆方向,-300,-300,0,0,0,0,-300,熱容量,0,0,0,0,2024/11/20 16:59:38
月間,202410,策定,南福光連系所・南福光変電所の連系設備,2024/12/14,昼間帯,順方向,300,300,0,0,0,0,300,熱容量,0,0,0,0,2024/10/18 17:01:29
月間,202410,策定,南福光連系所・南福光変電所の連系設備,2024/12/14,昼間帯,逆方向,-300,-300,0,0,0,0,-300,熱容量,0,0,0,0,2024/10/18 17:01:29
月間,202410,策定,南福光連系所・南福光変電所の連系設備,2024/12/14,夜間帯,順方向,300,300,0,0,0,0,300,熱容量,0,0,0,0,2024/10/18 17:01:29
月間,202410,策定,南福光連系所・南福光変電所の連系設備,2024/12/14,夜間帯,逆方向,-300,-300,0,0,0,0,-300,熱容量,0,0,0,0,2024/10/18 17:01:29
月間,202411,策定,南福光連系所・南福光変電所の連系設備,2024/12/14,昼間帯,順方向,300,300,0,0,0,0,300,熱容量,0,0,0,0,2024/11/20 16:59:38
月間,202411,策定,南福光連系所・南福光変電所の連系設備,2024/12/14,昼間帯,逆方向,-300,-300,0,0,0,0,-300,熱容量,0,0,0,0,2024/11/20 16:59:38
月間,202411,策定,南福光連系所・南福光変電所の連系設備,2024/12/14,夜間帯,順方向,300,300,0,0,0,0,300,熱容量,0,0,0,0,2024/11/20 16:59:38
月間,202411,策定,南福光連系所・南福光変電所の連系設備,2024/12/14,夜間帯,逆方向,-300,-300,0,0,0,0,-300,熱容量,0,0,0,0,2024/11/20 16:59:38
月間,202410,策定,南福光連系所・南福光変電所の連系設備,2024/12/15,昼間帯,順方向,300,300,0,0,0,0,300,熱容量,0,0,0,0,2024/10/18 17:01:29
月間,202410,策定,南福光連系所・南福光変電所の連系設備,2024/12/15,昼間帯,逆方向,-300,-300,0,0,0,0,-300,熱容量,0,0,0,0,2024/10/18 17:01:29
月間,202410,策定,南福光連系所・南福光変電所の連系設備,2024/12/15,夜間帯,順方向,300,300,0,0,0,0,300,熱容量,0,0,0,0,2024/10/18 17:01:29
月間,202410,策定,南福光連系所・南福光変電所の連系設備,2024/12/15,夜間帯,逆方向,-300,-300,0,0,0,0,-300,熱容量,0,0,0,0,2024/10/18 17:01:29
月間,202411,策定,南福光連系所・南福光変電所の連系設備,2024/12/15,昼間帯,順方向,300,300,0,0,0,0,300,熱容量,0,0,0,0,2024/11/20 16:59:38
月間,202411,策定,南福光連系所・南福光変電所の連系設備,2024/12/15,昼間帯,逆方向,-300,-300,0,0,0,0,-300,熱容量,0,0,0,0,2024/11/20 16:59:38
月間,202411,策定,南福光連系所・南福光変電所の連系設備,2024/12/15,夜間帯,順方向,300,300,0,0,0,0,300,熱容量,0,0,0,0,2024/11/20 16:59:38
月間,202411,策定,南福光連系所・南福光変電所の連系設備,2024/12/15,夜間帯,逆方向,-300,-300,0,0,0,0,-300,熱容量,0,0,0,0,2024/11/20 16:59:38
月間,202410,策定,南福光連系所・南福光変電所の連系設備,2024/12/16,昼間帯,順方向,300,300,0,0,0,0,300,熱容量,0,0,0,0,2024/10/18 17:01:29
月間,202410,策定,南福光連系所・南福光変電所の連系設備,2024/12/16,昼間帯,逆方向,-300,-300,0,0,0,0,-300,熱容量,0,0,0,0,2024/10/18 17:01:29
月間,202410,策定,南福光連系所・南福光変電所の連系設備,2024/12/16,夜間帯,順方向,300,300,0,0,0,0,300,熱容量,0,0,0,0,2024/10/18 17:01:29
月間,202410,策定,南福光連系所・南福光変電所の連系設備,2024/12/16,夜間帯,逆方向,-300,-300,0,0,0,0,-300,熱容量,0,0,0,0,2024/10/18 17:01:29
月間,202411,策定,南福光連系所・南福光変電所の連系設備,2024/12/16,昼間帯,順方向,300,300,0,0,0,0,300,熱容量,0,0,0,0,2024/11/20 16:59:38
月間,202411,策定,南福光連系所・南福光変電所の連系設備,2024/12/16,昼間帯,逆方向,-300,-300,0,0,0,0,-300,熱容量,0,0,0,0,2024/11/20 16:59:38
月間,202411,策定,南福光連系所・南福光変電所の連系設備,2024/12/16,夜間帯,順方向,300,300,0,0,0,0,300,熱容量,0,0,0,0,2024/11/20 16:59:38
月間,202411,策定,南福光連系所・南福光変電所の連系設備,2024/12/16,夜間帯,逆方向,-300,-300,0,0,0,0,-300,熱容量,0,0,0,0,2024/11/20 16:59:38
月間,202410,策定,南福光連系所・南福光変電所の連系設備,2024/12/17,昼間帯,順方向,300,300,0,0,0,0,300,熱容量,0,0,0,0,2024/10/18 17:01:29
月間,202410,策定,南福光連系所・南福光変電所の連系設備,2024/12/17,昼間帯,逆方向,-300,-300,0,0,0,0,-300,熱容量,0,0,0,0,2024/10/18 17:01:29
月間,202410,策定,南福光連系所・南福光変電所の連系設備,2024/12/17,夜間帯,順方向,300,300,0,0,0,0,300,熱容量,0,0,0,0,2024/10/18 17:01:29
月間,202410,策定,南福光連系所・南福光変電所の連系設備,2024/12/17,夜間帯,逆方向,-300,-300,0,0,0,0,-300,熱容量,0,0,0,0,2024/10/18 17:01:29
月間,202411,策定,南福光連系所・南福光変電所の連系設備,2024/12/17,昼間帯,順方向,300,300,0,0,0,0,300,熱容量,0,0,0,0,2024/11/20 16:59:38
月間,202411,策定,南福光連系所・南福光変電所の連系設備,2024/12/17,昼間帯,逆方向,-300,-300,0,0,0,0,-300,熱容量,0,0,0,0,2024/11/20 16:59:38
月間,202411,策定,南福光連系所・南福光変電所の連系設備,2024/12/17,夜間帯,順方向,300,300,0,0,0,0,300,熱容量,0,0,0,0,2024/11/20 16:59:38
月間,202411,策定,南福光連系所・南福光変電所の連系設備,2024/12/17,夜間帯,逆方向,-300,-300,0,0,0,0,-300,熱容量,0,0,0,0,2024/11/20 16:59:38
月間,202410,策定,南福光連系所・南福光変電所の連系設備,2024/12/18,昼間帯,順方向,300,300,0,0,0,0,300,熱容量,0,0,0,0,2024/10/18 17:01:29
月間,202410,策定,南福光連系所・南福光変電所の連系設備,2024/12/18,昼間帯,逆方向,-300,-300,0,0,0,0,-300,熱容量,0,0,0,0,2024/10/18 17:01:29
月間,202410,策定,南福光連系所・南福光変電所の連系設備,2024/12/18,夜間帯,順方向,300,300,0,0,0,0,300,熱容量,0,0,0,0,2024/10/18 17:01:29
月間,202410,策定,南福光連系所・南福光変電所の連系設備,2024/12/18,夜間帯,逆方向,-300,-300,0,0,0,0,-300,熱容量,0,0,0,0,2024/10/18 17:01:29
月間,202411,策定,南福光連系所・南福光変電所の連系設備,2024/12/18,昼間帯,順方向,300,300,0,0,0,0,300,熱容量,0,0,0,0,2024/11/20 16:59:38
月間,202411,策定,南福光連系所・南福光変電所の連系設備,2024/12/18,昼間帯,逆方向,-300,-300,0,0,0,0,-300,熱容量,0,0,0,0,2024/11/20 16:59:38
月間,202411,策定,南福光連系所・南福光変電所の連系設備,2024/12/18,夜間帯,順方向,300,300,0,0,0,0,300,熱容量,0,0,0,0,2024/11/20 16:59:38
月間,202411,策定,南福光連系所・南福光変電所の連系設備,2024/12/18,夜間帯,逆方向,-300,-300,0,0,0,0,-300,熱容量,0,0,0,0,2024/11/20 16:59:38
月間,202410,策定,南福光連系所・南福光変電所の連系設備,2024/12/19,昼間帯,順方向,300,300,0,0,0,0,300,熱容量,0,0,0,0,2024/10/18 17:01:29
月間,202410,策定,南福光連系所・南福光変電所の連系設備,2024/12/19,昼間帯,逆方向,-300,-300,0,0,0,0,-300,熱容量,0,0,0,0,2024/10/18 17:01:29
月間,202410,策定,南福光連系所・南福光変電所の連系設備,2024/12/19,夜間帯,順方向,300,300,0,0,0,0,300,熱容量,0,0,0,0,2024/10/18 17:01:29
月間,202410,策定,南福光連系所・南福光変電所の連系設備,2024/12/19,夜間帯,逆方向,-300,-300,0,0,0,0,-300,熱容量,0,0,0,0,2024/10/18 17:01:29
月間,202411,策定,南福光連系所・南福光変電所の連系設備,2024/12/19,昼間帯,順方向,300,300,0,0,0,0,300,熱容量,0,0,0,0,2024/11/20 16:59:38
月間,202411,策定,南福光連系所・南福光変電所の連系設備,2024/12/19,昼間帯,逆方向,-300,-300,0,0,0,0,-300,熱容量,0,0,0,0,2024/11/20 16:59:38
月間,202411,策定,南福光連系所・南福光変電所の連系設備,2024/12/19,夜間帯,順方向,300,300,0,0,0,0,300,熱容量,0,0,0,0,2024/11/20 16:59:38
月間,202411,策定,南福光連系所・南福光変電所の連系設備,2024/12/19,夜間帯,逆方向,-300,-300,0,0,0,0,-300,熱容量,0,0,0,0,2024/11/20 16:59:38
月間,202410,策定,南福光連系所・南福光変電所の連系設備,2024/12/20,昼間帯,順方向,300,300,0,0,0,0,300,熱容量,0,0,0,0,2024/10/18 17:01:29
月間,202410,策定,南福光連系所・南福光変電所の連系設備,2024/12/20,昼間帯,逆方向,-300,-300,0,0,0,0,-300,熱容量,0,0,0,0,2024/10/18 17:01:29
月間,202410,策定,南福光連系所・南福光変電所の連系設備,2024/12/20,夜間帯,順方向,300,300,0,0,0,0,300,熱容量,0,0,0,0,2024/10/18 17:01:29
月間,202410,策定,南福光連系所・南福光変電所の連系設備,2024/12/20,夜間帯,逆方向,-300,-300,0,0,0,0,-300,熱容量,0,0,0,0,2024/10/18 17:01:29
月間,202411,策定,南福光連系所・南福光変電所の連系設備,2024/12/20,昼間帯,順方向,300,300,0,0,0,0,300,熱容量,0,0,0,0,2024/11/20 16:59:38
月間,202411,策定,南福光連系所・南福光変電所の連系設備,2024/12/20,昼間帯,逆方向,-300,-300,0,0,0,0,-300,熱容量,0,0,0,0,2024/11/20 16:59:38
月間,202411,策定,南福光連系所・南福光変電所の連系設備,2024/12/20,夜間帯,順方向,300,300,0,0,0,0,300,熱容量,0,0,0,0,2024/11/20 16:59:38
月間,202411,策定,南福光連系所・南福光変電所の連系設備,2024/12/20,夜間帯,逆方向,-300,-300,0,0,0,0,-300,熱容量,0,0,0,0,2024/11/20 16:59:38
月間,202410,策定,南福光連系所・南福光変電所の連系設備,2024/12/21,昼間帯,順方向,300,300,0,0,0,0,300,熱容量,0,0,0,0,2024/10/18 17:01:29
月間,202410,策定,南福光連系所・南福光変電所の連系設備,2024/12/21,昼間帯,逆方向,-300,-300,0,0,0,0,-300,熱容量,0,0,0,0,2024/10/18 17:01:29
月間,202410,策定,南福光連系所・南福光変電所の連系設備,2024/12/21,夜間帯,順方向,300,300,0,0,0,0,300,熱容量,0,0,0,0,2024/10/18 17:01:29
月間,202410,策定,南福光連系所・南福光変電所の連系設備,2024/12/21,夜間帯,逆方向,-300,-300,0,0,0,0,-300,熱容量,0,0,0,0,2024/10/18 17:01:29
月間,202411,策定,南福光連系所・南福光変電所の連系設備,2024/12/21,昼間帯,順方向,300,300,0,0,0,0,300,熱容量,0,0,0,0,2024/11/20 16:59:38
月間,202411,策定,南福光連系所・南福光変電所の連系設備,2024/12/21,昼間帯,逆方向,-300,-300,0,0,0,0,-300,熱容量,0,0,0,0,2024/11/20 16:59:38
月間,202411,策定,南福光連系所・南福光変電所の連系設備,2024/12/21,夜間帯,順方向,300,300,0,0,0,0,300,熱容量,0,0,0,0,2024/11/20 16:59:38
月間,202411,策定,南福光連系所・南福光変電所の連系設備,2024/12/21,夜間帯,逆方向,-300,-300,0,0,0,0,-300,熱容量,0,0,0,0,2024/11/20 16:59:38
月間,202410,策定,南福光連系所・南福光変電所の連系設備,2024/12/22,昼間帯,順方向,300,300,0,0,0,0,300,熱容量,0,0,0,0,2024/10/18 17:01:29
月間,202410,策定,南福光連系所・南福光変電所の連系設備,2024/12/22,昼間帯,逆方向,-300,-300,0,0,0,0,-300,熱容量,0,0,0,0,2024/10/18 17:01:29
月間,202410,策定,南福光連系所・南福光変電所の連系設備,2024/12/22,夜間帯,順方向,300,300,0,0,0,0,300,熱容量,0,0,0,0,2024/10/18 17:01:29
月間,202410,策定,南福光連系所・南福光変電所の連系設備,2024/12/22,夜間帯,逆方向,-300,-300,0,0,0,0,-300,熱容量,0,0,0,0,2024/10/18 17:01:29
月間,202411,策定,南福光連系所・南福光変電所の連系設備,2024/12/22,昼間帯,順方向,300,300,0,0,0,0,300,熱容量,0,0,0,0,2024/11/20 16:59:38
月間,202411,策定,南福光連系所・南福光変電所の連系設備,2024/12/22,昼間帯,逆方向,-300,-300,0,0,0,0,-300,熱容量,0,0,0,0,2024/11/20 16:59:38
月間,202411,策定,南福光連系所・南福光変電所の連系設備,2024/12/22,夜間帯,順方向,300,300,0,0,0,0,300,熱容量,0,0,0,0,2024/11/20 16:59:38
月間,202411,策定,南福光連系所・南福光変電所の連系設備,2024/12/22,夜間帯,逆方向,-300,-300,0,0,0,0,-300,熱容量,0,0,0,0,2024/11/20 16:59:38
月間,202410,策定,南福光連系所・南福光変電所の連系設備,2024/12/23,昼間帯,順方向,300,300,0,0,0,0,300,熱容量,0,0,0,0,2024/10/18 17:01:29
月間,202410,策定,南福光連系所・南福光変電所の連系設備,2024/12/23,昼間帯,逆方向,-300,-300,0,0,0,0,-300,熱容量,0,0,0,0,2024/10/18 17:01:29
月間,202410,策定,南福光連系所・南福光変電所の連系設備,2024/12/23,夜間帯,順方向,300,300,0,0,0,0,300,熱容量,0,0,0,0,2024/10/18 17:01:29
月間,202410,策定,南福光連系所・南福光変電所の連系設備,2024/12/23,夜間帯,逆方向,-300,-300,0,0,0,0,-300,熱容量,0,0,0,0,2024/10/18 17:01:29
月間,202411,策定,南福光連系所・南福光変電所の連系設備,2024/12/23,昼間帯,順方向,300,300,0,0,0,0,300,熱容量,0,0,0,0,2024/11/20 16:59:38
月間,202411,策定,南福光連系所・南福光変電所の連系設備,2024/12/23,昼間帯,逆方向,-300,-300,0,0,0,0,-300,熱容量,0,0,0,0,2024/11/20 16:59:38
月間,202411,策定,南福光連系所・南福光変電所の連系設備,2024/12/23,夜間帯,順方向,300,300,0,0,0,0,300,熱容量,0,0,0,0,2024/11/20 16:59:38
月間,202411,策定,南福光連系所・南福光変電所の連系設備,2024/12/23,夜間帯,逆方向,-300,-300,0,0,0,0,-300,熱容量,0,0,0,0,2024/11/20 16:59:38
月間,202410,策定,南福光連系所・南福光変電所の連系設備,2024/12/24,昼間帯,順方向,300,300,0,0,0,0,300,熱容量,0,0,0,0,2024/10/18 17:01:29
月間,202410,策定,南福光連系所・南福光変電所の連系設備,2024/12/24,昼間帯,逆方向,-300,-300,0,0,0,0,-300,熱容量,0,0,0,0,2024/10/18 17:01:29
月間,202410,策定,南福光連系所・南福光変電所の連系設備,2024/12/24,夜間帯,順方向,300,300,0,0,0,0,300,熱容量,0,0,0,0,2024/10/18 17:01:29
月間,202410,策定,南福光連系所・南福光変電所の連系設備,2024/12/24,夜間帯,逆方向,-300,-300,0,0,0,0,-300,熱容量,0,0,0,0,2024/10/18 17:01:29
月間,202411,策定,南福光連系所・南福光変電所の連系設備,2024/12/24,昼間帯,順方向,300,300,0,0,0,0,300,熱容量,0,0,0,0,2024/11/20 16:59:38
月間,202411,策定,南福光連系所・南福光変電所の連系設備,2024/12/24,昼間帯,逆方向,-300,-300,0,0,0,0,-300,熱容量,0,0,0,0,2024/11/20 16:59:38
月間,202411,策定,南福光連系所・南福光変電所の連系設備,2024/12/24,夜間帯,順方向,300,300,0,0,0,0,300,熱容量,0,0,0,0,2024/11/20 16:59:38
月間,202411,策定,南福光連系所・南福光変電所の連系設備,2024/12/24,夜間帯,逆方向,-300,-300,0,0,0,0,-300,熱容量,0,0,0,0,2024/11/20 16:59:38
月間,202410,策定,南福光連系所・南福光変電所の連系設備,2024/12/25,昼間帯,順方向,300,300,0,0,0,0,300,熱容量,0,0,0,0,2024/10/18 17:01:29
月間,202410,策定,南福光連系所・南福光変電所の連系設備,2024/12/25,昼間帯,逆方向,-300,-300,0,0,0,0,-300,熱容量,0,0,0,0,2024/10/18 17:01:29
月間,202410,策定,南福光連系所・南福光変電所の連系設備,2024/12/25,夜間帯,順方向,300,300,0,0,0,0,300,熱容量,0,0,0,0,2024/10/18 17:01:29
月間,202410,策定,南福光連系所・南福光変電所の連系設備,2024/12/25,夜間帯,逆方向,-300,-300,0,0,0,0,-300,熱容量,0,0,0,0,2024/10/18 17:01:29
月間,202411,策定,南福光連系所・南福光変電所の連系設備,2024/12/25,昼間帯,順方向,300,300,0,0,0,0,300,熱容量,0,0,0,0,2024/11/20 16:59:38
月間,202411,策定,南福光連系所・南福光変電所の連系設備,2024/12/25,昼間帯,逆方向,-300,-300,0,0,0,0,-300,熱容量,0,0,0,0,2024/11/20 16:59:38
月間,202411,策定,南福光連系所・南福光変電所の連系設備,2024/12/25,夜間帯,順方向,300,300,0,0,0,0,300,熱容量,0,0,0,0,2024/11/20 16:59:38
月間,202411,策定,南福光連系所・南福光変電所の連系設備,2024/12/25,夜間帯,逆方向,-300,-300,0,0,0,0,-300,熱容量,0,0,0,0,2024/11/20 16:59:38
月間,202410,策定,南福光連系所・南福光変電所の連系設備,2024/12/26,昼間帯,順方向,300,300,0,0,0,0,300,熱容量,0,0,0,0,2024/10/18 17:01:29
月間,202410,策定,南福光連系所・南福光変電所の連系設備,2024/12/26,昼間帯,逆方向,-300,-300,0,0,0,0,-300,熱容量,0,0,0,0,2024/10/18 17:01:29
月間,202410,策定,南福光連系所・南福光変電所の連系設備,2024/12/26,夜間帯,順方向,300,300,0,0,0,0,300,熱容量,0,0,0,0,2024/10/18 17:01:29
月間,202410,策定,南福光連系所・南福光変電所の連系設備,2024/12/26,夜間帯,逆方向,-300,-300,0,0,0,0,-300,熱容量,0,0,0,0,2024/10/18 17:01:29
月間,202411,策定,南福光連系所・南福光変電所の連系設備,2024/12/26,昼間帯,順方向,300,300,0,0,0,0,300,熱容量,0,0,0,0,2024/11/20 16:59:38
月間,202411,策定,南福光連系所・南福光変電所の連系設備,2024/12/26,昼間帯,逆方向,-300,-300,0,0,0,0,-300,熱容量,0,0,0,0,2024/11/20 16:59:38
月間,202411,策定,南福光連系所・南福光変電所の連系設備,2024/12/26,夜間帯,順方向,300,300,0,0,0,0,300,熱容量,0,0,0,0,2024/11/20 16:59:38
月間,202411,策定,南福光連系所・南福光変電所の連系設備,2024/12/26,夜間帯,逆方向,-300,-300,0,0,0,0,-300,熱容量,0,0,0,0,2024/11/20 16:59:38
月間,202410,策定,南福光連系所・南福光変電所の連系設備,2024/12/27,昼間帯,順方向,300,300,0,0,0,0,300,熱容量,0,0,0,0,2024/10/18 17:01:29
月間,202410,策定,南福光連系所・南福光変電所の連系設備,2024/12/27,昼間帯,逆方向,-300,-300,0,0,0,0,-300,熱容量,0,0,0,0,2024/10/18 17:01:29
月間,202410,策定,南福光連系所・南福光変電所の連系設備,2024/12/27,夜間帯,順方向,300,300,0,0,0,0,300,熱容量,0,0,0,0,2024/10/18 17:01:29
月間,202410,策定,南福光連系所・南福光変電所の連系設備,2024/12/27,夜間帯,逆方向,-300,-300,0,0,0,0,-300,熱容量,0,0,0,0,2024/10/18 17:01:29
月間,202411,策定,南福光連系所・南福光変電所の連系設備,2024/12/27,昼間帯,順方向,300,300,0,0,0,0,300,熱容量,0,0,0,0,2024/11/20 16:59:38
月間,202411,策定,南福光連系所・南福光変電所の連系設備,2024/12/27,昼間帯,逆方向,-300,-300,0,0,0,0,-300,熱容量,0,0,0,0,2024/11/20 16:59:38
月間,202411,策定,南福光連系所・南福光変電所の連系設備,2024/12/27,夜間帯,順方向,300,300,0,0,0,0,300,熱容量,0,0,0,0,2024/11/20 16:59:38
月間,202411,策定,南福光連系所・南福光変電所の連系設備,2024/12/27,夜間帯,逆方向,-300,-300,0,0,0,0,-300,熱容量,0,0,0,0,2024/11/20 16:59:38
月間,202410,策定,南福光連系所・南福光変電所の連系設備,2024/12/28,昼間帯,順方向,300,300,0,0,0,0,300,熱容量,0,0,0,0,2024/10/18 17:01:29
月間,202410,策定,南福光連系所・南福光変電所の連系設備,2024/12/28,昼間帯,逆方向,-300,-300,0,0,0,0,-300,熱容量,0,0,0,0,2024/10/18 17:01:29
月間,202410,策定,南福光連系所・南福光変電所の連系設備,2024/12/28,夜間帯,順方向,300,300,0,0,0,0,300,熱容量,0,0,0,0,2024/10/18 17:01:29
月間,202410,策定,南福光連系所・南福光変電所の連系設備,2024/12/28,夜間帯,逆方向,-300,-300,0,0,0,0,-300,熱容量,0,0,0,0,2024/10/18 17:01:29
月間,202411,策定,南福光連系所・南福光変電所の連系設備,2024/12/28,昼間帯,順方向,300,300,0,0,0,0,300,熱容量,0,0,0,0,2024/11/20 16:59:38
月間,202411,策定,南福光連系所・南福光変電所の連系設備,2024/12/28,昼間帯,逆方向,-300,-300,0,0,0,0,-300,熱容量,0,0,0,0,2024/11/20 16:59:38
月間,202411,策定,南福光連系所・南福光変電所の連系設備,2024/12/28,夜間帯,順方向,300,300,0,0,0,0,300,熱容量,0,0,0,0,2024/11/20 16:59:38
月間,202411,策定,南福光連系所・南福光変電所の連系設備,2024/12/28,夜間帯,逆方向,-300,-300,0,0,0,0,-300,熱容量,0,0,0,0,2024/11/20 16:59:38
月間,202410,策定,南福光連系所・南福光変電所の連系設備,2024/12/29,昼間帯,順方向,300,300,0,0,0,0,300,熱容量,0,0,0,0,2024/10/18 17:01:29
月間,202410,策定,南福光連系所・南福光変電所の連系設備,2024/12/29,昼間帯,逆方向,-300,-300,0,0,0,0,-300,熱容量,0,0,0,0,2024/10/18 17:01:29
月間,202410,策定,南福光連系所・南福光変電所の連系設備,2024/12/29,夜間帯,順方向,300,300,0,0,0,0,300,熱容量,0,0,0,0,2024/10/18 17:01:29
月間,202410,策定,南福光連系所・南福光変電所の連系設備,2024/12/29,夜間帯,逆方向,-300,-300,0,0,0,0,-300,熱容量,0,0,0,0,2024/10/18 17:01:29
月間,202411,策定,南福光連系所・南福光変電所の連系設備,2024/12/29,昼間帯,順方向,300,300,0,0,0,0,300,熱容量,0,0,0,0,2024/11/20 16:59:38
月間,202411,策定,南福光連系所・南福光変電所の連系設備,2024/12/29,昼間帯,逆方向,-300,-300,0,0,0,0,-300,熱容量,0,0,0,0,2024/11/20 16:59:38
月間,202411,策定,南福光連系所・南福光変電所の連系設備,2024/12/29,夜間帯,順方向,300,300,0,0,0,0,300,熱容量,0,0,0,0,2024/11/20 16:59:38
月間,202411,策定,南福光連系所・南福光変電所の連系設備,2024/12/29,夜間帯,逆方向,-300,-300,0,0,0,0,-300,熱容量,0,0,0,0,2024/11/20 16:59:38
月間,202410,策定,南福光連系所・南福光変電所の連系設備,2024/12/30,昼間帯,順方向,300,300,0,0,0,0,300,熱容量,0,0,0,0,2024/10/18 17:01:29
月間,202410,策定,南福光連系所・南福光変電所の連系設備,2024/12/30,昼間帯,逆方向,-300,-300,0,0,0,0,-300,熱容量,0,0,0,0,2024/10/18 17:01:29
月間,202410,策定,南福光連系所・南福光変電所の連系設備,2024/12/30,夜間帯,順方向,300,300,0,0,0,0,300,熱容量,0,0,0,0,2024/10/18 17:01:29
月間,202410,策定,南福光連系所・南福光変電所の連系設備,2024/12/30,夜間帯,逆方向,-300,-300,0,0,0,0,-300,熱容量,0,0,0,0,2024/10/18 17:01:29
月間,202411,策定,南福光連系所・南福光変電所の連系設備,2024/12/30,昼間帯,順方向,300,300,0,0,0,0,300,熱容量,0,0,0,0,2024/11/20 16:59:38
月間,202411,策定,南福光連系所・南福光変電所の連系設備,2024/12/30,昼間帯,逆方向,-300,-300,0,0,0,0,-300,熱容量,0,0,0,0,2024/11/20 16:59:38
月間,202411,策定,南福光連系所・南福光変電所の連系設備,2024/12/30,夜間帯,順方向,300,300,0,0,0,0,300,熱容量,0,0,0,0,2024/11/20 16:59:38
月間,202411,策定,南福光連系所・南福光変電所の連系設備,2024/12/30,夜間帯,逆方向,-300,-300,0,0,0,0,-300,熱容量,0,0,0,0,2024/11/20 16:59:38
月間,202410,策定,南福光連系所・南福光変電所の連系設備,2024/12/31,昼間帯,順方向,300,300,0,0,0,0,300,熱容量,0,0,0,0,2024/10/18 17:01:29
月間,202410,策定,南福光連系所・南福光変電所の連系設備,2024/12/31,昼間帯,逆方向,-300,-300,0,0,0,0,-300,熱容量,0,0,0,0,2024/10/18 17:01:29
月間,202410,策定,南福光連系所・南福光変電所の連系設備,2024/12/31,夜間帯,順方向,300,300,0,0,0,0,300,熱容量,0,0,0,0,2024/10/18 17:01:29
月間,202410,策定,南福光連系所・南福光変電所の連系設備,2024/12/31,夜間帯,逆方向,-300,-300,0,0,0,0,-300,熱容量,0,0,0,0,2024/10/18 17:01:29
月間,202411,策定,南福光連系所・南福光変電所の連系設備,2024/12/31,昼間帯,順方向,300,300,0,0,0,0,300,熱容量,0,0,0,0,2024/11/20 16:59:38
月間,202411,策定,南福光連系所・南福光変電所の連系設備,2024/12/31,昼間帯,逆方向,-300,-300,0,0,0,0,-300,熱容量,0,0,0,0,2024/11/20 16:59:38
月間,202411,策定,南福光連系所・南福光変電所の連系設備,2024/12/31,夜間帯,順方向,300,300,0,0,0,0,300,熱容量,0,0,0,0,2024/11/20 16:59:38
月間,202411,策定,南福光連系所・南福光変電所の連系設備,2024/12/31,夜間帯,逆方向,-300,-300,0,0,0,0,-300,熱容量,0,0,0,0,2024/11/20 16:59:38
月間,202409,策定,越前嶺南線,2024/11/01,昼間帯,順方向,1900,1900,0,0,0,0,1900,安定度,0,0,0,0,2024/09/20 17:01:43
月間,202409,策定,越前嶺南線,2024/11/01,昼間帯,逆方向,-1300,-1300,0,0,0,0,-1300,周波数,0,0,0,0,2024/09/20 17:01:43
月間,202409,策定,越前嶺南線,2024/11/01,夜間帯,順方向,1900,1900,0,0,0,0,1900,安定度,0,0,0,0,2024/09/20 17:01:43
月間,202409,策定,越前嶺南線,2024/11/01,夜間帯,逆方向,-700,-700,0,0,0,0,-700,周波数,0,0,0,0,2024/09/20 17:01:43
月間,202409,策定,越前嶺南線,2024/11/02,昼間帯,順方向,1490,1490,0,0,0,0,1490,周波数,0,0,0,0,2024/09/20 17:01:43
月間,202409,策定,越前嶺南線,2024/11/02,昼間帯,逆方向,-700,-700,0,0,0,0,-700,周波数,0,0,0,0,2024/09/20 17:01:43
月間,202409,策定,越前嶺南線,2024/11/02,夜間帯,順方向,1900,1900,0,0,0,0,1900,安定度,0,0,0,0,2024/09/20 17:01:43
月間,202409,策定,越前嶺南線,2024/11/02,夜間帯,逆方向,-700,-700,0,0,0,0,-700,周波数,0,0,0,0,2024/09/20 17:01:43
月間,202410,策定,越前嶺南線,2024/11/02,昼間帯,順方向,1490,1490,0,0,0,0,1490,周波数,0,0,0,0,2024/10/18 17:01:29
月間,202410,策定,越前嶺南線,2024/11/02,昼間帯,逆方向,-700,-700,0,0,0,0,-700,周波数,0,0,0,0,2024/10/18 17:01:29
月間,202410,策定,越前嶺南線,2024/11/02,夜間帯,順方向,1900,1900,0,0,0,0,1900,安定度,0,0,0,0,2024/10/18 17:01:29
月間,202410,策定,越前嶺南線,2024/11/02,夜間帯,逆方向,-700,-700,0,0,0,0,-700,周波数,0,0,0,0,2024/10/18 17:01:29
月間,202409,策定,越前嶺南線,2024/11/03,昼間帯,順方向,1490,1490,0,0,0,0,1490,周波数,0,0,0,0,2024/09/20 17:01:43
月間,202409,策定,越前嶺南線,2024/11/03,昼間帯,逆方向,-700,-700,0,0,0,0,-700,周波数,0,0,0,0,2024/09/20 17:01:43
月間,202409,策定,越前嶺南線,2024/11/03,夜間帯,順方向,1900,1900,0,0,0,0,1900,安定度,0,0,0,0,2024/09/20 17:01:43
月間,202409,策定,越前嶺南線,2024/11/03,夜間帯,逆方向,-700,-700,0,0,0,0,-700,周波数,0,0,0,0,2024/09/20 17:01:43
月間,202410,策定,越前嶺南線,2024/11/03,昼間帯,順方向,1490,1490,0,0,0,0,1490,周波数,0,0,0,0,2024/10/18 17:01:29
月間,202410,策定,越前嶺南線,2024/11/03,昼間帯,逆方向,-700,-700,0,0,0,0,-700,周波数,0,0,0,0,2024/10/18 17:01:29
月間,202410,策定,越前嶺南線,2024/11/03,夜間帯,順方向,1900,1900,0,0,0,0,1900,安定度,0,0,0,0,2024/10/18 17:01:29
月間,202410,策定,越前嶺南線,2024/11/03,夜間帯,逆方向,-700,-700,0,0,0,0,-700,周波数,0,0,0,0,2024/10/18 17:01:29
月間,202409,策定,越前嶺南線,2024/11/04,昼間帯,順方向,1490,1490,0,0,0,0,1490,周波数,0,0,0,0,2024/09/20 17:01:43
月間,202409,策定,越前嶺南線,2024/11/04,昼間帯,逆方向,-700,-700,0,0,0,0,-700,周波数,0,0,0,0,2024/09/20 17:01:43
月間,202409,策定,越前嶺南線,2024/11/04,夜間帯,順方向,1900,1900,0,0,0,0,1900,安定度,0,0,0,0,2024/09/20 17:01:43
月間,202409,策定,越前嶺南線,2024/11/04,夜間帯,逆方向,-700,-700,0,0,0,0,-700,周波数,0,0,0,0,2024/09/20 17:01:43
月間,202410,策定,越前嶺南線,2024/11/04,昼間帯,順方向,1490,1490,0,0,0,0,1490,周波数,0,0,0,0,2024/10/18 17:01:29
月間,202410,策定,越前嶺南線,2024/11/04,昼間帯,逆方向,-700,-700,0,0,0,0,-700,周波数,0,0,0,0,2024/10/18 17:01:29
月間,202410,策定,越前嶺南線,2024/11/04,夜間帯,順方向,1900,1900,0,0,0,0,1900,安定度,0,0,0,0,2024/10/18 17:01:29
月間,202410,策定,越前嶺南線,2024/11/04,夜間帯,逆方向,-700,-700,0,0,0,0,-700,周波数,0,0,0,0,2024/10/18 17:01:29
月間,202409,策定,越前嶺南線,2024/11/05,昼間帯,順方向,1900,1900,0,0,0,0,1900,安定度,0,0,0,0,2024/09/20 17:01:43
月間,202409,策定,越前嶺南線,2024/11/05,昼間帯,逆方向,-1300,-1300,0,0,0,0,-1300,周波数,0,0,0,0,2024/09/20 17:01:43
月間,202409,策定,越前嶺南線,2024/11/05,夜間帯,順方向,1900,1900,0,0,0,0,1900,安定度,0,0,0,0,2024/09/20 17:01:43
月間,202409,策定,越前嶺南線,2024/11/05,夜間帯,逆方向,-700,-700,0,0,0,0,-700,周波数,0,0,0,0,2024/09/20 17:01:43
月間,202410,策定,越前嶺南線,2024/11/05,昼間帯,順方向,1900,1900,0,0,0,0,1900,安定度,0,0,0,0,2024/10/18 17:01:29
月間,202410,策定,越前嶺南線,2024/11/05,昼間帯,逆方向,-1300,-1300,0,0,0,0,-1300,周波数,0,0,0,0,2024/10/18 17:01:29
月間,202410,策定,越前嶺南線,2024/11/05,夜間帯,順方向,1900,1900,0,0,0,0,1900,安定度,0,0,0,0,2024/10/18 17:01:29
月間,202410,策定,越前嶺南線,2024/11/05,夜間帯,逆方向,-700,-700,0,0,0,0,-700,周波数,0,0,0,0,2024/10/18 17:01:29
月間,202409,策定,越前嶺南線,2024/11/06,昼間帯,順方向,1900,1900,0,0,0,0,1900,安定度,0,0,0,0,2024/09/20 17:01:43
月間,202409,策定,越前嶺南線,2024/11/06,昼間帯,逆方向,-1300,-1300,0,0,0,0,-1300,周波数,0,0,0,0,2024/09/20 17:01:43
月間,202409,策定,越前嶺南線,2024/11/06,夜間帯,順方向,1900,1900,0,0,0,0,1900,安定度,0,0,0,0,2024/09/20 17:01:43
月間,202409,策定,越前嶺南線,2024/11/06,夜間帯,逆方向,-700,-700,0,0,0,0,-700,周波数,0,0,0,0,2024/09/20 17:01:43
月間,202410,策定,越前嶺南線,2024/11/06,昼間帯,順方向,1900,1900,0,0,0,0,1900,安定度,0,0,0,0,2024/10/18 17:01:29
月間,202410,策定,越前嶺南線,2024/11/06,昼間帯,逆方向,-1300,-1300,0,0,0,0,-1300,周波数,0,0,0,0,2024/10/18 17:01:29
月間,202410,策定,越前嶺南線,2024/11/06,夜間帯,順方向,1900,1900,0,0,0,0,1900,安定度,0,0,0,0,2024/10/18 17:01:29
月間,202410,策定,越前嶺南線,2024/11/06,夜間帯,逆方向,-700,-700,0,0,0,0,-700,周波数,0,0,0,0,2024/10/18 17:01:29
月間,202409,策定,越前嶺南線,2024/11/07,昼間帯,順方向,1900,1900,0,0,0,0,1900,安定度,0,0,0,0,2024/09/20 17:01:43
月間,202409,策定,越前嶺南線,2024/11/07,昼間帯,逆方向,-1300,-1300,0,0,0,0,-1300,周波数,0,0,0,0,2024/09/20 17:01:43
月間,202409,策定,越前嶺南線,2024/11/07,夜間帯,順方向,1900,1900,0,0,0,0,1900,安定度,0,0,0,0,2024/09/20 17:01:43
月間,202409,策定,越前嶺南線,2024/11/07,夜間帯,逆方向,-700,-700,0,0,0,0,-700,周波数,0,0,0,0,2024/09/20 17:01:43
月間,202410,策定,越前嶺南線,2024/11/07,昼間帯,順方向,1900,1900,0,0,0,0,1900,安定度,0,0,0,0,2024/10/18 17:01:29
月間,202410,策定,越前嶺南線,2024/11/07,昼間帯,逆方向,-1300,-1300,0,0,0,0,-1300,周波数,0,0,0,0,2024/10/18 17:01:29
月間,202410,策定,越前嶺南線,2024/11/07,夜間帯,順方向,1900,1900,0,0,0,0,1900,安定度,0,0,0,0,2024/10/18 17:01:29
月間,202410,策定,越前嶺南線,2024/11/07,夜間帯,逆方向,-700,-700,0,0,0,0,-700,周波数,0,0,0,0,2024/10/18 17:01:29
月間,202409,策定,越前嶺南線,2024/11/08,昼間帯,順方向,1900,1900,0,0,0,0,1900,安定度,0,0,0,0,2024/09/20 17:01:43
月間,202409,策定,越前嶺南線,2024/11/08,昼間帯,逆方向,-1300,-1300,0,0,0,0,-1300,周波数,0,0,0,0,2024/09/20 17:01:43
月間,202409,策定,越前嶺南線,2024/11/08,夜間帯,順方向,1900,1900,0,0,0,0,1900,安定度,0,0,0,0,2024/09/20 17:01:43
月間,202409,策定,越前嶺南線,2024/11/08,夜間帯,逆方向,-700,-700,0,0,0,0,-700,周波数,0,0,0,0,2024/09/20 17:01:43
月間,202410,策定,越前嶺南線,2024/11/08,昼間帯,順方向,1900,1900,0,0,0,0,1900,安定度,0,0,0,0,2024/10/18 17:01:29
月間,202410,策定,越前嶺南線,2024/11/08,昼間帯,逆方向,-1300,-1300,0,0,0,0,-1300,周波数,0,0,0,0,2024/10/18 17:01:29
月間,202410,策定,越前嶺南線,2024/11/08,夜間帯,順方向,1900,1900,0,0,0,0,1900,安定度,0,0,0,0,2024/10/18 17:01:29
月間,202410,策定,越前嶺南線,2024/11/08,夜間帯,逆方向,-700,-700,0,0,0,0,-700,周波数,0,0,0,0,2024/10/18 17:01:29
月間,202409,策定,越前嶺南線,2024/11/09,昼間帯,順方向,1490,1490,0,0,0,0,1490,周波数,0,0,0,0,2024/09/20 17:01:43
月間,202409,策定,越前嶺南線,2024/11/09,昼間帯,逆方向,-700,-700,0,0,0,0,-700,周波数,0,0,0,0,2024/09/20 17:01:43
月間,202409,策定,越前嶺南線,2024/11/09,夜間帯,順方向,1900,1900,0,0,0,0,1900,安定度,0,0,0,0,2024/09/20 17:01:43
月間,202409,策定,越前嶺南線,2024/11/09,夜間帯,逆方向,-700,-700,0,0,0,0,-700,周波数,0,0,0,0,2024/09/20 17:01:43
月間,202410,策定,越前嶺南線,2024/11/09,昼間帯,順方向,1490,1490,0,0,0,0,1490,周波数,0,0,0,0,2024/10/18 17:01:29
月間,202410,策定,越前嶺南線,2024/11/09,昼間帯,逆方向,-700,-700,0,0,0,0,-700,周波数,0,0,0,0,2024/10/18 17:01:29
月間,202410,策定,越前嶺南線,2024/11/09,夜間帯,順方向,1900,1900,0,0,0,0,1900,安定度,0,0,0,0,2024/10/18 17:01:29
月間,202410,策定,越前嶺南線,2024/11/09,夜間帯,逆方向,-700,-700,0,0,0,0,-700,周波数,0,0,0,0,2024/10/18 17:01:29
月間,202409,策定,越前嶺南線,2024/11/10,昼間帯,順方向,1490,1490,0,0,0,0,1490,周波数,0,0,0,0,2024/09/20 17:01:43
月間,202409,策定,越前嶺南線,2024/11/10,昼間帯,逆方向,-700,-700,0,0,0,0,-700,周波数,0,0,0,0,2024/09/20 17:01:43
月間,202409,策定,越前嶺南線,2024/11/10,夜間帯,順方向,1900,1900,0,0,0,0,1900,安定度,0,0,0,0,2024/09/20 17:01:43
月間,202409,策定,越前嶺南線,2024/11/10,夜間帯,逆方向,-700,-700,0,0,0,0,-700,周波数,0,0,0,0,2024/09/20 17:01:43
月間,202410,策定,越前嶺南線,2024/11/10,昼間帯,順方向,1490,1490,0,0,0,0,1490,周波数,0,0,0,0,2024/10/18 17:01:29
月間,202410,策定,越前嶺南線,2024/11/10,昼間帯,逆方向,-700,-700,0,0,0,0,-700,周波数,0,0,0,0,2024/10/18 17:01:29
月間,202410,策定,越前嶺南線,2024/11/10,夜間帯,順方向,1900,1900,0,0,0,0,1900,安定度,0,0,0,0,2024/10/18 17:01:29
月間,202410,策定,越前嶺南線,2024/11/10,夜間帯,逆方向,-700,-700,0,0,0,0,-700,周波数,0,0,0,0,2024/10/18 17:01:29
月間,202409,策定,越前嶺南線,2024/11/11,昼間帯,順方向,1900,1900,0,0,0,0,1900,安定度,0,0,0,0,2024/09/20 17:01:43
月間,202409,策定,越前嶺南線,2024/11/11,昼間帯,逆方向,-1300,-1300,0,0,0,0,-1300,周波数,0,0,0,0,2024/09/20 17:01:43
月間,202409,策定,越前嶺南線,2024/11/11,夜間帯,順方向,1900,1900,0,0,0,0,1900,安定度,0,0,0,0,2024/09/20 17:01:43
月間,202409,策定,越前嶺南線,2024/11/11,夜間帯,逆方向,-700,-700,0,0,0,0,-700,周波数,0,0,0,0,2024/09/20 17:01:43
月間,202410,策定,越前嶺南線,2024/11/11,昼間帯,順方向,1900,1900,0,0,0,0,1900,安定度,0,0,0,0,2024/10/18 17:01:29
月間,202410,策定,越前嶺南線,2024/11/11,昼間帯,逆方向,-1300,-1300,0,0,0,0,-1300,周波数,0,0,0,0,2024/10/18 17:01:29
月間,202410,策定,越前嶺南線,2024/11/11,夜間帯,順方向,1900,1900,0,0,0,0,1900,安定度,0,0,0,0,2024/10/18 17:01:29
月間,202410,策定,越前嶺南線,2024/11/11,夜間帯,逆方向,-700,-700,0,0,0,0,-700,周波数,0,0,0,0,2024/10/18 17:01:29
月間,202409,策定,越前嶺南線,2024/11/12,昼間帯,順方向,1900,1900,0,0,0,0,1900,安定度,0,0,0,0,2024/09/20 17:01:43
月間,202409,策定,越前嶺南線,2024/11/12,昼間帯,逆方向,-1300,-1300,0,0,0,0,-1300,周波数,0,0,0,0,2024/09/20 17:01:43
月間,202409,策定,越前嶺南線,2024/11/12,夜間帯,順方向,1900,1900,0,0,0,0,1900,安定度,0,0,0,0,2024/09/20 17:01:43
月間,202409,策定,越前嶺南線,2024/11/12,夜間帯,逆方向,-700,-700,0,0,0,0,-700,周波数,0,0,0,0,2024/09/20 17:01:43
月間,202410,策定,越前嶺南線,2024/11/12,昼間帯,順方向,1900,1900,0,0,0,0,1900,安定度,0,0,0,0,2024/10/18 17:01:29
月間,202410,策定,越前嶺南線,2024/11/12,昼間帯,逆方向,-1300,-1300,0,0,0,0,-1300,周波数,0,0,0,0,2024/10/18 17:01:29
月間,202410,策定,越前嶺南線,2024/11/12,夜間帯,順方向,1900,1900,0,0,0,0,1900,安定度,0,0,0,0,2024/10/18 17:01:29
月間,202410,策定,越前嶺南線,2024/11/12,夜間帯,逆方向,-700,-700,0,0,0,0,-700,周波数,0,0,0,0,2024/10/18 17:01:29
月間,202409,策定,越前嶺南線,2024/11/13,昼間帯,順方向,1900,1900,0,0,0,0,1900,安定度,0,0,0,0,2024/09/20 17:01:43
月間,202409,策定,越前嶺南線,2024/11/13,昼間帯,逆方向,-1300,-1300,0,0,0,0,-1300,周波数,0,0,0,0,2024/09/20 17:01:43
月間,202409,策定,越前嶺南線,2024/11/13,夜間帯,順方向,1900,1900,0,0,0,0,1900,安定度,0,0,0,0,2024/09/20 17:01:43
月間,202409,策定,越前嶺南線,2024/11/13,夜間帯,逆方向,-700,-700,0,0,0,0,-700,周波数,0,0,0,0,2024/09/20 17:01:43
月間,202410,策定,越前嶺南線,2024/11/13,昼間帯,順方向,1900,1900,0,0,0,0,1900,安定度,0,0,0,0,2024/10/18 17:01:29
月間,202410,策定,越前嶺南線,2024/11/13,昼間帯,逆方向,-1300,-1300,0,0,0,0,-1300,周波数,0,0,0,0,2024/10/18 17:01:29
月間,202410,策定,越前嶺南線,2024/11/13,夜間帯,順方向,1900,1900,0,0,0,0,1900,安定度,0,0,0,0,2024/10/18 17:01:29
月間,202410,策定,越前嶺南線,2024/11/13,夜間帯,逆方向,-700,-700,0,0,0,0,-700,周波数,0,0,0,0,2024/10/18 17:01:29
月間,202409,策定,越前嶺南線,2024/11/14,昼間帯,順方向,1900,1900,0,0,0,0,1900,安定度,0,0,0,0,2024/09/20 17:01:43
月間,202409,策定,越前嶺南線,2024/11/14,昼間帯,逆方向,-1300,-1300,0,0,0,0,-1300,周波数,0,0,0,0,2024/09/20 17:01:43
月間,202409,策定,越前嶺南線,2024/11/14,夜間帯,順方向,1900,1900,0,0,0,0,1900,安定度,0,0,0,0,2024/09/20 17:01:43
月間,202409,策定,越前嶺南線,2024/11/14,夜間帯,逆方向,-700,-700,0,0,0,0,-700,周波数,0,0,0,0,2024/09/20 17:01:43
月間,202410,策定,越前嶺南線,2024/11/14,昼間帯,順方向,1900,1900,0,0,0,0,1900,安定度,0,0,0,0,2024/10/18 17:01:29
月間,202410,策定,越前嶺南線,2024/11/14,昼間帯,逆方向,-1300,-1300,0,0,0,0,-1300,周波数,0,0,0,0,2024/10/18 17:01:29
月間,202410,策定,越前嶺南線,2024/11/14,夜間帯,順方向,1900,1900,0,0,0,0,1900,安定度,0,0,0,0,2024/10/18 17:01:29
月間,202410,策定,越前嶺南線,2024/11/14,夜間帯,逆方向,-700,-700,0,0,0,0,-700,周波数,0,0,0,0,2024/10/18 17:01:29
月間,202409,策定,越前嶺南線,2024/11/15,昼間帯,順方向,1900,1900,0,0,0,0,1900,安定度,0,0,0,0,2024/09/20 17:01:43
月間,202409,策定,越前嶺南線,2024/11/15,昼間帯,逆方向,-1300,-1300,0,0,0,0,-1300,周波数,0,0,0,0,2024/09/20 17:01:43
月間,202409,策定,越前嶺南線,2024/11/15,夜間帯,順方向,1900,1900,0,0,0,0,1900,安定度,0,0,0,0,2024/09/20 17:01:43
月間,202409,策定,越前嶺南線,2024/11/15,夜間帯,逆方向,-700,-700,0,0,0,0,-700,周波数,0,0,0,0,2024/09/20 17:01:43
月間,202410,策定,越前嶺南線,2024/11/15,昼間帯,順方向,1900,1900,0,0,0,0,1900,安定度,0,0,0,0,2024/10/18 17:01:29
月間,202410,策定,越前嶺南線,2024/11/15,昼間帯,逆方向,-1300,-1300,0,0,0,0,-1300,周波数,0,0,0,0,2024/10/18 17:01:29
月間,202410,策定,越前嶺南線,2024/11/15,夜間帯,順方向,1900,1900,0,0,0,0,1900,安定度,0,0,0,0,2024/10/18 17:01:29
月間,202410,策定,越前嶺南線,2024/11/15,夜間帯,逆方向,-700,-700,0,0,0,0,-700,周波数,0,0,0,0,2024/10/18 17:01:29
月間,202409,策定,越前嶺南線,2024/11/16,昼間帯,順方向,1540,1540,0,0,0,0,1540,周波数,0,0,0,0,2024/09/20 17:01:43
月間,202409,策定,越前嶺南線,2024/11/16,昼間帯,逆方向,-700,-700,0,0,0,0,-700,周波数,0,0,0,0,2024/09/20 17:01:43
月間,202409,策定,越前嶺南線,2024/11/16,夜間帯,順方向,1900,1900,0,0,0,0,1900,安定度,0,0,0,0,2024/09/20 17:01:43
月間,202409,策定,越前嶺南線,2024/11/16,夜間帯,逆方向,-700,-700,0,0,0,0,-700,周波数,0,0,0,0,2024/09/20 17:01:43
月間,202410,策定,越前嶺南線,2024/11/16,昼間帯,順方向,1540,1540,0,0,0,0,1540,周波数,0,0,0,0,2024/10/18 17:01:29
月間,202410,策定,越前嶺南線,2024/11/16,昼間帯,逆方向,-700,-700,0,0,0,0,-700,周波数,0,0,0,0,2024/10/18 17:01:29
月間,202410,策定,越前嶺南線,2024/11/16,夜間帯,順方向,1900,1900,0,0,0,0,1900,安定度,0,0,0,0,2024/10/18 17:01:29
月間,202410,策定,越前嶺南線,2024/11/16,夜間帯,逆方向,-700,-700,0,0,0,0,-700,周波数,0,0,0,0,2024/10/18 17:01:29
月間,202409,策定,越前嶺南線,2024/11/17,昼間帯,順方向,1540,1540,0,0,0,0,1540,周波数,0,0,0,0,2024/09/20 17:01:43
月間,202409,策定,越前嶺南線,2024/11/17,昼間帯,逆方向,-700,-700,0,0,0,0,-700,周波数,0,0,0,0,2024/09/20 17:01:43
月間,202409,策定,越前嶺南線,2024/11/17,夜間帯,順方向,1900,1900,0,0,0,0,1900,安定度,0,0,0,0,2024/09/20 17:01:43
月間,202409,策定,越前嶺南線,2024/11/17,夜間帯,逆方向,-700,-700,0,0,0,0,-700,周波数,0,0,0,0,2024/09/20 17:01:43
月間,202410,策定,越前嶺南線,2024/11/17,昼間帯,順方向,1540,1540,0,0,0,0,1540,周波数,0,0,0,0,2024/10/18 17:01:29
月間,202410,策定,越前嶺南線,2024/11/17,昼間帯,逆方向,-700,-700,0,0,0,0,-700,周波数,0,0,0,0,2024/10/18 17:01:29
月間,202410,策定,越前嶺南線,2024/11/17,夜間帯,順方向,1900,1900,0,0,0,0,1900,安定度,0,0,0,0,2024/10/18 17:01:29
月間,202410,策定,越前嶺南線,2024/11/17,夜間帯,逆方向,-700,-700,0,0,0,0,-700,周波数,0,0,0,0,2024/10/18 17:01:29
月間,202409,策定,越前嶺南線,2024/11/18,昼間帯,順方向,1900,1900,0,0,0,0,1900,安定度,0,0,0,0,2024/09/20 17:01:43
月間,202409,策定,越前嶺南線,2024/11/18,昼間帯,逆方向,-1300,-1300,0,0,0,0,-1300,周波数,0,0,0,0,2024/09/20 17:01:43
月間,202409,策定,越前嶺南線,2024/11/18,夜間帯,順方向,1900,1900,0,0,0,0,1900,安定度,0,0,0,0,2024/09/20 17:01:43
月間,202409,策定,越前嶺南線,2024/11/18,夜間帯,逆方向,-700,-700,0,0,0,0,-700,周波数,0,0,0,0,2024/09/20 17:01:43
月間,202410,策定,越前嶺南線,2024/11/18,昼間帯,順方向,1900,1900,0,0,0,0,1900,安定度,0,0,0,0,2024/10/18 17:01:29
月間,202410,策定,越前嶺南線,2024/11/18,昼間帯,逆方向,-1300,-1300,0,0,0,0,-1300,周波数,0,0,0,0,2024/10/18 17:01:29
月間,202410,策定,越前嶺南線,2024/11/18,夜間帯,順方向,1900,1900,0,0,0,0,1900,安定度,0,0,0,0,2024/10/18 17:01:29
月間,202410,策定,越前嶺南線,2024/11/18,夜間帯,逆方向,-700,-700,0,0,0,0,-700,周波数,0,0,0,0,2024/10/18 17:01:29
月間,202409,策定,越前嶺南線,2024/11/19,昼間帯,順方向,1900,1900,0,0,0,0,1900,安定度,0,0,0,0,2024/09/20 17:01:43
月間,202409,策定,越前嶺南線,2024/11/19,昼間帯,逆方向,-1300,-1300,0,0,0,0,-1300,周波数,0,0,0,0,2024/09/20 17:01:43
月間,202409,策定,越前嶺南線,2024/11/19,夜間帯,順方向,1900,1900,0,0,0,0,1900,安定度,0,0,0,0,2024/09/20 17:01:43
月間,202409,策定,越前嶺南線,2024/11/19,夜間帯,逆方向,-700,-700,0,0,0,0,-700,周波数,0,0,0,0,2024/09/20 17:01:43
月間,202410,策定,越前嶺南線,2024/11/19,昼間帯,順方向,1900,1900,0,0,0,0,1900,安定度,0,0,0,0,2024/10/18 17:01:29
月間,202410,策定,越前嶺南線,2024/11/19,昼間帯,逆方向,-1300,-1300,0,0,0,0,-1300,周波数,0,0,0,0,2024/10/18 17:01:29
月間,202410,策定,越前嶺南線,2024/11/19,夜間帯,順方向,1900,1900,0,0,0,0,1900,安定度,0,0,0,0,2024/10/18 17:01:29
月間,202410,策定,越前嶺南線,2024/11/19,夜間帯,逆方向,-700,-700,0,0,0,0,-700,周波数,0,0,0,0,2024/10/18 17:01:29
月間,202409,策定,越前嶺南線,2024/11/20,昼間帯,順方向,1900,1900,0,0,0,0,1900,安定度,0,0,0,0,2024/09/20 17:01:43
月間,202409,策定,越前嶺南線,2024/11/20,昼間帯,逆方向,-1300,-1300,0,0,0,0,-1300,周波数,0,0,0,0,2024/09/20 17:01:43
月間,202409,策定,越前嶺南線,2024/11/20,夜間帯,順方向,1900,1900,0,0,0,0,1900,安定度,0,0,0,0,2024/09/20 17:01:43
月間,202409,策定,越前嶺南線,2024/11/20,夜間帯,逆方向,-700,-700,0,0,0,0,-700,周波数,0,0,0,0,2024/09/20 17:01:43
月間,202410,策定,越前嶺南線,2024/11/20,昼間帯,順方向,1900,1900,0,0,0,0,1900,安定度,0,0,0,0,2024/10/18 17:01:29
月間,202410,策定,越前嶺南線,2024/11/20,昼間帯,逆方向,-1300,-1300,0,0,0,0,-1300,周波数,0,0,0,0,2024/10/18 17:01:29
月間,202410,策定,越前嶺南線,2024/11/20,夜間帯,順方向,1900,1900,0,0,0,0,1900,安定度,0,0,0,0,2024/10/18 17:01:29
月間,202410,策定,越前嶺南線,2024/11/20,夜間帯,逆方向,-700,-700,0,0,0,0,-700,周波数,0,0,0,0,2024/10/18 17:01:29
月間,202409,策定,越前嶺南線,2024/11/21,昼間帯,順方向,1900,1900,0,0,0,0,1900,安定度,0,0,0,0,2024/09/20 17:01:43
月間,202409,策定,越前嶺南線,2024/11/21,昼間帯,逆方向,-1300,-1300,0,0,0,0,-1300,周波数,0,0,0,0,2024/09/20 17:01:43
月間,202409,策定,越前嶺南線,2024/11/21,夜間帯,順方向,1900,1900,0,0,0,0,1900,安定度,0,0,0,0,2024/09/20 17:01:43
月間,202409,策定,越前嶺南線,2024/11/21,夜間帯,逆方向,-700,-700,0,0,0,0,-700,周波数,0,0,0,0,2024/09/20 17:01:43
月間,202410,策定,越前嶺南線,2024/11/21,昼間帯,順方向,1900,1900,0,0,0,0,1900,安定度,0,0,0,0,2024/10/18 17:01:29
月間,202410,策定,越前嶺南線,2024/11/21,昼間帯,逆方向,-1300,-1300,0,0,0,0,-1300,周波数,0,0,0,0,2024/10/18 17:01:29
月間,202410,策定,越前嶺南線,2024/11/21,夜間帯,順方向,1900,1900,0,0,0,0,1900,安定度,0,0,0,0,2024/10/18 17:01:29
月間,202410,策定,越前嶺南線,2024/11/21,夜間帯,逆方向,-700,-700,0,0,0,0,-700,周波数,0,0,0,0,2024/10/18 17:01:29
月間,202409,策定,越前嶺南線,2024/11/22,昼間帯,順方向,1900,1900,0,0,0,0,1900,安定度,0,0,0,0,2024/09/20 17:01:43
月間,202409,策定,越前嶺南線,2024/11/22,昼間帯,逆方向,-1300,-1300,0,0,0,0,-1300,周波数,0,0,0,0,2024/09/20 17:01:43
月間,202409,策定,越前嶺南線,2024/11/22,夜間帯,順方向,1900,1900,0,0,0,0,1900,安定度,0,0,0,0,2024/09/20 17:01:43
月間,202409,策定,越前嶺南線,2024/11/22,夜間帯,逆方向,-700,-700,0,0,0,0,-700,周波数,0,0,0,0,2024/09/20 17:01:43
月間,202410,策定,越前嶺南線,2024/11/22,昼間帯,順方向,1900,1900,0,0,0,0,1900,安定度,0,0,0,0,2024/10/18 17:01:29
月間,202410,策定,越前嶺南線,2024/11/22,昼間帯,逆方向,-1300,-1300,0,0,0,0,-1300,周波数,0,0,0,0,2024/10/18 17:01:29
月間,202410,策定,越前嶺南線,2024/11/22,夜間帯,順方向,1900,1900,0,0,0,0,1900,安定度,0,0,0,0,2024/10/18 17:01:29
月間,202410,策定,越前嶺南線,2024/11/22,夜間帯,逆方向,-700,-700,0,0,0,0,-700,周波数,0,0,0,0,2024/10/18 17:01:29
月間,202409,策定,越前嶺南線,2024/11/23,昼間帯,順方向,1540,1540,0,0,0,0,1540,周波数,0,0,0,0,2024/09/20 17:01:43
月間,202409,策定,越前嶺南線,2024/11/23,昼間帯,逆方向,-700,-700,0,0,0,0,-700,周波数,0,0,0,0,2024/09/20 17:01:43
月間,202409,策定,越前嶺南線,2024/11/23,夜間帯,順方向,1900,1900,0,0,0,0,1900,安定度,0,0,0,0,2024/09/20 17:01:43
月間,202409,策定,越前嶺南線,2024/11/23,夜間帯,逆方向,-700,-700,0,0,0,0,-700,周波数,0,0,0,0,2024/09/20 17:01:43
月間,202410,策定,越前嶺南線,2024/11/23,昼間帯,順方向,1540,1540,0,0,0,0,1540,周波数,0,0,0,0,2024/10/18 17:01:29
月間,202410,策定,越前嶺南線,2024/11/23,昼間帯,逆方向,-700,-700,0,0,0,0,-700,周波数,0,0,0,0,2024/10/18 17:01:29
月間,202410,策定,越前嶺南線,2024/11/23,夜間帯,順方向,1900,1900,0,0,0,0,1900,安定度,0,0,0,0,2024/10/18 17:01:29
月間,202410,策定,越前嶺南線,2024/11/23,夜間帯,逆方向,-700,-700,0,0,0,0,-700,周波数,0,0,0,0,2024/10/18 17:01:29
月間,202409,策定,越前嶺南線,2024/11/24,昼間帯,順方向,1540,1540,0,0,0,0,1540,周波数,0,0,0,0,2024/09/20 17:01:43
月間,202409,策定,越前嶺南線,2024/11/24,昼間帯,逆方向,-700,-700,0,0,0,0,-700,周波数,0,0,0,0,2024/09/20 17:01:43
月間,202409,策定,越前嶺南線,2024/11/24,夜間帯,順方向,1900,1900,0,0,0,0,1900,安定度,0,0,0,0,2024/09/20 17:01:43
月間,202409,策定,越前嶺南線,2024/11/24,夜間帯,逆方向,-700,-700,0,0,0,0,-700,周波数,0,0,0,0,2024/09/20 17:01:43
月間,202410,策定,越前嶺南線,2024/11/24,昼間帯,順方向,1540,1540,0,0,0,0,1540,周波数,0,0,0,0,2024/10/18 17:01:29
月間,202410,策定,越前嶺南線,2024/11/24,昼間帯,逆方向,-700,-700,0,0,0,0,-700,周波数,0,0,0,0,2024/10/18 17:01:29
月間,202410,策定,越前嶺南線,2024/11/24,夜間帯,順方向,1900,1900,0,0,0,0,1900,安定度,0,0,0,0,2024/10/18 17:01:29
月間,202410,策定,越前嶺南線,2024/11/24,夜間帯,逆方向,-700,-700,0,0,0,0,-700,周波数,0,0,0,0,2024/10/18 17:01:29
月間,202409,策定,越前嶺南線,2024/11/25,昼間帯,順方向,1900,1900,0,0,0,0,1900,安定度,0,0,0,0,2024/09/20 17:01:43
月間,202409,策定,越前嶺南線,2024/11/25,昼間帯,逆方向,-1300,-1300,0,0,0,0,-1300,周波数,0,0,0,0,2024/09/20 17:01:43
月間,202409,策定,越前嶺南線,2024/11/25,夜間帯,順方向,1900,1900,0,0,0,0,1900,安定度,0,0,0,0,2024/09/20 17:01:43
月間,202409,策定,越前嶺南線,2024/11/25,夜間帯,逆方向,-700,-700,0,0,0,0,-700,周波数,0,0,0,0,2024/09/20 17:01:43
月間,202410,策定,越前嶺南線,2024/11/25,昼間帯,順方向,1900,1900,0,0,0,0,1900,安定度,0,0,0,0,2024/10/18 17:01:29
月間,202410,策定,越前嶺南線,2024/11/25,昼間帯,逆方向,-1300,-1300,0,0,0,0,-1300,周波数,0,0,0,0,2024/10/18 17:01:29
月間,202410,策定,越前嶺南線,2024/11/25,夜間帯,順方向,1900,1900,0,0,0,0,1900,安定度,0,0,0,0,2024/10/18 17:01:29
月間,202410,策定,越前嶺南線,2024/11/25,夜間帯,逆方向,-700,-700,0,0,0,0,-700,周波数,0,0,0,0,2024/10/18 17:01:29
月間,202409,策定,越前嶺南線,2024/11/26,昼間帯,順方向,1900,1900,0,0,0,0,1900,安定度,0,0,0,0,2024/09/20 17:01:43
月間,202409,策定,越前嶺南線,2024/11/26,昼間帯,逆方向,-1300,-1300,0,0,0,0,-1300,周波数,0,0,0,0,2024/09/20 17:01:43
月間,202409,策定,越前嶺南線,2024/11/26,夜間帯,順方向,1900,1900,0,0,0,0,1900,安定度,0,0,0,0,2024/09/20 17:01:43
月間,202409,策定,越前嶺南線,2024/11/26,夜間帯,逆方向,-700,-700,0,0,0,0,-700,周波数,0,0,0,0,2024/09/20 17:01:43
月間,202410,策定,越前嶺南線,2024/11/26,昼間帯,順方向,1900,1900,0,0,0,0,1900,安定度,0,0,0,0,2024/10/18 17:01:29
月間,202410,策定,越前嶺南線,2024/11/26,昼間帯,逆方向,-1300,-1300,0,0,0,0,-1300,周波数,0,0,0,0,2024/10/18 17:01:29
月間,202410,策定,越前嶺南線,2024/11/26,夜間帯,順方向,1900,1900,0,0,0,0,1900,安定度,0,0,0,0,2024/10/18 17:01:29
月間,202410,策定,越前嶺南線,2024/11/26,夜間帯,逆方向,-700,-700,0,0,0,0,-700,周波数,0,0,0,0,2024/10/18 17:01:29
月間,202409,策定,越前嶺南線,2024/11/27,昼間帯,順方向,1900,1900,0,0,0,0,1900,安定度,0,0,0,0,2024/09/20 17:01:43
月間,202409,策定,越前嶺南線,2024/11/27,昼間帯,逆方向,-1300,-1300,0,0,0,0,-1300,周波数,0,0,0,0,2024/09/20 17:01:43
月間,202409,策定,越前嶺南線,2024/11/27,夜間帯,順方向,1900,1900,0,0,0,0,1900,安定度,0,0,0,0,2024/09/20 17:01:43
月間,202409,策定,越前嶺南線,2024/11/27,夜間帯,逆方向,-700,-700,0,0,0,0,-700,周波数,0,0,0,0,2024/09/20 17:01:43
月間,202410,策定,越前嶺南線,2024/11/27,昼間帯,順方向,1900,1900,0,0,0,0,1900,安定度,0,0,0,0,2024/10/18 17:01:29
月間,202410,策定,越前嶺南線,2024/11/27,昼間帯,逆方向,-1300,-1300,0,0,0,0,-1300,周波数,0,0,0,0,2024/10/18 17:01:29
月間,202410,策定,越前嶺南線,2024/11/27,夜間帯,順方向,1900,1900,0,0,0,0,1900,安定度,0,0,0,0,2024/10/18 17:01:29
月間,202410,策定,越前嶺南線,2024/11/27,夜間帯,逆方向,-700,-700,0,0,0,0,-700,周波数,0,0,0,0,2024/10/18 17:01:29
月間,202409,策定,越前嶺南線,2024/11/28,昼間帯,順方向,1900,1900,0,0,0,0,1900,安定度,0,0,0,0,2024/09/20 17:01:43
月間,202409,策定,越前嶺南線,2024/11/28,昼間帯,逆方向,-1300,-1300,0,0,0,0,-1300,周波数,0,0,0,0,2024/09/20 17:01:43
月間,202409,策定,越前嶺南線,2024/11/28,夜間帯,順方向,1900,1900,0,0,0,0,1900,安定度,0,0,0,0,2024/09/20 17:01:43
月間,202409,策定,越前嶺南線,2024/11/28,夜間帯,逆方向,-700,-700,0,0,0,0,-700,周波数,0,0,0,0,2024/09/20 17:01:43
月間,202410,策定,越前嶺南線,2024/11/28,昼間帯,順方向,1900,1900,0,0,0,0,1900,安定度,0,0,0,0,2024/10/18 17:01:29
月間,202410,策定,越前嶺南線,2024/11/28,昼間帯,逆方向,-1300,-1300,0,0,0,0,-1300,周波数,0,0,0,0,2024/10/18 17:01:29
月間,202410,策定,越前嶺南線,2024/11/28,夜間帯,順方向,1900,1900,0,0,0,0,1900,安定度,0,0,0,0,2024/10/18 17:01:29
月間,202410,策定,越前嶺南線,2024/11/28,夜間帯,逆方向,-700,-700,0,0,0,0,-700,周波数,0,0,0,0,2024/10/18 17:01:29
月間,202409,策定,越前嶺南線,2024/11/29,昼間帯,順方向,1900,1900,0,0,0,0,1900,安定度,0,0,0,0,2024/09/20 17:01:43
月間,202409,策定,越前嶺南線,2024/11/29,昼間帯,逆方向,-1300,-1300,0,0,0,0,-1300,周波数,0,0,0,0,2024/09/20 17:01:43
月間,202409,策定,越前嶺南線,2024/11/29,夜間帯,順方向,1900,1900,0,0,0,0,1900,安定度,0,0,0,0,2024/09/20 17:01:43
月間,202409,策定,越前嶺南線,2024/11/29,夜間帯,逆方向,-700,-700,0,0,0,0,-700,周波数,0,0,0,0,2024/09/20 17:01:43
月間,202410,策定,越前嶺南線,2024/11/29,昼間帯,順方向,1900,1900,0,0,0,0,1900,安定度,0,0,0,0,2024/10/18 17:01:29
月間,202410,策定,越前嶺南線,2024/11/29,昼間帯,逆方向,-1300,-1300,0,0,0,0,-1300,周波数,0,0,0,0,2024/10/18 17:01:29
月間,202410,策定,越前嶺南線,2024/11/29,夜間帯,順方向,1900,1900,0,0,0,0,1900,安定度,0,0,0,0,2024/10/18 17:01:29
月間,202410,策定,越前嶺南線,2024/11/29,夜間帯,逆方向,-700,-700,0,0,0,0,-700,周波数,0,0,0,0,2024/10/18 17:01:29
月間,202409,策定,越前嶺南線,2024/11/30,昼間帯,順方向,1540,1540,0,0,0,0,1540,周波数,0,0,0,0,2024/09/20 17:01:43
月間,202409,策定,越前嶺南線,2024/11/30,昼間帯,逆方向,-700,-700,0,0,0,0,-700,周波数,0,0,0,0,2024/09/20 17:01:43
月間,202409,策定,越前嶺南線,2024/11/30,夜間帯,順方向,1900,1900,0,0,0,0,1900,安定度,0,0,0,0,2024/09/20 17:01:43
月間,202409,策定,越前嶺南線,2024/11/30,夜間帯,逆方向,-700,-700,0,0,0,0,-700,周波数,0,0,0,0,2024/09/20 17:01:43
月間,202410,策定,越前嶺南線,2024/11/30,昼間帯,順方向,1540,1540,0,0,0,0,1540,周波数,0,0,0,0,2024/10/18 17:01:29
月間,202410,策定,越前嶺南線,2024/11/30,昼間帯,逆方向,-700,-700,0,0,0,0,-700,周波数,0,0,0,0,2024/10/18 17:01:29
月間,202410,策定,越前嶺南線,2024/11/30,夜間帯,順方向,1900,1900,0,0,0,0,1900,安定度,0,0,0,0,2024/10/18 17:01:29
月間,202410,策定,越前嶺南線,2024/11/30,夜間帯,逆方向,-700,-700,0,0,0,0,-700,周波数,0,0,0,0,2024/10/18 17:01:29
月間,202410,策定,越前嶺南線,2024/12/01,昼間帯,順方向,1760,1760,0,0,0,0,1760,周波数,0,0,0,0,2024/10/18 17:01:29
月間,202410,策定,越前嶺南線,2024/12/01,昼間帯,逆方向,-900,-900,0,0,0,0,-900,周波数,0,0,0,0,2024/10/18 17:01:29
月間,202410,策定,越前嶺南線,2024/12/01,夜間帯,順方向,1900,1900,0,0,0,0,1900,安定度,0,0,0,0,2024/10/18 17:01:29
月間,202410,策定,越前嶺南線,2024/12/01,夜間帯,逆方向,-900,-900,0,0,0,0,-900,周波数,0,0,0,0,2024/10/18 17:01:29
月間,202410,策定,越前嶺南線,2024/12/02,昼間帯,順方向,1900,1900,0,0,0,0,1900,安定度,0,0,0,0,2024/10/18 17:01:29
月間,202410,策定,越前嶺南線,2024/12/02,昼間帯,逆方向,-1600,-1600,0,0,0,0,-1600,周波数,0,0,0,0,2024/10/18 17:01:29
月間,202410,策定,越前嶺南線,2024/12/02,夜間帯,順方向,1900,1900,0,0,0,0,1900,安定度,0,0,0,0,2024/10/18 17:01:29
月間,202410,策定,越前嶺南線,2024/12/02,夜間帯,逆方向,-900,-900,0,0,0,0,-900,周波数,0,0,0,0,2024/10/18 17:01:29
月間,202410,策定,越前嶺南線,2024/12/03,昼間帯,順方向,1900,1900,0,0,0,0,1900,安定度,0,0,0,0,2024/10/18 17:01:29
月間,202410,策定,越前嶺南線,2024/12/03,昼間帯,逆方向,-1600,-1600,0,0,0,0,-1600,周波数,0,0,0,0,2024/10/18 17:01:29
月間,202410,策定,越前嶺南線,2024/12/03,夜間帯,順方向,1900,1900,0,0,0,0,1900,安定度,0,0,0,0,2024/10/18 17:01:29
月間,202410,策定,越前嶺南線,2024/12/03,夜間帯,逆方向,-900,-900,0,0,0,0,-900,周波数,0,0,0,0,2024/10/18 17:01:29
月間,202410,策定,越前嶺南線,2024/12/04,昼間帯,順方向,1900,1900,0,0,0,0,1900,安定度,0,0,0,0,2024/10/18 17:01:29
月間,202410,策定,越前嶺南線,2024/12/04,昼間帯,逆方向,-1600,-1600,0,0,0,0,-1600,周波数,0,0,0,0,2024/10/18 17:01:29
月間,202410,策定,越前嶺南線,2024/12/04,夜間帯,順方向,1900,1900,0,0,0,0,1900,安定度,0,0,0,0,2024/10/18 17:01:29
月間,202410,策定,越前嶺南線,2024/12/04,夜間帯,逆方向,-900,-900,0,0,0,0,-900,周波数,0,0,0,0,2024/10/18 17:01:29
月間,202410,策定,越前嶺南線,2024/12/05,昼間帯,順方向,1900,1900,0,0,0,0,1900,安定度,0,0,0,0,2024/10/18 17:01:29
月間,202410,策定,越前嶺南線,2024/12/05,昼間帯,逆方向,-1600,-1600,0,0,0,0,-1600,周波数,0,0,0,0,2024/10/18 17:01:29
月間,202410,策定,越前嶺南線,2024/12/05,夜間帯,順方向,1900,1900,0,0,0,0,1900,安定度,0,0,0,0,2024/10/18 17:01:29
月間,202410,策定,越前嶺南線,2024/12/05,夜間帯,逆方向,-900,-900,0,0,0,0,-900,周波数,0,0,0,0,2024/10/18 17:01:29
月間,202410,策定,越前嶺南線,2024/12/06,昼間帯,順方向,1900,1900,0,0,0,0,1900,安定度,0,0,0,0,2024/10/18 17:01:29
月間,202410,策定,越前嶺南線,2024/12/06,昼間帯,逆方向,-1600,-1600,0,0,0,0,-1600,周波数,0,0,0,0,2024/10/18 17:01:29
月間,202410,策定,越前嶺南線,2024/12/06,夜間帯,順方向,1900,1900,0,0,0,0,1900,安定度,0,0,0,0,2024/10/18 17:01:29
月間,202410,策定,越前嶺南線,2024/12/06,夜間帯,逆方向,-900,-900,0,0,0,0,-900,周波数,0,0,0,0,2024/10/18 17:01:29
月間,202410,策定,越前嶺南線,2024/12/07,昼間帯,順方向,1760,1760,0,0,0,0,1760,周波数,0,0,0,0,2024/10/18 17:01:29
月間,202410,策定,越前嶺南線,2024/12/07,昼間帯,逆方向,-900,-900,0,0,0,0,-900,周波数,0,0,0,0,2024/10/18 17:01:29
月間,202410,策定,越前嶺南線,2024/12/07,夜間帯,順方向,1900,1900,0,0,0,0,1900,安定度,0,0,0,0,2024/10/18 17:01:29
月間,202410,策定,越前嶺南線,2024/12/07,夜間帯,逆方向,-900,-900,0,0,0,0,-900,周波数,0,0,0,0,2024/10/18 17:01:29
月間,202411,策定,越前嶺南線,2024/12/07,昼間帯,順方向,1760,1760,0,0,0,0,1760,周波数,0,0,0,0,2024/11/20 16:59:38
月間,202411,策定,越前嶺南線,2024/12/07,昼間帯,逆方向,-900,-900,0,0,0,0,-900,周波数,0,0,0,0,2024/11/20 16:59:38
月間,202411,策定,越前嶺南線,2024/12/07,夜間帯,順方向,1900,1900,0,0,0,0,1900,安定度,0,0,0,0,2024/11/20 16:59:38
月間,202411,策定,越前嶺南線,2024/12/07,夜間帯,逆方向,-900,-900,0,0,0,0,-900,周波数,0,0,0,0,2024/11/20 16:59:38
月間,202410,策定,越前嶺南線,2024/12/08,昼間帯,順方向,1760,1760,0,0,0,0,1760,周波数,0,0,0,0,2024/10/18 17:01:29
月間,202410,策定,越前嶺南線,2024/12/08,昼間帯,逆方向,-900,-900,0,0,0,0,-900,周波数,0,0,0,0,2024/10/18 17:01:29
月間,202410,策定,越前嶺南線,2024/12/08,夜間帯,順方向,1900,1900,0,0,0,0,1900,安定度,0,0,0,0,2024/10/18 17:01:29
月間,202410,策定,越前嶺南線,2024/12/08,夜間帯,逆方向,-900,-900,0,0,0,0,-900,周波数,0,0,0,0,2024/10/18 17:01:29
月間,202411,策定,越前嶺南線,2024/12/08,昼間帯,順方向,1760,1760,0,0,0,0,1760,周波数,0,0,0,0,2024/11/20 16:59:38
月間,202411,策定,越前嶺南線,2024/12/08,昼間帯,逆方向,-900,-900,0,0,0,0,-900,周波数,0,0,0,0,2024/11/20 16:59:38
月間,202411,策定,越前嶺南線,2024/12/08,夜間帯,順方向,1900,1900,0,0,0,0,1900,安定度,0,0,0,0,2024/11/20 16:59:38
月間,202411,策定,越前嶺南線,2024/12/08,夜間帯,逆方向,-900,-900,0,0,0,0,-900,周波数,0,0,0,0,2024/11/20 16:59:38
月間,202410,策定,越前嶺南線,2024/12/09,昼間帯,順方向,1900,1900,0,0,0,0,1900,安定度,0,0,0,0,2024/10/18 17:01:29
月間,202410,策定,越前嶺南線,2024/12/09,昼間帯,逆方向,-1600,-1600,0,0,0,0,-1600,周波数,0,0,0,0,2024/10/18 17:01:29
月間,202410,策定,越前嶺南線,2024/12/09,夜間帯,順方向,1900,1900,0,0,0,0,1900,安定度,0,0,0,0,2024/10/18 17:01:29
月間,202410,策定,越前嶺南線,2024/12/09,夜間帯,逆方向,-900,-900,0,0,0,0,-900,周波数,0,0,0,0,2024/10/18 17:01:29
月間,202411,策定,越前嶺南線,2024/12/09,昼間帯,順方向,1900,1900,0,0,0,0,1900,安定度,0,0,0,0,2024/11/20 16:59:38
月間,202411,策定,越前嶺南線,2024/12/09,昼間帯,逆方向,-1600,-1600,0,0,0,0,-1600,周波数,0,0,0,0,2024/11/20 16:59:38
月間,202411,策定,越前嶺南線,2024/12/09,夜間帯,順方向,1900,1900,0,0,0,0,1900,安定度,0,0,0,0,2024/11/20 16:59:38
月間,202411,策定,越前嶺南線,2024/12/09,夜間帯,逆方向,-900,-900,0,0,0,0,-900,周波数,0,0,0,0,2024/11/20 16:59:38
月間,202410,策定,越前嶺南線,2024/12/10,昼間帯,順方向,1900,1900,0,0,0,0,1900,安定度,0,0,0,0,2024/10/18 17:01:29
月間,202410,策定,越前嶺南線,2024/12/10,昼間帯,逆方向,-1600,-1600,0,0,0,0,-1600,周波数,0,0,0,0,2024/10/18 17:01:29
月間,202410,策定,越前嶺南線,2024/12/10,夜間帯,順方向,1900,1900,0,0,0,0,1900,安定度,0,0,0,0,2024/10/18 17:01:29
月間,202410,策定,越前嶺南線,2024/12/10,夜間帯,逆方向,-900,-900,0,0,0,0,-900,周波数,0,0,0,0,2024/10/18 17:01:29
月間,202411,策定,越前嶺南線,2024/12/10,昼間帯,順方向,1900,1900,0,0,0,0,1900,安定度,0,0,0,0,2024/11/20 16:59:38
月間,202411,策定,越前嶺南線,2024/12/10,昼間帯,逆方向,-1600,-1600,0,0,0,0,-1600,周波数,0,0,0,0,2024/11/20 16:59:38
月間,202411,策定,越前嶺南線,2024/12/10,夜間帯,順方向,1900,1900,0,0,0,0,1900,安定度,0,0,0,0,2024/11/20 16:59:38
月間,202411,策定,越前嶺南線,2024/12/10,夜間帯,逆方向,-900,-900,0,0,0,0,-900,周波数,0,0,0,0,2024/11/20 16:59:38
月間,202410,策定,越前嶺南線,2024/12/11,昼間帯,順方向,1900,1900,0,0,0,0,1900,安定度,0,0,0,0,2024/10/18 17:01:29
月間,202410,策定,越前嶺南線,2024/12/11,昼間帯,逆方向,-1600,-1600,0,0,0,0,-1600,周波数,0,0,0,0,2024/10/18 17:01:29
月間,202410,策定,越前嶺南線,2024/12/11,夜間帯,順方向,1900,1900,0,0,0,0,1900,安定度,0,0,0,0,2024/10/18 17:01:29
月間,202410,策定,越前嶺南線,2024/12/11,夜間帯,逆方向,-900,-900,0,0,0,0,-900,周波数,0,0,0,0,2024/10/18 17:01:29
月間,202411,策定,越前嶺南線,2024/12/11,昼間帯,順方向,1900,1900,0,0,0,0,1900,安定度,0,0,0,0,2024/11/20 16:59:38
月間,202411,策定,越前嶺南線,2024/12/11,昼間帯,逆方向,-1600,-1600,0,0,0,0,-1600,周波数,0,0,0,0,2024/11/20 16:59:38
月間,202411,策定,越前嶺南線,2024/12/11,夜間帯,順方向,1900,1900,0,0,0,0,1900,安定度,0,0,0,0,2024/11/20 16:59:38
月間,202411,策定,越前嶺南線,2024/12/11,夜間帯,逆方向,-900,-900,0,0,0,0,-900,周波数,0,0,0,0,2024/11/20 16:59:38
月間,202410,策定,越前嶺南線,2024/12/12,昼間帯,順方向,1900,1900,0,0,0,0,1900,安定度,0,0,0,0,2024/10/18 17:01:29
月間,202410,策定,越前嶺南線,2024/12/12,昼間帯,逆方向,-1600,-1600,0,0,0,0,-1600,周波数,0,0,0,0,2024/10/18 17:01:29
月間,202410,策定,越前嶺南線,2024/12/12,夜間帯,順方向,1900,1900,0,0,0,0,1900,安定度,0,0,0,0,2024/10/18 17:01:29
月間,202410,策定,越前嶺南線,2024/12/12,夜間帯,逆方向,-900,-900,0,0,0,0,-900,周波数,0,0,0,0,2024/10/18 17:01:29
月間,202411,策定,越前嶺南線,2024/12/12,昼間帯,順方向,1900,1900,0,0,0,0,1900,安定度,0,0,0,0,2024/11/20 16:59:38
月間,202411,策定,越前嶺南線,2024/12/12,昼間帯,逆方向,-1600,-1600,0,0,0,0,-1600,周波数,0,0,0,0,2024/11/20 16:59:38
月間,202411,策定,越前嶺南線,2024/12/12,夜間帯,順方向,1900,1900,0,0,0,0,1900,安定度,0,0,0,0,2024/11/20 16:59:38
月間,202411,策定,越前嶺南線,2024/12/12,夜間帯,逆方向,-900,-900,0,0,0,0,-900,周波数,0,0,0,0,2024/11/20 16:59:38
月間,202410,策定,越前嶺南線,2024/12/13,昼間帯,順方向,1900,1900,0,0,0,0,1900,安定度,0,0,0,0,2024/10/18 17:01:29
月間,202410,策定,越前嶺南線,2024/12/13,昼間帯,逆方向,-1600,-1600,0,0,0,0,-1600,周波数,0,0,0,0,2024/10/18 17:01:29
月間,202410,策定,越前嶺南線,2024/12/13,夜間帯,順方向,1900,1900,0,0,0,0,1900,安定度,0,0,0,0,2024/10/18 17:01:29
月間,202410,策定,越前嶺南線,2024/12/13,夜間帯,逆方向,-900,-900,0,0,0,0,-900,周波数,0,0,0,0,2024/10/18 17:01:29
月間,202411,策定,越前嶺南線,2024/12/13,昼間帯,順方向,1900,1900,0,0,0,0,1900,安定度,0,0,0,0,2024/11/20 16:59:38
月間,202411,策定,越前嶺南線,2024/12/13,昼間帯,逆方向,-1600,-1600,0,0,0,0,-1600,周波数,0,0,0,0,2024/11/20 16:59:38
月間,202411,策定,越前嶺南線,2024/12/13,夜間帯,順方向,1900,1900,0,0,0,0,1900,安定度,0,0,0,0,2024/11/20 16:59:38
月間,202411,策定,越前嶺南線,2024/12/13,夜間帯,逆方向,-900,-900,0,0,0,0,-900,周波数,0,0,0,0,2024/11/20 16:59:38
月間,202410,策定,越前嶺南線,2024/12/14,昼間帯,順方向,1760,1760,0,0,0,0,1760,周波数,0,0,0,0,2024/10/18 17:01:29
月間,202410,策定,越前嶺南線,2024/12/14,昼間帯,逆方向,-900,-900,0,0,0,0,-900,周波数,0,0,0,0,2024/10/18 17:01:29
月間,202410,策定,越前嶺南線,2024/12/14,夜間帯,順方向,1900,1900,0,0,0,0,1900,安定度,0,0,0,0,2024/10/18 17:01:29
月間,202410,策定,越前嶺南線,2024/12/14,夜間帯,逆方向,-900,-900,0,0,0,0,-900,周波数,0,0,0,0,2024/10/18 17:01:29
月間,202411,策定,越前嶺南線,2024/12/14,昼間帯,順方向,1760,1760,0,0,0,0,1760,周波数,0,0,0,0,2024/11/20 16:59:38
月間,202411,策定,越前嶺南線,2024/12/14,昼間帯,逆方向,-900,-900,0,0,0,0,-900,周波数,0,0,0,0,2024/11/20 16:59:38
月間,202411,策定,越前嶺南線,2024/12/14,夜間帯,順方向,1900,1900,0,0,0,0,1900,安定度,0,0,0,0,2024/11/20 16:59:38
月間,202411,策定,越前嶺南線,2024/12/14,夜間帯,逆方向,-900,-900,0,0,0,0,-900,周波数,0,0,0,0,2024/11/20 16:59:38
月間,202410,策定,越前嶺南線,2024/12/15,昼間帯,順方向,1760,1760,0,0,0,0,1760,周波数,0,0,0,0,2024/10/18 17:01:29
月間,202410,策定,越前嶺南線,2024/12/15,昼間帯,逆方向,-900,-900,0,0,0,0,-900,周波数,0,0,0,0,2024/10/18 17:01:29
月間,202410,策定,越前嶺南線,2024/12/15,夜間帯,順方向,1900,1900,0,0,0,0,1900,安定度,0,0,0,0,2024/10/18 17:01:29
月間,202410,策定,越前嶺南線,2024/12/15,夜間帯,逆方向,-900,-900,0,0,0,0,-900,周波数,0,0,0,0,2024/10/18 17:01:29
月間,202411,策定,越前嶺南線,2024/12/15,昼間帯,順方向,1760,1760,0,0,0,0,1760,周波数,0,0,0,0,2024/11/20 16:59:38
月間,202411,策定,越前嶺南線,2024/12/15,昼間帯,逆方向,-900,-900,0,0,0,0,-900,周波数,0,0,0,0,2024/11/20 16:59:38
月間,202411,策定,越前嶺南線,2024/12/15,夜間帯,順方向,1900,1900,0,0,0,0,1900,安定度,0,0,0,0,2024/11/20 16:59:38
月間,202411,策定,越前嶺南線,2024/12/15,夜間帯,逆方向,-900,-900,0,0,0,0,-900,周波数,0,0,0,0,2024/11/20 16:59:38
月間,202410,策定,越前嶺南線,2024/12/16,昼間帯,順方向,1900,1900,0,0,0,0,1900,安定度,0,0,0,0,2024/10/18 17:01:29
月間,202410,策定,越前嶺南線,2024/12/16,昼間帯,逆方向,-1600,-1600,0,0,0,0,-1600,周波数,0,0,0,0,2024/10/18 17:01:29
月間,202410,策定,越前嶺南線,2024/12/16,夜間帯,順方向,1900,1900,0,0,0,0,1900,安定度,0,0,0,0,2024/10/18 17:01:29
月間,202410,策定,越前嶺南線,2024/12/16,夜間帯,逆方向,-900,-900,0,0,0,0,-900,周波数,0,0,0,0,2024/10/18 17:01:29
月間,202411,策定,越前嶺南線,2024/12/16,昼間帯,順方向,1900,1900,0,0,0,0,1900,安定度,0,0,0,0,2024/11/20 16:59:38
月間,202411,策定,越前嶺南線,2024/12/16,昼間帯,逆方向,-1600,-1600,0,0,0,0,-1600,周波数,0,0,0,0,2024/11/20 16:59:38
月間,202411,策定,越前嶺南線,2024/12/16,夜間帯,順方向,1900,1900,0,0,0,0,1900,安定度,0,0,0,0,2024/11/20 16:59:38
月間,202411,策定,越前嶺南線,2024/12/16,夜間帯,逆方向,-900,-900,0,0,0,0,-900,周波数,0,0,0,0,2024/11/20 16:59:38
月間,202410,策定,越前嶺南線,2024/12/17,昼間帯,順方向,1900,1900,0,0,0,0,1900,安定度,0,0,0,0,2024/10/18 17:01:29
月間,202410,策定,越前嶺南線,2024/12/17,昼間帯,逆方向,-1600,-1600,0,0,0,0,-1600,周波数,0,0,0,0,2024/10/18 17:01:29
月間,202410,策定,越前嶺南線,2024/12/17,夜間帯,順方向,1900,1900,0,0,0,0,1900,安定度,0,0,0,0,2024/10/18 17:01:29
月間,202410,策定,越前嶺南線,2024/12/17,夜間帯,逆方向,-900,-900,0,0,0,0,-900,周波数,0,0,0,0,2024/10/18 17:01:29
月間,202411,策定,越前嶺南線,2024/12/17,昼間帯,順方向,1900,1900,0,0,0,0,1900,安定度,0,0,0,0,2024/11/20 16:59:38
月間,202411,策定,越前嶺南線,2024/12/17,昼間帯,逆方向,-1600,-1600,0,0,0,0,-1600,周波数,0,0,0,0,2024/11/20 16:59:38
月間,202411,策定,越前嶺南線,2024/12/17,夜間帯,順方向,1900,1900,0,0,0,0,1900,安定度,0,0,0,0,2024/11/20 16:59:38
月間,202411,策定,越前嶺南線,2024/12/17,夜間帯,逆方向,-900,-900,0,0,0,0,-900,周波数,0,0,0,0,2024/11/20 16:59:38
月間,202410,策定,越前嶺南線,2024/12/18,昼間帯,順方向,1900,1900,0,0,0,0,1900,安定度,0,0,0,0,2024/10/18 17:01:29
月間,202410,策定,越前嶺南線,2024/12/18,昼間帯,逆方向,-1600,-1600,0,0,0,0,-1600,周波数,0,0,0,0,2024/10/18 17:01:29
月間,202410,策定,越前嶺南線,2024/12/18,夜間帯,順方向,1900,1900,0,0,0,0,1900,安定度,0,0,0,0,2024/10/18 17:01:29
月間,202410,策定,越前嶺南線,2024/12/18,夜間帯,逆方向,-900,-900,0,0,0,0,-900,周波数,0,0,0,0,2024/10/18 17:01:29
月間,202411,策定,越前嶺南線,2024/12/18,昼間帯,順方向,1900,1900,0,0,0,0,1900,安定度,0,0,0,0,2024/11/20 16:59:38
月間,202411,策定,越前嶺南線,2024/12/18,昼間帯,逆方向,-1600,-1600,0,0,0,0,-1600,周波数,0,0,0,0,2024/11/20 16:59:38
月間,202411,策定,越前嶺南線,2024/12/18,夜間帯,順方向,1900,1900,0,0,0,0,1900,安定度,0,0,0,0,2024/11/20 16:59:38
月間,202411,策定,越前嶺南線,2024/12/18,夜間帯,逆方向,-900,-900,0,0,0,0,-900,周波数,0,0,0,0,2024/11/20 16:59:38
月間,202410,策定,越前嶺南線,2024/12/19,昼間帯,順方向,1900,1900,0,0,0,0,1900,安定度,0,0,0,0,2024/10/18 17:01:29
月間,202410,策定,越前嶺南線,2024/12/19,昼間帯,逆方向,-1600,-1600,0,0,0,0,-1600,周波数,0,0,0,0,2024/10/18 17:01:29
月間,202410,策定,越前嶺南線,2024/12/19,夜間帯,順方向,1900,1900,0,0,0,0,1900,安定度,0,0,0,0,2024/10/18 17:01:29
月間,202410,策定,越前嶺南線,2024/12/19,夜間帯,逆方向,-900,-900,0,0,0,0,-900,周波数,0,0,0,0,2024/10/18 17:01:29
月間,202411,策定,越前嶺南線,2024/12/19,昼間帯,順方向,1900,1900,0,0,0,0,1900,安定度,0,0,0,0,2024/11/20 16:59:38
月間,202411,策定,越前嶺南線,2024/12/19,昼間帯,逆方向,-1600,-1600,0,0,0,0,-1600,周波数,0,0,0,0,2024/11/20 16:59:38
月間,202411,策定,越前嶺南線,2024/12/19,夜間帯,順方向,1900,1900,0,0,0,0,1900,安定度,0,0,0,0,2024/11/20 16:59:38
月間,202411,策定,越前嶺南線,2024/12/19,夜間帯,逆方向,-900,-900,0,0,0,0,-900,周波数,0,0,0,0,2024/11/20 16:59:38
月間,202410,策定,越前嶺南線,2024/12/20,昼間帯,順方向,1900,1900,0,0,0,0,1900,安定度,0,0,0,0,2024/10/18 17:01:29
月間,202410,策定,越前嶺南線,2024/12/20,昼間帯,逆方向,-1600,-1600,0,0,0,0,-1600,周波数,0,0,0,0,2024/10/18 17:01:29
月間,202410,策定,越前嶺南線,2024/12/20,夜間帯,順方向,1900,1900,0,0,0,0,1900,安定度,0,0,0,0,2024/10/18 17:01:29
月間,202410,策定,越前嶺南線,2024/12/20,夜間帯,逆方向,-900,-900,0,0,0,0,-900,周波数,0,0,0,0,2024/10/18 17:01:29
月間,202411,策定,越前嶺南線,2024/12/20,昼間帯,順方向,1900,1900,0,0,0,0,1900,安定度,0,0,0,0,2024/11/20 16:59:38
月間,202411,策定,越前嶺南線,2024/12/20,昼間帯,逆方向,-1600,-1600,0,0,0,0,-1600,周波数,0,0,0,0,2024/11/20 16:59:38
月間,202411,策定,越前嶺南線,2024/12/20,夜間帯,順方向,1900,1900,0,0,0,0,1900,安定度,0,0,0,0,2024/11/20 16:59:38
月間,202411,策定,越前嶺南線,2024/12/20,夜間帯,逆方向,-900,-900,0,0,0,0,-900,周波数,0,0,0,0,2024/11/20 16:59:38
月間,202410,策定,越前嶺南線,2024/12/21,昼間帯,順方向,1760,1760,0,0,0,0,1760,周波数,0,0,0,0,2024/10/18 17:01:29
月間,202410,策定,越前嶺南線,2024/12/21,昼間帯,逆方向,-900,-900,0,0,0,0,-900,周波数,0,0,0,0,2024/10/18 17:01:29
月間,202410,策定,越前嶺南線,2024/12/21,夜間帯,順方向,1900,1900,0,0,0,0,1900,安定度,0,0,0,0,2024/10/18 17:01:29
月間,202410,策定,越前嶺南線,2024/12/21,夜間帯,逆方向,-900,-900,0,0,0,0,-900,周波数,0,0,0,0,2024/10/18 17:01:29
月間,202411,策定,越前嶺南線,2024/12/21,昼間帯,順方向,1760,1760,0,0,0,0,1760,周波数,0,0,0,0,2024/11/20 16:59:38
月間,202411,策定,越前嶺南線,2024/12/21,昼間帯,逆方向,-900,-900,0,0,0,0,-900,周波数,0,0,0,0,2024/11/20 16:59:38
月間,202411,策定,越前嶺南線,2024/12/21,夜間帯,順方向,1900,1900,0,0,0,0,1900,安定度,0,0,0,0,2024/11/20 16:59:38
月間,202411,策定,越前嶺南線,2024/12/21,夜間帯,逆方向,-900,-900,0,0,0,0,-900,周波数,0,0,0,0,2024/11/20 16:59:38
月間,202410,策定,越前嶺南線,2024/12/22,昼間帯,順方向,1760,1760,0,0,0,0,1760,周波数,0,0,0,0,2024/10/18 17:01:29
月間,202410,策定,越前嶺南線,2024/12/22,昼間帯,逆方向,-900,-900,0,0,0,0,-900,周波数,0,0,0,0,2024/10/18 17:01:29
月間,202410,策定,越前嶺南線,2024/12/22,夜間帯,順方向,1900,1900,0,0,0,0,1900,安定度,0,0,0,0,2024/10/18 17:01:29
月間,202410,策定,越前嶺南線,2024/12/22,夜間帯,逆方向,-900,-900,0,0,0,0,-900,周波数,0,0,0,0,2024/10/18 17:01:29
月間,202411,策定,越前嶺南線,2024/12/22,昼間帯,順方向,1760,1760,0,0,0,0,1760,周波数,0,0,0,0,2024/11/20 16:59:38
月間,202411,策定,越前嶺南線,2024/12/22,昼間帯,逆方向,-900,-900,0,0,0,0,-900,周波数,0,0,0,0,2024/11/20 16:59:38
月間,202411,策定,越前嶺南線,2024/12/22,夜間帯,順方向,1900,1900,0,0,0,0,1900,安定度,0,0,0,0,2024/11/20 16:59:38
月間,202411,策定,越前嶺南線,2024/12/22,夜間帯,逆方向,-900,-900,0,0,0,0,-900,周波数,0,0,0,0,2024/11/20 16:59:38
月間,202410,策定,越前嶺南線,2024/12/23,昼間帯,順方向,1900,1900,0,0,0,0,1900,安定度,0,0,0,0,2024/10/18 17:01:29
月間,202410,策定,越前嶺南線,2024/12/23,昼間帯,逆方向,-1600,-1600,0,0,0,0,-1600,周波数,0,0,0,0,2024/10/18 17:01:29
月間,202410,策定,越前嶺南線,2024/12/23,夜間帯,順方向,1900,1900,0,0,0,0,1900,安定度,0,0,0,0,2024/10/18 17:01:29
月間,202410,策定,越前嶺南線,2024/12/23,夜間帯,逆方向,-900,-900,0,0,0,0,-900,周波数,0,0,0,0,2024/10/18 17:01:29
月間,202411,策定,越前嶺南線,2024/12/23,昼間帯,順方向,1900,1900,0,0,0,0,1900,安定度,0,0,0,0,2024/11/20 16:59:38
月間,202411,策定,越前嶺南線,2024/12/23,昼間帯,逆方向,-1600,-1600,0,0,0,0,-1600,周波数,0,0,0,0,2024/11/20 16:59:38
月間,202411,策定,越前嶺南線,2024/12/23,夜間帯,順方向,1900,1900,0,0,0,0,1900,安定度,0,0,0,0,2024/11/20 16:59:38
月間,202411,策定,越前嶺南線,2024/12/23,夜間帯,逆方向,-900,-900,0,0,0,0,-900,周波数,0,0,0,0,2024/11/20 16:59:38
月間,202410,策定,越前嶺南線,2024/12/24,昼間帯,順方向,1900,1900,0,0,0,0,1900,安定度,0,0,0,0,2024/10/18 17:01:29
月間,202410,策定,越前嶺南線,2024/12/24,昼間帯,逆方向,-1600,-1600,0,0,0,0,-1600,周波数,0,0,0,0,2024/10/18 17:01:29
月間,202410,策定,越前嶺南線,2024/12/24,夜間帯,順方向,1900,1900,0,0,0,0,1900,安定度,0,0,0,0,2024/10/18 17:01:29
月間,202410,策定,越前嶺南線,2024/12/24,夜間帯,逆方向,-900,-900,0,0,0,0,-900,周波数,0,0,0,0,2024/10/18 17:01:29
月間,202411,策定,越前嶺南線,2024/12/24,昼間帯,順方向,1900,1900,0,0,0,0,1900,安定度,0,0,0,0,2024/11/20 16:59:38
月間,202411,策定,越前嶺南線,2024/12/24,昼間帯,逆方向,-1600,-1600,0,0,0,0,-1600,周波数,0,0,0,0,2024/11/20 16:59:38
月間,202411,策定,越前嶺南線,2024/12/24,夜間帯,順方向,1900,1900,0,0,0,0,1900,安定度,0,0,0,0,2024/11/20 16:59:38
月間,202411,策定,越前嶺南線,2024/12/24,夜間帯,逆方向,-900,-900,0,0,0,0,-900,周波数,0,0,0,0,2024/11/20 16:59:38
月間,202410,策定,越前嶺南線,2024/12/25,昼間帯,順方向,1900,1900,0,0,0,0,1900,安定度,0,0,0,0,2024/10/18 17:01:29
月間,202410,策定,越前嶺南線,2024/12/25,昼間帯,逆方向,-1600,-1600,0,0,0,0,-1600,周波数,0,0,0,0,2024/10/18 17:01:29
月間,202410,策定,越前嶺南線,2024/12/25,夜間帯,順方向,1900,1900,0,0,0,0,1900,安定度,0,0,0,0,2024/10/18 17:01:29
月間,202410,策定,越前嶺南線,2024/12/25,夜間帯,逆方向,-900,-900,0,0,0,0,-900,周波数,0,0,0,0,2024/10/18 17:01:29
月間,202411,策定,越前嶺南線,2024/12/25,昼間帯,順方向,1900,1900,0,0,0,0,1900,安定度,0,0,0,0,2024/11/20 16:59:38
月間,202411,策定,越前嶺南線,2024/12/25,昼間帯,逆方向,-1600,-1600,0,0,0,0,-1600,周波数,0,0,0,0,2024/11/20 16:59:38
月間,202411,策定,越前嶺南線,2024/12/25,夜間帯,順方向,1900,1900,0,0,0,0,1900,安定度,0,0,0,0,2024/11/20 16:59:38
月間,202411,策定,越前嶺南線,2024/12/25,夜間帯,逆方向,-900,-900,0,0,0,0,-900,周波数,0,0,0,0,2024/11/20 16:59:38
月間,202410,策定,越前嶺南線,2024/12/26,昼間帯,順方向,1900,1900,0,0,0,0,1900,安定度,0,0,0,0,2024/10/18 17:01:29
月間,202410,策定,越前嶺南線,2024/12/26,昼間帯,逆方向,-1600,-1600,0,0,0,0,-1600,周波数,0,0,0,0,2024/10/18 17:01:29
月間,202410,策定,越前嶺南線,2024/12/26,夜間帯,順方向,1900,1900,0,0,0,0,1900,安定度,0,0,0,0,2024/10/18 17:01:29
月間,202410,策定,越前嶺南線,2024/12/26,夜間帯,逆方向,-900,-900,0,0,0,0,-900,周波数,0,0,0,0,2024/10/18 17:01:29
月間,202411,策定,越前嶺南線,2024/12/26,昼間帯,順方向,1900,1900,0,0,0,0,1900,安定度,0,0,0,0,2024/11/20 16:59:38
月間,202411,策定,越前嶺南線,2024/12/26,昼間帯,逆方向,-1600,-1600,0,0,0,0,-1600,周波数,0,0,0,0,2024/11/20 16:59:38
月間,202411,策定,越前嶺南線,2024/12/26,夜間帯,順方向,1900,1900,0,0,0,0,1900,安定度,0,0,0,0,2024/11/20 16:59:38
月間,202411,策定,越前嶺南線,2024/12/26,夜間帯,逆方向,-900,-900,0,0,0,0,-900,周波数,0,0,0,0,2024/11/20 16:59:38
月間,202410,策定,越前嶺南線,2024/12/27,昼間帯,順方向,1900,1900,0,0,0,0,1900,安定度,0,0,0,0,2024/10/18 17:01:29
月間,202410,策定,越前嶺南線,2024/12/27,昼間帯,逆方向,-1600,-1600,0,0,0,0,-1600,周波数,0,0,0,0,2024/10/18 17:01:29
月間,202410,策定,越前嶺南線,2024/12/27,夜間帯,順方向,1900,1900,0,0,0,0,1900,安定度,0,0,0,0,2024/10/18 17:01:29
月間,202410,策定,越前嶺南線,2024/12/27,夜間帯,逆方向,-900,-900,0,0,0,0,-900,周波数,0,0,0,0,2024/10/18 17:01:29
月間,202411,策定,越前嶺南線,2024/12/27,昼間帯,順方向,1900,1900,0,0,0,0,1900,安定度,0,0,0,0,2024/11/20 16:59:38
月間,202411,策定,越前嶺南線,2024/12/27,昼間帯,逆方向,-1600,-1600,0,0,0,0,-1600,周波数,0,0,0,0,2024/11/20 16:59:38
月間,202411,策定,越前嶺南線,2024/12/27,夜間帯,順方向,1900,1900,0,0,0,0,1900,安定度,0,0,0,0,2024/11/20 16:59:38
月間,202411,策定,越前嶺南線,2024/12/27,夜間帯,逆方向,-900,-900,0,0,0,0,-900,周波数,0,0,0,0,2024/11/20 16:59:38
月間,202410,策定,越前嶺南線,2024/12/28,昼間帯,順方向,1760,1760,0,0,0,0,1760,周波数,0,0,0,0,2024/10/18 17:01:29
月間,202410,策定,越前嶺南線,2024/12/28,昼間帯,逆方向,-900,-900,0,0,0,0,-900,周波数,0,0,0,0,2024/10/18 17:01:29
月間,202410,策定,越前嶺南線,2024/12/28,夜間帯,順方向,1900,1900,0,0,0,0,1900,安定度,0,0,0,0,2024/10/18 17:01:29
月間,202410,策定,越前嶺南線,2024/12/28,夜間帯,逆方向,-900,-900,0,0,0,0,-900,周波数,0,0,0,0,2024/10/18 17:01:29
月間,202411,策定,越前嶺南線,2024/12/28,昼間帯,順方向,1760,1760,0,0,0,0,1760,周波数,0,0,0,0,2024/11/20 16:59:38
月間,202411,策定,越前嶺南線,2024/12/28,昼間帯,逆方向,-900,-900,0,0,0,0,-900,周波数,0,0,0,0,2024/11/20 16:59:38
月間,202411,策定,越前嶺南線,2024/12/28,夜間帯,順方向,1900,1900,0,0,0,0,1900,安定度,0,0,0,0,2024/11/20 16:59:38
月間,202411,策定,越前嶺南線,2024/12/28,夜間帯,逆方向,-900,-900,0,0,0,0,-900,周波数,0,0,0,0,2024/11/20 16:59:38
月間,202410,策定,越前嶺南線,2024/12/29,昼間帯,順方向,1760,1760,0,0,0,0,1760,周波数,0,0,0,0,2024/10/18 17:01:29
月間,202410,策定,越前嶺南線,2024/12/29,昼間帯,逆方向,-900,-900,0,0,0,0,-900,周波数,0,0,0,0,2024/10/18 17:01:29
月間,202410,策定,越前嶺南線,2024/12/29,夜間帯,順方向,1900,1900,0,0,0,0,1900,安定度,0,0,0,0,2024/10/18 17:01:29
月間,202410,策定,越前嶺南線,2024/12/29,夜間帯,逆方向,-900,-900,0,0,0,0,-900,周波数,0,0,0,0,2024/10/18 17:01:29
月間,202411,策定,越前嶺南線,2024/12/29,昼間帯,順方向,1760,1760,0,0,0,0,1760,周波数,0,0,0,0,2024/11/20 16:59:38
月間,202411,策定,越前嶺南線,2024/12/29,昼間帯,逆方向,-900,-900,0,0,0,0,-900,周波数,0,0,0,0,2024/11/20 16:59:38
月間,202411,策定,越前嶺南線,2024/12/29,夜間帯,順方向,1900,1900,0,0,0,0,1900,安定度,0,0,0,0,2024/11/20 16:59:38
月間,202411,策定,越前嶺南線,2024/12/29,夜間帯,逆方向,-900,-900,0,0,0,0,-900,周波数,0,0,0,0,2024/11/20 16:59:38
月間,202410,策定,越前嶺南線,2024/12/30,昼間帯,順方向,1740,1740,0,0,0,0,1740,周波数,0,0,0,0,2024/10/18 17:01:29
月間,202410,策定,越前嶺南線,2024/12/30,昼間帯,逆方向,-900,-900,0,0,0,0,-900,周波数,0,0,0,0,2024/10/18 17:01:29
月間,202410,策定,越前嶺南線,2024/12/30,夜間帯,順方向,1900,1900,0,0,0,0,1900,安定度,0,0,0,0,2024/10/18 17:01:29
月間,202410,策定,越前嶺南線,2024/12/30,夜間帯,逆方向,-900,-900,0,0,0,0,-900,周波数,0,0,0,0,2024/10/18 17:01:29
月間,202411,策定,越前嶺南線,2024/12/30,昼間帯,順方向,1740,1740,0,0,0,0,1740,周波数,0,0,0,0,2024/11/20 16:59:38
月間,202411,策定,越前嶺南線,2024/12/30,昼間帯,逆方向,-900,-900,0,0,0,0,-900,周波数,0,0,0,0,2024/11/20 16:59:38
月間,202411,策定,越前嶺南線,2024/12/30,夜間帯,順方向,1900,1900,0,0,0,0,1900,安定度,0,0,0,0,2024/11/20 16:59:38
月間,202411,策定,越前嶺南線,2024/12/30,夜間帯,逆方向,-900,-900,0,0,0,0,-900,周波数,0,0,0,0,2024/11/20 16:59:38
月間,202410,策定,越前嶺南線,2024/12/31,昼間帯,順方向,1740,1740,0,0,0,0,1740,周波数,0,0,0,0,2024/10/18 17:01:29
月間,202410,策定,越前嶺南線,2024/12/31,昼間帯,逆方向,-900,-900,0,0,0,0,-900,周波数,0,0,0,0,2024/10/18 17:01:29
月間,202410,策定,越前嶺南線,2024/12/31,夜間帯,順方向,1900,1900,0,0,0,0,1900,安定度,0,0,0,0,2024/10/18 17:01:29
月間,202410,策定,越前嶺南線,2024/12/31,夜間帯,逆方向,-900,-900,0,0,0,0,-900,周波数,0,0,0,0,2024/10/18 17:01:29
月間,202411,策定,越前嶺南線,2024/12/31,昼間帯,順方向,1740,1740,0,0,0,0,1740,周波数,0,0,0,0,2024/11/20 16:59:38
月間,202411,策定,越前嶺南線,2024/12/31,昼間帯,逆方向,-900,-900,0,0,0,0,-900,周波数,0,0,0,0,2024/11/20 16:59:38
月間,202411,策定,越前嶺南線,2024/12/31,夜間帯,順方向,1900,1900,0,0,0,0,1900,安定度,0,0,0,0,2024/11/20 16:59:38
月間,202411,策定,越前嶺南線,2024/12/31,夜間帯,逆方向,-900,-900,0,0,0,0,-900,周波数,0,0,0,0,2024/11/20 16:59:38
月間,202409,策定,西播東岡山線・山崎智頭線,2024/11/01,昼間帯,順方向,3260,3260,0,0,0,0,3260,熱容量,0,0,0,0,2024/09/20 17:01:43
月間,202409,策定,西播東岡山線・山崎智頭線,2024/11/01,昼間帯,逆方向,-4450,-4450,0,0,0,0,-4450,電圧,0,0,0,0,2024/09/20 17:01:43
月間,202409,策定,西播東岡山線・山崎智頭線,2024/11/01,夜間帯,順方向,3260,3260,0,0,0,0,3260,熱容量,0,0,0,0,2024/09/20 17:01:43
月間,202409,策定,西播東岡山線・山崎智頭線,2024/11/01,夜間帯,逆方向,-4450,-4450,0,0,0,0,-4450,電圧,0,0,0,0,2024/09/20 17:01:43
月間,202409,策定,西播東岡山線・山崎智頭線,2024/11/02,昼間帯,順方向,3260,3260,0,0,0,0,3260,熱容量,0,0,0,0,2024/09/20 17:01:43
月間,202409,策定,西播東岡山線・山崎智頭線,2024/11/02,昼間帯,逆方向,-4450,-4450,0,0,0,0,-4450,電圧,0,0,0,0,2024/09/20 17:01:43
月間,202409,策定,西播東岡山線・山崎智頭線,2024/11/02,夜間帯,順方向,3260,3260,0,0,0,0,3260,熱容量,0,0,0,0,2024/09/20 17:01:43
月間,202409,策定,西播東岡山線・山崎智頭線,2024/11/02,夜間帯,逆方向,-4450,-4450,0,0,0,0,-4450,電圧,0,0,0,0,2024/09/20 17:01:43
月間,202410,策定,西播東岡山線・山崎智頭線,2024/11/02,昼間帯,順方向,3260,3260,0,0,0,0,3260,熱容量,0,0,0,0,2024/10/18 17:01:29
月間,202410,策定,西播東岡山線・山崎智頭線,2024/11/02,昼間帯,逆方向,-4450,-4450,0,0,0,0,-4450,電圧,0,0,0,0,2024/10/18 17:01:29
月間,202410,策定,西播東岡山線・山崎智頭線,2024/11/02,夜間帯,順方向,3260,3260,0,0,0,0,3260,熱容量,0,0,0,0,2024/10/18 17:01:29
月間,202410,策定,西播東岡山線・山崎智頭線,2024/11/02,夜間帯,逆方向,-4450,-4450,0,0,0,0,-4450,電圧,0,0,0,0,2024/10/18 17:01:29
月間,202409,策定,西播東岡山線・山崎智頭線,2024/11/03,昼間帯,順方向,3260,3260,0,0,0,0,3260,熱容量,0,0,0,0,2024/09/20 17:01:43
月間,202409,策定,西播東岡山線・山崎智頭線,2024/11/03,昼間帯,逆方向,-4450,-4450,0,0,0,0,-4450,電圧,0,0,0,0,2024/09/20 17:01:43
月間,202409,策定,西播東岡山線・山崎智頭線,2024/11/03,夜間帯,順方向,3260,3260,0,0,0,0,3260,熱容量,0,0,0,0,2024/09/20 17:01:43
月間,202409,策定,西播東岡山線・山崎智頭線,2024/11/03,夜間帯,逆方向,-4450,-4450,0,0,0,0,-4450,電圧,0,0,0,0,2024/09/20 17:01:43
月間,202410,策定,西播東岡山線・山崎智頭線,2024/11/03,昼間帯,順方向,3260,3260,0,0,0,0,3260,熱容量,0,0,0,0,2024/10/18 17:01:29
月間,202410,策定,西播東岡山線・山崎智頭線,2024/11/03,昼間帯,逆方向,-4450,-4450,0,0,0,0,-4450,電圧,0,0,0,0,2024/10/18 17:01:29
月間,202410,策定,西播東岡山線・山崎智頭線,2024/11/03,夜間帯,順方向,3260,3260,0,0,0,0,3260,熱容量,0,0,0,0,2024/10/18 17:01:29
月間,202410,策定,西播東岡山線・山崎智頭線,2024/11/03,夜間帯,逆方向,-4450,-4450,0,0,0,0,-4450,電圧,0,0,0,0,2024/10/18 17:01:29
月間,202409,策定,西播東岡山線・山崎智頭線,2024/11/04,昼間帯,順方向,3260,3260,0,0,0,0,3260,熱容量,0,0,0,0,2024/09/20 17:01:43
月間,202409,策定,西播東岡山線・山崎智頭線,2024/11/04,昼間帯,逆方向,-4450,-4450,0,0,0,0,-4450,電圧,0,0,0,0,2024/09/20 17:01:43
月間,202409,策定,西播東岡山線・山崎智頭線,2024/11/04,夜間帯,順方向,3260,3260,0,0,0,0,3260,熱容量,0,0,0,0,2024/09/20 17:01:43
月間,202409,策定,西播東岡山線・山崎智頭線,2024/11/04,夜間帯,逆方向,-4450,-4450,0,0,0,0,-4450,電圧,0,0,0,0,2024/09/20 17:01:43
月間,202410,策定,西播東岡山線・山崎智頭線,2024/11/04,昼間帯,順方向,3260,3260,0,0,0,0,3260,熱容量,0,0,0,0,2024/10/18 17:01:29
月間,202410,策定,西播東岡山線・山崎智頭線,2024/11/04,昼間帯,逆方向,-4450,-4450,0,0,0,0,-4450,電圧,0,0,0,0,2024/10/18 17:01:29
月間,202410,策定,西播東岡山線・山崎智頭線,2024/11/04,夜間帯,順方向,3260,3260,0,0,0,0,3260,熱容量,0,0,0,0,2024/10/18 17:01:29
月間,202410,策定,西播東岡山線・山崎智頭線,2024/11/04,夜間帯,逆方向,-4450,-4450,0,0,0,0,-4450,電圧,0,0,0,0,2024/10/18 17:01:29
月間,202409,策定,西播東岡山線・山崎智頭線,2024/11/05,昼間帯,順方向,3260,3260,0,0,0,0,3260,熱容量,0,0,0,0,2024/09/20 17:01:43
月間,202409,策定,西播東岡山線・山崎智頭線,2024/11/05,昼間帯,逆方向,-4450,-4450,0,0,0,0,-4450,電圧,0,0,0,0,2024/09/20 17:01:43
月間,202409,策定,西播東岡山線・山崎智頭線,2024/11/05,夜間帯,順方向,3260,3260,0,0,0,0,3260,熱容量,0,0,0,0,2024/09/20 17:01:43
月間,202409,策定,西播東岡山線・山崎智頭線,2024/11/05,夜間帯,逆方向,-4450,-4450,0,0,0,0,-4450,電圧,0,0,0,0,2024/09/20 17:01:43
月間,202410,策定,西播東岡山線・山崎智頭線,2024/11/05,昼間帯,順方向,3260,3260,0,0,0,0,3260,熱容量,0,0,0,0,2024/10/18 17:01:29
月間,202410,策定,西播東岡山線・山崎智頭線,2024/11/05,昼間帯,逆方向,-4450,-4450,0,0,0,0,-4450,電圧,0,0,0,0,2024/10/18 17:01:29
月間,202410,策定,西播東岡山線・山崎智頭線,2024/11/05,夜間帯,順方向,3260,3260,0,0,0,0,3260,熱容量,0,0,0,0,2024/10/18 17:01:29
月間,202410,策定,西播東岡山線・山崎智頭線,2024/11/05,夜間帯,逆方向,-4450,-4450,0,0,0,0,-4450,電圧,0,0,0,0,2024/10/18 17:01:29
月間,202409,策定,西播東岡山線・山崎智頭線,2024/11/06,昼間帯,順方向,3260,3260,0,0,0,0,3260,熱容量,0,0,0,0,2024/09/20 17:01:43
月間,202409,策定,西播東岡山線・山崎智頭線,2024/11/06,昼間帯,逆方向,-4450,-4450,0,0,0,0,-4450,電圧,0,0,0,0,2024/09/20 17:01:43
月間,202409,策定,西播東岡山線・山崎智頭線,2024/11/06,夜間帯,順方向,3260,3260,0,0,0,0,3260,熱容量,0,0,0,0,2024/09/20 17:01:43
月間,202409,策定,西播東岡山線・山崎智頭線,2024/11/06,夜間帯,逆方向,-4450,-4450,0,0,0,0,-4450,電圧,0,0,0,0,2024/09/20 17:01:43
月間,202410,策定,西播東岡山線・山崎智頭線,2024/11/06,昼間帯,順方向,3260,3260,0,0,0,0,3260,熱容量,0,0,0,0,2024/10/18 17:01:29
月間,202410,策定,西播東岡山線・山崎智頭線,2024/11/06,昼間帯,逆方向,-4450,-4450,0,0,0,0,-4450,電圧,0,0,0,0,2024/10/18 17:01:29
月間,202410,策定,西播東岡山線・山崎智頭線,2024/11/06,夜間帯,順方向,3260,3260,0,0,0,0,3260,熱容量,0,0,0,0,2024/10/18 17:01:29
月間,202410,策定,西播東岡山線・山崎智頭線,2024/11/06,夜間帯,逆方向,-4450,-4450,0,0,0,0,-4450,電圧,0,0,0,0,2024/10/18 17:01:29
月間,202409,策定,西播東岡山線・山崎智頭線,2024/11/07,昼間帯,順方向,3260,3260,0,0,0,0,3260,熱容量,0,0,0,0,2024/09/20 17:01:43
月間,202409,策定,西播東岡山線・山崎智頭線,2024/11/07,昼間帯,逆方向,-4450,-4450,0,0,0,0,-4450,電圧,0,0,0,0,2024/09/20 17:01:43
月間,202409,策定,西播東岡山線・山崎智頭線,2024/11/07,夜間帯,順方向,3260,3260,0,0,0,0,3260,熱容量,0,0,0,0,2024/09/20 17:01:43
月間,202409,策定,西播東岡山線・山崎智頭線,2024/11/07,夜間帯,逆方向,-4450,-4450,0,0,0,0,-4450,電圧,0,0,0,0,2024/09/20 17:01:43
月間,202410,策定,西播東岡山線・山崎智頭線,2024/11/07,昼間帯,順方向,3260,3260,0,0,0,0,3260,熱容量,0,0,0,0,2024/10/18 17:01:29
月間,202410,策定,西播東岡山線・山崎智頭線,2024/11/07,昼間帯,逆方向,-4450,-4450,0,0,0,0,-4450,電圧,0,0,0,0,2024/10/18 17:01:29
月間,202410,策定,西播東岡山線・山崎智頭線,2024/11/07,夜間帯,順方向,3260,3260,0,0,0,0,3260,熱容量,0,0,0,0,2024/10/18 17:01:29
月間,202410,策定,西播東岡山線・山崎智頭線,2024/11/07,夜間帯,逆方向,-4450,-4450,0,0,0,0,-4450,電圧,0,0,0,0,2024/10/18 17:01:29
月間,202409,策定,西播東岡山線・山崎智頭線,2024/11/08,昼間帯,順方向,3260,3260,0,0,0,0,3260,熱容量,0,0,0,0,2024/09/20 17:01:43
月間,202409,策定,西播東岡山線・山崎智頭線,2024/11/08,昼間帯,逆方向,-4450,-4450,0,0,0,0,-4450,電圧,0,0,0,0,2024/09/20 17:01:43
月間,202409,策定,西播東岡山線・山崎智頭線,2024/11/08,夜間帯,順方向,3260,3260,0,0,0,0,3260,熱容量,0,0,0,0,2024/09/20 17:01:43
月間,202409,策定,西播東岡山線・山崎智頭線,2024/11/08,夜間帯,逆方向,-4450,-4450,0,0,0,0,-4450,電圧,0,0,0,0,2024/09/20 17:01:43
月間,202410,策定,西播東岡山線・山崎智頭線,2024/11/08,昼間帯,順方向,3260,3260,0,0,0,0,3260,熱容量,0,0,0,0,2024/10/18 17:01:29
月間,202410,策定,西播東岡山線・山崎智頭線,2024/11/08,昼間帯,逆方向,-4450,-4450,0,0,0,0,-4450,電圧,0,0,0,0,2024/10/18 17:01:29
月間,202410,策定,西播東岡山線・山崎智頭線,2024/11/08,夜間帯,順方向,3260,3260,0,0,0,0,3260,熱容量,0,0,0,0,2024/10/18 17:01:29
月間,202410,策定,西播東岡山線・山崎智頭線,2024/11/08,夜間帯,逆方向,-4450,-4450,0,0,0,0,-4450,電圧,0,0,0,0,2024/10/18 17:01:29
月間,202409,策定,西播東岡山線・山崎智頭線,2024/11/09,昼間帯,順方向,3260,3260,0,0,0,0,3260,熱容量,0,0,0,0,2024/09/20 17:01:43
月間,202409,策定,西播東岡山線・山崎智頭線,2024/11/09,昼間帯,逆方向,-4450,-4450,0,0,0,0,-4450,電圧,0,0,0,0,2024/09/20 17:01:43
月間,202409,策定,西播東岡山線・山崎智頭線,2024/11/09,夜間帯,順方向,3260,3260,0,0,0,0,3260,熱容量,0,0,0,0,2024/09/20 17:01:43
月間,202409,策定,西播東岡山線・山崎智頭線,2024/11/09,夜間帯,逆方向,-4450,-4450,0,0,0,0,-4450,電圧,0,0,0,0,2024/09/20 17:01:43
月間,202410,策定,西播東岡山線・山崎智頭線,2024/11/09,昼間帯,順方向,3260,3260,0,0,0,0,3260,熱容量,0,0,0,0,2024/10/18 17:01:29
月間,202410,策定,西播東岡山線・山崎智頭線,2024/11/09,昼間帯,逆方向,-4450,-4450,0,0,0,0,-4450,電圧,0,0,0,0,2024/10/18 17:01:29
月間,202410,策定,西播東岡山線・山崎智頭線,2024/11/09,夜間帯,順方向,3260,3260,0,0,0,0,3260,熱容量,0,0,0,0,2024/10/18 17:01:29
月間,202410,策定,西播東岡山線・山崎智頭線,2024/11/09,夜間帯,逆方向,-4450,-4450,0,0,0,0,-4450,電圧,0,0,0,0,2024/10/18 17:01:29
月間,202409,策定,西播東岡山線・山崎智頭線,2024/11/10,昼間帯,順方向,3260,3260,0,0,0,0,3260,熱容量,0,0,0,0,2024/09/20 17:01:43
月間,202409,策定,西播東岡山線・山崎智頭線,2024/11/10,昼間帯,逆方向,-4450,-4450,0,0,0,0,-4450,電圧,0,0,0,0,2024/09/20 17:01:43
月間,202409,策定,西播東岡山線・山崎智頭線,2024/11/10,夜間帯,順方向,3260,3260,0,0,0,0,3260,熱容量,0,0,0,0,2024/09/20 17:01:43
月間,202409,策定,西播東岡山線・山崎智頭線,2024/11/10,夜間帯,逆方向,-4450,-4450,0,0,0,0,-4450,電圧,0,0,0,0,2024/09/20 17:01:43
月間,202410,策定,西播東岡山線・山崎智頭線,2024/11/10,昼間帯,順方向,3260,3260,0,0,0,0,3260,熱容量,0,0,0,0,2024/10/18 17:01:29
月間,202410,策定,西播東岡山線・山崎智頭線,2024/11/10,昼間帯,逆方向,-4450,-4450,0,0,0,0,-4450,電圧,0,0,0,0,2024/10/18 17:01:29
月間,202410,策定,西播東岡山線・山崎智頭線,2024/11/10,夜間帯,順方向,3260,3260,0,0,0,0,3260,熱容量,0,0,0,0,2024/10/18 17:01:29
月間,202410,策定,西播東岡山線・山崎智頭線,2024/11/10,夜間帯,逆方向,-4450,-4450,0,0,0,0,-4450,電圧,0,0,0,0,2024/10/18 17:01:29
月間,202409,策定,西播東岡山線・山崎智頭線,2024/11/11,昼間帯,順方向,3260,3260,0,0,0,0,3260,熱容量,0,0,0,0,2024/09/20 17:01:43
月間,202409,策定,西播東岡山線・山崎智頭線,2024/11/11,昼間帯,逆方向,-4450,-4450,0,0,0,0,-4450,電圧,0,0,0,0,2024/09/20 17:01:43
月間,202409,策定,西播東岡山線・山崎智頭線,2024/11/11,夜間帯,順方向,3260,3260,0,0,0,0,3260,熱容量,0,0,0,0,2024/09/20 17:01:43
月間,202409,策定,西播東岡山線・山崎智頭線,2024/11/11,夜間帯,逆方向,-4450,-4450,0,0,0,0,-4450,電圧,0,0,0,0,2024/09/20 17:01:43
月間,202410,策定,西播東岡山線・山崎智頭線,2024/11/11,昼間帯,順方向,3260,3260,0,0,0,0,3260,熱容量,0,0,0,0,2024/10/18 17:01:29
月間,202410,策定,西播東岡山線・山崎智頭線,2024/11/11,昼間帯,逆方向,-4450,-4450,0,0,0,0,-4450,電圧,0,0,0,0,2024/10/18 17:01:29
月間,202410,策定,西播東岡山線・山崎智頭線,2024/11/11,夜間帯,順方向,3260,3260,0,0,0,0,3260,熱容量,0,0,0,0,2024/10/18 17:01:29
月間,202410,策定,西播東岡山線・山崎智頭線,2024/11/11,夜間帯,逆方向,-4450,-4450,0,0,0,0,-4450,電圧,0,0,0,0,2024/10/18 17:01:29
月間,202409,策定,西播東岡山線・山崎智頭線,2024/11/12,昼間帯,順方向,3260,3260,0,0,0,0,3260,熱容量,0,0,0,0,2024/09/20 17:01:43
月間,202409,策定,西播東岡山線・山崎智頭線,2024/11/12,昼間帯,逆方向,-4450,-4450,0,0,0,0,-4450,電圧,0,0,0,0,2024/09/20 17:01:43
月間,202409,策定,西播東岡山線・山崎智頭線,2024/11/12,夜間帯,順方向,3260,3260,0,0,0,0,3260,熱容量,0,0,0,0,2024/09/20 17:01:43
月間,202409,策定,西播東岡山線・山崎智頭線,2024/11/12,夜間帯,逆方向,-4450,-4450,0,0,0,0,-4450,電圧,0,0,0,0,2024/09/20 17:01:43
月間,202410,策定,西播東岡山線・山崎智頭線,2024/11/12,昼間帯,順方向,3260,3260,0,0,0,0,3260,熱容量,0,0,0,0,2024/10/18 17:01:29
月間,202410,策定,西播東岡山線・山崎智頭線,2024/11/12,昼間帯,逆方向,-4450,-4450,0,0,0,0,-4450,電圧,0,0,0,0,2024/10/18 17:01:29
月間,202410,策定,西播東岡山線・山崎智頭線,2024/11/12,夜間帯,順方向,3260,3260,0,0,0,0,3260,熱容量,0,0,0,0,2024/10/18 17:01:29
月間,202410,策定,西播東岡山線・山崎智頭線,2024/11/12,夜間帯,逆方向,-4450,-4450,0,0,0,0,-4450,電圧,0,0,0,0,2024/10/18 17:01:29
月間,202409,策定,西播東岡山線・山崎智頭線,2024/11/13,昼間帯,順方向,3260,3260,0,0,0,0,3260,熱容量,0,0,0,0,2024/09/20 17:01:43
月間,202409,策定,西播東岡山線・山崎智頭線,2024/11/13,昼間帯,逆方向,-4450,-4450,0,0,0,0,-4450,電圧,0,0,0,0,2024/09/20 17:01:43
月間,202409,策定,西播東岡山線・山崎智頭線,2024/11/13,夜間帯,順方向,3260,3260,0,0,0,0,3260,熱容量,0,0,0,0,2024/09/20 17:01:43
月間,202409,策定,西播東岡山線・山崎智頭線,2024/11/13,夜間帯,逆方向,-4450,-4450,0,0,0,0,-4450,電圧,0,0,0,0,2024/09/20 17:01:43
月間,202410,策定,西播東岡山線・山崎智頭線,2024/11/13,昼間帯,順方向,3260,3260,0,0,0,0,3260,熱容量,0,0,0,0,2024/10/18 17:01:29
月間,202410,策定,西播東岡山線・山崎智頭線,2024/11/13,昼間帯,逆方向,-4450,-4450,0,0,0,0,-4450,電圧,0,0,0,0,2024/10/18 17:01:29
月間,202410,策定,西播東岡山線・山崎智頭線,2024/11/13,夜間帯,順方向,3260,3260,0,0,0,0,3260,熱容量,0,0,0,0,2024/10/18 17:01:29
月間,202410,策定,西播東岡山線・山崎智頭線,2024/11/13,夜間帯,逆方向,-4450,-4450,0,0,0,0,-4450,電圧,0,0,0,0,2024/10/18 17:01:29
月間,202409,策定,西播東岡山線・山崎智頭線,2024/11/14,昼間帯,順方向,3260,3260,0,0,0,0,3260,熱容量,0,0,0,0,2024/09/20 17:01:43
月間,202409,策定,西播東岡山線・山崎智頭線,2024/11/14,昼間帯,逆方向,-4450,-4450,0,0,0,0,-4450,電圧,0,0,0,0,2024/09/20 17:01:43
月間,202409,策定,西播東岡山線・山崎智頭線,2024/11/14,夜間帯,順方向,3260,3260,0,0,0,0,3260,熱容量,0,0,0,0,2024/09/20 17:01:43
月間,202409,策定,西播東岡山線・山崎智頭線,2024/11/14,夜間帯,逆方向,-4450,-4450,0,0,0,0,-4450,電圧,0,0,0,0,2024/09/20 17:01:43
月間,202410,策定,西播東岡山線・山崎智頭線,2024/11/14,昼間帯,順方向,3260,3260,0,0,0,0,3260,熱容量,0,0,0,0,2024/10/18 17:01:29
月間,202410,策定,西播東岡山線・山崎智頭線,2024/11/14,昼間帯,逆方向,-4450,-4450,0,0,0,0,-4450,電圧,0,0,0,0,2024/10/18 17:01:29
月間,202410,策定,西播東岡山線・山崎智頭線,2024/11/14,夜間帯,順方向,3260,3260,0,0,0,0,3260,熱容量,0,0,0,0,2024/10/18 17:01:29
月間,202410,策定,西播東岡山線・山崎智頭線,2024/11/14,夜間帯,逆方向,-4450,-4450,0,0,0,0,-4450,電圧,0,0,0,0,2024/10/18 17:01:29
月間,202409,策定,西播東岡山線・山崎智頭線,2024/11/15,昼間帯,順方向,3260,3260,0,0,0,0,3260,熱容量,0,0,0,0,2024/09/20 17:01:43
月間,202409,策定,西播東岡山線・山崎智頭線,2024/11/15,昼間帯,逆方向,-4450,-4450,0,0,0,0,-4450,電圧,0,0,0,0,2024/09/20 17:01:43
月間,202409,策定,西播東岡山線・山崎智頭線,2024/11/15,夜間帯,順方向,3260,3260,0,0,0,0,3260,熱容量,0,0,0,0,2024/09/20 17:01:43
月間,202409,策定,西播東岡山線・山崎智頭線,2024/11/15,夜間帯,逆方向,-4450,-4450,0,0,0,0,-4450,電圧,0,0,0,0,2024/09/20 17:01:43
月間,202410,策定,西播東岡山線・山崎智頭線,2024/11/15,昼間帯,順方向,3260,3260,0,0,0,0,3260,熱容量,0,0,0,0,2024/10/18 17:01:29
月間,202410,策定,西播東岡山線・山崎智頭線,2024/11/15,昼間帯,逆方向,-4450,-4450,0,0,0,0,-4450,電圧,0,0,0,0,2024/10/18 17:01:29
月間,202410,策定,西播東岡山線・山崎智頭線,2024/11/15,夜間帯,順方向,3260,3260,0,0,0,0,3260,熱容量,0,0,0,0,2024/10/18 17:01:29
月間,202410,策定,西播東岡山線・山崎智頭線,2024/11/15,夜間帯,逆方向,-4450,-4450,0,0,0,0,-4450,電圧,0,0,0,0,2024/10/18 17:01:29
月間,202409,策定,西播東岡山線・山崎智頭線,2024/11/16,昼間帯,順方向,3260,3260,0,0,0,0,3260,熱容量,0,0,0,0,2024/09/20 17:01:43
月間,202409,策定,西播東岡山線・山崎智頭線,2024/11/16,昼間帯,逆方向,-4450,-4450,0,0,0,0,-4450,電圧,0,0,0,0,2024/09/20 17:01:43
月間,202409,策定,西播東岡山線・山崎智頭線,2024/11/16,夜間帯,順方向,3260,3260,0,0,0,0,3260,熱容量,0,0,0,0,2024/09/20 17:01:43
月間,202409,策定,西播東岡山線・山崎智頭線,2024/11/16,夜間帯,逆方向,-4450,-4450,0,0,0,0,-4450,電圧,0,0,0,0,2024/09/20 17:01:43
月間,202410,策定,西播東岡山線・山崎智頭線,2024/11/16,昼間帯,順方向,3260,3260,0,0,0,0,3260,熱容量,0,0,0,0,2024/10/18 17:01:29
月間,202410,策定,西播東岡山線・山崎智頭線,2024/11/16,昼間帯,逆方向,-4450,-4450,0,0,0,0,-4450,電圧,0,0,0,0,2024/10/18 17:01:29
月間,202410,策定,西播東岡山線・山崎智頭線,2024/11/16,夜間帯,順方向,3260,3260,0,0,0,0,3260,熱容量,0,0,0,0,2024/10/18 17:01:29
月間,202410,策定,西播東岡山線・山崎智頭線,2024/11/16,夜間帯,逆方向,-4450,-4450,0,0,0,0,-4450,電圧,0,0,0,0,2024/10/18 17:01:29
月間,202409,策定,西播東岡山線・山崎智頭線,2024/11/17,昼間帯,順方向,3260,3260,0,0,0,0,3260,熱容量,0,0,0,0,2024/09/20 17:01:43
月間,202409,策定,西播東岡山線・山崎智頭線,2024/11/17,昼間帯,逆方向,-4450,-4450,0,0,0,0,-4450,電圧,0,0,0,0,2024/09/20 17:01:43
月間,202409,策定,西播東岡山線・山崎智頭線,2024/11/17,夜間帯,順方向,3260,3260,0,0,0,0,3260,熱容量,0,0,0,0,2024/09/20 17:01:43
月間,202409,策定,西播東岡山線・山崎智頭線,2024/11/17,夜間帯,逆方向,-4450,-4450,0,0,0,0,-4450,電圧,0,0,0,0,2024/09/20 17:01:43
月間,202410,策定,西播東岡山線・山崎智頭線,2024/11/17,昼間帯,順方向,3260,3260,0,0,0,0,3260,熱容量,0,0,0,0,2024/10/18 17:01:29
月間,202410,策定,西播東岡山線・山崎智頭線,2024/11/17,昼間帯,逆方向,-4450,-4450,0,0,0,0,-4450,電圧,0,0,0,0,2024/10/18 17:01:29
月間,202410,策定,西播東岡山線・山崎智頭線,2024/11/17,夜間帯,順方向,3260,3260,0,0,0,0,3260,熱容量,0,0,0,0,2024/10/18 17:01:29
月間,202410,策定,西播東岡山線・山崎智頭線,2024/11/17,夜間帯,逆方向,-4450,-4450,0,0,0,0,-4450,電圧,0,0,0,0,2024/10/18 17:01:29
月間,202409,策定,西播東岡山線・山崎智頭線,2024/11/18,昼間帯,順方向,3260,3260,0,0,0,0,3260,熱容量,0,0,0,0,2024/09/20 17:01:43
月間,202409,策定,西播東岡山線・山崎智頭線,2024/11/18,昼間帯,逆方向,-4450,-4450,0,0,0,0,-4450,電圧,0,0,0,0,2024/09/20 17:01:43
月間,202409,策定,西播東岡山線・山崎智頭線,2024/11/18,夜間帯,順方向,3260,3260,0,0,0,0,3260,熱容量,0,0,0,0,2024/09/20 17:01:43
月間,202409,策定,西播東岡山線・山崎智頭線,2024/11/18,夜間帯,逆方向,-4450,-4450,0,0,0,0,-4450,電圧,0,0,0,0,2024/09/20 17:01:43
月間,202410,策定,西播東岡山線・山崎智頭線,2024/11/18,昼間帯,順方向,3260,3260,0,0,0,0,3260,熱容量,0,0,0,0,2024/10/18 17:01:29
月間,202410,策定,西播東岡山線・山崎智頭線,2024/11/18,昼間帯,逆方向,-4450,-4450,0,0,0,0,-4450,電圧,0,0,0,0,2024/10/18 17:01:29
月間,202410,策定,西播東岡山線・山崎智頭線,2024/11/18,夜間帯,順方向,3260,3260,0,0,0,0,3260,熱容量,0,0,0,0,2024/10/18 17:01:29
月間,202410,策定,西播東岡山線・山崎智頭線,2024/11/18,夜間帯,逆方向,-4450,-4450,0,0,0,0,-4450,電圧,0,0,0,0,2024/10/18 17:01:29
月間,202409,策定,西播東岡山線・山崎智頭線,2024/11/19,昼間帯,順方向,3260,3260,0,0,0,0,3260,熱容量,0,0,0,0,2024/09/20 17:01:43
月間,202409,策定,西播東岡山線・山崎智頭線,2024/11/19,昼間帯,逆方向,-3290,-3290,0,0,0,0,-3290,熱容量（作業）,0,0,0,0,2024/09/20 17:01:43
月間,202409,策定,西播東岡山線・山崎智頭線,2024/11/19,夜間帯,順方向,3260,3260,0,0,0,0,3260,熱容量,0,0,0,0,2024/09/20 17:01:43
月間,202409,策定,西播東岡山線・山崎智頭線,2024/11/19,夜間帯,逆方向,-4450,-4450,0,0,0,0,-4450,電圧,0,0,0,0,2024/09/20 17:01:43
月間,202410,策定,西播東岡山線・山崎智頭線,2024/11/19,昼間帯,順方向,3260,3260,0,0,0,0,3260,熱容量,0,0,0,0,2024/10/18 17:01:29
月間,202410,策定,西播東岡山線・山崎智頭線,2024/11/19,昼間帯,逆方向,-3290,-3290,0,0,0,0,-3290,熱容量（作業）,0,0,0,0,2024/10/18 17:01:29
月間,202410,策定,西播東岡山線・山崎智頭線,2024/11/19,夜間帯,順方向,3260,3260,0,0,0,0,3260,熱容量,0,0,0,0,2024/10/18 17:01:29
月間,202410,策定,西播東岡山線・山崎智頭線,2024/11/19,夜間帯,逆方向,-4450,-4450,0,0,0,0,-4450,電圧,0,0,0,0,2024/10/18 17:01:29
月間,202409,策定,西播東岡山線・山崎智頭線,2024/11/20,昼間帯,順方向,3260,3260,0,0,0,0,3260,熱容量,0,0,0,0,2024/09/20 17:01:43
月間,202409,策定,西播東岡山線・山崎智頭線,2024/11/20,昼間帯,逆方向,-3290,-3290,0,0,0,0,-3290,熱容量（作業）,0,0,0,0,2024/09/20 17:01:43
月間,202409,策定,西播東岡山線・山崎智頭線,2024/11/20,夜間帯,順方向,3260,3260,0,0,0,0,3260,熱容量,0,0,0,0,2024/09/20 17:01:43
月間,202409,策定,西播東岡山線・山崎智頭線,2024/11/20,夜間帯,逆方向,-4450,-4450,0,0,0,0,-4450,電圧,0,0,0,0,2024/09/20 17:01:43
月間,202410,策定,西播東岡山線・山崎智頭線,2024/11/20,昼間帯,順方向,3260,3260,0,0,0,0,3260,熱容量,0,0,0,0,2024/10/18 17:01:29
月間,202410,策定,西播東岡山線・山崎智頭線,2024/11/20,昼間帯,逆方向,-3290,-3290,0,0,0,0,-3290,熱容量（作業）,0,0,0,0,2024/10/18 17:01:29
月間,202410,策定,西播東岡山線・山崎智頭線,2024/11/20,夜間帯,順方向,3260,3260,0,0,0,0,3260,熱容量,0,0,0,0,2024/10/18 17:01:29
月間,202410,策定,西播東岡山線・山崎智頭線,2024/11/20,夜間帯,逆方向,-4450,-4450,0,0,0,0,-4450,電圧,0,0,0,0,2024/10/18 17:01:29
月間,202409,策定,西播東岡山線・山崎智頭線,2024/11/21,昼間帯,順方向,3260,3260,0,0,0,0,3260,熱容量,0,0,0,0,2024/09/20 17:01:43
月間,202409,策定,西播東岡山線・山崎智頭線,2024/11/21,昼間帯,逆方向,-3290,-3290,0,0,0,0,-3290,熱容量（作業）,0,0,0,0,2024/09/20 17:01:43
月間,202409,策定,西播東岡山線・山崎智頭線,2024/11/21,夜間帯,順方向,3260,3260,0,0,0,0,3260,熱容量,0,0,0,0,2024/09/20 17:01:43
月間,202409,策定,西播東岡山線・山崎智頭線,2024/11/21,夜間帯,逆方向,-4450,-4450,0,0,0,0,-4450,電圧,0,0,0,0,2024/09/20 17:01:43
月間,202410,策定,西播東岡山線・山崎智頭線,2024/11/21,昼間帯,順方向,3260,3260,0,0,0,0,3260,熱容量,0,0,0,0,2024/10/18 17:01:29
月間,202410,策定,西播東岡山線・山崎智頭線,2024/11/21,昼間帯,逆方向,-3290,-3290,0,0,0,0,-3290,熱容量（作業）,0,0,0,0,2024/10/18 17:01:29
月間,202410,策定,西播東岡山線・山崎智頭線,2024/11/21,夜間帯,順方向,3260,3260,0,0,0,0,3260,熱容量,0,0,0,0,2024/10/18 17:01:29
月間,202410,策定,西播東岡山線・山崎智頭線,2024/11/21,夜間帯,逆方向,-4450,-4450,0,0,0,0,-4450,電圧,0,0,0,0,2024/10/18 17:01:29
月間,202409,策定,西播東岡山線・山崎智頭線,2024/11/22,昼間帯,順方向,3260,3260,0,0,0,0,3260,熱容量,0,0,0,0,2024/09/20 17:01:43
月間,202409,策定,西播東岡山線・山崎智頭線,2024/11/22,昼間帯,逆方向,-3290,-3290,0,0,0,0,-3290,熱容量（作業）,0,0,0,0,2024/09/20 17:01:43
月間,202409,策定,西播東岡山線・山崎智頭線,2024/11/22,夜間帯,順方向,3260,3260,0,0,0,0,3260,熱容量,0,0,0,0,2024/09/20 17:01:43
月間,202409,策定,西播東岡山線・山崎智頭線,2024/11/22,夜間帯,逆方向,-4450,-4450,0,0,0,0,-4450,電圧,0,0,0,0,2024/09/20 17:01:43
月間,202410,策定,西播東岡山線・山崎智頭線,2024/11/22,昼間帯,順方向,3260,3260,0,0,0,0,3260,熱容量,0,0,0,0,2024/10/18 17:01:29
月間,202410,策定,西播東岡山線・山崎智頭線,2024/11/22,昼間帯,逆方向,-3290,-3290,0,0,0,0,-3290,熱容量（作業）,0,0,0,0,2024/10/18 17:01:29
月間,202410,策定,西播東岡山線・山崎智頭線,2024/11/22,夜間帯,順方向,3260,3260,0,0,0,0,3260,熱容量,0,0,0,0,2024/10/18 17:01:29
月間,202410,策定,西播東岡山線・山崎智頭線,2024/11/22,夜間帯,逆方向,-4450,-4450,0,0,0,0,-4450,電圧,0,0,0,0,2024/10/18 17:01:29
月間,202409,策定,西播東岡山線・山崎智頭線,2024/11/23,昼間帯,順方向,3260,3260,0,0,0,0,3260,熱容量,0,0,0,0,2024/09/20 17:01:43
月間,202409,策定,西播東岡山線・山崎智頭線,2024/11/23,昼間帯,逆方向,-4450,-4450,0,0,0,0,-4450,電圧,0,0,0,0,2024/09/20 17:01:43
月間,202409,策定,西播東岡山線・山崎智頭線,2024/11/23,夜間帯,順方向,3260,3260,0,0,0,0,3260,熱容量,0,0,0,0,2024/09/20 17:01:43
月間,202409,策定,西播東岡山線・山崎智頭線,2024/11/23,夜間帯,逆方向,-4450,-4450,0,0,0,0,-4450,電圧,0,0,0,0,2024/09/20 17:01:43
月間,202410,策定,西播東岡山線・山崎智頭線,2024/11/23,昼間帯,順方向,3260,3260,0,0,0,0,3260,熱容量,0,0,0,0,2024/10/18 17:01:29
月間,202410,策定,西播東岡山線・山崎智頭線,2024/11/23,昼間帯,逆方向,-4450,-4450,0,0,0,0,-4450,電圧,0,0,0,0,2024/10/18 17:01:29
月間,202410,策定,西播東岡山線・山崎智頭線,2024/11/23,夜間帯,順方向,3260,3260,0,0,0,0,3260,熱容量,0,0,0,0,2024/10/18 17:01:29
月間,202410,策定,西播東岡山線・山崎智頭線,2024/11/23,夜間帯,逆方向,-4450,-4450,0,0,0,0,-4450,電圧,0,0,0,0,2024/10/18 17:01:29
月間,202409,策定,西播東岡山線・山崎智頭線,2024/11/24,昼間帯,順方向,3260,3260,0,0,0,0,3260,熱容量,0,0,0,0,2024/09/20 17:01:43
月間,202409,策定,西播東岡山線・山崎智頭線,2024/11/24,昼間帯,逆方向,-4450,-4450,0,0,0,0,-4450,電圧,0,0,0,0,2024/09/20 17:01:43
月間,202409,策定,西播東岡山線・山崎智頭線,2024/11/24,夜間帯,順方向,3260,3260,0,0,0,0,3260,熱容量,0,0,0,0,2024/09/20 17:01:43
月間,202409,策定,西播東岡山線・山崎智頭線,2024/11/24,夜間帯,逆方向,-4450,-4450,0,0,0,0,-4450,電圧,0,0,0,0,2024/09/20 17:01:43
月間,202410,策定,西播東岡山線・山崎智頭線,2024/11/24,昼間帯,順方向,3260,3260,0,0,0,0,3260,熱容量,0,0,0,0,2024/10/18 17:01:29
月間,202410,策定,西播東岡山線・山崎智頭線,2024/11/24,昼間帯,逆方向,-4450,-4450,0,0,0,0,-4450,電圧,0,0,0,0,2024/10/18 17:01:29
月間,202410,策定,西播東岡山線・山崎智頭線,2024/11/24,夜間帯,順方向,3260,3260,0,0,0,0,3260,熱容量,0,0,0,0,2024/10/18 17:01:29
月間,202410,策定,西播東岡山線・山崎智頭線,2024/11/24,夜間帯,逆方向,-4450,-4450,0,0,0,0,-4450,電圧,0,0,0,0,2024/10/18 17:01:29
月間,202409,策定,西播東岡山線・山崎智頭線,2024/11/25,昼間帯,順方向,3260,3260,0,0,0,0,3260,熱容量,0,0,0,0,2024/09/20 17:01:43
月間,202409,策定,西播東岡山線・山崎智頭線,2024/11/25,昼間帯,逆方向,-4450,-4450,0,0,0,0,-4450,電圧,0,0,0,0,2024/09/20 17:01:43
月間,202409,策定,西播東岡山線・山崎智頭線,2024/11/25,夜間帯,順方向,3260,3260,0,0,0,0,3260,熱容量,0,0,0,0,2024/09/20 17:01:43
月間,202409,策定,西播東岡山線・山崎智頭線,2024/11/25,夜間帯,逆方向,-4450,-4450,0,0,0,0,-4450,電圧,0,0,0,0,2024/09/20 17:01:43
月間,202410,策定,西播東岡山線・山崎智頭線,2024/11/25,昼間帯,順方向,3260,3260,0,0,0,0,3260,熱容量,0,0,0,0,2024/10/18 17:01:29
月間,202410,策定,西播東岡山線・山崎智頭線,2024/11/25,昼間帯,逆方向,-4450,-4450,0,0,0,0,-4450,電圧,0,0,0,0,2024/10/18 17:01:29
月間,202410,策定,西播東岡山線・山崎智頭線,2024/11/25,夜間帯,順方向,3260,3260,0,0,0,0,3260,熱容量,0,0,0,0,2024/10/18 17:01:29
月間,202410,策定,西播東岡山線・山崎智頭線,2024/11/25,夜間帯,逆方向,-4450,-4450,0,0,0,0,-4450,電圧,0,0,0,0,2024/10/18 17:01:29
月間,202409,策定,西播東岡山線・山崎智頭線,2024/11/26,昼間帯,順方向,3260,3260,0,0,0,0,3260,熱容量,0,0,0,0,2024/09/20 17:01:43
月間,202409,策定,西播東岡山線・山崎智頭線,2024/11/26,昼間帯,逆方向,-4450,-4450,0,0,0,0,-4450,電圧,0,0,0,0,2024/09/20 17:01:43
月間,202409,策定,西播東岡山線・山崎智頭線,2024/11/26,夜間帯,順方向,3260,3260,0,0,0,0,3260,熱容量,0,0,0,0,2024/09/20 17:01:43
月間,202409,策定,西播東岡山線・山崎智頭線,2024/11/26,夜間帯,逆方向,-4450,-4450,0,0,0,0,-4450,電圧,0,0,0,0,2024/09/20 17:01:43
月間,202410,策定,西播東岡山線・山崎智頭線,2024/11/26,昼間帯,順方向,3260,3260,0,0,0,0,3260,熱容量,0,0,0,0,2024/10/18 17:01:29
月間,202410,策定,西播東岡山線・山崎智頭線,2024/11/26,昼間帯,逆方向,-4450,-4450,0,0,0,0,-4450,電圧,0,0,0,0,2024/10/18 17:01:29
月間,202410,策定,西播東岡山線・山崎智頭線,2024/11/26,夜間帯,順方向,3260,3260,0,0,0,0,3260,熱容量,0,0,0,0,2024/10/18 17:01:29
月間,202410,策定,西播東岡山線・山崎智頭線,2024/11/26,夜間帯,逆方向,-4450,-4450,0,0,0,0,-4450,電圧,0,0,0,0,2024/10/18 17:01:29
月間,202409,策定,西播東岡山線・山崎智頭線,2024/11/27,昼間帯,順方向,3260,3260,0,0,0,0,3260,熱容量,0,0,0,0,2024/09/20 17:01:43
月間,202409,策定,西播東岡山線・山崎智頭線,2024/11/27,昼間帯,逆方向,-4150,-4150,0,0,0,0,-4150,電圧（作業）,0,0,0,0,2024/09/20 17:01:43
月間,202409,策定,西播東岡山線・山崎智頭線,2024/11/27,夜間帯,順方向,3260,3260,0,0,0,0,3260,熱容量,0,0,0,0,2024/09/20 17:01:43
月間,202409,策定,西播東岡山線・山崎智頭線,2024/11/27,夜間帯,逆方向,-4450,-4450,0,0,0,0,-4450,電圧,0,0,0,0,2024/09/20 17:01:43
月間,202410,策定,西播東岡山線・山崎智頭線,2024/11/27,昼間帯,順方向,3260,3260,0,0,0,0,3260,熱容量,0,0,0,0,2024/10/18 17:01:29
月間,202410,策定,西播東岡山線・山崎智頭線,2024/11/27,昼間帯,逆方向,-4150,-4150,0,0,0,0,-4150,電圧（作業）,0,0,0,0,2024/10/18 17:01:29
月間,202410,策定,西播東岡山線・山崎智頭線,2024/11/27,夜間帯,順方向,3260,3260,0,0,0,0,3260,熱容量,0,0,0,0,2024/10/18 17:01:29
月間,202410,策定,西播東岡山線・山崎智頭線,2024/11/27,夜間帯,逆方向,-4450,-4450,0,0,0,0,-4450,電圧,0,0,0,0,2024/10/18 17:01:29
月間,202409,策定,西播東岡山線・山崎智頭線,2024/11/28,昼間帯,順方向,3260,3260,0,0,0,0,3260,熱容量,0,0,0,0,2024/09/20 17:01:43
月間,202409,策定,西播東岡山線・山崎智頭線,2024/11/28,昼間帯,逆方向,-4150,-4150,0,0,0,0,-4150,電圧（作業）,0,0,0,0,2024/09/20 17:01:43
月間,202409,策定,西播東岡山線・山崎智頭線,2024/11/28,夜間帯,順方向,3260,3260,0,0,0,0,3260,熱容量,0,0,0,0,2024/09/20 17:01:43
月間,202409,策定,西播東岡山線・山崎智頭線,2024/11/28,夜間帯,逆方向,-4450,-4450,0,0,0,0,-4450,電圧,0,0,0,0,2024/09/20 17:01:43
月間,202410,策定,西播東岡山線・山崎智頭線,2024/11/28,昼間帯,順方向,3260,3260,0,0,0,0,3260,熱容量,0,0,0,0,2024/10/18 17:01:29
月間,202410,策定,西播東岡山線・山崎智頭線,2024/11/28,昼間帯,逆方向,-4150,-4150,0,0,0,0,-4150,電圧（作業）,0,0,0,0,2024/10/18 17:01:29
月間,202410,策定,西播東岡山線・山崎智頭線,2024/11/28,夜間帯,順方向,3260,3260,0,0,0,0,3260,熱容量,0,0,0,0,2024/10/18 17:01:29
月間,202410,策定,西播東岡山線・山崎智頭線,2024/11/28,夜間帯,逆方向,-4450,-4450,0,0,0,0,-4450,電圧,0,0,0,0,2024/10/18 17:01:29
月間,202409,策定,西播東岡山線・山崎智頭線,2024/11/29,昼間帯,順方向,3260,3260,0,0,0,0,3260,熱容量,0,0,0,0,2024/09/20 17:01:43
月間,202409,策定,西播東岡山線・山崎智頭線,2024/11/29,昼間帯,逆方向,-4150,-4150,0,0,0,0,-4150,電圧（作業）,0,0,0,0,2024/09/20 17:01:43
月間,202409,策定,西播東岡山線・山崎智頭線,2024/11/29,夜間帯,順方向,3260,3260,0,0,0,0,3260,熱容量,0,0,0,0,2024/09/20 17:01:43
月間,202409,策定,西播東岡山線・山崎智頭線,2024/11/29,夜間帯,逆方向,-4450,-4450,0,0,0,0,-4450,電圧,0,0,0,0,2024/09/20 17:01:43
月間,202410,策定,西播東岡山線・山崎智頭線,2024/11/29,昼間帯,順方向,3260,3260,0,0,0,0,3260,熱容量,0,0,0,0,2024/10/18 17:01:29
月間,202410,策定,西播東岡山線・山崎智頭線,2024/11/29,昼間帯,逆方向,-4150,-4150,0,0,0,0,-4150,電圧（作業）,0,0,0,0,2024/10/18 17:01:29
月間,202410,策定,西播東岡山線・山崎智頭線,2024/11/29,夜間帯,順方向,3260,3260,0,0,0,0,3260,熱容量,0,0,0,0,2024/10/18 17:01:29
月間,202410,策定,西播東岡山線・山崎智頭線,2024/11/29,夜間帯,逆方向,-4450,-4450,0,0,0,0,-4450,電圧,0,0,0,0,2024/10/18 17:01:29
月間,202409,策定,西播東岡山線・山崎智頭線,2024/11/30,昼間帯,順方向,3260,3260,0,0,0,0,3260,熱容量,0,0,0,0,2024/09/20 17:01:43
月間,202409,策定,西播東岡山線・山崎智頭線,2024/11/30,昼間帯,逆方向,-4450,-4450,0,0,0,0,-4450,電圧,0,0,0,0,2024/09/20 17:01:43
月間,202409,策定,西播東岡山線・山崎智頭線,2024/11/30,夜間帯,順方向,3260,3260,0,0,0,0,3260,熱容量,0,0,0,0,2024/09/20 17:01:43
月間,202409,策定,西播東岡山線・山崎智頭線,2024/11/30,夜間帯,逆方向,-4450,-4450,0,0,0,0,-4450,電圧,0,0,0,0,2024/09/20 17:01:43
月間,202410,策定,西播東岡山線・山崎智頭線,2024/11/30,昼間帯,順方向,3260,3260,0,0,0,0,3260,熱容量,0,0,0,0,2024/10/18 17:01:29
月間,202410,策定,西播東岡山線・山崎智頭線,2024/11/30,昼間帯,逆方向,-4450,-4450,0,0,0,0,-4450,電圧,0,0,0,0,2024/10/18 17:01:29
月間,202410,策定,西播東岡山線・山崎智頭線,2024/11/30,夜間帯,順方向,3260,3260,0,0,0,0,3260,熱容量,0,0,0,0,2024/10/18 17:01:29
月間,202410,策定,西播東岡山線・山崎智頭線,2024/11/30,夜間帯,逆方向,-4450,-4450,0,0,0,0,-4450,電圧,0,0,0,0,2024/10/18 17:01:29
月間,202410,策定,西播東岡山線・山崎智頭線,2024/12/01,昼間帯,順方向,3260,3260,0,0,0,0,3260,熱容量,0,0,0,0,2024/10/18 17:01:29
月間,202410,策定,西播東岡山線・山崎智頭線,2024/12/01,昼間帯,逆方向,-4550,-4550,0,0,0,0,-4550,電圧,0,0,0,0,2024/10/18 17:01:29
月間,202410,策定,西播東岡山線・山崎智頭線,2024/12/01,夜間帯,順方向,3260,3260,0,0,0,0,3260,熱容量,0,0,0,0,2024/10/18 17:01:29
月間,202410,策定,西播東岡山線・山崎智頭線,2024/12/01,夜間帯,逆方向,-4550,-4550,0,0,0,0,-4550,電圧,0,0,0,0,2024/10/18 17:01:29
月間,202410,策定,西播東岡山線・山崎智頭線,2024/12/02,昼間帯,順方向,3260,3260,0,0,0,0,3260,熱容量,0,0,0,0,2024/10/18 17:01:29
月間,202410,策定,西播東岡山線・山崎智頭線,2024/12/02,昼間帯,逆方向,-4550,-4550,0,0,0,0,-4550,電圧,0,0,0,0,2024/10/18 17:01:29
月間,202410,策定,西播東岡山線・山崎智頭線,2024/12/02,夜間帯,順方向,3260,3260,0,0,0,0,3260,熱容量,0,0,0,0,2024/10/18 17:01:29
月間,202410,策定,西播東岡山線・山崎智頭線,2024/12/02,夜間帯,逆方向,-4550,-4550,0,0,0,0,-4550,電圧,0,0,0,0,2024/10/18 17:01:29
月間,202410,策定,西播東岡山線・山崎智頭線,2024/12/03,昼間帯,順方向,3260,3260,0,0,0,0,3260,熱容量,0,0,0,0,2024/10/18 17:01:29
月間,202410,策定,西播東岡山線・山崎智頭線,2024/12/03,昼間帯,逆方向,-4550,-4550,0,0,0,0,-4550,電圧,0,0,0,0,2024/10/18 17:01:29
月間,202410,策定,西播東岡山線・山崎智頭線,2024/12/03,夜間帯,順方向,3260,3260,0,0,0,0,3260,熱容量,0,0,0,0,2024/10/18 17:01:29
月間,202410,策定,西播東岡山線・山崎智頭線,2024/12/03,夜間帯,逆方向,-4550,-4550,0,0,0,0,-4550,電圧,0,0,0,0,2024/10/18 17:01:29
月間,202410,策定,西播東岡山線・山崎智頭線,2024/12/04,昼間帯,順方向,3260,3260,0,0,0,0,3260,熱容量,0,0,0,0,2024/10/18 17:01:29
月間,202410,策定,西播東岡山線・山崎智頭線,2024/12/04,昼間帯,逆方向,-4550,-4550,0,0,0,0,-4550,電圧,0,0,0,0,2024/10/18 17:01:29
月間,202410,策定,西播東岡山線・山崎智頭線,2024/12/04,夜間帯,順方向,3260,3260,0,0,0,0,3260,熱容量,0,0,0,0,2024/10/18 17:01:29
月間,202410,策定,西播東岡山線・山崎智頭線,2024/12/04,夜間帯,逆方向,-4550,-4550,0,0,0,0,-4550,電圧,0,0,0,0,2024/10/18 17:01:29
月間,202410,策定,西播東岡山線・山崎智頭線,2024/12/05,昼間帯,順方向,3260,3260,0,0,0,0,3260,熱容量,0,0,0,0,2024/10/18 17:01:29
月間,202410,策定,西播東岡山線・山崎智頭線,2024/12/05,昼間帯,逆方向,-4550,-4550,0,0,0,0,-4550,電圧,0,0,0,0,2024/10/18 17:01:29
月間,202410,策定,西播東岡山線・山崎智頭線,2024/12/05,夜間帯,順方向,3260,3260,0,0,0,0,3260,熱容量,0,0,0,0,2024/10/18 17:01:29
月間,202410,策定,西播東岡山線・山崎智頭線,2024/12/05,夜間帯,逆方向,-4550,-4550,0,0,0,0,-4550,電圧,0,0,0,0,2024/10/18 17:01:29
月間,202410,策定,西播東岡山線・山崎智頭線,2024/12/06,昼間帯,順方向,3260,3260,0,0,0,0,3260,熱容量,0,0,0,0,2024/10/18 17:01:29
月間,202410,策定,西播東岡山線・山崎智頭線,2024/12/06,昼間帯,逆方向,-4550,-4550,0,0,0,0,-4550,電圧,0,0,0,0,2024/10/18 17:01:29
月間,202410,策定,西播東岡山線・山崎智頭線,2024/12/06,夜間帯,順方向,3260,3260,0,0,0,0,3260,熱容量,0,0,0,0,2024/10/18 17:01:29
月間,202410,策定,西播東岡山線・山崎智頭線,2024/12/06,夜間帯,逆方向,-4550,-4550,0,0,0,0,-4550,電圧,0,0,0,0,2024/10/18 17:01:29
月間,202410,策定,西播東岡山線・山崎智頭線,2024/12/07,昼間帯,順方向,3260,3260,0,0,0,0,3260,熱容量,0,0,0,0,2024/10/18 17:01:29
月間,202410,策定,西播東岡山線・山崎智頭線,2024/12/07,昼間帯,逆方向,-4550,-4550,0,0,0,0,-4550,電圧,0,0,0,0,2024/10/18 17:01:29
月間,202410,策定,西播東岡山線・山崎智頭線,2024/12/07,夜間帯,順方向,3260,3260,0,0,0,0,3260,熱容量,0,0,0,0,2024/10/18 17:01:29
月間,202410,策定,西播東岡山線・山崎智頭線,2024/12/07,夜間帯,逆方向,-4550,-4550,0,0,0,0,-4550,電圧,0,0,0,0,2024/10/18 17:01:29
月間,202411,策定,西播東岡山線・山崎智頭線,2024/12/07,昼間帯,順方向,3260,3260,0,0,0,0,3260,熱容量,0,0,0,0,2024/11/20 16:59:38
月間,202411,策定,西播東岡山線・山崎智頭線,2024/12/07,昼間帯,逆方向,-4400,-4400,0,0,0,0,-4400,電圧,0,0,0,0,2024/11/20 16:59:38
月間,202411,策定,西播東岡山線・山崎智頭線,2024/12/07,夜間帯,順方向,3260,3260,0,0,0,0,3260,熱容量,0,0,0,0,2024/11/20 16:59:38
月間,202411,策定,西播東岡山線・山崎智頭線,2024/12/07,夜間帯,逆方向,-4400,-4400,0,0,0,0,-4400,電圧,0,0,0,0,2024/11/20 16:59:38
月間,202410,策定,西播東岡山線・山崎智頭線,2024/12/08,昼間帯,順方向,3260,3260,0,0,0,0,3260,熱容量,0,0,0,0,2024/10/18 17:01:29
月間,202410,策定,西播東岡山線・山崎智頭線,2024/12/08,昼間帯,逆方向,-4550,-4550,0,0,0,0,-4550,電圧,0,0,0,0,2024/10/18 17:01:29
月間,202410,策定,西播東岡山線・山崎智頭線,2024/12/08,夜間帯,順方向,3260,3260,0,0,0,0,3260,熱容量,0,0,0,0,2024/10/18 17:01:29
月間,202410,策定,西播東岡山線・山崎智頭線,2024/12/08,夜間帯,逆方向,-4550,-4550,0,0,0,0,-4550,電圧,0,0,0,0,2024/10/18 17:01:29
月間,202411,策定,西播東岡山線・山崎智頭線,2024/12/08,昼間帯,順方向,3260,3260,0,0,0,0,3260,熱容量,0,0,0,0,2024/11/20 16:59:38
月間,202411,策定,西播東岡山線・山崎智頭線,2024/12/08,昼間帯,逆方向,-4400,-4400,0,0,0,0,-4400,電圧,0,0,0,0,2024/11/20 16:59:38
月間,202411,策定,西播東岡山線・山崎智頭線,2024/12/08,夜間帯,順方向,3260,3260,0,0,0,0,3260,熱容量,0,0,0,0,2024/11/20 16:59:38
月間,202411,策定,西播東岡山線・山崎智頭線,2024/12/08,夜間帯,逆方向,-4400,-4400,0,0,0,0,-4400,電圧,0,0,0,0,2024/11/20 16:59:38
月間,202410,策定,西播東岡山線・山崎智頭線,2024/12/09,昼間帯,順方向,3260,3260,0,0,0,0,3260,熱容量,0,0,0,0,2024/10/18 17:01:29
月間,202410,策定,西播東岡山線・山崎智頭線,2024/12/09,昼間帯,逆方向,-4550,-4550,0,0,0,0,-4550,電圧,0,0,0,0,2024/10/18 17:01:29
月間,202410,策定,西播東岡山線・山崎智頭線,2024/12/09,夜間帯,順方向,3260,3260,0,0,0,0,3260,熱容量,0,0,0,0,2024/10/18 17:01:29
月間,202410,策定,西播東岡山線・山崎智頭線,2024/12/09,夜間帯,逆方向,-4550,-4550,0,0,0,0,-4550,電圧,0,0,0,0,2024/10/18 17:01:29
月間,202411,策定,西播東岡山線・山崎智頭線,2024/12/09,昼間帯,順方向,3260,3260,0,0,0,0,3260,熱容量,0,0,0,0,2024/11/20 16:59:38
月間,202411,策定,西播東岡山線・山崎智頭線,2024/12/09,昼間帯,逆方向,-4400,-4400,0,0,0,0,-4400,電圧,0,0,0,0,2024/11/20 16:59:38
月間,202411,策定,西播東岡山線・山崎智頭線,2024/12/09,夜間帯,順方向,3260,3260,0,0,0,0,3260,熱容量,0,0,0,0,2024/11/20 16:59:38
月間,202411,策定,西播東岡山線・山崎智頭線,2024/12/09,夜間帯,逆方向,-4400,-4400,0,0,0,0,-4400,電圧,0,0,0,0,2024/11/20 16:59:38
月間,202410,策定,西播東岡山線・山崎智頭線,2024/12/10,昼間帯,順方向,3260,3260,0,0,0,0,3260,熱容量,0,0,0,0,2024/10/18 17:01:29
月間,202410,策定,西播東岡山線・山崎智頭線,2024/12/10,昼間帯,逆方向,-4550,-4550,0,0,0,0,-4550,電圧,0,0,0,0,2024/10/18 17:01:29
月間,202410,策定,西播東岡山線・山崎智頭線,2024/12/10,夜間帯,順方向,3260,3260,0,0,0,0,3260,熱容量,0,0,0,0,2024/10/18 17:01:29
月間,202410,策定,西播東岡山線・山崎智頭線,2024/12/10,夜間帯,逆方向,-4550,-4550,0,0,0,0,-4550,電圧,0,0,0,0,2024/10/18 17:01:29
月間,202411,策定,西播東岡山線・山崎智頭線,2024/12/10,昼間帯,順方向,3260,3260,0,0,0,0,3260,熱容量,0,0,0,0,2024/11/20 16:59:38
月間,202411,策定,西播東岡山線・山崎智頭線,2024/12/10,昼間帯,逆方向,-4550,-4550,0,0,0,0,-4550,電圧,0,0,0,0,2024/11/20 16:59:38
月間,202411,策定,西播東岡山線・山崎智頭線,2024/12/10,夜間帯,順方向,3260,3260,0,0,0,0,3260,熱容量,0,0,0,0,2024/11/20 16:59:38
月間,202411,策定,西播東岡山線・山崎智頭線,2024/12/10,夜間帯,逆方向,-4400,-4400,0,0,0,0,-4400,電圧,0,0,0,0,2024/11/20 16:59:38
月間,202410,策定,西播東岡山線・山崎智頭線,2024/12/11,昼間帯,順方向,3260,3260,0,0,0,0,3260,熱容量,0,0,0,0,2024/10/18 17:01:29
月間,202410,策定,西播東岡山線・山崎智頭線,2024/12/11,昼間帯,逆方向,-4550,-4550,0,0,0,0,-4550,電圧,0,0,0,0,2024/10/18 17:01:29
月間,202410,策定,西播東岡山線・山崎智頭線,2024/12/11,夜間帯,順方向,3260,3260,0,0,0,0,3260,熱容量,0,0,0,0,2024/10/18 17:01:29
月間,202410,策定,西播東岡山線・山崎智頭線,2024/12/11,夜間帯,逆方向,-4550,-4550,0,0,0,0,-4550,電圧,0,0,0,0,2024/10/18 17:01:29
月間,202411,策定,西播東岡山線・山崎智頭線,2024/12/11,昼間帯,順方向,3260,3260,0,0,0,0,3260,熱容量,0,0,0,0,2024/11/20 16:59:38
月間,202411,策定,西播東岡山線・山崎智頭線,2024/12/11,昼間帯,逆方向,-4550,-4550,0,0,0,0,-4550,電圧,0,0,0,0,2024/11/20 16:59:38
月間,202411,策定,西播東岡山線・山崎智頭線,2024/12/11,夜間帯,順方向,3260,3260,0,0,0,0,3260,熱容量,0,0,0,0,2024/11/20 16:59:38
月間,202411,策定,西播東岡山線・山崎智頭線,2024/12/11,夜間帯,逆方向,-4550,-4550,0,0,0,0,-4550,電圧,0,0,0,0,2024/11/20 16:59:38
月間,202410,策定,西播東岡山線・山崎智頭線,2024/12/12,昼間帯,順方向,3260,3260,0,0,0,0,3260,熱容量,0,0,0,0,2024/10/18 17:01:29
月間,202410,策定,西播東岡山線・山崎智頭線,2024/12/12,昼間帯,逆方向,-4550,-4550,0,0,0,0,-4550,電圧,0,0,0,0,2024/10/18 17:01:29
月間,202410,策定,西播東岡山線・山崎智頭線,2024/12/12,夜間帯,順方向,3260,3260,0,0,0,0,3260,熱容量,0,0,0,0,2024/10/18 17:01:29
月間,202410,策定,西播東岡山線・山崎智頭線,2024/12/12,夜間帯,逆方向,-4550,-4550,0,0,0,0,-4550,電圧,0,0,0,0,2024/10/18 17:01:29
月間,202411,策定,西播東岡山線・山崎智頭線,2024/12/12,昼間帯,順方向,3260,3260,0,0,0,0,3260,熱容量,0,0,0,0,2024/11/20 16:59:38
月間,202411,策定,西播東岡山線・山崎智頭線,2024/12/12,昼間帯,逆方向,-4550,-4550,0,0,0,0,-4550,電圧,0,0,0,0,2024/11/20 16:59:38
月間,202411,策定,西播東岡山線・山崎智頭線,2024/12/12,夜間帯,順方向,3260,3260,0,0,0,0,3260,熱容量,0,0,0,0,2024/11/20 16:59:38
月間,202411,策定,西播東岡山線・山崎智頭線,2024/12/12,夜間帯,逆方向,-4550,-4550,0,0,0,0,-4550,電圧,0,0,0,0,2024/11/20 16:59:38
月間,202410,策定,西播東岡山線・山崎智頭線,2024/12/13,昼間帯,順方向,3260,3260,0,0,0,0,3260,熱容量,0,0,0,0,2024/10/18 17:01:29
月間,202410,策定,西播東岡山線・山崎智頭線,2024/12/13,昼間帯,逆方向,-4550,-4550,0,0,0,0,-4550,電圧,0,0,0,0,2024/10/18 17:01:29
月間,202410,策定,西播東岡山線・山崎智頭線,2024/12/13,夜間帯,順方向,3260,3260,0,0,0,0,3260,熱容量,0,0,0,0,2024/10/18 17:01:29
月間,202410,策定,西播東岡山線・山崎智頭線,2024/12/13,夜間帯,逆方向,-4550,-4550,0,0,0,0,-4550,電圧,0,0,0,0,2024/10/18 17:01:29
月間,202411,策定,西播東岡山線・山崎智頭線,2024/12/13,昼間帯,順方向,3260,3260,0,0,0,0,3260,熱容量,0,0,0,0,2024/11/20 16:59:38
月間,202411,策定,西播東岡山線・山崎智頭線,2024/12/13,昼間帯,逆方向,-4550,-4550,0,0,0,0,-4550,電圧,0,0,0,0,2024/11/20 16:59:38
月間,202411,策定,西播東岡山線・山崎智頭線,2024/12/13,夜間帯,順方向,3260,3260,0,0,0,0,3260,熱容量,0,0,0,0,2024/11/20 16:59:38
月間,202411,策定,西播東岡山線・山崎智頭線,2024/12/13,夜間帯,逆方向,-4550,-4550,0,0,0,0,-4550,電圧,0,0,0,0,2024/11/20 16:59:38
月間,202410,策定,西播東岡山線・山崎智頭線,2024/12/14,昼間帯,順方向,3260,3260,0,0,0,0,3260,熱容量,0,0,0,0,2024/10/18 17:01:29
月間,202410,策定,西播東岡山線・山崎智頭線,2024/12/14,昼間帯,逆方向,-4550,-4550,0,0,0,0,-4550,電圧,0,0,0,0,2024/10/18 17:01:29
月間,202410,策定,西播東岡山線・山崎智頭線,2024/12/14,夜間帯,順方向,3260,3260,0,0,0,0,3260,熱容量,0,0,0,0,2024/10/18 17:01:29
月間,202410,策定,西播東岡山線・山崎智頭線,2024/12/14,夜間帯,逆方向,-4550,-4550,0,0,0,0,-4550,電圧,0,0,0,0,2024/10/18 17:01:29
月間,202411,策定,西播東岡山線・山崎智頭線,2024/12/14,昼間帯,順方向,3260,3260,0,0,0,0,3260,熱容量,0,0,0,0,2024/11/20 16:59:38
月間,202411,策定,西播東岡山線・山崎智頭線,2024/12/14,昼間帯,逆方向,-4550,-4550,0,0,0,0,-4550,電圧,0,0,0,0,2024/11/20 16:59:38
月間,202411,策定,西播東岡山線・山崎智頭線,2024/12/14,夜間帯,順方向,3260,3260,0,0,0,0,3260,熱容量,0,0,0,0,2024/11/20 16:59:38
月間,202411,策定,西播東岡山線・山崎智頭線,2024/12/14,夜間帯,逆方向,-4550,-4550,0,0,0,0,-4550,電圧,0,0,0,0,2024/11/20 16:59:38
月間,202410,策定,西播東岡山線・山崎智頭線,2024/12/15,昼間帯,順方向,3260,3260,0,0,0,0,3260,熱容量,0,0,0,0,2024/10/18 17:01:29
月間,202410,策定,西播東岡山線・山崎智頭線,2024/12/15,昼間帯,逆方向,-4550,-4550,0,0,0,0,-4550,電圧,0,0,0,0,2024/10/18 17:01:29
月間,202410,策定,西播東岡山線・山崎智頭線,2024/12/15,夜間帯,順方向,3260,3260,0,0,0,0,3260,熱容量,0,0,0,0,2024/10/18 17:01:29
月間,202410,策定,西播東岡山線・山崎智頭線,2024/12/15,夜間帯,逆方向,-4550,-4550,0,0,0,0,-4550,電圧,0,0,0,0,2024/10/18 17:01:29
月間,202411,策定,西播東岡山線・山崎智頭線,2024/12/15,昼間帯,順方向,3260,3260,0,0,0,0,3260,熱容量,0,0,0,0,2024/11/20 16:59:38
月間,202411,策定,西播東岡山線・山崎智頭線,2024/12/15,昼間帯,逆方向,-4550,-4550,0,0,0,0,-4550,電圧,0,0,0,0,2024/11/20 16:59:38
月間,202411,策定,西播東岡山線・山崎智頭線,2024/12/15,夜間帯,順方向,3260,3260,0,0,0,0,3260,熱容量,0,0,0,0,2024/11/20 16:59:38
月間,202411,策定,西播東岡山線・山崎智頭線,2024/12/15,夜間帯,逆方向,-4550,-4550,0,0,0,0,-4550,電圧,0,0,0,0,2024/11/20 16:59:38
月間,202410,策定,西播東岡山線・山崎智頭線,2024/12/16,昼間帯,順方向,3260,3260,0,0,0,0,3260,熱容量,0,0,0,0,2024/10/18 17:01:29
月間,202410,策定,西播東岡山線・山崎智頭線,2024/12/16,昼間帯,逆方向,-4550,-4550,0,0,0,0,-4550,電圧,0,0,0,0,2024/10/18 17:01:29
月間,202410,策定,西播東岡山線・山崎智頭線,2024/12/16,夜間帯,順方向,3260,3260,0,0,0,0,3260,熱容量,0,0,0,0,2024/10/18 17:01:29
月間,202410,策定,西播東岡山線・山崎智頭線,2024/12/16,夜間帯,逆方向,-4550,-4550,0,0,0,0,-4550,電圧,0,0,0,0,2024/10/18 17:01:29
月間,202411,策定,西播東岡山線・山崎智頭線,2024/12/16,昼間帯,順方向,3260,3260,0,0,0,0,3260,熱容量,0,0,0,0,2024/11/20 16:59:38
月間,202411,策定,西播東岡山線・山崎智頭線,2024/12/16,昼間帯,逆方向,-4550,-4550,0,0,0,0,-4550,電圧,0,0,0,0,2024/11/20 16:59:38
月間,202411,策定,西播東岡山線・山崎智頭線,2024/12/16,夜間帯,順方向,3260,3260,0,0,0,0,3260,熱容量,0,0,0,0,2024/11/20 16:59:38
月間,202411,策定,西播東岡山線・山崎智頭線,2024/12/16,夜間帯,逆方向,-4550,-4550,0,0,0,0,-4550,電圧,0,0,0,0,2024/11/20 16:59:38
月間,202410,策定,西播東岡山線・山崎智頭線,2024/12/17,昼間帯,順方向,3260,3260,0,0,0,0,3260,熱容量,0,0,0,0,2024/10/18 17:01:29
月間,202410,策定,西播東岡山線・山崎智頭線,2024/12/17,昼間帯,逆方向,-4550,-4550,0,0,0,0,-4550,電圧,0,0,0,0,2024/10/18 17:01:29
月間,202410,策定,西播東岡山線・山崎智頭線,2024/12/17,夜間帯,順方向,3260,3260,0,0,0,0,3260,熱容量,0,0,0,0,2024/10/18 17:01:29
月間,202410,策定,西播東岡山線・山崎智頭線,2024/12/17,夜間帯,逆方向,-4550,-4550,0,0,0,0,-4550,電圧,0,0,0,0,2024/10/18 17:01:29
月間,202411,策定,西播東岡山線・山崎智頭線,2024/12/17,昼間帯,順方向,3260,3260,0,0,0,0,3260,熱容量,0,0,0,0,2024/11/20 16:59:38
月間,202411,策定,西播東岡山線・山崎智頭線,2024/12/17,昼間帯,逆方向,-4550,-4550,0,0,0,0,-4550,電圧,0,0,0,0,2024/11/20 16:59:38
月間,202411,策定,西播東岡山線・山崎智頭線,2024/12/17,夜間帯,順方向,3260,3260,0,0,0,0,3260,熱容量,0,0,0,0,2024/11/20 16:59:38
月間,202411,策定,西播東岡山線・山崎智頭線,2024/12/17,夜間帯,逆方向,-4550,-4550,0,0,0,0,-4550,電圧,0,0,0,0,2024/11/20 16:59:38
月間,202410,策定,西播東岡山線・山崎智頭線,2024/12/18,昼間帯,順方向,3260,3260,0,0,0,0,3260,熱容量,0,0,0,0,2024/10/18 17:01:29
月間,202410,策定,西播東岡山線・山崎智頭線,2024/12/18,昼間帯,逆方向,-4550,-4550,0,0,0,0,-4550,電圧,0,0,0,0,2024/10/18 17:01:29
月間,202410,策定,西播東岡山線・山崎智頭線,2024/12/18,夜間帯,順方向,3260,3260,0,0,0,0,3260,熱容量,0,0,0,0,2024/10/18 17:01:29
月間,202410,策定,西播東岡山線・山崎智頭線,2024/12/18,夜間帯,逆方向,-4550,-4550,0,0,0,0,-4550,電圧,0,0,0,0,2024/10/18 17:01:29
月間,202411,策定,西播東岡山線・山崎智頭線,2024/12/18,昼間帯,順方向,3260,3260,0,0,0,0,3260,熱容量,0,0,0,0,2024/11/20 16:59:38
月間,202411,策定,西播東岡山線・山崎智頭線,2024/12/18,昼間帯,逆方向,-4550,-4550,0,0,0,0,-4550,電圧,0,0,0,0,2024/11/20 16:59:38
月間,202411,策定,西播東岡山線・山崎智頭線,2024/12/18,夜間帯,順方向,3260,3260,0,0,0,0,3260,熱容量,0,0,0,0,2024/11/20 16:59:38
月間,202411,策定,西播東岡山線・山崎智頭線,2024/12/18,夜間帯,逆方向,-4550,-4550,0,0,0,0,-4550,電圧,0,0,0,0,2024/11/20 16:59:38
月間,202410,策定,西播東岡山線・山崎智頭線,2024/12/19,昼間帯,順方向,3260,3260,0,0,0,0,3260,熱容量,0,0,0,0,2024/10/18 17:01:29
月間,202410,策定,西播東岡山線・山崎智頭線,2024/12/19,昼間帯,逆方向,-4550,-4550,0,0,0,0,-4550,電圧,0,0,0,0,2024/10/18 17:01:29
月間,202410,策定,西播東岡山線・山崎智頭線,2024/12/19,夜間帯,順方向,3260,3260,0,0,0,0,3260,熱容量,0,0,0,0,2024/10/18 17:01:29
月間,202410,策定,西播東岡山線・山崎智頭線,2024/12/19,夜間帯,逆方向,-4550,-4550,0,0,0,0,-4550,電圧,0,0,0,0,2024/10/18 17:01:29
月間,202411,策定,西播東岡山線・山崎智頭線,2024/12/19,昼間帯,順方向,3260,3260,0,0,0,0,3260,熱容量,0,0,0,0,2024/11/20 16:59:38
月間,202411,策定,西播東岡山線・山崎智頭線,2024/12/19,昼間帯,逆方向,-4550,-4550,0,0,0,0,-4550,電圧,0,0,0,0,2024/11/20 16:59:38
月間,202411,策定,西播東岡山線・山崎智頭線,2024/12/19,夜間帯,順方向,3260,3260,0,0,0,0,3260,熱容量,0,0,0,0,2024/11/20 16:59:38
月間,202411,策定,西播東岡山線・山崎智頭線,2024/12/19,夜間帯,逆方向,-4550,-4550,0,0,0,0,-4550,電圧,0,0,0,0,2024/11/20 16:59:38
月間,202410,策定,西播東岡山線・山崎智頭線,2024/12/20,昼間帯,順方向,3260,3260,0,0,0,0,3260,熱容量,0,0,0,0,2024/10/18 17:01:29
月間,202410,策定,西播東岡山線・山崎智頭線,2024/12/20,昼間帯,逆方向,-4550,-4550,0,0,0,0,-4550,電圧,0,0,0,0,2024/10/18 17:01:29
月間,202410,策定,西播東岡山線・山崎智頭線,2024/12/20,夜間帯,順方向,3260,3260,0,0,0,0,3260,熱容量,0,0,0,0,2024/10/18 17:01:29
月間,202410,策定,西播東岡山線・山崎智頭線,2024/12/20,夜間帯,逆方向,-4550,-4550,0,0,0,0,-4550,電圧,0,0,0,0,2024/10/18 17:01:29
月間,202411,策定,西播東岡山線・山崎智頭線,2024/12/20,昼間帯,順方向,3260,3260,0,0,0,0,3260,熱容量,0,0,0,0,2024/11/20 16:59:38
月間,202411,策定,西播東岡山線・山崎智頭線,2024/12/20,昼間帯,逆方向,-4550,-4550,0,0,0,0,-4550,電圧,0,0,0,0,2024/11/20 16:59:38
月間,202411,策定,西播東岡山線・山崎智頭線,2024/12/20,夜間帯,順方向,3260,3260,0,0,0,0,3260,熱容量,0,0,0,0,2024/11/20 16:59:38
月間,202411,策定,西播東岡山線・山崎智頭線,2024/12/20,夜間帯,逆方向,-4550,-4550,0,0,0,0,-4550,電圧,0,0,0,0,2024/11/20 16:59:38
月間,202410,策定,西播東岡山線・山崎智頭線,2024/12/21,昼間帯,順方向,3260,3260,0,0,0,0,3260,熱容量,0,0,0,0,2024/10/18 17:01:29
月間,202410,策定,西播東岡山線・山崎智頭線,2024/12/21,昼間帯,逆方向,-4550,-4550,0,0,0,0,-4550,電圧,0,0,0,0,2024/10/18 17:01:29
月間,202410,策定,西播東岡山線・山崎智頭線,2024/12/21,夜間帯,順方向,3260,3260,0,0,0,0,3260,熱容量,0,0,0,0,2024/10/18 17:01:29
月間,202410,策定,西播東岡山線・山崎智頭線,2024/12/21,夜間帯,逆方向,-4550,-4550,0,0,0,0,-4550,電圧,0,0,0,0,2024/10/18 17:01:29
月間,202411,策定,西播東岡山線・山崎智頭線,2024/12/21,昼間帯,順方向,3260,3260,0,0,0,0,3260,熱容量,0,0,0,0,2024/11/20 16:59:38
月間,202411,策定,西播東岡山線・山崎智頭線,2024/12/21,昼間帯,逆方向,-4550,-4550,0,0,0,0,-4550,電圧,0,0,0,0,2024/11/20 16:59:38
月間,202411,策定,西播東岡山線・山崎智頭線,2024/12/21,夜間帯,順方向,3260,3260,0,0,0,0,3260,熱容量,0,0,0,0,2024/11/20 16:59:38
月間,202411,策定,西播東岡山線・山崎智頭線,2024/12/21,夜間帯,逆方向,-4550,-4550,0,0,0,0,-4550,電圧,0,0,0,0,2024/11/20 16:59:38
月間,202410,策定,西播東岡山線・山崎智頭線,2024/12/22,昼間帯,順方向,3260,3260,0,0,0,0,3260,熱容量,0,0,0,0,2024/10/18 17:01:29
月間,202410,策定,西播東岡山線・山崎智頭線,2024/12/22,昼間帯,逆方向,-4550,-4550,0,0,0,0,-4550,電圧,0,0,0,0,2024/10/18 17:01:29
月間,202410,策定,西播東岡山線・山崎智頭線,2024/12/22,夜間帯,順方向,3260,3260,0,0,0,0,3260,熱容量,0,0,0,0,2024/10/18 17:01:29
月間,202410,策定,西播東岡山線・山崎智頭線,2024/12/22,夜間帯,逆方向,-4550,-4550,0,0,0,0,-4550,電圧,0,0,0,0,2024/10/18 17:01:29
月間,202411,策定,西播東岡山線・山崎智頭線,2024/12/22,昼間帯,順方向,3260,3260,0,0,0,0,3260,熱容量,0,0,0,0,2024/11/20 16:59:38
月間,202411,策定,西播東岡山線・山崎智頭線,2024/12/22,昼間帯,逆方向,-4550,-4550,0,0,0,0,-4550,電圧,0,0,0,0,2024/11/20 16:59:38
月間,202411,策定,西播東岡山線・山崎智頭線,2024/12/22,夜間帯,順方向,3260,3260,0,0,0,0,3260,熱容量,0,0,0,0,2024/11/20 16:59:38
月間,202411,策定,西播東岡山線・山崎智頭線,2024/12/22,夜間帯,逆方向,-4550,-4550,0,0,0,0,-4550,電圧,0,0,0,0,2024/11/20 16:59:38
月間,202410,策定,西播東岡山線・山崎智頭線,2024/12/23,昼間帯,順方向,3260,3260,0,0,0,0,3260,熱容量,0,0,0,0,2024/10/18 17:01:29
月間,202410,策定,西播東岡山線・山崎智頭線,2024/12/23,昼間帯,逆方向,-4550,-4550,0,0,0,0,-4550,電圧,0,0,0,0,2024/10/18 17:01:29
月間,202410,策定,西播東岡山線・山崎智頭線,2024/12/23,夜間帯,順方向,3260,3260,0,0,0,0,3260,熱容量,0,0,0,0,2024/10/18 17:01:29
月間,202410,策定,西播東岡山線・山崎智頭線,2024/12/23,夜間帯,逆方向,-4550,-4550,0,0,0,0,-4550,電圧,0,0,0,0,2024/10/18 17:01:29
月間,202411,策定,西播東岡山線・山崎智頭線,2024/12/23,昼間帯,順方向,3260,3260,0,0,0,0,3260,熱容量,0,0,0,0,2024/11/20 16:59:38
月間,202411,策定,西播東岡山線・山崎智頭線,2024/12/23,昼間帯,逆方向,-4550,-4550,0,0,0,0,-4550,電圧,0,0,0,0,2024/11/20 16:59:38
月間,202411,策定,西播東岡山線・山崎智頭線,2024/12/23,夜間帯,順方向,3260,3260,0,0,0,0,3260,熱容量,0,0,0,0,2024/11/20 16:59:38
月間,202411,策定,西播東岡山線・山崎智頭線,2024/12/23,夜間帯,逆方向,-4550,-4550,0,0,0,0,-4550,電圧,0,0,0,0,2024/11/20 16:59:38
月間,202410,策定,西播東岡山線・山崎智頭線,2024/12/24,昼間帯,順方向,3260,3260,0,0,0,0,3260,熱容量,0,0,0,0,2024/10/18 17:01:29
月間,202410,策定,西播東岡山線・山崎智頭線,2024/12/24,昼間帯,逆方向,-4550,-4550,0,0,0,0,-4550,電圧,0,0,0,0,2024/10/18 17:01:29
月間,202410,策定,西播東岡山線・山崎智頭線,2024/12/24,夜間帯,順方向,3260,3260,0,0,0,0,3260,熱容量,0,0,0,0,2024/10/18 17:01:29
月間,202410,策定,西播東岡山線・山崎智頭線,2024/12/24,夜間帯,逆方向,-4550,-4550,0,0,0,0,-4550,電圧,0,0,0,0,2024/10/18 17:01:29
月間,202411,策定,西播東岡山線・山崎智頭線,2024/12/24,昼間帯,順方向,3260,3260,0,0,0,0,3260,熱容量,0,0,0,0,2024/11/20 16:59:38
月間,202411,策定,西播東岡山線・山崎智頭線,2024/12/24,昼間帯,逆方向,-4550,-4550,0,0,0,0,-4550,電圧,0,0,0,0,2024/11/20 16:59:38
月間,202411,策定,西播東岡山線・山崎智頭線,2024/12/24,夜間帯,順方向,3260,3260,0,0,0,0,3260,熱容量,0,0,0,0,2024/11/20 16:59:38
月間,202411,策定,西播東岡山線・山崎智頭線,2024/12/24,夜間帯,逆方向,-4550,-4550,0,0,0,0,-4550,電圧,0,0,0,0,2024/11/20 16:59:38
月間,202410,策定,西播東岡山線・山崎智頭線,2024/12/25,昼間帯,順方向,3260,3260,0,0,0,0,3260,熱容量,0,0,0,0,2024/10/18 17:01:29
月間,202410,策定,西播東岡山線・山崎智頭線,2024/12/25,昼間帯,逆方向,-4550,-4550,0,0,0,0,-4550,電圧,0,0,0,0,2024/10/18 17:01:29
月間,202410,策定,西播東岡山線・山崎智頭線,2024/12/25,夜間帯,順方向,3260,3260,0,0,0,0,3260,熱容量,0,0,0,0,2024/10/18 17:01:29
月間,202410,策定,西播東岡山線・山崎智頭線,2024/12/25,夜間帯,逆方向,-4550,-4550,0,0,0,0,-4550,電圧,0,0,0,0,2024/10/18 17:01:29
月間,202411,策定,西播東岡山線・山崎智頭線,2024/12/25,昼間帯,順方向,3260,3260,0,0,0,0,3260,熱容量,0,0,0,0,2024/11/20 16:59:38
月間,202411,策定,西播東岡山線・山崎智頭線,2024/12/25,昼間帯,逆方向,-4550,-4550,0,0,0,0,-4550,電圧,0,0,0,0,2024/11/20 16:59:38
月間,202411,策定,西播東岡山線・山崎智頭線,2024/12/25,夜間帯,順方向,3260,3260,0,0,0,0,3260,熱容量,0,0,0,0,2024/11/20 16:59:38
月間,202411,策定,西播東岡山線・山崎智頭線,2024/12/25,夜間帯,逆方向,-4550,-4550,0,0,0,0,-4550,電圧,0,0,0,0,2024/11/20 16:59:38
月間,202410,策定,西播東岡山線・山崎智頭線,2024/12/26,昼間帯,順方向,3260,3260,0,0,0,0,3260,熱容量,0,0,0,0,2024/10/18 17:01:29
月間,202410,策定,西播東岡山線・山崎智頭線,2024/12/26,昼間帯,逆方向,-4550,-4550,0,0,0,0,-4550,電圧,0,0,0,0,2024/10/18 17:01:29
月間,202410,策定,西播東岡山線・山崎智頭線,2024/12/26,夜間帯,順方向,3260,3260,0,0,0,0,3260,熱容量,0,0,0,0,2024/10/18 17:01:29
月間,202410,策定,西播東岡山線・山崎智頭線,2024/12/26,夜間帯,逆方向,-4550,-4550,0,0,0,0,-4550,電圧,0,0,0,0,2024/10/18 17:01:29
月間,202411,策定,西播東岡山線・山崎智頭線,2024/12/26,昼間帯,順方向,3260,3260,0,0,0,0,3260,熱容量,0,0,0,0,2024/11/20 16:59:38
月間,202411,策定,西播東岡山線・山崎智頭線,2024/12/26,昼間帯,逆方向,-4550,-4550,0,0,0,0,-4550,電圧,0,0,0,0,2024/11/20 16:59:38
月間,202411,策定,西播東岡山線・山崎智頭線,2024/12/26,夜間帯,順方向,3260,3260,0,0,0,0,3260,熱容量,0,0,0,0,2024/11/20 16:59:38
月間,202411,策定,西播東岡山線・山崎智頭線,2024/12/26,夜間帯,逆方向,-4550,-4550,0,0,0,0,-4550,電圧,0,0,0,0,2024/11/20 16:59:38
月間,202410,策定,西播東岡山線・山崎智頭線,2024/12/27,昼間帯,順方向,3260,3260,0,0,0,0,3260,熱容量,0,0,0,0,2024/10/18 17:01:29
月間,202410,策定,西播東岡山線・山崎智頭線,2024/12/27,昼間帯,逆方向,-4550,-4550,0,0,0,0,-4550,電圧,0,0,0,0,2024/10/18 17:01:29
月間,202410,策定,西播東岡山線・山崎智頭線,2024/12/27,夜間帯,順方向,3260,3260,0,0,0,0,3260,熱容量,0,0,0,0,2024/10/18 17:01:29
月間,202410,策定,西播東岡山線・山崎智頭線,2024/12/27,夜間帯,逆方向,-4550,-4550,0,0,0,0,-4550,電圧,0,0,0,0,2024/10/18 17:01:29
月間,202411,策定,西播東岡山線・山崎智頭線,2024/12/27,昼間帯,順方向,3260,3260,0,0,0,0,3260,熱容量,0,0,0,0,2024/11/20 16:59:38
月間,202411,策定,西播東岡山線・山崎智頭線,2024/12/27,昼間帯,逆方向,-4550,-4550,0,0,0,0,-4550,電圧,0,0,0,0,2024/11/20 16:59:38
月間,202411,策定,西播東岡山線・山崎智頭線,2024/12/27,夜間帯,順方向,3260,3260,0,0,0,0,3260,熱容量,0,0,0,0,2024/11/20 16:59:38
月間,202411,策定,西播東岡山線・山崎智頭線,2024/12/27,夜間帯,逆方向,-4550,-4550,0,0,0,0,-4550,電圧,0,0,0,0,2024/11/20 16:59:38
月間,202410,策定,西播東岡山線・山崎智頭線,2024/12/28,昼間帯,順方向,3260,3260,0,0,0,0,3260,熱容量,0,0,0,0,2024/10/18 17:01:29
月間,202410,策定,西播東岡山線・山崎智頭線,2024/12/28,昼間帯,逆方向,-4550,-4550,0,0,0,0,-4550,電圧,0,0,0,0,2024/10/18 17:01:29
月間,202410,策定,西播東岡山線・山崎智頭線,2024/12/28,夜間帯,順方向,3260,3260,0,0,0,0,3260,熱容量,0,0,0,0,2024/10/18 17:01:29
月間,202410,策定,西播東岡山線・山崎智頭線,2024/12/28,夜間帯,逆方向,-4550,-4550,0,0,0,0,-4550,電圧,0,0,0,0,2024/10/18 17:01:29
月間,202411,策定,西播東岡山線・山崎智頭線,2024/12/28,昼間帯,順方向,3260,3260,0,0,0,0,3260,熱容量,0,0,0,0,2024/11/20 16:59:38
月間,202411,策定,西播東岡山線・山崎智頭線,2024/12/28,昼間帯,逆方向,-4550,-4550,0,0,0,0,-4550,電圧,0,0,0,0,2024/11/20 16:59:38
月間,202411,策定,西播東岡山線・山崎智頭線,2024/12/28,夜間帯,順方向,3260,3260,0,0,0,0,3260,熱容量,0,0,0,0,2024/11/20 16:59:38
月間,202411,策定,西播東岡山線・山崎智頭線,2024/12/28,夜間帯,逆方向,-4550,-4550,0,0,0,0,-4550,電圧,0,0,0,0,2024/11/20 16:59:38
月間,202410,策定,西播東岡山線・山崎智頭線,2024/12/29,昼間帯,順方向,3260,3260,0,0,0,0,3260,熱容量,0,0,0,0,2024/10/18 17:01:29
月間,202410,策定,西播東岡山線・山崎智頭線,2024/12/29,昼間帯,逆方向,-4550,-4550,0,0,0,0,-4550,電圧,0,0,0,0,2024/10/18 17:01:29
月間,202410,策定,西播東岡山線・山崎智頭線,2024/12/29,夜間帯,順方向,3260,3260,0,0,0,0,3260,熱容量,0,0,0,0,2024/10/18 17:01:29
月間,202410,策定,西播東岡山線・山崎智頭線,2024/12/29,夜間帯,逆方向,-4550,-4550,0,0,0,0,-4550,電圧,0,0,0,0,2024/10/18 17:01:29
月間,202411,策定,西播東岡山線・山崎智頭線,2024/12/29,昼間帯,順方向,3260,3260,0,0,0,0,3260,熱容量,0,0,0,0,2024/11/20 16:59:38
月間,202411,策定,西播東岡山線・山崎智頭線,2024/12/29,昼間帯,逆方向,-4550,-4550,0,0,0,0,-4550,電圧,0,0,0,0,2024/11/20 16:59:38
月間,202411,策定,西播東岡山線・山崎智頭線,2024/12/29,夜間帯,順方向,3260,3260,0,0,0,0,3260,熱容量,0,0,0,0,2024/11/20 16:59:38
月間,202411,策定,西播東岡山線・山崎智頭線,2024/12/29,夜間帯,逆方向,-4550,-4550,0,0,0,0,-4550,電圧,0,0,0,0,2024/11/20 16:59:38
月間,202410,策定,西播東岡山線・山崎智頭線,2024/12/30,昼間帯,順方向,3260,3260,0,0,0,0,3260,熱容量,0,0,0,0,2024/10/18 17:01:29
月間,202410,策定,西播東岡山線・山崎智頭線,2024/12/30,昼間帯,逆方向,-4550,-4550,0,0,0,0,-4550,電圧,0,0,0,0,2024/10/18 17:01:29
月間,202410,策定,西播東岡山線・山崎智頭線,2024/12/30,夜間帯,順方向,3260,3260,0,0,0,0,3260,熱容量,0,0,0,0,2024/10/18 17:01:29
月間,202410,策定,西播東岡山線・山崎智頭線,2024/12/30,夜間帯,逆方向,-4550,-4550,0,0,0,0,-4550,電圧,0,0,0,0,2024/10/18 17:01:29
月間,202411,策定,西播東岡山線・山崎智頭線,2024/12/30,昼間帯,順方向,3260,3260,0,0,0,0,3260,熱容量,0,0,0,0,2024/11/20 16:59:38
月間,202411,策定,西播東岡山線・山崎智頭線,2024/12/30,昼間帯,逆方向,-4550,-4550,0,0,0,0,-4550,電圧,0,0,0,0,2024/11/20 16:59:38
月間,202411,策定,西播東岡山線・山崎智頭線,2024/12/30,夜間帯,順方向,3260,3260,0,0,0,0,3260,熱容量,0,0,0,0,2024/11/20 16:59:38
月間,202411,策定,西播東岡山線・山崎智頭線,2024/12/30,夜間帯,逆方向,-4550,-4550,0,0,0,0,-4550,電圧,0,0,0,0,2024/11/20 16:59:38
月間,202410,策定,西播東岡山線・山崎智頭線,2024/12/31,昼間帯,順方向,3260,3260,0,0,0,0,3260,熱容量,0,0,0,0,2024/10/18 17:01:29
月間,202410,策定,西播東岡山線・山崎智頭線,2024/12/31,昼間帯,逆方向,-4550,-4550,0,0,0,0,-4550,電圧,0,0,0,0,2024/10/18 17:01:29
月間,202410,策定,西播東岡山線・山崎智頭線,2024/12/31,夜間帯,順方向,3260,3260,0,0,0,0,3260,熱容量,0,0,0,0,2024/10/18 17:01:29
月間,202410,策定,西播東岡山線・山崎智頭線,2024/12/31,夜間帯,逆方向,-4550,-4550,0,0,0,0,-4550,電圧,0,0,0,0,2024/10/18 17:01:29
月間,202411,策定,西播東岡山線・山崎智頭線,2024/12/31,昼間帯,順方向,3260,3260,0,0,0,0,3260,熱容量,0,0,0,0,2024/11/20 16:59:38
月間,202411,策定,西播東岡山線・山崎智頭線,2024/12/31,昼間帯,逆方向,-4550,-4550,0,0,0,0,-4550,電圧,0,0,0,0,2024/11/20 16:59:38
月間,202411,策定,西播東岡山線・山崎智頭線,2024/12/31,夜間帯,順方向,3260,3260,0,0,0,0,3260,熱容量,0,0,0,0,2024/11/20 16:59:38
月間,202411,策定,西播東岡山線・山崎智頭線,2024/12/31,夜間帯,逆方向,-4550,-4550,0,0,0,0,-4550,電圧,0,0,0,0,2024/11/20 16:59:38
月間,202409,策定,阿南紀北直流幹線,2024/11/01,昼間帯,順方向,0,0,0,0,0,0,0,熱容量（作業）,0,0,0,0,2024/09/20 17:01:43
月間,202409,策定,阿南紀北直流幹線,2024/11/01,昼間帯,逆方向,0,0,0,0,0,0,0,熱容量（作業）,0,0,0,0,2024/09/20 17:01:43
月間,202409,策定,阿南紀北直流幹線,2024/11/01,夜間帯,順方向,0,0,0,0,0,0,0,熱容量（作業）,0,0,0,0,2024/09/20 17:01:43
月間,202409,策定,阿南紀北直流幹線,2024/11/01,夜間帯,逆方向,0,0,0,0,0,0,0,熱容量（作業）,0,0,0,0,2024/09/20 17:01:43
月間,202409,策定,阿南紀北直流幹線,2024/11/02,昼間帯,順方向,0,0,0,0,0,0,0,安定度（作業）,0,0,0,0,2024/09/20 17:01:43
月間,202409,策定,阿南紀北直流幹線,2024/11/02,昼間帯,逆方向,-70,-70,0,0,0,0,-70,熱容量（作業）,0,0,0,0,2024/09/20 17:01:43
月間,202409,策定,阿南紀北直流幹線,2024/11/02,夜間帯,順方向,0,0,0,0,0,0,0,安定度（作業）,0,0,0,0,2024/09/20 17:01:43
月間,202409,策定,阿南紀北直流幹線,2024/11/02,夜間帯,逆方向,-70,-70,0,0,0,0,-70,熱容量（作業）,0,0,0,0,2024/09/20 17:01:43
月間,202410,策定,阿南紀北直流幹線,2024/11/02,昼間帯,順方向,0,0,0,0,0,0,0,安定度（作業）,0,0,0,0,2024/10/18 17:01:29
月間,202410,策定,阿南紀北直流幹線,2024/11/02,昼間帯,逆方向,-70,-70,0,0,0,0,-70,熱容量（作業）,0,0,0,0,2024/10/18 17:01:29
月間,202410,策定,阿南紀北直流幹線,2024/11/02,夜間帯,順方向,0,0,0,0,0,0,0,安定度（作業）,0,0,0,0,2024/10/18 17:01:29
月間,202410,策定,阿南紀北直流幹線,2024/11/02,夜間帯,逆方向,-70,-70,0,0,0,0,-70,熱容量（作業）,0,0,0,0,2024/10/18 17:01:29
月間,202409,策定,阿南紀北直流幹線,2024/11/03,昼間帯,順方向,0,0,0,0,0,0,0,安定度（作業）,0,0,0,0,2024/09/20 17:01:43
月間,202409,策定,阿南紀北直流幹線,2024/11/03,昼間帯,逆方向,-70,-70,0,0,0,0,-70,熱容量（作業）,0,0,0,0,2024/09/20 17:01:43
月間,202409,策定,阿南紀北直流幹線,2024/11/03,夜間帯,順方向,0,0,0,0,0,0,0,安定度（作業）,0,0,0,0,2024/09/20 17:01:43
月間,202409,策定,阿南紀北直流幹線,2024/11/03,夜間帯,逆方向,-70,-70,0,0,0,0,-70,熱容量（作業）,0,0,0,0,2024/09/20 17:01:43
月間,202410,策定,阿南紀北直流幹線,2024/11/03,昼間帯,順方向,0,0,0,0,0,0,0,安定度（作業）,0,0,0,0,2024/10/18 17:01:29
月間,202410,策定,阿南紀北直流幹線,2024/11/03,昼間帯,逆方向,-70,-70,0,0,0,0,-70,熱容量（作業）,0,0,0,0,2024/10/18 17:01:29
月間,202410,策定,阿南紀北直流幹線,2024/11/03,夜間帯,順方向,0,0,0,0,0,0,0,安定度（作業）,0,0,0,0,2024/10/18 17:01:29
月間,202410,策定,阿南紀北直流幹線,2024/11/03,夜間帯,逆方向,-70,-70,0,0,0,0,-70,熱容量（作業）,0,0,0,0,2024/10/18 17:01:29
月間,202409,策定,阿南紀北直流幹線,2024/11/04,昼間帯,順方向,0,0,0,0,0,0,0,安定度（作業）,0,0,0,0,2024/09/20 17:01:43
月間,202409,策定,阿南紀北直流幹線,2024/11/04,昼間帯,逆方向,-70,-70,0,0,0,0,-70,熱容量（作業）,0,0,0,0,2024/09/20 17:01:43
月間,202409,策定,阿南紀北直流幹線,2024/11/04,夜間帯,順方向,0,0,0,0,0,0,0,安定度（作業）,0,0,0,0,2024/09/20 17:01:43
月間,202409,策定,阿南紀北直流幹線,2024/11/04,夜間帯,逆方向,-70,-70,0,0,0,0,-70,熱容量（作業）,0,0,0,0,2024/09/20 17:01:43
月間,202410,策定,阿南紀北直流幹線,2024/11/04,昼間帯,順方向,0,0,0,0,0,0,0,安定度（作業）,0,0,0,0,2024/10/18 17:01:29
月間,202410,策定,阿南紀北直流幹線,2024/11/04,昼間帯,逆方向,-70,-70,0,0,0,0,-70,熱容量（作業）,0,0,0,0,2024/10/18 17:01:29
月間,202410,策定,阿南紀北直流幹線,2024/11/04,夜間帯,順方向,0,0,0,0,0,0,0,安定度（作業）,0,0,0,0,2024/10/18 17:01:29
月間,202410,策定,阿南紀北直流幹線,2024/11/04,夜間帯,逆方向,-70,-70,0,0,0,0,-70,熱容量（作業）,0,0,0,0,2024/10/18 17:01:29
月間,202409,策定,阿南紀北直流幹線,2024/11/05,昼間帯,順方向,0,0,0,0,0,0,0,安定度（作業）,0,0,0,0,2024/09/20 17:01:43
月間,202409,策定,阿南紀北直流幹線,2024/11/05,昼間帯,逆方向,-70,-70,0,0,0,0,-70,熱容量（作業）,0,0,0,0,2024/09/20 17:01:43
月間,202409,策定,阿南紀北直流幹線,2024/11/05,夜間帯,順方向,0,0,0,0,0,0,0,安定度（作業）,0,0,0,0,2024/09/20 17:01:43
月間,202409,策定,阿南紀北直流幹線,2024/11/05,夜間帯,逆方向,-70,-70,0,0,0,0,-70,熱容量（作業）,0,0,0,0,2024/09/20 17:01:43
月間,202410,策定,阿南紀北直流幹線,2024/11/05,昼間帯,順方向,0,0,0,0,0,0,0,安定度（作業）,0,0,0,0,2024/10/18 17:01:29
月間,202410,策定,阿南紀北直流幹線,2024/11/05,昼間帯,逆方向,-70,-70,0,0,0,0,-70,熱容量（作業）,0,0,0,0,2024/10/18 17:01:29
月間,202410,策定,阿南紀北直流幹線,2024/11/05,夜間帯,順方向,0,0,0,0,0,0,0,安定度（作業）,0,0,0,0,2024/10/18 17:01:29
月間,202410,策定,阿南紀北直流幹線,2024/11/05,夜間帯,逆方向,-70,-70,0,0,0,0,-70,熱容量（作業）,0,0,0,0,2024/10/18 17:01:29
月間,202409,策定,阿南紀北直流幹線,2024/11/06,昼間帯,順方向,0,0,0,0,0,0,0,安定度（作業）,0,0,0,0,2024/09/20 17:01:43
月間,202409,策定,阿南紀北直流幹線,2024/11/06,昼間帯,逆方向,-70,-70,0,0,0,0,-70,熱容量（作業）,0,0,0,0,2024/09/20 17:01:43
月間,202409,策定,阿南紀北直流幹線,2024/11/06,夜間帯,順方向,0,0,0,0,0,0,0,安定度（作業）,0,0,0,0,2024/09/20 17:01:43
月間,202409,策定,阿南紀北直流幹線,2024/11/06,夜間帯,逆方向,-70,-70,0,0,0,0,-70,熱容量（作業）,0,0,0,0,2024/09/20 17:01:43
月間,202410,策定,阿南紀北直流幹線,2024/11/06,昼間帯,順方向,0,0,0,0,0,0,0,安定度（作業）,0,0,0,0,2024/10/18 17:01:29
月間,202410,策定,阿南紀北直流幹線,2024/11/06,昼間帯,逆方向,-70,-70,0,0,0,0,-70,熱容量（作業）,0,0,0,0,2024/10/18 17:01:29
月間,202410,策定,阿南紀北直流幹線,2024/11/06,夜間帯,順方向,0,0,0,0,0,0,0,安定度（作業）,0,0,0,0,2024/10/18 17:01:29
月間,202410,策定,阿南紀北直流幹線,2024/11/06,夜間帯,逆方向,-70,-70,0,0,0,0,-70,熱容量（作業）,0,0,0,0,2024/10/18 17:01:29
月間,202409,策定,阿南紀北直流幹線,2024/11/07,昼間帯,順方向,0,0,0,0,0,0,0,安定度（作業）,0,0,0,0,2024/09/20 17:01:43
月間,202409,策定,阿南紀北直流幹線,2024/11/07,昼間帯,逆方向,-70,-70,0,0,0,0,-70,熱容量（作業）,0,0,0,0,2024/09/20 17:01:43
月間,202409,策定,阿南紀北直流幹線,2024/11/07,夜間帯,順方向,0,0,0,0,0,0,0,安定度（作業）,0,0,0,0,2024/09/20 17:01:43
月間,202409,策定,阿南紀北直流幹線,2024/11/07,夜間帯,逆方向,-70,-70,0,0,0,0,-70,熱容量（作業）,0,0,0,0,2024/09/20 17:01:43
月間,202410,策定,阿南紀北直流幹線,2024/11/07,昼間帯,順方向,0,0,0,0,0,0,0,安定度（作業）,0,0,0,0,2024/10/18 17:01:29
月間,202410,策定,阿南紀北直流幹線,2024/11/07,昼間帯,逆方向,-70,-70,0,0,0,0,-70,熱容量（作業）,0,0,0,0,2024/10/18 17:01:29
月間,202410,策定,阿南紀北直流幹線,2024/11/07,夜間帯,順方向,0,0,0,0,0,0,0,安定度（作業）,0,0,0,0,2024/10/18 17:01:29
月間,202410,策定,阿南紀北直流幹線,2024/11/07,夜間帯,逆方向,-70,-70,0,0,0,0,-70,熱容量（作業）,0,0,0,0,2024/10/18 17:01:29
月間,202409,策定,阿南紀北直流幹線,2024/11/08,昼間帯,順方向,0,0,0,0,0,0,0,安定度（作業）,0,0,0,0,2024/09/20 17:01:43
月間,202409,策定,阿南紀北直流幹線,2024/11/08,昼間帯,逆方向,-70,-70,0,0,0,0,-70,熱容量（作業）,0,0,0,0,2024/09/20 17:01:43
月間,202409,策定,阿南紀北直流幹線,2024/11/08,夜間帯,順方向,0,0,0,0,0,0,0,安定度（作業）,0,0,0,0,2024/09/20 17:01:43
月間,202409,策定,阿南紀北直流幹線,2024/11/08,夜間帯,逆方向,-70,-70,0,0,0,0,-70,熱容量（作業）,0,0,0,0,2024/09/20 17:01:43
月間,202410,策定,阿南紀北直流幹線,2024/11/08,昼間帯,順方向,0,0,0,0,0,0,0,安定度（作業）,0,0,0,0,2024/10/18 17:01:29
月間,202410,策定,阿南紀北直流幹線,2024/11/08,昼間帯,逆方向,-70,-70,0,0,0,0,-70,熱容量（作業）,0,0,0,0,2024/10/18 17:01:29
月間,202410,策定,阿南紀北直流幹線,2024/11/08,夜間帯,順方向,0,0,0,0,0,0,0,安定度（作業）,0,0,0,0,2024/10/18 17:01:29
月間,202410,策定,阿南紀北直流幹線,2024/11/08,夜間帯,逆方向,-70,-70,0,0,0,0,-70,熱容量（作業）,0,0,0,0,2024/10/18 17:01:29
月間,202409,策定,阿南紀北直流幹線,2024/11/09,昼間帯,順方向,0,0,0,0,0,0,0,安定度（作業）,0,0,0,0,2024/09/20 17:01:43
月間,202409,策定,阿南紀北直流幹線,2024/11/09,昼間帯,逆方向,-70,-70,0,0,0,0,-70,熱容量（作業）,0,0,0,0,2024/09/20 17:01:43
月間,202409,策定,阿南紀北直流幹線,2024/11/09,夜間帯,順方向,0,0,0,0,0,0,0,安定度（作業）,0,0,0,0,2024/09/20 17:01:43
月間,202409,策定,阿南紀北直流幹線,2024/11/09,夜間帯,逆方向,-70,-70,0,0,0,0,-70,熱容量（作業）,0,0,0,0,2024/09/20 17:01:43
月間,202410,策定,阿南紀北直流幹線,2024/11/09,昼間帯,順方向,0,0,0,0,0,0,0,安定度（作業）,0,0,0,0,2024/10/18 17:01:29
月間,202410,策定,阿南紀北直流幹線,2024/11/09,昼間帯,逆方向,-70,-70,0,0,0,0,-70,熱容量（作業）,0,0,0,0,2024/10/18 17:01:29
月間,202410,策定,阿南紀北直流幹線,2024/11/09,夜間帯,順方向,0,0,0,0,0,0,0,安定度（作業）,0,0,0,0,2024/10/18 17:01:29
月間,202410,策定,阿南紀北直流幹線,2024/11/09,夜間帯,逆方向,-70,-70,0,0,0,0,-70,熱容量（作業）,0,0,0,0,2024/10/18 17:01:29
月間,202409,策定,阿南紀北直流幹線,2024/11/10,昼間帯,順方向,0,0,0,0,0,0,0,安定度（作業）,0,0,0,0,2024/09/20 17:01:43
月間,202409,策定,阿南紀北直流幹線,2024/11/10,昼間帯,逆方向,-70,-70,0,0,0,0,-70,熱容量（作業）,0,0,0,0,2024/09/20 17:01:43
月間,202409,策定,阿南紀北直流幹線,2024/11/10,夜間帯,順方向,0,0,0,0,0,0,0,安定度（作業）,0,0,0,0,2024/09/20 17:01:43
月間,202409,策定,阿南紀北直流幹線,2024/11/10,夜間帯,逆方向,-70,-70,0,0,0,0,-70,熱容量（作業）,0,0,0,0,2024/09/20 17:01:43
月間,202410,策定,阿南紀北直流幹線,2024/11/10,昼間帯,順方向,0,0,0,0,0,0,0,安定度（作業）,0,0,0,0,2024/10/18 17:01:29
月間,202410,策定,阿南紀北直流幹線,2024/11/10,昼間帯,逆方向,-70,-70,0,0,0,0,-70,熱容量（作業）,0,0,0,0,2024/10/18 17:01:29
月間,202410,策定,阿南紀北直流幹線,2024/11/10,夜間帯,順方向,0,0,0,0,0,0,0,安定度（作業）,0,0,0,0,2024/10/18 17:01:29
月間,202410,策定,阿南紀北直流幹線,2024/11/10,夜間帯,逆方向,-70,-70,0,0,0,0,-70,熱容量（作業）,0,0,0,0,2024/10/18 17:01:29
月間,202409,策定,阿南紀北直流幹線,2024/11/11,昼間帯,順方向,0,0,0,0,0,0,0,安定度（作業）,0,0,0,0,2024/09/20 17:01:43
月間,202409,策定,阿南紀北直流幹線,2024/11/11,昼間帯,逆方向,-70,-70,0,0,0,0,-70,熱容量（作業）,0,0,0,0,2024/09/20 17:01:43
月間,202409,策定,阿南紀北直流幹線,2024/11/11,夜間帯,順方向,0,0,0,0,0,0,0,安定度（作業）,0,0,0,0,2024/09/20 17:01:43
月間,202409,策定,阿南紀北直流幹線,2024/11/11,夜間帯,逆方向,-70,-70,0,0,0,0,-70,熱容量（作業）,0,0,0,0,2024/09/20 17:01:43
月間,202410,策定,阿南紀北直流幹線,2024/11/11,昼間帯,順方向,0,0,0,0,0,0,0,安定度（作業）,0,0,0,0,2024/10/18 17:01:29
月間,202410,策定,阿南紀北直流幹線,2024/11/11,昼間帯,逆方向,-70,-70,0,0,0,0,-70,熱容量（作業）,0,0,0,0,2024/10/18 17:01:29
月間,202410,策定,阿南紀北直流幹線,2024/11/11,夜間帯,順方向,0,0,0,0,0,0,0,安定度（作業）,0,0,0,0,2024/10/18 17:01:29
月間,202410,策定,阿南紀北直流幹線,2024/11/11,夜間帯,逆方向,-70,-70,0,0,0,0,-70,熱容量（作業）,0,0,0,0,2024/10/18 17:01:29
月間,202409,策定,阿南紀北直流幹線,2024/11/12,昼間帯,順方向,0,0,0,0,0,0,0,安定度（作業）,0,0,0,0,2024/09/20 17:01:43
月間,202409,策定,阿南紀北直流幹線,2024/11/12,昼間帯,逆方向,-70,-70,0,0,0,0,-70,熱容量（作業）,0,0,0,0,2024/09/20 17:01:43
月間,202409,策定,阿南紀北直流幹線,2024/11/12,夜間帯,順方向,0,0,0,0,0,0,0,安定度（作業）,0,0,0,0,2024/09/20 17:01:43
月間,202409,策定,阿南紀北直流幹線,2024/11/12,夜間帯,逆方向,-70,-70,0,0,0,0,-70,熱容量（作業）,0,0,0,0,2024/09/20 17:01:43
月間,202410,策定,阿南紀北直流幹線,2024/11/12,昼間帯,順方向,0,0,0,0,0,0,0,安定度（作業）,0,0,0,0,2024/10/18 17:01:29
月間,202410,策定,阿南紀北直流幹線,2024/11/12,昼間帯,逆方向,-70,-70,0,0,0,0,-70,熱容量（作業）,0,0,0,0,2024/10/18 17:01:29
月間,202410,策定,阿南紀北直流幹線,2024/11/12,夜間帯,順方向,0,0,0,0,0,0,0,安定度（作業）,0,0,0,0,2024/10/18 17:01:29
月間,202410,策定,阿南紀北直流幹線,2024/11/12,夜間帯,逆方向,-70,-70,0,0,0,0,-70,熱容量（作業）,0,0,0,0,2024/10/18 17:01:29
月間,202409,策定,阿南紀北直流幹線,2024/11/13,昼間帯,順方向,0,0,0,0,0,0,0,安定度（作業）,0,0,0,0,2024/09/20 17:01:43
月間,202409,策定,阿南紀北直流幹線,2024/11/13,昼間帯,逆方向,-70,-70,0,0,0,0,-70,熱容量（作業）,0,0,0,0,2024/09/20 17:01:43
月間,202409,策定,阿南紀北直流幹線,2024/11/13,夜間帯,順方向,0,0,0,0,0,0,0,安定度（作業）,0,0,0,0,2024/09/20 17:01:43
月間,202409,策定,阿南紀北直流幹線,2024/11/13,夜間帯,逆方向,-70,-70,0,0,0,0,-70,熱容量（作業）,0,0,0,0,2024/09/20 17:01:43
月間,202410,策定,阿南紀北直流幹線,2024/11/13,昼間帯,順方向,0,0,0,0,0,0,0,安定度（作業）,0,0,0,0,2024/10/18 17:01:29
月間,202410,策定,阿南紀北直流幹線,2024/11/13,昼間帯,逆方向,-70,-70,0,0,0,0,-70,熱容量（作業）,0,0,0,0,2024/10/18 17:01:29
月間,202410,策定,阿南紀北直流幹線,2024/11/13,夜間帯,順方向,0,0,0,0,0,0,0,安定度（作業）,0,0,0,0,2024/10/18 17:01:29
月間,202410,策定,阿南紀北直流幹線,2024/11/13,夜間帯,逆方向,-70,-70,0,0,0,0,-70,熱容量（作業）,0,0,0,0,2024/10/18 17:01:29
月間,202409,策定,阿南紀北直流幹線,2024/11/14,昼間帯,順方向,0,0,0,0,0,0,0,安定度（作業）,0,0,0,0,2024/09/20 17:01:43
月間,202409,策定,阿南紀北直流幹線,2024/11/14,昼間帯,逆方向,-70,-70,0,0,0,0,-70,熱容量（作業）,0,0,0,0,2024/09/20 17:01:43
月間,202409,策定,阿南紀北直流幹線,2024/11/14,夜間帯,順方向,0,0,0,0,0,0,0,安定度（作業）,0,0,0,0,2024/09/20 17:01:43
月間,202409,策定,阿南紀北直流幹線,2024/11/14,夜間帯,逆方向,-70,-70,0,0,0,0,-70,熱容量（作業）,0,0,0,0,2024/09/20 17:01:43
月間,202410,策定,阿南紀北直流幹線,2024/11/14,昼間帯,順方向,0,0,0,0,0,0,0,安定度（作業）,0,0,0,0,2024/10/18 17:01:29
月間,202410,策定,阿南紀北直流幹線,2024/11/14,昼間帯,逆方向,-70,-70,0,0,0,0,-70,熱容量（作業）,0,0,0,0,2024/10/18 17:01:29
月間,202410,策定,阿南紀北直流幹線,2024/11/14,夜間帯,順方向,0,0,0,0,0,0,0,安定度（作業）,0,0,0,0,2024/10/18 17:01:29
月間,202410,策定,阿南紀北直流幹線,2024/11/14,夜間帯,逆方向,-70,-70,0,0,0,0,-70,熱容量（作業）,0,0,0,0,2024/10/18 17:01:29
月間,202409,策定,阿南紀北直流幹線,2024/11/15,昼間帯,順方向,0,0,0,0,0,0,0,安定度（作業）,0,0,0,0,2024/09/20 17:01:43
月間,202409,策定,阿南紀北直流幹線,2024/11/15,昼間帯,逆方向,-70,-70,0,0,0,0,-70,熱容量（作業）,0,0,0,0,2024/09/20 17:01:43
月間,202409,策定,阿南紀北直流幹線,2024/11/15,夜間帯,順方向,0,0,0,0,0,0,0,安定度（作業）,0,0,0,0,2024/09/20 17:01:43
月間,202409,策定,阿南紀北直流幹線,2024/11/15,夜間帯,逆方向,-70,-70,0,0,0,0,-70,熱容量（作業）,0,0,0,0,2024/09/20 17:01:43
月間,202410,策定,阿南紀北直流幹線,2024/11/15,昼間帯,順方向,0,0,0,0,0,0,0,安定度（作業）,0,0,0,0,2024/10/18 17:01:29
月間,202410,策定,阿南紀北直流幹線,2024/11/15,昼間帯,逆方向,-70,-70,0,0,0,0,-70,熱容量（作業）,0,0,0,0,2024/10/18 17:01:29
月間,202410,策定,阿南紀北直流幹線,2024/11/15,夜間帯,順方向,0,0,0,0,0,0,0,安定度（作業）,0,0,0,0,2024/10/18 17:01:29
月間,202410,策定,阿南紀北直流幹線,2024/11/15,夜間帯,逆方向,-70,-70,0,0,0,0,-70,熱容量（作業）,0,0,0,0,2024/10/18 17:01:29
月間,202409,策定,阿南紀北直流幹線,2024/11/16,昼間帯,順方向,0,0,0,0,0,0,0,安定度（作業）,0,0,0,0,2024/09/20 17:01:43
月間,202409,策定,阿南紀北直流幹線,2024/11/16,昼間帯,逆方向,-70,-70,0,0,0,0,-70,熱容量（作業）,0,0,0,0,2024/09/20 17:01:43
月間,202409,策定,阿南紀北直流幹線,2024/11/16,夜間帯,順方向,0,0,0,0,0,0,0,安定度（作業）,0,0,0,0,2024/09/20 17:01:43
月間,202409,策定,阿南紀北直流幹線,2024/11/16,夜間帯,逆方向,-70,-70,0,0,0,0,-70,熱容量（作業）,0,0,0,0,2024/09/20 17:01:43
月間,202410,策定,阿南紀北直流幹線,2024/11/16,昼間帯,順方向,0,0,0,0,0,0,0,安定度（作業）,0,0,0,0,2024/10/18 17:01:29
月間,202410,策定,阿南紀北直流幹線,2024/11/16,昼間帯,逆方向,-70,-70,0,0,0,0,-70,熱容量（作業）,0,0,0,0,2024/10/18 17:01:29
月間,202410,策定,阿南紀北直流幹線,2024/11/16,夜間帯,順方向,0,0,0,0,0,0,0,安定度（作業）,0,0,0,0,2024/10/18 17:01:29
月間,202410,策定,阿南紀北直流幹線,2024/11/16,夜間帯,逆方向,-70,-70,0,0,0,0,-70,熱容量（作業）,0,0,0,0,2024/10/18 17:01:29
月間,202409,策定,阿南紀北直流幹線,2024/11/17,昼間帯,順方向,0,0,0,0,0,0,0,安定度（作業）,0,0,0,0,2024/09/20 17:01:43
月間,202409,策定,阿南紀北直流幹線,2024/11/17,昼間帯,逆方向,-70,-70,0,0,0,0,-70,熱容量（作業）,0,0,0,0,2024/09/20 17:01:43
月間,202409,策定,阿南紀北直流幹線,2024/11/17,夜間帯,順方向,0,0,0,0,0,0,0,安定度（作業）,0,0,0,0,2024/09/20 17:01:43
月間,202409,策定,阿南紀北直流幹線,2024/11/17,夜間帯,逆方向,-70,-70,0,0,0,0,-70,熱容量（作業）,0,0,0,0,2024/09/20 17:01:43
月間,202410,策定,阿南紀北直流幹線,2024/11/17,昼間帯,順方向,0,0,0,0,0,0,0,安定度（作業）,0,0,0,0,2024/10/18 17:01:29
月間,202410,策定,阿南紀北直流幹線,2024/11/17,昼間帯,逆方向,-70,-70,0,0,0,0,-70,熱容量（作業）,0,0,0,0,2024/10/18 17:01:29
月間,202410,策定,阿南紀北直流幹線,2024/11/17,夜間帯,順方向,0,0,0,0,0,0,0,安定度（作業）,0,0,0,0,2024/10/18 17:01:29
月間,202410,策定,阿南紀北直流幹線,2024/11/17,夜間帯,逆方向,-70,-70,0,0,0,0,-70,熱容量（作業）,0,0,0,0,2024/10/18 17:01:29
月間,202409,策定,阿南紀北直流幹線,2024/11/18,昼間帯,順方向,0,0,0,0,0,0,0,安定度（作業）,0,0,0,0,2024/09/20 17:01:43
月間,202409,策定,阿南紀北直流幹線,2024/11/18,昼間帯,逆方向,-70,-70,0,0,0,0,-70,熱容量（作業）,0,0,0,0,2024/09/20 17:01:43
月間,202409,策定,阿南紀北直流幹線,2024/11/18,夜間帯,順方向,0,0,0,0,0,0,0,安定度（作業）,0,0,0,0,2024/09/20 17:01:43
月間,202409,策定,阿南紀北直流幹線,2024/11/18,夜間帯,逆方向,-70,-70,0,0,0,0,-70,熱容量（作業）,0,0,0,0,2024/09/20 17:01:43
月間,202410,策定,阿南紀北直流幹線,2024/11/18,昼間帯,順方向,0,0,0,0,0,0,0,安定度（作業）,0,0,0,0,2024/10/18 17:01:29
月間,202410,策定,阿南紀北直流幹線,2024/11/18,昼間帯,逆方向,-70,-70,0,0,0,0,-70,熱容量（作業）,0,0,0,0,2024/10/18 17:01:29
月間,202410,策定,阿南紀北直流幹線,2024/11/18,夜間帯,順方向,0,0,0,0,0,0,0,安定度（作業）,0,0,0,0,2024/10/18 17:01:29
月間,202410,策定,阿南紀北直流幹線,2024/11/18,夜間帯,逆方向,-70,-70,0,0,0,0,-70,熱容量（作業）,0,0,0,0,2024/10/18 17:01:29
月間,202409,策定,阿南紀北直流幹線,2024/11/19,昼間帯,順方向,0,0,0,0,0,0,0,安定度（作業）,0,0,0,0,2024/09/20 17:01:43
月間,202409,策定,阿南紀北直流幹線,2024/11/19,昼間帯,逆方向,-70,-70,0,0,0,0,-70,熱容量（作業）,0,0,0,0,2024/09/20 17:01:43
月間,202409,策定,阿南紀北直流幹線,2024/11/19,夜間帯,順方向,0,0,0,0,0,0,0,安定度（作業）,0,0,0,0,2024/09/20 17:01:43
月間,202409,策定,阿南紀北直流幹線,2024/11/19,夜間帯,逆方向,-70,-70,0,0,0,0,-70,熱容量（作業）,0,0,0,0,2024/09/20 17:01:43
月間,202410,策定,阿南紀北直流幹線,2024/11/19,昼間帯,順方向,0,0,0,0,0,0,0,安定度（作業）,0,0,0,0,2024/10/18 17:01:29
月間,202410,策定,阿南紀北直流幹線,2024/11/19,昼間帯,逆方向,-70,-70,0,0,0,0,-70,熱容量（作業）,0,0,0,0,2024/10/18 17:01:29
月間,202410,策定,阿南紀北直流幹線,2024/11/19,夜間帯,順方向,0,0,0,0,0,0,0,安定度（作業）,0,0,0,0,2024/10/18 17:01:29
月間,202410,策定,阿南紀北直流幹線,2024/11/19,夜間帯,逆方向,-70,-70,0,0,0,0,-70,熱容量（作業）,0,0,0,0,2024/10/18 17:01:29
月間,202409,策定,阿南紀北直流幹線,2024/11/20,昼間帯,順方向,0,0,0,0,0,0,0,安定度（作業）,0,0,0,0,2024/09/20 17:01:43
月間,202409,策定,阿南紀北直流幹線,2024/11/20,昼間帯,逆方向,-70,-70,0,0,0,0,-70,熱容量（作業）,0,0,0,0,2024/09/20 17:01:43
月間,202409,策定,阿南紀北直流幹線,2024/11/20,夜間帯,順方向,0,0,0,0,0,0,0,安定度（作業）,0,0,0,0,2024/09/20 17:01:43
月間,202409,策定,阿南紀北直流幹線,2024/11/20,夜間帯,逆方向,-70,-70,0,0,0,0,-70,熱容量（作業）,0,0,0,0,2024/09/20 17:01:43
月間,202410,策定,阿南紀北直流幹線,2024/11/20,昼間帯,順方向,0,0,0,0,0,0,0,安定度（作業）,0,0,0,0,2024/10/18 17:01:29
月間,202410,策定,阿南紀北直流幹線,2024/11/20,昼間帯,逆方向,-70,-70,0,0,0,0,-70,熱容量（作業）,0,0,0,0,2024/10/18 17:01:29
月間,202410,策定,阿南紀北直流幹線,2024/11/20,夜間帯,順方向,0,0,0,0,0,0,0,安定度（作業）,0,0,0,0,2024/10/18 17:01:29
月間,202410,策定,阿南紀北直流幹線,2024/11/20,夜間帯,逆方向,-70,-70,0,0,0,0,-70,熱容量（作業）,0,0,0,0,2024/10/18 17:01:29
月間,202409,策定,阿南紀北直流幹線,2024/11/21,昼間帯,順方向,0,0,0,0,0,0,0,安定度（作業）,0,0,0,0,2024/09/20 17:01:43
月間,202409,策定,阿南紀北直流幹線,2024/11/21,昼間帯,逆方向,-70,-70,0,0,0,0,-70,熱容量（作業）,0,0,0,0,2024/09/20 17:01:43
月間,202409,策定,阿南紀北直流幹線,2024/11/21,夜間帯,順方向,0,0,0,0,0,0,0,安定度（作業）,0,0,0,0,2024/09/20 17:01:43
月間,202409,策定,阿南紀北直流幹線,2024/11/21,夜間帯,逆方向,-70,-70,0,0,0,0,-70,熱容量（作業）,0,0,0,0,2024/09/20 17:01:43
月間,202410,策定,阿南紀北直流幹線,2024/11/21,昼間帯,順方向,0,0,0,0,0,0,0,安定度（作業）,0,0,0,0,2024/10/18 17:01:29
月間,202410,策定,阿南紀北直流幹線,2024/11/21,昼間帯,逆方向,-70,-70,0,0,0,0,-70,熱容量（作業）,0,0,0,0,2024/10/18 17:01:29
月間,202410,策定,阿南紀北直流幹線,2024/11/21,夜間帯,順方向,0,0,0,0,0,0,0,安定度（作業）,0,0,0,0,2024/10/18 17:01:29
月間,202410,策定,阿南紀北直流幹線,2024/11/21,夜間帯,逆方向,-70,-70,0,0,0,0,-70,熱容量（作業）,0,0,0,0,2024/10/18 17:01:29
月間,202409,策定,阿南紀北直流幹線,2024/11/22,昼間帯,順方向,0,0,0,0,0,0,0,安定度（作業）,0,0,0,0,2024/09/20 17:01:43
月間,202409,策定,阿南紀北直流幹線,2024/11/22,昼間帯,逆方向,-70,-70,0,0,0,0,-70,熱容量（作業）,0,0,0,0,2024/09/20 17:01:43
月間,202409,策定,阿南紀北直流幹線,2024/11/22,夜間帯,順方向,0,0,0,0,0,0,0,安定度（作業）,0,0,0,0,2024/09/20 17:01:43
月間,202409,策定,阿南紀北直流幹線,2024/11/22,夜間帯,逆方向,-70,-70,0,0,0,0,-70,熱容量（作業）,0,0,0,0,2024/09/20 17:01:43
月間,202410,策定,阿南紀北直流幹線,2024/11/22,昼間帯,順方向,0,0,0,0,0,0,0,安定度（作業）,0,0,0,0,2024/10/18 17:01:29
月間,202410,策定,阿南紀北直流幹線,2024/11/22,昼間帯,逆方向,-70,-70,0,0,0,0,-70,熱容量（作業）,0,0,0,0,2024/10/18 17:01:29
月間,202410,策定,阿南紀北直流幹線,2024/11/22,夜間帯,順方向,0,0,0,0,0,0,0,安定度（作業）,0,0,0,0,2024/10/18 17:01:29
月間,202410,策定,阿南紀北直流幹線,2024/11/22,夜間帯,逆方向,-70,-70,0,0,0,0,-70,熱容量（作業）,0,0,0,0,2024/10/18 17:01:29
月間,202409,策定,阿南紀北直流幹線,2024/11/23,昼間帯,順方向,0,0,0,0,0,0,0,安定度（作業）,0,0,0,0,2024/09/20 17:01:43
月間,202409,策定,阿南紀北直流幹線,2024/11/23,昼間帯,逆方向,-70,-70,0,0,0,0,-70,熱容量（作業）,0,0,0,0,2024/09/20 17:01:43
月間,202409,策定,阿南紀北直流幹線,2024/11/23,夜間帯,順方向,0,0,0,0,0,0,0,安定度（作業）,0,0,0,0,2024/09/20 17:01:43
月間,202409,策定,阿南紀北直流幹線,2024/11/23,夜間帯,逆方向,-70,-70,0,0,0,0,-70,熱容量（作業）,0,0,0,0,2024/09/20 17:01:43
月間,202410,策定,阿南紀北直流幹線,2024/11/23,昼間帯,順方向,0,0,0,0,0,0,0,安定度（作業）,0,0,0,0,2024/10/18 17:01:29
月間,202410,策定,阿南紀北直流幹線,2024/11/23,昼間帯,逆方向,-70,-70,0,0,0,0,-70,熱容量（作業）,0,0,0,0,2024/10/18 17:01:29
月間,202410,策定,阿南紀北直流幹線,2024/11/23,夜間帯,順方向,0,0,0,0,0,0,0,安定度（作業）,0,0,0,0,2024/10/18 17:01:29
月間,202410,策定,阿南紀北直流幹線,2024/11/23,夜間帯,逆方向,-70,-70,0,0,0,0,-70,熱容量（作業）,0,0,0,0,2024/10/18 17:01:29
月間,202409,策定,阿南紀北直流幹線,2024/11/24,昼間帯,順方向,0,0,0,0,0,0,0,安定度（作業）,0,0,0,0,2024/09/20 17:01:43
月間,202409,策定,阿南紀北直流幹線,2024/11/24,昼間帯,逆方向,-70,-70,0,0,0,0,-70,熱容量（作業）,0,0,0,0,2024/09/20 17:01:43
月間,202409,策定,阿南紀北直流幹線,2024/11/24,夜間帯,順方向,0,0,0,0,0,0,0,安定度（作業）,0,0,0,0,2024/09/20 17:01:43
月間,202409,策定,阿南紀北直流幹線,2024/11/24,夜間帯,逆方向,-70,-70,0,0,0,0,-70,熱容量（作業）,0,0,0,0,2024/09/20 17:01:43
月間,202410,策定,阿南紀北直流幹線,2024/11/24,昼間帯,順方向,0,0,0,0,0,0,0,安定度（作業）,0,0,0,0,2024/10/18 17:01:29
月間,202410,策定,阿南紀北直流幹線,2024/11/24,昼間帯,逆方向,-70,-70,0,0,0,0,-70,熱容量（作業）,0,0,0,0,2024/10/18 17:01:29
月間,202410,策定,阿南紀北直流幹線,2024/11/24,夜間帯,順方向,0,0,0,0,0,0,0,安定度（作業）,0,0,0,0,2024/10/18 17:01:29
月間,202410,策定,阿南紀北直流幹線,2024/11/24,夜間帯,逆方向,-70,-70,0,0,0,0,-70,熱容量（作業）,0,0,0,0,2024/10/18 17:01:29
月間,202409,策定,阿南紀北直流幹線,2024/11/25,昼間帯,順方向,0,0,0,0,0,0,0,安定度（作業）,0,0,0,0,2024/09/20 17:01:43
月間,202409,策定,阿南紀北直流幹線,2024/11/25,昼間帯,逆方向,-70,-70,0,0,0,0,-70,熱容量（作業）,0,0,0,0,2024/09/20 17:01:43
月間,202409,策定,阿南紀北直流幹線,2024/11/25,夜間帯,順方向,0,0,0,0,0,0,0,安定度（作業）,0,0,0,0,2024/09/20 17:01:43
月間,202409,策定,阿南紀北直流幹線,2024/11/25,夜間帯,逆方向,-70,-70,0,0,0,0,-70,熱容量（作業）,0,0,0,0,2024/09/20 17:01:43
月間,202410,策定,阿南紀北直流幹線,2024/11/25,昼間帯,順方向,0,0,0,0,0,0,0,安定度（作業）,0,0,0,0,2024/10/18 17:01:29
月間,202410,策定,阿南紀北直流幹線,2024/11/25,昼間帯,逆方向,-70,-70,0,0,0,0,-70,熱容量（作業）,0,0,0,0,2024/10/18 17:01:29
月間,202410,策定,阿南紀北直流幹線,2024/11/25,夜間帯,順方向,0,0,0,0,0,0,0,安定度（作業）,0,0,0,0,2024/10/18 17:01:29
月間,202410,策定,阿南紀北直流幹線,2024/11/25,夜間帯,逆方向,-70,-70,0,0,0,0,-70,熱容量（作業）,0,0,0,0,2024/10/18 17:01:29
月間,202409,策定,阿南紀北直流幹線,2024/11/26,昼間帯,順方向,0,0,0,0,0,0,0,安定度（作業）,0,0,0,0,2024/09/20 17:01:43
月間,202409,策定,阿南紀北直流幹線,2024/11/26,昼間帯,逆方向,-70,-70,0,0,0,0,-70,熱容量（作業）,0,0,0,0,2024/09/20 17:01:43
月間,202409,策定,阿南紀北直流幹線,2024/11/26,夜間帯,順方向,0,0,0,0,0,0,0,安定度（作業）,0,0,0,0,2024/09/20 17:01:43
月間,202409,策定,阿南紀北直流幹線,2024/11/26,夜間帯,逆方向,-70,-70,0,0,0,0,-70,熱容量（作業）,0,0,0,0,2024/09/20 17:01:43
月間,202410,策定,阿南紀北直流幹線,2024/11/26,昼間帯,順方向,0,0,0,0,0,0,0,安定度（作業）,0,0,0,0,2024/10/18 17:01:29
月間,202410,策定,阿南紀北直流幹線,2024/11/26,昼間帯,逆方向,-70,-70,0,0,0,0,-70,熱容量（作業）,0,0,0,0,2024/10/18 17:01:29
月間,202410,策定,阿南紀北直流幹線,2024/11/26,夜間帯,順方向,0,0,0,0,0,0,0,安定度（作業）,0,0,0,0,2024/10/18 17:01:29
月間,202410,策定,阿南紀北直流幹線,2024/11/26,夜間帯,逆方向,-70,-70,0,0,0,0,-70,熱容量（作業）,0,0,0,0,2024/10/18 17:01:29
月間,202409,策定,阿南紀北直流幹線,2024/11/27,昼間帯,順方向,0,0,0,0,0,0,0,安定度（作業）,0,0,0,0,2024/09/20 17:01:43
月間,202409,策定,阿南紀北直流幹線,2024/11/27,昼間帯,逆方向,-70,-70,0,0,0,0,-70,熱容量（作業）,0,0,0,0,2024/09/20 17:01:43
月間,202409,策定,阿南紀北直流幹線,2024/11/27,夜間帯,順方向,0,0,0,0,0,0,0,安定度（作業）,0,0,0,0,2024/09/20 17:01:43
月間,202409,策定,阿南紀北直流幹線,2024/11/27,夜間帯,逆方向,-70,-70,0,0,0,0,-70,熱容量（作業）,0,0,0,0,2024/09/20 17:01:43
月間,202410,策定,阿南紀北直流幹線,2024/11/27,昼間帯,順方向,0,0,0,0,0,0,0,安定度（作業）,0,0,0,0,2024/10/18 17:01:29
月間,202410,策定,阿南紀北直流幹線,2024/11/27,昼間帯,逆方向,-70,-70,0,0,0,0,-70,熱容量（作業）,0,0,0,0,2024/10/18 17:01:29
月間,202410,策定,阿南紀北直流幹線,2024/11/27,夜間帯,順方向,0,0,0,0,0,0,0,安定度（作業）,0,0,0,0,2024/10/18 17:01:29
月間,202410,策定,阿南紀北直流幹線,2024/11/27,夜間帯,逆方向,-70,-70,0,0,0,0,-70,熱容量（作業）,0,0,0,0,2024/10/18 17:01:29
月間,202409,策定,阿南紀北直流幹線,2024/11/28,昼間帯,順方向,0,0,0,0,0,0,0,安定度（作業）,0,0,0,0,2024/09/20 17:01:43
月間,202409,策定,阿南紀北直流幹線,2024/11/28,昼間帯,逆方向,-70,-70,0,0,0,0,-70,熱容量（作業）,0,0,0,0,2024/09/20 17:01:43
月間,202409,策定,阿南紀北直流幹線,2024/11/28,夜間帯,順方向,0,0,0,0,0,0,0,安定度（作業）,0,0,0,0,2024/09/20 17:01:43
月間,202409,策定,阿南紀北直流幹線,2024/11/28,夜間帯,逆方向,-70,-70,0,0,0,0,-70,熱容量（作業）,0,0,0,0,2024/09/20 17:01:43
月間,202410,策定,阿南紀北直流幹線,2024/11/28,昼間帯,順方向,0,0,0,0,0,0,0,安定度（作業）,0,0,0,0,2024/10/18 17:01:29
月間,202410,策定,阿南紀北直流幹線,2024/11/28,昼間帯,逆方向,-70,-70,0,0,0,0,-70,熱容量（作業）,0,0,0,0,2024/10/18 17:01:29
月間,202410,策定,阿南紀北直流幹線,2024/11/28,夜間帯,順方向,0,0,0,0,0,0,0,安定度（作業）,0,0,0,0,2024/10/18 17:01:29
月間,202410,策定,阿南紀北直流幹線,2024/11/28,夜間帯,逆方向,-70,-70,0,0,0,0,-70,熱容量（作業）,0,0,0,0,2024/10/18 17:01:29
月間,202409,策定,阿南紀北直流幹線,2024/11/29,昼間帯,順方向,0,0,0,0,0,0,0,安定度（作業）,0,0,0,0,2024/09/20 17:01:43
月間,202409,策定,阿南紀北直流幹線,2024/11/29,昼間帯,逆方向,-70,-70,0,0,0,0,-70,熱容量（作業）,0,0,0,0,2024/09/20 17:01:43
月間,202409,策定,阿南紀北直流幹線,2024/11/29,夜間帯,順方向,0,0,0,0,0,0,0,安定度（作業）,0,0,0,0,2024/09/20 17:01:43
月間,202409,策定,阿南紀北直流幹線,2024/11/29,夜間帯,逆方向,-70,-70,0,0,0,0,-70,熱容量（作業）,0,0,0,0,2024/09/20 17:01:43
月間,202410,策定,阿南紀北直流幹線,2024/11/29,昼間帯,順方向,0,0,0,0,0,0,0,安定度（作業）,0,0,0,0,2024/10/18 17:01:29
月間,202410,策定,阿南紀北直流幹線,2024/11/29,昼間帯,逆方向,-70,-70,0,0,0,0,-70,熱容量（作業）,0,0,0,0,2024/10/18 17:01:29
月間,202410,策定,阿南紀北直流幹線,2024/11/29,夜間帯,順方向,0,0,0,0,0,0,0,安定度（作業）,0,0,0,0,2024/10/18 17:01:29
月間,202410,策定,阿南紀北直流幹線,2024/11/29,夜間帯,逆方向,-70,-70,0,0,0,0,-70,熱容量（作業）,0,0,0,0,2024/10/18 17:01:29
月間,202409,策定,阿南紀北直流幹線,2024/11/30,昼間帯,順方向,0,0,0,0,0,0,0,安定度（作業）,0,0,0,0,2024/09/20 17:01:43
月間,202409,策定,阿南紀北直流幹線,2024/11/30,昼間帯,逆方向,-70,-70,0,0,0,0,-70,熱容量（作業）,0,0,0,0,2024/09/20 17:01:43
月間,202409,策定,阿南紀北直流幹線,2024/11/30,夜間帯,順方向,0,0,0,0,0,0,0,安定度（作業）,0,0,0,0,2024/09/20 17:01:43
月間,202409,策定,阿南紀北直流幹線,2024/11/30,夜間帯,逆方向,-70,-70,0,0,0,0,-70,熱容量（作業）,0,0,0,0,2024/09/20 17:01:43
月間,202410,策定,阿南紀北直流幹線,2024/11/30,昼間帯,順方向,0,0,0,0,0,0,0,安定度（作業）,0,0,0,0,2024/10/18 17:01:29
月間,202410,策定,阿南紀北直流幹線,2024/11/30,昼間帯,逆方向,-70,-70,0,0,0,0,-70,熱容量（作業）,0,0,0,0,2024/10/18 17:01:29
月間,202410,策定,阿南紀北直流幹線,2024/11/30,夜間帯,順方向,0,0,0,0,0,0,0,安定度（作業）,0,0,0,0,2024/10/18 17:01:29
月間,202410,策定,阿南紀北直流幹線,2024/11/30,夜間帯,逆方向,-70,-70,0,0,0,0,-70,熱容量（作業）,0,0,0,0,2024/10/18 17:01:29
月間,202410,策定,阿南紀北直流幹線,2024/12/01,昼間帯,順方向,0,0,0,0,0,0,0,安定度（作業）,0,0,0,0,2024/10/18 17:01:29
月間,202410,策定,阿南紀北直流幹線,2024/12/01,昼間帯,逆方向,-70,-70,0,0,0,0,-70,熱容量（作業）,0,0,0,0,2024/10/18 17:01:29
月間,202410,策定,阿南紀北直流幹線,2024/12/01,夜間帯,順方向,0,0,0,0,0,0,0,安定度（作業）,0,0,0,0,2024/10/18 17:01:29
月間,202410,策定,阿南紀北直流幹線,2024/12/01,夜間帯,逆方向,-70,-70,0,0,0,0,-70,熱容量（作業）,0,0,0,0,2024/10/18 17:01:29
月間,202410,策定,阿南紀北直流幹線,2024/12/02,昼間帯,順方向,0,0,0,0,0,0,0,安定度（作業）,0,0,0,0,2024/10/18 17:01:29
月間,202410,策定,阿南紀北直流幹線,2024/12/02,昼間帯,逆方向,-70,-70,0,0,0,0,-70,熱容量（作業）,0,0,0,0,2024/10/18 17:01:29
月間,202410,策定,阿南紀北直流幹線,2024/12/02,夜間帯,順方向,0,0,0,0,0,0,0,安定度（作業）,0,0,0,0,2024/10/18 17:01:29
月間,202410,策定,阿南紀北直流幹線,2024/12/02,夜間帯,逆方向,-70,-70,0,0,0,0,-70,熱容量（作業）,0,0,0,0,2024/10/18 17:01:29
月間,202410,策定,阿南紀北直流幹線,2024/12/03,昼間帯,順方向,0,0,0,0,0,0,0,安定度（作業）,0,0,0,0,2024/10/18 17:01:29
月間,202410,策定,阿南紀北直流幹線,2024/12/03,昼間帯,逆方向,-70,-70,0,0,0,0,-70,熱容量（作業）,0,0,0,0,2024/10/18 17:01:29
月間,202410,策定,阿南紀北直流幹線,2024/12/03,夜間帯,順方向,0,0,0,0,0,0,0,安定度（作業）,0,0,0,0,2024/10/18 17:01:29
月間,202410,策定,阿南紀北直流幹線,2024/12/03,夜間帯,逆方向,-70,-70,0,0,0,0,-70,熱容量（作業）,0,0,0,0,2024/10/18 17:01:29
月間,202410,策定,阿南紀北直流幹線,2024/12/04,昼間帯,順方向,0,0,0,0,0,0,0,安定度（作業）,0,0,0,0,2024/10/18 17:01:29
月間,202410,策定,阿南紀北直流幹線,2024/12/04,昼間帯,逆方向,-70,-70,0,0,0,0,-70,熱容量（作業）,0,0,0,0,2024/10/18 17:01:29
月間,202410,策定,阿南紀北直流幹線,2024/12/04,夜間帯,順方向,0,0,0,0,0,0,0,安定度（作業）,0,0,0,0,2024/10/18 17:01:29
月間,202410,策定,阿南紀北直流幹線,2024/12/04,夜間帯,逆方向,-70,-70,0,0,0,0,-70,熱容量（作業）,0,0,0,0,2024/10/18 17:01:29
月間,202410,策定,阿南紀北直流幹線,2024/12/05,昼間帯,順方向,0,0,0,0,0,0,0,安定度（作業）,0,0,0,0,2024/10/18 17:01:29
月間,202410,策定,阿南紀北直流幹線,2024/12/05,昼間帯,逆方向,-70,-70,0,0,0,0,-70,熱容量（作業）,0,0,0,0,2024/10/18 17:01:29
月間,202410,策定,阿南紀北直流幹線,2024/12/05,夜間帯,順方向,0,0,0,0,0,0,0,安定度（作業）,0,0,0,0,2024/10/18 17:01:29
月間,202410,策定,阿南紀北直流幹線,2024/12/05,夜間帯,逆方向,-70,-70,0,0,0,0,-70,熱容量（作業）,0,0,0,0,2024/10/18 17:01:29
月間,202410,策定,阿南紀北直流幹線,2024/12/06,昼間帯,順方向,0,0,0,0,0,0,0,安定度（作業）,0,0,0,0,2024/10/18 17:01:29
月間,202410,策定,阿南紀北直流幹線,2024/12/06,昼間帯,逆方向,-70,-70,0,0,0,0,-70,熱容量（作業）,0,0,0,0,2024/10/18 17:01:29
月間,202410,策定,阿南紀北直流幹線,2024/12/06,夜間帯,順方向,0,0,0,0,0,0,0,安定度（作業）,0,0,0,0,2024/10/18 17:01:29
月間,202410,策定,阿南紀北直流幹線,2024/12/06,夜間帯,逆方向,-70,-70,0,0,0,0,-70,熱容量（作業）,0,0,0,0,2024/10/18 17:01:29
月間,202410,策定,阿南紀北直流幹線,2024/12/07,昼間帯,順方向,0,0,0,0,0,0,0,安定度（作業）,0,0,0,0,2024/10/18 17:01:29
月間,202410,策定,阿南紀北直流幹線,2024/12/07,昼間帯,逆方向,-70,-70,0,0,0,0,-70,熱容量（作業）,0,0,0,0,2024/10/18 17:01:29
月間,202410,策定,阿南紀北直流幹線,2024/12/07,夜間帯,順方向,0,0,0,0,0,0,0,安定度（作業）,0,0,0,0,2024/10/18 17:01:29
月間,202410,策定,阿南紀北直流幹線,2024/12/07,夜間帯,逆方向,-70,-70,0,0,0,0,-70,熱容量（作業）,0,0,0,0,2024/10/18 17:01:29
月間,202411,策定,阿南紀北直流幹線,2024/12/07,昼間帯,順方向,0,0,0,0,0,0,0,安定度（作業）,0,0,0,0,2024/11/20 16:59:38
月間,202411,策定,阿南紀北直流幹線,2024/12/07,昼間帯,逆方向,-70,-70,0,0,0,0,-70,熱容量（作業）,0,0,0,0,2024/11/20 16:59:38
月間,202411,策定,阿南紀北直流幹線,2024/12/07,夜間帯,順方向,0,0,0,0,0,0,0,安定度（作業）,0,0,0,0,2024/11/20 16:59:38
月間,202411,策定,阿南紀北直流幹線,2024/12/07,夜間帯,逆方向,-70,-70,0,0,0,0,-70,熱容量（作業）,0,0,0,0,2024/11/20 16:59:38
月間,202410,策定,阿南紀北直流幹線,2024/12/08,昼間帯,順方向,0,0,0,0,0,0,0,安定度（作業）,0,0,0,0,2024/10/18 17:01:29
月間,202410,策定,阿南紀北直流幹線,2024/12/08,昼間帯,逆方向,-70,-70,0,0,0,0,-70,熱容量（作業）,0,0,0,0,2024/10/18 17:01:29
月間,202410,策定,阿南紀北直流幹線,2024/12/08,夜間帯,順方向,0,0,0,0,0,0,0,安定度（作業）,0,0,0,0,2024/10/18 17:01:29
月間,202410,策定,阿南紀北直流幹線,2024/12/08,夜間帯,逆方向,-70,-70,0,0,0,0,-70,熱容量（作業）,0,0,0,0,2024/10/18 17:01:29
月間,202411,策定,阿南紀北直流幹線,2024/12/08,昼間帯,順方向,0,0,0,0,0,0,0,安定度（作業）,0,0,0,0,2024/11/20 16:59:38
月間,202411,策定,阿南紀北直流幹線,2024/12/08,昼間帯,逆方向,-70,-70,0,0,0,0,-70,熱容量（作業）,0,0,0,0,2024/11/20 16:59:38
月間,202411,策定,阿南紀北直流幹線,2024/12/08,夜間帯,順方向,0,0,0,0,0,0,0,安定度（作業）,0,0,0,0,2024/11/20 16:59:38
月間,202411,策定,阿南紀北直流幹線,2024/12/08,夜間帯,逆方向,-70,-70,0,0,0,0,-70,熱容量（作業）,0,0,0,0,2024/11/20 16:59:38
月間,202410,策定,阿南紀北直流幹線,2024/12/09,昼間帯,順方向,0,0,0,0,0,0,0,安定度（作業）,0,0,0,0,2024/10/18 17:01:29
月間,202410,策定,阿南紀北直流幹線,2024/12/09,昼間帯,逆方向,-70,-70,0,0,0,0,-70,熱容量（作業）,0,0,0,0,2024/10/18 17:01:29
月間,202410,策定,阿南紀北直流幹線,2024/12/09,夜間帯,順方向,0,0,0,0,0,0,0,安定度（作業）,0,0,0,0,2024/10/18 17:01:29
月間,202410,策定,阿南紀北直流幹線,2024/12/09,夜間帯,逆方向,-70,-70,0,0,0,0,-70,熱容量（作業）,0,0,0,0,2024/10/18 17:01:29
月間,202411,策定,阿南紀北直流幹線,2024/12/09,昼間帯,順方向,0,0,0,0,0,0,0,安定度（作業）,0,0,0,0,2024/11/20 16:59:38
月間,202411,策定,阿南紀北直流幹線,2024/12/09,昼間帯,逆方向,-70,-70,0,0,0,0,-70,熱容量（作業）,0,0,0,0,2024/11/20 16:59:38
月間,202411,策定,阿南紀北直流幹線,2024/12/09,夜間帯,順方向,0,0,0,0,0,0,0,安定度（作業）,0,0,0,0,2024/11/20 16:59:38
月間,202411,策定,阿南紀北直流幹線,2024/12/09,夜間帯,逆方向,-70,-70,0,0,0,0,-70,熱容量（作業）,0,0,0,0,2024/11/20 16:59:38
月間,202410,策定,阿南紀北直流幹線,2024/12/10,昼間帯,順方向,0,0,0,0,0,0,0,安定度（作業）,0,0,0,0,2024/10/18 17:01:29
月間,202410,策定,阿南紀北直流幹線,2024/12/10,昼間帯,逆方向,-70,-70,0,0,0,0,-70,熱容量（作業）,0,0,0,0,2024/10/18 17:01:29
月間,202410,策定,阿南紀北直流幹線,2024/12/10,夜間帯,順方向,0,0,0,0,0,0,0,安定度（作業）,0,0,0,0,2024/10/18 17:01:29
月間,202410,策定,阿南紀北直流幹線,2024/12/10,夜間帯,逆方向,-70,-70,0,0,0,0,-70,熱容量（作業）,0,0,0,0,2024/10/18 17:01:29
月間,202411,策定,阿南紀北直流幹線,2024/12/10,昼間帯,順方向,0,0,0,0,0,0,0,安定度（作業）,0,0,0,0,2024/11/20 16:59:38
月間,202411,策定,阿南紀北直流幹線,2024/12/10,昼間帯,逆方向,-70,-70,0,0,0,0,-70,熱容量（作業）,0,0,0,0,2024/11/20 16:59:38
月間,202411,策定,阿南紀北直流幹線,2024/12/10,夜間帯,順方向,0,0,0,0,0,0,0,安定度（作業）,0,0,0,0,2024/11/20 16:59:38
月間,202411,策定,阿南紀北直流幹線,2024/12/10,夜間帯,逆方向,-70,-70,0,0,0,0,-70,熱容量（作業）,0,0,0,0,2024/11/20 16:59:38
月間,202410,策定,阿南紀北直流幹線,2024/12/11,昼間帯,順方向,0,0,0,0,0,0,0,安定度（作業）,0,0,0,0,2024/10/18 17:01:29
月間,202410,策定,阿南紀北直流幹線,2024/12/11,昼間帯,逆方向,-70,-70,0,0,0,0,-70,熱容量（作業）,0,0,0,0,2024/10/18 17:01:29
月間,202410,策定,阿南紀北直流幹線,2024/12/11,夜間帯,順方向,0,0,0,0,0,0,0,安定度（作業）,0,0,0,0,2024/10/18 17:01:29
月間,202410,策定,阿南紀北直流幹線,2024/12/11,夜間帯,逆方向,-70,-70,0,0,0,0,-70,熱容量（作業）,0,0,0,0,2024/10/18 17:01:29
月間,202411,策定,阿南紀北直流幹線,2024/12/11,昼間帯,順方向,0,0,0,0,0,0,0,安定度（作業）,0,0,0,0,2024/11/20 16:59:38
月間,202411,策定,阿南紀北直流幹線,2024/12/11,昼間帯,逆方向,-70,-70,0,0,0,0,-70,熱容量（作業）,0,0,0,0,2024/11/20 16:59:38
月間,202411,策定,阿南紀北直流幹線,2024/12/11,夜間帯,順方向,0,0,0,0,0,0,0,安定度（作業）,0,0,0,0,2024/11/20 16:59:38
月間,202411,策定,阿南紀北直流幹線,2024/12/11,夜間帯,逆方向,-70,-70,0,0,0,0,-70,熱容量（作業）,0,0,0,0,2024/11/20 16:59:38
月間,202410,策定,阿南紀北直流幹線,2024/12/12,昼間帯,順方向,0,0,0,0,0,0,0,安定度（作業）,0,0,0,0,2024/10/18 17:01:29
月間,202410,策定,阿南紀北直流幹線,2024/12/12,昼間帯,逆方向,-70,-70,0,0,0,0,-70,熱容量（作業）,0,0,0,0,2024/10/18 17:01:29
月間,202410,策定,阿南紀北直流幹線,2024/12/12,夜間帯,順方向,0,0,0,0,0,0,0,安定度（作業）,0,0,0,0,2024/10/18 17:01:29
月間,202410,策定,阿南紀北直流幹線,2024/12/12,夜間帯,逆方向,-70,-70,0,0,0,0,-70,熱容量（作業）,0,0,0,0,2024/10/18 17:01:29
月間,202411,策定,阿南紀北直流幹線,2024/12/12,昼間帯,順方向,0,0,0,0,0,0,0,安定度（作業）,0,0,0,0,2024/11/20 16:59:38
月間,202411,策定,阿南紀北直流幹線,2024/12/12,昼間帯,逆方向,-70,-70,0,0,0,0,-70,熱容量（作業）,0,0,0,0,2024/11/20 16:59:38
月間,202411,策定,阿南紀北直流幹線,2024/12/12,夜間帯,順方向,0,0,0,0,0,0,0,安定度（作業）,0,0,0,0,2024/11/20 16:59:38
月間,202411,策定,阿南紀北直流幹線,2024/12/12,夜間帯,逆方向,-70,-70,0,0,0,0,-70,熱容量（作業）,0,0,0,0,2024/11/20 16:59:38
月間,202410,策定,阿南紀北直流幹線,2024/12/13,昼間帯,順方向,0,0,0,0,0,0,0,安定度（作業）,0,0,0,0,2024/10/18 17:01:29
月間,202410,策定,阿南紀北直流幹線,2024/12/13,昼間帯,逆方向,-70,-70,0,0,0,0,-70,熱容量（作業）,0,0,0,0,2024/10/18 17:01:29
月間,202410,策定,阿南紀北直流幹線,2024/12/13,夜間帯,順方向,0,0,0,0,0,0,0,安定度（作業）,0,0,0,0,2024/10/18 17:01:29
月間,202410,策定,阿南紀北直流幹線,2024/12/13,夜間帯,逆方向,-70,-70,0,0,0,0,-70,熱容量（作業）,0,0,0,0,2024/10/18 17:01:29
月間,202411,策定,阿南紀北直流幹線,2024/12/13,昼間帯,順方向,0,0,0,0,0,0,0,安定度（作業）,0,0,0,0,2024/11/20 16:59:38
月間,202411,策定,阿南紀北直流幹線,2024/12/13,昼間帯,逆方向,-70,-70,0,0,0,0,-70,熱容量（作業）,0,0,0,0,2024/11/20 16:59:38
月間,202411,策定,阿南紀北直流幹線,2024/12/13,夜間帯,順方向,0,0,0,0,0,0,0,安定度（作業）,0,0,0,0,2024/11/20 16:59:38
月間,202411,策定,阿南紀北直流幹線,2024/12/13,夜間帯,逆方向,-70,-70,0,0,0,0,-70,熱容量（作業）,0,0,0,0,2024/11/20 16:59:38
月間,202410,策定,阿南紀北直流幹線,2024/12/14,昼間帯,順方向,0,0,0,0,0,0,0,安定度（作業）,0,0,0,0,2024/10/18 17:01:29
月間,202410,策定,阿南紀北直流幹線,2024/12/14,昼間帯,逆方向,-70,-70,0,0,0,0,-70,熱容量（作業）,0,0,0,0,2024/10/18 17:01:29
月間,202410,策定,阿南紀北直流幹線,2024/12/14,夜間帯,順方向,0,0,0,0,0,0,0,安定度（作業）,0,0,0,0,2024/10/18 17:01:29
月間,202410,策定,阿南紀北直流幹線,2024/12/14,夜間帯,逆方向,-70,-70,0,0,0,0,-70,熱容量（作業）,0,0,0,0,2024/10/18 17:01:29
月間,202411,策定,阿南紀北直流幹線,2024/12/14,昼間帯,順方向,0,0,0,0,0,0,0,安定度（作業）,0,0,0,0,2024/11/20 16:59:38
月間,202411,策定,阿南紀北直流幹線,2024/12/14,昼間帯,逆方向,-70,-70,0,0,0,0,-70,熱容量（作業）,0,0,0,0,2024/11/20 16:59:38
月間,202411,策定,阿南紀北直流幹線,2024/12/14,夜間帯,順方向,0,0,0,0,0,0,0,安定度（作業）,0,0,0,0,2024/11/20 16:59:38
月間,202411,策定,阿南紀北直流幹線,2024/12/14,夜間帯,逆方向,-70,-70,0,0,0,0,-70,熱容量（作業）,0,0,0,0,2024/11/20 16:59:38
月間,202410,策定,阿南紀北直流幹線,2024/12/15,昼間帯,順方向,0,0,0,0,0,0,0,安定度（作業）,0,0,0,0,2024/10/18 17:01:29
月間,202410,策定,阿南紀北直流幹線,2024/12/15,昼間帯,逆方向,-70,-70,0,0,0,0,-70,熱容量（作業）,0,0,0,0,2024/10/18 17:01:29
月間,202410,策定,阿南紀北直流幹線,2024/12/15,夜間帯,順方向,0,0,0,0,0,0,0,安定度（作業）,0,0,0,0,2024/10/18 17:01:29
月間,202410,策定,阿南紀北直流幹線,2024/12/15,夜間帯,逆方向,-70,-70,0,0,0,0,-70,熱容量（作業）,0,0,0,0,2024/10/18 17:01:29
月間,202411,策定,阿南紀北直流幹線,2024/12/15,昼間帯,順方向,0,0,0,0,0,0,0,安定度（作業）,0,0,0,0,2024/11/20 16:59:38
月間,202411,策定,阿南紀北直流幹線,2024/12/15,昼間帯,逆方向,-70,-70,0,0,0,0,-70,熱容量（作業）,0,0,0,0,2024/11/20 16:59:38
月間,202411,策定,阿南紀北直流幹線,2024/12/15,夜間帯,順方向,0,0,0,0,0,0,0,安定度（作業）,0,0,0,0,2024/11/20 16:59:38
月間,202411,策定,阿南紀北直流幹線,2024/12/15,夜間帯,逆方向,-70,-70,0,0,0,0,-70,熱容量（作業）,0,0,0,0,2024/11/20 16:59:38
月間,202410,策定,阿南紀北直流幹線,2024/12/16,昼間帯,順方向,0,0,0,0,0,0,0,安定度（作業）,0,0,0,0,2024/10/18 17:01:29
月間,202410,策定,阿南紀北直流幹線,2024/12/16,昼間帯,逆方向,-70,-70,0,0,0,0,-70,熱容量（作業）,0,0,0,0,2024/10/18 17:01:29
月間,202410,策定,阿南紀北直流幹線,2024/12/16,夜間帯,順方向,0,0,0,0,0,0,0,安定度（作業）,0,0,0,0,2024/10/18 17:01:29
月間,202410,策定,阿南紀北直流幹線,2024/12/16,夜間帯,逆方向,-70,-70,0,0,0,0,-70,熱容量（作業）,0,0,0,0,2024/10/18 17:01:29
月間,202411,策定,阿南紀北直流幹線,2024/12/16,昼間帯,順方向,0,0,0,0,0,0,0,安定度（作業）,0,0,0,0,2024/11/20 16:59:38
月間,202411,策定,阿南紀北直流幹線,2024/12/16,昼間帯,逆方向,-70,-70,0,0,0,0,-70,熱容量（作業）,0,0,0,0,2024/11/20 16:59:38
月間,202411,策定,阿南紀北直流幹線,2024/12/16,夜間帯,順方向,0,0,0,0,0,0,0,安定度（作業）,0,0,0,0,2024/11/20 16:59:38
月間,202411,策定,阿南紀北直流幹線,2024/12/16,夜間帯,逆方向,-70,-70,0,0,0,0,-70,熱容量（作業）,0,0,0,0,2024/11/20 16:59:38
月間,202410,策定,阿南紀北直流幹線,2024/12/17,昼間帯,順方向,0,0,0,0,0,0,0,安定度（作業）,0,0,0,0,2024/10/18 17:01:29
月間,202410,策定,阿南紀北直流幹線,2024/12/17,昼間帯,逆方向,-70,-70,0,0,0,0,-70,熱容量（作業）,0,0,0,0,2024/10/18 17:01:29
月間,202410,策定,阿南紀北直流幹線,2024/12/17,夜間帯,順方向,0,0,0,0,0,0,0,安定度（作業）,0,0,0,0,2024/10/18 17:01:29
月間,202410,策定,阿南紀北直流幹線,2024/12/17,夜間帯,逆方向,-70,-70,0,0,0,0,-70,熱容量（作業）,0,0,0,0,2024/10/18 17:01:29
月間,202411,策定,阿南紀北直流幹線,2024/12/17,昼間帯,順方向,0,0,0,0,0,0,0,安定度（作業）,0,0,0,0,2024/11/20 16:59:38
月間,202411,策定,阿南紀北直流幹線,2024/12/17,昼間帯,逆方向,-70,-70,0,0,0,0,-70,熱容量（作業）,0,0,0,0,2024/11/20 16:59:38
月間,202411,策定,阿南紀北直流幹線,2024/12/17,夜間帯,順方向,0,0,0,0,0,0,0,安定度（作業）,0,0,0,0,2024/11/20 16:59:38
月間,202411,策定,阿南紀北直流幹線,2024/12/17,夜間帯,逆方向,-70,-70,0,0,0,0,-70,熱容量（作業）,0,0,0,0,2024/11/20 16:59:38
月間,202410,策定,阿南紀北直流幹線,2024/12/18,昼間帯,順方向,0,0,0,0,0,0,0,安定度（作業）,0,0,0,0,2024/10/18 17:01:29
月間,202410,策定,阿南紀北直流幹線,2024/12/18,昼間帯,逆方向,-70,-70,0,0,0,0,-70,熱容量（作業）,0,0,0,0,2024/10/18 17:01:29
月間,202410,策定,阿南紀北直流幹線,2024/12/18,夜間帯,順方向,0,0,0,0,0,0,0,安定度（作業）,0,0,0,0,2024/10/18 17:01:29
月間,202410,策定,阿南紀北直流幹線,2024/12/18,夜間帯,逆方向,-70,-70,0,0,0,0,-70,熱容量（作業）,0,0,0,0,2024/10/18 17:01:29
月間,202411,策定,阿南紀北直流幹線,2024/12/18,昼間帯,順方向,0,0,0,0,0,0,0,安定度（作業）,0,0,0,0,2024/11/20 16:59:38
月間,202411,策定,阿南紀北直流幹線,2024/12/18,昼間帯,逆方向,-70,-70,0,0,0,0,-70,熱容量（作業）,0,0,0,0,2024/11/20 16:59:38
月間,202411,策定,阿南紀北直流幹線,2024/12/18,夜間帯,順方向,0,0,0,0,0,0,0,安定度（作業）,0,0,0,0,2024/11/20 16:59:38
月間,202411,策定,阿南紀北直流幹線,2024/12/18,夜間帯,逆方向,-70,-70,0,0,0,0,-70,熱容量（作業）,0,0,0,0,2024/11/20 16:59:38
月間,202410,策定,阿南紀北直流幹線,2024/12/19,昼間帯,順方向,0,0,0,0,0,0,0,安定度（作業）,0,0,0,0,2024/10/18 17:01:29
月間,202410,策定,阿南紀北直流幹線,2024/12/19,昼間帯,逆方向,-70,-70,0,0,0,0,-70,熱容量（作業）,0,0,0,0,2024/10/18 17:01:29
月間,202410,策定,阿南紀北直流幹線,2024/12/19,夜間帯,順方向,0,0,0,0,0,0,0,安定度（作業）,0,0,0,0,2024/10/18 17:01:29
月間,202410,策定,阿南紀北直流幹線,2024/12/19,夜間帯,逆方向,-70,-70,0,0,0,0,-70,熱容量（作業）,0,0,0,0,2024/10/18 17:01:29
月間,202411,策定,阿南紀北直流幹線,2024/12/19,昼間帯,順方向,0,0,0,0,0,0,0,安定度（作業）,0,0,0,0,2024/11/20 16:59:38
月間,202411,策定,阿南紀北直流幹線,2024/12/19,昼間帯,逆方向,-70,-70,0,0,0,0,-70,熱容量（作業）,0,0,0,0,2024/11/20 16:59:38
月間,202411,策定,阿南紀北直流幹線,2024/12/19,夜間帯,順方向,0,0,0,0,0,0,0,安定度（作業）,0,0,0,0,2024/11/20 16:59:38
月間,202411,策定,阿南紀北直流幹線,2024/12/19,夜間帯,逆方向,-70,-70,0,0,0,0,-70,熱容量（作業）,0,0,0,0,2024/11/20 16:59:38
月間,202410,策定,阿南紀北直流幹線,2024/12/20,昼間帯,順方向,0,0,0,0,0,0,0,安定度（作業）,0,0,0,0,2024/10/18 17:01:29
月間,202410,策定,阿南紀北直流幹線,2024/12/20,昼間帯,逆方向,-70,-70,0,0,0,0,-70,熱容量（作業）,0,0,0,0,2024/10/18 17:01:29
月間,202410,策定,阿南紀北直流幹線,2024/12/20,夜間帯,順方向,0,0,0,0,0,0,0,安定度（作業）,0,0,0,0,2024/10/18 17:01:29
月間,202410,策定,阿南紀北直流幹線,2024/12/20,夜間帯,逆方向,-70,-70,0,0,0,0,-70,熱容量（作業）,0,0,0,0,2024/10/18 17:01:29
月間,202411,策定,阿南紀北直流幹線,2024/12/20,昼間帯,順方向,0,0,0,0,0,0,0,安定度（作業）,0,0,0,0,2024/11/20 16:59:38
月間,202411,策定,阿南紀北直流幹線,2024/12/20,昼間帯,逆方向,-70,-70,0,0,0,0,-70,熱容量（作業）,0,0,0,0,2024/11/20 16:59:38
月間,202411,策定,阿南紀北直流幹線,2024/12/20,夜間帯,順方向,0,0,0,0,0,0,0,安定度（作業）,0,0,0,0,2024/11/20 16:59:38
月間,202411,策定,阿南紀北直流幹線,2024/12/20,夜間帯,逆方向,-70,-70,0,0,0,0,-70,熱容量（作業）,0,0,0,0,2024/11/20 16:59:38
月間,202410,策定,阿南紀北直流幹線,2024/12/21,昼間帯,順方向,0,0,0,0,0,0,0,安定度（作業）,0,0,0,0,2024/10/18 17:01:29
月間,202410,策定,阿南紀北直流幹線,2024/12/21,昼間帯,逆方向,-70,-70,0,0,0,0,-70,熱容量（作業）,0,0,0,0,2024/10/18 17:01:29
月間,202410,策定,阿南紀北直流幹線,2024/12/21,夜間帯,順方向,0,0,0,0,0,0,0,安定度（作業）,0,0,0,0,2024/10/18 17:01:29
月間,202410,策定,阿南紀北直流幹線,2024/12/21,夜間帯,逆方向,-70,-70,0,0,0,0,-70,熱容量（作業）,0,0,0,0,2024/10/18 17:01:29
月間,202411,策定,阿南紀北直流幹線,2024/12/21,昼間帯,順方向,0,0,0,0,0,0,0,安定度（作業）,0,0,0,0,2024/11/20 16:59:38
月間,202411,策定,阿南紀北直流幹線,2024/12/21,昼間帯,逆方向,-70,-70,0,0,0,0,-70,熱容量（作業）,0,0,0,0,2024/11/20 16:59:38
月間,202411,策定,阿南紀北直流幹線,2024/12/21,夜間帯,順方向,0,0,0,0,0,0,0,安定度（作業）,0,0,0,0,2024/11/20 16:59:38
月間,202411,策定,阿南紀北直流幹線,2024/12/21,夜間帯,逆方向,-70,-70,0,0,0,0,-70,熱容量（作業）,0,0,0,0,2024/11/20 16:59:38
月間,202410,策定,阿南紀北直流幹線,2024/12/22,昼間帯,順方向,0,0,0,0,0,0,0,安定度（作業）,0,0,0,0,2024/10/18 17:01:29
月間,202410,策定,阿南紀北直流幹線,2024/12/22,昼間帯,逆方向,-70,-70,0,0,0,0,-70,熱容量（作業）,0,0,0,0,2024/10/18 17:01:29
月間,202410,策定,阿南紀北直流幹線,2024/12/22,夜間帯,順方向,0,0,0,0,0,0,0,安定度（作業）,0,0,0,0,2024/10/18 17:01:29
月間,202410,策定,阿南紀北直流幹線,2024/12/22,夜間帯,逆方向,-70,-70,0,0,0,0,-70,熱容量（作業）,0,0,0,0,2024/10/18 17:01:29
月間,202411,策定,阿南紀北直流幹線,2024/12/22,昼間帯,順方向,0,0,0,0,0,0,0,安定度（作業）,0,0,0,0,2024/11/20 16:59:38
月間,202411,策定,阿南紀北直流幹線,2024/12/22,昼間帯,逆方向,-70,-70,0,0,0,0,-70,熱容量（作業）,0,0,0,0,2024/11/20 16:59:38
月間,202411,策定,阿南紀北直流幹線,2024/12/22,夜間帯,順方向,0,0,0,0,0,0,0,安定度（作業）,0,0,0,0,2024/11/20 16:59:38
月間,202411,策定,阿南紀北直流幹線,2024/12/22,夜間帯,逆方向,-70,-70,0,0,0,0,-70,熱容量（作業）,0,0,0,0,2024/11/20 16:59:38
月間,202410,策定,阿南紀北直流幹線,2024/12/23,昼間帯,順方向,0,0,0,0,0,0,0,安定度（作業）,0,0,0,0,2024/10/18 17:01:29
月間,202410,策定,阿南紀北直流幹線,2024/12/23,昼間帯,逆方向,-70,-70,0,0,0,0,-70,熱容量（作業）,0,0,0,0,2024/10/18 17:01:29
月間,202410,策定,阿南紀北直流幹線,2024/12/23,夜間帯,順方向,0,0,0,0,0,0,0,安定度（作業）,0,0,0,0,2024/10/18 17:01:29
月間,202410,策定,阿南紀北直流幹線,2024/12/23,夜間帯,逆方向,-70,-70,0,0,0,0,-70,熱容量（作業）,0,0,0,0,2024/10/18 17:01:29
月間,202411,策定,阿南紀北直流幹線,2024/12/23,昼間帯,順方向,0,0,0,0,0,0,0,安定度（作業）,0,0,0,0,2024/11/20 16:59:38
月間,202411,策定,阿南紀北直流幹線,2024/12/23,昼間帯,逆方向,-70,-70,0,0,0,0,-70,熱容量（作業）,0,0,0,0,2024/11/20 16:59:38
月間,202411,策定,阿南紀北直流幹線,2024/12/23,夜間帯,順方向,0,0,0,0,0,0,0,安定度（作業）,0,0,0,0,2024/11/20 16:59:38
月間,202411,策定,阿南紀北直流幹線,2024/12/23,夜間帯,逆方向,-70,-70,0,0,0,0,-70,熱容量（作業）,0,0,0,0,2024/11/20 16:59:38
月間,202410,策定,阿南紀北直流幹線,2024/12/24,昼間帯,順方向,0,0,0,0,0,0,0,安定度（作業）,0,0,0,0,2024/10/18 17:01:29
月間,202410,策定,阿南紀北直流幹線,2024/12/24,昼間帯,逆方向,-70,-70,0,0,0,0,-70,熱容量（作業）,0,0,0,0,2024/10/18 17:01:29
月間,202410,策定,阿南紀北直流幹線,2024/12/24,夜間帯,順方向,0,0,0,0,0,0,0,安定度（作業）,0,0,0,0,2024/10/18 17:01:29
月間,202410,策定,阿南紀北直流幹線,2024/12/24,夜間帯,逆方向,-70,-70,0,0,0,0,-70,熱容量（作業）,0,0,0,0,2024/10/18 17:01:29
月間,202411,策定,阿南紀北直流幹線,2024/12/24,昼間帯,順方向,0,0,0,0,0,0,0,安定度（作業）,0,0,0,0,2024/11/20 16:59:38
月間,202411,策定,阿南紀北直流幹線,2024/12/24,昼間帯,逆方向,-70,-70,0,0,0,0,-70,熱容量（作業）,0,0,0,0,2024/11/20 16:59:38
月間,202411,策定,阿南紀北直流幹線,2024/12/24,夜間帯,順方向,0,0,0,0,0,0,0,安定度（作業）,0,0,0,0,2024/11/20 16:59:38
月間,202411,策定,阿南紀北直流幹線,2024/12/24,夜間帯,逆方向,-70,-70,0,0,0,0,-70,熱容量（作業）,0,0,0,0,2024/11/20 16:59:38
月間,202410,策定,阿南紀北直流幹線,2024/12/25,昼間帯,順方向,0,0,0,0,0,0,0,安定度（作業）,0,0,0,0,2024/10/18 17:01:29
月間,202410,策定,阿南紀北直流幹線,2024/12/25,昼間帯,逆方向,-70,-70,0,0,0,0,-70,熱容量（作業）,0,0,0,0,2024/10/18 17:01:29
月間,202410,策定,阿南紀北直流幹線,2024/12/25,夜間帯,順方向,0,0,0,0,0,0,0,安定度（作業）,0,0,0,0,2024/10/18 17:01:29
月間,202410,策定,阿南紀北直流幹線,2024/12/25,夜間帯,逆方向,-70,-70,0,0,0,0,-70,熱容量（作業）,0,0,0,0,2024/10/18 17:01:29
月間,202411,策定,阿南紀北直流幹線,2024/12/25,昼間帯,順方向,0,0,0,0,0,0,0,安定度（作業）,0,0,0,0,2024/11/20 16:59:38
月間,202411,策定,阿南紀北直流幹線,2024/12/25,昼間帯,逆方向,-70,-70,0,0,0,0,-70,熱容量（作業）,0,0,0,0,2024/11/20 16:59:38
月間,202411,策定,阿南紀北直流幹線,2024/12/25,夜間帯,順方向,0,0,0,0,0,0,0,安定度（作業）,0,0,0,0,2024/11/20 16:59:38
月間,202411,策定,阿南紀北直流幹線,2024/12/25,夜間帯,逆方向,-70,-70,0,0,0,0,-70,熱容量（作業）,0,0,0,0,2024/11/20 16:59:38
月間,202410,策定,阿南紀北直流幹線,2024/12/26,昼間帯,順方向,0,0,0,0,0,0,0,安定度（作業）,0,0,0,0,2024/10/18 17:01:29
月間,202410,策定,阿南紀北直流幹線,2024/12/26,昼間帯,逆方向,-70,-70,0,0,0,0,-70,熱容量（作業）,0,0,0,0,2024/10/18 17:01:29
月間,202410,策定,阿南紀北直流幹線,2024/12/26,夜間帯,順方向,0,0,0,0,0,0,0,安定度（作業）,0,0,0,0,2024/10/18 17:01:29
月間,202410,策定,阿南紀北直流幹線,2024/12/26,夜間帯,逆方向,-70,-70,0,0,0,0,-70,熱容量（作業）,0,0,0,0,2024/10/18 17:01:29
月間,202411,策定,阿南紀北直流幹線,2024/12/26,昼間帯,順方向,0,0,0,0,0,0,0,安定度（作業）,0,0,0,0,2024/11/20 16:59:38
月間,202411,策定,阿南紀北直流幹線,2024/12/26,昼間帯,逆方向,-70,-70,0,0,0,0,-70,熱容量（作業）,0,0,0,0,2024/11/20 16:59:38
月間,202411,策定,阿南紀北直流幹線,2024/12/26,夜間帯,順方向,0,0,0,0,0,0,0,安定度（作業）,0,0,0,0,2024/11/20 16:59:38
月間,202411,策定,阿南紀北直流幹線,2024/12/26,夜間帯,逆方向,-70,-70,0,0,0,0,-70,熱容量（作業）,0,0,0,0,2024/11/20 16:59:38
月間,202410,策定,阿南紀北直流幹線,2024/12/27,昼間帯,順方向,0,0,0,0,0,0,0,安定度（作業）,0,0,0,0,2024/10/18 17:01:29
月間,202410,策定,阿南紀北直流幹線,2024/12/27,昼間帯,逆方向,-70,-70,0,0,0,0,-70,熱容量（作業）,0,0,0,0,2024/10/18 17:01:29
月間,202410,策定,阿南紀北直流幹線,2024/12/27,夜間帯,順方向,0,0,0,0,0,0,0,安定度（作業）,0,0,0,0,2024/10/18 17:01:29
月間,202410,策定,阿南紀北直流幹線,2024/12/27,夜間帯,逆方向,-70,-70,0,0,0,0,-70,熱容量（作業）,0,0,0,0,2024/10/18 17:01:29
月間,202411,策定,阿南紀北直流幹線,2024/12/27,昼間帯,順方向,0,0,0,0,0,0,0,安定度（作業）,0,0,0,0,2024/11/20 16:59:38
月間,202411,策定,阿南紀北直流幹線,2024/12/27,昼間帯,逆方向,-70,-70,0,0,0,0,-70,熱容量（作業）,0,0,0,0,2024/11/20 16:59:38
月間,202411,策定,阿南紀北直流幹線,2024/12/27,夜間帯,順方向,0,0,0,0,0,0,0,安定度（作業）,0,0,0,0,2024/11/20 16:59:38
月間,202411,策定,阿南紀北直流幹線,2024/12/27,夜間帯,逆方向,-70,-70,0,0,0,0,-70,熱容量（作業）,0,0,0,0,2024/11/20 16:59:38
月間,202410,策定,阿南紀北直流幹線,2024/12/28,昼間帯,順方向,0,0,0,0,0,0,0,安定度（作業）,0,0,0,0,2024/10/18 17:01:29
月間,202410,策定,阿南紀北直流幹線,2024/12/28,昼間帯,逆方向,-70,-70,0,0,0,0,-70,熱容量（作業）,0,0,0,0,2024/10/18 17:01:29
月間,202410,策定,阿南紀北直流幹線,2024/12/28,夜間帯,順方向,0,0,0,0,0,0,0,安定度（作業）,0,0,0,0,2024/10/18 17:01:29
月間,202410,策定,阿南紀北直流幹線,2024/12/28,夜間帯,逆方向,-70,-70,0,0,0,0,-70,熱容量（作業）,0,0,0,0,2024/10/18 17:01:29
月間,202411,策定,阿南紀北直流幹線,2024/12/28,昼間帯,順方向,0,0,0,0,0,0,0,安定度（作業）,0,0,0,0,2024/11/20 16:59:38
月間,202411,策定,阿南紀北直流幹線,2024/12/28,昼間帯,逆方向,-70,-70,0,0,0,0,-70,熱容量（作業）,0,0,0,0,2024/11/20 16:59:38
月間,202411,策定,阿南紀北直流幹線,2024/12/28,夜間帯,順方向,0,0,0,0,0,0,0,安定度（作業）,0,0,0,0,2024/11/20 16:59:38
月間,202411,策定,阿南紀北直流幹線,2024/12/28,夜間帯,逆方向,-70,-70,0,0,0,0,-70,熱容量（作業）,0,0,0,0,2024/11/20 16:59:38
月間,202410,策定,阿南紀北直流幹線,2024/12/29,昼間帯,順方向,0,0,0,0,0,0,0,安定度（作業）,0,0,0,0,2024/10/18 17:01:29
月間,202410,策定,阿南紀北直流幹線,2024/12/29,昼間帯,逆方向,-70,-70,0,0,0,0,-70,熱容量（作業）,0,0,0,0,2024/10/18 17:01:29
月間,202410,策定,阿南紀北直流幹線,2024/12/29,夜間帯,順方向,0,0,0,0,0,0,0,安定度（作業）,0,0,0,0,2024/10/18 17:01:29
月間,202410,策定,阿南紀北直流幹線,2024/12/29,夜間帯,逆方向,-70,-70,0,0,0,0,-70,熱容量（作業）,0,0,0,0,2024/10/18 17:01:29
月間,202411,策定,阿南紀北直流幹線,2024/12/29,昼間帯,順方向,0,0,0,0,0,0,0,安定度（作業）,0,0,0,0,2024/11/20 16:59:38
月間,202411,策定,阿南紀北直流幹線,2024/12/29,昼間帯,逆方向,-70,-70,0,0,0,0,-70,熱容量（作業）,0,0,0,0,2024/11/20 16:59:38
月間,202411,策定,阿南紀北直流幹線,2024/12/29,夜間帯,順方向,0,0,0,0,0,0,0,安定度（作業）,0,0,0,0,2024/11/20 16:59:38
月間,202411,策定,阿南紀北直流幹線,2024/12/29,夜間帯,逆方向,-70,-70,0,0,0,0,-70,熱容量（作業）,0,0,0,0,2024/11/20 16:59:38
月間,202410,策定,阿南紀北直流幹線,2024/12/30,昼間帯,順方向,0,0,0,0,0,0,0,安定度（作業）,0,0,0,0,2024/10/18 17:01:29
月間,202410,策定,阿南紀北直流幹線,2024/12/30,昼間帯,逆方向,-70,-70,0,0,0,0,-70,熱容量（作業）,0,0,0,0,2024/10/18 17:01:29
月間,202410,策定,阿南紀北直流幹線,2024/12/30,夜間帯,順方向,0,0,0,0,0,0,0,安定度（作業）,0,0,0,0,2024/10/18 17:01:29
月間,202410,策定,阿南紀北直流幹線,2024/12/30,夜間帯,逆方向,-70,-70,0,0,0,0,-70,熱容量（作業）,0,0,0,0,2024/10/18 17:01:29
月間,202411,策定,阿南紀北直流幹線,2024/12/30,昼間帯,順方向,0,0,0,0,0,0,0,安定度（作業）,0,0,0,0,2024/11/20 16:59:38
月間,202411,策定,阿南紀北直流幹線,2024/12/30,昼間帯,逆方向,-70,-70,0,0,0,0,-70,熱容量（作業）,0,0,0,0,2024/11/20 16:59:38
月間,202411,策定,阿南紀北直流幹線,2024/12/30,夜間帯,順方向,0,0,0,0,0,0,0,安定度（作業）,0,0,0,0,2024/11/20 16:59:38
月間,202411,策定,阿南紀北直流幹線,2024/12/30,夜間帯,逆方向,-70,-70,0,0,0,0,-70,熱容量（作業）,0,0,0,0,2024/11/20 16:59:38
月間,202410,策定,阿南紀北直流幹線,2024/12/31,昼間帯,順方向,0,0,0,0,0,0,0,安定度（作業）,0,0,0,0,2024/10/18 17:01:29
月間,202410,策定,阿南紀北直流幹線,2024/12/31,昼間帯,逆方向,-70,-70,0,0,0,0,-70,熱容量（作業）,0,0,0,0,2024/10/18 17:01:29
月間,202410,策定,阿南紀北直流幹線,2024/12/31,夜間帯,順方向,0,0,0,0,0,0,0,安定度（作業）,0,0,0,0,2024/10/18 17:01:29
月間,202410,策定,阿南紀北直流幹線,2024/12/31,夜間帯,逆方向,-70,-70,0,0,0,0,-70,熱容量（作業）,0,0,0,0,2024/10/18 17:01:29
月間,202411,策定,阿南紀北直流幹線,2024/12/31,昼間帯,順方向,0,0,0,0,0,0,0,安定度（作業）,0,0,0,0,2024/11/20 16:59:38
月間,202411,策定,阿南紀北直流幹線,2024/12/31,昼間帯,逆方向,-70,-70,0,0,0,0,-70,熱容量（作業）,0,0,0,0,2024/11/20 16:59:38
月間,202411,策定,阿南紀北直流幹線,2024/12/31,夜間帯,順方向,0,0,0,0,0,0,0,安定度（作業）,0,0,0,0,2024/11/20 16:59:38
月間,202411,策定,阿南紀北直流幹線,2024/12/31,夜間帯,逆方向,-70,-70,0,0,0,0,-70,熱容量（作業）,0,0,0,0,2024/11/20 16:59:38
月間,202409,策定,本四連系線,2024/11/01,昼間帯,順方向,0,300,0,300,0,0,300,周波数（作業）,0,0,0,0,2024/09/20 17:01:43
月間,202409,策定,本四連系線,2024/11/01,昼間帯,逆方向,-1200,-1200,0,0,0,0,-1200,熱容量,0,0,0,0,2024/09/20 17:01:43
月間,202409,策定,本四連系線,2024/11/01,夜間帯,順方向,61,920,0,859,0,0,920,周波数（作業）,0,0,0,0,2024/09/20 17:01:43
月間,202409,策定,本四連系線,2024/11/01,夜間帯,逆方向,-1200,-1200,0,0,0,0,-1200,熱容量,0,0,0,0,2024/09/20 17:01:43
月間,202409,策定,本四連系線,2024/11/02,昼間帯,順方向,1080,1080,0,0,0,0,1080,周波数（作業）,0,0,0,0,2024/09/20 17:01:43
月間,202409,策定,本四連系線,2024/11/02,昼間帯,逆方向,-1200,-1200,0,0,0,0,-1200,熱容量,0,0,0,0,2024/09/20 17:01:43
月間,202409,策定,本四連系線,2024/11/02,夜間帯,順方向,1200,1200,0,0,0,0,1200,熱容量,0,0,0,0,2024/09/20 17:01:43
月間,202409,策定,本四連系線,2024/11/02,夜間帯,逆方向,-1200,-1200,0,0,0,0,-1200,熱容量,0,0,0,0,2024/09/20 17:01:43
月間,202410,策定,本四連系線,2024/11/02,昼間帯,順方向,1080,1080,0,0,0,0,1080,周波数（作業）,0,0,0,0,2024/10/18 17:01:29
月間,202410,策定,本四連系線,2024/11/02,昼間帯,逆方向,-1200,-1200,0,0,0,0,-1200,熱容量,0,0,0,0,2024/10/18 17:01:29
月間,202410,策定,本四連系線,2024/11/02,夜間帯,順方向,1200,1200,0,0,0,0,1200,熱容量,0,0,0,0,2024/10/18 17:01:29
月間,202410,策定,本四連系線,2024/11/02,夜間帯,逆方向,-1200,-1200,0,0,0,0,-1200,熱容量,0,0,0,0,2024/10/18 17:01:29
月間,202409,策定,本四連系線,2024/11/03,昼間帯,順方向,1080,1080,0,0,0,0,1080,周波数（作業）,0,0,0,0,2024/09/20 17:01:43
月間,202409,策定,本四連系線,2024/11/03,昼間帯,逆方向,-1200,-1200,0,0,0,0,-1200,熱容量,0,0,0,0,2024/09/20 17:01:43
月間,202409,策定,本四連系線,2024/11/03,夜間帯,順方向,1200,1200,0,0,0,0,1200,熱容量,0,0,0,0,2024/09/20 17:01:43
月間,202409,策定,本四連系線,2024/11/03,夜間帯,逆方向,-1200,-1200,0,0,0,0,-1200,熱容量,0,0,0,0,2024/09/20 17:01:43
月間,202410,策定,本四連系線,2024/11/03,昼間帯,順方向,1080,1080,0,0,0,0,1080,周波数（作業）,0,0,0,0,2024/10/18 17:01:29
月間,202410,策定,本四連系線,2024/11/03,昼間帯,逆方向,-1200,-1200,0,0,0,0,-1200,熱容量,0,0,0,0,2024/10/18 17:01:29
月間,202410,策定,本四連系線,2024/11/03,夜間帯,順方向,1200,1200,0,0,0,0,1200,熱容量,0,0,0,0,2024/10/18 17:01:29
月間,202410,策定,本四連系線,2024/11/03,夜間帯,逆方向,-1200,-1200,0,0,0,0,-1200,熱容量,0,0,0,0,2024/10/18 17:01:29
月間,202409,策定,本四連系線,2024/11/04,昼間帯,順方向,1080,1080,0,0,0,0,1080,周波数（作業）,0,0,0,0,2024/09/20 17:01:43
月間,202409,策定,本四連系線,2024/11/04,昼間帯,逆方向,-1200,-1200,0,0,0,0,-1200,熱容量,0,0,0,0,2024/09/20 17:01:43
月間,202409,策定,本四連系線,2024/11/04,夜間帯,順方向,1200,1200,0,0,0,0,1200,熱容量,0,0,0,0,2024/09/20 17:01:43
月間,202409,策定,本四連系線,2024/11/04,夜間帯,逆方向,-1200,-1200,0,0,0,0,-1200,熱容量,0,0,0,0,2024/09/20 17:01:43
月間,202410,策定,本四連系線,2024/11/04,昼間帯,順方向,1080,1080,0,0,0,0,1080,周波数（作業）,0,0,0,0,2024/10/18 17:01:29
月間,202410,策定,本四連系線,2024/11/04,昼間帯,逆方向,-1200,-1200,0,0,0,0,-1200,熱容量,0,0,0,0,2024/10/18 17:01:29
月間,202410,策定,本四連系線,2024/11/04,夜間帯,順方向,1200,1200,0,0,0,0,1200,熱容量,0,0,0,0,2024/10/18 17:01:29
月間,202410,策定,本四連系線,2024/11/04,夜間帯,逆方向,-1200,-1200,0,0,0,0,-1200,熱容量,0,0,0,0,2024/10/18 17:01:29
月間,202409,策定,本四連系線,2024/11/05,昼間帯,順方向,1200,1200,0,0,0,0,1200,熱容量,0,0,0,0,2024/09/20 17:01:43
月間,202409,策定,本四連系線,2024/11/05,昼間帯,逆方向,-1200,-1200,0,0,0,0,-1200,熱容量,0,0,0,0,2024/09/20 17:01:43
月間,202409,策定,本四連系線,2024/11/05,夜間帯,順方向,1200,1200,0,0,0,0,1200,熱容量,0,0,0,0,2024/09/20 17:01:43
月間,202409,策定,本四連系線,2024/11/05,夜間帯,逆方向,-1200,-1200,0,0,0,0,-1200,熱容量,0,0,0,0,2024/09/20 17:01:43
月間,202410,策定,本四連系線,2024/11/05,昼間帯,順方向,1200,1200,0,0,0,0,1200,熱容量,0,0,0,0,2024/10/18 17:01:29
月間,202410,策定,本四連系線,2024/11/05,昼間帯,逆方向,-1200,-1200,0,0,0,0,-1200,熱容量,0,0,0,0,2024/10/18 17:01:29
月間,202410,策定,本四連系線,2024/11/05,夜間帯,順方向,1200,1200,0,0,0,0,1200,熱容量,0,0,0,0,2024/10/18 17:01:29
月間,202410,策定,本四連系線,2024/11/05,夜間帯,逆方向,-1200,-1200,0,0,0,0,-1200,熱容量,0,0,0,0,2024/10/18 17:01:29
月間,202409,策定,本四連系線,2024/11/06,昼間帯,順方向,1200,1200,0,0,0,0,1200,熱容量,0,0,0,0,2024/09/20 17:01:43
月間,202409,策定,本四連系線,2024/11/06,昼間帯,逆方向,-1200,-1200,0,0,0,0,-1200,熱容量,0,0,0,0,2024/09/20 17:01:43
月間,202409,策定,本四連系線,2024/11/06,夜間帯,順方向,1200,1200,0,0,0,0,1200,熱容量,0,0,0,0,2024/09/20 17:01:43
月間,202409,策定,本四連系線,2024/11/06,夜間帯,逆方向,-1200,-1200,0,0,0,0,-1200,熱容量,0,0,0,0,2024/09/20 17:01:43
月間,202410,策定,本四連系線,2024/11/06,昼間帯,順方向,860,860,0,0,0,0,860,周波数（作業）,0,0,0,0,2024/10/18 17:01:29
月間,202410,策定,本四連系線,2024/11/06,昼間帯,逆方向,-1200,-1200,0,0,0,0,-1200,熱容量（作業）,0,0,0,0,2024/10/18 17:01:29
月間,202410,策定,本四連系線,2024/11/06,夜間帯,順方向,1010,1010,0,0,0,0,1010,周波数（作業）,0,0,0,0,2024/10/18 17:01:29
月間,202410,策定,本四連系線,2024/11/06,夜間帯,逆方向,-1200,-1200,0,0,0,0,-1200,熱容量（作業）,0,0,0,0,2024/10/18 17:01:29
月間,202409,策定,本四連系線,2024/11/07,昼間帯,順方向,1200,1200,0,0,0,0,1200,熱容量,0,0,0,0,2024/09/20 17:01:43
月間,202409,策定,本四連系線,2024/11/07,昼間帯,逆方向,-1200,-1200,0,0,0,0,-1200,熱容量,0,0,0,0,2024/09/20 17:01:43
月間,202409,策定,本四連系線,2024/11/07,夜間帯,順方向,1200,1200,0,0,0,0,1200,熱容量,0,0,0,0,2024/09/20 17:01:43
月間,202409,策定,本四連系線,2024/11/07,夜間帯,逆方向,-1200,-1200,0,0,0,0,-1200,熱容量,0,0,0,0,2024/09/20 17:01:43
月間,202410,策定,本四連系線,2024/11/07,昼間帯,順方向,860,860,0,0,0,0,860,周波数（作業）,0,0,0,0,2024/10/18 17:01:29
月間,202410,策定,本四連系線,2024/11/07,昼間帯,逆方向,-1200,-1200,0,0,0,0,-1200,熱容量（作業）,0,0,0,0,2024/10/18 17:01:29
月間,202410,策定,本四連系線,2024/11/07,夜間帯,順方向,1010,1010,0,0,0,0,1010,周波数（作業）,0,0,0,0,2024/10/18 17:01:29
月間,202410,策定,本四連系線,2024/11/07,夜間帯,逆方向,-1200,-1200,0,0,0,0,-1200,熱容量（作業）,0,0,0,0,2024/10/18 17:01:29
月間,202409,策定,本四連系線,2024/11/08,昼間帯,順方向,1200,1200,0,0,0,0,1200,熱容量,0,0,0,0,2024/09/20 17:01:43
月間,202409,策定,本四連系線,2024/11/08,昼間帯,逆方向,-1200,-1200,0,0,0,0,-1200,熱容量,0,0,0,0,2024/09/20 17:01:43
月間,202409,策定,本四連系線,2024/11/08,夜間帯,順方向,1200,1200,0,0,0,0,1200,熱容量,0,0,0,0,2024/09/20 17:01:43
月間,202409,策定,本四連系線,2024/11/08,夜間帯,逆方向,-1200,-1200,0,0,0,0,-1200,熱容量,0,0,0,0,2024/09/20 17:01:43
月間,202410,策定,本四連系線,2024/11/08,昼間帯,順方向,860,860,0,0,0,0,860,周波数（作業）,0,0,0,0,2024/10/18 17:01:29
月間,202410,策定,本四連系線,2024/11/08,昼間帯,逆方向,-1200,-1200,0,0,0,0,-1200,熱容量（作業）,0,0,0,0,2024/10/18 17:01:29
月間,202410,策定,本四連系線,2024/11/08,夜間帯,順方向,1010,1010,0,0,0,0,1010,周波数（作業）,0,0,0,0,2024/10/18 17:01:29
月間,202410,策定,本四連系線,2024/11/08,夜間帯,逆方向,-1200,-1200,0,0,0,0,-1200,熱容量（作業）,0,0,0,0,2024/10/18 17:01:29
月間,202409,策定,本四連系線,2024/11/09,昼間帯,順方向,1080,1080,0,0,0,0,1080,周波数（作業）,0,0,0,0,2024/09/20 17:01:43
月間,202409,策定,本四連系線,2024/11/09,昼間帯,逆方向,-1200,-1200,0,0,0,0,-1200,熱容量,0,0,0,0,2024/09/20 17:01:43
月間,202409,策定,本四連系線,2024/11/09,夜間帯,順方向,1200,1200,0,0,0,0,1200,熱容量,0,0,0,0,2024/09/20 17:01:43
月間,202409,策定,本四連系線,2024/11/09,夜間帯,逆方向,-1200,-1200,0,0,0,0,-1200,熱容量,0,0,0,0,2024/09/20 17:01:43
月間,202410,策定,本四連系線,2024/11/09,昼間帯,順方向,830,830,0,0,0,0,830,周波数（作業）,0,0,0,0,2024/10/18 17:01:29
月間,202410,策定,本四連系線,2024/11/09,昼間帯,逆方向,-1200,-1200,0,0,0,0,-1200,熱容量（作業）,0,0,0,0,2024/10/18 17:01:29
月間,202410,策定,本四連系線,2024/11/09,夜間帯,順方向,990,990,0,0,0,0,990,周波数（作業）,0,0,0,0,2024/10/18 17:01:29
月間,202410,策定,本四連系線,2024/11/09,夜間帯,逆方向,-1200,-1200,0,0,0,0,-1200,熱容量（作業）,0,0,0,0,2024/10/18 17:01:29
月間,202409,策定,本四連系線,2024/11/10,昼間帯,順方向,1080,1080,0,0,0,0,1080,周波数（作業）,0,0,0,0,2024/09/20 17:01:43
月間,202409,策定,本四連系線,2024/11/10,昼間帯,逆方向,-1200,-1200,0,0,0,0,-1200,熱容量,0,0,0,0,2024/09/20 17:01:43
月間,202409,策定,本四連系線,2024/11/10,夜間帯,順方向,1200,1200,0,0,0,0,1200,熱容量,0,0,0,0,2024/09/20 17:01:43
月間,202409,策定,本四連系線,2024/11/10,夜間帯,逆方向,-1200,-1200,0,0,0,0,-1200,熱容量,0,0,0,0,2024/09/20 17:01:43
月間,202410,策定,本四連系線,2024/11/10,昼間帯,順方向,830,830,0,0,0,0,830,周波数（作業）,0,0,0,0,2024/10/18 17:01:29
月間,202410,策定,本四連系線,2024/11/10,昼間帯,逆方向,-1200,-1200,0,0,0,0,-1200,熱容量（作業）,0,0,0,0,2024/10/18 17:01:29
月間,202410,策定,本四連系線,2024/11/10,夜間帯,順方向,990,990,0,0,0,0,990,周波数（作業）,0,0,0,0,2024/10/18 17:01:29
月間,202410,策定,本四連系線,2024/11/10,夜間帯,逆方向,-1200,-1200,0,0,0,0,-1200,熱容量（作業）,0,0,0,0,2024/10/18 17:01:29
月間,202409,策定,本四連系線,2024/11/11,昼間帯,順方向,1200,1200,0,0,0,0,1200,熱容量,0,0,0,0,2024/09/20 17:01:43
月間,202409,策定,本四連系線,2024/11/11,昼間帯,逆方向,-1200,-1200,0,0,0,0,-1200,熱容量,0,0,0,0,2024/09/20 17:01:43
月間,202409,策定,本四連系線,2024/11/11,夜間帯,順方向,1200,1200,0,0,0,0,1200,熱容量,0,0,0,0,2024/09/20 17:01:43
月間,202409,策定,本四連系線,2024/11/11,夜間帯,逆方向,-1200,-1200,0,0,0,0,-1200,熱容量,0,0,0,0,2024/09/20 17:01:43
月間,202410,策定,本四連系線,2024/11/11,昼間帯,順方向,860,860,0,0,0,0,860,周波数（作業）,0,0,0,0,2024/10/18 17:01:29
月間,202410,策定,本四連系線,2024/11/11,昼間帯,逆方向,-1200,-1200,0,0,0,0,-1200,熱容量（作業）,0,0,0,0,2024/10/18 17:01:29
月間,202410,策定,本四連系線,2024/11/11,夜間帯,順方向,1010,1010,0,0,0,0,1010,周波数（作業）,0,0,0,0,2024/10/18 17:01:29
月間,202410,策定,本四連系線,2024/11/11,夜間帯,逆方向,-1200,-1200,0,0,0,0,-1200,熱容量（作業）,0,0,0,0,2024/10/18 17:01:29
月間,202409,策定,本四連系線,2024/11/12,昼間帯,順方向,1200,1200,0,0,0,0,1200,熱容量,0,0,0,0,2024/09/20 17:01:43
月間,202409,策定,本四連系線,2024/11/12,昼間帯,逆方向,-1200,-1200,0,0,0,0,-1200,熱容量,0,0,0,0,2024/09/20 17:01:43
月間,202409,策定,本四連系線,2024/11/12,夜間帯,順方向,1200,1200,0,0,0,0,1200,熱容量,0,0,0,0,2024/09/20 17:01:43
月間,202409,策定,本四連系線,2024/11/12,夜間帯,逆方向,-1200,-1200,0,0,0,0,-1200,熱容量,0,0,0,0,2024/09/20 17:01:43
月間,202410,策定,本四連系線,2024/11/12,昼間帯,順方向,860,860,0,0,0,0,860,周波数（作業）,0,0,0,0,2024/10/18 17:01:29
月間,202410,策定,本四連系線,2024/11/12,昼間帯,逆方向,-1200,-1200,0,0,0,0,-1200,熱容量（作業）,0,0,0,0,2024/10/18 17:01:29
月間,202410,策定,本四連系線,2024/11/12,夜間帯,順方向,1010,1010,0,0,0,0,1010,周波数（作業）,0,0,0,0,2024/10/18 17:01:29
月間,202410,策定,本四連系線,2024/11/12,夜間帯,逆方向,-1200,-1200,0,0,0,0,-1200,熱容量（作業）,0,0,0,0,2024/10/18 17:01:29
月間,202409,策定,本四連系線,2024/11/13,昼間帯,順方向,1200,1200,0,0,0,0,1200,熱容量,0,0,0,0,2024/09/20 17:01:43
月間,202409,策定,本四連系線,2024/11/13,昼間帯,逆方向,-1200,-1200,0,0,0,0,-1200,熱容量,0,0,0,0,2024/09/20 17:01:43
月間,202409,策定,本四連系線,2024/11/13,夜間帯,順方向,1200,1200,0,0,0,0,1200,熱容量,0,0,0,0,2024/09/20 17:01:43
月間,202409,策定,本四連系線,2024/11/13,夜間帯,逆方向,-1200,-1200,0,0,0,0,-1200,熱容量,0,0,0,0,2024/09/20 17:01:43
月間,202410,策定,本四連系線,2024/11/13,昼間帯,順方向,860,860,0,0,0,0,860,周波数（作業）,0,0,0,0,2024/10/18 17:01:29
月間,202410,策定,本四連系線,2024/11/13,昼間帯,逆方向,-1200,-1200,0,0,0,0,-1200,熱容量（作業）,0,0,0,0,2024/10/18 17:01:29
月間,202410,策定,本四連系線,2024/11/13,夜間帯,順方向,1010,1010,0,0,0,0,1010,周波数（作業）,0,0,0,0,2024/10/18 17:01:29
月間,202410,策定,本四連系線,2024/11/13,夜間帯,逆方向,-1200,-1200,0,0,0,0,-1200,熱容量（作業）,0,0,0,0,2024/10/18 17:01:29
月間,202409,策定,本四連系線,2024/11/14,昼間帯,順方向,1200,1200,0,0,0,0,1200,熱容量,0,0,0,0,2024/09/20 17:01:43
月間,202409,策定,本四連系線,2024/11/14,昼間帯,逆方向,-1200,-1200,0,0,0,0,-1200,熱容量,0,0,0,0,2024/09/20 17:01:43
月間,202409,策定,本四連系線,2024/11/14,夜間帯,順方向,1200,1200,0,0,0,0,1200,熱容量,0,0,0,0,2024/09/20 17:01:43
月間,202409,策定,本四連系線,2024/11/14,夜間帯,逆方向,-1200,-1200,0,0,0,0,-1200,熱容量,0,0,0,0,2024/09/20 17:01:43
月間,202410,策定,本四連系線,2024/11/14,昼間帯,順方向,860,860,0,0,0,0,860,周波数（作業）,0,0,0,0,2024/10/18 17:01:29
月間,202410,策定,本四連系線,2024/11/14,昼間帯,逆方向,-1200,-1200,0,0,0,0,-1200,熱容量（作業）,0,0,0,0,2024/10/18 17:01:29
月間,202410,策定,本四連系線,2024/11/14,夜間帯,順方向,1010,1010,0,0,0,0,1010,周波数（作業）,0,0,0,0,2024/10/18 17:01:29
月間,202410,策定,本四連系線,2024/11/14,夜間帯,逆方向,-1200,-1200,0,0,0,0,-1200,熱容量（作業）,0,0,0,0,2024/10/18 17:01:29
月間,202409,策定,本四連系線,2024/11/15,昼間帯,順方向,1200,1200,0,0,0,0,1200,熱容量,0,0,0,0,2024/09/20 17:01:43
月間,202409,策定,本四連系線,2024/11/15,昼間帯,逆方向,-1200,-1200,0,0,0,0,-1200,熱容量,0,0,0,0,2024/09/20 17:01:43
月間,202409,策定,本四連系線,2024/11/15,夜間帯,順方向,1200,1200,0,0,0,0,1200,熱容量,0,0,0,0,2024/09/20 17:01:43
月間,202409,策定,本四連系線,2024/11/15,夜間帯,逆方向,-1200,-1200,0,0,0,0,-1200,熱容量,0,0,0,0,2024/09/20 17:01:43
月間,202410,策定,本四連系線,2024/11/15,昼間帯,順方向,860,860,0,0,0,0,860,周波数（作業）,0,0,0,0,2024/10/18 17:01:29
月間,202410,策定,本四連系線,2024/11/15,昼間帯,逆方向,-1200,-1200,0,0,0,0,-1200,熱容量（作業）,0,0,0,0,2024/10/18 17:01:29
月間,202410,策定,本四連系線,2024/11/15,夜間帯,順方向,1010,1010,0,0,0,0,1010,周波数（作業）,0,0,0,0,2024/10/18 17:01:29
月間,202410,策定,本四連系線,2024/11/15,夜間帯,逆方向,-1200,-1200,0,0,0,0,-1200,熱容量（作業）,0,0,0,0,2024/10/18 17:01:29
月間,202409,策定,本四連系線,2024/11/16,昼間帯,順方向,1110,1110,0,0,0,0,1110,周波数（作業）,0,0,0,0,2024/09/20 17:01:43
月間,202409,策定,本四連系線,2024/11/16,昼間帯,逆方向,-1200,-1200,0,0,0,0,-1200,熱容量,0,0,0,0,2024/09/20 17:01:43
月間,202409,策定,本四連系線,2024/11/16,夜間帯,順方向,1200,1200,0,0,0,0,1200,熱容量,0,0,0,0,2024/09/20 17:01:43
月間,202409,策定,本四連系線,2024/11/16,夜間帯,逆方向,-1200,-1200,0,0,0,0,-1200,熱容量,0,0,0,0,2024/09/20 17:01:43
月間,202410,策定,本四連系線,2024/11/16,昼間帯,順方向,840,840,0,0,0,0,840,周波数（作業）,0,0,0,0,2024/10/18 17:01:29
月間,202410,策定,本四連系線,2024/11/16,昼間帯,逆方向,-1200,-1200,0,0,0,0,-1200,熱容量（作業）,0,0,0,0,2024/10/18 17:01:29
月間,202410,策定,本四連系線,2024/11/16,夜間帯,順方向,1000,1000,0,0,0,0,1000,周波数（作業）,0,0,0,0,2024/10/18 17:01:29
月間,202410,策定,本四連系線,2024/11/16,夜間帯,逆方向,-1200,-1200,0,0,0,0,-1200,熱容量（作業）,0,0,0,0,2024/10/18 17:01:29
月間,202409,策定,本四連系線,2024/11/17,昼間帯,順方向,1110,1110,0,0,0,0,1110,周波数（作業）,0,0,0,0,2024/09/20 17:01:43
月間,202409,策定,本四連系線,2024/11/17,昼間帯,逆方向,-1200,-1200,0,0,0,0,-1200,熱容量,0,0,0,0,2024/09/20 17:01:43
月間,202409,策定,本四連系線,2024/11/17,夜間帯,順方向,1200,1200,0,0,0,0,1200,熱容量,0,0,0,0,2024/09/20 17:01:43
月間,202409,策定,本四連系線,2024/11/17,夜間帯,逆方向,-1200,-1200,0,0,0,0,-1200,熱容量,0,0,0,0,2024/09/20 17:01:43
月間,202410,策定,本四連系線,2024/11/17,昼間帯,順方向,840,840,0,0,0,0,840,周波数（作業）,0,0,0,0,2024/10/18 17:01:29
月間,202410,策定,本四連系線,2024/11/17,昼間帯,逆方向,-1200,-1200,0,0,0,0,-1200,熱容量（作業）,0,0,0,0,2024/10/18 17:01:29
月間,202410,策定,本四連系線,2024/11/17,夜間帯,順方向,1000,1000,0,0,0,0,1000,周波数（作業）,0,0,0,0,2024/10/18 17:01:29
月間,202410,策定,本四連系線,2024/11/17,夜間帯,逆方向,-1200,-1200,0,0,0,0,-1200,熱容量（作業）,0,0,0,0,2024/10/18 17:01:29
月間,202409,策定,本四連系線,2024/11/18,昼間帯,順方向,1200,1200,0,0,0,0,1200,熱容量,0,0,0,0,2024/09/20 17:01:43
月間,202409,策定,本四連系線,2024/11/18,昼間帯,逆方向,-1200,-1200,0,0,0,0,-1200,熱容量,0,0,0,0,2024/09/20 17:01:43
月間,202409,策定,本四連系線,2024/11/18,夜間帯,順方向,1200,1200,0,0,0,0,1200,熱容量,0,0,0,0,2024/09/20 17:01:43
月間,202409,策定,本四連系線,2024/11/18,夜間帯,逆方向,-1200,-1200,0,0,0,0,-1200,熱容量,0,0,0,0,2024/09/20 17:01:43
月間,202410,策定,本四連系線,2024/11/18,昼間帯,順方向,860,860,0,0,0,0,860,周波数（作業）,0,0,0,0,2024/10/18 17:01:29
月間,202410,策定,本四連系線,2024/11/18,昼間帯,逆方向,-1200,-1200,0,0,0,0,-1200,熱容量（作業）,0,0,0,0,2024/10/18 17:01:29
月間,202410,策定,本四連系線,2024/11/18,夜間帯,順方向,1010,1010,0,0,0,0,1010,周波数（作業）,0,0,0,0,2024/10/18 17:01:29
月間,202410,策定,本四連系線,2024/11/18,夜間帯,逆方向,-1200,-1200,0,0,0,0,-1200,熱容量（作業）,0,0,0,0,2024/10/18 17:01:29
月間,202409,策定,本四連系線,2024/11/19,昼間帯,順方向,1200,1200,0,0,0,0,1200,熱容量,0,0,0,0,2024/09/20 17:01:43
月間,202409,策定,本四連系線,2024/11/19,昼間帯,逆方向,-1200,-1200,0,0,0,0,-1200,熱容量,0,0,0,0,2024/09/20 17:01:43
月間,202409,策定,本四連系線,2024/11/19,夜間帯,順方向,1200,1200,0,0,0,0,1200,熱容量,0,0,0,0,2024/09/20 17:01:43
月間,202409,策定,本四連系線,2024/11/19,夜間帯,逆方向,-1200,-1200,0,0,0,0,-1200,熱容量,0,0,0,0,2024/09/20 17:01:43
月間,202410,策定,本四連系線,2024/11/19,昼間帯,順方向,860,860,0,0,0,0,860,周波数（作業）,0,0,0,0,2024/10/18 17:01:29
月間,202410,策定,本四連系線,2024/11/19,昼間帯,逆方向,-1200,-1200,0,0,0,0,-1200,熱容量（作業）,0,0,0,0,2024/10/18 17:01:29
月間,202410,策定,本四連系線,2024/11/19,夜間帯,順方向,1010,1010,0,0,0,0,1010,周波数（作業）,0,0,0,0,2024/10/18 17:01:29
月間,202410,策定,本四連系線,2024/11/19,夜間帯,逆方向,-1200,-1200,0,0,0,0,-1200,熱容量（作業）,0,0,0,0,2024/10/18 17:01:29
月間,202409,策定,本四連系線,2024/11/20,昼間帯,順方向,1200,1200,0,0,0,0,1200,熱容量,0,0,0,0,2024/09/20 17:01:43
月間,202409,策定,本四連系線,2024/11/20,昼間帯,逆方向,-1200,-1200,0,0,0,0,-1200,熱容量,0,0,0,0,2024/09/20 17:01:43
月間,202409,策定,本四連系線,2024/11/20,夜間帯,順方向,1200,1200,0,0,0,0,1200,熱容量,0,0,0,0,2024/09/20 17:01:43
月間,202409,策定,本四連系線,2024/11/20,夜間帯,逆方向,-1200,-1200,0,0,0,0,-1200,熱容量,0,0,0,0,2024/09/20 17:01:43
月間,202410,策定,本四連系線,2024/11/20,昼間帯,順方向,860,860,0,0,0,0,860,周波数（作業）,0,0,0,0,2024/10/18 17:01:29
月間,202410,策定,本四連系線,2024/11/20,昼間帯,逆方向,-1200,-1200,0,0,0,0,-1200,熱容量（作業）,0,0,0,0,2024/10/18 17:01:29
月間,202410,策定,本四連系線,2024/11/20,夜間帯,順方向,1010,1010,0,0,0,0,1010,周波数（作業）,0,0,0,0,2024/10/18 17:01:29
月間,202410,策定,本四連系線,2024/11/20,夜間帯,逆方向,-1200,-1200,0,0,0,0,-1200,熱容量（作業）,0,0,0,0,2024/10/18 17:01:29
月間,202409,策定,本四連系線,2024/11/21,昼間帯,順方向,1200,1200,0,0,0,0,1200,熱容量,0,0,0,0,2024/09/20 17:01:43
月間,202409,策定,本四連系線,2024/11/21,昼間帯,逆方向,-1200,-1200,0,0,0,0,-1200,熱容量,0,0,0,0,2024/09/20 17:01:43
月間,202409,策定,本四連系線,2024/11/21,夜間帯,順方向,1200,1200,0,0,0,0,1200,熱容量,0,0,0,0,2024/09/20 17:01:43
月間,202409,策定,本四連系線,2024/11/21,夜間帯,逆方向,-1200,-1200,0,0,0,0,-1200,熱容量,0,0,0,0,2024/09/20 17:01:43
月間,202410,策定,本四連系線,2024/11/21,昼間帯,順方向,860,860,0,0,0,0,860,周波数（作業）,0,0,0,0,2024/10/18 17:01:29
月間,202410,策定,本四連系線,2024/11/21,昼間帯,逆方向,-1200,-1200,0,0,0,0,-1200,熱容量（作業）,0,0,0,0,2024/10/18 17:01:29
月間,202410,策定,本四連系線,2024/11/21,夜間帯,順方向,1010,1010,0,0,0,0,1010,周波数（作業）,0,0,0,0,2024/10/18 17:01:29
月間,202410,策定,本四連系線,2024/11/21,夜間帯,逆方向,-1200,-1200,0,0,0,0,-1200,熱容量（作業）,0,0,0,0,2024/10/18 17:01:29
月間,202409,策定,本四連系線,2024/11/22,昼間帯,順方向,1200,1200,0,0,0,0,1200,熱容量,0,0,0,0,2024/09/20 17:01:43
月間,202409,策定,本四連系線,2024/11/22,昼間帯,逆方向,-1200,-1200,0,0,0,0,-1200,熱容量,0,0,0,0,2024/09/20 17:01:43
月間,202409,策定,本四連系線,2024/11/22,夜間帯,順方向,1200,1200,0,0,0,0,1200,熱容量,0,0,0,0,2024/09/20 17:01:43
月間,202409,策定,本四連系線,2024/11/22,夜間帯,逆方向,-1200,-1200,0,0,0,0,-1200,熱容量,0,0,0,0,2024/09/20 17:01:43
月間,202410,策定,本四連系線,2024/11/22,昼間帯,順方向,860,860,0,0,0,0,860,周波数（作業）,0,0,0,0,2024/10/18 17:01:29
月間,202410,策定,本四連系線,2024/11/22,昼間帯,逆方向,-1200,-1200,0,0,0,0,-1200,熱容量（作業）,0,0,0,0,2024/10/18 17:01:29
月間,202410,策定,本四連系線,2024/11/22,夜間帯,順方向,1010,1010,0,0,0,0,1010,周波数（作業）,0,0,0,0,2024/10/18 17:01:29
月間,202410,策定,本四連系線,2024/11/22,夜間帯,逆方向,-1200,-1200,0,0,0,0,-1200,熱容量（作業）,0,0,0,0,2024/10/18 17:01:29
月間,202409,策定,本四連系線,2024/11/23,昼間帯,順方向,1110,1110,0,0,0,0,1110,周波数（作業）,0,0,0,0,2024/09/20 17:01:43
月間,202409,策定,本四連系線,2024/11/23,昼間帯,逆方向,-1200,-1200,0,0,0,0,-1200,熱容量,0,0,0,0,2024/09/20 17:01:43
月間,202409,策定,本四連系線,2024/11/23,夜間帯,順方向,1200,1200,0,0,0,0,1200,熱容量,0,0,0,0,2024/09/20 17:01:43
月間,202409,策定,本四連系線,2024/11/23,夜間帯,逆方向,-1200,-1200,0,0,0,0,-1200,熱容量,0,0,0,0,2024/09/20 17:01:43
月間,202410,策定,本四連系線,2024/11/23,昼間帯,順方向,840,840,0,0,0,0,840,周波数（作業）,0,0,0,0,2024/10/18 17:01:29
月間,202410,策定,本四連系線,2024/11/23,昼間帯,逆方向,-1200,-1200,0,0,0,0,-1200,熱容量（作業）,0,0,0,0,2024/10/18 17:01:29
月間,202410,策定,本四連系線,2024/11/23,夜間帯,順方向,1000,1000,0,0,0,0,1000,周波数（作業）,0,0,0,0,2024/10/18 17:01:29
月間,202410,策定,本四連系線,2024/11/23,夜間帯,逆方向,-1200,-1200,0,0,0,0,-1200,熱容量（作業）,0,0,0,0,2024/10/18 17:01:29
月間,202409,策定,本四連系線,2024/11/24,昼間帯,順方向,1110,1110,0,0,0,0,1110,周波数（作業）,0,0,0,0,2024/09/20 17:01:43
月間,202409,策定,本四連系線,2024/11/24,昼間帯,逆方向,-1200,-1200,0,0,0,0,-1200,熱容量,0,0,0,0,2024/09/20 17:01:43
月間,202409,策定,本四連系線,2024/11/24,夜間帯,順方向,1200,1200,0,0,0,0,1200,熱容量,0,0,0,0,2024/09/20 17:01:43
月間,202409,策定,本四連系線,2024/11/24,夜間帯,逆方向,-1200,-1200,0,0,0,0,-1200,熱容量,0,0,0,0,2024/09/20 17:01:43
月間,202410,策定,本四連系線,2024/11/24,昼間帯,順方向,840,840,0,0,0,0,840,周波数（作業）,0,0,0,0,2024/10/18 17:01:29
月間,202410,策定,本四連系線,2024/11/24,昼間帯,逆方向,-1200,-1200,0,0,0,0,-1200,熱容量（作業）,0,0,0,0,2024/10/18 17:01:29
月間,202410,策定,本四連系線,2024/11/24,夜間帯,順方向,1000,1000,0,0,0,0,1000,周波数（作業）,0,0,0,0,2024/10/18 17:01:29
月間,202410,策定,本四連系線,2024/11/24,夜間帯,逆方向,-1200,-1200,0,0,0,0,-1200,熱容量（作業）,0,0,0,0,2024/10/18 17:01:29
月間,202409,策定,本四連系線,2024/11/25,昼間帯,順方向,1200,1200,0,0,0,0,1200,熱容量,0,0,0,0,2024/09/20 17:01:43
月間,202409,策定,本四連系線,2024/11/25,昼間帯,逆方向,-1200,-1200,0,0,0,0,-1200,熱容量,0,0,0,0,2024/09/20 17:01:43
月間,202409,策定,本四連系線,2024/11/25,夜間帯,順方向,1200,1200,0,0,0,0,1200,熱容量,0,0,0,0,2024/09/20 17:01:43
月間,202409,策定,本四連系線,2024/11/25,夜間帯,逆方向,-1200,-1200,0,0,0,0,-1200,熱容量,0,0,0,0,2024/09/20 17:01:43
月間,202410,策定,本四連系線,2024/11/25,昼間帯,順方向,860,860,0,0,0,0,860,周波数（作業）,0,0,0,0,2024/10/18 17:01:29
月間,202410,策定,本四連系線,2024/11/25,昼間帯,逆方向,-1200,-1200,0,0,0,0,-1200,熱容量（作業）,0,0,0,0,2024/10/18 17:01:29
月間,202410,策定,本四連系線,2024/11/25,夜間帯,順方向,1010,1010,0,0,0,0,1010,周波数（作業）,0,0,0,0,2024/10/18 17:01:29
月間,202410,策定,本四連系線,2024/11/25,夜間帯,逆方向,-1200,-1200,0,0,0,0,-1200,熱容量（作業）,0,0,0,0,2024/10/18 17:01:29
月間,202409,策定,本四連系線,2024/11/26,昼間帯,順方向,1200,1200,0,0,0,0,1200,熱容量,0,0,0,0,2024/09/20 17:01:43
月間,202409,策定,本四連系線,2024/11/26,昼間帯,逆方向,-1200,-1200,0,0,0,0,-1200,熱容量,0,0,0,0,2024/09/20 17:01:43
月間,202409,策定,本四連系線,2024/11/26,夜間帯,順方向,1200,1200,0,0,0,0,1200,熱容量,0,0,0,0,2024/09/20 17:01:43
月間,202409,策定,本四連系線,2024/11/26,夜間帯,逆方向,-1200,-1200,0,0,0,0,-1200,熱容量,0,0,0,0,2024/09/20 17:01:43
月間,202410,策定,本四連系線,2024/11/26,昼間帯,順方向,860,860,0,0,0,0,860,周波数（作業）,0,0,0,0,2024/10/18 17:01:29
月間,202410,策定,本四連系線,2024/11/26,昼間帯,逆方向,-1200,-1200,0,0,0,0,-1200,熱容量（作業）,0,0,0,0,2024/10/18 17:01:29
月間,202410,策定,本四連系線,2024/11/26,夜間帯,順方向,1010,1010,0,0,0,0,1010,周波数（作業）,0,0,0,0,2024/10/18 17:01:29
月間,202410,策定,本四連系線,2024/11/26,夜間帯,逆方向,-1200,-1200,0,0,0,0,-1200,熱容量（作業）,0,0,0,0,2024/10/18 17:01:29
月間,202409,策定,本四連系線,2024/11/27,昼間帯,順方向,1200,1200,0,0,0,0,1200,熱容量,0,0,0,0,2024/09/20 17:01:43
月間,202409,策定,本四連系線,2024/11/27,昼間帯,逆方向,-1200,-1200,0,0,0,0,-1200,熱容量,0,0,0,0,2024/09/20 17:01:43
月間,202409,策定,本四連系線,2024/11/27,夜間帯,順方向,1200,1200,0,0,0,0,1200,熱容量,0,0,0,0,2024/09/20 17:01:43
月間,202409,策定,本四連系線,2024/11/27,夜間帯,逆方向,-1200,-1200,0,0,0,0,-1200,熱容量,0,0,0,0,2024/09/20 17:01:43
月間,202410,策定,本四連系線,2024/11/27,昼間帯,順方向,860,860,0,0,0,0,860,周波数（作業）,0,0,0,0,2024/10/18 17:01:29
月間,202410,策定,本四連系線,2024/11/27,昼間帯,逆方向,-1200,-1200,0,0,0,0,-1200,熱容量（作業）,0,0,0,0,2024/10/18 17:01:29
月間,202410,策定,本四連系線,2024/11/27,夜間帯,順方向,1010,1010,0,0,0,0,1010,周波数（作業）,0,0,0,0,2024/10/18 17:01:29
月間,202410,策定,本四連系線,2024/11/27,夜間帯,逆方向,-1200,-1200,0,0,0,0,-1200,熱容量（作業）,0,0,0,0,2024/10/18 17:01:29
月間,202409,策定,本四連系線,2024/11/28,昼間帯,順方向,1200,1200,0,0,0,0,1200,熱容量,0,0,0,0,2024/09/20 17:01:43
月間,202409,策定,本四連系線,2024/11/28,昼間帯,逆方向,-1200,-1200,0,0,0,0,-1200,熱容量,0,0,0,0,2024/09/20 17:01:43
月間,202409,策定,本四連系線,2024/11/28,夜間帯,順方向,1200,1200,0,0,0,0,1200,熱容量,0,0,0,0,2024/09/20 17:01:43
月間,202409,策定,本四連系線,2024/11/28,夜間帯,逆方向,-1200,-1200,0,0,0,0,-1200,熱容量,0,0,0,0,2024/09/20 17:01:43
月間,202410,策定,本四連系線,2024/11/28,昼間帯,順方向,860,860,0,0,0,0,860,周波数（作業）,0,0,0,0,2024/10/18 17:01:29
月間,202410,策定,本四連系線,2024/11/28,昼間帯,逆方向,-1200,-1200,0,0,0,0,-1200,熱容量（作業）,0,0,0,0,2024/10/18 17:01:29
月間,202410,策定,本四連系線,2024/11/28,夜間帯,順方向,1010,1010,0,0,0,0,1010,周波数（作業）,0,0,0,0,2024/10/18 17:01:29
月間,202410,策定,本四連系線,2024/11/28,夜間帯,逆方向,-1200,-1200,0,0,0,0,-1200,熱容量（作業）,0,0,0,0,2024/10/18 17:01:29
月間,202409,策定,本四連系線,2024/11/29,昼間帯,順方向,1200,1200,0,0,0,0,1200,熱容量,0,0,0,0,2024/09/20 17:01:43
月間,202409,策定,本四連系線,2024/11/29,昼間帯,逆方向,-1200,-1200,0,0,0,0,-1200,熱容量,0,0,0,0,2024/09/20 17:01:43
月間,202409,策定,本四連系線,2024/11/29,夜間帯,順方向,1200,1200,0,0,0,0,1200,熱容量,0,0,0,0,2024/09/20 17:01:43
月間,202409,策定,本四連系線,2024/11/29,夜間帯,逆方向,-1200,-1200,0,0,0,0,-1200,熱容量,0,0,0,0,2024/09/20 17:01:43
月間,202410,策定,本四連系線,2024/11/29,昼間帯,順方向,860,860,0,0,0,0,860,周波数（作業）,0,0,0,0,2024/10/18 17:01:29
月間,202410,策定,本四連系線,2024/11/29,昼間帯,逆方向,-1200,-1200,0,0,0,0,-1200,熱容量（作業）,0,0,0,0,2024/10/18 17:01:29
月間,202410,策定,本四連系線,2024/11/29,夜間帯,順方向,1010,1010,0,0,0,0,1010,周波数（作業）,0,0,0,0,2024/10/18 17:01:29
月間,202410,策定,本四連系線,2024/11/29,夜間帯,逆方向,-1200,-1200,0,0,0,0,-1200,熱容量（作業）,0,0,0,0,2024/10/18 17:01:29
月間,202409,策定,本四連系線,2024/11/30,昼間帯,順方向,1110,1110,0,0,0,0,1110,周波数（作業）,0,0,0,0,2024/09/20 17:01:43
月間,202409,策定,本四連系線,2024/11/30,昼間帯,逆方向,-1200,-1200,0,0,0,0,-1200,熱容量,0,0,0,0,2024/09/20 17:01:43
月間,202409,策定,本四連系線,2024/11/30,夜間帯,順方向,1200,1200,0,0,0,0,1200,熱容量,0,0,0,0,2024/09/20 17:01:43
月間,202409,策定,本四連系線,2024/11/30,夜間帯,逆方向,-1200,-1200,0,0,0,0,-1200,熱容量,0,0,0,0,2024/09/20 17:01:43
月間,202410,策定,本四連系線,2024/11/30,昼間帯,順方向,1110,1110,0,0,0,0,1110,周波数（作業）,0,0,0,0,2024/10/18 17:01:29
月間,202410,策定,本四連系線,2024/11/30,昼間帯,逆方向,-1200,-1200,0,0,0,0,-1200,熱容量,0,0,0,0,2024/10/18 17:01:29
月間,202410,策定,本四連系線,2024/11/30,夜間帯,順方向,1200,1200,0,0,0,0,1200,熱容量,0,0,0,0,2024/10/18 17:01:29
月間,202410,策定,本四連系線,2024/11/30,夜間帯,逆方向,-1200,-1200,0,0,0,0,-1200,熱容量,0,0,0,0,2024/10/18 17:01:29
月間,202410,策定,本四連系線,2024/12/01,昼間帯,順方向,1200,1200,0,0,0,0,1200,熱容量,0,0,0,0,2024/10/18 17:01:29
月間,202410,策定,本四連系線,2024/12/01,昼間帯,逆方向,-1200,-1200,0,0,0,0,-1200,熱容量,0,0,0,0,2024/10/18 17:01:29
月間,202410,策定,本四連系線,2024/12/01,夜間帯,順方向,1200,1200,0,0,0,0,1200,熱容量,0,0,0,0,2024/10/18 17:01:29
月間,202410,策定,本四連系線,2024/12/01,夜間帯,逆方向,-1200,-1200,0,0,0,0,-1200,熱容量,0,0,0,0,2024/10/18 17:01:29
月間,202410,策定,本四連系線,2024/12/02,昼間帯,順方向,1200,1200,0,0,0,0,1200,熱容量,0,0,0,0,2024/10/18 17:01:29
月間,202410,策定,本四連系線,2024/12/02,昼間帯,逆方向,-1200,-1200,0,0,0,0,-1200,熱容量,0,0,0,0,2024/10/18 17:01:29
月間,202410,策定,本四連系線,2024/12/02,夜間帯,順方向,1200,1200,0,0,0,0,1200,熱容量,0,0,0,0,2024/10/18 17:01:29
月間,202410,策定,本四連系線,2024/12/02,夜間帯,逆方向,-1200,-1200,0,0,0,0,-1200,熱容量,0,0,0,0,2024/10/18 17:01:29
月間,202410,策定,本四連系線,2024/12/03,昼間帯,順方向,1200,1200,0,0,0,0,1200,熱容量,0,0,0,0,2024/10/18 17:01:29
月間,202410,策定,本四連系線,2024/12/03,昼間帯,逆方向,-1200,-1200,0,0,0,0,-1200,熱容量,0,0,0,0,2024/10/18 17:01:29
月間,202410,策定,本四連系線,2024/12/03,夜間帯,順方向,1200,1200,0,0,0,0,1200,熱容量,0,0,0,0,2024/10/18 17:01:29
月間,202410,策定,本四連系線,2024/12/03,夜間帯,逆方向,-1200,-1200,0,0,0,0,-1200,熱容量,0,0,0,0,2024/10/18 17:01:29
月間,202410,策定,本四連系線,2024/12/04,昼間帯,順方向,1200,1200,0,0,0,0,1200,熱容量,0,0,0,0,2024/10/18 17:01:29
月間,202410,策定,本四連系線,2024/12/04,昼間帯,逆方向,-1200,-1200,0,0,0,0,-1200,熱容量,0,0,0,0,2024/10/18 17:01:29
月間,202410,策定,本四連系線,2024/12/04,夜間帯,順方向,1200,1200,0,0,0,0,1200,熱容量,0,0,0,0,2024/10/18 17:01:29
月間,202410,策定,本四連系線,2024/12/04,夜間帯,逆方向,-1200,-1200,0,0,0,0,-1200,熱容量,0,0,0,0,2024/10/18 17:01:29
月間,202410,策定,本四連系線,2024/12/05,昼間帯,順方向,1200,1200,0,0,0,0,1200,熱容量,0,0,0,0,2024/10/18 17:01:29
月間,202410,策定,本四連系線,2024/12/05,昼間帯,逆方向,-1200,-1200,0,0,0,0,-1200,熱容量,0,0,0,0,2024/10/18 17:01:29
月間,202410,策定,本四連系線,2024/12/05,夜間帯,順方向,1200,1200,0,0,0,0,1200,熱容量,0,0,0,0,2024/10/18 17:01:29
月間,202410,策定,本四連系線,2024/12/05,夜間帯,逆方向,-1200,-1200,0,0,0,0,-1200,熱容量,0,0,0,0,2024/10/18 17:01:29
月間,202410,策定,本四連系線,2024/12/06,昼間帯,順方向,1200,1200,0,0,0,0,1200,熱容量,0,0,0,0,2024/10/18 17:01:29
月間,202410,策定,本四連系線,2024/12/06,昼間帯,逆方向,-1200,-1200,0,0,0,0,-1200,熱容量,0,0,0,0,2024/10/18 17:01:29
月間,202410,策定,本四連系線,2024/12/06,夜間帯,順方向,1200,1200,0,0,0,0,1200,熱容量,0,0,0,0,2024/10/18 17:01:29
月間,202410,策定,本四連系線,2024/12/06,夜間帯,逆方向,-1200,-1200,0,0,0,0,-1200,熱容量,0,0,0,0,2024/10/18 17:01:29
月間,202410,策定,本四連系線,2024/12/07,昼間帯,順方向,1200,1200,0,0,0,0,1200,熱容量,0,0,0,0,2024/10/18 17:01:29
月間,202410,策定,本四連系線,2024/12/07,昼間帯,逆方向,-1200,-1200,0,0,0,0,-1200,熱容量,0,0,0,0,2024/10/18 17:01:29
月間,202410,策定,本四連系線,2024/12/07,夜間帯,順方向,1200,1200,0,0,0,0,1200,熱容量,0,0,0,0,2024/10/18 17:01:29
月間,202410,策定,本四連系線,2024/12/07,夜間帯,逆方向,-1200,-1200,0,0,0,0,-1200,熱容量,0,0,0,0,2024/10/18 17:01:29
月間,202411,策定,本四連系線,2024/12/07,昼間帯,順方向,860,860,0,0,0,0,860,周波数（作業）,0,0,0,0,2024/11/20 16:59:38
月間,202411,策定,本四連系線,2024/12/07,昼間帯,逆方向,-1200,-1200,0,0,0,0,-1200,熱容量（作業）,0,0,0,0,2024/11/20 16:59:38
月間,202411,策定,本四連系線,2024/12/07,夜間帯,順方向,1030,1030,0,0,0,0,1030,周波数（作業）,0,0,0,0,2024/11/20 16:59:38
月間,202411,策定,本四連系線,2024/12/07,夜間帯,逆方向,-1200,-1200,0,0,0,0,-1200,熱容量（作業）,0,0,0,0,2024/11/20 16:59:38
月間,202410,策定,本四連系線,2024/12/08,昼間帯,順方向,1200,1200,0,0,0,0,1200,熱容量,0,0,0,0,2024/10/18 17:01:29
月間,202410,策定,本四連系線,2024/12/08,昼間帯,逆方向,-1200,-1200,0,0,0,0,-1200,熱容量,0,0,0,0,2024/10/18 17:01:29
月間,202410,策定,本四連系線,2024/12/08,夜間帯,順方向,1200,1200,0,0,0,0,1200,熱容量,0,0,0,0,2024/10/18 17:01:29
月間,202410,策定,本四連系線,2024/12/08,夜間帯,逆方向,-1200,-1200,0,0,0,0,-1200,熱容量,0,0,0,0,2024/10/18 17:01:29
月間,202411,策定,本四連系線,2024/12/08,昼間帯,順方向,860,860,0,0,0,0,860,周波数（作業）,0,0,0,0,2024/11/20 16:59:38
月間,202411,策定,本四連系線,2024/12/08,昼間帯,逆方向,-1200,-1200,0,0,0,0,-1200,熱容量（作業）,0,0,0,0,2024/11/20 16:59:38
月間,202411,策定,本四連系線,2024/12/08,夜間帯,順方向,1030,1030,0,0,0,0,1030,周波数（作業）,0,0,0,0,2024/11/20 16:59:38
月間,202411,策定,本四連系線,2024/12/08,夜間帯,逆方向,-1200,-1200,0,0,0,0,-1200,熱容量（作業）,0,0,0,0,2024/11/20 16:59:38
月間,202410,策定,本四連系線,2024/12/09,昼間帯,順方向,1200,1200,0,0,0,0,1200,熱容量,0,0,0,0,2024/10/18 17:01:29
月間,202410,策定,本四連系線,2024/12/09,昼間帯,逆方向,-1200,-1200,0,0,0,0,-1200,熱容量,0,0,0,0,2024/10/18 17:01:29
月間,202410,策定,本四連系線,2024/12/09,夜間帯,順方向,1200,1200,0,0,0,0,1200,熱容量,0,0,0,0,2024/10/18 17:01:29
月間,202410,策定,本四連系線,2024/12/09,夜間帯,逆方向,-1200,-1200,0,0,0,0,-1200,熱容量,0,0,0,0,2024/10/18 17:01:29
月間,202411,策定,本四連系線,2024/12/09,昼間帯,順方向,880,880,0,0,0,0,880,周波数（作業）,0,0,0,0,2024/11/20 16:59:38
月間,202411,策定,本四連系線,2024/12/09,昼間帯,逆方向,-1200,-1200,0,0,0,0,-1200,熱容量（作業）,0,0,0,0,2024/11/20 16:59:38
月間,202411,策定,本四連系線,2024/12/09,夜間帯,順方向,1040,1040,0,0,0,0,1040,周波数（作業）,0,0,0,0,2024/11/20 16:59:38
月間,202411,策定,本四連系線,2024/12/09,夜間帯,逆方向,-1200,-1200,0,0,0,0,-1200,熱容量（作業）,0,0,0,0,2024/11/20 16:59:38
月間,202410,策定,本四連系線,2024/12/10,昼間帯,順方向,1200,1200,0,0,0,0,1200,熱容量,0,0,0,0,2024/10/18 17:01:29
月間,202410,策定,本四連系線,2024/12/10,昼間帯,逆方向,-1200,-1200,0,0,0,0,-1200,熱容量,0,0,0,0,2024/10/18 17:01:29
月間,202410,策定,本四連系線,2024/12/10,夜間帯,順方向,1200,1200,0,0,0,0,1200,熱容量,0,0,0,0,2024/10/18 17:01:29
月間,202410,策定,本四連系線,2024/12/10,夜間帯,逆方向,-1200,-1200,0,0,0,0,-1200,熱容量,0,0,0,0,2024/10/18 17:01:29
月間,202411,策定,本四連系線,2024/12/10,昼間帯,順方向,880,880,0,0,0,0,880,周波数（作業）,0,0,0,0,2024/11/20 16:59:38
月間,202411,策定,本四連系線,2024/12/10,昼間帯,逆方向,-1200,-1200,0,0,0,0,-1200,熱容量（作業）,0,0,0,0,2024/11/20 16:59:38
月間,202411,策定,本四連系線,2024/12/10,夜間帯,順方向,1040,1040,0,0,0,0,1040,周波数（作業）,0,0,0,0,2024/11/20 16:59:38
月間,202411,策定,本四連系線,2024/12/10,夜間帯,逆方向,-1200,-1200,0,0,0,0,-1200,熱容量（作業）,0,0,0,0,2024/11/20 16:59:38
月間,202410,策定,本四連系線,2024/12/11,昼間帯,順方向,1200,1200,0,0,0,0,1200,熱容量,0,0,0,0,2024/10/18 17:01:29
月間,202410,策定,本四連系線,2024/12/11,昼間帯,逆方向,-1200,-1200,0,0,0,0,-1200,熱容量,0,0,0,0,2024/10/18 17:01:29
月間,202410,策定,本四連系線,2024/12/11,夜間帯,順方向,1200,1200,0,0,0,0,1200,熱容量,0,0,0,0,2024/10/18 17:01:29
月間,202410,策定,本四連系線,2024/12/11,夜間帯,逆方向,-1200,-1200,0,0,0,0,-1200,熱容量,0,0,0,0,2024/10/18 17:01:29
月間,202411,策定,本四連系線,2024/12/11,昼間帯,順方向,880,880,0,0,0,0,880,周波数（作業）,0,0,0,0,2024/11/20 16:59:38
月間,202411,策定,本四連系線,2024/12/11,昼間帯,逆方向,-1200,-1200,0,0,0,0,-1200,熱容量（作業）,0,0,0,0,2024/11/20 16:59:38
月間,202411,策定,本四連系線,2024/12/11,夜間帯,順方向,1040,1040,0,0,0,0,1040,周波数（作業）,0,0,0,0,2024/11/20 16:59:38
月間,202411,策定,本四連系線,2024/12/11,夜間帯,逆方向,-1200,-1200,0,0,0,0,-1200,熱容量（作業）,0,0,0,0,2024/11/20 16:59:38
月間,202410,策定,本四連系線,2024/12/12,昼間帯,順方向,1200,1200,0,0,0,0,1200,熱容量,0,0,0,0,2024/10/18 17:01:29
月間,202410,策定,本四連系線,2024/12/12,昼間帯,逆方向,-1200,-1200,0,0,0,0,-1200,熱容量,0,0,0,0,2024/10/18 17:01:29
月間,202410,策定,本四連系線,2024/12/12,夜間帯,順方向,1200,1200,0,0,0,0,1200,熱容量,0,0,0,0,2024/10/18 17:01:29
月間,202410,策定,本四連系線,2024/12/12,夜間帯,逆方向,-1200,-1200,0,0,0,0,-1200,熱容量,0,0,0,0,2024/10/18 17:01:29
月間,202411,策定,本四連系線,2024/12/12,昼間帯,順方向,880,880,0,0,0,0,880,周波数（作業）,0,0,0,0,2024/11/20 16:59:38
月間,202411,策定,本四連系線,2024/12/12,昼間帯,逆方向,-1200,-1200,0,0,0,0,-1200,熱容量（作業）,0,0,0,0,2024/11/20 16:59:38
月間,202411,策定,本四連系線,2024/12/12,夜間帯,順方向,1040,1040,0,0,0,0,1040,周波数（作業）,0,0,0,0,2024/11/20 16:59:38
月間,202411,策定,本四連系線,2024/12/12,夜間帯,逆方向,-1200,-1200,0,0,0,0,-1200,熱容量（作業）,0,0,0,0,2024/11/20 16:59:38
月間,202410,策定,本四連系線,2024/12/13,昼間帯,順方向,1200,1200,0,0,0,0,1200,熱容量,0,0,0,0,2024/10/18 17:01:29
月間,202410,策定,本四連系線,2024/12/13,昼間帯,逆方向,-1200,-1200,0,0,0,0,-1200,熱容量,0,0,0,0,2024/10/18 17:01:29
月間,202410,策定,本四連系線,2024/12/13,夜間帯,順方向,1200,1200,0,0,0,0,1200,熱容量,0,0,0,0,2024/10/18 17:01:29
月間,202410,策定,本四連系線,2024/12/13,夜間帯,逆方向,-1200,-1200,0,0,0,0,-1200,熱容量,0,0,0,0,2024/10/18 17:01:29
月間,202411,策定,本四連系線,2024/12/13,昼間帯,順方向,880,880,0,0,0,0,880,周波数（作業）,0,0,0,0,2024/11/20 16:59:38
月間,202411,策定,本四連系線,2024/12/13,昼間帯,逆方向,-1200,-1200,0,0,0,0,-1200,熱容量（作業）,0,0,0,0,2024/11/20 16:59:38
月間,202411,策定,本四連系線,2024/12/13,夜間帯,順方向,1040,1040,0,0,0,0,1040,周波数（作業）,0,0,0,0,2024/11/20 16:59:38
月間,202411,策定,本四連系線,2024/12/13,夜間帯,逆方向,-1200,-1200,0,0,0,0,-1200,熱容量（作業）,0,0,0,0,2024/11/20 16:59:38
月間,202410,策定,本四連系線,2024/12/14,昼間帯,順方向,1200,1200,0,0,0,0,1200,熱容量,0,0,0,0,2024/10/18 17:01:29
月間,202410,策定,本四連系線,2024/12/14,昼間帯,逆方向,-1200,-1200,0,0,0,0,-1200,熱容量,0,0,0,0,2024/10/18 17:01:29
月間,202410,策定,本四連系線,2024/12/14,夜間帯,順方向,1200,1200,0,0,0,0,1200,熱容量,0,0,0,0,2024/10/18 17:01:29
月間,202410,策定,本四連系線,2024/12/14,夜間帯,逆方向,-1200,-1200,0,0,0,0,-1200,熱容量,0,0,0,0,2024/10/18 17:01:29
月間,202411,策定,本四連系線,2024/12/14,昼間帯,順方向,860,860,0,0,0,0,860,周波数（作業）,0,0,0,0,2024/11/20 16:59:38
月間,202411,策定,本四連系線,2024/12/14,昼間帯,逆方向,-1200,-1200,0,0,0,0,-1200,熱容量（作業）,0,0,0,0,2024/11/20 16:59:38
月間,202411,策定,本四連系線,2024/12/14,夜間帯,順方向,1030,1030,0,0,0,0,1030,周波数（作業）,0,0,0,0,2024/11/20 16:59:38
月間,202411,策定,本四連系線,2024/12/14,夜間帯,逆方向,-1200,-1200,0,0,0,0,-1200,熱容量（作業）,0,0,0,0,2024/11/20 16:59:38
月間,202410,策定,本四連系線,2024/12/15,昼間帯,順方向,1200,1200,0,0,0,0,1200,熱容量,0,0,0,0,2024/10/18 17:01:29
月間,202410,策定,本四連系線,2024/12/15,昼間帯,逆方向,-1200,-1200,0,0,0,0,-1200,熱容量,0,0,0,0,2024/10/18 17:01:29
月間,202410,策定,本四連系線,2024/12/15,夜間帯,順方向,1200,1200,0,0,0,0,1200,熱容量,0,0,0,0,2024/10/18 17:01:29
月間,202410,策定,本四連系線,2024/12/15,夜間帯,逆方向,-1200,-1200,0,0,0,0,-1200,熱容量,0,0,0,0,2024/10/18 17:01:29
月間,202411,策定,本四連系線,2024/12/15,昼間帯,順方向,860,860,0,0,0,0,860,周波数（作業）,0,0,0,0,2024/11/20 16:59:38
月間,202411,策定,本四連系線,2024/12/15,昼間帯,逆方向,-1200,-1200,0,0,0,0,-1200,熱容量（作業）,0,0,0,0,2024/11/20 16:59:38
月間,202411,策定,本四連系線,2024/12/15,夜間帯,順方向,1030,1030,0,0,0,0,1030,周波数（作業）,0,0,0,0,2024/11/20 16:59:38
月間,202411,策定,本四連系線,2024/12/15,夜間帯,逆方向,-1200,-1200,0,0,0,0,-1200,熱容量（作業）,0,0,0,0,2024/11/20 16:59:38
月間,202410,策定,本四連系線,2024/12/16,昼間帯,順方向,1200,1200,0,0,0,0,1200,熱容量,0,0,0,0,2024/10/18 17:01:29
月間,202410,策定,本四連系線,2024/12/16,昼間帯,逆方向,-1200,-1200,0,0,0,0,-1200,熱容量,0,0,0,0,2024/10/18 17:01:29
月間,202410,策定,本四連系線,2024/12/16,夜間帯,順方向,1200,1200,0,0,0,0,1200,熱容量,0,0,0,0,2024/10/18 17:01:29
月間,202410,策定,本四連系線,2024/12/16,夜間帯,逆方向,-1200,-1200,0,0,0,0,-1200,熱容量,0,0,0,0,2024/10/18 17:01:29
月間,202411,策定,本四連系線,2024/12/16,昼間帯,順方向,880,880,0,0,0,0,880,周波数（作業）,0,0,0,0,2024/11/20 16:59:38
月間,202411,策定,本四連系線,2024/12/16,昼間帯,逆方向,-1200,-1200,0,0,0,0,-1200,熱容量（作業）,0,0,0,0,2024/11/20 16:59:38
月間,202411,策定,本四連系線,2024/12/16,夜間帯,順方向,1040,1040,0,0,0,0,1040,周波数（作業）,0,0,0,0,2024/11/20 16:59:38
月間,202411,策定,本四連系線,2024/12/16,夜間帯,逆方向,-1200,-1200,0,0,0,0,-1200,熱容量（作業）,0,0,0,0,2024/11/20 16:59:38
月間,202410,策定,本四連系線,2024/12/17,昼間帯,順方向,1200,1200,0,0,0,0,1200,熱容量,0,0,0,0,2024/10/18 17:01:29
月間,202410,策定,本四連系線,2024/12/17,昼間帯,逆方向,-1200,-1200,0,0,0,0,-1200,熱容量,0,0,0,0,2024/10/18 17:01:29
月間,202410,策定,本四連系線,2024/12/17,夜間帯,順方向,1200,1200,0,0,0,0,1200,熱容量,0,0,0,0,2024/10/18 17:01:29
月間,202410,策定,本四連系線,2024/12/17,夜間帯,逆方向,-1200,-1200,0,0,0,0,-1200,熱容量,0,0,0,0,2024/10/18 17:01:29
月間,202411,策定,本四連系線,2024/12/17,昼間帯,順方向,880,880,0,0,0,0,880,周波数（作業）,0,0,0,0,2024/11/20 16:59:38
月間,202411,策定,本四連系線,2024/12/17,昼間帯,逆方向,-1200,-1200,0,0,0,0,-1200,熱容量（作業）,0,0,0,0,2024/11/20 16:59:38
月間,202411,策定,本四連系線,2024/12/17,夜間帯,順方向,1040,1040,0,0,0,0,1040,周波数（作業）,0,0,0,0,2024/11/20 16:59:38
月間,202411,策定,本四連系線,2024/12/17,夜間帯,逆方向,-1200,-1200,0,0,0,0,-1200,熱容量（作業）,0,0,0,0,2024/11/20 16:59:38
月間,202410,策定,本四連系線,2024/12/18,昼間帯,順方向,1200,1200,0,0,0,0,1200,熱容量,0,0,0,0,2024/10/18 17:01:29
月間,202410,策定,本四連系線,2024/12/18,昼間帯,逆方向,-1200,-1200,0,0,0,0,-1200,熱容量,0,0,0,0,2024/10/18 17:01:29
月間,202410,策定,本四連系線,2024/12/18,夜間帯,順方向,1200,1200,0,0,0,0,1200,熱容量,0,0,0,0,2024/10/18 17:01:29
月間,202410,策定,本四連系線,2024/12/18,夜間帯,逆方向,-1200,-1200,0,0,0,0,-1200,熱容量,0,0,0,0,2024/10/18 17:01:29
月間,202411,策定,本四連系線,2024/12/18,昼間帯,順方向,880,880,0,0,0,0,880,周波数（作業）,0,0,0,0,2024/11/20 16:59:38
月間,202411,策定,本四連系線,2024/12/18,昼間帯,逆方向,-1200,-1200,0,0,0,0,-1200,熱容量（作業）,0,0,0,0,2024/11/20 16:59:38
月間,202411,策定,本四連系線,2024/12/18,夜間帯,順方向,1040,1040,0,0,0,0,1040,周波数（作業）,0,0,0,0,2024/11/20 16:59:38
月間,202411,策定,本四連系線,2024/12/18,夜間帯,逆方向,-1200,-1200,0,0,0,0,-1200,熱容量（作業）,0,0,0,0,2024/11/20 16:59:38
月間,202410,策定,本四連系線,2024/12/19,昼間帯,順方向,1200,1200,0,0,0,0,1200,熱容量,0,0,0,0,2024/10/18 17:01:29
月間,202410,策定,本四連系線,2024/12/19,昼間帯,逆方向,-1200,-1200,0,0,0,0,-1200,熱容量,0,0,0,0,2024/10/18 17:01:29
月間,202410,策定,本四連系線,2024/12/19,夜間帯,順方向,1200,1200,0,0,0,0,1200,熱容量,0,0,0,0,2024/10/18 17:01:29
月間,202410,策定,本四連系線,2024/12/19,夜間帯,逆方向,-1200,-1200,0,0,0,0,-1200,熱容量,0,0,0,0,2024/10/18 17:01:29
月間,202411,策定,本四連系線,2024/12/19,昼間帯,順方向,880,880,0,0,0,0,880,周波数（作業）,0,0,0,0,2024/11/20 16:59:38
月間,202411,策定,本四連系線,2024/12/19,昼間帯,逆方向,-1200,-1200,0,0,0,0,-1200,熱容量（作業）,0,0,0,0,2024/11/20 16:59:38
月間,202411,策定,本四連系線,2024/12/19,夜間帯,順方向,1040,1040,0,0,0,0,1040,周波数（作業）,0,0,0,0,2024/11/20 16:59:38
月間,202411,策定,本四連系線,2024/12/19,夜間帯,逆方向,-1200,-1200,0,0,0,0,-1200,熱容量（作業）,0,0,0,0,2024/11/20 16:59:38
月間,202410,策定,本四連系線,2024/12/20,昼間帯,順方向,1200,1200,0,0,0,0,1200,熱容量,0,0,0,0,2024/10/18 17:01:29
月間,202410,策定,本四連系線,2024/12/20,昼間帯,逆方向,-1200,-1200,0,0,0,0,-1200,熱容量,0,0,0,0,2024/10/18 17:01:29
月間,202410,策定,本四連系線,2024/12/20,夜間帯,順方向,1200,1200,0,0,0,0,1200,熱容量,0,0,0,0,2024/10/18 17:01:29
月間,202410,策定,本四連系線,2024/12/20,夜間帯,逆方向,-1200,-1200,0,0,0,0,-1200,熱容量,0,0,0,0,2024/10/18 17:01:29
月間,202411,策定,本四連系線,2024/12/20,昼間帯,順方向,880,880,0,0,0,0,880,周波数（作業）,0,0,0,0,2024/11/20 16:59:38
月間,202411,策定,本四連系線,2024/12/20,昼間帯,逆方向,-1200,-1200,0,0,0,0,-1200,熱容量（作業）,0,0,0,0,2024/11/20 16:59:38
月間,202411,策定,本四連系線,2024/12/20,夜間帯,順方向,1040,1040,0,0,0,0,1040,周波数（作業）,0,0,0,0,2024/11/20 16:59:38
月間,202411,策定,本四連系線,2024/12/20,夜間帯,逆方向,-1200,-1200,0,0,0,0,-1200,熱容量（作業）,0,0,0,0,2024/11/20 16:59:38
月間,202410,策定,本四連系線,2024/12/21,昼間帯,順方向,1200,1200,0,0,0,0,1200,熱容量,0,0,0,0,2024/10/18 17:01:29
月間,202410,策定,本四連系線,2024/12/21,昼間帯,逆方向,-1200,-1200,0,0,0,0,-1200,熱容量,0,0,0,0,2024/10/18 17:01:29
月間,202410,策定,本四連系線,2024/12/21,夜間帯,順方向,1200,1200,0,0,0,0,1200,熱容量,0,0,0,0,2024/10/18 17:01:29
月間,202410,策定,本四連系線,2024/12/21,夜間帯,逆方向,-1200,-1200,0,0,0,0,-1200,熱容量,0,0,0,0,2024/10/18 17:01:29
月間,202411,策定,本四連系線,2024/12/21,昼間帯,順方向,860,860,0,0,0,0,860,周波数（作業）,0,0,0,0,2024/11/20 16:59:38
月間,202411,策定,本四連系線,2024/12/21,昼間帯,逆方向,-1200,-1200,0,0,0,0,-1200,熱容量（作業）,0,0,0,0,2024/11/20 16:59:38
月間,202411,策定,本四連系線,2024/12/21,夜間帯,順方向,1030,1030,0,0,0,0,1030,周波数（作業）,0,0,0,0,2024/11/20 16:59:38
月間,202411,策定,本四連系線,2024/12/21,夜間帯,逆方向,-1200,-1200,0,0,0,0,-1200,熱容量（作業）,0,0,0,0,2024/11/20 16:59:38
月間,202410,策定,本四連系線,2024/12/22,昼間帯,順方向,1200,1200,0,0,0,0,1200,熱容量,0,0,0,0,2024/10/18 17:01:29
月間,202410,策定,本四連系線,2024/12/22,昼間帯,逆方向,-1200,-1200,0,0,0,0,-1200,熱容量,0,0,0,0,2024/10/18 17:01:29
月間,202410,策定,本四連系線,2024/12/22,夜間帯,順方向,1200,1200,0,0,0,0,1200,熱容量,0,0,0,0,2024/10/18 17:01:29
月間,202410,策定,本四連系線,2024/12/22,夜間帯,逆方向,-1200,-1200,0,0,0,0,-1200,熱容量,0,0,0,0,2024/10/18 17:01:29
月間,202411,策定,本四連系線,2024/12/22,昼間帯,順方向,860,860,0,0,0,0,860,周波数（作業）,0,0,0,0,2024/11/20 16:59:38
月間,202411,策定,本四連系線,2024/12/22,昼間帯,逆方向,-1200,-1200,0,0,0,0,-1200,熱容量（作業）,0,0,0,0,2024/11/20 16:59:38
月間,202411,策定,本四連系線,2024/12/22,夜間帯,順方向,1030,1030,0,0,0,0,1030,周波数（作業）,0,0,0,0,2024/11/20 16:59:38
月間,202411,策定,本四連系線,2024/12/22,夜間帯,逆方向,-1200,-1200,0,0,0,0,-1200,熱容量（作業）,0,0,0,0,2024/11/20 16:59:38
月間,202410,策定,本四連系線,2024/12/23,昼間帯,順方向,1200,1200,0,0,0,0,1200,熱容量,0,0,0,0,2024/10/18 17:01:29
月間,202410,策定,本四連系線,2024/12/23,昼間帯,逆方向,-1200,-1200,0,0,0,0,-1200,熱容量,0,0,0,0,2024/10/18 17:01:29
月間,202410,策定,本四連系線,2024/12/23,夜間帯,順方向,1200,1200,0,0,0,0,1200,熱容量,0,0,0,0,2024/10/18 17:01:29
月間,202410,策定,本四連系線,2024/12/23,夜間帯,逆方向,-1200,-1200,0,0,0,0,-1200,熱容量,0,0,0,0,2024/10/18 17:01:29
月間,202411,策定,本四連系線,2024/12/23,昼間帯,順方向,880,880,0,0,0,0,880,周波数（作業）,0,0,0,0,2024/11/20 16:59:38
月間,202411,策定,本四連系線,2024/12/23,昼間帯,逆方向,-1200,-1200,0,0,0,0,-1200,熱容量（作業）,0,0,0,0,2024/11/20 16:59:38
月間,202411,策定,本四連系線,2024/12/23,夜間帯,順方向,1040,1040,0,0,0,0,1040,周波数（作業）,0,0,0,0,2024/11/20 16:59:38
月間,202411,策定,本四連系線,2024/12/23,夜間帯,逆方向,-1200,-1200,0,0,0,0,-1200,熱容量（作業）,0,0,0,0,2024/11/20 16:59:38
月間,202410,策定,本四連系線,2024/12/24,昼間帯,順方向,1200,1200,0,0,0,0,1200,熱容量,0,0,0,0,2024/10/18 17:01:29
月間,202410,策定,本四連系線,2024/12/24,昼間帯,逆方向,-1200,-1200,0,0,0,0,-1200,熱容量,0,0,0,0,2024/10/18 17:01:29
月間,202410,策定,本四連系線,2024/12/24,夜間帯,順方向,1200,1200,0,0,0,0,1200,熱容量,0,0,0,0,2024/10/18 17:01:29
月間,202410,策定,本四連系線,2024/12/24,夜間帯,逆方向,-1200,-1200,0,0,0,0,-1200,熱容量,0,0,0,0,2024/10/18 17:01:29
月間,202411,策定,本四連系線,2024/12/24,昼間帯,順方向,880,880,0,0,0,0,880,周波数（作業）,0,0,0,0,2024/11/20 16:59:38
月間,202411,策定,本四連系線,2024/12/24,昼間帯,逆方向,-1200,-1200,0,0,0,0,-1200,熱容量（作業）,0,0,0,0,2024/11/20 16:59:38
月間,202411,策定,本四連系線,2024/12/24,夜間帯,順方向,1040,1040,0,0,0,0,1040,周波数（作業）,0,0,0,0,2024/11/20 16:59:38
月間,202411,策定,本四連系線,2024/12/24,夜間帯,逆方向,-1200,-1200,0,0,0,0,-1200,熱容量（作業）,0,0,0,0,2024/11/20 16:59:38
月間,202410,策定,本四連系線,2024/12/25,昼間帯,順方向,1200,1200,0,0,0,0,1200,熱容量,0,0,0,0,2024/10/18 17:01:29
月間,202410,策定,本四連系線,2024/12/25,昼間帯,逆方向,-1200,-1200,0,0,0,0,-1200,熱容量,0,0,0,0,2024/10/18 17:01:29
月間,202410,策定,本四連系線,2024/12/25,夜間帯,順方向,1200,1200,0,0,0,0,1200,熱容量,0,0,0,0,2024/10/18 17:01:29
月間,202410,策定,本四連系線,2024/12/25,夜間帯,逆方向,-1200,-1200,0,0,0,0,-1200,熱容量,0,0,0,0,2024/10/18 17:01:29
月間,202411,策定,本四連系線,2024/12/25,昼間帯,順方向,880,880,0,0,0,0,880,周波数（作業）,0,0,0,0,2024/11/20 16:59:38
月間,202411,策定,本四連系線,2024/12/25,昼間帯,逆方向,-1200,-1200,0,0,0,0,-1200,熱容量（作業）,0,0,0,0,2024/11/20 16:59:38
月間,202411,策定,本四連系線,2024/12/25,夜間帯,順方向,1040,1040,0,0,0,0,1040,周波数（作業）,0,0,0,0,2024/11/20 16:59:38
月間,202411,策定,本四連系線,2024/12/25,夜間帯,逆方向,-1200,-1200,0,0,0,0,-1200,熱容量（作業）,0,0,0,0,2024/11/20 16:59:38
月間,202410,策定,本四連系線,2024/12/26,昼間帯,順方向,1200,1200,0,0,0,0,1200,熱容量,0,0,0,0,2024/10/18 17:01:29
月間,202410,策定,本四連系線,2024/12/26,昼間帯,逆方向,-1200,-1200,0,0,0,0,-1200,熱容量,0,0,0,0,2024/10/18 17:01:29
月間,202410,策定,本四連系線,2024/12/26,夜間帯,順方向,1200,1200,0,0,0,0,1200,熱容量,0,0,0,0,2024/10/18 17:01:29
月間,202410,策定,本四連系線,2024/12/26,夜間帯,逆方向,-1200,-1200,0,0,0,0,-1200,熱容量,0,0,0,0,2024/10/18 17:01:29
月間,202411,策定,本四連系線,2024/12/26,昼間帯,順方向,880,880,0,0,0,0,880,周波数（作業）,0,0,0,0,2024/11/20 16:59:38
月間,202411,策定,本四連系線,2024/12/26,昼間帯,逆方向,-1200,-1200,0,0,0,0,-1200,熱容量（作業）,0,0,0,0,2024/11/20 16:59:38
月間,202411,策定,本四連系線,2024/12/26,夜間帯,順方向,1040,1040,0,0,0,0,1040,周波数（作業）,0,0,0,0,2024/11/20 16:59:38
月間,202411,策定,本四連系線,2024/12/26,夜間帯,逆方向,-1200,-1200,0,0,0,0,-1200,熱容量（作業）,0,0,0,0,2024/11/20 16:59:38
月間,202410,策定,本四連系線,2024/12/27,昼間帯,順方向,1200,1200,0,0,0,0,1200,熱容量,0,0,0,0,2024/10/18 17:01:29
月間,202410,策定,本四連系線,2024/12/27,昼間帯,逆方向,-1200,-1200,0,0,0,0,-1200,熱容量,0,0,0,0,2024/10/18 17:01:29
月間,202410,策定,本四連系線,2024/12/27,夜間帯,順方向,1200,1200,0,0,0,0,1200,熱容量,0,0,0,0,2024/10/18 17:01:29
月間,202410,策定,本四連系線,2024/12/27,夜間帯,逆方向,-1200,-1200,0,0,0,0,-1200,熱容量,0,0,0,0,2024/10/18 17:01:29
月間,202411,策定,本四連系線,2024/12/27,昼間帯,順方向,880,880,0,0,0,0,880,周波数（作業）,0,0,0,0,2024/11/20 16:59:38
月間,202411,策定,本四連系線,2024/12/27,昼間帯,逆方向,-1200,-1200,0,0,0,0,-1200,熱容量（作業）,0,0,0,0,2024/11/20 16:59:38
月間,202411,策定,本四連系線,2024/12/27,夜間帯,順方向,1040,1040,0,0,0,0,1040,周波数（作業）,0,0,0,0,2024/11/20 16:59:38
月間,202411,策定,本四連系線,2024/12/27,夜間帯,逆方向,-1200,-1200,0,0,0,0,-1200,熱容量（作業）,0,0,0,0,2024/11/20 16:59:38
月間,202410,策定,本四連系線,2024/12/28,昼間帯,順方向,1200,1200,0,0,0,0,1200,熱容量,0,0,0,0,2024/10/18 17:01:29
月間,202410,策定,本四連系線,2024/12/28,昼間帯,逆方向,-1200,-1200,0,0,0,0,-1200,熱容量,0,0,0,0,2024/10/18 17:01:29
月間,202410,策定,本四連系線,2024/12/28,夜間帯,順方向,1200,1200,0,0,0,0,1200,熱容量,0,0,0,0,2024/10/18 17:01:29
月間,202410,策定,本四連系線,2024/12/28,夜間帯,逆方向,-1200,-1200,0,0,0,0,-1200,熱容量,0,0,0,0,2024/10/18 17:01:29
月間,202411,策定,本四連系線,2024/12/28,昼間帯,順方向,860,860,0,0,0,0,860,周波数（作業）,0,0,0,0,2024/11/20 16:59:38
月間,202411,策定,本四連系線,2024/12/28,昼間帯,逆方向,-1200,-1200,0,0,0,0,-1200,熱容量（作業）,0,0,0,0,2024/11/20 16:59:38
月間,202411,策定,本四連系線,2024/12/28,夜間帯,順方向,1030,1030,0,0,0,0,1030,周波数（作業）,0,0,0,0,2024/11/20 16:59:38
月間,202411,策定,本四連系線,2024/12/28,夜間帯,逆方向,-1200,-1200,0,0,0,0,-1200,熱容量（作業）,0,0,0,0,2024/11/20 16:59:38
月間,202410,策定,本四連系線,2024/12/29,昼間帯,順方向,1140,1140,0,0,0,0,1140,周波数（作業）,0,0,0,0,2024/10/18 17:01:29
月間,202410,策定,本四連系線,2024/12/29,昼間帯,逆方向,-1200,-1200,0,0,0,0,-1200,熱容量,0,0,0,0,2024/10/18 17:01:29
月間,202410,策定,本四連系線,2024/12/29,夜間帯,順方向,1200,1200,0,0,0,0,1200,熱容量,0,0,0,0,2024/10/18 17:01:29
月間,202410,策定,本四連系線,2024/12/29,夜間帯,逆方向,-1200,-1200,0,0,0,0,-1200,熱容量,0,0,0,0,2024/10/18 17:01:29
月間,202411,策定,本四連系線,2024/12/29,昼間帯,順方向,860,860,0,0,0,0,860,周波数（作業）,0,0,0,0,2024/11/20 16:59:38
月間,202411,策定,本四連系線,2024/12/29,昼間帯,逆方向,-1200,-1200,0,0,0,0,-1200,熱容量（作業）,0,0,0,0,2024/11/20 16:59:38
月間,202411,策定,本四連系線,2024/12/29,夜間帯,順方向,1040,1040,0,0,0,0,1040,周波数（作業）,0,0,0,0,2024/11/20 16:59:38
月間,202411,策定,本四連系線,2024/12/29,夜間帯,逆方向,-1200,-1200,0,0,0,0,-1200,熱容量（作業）,0,0,0,0,2024/11/20 16:59:38
月間,202410,策定,本四連系線,2024/12/30,昼間帯,順方向,1140,1140,0,0,0,0,1140,周波数（作業）,0,0,0,0,2024/10/18 17:01:29
月間,202410,策定,本四連系線,2024/12/30,昼間帯,逆方向,-1200,-1200,0,0,0,0,-1200,熱容量,0,0,0,0,2024/10/18 17:01:29
月間,202410,策定,本四連系線,2024/12/30,夜間帯,順方向,1200,1200,0,0,0,0,1200,熱容量,0,0,0,0,2024/10/18 17:01:29
月間,202410,策定,本四連系線,2024/12/30,夜間帯,逆方向,-1200,-1200,0,0,0,0,-1200,熱容量,0,0,0,0,2024/10/18 17:01:29
月間,202411,策定,本四連系線,2024/12/30,昼間帯,順方向,860,860,0,0,0,0,860,周波数（作業）,0,0,0,0,2024/11/20 16:59:38
月間,202411,策定,本四連系線,2024/12/30,昼間帯,逆方向,-1200,-1200,0,0,0,0,-1200,熱容量（作業）,0,0,0,0,2024/11/20 16:59:38
月間,202411,策定,本四連系線,2024/12/30,夜間帯,順方向,1040,1040,0,0,0,0,1040,周波数（作業）,0,0,0,0,2024/11/20 16:59:38
月間,202411,策定,本四連系線,2024/12/30,夜間帯,逆方向,-1200,-1200,0,0,0,0,-1200,熱容量（作業）,0,0,0,0,2024/11/20 16:59:38
月間,202410,策定,本四連系線,2024/12/31,昼間帯,順方向,1140,1140,0,0,0,0,1140,周波数（作業）,0,0,0,0,2024/10/18 17:01:29
月間,202410,策定,本四連系線,2024/12/31,昼間帯,逆方向,-1200,-1200,0,0,0,0,-1200,熱容量,0,0,0,0,2024/10/18 17:01:29
月間,202410,策定,本四連系線,2024/12/31,夜間帯,順方向,1200,1200,0,0,0,0,1200,熱容量,0,0,0,0,2024/10/18 17:01:29
月間,202410,策定,本四連系線,2024/12/31,夜間帯,逆方向,-1200,-1200,0,0,0,0,-1200,熱容量,0,0,0,0,2024/10/18 17:01:29
月間,202411,策定,本四連系線,2024/12/31,昼間帯,順方向,860,860,0,0,0,0,860,周波数（作業）,0,0,0,0,2024/11/20 16:59:38
月間,202411,策定,本四連系線,2024/12/31,昼間帯,逆方向,-1200,-1200,0,0,0,0,-1200,熱容量（作業）,0,0,0,0,2024/11/20 16:59:38
月間,202411,策定,本四連系線,2024/12/31,夜間帯,順方向,1040,1040,0,0,0,0,1040,周波数（作業）,0,0,0,0,2024/11/20 16:59:38
月間,202411,策定,本四連系線,2024/12/31,夜間帯,逆方向,-1200,-1200,0,0,0,0,-1200,熱容量（作業）,0,0,0,0,2024/11/20 16:59:38
月間,202409,策定,関門連系線,2024/11/01,昼間帯,順方向,130,130,0,0,0,0,130,周波数,0,0,0,0,2024/09/20 17:01:43
月間,202409,策定,関門連系線,2024/11/01,昼間帯,逆方向,-2160,-2160,0,0,0,0,-2160,周波数,0,0,0,0,2024/09/20 17:01:43
月間,202409,策定,関門連系線,2024/11/01,夜間帯,順方向,380,380,0,0,0,0,380,周波数,0,0,0,0,2024/09/20 17:01:43
月間,202409,策定,関門連系線,2024/11/01,夜間帯,逆方向,-1900,-1900,0,0,0,0,-1900,周波数,0,0,0,0,2024/09/20 17:01:43
月間,202409,策定,関門連系線,2024/11/02,昼間帯,順方向,60,60,0,0,0,0,60,周波数,0,0,0,0,2024/09/20 17:01:43
月間,202409,策定,関門連系線,2024/11/02,昼間帯,逆方向,-1840,-1840,0,0,0,0,-1840,周波数,0,0,0,0,2024/09/20 17:01:43
月間,202409,策定,関門連系線,2024/11/02,夜間帯,順方向,340,340,0,0,0,0,340,周波数,0,0,0,0,2024/09/20 17:01:43
月間,202409,策定,関門連系線,2024/11/02,夜間帯,逆方向,-1650,-1650,0,0,0,0,-1650,周波数,0,0,0,0,2024/09/20 17:01:43
月間,202410,策定,関門連系線,2024/11/02,昼間帯,順方向,60,60,0,0,0,0,60,周波数,0,0,0,0,2024/10/18 17:01:29
月間,202410,策定,関門連系線,2024/11/02,昼間帯,逆方向,-1840,-1840,0,0,0,0,-1840,周波数,0,0,0,0,2024/10/18 17:01:29
月間,202410,策定,関門連系線,2024/11/02,夜間帯,順方向,340,340,0,0,0,0,340,周波数,0,0,0,0,2024/10/18 17:01:29
月間,202410,策定,関門連系線,2024/11/02,夜間帯,逆方向,-1650,-1650,0,0,0,0,-1650,周波数,0,0,0,0,2024/10/18 17:01:29
月間,202409,策定,関門連系線,2024/11/03,昼間帯,順方向,60,60,0,0,0,0,60,周波数,0,0,0,0,2024/09/20 17:01:43
月間,202409,策定,関門連系線,2024/11/03,昼間帯,逆方向,-1840,-1840,0,0,0,0,-1840,周波数,0,0,0,0,2024/09/20 17:01:43
月間,202409,策定,関門連系線,2024/11/03,夜間帯,順方向,340,340,0,0,0,0,340,周波数,0,0,0,0,2024/09/20 17:01:43
月間,202409,策定,関門連系線,2024/11/03,夜間帯,逆方向,-1650,-1650,0,0,0,0,-1650,周波数,0,0,0,0,2024/09/20 17:01:43
月間,202410,策定,関門連系線,2024/11/03,昼間帯,順方向,60,60,0,0,0,0,60,周波数,0,0,0,0,2024/10/18 17:01:29
月間,202410,策定,関門連系線,2024/11/03,昼間帯,逆方向,-1840,-1840,0,0,0,0,-1840,周波数,0,0,0,0,2024/10/18 17:01:29
月間,202410,策定,関門連系線,2024/11/03,夜間帯,順方向,340,340,0,0,0,0,340,周波数,0,0,0,0,2024/10/18 17:01:29
月間,202410,策定,関門連系線,2024/11/03,夜間帯,逆方向,-1650,-1650,0,0,0,0,-1650,周波数,0,0,0,0,2024/10/18 17:01:29
月間,202409,策定,関門連系線,2024/11/04,昼間帯,順方向,60,60,0,0,0,0,60,周波数,0,0,0,0,2024/09/20 17:01:43
月間,202409,策定,関門連系線,2024/11/04,昼間帯,逆方向,-1840,-1840,0,0,0,0,-1840,周波数,0,0,0,0,2024/09/20 17:01:43
月間,202409,策定,関門連系線,2024/11/04,夜間帯,順方向,340,340,0,0,0,0,340,周波数,0,0,0,0,2024/09/20 17:01:43
月間,202409,策定,関門連系線,2024/11/04,夜間帯,逆方向,-1650,-1650,0,0,0,0,-1650,周波数,0,0,0,0,2024/09/20 17:01:43
月間,202410,策定,関門連系線,2024/11/04,昼間帯,順方向,60,60,0,0,0,0,60,周波数,0,0,0,0,2024/10/18 17:01:29
月間,202410,策定,関門連系線,2024/11/04,昼間帯,逆方向,-1840,-1840,0,0,0,0,-1840,周波数,0,0,0,0,2024/10/18 17:01:29
月間,202410,策定,関門連系線,2024/11/04,夜間帯,順方向,340,340,0,0,0,0,340,周波数,0,0,0,0,2024/10/18 17:01:29
月間,202410,策定,関門連系線,2024/11/04,夜間帯,逆方向,-1650,-1650,0,0,0,0,-1650,周波数,0,0,0,0,2024/10/18 17:01:29
月間,202409,策定,関門連系線,2024/11/05,昼間帯,順方向,130,130,0,0,0,0,130,周波数,0,0,0,0,2024/09/20 17:01:43
月間,202409,策定,関門連系線,2024/11/05,昼間帯,逆方向,-2160,-2160,0,0,0,0,-2160,周波数,0,0,0,0,2024/09/20 17:01:43
月間,202409,策定,関門連系線,2024/11/05,夜間帯,順方向,340,340,0,0,0,0,340,周波数,0,0,0,0,2024/09/20 17:01:43
月間,202409,策定,関門連系線,2024/11/05,夜間帯,逆方向,-1650,-1650,0,0,0,0,-1650,周波数,0,0,0,0,2024/09/20 17:01:43
月間,202410,策定,関門連系線,2024/11/05,昼間帯,順方向,130,130,0,0,0,0,130,周波数,0,0,0,0,2024/10/18 17:01:29
月間,202410,策定,関門連系線,2024/11/05,昼間帯,逆方向,-2160,-2160,0,0,0,0,-2160,周波数,0,0,0,0,2024/10/18 17:01:29
月間,202410,策定,関門連系線,2024/11/05,夜間帯,順方向,340,340,0,0,0,0,340,周波数,0,0,0,0,2024/10/18 17:01:29
月間,202410,策定,関門連系線,2024/11/05,夜間帯,逆方向,-1650,-1650,0,0,0,0,-1650,周波数,0,0,0,0,2024/10/18 17:01:29
月間,202409,策定,関門連系線,2024/11/06,昼間帯,順方向,130,130,0,0,0,0,130,周波数,0,0,0,0,2024/09/20 17:01:43
月間,202409,策定,関門連系線,2024/11/06,昼間帯,逆方向,-2160,-2160,0,0,0,0,-2160,周波数,0,0,0,0,2024/09/20 17:01:43
月間,202409,策定,関門連系線,2024/11/06,夜間帯,順方向,380,380,0,0,0,0,380,周波数,0,0,0,0,2024/09/20 17:01:43
月間,202409,策定,関門連系線,2024/11/06,夜間帯,逆方向,-1900,-1900,0,0,0,0,-1900,周波数,0,0,0,0,2024/09/20 17:01:43
月間,202410,策定,関門連系線,2024/11/06,昼間帯,順方向,130,130,0,0,0,0,130,周波数,0,0,0,0,2024/10/18 17:01:29
月間,202410,策定,関門連系線,2024/11/06,昼間帯,逆方向,-2160,-2160,0,0,0,0,-2160,周波数,0,0,0,0,2024/10/18 17:01:29
月間,202410,策定,関門連系線,2024/11/06,夜間帯,順方向,380,380,0,0,0,0,380,周波数,0,0,0,0,2024/10/18 17:01:29
月間,202410,策定,関門連系線,2024/11/06,夜間帯,逆方向,-1900,-1900,0,0,0,0,-1900,周波数,0,0,0,0,2024/10/18 17:01:29
月間,202409,策定,関門連系線,2024/11/07,昼間帯,順方向,130,130,0,0,0,0,130,周波数,0,0,0,0,2024/09/20 17:01:43
月間,202409,策定,関門連系線,2024/11/07,昼間帯,逆方向,-2160,-2160,0,0,0,0,-2160,周波数,0,0,0,0,2024/09/20 17:01:43
月間,202409,策定,関門連系線,2024/11/07,夜間帯,順方向,380,380,0,0,0,0,380,周波数,0,0,0,0,2024/09/20 17:01:43
月間,202409,策定,関門連系線,2024/11/07,夜間帯,逆方向,-1900,-1900,0,0,0,0,-1900,周波数,0,0,0,0,2024/09/20 17:01:43
月間,202410,策定,関門連系線,2024/11/07,昼間帯,順方向,130,130,0,0,0,0,130,周波数,0,0,0,0,2024/10/18 17:01:29
月間,202410,策定,関門連系線,2024/11/07,昼間帯,逆方向,-2160,-2160,0,0,0,0,-2160,周波数,0,0,0,0,2024/10/18 17:01:29
月間,202410,策定,関門連系線,2024/11/07,夜間帯,順方向,380,380,0,0,0,0,380,周波数,0,0,0,0,2024/10/18 17:01:29
月間,202410,策定,関門連系線,2024/11/07,夜間帯,逆方向,-1900,-1900,0,0,0,0,-1900,周波数,0,0,0,0,2024/10/18 17:01:29
月間,202409,策定,関門連系線,2024/11/08,昼間帯,順方向,130,130,0,0,0,0,130,周波数,0,0,0,0,2024/09/20 17:01:43
月間,202409,策定,関門連系線,2024/11/08,昼間帯,逆方向,-2160,-2160,0,0,0,0,-2160,周波数,0,0,0,0,2024/09/20 17:01:43
月間,202409,策定,関門連系線,2024/11/08,夜間帯,順方向,380,380,0,0,0,0,380,周波数,0,0,0,0,2024/09/20 17:01:43
月間,202409,策定,関門連系線,2024/11/08,夜間帯,逆方向,-1900,-1900,0,0,0,0,-1900,周波数,0,0,0,0,2024/09/20 17:01:43
月間,202410,策定,関門連系線,2024/11/08,昼間帯,順方向,130,130,0,0,0,0,130,周波数,0,0,0,0,2024/10/18 17:01:29
月間,202410,策定,関門連系線,2024/11/08,昼間帯,逆方向,-2160,-2160,0,0,0,0,-2160,周波数,0,0,0,0,2024/10/18 17:01:29
月間,202410,策定,関門連系線,2024/11/08,夜間帯,順方向,380,380,0,0,0,0,380,周波数,0,0,0,0,2024/10/18 17:01:29
月間,202410,策定,関門連系線,2024/11/08,夜間帯,逆方向,-1900,-1900,0,0,0,0,-1900,周波数,0,0,0,0,2024/10/18 17:01:29
月間,202409,策定,関門連系線,2024/11/09,昼間帯,順方向,60,60,0,0,0,0,60,周波数,0,0,0,0,2024/09/20 17:01:43
月間,202409,策定,関門連系線,2024/11/09,昼間帯,逆方向,-1840,-1840,0,0,0,0,-1840,周波数,0,0,0,0,2024/09/20 17:01:43
月間,202409,策定,関門連系線,2024/11/09,夜間帯,順方向,340,340,0,0,0,0,340,周波数,0,0,0,0,2024/09/20 17:01:43
月間,202409,策定,関門連系線,2024/11/09,夜間帯,逆方向,-1650,-1650,0,0,0,0,-1650,周波数,0,0,0,0,2024/09/20 17:01:43
月間,202410,策定,関門連系線,2024/11/09,昼間帯,順方向,60,60,0,0,0,0,60,周波数,0,0,0,0,2024/10/18 17:01:29
月間,202410,策定,関門連系線,2024/11/09,昼間帯,逆方向,-1840,-1840,0,0,0,0,-1840,周波数,0,0,0,0,2024/10/18 17:01:29
月間,202410,策定,関門連系線,2024/11/09,夜間帯,順方向,340,340,0,0,0,0,340,周波数,0,0,0,0,2024/10/18 17:01:29
月間,202410,策定,関門連系線,2024/11/09,夜間帯,逆方向,-1650,-1650,0,0,0,0,-1650,周波数,0,0,0,0,2024/10/18 17:01:29
月間,202409,策定,関門連系線,2024/11/10,昼間帯,順方向,60,60,0,0,0,0,60,周波数,0,0,0,0,2024/09/20 17:01:43
月間,202409,策定,関門連系線,2024/11/10,昼間帯,逆方向,-1840,-1840,0,0,0,0,-1840,周波数,0,0,0,0,2024/09/20 17:01:43
月間,202409,策定,関門連系線,2024/11/10,夜間帯,順方向,340,340,0,0,0,0,340,周波数,0,0,0,0,2024/09/20 17:01:43
月間,202409,策定,関門連系線,2024/11/10,夜間帯,逆方向,-1650,-1650,0,0,0,0,-1650,周波数,0,0,0,0,2024/09/20 17:01:43
月間,202410,策定,関門連系線,2024/11/10,昼間帯,順方向,60,60,0,0,0,0,60,周波数,0,0,0,0,2024/10/18 17:01:29
月間,202410,策定,関門連系線,2024/11/10,昼間帯,逆方向,-1840,-1840,0,0,0,0,-1840,周波数,0,0,0,0,2024/10/18 17:01:29
月間,202410,策定,関門連系線,2024/11/10,夜間帯,順方向,340,340,0,0,0,0,340,周波数,0,0,0,0,2024/10/18 17:01:29
月間,202410,策定,関門連系線,2024/11/10,夜間帯,逆方向,-1650,-1650,0,0,0,0,-1650,周波数,0,0,0,0,2024/10/18 17:01:29
月間,202409,策定,関門連系線,2024/11/11,昼間帯,順方向,130,130,0,0,0,0,130,周波数,0,0,0,0,2024/09/20 17:01:43
月間,202409,策定,関門連系線,2024/11/11,昼間帯,逆方向,-2160,-2160,0,0,0,0,-2160,周波数,0,0,0,0,2024/09/20 17:01:43
月間,202409,策定,関門連系線,2024/11/11,夜間帯,順方向,340,340,0,0,0,0,340,周波数,0,0,0,0,2024/09/20 17:01:43
月間,202409,策定,関門連系線,2024/11/11,夜間帯,逆方向,-1650,-1650,0,0,0,0,-1650,周波数,0,0,0,0,2024/09/20 17:01:43
月間,202410,策定,関門連系線,2024/11/11,昼間帯,順方向,130,130,0,0,0,0,130,周波数,0,0,0,0,2024/10/18 17:01:29
月間,202410,策定,関門連系線,2024/11/11,昼間帯,逆方向,-2160,-2160,0,0,0,0,-2160,周波数,0,0,0,0,2024/10/18 17:01:29
月間,202410,策定,関門連系線,2024/11/11,夜間帯,順方向,340,340,0,0,0,0,340,周波数,0,0,0,0,2024/10/18 17:01:29
月間,202410,策定,関門連系線,2024/11/11,夜間帯,逆方向,-1650,-1650,0,0,0,0,-1650,周波数,0,0,0,0,2024/10/18 17:01:29
月間,202409,策定,関門連系線,2024/11/12,昼間帯,順方向,130,130,0,0,0,0,130,周波数,0,0,0,0,2024/09/20 17:01:43
月間,202409,策定,関門連系線,2024/11/12,昼間帯,逆方向,-2160,-2160,0,0,0,0,-2160,周波数,0,0,0,0,2024/09/20 17:01:43
月間,202409,策定,関門連系線,2024/11/12,夜間帯,順方向,380,380,0,0,0,0,380,周波数,0,0,0,0,2024/09/20 17:01:43
月間,202409,策定,関門連系線,2024/11/12,夜間帯,逆方向,-1900,-1900,0,0,0,0,-1900,周波数,0,0,0,0,2024/09/20 17:01:43
月間,202410,策定,関門連系線,2024/11/12,昼間帯,順方向,130,130,0,0,0,0,130,周波数,0,0,0,0,2024/10/18 17:01:29
月間,202410,策定,関門連系線,2024/11/12,昼間帯,逆方向,-2160,-2160,0,0,0,0,-2160,周波数,0,0,0,0,2024/10/18 17:01:29
月間,202410,策定,関門連系線,2024/11/12,夜間帯,順方向,380,380,0,0,0,0,380,周波数,0,0,0,0,2024/10/18 17:01:29
月間,202410,策定,関門連系線,2024/11/12,夜間帯,逆方向,-1900,-1900,0,0,0,0,-1900,周波数,0,0,0,0,2024/10/18 17:01:29
月間,202409,策定,関門連系線,2024/11/13,昼間帯,順方向,130,130,0,0,0,0,130,周波数,0,0,0,0,2024/09/20 17:01:43
月間,202409,策定,関門連系線,2024/11/13,昼間帯,逆方向,-2160,-2160,0,0,0,0,-2160,周波数,0,0,0,0,2024/09/20 17:01:43
月間,202409,策定,関門連系線,2024/11/13,夜間帯,順方向,380,380,0,0,0,0,380,周波数,0,0,0,0,2024/09/20 17:01:43
月間,202409,策定,関門連系線,2024/11/13,夜間帯,逆方向,-1900,-1900,0,0,0,0,-1900,周波数,0,0,0,0,2024/09/20 17:01:43
月間,202410,策定,関門連系線,2024/11/13,昼間帯,順方向,130,130,0,0,0,0,130,周波数,0,0,0,0,2024/10/18 17:01:29
月間,202410,策定,関門連系線,2024/11/13,昼間帯,逆方向,-2160,-2160,0,0,0,0,-2160,周波数,0,0,0,0,2024/10/18 17:01:29
月間,202410,策定,関門連系線,2024/11/13,夜間帯,順方向,380,380,0,0,0,0,380,周波数,0,0,0,0,2024/10/18 17:01:29
月間,202410,策定,関門連系線,2024/11/13,夜間帯,逆方向,-1900,-1900,0,0,0,0,-1900,周波数,0,0,0,0,2024/10/18 17:01:29
月間,202409,策定,関門連系線,2024/11/14,昼間帯,順方向,130,130,0,0,0,0,130,周波数,0,0,0,0,2024/09/20 17:01:43
月間,202409,策定,関門連系線,2024/11/14,昼間帯,逆方向,-2160,-2160,0,0,0,0,-2160,周波数,0,0,0,0,2024/09/20 17:01:43
月間,202409,策定,関門連系線,2024/11/14,夜間帯,順方向,380,380,0,0,0,0,380,周波数,0,0,0,0,2024/09/20 17:01:43
月間,202409,策定,関門連系線,2024/11/14,夜間帯,逆方向,-1900,-1900,0,0,0,0,-1900,周波数,0,0,0,0,2024/09/20 17:01:43
月間,202410,策定,関門連系線,2024/11/14,昼間帯,順方向,130,130,0,0,0,0,130,周波数,0,0,0,0,2024/10/18 17:01:29
月間,202410,策定,関門連系線,2024/11/14,昼間帯,逆方向,-2160,-2160,0,0,0,0,-2160,周波数,0,0,0,0,2024/10/18 17:01:29
月間,202410,策定,関門連系線,2024/11/14,夜間帯,順方向,380,380,0,0,0,0,380,周波数,0,0,0,0,2024/10/18 17:01:29
月間,202410,策定,関門連系線,2024/11/14,夜間帯,逆方向,-1900,-1900,0,0,0,0,-1900,周波数,0,0,0,0,2024/10/18 17:01:29
月間,202409,策定,関門連系線,2024/11/15,昼間帯,順方向,130,130,0,0,0,0,130,周波数,0,0,0,0,2024/09/20 17:01:43
月間,202409,策定,関門連系線,2024/11/15,昼間帯,逆方向,-2160,-2160,0,0,0,0,-2160,周波数,0,0,0,0,2024/09/20 17:01:43
月間,202409,策定,関門連系線,2024/11/15,夜間帯,順方向,380,380,0,0,0,0,380,周波数,0,0,0,0,2024/09/20 17:01:43
月間,202409,策定,関門連系線,2024/11/15,夜間帯,逆方向,-1900,-1900,0,0,0,0,-1900,周波数,0,0,0,0,2024/09/20 17:01:43
月間,202410,策定,関門連系線,2024/11/15,昼間帯,順方向,130,130,0,0,0,0,130,周波数,0,0,0,0,2024/10/18 17:01:29
月間,202410,策定,関門連系線,2024/11/15,昼間帯,逆方向,-2160,-2160,0,0,0,0,-2160,周波数,0,0,0,0,2024/10/18 17:01:29
月間,202410,策定,関門連系線,2024/11/15,夜間帯,順方向,380,380,0,0,0,0,380,周波数,0,0,0,0,2024/10/18 17:01:29
月間,202410,策定,関門連系線,2024/11/15,夜間帯,逆方向,-1900,-1900,0,0,0,0,-1900,周波数,0,0,0,0,2024/10/18 17:01:29
月間,202409,策定,関門連系線,2024/11/16,昼間帯,順方向,80,80,0,0,0,0,80,周波数,0,0,0,0,2024/09/20 17:01:43
月間,202409,策定,関門連系線,2024/11/16,昼間帯,逆方向,-1880,-1880,0,0,0,0,-1880,周波数,0,0,0,0,2024/09/20 17:01:43
月間,202409,策定,関門連系線,2024/11/16,夜間帯,順方向,360,360,0,0,0,0,360,周波数,0,0,0,0,2024/09/20 17:01:43
月間,202409,策定,関門連系線,2024/11/16,夜間帯,逆方向,-1710,-1710,0,0,0,0,-1710,周波数,0,0,0,0,2024/09/20 17:01:43
月間,202410,策定,関門連系線,2024/11/16,昼間帯,順方向,80,80,0,0,0,0,80,周波数,0,0,0,0,2024/10/18 17:01:29
月間,202410,策定,関門連系線,2024/11/16,昼間帯,逆方向,-1880,-1880,0,0,0,0,-1880,周波数,0,0,0,0,2024/10/18 17:01:29
月間,202410,策定,関門連系線,2024/11/16,夜間帯,順方向,360,360,0,0,0,0,360,周波数,0,0,0,0,2024/10/18 17:01:29
月間,202410,策定,関門連系線,2024/11/16,夜間帯,逆方向,-1710,-1710,0,0,0,0,-1710,周波数,0,0,0,0,2024/10/18 17:01:29
月間,202409,策定,関門連系線,2024/11/17,昼間帯,順方向,80,80,0,0,0,0,80,周波数,0,0,0,0,2024/09/20 17:01:43
月間,202409,策定,関門連系線,2024/11/17,昼間帯,逆方向,-1880,-1880,0,0,0,0,-1880,周波数,0,0,0,0,2024/09/20 17:01:43
月間,202409,策定,関門連系線,2024/11/17,夜間帯,順方向,360,360,0,0,0,0,360,周波数,0,0,0,0,2024/09/20 17:01:43
月間,202409,策定,関門連系線,2024/11/17,夜間帯,逆方向,-1710,-1710,0,0,0,0,-1710,周波数,0,0,0,0,2024/09/20 17:01:43
月間,202410,策定,関門連系線,2024/11/17,昼間帯,順方向,80,80,0,0,0,0,80,周波数,0,0,0,0,2024/10/18 17:01:29
月間,202410,策定,関門連系線,2024/11/17,昼間帯,逆方向,-1880,-1880,0,0,0,0,-1880,周波数,0,0,0,0,2024/10/18 17:01:29
月間,202410,策定,関門連系線,2024/11/17,夜間帯,順方向,360,360,0,0,0,0,360,周波数,0,0,0,0,2024/10/18 17:01:29
月間,202410,策定,関門連系線,2024/11/17,夜間帯,逆方向,-1710,-1710,0,0,0,0,-1710,周波数,0,0,0,0,2024/10/18 17:01:29
月間,202409,策定,関門連系線,2024/11/18,昼間帯,順方向,130,130,0,0,0,0,130,周波数,0,0,0,0,2024/09/20 17:01:43
月間,202409,策定,関門連系線,2024/11/18,昼間帯,逆方向,-2210,-2210,0,0,0,0,-2210,周波数,0,0,0,0,2024/09/20 17:01:43
月間,202409,策定,関門連系線,2024/11/18,夜間帯,順方向,360,360,0,0,0,0,360,周波数,0,0,0,0,2024/09/20 17:01:43
月間,202409,策定,関門連系線,2024/11/18,夜間帯,逆方向,-1710,-1710,0,0,0,0,-1710,周波数,0,0,0,0,2024/09/20 17:01:43
月間,202410,策定,関門連系線,2024/11/18,昼間帯,順方向,130,130,0,0,0,0,130,周波数,0,0,0,0,2024/10/18 17:01:29
月間,202410,策定,関門連系線,2024/11/18,昼間帯,逆方向,-2210,-2210,0,0,0,0,-2210,周波数,0,0,0,0,2024/10/18 17:01:29
月間,202410,策定,関門連系線,2024/11/18,夜間帯,順方向,360,360,0,0,0,0,360,周波数,0,0,0,0,2024/10/18 17:01:29
月間,202410,策定,関門連系線,2024/11/18,夜間帯,逆方向,-1710,-1710,0,0,0,0,-1710,周波数,0,0,0,0,2024/10/18 17:01:29
月間,202409,策定,関門連系線,2024/11/19,昼間帯,順方向,130,130,0,0,0,0,130,周波数,0,0,0,0,2024/09/20 17:01:43
月間,202409,策定,関門連系線,2024/11/19,昼間帯,逆方向,-2210,-2210,0,0,0,0,-2210,周波数,0,0,0,0,2024/09/20 17:01:43
月間,202409,策定,関門連系線,2024/11/19,夜間帯,順方向,390,390,0,0,0,0,390,周波数,0,0,0,0,2024/09/20 17:01:43
月間,202409,策定,関門連系線,2024/11/19,夜間帯,逆方向,-1910,-1910,0,0,0,0,-1910,周波数,0,0,0,0,2024/09/20 17:01:43
月間,202410,策定,関門連系線,2024/11/19,昼間帯,順方向,130,130,0,0,0,0,130,周波数,0,0,0,0,2024/10/18 17:01:29
月間,202410,策定,関門連系線,2024/11/19,昼間帯,逆方向,-2210,-2210,0,0,0,0,-2210,周波数,0,0,0,0,2024/10/18 17:01:29
月間,202410,策定,関門連系線,2024/11/19,夜間帯,順方向,390,390,0,0,0,0,390,周波数,0,0,0,0,2024/10/18 17:01:29
月間,202410,策定,関門連系線,2024/11/19,夜間帯,逆方向,-1910,-1910,0,0,0,0,-1910,周波数,0,0,0,0,2024/10/18 17:01:29
月間,202409,策定,関門連系線,2024/11/20,昼間帯,順方向,130,130,0,0,0,0,130,周波数,0,0,0,0,2024/09/20 17:01:43
月間,202409,策定,関門連系線,2024/11/20,昼間帯,逆方向,-2210,-2210,0,0,0,0,-2210,周波数,0,0,0,0,2024/09/20 17:01:43
月間,202409,策定,関門連系線,2024/11/20,夜間帯,順方向,390,390,0,0,0,0,390,周波数,0,0,0,0,2024/09/20 17:01:43
月間,202409,策定,関門連系線,2024/11/20,夜間帯,逆方向,-1910,-1910,0,0,0,0,-1910,周波数,0,0,0,0,2024/09/20 17:01:43
月間,202410,策定,関門連系線,2024/11/20,昼間帯,順方向,130,130,0,0,0,0,130,周波数,0,0,0,0,2024/10/18 17:01:29
月間,202410,策定,関門連系線,2024/11/20,昼間帯,逆方向,-2210,-2210,0,0,0,0,-2210,周波数,0,0,0,0,2024/10/18 17:01:29
月間,202410,策定,関門連系線,2024/11/20,夜間帯,順方向,390,390,0,0,0,0,390,周波数,0,0,0,0,2024/10/18 17:01:29
月間,202410,策定,関門連系線,2024/11/20,夜間帯,逆方向,-1910,-1910,0,0,0,0,-1910,周波数,0,0,0,0,2024/10/18 17:01:29
月間,202409,策定,関門連系線,2024/11/21,昼間帯,順方向,130,130,0,0,0,0,130,周波数,0,0,0,0,2024/09/20 17:01:43
月間,202409,策定,関門連系線,2024/11/21,昼間帯,逆方向,-2210,-2210,0,0,0,0,-2210,周波数,0,0,0,0,2024/09/20 17:01:43
月間,202409,策定,関門連系線,2024/11/21,夜間帯,順方向,390,390,0,0,0,0,390,周波数,0,0,0,0,2024/09/20 17:01:43
月間,202409,策定,関門連系線,2024/11/21,夜間帯,逆方向,-1910,-1910,0,0,0,0,-1910,周波数,0,0,0,0,2024/09/20 17:01:43
月間,202410,策定,関門連系線,2024/11/21,昼間帯,順方向,130,130,0,0,0,0,130,周波数,0,0,0,0,2024/10/18 17:01:29
月間,202410,策定,関門連系線,2024/11/21,昼間帯,逆方向,-2210,-2210,0,0,0,0,-2210,周波数,0,0,0,0,2024/10/18 17:01:29
月間,202410,策定,関門連系線,2024/11/21,夜間帯,順方向,390,390,0,0,0,0,390,周波数,0,0,0,0,2024/10/18 17:01:29
月間,202410,策定,関門連系線,2024/11/21,夜間帯,逆方向,-1910,-1910,0,0,0,0,-1910,周波数,0,0,0,0,2024/10/18 17:01:29
月間,202409,策定,関門連系線,2024/11/22,昼間帯,順方向,130,130,0,0,0,0,130,周波数,0,0,0,0,2024/09/20 17:01:43
月間,202409,策定,関門連系線,2024/11/22,昼間帯,逆方向,-2210,-2210,0,0,0,0,-2210,周波数,0,0,0,0,2024/09/20 17:01:43
月間,202409,策定,関門連系線,2024/11/22,夜間帯,順方向,390,390,0,0,0,0,390,周波数,0,0,0,0,2024/09/20 17:01:43
月間,202409,策定,関門連系線,2024/11/22,夜間帯,逆方向,-1910,-1910,0,0,0,0,-1910,周波数,0,0,0,0,2024/09/20 17:01:43
月間,202410,策定,関門連系線,2024/11/22,昼間帯,順方向,130,130,0,0,0,0,130,周波数,0,0,0,0,2024/10/18 17:01:29
月間,202410,策定,関門連系線,2024/11/22,昼間帯,逆方向,-2210,-2210,0,0,0,0,-2210,周波数,0,0,0,0,2024/10/18 17:01:29
月間,202410,策定,関門連系線,2024/11/22,夜間帯,順方向,390,390,0,0,0,0,390,周波数,0,0,0,0,2024/10/18 17:01:29
月間,202410,策定,関門連系線,2024/11/22,夜間帯,逆方向,-1910,-1910,0,0,0,0,-1910,周波数,0,0,0,0,2024/10/18 17:01:29
月間,202409,策定,関門連系線,2024/11/23,昼間帯,順方向,80,80,0,0,0,0,80,周波数,0,0,0,0,2024/09/20 17:01:43
月間,202409,策定,関門連系線,2024/11/23,昼間帯,逆方向,-1880,-1880,0,0,0,0,-1880,周波数,0,0,0,0,2024/09/20 17:01:43
月間,202409,策定,関門連系線,2024/11/23,夜間帯,順方向,360,360,0,0,0,0,360,周波数,0,0,0,0,2024/09/20 17:01:43
月間,202409,策定,関門連系線,2024/11/23,夜間帯,逆方向,-1710,-1710,0,0,0,0,-1710,周波数,0,0,0,0,2024/09/20 17:01:43
月間,202410,策定,関門連系線,2024/11/23,昼間帯,順方向,80,80,0,0,0,0,80,周波数,0,0,0,0,2024/10/18 17:01:29
月間,202410,策定,関門連系線,2024/11/23,昼間帯,逆方向,-1880,-1880,0,0,0,0,-1880,周波数,0,0,0,0,2024/10/18 17:01:29
月間,202410,策定,関門連系線,2024/11/23,夜間帯,順方向,360,360,0,0,0,0,360,周波数,0,0,0,0,2024/10/18 17:01:29
月間,202410,策定,関門連系線,2024/11/23,夜間帯,逆方向,-1710,-1710,0,0,0,0,-1710,周波数,0,0,0,0,2024/10/18 17:01:29
月間,202409,策定,関門連系線,2024/11/24,昼間帯,順方向,80,80,0,0,0,0,80,周波数,0,0,0,0,2024/09/20 17:01:43
月間,202409,策定,関門連系線,2024/11/24,昼間帯,逆方向,-1880,-1880,0,0,0,0,-1880,周波数,0,0,0,0,2024/09/20 17:01:43
月間,202409,策定,関門連系線,2024/11/24,夜間帯,順方向,360,360,0,0,0,0,360,周波数,0,0,0,0,2024/09/20 17:01:43
月間,202409,策定,関門連系線,2024/11/24,夜間帯,逆方向,-1710,-1710,0,0,0,0,-1710,周波数,0,0,0,0,2024/09/20 17:01:43
月間,202410,策定,関門連系線,2024/11/24,昼間帯,順方向,80,80,0,0,0,0,80,周波数,0,0,0,0,2024/10/18 17:01:29
月間,202410,策定,関門連系線,2024/11/24,昼間帯,逆方向,-1880,-1880,0,0,0,0,-1880,周波数,0,0,0,0,2024/10/18 17:01:29
月間,202410,策定,関門連系線,2024/11/24,夜間帯,順方向,360,360,0,0,0,0,360,周波数,0,0,0,0,2024/10/18 17:01:29
月間,202410,策定,関門連系線,2024/11/24,夜間帯,逆方向,-1710,-1710,0,0,0,0,-1710,周波数,0,0,0,0,2024/10/18 17:01:29
月間,202409,策定,関門連系線,2024/11/25,昼間帯,順方向,130,130,0,0,0,0,130,周波数,0,0,0,0,2024/09/20 17:01:43
月間,202409,策定,関門連系線,2024/11/25,昼間帯,逆方向,-2210,-2210,0,0,0,0,-2210,周波数,0,0,0,0,2024/09/20 17:01:43
月間,202409,策定,関門連系線,2024/11/25,夜間帯,順方向,360,360,0,0,0,0,360,周波数,0,0,0,0,2024/09/20 17:01:43
月間,202409,策定,関門連系線,2024/11/25,夜間帯,逆方向,-1710,-1710,0,0,0,0,-1710,周波数,0,0,0,0,2024/09/20 17:01:43
月間,202410,策定,関門連系線,2024/11/25,昼間帯,順方向,130,130,0,0,0,0,130,周波数,0,0,0,0,2024/10/18 17:01:29
月間,202410,策定,関門連系線,2024/11/25,昼間帯,逆方向,-2210,-2210,0,0,0,0,-2210,周波数,0,0,0,0,2024/10/18 17:01:29
月間,202410,策定,関門連系線,2024/11/25,夜間帯,順方向,360,360,0,0,0,0,360,周波数,0,0,0,0,2024/10/18 17:01:29
月間,202410,策定,関門連系線,2024/11/25,夜間帯,逆方向,-1710,-1710,0,0,0,0,-1710,周波数,0,0,0,0,2024/10/18 17:01:29
月間,202409,策定,関門連系線,2024/11/26,昼間帯,順方向,130,130,0,0,0,0,130,周波数,0,0,0,0,2024/09/20 17:01:43
月間,202409,策定,関門連系線,2024/11/26,昼間帯,逆方向,-2210,-2210,0,0,0,0,-2210,周波数,0,0,0,0,2024/09/20 17:01:43
月間,202409,策定,関門連系線,2024/11/26,夜間帯,順方向,390,390,0,0,0,0,390,周波数,0,0,0,0,2024/09/20 17:01:43
月間,202409,策定,関門連系線,2024/11/26,夜間帯,逆方向,-1910,-1910,0,0,0,0,-1910,周波数,0,0,0,0,2024/09/20 17:01:43
月間,202410,策定,関門連系線,2024/11/26,昼間帯,順方向,130,130,0,0,0,0,130,周波数,0,0,0,0,2024/10/18 17:01:29
月間,202410,策定,関門連系線,2024/11/26,昼間帯,逆方向,-2210,-2210,0,0,0,0,-2210,周波数,0,0,0,0,2024/10/18 17:01:29
月間,202410,策定,関門連系線,2024/11/26,夜間帯,順方向,390,390,0,0,0,0,390,周波数,0,0,0,0,2024/10/18 17:01:29
月間,202410,策定,関門連系線,2024/11/26,夜間帯,逆方向,-1910,-1910,0,0,0,0,-1910,周波数,0,0,0,0,2024/10/18 17:01:29
月間,202409,策定,関門連系線,2024/11/27,昼間帯,順方向,130,130,0,0,0,0,130,周波数,0,0,0,0,2024/09/20 17:01:43
月間,202409,策定,関門連系線,2024/11/27,昼間帯,逆方向,-2210,-2210,0,0,0,0,-2210,周波数,0,0,0,0,2024/09/20 17:01:43
月間,202409,策定,関門連系線,2024/11/27,夜間帯,順方向,390,390,0,0,0,0,390,周波数,0,0,0,0,2024/09/20 17:01:43
月間,202409,策定,関門連系線,2024/11/27,夜間帯,逆方向,-1910,-1910,0,0,0,0,-1910,周波数,0,0,0,0,2024/09/20 17:01:43
月間,202410,策定,関門連系線,2024/11/27,昼間帯,順方向,130,130,0,0,0,0,130,周波数,0,0,0,0,2024/10/18 17:01:29
月間,202410,策定,関門連系線,2024/11/27,昼間帯,逆方向,-2210,-2210,0,0,0,0,-2210,周波数,0,0,0,0,2024/10/18 17:01:29
月間,202410,策定,関門連系線,2024/11/27,夜間帯,順方向,390,390,0,0,0,0,390,周波数,0,0,0,0,2024/10/18 17:01:29
月間,202410,策定,関門連系線,2024/11/27,夜間帯,逆方向,-1910,-1910,0,0,0,0,-1910,周波数,0,0,0,0,2024/10/18 17:01:29
月間,202409,策定,関門連系線,2024/11/28,昼間帯,順方向,130,130,0,0,0,0,130,周波数,0,0,0,0,2024/09/20 17:01:43
月間,202409,策定,関門連系線,2024/11/28,昼間帯,逆方向,-2210,-2210,0,0,0,0,-2210,周波数,0,0,0,0,2024/09/20 17:01:43
月間,202409,策定,関門連系線,2024/11/28,夜間帯,順方向,390,390,0,0,0,0,390,周波数,0,0,0,0,2024/09/20 17:01:43
月間,202409,策定,関門連系線,2024/11/28,夜間帯,逆方向,-1910,-1910,0,0,0,0,-1910,周波数,0,0,0,0,2024/09/20 17:01:43
月間,202410,策定,関門連系線,2024/11/28,昼間帯,順方向,130,130,0,0,0,0,130,周波数,0,0,0,0,2024/10/18 17:01:29
月間,202410,策定,関門連系線,2024/11/28,昼間帯,逆方向,-2210,-2210,0,0,0,0,-2210,周波数,0,0,0,0,2024/10/18 17:01:29
月間,202410,策定,関門連系線,2024/11/28,夜間帯,順方向,390,390,0,0,0,0,390,周波数,0,0,0,0,2024/10/18 17:01:29
月間,202410,策定,関門連系線,2024/11/28,夜間帯,逆方向,-1910,-1910,0,0,0,0,-1910,周波数,0,0,0,0,2024/10/18 17:01:29
月間,202409,策定,関門連系線,2024/11/29,昼間帯,順方向,130,130,0,0,0,0,130,周波数,0,0,0,0,2024/09/20 17:01:43
月間,202409,策定,関門連系線,2024/11/29,昼間帯,逆方向,-2210,-2210,0,0,0,0,-2210,周波数,0,0,0,0,2024/09/20 17:01:43
月間,202409,策定,関門連系線,2024/11/29,夜間帯,順方向,390,390,0,0,0,0,390,周波数,0,0,0,0,2024/09/20 17:01:43
月間,202409,策定,関門連系線,2024/11/29,夜間帯,逆方向,-1910,-1910,0,0,0,0,-1910,周波数,0,0,0,0,2024/09/20 17:01:43
月間,202410,策定,関門連系線,2024/11/29,昼間帯,順方向,130,130,0,0,0,0,130,周波数,0,0,0,0,2024/10/18 17:01:29
月間,202410,策定,関門連系線,2024/11/29,昼間帯,逆方向,-2210,-2210,0,0,0,0,-2210,周波数,0,0,0,0,2024/10/18 17:01:29
月間,202410,策定,関門連系線,2024/11/29,夜間帯,順方向,390,390,0,0,0,0,390,周波数,0,0,0,0,2024/10/18 17:01:29
月間,202410,策定,関門連系線,2024/11/29,夜間帯,逆方向,-1910,-1910,0,0,0,0,-1910,周波数,0,0,0,0,2024/10/18 17:01:29
月間,202409,策定,関門連系線,2024/11/30,昼間帯,順方向,80,80,0,0,0,0,80,周波数,0,0,0,0,2024/09/20 17:01:43
月間,202409,策定,関門連系線,2024/11/30,昼間帯,逆方向,-1880,-1880,0,0,0,0,-1880,周波数,0,0,0,0,2024/09/20 17:01:43
月間,202409,策定,関門連系線,2024/11/30,夜間帯,順方向,360,360,0,0,0,0,360,周波数,0,0,0,0,2024/09/20 17:01:43
月間,202409,策定,関門連系線,2024/11/30,夜間帯,逆方向,-1710,-1710,0,0,0,0,-1710,周波数,0,0,0,0,2024/09/20 17:01:43
月間,202410,策定,関門連系線,2024/11/30,昼間帯,順方向,80,80,0,0,0,0,80,周波数,0,0,0,0,2024/10/18 17:01:29
月間,202410,策定,関門連系線,2024/11/30,昼間帯,逆方向,-1880,-1880,0,0,0,0,-1880,周波数,0,0,0,0,2024/10/18 17:01:29
月間,202410,策定,関門連系線,2024/11/30,夜間帯,順方向,360,360,0,0,0,0,360,周波数,0,0,0,0,2024/10/18 17:01:29
月間,202410,策定,関門連系線,2024/11/30,夜間帯,逆方向,-1710,-1710,0,0,0,0,-1710,周波数,0,0,0,0,2024/10/18 17:01:29
月間,202410,策定,関門連系線,2024/12/01,昼間帯,順方向,140,140,0,0,0,0,140,周波数,0,0,0,0,2024/10/18 17:01:29
月間,202410,策定,関門連系線,2024/12/01,昼間帯,逆方向,-2020,-2020,0,0,0,0,-2020,周波数,0,0,0,0,2024/10/18 17:01:29
月間,202410,策定,関門連系線,2024/12/01,夜間帯,順方向,410,410,0,0,0,0,410,周波数,0,0,0,0,2024/10/18 17:01:29
月間,202410,策定,関門連系線,2024/12/01,夜間帯,逆方向,-1910,-1910,0,0,0,0,-1910,周波数,0,0,0,0,2024/10/18 17:01:29
月間,202410,策定,関門連系線,2024/12/02,昼間帯,順方向,200,200,0,0,0,0,200,周波数,0,0,0,0,2024/10/18 17:01:29
月間,202410,策定,関門連系線,2024/12/02,昼間帯,逆方向,-2430,-2430,0,0,0,0,-2430,周波数,0,0,0,0,2024/10/18 17:01:29
月間,202410,策定,関門連系線,2024/12/02,夜間帯,順方向,410,410,0,0,0,0,410,周波数,0,0,0,0,2024/10/18 17:01:29
月間,202410,策定,関門連系線,2024/12/02,夜間帯,逆方向,-1910,-1910,0,0,0,0,-1910,周波数,0,0,0,0,2024/10/18 17:01:29
月間,202410,策定,関門連系線,2024/12/03,昼間帯,順方向,200,200,0,0,0,0,200,周波数,0,0,0,0,2024/10/18 17:01:29
月間,202410,策定,関門連系線,2024/12/03,昼間帯,逆方向,-2430,-2430,0,0,0,0,-2430,周波数,0,0,0,0,2024/10/18 17:01:29
月間,202410,策定,関門連系線,2024/12/03,夜間帯,順方向,430,430,0,0,0,0,430,周波数,0,0,0,0,2024/10/18 17:01:29
月間,202410,策定,関門連系線,2024/12/03,夜間帯,逆方向,-2060,-2060,0,0,0,0,-2060,周波数,0,0,0,0,2024/10/18 17:01:29
月間,202410,策定,関門連系線,2024/12/04,昼間帯,順方向,200,200,0,0,0,0,200,周波数,0,0,0,0,2024/10/18 17:01:29
月間,202410,策定,関門連系線,2024/12/04,昼間帯,逆方向,-2430,-2430,0,0,0,0,-2430,周波数,0,0,0,0,2024/10/18 17:01:29
月間,202410,策定,関門連系線,2024/12/04,夜間帯,順方向,430,430,0,0,0,0,430,周波数,0,0,0,0,2024/10/18 17:01:29
月間,202410,策定,関門連系線,2024/12/04,夜間帯,逆方向,-2060,-2060,0,0,0,0,-2060,周波数,0,0,0,0,2024/10/18 17:01:29
月間,202410,策定,関門連系線,2024/12/05,昼間帯,順方向,200,200,0,0,0,0,200,周波数,0,0,0,0,2024/10/18 17:01:29
月間,202410,策定,関門連系線,2024/12/05,昼間帯,逆方向,-2430,-2430,0,0,0,0,-2430,周波数,0,0,0,0,2024/10/18 17:01:29
月間,202410,策定,関門連系線,2024/12/05,夜間帯,順方向,430,430,0,0,0,0,430,周波数,0,0,0,0,2024/10/18 17:01:29
月間,202410,策定,関門連系線,2024/12/05,夜間帯,逆方向,-2060,-2060,0,0,0,0,-2060,周波数,0,0,0,0,2024/10/18 17:01:29
月間,202410,策定,関門連系線,2024/12/06,昼間帯,順方向,200,200,0,0,0,0,200,周波数,0,0,0,0,2024/10/18 17:01:29
月間,202410,策定,関門連系線,2024/12/06,昼間帯,逆方向,-2430,-2430,0,0,0,0,-2430,周波数,0,0,0,0,2024/10/18 17:01:29
月間,202410,策定,関門連系線,2024/12/06,夜間帯,順方向,430,430,0,0,0,0,430,周波数,0,0,0,0,2024/10/18 17:01:29
月間,202410,策定,関門連系線,2024/12/06,夜間帯,逆方向,-2060,-2060,0,0,0,0,-2060,周波数,0,0,0,0,2024/10/18 17:01:29
月間,202410,策定,関門連系線,2024/12/07,昼間帯,順方向,140,140,0,0,0,0,140,周波数,0,0,0,0,2024/10/18 17:01:29
月間,202410,策定,関門連系線,2024/12/07,昼間帯,逆方向,-2020,-2020,0,0,0,0,-2020,周波数,0,0,0,0,2024/10/18 17:01:29
月間,202410,策定,関門連系線,2024/12/07,夜間帯,順方向,410,410,0,0,0,0,410,周波数,0,0,0,0,2024/10/18 17:01:29
月間,202410,策定,関門連系線,2024/12/07,夜間帯,逆方向,-1910,-1910,0,0,0,0,-1910,周波数,0,0,0,0,2024/10/18 17:01:29
月間,202411,策定,関門連系線,2024/12/07,昼間帯,順方向,140,140,0,0,0,0,140,周波数,0,0,0,0,2024/11/20 16:59:38
月間,202411,策定,関門連系線,2024/12/07,昼間帯,逆方向,-2020,-2020,0,0,0,0,-2020,周波数,0,0,0,0,2024/11/20 16:59:38
月間,202411,策定,関門連系線,2024/12/07,夜間帯,順方向,410,410,0,0,0,0,410,周波数,0,0,0,0,2024/11/20 16:59:38
月間,202411,策定,関門連系線,2024/12/07,夜間帯,逆方向,-1910,-1910,0,0,0,0,-1910,周波数,0,0,0,0,2024/11/20 16:59:38
月間,202410,策定,関門連系線,2024/12/08,昼間帯,順方向,140,140,0,0,0,0,140,周波数,0,0,0,0,2024/10/18 17:01:29
月間,202410,策定,関門連系線,2024/12/08,昼間帯,逆方向,-2020,-2020,0,0,0,0,-2020,周波数,0,0,0,0,2024/10/18 17:01:29
月間,202410,策定,関門連系線,2024/12/08,夜間帯,順方向,410,410,0,0,0,0,410,周波数,0,0,0,0,2024/10/18 17:01:29
月間,202410,策定,関門連系線,2024/12/08,夜間帯,逆方向,-1910,-1910,0,0,0,0,-1910,周波数,0,0,0,0,2024/10/18 17:01:29
月間,202411,策定,関門連系線,2024/12/08,昼間帯,順方向,140,140,0,0,0,0,140,周波数,0,0,0,0,2024/11/20 16:59:38
月間,202411,策定,関門連系線,2024/12/08,昼間帯,逆方向,-2020,-2020,0,0,0,0,-2020,周波数,0,0,0,0,2024/11/20 16:59:38
月間,202411,策定,関門連系線,2024/12/08,夜間帯,順方向,410,410,0,0,0,0,410,周波数,0,0,0,0,2024/11/20 16:59:38
月間,202411,策定,関門連系線,2024/12/08,夜間帯,逆方向,-1910,-1910,0,0,0,0,-1910,周波数,0,0,0,0,2024/11/20 16:59:38
月間,202410,策定,関門連系線,2024/12/09,昼間帯,順方向,200,200,0,0,0,0,200,周波数,0,0,0,0,2024/10/18 17:01:29
月間,202410,策定,関門連系線,2024/12/09,昼間帯,逆方向,-2430,-2430,0,0,0,0,-2430,周波数,0,0,0,0,2024/10/18 17:01:29
月間,202410,策定,関門連系線,2024/12/09,夜間帯,順方向,410,410,0,0,0,0,410,周波数,0,0,0,0,2024/10/18 17:01:29
月間,202410,策定,関門連系線,2024/12/09,夜間帯,逆方向,-1910,-1910,0,0,0,0,-1910,周波数,0,0,0,0,2024/10/18 17:01:29
月間,202411,策定,関門連系線,2024/12/09,昼間帯,順方向,200,200,0,0,0,0,200,周波数,0,0,0,0,2024/11/20 16:59:38
月間,202411,策定,関門連系線,2024/12/09,昼間帯,逆方向,-2430,-2430,0,0,0,0,-2430,周波数,0,0,0,0,2024/11/20 16:59:38
月間,202411,策定,関門連系線,2024/12/09,夜間帯,順方向,410,410,0,0,0,0,410,周波数,0,0,0,0,2024/11/20 16:59:38
月間,202411,策定,関門連系線,2024/12/09,夜間帯,逆方向,-1910,-1910,0,0,0,0,-1910,周波数,0,0,0,0,2024/11/20 16:59:38
月間,202410,策定,関門連系線,2024/12/10,昼間帯,順方向,200,200,0,0,0,0,200,周波数,0,0,0,0,2024/10/18 17:01:29
月間,202410,策定,関門連系線,2024/12/10,昼間帯,逆方向,-2430,-2430,0,0,0,0,-2430,周波数,0,0,0,0,2024/10/18 17:01:29
月間,202410,策定,関門連系線,2024/12/10,夜間帯,順方向,430,430,0,0,0,0,430,周波数,0,0,0,0,2024/10/18 17:01:29
月間,202410,策定,関門連系線,2024/12/10,夜間帯,逆方向,-2060,-2060,0,0,0,0,-2060,周波数,0,0,0,0,2024/10/18 17:01:29
月間,202411,策定,関門連系線,2024/12/10,昼間帯,順方向,200,200,0,0,0,0,200,周波数,0,0,0,0,2024/11/20 16:59:38
月間,202411,策定,関門連系線,2024/12/10,昼間帯,逆方向,-2430,-2430,0,0,0,0,-2430,周波数,0,0,0,0,2024/11/20 16:59:38
月間,202411,策定,関門連系線,2024/12/10,夜間帯,順方向,430,430,0,0,0,0,430,周波数,0,0,0,0,2024/11/20 16:59:38
月間,202411,策定,関門連系線,2024/12/10,夜間帯,逆方向,-2060,-2060,0,0,0,0,-2060,周波数,0,0,0,0,2024/11/20 16:59:38
月間,202410,策定,関門連系線,2024/12/11,昼間帯,順方向,200,200,0,0,0,0,200,周波数,0,0,0,0,2024/10/18 17:01:29
月間,202410,策定,関門連系線,2024/12/11,昼間帯,逆方向,-2430,-2430,0,0,0,0,-2430,周波数,0,0,0,0,2024/10/18 17:01:29
月間,202410,策定,関門連系線,2024/12/11,夜間帯,順方向,430,430,0,0,0,0,430,周波数,0,0,0,0,2024/10/18 17:01:29
月間,202410,策定,関門連系線,2024/12/11,夜間帯,逆方向,-2060,-2060,0,0,0,0,-2060,周波数,0,0,0,0,2024/10/18 17:01:29
月間,202411,策定,関門連系線,2024/12/11,昼間帯,順方向,200,200,0,0,0,0,200,周波数,0,0,0,0,2024/11/20 16:59:38
月間,202411,策定,関門連系線,2024/12/11,昼間帯,逆方向,-2430,-2430,0,0,0,0,-2430,周波数,0,0,0,0,2024/11/20 16:59:38
月間,202411,策定,関門連系線,2024/12/11,夜間帯,順方向,430,430,0,0,0,0,430,周波数,0,0,0,0,2024/11/20 16:59:38
月間,202411,策定,関門連系線,2024/12/11,夜間帯,逆方向,-2060,-2060,0,0,0,0,-2060,周波数,0,0,0,0,2024/11/20 16:59:38
月間,202410,策定,関門連系線,2024/12/12,昼間帯,順方向,200,200,0,0,0,0,200,周波数,0,0,0,0,2024/10/18 17:01:29
月間,202410,策定,関門連系線,2024/12/12,昼間帯,逆方向,-2430,-2430,0,0,0,0,-2430,周波数,0,0,0,0,2024/10/18 17:01:29
月間,202410,策定,関門連系線,2024/12/12,夜間帯,順方向,430,430,0,0,0,0,430,周波数,0,0,0,0,2024/10/18 17:01:29
月間,202410,策定,関門連系線,2024/12/12,夜間帯,逆方向,-2060,-2060,0,0,0,0,-2060,周波数,0,0,0,0,2024/10/18 17:01:29
月間,202411,策定,関門連系線,2024/12/12,昼間帯,順方向,200,200,0,0,0,0,200,周波数,0,0,0,0,2024/11/20 16:59:38
月間,202411,策定,関門連系線,2024/12/12,昼間帯,逆方向,-2430,-2430,0,0,0,0,-2430,周波数,0,0,0,0,2024/11/20 16:59:38
月間,202411,策定,関門連系線,2024/12/12,夜間帯,順方向,430,430,0,0,0,0,430,周波数,0,0,0,0,2024/11/20 16:59:38
月間,202411,策定,関門連系線,2024/12/12,夜間帯,逆方向,-2060,-2060,0,0,0,0,-2060,周波数,0,0,0,0,2024/11/20 16:59:38
月間,202410,策定,関門連系線,2024/12/13,昼間帯,順方向,200,200,0,0,0,0,200,周波数,0,0,0,0,2024/10/18 17:01:29
月間,202410,策定,関門連系線,2024/12/13,昼間帯,逆方向,-2430,-2430,0,0,0,0,-2430,周波数,0,0,0,0,2024/10/18 17:01:29
月間,202410,策定,関門連系線,2024/12/13,夜間帯,順方向,430,430,0,0,0,0,430,周波数,0,0,0,0,2024/10/18 17:01:29
月間,202410,策定,関門連系線,2024/12/13,夜間帯,逆方向,-2060,-2060,0,0,0,0,-2060,周波数,0,0,0,0,2024/10/18 17:01:29
月間,202411,策定,関門連系線,2024/12/13,昼間帯,順方向,200,200,0,0,0,0,200,周波数,0,0,0,0,2024/11/20 16:59:38
月間,202411,策定,関門連系線,2024/12/13,昼間帯,逆方向,-2430,-2430,0,0,0,0,-2430,周波数,0,0,0,0,2024/11/20 16:59:38
月間,202411,策定,関門連系線,2024/12/13,夜間帯,順方向,430,430,0,0,0,0,430,周波数,0,0,0,0,2024/11/20 16:59:38
月間,202411,策定,関門連系線,2024/12/13,夜間帯,逆方向,-2060,-2060,0,0,0,0,-2060,周波数,0,0,0,0,2024/11/20 16:59:38
月間,202410,策定,関門連系線,2024/12/14,昼間帯,順方向,140,140,0,0,0,0,140,周波数,0,0,0,0,2024/10/18 17:01:29
月間,202410,策定,関門連系線,2024/12/14,昼間帯,逆方向,-2020,-2020,0,0,0,0,-2020,周波数,0,0,0,0,2024/10/18 17:01:29
月間,202410,策定,関門連系線,2024/12/14,夜間帯,順方向,410,410,0,0,0,0,410,周波数,0,0,0,0,2024/10/18 17:01:29
月間,202410,策定,関門連系線,2024/12/14,夜間帯,逆方向,-1910,-1910,0,0,0,0,-1910,周波数,0,0,0,0,2024/10/18 17:01:29
月間,202411,策定,関門連系線,2024/12/14,昼間帯,順方向,140,140,0,0,0,0,140,周波数,0,0,0,0,2024/11/20 16:59:38
月間,202411,策定,関門連系線,2024/12/14,昼間帯,逆方向,-2020,-2020,0,0,0,0,-2020,周波数,0,0,0,0,2024/11/20 16:59:38
月間,202411,策定,関門連系線,2024/12/14,夜間帯,順方向,410,410,0,0,0,0,410,周波数,0,0,0,0,2024/11/20 16:59:38
月間,202411,策定,関門連系線,2024/12/14,夜間帯,逆方向,-1910,-1910,0,0,0,0,-1910,周波数,0,0,0,0,2024/11/20 16:59:38
月間,202410,策定,関門連系線,2024/12/15,昼間帯,順方向,140,140,0,0,0,0,140,周波数,0,0,0,0,2024/10/18 17:01:29
月間,202410,策定,関門連系線,2024/12/15,昼間帯,逆方向,-2020,-2020,0,0,0,0,-2020,周波数,0,0,0,0,2024/10/18 17:01:29
月間,202410,策定,関門連系線,2024/12/15,夜間帯,順方向,410,410,0,0,0,0,410,周波数,0,0,0,0,2024/10/18 17:01:29
月間,202410,策定,関門連系線,2024/12/15,夜間帯,逆方向,-1910,-1910,0,0,0,0,-1910,周波数,0,0,0,0,2024/10/18 17:01:29
月間,202411,策定,関門連系線,2024/12/15,昼間帯,順方向,140,140,0,0,0,0,140,周波数,0,0,0,0,2024/11/20 16:59:38
月間,202411,策定,関門連系線,2024/12/15,昼間帯,逆方向,-2020,-2020,0,0,0,0,-2020,周波数,0,0,0,0,2024/11/20 16:59:38
月間,202411,策定,関門連系線,2024/12/15,夜間帯,順方向,410,410,0,0,0,0,410,周波数,0,0,0,0,2024/11/20 16:59:38
月間,202411,策定,関門連系線,2024/12/15,夜間帯,逆方向,-1910,-1910,0,0,0,0,-1910,周波数,0,0,0,0,2024/11/20 16:59:38
月間,202410,策定,関門連系線,2024/12/16,昼間帯,順方向,200,200,0,0,0,0,200,周波数,0,0,0,0,2024/10/18 17:01:29
月間,202410,策定,関門連系線,2024/12/16,昼間帯,逆方向,-2430,-2430,0,0,0,0,-2430,周波数,0,0,0,0,2024/10/18 17:01:29
月間,202410,策定,関門連系線,2024/12/16,夜間帯,順方向,410,410,0,0,0,0,410,周波数,0,0,0,0,2024/10/18 17:01:29
月間,202410,策定,関門連系線,2024/12/16,夜間帯,逆方向,-1910,-1910,0,0,0,0,-1910,周波数,0,0,0,0,2024/10/18 17:01:29
月間,202411,策定,関門連系線,2024/12/16,昼間帯,順方向,200,200,0,0,0,0,200,周波数,0,0,0,0,2024/11/20 16:59:38
月間,202411,策定,関門連系線,2024/12/16,昼間帯,逆方向,-2430,-2430,0,0,0,0,-2430,周波数,0,0,0,0,2024/11/20 16:59:38
月間,202411,策定,関門連系線,2024/12/16,夜間帯,順方向,410,410,0,0,0,0,410,周波数,0,0,0,0,2024/11/20 16:59:38
月間,202411,策定,関門連系線,2024/12/16,夜間帯,逆方向,-1910,-1910,0,0,0,0,-1910,周波数,0,0,0,0,2024/11/20 16:59:38
月間,202410,策定,関門連系線,2024/12/17,昼間帯,順方向,200,200,0,0,0,0,200,周波数,0,0,0,0,2024/10/18 17:01:29
月間,202410,策定,関門連系線,2024/12/17,昼間帯,逆方向,-2430,-2430,0,0,0,0,-2430,周波数,0,0,0,0,2024/10/18 17:01:29
月間,202410,策定,関門連系線,2024/12/17,夜間帯,順方向,430,430,0,0,0,0,430,周波数,0,0,0,0,2024/10/18 17:01:29
月間,202410,策定,関門連系線,2024/12/17,夜間帯,逆方向,-2060,-2060,0,0,0,0,-2060,周波数,0,0,0,0,2024/10/18 17:01:29
月間,202411,策定,関門連系線,2024/12/17,昼間帯,順方向,200,200,0,0,0,0,200,周波数,0,0,0,0,2024/11/20 16:59:38
月間,202411,策定,関門連系線,2024/12/17,昼間帯,逆方向,-2430,-2430,0,0,0,0,-2430,周波数,0,0,0,0,2024/11/20 16:59:38
月間,202411,策定,関門連系線,2024/12/17,夜間帯,順方向,430,430,0,0,0,0,430,周波数,0,0,0,0,2024/11/20 16:59:38
月間,202411,策定,関門連系線,2024/12/17,夜間帯,逆方向,-2060,-2060,0,0,0,0,-2060,周波数,0,0,0,0,2024/11/20 16:59:38
月間,202410,策定,関門連系線,2024/12/18,昼間帯,順方向,200,200,0,0,0,0,200,周波数,0,0,0,0,2024/10/18 17:01:29
月間,202410,策定,関門連系線,2024/12/18,昼間帯,逆方向,-2430,-2430,0,0,0,0,-2430,周波数,0,0,0,0,2024/10/18 17:01:29
月間,202410,策定,関門連系線,2024/12/18,夜間帯,順方向,430,430,0,0,0,0,430,周波数,0,0,0,0,2024/10/18 17:01:29
月間,202410,策定,関門連系線,2024/12/18,夜間帯,逆方向,-2060,-2060,0,0,0,0,-2060,周波数,0,0,0,0,2024/10/18 17:01:29
月間,202411,策定,関門連系線,2024/12/18,昼間帯,順方向,200,200,0,0,0,0,200,周波数,0,0,0,0,2024/11/20 16:59:38
月間,202411,策定,関門連系線,2024/12/18,昼間帯,逆方向,-2430,-2430,0,0,0,0,-2430,周波数,0,0,0,0,2024/11/20 16:59:38
月間,202411,策定,関門連系線,2024/12/18,夜間帯,順方向,430,430,0,0,0,0,430,周波数,0,0,0,0,2024/11/20 16:59:38
月間,202411,策定,関門連系線,2024/12/18,夜間帯,逆方向,-2060,-2060,0,0,0,0,-2060,周波数,0,0,0,0,2024/11/20 16:59:38
月間,202410,策定,関門連系線,2024/12/19,昼間帯,順方向,200,200,0,0,0,0,200,周波数,0,0,0,0,2024/10/18 17:01:29
月間,202410,策定,関門連系線,2024/12/19,昼間帯,逆方向,-2430,-2430,0,0,0,0,-2430,周波数,0,0,0,0,2024/10/18 17:01:29
月間,202410,策定,関門連系線,2024/12/19,夜間帯,順方向,430,430,0,0,0,0,430,周波数,0,0,0,0,2024/10/18 17:01:29
月間,202410,策定,関門連系線,2024/12/19,夜間帯,逆方向,-2060,-2060,0,0,0,0,-2060,周波数,0,0,0,0,2024/10/18 17:01:29
月間,202411,策定,関門連系線,2024/12/19,昼間帯,順方向,200,200,0,0,0,0,200,周波数,0,0,0,0,2024/11/20 16:59:38
月間,202411,策定,関門連系線,2024/12/19,昼間帯,逆方向,-2430,-2430,0,0,0,0,-2430,周波数,0,0,0,0,2024/11/20 16:59:38
月間,202411,策定,関門連系線,2024/12/19,夜間帯,順方向,430,430,0,0,0,0,430,周波数,0,0,0,0,2024/11/20 16:59:38
月間,202411,策定,関門連系線,2024/12/19,夜間帯,逆方向,-2060,-2060,0,0,0,0,-2060,周波数,0,0,0,0,2024/11/20 16:59:38
月間,202410,策定,関門連系線,2024/12/20,昼間帯,順方向,200,200,0,0,0,0,200,周波数,0,0,0,0,2024/10/18 17:01:29
月間,202410,策定,関門連系線,2024/12/20,昼間帯,逆方向,-2430,-2430,0,0,0,0,-2430,周波数,0,0,0,0,2024/10/18 17:01:29
月間,202410,策定,関門連系線,2024/12/20,夜間帯,順方向,430,430,0,0,0,0,430,周波数,0,0,0,0,2024/10/18 17:01:29
月間,202410,策定,関門連系線,2024/12/20,夜間帯,逆方向,-2060,-2060,0,0,0,0,-2060,周波数,0,0,0,0,2024/10/18 17:01:29
月間,202411,策定,関門連系線,2024/12/20,昼間帯,順方向,200,200,0,0,0,0,200,周波数,0,0,0,0,2024/11/20 16:59:38
月間,202411,策定,関門連系線,2024/12/20,昼間帯,逆方向,-2430,-2430,0,0,0,0,-2430,周波数,0,0,0,0,2024/11/20 16:59:38
月間,202411,策定,関門連系線,2024/12/20,夜間帯,順方向,430,430,0,0,0,0,430,周波数,0,0,0,0,2024/11/20 16:59:38
月間,202411,策定,関門連系線,2024/12/20,夜間帯,逆方向,-2060,-2060,0,0,0,0,-2060,周波数,0,0,0,0,2024/11/20 16:59:38
月間,202410,策定,関門連系線,2024/12/21,昼間帯,順方向,140,140,0,0,0,0,140,周波数,0,0,0,0,2024/10/18 17:01:29
月間,202410,策定,関門連系線,2024/12/21,昼間帯,逆方向,-2020,-2020,0,0,0,0,-2020,周波数,0,0,0,0,2024/10/18 17:01:29
月間,202410,策定,関門連系線,2024/12/21,夜間帯,順方向,410,410,0,0,0,0,410,周波数,0,0,0,0,2024/10/18 17:01:29
月間,202410,策定,関門連系線,2024/12/21,夜間帯,逆方向,-1910,-1910,0,0,0,0,-1910,周波数,0,0,0,0,2024/10/18 17:01:29
月間,202411,策定,関門連系線,2024/12/21,昼間帯,順方向,140,140,0,0,0,0,140,周波数,0,0,0,0,2024/11/20 16:59:38
月間,202411,策定,関門連系線,2024/12/21,昼間帯,逆方向,-2020,-2020,0,0,0,0,-2020,周波数,0,0,0,0,2024/11/20 16:59:38
月間,202411,策定,関門連系線,2024/12/21,夜間帯,順方向,410,410,0,0,0,0,410,周波数,0,0,0,0,2024/11/20 16:59:38
月間,202411,策定,関門連系線,2024/12/21,夜間帯,逆方向,-1910,-1910,0,0,0,0,-1910,周波数,0,0,0,0,2024/11/20 16:59:38
月間,202410,策定,関門連系線,2024/12/22,昼間帯,順方向,140,140,0,0,0,0,140,周波数,0,0,0,0,2024/10/18 17:01:29
月間,202410,策定,関門連系線,2024/12/22,昼間帯,逆方向,-2020,-2020,0,0,0,0,-2020,周波数,0,0,0,0,2024/10/18 17:01:29
月間,202410,策定,関門連系線,2024/12/22,夜間帯,順方向,410,410,0,0,0,0,410,周波数,0,0,0,0,2024/10/18 17:01:29
月間,202410,策定,関門連系線,2024/12/22,夜間帯,逆方向,-1910,-1910,0,0,0,0,-1910,周波数,0,0,0,0,2024/10/18 17:01:29
月間,202411,策定,関門連系線,2024/12/22,昼間帯,順方向,140,140,0,0,0,0,140,周波数,0,0,0,0,2024/11/20 16:59:38
月間,202411,策定,関門連系線,2024/12/22,昼間帯,逆方向,-2020,-2020,0,0,0,0,-2020,周波数,0,0,0,0,2024/11/20 16:59:38
月間,202411,策定,関門連系線,2024/12/22,夜間帯,順方向,410,410,0,0,0,0,410,周波数,0,0,0,0,2024/11/20 16:59:38
月間,202411,策定,関門連系線,2024/12/22,夜間帯,逆方向,-1910,-1910,0,0,0,0,-1910,周波数,0,0,0,0,2024/11/20 16:59:38
月間,202410,策定,関門連系線,2024/12/23,昼間帯,順方向,200,200,0,0,0,0,200,周波数,0,0,0,0,2024/10/18 17:01:29
月間,202410,策定,関門連系線,2024/12/23,昼間帯,逆方向,-2430,-2430,0,0,0,0,-2430,周波数,0,0,0,0,2024/10/18 17:01:29
月間,202410,策定,関門連系線,2024/12/23,夜間帯,順方向,410,410,0,0,0,0,410,周波数,0,0,0,0,2024/10/18 17:01:29
月間,202410,策定,関門連系線,2024/12/23,夜間帯,逆方向,-1910,-1910,0,0,0,0,-1910,周波数,0,0,0,0,2024/10/18 17:01:29
月間,202411,策定,関門連系線,2024/12/23,昼間帯,順方向,200,200,0,0,0,0,200,周波数,0,0,0,0,2024/11/20 16:59:38
月間,202411,策定,関門連系線,2024/12/23,昼間帯,逆方向,-2430,-2430,0,0,0,0,-2430,周波数,0,0,0,0,2024/11/20 16:59:38
月間,202411,策定,関門連系線,2024/12/23,夜間帯,順方向,410,410,0,0,0,0,410,周波数,0,0,0,0,2024/11/20 16:59:38
月間,202411,策定,関門連系線,2024/12/23,夜間帯,逆方向,-1910,-1910,0,0,0,0,-1910,周波数,0,0,0,0,2024/11/20 16:59:38
月間,202410,策定,関門連系線,2024/12/24,昼間帯,順方向,200,200,0,0,0,0,200,周波数,0,0,0,0,2024/10/18 17:01:29
月間,202410,策定,関門連系線,2024/12/24,昼間帯,逆方向,-2430,-2430,0,0,0,0,-2430,周波数,0,0,0,0,2024/10/18 17:01:29
月間,202410,策定,関門連系線,2024/12/24,夜間帯,順方向,430,430,0,0,0,0,430,周波数,0,0,0,0,2024/10/18 17:01:29
月間,202410,策定,関門連系線,2024/12/24,夜間帯,逆方向,-2060,-2060,0,0,0,0,-2060,周波数,0,0,0,0,2024/10/18 17:01:29
月間,202411,策定,関門連系線,2024/12/24,昼間帯,順方向,200,200,0,0,0,0,200,周波数,0,0,0,0,2024/11/20 16:59:38
月間,202411,策定,関門連系線,2024/12/24,昼間帯,逆方向,-2430,-2430,0,0,0,0,-2430,周波数,0,0,0,0,2024/11/20 16:59:38
月間,202411,策定,関門連系線,2024/12/24,夜間帯,順方向,430,430,0,0,0,0,430,周波数,0,0,0,0,2024/11/20 16:59:38
月間,202411,策定,関門連系線,2024/12/24,夜間帯,逆方向,-2060,-2060,0,0,0,0,-2060,周波数,0,0,0,0,2024/11/20 16:59:38
月間,202410,策定,関門連系線,2024/12/25,昼間帯,順方向,200,200,0,0,0,0,200,周波数,0,0,0,0,2024/10/18 17:01:29
月間,202410,策定,関門連系線,2024/12/25,昼間帯,逆方向,-2430,-2430,0,0,0,0,-2430,周波数,0,0,0,0,2024/10/18 17:01:29
月間,202410,策定,関門連系線,2024/12/25,夜間帯,順方向,430,430,0,0,0,0,430,周波数,0,0,0,0,2024/10/18 17:01:29
月間,202410,策定,関門連系線,2024/12/25,夜間帯,逆方向,-2060,-2060,0,0,0,0,-2060,周波数,0,0,0,0,2024/10/18 17:01:29
月間,202411,策定,関門連系線,2024/12/25,昼間帯,順方向,200,200,0,0,0,0,200,周波数,0,0,0,0,2024/11/20 16:59:38
月間,202411,策定,関門連系線,2024/12/25,昼間帯,逆方向,-2430,-2430,0,0,0,0,-2430,周波数,0,0,0,0,2024/11/20 16:59:38
月間,202411,策定,関門連系線,2024/12/25,夜間帯,順方向,430,430,0,0,0,0,430,周波数,0,0,0,0,2024/11/20 16:59:38
月間,202411,策定,関門連系線,2024/12/25,夜間帯,逆方向,-2060,-2060,0,0,0,0,-2060,周波数,0,0,0,0,2024/11/20 16:59:38
月間,202410,策定,関門連系線,2024/12/26,昼間帯,順方向,200,200,0,0,0,0,200,周波数,0,0,0,0,2024/10/18 17:01:29
月間,202410,策定,関門連系線,2024/12/26,昼間帯,逆方向,-2430,-2430,0,0,0,0,-2430,周波数,0,0,0,0,2024/10/18 17:01:29
月間,202410,策定,関門連系線,2024/12/26,夜間帯,順方向,430,430,0,0,0,0,430,周波数,0,0,0,0,2024/10/18 17:01:29
月間,202410,策定,関門連系線,2024/12/26,夜間帯,逆方向,-2060,-2060,0,0,0,0,-2060,周波数,0,0,0,0,2024/10/18 17:01:29
月間,202411,策定,関門連系線,2024/12/26,昼間帯,順方向,200,200,0,0,0,0,200,周波数,0,0,0,0,2024/11/20 16:59:38
月間,202411,策定,関門連系線,2024/12/26,昼間帯,逆方向,-2430,-2430,0,0,0,0,-2430,周波数,0,0,0,0,2024/11/20 16:59:38
月間,202411,策定,関門連系線,2024/12/26,夜間帯,順方向,430,430,0,0,0,0,430,周波数,0,0,0,0,2024/11/20 16:59:38
月間,202411,策定,関門連系線,2024/12/26,夜間帯,逆方向,-2060,-2060,0,0,0,0,-2060,周波数,0,0,0,0,2024/11/20 16:59:38
月間,202410,策定,関門連系線,2024/12/27,昼間帯,順方向,200,200,0,0,0,0,200,周波数,0,0,0,0,2024/10/18 17:01:29
月間,202410,策定,関門連系線,2024/12/27,昼間帯,逆方向,-2430,-2430,0,0,0,0,-2430,周波数,0,0,0,0,2024/10/18 17:01:29
月間,202410,策定,関門連系線,2024/12/27,夜間帯,順方向,430,430,0,0,0,0,430,周波数,0,0,0,0,2024/10/18 17:01:29
月間,202410,策定,関門連系線,2024/12/27,夜間帯,逆方向,-2060,-2060,0,0,0,0,-2060,周波数,0,0,0,0,2024/10/18 17:01:29
月間,202411,策定,関門連系線,2024/12/27,昼間帯,順方向,200,200,0,0,0,0,200,周波数,0,0,0,0,2024/11/20 16:59:38
月間,202411,策定,関門連系線,2024/12/27,昼間帯,逆方向,-2430,-2430,0,0,0,0,-2430,周波数,0,0,0,0,2024/11/20 16:59:38
月間,202411,策定,関門連系線,2024/12/27,夜間帯,順方向,430,430,0,0,0,0,430,周波数,0,0,0,0,2024/11/20 16:59:38
月間,202411,策定,関門連系線,2024/12/27,夜間帯,逆方向,-2060,-2060,0,0,0,0,-2060,周波数,0,0,0,0,2024/11/20 16:59:38
月間,202410,策定,関門連系線,2024/12/28,昼間帯,順方向,140,140,0,0,0,0,140,周波数,0,0,0,0,2024/10/18 17:01:29
月間,202410,策定,関門連系線,2024/12/28,昼間帯,逆方向,-2020,-2020,0,0,0,0,-2020,周波数,0,0,0,0,2024/10/18 17:01:29
月間,202410,策定,関門連系線,2024/12/28,夜間帯,順方向,410,410,0,0,0,0,410,周波数,0,0,0,0,2024/10/18 17:01:29
月間,202410,策定,関門連系線,2024/12/28,夜間帯,逆方向,-1910,-1910,0,0,0,0,-1910,周波数,0,0,0,0,2024/10/18 17:01:29
月間,202411,策定,関門連系線,2024/12/28,昼間帯,順方向,140,140,0,0,0,0,140,周波数,0,0,0,0,2024/11/20 16:59:38
月間,202411,策定,関門連系線,2024/12/28,昼間帯,逆方向,-2020,-2020,0,0,0,0,-2020,周波数,0,0,0,0,2024/11/20 16:59:38
月間,202411,策定,関門連系線,2024/12/28,夜間帯,順方向,410,410,0,0,0,0,410,周波数,0,0,0,0,2024/11/20 16:59:38
月間,202411,策定,関門連系線,2024/12/28,夜間帯,逆方向,-1910,-1910,0,0,0,0,-1910,周波数,0,0,0,0,2024/11/20 16:59:38
月間,202410,策定,関門連系線,2024/12/29,昼間帯,順方向,70,70,0,0,0,0,70,周波数,0,0,0,0,2024/10/18 17:01:29
月間,202410,策定,関門連系線,2024/12/29,昼間帯,逆方向,-1900,-1900,0,0,0,0,-1900,周波数,0,0,0,0,2024/10/18 17:01:29
月間,202410,策定,関門連系線,2024/12/29,夜間帯,順方向,430,430,0,0,0,0,430,周波数,0,0,0,0,2024/10/18 17:01:29
月間,202410,策定,関門連系線,2024/12/29,夜間帯,逆方向,-1890,-1890,0,0,0,0,-1890,周波数,0,0,0,0,2024/10/18 17:01:29
月間,202411,策定,関門連系線,2024/12/29,昼間帯,順方向,70,70,0,0,0,0,70,周波数,0,0,0,0,2024/11/20 16:59:38
月間,202411,策定,関門連系線,2024/12/29,昼間帯,逆方向,-1900,-1900,0,0,0,0,-1900,周波数,0,0,0,0,2024/11/20 16:59:38
月間,202411,策定,関門連系線,2024/12/29,夜間帯,順方向,430,430,0,0,0,0,430,周波数,0,0,0,0,2024/11/20 16:59:38
月間,202411,策定,関門連系線,2024/12/29,夜間帯,逆方向,-1890,-1890,0,0,0,0,-1890,周波数,0,0,0,0,2024/11/20 16:59:38
月間,202410,策定,関門連系線,2024/12/30,昼間帯,順方向,70,70,0,0,0,0,70,周波数,0,0,0,0,2024/10/18 17:01:29
月間,202410,策定,関門連系線,2024/12/30,昼間帯,逆方向,-1900,-1900,0,0,0,0,-1900,周波数,0,0,0,0,2024/10/18 17:01:29
月間,202410,策定,関門連系線,2024/12/30,夜間帯,順方向,430,430,0,0,0,0,430,周波数,0,0,0,0,2024/10/18 17:01:29
月間,202410,策定,関門連系線,2024/12/30,夜間帯,逆方向,-1890,-1890,0,0,0,0,-1890,周波数,0,0,0,0,2024/10/18 17:01:29
月間,202411,策定,関門連系線,2024/12/30,昼間帯,順方向,70,70,0,0,0,0,70,周波数,0,0,0,0,2024/11/20 16:59:38
月間,202411,策定,関門連系線,2024/12/30,昼間帯,逆方向,-1900,-1900,0,0,0,0,-1900,周波数,0,0,0,0,2024/11/20 16:59:38
月間,202411,策定,関門連系線,2024/12/30,夜間帯,順方向,430,430,0,0,0,0,430,周波数,0,0,0,0,2024/11/20 16:59:38
月間,202411,策定,関門連系線,2024/12/30,夜間帯,逆方向,-1890,-1890,0,0,0,0,-1890,周波数,0,0,0,0,2024/11/20 16:59:38
月間,202410,策定,関門連系線,2024/12/31,昼間帯,順方向,70,70,0,0,0,0,70,周波数,0,0,0,0,2024/10/18 17:01:29
月間,202410,策定,関門連系線,2024/12/31,昼間帯,逆方向,-1900,-1900,0,0,0,0,-1900,周波数,0,0,0,0,2024/10/18 17:01:29
月間,202410,策定,関門連系線,2024/12/31,夜間帯,順方向,430,430,0,0,0,0,430,周波数,0,0,0,0,2024/10/18 17:01:29
月間,202410,策定,関門連系線,2024/12/31,夜間帯,逆方向,-1890,-1890,0,0,0,0,-1890,周波数,0,0,0,0,2024/10/18 17:01:29
月間,202411,策定,関門連系線,2024/12/31,昼間帯,順方向,70,70,0,0,0,0,70,周波数,0,0,0,0,2024/11/20 16:59:38
月間,202411,策定,関門連系線,2024/12/31,昼間帯,逆方向,-1900,-1900,0,0,0,0,-1900,周波数,0,0,0,0,2024/11/20 16:59:38
月間,202411,策定,関門連系線,2024/12/31,夜間帯,順方向,430,430,0,0,0,0,430,周波数,0,0,0,0,2024/11/20 16:59:38
月間,202411,策定,関門連系線,2024/12/31,夜間帯,逆方向,-1890,-1890,0,0,0,0,-1890,周波数,0,0,0,0,2024/11/20 16:59:38
月間,202409,策定,北陸フェンス,2024/11/01,昼間帯,順方向,790,1300,0,510,0,0,1300,周波数,0,0,0,0,2024/09/20 17:01:43
月間,202409,策定,北陸フェンス,2024/11/01,昼間帯,逆方向,-1900,-1900,0,0,0,0,-1900,安定度,0,0,0,0,2024/09/20 17:01:43
月間,202409,策定,北陸フェンス,2024/11/01,夜間帯,順方向,700,700,0,0,0,0,700,周波数,0,0,0,0,2024/09/20 17:01:43
月間,202409,策定,北陸フェンス,2024/11/01,夜間帯,逆方向,-1900,-1900,0,0,0,0,-1900,安定度,0,0,0,0,2024/09/20 17:01:43
月間,202409,策定,北陸フェンス,2024/11/02,昼間帯,順方向,700,700,0,0,0,0,700,周波数,0,0,0,0,2024/09/20 17:01:43
月間,202409,策定,北陸フェンス,2024/11/02,昼間帯,逆方向,-1490,-1490,0,0,0,0,-1490,周波数,0,0,0,0,2024/09/20 17:01:43
月間,202409,策定,北陸フェンス,2024/11/02,夜間帯,順方向,700,700,0,0,0,0,700,周波数,0,0,0,0,2024/09/20 17:01:43
月間,202409,策定,北陸フェンス,2024/11/02,夜間帯,逆方向,-1900,-1900,0,0,0,0,-1900,安定度,0,0,0,0,2024/09/20 17:01:43
月間,202410,策定,北陸フェンス,2024/11/02,昼間帯,順方向,700,700,0,0,0,0,700,周波数,0,0,0,0,2024/10/18 17:01:29
月間,202410,策定,北陸フェンス,2024/11/02,昼間帯,逆方向,-1490,-1490,0,0,0,0,-1490,周波数,0,0,0,0,2024/10/18 17:01:29
月間,202410,策定,北陸フェンス,2024/11/02,夜間帯,順方向,700,700,0,0,0,0,700,周波数,0,0,0,0,2024/10/18 17:01:29
月間,202410,策定,北陸フェンス,2024/11/02,夜間帯,逆方向,-1900,-1900,0,0,0,0,-1900,安定度,0,0,0,0,2024/10/18 17:01:29
月間,202409,策定,北陸フェンス,2024/11/03,昼間帯,順方向,700,700,0,0,0,0,700,周波数,0,0,0,0,2024/09/20 17:01:43
月間,202409,策定,北陸フェンス,2024/11/03,昼間帯,逆方向,-1490,-1490,0,0,0,0,-1490,周波数,0,0,0,0,2024/09/20 17:01:43
月間,202409,策定,北陸フェンス,2024/11/03,夜間帯,順方向,700,700,0,0,0,0,700,周波数,0,0,0,0,2024/09/20 17:01:43
月間,202409,策定,北陸フェンス,2024/11/03,夜間帯,逆方向,-1900,-1900,0,0,0,0,-1900,安定度,0,0,0,0,2024/09/20 17:01:43
月間,202410,策定,北陸フェンス,2024/11/03,昼間帯,順方向,700,700,0,0,0,0,700,周波数,0,0,0,0,2024/10/18 17:01:29
月間,202410,策定,北陸フェンス,2024/11/03,昼間帯,逆方向,-1490,-1490,0,0,0,0,-1490,周波数,0,0,0,0,2024/10/18 17:01:29
月間,202410,策定,北陸フェンス,2024/11/03,夜間帯,順方向,700,700,0,0,0,0,700,周波数,0,0,0,0,2024/10/18 17:01:29
月間,202410,策定,北陸フェンス,2024/11/03,夜間帯,逆方向,-1900,-1900,0,0,0,0,-1900,安定度,0,0,0,0,2024/10/18 17:01:29
月間,202409,策定,北陸フェンス,2024/11/04,昼間帯,順方向,700,700,0,0,0,0,700,周波数,0,0,0,0,2024/09/20 17:01:43
月間,202409,策定,北陸フェンス,2024/11/04,昼間帯,逆方向,-1490,-1490,0,0,0,0,-1490,周波数,0,0,0,0,2024/09/20 17:01:43
月間,202409,策定,北陸フェンス,2024/11/04,夜間帯,順方向,700,700,0,0,0,0,700,周波数,0,0,0,0,2024/09/20 17:01:43
月間,202409,策定,北陸フェンス,2024/11/04,夜間帯,逆方向,-1900,-1900,0,0,0,0,-1900,安定度,0,0,0,0,2024/09/20 17:01:43
月間,202410,策定,北陸フェンス,2024/11/04,昼間帯,順方向,700,700,0,0,0,0,700,周波数,0,0,0,0,2024/10/18 17:01:29
月間,202410,策定,北陸フェンス,2024/11/04,昼間帯,逆方向,-1490,-1490,0,0,0,0,-1490,周波数,0,0,0,0,2024/10/18 17:01:29
月間,202410,策定,北陸フェンス,2024/11/04,夜間帯,順方向,700,700,0,0,0,0,700,周波数,0,0,0,0,2024/10/18 17:01:29
月間,202410,策定,北陸フェンス,2024/11/04,夜間帯,逆方向,-1900,-1900,0,0,0,0,-1900,安定度,0,0,0,0,2024/10/18 17:01:29
月間,202409,策定,北陸フェンス,2024/11/05,昼間帯,順方向,790,1300,0,510,0,0,1300,周波数,0,0,0,0,2024/09/20 17:01:43
月間,202409,策定,北陸フェンス,2024/11/05,昼間帯,逆方向,-1900,-1900,0,0,0,0,-1900,安定度,0,0,0,0,2024/09/20 17:01:43
月間,202409,策定,北陸フェンス,2024/11/05,夜間帯,順方向,700,700,0,0,0,0,700,周波数,0,0,0,0,2024/09/20 17:01:43
月間,202409,策定,北陸フェンス,2024/11/05,夜間帯,逆方向,-1900,-1900,0,0,0,0,-1900,安定度,0,0,0,0,2024/09/20 17:01:43
月間,202410,策定,北陸フェンス,2024/11/05,昼間帯,順方向,790,1300,0,510,0,0,1300,周波数,0,0,0,0,2024/10/18 17:01:29
月間,202410,策定,北陸フェンス,2024/11/05,昼間帯,逆方向,-1900,-1900,0,0,0,0,-1900,安定度,0,0,0,0,2024/10/18 17:01:29
月間,202410,策定,北陸フェンス,2024/11/05,夜間帯,順方向,700,700,0,0,0,0,700,周波数,0,0,0,0,2024/10/18 17:01:29
月間,202410,策定,北陸フェンス,2024/11/05,夜間帯,逆方向,-1900,-1900,0,0,0,0,-1900,安定度,0,0,0,0,2024/10/18 17:01:29
月間,202409,策定,北陸フェンス,2024/11/06,昼間帯,順方向,790,1300,0,510,0,0,1300,周波数,0,0,0,0,2024/09/20 17:01:43
月間,202409,策定,北陸フェンス,2024/11/06,昼間帯,逆方向,-1900,-1900,0,0,0,0,-1900,安定度,0,0,0,0,2024/09/20 17:01:43
月間,202409,策定,北陸フェンス,2024/11/06,夜間帯,順方向,700,700,0,0,0,0,700,周波数,0,0,0,0,2024/09/20 17:01:43
月間,202409,策定,北陸フェンス,2024/11/06,夜間帯,逆方向,-1900,-1900,0,0,0,0,-1900,安定度,0,0,0,0,2024/09/20 17:01:43
月間,202410,策定,北陸フェンス,2024/11/06,昼間帯,順方向,790,1300,0,510,0,0,1300,周波数,0,0,0,0,2024/10/18 17:01:29
月間,202410,策定,北陸フェンス,2024/11/06,昼間帯,逆方向,-1900,-1900,0,0,0,0,-1900,安定度,0,0,0,0,2024/10/18 17:01:29
月間,202410,策定,北陸フェンス,2024/11/06,夜間帯,順方向,700,700,0,0,0,0,700,周波数,0,0,0,0,2024/10/18 17:01:29
月間,202410,策定,北陸フェンス,2024/11/06,夜間帯,逆方向,-1900,-1900,0,0,0,0,-1900,安定度,0,0,0,0,2024/10/18 17:01:29
月間,202409,策定,北陸フェンス,2024/11/07,昼間帯,順方向,790,1300,0,510,0,0,1300,周波数,0,0,0,0,2024/09/20 17:01:43
月間,202409,策定,北陸フェンス,2024/11/07,昼間帯,逆方向,-1900,-1900,0,0,0,0,-1900,安定度,0,0,0,0,2024/09/20 17:01:43
月間,202409,策定,北陸フェンス,2024/11/07,夜間帯,順方向,700,700,0,0,0,0,700,周波数,0,0,0,0,2024/09/20 17:01:43
月間,202409,策定,北陸フェンス,2024/11/07,夜間帯,逆方向,-1900,-1900,0,0,0,0,-1900,安定度,0,0,0,0,2024/09/20 17:01:43
月間,202410,策定,北陸フェンス,2024/11/07,昼間帯,順方向,790,1300,0,510,0,0,1300,周波数,0,0,0,0,2024/10/18 17:01:29
月間,202410,策定,北陸フェンス,2024/11/07,昼間帯,逆方向,-1900,-1900,0,0,0,0,-1900,安定度,0,0,0,0,2024/10/18 17:01:29
月間,202410,策定,北陸フェンス,2024/11/07,夜間帯,順方向,700,700,0,0,0,0,700,周波数,0,0,0,0,2024/10/18 17:01:29
月間,202410,策定,北陸フェンス,2024/11/07,夜間帯,逆方向,-1900,-1900,0,0,0,0,-1900,安定度,0,0,0,0,2024/10/18 17:01:29
月間,202409,策定,北陸フェンス,2024/11/08,昼間帯,順方向,790,1300,0,510,0,0,1300,周波数,0,0,0,0,2024/09/20 17:01:43
月間,202409,策定,北陸フェンス,2024/11/08,昼間帯,逆方向,-1900,-1900,0,0,0,0,-1900,安定度,0,0,0,0,2024/09/20 17:01:43
月間,202409,策定,北陸フェンス,2024/11/08,夜間帯,順方向,700,700,0,0,0,0,700,周波数,0,0,0,0,2024/09/20 17:01:43
月間,202409,策定,北陸フェンス,2024/11/08,夜間帯,逆方向,-1900,-1900,0,0,0,0,-1900,安定度,0,0,0,0,2024/09/20 17:01:43
月間,202410,策定,北陸フェンス,2024/11/08,昼間帯,順方向,790,1300,0,510,0,0,1300,周波数,0,0,0,0,2024/10/18 17:01:29
月間,202410,策定,北陸フェンス,2024/11/08,昼間帯,逆方向,-1900,-1900,0,0,0,0,-1900,安定度,0,0,0,0,2024/10/18 17:01:29
月間,202410,策定,北陸フェンス,2024/11/08,夜間帯,順方向,700,700,0,0,0,0,700,周波数,0,0,0,0,2024/10/18 17:01:29
月間,202410,策定,北陸フェンス,2024/11/08,夜間帯,逆方向,-1900,-1900,0,0,0,0,-1900,安定度,0,0,0,0,2024/10/18 17:01:29
月間,202409,策定,北陸フェンス,2024/11/09,昼間帯,順方向,700,700,0,0,0,0,700,周波数,0,0,0,0,2024/09/20 17:01:43
月間,202409,策定,北陸フェンス,2024/11/09,昼間帯,逆方向,-1490,-1490,0,0,0,0,-1490,周波数,0,0,0,0,2024/09/20 17:01:43
月間,202409,策定,北陸フェンス,2024/11/09,夜間帯,順方向,700,700,0,0,0,0,700,周波数,0,0,0,0,2024/09/20 17:01:43
月間,202409,策定,北陸フェンス,2024/11/09,夜間帯,逆方向,-1900,-1900,0,0,0,0,-1900,安定度,0,0,0,0,2024/09/20 17:01:43
月間,202410,策定,北陸フェンス,2024/11/09,昼間帯,順方向,700,700,0,0,0,0,700,周波数,0,0,0,0,2024/10/18 17:01:29
月間,202410,策定,北陸フェンス,2024/11/09,昼間帯,逆方向,-1490,-1490,0,0,0,0,-1490,周波数,0,0,0,0,2024/10/18 17:01:29
月間,202410,策定,北陸フェンス,2024/11/09,夜間帯,順方向,700,700,0,0,0,0,700,周波数,0,0,0,0,2024/10/18 17:01:29
月間,202410,策定,北陸フェンス,2024/11/09,夜間帯,逆方向,-1900,-1900,0,0,0,0,-1900,安定度,0,0,0,0,2024/10/18 17:01:29
月間,202409,策定,北陸フェンス,2024/11/10,昼間帯,順方向,700,700,0,0,0,0,700,周波数,0,0,0,0,2024/09/20 17:01:43
月間,202409,策定,北陸フェンス,2024/11/10,昼間帯,逆方向,-1490,-1490,0,0,0,0,-1490,周波数,0,0,0,0,2024/09/20 17:01:43
月間,202409,策定,北陸フェンス,2024/11/10,夜間帯,順方向,700,700,0,0,0,0,700,周波数,0,0,0,0,2024/09/20 17:01:43
月間,202409,策定,北陸フェンス,2024/11/10,夜間帯,逆方向,-1900,-1900,0,0,0,0,-1900,安定度,0,0,0,0,2024/09/20 17:01:43
月間,202410,策定,北陸フェンス,2024/11/10,昼間帯,順方向,700,700,0,0,0,0,700,周波数,0,0,0,0,2024/10/18 17:01:29
月間,202410,策定,北陸フェンス,2024/11/10,昼間帯,逆方向,-1490,-1490,0,0,0,0,-1490,周波数,0,0,0,0,2024/10/18 17:01:29
月間,202410,策定,北陸フェンス,2024/11/10,夜間帯,順方向,700,700,0,0,0,0,700,周波数,0,0,0,0,2024/10/18 17:01:29
月間,202410,策定,北陸フェンス,2024/11/10,夜間帯,逆方向,-1900,-1900,0,0,0,0,-1900,安定度,0,0,0,0,2024/10/18 17:01:29
月間,202409,策定,北陸フェンス,2024/11/11,昼間帯,順方向,790,1300,0,510,0,0,1300,周波数,0,0,0,0,2024/09/20 17:01:43
月間,202409,策定,北陸フェンス,2024/11/11,昼間帯,逆方向,-1900,-1900,0,0,0,0,-1900,安定度,0,0,0,0,2024/09/20 17:01:43
月間,202409,策定,北陸フェンス,2024/11/11,夜間帯,順方向,700,700,0,0,0,0,700,周波数,0,0,0,0,2024/09/20 17:01:43
月間,202409,策定,北陸フェンス,2024/11/11,夜間帯,逆方向,-1900,-1900,0,0,0,0,-1900,安定度,0,0,0,0,2024/09/20 17:01:43
月間,202410,策定,北陸フェンス,2024/11/11,昼間帯,順方向,790,1300,0,510,0,0,1300,周波数,0,0,0,0,2024/10/18 17:01:29
月間,202410,策定,北陸フェンス,2024/11/11,昼間帯,逆方向,-1900,-1900,0,0,0,0,-1900,安定度,0,0,0,0,2024/10/18 17:01:29
月間,202410,策定,北陸フェンス,2024/11/11,夜間帯,順方向,700,700,0,0,0,0,700,周波数,0,0,0,0,2024/10/18 17:01:29
月間,202410,策定,北陸フェンス,2024/11/11,夜間帯,逆方向,-1900,-1900,0,0,0,0,-1900,安定度,0,0,0,0,2024/10/18 17:01:29
月間,202409,策定,北陸フェンス,2024/11/12,昼間帯,順方向,790,1300,0,510,0,0,1300,周波数,0,0,0,0,2024/09/20 17:01:43
月間,202409,策定,北陸フェンス,2024/11/12,昼間帯,逆方向,-1900,-1900,0,0,0,0,-1900,安定度,0,0,0,0,2024/09/20 17:01:43
月間,202409,策定,北陸フェンス,2024/11/12,夜間帯,順方向,700,700,0,0,0,0,700,周波数,0,0,0,0,2024/09/20 17:01:43
月間,202409,策定,北陸フェンス,2024/11/12,夜間帯,逆方向,-1900,-1900,0,0,0,0,-1900,安定度,0,0,0,0,2024/09/20 17:01:43
月間,202410,策定,北陸フェンス,2024/11/12,昼間帯,順方向,790,1300,0,510,0,0,1300,周波数,0,0,0,0,2024/10/18 17:01:29
月間,202410,策定,北陸フェンス,2024/11/12,昼間帯,逆方向,-1900,-1900,0,0,0,0,-1900,安定度,0,0,0,0,2024/10/18 17:01:29
月間,202410,策定,北陸フェンス,2024/11/12,夜間帯,順方向,700,700,0,0,0,0,700,周波数,0,0,0,0,2024/10/18 17:01:29
月間,202410,策定,北陸フェンス,2024/11/12,夜間帯,逆方向,-1900,-1900,0,0,0,0,-1900,安定度,0,0,0,0,2024/10/18 17:01:29
月間,202409,策定,北陸フェンス,2024/11/13,昼間帯,順方向,790,1300,0,510,0,0,1300,周波数,0,0,0,0,2024/09/20 17:01:43
月間,202409,策定,北陸フェンス,2024/11/13,昼間帯,逆方向,-1900,-1900,0,0,0,0,-1900,安定度,0,0,0,0,2024/09/20 17:01:43
月間,202409,策定,北陸フェンス,2024/11/13,夜間帯,順方向,700,700,0,0,0,0,700,周波数,0,0,0,0,2024/09/20 17:01:43
月間,202409,策定,北陸フェンス,2024/11/13,夜間帯,逆方向,-1900,-1900,0,0,0,0,-1900,安定度,0,0,0,0,2024/09/20 17:01:43
月間,202410,策定,北陸フェンス,2024/11/13,昼間帯,順方向,790,1300,0,510,0,0,1300,周波数,0,0,0,0,2024/10/18 17:01:29
月間,202410,策定,北陸フェンス,2024/11/13,昼間帯,逆方向,-1900,-1900,0,0,0,0,-1900,安定度,0,0,0,0,2024/10/18 17:01:29
月間,202410,策定,北陸フェンス,2024/11/13,夜間帯,順方向,700,700,0,0,0,0,700,周波数,0,0,0,0,2024/10/18 17:01:29
月間,202410,策定,北陸フェンス,2024/11/13,夜間帯,逆方向,-1900,-1900,0,0,0,0,-1900,安定度,0,0,0,0,2024/10/18 17:01:29
月間,202409,策定,北陸フェンス,2024/11/14,昼間帯,順方向,790,1300,0,510,0,0,1300,周波数,0,0,0,0,2024/09/20 17:01:43
月間,202409,策定,北陸フェンス,2024/11/14,昼間帯,逆方向,-1900,-1900,0,0,0,0,-1900,安定度,0,0,0,0,2024/09/20 17:01:43
月間,202409,策定,北陸フェンス,2024/11/14,夜間帯,順方向,700,700,0,0,0,0,700,周波数,0,0,0,0,2024/09/20 17:01:43
月間,202409,策定,北陸フェンス,2024/11/14,夜間帯,逆方向,-1900,-1900,0,0,0,0,-1900,安定度,0,0,0,0,2024/09/20 17:01:43
月間,202410,策定,北陸フェンス,2024/11/14,昼間帯,順方向,790,1300,0,510,0,0,1300,周波数,0,0,0,0,2024/10/18 17:01:29
月間,202410,策定,北陸フェンス,2024/11/14,昼間帯,逆方向,-1900,-1900,0,0,0,0,-1900,安定度,0,0,0,0,2024/10/18 17:01:29
月間,202410,策定,北陸フェンス,2024/11/14,夜間帯,順方向,700,700,0,0,0,0,700,周波数,0,0,0,0,2024/10/18 17:01:29
月間,202410,策定,北陸フェンス,2024/11/14,夜間帯,逆方向,-1900,-1900,0,0,0,0,-1900,安定度,0,0,0,0,2024/10/18 17:01:29
月間,202409,策定,北陸フェンス,2024/11/15,昼間帯,順方向,790,1300,0,510,0,0,1300,周波数,0,0,0,0,2024/09/20 17:01:43
月間,202409,策定,北陸フェンス,2024/11/15,昼間帯,逆方向,-1900,-1900,0,0,0,0,-1900,安定度,0,0,0,0,2024/09/20 17:01:43
月間,202409,策定,北陸フェンス,2024/11/15,夜間帯,順方向,700,700,0,0,0,0,700,周波数,0,0,0,0,2024/09/20 17:01:43
月間,202409,策定,北陸フェンス,2024/11/15,夜間帯,逆方向,-1900,-1900,0,0,0,0,-1900,安定度,0,0,0,0,2024/09/20 17:01:43
月間,202410,策定,北陸フェンス,2024/11/15,昼間帯,順方向,790,1300,0,510,0,0,1300,周波数,0,0,0,0,2024/10/18 17:01:29
月間,202410,策定,北陸フェンス,2024/11/15,昼間帯,逆方向,-1900,-1900,0,0,0,0,-1900,安定度,0,0,0,0,2024/10/18 17:01:29
月間,202410,策定,北陸フェンス,2024/11/15,夜間帯,順方向,700,700,0,0,0,0,700,周波数,0,0,0,0,2024/10/18 17:01:29
月間,202410,策定,北陸フェンス,2024/11/15,夜間帯,逆方向,-1900,-1900,0,0,0,0,-1900,安定度,0,0,0,0,2024/10/18 17:01:29
月間,202409,策定,北陸フェンス,2024/11/16,昼間帯,順方向,700,700,0,0,0,0,700,周波数,0,0,0,0,2024/09/20 17:01:43
月間,202409,策定,北陸フェンス,2024/11/16,昼間帯,逆方向,-1540,-1540,0,0,0,0,-1540,周波数,0,0,0,0,2024/09/20 17:01:43
月間,202409,策定,北陸フェンス,2024/11/16,夜間帯,順方向,700,700,0,0,0,0,700,周波数,0,0,0,0,2024/09/20 17:01:43
月間,202409,策定,北陸フェンス,2024/11/16,夜間帯,逆方向,-1900,-1900,0,0,0,0,-1900,安定度,0,0,0,0,2024/09/20 17:01:43
月間,202410,策定,北陸フェンス,2024/11/16,昼間帯,順方向,700,700,0,0,0,0,700,周波数,0,0,0,0,2024/10/18 17:01:29
月間,202410,策定,北陸フェンス,2024/11/16,昼間帯,逆方向,-1540,-1540,0,0,0,0,-1540,周波数,0,0,0,0,2024/10/18 17:01:29
月間,202410,策定,北陸フェンス,2024/11/16,夜間帯,順方向,700,700,0,0,0,0,700,周波数,0,0,0,0,2024/10/18 17:01:29
月間,202410,策定,北陸フェンス,2024/11/16,夜間帯,逆方向,-1900,-1900,0,0,0,0,-1900,安定度,0,0,0,0,2024/10/18 17:01:29
月間,202409,策定,北陸フェンス,2024/11/17,昼間帯,順方向,700,700,0,0,0,0,700,周波数,0,0,0,0,2024/09/20 17:01:43
月間,202409,策定,北陸フェンス,2024/11/17,昼間帯,逆方向,-1540,-1540,0,0,0,0,-1540,周波数,0,0,0,0,2024/09/20 17:01:43
月間,202409,策定,北陸フェンス,2024/11/17,夜間帯,順方向,700,700,0,0,0,0,700,周波数,0,0,0,0,2024/09/20 17:01:43
月間,202409,策定,北陸フェンス,2024/11/17,夜間帯,逆方向,-1900,-1900,0,0,0,0,-1900,安定度,0,0,0,0,2024/09/20 17:01:43
月間,202410,策定,北陸フェンス,2024/11/17,昼間帯,順方向,700,700,0,0,0,0,700,周波数,0,0,0,0,2024/10/18 17:01:29
月間,202410,策定,北陸フェンス,2024/11/17,昼間帯,逆方向,-1540,-1540,0,0,0,0,-1540,周波数,0,0,0,0,2024/10/18 17:01:29
月間,202410,策定,北陸フェンス,2024/11/17,夜間帯,順方向,700,700,0,0,0,0,700,周波数,0,0,0,0,2024/10/18 17:01:29
月間,202410,策定,北陸フェンス,2024/11/17,夜間帯,逆方向,-1900,-1900,0,0,0,0,-1900,安定度,0,0,0,0,2024/10/18 17:01:29
月間,202409,策定,北陸フェンス,2024/11/18,昼間帯,順方向,790,1300,0,510,0,0,1300,周波数,0,0,0,0,2024/09/20 17:01:43
月間,202409,策定,北陸フェンス,2024/11/18,昼間帯,逆方向,-1900,-1900,0,0,0,0,-1900,安定度,0,0,0,0,2024/09/20 17:01:43
月間,202409,策定,北陸フェンス,2024/11/18,夜間帯,順方向,700,700,0,0,0,0,700,周波数,0,0,0,0,2024/09/20 17:01:43
月間,202409,策定,北陸フェンス,2024/11/18,夜間帯,逆方向,-1900,-1900,0,0,0,0,-1900,安定度,0,0,0,0,2024/09/20 17:01:43
月間,202410,策定,北陸フェンス,2024/11/18,昼間帯,順方向,790,1300,0,510,0,0,1300,周波数,0,0,0,0,2024/10/18 17:01:29
月間,202410,策定,北陸フェンス,2024/11/18,昼間帯,逆方向,-1900,-1900,0,0,0,0,-1900,安定度,0,0,0,0,2024/10/18 17:01:29
月間,202410,策定,北陸フェンス,2024/11/18,夜間帯,順方向,700,700,0,0,0,0,700,周波数,0,0,0,0,2024/10/18 17:01:29
月間,202410,策定,北陸フェンス,2024/11/18,夜間帯,逆方向,-1900,-1900,0,0,0,0,-1900,安定度,0,0,0,0,2024/10/18 17:01:29
月間,202409,策定,北陸フェンス,2024/11/19,昼間帯,順方向,790,1300,0,510,0,0,1300,周波数,0,0,0,0,2024/09/20 17:01:43
月間,202409,策定,北陸フェンス,2024/11/19,昼間帯,逆方向,-1900,-1900,0,0,0,0,-1900,安定度,0,0,0,0,2024/09/20 17:01:43
月間,202409,策定,北陸フェンス,2024/11/19,夜間帯,順方向,700,700,0,0,0,0,700,周波数,0,0,0,0,2024/09/20 17:01:43
月間,202409,策定,北陸フェンス,2024/11/19,夜間帯,逆方向,-1900,-1900,0,0,0,0,-1900,安定度,0,0,0,0,2024/09/20 17:01:43
月間,202410,策定,北陸フェンス,2024/11/19,昼間帯,順方向,790,1300,0,510,0,0,1300,周波数,0,0,0,0,2024/10/18 17:01:29
月間,202410,策定,北陸フェンス,2024/11/19,昼間帯,逆方向,-1900,-1900,0,0,0,0,-1900,安定度,0,0,0,0,2024/10/18 17:01:29
月間,202410,策定,北陸フェンス,2024/11/19,夜間帯,順方向,700,700,0,0,0,0,700,周波数,0,0,0,0,2024/10/18 17:01:29
月間,202410,策定,北陸フェンス,2024/11/19,夜間帯,逆方向,-1900,-1900,0,0,0,0,-1900,安定度,0,0,0,0,2024/10/18 17:01:29
月間,202409,策定,北陸フェンス,2024/11/20,昼間帯,順方向,790,1300,0,510,0,0,1300,周波数,0,0,0,0,2024/09/20 17:01:43
月間,202409,策定,北陸フェンス,2024/11/20,昼間帯,逆方向,-1900,-1900,0,0,0,0,-1900,安定度,0,0,0,0,2024/09/20 17:01:43
月間,202409,策定,北陸フェンス,2024/11/20,夜間帯,順方向,700,700,0,0,0,0,700,周波数,0,0,0,0,2024/09/20 17:01:43
月間,202409,策定,北陸フェンス,2024/11/20,夜間帯,逆方向,-1900,-1900,0,0,0,0,-1900,安定度,0,0,0,0,2024/09/20 17:01:43
月間,202410,策定,北陸フェンス,2024/11/20,昼間帯,順方向,790,1300,0,510,0,0,1300,周波数,0,0,0,0,2024/10/18 17:01:29
月間,202410,策定,北陸フェンス,2024/11/20,昼間帯,逆方向,-1900,-1900,0,0,0,0,-1900,安定度,0,0,0,0,2024/10/18 17:01:29
月間,202410,策定,北陸フェンス,2024/11/20,夜間帯,順方向,700,700,0,0,0,0,700,周波数,0,0,0,0,2024/10/18 17:01:29
月間,202410,策定,北陸フェンス,2024/11/20,夜間帯,逆方向,-1900,-1900,0,0,0,0,-1900,安定度,0,0,0,0,2024/10/18 17:01:29
月間,202409,策定,北陸フェンス,2024/11/21,昼間帯,順方向,790,1300,0,510,0,0,1300,周波数,0,0,0,0,2024/09/20 17:01:43
月間,202409,策定,北陸フェンス,2024/11/21,昼間帯,逆方向,-1900,-1900,0,0,0,0,-1900,安定度,0,0,0,0,2024/09/20 17:01:43
月間,202409,策定,北陸フェンス,2024/11/21,夜間帯,順方向,700,700,0,0,0,0,700,周波数,0,0,0,0,2024/09/20 17:01:43
月間,202409,策定,北陸フェンス,2024/11/21,夜間帯,逆方向,-1900,-1900,0,0,0,0,-1900,安定度,0,0,0,0,2024/09/20 17:01:43
月間,202410,策定,北陸フェンス,2024/11/21,昼間帯,順方向,790,1300,0,510,0,0,1300,周波数,0,0,0,0,2024/10/18 17:01:29
月間,202410,策定,北陸フェンス,2024/11/21,昼間帯,逆方向,-1900,-1900,0,0,0,0,-1900,安定度,0,0,0,0,2024/10/18 17:01:29
月間,202410,策定,北陸フェンス,2024/11/21,夜間帯,順方向,700,700,0,0,0,0,700,周波数,0,0,0,0,2024/10/18 17:01:29
月間,202410,策定,北陸フェンス,2024/11/21,夜間帯,逆方向,-1900,-1900,0,0,0,0,-1900,安定度,0,0,0,0,2024/10/18 17:01:29
月間,202409,策定,北陸フェンス,2024/11/22,昼間帯,順方向,790,1300,0,510,0,0,1300,周波数,0,0,0,0,2024/09/20 17:01:43
月間,202409,策定,北陸フェンス,2024/11/22,昼間帯,逆方向,-1900,-1900,0,0,0,0,-1900,安定度,0,0,0,0,2024/09/20 17:01:43
月間,202409,策定,北陸フェンス,2024/11/22,夜間帯,順方向,700,700,0,0,0,0,700,周波数,0,0,0,0,2024/09/20 17:01:43
月間,202409,策定,北陸フェンス,2024/11/22,夜間帯,逆方向,-1900,-1900,0,0,0,0,-1900,安定度,0,0,0,0,2024/09/20 17:01:43
月間,202410,策定,北陸フェンス,2024/11/22,昼間帯,順方向,790,1300,0,510,0,0,1300,周波数,0,0,0,0,2024/10/18 17:01:29
月間,202410,策定,北陸フェンス,2024/11/22,昼間帯,逆方向,-1900,-1900,0,0,0,0,-1900,安定度,0,0,0,0,2024/10/18 17:01:29
月間,202410,策定,北陸フェンス,2024/11/22,夜間帯,順方向,700,700,0,0,0,0,700,周波数,0,0,0,0,2024/10/18 17:01:29
月間,202410,策定,北陸フェンス,2024/11/22,夜間帯,逆方向,-1900,-1900,0,0,0,0,-1900,安定度,0,0,0,0,2024/10/18 17:01:29
月間,202409,策定,北陸フェンス,2024/11/23,昼間帯,順方向,700,700,0,0,0,0,700,周波数,0,0,0,0,2024/09/20 17:01:43
月間,202409,策定,北陸フェンス,2024/11/23,昼間帯,逆方向,-1540,-1540,0,0,0,0,-1540,周波数,0,0,0,0,2024/09/20 17:01:43
月間,202409,策定,北陸フェンス,2024/11/23,夜間帯,順方向,700,700,0,0,0,0,700,周波数,0,0,0,0,2024/09/20 17:01:43
月間,202409,策定,北陸フェンス,2024/11/23,夜間帯,逆方向,-1900,-1900,0,0,0,0,-1900,安定度,0,0,0,0,2024/09/20 17:01:43
月間,202410,策定,北陸フェンス,2024/11/23,昼間帯,順方向,700,700,0,0,0,0,700,周波数,0,0,0,0,2024/10/18 17:01:29
月間,202410,策定,北陸フェンス,2024/11/23,昼間帯,逆方向,-1540,-1540,0,0,0,0,-1540,周波数,0,0,0,0,2024/10/18 17:01:29
月間,202410,策定,北陸フェンス,2024/11/23,夜間帯,順方向,700,700,0,0,0,0,700,周波数,0,0,0,0,2024/10/18 17:01:29
月間,202410,策定,北陸フェンス,2024/11/23,夜間帯,逆方向,-1900,-1900,0,0,0,0,-1900,安定度,0,0,0,0,2024/10/18 17:01:29
月間,202409,策定,北陸フェンス,2024/11/24,昼間帯,順方向,700,700,0,0,0,0,700,周波数,0,0,0,0,2024/09/20 17:01:43
月間,202409,策定,北陸フェンス,2024/11/24,昼間帯,逆方向,-1540,-1540,0,0,0,0,-1540,周波数,0,0,0,0,2024/09/20 17:01:43
月間,202409,策定,北陸フェンス,2024/11/24,夜間帯,順方向,700,700,0,0,0,0,700,周波数,0,0,0,0,2024/09/20 17:01:43
月間,202409,策定,北陸フェンス,2024/11/24,夜間帯,逆方向,-1900,-1900,0,0,0,0,-1900,安定度,0,0,0,0,2024/09/20 17:01:43
月間,202410,策定,北陸フェンス,2024/11/24,昼間帯,順方向,700,700,0,0,0,0,700,周波数,0,0,0,0,2024/10/18 17:01:29
月間,202410,策定,北陸フェンス,2024/11/24,昼間帯,逆方向,-1540,-1540,0,0,0,0,-1540,周波数,0,0,0,0,2024/10/18 17:01:29
月間,202410,策定,北陸フェンス,2024/11/24,夜間帯,順方向,700,700,0,0,0,0,700,周波数,0,0,0,0,2024/10/18 17:01:29
月間,202410,策定,北陸フェンス,2024/11/24,夜間帯,逆方向,-1900,-1900,0,0,0,0,-1900,安定度,0,0,0,0,2024/10/18 17:01:29
月間,202409,策定,北陸フェンス,2024/11/25,昼間帯,順方向,790,1300,0,510,0,0,1300,周波数,0,0,0,0,2024/09/20 17:01:43
月間,202409,策定,北陸フェンス,2024/11/25,昼間帯,逆方向,-1900,-1900,0,0,0,0,-1900,安定度,0,0,0,0,2024/09/20 17:01:43
月間,202409,策定,北陸フェンス,2024/11/25,夜間帯,順方向,700,700,0,0,0,0,700,周波数,0,0,0,0,2024/09/20 17:01:43
月間,202409,策定,北陸フェンス,2024/11/25,夜間帯,逆方向,-1900,-1900,0,0,0,0,-1900,安定度,0,0,0,0,2024/09/20 17:01:43
月間,202410,策定,北陸フェンス,2024/11/25,昼間帯,順方向,790,1300,0,510,0,0,1300,周波数,0,0,0,0,2024/10/18 17:01:29
月間,202410,策定,北陸フェンス,2024/11/25,昼間帯,逆方向,-1900,-1900,0,0,0,0,-1900,安定度,0,0,0,0,2024/10/18 17:01:29
月間,202410,策定,北陸フェンス,2024/11/25,夜間帯,順方向,700,700,0,0,0,0,700,周波数,0,0,0,0,2024/10/18 17:01:29
月間,202410,策定,北陸フェンス,2024/11/25,夜間帯,逆方向,-1900,-1900,0,0,0,0,-1900,安定度,0,0,0,0,2024/10/18 17:01:29
月間,202409,策定,北陸フェンス,2024/11/26,昼間帯,順方向,790,1300,0,510,0,0,1300,周波数,0,0,0,0,2024/09/20 17:01:43
月間,202409,策定,北陸フェンス,2024/11/26,昼間帯,逆方向,-1900,-1900,0,0,0,0,-1900,安定度,0,0,0,0,2024/09/20 17:01:43
月間,202409,策定,北陸フェンス,2024/11/26,夜間帯,順方向,700,700,0,0,0,0,700,周波数,0,0,0,0,2024/09/20 17:01:43
月間,202409,策定,北陸フェンス,2024/11/26,夜間帯,逆方向,-1900,-1900,0,0,0,0,-1900,安定度,0,0,0,0,2024/09/20 17:01:43
月間,202410,策定,北陸フェンス,2024/11/26,昼間帯,順方向,790,1300,0,510,0,0,1300,周波数,0,0,0,0,2024/10/18 17:01:29
月間,202410,策定,北陸フェンス,2024/11/26,昼間帯,逆方向,-1900,-1900,0,0,0,0,-1900,安定度,0,0,0,0,2024/10/18 17:01:29
月間,202410,策定,北陸フェンス,2024/11/26,夜間帯,順方向,700,700,0,0,0,0,700,周波数,0,0,0,0,2024/10/18 17:01:29
月間,202410,策定,北陸フェンス,2024/11/26,夜間帯,逆方向,-1900,-1900,0,0,0,0,-1900,安定度,0,0,0,0,2024/10/18 17:01:29
月間,202409,策定,北陸フェンス,2024/11/27,昼間帯,順方向,790,1300,0,510,0,0,1300,周波数,0,0,0,0,2024/09/20 17:01:43
月間,202409,策定,北陸フェンス,2024/11/27,昼間帯,逆方向,-1900,-1900,0,0,0,0,-1900,安定度,0,0,0,0,2024/09/20 17:01:43
月間,202409,策定,北陸フェンス,2024/11/27,夜間帯,順方向,700,700,0,0,0,0,700,周波数,0,0,0,0,2024/09/20 17:01:43
月間,202409,策定,北陸フェンス,2024/11/27,夜間帯,逆方向,-1900,-1900,0,0,0,0,-1900,安定度,0,0,0,0,2024/09/20 17:01:43
月間,202410,策定,北陸フェンス,2024/11/27,昼間帯,順方向,790,1300,0,510,0,0,1300,周波数,0,0,0,0,2024/10/18 17:01:29
月間,202410,策定,北陸フェンス,2024/11/27,昼間帯,逆方向,-1900,-1900,0,0,0,0,-1900,安定度,0,0,0,0,2024/10/18 17:01:29
月間,202410,策定,北陸フェンス,2024/11/27,夜間帯,順方向,700,700,0,0,0,0,700,周波数,0,0,0,0,2024/10/18 17:01:29
月間,202410,策定,北陸フェンス,2024/11/27,夜間帯,逆方向,-1900,-1900,0,0,0,0,-1900,安定度,0,0,0,0,2024/10/18 17:01:29
月間,202409,策定,北陸フェンス,2024/11/28,昼間帯,順方向,790,1300,0,510,0,0,1300,周波数,0,0,0,0,2024/09/20 17:01:43
月間,202409,策定,北陸フェンス,2024/11/28,昼間帯,逆方向,-1900,-1900,0,0,0,0,-1900,安定度,0,0,0,0,2024/09/20 17:01:43
月間,202409,策定,北陸フェンス,2024/11/28,夜間帯,順方向,700,700,0,0,0,0,700,周波数,0,0,0,0,2024/09/20 17:01:43
月間,202409,策定,北陸フェンス,2024/11/28,夜間帯,逆方向,-1900,-1900,0,0,0,0,-1900,安定度,0,0,0,0,2024/09/20 17:01:43
月間,202410,策定,北陸フェンス,2024/11/28,昼間帯,順方向,790,1300,0,510,0,0,1300,周波数,0,0,0,0,2024/10/18 17:01:29
月間,202410,策定,北陸フェンス,2024/11/28,昼間帯,逆方向,-1900,-1900,0,0,0,0,-1900,安定度,0,0,0,0,2024/10/18 17:01:29
月間,202410,策定,北陸フェンス,2024/11/28,夜間帯,順方向,700,700,0,0,0,0,700,周波数,0,0,0,0,2024/10/18 17:01:29
月間,202410,策定,北陸フェンス,2024/11/28,夜間帯,逆方向,-1900,-1900,0,0,0,0,-1900,安定度,0,0,0,0,2024/10/18 17:01:29
月間,202409,策定,北陸フェンス,2024/11/29,昼間帯,順方向,790,1300,0,510,0,0,1300,周波数,0,0,0,0,2024/09/20 17:01:43
月間,202409,策定,北陸フェンス,2024/11/29,昼間帯,逆方向,-1900,-1900,0,0,0,0,-1900,安定度,0,0,0,0,2024/09/20 17:01:43
月間,202409,策定,北陸フェンス,2024/11/29,夜間帯,順方向,700,700,0,0,0,0,700,周波数,0,0,0,0,2024/09/20 17:01:43
月間,202409,策定,北陸フェンス,2024/11/29,夜間帯,逆方向,-1900,-1900,0,0,0,0,-1900,安定度,0,0,0,0,2024/09/20 17:01:43
月間,202410,策定,北陸フェンス,2024/11/29,昼間帯,順方向,790,1300,0,510,0,0,1300,周波数,0,0,0,0,2024/10/18 17:01:29
月間,202410,策定,北陸フェンス,2024/11/29,昼間帯,逆方向,-1900,-1900,0,0,0,0,-1900,安定度,0,0,0,0,2024/10/18 17:01:29
月間,202410,策定,北陸フェンス,2024/11/29,夜間帯,順方向,700,700,0,0,0,0,700,周波数,0,0,0,0,2024/10/18 17:01:29
月間,202410,策定,北陸フェンス,2024/11/29,夜間帯,逆方向,-1900,-1900,0,0,0,0,-1900,安定度,0,0,0,0,2024/10/18 17:01:29
月間,202409,策定,北陸フェンス,2024/11/30,昼間帯,順方向,700,700,0,0,0,0,700,周波数,0,0,0,0,2024/09/20 17:01:43
月間,202409,策定,北陸フェンス,2024/11/30,昼間帯,逆方向,-1540,-1540,0,0,0,0,-1540,周波数,0,0,0,0,2024/09/20 17:01:43
月間,202409,策定,北陸フェンス,2024/11/30,夜間帯,順方向,700,700,0,0,0,0,700,周波数,0,0,0,0,2024/09/20 17:01:43
月間,202409,策定,北陸フェンス,2024/11/30,夜間帯,逆方向,-1900,-1900,0,0,0,0,-1900,安定度,0,0,0,0,2024/09/20 17:01:43
月間,202410,策定,北陸フェンス,2024/11/30,昼間帯,順方向,700,700,0,0,0,0,700,周波数,0,0,0,0,2024/10/18 17:01:29
月間,202410,策定,北陸フェンス,2024/11/30,昼間帯,逆方向,-1540,-1540,0,0,0,0,-1540,周波数,0,0,0,0,2024/10/18 17:01:29
月間,202410,策定,北陸フェンス,2024/11/30,夜間帯,順方向,700,700,0,0,0,0,700,周波数,0,0,0,0,2024/10/18 17:01:29
月間,202410,策定,北陸フェンス,2024/11/30,夜間帯,逆方向,-1900,-1900,0,0,0,0,-1900,安定度,0,0,0,0,2024/10/18 17:01:29
月間,202410,策定,北陸フェンス,2024/12/01,昼間帯,順方向,900,900,0,0,0,0,900,周波数,0,0,0,0,2024/10/18 17:01:29
月間,202410,策定,北陸フェンス,2024/12/01,昼間帯,逆方向,-1760,-1760,0,0,0,0,-1760,周波数,0,0,0,0,2024/10/18 17:01:29
月間,202410,策定,北陸フェンス,2024/12/01,夜間帯,順方向,900,900,0,0,0,0,900,周波数,0,0,0,0,2024/10/18 17:01:29
月間,202410,策定,北陸フェンス,2024/12/01,夜間帯,逆方向,-1900,-1900,0,0,0,0,-1900,安定度,0,0,0,0,2024/10/18 17:01:29
月間,202410,策定,北陸フェンス,2024/12/02,昼間帯,順方向,1090,1600,0,510,0,0,1600,周波数,0,0,0,0,2024/10/18 17:01:29
月間,202410,策定,北陸フェンス,2024/12/02,昼間帯,逆方向,-1900,-1900,0,0,0,0,-1900,安定度,0,0,0,0,2024/10/18 17:01:29
月間,202410,策定,北陸フェンス,2024/12/02,夜間帯,順方向,900,900,0,0,0,0,900,周波数,0,0,0,0,2024/10/18 17:01:29
月間,202410,策定,北陸フェンス,2024/12/02,夜間帯,逆方向,-1900,-1900,0,0,0,0,-1900,安定度,0,0,0,0,2024/10/18 17:01:29
月間,202410,策定,北陸フェンス,2024/12/03,昼間帯,順方向,1090,1600,0,510,0,0,1600,周波数,0,0,0,0,2024/10/18 17:01:29
月間,202410,策定,北陸フェンス,2024/12/03,昼間帯,逆方向,-1900,-1900,0,0,0,0,-1900,安定度,0,0,0,0,2024/10/18 17:01:29
月間,202410,策定,北陸フェンス,2024/12/03,夜間帯,順方向,900,900,0,0,0,0,900,周波数,0,0,0,0,2024/10/18 17:01:29
月間,202410,策定,北陸フェンス,2024/12/03,夜間帯,逆方向,-1900,-1900,0,0,0,0,-1900,安定度,0,0,0,0,2024/10/18 17:01:29
月間,202410,策定,北陸フェンス,2024/12/04,昼間帯,順方向,1090,1600,0,510,0,0,1600,周波数,0,0,0,0,2024/10/18 17:01:29
月間,202410,策定,北陸フェンス,2024/12/04,昼間帯,逆方向,-1900,-1900,0,0,0,0,-1900,安定度,0,0,0,0,2024/10/18 17:01:29
月間,202410,策定,北陸フェンス,2024/12/04,夜間帯,順方向,900,900,0,0,0,0,900,周波数,0,0,0,0,2024/10/18 17:01:29
月間,202410,策定,北陸フェンス,2024/12/04,夜間帯,逆方向,-1900,-1900,0,0,0,0,-1900,安定度,0,0,0,0,2024/10/18 17:01:29
月間,202410,策定,北陸フェンス,2024/12/05,昼間帯,順方向,1090,1600,0,510,0,0,1600,周波数,0,0,0,0,2024/10/18 17:01:29
月間,202410,策定,北陸フェンス,2024/12/05,昼間帯,逆方向,-1900,-1900,0,0,0,0,-1900,安定度,0,0,0,0,2024/10/18 17:01:29
月間,202410,策定,北陸フェンス,2024/12/05,夜間帯,順方向,900,900,0,0,0,0,900,周波数,0,0,0,0,2024/10/18 17:01:29
月間,202410,策定,北陸フェンス,2024/12/05,夜間帯,逆方向,-1900,-1900,0,0,0,0,-1900,安定度,0,0,0,0,2024/10/18 17:01:29
月間,202410,策定,北陸フェンス,2024/12/06,昼間帯,順方向,1090,1600,0,510,0,0,1600,周波数,0,0,0,0,2024/10/18 17:01:29
月間,202410,策定,北陸フェンス,2024/12/06,昼間帯,逆方向,-1900,-1900,0,0,0,0,-1900,安定度,0,0,0,0,2024/10/18 17:01:29
月間,202410,策定,北陸フェンス,2024/12/06,夜間帯,順方向,900,900,0,0,0,0,900,周波数,0,0,0,0,2024/10/18 17:01:29
月間,202410,策定,北陸フェンス,2024/12/06,夜間帯,逆方向,-1900,-1900,0,0,0,0,-1900,安定度,0,0,0,0,2024/10/18 17:01:29
月間,202410,策定,北陸フェンス,2024/12/07,昼間帯,順方向,900,900,0,0,0,0,900,周波数,0,0,0,0,2024/10/18 17:01:29
月間,202410,策定,北陸フェンス,2024/12/07,昼間帯,逆方向,-1760,-1760,0,0,0,0,-1760,周波数,0,0,0,0,2024/10/18 17:01:29
月間,202410,策定,北陸フェンス,2024/12/07,夜間帯,順方向,900,900,0,0,0,0,900,周波数,0,0,0,0,2024/10/18 17:01:29
月間,202410,策定,北陸フェンス,2024/12/07,夜間帯,逆方向,-1900,-1900,0,0,0,0,-1900,安定度,0,0,0,0,2024/10/18 17:01:29
月間,202411,策定,北陸フェンス,2024/12/07,昼間帯,順方向,900,900,0,0,0,0,900,周波数,0,0,0,0,2024/11/20 16:59:38
月間,202411,策定,北陸フェンス,2024/12/07,昼間帯,逆方向,-1760,-1760,0,0,0,0,-1760,周波数,0,0,0,0,2024/11/20 16:59:38
月間,202411,策定,北陸フェンス,2024/12/07,夜間帯,順方向,900,900,0,0,0,0,900,周波数,0,0,0,0,2024/11/20 16:59:38
月間,202411,策定,北陸フェンス,2024/12/07,夜間帯,逆方向,-1900,-1900,0,0,0,0,-1900,安定度,0,0,0,0,2024/11/20 16:59:38
月間,202410,策定,北陸フェンス,2024/12/08,昼間帯,順方向,900,900,0,0,0,0,900,周波数,0,0,0,0,2024/10/18 17:01:29
月間,202410,策定,北陸フェンス,2024/12/08,昼間帯,逆方向,-1760,-1760,0,0,0,0,-1760,周波数,0,0,0,0,2024/10/18 17:01:29
月間,202410,策定,北陸フェンス,2024/12/08,夜間帯,順方向,900,900,0,0,0,0,900,周波数,0,0,0,0,2024/10/18 17:01:29
月間,202410,策定,北陸フェンス,2024/12/08,夜間帯,逆方向,-1900,-1900,0,0,0,0,-1900,安定度,0,0,0,0,2024/10/18 17:01:29
月間,202411,策定,北陸フェンス,2024/12/08,昼間帯,順方向,900,900,0,0,0,0,900,周波数,0,0,0,0,2024/11/20 16:59:38
月間,202411,策定,北陸フェンス,2024/12/08,昼間帯,逆方向,-1760,-1760,0,0,0,0,-1760,周波数,0,0,0,0,2024/11/20 16:59:38
月間,202411,策定,北陸フェンス,2024/12/08,夜間帯,順方向,900,900,0,0,0,0,900,周波数,0,0,0,0,2024/11/20 16:59:38
月間,202411,策定,北陸フェンス,2024/12/08,夜間帯,逆方向,-1900,-1900,0,0,0,0,-1900,安定度,0,0,0,0,2024/11/20 16:59:38
月間,202410,策定,北陸フェンス,2024/12/09,昼間帯,順方向,1090,1600,0,510,0,0,1600,周波数,0,0,0,0,2024/10/18 17:01:29
月間,202410,策定,北陸フェンス,2024/12/09,昼間帯,逆方向,-1900,-1900,0,0,0,0,-1900,安定度,0,0,0,0,2024/10/18 17:01:29
月間,202410,策定,北陸フェンス,2024/12/09,夜間帯,順方向,900,900,0,0,0,0,900,周波数,0,0,0,0,2024/10/18 17:01:29
月間,202410,策定,北陸フェンス,2024/12/09,夜間帯,逆方向,-1900,-1900,0,0,0,0,-1900,安定度,0,0,0,0,2024/10/18 17:01:29
月間,202411,策定,北陸フェンス,2024/12/09,昼間帯,順方向,1090,1600,0,510,0,0,1600,周波数,0,0,0,0,2024/11/20 16:59:38
月間,202411,策定,北陸フェンス,2024/12/09,昼間帯,逆方向,-1900,-1900,0,0,0,0,-1900,安定度,0,0,0,0,2024/11/20 16:59:38
月間,202411,策定,北陸フェンス,2024/12/09,夜間帯,順方向,900,900,0,0,0,0,900,周波数,0,0,0,0,2024/11/20 16:59:38
月間,202411,策定,北陸フェンス,2024/12/09,夜間帯,逆方向,-1900,-1900,0,0,0,0,-1900,安定度,0,0,0,0,2024/11/20 16:59:38
月間,202410,策定,北陸フェンス,2024/12/10,昼間帯,順方向,1090,1600,0,510,0,0,1600,周波数,0,0,0,0,2024/10/18 17:01:29
月間,202410,策定,北陸フェンス,2024/12/10,昼間帯,逆方向,-1900,-1900,0,0,0,0,-1900,安定度,0,0,0,0,2024/10/18 17:01:29
月間,202410,策定,北陸フェンス,2024/12/10,夜間帯,順方向,900,900,0,0,0,0,900,周波数,0,0,0,0,2024/10/18 17:01:29
月間,202410,策定,北陸フェンス,2024/12/10,夜間帯,逆方向,-1900,-1900,0,0,0,0,-1900,安定度,0,0,0,0,2024/10/18 17:01:29
月間,202411,策定,北陸フェンス,2024/12/10,昼間帯,順方向,1090,1600,0,510,0,0,1600,周波数,0,0,0,0,2024/11/20 16:59:38
月間,202411,策定,北陸フェンス,2024/12/10,昼間帯,逆方向,-1900,-1900,0,0,0,0,-1900,安定度,0,0,0,0,2024/11/20 16:59:38
月間,202411,策定,北陸フェンス,2024/12/10,夜間帯,順方向,900,900,0,0,0,0,900,周波数,0,0,0,0,2024/11/20 16:59:38
月間,202411,策定,北陸フェンス,2024/12/10,夜間帯,逆方向,-1900,-1900,0,0,0,0,-1900,安定度,0,0,0,0,2024/11/20 16:59:38
月間,202410,策定,北陸フェンス,2024/12/11,昼間帯,順方向,1090,1600,0,510,0,0,1600,周波数,0,0,0,0,2024/10/18 17:01:29
月間,202410,策定,北陸フェンス,2024/12/11,昼間帯,逆方向,-1900,-1900,0,0,0,0,-1900,安定度,0,0,0,0,2024/10/18 17:01:29
月間,202410,策定,北陸フェンス,2024/12/11,夜間帯,順方向,900,900,0,0,0,0,900,周波数,0,0,0,0,2024/10/18 17:01:29
月間,202410,策定,北陸フェンス,2024/12/11,夜間帯,逆方向,-1900,-1900,0,0,0,0,-1900,安定度,0,0,0,0,2024/10/18 17:01:29
月間,202411,策定,北陸フェンス,2024/12/11,昼間帯,順方向,1090,1600,0,510,0,0,1600,周波数,0,0,0,0,2024/11/20 16:59:38
月間,202411,策定,北陸フェンス,2024/12/11,昼間帯,逆方向,-1900,-1900,0,0,0,0,-1900,安定度,0,0,0,0,2024/11/20 16:59:38
月間,202411,策定,北陸フェンス,2024/12/11,夜間帯,順方向,900,900,0,0,0,0,900,周波数,0,0,0,0,2024/11/20 16:59:38
月間,202411,策定,北陸フェンス,2024/12/11,夜間帯,逆方向,-1900,-1900,0,0,0,0,-1900,安定度,0,0,0,0,2024/11/20 16:59:38
月間,202410,策定,北陸フェンス,2024/12/12,昼間帯,順方向,1090,1600,0,510,0,0,1600,周波数,0,0,0,0,2024/10/18 17:01:29
月間,202410,策定,北陸フェンス,2024/12/12,昼間帯,逆方向,-1900,-1900,0,0,0,0,-1900,安定度,0,0,0,0,2024/10/18 17:01:29
月間,202410,策定,北陸フェンス,2024/12/12,夜間帯,順方向,900,900,0,0,0,0,900,周波数,0,0,0,0,2024/10/18 17:01:29
月間,202410,策定,北陸フェンス,2024/12/12,夜間帯,逆方向,-1900,-1900,0,0,0,0,-1900,安定度,0,0,0,0,2024/10/18 17:01:29
月間,202411,策定,北陸フェンス,2024/12/12,昼間帯,順方向,1090,1600,0,510,0,0,1600,周波数,0,0,0,0,2024/11/20 16:59:38
月間,202411,策定,北陸フェンス,2024/12/12,昼間帯,逆方向,-1900,-1900,0,0,0,0,-1900,安定度,0,0,0,0,2024/11/20 16:59:38
月間,202411,策定,北陸フェンス,2024/12/12,夜間帯,順方向,900,900,0,0,0,0,900,周波数,0,0,0,0,2024/11/20 16:59:38
月間,202411,策定,北陸フェンス,2024/12/12,夜間帯,逆方向,-1900,-1900,0,0,0,0,-1900,安定度,0,0,0,0,2024/11/20 16:59:38
月間,202410,策定,北陸フェンス,2024/12/13,昼間帯,順方向,1090,1600,0,510,0,0,1600,周波数,0,0,0,0,2024/10/18 17:01:29
月間,202410,策定,北陸フェンス,2024/12/13,昼間帯,逆方向,-1900,-1900,0,0,0,0,-1900,安定度,0,0,0,0,2024/10/18 17:01:29
月間,202410,策定,北陸フェンス,2024/12/13,夜間帯,順方向,900,900,0,0,0,0,900,周波数,0,0,0,0,2024/10/18 17:01:29
月間,202410,策定,北陸フェンス,2024/12/13,夜間帯,逆方向,-1900,-1900,0,0,0,0,-1900,安定度,0,0,0,0,2024/10/18 17:01:29
月間,202411,策定,北陸フェンス,2024/12/13,昼間帯,順方向,1090,1600,0,510,0,0,1600,周波数,0,0,0,0,2024/11/20 16:59:38
月間,202411,策定,北陸フェンス,2024/12/13,昼間帯,逆方向,-1900,-1900,0,0,0,0,-1900,安定度,0,0,0,0,2024/11/20 16:59:38
月間,202411,策定,北陸フェンス,2024/12/13,夜間帯,順方向,900,900,0,0,0,0,900,周波数,0,0,0,0,2024/11/20 16:59:38
月間,202411,策定,北陸フェンス,2024/12/13,夜間帯,逆方向,-1900,-1900,0,0,0,0,-1900,安定度,0,0,0,0,2024/11/20 16:59:38
月間,202410,策定,北陸フェンス,2024/12/14,昼間帯,順方向,900,900,0,0,0,0,900,周波数,0,0,0,0,2024/10/18 17:01:29
月間,202410,策定,北陸フェンス,2024/12/14,昼間帯,逆方向,-1760,-1760,0,0,0,0,-1760,周波数,0,0,0,0,2024/10/18 17:01:29
月間,202410,策定,北陸フェンス,2024/12/14,夜間帯,順方向,900,900,0,0,0,0,900,周波数,0,0,0,0,2024/10/18 17:01:29
月間,202410,策定,北陸フェンス,2024/12/14,夜間帯,逆方向,-1900,-1900,0,0,0,0,-1900,安定度,0,0,0,0,2024/10/18 17:01:29
月間,202411,策定,北陸フェンス,2024/12/14,昼間帯,順方向,900,900,0,0,0,0,900,周波数,0,0,0,0,2024/11/20 16:59:38
月間,202411,策定,北陸フェンス,2024/12/14,昼間帯,逆方向,-1760,-1760,0,0,0,0,-1760,周波数,0,0,0,0,2024/11/20 16:59:38
月間,202411,策定,北陸フェンス,2024/12/14,夜間帯,順方向,900,900,0,0,0,0,900,周波数,0,0,0,0,2024/11/20 16:59:38
月間,202411,策定,北陸フェンス,2024/12/14,夜間帯,逆方向,-1900,-1900,0,0,0,0,-1900,安定度,0,0,0,0,2024/11/20 16:59:38
月間,202410,策定,北陸フェンス,2024/12/15,昼間帯,順方向,900,900,0,0,0,0,900,周波数,0,0,0,0,2024/10/18 17:01:29
月間,202410,策定,北陸フェンス,2024/12/15,昼間帯,逆方向,-1760,-1760,0,0,0,0,-1760,周波数,0,0,0,0,2024/10/18 17:01:29
月間,202410,策定,北陸フェンス,2024/12/15,夜間帯,順方向,900,900,0,0,0,0,900,周波数,0,0,0,0,2024/10/18 17:01:29
月間,202410,策定,北陸フェンス,2024/12/15,夜間帯,逆方向,-1900,-1900,0,0,0,0,-1900,安定度,0,0,0,0,2024/10/18 17:01:29
月間,202411,策定,北陸フェンス,2024/12/15,昼間帯,順方向,900,900,0,0,0,0,900,周波数,0,0,0,0,2024/11/20 16:59:38
月間,202411,策定,北陸フェンス,2024/12/15,昼間帯,逆方向,-1760,-1760,0,0,0,0,-1760,周波数,0,0,0,0,2024/11/20 16:59:38
月間,202411,策定,北陸フェンス,2024/12/15,夜間帯,順方向,900,900,0,0,0,0,900,周波数,0,0,0,0,2024/11/20 16:59:38
月間,202411,策定,北陸フェンス,2024/12/15,夜間帯,逆方向,-1900,-1900,0,0,0,0,-1900,安定度,0,0,0,0,2024/11/20 16:59:38
月間,202410,策定,北陸フェンス,2024/12/16,昼間帯,順方向,1090,1600,0,510,0,0,1600,周波数,0,0,0,0,2024/10/18 17:01:29
月間,202410,策定,北陸フェンス,2024/12/16,昼間帯,逆方向,-1900,-1900,0,0,0,0,-1900,安定度,0,0,0,0,2024/10/18 17:01:29
月間,202410,策定,北陸フェンス,2024/12/16,夜間帯,順方向,900,900,0,0,0,0,900,周波数,0,0,0,0,2024/10/18 17:01:29
月間,202410,策定,北陸フェンス,2024/12/16,夜間帯,逆方向,-1900,-1900,0,0,0,0,-1900,安定度,0,0,0,0,2024/10/18 17:01:29
月間,202411,策定,北陸フェンス,2024/12/16,昼間帯,順方向,1090,1600,0,510,0,0,1600,周波数,0,0,0,0,2024/11/20 16:59:38
月間,202411,策定,北陸フェンス,2024/12/16,昼間帯,逆方向,-1900,-1900,0,0,0,0,-1900,安定度,0,0,0,0,2024/11/20 16:59:38
月間,202411,策定,北陸フェンス,2024/12/16,夜間帯,順方向,900,900,0,0,0,0,900,周波数,0,0,0,0,2024/11/20 16:59:38
月間,202411,策定,北陸フェンス,2024/12/16,夜間帯,逆方向,-1900,-1900,0,0,0,0,-1900,安定度,0,0,0,0,2024/11/20 16:59:38
月間,202410,策定,北陸フェンス,2024/12/17,昼間帯,順方向,1090,1600,0,510,0,0,1600,周波数,0,0,0,0,2024/10/18 17:01:29
月間,202410,策定,北陸フェンス,2024/12/17,昼間帯,逆方向,-1900,-1900,0,0,0,0,-1900,安定度,0,0,0,0,2024/10/18 17:01:29
月間,202410,策定,北陸フェンス,2024/12/17,夜間帯,順方向,900,900,0,0,0,0,900,周波数,0,0,0,0,2024/10/18 17:01:29
月間,202410,策定,北陸フェンス,2024/12/17,夜間帯,逆方向,-1900,-1900,0,0,0,0,-1900,安定度,0,0,0,0,2024/10/18 17:01:29
月間,202411,策定,北陸フェンス,2024/12/17,昼間帯,順方向,1090,1600,0,510,0,0,1600,周波数,0,0,0,0,2024/11/20 16:59:38
月間,202411,策定,北陸フェンス,2024/12/17,昼間帯,逆方向,-1900,-1900,0,0,0,0,-1900,安定度,0,0,0,0,2024/11/20 16:59:38
月間,202411,策定,北陸フェンス,2024/12/17,夜間帯,順方向,900,900,0,0,0,0,900,周波数,0,0,0,0,2024/11/20 16:59:38
月間,202411,策定,北陸フェンス,2024/12/17,夜間帯,逆方向,-1900,-1900,0,0,0,0,-1900,安定度,0,0,0,0,2024/11/20 16:59:38
月間,202410,策定,北陸フェンス,2024/12/18,昼間帯,順方向,1090,1600,0,510,0,0,1600,周波数,0,0,0,0,2024/10/18 17:01:29
月間,202410,策定,北陸フェンス,2024/12/18,昼間帯,逆方向,-1900,-1900,0,0,0,0,-1900,安定度,0,0,0,0,2024/10/18 17:01:29
月間,202410,策定,北陸フェンス,2024/12/18,夜間帯,順方向,900,900,0,0,0,0,900,周波数,0,0,0,0,2024/10/18 17:01:29
月間,202410,策定,北陸フェンス,2024/12/18,夜間帯,逆方向,-1900,-1900,0,0,0,0,-1900,安定度,0,0,0,0,2024/10/18 17:01:29
月間,202411,策定,北陸フェンス,2024/12/18,昼間帯,順方向,1090,1600,0,510,0,0,1600,周波数,0,0,0,0,2024/11/20 16:59:38
月間,202411,策定,北陸フェンス,2024/12/18,昼間帯,逆方向,-1900,-1900,0,0,0,0,-1900,安定度,0,0,0,0,2024/11/20 16:59:38
月間,202411,策定,北陸フェンス,2024/12/18,夜間帯,順方向,900,900,0,0,0,0,900,周波数,0,0,0,0,2024/11/20 16:59:38
月間,202411,策定,北陸フェンス,2024/12/18,夜間帯,逆方向,-1900,-1900,0,0,0,0,-1900,安定度,0,0,0,0,2024/11/20 16:59:38
月間,202410,策定,北陸フェンス,2024/12/19,昼間帯,順方向,1090,1600,0,510,0,0,1600,周波数,0,0,0,0,2024/10/18 17:01:29
月間,202410,策定,北陸フェンス,2024/12/19,昼間帯,逆方向,-1900,-1900,0,0,0,0,-1900,安定度,0,0,0,0,2024/10/18 17:01:29
月間,202410,策定,北陸フェンス,2024/12/19,夜間帯,順方向,900,900,0,0,0,0,900,周波数,0,0,0,0,2024/10/18 17:01:29
月間,202410,策定,北陸フェンス,2024/12/19,夜間帯,逆方向,-1900,-1900,0,0,0,0,-1900,安定度,0,0,0,0,2024/10/18 17:01:29
月間,202411,策定,北陸フェンス,2024/12/19,昼間帯,順方向,1090,1600,0,510,0,0,1600,周波数,0,0,0,0,2024/11/20 16:59:38
月間,202411,策定,北陸フェンス,2024/12/19,昼間帯,逆方向,-1900,-1900,0,0,0,0,-1900,安定度,0,0,0,0,2024/11/20 16:59:38
月間,202411,策定,北陸フェンス,2024/12/19,夜間帯,順方向,900,900,0,0,0,0,900,周波数,0,0,0,0,2024/11/20 16:59:38
月間,202411,策定,北陸フェンス,2024/12/19,夜間帯,逆方向,-1900,-1900,0,0,0,0,-1900,安定度,0,0,0,0,2024/11/20 16:59:38
月間,202410,策定,北陸フェンス,2024/12/20,昼間帯,順方向,1090,1600,0,510,0,0,1600,周波数,0,0,0,0,2024/10/18 17:01:29
月間,202410,策定,北陸フェンス,2024/12/20,昼間帯,逆方向,-1900,-1900,0,0,0,0,-1900,安定度,0,0,0,0,2024/10/18 17:01:29
月間,202410,策定,北陸フェンス,2024/12/20,夜間帯,順方向,900,900,0,0,0,0,900,周波数,0,0,0,0,2024/10/18 17:01:29
月間,202410,策定,北陸フェンス,2024/12/20,夜間帯,逆方向,-1900,-1900,0,0,0,0,-1900,安定度,0,0,0,0,2024/10/18 17:01:29
月間,202411,策定,北陸フェンス,2024/12/20,昼間帯,順方向,1090,1600,0,510,0,0,1600,周波数,0,0,0,0,2024/11/20 16:59:38
月間,202411,策定,北陸フェンス,2024/12/20,昼間帯,逆方向,-1900,-1900,0,0,0,0,-1900,安定度,0,0,0,0,2024/11/20 16:59:38
月間,202411,策定,北陸フェンス,2024/12/20,夜間帯,順方向,900,900,0,0,0,0,900,周波数,0,0,0,0,2024/11/20 16:59:38
月間,202411,策定,北陸フェンス,2024/12/20,夜間帯,逆方向,-1900,-1900,0,0,0,0,-1900,安定度,0,0,0,0,2024/11/20 16:59:38
月間,202410,策定,北陸フェンス,2024/12/21,昼間帯,順方向,900,900,0,0,0,0,900,周波数,0,0,0,0,2024/10/18 17:01:29
月間,202410,策定,北陸フェンス,2024/12/21,昼間帯,逆方向,-1760,-1760,0,0,0,0,-1760,周波数,0,0,0,0,2024/10/18 17:01:29
月間,202410,策定,北陸フェンス,2024/12/21,夜間帯,順方向,900,900,0,0,0,0,900,周波数,0,0,0,0,2024/10/18 17:01:29
月間,202410,策定,北陸フェンス,2024/12/21,夜間帯,逆方向,-1900,-1900,0,0,0,0,-1900,安定度,0,0,0,0,2024/10/18 17:01:29
月間,202411,策定,北陸フェンス,2024/12/21,昼間帯,順方向,900,900,0,0,0,0,900,周波数,0,0,0,0,2024/11/20 16:59:38
月間,202411,策定,北陸フェンス,2024/12/21,昼間帯,逆方向,-1760,-1760,0,0,0,0,-1760,周波数,0,0,0,0,2024/11/20 16:59:38
月間,202411,策定,北陸フェンス,2024/12/21,夜間帯,順方向,900,900,0,0,0,0,900,周波数,0,0,0,0,2024/11/20 16:59:38
月間,202411,策定,北陸フェンス,2024/12/21,夜間帯,逆方向,-1900,-1900,0,0,0,0,-1900,安定度,0,0,0,0,2024/11/20 16:59:38
月間,202410,策定,北陸フェンス,2024/12/22,昼間帯,順方向,900,900,0,0,0,0,900,周波数,0,0,0,0,2024/10/18 17:01:29
月間,202410,策定,北陸フェンス,2024/12/22,昼間帯,逆方向,-1760,-1760,0,0,0,0,-1760,周波数,0,0,0,0,2024/10/18 17:01:29
月間,202410,策定,北陸フェンス,2024/12/22,夜間帯,順方向,900,900,0,0,0,0,900,周波数,0,0,0,0,2024/10/18 17:01:29
月間,202410,策定,北陸フェンス,2024/12/22,夜間帯,逆方向,-1900,-1900,0,0,0,0,-1900,安定度,0,0,0,0,2024/10/18 17:01:29
月間,202411,策定,北陸フェンス,2024/12/22,昼間帯,順方向,900,900,0,0,0,0,900,周波数,0,0,0,0,2024/11/20 16:59:38
月間,202411,策定,北陸フェンス,2024/12/22,昼間帯,逆方向,-1760,-1760,0,0,0,0,-1760,周波数,0,0,0,0,2024/11/20 16:59:38
月間,202411,策定,北陸フェンス,2024/12/22,夜間帯,順方向,900,900,0,0,0,0,900,周波数,0,0,0,0,2024/11/20 16:59:38
月間,202411,策定,北陸フェンス,2024/12/22,夜間帯,逆方向,-1900,-1900,0,0,0,0,-1900,安定度,0,0,0,0,2024/11/20 16:59:38
月間,202410,策定,北陸フェンス,2024/12/23,昼間帯,順方向,1090,1600,0,510,0,0,1600,周波数,0,0,0,0,2024/10/18 17:01:29
月間,202410,策定,北陸フェンス,2024/12/23,昼間帯,逆方向,-1900,-1900,0,0,0,0,-1900,安定度,0,0,0,0,2024/10/18 17:01:29
月間,202410,策定,北陸フェンス,2024/12/23,夜間帯,順方向,900,900,0,0,0,0,900,周波数,0,0,0,0,2024/10/18 17:01:29
月間,202410,策定,北陸フェンス,2024/12/23,夜間帯,逆方向,-1900,-1900,0,0,0,0,-1900,安定度,0,0,0,0,2024/10/18 17:01:29
月間,202411,策定,北陸フェンス,2024/12/23,昼間帯,順方向,1090,1600,0,510,0,0,1600,周波数,0,0,0,0,2024/11/20 16:59:38
月間,202411,策定,北陸フェンス,2024/12/23,昼間帯,逆方向,-1900,-1900,0,0,0,0,-1900,安定度,0,0,0,0,2024/11/20 16:59:38
月間,202411,策定,北陸フェンス,2024/12/23,夜間帯,順方向,900,900,0,0,0,0,900,周波数,0,0,0,0,2024/11/20 16:59:38
月間,202411,策定,北陸フェンス,2024/12/23,夜間帯,逆方向,-1900,-1900,0,0,0,0,-1900,安定度,0,0,0,0,2024/11/20 16:59:38
月間,202410,策定,北陸フェンス,2024/12/24,昼間帯,順方向,1090,1600,0,510,0,0,1600,周波数,0,0,0,0,2024/10/18 17:01:29
月間,202410,策定,北陸フェンス,2024/12/24,昼間帯,逆方向,-1900,-1900,0,0,0,0,-1900,安定度,0,0,0,0,2024/10/18 17:01:29
月間,202410,策定,北陸フェンス,2024/12/24,夜間帯,順方向,900,900,0,0,0,0,900,周波数,0,0,0,0,2024/10/18 17:01:29
月間,202410,策定,北陸フェンス,2024/12/24,夜間帯,逆方向,-1900,-1900,0,0,0,0,-1900,安定度,0,0,0,0,2024/10/18 17:01:29
月間,202411,策定,北陸フェンス,2024/12/24,昼間帯,順方向,1090,1600,0,510,0,0,1600,周波数,0,0,0,0,2024/11/20 16:59:38
月間,202411,策定,北陸フェンス,2024/12/24,昼間帯,逆方向,-1900,-1900,0,0,0,0,-1900,安定度,0,0,0,0,2024/11/20 16:59:38
月間,202411,策定,北陸フェンス,2024/12/24,夜間帯,順方向,900,900,0,0,0,0,900,周波数,0,0,0,0,2024/11/20 16:59:38
月間,202411,策定,北陸フェンス,2024/12/24,夜間帯,逆方向,-1900,-1900,0,0,0,0,-1900,安定度,0,0,0,0,2024/11/20 16:59:38
月間,202410,策定,北陸フェンス,2024/12/25,昼間帯,順方向,1090,1600,0,510,0,0,1600,周波数,0,0,0,0,2024/10/18 17:01:29
月間,202410,策定,北陸フェンス,2024/12/25,昼間帯,逆方向,-1900,-1900,0,0,0,0,-1900,安定度,0,0,0,0,2024/10/18 17:01:29
月間,202410,策定,北陸フェンス,2024/12/25,夜間帯,順方向,900,900,0,0,0,0,900,周波数,0,0,0,0,2024/10/18 17:01:29
月間,202410,策定,北陸フェンス,2024/12/25,夜間帯,逆方向,-1900,-1900,0,0,0,0,-1900,安定度,0,0,0,0,2024/10/18 17:01:29
月間,202411,策定,北陸フェンス,2024/12/25,昼間帯,順方向,1090,1600,0,510,0,0,1600,周波数,0,0,0,0,2024/11/20 16:59:38
月間,202411,策定,北陸フェンス,2024/12/25,昼間帯,逆方向,-1900,-1900,0,0,0,0,-1900,安定度,0,0,0,0,2024/11/20 16:59:38
月間,202411,策定,北陸フェンス,2024/12/25,夜間帯,順方向,900,900,0,0,0,0,900,周波数,0,0,0,0,2024/11/20 16:59:38
月間,202411,策定,北陸フェンス,2024/12/25,夜間帯,逆方向,-1900,-1900,0,0,0,0,-1900,安定度,0,0,0,0,2024/11/20 16:59:38
月間,202410,策定,北陸フェンス,2024/12/26,昼間帯,順方向,1090,1600,0,510,0,0,1600,周波数,0,0,0,0,2024/10/18 17:01:29
月間,202410,策定,北陸フェンス,2024/12/26,昼間帯,逆方向,-1900,-1900,0,0,0,0,-1900,安定度,0,0,0,0,2024/10/18 17:01:29
月間,202410,策定,北陸フェンス,2024/12/26,夜間帯,順方向,900,900,0,0,0,0,900,周波数,0,0,0,0,2024/10/18 17:01:29
月間,202410,策定,北陸フェンス,2024/12/26,夜間帯,逆方向,-1900,-1900,0,0,0,0,-1900,安定度,0,0,0,0,2024/10/18 17:01:29
月間,202411,策定,北陸フェンス,2024/12/26,昼間帯,順方向,1090,1600,0,510,0,0,1600,周波数,0,0,0,0,2024/11/20 16:59:38
月間,202411,策定,北陸フェンス,2024/12/26,昼間帯,逆方向,-1900,-1900,0,0,0,0,-1900,安定度,0,0,0,0,2024/11/20 16:59:38
月間,202411,策定,北陸フェンス,2024/12/26,夜間帯,順方向,900,900,0,0,0,0,900,周波数,0,0,0,0,2024/11/20 16:59:38
月間,202411,策定,北陸フェンス,2024/12/26,夜間帯,逆方向,-1900,-1900,0,0,0,0,-1900,安定度,0,0,0,0,2024/11/20 16:59:38
月間,202410,策定,北陸フェンス,2024/12/27,昼間帯,順方向,1090,1600,0,510,0,0,1600,周波数,0,0,0,0,2024/10/18 17:01:29
月間,202410,策定,北陸フェンス,2024/12/27,昼間帯,逆方向,-1900,-1900,0,0,0,0,-1900,安定度,0,0,0,0,2024/10/18 17:01:29
月間,202410,策定,北陸フェンス,2024/12/27,夜間帯,順方向,900,900,0,0,0,0,900,周波数,0,0,0,0,2024/10/18 17:01:29
月間,202410,策定,北陸フェンス,2024/12/27,夜間帯,逆方向,-1900,-1900,0,0,0,0,-1900,安定度,0,0,0,0,2024/10/18 17:01:29
月間,202411,策定,北陸フェンス,2024/12/27,昼間帯,順方向,1090,1600,0,510,0,0,1600,周波数,0,0,0,0,2024/11/20 16:59:38
月間,202411,策定,北陸フェンス,2024/12/27,昼間帯,逆方向,-1900,-1900,0,0,0,0,-1900,安定度,0,0,0,0,2024/11/20 16:59:38
月間,202411,策定,北陸フェンス,2024/12/27,夜間帯,順方向,900,900,0,0,0,0,900,周波数,0,0,0,0,2024/11/20 16:59:38
月間,202411,策定,北陸フェンス,2024/12/27,夜間帯,逆方向,-1900,-1900,0,0,0,0,-1900,安定度,0,0,0,0,2024/11/20 16:59:38
月間,202410,策定,北陸フェンス,2024/12/28,昼間帯,順方向,900,900,0,0,0,0,900,周波数,0,0,0,0,2024/10/18 17:01:29
月間,202410,策定,北陸フェンス,2024/12/28,昼間帯,逆方向,-1760,-1760,0,0,0,0,-1760,周波数,0,0,0,0,2024/10/18 17:01:29
月間,202410,策定,北陸フェンス,2024/12/28,夜間帯,順方向,900,900,0,0,0,0,900,周波数,0,0,0,0,2024/10/18 17:01:29
月間,202410,策定,北陸フェンス,2024/12/28,夜間帯,逆方向,-1900,-1900,0,0,0,0,-1900,安定度,0,0,0,0,2024/10/18 17:01:29
月間,202411,策定,北陸フェンス,2024/12/28,昼間帯,順方向,900,900,0,0,0,0,900,周波数,0,0,0,0,2024/11/20 16:59:38
月間,202411,策定,北陸フェンス,2024/12/28,昼間帯,逆方向,-1760,-1760,0,0,0,0,-1760,周波数,0,0,0,0,2024/11/20 16:59:38
月間,202411,策定,北陸フェンス,2024/12/28,夜間帯,順方向,900,900,0,0,0,0,900,周波数,0,0,0,0,2024/11/20 16:59:38
月間,202411,策定,北陸フェンス,2024/12/28,夜間帯,逆方向,-1900,-1900,0,0,0,0,-1900,安定度,0,0,0,0,2024/11/20 16:59:38
月間,202410,策定,北陸フェンス,2024/12/29,昼間帯,順方向,900,900,0,0,0,0,900,周波数,0,0,0,0,2024/10/18 17:01:29
月間,202410,策定,北陸フェンス,2024/12/29,昼間帯,逆方向,-1760,-1760,0,0,0,0,-1760,周波数,0,0,0,0,2024/10/18 17:01:29
月間,202410,策定,北陸フェンス,2024/12/29,夜間帯,順方向,900,900,0,0,0,0,900,周波数,0,0,0,0,2024/10/18 17:01:29
月間,202410,策定,北陸フェンス,2024/12/29,夜間帯,逆方向,-1900,-1900,0,0,0,0,-1900,安定度,0,0,0,0,2024/10/18 17:01:29
月間,202411,策定,北陸フェンス,2024/12/29,昼間帯,順方向,900,900,0,0,0,0,900,周波数,0,0,0,0,2024/11/20 16:59:38
月間,202411,策定,北陸フェンス,2024/12/29,昼間帯,逆方向,-1760,-1760,0,0,0,0,-1760,周波数,0,0,0,0,2024/11/20 16:59:38
月間,202411,策定,北陸フェンス,2024/12/29,夜間帯,順方向,900,900,0,0,0,0,900,周波数,0,0,0,0,2024/11/20 16:59:38
月間,202411,策定,北陸フェンス,2024/12/29,夜間帯,逆方向,-1900,-1900,0,0,0,0,-1900,安定度,0,0,0,0,2024/11/20 16:59:38
月間,202410,策定,北陸フェンス,2024/12/30,昼間帯,順方向,900,900,0,0,0,0,900,周波数,0,0,0,0,2024/10/18 17:01:29
月間,202410,策定,北陸フェンス,2024/12/30,昼間帯,逆方向,-1740,-1740,0,0,0,0,-1740,周波数,0,0,0,0,2024/10/18 17:01:29
月間,202410,策定,北陸フェンス,2024/12/30,夜間帯,順方向,900,900,0,0,0,0,900,周波数,0,0,0,0,2024/10/18 17:01:29
月間,202410,策定,北陸フェンス,2024/12/30,夜間帯,逆方向,-1900,-1900,0,0,0,0,-1900,安定度,0,0,0,0,2024/10/18 17:01:29
月間,202411,策定,北陸フェンス,2024/12/30,昼間帯,順方向,900,900,0,0,0,0,900,周波数,0,0,0,0,2024/11/20 16:59:38
月間,202411,策定,北陸フェンス,2024/12/30,昼間帯,逆方向,-1740,-1740,0,0,0,0,-1740,周波数,0,0,0,0,2024/11/20 16:59:38
月間,202411,策定,北陸フェンス,2024/12/30,夜間帯,順方向,900,900,0,0,0,0,900,周波数,0,0,0,0,2024/11/20 16:59:38
月間,202411,策定,北陸フェンス,2024/12/30,夜間帯,逆方向,-1900,-1900,0,0,0,0,-1900,安定度,0,0,0,0,2024/11/20 16:59:38
月間,202410,策定,北陸フェンス,2024/12/31,昼間帯,順方向,900,900,0,0,0,0,900,周波数,0,0,0,0,2024/10/18 17:01:29
月間,202410,策定,北陸フェンス,2024/12/31,昼間帯,逆方向,-1740,-1740,0,0,0,0,-1740,周波数,0,0,0,0,2024/10/18 17:01:29
月間,202410,策定,北陸フェンス,2024/12/31,夜間帯,順方向,900,900,0,0,0,0,900,周波数,0,0,0,0,2024/10/18 17:01:29
月間,202410,策定,北陸フェンス,2024/12/31,夜間帯,逆方向,-1900,-1900,0,0,0,0,-1900,安定度,0,0,0,0,2024/10/18 17:01:29
月間,202411,策定,北陸フェンス,2024/12/31,昼間帯,順方向,900,900,0,0,0,0,900,周波数,0,0,0,0,2024/11/20 16:59:38
月間,202411,策定,北陸フェンス,2024/12/31,昼間帯,逆方向,-1740,-1740,0,0,0,0,-1740,周波数,0,0,0,0,2024/11/20 16:59:38
月間,202411,策定,北陸フェンス,2024/12/31,夜間帯,順方向,900,900,0,0,0,0,900,周波数,0,0,0,0,2024/11/20 16:59:38
月間,202411,策定,北陸フェンス,2024/12/31,夜間帯,逆方向,-1900,-1900,0,0,0,0,-1900,安定度,0,0,0,0,2024/11/20 16:59:38
月間,202411,策定,北海道・本州間電力連系設備,2025/01/01,昼間帯,順方向,700,700,0,0,0,0,700,電圧,0,0,0,0,2024/11/20 16:59:38
月間,202411,策定,北海道・本州間電力連系設備,2025/01/01,昼間帯,逆方向,-390,-390,0,-510,-510,0,-900,熱容量,0,0,0,0,2024/11/20 16:59:38
月間,202411,策定,北海道・本州間電力連系設備,2025/01/01,夜間帯,順方向,700,700,0,0,0,0,700,電圧,0,0,0,0,2024/11/20 16:59:38
月間,202411,策定,北海道・本州間電力連系設備,2025/01/01,夜間帯,逆方向,-410,-410,0,-490,-490,0,-900,熱容量,0,0,0,0,2024/11/20 16:59:38
月間,202411,策定,北海道・本州間電力連系設備,2025/01/02,昼間帯,順方向,700,700,0,0,0,0,700,電圧,0,0,0,0,2024/11/20 16:59:38
月間,202411,策定,北海道・本州間電力連系設備,2025/01/02,昼間帯,逆方向,-390,-390,0,-510,-510,0,-900,熱容量,0,0,0,0,2024/11/20 16:59:38
月間,202411,策定,北海道・本州間電力連系設備,2025/01/02,夜間帯,順方向,700,700,0,0,0,0,700,電圧,0,0,0,0,2024/11/20 16:59:38
月間,202411,策定,北海道・本州間電力連系設備,2025/01/02,夜間帯,逆方向,-410,-410,0,-490,-490,0,-900,熱容量,0,0,0,0,2024/11/20 16:59:38
月間,202411,策定,北海道・本州間電力連系設備,2025/01/03,昼間帯,順方向,700,700,0,0,0,0,700,電圧,0,0,0,0,2024/11/20 16:59:38
月間,202411,策定,北海道・本州間電力連系設備,2025/01/03,昼間帯,逆方向,-390,-390,0,-510,-510,0,-900,熱容量,0,0,0,0,2024/11/20 16:59:38
月間,202411,策定,北海道・本州間電力連系設備,2025/01/03,夜間帯,順方向,700,700,0,0,0,0,700,電圧,0,0,0,0,2024/11/20 16:59:38
月間,202411,策定,北海道・本州間電力連系設備,2025/01/03,夜間帯,逆方向,-410,-410,0,-490,-490,0,-900,熱容量,0,0,0,0,2024/11/20 16:59:38
月間,202411,策定,北海道・本州間電力連系設備,2025/01/04,昼間帯,順方向,700,700,0,0,0,0,700,電圧,0,0,0,0,2024/11/20 16:59:38
月間,202411,策定,北海道・本州間電力連系設備,2025/01/04,昼間帯,逆方向,-390,-390,0,-510,-510,0,-900,熱容量,0,0,0,0,2024/11/20 16:59:38
月間,202411,策定,北海道・本州間電力連系設備,2025/01/04,夜間帯,順方向,700,700,0,0,0,0,700,電圧,0,0,0,0,2024/11/20 16:59:38
月間,202411,策定,北海道・本州間電力連系設備,2025/01/04,夜間帯,逆方向,-410,-410,0,-490,-490,0,-900,熱容量,0,0,0,0,2024/11/20 16:59:38
月間,202412,策定,北海道・本州間電力連系設備,2025/01/04,昼間帯,順方向,700,700,0,200,200,0,900,熱容量,0,0,0,0,2024/12/20 17:04:17
月間,202412,策定,北海道・本州間電力連系設備,2025/01/04,昼間帯,逆方向,-390,-390,0,-510,-510,0,-900,熱容量,0,0,0,0,2024/12/20 17:04:17
月間,202412,策定,北海道・本州間電力連系設備,2025/01/04,夜間帯,順方向,740,740,0,160,160,0,900,熱容量,0,0,0,0,2024/12/20 17:04:17
月間,202412,策定,北海道・本州間電力連系設備,2025/01/04,夜間帯,逆方向,-410,-410,0,-490,-490,0,-900,熱容量,0,0,0,0,2024/12/20 17:04:17
月間,202411,策定,北海道・本州間電力連系設備,2025/01/05,昼間帯,順方向,700,700,0,0,0,0,700,電圧,0,0,0,0,2024/11/20 16:59:38
月間,202411,策定,北海道・本州間電力連系設備,2025/01/05,昼間帯,逆方向,-390,-390,0,-510,-510,0,-900,熱容量,0,0,0,0,2024/11/20 16:59:38
月間,202411,策定,北海道・本州間電力連系設備,2025/01/05,夜間帯,順方向,700,700,0,0,0,0,700,電圧,0,0,0,0,2024/11/20 16:59:38
月間,202411,策定,北海道・本州間電力連系設備,2025/01/05,夜間帯,逆方向,-410,-410,0,-490,-490,0,-900,熱容量,0,0,0,0,2024/11/20 16:59:38
月間,202412,策定,北海道・本州間電力連系設備,2025/01/05,昼間帯,順方向,700,700,0,200,200,0,900,熱容量,0,0,0,0,2024/12/20 17:04:17
月間,202412,策定,北海道・本州間電力連系設備,2025/01/05,昼間帯,逆方向,-390,-390,0,-510,-510,0,-900,熱容量,0,0,0,0,2024/12/20 17:04:17
月間,202412,策定,北海道・本州間電力連系設備,2025/01/05,夜間帯,順方向,740,740,0,160,160,0,900,熱容量,0,0,0,0,2024/12/20 17:04:17
月間,202412,策定,北海道・本州間電力連系設備,2025/01/05,夜間帯,逆方向,-410,-410,0,-490,-490,0,-900,熱容量,0,0,0,0,2024/12/20 17:04:17
月間,202411,策定,北海道・本州間電力連系設備,2025/01/06,昼間帯,順方向,700,700,0,0,0,0,700,電圧,0,0,0,0,2024/11/20 16:59:38
月間,202411,策定,北海道・本州間電力連系設備,2025/01/06,昼間帯,逆方向,-410,-410,0,-490,-490,0,-900,熱容量,0,0,0,0,2024/11/20 16:59:38
月間,202411,策定,北海道・本州間電力連系設備,2025/01/06,夜間帯,順方向,700,700,0,0,0,0,700,電圧,0,0,0,0,2024/11/20 16:59:38
月間,202411,策定,北海道・本州間電力連系設備,2025/01/06,夜間帯,逆方向,-420,-420,0,-480,-480,0,-900,熱容量,0,0,0,0,2024/11/20 16:59:38
月間,202412,策定,北海道・本州間電力連系設備,2025/01/06,昼間帯,順方向,750,750,0,150,150,0,900,熱容量,0,0,0,0,2024/12/20 17:04:17
月間,202412,策定,北海道・本州間電力連系設備,2025/01/06,昼間帯,逆方向,-410,-410,0,-490,-490,0,-900,熱容量,0,0,0,0,2024/12/20 17:04:17
月間,202412,策定,北海道・本州間電力連系設備,2025/01/06,夜間帯,順方向,760,760,0,140,140,0,900,熱容量,0,0,0,0,2024/12/20 17:04:17
月間,202412,策定,北海道・本州間電力連系設備,2025/01/06,夜間帯,逆方向,-420,-420,0,-480,-480,0,-900,熱容量,0,0,0,0,2024/12/20 17:04:17
月間,202411,策定,北海道・本州間電力連系設備,2025/01/07,昼間帯,順方向,700,700,0,0,0,0,700,電圧,0,0,0,0,2024/11/20 16:59:38
月間,202411,策定,北海道・本州間電力連系設備,2025/01/07,昼間帯,逆方向,-410,-410,0,-490,-490,0,-900,熱容量,0,0,0,0,2024/11/20 16:59:38
月間,202411,策定,北海道・本州間電力連系設備,2025/01/07,夜間帯,順方向,700,700,0,0,0,0,700,電圧,0,0,0,0,2024/11/20 16:59:38
月間,202411,策定,北海道・本州間電力連系設備,2025/01/07,夜間帯,逆方向,-420,-420,0,-480,-480,0,-900,熱容量,0,0,0,0,2024/11/20 16:59:38
月間,202412,策定,北海道・本州間電力連系設備,2025/01/07,昼間帯,順方向,750,750,0,150,150,0,900,熱容量,0,0,0,0,2024/12/20 17:04:17
月間,202412,策定,北海道・本州間電力連系設備,2025/01/07,昼間帯,逆方向,-410,-410,0,-490,-490,0,-900,熱容量,0,0,0,0,2024/12/20 17:04:17
月間,202412,策定,北海道・本州間電力連系設備,2025/01/07,夜間帯,順方向,760,760,0,140,140,0,900,熱容量,0,0,0,0,2024/12/20 17:04:17
月間,202412,策定,北海道・本州間電力連系設備,2025/01/07,夜間帯,逆方向,-420,-420,0,-480,-480,0,-900,熱容量,0,0,0,0,2024/12/20 17:04:17
月間,202411,策定,北海道・本州間電力連系設備,2025/01/08,昼間帯,順方向,700,700,0,0,0,0,700,電圧,0,0,0,0,2024/11/20 16:59:38
月間,202411,策定,北海道・本州間電力連系設備,2025/01/08,昼間帯,逆方向,-410,-410,0,-490,-490,0,-900,熱容量,0,0,0,0,2024/11/20 16:59:38
月間,202411,策定,北海道・本州間電力連系設備,2025/01/08,夜間帯,順方向,700,700,0,0,0,0,700,電圧,0,0,0,0,2024/11/20 16:59:38
月間,202411,策定,北海道・本州間電力連系設備,2025/01/08,夜間帯,逆方向,-420,-420,0,-480,-480,0,-900,熱容量,0,0,0,0,2024/11/20 16:59:38
月間,202412,策定,北海道・本州間電力連系設備,2025/01/08,昼間帯,順方向,750,750,0,150,150,0,900,熱容量,0,0,0,0,2024/12/20 17:04:17
月間,202412,策定,北海道・本州間電力連系設備,2025/01/08,昼間帯,逆方向,-410,-410,0,-490,-490,0,-900,熱容量,0,0,0,0,2024/12/20 17:04:17
月間,202412,策定,北海道・本州間電力連系設備,2025/01/08,夜間帯,順方向,760,760,0,140,140,0,900,熱容量,0,0,0,0,2024/12/20 17:04:17
月間,202412,策定,北海道・本州間電力連系設備,2025/01/08,夜間帯,逆方向,-420,-420,0,-480,-480,0,-900,熱容量,0,0,0,0,2024/12/20 17:04:17
月間,202411,策定,北海道・本州間電力連系設備,2025/01/09,昼間帯,順方向,700,700,0,0,0,0,700,電圧,0,0,0,0,2024/11/20 16:59:38
月間,202411,策定,北海道・本州間電力連系設備,2025/01/09,昼間帯,逆方向,-410,-410,0,-490,-490,0,-900,熱容量,0,0,0,0,2024/11/20 16:59:38
月間,202411,策定,北海道・本州間電力連系設備,2025/01/09,夜間帯,順方向,700,700,0,0,0,0,700,電圧,0,0,0,0,2024/11/20 16:59:38
月間,202411,策定,北海道・本州間電力連系設備,2025/01/09,夜間帯,逆方向,-420,-420,0,-480,-480,0,-900,熱容量,0,0,0,0,2024/11/20 16:59:38
月間,202412,策定,北海道・本州間電力連系設備,2025/01/09,昼間帯,順方向,750,750,0,150,150,0,900,熱容量,0,0,0,0,2024/12/20 17:04:17
月間,202412,策定,北海道・本州間電力連系設備,2025/01/09,昼間帯,逆方向,-410,-410,0,-490,-490,0,-900,熱容量,0,0,0,0,2024/12/20 17:04:17
月間,202412,策定,北海道・本州間電力連系設備,2025/01/09,夜間帯,順方向,760,760,0,140,140,0,900,熱容量,0,0,0,0,2024/12/20 17:04:17
月間,202412,策定,北海道・本州間電力連系設備,2025/01/09,夜間帯,逆方向,-420,-420,0,-480,-480,0,-900,熱容量,0,0,0,0,2024/12/20 17:04:17
月間,202411,策定,北海道・本州間電力連系設備,2025/01/10,昼間帯,順方向,700,700,0,0,0,0,700,電圧,0,0,0,0,2024/11/20 16:59:38
月間,202411,策定,北海道・本州間電力連系設備,2025/01/10,昼間帯,逆方向,-410,-410,0,-490,-490,0,-900,熱容量,0,0,0,0,2024/11/20 16:59:38
月間,202411,策定,北海道・本州間電力連系設備,2025/01/10,夜間帯,順方向,700,700,0,0,0,0,700,電圧,0,0,0,0,2024/11/20 16:59:38
月間,202411,策定,北海道・本州間電力連系設備,2025/01/10,夜間帯,逆方向,-420,-420,0,-480,-480,0,-900,熱容量,0,0,0,0,2024/11/20 16:59:38
月間,202412,策定,北海道・本州間電力連系設備,2025/01/10,昼間帯,順方向,750,750,0,150,150,0,900,熱容量,0,0,0,0,2024/12/20 17:04:17
月間,202412,策定,北海道・本州間電力連系設備,2025/01/10,昼間帯,逆方向,-410,-410,0,-490,-490,0,-900,熱容量,0,0,0,0,2024/12/20 17:04:17
月間,202412,策定,北海道・本州間電力連系設備,2025/01/10,夜間帯,順方向,760,760,0,140,140,0,900,熱容量,0,0,0,0,2024/12/20 17:04:17
月間,202412,策定,北海道・本州間電力連系設備,2025/01/10,夜間帯,逆方向,-420,-420,0,-480,-480,0,-900,熱容量,0,0,0,0,2024/12/20 17:04:17
月間,202411,策定,北海道・本州間電力連系設備,2025/01/11,昼間帯,順方向,700,700,0,0,0,0,700,電圧,0,0,0,0,2024/11/20 16:59:38
月間,202411,策定,北海道・本州間電力連系設備,2025/01/11,昼間帯,逆方向,-390,-390,0,-510,-510,0,-900,熱容量,0,0,0,0,2024/11/20 16:59:38
月間,202411,策定,北海道・本州間電力連系設備,2025/01/11,夜間帯,順方向,700,700,0,0,0,0,700,電圧,0,0,0,0,2024/11/20 16:59:38
月間,202411,策定,北海道・本州間電力連系設備,2025/01/11,夜間帯,逆方向,-410,-410,0,-490,-490,0,-900,熱容量,0,0,0,0,2024/11/20 16:59:38
月間,202412,策定,北海道・本州間電力連系設備,2025/01/11,昼間帯,順方向,700,700,0,200,200,0,900,熱容量,0,0,0,0,2024/12/20 17:04:17
月間,202412,策定,北海道・本州間電力連系設備,2025/01/11,昼間帯,逆方向,-390,-390,0,-510,-510,0,-900,熱容量,0,0,0,0,2024/12/20 17:04:17
月間,202412,策定,北海道・本州間電力連系設備,2025/01/11,夜間帯,順方向,740,740,0,160,160,0,900,熱容量,0,0,0,0,2024/12/20 17:04:17
月間,202412,策定,北海道・本州間電力連系設備,2025/01/11,夜間帯,逆方向,-410,-410,0,-490,-490,0,-900,熱容量,0,0,0,0,2024/12/20 17:04:17
月間,202411,策定,北海道・本州間電力連系設備,2025/01/12,昼間帯,順方向,700,700,0,0,0,0,700,電圧,0,0,0,0,2024/11/20 16:59:38
月間,202411,策定,北海道・本州間電力連系設備,2025/01/12,昼間帯,逆方向,-390,-390,0,-510,-510,0,-900,熱容量,0,0,0,0,2024/11/20 16:59:38
月間,202411,策定,北海道・本州間電力連系設備,2025/01/12,夜間帯,順方向,700,700,0,0,0,0,700,電圧,0,0,0,0,2024/11/20 16:59:38
月間,202411,策定,北海道・本州間電力連系設備,2025/01/12,夜間帯,逆方向,-410,-410,0,-490,-490,0,-900,熱容量,0,0,0,0,2024/11/20 16:59:38
月間,202412,策定,北海道・本州間電力連系設備,2025/01/12,昼間帯,順方向,700,700,0,200,200,0,900,熱容量,0,0,0,0,2024/12/20 17:04:17
月間,202412,策定,北海道・本州間電力連系設備,2025/01/12,昼間帯,逆方向,-390,-390,0,-510,-510,0,-900,熱容量,0,0,0,0,2024/12/20 17:04:17
月間,202412,策定,北海道・本州間電力連系設備,2025/01/12,夜間帯,順方向,740,740,0,160,160,0,900,熱容量,0,0,0,0,2024/12/20 17:04:17
月間,202412,策定,北海道・本州間電力連系設備,2025/01/12,夜間帯,逆方向,-410,-410,0,-490,-490,0,-900,熱容量,0,0,0,0,2024/12/20 17:04:17
月間,202411,策定,北海道・本州間電力連系設備,2025/01/13,昼間帯,順方向,700,700,0,0,0,0,700,電圧,0,0,0,0,2024/11/20 16:59:38
月間,202411,策定,北海道・本州間電力連系設備,2025/01/13,昼間帯,逆方向,-390,-390,0,-510,-510,0,-900,熱容量,0,0,0,0,2024/11/20 16:59:38
月間,202411,策定,北海道・本州間電力連系設備,2025/01/13,夜間帯,順方向,700,700,0,0,0,0,700,電圧,0,0,0,0,2024/11/20 16:59:38
月間,202411,策定,北海道・本州間電力連系設備,2025/01/13,夜間帯,逆方向,-410,-410,0,-490,-490,0,-900,熱容量,0,0,0,0,2024/11/20 16:59:38
月間,202412,策定,北海道・本州間電力連系設備,2025/01/13,昼間帯,順方向,700,700,0,200,200,0,900,熱容量,0,0,0,0,2024/12/20 17:04:17
月間,202412,策定,北海道・本州間電力連系設備,2025/01/13,昼間帯,逆方向,-390,-390,0,-510,-510,0,-900,熱容量,0,0,0,0,2024/12/20 17:04:17
月間,202412,策定,北海道・本州間電力連系設備,2025/01/13,夜間帯,順方向,740,740,0,160,160,0,900,熱容量,0,0,0,0,2024/12/20 17:04:17
月間,202412,策定,北海道・本州間電力連系設備,2025/01/13,夜間帯,逆方向,-410,-410,0,-490,-490,0,-900,熱容量,0,0,0,0,2024/12/20 17:04:17
月間,202411,策定,北海道・本州間電力連系設備,2025/01/14,昼間帯,順方向,700,700,0,0,0,0,700,電圧,0,0,0,0,2024/11/20 16:59:38
月間,202411,策定,北海道・本州間電力連系設備,2025/01/14,昼間帯,逆方向,-410,-410,0,-490,-490,0,-900,熱容量,0,0,0,0,2024/11/20 16:59:38
月間,202411,策定,北海道・本州間電力連系設備,2025/01/14,夜間帯,順方向,700,700,0,0,0,0,700,電圧,0,0,0,0,2024/11/20 16:59:38
月間,202411,策定,北海道・本州間電力連系設備,2025/01/14,夜間帯,逆方向,-420,-420,0,-480,-480,0,-900,熱容量,0,0,0,0,2024/11/20 16:59:38
月間,202412,策定,北海道・本州間電力連系設備,2025/01/14,昼間帯,順方向,750,750,0,150,150,0,900,熱容量,0,0,0,0,2024/12/20 17:04:17
月間,202412,策定,北海道・本州間電力連系設備,2025/01/14,昼間帯,逆方向,-410,-410,0,-490,-490,0,-900,熱容量,0,0,0,0,2024/12/20 17:04:17
月間,202412,策定,北海道・本州間電力連系設備,2025/01/14,夜間帯,順方向,760,760,0,140,140,0,900,熱容量,0,0,0,0,2024/12/20 17:04:17
月間,202412,策定,北海道・本州間電力連系設備,2025/01/14,夜間帯,逆方向,-420,-420,0,-480,-480,0,-900,熱容量,0,0,0,0,2024/12/20 17:04:17
月間,202411,策定,北海道・本州間電力連系設備,2025/01/15,昼間帯,順方向,700,700,0,0,0,0,700,電圧,0,0,0,0,2024/11/20 16:59:38
月間,202411,策定,北海道・本州間電力連系設備,2025/01/15,昼間帯,逆方向,-410,-410,0,-490,-490,0,-900,熱容量,0,0,0,0,2024/11/20 16:59:38
月間,202411,策定,北海道・本州間電力連系設備,2025/01/15,夜間帯,順方向,700,700,0,0,0,0,700,電圧,0,0,0,0,2024/11/20 16:59:38
月間,202411,策定,北海道・本州間電力連系設備,2025/01/15,夜間帯,逆方向,-420,-420,0,-480,-480,0,-900,熱容量,0,0,0,0,2024/11/20 16:59:38
月間,202412,策定,北海道・本州間電力連系設備,2025/01/15,昼間帯,順方向,750,750,0,150,150,0,900,熱容量,0,0,0,0,2024/12/20 17:04:17
月間,202412,策定,北海道・本州間電力連系設備,2025/01/15,昼間帯,逆方向,-410,-410,0,-490,-490,0,-900,熱容量,0,0,0,0,2024/12/20 17:04:17
月間,202412,策定,北海道・本州間電力連系設備,2025/01/15,夜間帯,順方向,760,760,0,140,140,0,900,熱容量,0,0,0,0,2024/12/20 17:04:17
月間,202412,策定,北海道・本州間電力連系設備,2025/01/15,夜間帯,逆方向,-420,-420,0,-480,-480,0,-900,熱容量,0,0,0,0,2024/12/20 17:04:17
月間,202411,策定,北海道・本州間電力連系設備,2025/01/16,昼間帯,順方向,700,700,0,0,0,0,700,電圧,0,0,0,0,2024/11/20 16:59:38
月間,202411,策定,北海道・本州間電力連系設備,2025/01/16,昼間帯,逆方向,-410,-410,0,-490,-490,0,-900,熱容量,0,0,0,0,2024/11/20 16:59:38
月間,202411,策定,北海道・本州間電力連系設備,2025/01/16,夜間帯,順方向,700,700,0,0,0,0,700,電圧,0,0,0,0,2024/11/20 16:59:38
月間,202411,策定,北海道・本州間電力連系設備,2025/01/16,夜間帯,逆方向,-420,-420,0,-480,-480,0,-900,熱容量,0,0,0,0,2024/11/20 16:59:38
月間,202412,策定,北海道・本州間電力連系設備,2025/01/16,昼間帯,順方向,750,750,0,150,150,0,900,熱容量,0,0,0,0,2024/12/20 17:04:17
月間,202412,策定,北海道・本州間電力連系設備,2025/01/16,昼間帯,逆方向,-410,-410,0,-490,-490,0,-900,熱容量,0,0,0,0,2024/12/20 17:04:17
月間,202412,策定,北海道・本州間電力連系設備,2025/01/16,夜間帯,順方向,760,760,0,140,140,0,900,熱容量,0,0,0,0,2024/12/20 17:04:17
月間,202412,策定,北海道・本州間電力連系設備,2025/01/16,夜間帯,逆方向,-420,-420,0,-480,-480,0,-900,熱容量,0,0,0,0,2024/12/20 17:04:17
月間,202411,策定,北海道・本州間電力連系設備,2025/01/17,昼間帯,順方向,700,700,0,0,0,0,700,電圧,0,0,0,0,2024/11/20 16:59:38
月間,202411,策定,北海道・本州間電力連系設備,2025/01/17,昼間帯,逆方向,-410,-410,0,-490,-490,0,-900,熱容量,0,0,0,0,2024/11/20 16:59:38
月間,202411,策定,北海道・本州間電力連系設備,2025/01/17,夜間帯,順方向,700,700,0,0,0,0,700,電圧,0,0,0,0,2024/11/20 16:59:38
月間,202411,策定,北海道・本州間電力連系設備,2025/01/17,夜間帯,逆方向,-420,-420,0,-480,-480,0,-900,熱容量,0,0,0,0,2024/11/20 16:59:38
月間,202412,策定,北海道・本州間電力連系設備,2025/01/17,昼間帯,順方向,750,750,0,150,150,0,900,熱容量,0,0,0,0,2024/12/20 17:04:17
月間,202412,策定,北海道・本州間電力連系設備,2025/01/17,昼間帯,逆方向,-410,-410,0,-490,-490,0,-900,熱容量,0,0,0,0,2024/12/20 17:04:17
月間,202412,策定,北海道・本州間電力連系設備,2025/01/17,夜間帯,順方向,760,760,0,140,140,0,900,熱容量,0,0,0,0,2024/12/20 17:04:17
月間,202412,策定,北海道・本州間電力連系設備,2025/01/17,夜間帯,逆方向,-420,-420,0,-480,-480,0,-900,熱容量,0,0,0,0,2024/12/20 17:04:17
月間,202411,策定,北海道・本州間電力連系設備,2025/01/18,昼間帯,順方向,700,700,0,0,0,0,700,電圧,0,0,0,0,2024/11/20 16:59:38
月間,202411,策定,北海道・本州間電力連系設備,2025/01/18,昼間帯,逆方向,-390,-390,0,-510,-510,0,-900,熱容量,0,0,0,0,2024/11/20 16:59:38
月間,202411,策定,北海道・本州間電力連系設備,2025/01/18,夜間帯,順方向,700,700,0,0,0,0,700,電圧,0,0,0,0,2024/11/20 16:59:38
月間,202411,策定,北海道・本州間電力連系設備,2025/01/18,夜間帯,逆方向,-410,-410,0,-490,-490,0,-900,熱容量,0,0,0,0,2024/11/20 16:59:38
月間,202412,策定,北海道・本州間電力連系設備,2025/01/18,昼間帯,順方向,700,700,0,200,200,0,900,熱容量,0,0,0,0,2024/12/20 17:04:17
月間,202412,策定,北海道・本州間電力連系設備,2025/01/18,昼間帯,逆方向,-390,-390,0,-510,-510,0,-900,熱容量,0,0,0,0,2024/12/20 17:04:17
月間,202412,策定,北海道・本州間電力連系設備,2025/01/18,夜間帯,順方向,740,740,0,160,160,0,900,熱容量,0,0,0,0,2024/12/20 17:04:17
月間,202412,策定,北海道・本州間電力連系設備,2025/01/18,夜間帯,逆方向,-410,-410,0,-490,-490,0,-900,熱容量,0,0,0,0,2024/12/20 17:04:17
月間,202411,策定,北海道・本州間電力連系設備,2025/01/19,昼間帯,順方向,700,700,0,0,0,0,700,電圧,0,0,0,0,2024/11/20 16:59:38
月間,202411,策定,北海道・本州間電力連系設備,2025/01/19,昼間帯,逆方向,-390,-390,0,-510,-510,0,-900,熱容量,0,0,0,0,2024/11/20 16:59:38
月間,202411,策定,北海道・本州間電力連系設備,2025/01/19,夜間帯,順方向,700,700,0,0,0,0,700,電圧,0,0,0,0,2024/11/20 16:59:38
月間,202411,策定,北海道・本州間電力連系設備,2025/01/19,夜間帯,逆方向,-410,-410,0,-490,-490,0,-900,熱容量,0,0,0,0,2024/11/20 16:59:38
月間,202412,策定,北海道・本州間電力連系設備,2025/01/19,昼間帯,順方向,700,700,0,200,200,0,900,熱容量,0,0,0,0,2024/12/20 17:04:17
月間,202412,策定,北海道・本州間電力連系設備,2025/01/19,昼間帯,逆方向,-390,-390,0,-510,-510,0,-900,熱容量,0,0,0,0,2024/12/20 17:04:17
月間,202412,策定,北海道・本州間電力連系設備,2025/01/19,夜間帯,順方向,740,740,0,160,160,0,900,熱容量,0,0,0,0,2024/12/20 17:04:17
月間,202412,策定,北海道・本州間電力連系設備,2025/01/19,夜間帯,逆方向,-410,-410,0,-490,-490,0,-900,熱容量,0,0,0,0,2024/12/20 17:04:17
月間,202411,策定,北海道・本州間電力連系設備,2025/01/20,昼間帯,順方向,700,700,0,0,0,0,700,電圧,0,0,0,0,2024/11/20 16:59:38
月間,202411,策定,北海道・本州間電力連系設備,2025/01/20,昼間帯,逆方向,-410,-410,0,-490,-490,0,-900,熱容量,0,0,0,0,2024/11/20 16:59:38
月間,202411,策定,北海道・本州間電力連系設備,2025/01/20,夜間帯,順方向,700,700,0,0,0,0,700,電圧,0,0,0,0,2024/11/20 16:59:38
月間,202411,策定,北海道・本州間電力連系設備,2025/01/20,夜間帯,逆方向,-420,-420,0,-480,-480,0,-900,熱容量,0,0,0,0,2024/11/20 16:59:38
月間,202412,策定,北海道・本州間電力連系設備,2025/01/20,昼間帯,順方向,750,750,0,150,150,0,900,熱容量,0,0,0,0,2024/12/20 17:04:17
月間,202412,策定,北海道・本州間電力連系設備,2025/01/20,昼間帯,逆方向,-410,-410,0,-490,-490,0,-900,熱容量,0,0,0,0,2024/12/20 17:04:17
月間,202412,策定,北海道・本州間電力連系設備,2025/01/20,夜間帯,順方向,760,760,0,140,140,0,900,熱容量,0,0,0,0,2024/12/20 17:04:17
月間,202412,策定,北海道・本州間電力連系設備,2025/01/20,夜間帯,逆方向,-420,-420,0,-480,-480,0,-900,熱容量,0,0,0,0,2024/12/20 17:04:17
月間,202411,策定,北海道・本州間電力連系設備,2025/01/21,昼間帯,順方向,700,700,0,0,0,0,700,電圧,0,0,0,0,2024/11/20 16:59:38
月間,202411,策定,北海道・本州間電力連系設備,2025/01/21,昼間帯,逆方向,-410,-410,0,-490,-490,0,-900,熱容量,0,0,0,0,2024/11/20 16:59:38
月間,202411,策定,北海道・本州間電力連系設備,2025/01/21,夜間帯,順方向,700,700,0,0,0,0,700,電圧,0,0,0,0,2024/11/20 16:59:38
月間,202411,策定,北海道・本州間電力連系設備,2025/01/21,夜間帯,逆方向,-420,-420,0,-480,-480,0,-900,熱容量,0,0,0,0,2024/11/20 16:59:38
月間,202412,策定,北海道・本州間電力連系設備,2025/01/21,昼間帯,順方向,750,750,0,150,150,0,900,熱容量,0,0,0,0,2024/12/20 17:04:17
月間,202412,策定,北海道・本州間電力連系設備,2025/01/21,昼間帯,逆方向,-410,-410,0,-490,-490,0,-900,熱容量,0,0,0,0,2024/12/20 17:04:17
月間,202412,策定,北海道・本州間電力連系設備,2025/01/21,夜間帯,順方向,760,760,0,140,140,0,900,熱容量,0,0,0,0,2024/12/20 17:04:17
月間,202412,策定,北海道・本州間電力連系設備,2025/01/21,夜間帯,逆方向,-420,-420,0,-480,-480,0,-900,熱容量,0,0,0,0,2024/12/20 17:04:17
月間,202411,策定,北海道・本州間電力連系設備,2025/01/22,昼間帯,順方向,700,700,0,0,0,0,700,電圧,0,0,0,0,2024/11/20 16:59:38
月間,202411,策定,北海道・本州間電力連系設備,2025/01/22,昼間帯,逆方向,-410,-410,0,-490,-490,0,-900,熱容量,0,0,0,0,2024/11/20 16:59:38
月間,202411,策定,北海道・本州間電力連系設備,2025/01/22,夜間帯,順方向,700,700,0,0,0,0,700,電圧,0,0,0,0,2024/11/20 16:59:38
月間,202411,策定,北海道・本州間電力連系設備,2025/01/22,夜間帯,逆方向,-420,-420,0,-480,-480,0,-900,熱容量,0,0,0,0,2024/11/20 16:59:38
月間,202412,策定,北海道・本州間電力連系設備,2025/01/22,昼間帯,順方向,750,750,0,150,150,0,900,熱容量,0,0,0,0,2024/12/20 17:04:17
月間,202412,策定,北海道・本州間電力連系設備,2025/01/22,昼間帯,逆方向,-410,-410,0,-490,-490,0,-900,熱容量,0,0,0,0,2024/12/20 17:04:17
月間,202412,策定,北海道・本州間電力連系設備,2025/01/22,夜間帯,順方向,760,760,0,140,140,0,900,熱容量,0,0,0,0,2024/12/20 17:04:17
月間,202412,策定,北海道・本州間電力連系設備,2025/01/22,夜間帯,逆方向,-420,-420,0,-480,-480,0,-900,熱容量,0,0,0,0,2024/12/20 17:04:17
月間,202411,策定,北海道・本州間電力連系設備,2025/01/23,昼間帯,順方向,700,700,0,0,0,0,700,電圧,0,0,0,0,2024/11/20 16:59:38
月間,202411,策定,北海道・本州間電力連系設備,2025/01/23,昼間帯,逆方向,-410,-410,0,-490,-490,0,-900,熱容量,0,0,0,0,2024/11/20 16:59:38
月間,202411,策定,北海道・本州間電力連系設備,2025/01/23,夜間帯,順方向,700,700,0,0,0,0,700,電圧,0,0,0,0,2024/11/20 16:59:38
月間,202411,策定,北海道・本州間電力連系設備,2025/01/23,夜間帯,逆方向,-420,-420,0,-480,-480,0,-900,熱容量,0,0,0,0,2024/11/20 16:59:38
月間,202412,策定,北海道・本州間電力連系設備,2025/01/23,昼間帯,順方向,750,750,0,150,150,0,900,熱容量,0,0,0,0,2024/12/20 17:04:17
月間,202412,策定,北海道・本州間電力連系設備,2025/01/23,昼間帯,逆方向,-410,-410,0,-490,-490,0,-900,熱容量,0,0,0,0,2024/12/20 17:04:17
月間,202412,策定,北海道・本州間電力連系設備,2025/01/23,夜間帯,順方向,760,760,0,140,140,0,900,熱容量,0,0,0,0,2024/12/20 17:04:17
月間,202412,策定,北海道・本州間電力連系設備,2025/01/23,夜間帯,逆方向,-420,-420,0,-480,-480,0,-900,熱容量,0,0,0,0,2024/12/20 17:04:17
月間,202411,策定,北海道・本州間電力連系設備,2025/01/24,昼間帯,順方向,700,700,0,0,0,0,700,電圧,0,0,0,0,2024/11/20 16:59:38
月間,202411,策定,北海道・本州間電力連系設備,2025/01/24,昼間帯,逆方向,-410,-410,0,-490,-490,0,-900,熱容量,0,0,0,0,2024/11/20 16:59:38
月間,202411,策定,北海道・本州間電力連系設備,2025/01/24,夜間帯,順方向,700,700,0,0,0,0,700,電圧,0,0,0,0,2024/11/20 16:59:38
月間,202411,策定,北海道・本州間電力連系設備,2025/01/24,夜間帯,逆方向,-420,-420,0,-480,-480,0,-900,熱容量,0,0,0,0,2024/11/20 16:59:38
月間,202412,策定,北海道・本州間電力連系設備,2025/01/24,昼間帯,順方向,750,750,0,150,150,0,900,熱容量,0,0,0,0,2024/12/20 17:04:17
月間,202412,策定,北海道・本州間電力連系設備,2025/01/24,昼間帯,逆方向,-410,-410,0,-490,-490,0,-900,熱容量,0,0,0,0,2024/12/20 17:04:17
月間,202412,策定,北海道・本州間電力連系設備,2025/01/24,夜間帯,順方向,760,760,0,140,140,0,900,熱容量,0,0,0,0,2024/12/20 17:04:17
月間,202412,策定,北海道・本州間電力連系設備,2025/01/24,夜間帯,逆方向,-420,-420,0,-480,-480,0,-900,熱容量,0,0,0,0,2024/12/20 17:04:17
月間,202411,策定,北海道・本州間電力連系設備,2025/01/25,昼間帯,順方向,700,700,0,0,0,0,700,電圧,0,0,0,0,2024/11/20 16:59:38
月間,202411,策定,北海道・本州間電力連系設備,2025/01/25,昼間帯,逆方向,-390,-390,0,-510,-510,0,-900,熱容量,0,0,0,0,2024/11/20 16:59:38
月間,202411,策定,北海道・本州間電力連系設備,2025/01/25,夜間帯,順方向,700,700,0,0,0,0,700,電圧,0,0,0,0,2024/11/20 16:59:38
月間,202411,策定,北海道・本州間電力連系設備,2025/01/25,夜間帯,逆方向,-410,-410,0,-490,-490,0,-900,熱容量,0,0,0,0,2024/11/20 16:59:38
月間,202412,策定,北海道・本州間電力連系設備,2025/01/25,昼間帯,順方向,700,700,0,200,200,0,900,熱容量,0,0,0,0,2024/12/20 17:04:17
月間,202412,策定,北海道・本州間電力連系設備,2025/01/25,昼間帯,逆方向,-390,-390,0,-510,-510,0,-900,熱容量,0,0,0,0,2024/12/20 17:04:17
月間,202412,策定,北海道・本州間電力連系設備,2025/01/25,夜間帯,順方向,740,740,0,160,160,0,900,熱容量,0,0,0,0,2024/12/20 17:04:17
月間,202412,策定,北海道・本州間電力連系設備,2025/01/25,夜間帯,逆方向,-410,-410,0,-490,-490,0,-900,熱容量,0,0,0,0,2024/12/20 17:04:17
月間,202411,策定,北海道・本州間電力連系設備,2025/01/26,昼間帯,順方向,700,700,0,0,0,0,700,電圧,0,0,0,0,2024/11/20 16:59:38
月間,202411,策定,北海道・本州間電力連系設備,2025/01/26,昼間帯,逆方向,-390,-390,0,-510,-510,0,-900,熱容量,0,0,0,0,2024/11/20 16:59:38
月間,202411,策定,北海道・本州間電力連系設備,2025/01/26,夜間帯,順方向,700,700,0,0,0,0,700,電圧,0,0,0,0,2024/11/20 16:59:38
月間,202411,策定,北海道・本州間電力連系設備,2025/01/26,夜間帯,逆方向,-410,-410,0,-490,-490,0,-900,熱容量,0,0,0,0,2024/11/20 16:59:38
月間,202412,策定,北海道・本州間電力連系設備,2025/01/26,昼間帯,順方向,700,700,0,200,200,0,900,熱容量,0,0,0,0,2024/12/20 17:04:17
月間,202412,策定,北海道・本州間電力連系設備,2025/01/26,昼間帯,逆方向,-390,-390,0,-510,-510,0,-900,熱容量,0,0,0,0,2024/12/20 17:04:17
月間,202412,策定,北海道・本州間電力連系設備,2025/01/26,夜間帯,順方向,740,740,0,160,160,0,900,熱容量,0,0,0,0,2024/12/20 17:04:17
月間,202412,策定,北海道・本州間電力連系設備,2025/01/26,夜間帯,逆方向,-410,-410,0,-490,-490,0,-900,熱容量,0,0,0,0,2024/12/20 17:04:17
月間,202411,策定,北海道・本州間電力連系設備,2025/01/27,昼間帯,順方向,700,700,0,0,0,0,700,電圧,0,0,0,0,2024/11/20 16:59:38
月間,202411,策定,北海道・本州間電力連系設備,2025/01/27,昼間帯,逆方向,-410,-410,0,-490,-490,0,-900,熱容量,0,0,0,0,2024/11/20 16:59:38
月間,202411,策定,北海道・本州間電力連系設備,2025/01/27,夜間帯,順方向,700,700,0,0,0,0,700,電圧,0,0,0,0,2024/11/20 16:59:38
月間,202411,策定,北海道・本州間電力連系設備,2025/01/27,夜間帯,逆方向,-420,-420,0,-480,-480,0,-900,熱容量,0,0,0,0,2024/11/20 16:59:38
月間,202412,策定,北海道・本州間電力連系設備,2025/01/27,昼間帯,順方向,750,750,0,150,150,0,900,熱容量,0,0,0,0,2024/12/20 17:04:17
月間,202412,策定,北海道・本州間電力連系設備,2025/01/27,昼間帯,逆方向,-410,-410,0,-490,-490,0,-900,熱容量,0,0,0,0,2024/12/20 17:04:17
月間,202412,策定,北海道・本州間電力連系設備,2025/01/27,夜間帯,順方向,760,760,0,140,140,0,900,熱容量,0,0,0,0,2024/12/20 17:04:17
月間,202412,策定,北海道・本州間電力連系設備,2025/01/27,夜間帯,逆方向,-420,-420,0,-480,-480,0,-900,熱容量,0,0,0,0,2024/12/20 17:04:17
月間,202411,策定,北海道・本州間電力連系設備,2025/01/28,昼間帯,順方向,700,700,0,0,0,0,700,電圧,0,0,0,0,2024/11/20 16:59:38
月間,202411,策定,北海道・本州間電力連系設備,2025/01/28,昼間帯,逆方向,-410,-410,0,-490,-490,0,-900,熱容量,0,0,0,0,2024/11/20 16:59:38
月間,202411,策定,北海道・本州間電力連系設備,2025/01/28,夜間帯,順方向,700,700,0,0,0,0,700,電圧,0,0,0,0,2024/11/20 16:59:38
月間,202411,策定,北海道・本州間電力連系設備,2025/01/28,夜間帯,逆方向,-420,-420,0,-480,-480,0,-900,熱容量,0,0,0,0,2024/11/20 16:59:38
月間,202412,策定,北海道・本州間電力連系設備,2025/01/28,昼間帯,順方向,750,750,0,150,150,0,900,熱容量,0,0,0,0,2024/12/20 17:04:17
月間,202412,策定,北海道・本州間電力連系設備,2025/01/28,昼間帯,逆方向,-410,-410,0,-490,-490,0,-900,熱容量,0,0,0,0,2024/12/20 17:04:17
月間,202412,策定,北海道・本州間電力連系設備,2025/01/28,夜間帯,順方向,760,760,0,140,140,0,900,熱容量,0,0,0,0,2024/12/20 17:04:17
月間,202412,策定,北海道・本州間電力連系設備,2025/01/28,夜間帯,逆方向,-420,-420,0,-480,-480,0,-900,熱容量,0,0,0,0,2024/12/20 17:04:17
月間,202411,策定,北海道・本州間電力連系設備,2025/01/29,昼間帯,順方向,700,700,0,0,0,0,700,電圧,0,0,0,0,2024/11/20 16:59:38
月間,202411,策定,北海道・本州間電力連系設備,2025/01/29,昼間帯,逆方向,-410,-410,0,-490,-490,0,-900,熱容量,0,0,0,0,2024/11/20 16:59:38
月間,202411,策定,北海道・本州間電力連系設備,2025/01/29,夜間帯,順方向,700,700,0,0,0,0,700,電圧,0,0,0,0,2024/11/20 16:59:38
月間,202411,策定,北海道・本州間電力連系設備,2025/01/29,夜間帯,逆方向,-420,-420,0,-480,-480,0,-900,熱容量,0,0,0,0,2024/11/20 16:59:38
月間,202412,策定,北海道・本州間電力連系設備,2025/01/29,昼間帯,順方向,750,750,0,150,150,0,900,熱容量,0,0,0,0,2024/12/20 17:04:17
月間,202412,策定,北海道・本州間電力連系設備,2025/01/29,昼間帯,逆方向,-410,-410,0,-490,-490,0,-900,熱容量,0,0,0,0,2024/12/20 17:04:17
月間,202412,策定,北海道・本州間電力連系設備,2025/01/29,夜間帯,順方向,760,760,0,140,140,0,900,熱容量,0,0,0,0,2024/12/20 17:04:17
月間,202412,策定,北海道・本州間電力連系設備,2025/01/29,夜間帯,逆方向,-420,-420,0,-480,-480,0,-900,熱容量,0,0,0,0,2024/12/20 17:04:17
月間,202411,策定,北海道・本州間電力連系設備,2025/01/30,昼間帯,順方向,700,700,0,0,0,0,700,電圧,0,0,0,0,2024/11/20 16:59:38
月間,202411,策定,北海道・本州間電力連系設備,2025/01/30,昼間帯,逆方向,-410,-410,0,-490,-490,0,-900,熱容量,0,0,0,0,2024/11/20 16:59:38
月間,202411,策定,北海道・本州間電力連系設備,2025/01/30,夜間帯,順方向,700,700,0,0,0,0,700,電圧,0,0,0,0,2024/11/20 16:59:38
月間,202411,策定,北海道・本州間電力連系設備,2025/01/30,夜間帯,逆方向,-420,-420,0,-480,-480,0,-900,熱容量,0,0,0,0,2024/11/20 16:59:38
月間,202412,策定,北海道・本州間電力連系設備,2025/01/30,昼間帯,順方向,700,700,0,0,0,0,700,電圧,0,0,0,0,2024/12/20 17:04:17
月間,202412,策定,北海道・本州間電力連系設備,2025/01/30,昼間帯,逆方向,-410,-410,0,-490,-490,0,-900,熱容量,0,0,0,0,2024/12/20 17:04:17
月間,202412,策定,北海道・本州間電力連系設備,2025/01/30,夜間帯,順方向,700,700,0,0,0,0,700,電圧,0,0,0,0,2024/12/20 17:04:17
月間,202412,策定,北海道・本州間電力連系設備,2025/01/30,夜間帯,逆方向,-420,-420,0,-480,-480,0,-900,熱容量,0,0,0,0,2024/12/20 17:04:17
月間,202411,策定,北海道・本州間電力連系設備,2025/01/31,昼間帯,順方向,700,700,0,0,0,0,700,電圧,0,0,0,0,2024/11/20 16:59:38
月間,202411,策定,北海道・本州間電力連系設備,2025/01/31,昼間帯,逆方向,-410,-410,0,-490,-490,0,-900,熱容量,0,0,0,0,2024/11/20 16:59:38
月間,202411,策定,北海道・本州間電力連系設備,2025/01/31,夜間帯,順方向,700,700,0,0,0,0,700,電圧,0,0,0,0,2024/11/20 16:59:38
月間,202411,策定,北海道・本州間電力連系設備,2025/01/31,夜間帯,逆方向,-420,-420,0,-480,-480,0,-900,熱容量,0,0,0,0,2024/11/20 16:59:38
月間,202412,策定,北海道・本州間電力連系設備,2025/01/31,昼間帯,順方向,700,700,0,0,0,0,700,電圧,0,0,0,0,2024/12/20 17:04:17
月間,202412,策定,北海道・本州間電力連系設備,2025/01/31,昼間帯,逆方向,-410,-410,0,-490,-490,0,-900,熱容量,0,0,0,0,2024/12/20 17:04:17
月間,202412,策定,北海道・本州間電力連系設備,2025/01/31,夜間帯,順方向,700,700,0,0,0,0,700,電圧,0,0,0,0,2024/12/20 17:04:17
月間,202412,策定,北海道・本州間電力連系設備,2025/01/31,夜間帯,逆方向,-420,-420,0,-480,-480,0,-900,熱容量,0,0,0,0,2024/12/20 17:04:17
月間,202411,策定,相馬双葉幹線,2025/01/01,昼間帯,順方向,5680,6060,0,380,0,0,6060,安定度,0,0,0,0,2024/11/20 16:59:38
月間,202411,策定,相馬双葉幹線,2025/01/01,昼間帯,逆方向,-2360,-2360,0,0,0,0,-2360,熱容量,0,0,0,0,2024/11/20 16:59:38
月間,202411,策定,相馬双葉幹線,2025/01/01,夜間帯,順方向,5020,5400,0,380,0,0,5400,熱容量,0,0,0,0,2024/11/20 16:59:38
月間,202411,策定,相馬双葉幹線,2025/01/01,夜間帯,逆方向,-2360,-2360,0,0,0,0,-2360,熱容量,0,0,0,0,2024/11/20 16:59:38
月間,202411,策定,相馬双葉幹線,2025/01/02,昼間帯,順方向,5480,5860,0,380,0,0,5860,安定度,0,0,0,0,2024/11/20 16:59:38
月間,202411,策定,相馬双葉幹線,2025/01/02,昼間帯,逆方向,-2360,-2360,0,0,0,0,-2360,熱容量,0,0,0,0,2024/11/20 16:59:38
月間,202411,策定,相馬双葉幹線,2025/01/02,夜間帯,順方向,5020,5400,0,380,0,0,5400,熱容量,0,0,0,0,2024/11/20 16:59:38
月間,202411,策定,相馬双葉幹線,2025/01/02,夜間帯,逆方向,-2360,-2360,0,0,0,0,-2360,熱容量,0,0,0,0,2024/11/20 16:59:38
月間,202411,策定,相馬双葉幹線,2025/01/03,昼間帯,順方向,5480,5860,0,380,0,0,5860,安定度,0,0,0,0,2024/11/20 16:59:38
月間,202411,策定,相馬双葉幹線,2025/01/03,昼間帯,逆方向,-2360,-2360,0,0,0,0,-2360,熱容量,0,0,0,0,2024/11/20 16:59:38
月間,202411,策定,相馬双葉幹線,2025/01/03,夜間帯,順方向,5020,5400,0,380,0,0,5400,熱容量,0,0,0,0,2024/11/20 16:59:38
月間,202411,策定,相馬双葉幹線,2025/01/03,夜間帯,逆方向,-2360,-2360,0,0,0,0,-2360,熱容量,0,0,0,0,2024/11/20 16:59:38
月間,202411,策定,相馬双葉幹線,2025/01/04,昼間帯,順方向,5480,5860,0,380,0,0,5860,安定度,0,0,0,0,2024/11/20 16:59:38
月間,202411,策定,相馬双葉幹線,2025/01/04,昼間帯,逆方向,-2360,-2360,0,0,0,0,-2360,熱容量,0,0,0,0,2024/11/20 16:59:38
月間,202411,策定,相馬双葉幹線,2025/01/04,夜間帯,順方向,5020,5400,0,380,0,0,5400,熱容量,0,0,0,0,2024/11/20 16:59:38
月間,202411,策定,相馬双葉幹線,2025/01/04,夜間帯,逆方向,-2360,-2360,0,0,0,0,-2360,熱容量,0,0,0,0,2024/11/20 16:59:38
月間,202412,策定,相馬双葉幹線,2025/01/04,昼間帯,順方向,5480,5860,0,380,0,0,5860,安定度,0,0,0,0,2024/12/20 17:04:17
月間,202412,策定,相馬双葉幹線,2025/01/04,昼間帯,逆方向,-2360,-2360,0,0,0,0,-2360,熱容量,0,0,0,0,2024/12/20 17:04:17
月間,202412,策定,相馬双葉幹線,2025/01/04,夜間帯,順方向,5020,5400,0,380,0,0,5400,熱容量,0,0,0,0,2024/12/20 17:04:17
月間,202412,策定,相馬双葉幹線,2025/01/04,夜間帯,逆方向,-2360,-2360,0,0,0,0,-2360,熱容量,0,0,0,0,2024/12/20 17:04:17
月間,202411,策定,相馬双葉幹線,2025/01/05,昼間帯,順方向,5480,5860,0,380,0,0,5860,安定度,0,0,0,0,2024/11/20 16:59:38
月間,202411,策定,相馬双葉幹線,2025/01/05,昼間帯,逆方向,-2360,-2360,0,0,0,0,-2360,熱容量,0,0,0,0,2024/11/20 16:59:38
月間,202411,策定,相馬双葉幹線,2025/01/05,夜間帯,順方向,5020,5400,0,380,0,0,5400,熱容量,0,0,0,0,2024/11/20 16:59:38
月間,202411,策定,相馬双葉幹線,2025/01/05,夜間帯,逆方向,-2360,-2360,0,0,0,0,-2360,熱容量,0,0,0,0,2024/11/20 16:59:38
月間,202412,策定,相馬双葉幹線,2025/01/05,昼間帯,順方向,5480,5860,0,380,0,0,5860,安定度,0,0,0,0,2024/12/20 17:04:17
月間,202412,策定,相馬双葉幹線,2025/01/05,昼間帯,逆方向,-2360,-2360,0,0,0,0,-2360,熱容量,0,0,0,0,2024/12/20 17:04:17
月間,202412,策定,相馬双葉幹線,2025/01/05,夜間帯,順方向,5020,5400,0,380,0,0,5400,熱容量,0,0,0,0,2024/12/20 17:04:17
月間,202412,策定,相馬双葉幹線,2025/01/05,夜間帯,逆方向,-2360,-2360,0,0,0,0,-2360,熱容量,0,0,0,0,2024/12/20 17:04:17
月間,202411,策定,相馬双葉幹線,2025/01/06,昼間帯,順方向,5480,5860,0,380,0,0,5860,安定度,0,0,0,0,2024/11/20 16:59:38
月間,202411,策定,相馬双葉幹線,2025/01/06,昼間帯,逆方向,-2360,-2360,0,0,0,0,-2360,熱容量,0,0,0,0,2024/11/20 16:59:38
月間,202411,策定,相馬双葉幹線,2025/01/06,夜間帯,順方向,5020,5400,0,380,0,0,5400,熱容量,0,0,0,0,2024/11/20 16:59:38
月間,202411,策定,相馬双葉幹線,2025/01/06,夜間帯,逆方向,-2360,-2360,0,0,0,0,-2360,熱容量,0,0,0,0,2024/11/20 16:59:38
月間,202412,策定,相馬双葉幹線,2025/01/06,昼間帯,順方向,5480,5860,0,380,0,0,5860,安定度,0,0,0,0,2024/12/20 17:04:17
月間,202412,策定,相馬双葉幹線,2025/01/06,昼間帯,逆方向,-2360,-2360,0,0,0,0,-2360,熱容量,0,0,0,0,2024/12/20 17:04:17
月間,202412,策定,相馬双葉幹線,2025/01/06,夜間帯,順方向,5020,5400,0,380,0,0,5400,熱容量,0,0,0,0,2024/12/20 17:04:17
月間,202412,策定,相馬双葉幹線,2025/01/06,夜間帯,逆方向,-2360,-2360,0,0,0,0,-2360,熱容量,0,0,0,0,2024/12/20 17:04:17
月間,202411,策定,相馬双葉幹線,2025/01/07,昼間帯,順方向,5480,5860,0,380,0,0,5860,安定度,0,0,0,0,2024/11/20 16:59:38
月間,202411,策定,相馬双葉幹線,2025/01/07,昼間帯,逆方向,-2360,-2360,0,0,0,0,-2360,熱容量,0,0,0,0,2024/11/20 16:59:38
月間,202411,策定,相馬双葉幹線,2025/01/07,夜間帯,順方向,5020,5400,0,380,0,0,5400,熱容量,0,0,0,0,2024/11/20 16:59:38
月間,202411,策定,相馬双葉幹線,2025/01/07,夜間帯,逆方向,-2360,-2360,0,0,0,0,-2360,熱容量,0,0,0,0,2024/11/20 16:59:38
月間,202412,策定,相馬双葉幹線,2025/01/07,昼間帯,順方向,5480,5860,0,380,0,0,5860,安定度,0,0,0,0,2024/12/20 17:04:17
月間,202412,策定,相馬双葉幹線,2025/01/07,昼間帯,逆方向,-2360,-2360,0,0,0,0,-2360,熱容量,0,0,0,0,2024/12/20 17:04:17
月間,202412,策定,相馬双葉幹線,2025/01/07,夜間帯,順方向,5020,5400,0,380,0,0,5400,熱容量,0,0,0,0,2024/12/20 17:04:17
月間,202412,策定,相馬双葉幹線,2025/01/07,夜間帯,逆方向,-2360,-2360,0,0,0,0,-2360,熱容量,0,0,0,0,2024/12/20 17:04:17
月間,202411,策定,相馬双葉幹線,2025/01/08,昼間帯,順方向,5480,5860,0,380,0,0,5860,安定度,0,0,0,0,2024/11/20 16:59:38
月間,202411,策定,相馬双葉幹線,2025/01/08,昼間帯,逆方向,-2360,-2360,0,0,0,0,-2360,熱容量,0,0,0,0,2024/11/20 16:59:38
月間,202411,策定,相馬双葉幹線,2025/01/08,夜間帯,順方向,5020,5400,0,380,0,0,5400,熱容量,0,0,0,0,2024/11/20 16:59:38
月間,202411,策定,相馬双葉幹線,2025/01/08,夜間帯,逆方向,-2360,-2360,0,0,0,0,-2360,熱容量,0,0,0,0,2024/11/20 16:59:38
月間,202412,策定,相馬双葉幹線,2025/01/08,昼間帯,順方向,5480,5860,0,380,0,0,5860,安定度,0,0,0,0,2024/12/20 17:04:17
月間,202412,策定,相馬双葉幹線,2025/01/08,昼間帯,逆方向,-2360,-2360,0,0,0,0,-2360,熱容量,0,0,0,0,2024/12/20 17:04:17
月間,202412,策定,相馬双葉幹線,2025/01/08,夜間帯,順方向,5020,5400,0,380,0,0,5400,熱容量,0,0,0,0,2024/12/20 17:04:17
月間,202412,策定,相馬双葉幹線,2025/01/08,夜間帯,逆方向,-2360,-2360,0,0,0,0,-2360,熱容量,0,0,0,0,2024/12/20 17:04:17
月間,202411,策定,相馬双葉幹線,2025/01/09,昼間帯,順方向,5480,5860,0,380,0,0,5860,安定度,0,0,0,0,2024/11/20 16:59:38
月間,202411,策定,相馬双葉幹線,2025/01/09,昼間帯,逆方向,-2360,-2360,0,0,0,0,-2360,熱容量,0,0,0,0,2024/11/20 16:59:38
月間,202411,策定,相馬双葉幹線,2025/01/09,夜間帯,順方向,5020,5400,0,380,0,0,5400,熱容量,0,0,0,0,2024/11/20 16:59:38
月間,202411,策定,相馬双葉幹線,2025/01/09,夜間帯,逆方向,-2360,-2360,0,0,0,0,-2360,熱容量,0,0,0,0,2024/11/20 16:59:38
月間,202412,策定,相馬双葉幹線,2025/01/09,昼間帯,順方向,5480,5860,0,380,0,0,5860,安定度,0,0,0,0,2024/12/20 17:04:17
月間,202412,策定,相馬双葉幹線,2025/01/09,昼間帯,逆方向,-2360,-2360,0,0,0,0,-2360,熱容量,0,0,0,0,2024/12/20 17:04:17
月間,202412,策定,相馬双葉幹線,2025/01/09,夜間帯,順方向,5020,5400,0,380,0,0,5400,熱容量,0,0,0,0,2024/12/20 17:04:17
月間,202412,策定,相馬双葉幹線,2025/01/09,夜間帯,逆方向,-2360,-2360,0,0,0,0,-2360,熱容量,0,0,0,0,2024/12/20 17:04:17
月間,202411,策定,相馬双葉幹線,2025/01/10,昼間帯,順方向,5480,5860,0,380,0,0,5860,安定度,0,0,0,0,2024/11/20 16:59:38
月間,202411,策定,相馬双葉幹線,2025/01/10,昼間帯,逆方向,-2360,-2360,0,0,0,0,-2360,熱容量,0,0,0,0,2024/11/20 16:59:38
月間,202411,策定,相馬双葉幹線,2025/01/10,夜間帯,順方向,5020,5400,0,380,0,0,5400,熱容量,0,0,0,0,2024/11/20 16:59:38
月間,202411,策定,相馬双葉幹線,2025/01/10,夜間帯,逆方向,-2360,-2360,0,0,0,0,-2360,熱容量,0,0,0,0,2024/11/20 16:59:38
月間,202412,策定,相馬双葉幹線,2025/01/10,昼間帯,順方向,5480,5860,0,380,0,0,5860,安定度,0,0,0,0,2024/12/20 17:04:17
月間,202412,策定,相馬双葉幹線,2025/01/10,昼間帯,逆方向,-2360,-2360,0,0,0,0,-2360,熱容量,0,0,0,0,2024/12/20 17:04:17
月間,202412,策定,相馬双葉幹線,2025/01/10,夜間帯,順方向,5020,5400,0,380,0,0,5400,熱容量,0,0,0,0,2024/12/20 17:04:17
月間,202412,策定,相馬双葉幹線,2025/01/10,夜間帯,逆方向,-2360,-2360,0,0,0,0,-2360,熱容量,0,0,0,0,2024/12/20 17:04:17
月間,202411,策定,相馬双葉幹線,2025/01/11,昼間帯,順方向,5480,5860,0,380,0,0,5860,安定度,0,0,0,0,2024/11/20 16:59:38
月間,202411,策定,相馬双葉幹線,2025/01/11,昼間帯,逆方向,-2360,-2360,0,0,0,0,-2360,熱容量,0,0,0,0,2024/11/20 16:59:38
月間,202411,策定,相馬双葉幹線,2025/01/11,夜間帯,順方向,5020,5400,0,380,0,0,5400,熱容量,0,0,0,0,2024/11/20 16:59:38
月間,202411,策定,相馬双葉幹線,2025/01/11,夜間帯,逆方向,-2360,-2360,0,0,0,0,-2360,熱容量,0,0,0,0,2024/11/20 16:59:38
月間,202412,策定,相馬双葉幹線,2025/01/11,昼間帯,順方向,5530,5910,0,380,0,0,5910,安定度,0,0,0,0,2024/12/20 17:04:17
月間,202412,策定,相馬双葉幹線,2025/01/11,昼間帯,逆方向,-2360,-2360,0,0,0,0,-2360,熱容量,0,0,0,0,2024/12/20 17:04:17
月間,202412,策定,相馬双葉幹線,2025/01/11,夜間帯,順方向,5020,5400,0,380,0,0,5400,熱容量,0,0,0,0,2024/12/20 17:04:17
月間,202412,策定,相馬双葉幹線,2025/01/11,夜間帯,逆方向,-2360,-2360,0,0,0,0,-2360,熱容量,0,0,0,0,2024/12/20 17:04:17
月間,202411,策定,相馬双葉幹線,2025/01/12,昼間帯,順方向,5480,5860,0,380,0,0,5860,安定度,0,0,0,0,2024/11/20 16:59:38
月間,202411,策定,相馬双葉幹線,2025/01/12,昼間帯,逆方向,-2360,-2360,0,0,0,0,-2360,熱容量,0,0,0,0,2024/11/20 16:59:38
月間,202411,策定,相馬双葉幹線,2025/01/12,夜間帯,順方向,5020,5400,0,380,0,0,5400,熱容量,0,0,0,0,2024/11/20 16:59:38
月間,202411,策定,相馬双葉幹線,2025/01/12,夜間帯,逆方向,-2360,-2360,0,0,0,0,-2360,熱容量,0,0,0,0,2024/11/20 16:59:38
月間,202412,策定,相馬双葉幹線,2025/01/12,昼間帯,順方向,5530,5910,0,380,0,0,5910,安定度,0,0,0,0,2024/12/20 17:04:17
月間,202412,策定,相馬双葉幹線,2025/01/12,昼間帯,逆方向,-2360,-2360,0,0,0,0,-2360,熱容量,0,0,0,0,2024/12/20 17:04:17
月間,202412,策定,相馬双葉幹線,2025/01/12,夜間帯,順方向,5020,5400,0,380,0,0,5400,熱容量,0,0,0,0,2024/12/20 17:04:17
月間,202412,策定,相馬双葉幹線,2025/01/12,夜間帯,逆方向,-2360,-2360,0,0,0,0,-2360,熱容量,0,0,0,0,2024/12/20 17:04:17
月間,202411,策定,相馬双葉幹線,2025/01/13,昼間帯,順方向,5480,5860,0,380,0,0,5860,安定度,0,0,0,0,2024/11/20 16:59:38
月間,202411,策定,相馬双葉幹線,2025/01/13,昼間帯,逆方向,-2360,-2360,0,0,0,0,-2360,熱容量,0,0,0,0,2024/11/20 16:59:38
月間,202411,策定,相馬双葉幹線,2025/01/13,夜間帯,順方向,5020,5400,0,380,0,0,5400,熱容量,0,0,0,0,2024/11/20 16:59:38
月間,202411,策定,相馬双葉幹線,2025/01/13,夜間帯,逆方向,-2360,-2360,0,0,0,0,-2360,熱容量,0,0,0,0,2024/11/20 16:59:38
月間,202412,策定,相馬双葉幹線,2025/01/13,昼間帯,順方向,5530,5910,0,380,0,0,5910,安定度,0,0,0,0,2024/12/20 17:04:17
月間,202412,策定,相馬双葉幹線,2025/01/13,昼間帯,逆方向,-2360,-2360,0,0,0,0,-2360,熱容量,0,0,0,0,2024/12/20 17:04:17
月間,202412,策定,相馬双葉幹線,2025/01/13,夜間帯,順方向,5020,5400,0,380,0,0,5400,熱容量,0,0,0,0,2024/12/20 17:04:17
月間,202412,策定,相馬双葉幹線,2025/01/13,夜間帯,逆方向,-2360,-2360,0,0,0,0,-2360,熱容量,0,0,0,0,2024/12/20 17:04:17
月間,202411,策定,相馬双葉幹線,2025/01/14,昼間帯,順方向,5480,5860,0,380,0,0,5860,安定度,0,0,0,0,2024/11/20 16:59:38
月間,202411,策定,相馬双葉幹線,2025/01/14,昼間帯,逆方向,-2360,-2360,0,0,0,0,-2360,熱容量,0,0,0,0,2024/11/20 16:59:38
月間,202411,策定,相馬双葉幹線,2025/01/14,夜間帯,順方向,5020,5400,0,380,0,0,5400,熱容量,0,0,0,0,2024/11/20 16:59:38
月間,202411,策定,相馬双葉幹線,2025/01/14,夜間帯,逆方向,-2360,-2360,0,0,0,0,-2360,熱容量,0,0,0,0,2024/11/20 16:59:38
月間,202412,策定,相馬双葉幹線,2025/01/14,昼間帯,順方向,5480,5860,0,380,0,0,5860,安定度,0,0,0,0,2024/12/20 17:04:17
月間,202412,策定,相馬双葉幹線,2025/01/14,昼間帯,逆方向,-2360,-2360,0,0,0,0,-2360,熱容量,0,0,0,0,2024/12/20 17:04:17
月間,202412,策定,相馬双葉幹線,2025/01/14,夜間帯,順方向,5020,5400,0,380,0,0,5400,熱容量,0,0,0,0,2024/12/20 17:04:17
月間,202412,策定,相馬双葉幹線,2025/01/14,夜間帯,逆方向,-2360,-2360,0,0,0,0,-2360,熱容量,0,0,0,0,2024/12/20 17:04:17
月間,202411,策定,相馬双葉幹線,2025/01/15,昼間帯,順方向,5480,5860,0,380,0,0,5860,安定度,0,0,0,0,2024/11/20 16:59:38
月間,202411,策定,相馬双葉幹線,2025/01/15,昼間帯,逆方向,-2360,-2360,0,0,0,0,-2360,熱容量,0,0,0,0,2024/11/20 16:59:38
月間,202411,策定,相馬双葉幹線,2025/01/15,夜間帯,順方向,5020,5400,0,380,0,0,5400,熱容量,0,0,0,0,2024/11/20 16:59:38
月間,202411,策定,相馬双葉幹線,2025/01/15,夜間帯,逆方向,-2360,-2360,0,0,0,0,-2360,熱容量,0,0,0,0,2024/11/20 16:59:38
月間,202412,策定,相馬双葉幹線,2025/01/15,昼間帯,順方向,5480,5860,0,380,0,0,5860,安定度,0,0,0,0,2024/12/20 17:04:17
月間,202412,策定,相馬双葉幹線,2025/01/15,昼間帯,逆方向,-2360,-2360,0,0,0,0,-2360,熱容量,0,0,0,0,2024/12/20 17:04:17
月間,202412,策定,相馬双葉幹線,2025/01/15,夜間帯,順方向,5020,5400,0,380,0,0,5400,熱容量,0,0,0,0,2024/12/20 17:04:17
月間,202412,策定,相馬双葉幹線,2025/01/15,夜間帯,逆方向,-2360,-2360,0,0,0,0,-2360,熱容量,0,0,0,0,2024/12/20 17:04:17
月間,202411,策定,相馬双葉幹線,2025/01/16,昼間帯,順方向,5480,5860,0,380,0,0,5860,安定度,0,0,0,0,2024/11/20 16:59:38
月間,202411,策定,相馬双葉幹線,2025/01/16,昼間帯,逆方向,-2360,-2360,0,0,0,0,-2360,熱容量,0,0,0,0,2024/11/20 16:59:38
月間,202411,策定,相馬双葉幹線,2025/01/16,夜間帯,順方向,5020,5400,0,380,0,0,5400,熱容量,0,0,0,0,2024/11/20 16:59:38
月間,202411,策定,相馬双葉幹線,2025/01/16,夜間帯,逆方向,-2360,-2360,0,0,0,0,-2360,熱容量,0,0,0,0,2024/11/20 16:59:38
月間,202412,策定,相馬双葉幹線,2025/01/16,昼間帯,順方向,5480,5860,0,380,0,0,5860,安定度,0,0,0,0,2024/12/20 17:04:17
月間,202412,策定,相馬双葉幹線,2025/01/16,昼間帯,逆方向,-2360,-2360,0,0,0,0,-2360,熱容量,0,0,0,0,2024/12/20 17:04:17
月間,202412,策定,相馬双葉幹線,2025/01/16,夜間帯,順方向,5020,5400,0,380,0,0,5400,熱容量,0,0,0,0,2024/12/20 17:04:17
月間,202412,策定,相馬双葉幹線,2025/01/16,夜間帯,逆方向,-2360,-2360,0,0,0,0,-2360,熱容量,0,0,0,0,2024/12/20 17:04:17
月間,202411,策定,相馬双葉幹線,2025/01/17,昼間帯,順方向,5480,5860,0,380,0,0,5860,安定度,0,0,0,0,2024/11/20 16:59:38
月間,202411,策定,相馬双葉幹線,2025/01/17,昼間帯,逆方向,-2360,-2360,0,0,0,0,-2360,熱容量,0,0,0,0,2024/11/20 16:59:38
月間,202411,策定,相馬双葉幹線,2025/01/17,夜間帯,順方向,5020,5400,0,380,0,0,5400,熱容量,0,0,0,0,2024/11/20 16:59:38
月間,202411,策定,相馬双葉幹線,2025/01/17,夜間帯,逆方向,-2360,-2360,0,0,0,0,-2360,熱容量,0,0,0,0,2024/11/20 16:59:38
月間,202412,策定,相馬双葉幹線,2025/01/17,昼間帯,順方向,5480,5860,0,380,0,0,5860,安定度,0,0,0,0,2024/12/20 17:04:17
月間,202412,策定,相馬双葉幹線,2025/01/17,昼間帯,逆方向,-2360,-2360,0,0,0,0,-2360,熱容量,0,0,0,0,2024/12/20 17:04:17
月間,202412,策定,相馬双葉幹線,2025/01/17,夜間帯,順方向,5020,5400,0,380,0,0,5400,熱容量,0,0,0,0,2024/12/20 17:04:17
月間,202412,策定,相馬双葉幹線,2025/01/17,夜間帯,逆方向,-2360,-2360,0,0,0,0,-2360,熱容量,0,0,0,0,2024/12/20 17:04:17
月間,202411,策定,相馬双葉幹線,2025/01/18,昼間帯,順方向,5480,5860,0,380,0,0,5860,安定度,0,0,0,0,2024/11/20 16:59:38
月間,202411,策定,相馬双葉幹線,2025/01/18,昼間帯,逆方向,-2360,-2360,0,0,0,0,-2360,熱容量,0,0,0,0,2024/11/20 16:59:38
月間,202411,策定,相馬双葉幹線,2025/01/18,夜間帯,順方向,5020,5400,0,380,0,0,5400,熱容量,0,0,0,0,2024/11/20 16:59:38
月間,202411,策定,相馬双葉幹線,2025/01/18,夜間帯,逆方向,-2360,-2360,0,0,0,0,-2360,熱容量,0,0,0,0,2024/11/20 16:59:38
月間,202412,策定,相馬双葉幹線,2025/01/18,昼間帯,順方向,5480,5860,0,380,0,0,5860,安定度,0,0,0,0,2024/12/20 17:04:17
月間,202412,策定,相馬双葉幹線,2025/01/18,昼間帯,逆方向,-2360,-2360,0,0,0,0,-2360,熱容量,0,0,0,0,2024/12/20 17:04:17
月間,202412,策定,相馬双葉幹線,2025/01/18,夜間帯,順方向,5020,5400,0,380,0,0,5400,熱容量,0,0,0,0,2024/12/20 17:04:17
月間,202412,策定,相馬双葉幹線,2025/01/18,夜間帯,逆方向,-2360,-2360,0,0,0,0,-2360,熱容量,0,0,0,0,2024/12/20 17:04:17
月間,202411,策定,相馬双葉幹線,2025/01/19,昼間帯,順方向,5480,5860,0,380,0,0,5860,安定度,0,0,0,0,2024/11/20 16:59:38
月間,202411,策定,相馬双葉幹線,2025/01/19,昼間帯,逆方向,-2360,-2360,0,0,0,0,-2360,熱容量,0,0,0,0,2024/11/20 16:59:38
月間,202411,策定,相馬双葉幹線,2025/01/19,夜間帯,順方向,5020,5400,0,380,0,0,5400,熱容量,0,0,0,0,2024/11/20 16:59:38
月間,202411,策定,相馬双葉幹線,2025/01/19,夜間帯,逆方向,-2360,-2360,0,0,0,0,-2360,熱容量,0,0,0,0,2024/11/20 16:59:38
月間,202412,策定,相馬双葉幹線,2025/01/19,昼間帯,順方向,5480,5860,0,380,0,0,5860,安定度,0,0,0,0,2024/12/20 17:04:17
月間,202412,策定,相馬双葉幹線,2025/01/19,昼間帯,逆方向,-2360,-2360,0,0,0,0,-2360,熱容量,0,0,0,0,2024/12/20 17:04:17
月間,202412,策定,相馬双葉幹線,2025/01/19,夜間帯,順方向,5020,5400,0,380,0,0,5400,熱容量,0,0,0,0,2024/12/20 17:04:17
月間,202412,策定,相馬双葉幹線,2025/01/19,夜間帯,逆方向,-2360,-2360,0,0,0,0,-2360,熱容量,0,0,0,0,2024/12/20 17:04:17
月間,202411,策定,相馬双葉幹線,2025/01/20,昼間帯,順方向,5480,5860,0,380,0,0,5860,安定度,0,0,0,0,2024/11/20 16:59:38
月間,202411,策定,相馬双葉幹線,2025/01/20,昼間帯,逆方向,-2360,-2360,0,0,0,0,-2360,熱容量,0,0,0,0,2024/11/20 16:59:38
月間,202411,策定,相馬双葉幹線,2025/01/20,夜間帯,順方向,5020,5400,0,380,0,0,5400,熱容量,0,0,0,0,2024/11/20 16:59:38
月間,202411,策定,相馬双葉幹線,2025/01/20,夜間帯,逆方向,-2360,-2360,0,0,0,0,-2360,熱容量,0,0,0,0,2024/11/20 16:59:38
月間,202412,策定,相馬双葉幹線,2025/01/20,昼間帯,順方向,5480,5860,0,380,0,0,5860,安定度,0,0,0,0,2024/12/20 17:04:17
月間,202412,策定,相馬双葉幹線,2025/01/20,昼間帯,逆方向,-2360,-2360,0,0,0,0,-2360,熱容量,0,0,0,0,2024/12/20 17:04:17
月間,202412,策定,相馬双葉幹線,2025/01/20,夜間帯,順方向,5020,5400,0,380,0,0,5400,熱容量,0,0,0,0,2024/12/20 17:04:17
月間,202412,策定,相馬双葉幹線,2025/01/20,夜間帯,逆方向,-2360,-2360,0,0,0,0,-2360,熱容量,0,0,0,0,2024/12/20 17:04:17
月間,202411,策定,相馬双葉幹線,2025/01/21,昼間帯,順方向,5480,5860,0,380,0,0,5860,安定度,0,0,0,0,2024/11/20 16:59:38
月間,202411,策定,相馬双葉幹線,2025/01/21,昼間帯,逆方向,-2360,-2360,0,0,0,0,-2360,熱容量,0,0,0,0,2024/11/20 16:59:38
月間,202411,策定,相馬双葉幹線,2025/01/21,夜間帯,順方向,5020,5400,0,380,0,0,5400,熱容量,0,0,0,0,2024/11/20 16:59:38
月間,202411,策定,相馬双葉幹線,2025/01/21,夜間帯,逆方向,-2360,-2360,0,0,0,0,-2360,熱容量,0,0,0,0,2024/11/20 16:59:38
月間,202412,策定,相馬双葉幹線,2025/01/21,昼間帯,順方向,5480,5860,0,380,0,0,5860,安定度,0,0,0,0,2024/12/20 17:04:17
月間,202412,策定,相馬双葉幹線,2025/01/21,昼間帯,逆方向,-2360,-2360,0,0,0,0,-2360,熱容量,0,0,0,0,2024/12/20 17:04:17
月間,202412,策定,相馬双葉幹線,2025/01/21,夜間帯,順方向,5020,5400,0,380,0,0,5400,熱容量,0,0,0,0,2024/12/20 17:04:17
月間,202412,策定,相馬双葉幹線,2025/01/21,夜間帯,逆方向,-2360,-2360,0,0,0,0,-2360,熱容量,0,0,0,0,2024/12/20 17:04:17
月間,202411,策定,相馬双葉幹線,2025/01/22,昼間帯,順方向,5480,5860,0,380,0,0,5860,安定度,0,0,0,0,2024/11/20 16:59:38
月間,202411,策定,相馬双葉幹線,2025/01/22,昼間帯,逆方向,-2360,-2360,0,0,0,0,-2360,熱容量,0,0,0,0,2024/11/20 16:59:38
月間,202411,策定,相馬双葉幹線,2025/01/22,夜間帯,順方向,5020,5400,0,380,0,0,5400,熱容量,0,0,0,0,2024/11/20 16:59:38
月間,202411,策定,相馬双葉幹線,2025/01/22,夜間帯,逆方向,-2360,-2360,0,0,0,0,-2360,熱容量,0,0,0,0,2024/11/20 16:59:38
月間,202412,策定,相馬双葉幹線,2025/01/22,昼間帯,順方向,5480,5860,0,380,0,0,5860,安定度,0,0,0,0,2024/12/20 17:04:17
月間,202412,策定,相馬双葉幹線,2025/01/22,昼間帯,逆方向,-2360,-2360,0,0,0,0,-2360,熱容量,0,0,0,0,2024/12/20 17:04:17
月間,202412,策定,相馬双葉幹線,2025/01/22,夜間帯,順方向,5020,5400,0,380,0,0,5400,熱容量,0,0,0,0,2024/12/20 17:04:17
月間,202412,策定,相馬双葉幹線,2025/01/22,夜間帯,逆方向,-2360,-2360,0,0,0,0,-2360,熱容量,0,0,0,0,2024/12/20 17:04:17
月間,202411,策定,相馬双葉幹線,2025/01/23,昼間帯,順方向,5480,5860,0,380,0,0,5860,安定度,0,0,0,0,2024/11/20 16:59:38
月間,202411,策定,相馬双葉幹線,2025/01/23,昼間帯,逆方向,-2360,-2360,0,0,0,0,-2360,熱容量,0,0,0,0,2024/11/20 16:59:38
月間,202411,策定,相馬双葉幹線,2025/01/23,夜間帯,順方向,5020,5400,0,380,0,0,5400,熱容量,0,0,0,0,2024/11/20 16:59:38
月間,202411,策定,相馬双葉幹線,2025/01/23,夜間帯,逆方向,-2360,-2360,0,0,0,0,-2360,熱容量,0,0,0,0,2024/11/20 16:59:38
月間,202412,策定,相馬双葉幹線,2025/01/23,昼間帯,順方向,5480,5860,0,380,0,0,5860,安定度,0,0,0,0,2024/12/20 17:04:17
月間,202412,策定,相馬双葉幹線,2025/01/23,昼間帯,逆方向,-2360,-2360,0,0,0,0,-2360,熱容量,0,0,0,0,2024/12/20 17:04:17
月間,202412,策定,相馬双葉幹線,2025/01/23,夜間帯,順方向,5020,5400,0,380,0,0,5400,熱容量,0,0,0,0,2024/12/20 17:04:17
月間,202412,策定,相馬双葉幹線,2025/01/23,夜間帯,逆方向,-2360,-2360,0,0,0,0,-2360,熱容量,0,0,0,0,2024/12/20 17:04:17
月間,202411,策定,相馬双葉幹線,2025/01/24,昼間帯,順方向,5480,5860,0,380,0,0,5860,安定度,0,0,0,0,2024/11/20 16:59:38
月間,202411,策定,相馬双葉幹線,2025/01/24,昼間帯,逆方向,-2360,-2360,0,0,0,0,-2360,熱容量,0,0,0,0,2024/11/20 16:59:38
月間,202411,策定,相馬双葉幹線,2025/01/24,夜間帯,順方向,5020,5400,0,380,0,0,5400,熱容量,0,0,0,0,2024/11/20 16:59:38
月間,202411,策定,相馬双葉幹線,2025/01/24,夜間帯,逆方向,-2360,-2360,0,0,0,0,-2360,熱容量,0,0,0,0,2024/11/20 16:59:38
月間,202412,策定,相馬双葉幹線,2025/01/24,昼間帯,順方向,5480,5860,0,380,0,0,5860,安定度,0,0,0,0,2024/12/20 17:04:17
月間,202412,策定,相馬双葉幹線,2025/01/24,昼間帯,逆方向,-2360,-2360,0,0,0,0,-2360,熱容量,0,0,0,0,2024/12/20 17:04:17
月間,202412,策定,相馬双葉幹線,2025/01/24,夜間帯,順方向,5020,5400,0,380,0,0,5400,熱容量,0,0,0,0,2024/12/20 17:04:17
月間,202412,策定,相馬双葉幹線,2025/01/24,夜間帯,逆方向,-2360,-2360,0,0,0,0,-2360,熱容量,0,0,0,0,2024/12/20 17:04:17
月間,202411,策定,相馬双葉幹線,2025/01/25,昼間帯,順方向,5480,5860,0,380,0,0,5860,安定度,0,0,0,0,2024/11/20 16:59:38
月間,202411,策定,相馬双葉幹線,2025/01/25,昼間帯,逆方向,-2360,-2360,0,0,0,0,-2360,熱容量,0,0,0,0,2024/11/20 16:59:38
月間,202411,策定,相馬双葉幹線,2025/01/25,夜間帯,順方向,5020,5400,0,380,0,0,5400,熱容量,0,0,0,0,2024/11/20 16:59:38
月間,202411,策定,相馬双葉幹線,2025/01/25,夜間帯,逆方向,-2360,-2360,0,0,0,0,-2360,熱容量,0,0,0,0,2024/11/20 16:59:38
月間,202412,策定,相馬双葉幹線,2025/01/25,昼間帯,順方向,5480,5860,0,380,0,0,5860,安定度,0,0,0,0,2024/12/20 17:04:17
月間,202412,策定,相馬双葉幹線,2025/01/25,昼間帯,逆方向,-2360,-2360,0,0,0,0,-2360,熱容量,0,0,0,0,2024/12/20 17:04:17
月間,202412,策定,相馬双葉幹線,2025/01/25,夜間帯,順方向,5020,5400,0,380,0,0,5400,熱容量,0,0,0,0,2024/12/20 17:04:17
月間,202412,策定,相馬双葉幹線,2025/01/25,夜間帯,逆方向,-2360,-2360,0,0,0,0,-2360,熱容量,0,0,0,0,2024/12/20 17:04:17
月間,202411,策定,相馬双葉幹線,2025/01/26,昼間帯,順方向,5480,5860,0,380,0,0,5860,安定度,0,0,0,0,2024/11/20 16:59:38
月間,202411,策定,相馬双葉幹線,2025/01/26,昼間帯,逆方向,-2360,-2360,0,0,0,0,-2360,熱容量,0,0,0,0,2024/11/20 16:59:38
月間,202411,策定,相馬双葉幹線,2025/01/26,夜間帯,順方向,5020,5400,0,380,0,0,5400,熱容量,0,0,0,0,2024/11/20 16:59:38
月間,202411,策定,相馬双葉幹線,2025/01/26,夜間帯,逆方向,-2360,-2360,0,0,0,0,-2360,熱容量,0,0,0,0,2024/11/20 16:59:38
月間,202412,策定,相馬双葉幹線,2025/01/26,昼間帯,順方向,5480,5860,0,380,0,0,5860,安定度,0,0,0,0,2024/12/20 17:04:17
月間,202412,策定,相馬双葉幹線,2025/01/26,昼間帯,逆方向,-2360,-2360,0,0,0,0,-2360,熱容量,0,0,0,0,2024/12/20 17:04:17
月間,202412,策定,相馬双葉幹線,2025/01/26,夜間帯,順方向,5020,5400,0,380,0,0,5400,熱容量,0,0,0,0,2024/12/20 17:04:17
月間,202412,策定,相馬双葉幹線,2025/01/26,夜間帯,逆方向,-2360,-2360,0,0,0,0,-2360,熱容量,0,0,0,0,2024/12/20 17:04:17
月間,202411,策定,相馬双葉幹線,2025/01/27,昼間帯,順方向,5480,5860,0,380,0,0,5860,安定度,0,0,0,0,2024/11/20 16:59:38
月間,202411,策定,相馬双葉幹線,2025/01/27,昼間帯,逆方向,-2360,-2360,0,0,0,0,-2360,熱容量,0,0,0,0,2024/11/20 16:59:38
月間,202411,策定,相馬双葉幹線,2025/01/27,夜間帯,順方向,5020,5400,0,380,0,0,5400,熱容量,0,0,0,0,2024/11/20 16:59:38
月間,202411,策定,相馬双葉幹線,2025/01/27,夜間帯,逆方向,-2360,-2360,0,0,0,0,-2360,熱容量,0,0,0,0,2024/11/20 16:59:38
月間,202412,策定,相馬双葉幹線,2025/01/27,昼間帯,順方向,5480,5860,0,380,0,0,5860,安定度,0,0,0,0,2024/12/20 17:04:17
月間,202412,策定,相馬双葉幹線,2025/01/27,昼間帯,逆方向,-2360,-2360,0,0,0,0,-2360,熱容量,0,0,0,0,2024/12/20 17:04:17
月間,202412,策定,相馬双葉幹線,2025/01/27,夜間帯,順方向,5020,5400,0,380,0,0,5400,熱容量,0,0,0,0,2024/12/20 17:04:17
月間,202412,策定,相馬双葉幹線,2025/01/27,夜間帯,逆方向,-2360,-2360,0,0,0,0,-2360,熱容量,0,0,0,0,2024/12/20 17:04:17
月間,202411,策定,相馬双葉幹線,2025/01/28,昼間帯,順方向,5480,5860,0,380,0,0,5860,安定度,0,0,0,0,2024/11/20 16:59:38
月間,202411,策定,相馬双葉幹線,2025/01/28,昼間帯,逆方向,-2360,-2360,0,0,0,0,-2360,熱容量,0,0,0,0,2024/11/20 16:59:38
月間,202411,策定,相馬双葉幹線,2025/01/28,夜間帯,順方向,5020,5400,0,380,0,0,5400,熱容量,0,0,0,0,2024/11/20 16:59:38
月間,202411,策定,相馬双葉幹線,2025/01/28,夜間帯,逆方向,-2360,-2360,0,0,0,0,-2360,熱容量,0,0,0,0,2024/11/20 16:59:38
月間,202412,策定,相馬双葉幹線,2025/01/28,昼間帯,順方向,5480,5860,0,380,0,0,5860,安定度,0,0,0,0,2024/12/20 17:04:17
月間,202412,策定,相馬双葉幹線,2025/01/28,昼間帯,逆方向,-2360,-2360,0,0,0,0,-2360,熱容量,0,0,0,0,2024/12/20 17:04:17
月間,202412,策定,相馬双葉幹線,2025/01/28,夜間帯,順方向,5020,5400,0,380,0,0,5400,熱容量,0,0,0,0,2024/12/20 17:04:17
月間,202412,策定,相馬双葉幹線,2025/01/28,夜間帯,逆方向,-2360,-2360,0,0,0,0,-2360,熱容量,0,0,0,0,2024/12/20 17:04:17
月間,202411,策定,相馬双葉幹線,2025/01/29,昼間帯,順方向,5480,5860,0,380,0,0,5860,安定度,0,0,0,0,2024/11/20 16:59:38
月間,202411,策定,相馬双葉幹線,2025/01/29,昼間帯,逆方向,-2360,-2360,0,0,0,0,-2360,熱容量,0,0,0,0,2024/11/20 16:59:38
月間,202411,策定,相馬双葉幹線,2025/01/29,夜間帯,順方向,5020,5400,0,380,0,0,5400,熱容量,0,0,0,0,2024/11/20 16:59:38
月間,202411,策定,相馬双葉幹線,2025/01/29,夜間帯,逆方向,-2360,-2360,0,0,0,0,-2360,熱容量,0,0,0,0,2024/11/20 16:59:38
月間,202412,策定,相馬双葉幹線,2025/01/29,昼間帯,順方向,5480,5860,0,380,0,0,5860,安定度,0,0,0,0,2024/12/20 17:04:17
月間,202412,策定,相馬双葉幹線,2025/01/29,昼間帯,逆方向,-2360,-2360,0,0,0,0,-2360,熱容量,0,0,0,0,2024/12/20 17:04:17
月間,202412,策定,相馬双葉幹線,2025/01/29,夜間帯,順方向,5020,5400,0,380,0,0,5400,熱容量,0,0,0,0,2024/12/20 17:04:17
月間,202412,策定,相馬双葉幹線,2025/01/29,夜間帯,逆方向,-2360,-2360,0,0,0,0,-2360,熱容量,0,0,0,0,2024/12/20 17:04:17
月間,202411,策定,相馬双葉幹線,2025/01/30,昼間帯,順方向,5480,5860,0,380,0,0,5860,安定度,0,0,0,0,2024/11/20 16:59:38
月間,202411,策定,相馬双葉幹線,2025/01/30,昼間帯,逆方向,-2360,-2360,0,0,0,0,-2360,熱容量,0,0,0,0,2024/11/20 16:59:38
月間,202411,策定,相馬双葉幹線,2025/01/30,夜間帯,順方向,5020,5400,0,380,0,0,5400,熱容量,0,0,0,0,2024/11/20 16:59:38
月間,202411,策定,相馬双葉幹線,2025/01/30,夜間帯,逆方向,-2360,-2360,0,0,0,0,-2360,熱容量,0,0,0,0,2024/11/20 16:59:38
月間,202412,策定,相馬双葉幹線,2025/01/30,昼間帯,順方向,5480,5860,0,380,0,0,5860,安定度,0,0,0,0,2024/12/20 17:04:17
月間,202412,策定,相馬双葉幹線,2025/01/30,昼間帯,逆方向,-2360,-2360,0,0,0,0,-2360,熱容量,0,0,0,0,2024/12/20 17:04:17
月間,202412,策定,相馬双葉幹線,2025/01/30,夜間帯,順方向,5020,5400,0,380,0,0,5400,熱容量,0,0,0,0,2024/12/20 17:04:17
月間,202412,策定,相馬双葉幹線,2025/01/30,夜間帯,逆方向,-2360,-2360,0,0,0,0,-2360,熱容量,0,0,0,0,2024/12/20 17:04:17
月間,202411,策定,相馬双葉幹線,2025/01/31,昼間帯,順方向,5480,5860,0,380,0,0,5860,安定度,0,0,0,0,2024/11/20 16:59:38
月間,202411,策定,相馬双葉幹線,2025/01/31,昼間帯,逆方向,-2360,-2360,0,0,0,0,-2360,熱容量,0,0,0,0,2024/11/20 16:59:38
月間,202411,策定,相馬双葉幹線,2025/01/31,夜間帯,順方向,5020,5400,0,380,0,0,5400,熱容量,0,0,0,0,2024/11/20 16:59:38
月間,202411,策定,相馬双葉幹線,2025/01/31,夜間帯,逆方向,-2360,-2360,0,0,0,0,-2360,熱容量,0,0,0,0,2024/11/20 16:59:38
月間,202412,策定,相馬双葉幹線,2025/01/31,昼間帯,順方向,5480,5860,0,380,0,0,5860,安定度,0,0,0,0,2024/12/20 17:04:17
月間,202412,策定,相馬双葉幹線,2025/01/31,昼間帯,逆方向,-2360,-2360,0,0,0,0,-2360,熱容量,0,0,0,0,2024/12/20 17:04:17
月間,202412,策定,相馬双葉幹線,2025/01/31,夜間帯,順方向,5020,5400,0,380,0,0,5400,熱容量,0,0,0,0,2024/12/20 17:04:17
月間,202412,策定,相馬双葉幹線,2025/01/31,夜間帯,逆方向,-2360,-2360,0,0,0,0,-2360,熱容量,0,0,0,0,2024/12/20 17:04:17
月間,202411,策定,周波数変換設備,2025/01/01,昼間帯,順方向,1500,1500,0,600,600,0,2100,熱容量,0,0,0,0,2024/11/20 16:59:38
月間,202411,策定,周波数変換設備,2025/01/01,昼間帯,逆方向,-1500,-1500,0,-600,-600,0,-2100,熱容量,0,0,0,0,2024/11/20 16:59:38
月間,202411,策定,周波数変換設備,2025/01/01,夜間帯,順方向,1500,1500,0,600,600,0,2100,熱容量,0,0,0,0,2024/11/20 16:59:38
月間,202411,策定,周波数変換設備,2025/01/01,夜間帯,逆方向,-1500,-1500,0,-600,-600,0,-2100,熱容量,0,0,0,0,2024/11/20 16:59:38
月間,202411,策定,周波数変換設備,2025/01/02,昼間帯,順方向,1500,1500,0,600,600,0,2100,熱容量,0,0,0,0,2024/11/20 16:59:38
月間,202411,策定,周波数変換設備,2025/01/02,昼間帯,逆方向,-1500,-1500,0,-600,-600,0,-2100,熱容量,0,0,0,0,2024/11/20 16:59:38
月間,202411,策定,周波数変換設備,2025/01/02,夜間帯,順方向,1500,1500,0,600,600,0,2100,熱容量,0,0,0,0,2024/11/20 16:59:38
月間,202411,策定,周波数変換設備,2025/01/02,夜間帯,逆方向,-1500,-1500,0,-600,-600,0,-2100,熱容量,0,0,0,0,2024/11/20 16:59:38
月間,202411,策定,周波数変換設備,2025/01/03,昼間帯,順方向,1500,1500,0,600,600,0,2100,熱容量,0,0,0,0,2024/11/20 16:59:38
月間,202411,策定,周波数変換設備,2025/01/03,昼間帯,逆方向,-1500,-1500,0,-600,-600,0,-2100,熱容量,0,0,0,0,2024/11/20 16:59:38
月間,202411,策定,周波数変換設備,2025/01/03,夜間帯,順方向,1500,1500,0,600,600,0,2100,熱容量,0,0,0,0,2024/11/20 16:59:38
月間,202411,策定,周波数変換設備,2025/01/03,夜間帯,逆方向,-1500,-1500,0,-600,-600,0,-2100,熱容量,0,0,0,0,2024/11/20 16:59:38
月間,202411,策定,周波数変換設備,2025/01/04,昼間帯,順方向,1500,1500,0,600,600,0,2100,熱容量,0,0,0,0,2024/11/20 16:59:38
月間,202411,策定,周波数変換設備,2025/01/04,昼間帯,逆方向,-1500,-1500,0,-600,-600,0,-2100,熱容量,0,0,0,0,2024/11/20 16:59:38
月間,202411,策定,周波数変換設備,2025/01/04,夜間帯,順方向,1500,1500,0,600,600,0,2100,熱容量,0,0,0,0,2024/11/20 16:59:38
月間,202411,策定,周波数変換設備,2025/01/04,夜間帯,逆方向,-1500,-1500,0,-600,-600,0,-2100,熱容量,0,0,0,0,2024/11/20 16:59:38
月間,202412,策定,周波数変換設備,2025/01/04,昼間帯,順方向,1500,1500,0,600,600,0,2100,熱容量,0,0,0,0,2024/12/20 17:04:17
月間,202412,策定,周波数変換設備,2025/01/04,昼間帯,逆方向,-1500,-1500,0,-600,-600,0,-2100,熱容量,0,0,0,0,2024/12/20 17:04:17
月間,202412,策定,周波数変換設備,2025/01/04,夜間帯,順方向,1500,1500,0,600,600,0,2100,熱容量,0,0,0,0,2024/12/20 17:04:17
月間,202412,策定,周波数変換設備,2025/01/04,夜間帯,逆方向,-1500,-1500,0,-600,-600,0,-2100,熱容量,0,0,0,0,2024/12/20 17:04:17
月間,202411,策定,周波数変換設備,2025/01/05,昼間帯,順方向,1500,1500,0,600,600,0,2100,熱容量,0,0,0,0,2024/11/20 16:59:38
月間,202411,策定,周波数変換設備,2025/01/05,昼間帯,逆方向,-1500,-1500,0,-600,-600,0,-2100,熱容量,0,0,0,0,2024/11/20 16:59:38
月間,202411,策定,周波数変換設備,2025/01/05,夜間帯,順方向,1500,1500,0,600,600,0,2100,熱容量,0,0,0,0,2024/11/20 16:59:38
月間,202411,策定,周波数変換設備,2025/01/05,夜間帯,逆方向,-1500,-1500,0,-600,-600,0,-2100,熱容量,0,0,0,0,2024/11/20 16:59:38
月間,202412,策定,周波数変換設備,2025/01/05,昼間帯,順方向,1500,1500,0,600,600,0,2100,熱容量,0,0,0,0,2024/12/20 17:04:17
月間,202412,策定,周波数変換設備,2025/01/05,昼間帯,逆方向,-1500,-1500,0,-600,-600,0,-2100,熱容量,0,0,0,0,2024/12/20 17:04:17
月間,202412,策定,周波数変換設備,2025/01/05,夜間帯,順方向,1500,1500,0,600,600,0,2100,熱容量,0,0,0,0,2024/12/20 17:04:17
月間,202412,策定,周波数変換設備,2025/01/05,夜間帯,逆方向,-1500,-1500,0,-600,-600,0,-2100,熱容量,0,0,0,0,2024/12/20 17:04:17
月間,202411,策定,周波数変換設備,2025/01/06,昼間帯,順方向,1500,1500,0,600,600,0,2100,熱容量,0,0,0,0,2024/11/20 16:59:38
月間,202411,策定,周波数変換設備,2025/01/06,昼間帯,逆方向,-1500,-1500,0,-600,-600,0,-2100,熱容量,0,0,0,0,2024/11/20 16:59:38
月間,202411,策定,周波数変換設備,2025/01/06,夜間帯,順方向,1500,1500,0,600,600,0,2100,熱容量,0,0,0,0,2024/11/20 16:59:38
月間,202411,策定,周波数変換設備,2025/01/06,夜間帯,逆方向,-1500,-1500,0,-600,-600,0,-2100,熱容量,0,0,0,0,2024/11/20 16:59:38
月間,202412,策定,周波数変換設備,2025/01/06,昼間帯,順方向,1500,1500,0,600,600,0,2100,熱容量,0,0,0,0,2024/12/20 17:04:17
月間,202412,策定,周波数変換設備,2025/01/06,昼間帯,逆方向,-1500,-1500,0,-600,-600,0,-2100,熱容量,0,0,0,0,2024/12/20 17:04:17
月間,202412,策定,周波数変換設備,2025/01/06,夜間帯,順方向,1500,1500,0,600,600,0,2100,熱容量,0,0,0,0,2024/12/20 17:04:17
月間,202412,策定,周波数変換設備,2025/01/06,夜間帯,逆方向,-1500,-1500,0,-600,-600,0,-2100,熱容量,0,0,0,0,2024/12/20 17:04:17
月間,202411,策定,周波数変換設備,2025/01/07,昼間帯,順方向,1500,1500,0,600,600,0,2100,熱容量,0,0,0,0,2024/11/20 16:59:38
月間,202411,策定,周波数変換設備,2025/01/07,昼間帯,逆方向,-1500,-1500,0,-600,-600,0,-2100,熱容量,0,0,0,0,2024/11/20 16:59:38
月間,202411,策定,周波数変換設備,2025/01/07,夜間帯,順方向,1500,1500,0,600,600,0,2100,熱容量,0,0,0,0,2024/11/20 16:59:38
月間,202411,策定,周波数変換設備,2025/01/07,夜間帯,逆方向,-1500,-1500,0,-600,-600,0,-2100,熱容量,0,0,0,0,2024/11/20 16:59:38
月間,202412,策定,周波数変換設備,2025/01/07,昼間帯,順方向,1500,1500,0,600,600,0,2100,熱容量,0,0,0,0,2024/12/20 17:04:17
月間,202412,策定,周波数変換設備,2025/01/07,昼間帯,逆方向,-1500,-1500,0,-600,-600,0,-2100,熱容量,0,0,0,0,2024/12/20 17:04:17
月間,202412,策定,周波数変換設備,2025/01/07,夜間帯,順方向,1500,1500,0,600,600,0,2100,熱容量,0,0,0,0,2024/12/20 17:04:17
月間,202412,策定,周波数変換設備,2025/01/07,夜間帯,逆方向,-1500,-1500,0,-600,-600,0,-2100,熱容量,0,0,0,0,2024/12/20 17:04:17
月間,202411,策定,周波数変換設備,2025/01/08,昼間帯,順方向,1500,1500,0,600,600,0,2100,熱容量,0,0,0,0,2024/11/20 16:59:38
月間,202411,策定,周波数変換設備,2025/01/08,昼間帯,逆方向,-1500,-1500,0,-600,-600,0,-2100,熱容量,0,0,0,0,2024/11/20 16:59:38
月間,202411,策定,周波数変換設備,2025/01/08,夜間帯,順方向,1500,1500,0,600,600,0,2100,熱容量,0,0,0,0,2024/11/20 16:59:38
月間,202411,策定,周波数変換設備,2025/01/08,夜間帯,逆方向,-1500,-1500,0,-600,-600,0,-2100,熱容量,0,0,0,0,2024/11/20 16:59:38
月間,202412,策定,周波数変換設備,2025/01/08,昼間帯,順方向,1500,1500,0,600,600,0,2100,熱容量,0,0,0,0,2024/12/20 17:04:17
月間,202412,策定,周波数変換設備,2025/01/08,昼間帯,逆方向,-1500,-1500,0,-600,-600,0,-2100,熱容量,0,0,0,0,2024/12/20 17:04:17
月間,202412,策定,周波数変換設備,2025/01/08,夜間帯,順方向,1500,1500,0,600,600,0,2100,熱容量,0,0,0,0,2024/12/20 17:04:17
月間,202412,策定,周波数変換設備,2025/01/08,夜間帯,逆方向,-1500,-1500,0,-600,-600,0,-2100,熱容量,0,0,0,0,2024/12/20 17:04:17
月間,202411,策定,周波数変換設備,2025/01/09,昼間帯,順方向,1500,1500,0,600,600,0,2100,熱容量,0,0,0,0,2024/11/20 16:59:38
月間,202411,策定,周波数変換設備,2025/01/09,昼間帯,逆方向,-1500,-1500,0,-600,-600,0,-2100,熱容量,0,0,0,0,2024/11/20 16:59:38
月間,202411,策定,周波数変換設備,2025/01/09,夜間帯,順方向,1500,1500,0,600,600,0,2100,熱容量,0,0,0,0,2024/11/20 16:59:38
月間,202411,策定,周波数変換設備,2025/01/09,夜間帯,逆方向,-1500,-1500,0,-600,-600,0,-2100,熱容量,0,0,0,0,2024/11/20 16:59:38
月間,202412,策定,周波数変換設備,2025/01/09,昼間帯,順方向,1500,1500,0,600,600,0,2100,熱容量,0,0,0,0,2024/12/20 17:04:17
月間,202412,策定,周波数変換設備,2025/01/09,昼間帯,逆方向,-1500,-1500,0,-600,-600,0,-2100,熱容量,0,0,0,0,2024/12/20 17:04:17
月間,202412,策定,周波数変換設備,2025/01/09,夜間帯,順方向,1500,1500,0,600,600,0,2100,熱容量,0,0,0,0,2024/12/20 17:04:17
月間,202412,策定,周波数変換設備,2025/01/09,夜間帯,逆方向,-1500,-1500,0,-600,-600,0,-2100,熱容量,0,0,0,0,2024/12/20 17:04:17
月間,202411,策定,周波数変換設備,2025/01/10,昼間帯,順方向,1500,1500,0,600,600,0,2100,熱容量,0,0,0,0,2024/11/20 16:59:38
月間,202411,策定,周波数変換設備,2025/01/10,昼間帯,逆方向,-1500,-1500,0,-600,-600,0,-2100,熱容量,0,0,0,0,2024/11/20 16:59:38
月間,202411,策定,周波数変換設備,2025/01/10,夜間帯,順方向,1500,1500,0,600,600,0,2100,熱容量,0,0,0,0,2024/11/20 16:59:38
月間,202411,策定,周波数変換設備,2025/01/10,夜間帯,逆方向,-1500,-1500,0,-600,-600,0,-2100,熱容量,0,0,0,0,2024/11/20 16:59:38
月間,202412,策定,周波数変換設備,2025/01/10,昼間帯,順方向,1500,1500,0,600,600,0,2100,熱容量,0,0,0,0,2024/12/20 17:04:17
月間,202412,策定,周波数変換設備,2025/01/10,昼間帯,逆方向,-1500,-1500,0,-600,-600,0,-2100,熱容量,0,0,0,0,2024/12/20 17:04:17
月間,202412,策定,周波数変換設備,2025/01/10,夜間帯,順方向,1500,1500,0,600,600,0,2100,熱容量,0,0,0,0,2024/12/20 17:04:17
月間,202412,策定,周波数変換設備,2025/01/10,夜間帯,逆方向,-1500,-1500,0,-600,-600,0,-2100,熱容量,0,0,0,0,2024/12/20 17:04:17
月間,202411,策定,周波数変換設備,2025/01/11,昼間帯,順方向,1500,1500,0,600,600,0,2100,熱容量,0,0,0,0,2024/11/20 16:59:38
月間,202411,策定,周波数変換設備,2025/01/11,昼間帯,逆方向,-1500,-1500,0,-600,-600,0,-2100,熱容量,0,0,0,0,2024/11/20 16:59:38
月間,202411,策定,周波数変換設備,2025/01/11,夜間帯,順方向,1500,1500,0,600,600,0,2100,熱容量,0,0,0,0,2024/11/20 16:59:38
月間,202411,策定,周波数変換設備,2025/01/11,夜間帯,逆方向,-1500,-1500,0,-600,-600,0,-2100,熱容量,0,0,0,0,2024/11/20 16:59:38
月間,202412,策定,周波数変換設備,2025/01/11,昼間帯,順方向,1500,1500,0,600,600,0,2100,熱容量,0,0,0,0,2024/12/20 17:04:17
月間,202412,策定,周波数変換設備,2025/01/11,昼間帯,逆方向,-1500,-1500,0,-600,-600,0,-2100,熱容量,0,0,0,0,2024/12/20 17:04:17
月間,202412,策定,周波数変換設備,2025/01/11,夜間帯,順方向,1500,1500,0,600,600,0,2100,熱容量,0,0,0,0,2024/12/20 17:04:17
月間,202412,策定,周波数変換設備,2025/01/11,夜間帯,逆方向,-1500,-1500,0,-600,-600,0,-2100,熱容量,0,0,0,0,2024/12/20 17:04:17
月間,202411,策定,周波数変換設備,2025/01/12,昼間帯,順方向,1500,1500,0,600,600,0,2100,熱容量,0,0,0,0,2024/11/20 16:59:38
月間,202411,策定,周波数変換設備,2025/01/12,昼間帯,逆方向,-1500,-1500,0,-600,-600,0,-2100,熱容量,0,0,0,0,2024/11/20 16:59:38
月間,202411,策定,周波数変換設備,2025/01/12,夜間帯,順方向,1500,1500,0,600,600,0,2100,熱容量,0,0,0,0,2024/11/20 16:59:38
月間,202411,策定,周波数変換設備,2025/01/12,夜間帯,逆方向,-1500,-1500,0,-600,-600,0,-2100,熱容量,0,0,0,0,2024/11/20 16:59:38
月間,202412,策定,周波数変換設備,2025/01/12,昼間帯,順方向,1500,1500,0,600,600,0,2100,熱容量,0,0,0,0,2024/12/20 17:04:17
月間,202412,策定,周波数変換設備,2025/01/12,昼間帯,逆方向,-1500,-1500,0,-600,-600,0,-2100,熱容量,0,0,0,0,2024/12/20 17:04:17
月間,202412,策定,周波数変換設備,2025/01/12,夜間帯,順方向,1500,1500,0,600,600,0,2100,熱容量,0,0,0,0,2024/12/20 17:04:17
月間,202412,策定,周波数変換設備,2025/01/12,夜間帯,逆方向,-1500,-1500,0,-600,-600,0,-2100,熱容量,0,0,0,0,2024/12/20 17:04:17
月間,202411,策定,周波数変換設備,2025/01/13,昼間帯,順方向,1500,1500,0,600,600,0,2100,熱容量,0,0,0,0,2024/11/20 16:59:38
月間,202411,策定,周波数変換設備,2025/01/13,昼間帯,逆方向,-1500,-1500,0,-600,-600,0,-2100,熱容量,0,0,0,0,2024/11/20 16:59:38
月間,202411,策定,周波数変換設備,2025/01/13,夜間帯,順方向,1500,1500,0,600,600,0,2100,熱容量,0,0,0,0,2024/11/20 16:59:38
月間,202411,策定,周波数変換設備,2025/01/13,夜間帯,逆方向,-1500,-1500,0,-600,-600,0,-2100,熱容量,0,0,0,0,2024/11/20 16:59:38
月間,202412,策定,周波数変換設備,2025/01/13,昼間帯,順方向,1500,1500,0,600,600,0,2100,熱容量,0,0,0,0,2024/12/20 17:04:17
月間,202412,策定,周波数変換設備,2025/01/13,昼間帯,逆方向,-1500,-1500,0,-600,-600,0,-2100,熱容量,0,0,0,0,2024/12/20 17:04:17
月間,202412,策定,周波数変換設備,2025/01/13,夜間帯,順方向,1500,1500,0,600,600,0,2100,熱容量,0,0,0,0,2024/12/20 17:04:17
月間,202412,策定,周波数変換設備,2025/01/13,夜間帯,逆方向,-1500,-1500,0,-600,-600,0,-2100,熱容量,0,0,0,0,2024/12/20 17:04:17
月間,202411,策定,周波数変換設備,2025/01/14,昼間帯,順方向,1500,1500,0,600,600,0,2100,熱容量,0,0,0,0,2024/11/20 16:59:38
月間,202411,策定,周波数変換設備,2025/01/14,昼間帯,逆方向,-1500,-1500,0,-600,-600,0,-2100,熱容量,0,0,0,0,2024/11/20 16:59:38
月間,202411,策定,周波数変換設備,2025/01/14,夜間帯,順方向,1500,1500,0,600,600,0,2100,熱容量,0,0,0,0,2024/11/20 16:59:38
月間,202411,策定,周波数変換設備,2025/01/14,夜間帯,逆方向,-1500,-1500,0,-600,-600,0,-2100,熱容量,0,0,0,0,2024/11/20 16:59:38
月間,202412,策定,周波数変換設備,2025/01/14,昼間帯,順方向,1500,1500,0,600,600,0,2100,熱容量,0,0,0,0,2024/12/20 17:04:17
月間,202412,策定,周波数変換設備,2025/01/14,昼間帯,逆方向,-1500,-1500,0,-600,-600,0,-2100,熱容量,0,0,0,0,2024/12/20 17:04:17
月間,202412,策定,周波数変換設備,2025/01/14,夜間帯,順方向,1500,1500,0,600,600,0,2100,熱容量,0,0,0,0,2024/12/20 17:04:17
月間,202412,策定,周波数変換設備,2025/01/14,夜間帯,逆方向,-1500,-1500,0,-600,-600,0,-2100,熱容量,0,0,0,0,2024/12/20 17:04:17
月間,202411,策定,周波数変換設備,2025/01/15,昼間帯,順方向,1500,1500,0,600,600,0,2100,熱容量,0,0,0,0,2024/11/20 16:59:38
月間,202411,策定,周波数変換設備,2025/01/15,昼間帯,逆方向,-1500,-1500,0,-600,-600,0,-2100,熱容量,0,0,0,0,2024/11/20 16:59:38
月間,202411,策定,周波数変換設備,2025/01/15,夜間帯,順方向,1500,1500,0,600,600,0,2100,熱容量,0,0,0,0,2024/11/20 16:59:38
月間,202411,策定,周波数変換設備,2025/01/15,夜間帯,逆方向,-1500,-1500,0,-600,-600,0,-2100,熱容量,0,0,0,0,2024/11/20 16:59:38
月間,202412,策定,周波数変換設備,2025/01/15,昼間帯,順方向,1500,1500,0,600,600,0,2100,熱容量,0,0,0,0,2024/12/20 17:04:17
月間,202412,策定,周波数変換設備,2025/01/15,昼間帯,逆方向,-1500,-1500,0,-600,-600,0,-2100,熱容量,0,0,0,0,2024/12/20 17:04:17
月間,202412,策定,周波数変換設備,2025/01/15,夜間帯,順方向,1500,1500,0,600,600,0,2100,熱容量,0,0,0,0,2024/12/20 17:04:17
月間,202412,策定,周波数変換設備,2025/01/15,夜間帯,逆方向,-1500,-1500,0,-600,-600,0,-2100,熱容量,0,0,0,0,2024/12/20 17:04:17
月間,202411,策定,周波数変換設備,2025/01/16,昼間帯,順方向,1500,1500,0,600,600,0,2100,熱容量,0,0,0,0,2024/11/20 16:59:38
月間,202411,策定,周波数変換設備,2025/01/16,昼間帯,逆方向,-1500,-1500,0,-600,-600,0,-2100,熱容量,0,0,0,0,2024/11/20 16:59:38
月間,202411,策定,周波数変換設備,2025/01/16,夜間帯,順方向,1500,1500,0,600,600,0,2100,熱容量,0,0,0,0,2024/11/20 16:59:38
月間,202411,策定,周波数変換設備,2025/01/16,夜間帯,逆方向,-1500,-1500,0,-600,-600,0,-2100,熱容量,0,0,0,0,2024/11/20 16:59:38
月間,202412,策定,周波数変換設備,2025/01/16,昼間帯,順方向,1500,1500,0,600,600,0,2100,熱容量,0,0,0,0,2024/12/20 17:04:17
月間,202412,策定,周波数変換設備,2025/01/16,昼間帯,逆方向,-1500,-1500,0,-600,-600,0,-2100,熱容量,0,0,0,0,2024/12/20 17:04:17
月間,202412,策定,周波数変換設備,2025/01/16,夜間帯,順方向,1500,1500,0,600,600,0,2100,熱容量,0,0,0,0,2024/12/20 17:04:17
月間,202412,策定,周波数変換設備,2025/01/16,夜間帯,逆方向,-1500,-1500,0,-600,-600,0,-2100,熱容量,0,0,0,0,2024/12/20 17:04:17
月間,202411,策定,周波数変換設備,2025/01/17,昼間帯,順方向,1500,1500,0,600,600,0,2100,熱容量,0,0,0,0,2024/11/20 16:59:38
月間,202411,策定,周波数変換設備,2025/01/17,昼間帯,逆方向,-1500,-1500,0,-600,-600,0,-2100,熱容量,0,0,0,0,2024/11/20 16:59:38
月間,202411,策定,周波数変換設備,2025/01/17,夜間帯,順方向,1500,1500,0,600,600,0,2100,熱容量,0,0,0,0,2024/11/20 16:59:38
月間,202411,策定,周波数変換設備,2025/01/17,夜間帯,逆方向,-1500,-1500,0,-600,-600,0,-2100,熱容量,0,0,0,0,2024/11/20 16:59:38
月間,202412,策定,周波数変換設備,2025/01/17,昼間帯,順方向,1500,1500,0,600,600,0,2100,熱容量,0,0,0,0,2024/12/20 17:04:17
月間,202412,策定,周波数変換設備,2025/01/17,昼間帯,逆方向,-1500,-1500,0,-600,-600,0,-2100,熱容量,0,0,0,0,2024/12/20 17:04:17
月間,202412,策定,周波数変換設備,2025/01/17,夜間帯,順方向,1500,1500,0,600,600,0,2100,熱容量,0,0,0,0,2024/12/20 17:04:17
月間,202412,策定,周波数変換設備,2025/01/17,夜間帯,逆方向,-1500,-1500,0,-600,-600,0,-2100,熱容量,0,0,0,0,2024/12/20 17:04:17
月間,202411,策定,周波数変換設備,2025/01/18,昼間帯,順方向,1500,1500,0,600,600,0,2100,熱容量,0,0,0,0,2024/11/20 16:59:38
月間,202411,策定,周波数変換設備,2025/01/18,昼間帯,逆方向,-1500,-1500,0,-600,-600,0,-2100,熱容量,0,0,0,0,2024/11/20 16:59:38
月間,202411,策定,周波数変換設備,2025/01/18,夜間帯,順方向,1500,1500,0,600,600,0,2100,熱容量,0,0,0,0,2024/11/20 16:59:38
月間,202411,策定,周波数変換設備,2025/01/18,夜間帯,逆方向,-1500,-1500,0,-600,-600,0,-2100,熱容量,0,0,0,0,2024/11/20 16:59:38
月間,202412,策定,周波数変換設備,2025/01/18,昼間帯,順方向,1500,1500,0,600,600,0,2100,熱容量,0,0,0,0,2024/12/20 17:04:17
月間,202412,策定,周波数変換設備,2025/01/18,昼間帯,逆方向,-1500,-1500,0,-600,-600,0,-2100,熱容量,0,0,0,0,2024/12/20 17:04:17
月間,202412,策定,周波数変換設備,2025/01/18,夜間帯,順方向,1500,1500,0,600,600,0,2100,熱容量,0,0,0,0,2024/12/20 17:04:17
月間,202412,策定,周波数変換設備,2025/01/18,夜間帯,逆方向,-1500,-1500,0,-600,-600,0,-2100,熱容量,0,0,0,0,2024/12/20 17:04:17
月間,202411,策定,周波数変換設備,2025/01/19,昼間帯,順方向,1500,1500,0,600,600,0,2100,熱容量,0,0,0,0,2024/11/20 16:59:38
月間,202411,策定,周波数変換設備,2025/01/19,昼間帯,逆方向,-1500,-1500,0,-600,-600,0,-2100,熱容量,0,0,0,0,2024/11/20 16:59:38
月間,202411,策定,周波数変換設備,2025/01/19,夜間帯,順方向,1500,1500,0,600,600,0,2100,熱容量,0,0,0,0,2024/11/20 16:59:38
月間,202411,策定,周波数変換設備,2025/01/19,夜間帯,逆方向,-1500,-1500,0,-600,-600,0,-2100,熱容量,0,0,0,0,2024/11/20 16:59:38
月間,202412,策定,周波数変換設備,2025/01/19,昼間帯,順方向,1500,1500,0,600,600,0,2100,熱容量,0,0,0,0,2024/12/20 17:04:17
月間,202412,策定,周波数変換設備,2025/01/19,昼間帯,逆方向,-1500,-1500,0,-600,-600,0,-2100,熱容量,0,0,0,0,2024/12/20 17:04:17
月間,202412,策定,周波数変換設備,2025/01/19,夜間帯,順方向,1500,1500,0,600,600,0,2100,熱容量,0,0,0,0,2024/12/20 17:04:17
月間,202412,策定,周波数変換設備,2025/01/19,夜間帯,逆方向,-1500,-1500,0,-600,-600,0,-2100,熱容量,0,0,0,0,2024/12/20 17:04:17
月間,202411,策定,周波数変換設備,2025/01/20,昼間帯,順方向,1500,1500,0,600,600,0,2100,熱容量,0,0,0,0,2024/11/20 16:59:38
月間,202411,策定,周波数変換設備,2025/01/20,昼間帯,逆方向,-1500,-1500,0,-600,-600,0,-2100,熱容量,0,0,0,0,2024/11/20 16:59:38
月間,202411,策定,周波数変換設備,2025/01/20,夜間帯,順方向,1500,1500,0,600,600,0,2100,熱容量,0,0,0,0,2024/11/20 16:59:38
月間,202411,策定,周波数変換設備,2025/01/20,夜間帯,逆方向,-1500,-1500,0,-600,-600,0,-2100,熱容量,0,0,0,0,2024/11/20 16:59:38
月間,202412,策定,周波数変換設備,2025/01/20,昼間帯,順方向,1500,1500,0,600,600,0,2100,熱容量,0,0,0,0,2024/12/20 17:04:17
月間,202412,策定,周波数変換設備,2025/01/20,昼間帯,逆方向,-1500,-1500,0,-600,-600,0,-2100,熱容量,0,0,0,0,2024/12/20 17:04:17
月間,202412,策定,周波数変換設備,2025/01/20,夜間帯,順方向,1500,1500,0,600,600,0,2100,熱容量,0,0,0,0,2024/12/20 17:04:17
月間,202412,策定,周波数変換設備,2025/01/20,夜間帯,逆方向,-1500,-1500,0,-600,-600,0,-2100,熱容量,0,0,0,0,2024/12/20 17:04:17
月間,202411,策定,周波数変換設備,2025/01/21,昼間帯,順方向,1500,1500,0,600,600,0,2100,熱容量,0,0,0,0,2024/11/20 16:59:38
月間,202411,策定,周波数変換設備,2025/01/21,昼間帯,逆方向,-1500,-1500,0,-600,-600,0,-2100,熱容量,0,0,0,0,2024/11/20 16:59:38
月間,202411,策定,周波数変換設備,2025/01/21,夜間帯,順方向,1500,1500,0,600,600,0,2100,熱容量,0,0,0,0,2024/11/20 16:59:38
月間,202411,策定,周波数変換設備,2025/01/21,夜間帯,逆方向,-1500,-1500,0,-600,-600,0,-2100,熱容量,0,0,0,0,2024/11/20 16:59:38
月間,202412,策定,周波数変換設備,2025/01/21,昼間帯,順方向,1500,1500,0,600,600,0,2100,熱容量,0,0,0,0,2024/12/20 17:04:17
月間,202412,策定,周波数変換設備,2025/01/21,昼間帯,逆方向,-1500,-1500,0,-600,-600,0,-2100,熱容量,0,0,0,0,2024/12/20 17:04:17
月間,202412,策定,周波数変換設備,2025/01/21,夜間帯,順方向,1500,1500,0,600,600,0,2100,熱容量,0,0,0,0,2024/12/20 17:04:17
月間,202412,策定,周波数変換設備,2025/01/21,夜間帯,逆方向,-1500,-1500,0,-600,-600,0,-2100,熱容量,0,0,0,0,2024/12/20 17:04:17
月間,202411,策定,周波数変換設備,2025/01/22,昼間帯,順方向,1500,1500,0,600,600,0,2100,熱容量,0,0,0,0,2024/11/20 16:59:38
月間,202411,策定,周波数変換設備,2025/01/22,昼間帯,逆方向,-1500,-1500,0,-600,-600,0,-2100,熱容量,0,0,0,0,2024/11/20 16:59:38
月間,202411,策定,周波数変換設備,2025/01/22,夜間帯,順方向,1500,1500,0,600,600,0,2100,熱容量,0,0,0,0,2024/11/20 16:59:38
月間,202411,策定,周波数変換設備,2025/01/22,夜間帯,逆方向,-1500,-1500,0,-600,-600,0,-2100,熱容量,0,0,0,0,2024/11/20 16:59:38
月間,202412,策定,周波数変換設備,2025/01/22,昼間帯,順方向,1500,1500,0,600,600,0,2100,熱容量,0,0,0,0,2024/12/20 17:04:17
月間,202412,策定,周波数変換設備,2025/01/22,昼間帯,逆方向,-1500,-1500,0,-600,-600,0,-2100,熱容量,0,0,0,0,2024/12/20 17:04:17
月間,202412,策定,周波数変換設備,2025/01/22,夜間帯,順方向,1500,1500,0,600,600,0,2100,熱容量,0,0,0,0,2024/12/20 17:04:17
月間,202412,策定,周波数変換設備,2025/01/22,夜間帯,逆方向,-1500,-1500,0,-600,-600,0,-2100,熱容量,0,0,0,0,2024/12/20 17:04:17
月間,202411,策定,周波数変換設備,2025/01/23,昼間帯,順方向,1500,1500,0,600,600,0,2100,熱容量,0,0,0,0,2024/11/20 16:59:38
月間,202411,策定,周波数変換設備,2025/01/23,昼間帯,逆方向,-1500,-1500,0,-600,-600,0,-2100,熱容量,0,0,0,0,2024/11/20 16:59:38
月間,202411,策定,周波数変換設備,2025/01/23,夜間帯,順方向,1500,1500,0,600,600,0,2100,熱容量,0,0,0,0,2024/11/20 16:59:38
月間,202411,策定,周波数変換設備,2025/01/23,夜間帯,逆方向,-1500,-1500,0,-600,-600,0,-2100,熱容量,0,0,0,0,2024/11/20 16:59:38
月間,202412,策定,周波数変換設備,2025/01/23,昼間帯,順方向,1500,1500,0,600,600,0,2100,熱容量,0,0,0,0,2024/12/20 17:04:17
月間,202412,策定,周波数変換設備,2025/01/23,昼間帯,逆方向,-1500,-1500,0,-600,-600,0,-2100,熱容量,0,0,0,0,2024/12/20 17:04:17
月間,202412,策定,周波数変換設備,2025/01/23,夜間帯,順方向,1500,1500,0,600,600,0,2100,熱容量,0,0,0,0,2024/12/20 17:04:17
月間,202412,策定,周波数変換設備,2025/01/23,夜間帯,逆方向,-1500,-1500,0,-600,-600,0,-2100,熱容量,0,0,0,0,2024/12/20 17:04:17
月間,202411,策定,周波数変換設備,2025/01/24,昼間帯,順方向,1500,1500,0,600,600,0,2100,熱容量,0,0,0,0,2024/11/20 16:59:38
月間,202411,策定,周波数変換設備,2025/01/24,昼間帯,逆方向,-1500,-1500,0,-600,-600,0,-2100,熱容量,0,0,0,0,2024/11/20 16:59:38
月間,202411,策定,周波数変換設備,2025/01/24,夜間帯,順方向,1500,1500,0,600,600,0,2100,熱容量,0,0,0,0,2024/11/20 16:59:38
月間,202411,策定,周波数変換設備,2025/01/24,夜間帯,逆方向,-1500,-1500,0,-600,-600,0,-2100,熱容量,0,0,0,0,2024/11/20 16:59:38
月間,202412,策定,周波数変換設備,2025/01/24,昼間帯,順方向,1500,1500,0,600,600,0,2100,熱容量,0,0,0,0,2024/12/20 17:04:17
月間,202412,策定,周波数変換設備,2025/01/24,昼間帯,逆方向,-1500,-1500,0,-600,-600,0,-2100,熱容量,0,0,0,0,2024/12/20 17:04:17
月間,202412,策定,周波数変換設備,2025/01/24,夜間帯,順方向,1500,1500,0,600,600,0,2100,熱容量,0,0,0,0,2024/12/20 17:04:17
月間,202412,策定,周波数変換設備,2025/01/24,夜間帯,逆方向,-1500,-1500,0,-600,-600,0,-2100,熱容量,0,0,0,0,2024/12/20 17:04:17
月間,202411,策定,周波数変換設備,2025/01/25,昼間帯,順方向,1500,1500,0,600,600,0,2100,熱容量,0,0,0,0,2024/11/20 16:59:38
月間,202411,策定,周波数変換設備,2025/01/25,昼間帯,逆方向,-1500,-1500,0,-600,-600,0,-2100,熱容量,0,0,0,0,2024/11/20 16:59:38
月間,202411,策定,周波数変換設備,2025/01/25,夜間帯,順方向,1500,1500,0,600,600,0,2100,熱容量,0,0,0,0,2024/11/20 16:59:38
月間,202411,策定,周波数変換設備,2025/01/25,夜間帯,逆方向,-1500,-1500,0,-600,-600,0,-2100,熱容量,0,0,0,0,2024/11/20 16:59:38
月間,202412,策定,周波数変換設備,2025/01/25,昼間帯,順方向,1500,1500,0,600,600,0,2100,熱容量,0,0,0,0,2024/12/20 17:04:17
月間,202412,策定,周波数変換設備,2025/01/25,昼間帯,逆方向,-1500,-1500,0,-600,-600,0,-2100,熱容量,0,0,0,0,2024/12/20 17:04:17
月間,202412,策定,周波数変換設備,2025/01/25,夜間帯,順方向,1500,1500,0,600,600,0,2100,熱容量,0,0,0,0,2024/12/20 17:04:17
月間,202412,策定,周波数変換設備,2025/01/25,夜間帯,逆方向,-1500,-1500,0,-600,-600,0,-2100,熱容量,0,0,0,0,2024/12/20 17:04:17
月間,202411,策定,周波数変換設備,2025/01/26,昼間帯,順方向,1500,1500,0,600,600,0,2100,熱容量,0,0,0,0,2024/11/20 16:59:38
月間,202411,策定,周波数変換設備,2025/01/26,昼間帯,逆方向,-1500,-1500,0,-600,-600,0,-2100,熱容量,0,0,0,0,2024/11/20 16:59:38
月間,202411,策定,周波数変換設備,2025/01/26,夜間帯,順方向,1500,1500,0,600,600,0,2100,熱容量,0,0,0,0,2024/11/20 16:59:38
月間,202411,策定,周波数変換設備,2025/01/26,夜間帯,逆方向,-1500,-1500,0,-600,-600,0,-2100,熱容量,0,0,0,0,2024/11/20 16:59:38
月間,202412,策定,周波数変換設備,2025/01/26,昼間帯,順方向,1500,1500,0,600,600,0,2100,熱容量,0,0,0,0,2024/12/20 17:04:17
月間,202412,策定,周波数変換設備,2025/01/26,昼間帯,逆方向,-1500,-1500,0,-600,-600,0,-2100,熱容量,0,0,0,0,2024/12/20 17:04:17
月間,202412,策定,周波数変換設備,2025/01/26,夜間帯,順方向,1500,1500,0,600,600,0,2100,熱容量,0,0,0,0,2024/12/20 17:04:17
月間,202412,策定,周波数変換設備,2025/01/26,夜間帯,逆方向,-1500,-1500,0,-600,-600,0,-2100,熱容量,0,0,0,0,2024/12/20 17:04:17
月間,202411,策定,周波数変換設備,2025/01/27,昼間帯,順方向,1500,1500,0,600,600,0,2100,熱容量,0,0,0,0,2024/11/20 16:59:38
月間,202411,策定,周波数変換設備,2025/01/27,昼間帯,逆方向,-1500,-1500,0,-600,-600,0,-2100,熱容量,0,0,0,0,2024/11/20 16:59:38
月間,202411,策定,周波数変換設備,2025/01/27,夜間帯,順方向,1500,1500,0,600,600,0,2100,熱容量,0,0,0,0,2024/11/20 16:59:38
月間,202411,策定,周波数変換設備,2025/01/27,夜間帯,逆方向,-1500,-1500,0,-600,-600,0,-2100,熱容量,0,0,0,0,2024/11/20 16:59:38
月間,202412,策定,周波数変換設備,2025/01/27,昼間帯,順方向,1500,1500,0,600,600,0,2100,熱容量,0,0,0,0,2024/12/20 17:04:17
月間,202412,策定,周波数変換設備,2025/01/27,昼間帯,逆方向,-1500,-1500,0,-600,-600,0,-2100,熱容量,0,0,0,0,2024/12/20 17:04:17
月間,202412,策定,周波数変換設備,2025/01/27,夜間帯,順方向,1500,1500,0,600,600,0,2100,熱容量,0,0,0,0,2024/12/20 17:04:17
月間,202412,策定,周波数変換設備,2025/01/27,夜間帯,逆方向,-1500,-1500,0,-600,-600,0,-2100,熱容量,0,0,0,0,2024/12/20 17:04:17
月間,202411,策定,周波数変換設備,2025/01/28,昼間帯,順方向,1500,1500,0,600,600,0,2100,熱容量,0,0,0,0,2024/11/20 16:59:38
月間,202411,策定,周波数変換設備,2025/01/28,昼間帯,逆方向,-1500,-1500,0,-600,-600,0,-2100,熱容量,0,0,0,0,2024/11/20 16:59:38
月間,202411,策定,周波数変換設備,2025/01/28,夜間帯,順方向,1500,1500,0,600,600,0,2100,熱容量,0,0,0,0,2024/11/20 16:59:38
月間,202411,策定,周波数変換設備,2025/01/28,夜間帯,逆方向,-1500,-1500,0,-600,-600,0,-2100,熱容量,0,0,0,0,2024/11/20 16:59:38
月間,202412,策定,周波数変換設備,2025/01/28,昼間帯,順方向,1500,1500,0,600,600,0,2100,熱容量,0,0,0,0,2024/12/20 17:04:17
月間,202412,策定,周波数変換設備,2025/01/28,昼間帯,逆方向,-1500,-1500,0,-600,-600,0,-2100,熱容量,0,0,0,0,2024/12/20 17:04:17
月間,202412,策定,周波数変換設備,2025/01/28,夜間帯,順方向,1500,1500,0,600,600,0,2100,熱容量,0,0,0,0,2024/12/20 17:04:17
月間,202412,策定,周波数変換設備,2025/01/28,夜間帯,逆方向,-1500,-1500,0,-600,-600,0,-2100,熱容量,0,0,0,0,2024/12/20 17:04:17
月間,202411,策定,周波数変換設備,2025/01/29,昼間帯,順方向,1500,1500,0,600,600,0,2100,熱容量,0,0,0,0,2024/11/20 16:59:38
月間,202411,策定,周波数変換設備,2025/01/29,昼間帯,逆方向,-1500,-1500,0,-600,-600,0,-2100,熱容量,0,0,0,0,2024/11/20 16:59:38
月間,202411,策定,周波数変換設備,2025/01/29,夜間帯,順方向,1500,1500,0,600,600,0,2100,熱容量,0,0,0,0,2024/11/20 16:59:38
月間,202411,策定,周波数変換設備,2025/01/29,夜間帯,逆方向,-1500,-1500,0,-600,-600,0,-2100,熱容量,0,0,0,0,2024/11/20 16:59:38
月間,202412,策定,周波数変換設備,2025/01/29,昼間帯,順方向,1500,1500,0,600,600,0,2100,熱容量,0,0,0,0,2024/12/20 17:04:17
月間,202412,策定,周波数変換設備,2025/01/29,昼間帯,逆方向,-1500,-1500,0,-600,-600,0,-2100,熱容量,0,0,0,0,2024/12/20 17:04:17
月間,202412,策定,周波数変換設備,2025/01/29,夜間帯,順方向,1500,1500,0,600,600,0,2100,熱容量,0,0,0,0,2024/12/20 17:04:17
月間,202412,策定,周波数変換設備,2025/01/29,夜間帯,逆方向,-1500,-1500,0,-600,-600,0,-2100,熱容量,0,0,0,0,2024/12/20 17:04:17
月間,202411,策定,周波数変換設備,2025/01/30,昼間帯,順方向,1500,1500,0,600,600,0,2100,熱容量,0,0,0,0,2024/11/20 16:59:38
月間,202411,策定,周波数変換設備,2025/01/30,昼間帯,逆方向,-1500,-1500,0,-600,-600,0,-2100,熱容量,0,0,0,0,2024/11/20 16:59:38
月間,202411,策定,周波数変換設備,2025/01/30,夜間帯,順方向,1500,1500,0,600,600,0,2100,熱容量,0,0,0,0,2024/11/20 16:59:38
月間,202411,策定,周波数変換設備,2025/01/30,夜間帯,逆方向,-1500,-1500,0,-600,-600,0,-2100,熱容量,0,0,0,0,2024/11/20 16:59:38
月間,202412,策定,周波数変換設備,2025/01/30,昼間帯,順方向,1500,1500,0,600,600,0,2100,熱容量,0,0,0,0,2024/12/20 17:04:17
月間,202412,策定,周波数変換設備,2025/01/30,昼間帯,逆方向,-1500,-1500,0,-600,-600,0,-2100,熱容量,0,0,0,0,2024/12/20 17:04:17
月間,202412,策定,周波数変換設備,2025/01/30,夜間帯,順方向,1500,1500,0,600,600,0,2100,熱容量,0,0,0,0,2024/12/20 17:04:17
月間,202412,策定,周波数変換設備,2025/01/30,夜間帯,逆方向,-1500,-1500,0,-600,-600,0,-2100,熱容量,0,0,0,0,2024/12/20 17:04:17
月間,202411,策定,周波数変換設備,2025/01/31,昼間帯,順方向,1500,1500,0,600,600,0,2100,熱容量,0,0,0,0,2024/11/20 16:59:38
月間,202411,策定,周波数変換設備,2025/01/31,昼間帯,逆方向,-1500,-1500,0,-600,-600,0,-2100,熱容量,0,0,0,0,2024/11/20 16:59:38
月間,202411,策定,周波数変換設備,2025/01/31,夜間帯,順方向,1500,1500,0,600,600,0,2100,熱容量,0,0,0,0,2024/11/20 16:59:38
月間,202411,策定,周波数変換設備,2025/01/31,夜間帯,逆方向,-1500,-1500,0,-600,-600,0,-2100,熱容量,0,0,0,0,2024/11/20 16:59:38
月間,202412,策定,周波数変換設備,2025/01/31,昼間帯,順方向,1500,1500,0,600,600,0,2100,熱容量,0,0,0,0,2024/12/20 17:04:17
月間,202412,策定,周波数変換設備,2025/01/31,昼間帯,逆方向,-1500,-1500,0,-600,-600,0,-2100,熱容量,0,0,0,0,2024/12/20 17:04:17
月間,202412,策定,周波数変換設備,2025/01/31,夜間帯,順方向,1500,1500,0,600,600,0,2100,熱容量,0,0,0,0,2024/12/20 17:04:17
月間,202412,策定,周波数変換設備,2025/01/31,夜間帯,逆方向,-1500,-1500,0,-600,-600,0,-2100,熱容量,0,0,0,0,2024/12/20 17:04:17
月間,202411,策定,三重東近江線,2025/01/01,昼間帯,順方向,590,590,0,0,0,0,590,周波数,0,0,0,0,2024/11/20 16:59:38
月間,202411,策定,三重東近江線,2025/01/01,昼間帯,逆方向,-2000,-2000,0,0,0,0,-2000,周波数,0,0,0,0,2024/11/20 16:59:38
月間,202411,策定,三重東近江線,2025/01/01,夜間帯,順方向,1060,1060,0,0,0,0,1060,周波数,0,0,0,0,2024/11/20 16:59:38
月間,202411,策定,三重東近江線,2025/01/01,夜間帯,逆方向,-2000,-2000,0,0,0,0,-2000,周波数,0,0,0,0,2024/11/20 16:59:38
月間,202411,策定,三重東近江線,2025/01/02,昼間帯,順方向,590,590,0,0,0,0,590,周波数,0,0,0,0,2024/11/20 16:59:38
月間,202411,策定,三重東近江線,2025/01/02,昼間帯,逆方向,-2000,-2000,0,0,0,0,-2000,周波数,0,0,0,0,2024/11/20 16:59:38
月間,202411,策定,三重東近江線,2025/01/02,夜間帯,順方向,1060,1060,0,0,0,0,1060,周波数,0,0,0,0,2024/11/20 16:59:38
月間,202411,策定,三重東近江線,2025/01/02,夜間帯,逆方向,-2000,-2000,0,0,0,0,-2000,周波数,0,0,0,0,2024/11/20 16:59:38
月間,202411,策定,三重東近江線,2025/01/03,昼間帯,順方向,590,590,0,0,0,0,590,周波数,0,0,0,0,2024/11/20 16:59:38
月間,202411,策定,三重東近江線,2025/01/03,昼間帯,逆方向,-2000,-2000,0,0,0,0,-2000,周波数,0,0,0,0,2024/11/20 16:59:38
月間,202411,策定,三重東近江線,2025/01/03,夜間帯,順方向,1060,1060,0,0,0,0,1060,周波数,0,0,0,0,2024/11/20 16:59:38
月間,202411,策定,三重東近江線,2025/01/03,夜間帯,逆方向,-2000,-2000,0,0,0,0,-2000,周波数,0,0,0,0,2024/11/20 16:59:38
月間,202411,策定,三重東近江線,2025/01/04,昼間帯,順方向,700,700,0,0,0,0,700,周波数,0,0,0,0,2024/11/20 16:59:38
月間,202411,策定,三重東近江線,2025/01/04,昼間帯,逆方向,-2000,-2000,0,0,0,0,-2000,周波数,0,0,0,0,2024/11/20 16:59:38
月間,202411,策定,三重東近江線,2025/01/04,夜間帯,順方向,1060,1060,0,0,0,0,1060,周波数,0,0,0,0,2024/11/20 16:59:38
月間,202411,策定,三重東近江線,2025/01/04,夜間帯,逆方向,-2000,-2000,0,0,0,0,-2000,周波数,0,0,0,0,2024/11/20 16:59:38
月間,202412,策定,三重東近江線,2025/01/04,昼間帯,順方向,700,700,0,0,0,0,700,周波数,0,0,0,0,2024/12/20 17:04:17
月間,202412,策定,三重東近江線,2025/01/04,昼間帯,逆方向,-2000,-2000,0,0,0,0,-2000,周波数,0,0,0,0,2024/12/20 17:04:17
月間,202412,策定,三重東近江線,2025/01/04,夜間帯,順方向,1060,1060,0,0,0,0,1060,周波数,0,0,0,0,2024/12/20 17:04:17
月間,202412,策定,三重東近江線,2025/01/04,夜間帯,逆方向,-2000,-2000,0,0,0,0,-2000,周波数,0,0,0,0,2024/12/20 17:04:17
月間,202411,策定,三重東近江線,2025/01/05,昼間帯,順方向,700,700,0,0,0,0,700,周波数,0,0,0,0,2024/11/20 16:59:38
月間,202411,策定,三重東近江線,2025/01/05,昼間帯,逆方向,-2000,-2000,0,0,0,0,-2000,周波数,0,0,0,0,2024/11/20 16:59:38
月間,202411,策定,三重東近江線,2025/01/05,夜間帯,順方向,1140,1140,0,0,0,0,1140,周波数,0,0,0,0,2024/11/20 16:59:38
月間,202411,策定,三重東近江線,2025/01/05,夜間帯,逆方向,-2000,-2000,0,0,0,0,-2000,周波数,0,0,0,0,2024/11/20 16:59:38
月間,202412,策定,三重東近江線,2025/01/05,昼間帯,順方向,700,700,0,0,0,0,700,周波数,0,0,0,0,2024/12/20 17:04:17
月間,202412,策定,三重東近江線,2025/01/05,昼間帯,逆方向,-2000,-2000,0,0,0,0,-2000,周波数,0,0,0,0,2024/12/20 17:04:17
月間,202412,策定,三重東近江線,2025/01/05,夜間帯,順方向,1140,1140,0,0,0,0,1140,周波数,0,0,0,0,2024/12/20 17:04:17
月間,202412,策定,三重東近江線,2025/01/05,夜間帯,逆方向,-2000,-2000,0,0,0,0,-2000,周波数,0,0,0,0,2024/12/20 17:04:17
月間,202411,策定,三重東近江線,2025/01/06,昼間帯,順方向,1040,1040,0,0,0,0,1040,周波数,0,0,0,0,2024/11/20 16:59:38
月間,202411,策定,三重東近江線,2025/01/06,昼間帯,逆方向,-2500,-2500,0,0,0,0,-2500,周波数,0,0,0,0,2024/11/20 16:59:38
月間,202411,策定,三重東近江線,2025/01/06,夜間帯,順方向,1140,1140,0,0,0,0,1140,周波数,0,0,0,0,2024/11/20 16:59:38
月間,202411,策定,三重東近江線,2025/01/06,夜間帯,逆方向,-2000,-2000,0,0,0,0,-2000,周波数,0,0,0,0,2024/11/20 16:59:38
月間,202412,策定,三重東近江線,2025/01/06,昼間帯,順方向,1040,1040,0,0,0,0,1040,周波数,0,0,0,0,2024/12/20 17:04:17
月間,202412,策定,三重東近江線,2025/01/06,昼間帯,逆方向,-2500,-2500,0,0,0,0,-2500,周波数,0,0,0,0,2024/12/20 17:04:17
月間,202412,策定,三重東近江線,2025/01/06,夜間帯,順方向,1140,1140,0,0,0,0,1140,周波数,0,0,0,0,2024/12/20 17:04:17
月間,202412,策定,三重東近江線,2025/01/06,夜間帯,逆方向,-2000,-2000,0,0,0,0,-2000,周波数,0,0,0,0,2024/12/20 17:04:17
月間,202411,策定,三重東近江線,2025/01/07,昼間帯,順方向,1040,1040,0,0,0,0,1040,周波数,0,0,0,0,2024/11/20 16:59:38
月間,202411,策定,三重東近江線,2025/01/07,昼間帯,逆方向,-2500,-2500,0,0,0,0,-2500,周波数,0,0,0,0,2024/11/20 16:59:38
月間,202411,策定,三重東近江線,2025/01/07,夜間帯,順方向,1270,1270,0,0,0,0,1270,周波数,0,0,0,0,2024/11/20 16:59:38
月間,202411,策定,三重東近江線,2025/01/07,夜間帯,逆方向,-2000,-2000,0,0,0,0,-2000,周波数,0,0,0,0,2024/11/20 16:59:38
月間,202412,策定,三重東近江線,2025/01/07,昼間帯,順方向,1040,1040,0,0,0,0,1040,周波数,0,0,0,0,2024/12/20 17:04:17
月間,202412,策定,三重東近江線,2025/01/07,昼間帯,逆方向,-2500,-2500,0,0,0,0,-2500,周波数,0,0,0,0,2024/12/20 17:04:17
月間,202412,策定,三重東近江線,2025/01/07,夜間帯,順方向,1270,1270,0,0,0,0,1270,周波数,0,0,0,0,2024/12/20 17:04:17
月間,202412,策定,三重東近江線,2025/01/07,夜間帯,逆方向,-2000,-2000,0,0,0,0,-2000,周波数,0,0,0,0,2024/12/20 17:04:17
月間,202411,策定,三重東近江線,2025/01/08,昼間帯,順方向,1040,1040,0,0,0,0,1040,周波数,0,0,0,0,2024/11/20 16:59:38
月間,202411,策定,三重東近江線,2025/01/08,昼間帯,逆方向,-2500,-2500,0,0,0,0,-2500,周波数,0,0,0,0,2024/11/20 16:59:38
月間,202411,策定,三重東近江線,2025/01/08,夜間帯,順方向,1270,1270,0,0,0,0,1270,周波数,0,0,0,0,2024/11/20 16:59:38
月間,202411,策定,三重東近江線,2025/01/08,夜間帯,逆方向,-2000,-2000,0,0,0,0,-2000,周波数,0,0,0,0,2024/11/20 16:59:38
月間,202412,策定,三重東近江線,2025/01/08,昼間帯,順方向,1040,1040,0,0,0,0,1040,周波数,0,0,0,0,2024/12/20 17:04:17
月間,202412,策定,三重東近江線,2025/01/08,昼間帯,逆方向,-2500,-2500,0,0,0,0,-2500,周波数,0,0,0,0,2024/12/20 17:04:17
月間,202412,策定,三重東近江線,2025/01/08,夜間帯,順方向,1270,1270,0,0,0,0,1270,周波数,0,0,0,0,2024/12/20 17:04:17
月間,202412,策定,三重東近江線,2025/01/08,夜間帯,逆方向,-2000,-2000,0,0,0,0,-2000,周波数,0,0,0,0,2024/12/20 17:04:17
月間,202411,策定,三重東近江線,2025/01/09,昼間帯,順方向,1040,1040,0,0,0,0,1040,周波数,0,0,0,0,2024/11/20 16:59:38
月間,202411,策定,三重東近江線,2025/01/09,昼間帯,逆方向,-2500,-2500,0,0,0,0,-2500,周波数,0,0,0,0,2024/11/20 16:59:38
月間,202411,策定,三重東近江線,2025/01/09,夜間帯,順方向,1270,1270,0,0,0,0,1270,周波数,0,0,0,0,2024/11/20 16:59:38
月間,202411,策定,三重東近江線,2025/01/09,夜間帯,逆方向,-2000,-2000,0,0,0,0,-2000,周波数,0,0,0,0,2024/11/20 16:59:38
月間,202412,策定,三重東近江線,2025/01/09,昼間帯,順方向,1040,1040,0,0,0,0,1040,周波数,0,0,0,0,2024/12/20 17:04:17
月間,202412,策定,三重東近江線,2025/01/09,昼間帯,逆方向,-2500,-2500,0,0,0,0,-2500,周波数,0,0,0,0,2024/12/20 17:04:17
月間,202412,策定,三重東近江線,2025/01/09,夜間帯,順方向,1270,1270,0,0,0,0,1270,周波数,0,0,0,0,2024/12/20 17:04:17
月間,202412,策定,三重東近江線,2025/01/09,夜間帯,逆方向,-2000,-2000,0,0,0,0,-2000,周波数,0,0,0,0,2024/12/20 17:04:17
月間,202411,策定,三重東近江線,2025/01/10,昼間帯,順方向,1040,1040,0,0,0,0,1040,周波数,0,0,0,0,2024/11/20 16:59:38
月間,202411,策定,三重東近江線,2025/01/10,昼間帯,逆方向,-2500,-2500,0,0,0,0,-2500,周波数,0,0,0,0,2024/11/20 16:59:38
月間,202411,策定,三重東近江線,2025/01/10,夜間帯,順方向,1270,1270,0,0,0,0,1270,周波数,0,0,0,0,2024/11/20 16:59:38
月間,202411,策定,三重東近江線,2025/01/10,夜間帯,逆方向,-2000,-2000,0,0,0,0,-2000,周波数,0,0,0,0,2024/11/20 16:59:38
月間,202412,策定,三重東近江線,2025/01/10,昼間帯,順方向,1040,1040,0,0,0,0,1040,周波数,0,0,0,0,2024/12/20 17:04:17
月間,202412,策定,三重東近江線,2025/01/10,昼間帯,逆方向,-2500,-2500,0,0,0,0,-2500,周波数,0,0,0,0,2024/12/20 17:04:17
月間,202412,策定,三重東近江線,2025/01/10,夜間帯,順方向,1270,1270,0,0,0,0,1270,周波数,0,0,0,0,2024/12/20 17:04:17
月間,202412,策定,三重東近江線,2025/01/10,夜間帯,逆方向,-2000,-2000,0,0,0,0,-2000,周波数,0,0,0,0,2024/12/20 17:04:17
月間,202411,策定,三重東近江線,2025/01/11,昼間帯,順方向,700,700,0,0,0,0,700,周波数,0,0,0,0,2024/11/20 16:59:38
月間,202411,策定,三重東近江線,2025/01/11,昼間帯,逆方向,-2500,-2500,0,0,0,0,-2500,周波数,0,0,0,0,2024/11/20 16:59:38
月間,202411,策定,三重東近江線,2025/01/11,夜間帯,順方向,1140,1140,0,0,0,0,1140,周波数,0,0,0,0,2024/11/20 16:59:38
月間,202411,策定,三重東近江線,2025/01/11,夜間帯,逆方向,-2000,-2000,0,0,0,0,-2000,周波数,0,0,0,0,2024/11/20 16:59:38
月間,202412,策定,三重東近江線,2025/01/11,昼間帯,順方向,700,700,0,0,0,0,700,周波数,0,0,0,0,2024/12/20 17:04:17
月間,202412,策定,三重東近江線,2025/01/11,昼間帯,逆方向,-2500,-2500,0,0,0,0,-2500,周波数,0,0,0,0,2024/12/20 17:04:17
月間,202412,策定,三重東近江線,2025/01/11,夜間帯,順方向,1140,1140,0,0,0,0,1140,周波数,0,0,0,0,2024/12/20 17:04:17
月間,202412,策定,三重東近江線,2025/01/11,夜間帯,逆方向,-2000,-2000,0,0,0,0,-2000,周波数,0,0,0,0,2024/12/20 17:04:17
月間,202411,策定,三重東近江線,2025/01/12,昼間帯,順方向,700,700,0,0,0,0,700,周波数,0,0,0,0,2024/11/20 16:59:38
月間,202411,策定,三重東近江線,2025/01/12,昼間帯,逆方向,-2000,-2000,0,0,0,0,-2000,周波数,0,0,0,0,2024/11/20 16:59:38
月間,202411,策定,三重東近江線,2025/01/12,夜間帯,順方向,1140,1140,0,0,0,0,1140,周波数,0,0,0,0,2024/11/20 16:59:38
月間,202411,策定,三重東近江線,2025/01/12,夜間帯,逆方向,-2000,-2000,0,0,0,0,-2000,周波数,0,0,0,0,2024/11/20 16:59:38
月間,202412,策定,三重東近江線,2025/01/12,昼間帯,順方向,700,700,0,0,0,0,700,周波数,0,0,0,0,2024/12/20 17:04:17
月間,202412,策定,三重東近江線,2025/01/12,昼間帯,逆方向,-2000,-2000,0,0,0,0,-2000,周波数,0,0,0,0,2024/12/20 17:04:17
月間,202412,策定,三重東近江線,2025/01/12,夜間帯,順方向,1140,1140,0,0,0,0,1140,周波数,0,0,0,0,2024/12/20 17:04:17
月間,202412,策定,三重東近江線,2025/01/12,夜間帯,逆方向,-2000,-2000,0,0,0,0,-2000,周波数,0,0,0,0,2024/12/20 17:04:17
月間,202411,策定,三重東近江線,2025/01/13,昼間帯,順方向,700,700,0,0,0,0,700,周波数,0,0,0,0,2024/11/20 16:59:38
月間,202411,策定,三重東近江線,2025/01/13,昼間帯,逆方向,-2000,-2000,0,0,0,0,-2000,周波数,0,0,0,0,2024/11/20 16:59:38
月間,202411,策定,三重東近江線,2025/01/13,夜間帯,順方向,1140,1140,0,0,0,0,1140,周波数,0,0,0,0,2024/11/20 16:59:38
月間,202411,策定,三重東近江線,2025/01/13,夜間帯,逆方向,-2000,-2000,0,0,0,0,-2000,周波数,0,0,0,0,2024/11/20 16:59:38
月間,202412,策定,三重東近江線,2025/01/13,昼間帯,順方向,700,700,0,0,0,0,700,周波数,0,0,0,0,2024/12/20 17:04:17
月間,202412,策定,三重東近江線,2025/01/13,昼間帯,逆方向,-2000,-2000,0,0,0,0,-2000,周波数,0,0,0,0,2024/12/20 17:04:17
月間,202412,策定,三重東近江線,2025/01/13,夜間帯,順方向,1140,1140,0,0,0,0,1140,周波数,0,0,0,0,2024/12/20 17:04:17
月間,202412,策定,三重東近江線,2025/01/13,夜間帯,逆方向,-2000,-2000,0,0,0,0,-2000,周波数,0,0,0,0,2024/12/20 17:04:17
月間,202411,策定,三重東近江線,2025/01/14,昼間帯,順方向,1040,1040,0,0,0,0,1040,周波数,0,0,0,0,2024/11/20 16:59:38
月間,202411,策定,三重東近江線,2025/01/14,昼間帯,逆方向,-2500,-2500,0,0,0,0,-2500,周波数,0,0,0,0,2024/11/20 16:59:38
月間,202411,策定,三重東近江線,2025/01/14,夜間帯,順方向,1140,1140,0,0,0,0,1140,周波数,0,0,0,0,2024/11/20 16:59:38
月間,202411,策定,三重東近江線,2025/01/14,夜間帯,逆方向,-2000,-2000,0,0,0,0,-2000,周波数,0,0,0,0,2024/11/20 16:59:38
月間,202412,策定,三重東近江線,2025/01/14,昼間帯,順方向,1040,1040,0,0,0,0,1040,周波数,0,0,0,0,2024/12/20 17:04:17
月間,202412,策定,三重東近江線,2025/01/14,昼間帯,逆方向,-2500,-2500,0,0,0,0,-2500,周波数,0,0,0,0,2024/12/20 17:04:17
月間,202412,策定,三重東近江線,2025/01/14,夜間帯,順方向,1140,1140,0,0,0,0,1140,周波数,0,0,0,0,2024/12/20 17:04:17
月間,202412,策定,三重東近江線,2025/01/14,夜間帯,逆方向,-2000,-2000,0,0,0,0,-2000,周波数,0,0,0,0,2024/12/20 17:04:17
月間,202411,策定,三重東近江線,2025/01/15,昼間帯,順方向,1040,1040,0,0,0,0,1040,周波数,0,0,0,0,2024/11/20 16:59:38
月間,202411,策定,三重東近江線,2025/01/15,昼間帯,逆方向,-2500,-2500,0,0,0,0,-2500,周波数,0,0,0,0,2024/11/20 16:59:38
月間,202411,策定,三重東近江線,2025/01/15,夜間帯,順方向,1270,1270,0,0,0,0,1270,周波数,0,0,0,0,2024/11/20 16:59:38
月間,202411,策定,三重東近江線,2025/01/15,夜間帯,逆方向,-2000,-2000,0,0,0,0,-2000,周波数,0,0,0,0,2024/11/20 16:59:38
月間,202412,策定,三重東近江線,2025/01/15,昼間帯,順方向,1040,1040,0,0,0,0,1040,周波数,0,0,0,0,2024/12/20 17:04:17
月間,202412,策定,三重東近江線,2025/01/15,昼間帯,逆方向,-2500,-2500,0,0,0,0,-2500,周波数,0,0,0,0,2024/12/20 17:04:17
月間,202412,策定,三重東近江線,2025/01/15,夜間帯,順方向,1270,1270,0,0,0,0,1270,周波数,0,0,0,0,2024/12/20 17:04:17
月間,202412,策定,三重東近江線,2025/01/15,夜間帯,逆方向,-2000,-2000,0,0,0,0,-2000,周波数,0,0,0,0,2024/12/20 17:04:17
月間,202411,策定,三重東近江線,2025/01/16,昼間帯,順方向,1040,1040,0,0,0,0,1040,周波数,0,0,0,0,2024/11/20 16:59:38
月間,202411,策定,三重東近江線,2025/01/16,昼間帯,逆方向,-2500,-2500,0,0,0,0,-2500,周波数,0,0,0,0,2024/11/20 16:59:38
月間,202411,策定,三重東近江線,2025/01/16,夜間帯,順方向,1270,1270,0,0,0,0,1270,周波数,0,0,0,0,2024/11/20 16:59:38
月間,202411,策定,三重東近江線,2025/01/16,夜間帯,逆方向,-2000,-2000,0,0,0,0,-2000,周波数,0,0,0,0,2024/11/20 16:59:38
月間,202412,策定,三重東近江線,2025/01/16,昼間帯,順方向,1040,1040,0,0,0,0,1040,周波数,0,0,0,0,2024/12/20 17:04:17
月間,202412,策定,三重東近江線,2025/01/16,昼間帯,逆方向,-2500,-2500,0,0,0,0,-2500,周波数,0,0,0,0,2024/12/20 17:04:17
月間,202412,策定,三重東近江線,2025/01/16,夜間帯,順方向,1270,1270,0,0,0,0,1270,周波数,0,0,0,0,2024/12/20 17:04:17
月間,202412,策定,三重東近江線,2025/01/16,夜間帯,逆方向,-2000,-2000,0,0,0,0,-2000,周波数,0,0,0,0,2024/12/20 17:04:17
月間,202411,策定,三重東近江線,2025/01/17,昼間帯,順方向,1040,1040,0,0,0,0,1040,周波数,0,0,0,0,2024/11/20 16:59:38
月間,202411,策定,三重東近江線,2025/01/17,昼間帯,逆方向,-2500,-2500,0,0,0,0,-2500,周波数,0,0,0,0,2024/11/20 16:59:38
月間,202411,策定,三重東近江線,2025/01/17,夜間帯,順方向,1270,1270,0,0,0,0,1270,周波数,0,0,0,0,2024/11/20 16:59:38
月間,202411,策定,三重東近江線,2025/01/17,夜間帯,逆方向,-2000,-2000,0,0,0,0,-2000,周波数,0,0,0,0,2024/11/20 16:59:38
月間,202412,策定,三重東近江線,2025/01/17,昼間帯,順方向,1040,1040,0,0,0,0,1040,周波数,0,0,0,0,2024/12/20 17:04:17
月間,202412,策定,三重東近江線,2025/01/17,昼間帯,逆方向,-2500,-2500,0,0,0,0,-2500,周波数,0,0,0,0,2024/12/20 17:04:17
月間,202412,策定,三重東近江線,2025/01/17,夜間帯,順方向,1270,1270,0,0,0,0,1270,周波数,0,0,0,0,2024/12/20 17:04:17
月間,202412,策定,三重東近江線,2025/01/17,夜間帯,逆方向,-2000,-2000,0,0,0,0,-2000,周波数,0,0,0,0,2024/12/20 17:04:17
月間,202411,策定,三重東近江線,2025/01/18,昼間帯,順方向,700,700,0,0,0,0,700,周波数,0,0,0,0,2024/11/20 16:59:38
月間,202411,策定,三重東近江線,2025/01/18,昼間帯,逆方向,-2500,-2500,0,0,0,0,-2500,周波数,0,0,0,0,2024/11/20 16:59:38
月間,202411,策定,三重東近江線,2025/01/18,夜間帯,順方向,1140,1140,0,0,0,0,1140,周波数,0,0,0,0,2024/11/20 16:59:38
月間,202411,策定,三重東近江線,2025/01/18,夜間帯,逆方向,-2000,-2000,0,0,0,0,-2000,周波数,0,0,0,0,2024/11/20 16:59:38
月間,202412,策定,三重東近江線,2025/01/18,昼間帯,順方向,700,700,0,0,0,0,700,周波数,0,0,0,0,2024/12/20 17:04:17
月間,202412,策定,三重東近江線,2025/01/18,昼間帯,逆方向,-2500,-2500,0,0,0,0,-2500,周波数,0,0,0,0,2024/12/20 17:04:17
月間,202412,策定,三重東近江線,2025/01/18,夜間帯,順方向,1140,1140,0,0,0,0,1140,周波数,0,0,0,0,2024/12/20 17:04:17
月間,202412,策定,三重東近江線,2025/01/18,夜間帯,逆方向,-2000,-2000,0,0,0,0,-2000,周波数,0,0,0,0,2024/12/20 17:04:17
月間,202411,策定,三重東近江線,2025/01/19,昼間帯,順方向,700,700,0,0,0,0,700,周波数,0,0,0,0,2024/11/20 16:59:38
月間,202411,策定,三重東近江線,2025/01/19,昼間帯,逆方向,-2000,-2000,0,0,0,0,-2000,周波数,0,0,0,0,2024/11/20 16:59:38
月間,202411,策定,三重東近江線,2025/01/19,夜間帯,順方向,1140,1140,0,0,0,0,1140,周波数,0,0,0,0,2024/11/20 16:59:38
月間,202411,策定,三重東近江線,2025/01/19,夜間帯,逆方向,-2000,-2000,0,0,0,0,-2000,周波数,0,0,0,0,2024/11/20 16:59:38
月間,202412,策定,三重東近江線,2025/01/19,昼間帯,順方向,700,700,0,0,0,0,700,周波数,0,0,0,0,2024/12/20 17:04:17
月間,202412,策定,三重東近江線,2025/01/19,昼間帯,逆方向,-2000,-2000,0,0,0,0,-2000,周波数,0,0,0,0,2024/12/20 17:04:17
月間,202412,策定,三重東近江線,2025/01/19,夜間帯,順方向,1140,1140,0,0,0,0,1140,周波数,0,0,0,0,2024/12/20 17:04:17
月間,202412,策定,三重東近江線,2025/01/19,夜間帯,逆方向,-2000,-2000,0,0,0,0,-2000,周波数,0,0,0,0,2024/12/20 17:04:17
月間,202411,策定,三重東近江線,2025/01/20,昼間帯,順方向,1040,1040,0,0,0,0,1040,周波数,0,0,0,0,2024/11/20 16:59:38
月間,202411,策定,三重東近江線,2025/01/20,昼間帯,逆方向,-2500,-2500,0,0,0,0,-2500,周波数,0,0,0,0,2024/11/20 16:59:38
月間,202411,策定,三重東近江線,2025/01/20,夜間帯,順方向,1140,1140,0,0,0,0,1140,周波数,0,0,0,0,2024/11/20 16:59:38
月間,202411,策定,三重東近江線,2025/01/20,夜間帯,逆方向,-2000,-2000,0,0,0,0,-2000,周波数,0,0,0,0,2024/11/20 16:59:38
月間,202412,策定,三重東近江線,2025/01/20,昼間帯,順方向,1040,1040,0,0,0,0,1040,周波数,0,0,0,0,2024/12/20 17:04:17
月間,202412,策定,三重東近江線,2025/01/20,昼間帯,逆方向,-2500,-2500,0,0,0,0,-2500,周波数,0,0,0,0,2024/12/20 17:04:17
月間,202412,策定,三重東近江線,2025/01/20,夜間帯,順方向,1140,1140,0,0,0,0,1140,周波数,0,0,0,0,2024/12/20 17:04:17
月間,202412,策定,三重東近江線,2025/01/20,夜間帯,逆方向,-2000,-2000,0,0,0,0,-2000,周波数,0,0,0,0,2024/12/20 17:04:17
月間,202411,策定,三重東近江線,2025/01/21,昼間帯,順方向,1040,1040,0,0,0,0,1040,周波数,0,0,0,0,2024/11/20 16:59:38
月間,202411,策定,三重東近江線,2025/01/21,昼間帯,逆方向,-2500,-2500,0,0,0,0,-2500,周波数,0,0,0,0,2024/11/20 16:59:38
月間,202411,策定,三重東近江線,2025/01/21,夜間帯,順方向,1270,1270,0,0,0,0,1270,周波数,0,0,0,0,2024/11/20 16:59:38
月間,202411,策定,三重東近江線,2025/01/21,夜間帯,逆方向,-2000,-2000,0,0,0,0,-2000,周波数,0,0,0,0,2024/11/20 16:59:38
月間,202412,策定,三重東近江線,2025/01/21,昼間帯,順方向,1040,1040,0,0,0,0,1040,周波数,0,0,0,0,2024/12/20 17:04:17
月間,202412,策定,三重東近江線,2025/01/21,昼間帯,逆方向,-2500,-2500,0,0,0,0,-2500,周波数,0,0,0,0,2024/12/20 17:04:17
月間,202412,策定,三重東近江線,2025/01/21,夜間帯,順方向,1270,1270,0,0,0,0,1270,周波数,0,0,0,0,2024/12/20 17:04:17
月間,202412,策定,三重東近江線,2025/01/21,夜間帯,逆方向,-2000,-2000,0,0,0,0,-2000,周波数,0,0,0,0,2024/12/20 17:04:17
月間,202411,策定,三重東近江線,2025/01/22,昼間帯,順方向,1040,1040,0,0,0,0,1040,周波数,0,0,0,0,2024/11/20 16:59:38
月間,202411,策定,三重東近江線,2025/01/22,昼間帯,逆方向,-2500,-2500,0,0,0,0,-2500,周波数,0,0,0,0,2024/11/20 16:59:38
月間,202411,策定,三重東近江線,2025/01/22,夜間帯,順方向,1270,1270,0,0,0,0,1270,周波数,0,0,0,0,2024/11/20 16:59:38
月間,202411,策定,三重東近江線,2025/01/22,夜間帯,逆方向,-2000,-2000,0,0,0,0,-2000,周波数,0,0,0,0,2024/11/20 16:59:38
月間,202412,策定,三重東近江線,2025/01/22,昼間帯,順方向,1040,1040,0,0,0,0,1040,周波数,0,0,0,0,2024/12/20 17:04:17
月間,202412,策定,三重東近江線,2025/01/22,昼間帯,逆方向,-2500,-2500,0,0,0,0,-2500,周波数,0,0,0,0,2024/12/20 17:04:17
月間,202412,策定,三重東近江線,2025/01/22,夜間帯,順方向,1270,1270,0,0,0,0,1270,周波数,0,0,0,0,2024/12/20 17:04:17
月間,202412,策定,三重東近江線,2025/01/22,夜間帯,逆方向,-2000,-2000,0,0,0,0,-2000,周波数,0,0,0,0,2024/12/20 17:04:17
月間,202411,策定,三重東近江線,2025/01/23,昼間帯,順方向,1040,1040,0,0,0,0,1040,周波数,0,0,0,0,2024/11/20 16:59:38
月間,202411,策定,三重東近江線,2025/01/23,昼間帯,逆方向,-2500,-2500,0,0,0,0,-2500,周波数,0,0,0,0,2024/11/20 16:59:38
月間,202411,策定,三重東近江線,2025/01/23,夜間帯,順方向,1270,1270,0,0,0,0,1270,周波数,0,0,0,0,2024/11/20 16:59:38
月間,202411,策定,三重東近江線,2025/01/23,夜間帯,逆方向,-2000,-2000,0,0,0,0,-2000,周波数,0,0,0,0,2024/11/20 16:59:38
月間,202412,策定,三重東近江線,2025/01/23,昼間帯,順方向,1040,1040,0,0,0,0,1040,周波数,0,0,0,0,2024/12/20 17:04:17
月間,202412,策定,三重東近江線,2025/01/23,昼間帯,逆方向,-2500,-2500,0,0,0,0,-2500,周波数,0,0,0,0,2024/12/20 17:04:17
月間,202412,策定,三重東近江線,2025/01/23,夜間帯,順方向,1270,1270,0,0,0,0,1270,周波数,0,0,0,0,2024/12/20 17:04:17
月間,202412,策定,三重東近江線,2025/01/23,夜間帯,逆方向,-2000,-2000,0,0,0,0,-2000,周波数,0,0,0,0,2024/12/20 17:04:17
月間,202411,策定,三重東近江線,2025/01/24,昼間帯,順方向,1040,1040,0,0,0,0,1040,周波数,0,0,0,0,2024/11/20 16:59:38
月間,202411,策定,三重東近江線,2025/01/24,昼間帯,逆方向,-2500,-2500,0,0,0,0,-2500,周波数,0,0,0,0,2024/11/20 16:59:38
月間,202411,策定,三重東近江線,2025/01/24,夜間帯,順方向,1270,1270,0,0,0,0,1270,周波数,0,0,0,0,2024/11/20 16:59:38
月間,202411,策定,三重東近江線,2025/01/24,夜間帯,逆方向,-2000,-2000,0,0,0,0,-2000,周波数,0,0,0,0,2024/11/20 16:59:38
月間,202412,策定,三重東近江線,2025/01/24,昼間帯,順方向,1040,1040,0,0,0,0,1040,周波数,0,0,0,0,2024/12/20 17:04:17
月間,202412,策定,三重東近江線,2025/01/24,昼間帯,逆方向,-2500,-2500,0,0,0,0,-2500,周波数,0,0,0,0,2024/12/20 17:04:17
月間,202412,策定,三重東近江線,2025/01/24,夜間帯,順方向,1270,1270,0,0,0,0,1270,周波数,0,0,0,0,2024/12/20 17:04:17
月間,202412,策定,三重東近江線,2025/01/24,夜間帯,逆方向,-2000,-2000,0,0,0,0,-2000,周波数,0,0,0,0,2024/12/20 17:04:17
月間,202411,策定,三重東近江線,2025/01/25,昼間帯,順方向,700,700,0,0,0,0,700,周波数,0,0,0,0,2024/11/20 16:59:38
月間,202411,策定,三重東近江線,2025/01/25,昼間帯,逆方向,-2500,-2500,0,0,0,0,-2500,周波数,0,0,0,0,2024/11/20 16:59:38
月間,202411,策定,三重東近江線,2025/01/25,夜間帯,順方向,1140,1140,0,0,0,0,1140,周波数,0,0,0,0,2024/11/20 16:59:38
月間,202411,策定,三重東近江線,2025/01/25,夜間帯,逆方向,-2000,-2000,0,0,0,0,-2000,周波数,0,0,0,0,2024/11/20 16:59:38
月間,202412,策定,三重東近江線,2025/01/25,昼間帯,順方向,700,700,0,0,0,0,700,周波数,0,0,0,0,2024/12/20 17:04:17
月間,202412,策定,三重東近江線,2025/01/25,昼間帯,逆方向,-2500,-2500,0,0,0,0,-2500,周波数,0,0,0,0,2024/12/20 17:04:17
月間,202412,策定,三重東近江線,2025/01/25,夜間帯,順方向,1140,1140,0,0,0,0,1140,周波数,0,0,0,0,2024/12/20 17:04:17
月間,202412,策定,三重東近江線,2025/01/25,夜間帯,逆方向,-2000,-2000,0,0,0,0,-2000,周波数,0,0,0,0,2024/12/20 17:04:17
月間,202411,策定,三重東近江線,2025/01/26,昼間帯,順方向,700,700,0,0,0,0,700,周波数,0,0,0,0,2024/11/20 16:59:38
月間,202411,策定,三重東近江線,2025/01/26,昼間帯,逆方向,-2000,-2000,0,0,0,0,-2000,周波数,0,0,0,0,2024/11/20 16:59:38
月間,202411,策定,三重東近江線,2025/01/26,夜間帯,順方向,1140,1140,0,0,0,0,1140,周波数,0,0,0,0,2024/11/20 16:59:38
月間,202411,策定,三重東近江線,2025/01/26,夜間帯,逆方向,-2000,-2000,0,0,0,0,-2000,周波数,0,0,0,0,2024/11/20 16:59:38
月間,202412,策定,三重東近江線,2025/01/26,昼間帯,順方向,700,700,0,0,0,0,700,周波数,0,0,0,0,2024/12/20 17:04:17
月間,202412,策定,三重東近江線,2025/01/26,昼間帯,逆方向,-2000,-2000,0,0,0,0,-2000,周波数,0,0,0,0,2024/12/20 17:04:17
月間,202412,策定,三重東近江線,2025/01/26,夜間帯,順方向,1140,1140,0,0,0,0,1140,周波数,0,0,0,0,2024/12/20 17:04:17
月間,202412,策定,三重東近江線,2025/01/26,夜間帯,逆方向,-2000,-2000,0,0,0,0,-2000,周波数,0,0,0,0,2024/12/20 17:04:17
月間,202411,策定,三重東近江線,2025/01/27,昼間帯,順方向,1040,1040,0,0,0,0,1040,周波数,0,0,0,0,2024/11/20 16:59:38
月間,202411,策定,三重東近江線,2025/01/27,昼間帯,逆方向,-2500,-2500,0,0,0,0,-2500,周波数,0,0,0,0,2024/11/20 16:59:38
月間,202411,策定,三重東近江線,2025/01/27,夜間帯,順方向,1140,1140,0,0,0,0,1140,周波数,0,0,0,0,2024/11/20 16:59:38
月間,202411,策定,三重東近江線,2025/01/27,夜間帯,逆方向,-2000,-2000,0,0,0,0,-2000,周波数,0,0,0,0,2024/11/20 16:59:38
月間,202412,策定,三重東近江線,2025/01/27,昼間帯,順方向,1040,1040,0,0,0,0,1040,周波数,0,0,0,0,2024/12/20 17:04:17
月間,202412,策定,三重東近江線,2025/01/27,昼間帯,逆方向,-2500,-2500,0,0,0,0,-2500,周波数,0,0,0,0,2024/12/20 17:04:17
月間,202412,策定,三重東近江線,2025/01/27,夜間帯,順方向,1140,1140,0,0,0,0,1140,周波数,0,0,0,0,2024/12/20 17:04:17
月間,202412,策定,三重東近江線,2025/01/27,夜間帯,逆方向,-2000,-2000,0,0,0,0,-2000,周波数,0,0,0,0,2024/12/20 17:04:17
月間,202411,策定,三重東近江線,2025/01/28,昼間帯,順方向,1040,1040,0,0,0,0,1040,周波数,0,0,0,0,2024/11/20 16:59:38
月間,202411,策定,三重東近江線,2025/01/28,昼間帯,逆方向,-2500,-2500,0,0,0,0,-2500,周波数,0,0,0,0,2024/11/20 16:59:38
月間,202411,策定,三重東近江線,2025/01/28,夜間帯,順方向,1270,1270,0,0,0,0,1270,周波数,0,0,0,0,2024/11/20 16:59:38
月間,202411,策定,三重東近江線,2025/01/28,夜間帯,逆方向,-2000,-2000,0,0,0,0,-2000,周波数,0,0,0,0,2024/11/20 16:59:38
月間,202412,策定,三重東近江線,2025/01/28,昼間帯,順方向,1040,1040,0,0,0,0,1040,周波数,0,0,0,0,2024/12/20 17:04:17
月間,202412,策定,三重東近江線,2025/01/28,昼間帯,逆方向,-2500,-2500,0,0,0,0,-2500,周波数,0,0,0,0,2024/12/20 17:04:17
月間,202412,策定,三重東近江線,2025/01/28,夜間帯,順方向,1270,1270,0,0,0,0,1270,周波数,0,0,0,0,2024/12/20 17:04:17
月間,202412,策定,三重東近江線,2025/01/28,夜間帯,逆方向,-2000,-2000,0,0,0,0,-2000,周波数,0,0,0,0,2024/12/20 17:04:17
月間,202411,策定,三重東近江線,2025/01/29,昼間帯,順方向,1040,1040,0,0,0,0,1040,周波数,0,0,0,0,2024/11/20 16:59:38
月間,202411,策定,三重東近江線,2025/01/29,昼間帯,逆方向,-2500,-2500,0,0,0,0,-2500,周波数,0,0,0,0,2024/11/20 16:59:38
月間,202411,策定,三重東近江線,2025/01/29,夜間帯,順方向,1270,1270,0,0,0,0,1270,周波数,0,0,0,0,2024/11/20 16:59:38
月間,202411,策定,三重東近江線,2025/01/29,夜間帯,逆方向,-2000,-2000,0,0,0,0,-2000,周波数,0,0,0,0,2024/11/20 16:59:38
月間,202412,策定,三重東近江線,2025/01/29,昼間帯,順方向,1040,1040,0,0,0,0,1040,周波数,0,0,0,0,2024/12/20 17:04:17
月間,202412,策定,三重東近江線,2025/01/29,昼間帯,逆方向,-2500,-2500,0,0,0,0,-2500,周波数,0,0,0,0,2024/12/20 17:04:17
月間,202412,策定,三重東近江線,2025/01/29,夜間帯,順方向,1270,1270,0,0,0,0,1270,周波数,0,0,0,0,2024/12/20 17:04:17
月間,202412,策定,三重東近江線,2025/01/29,夜間帯,逆方向,-2000,-2000,0,0,0,0,-2000,周波数,0,0,0,0,2024/12/20 17:04:17
月間,202411,策定,三重東近江線,2025/01/30,昼間帯,順方向,1040,1040,0,0,0,0,1040,周波数,0,0,0,0,2024/11/20 16:59:38
月間,202411,策定,三重東近江線,2025/01/30,昼間帯,逆方向,-2500,-2500,0,0,0,0,-2500,周波数,0,0,0,0,2024/11/20 16:59:38
月間,202411,策定,三重東近江線,2025/01/30,夜間帯,順方向,1270,1270,0,0,0,0,1270,周波数,0,0,0,0,2024/11/20 16:59:38
月間,202411,策定,三重東近江線,2025/01/30,夜間帯,逆方向,-2000,-2000,0,0,0,0,-2000,周波数,0,0,0,0,2024/11/20 16:59:38
月間,202412,策定,三重東近江線,2025/01/30,昼間帯,順方向,1040,1040,0,0,0,0,1040,周波数,0,0,0,0,2024/12/20 17:04:17
月間,202412,策定,三重東近江線,2025/01/30,昼間帯,逆方向,-2500,-2500,0,0,0,0,-2500,周波数,0,0,0,0,2024/12/20 17:04:17
月間,202412,策定,三重東近江線,2025/01/30,夜間帯,順方向,1270,1270,0,0,0,0,1270,周波数,0,0,0,0,2024/12/20 17:04:17
月間,202412,策定,三重東近江線,2025/01/30,夜間帯,逆方向,-2000,-2000,0,0,0,0,-2000,周波数,0,0,0,0,2024/12/20 17:04:17
月間,202411,策定,三重東近江線,2025/01/31,昼間帯,順方向,1040,1040,0,0,0,0,1040,周波数,0,0,0,0,2024/11/20 16:59:38
月間,202411,策定,三重東近江線,2025/01/31,昼間帯,逆方向,-2500,-2500,0,0,0,0,-2500,周波数,0,0,0,0,2024/11/20 16:59:38
月間,202411,策定,三重東近江線,2025/01/31,夜間帯,順方向,1270,1270,0,0,0,0,1270,周波数,0,0,0,0,2024/11/20 16:59:38
月間,202411,策定,三重東近江線,2025/01/31,夜間帯,逆方向,-2000,-2000,0,0,0,0,-2000,周波数,0,0,0,0,2024/11/20 16:59:38
月間,202412,策定,三重東近江線,2025/01/31,昼間帯,順方向,1040,1040,0,0,0,0,1040,周波数,0,0,0,0,2024/12/20 17:04:17
月間,202412,策定,三重東近江線,2025/01/31,昼間帯,逆方向,-2500,-2500,0,0,0,0,-2500,周波数,0,0,0,0,2024/12/20 17:04:17
月間,202412,策定,三重東近江線,2025/01/31,夜間帯,順方向,1270,1270,0,0,0,0,1270,周波数,0,0,0,0,2024/12/20 17:04:17
月間,202412,策定,三重東近江線,2025/01/31,夜間帯,逆方向,-2000,-2000,0,0,0,0,-2000,周波数,0,0,0,0,2024/12/20 17:04:17
月間,202411,策定,南福光連系所・南福光変電所の連系設備,2025/01/01,昼間帯,順方向,300,300,0,0,0,0,300,熱容量,0,0,0,0,2024/11/20 16:59:38
月間,202411,策定,南福光連系所・南福光変電所の連系設備,2025/01/01,昼間帯,逆方向,-300,-300,0,0,0,0,-300,熱容量,0,0,0,0,2024/11/20 16:59:38
月間,202411,策定,南福光連系所・南福光変電所の連系設備,2025/01/01,夜間帯,順方向,300,300,0,0,0,0,300,熱容量,0,0,0,0,2024/11/20 16:59:38
月間,202411,策定,南福光連系所・南福光変電所の連系設備,2025/01/01,夜間帯,逆方向,-300,-300,0,0,0,0,-300,熱容量,0,0,0,0,2024/11/20 16:59:38
月間,202411,策定,南福光連系所・南福光変電所の連系設備,2025/01/02,昼間帯,順方向,300,300,0,0,0,0,300,熱容量,0,0,0,0,2024/11/20 16:59:38
月間,202411,策定,南福光連系所・南福光変電所の連系設備,2025/01/02,昼間帯,逆方向,-300,-300,0,0,0,0,-300,熱容量,0,0,0,0,2024/11/20 16:59:38
月間,202411,策定,南福光連系所・南福光変電所の連系設備,2025/01/02,夜間帯,順方向,300,300,0,0,0,0,300,熱容量,0,0,0,0,2024/11/20 16:59:38
月間,202411,策定,南福光連系所・南福光変電所の連系設備,2025/01/02,夜間帯,逆方向,-300,-300,0,0,0,0,-300,熱容量,0,0,0,0,2024/11/20 16:59:38
月間,202411,策定,南福光連系所・南福光変電所の連系設備,2025/01/03,昼間帯,順方向,300,300,0,0,0,0,300,熱容量,0,0,0,0,2024/11/20 16:59:38
月間,202411,策定,南福光連系所・南福光変電所の連系設備,2025/01/03,昼間帯,逆方向,-300,-300,0,0,0,0,-300,熱容量,0,0,0,0,2024/11/20 16:59:38
月間,202411,策定,南福光連系所・南福光変電所の連系設備,2025/01/03,夜間帯,順方向,300,300,0,0,0,0,300,熱容量,0,0,0,0,2024/11/20 16:59:38
月間,202411,策定,南福光連系所・南福光変電所の連系設備,2025/01/03,夜間帯,逆方向,-300,-300,0,0,0,0,-300,熱容量,0,0,0,0,2024/11/20 16:59:38
月間,202411,策定,南福光連系所・南福光変電所の連系設備,2025/01/04,昼間帯,順方向,300,300,0,0,0,0,300,熱容量,0,0,0,0,2024/11/20 16:59:38
月間,202411,策定,南福光連系所・南福光変電所の連系設備,2025/01/04,昼間帯,逆方向,-300,-300,0,0,0,0,-300,熱容量,0,0,0,0,2024/11/20 16:59:38
月間,202411,策定,南福光連系所・南福光変電所の連系設備,2025/01/04,夜間帯,順方向,300,300,0,0,0,0,300,熱容量,0,0,0,0,2024/11/20 16:59:38
月間,202411,策定,南福光連系所・南福光変電所の連系設備,2025/01/04,夜間帯,逆方向,-300,-300,0,0,0,0,-300,熱容量,0,0,0,0,2024/11/20 16:59:38
月間,202412,策定,南福光連系所・南福光変電所の連系設備,2025/01/04,昼間帯,順方向,300,300,0,0,0,0,300,熱容量,0,0,0,0,2024/12/20 17:04:17
月間,202412,策定,南福光連系所・南福光変電所の連系設備,2025/01/04,昼間帯,逆方向,-300,-300,0,0,0,0,-300,熱容量,0,0,0,0,2024/12/20 17:04:17
月間,202412,策定,南福光連系所・南福光変電所の連系設備,2025/01/04,夜間帯,順方向,300,300,0,0,0,0,300,熱容量,0,0,0,0,2024/12/20 17:04:17
月間,202412,策定,南福光連系所・南福光変電所の連系設備,2025/01/04,夜間帯,逆方向,-300,-300,0,0,0,0,-300,熱容量,0,0,0,0,2024/12/20 17:04:17
月間,202411,策定,南福光連系所・南福光変電所の連系設備,2025/01/05,昼間帯,順方向,300,300,0,0,0,0,300,熱容量,0,0,0,0,2024/11/20 16:59:38
月間,202411,策定,南福光連系所・南福光変電所の連系設備,2025/01/05,昼間帯,逆方向,-300,-300,0,0,0,0,-300,熱容量,0,0,0,0,2024/11/20 16:59:38
月間,202411,策定,南福光連系所・南福光変電所の連系設備,2025/01/05,夜間帯,順方向,300,300,0,0,0,0,300,熱容量,0,0,0,0,2024/11/20 16:59:38
月間,202411,策定,南福光連系所・南福光変電所の連系設備,2025/01/05,夜間帯,逆方向,-300,-300,0,0,0,0,-300,熱容量,0,0,0,0,2024/11/20 16:59:38
月間,202412,策定,南福光連系所・南福光変電所の連系設備,2025/01/05,昼間帯,順方向,300,300,0,0,0,0,300,熱容量,0,0,0,0,2024/12/20 17:04:17
月間,202412,策定,南福光連系所・南福光変電所の連系設備,2025/01/05,昼間帯,逆方向,-300,-300,0,0,0,0,-300,熱容量,0,0,0,0,2024/12/20 17:04:17
月間,202412,策定,南福光連系所・南福光変電所の連系設備,2025/01/05,夜間帯,順方向,300,300,0,0,0,0,300,熱容量,0,0,0,0,2024/12/20 17:04:17
月間,202412,策定,南福光連系所・南福光変電所の連系設備,2025/01/05,夜間帯,逆方向,-300,-300,0,0,0,0,-300,熱容量,0,0,0,0,2024/12/20 17:04:17
月間,202411,策定,南福光連系所・南福光変電所の連系設備,2025/01/06,昼間帯,順方向,300,300,0,0,0,0,300,熱容量,0,0,0,0,2024/11/20 16:59:38
月間,202411,策定,南福光連系所・南福光変電所の連系設備,2025/01/06,昼間帯,逆方向,-300,-300,0,0,0,0,-300,熱容量,0,0,0,0,2024/11/20 16:59:38
月間,202411,策定,南福光連系所・南福光変電所の連系設備,2025/01/06,夜間帯,順方向,300,300,0,0,0,0,300,熱容量,0,0,0,0,2024/11/20 16:59:38
月間,202411,策定,南福光連系所・南福光変電所の連系設備,2025/01/06,夜間帯,逆方向,-300,-300,0,0,0,0,-300,熱容量,0,0,0,0,2024/11/20 16:59:38
月間,202412,策定,南福光連系所・南福光変電所の連系設備,2025/01/06,昼間帯,順方向,300,300,0,0,0,0,300,熱容量,0,0,0,0,2024/12/20 17:04:17
月間,202412,策定,南福光連系所・南福光変電所の連系設備,2025/01/06,昼間帯,逆方向,-300,-300,0,0,0,0,-300,熱容量,0,0,0,0,2024/12/20 17:04:17
月間,202412,策定,南福光連系所・南福光変電所の連系設備,2025/01/06,夜間帯,順方向,300,300,0,0,0,0,300,熱容量,0,0,0,0,2024/12/20 17:04:17
月間,202412,策定,南福光連系所・南福光変電所の連系設備,2025/01/06,夜間帯,逆方向,-300,-300,0,0,0,0,-300,熱容量,0,0,0,0,2024/12/20 17:04:17
月間,202411,策定,南福光連系所・南福光変電所の連系設備,2025/01/07,昼間帯,順方向,300,300,0,0,0,0,300,熱容量,0,0,0,0,2024/11/20 16:59:38
月間,202411,策定,南福光連系所・南福光変電所の連系設備,2025/01/07,昼間帯,逆方向,-300,-300,0,0,0,0,-300,熱容量,0,0,0,0,2024/11/20 16:59:38
月間,202411,策定,南福光連系所・南福光変電所の連系設備,2025/01/07,夜間帯,順方向,300,300,0,0,0,0,300,熱容量,0,0,0,0,2024/11/20 16:59:38
月間,202411,策定,南福光連系所・南福光変電所の連系設備,2025/01/07,夜間帯,逆方向,-300,-300,0,0,0,0,-300,熱容量,0,0,0,0,2024/11/20 16:59:38
月間,202412,策定,南福光連系所・南福光変電所の連系設備,2025/01/07,昼間帯,順方向,300,300,0,0,0,0,300,熱容量,0,0,0,0,2024/12/20 17:04:17
月間,202412,策定,南福光連系所・南福光変電所の連系設備,2025/01/07,昼間帯,逆方向,-300,-300,0,0,0,0,-300,熱容量,0,0,0,0,2024/12/20 17:04:17
月間,202412,策定,南福光連系所・南福光変電所の連系設備,2025/01/07,夜間帯,順方向,300,300,0,0,0,0,300,熱容量,0,0,0,0,2024/12/20 17:04:17
月間,202412,策定,南福光連系所・南福光変電所の連系設備,2025/01/07,夜間帯,逆方向,-300,-300,0,0,0,0,-300,熱容量,0,0,0,0,2024/12/20 17:04:17
月間,202411,策定,南福光連系所・南福光変電所の連系設備,2025/01/08,昼間帯,順方向,300,300,0,0,0,0,300,熱容量,0,0,0,0,2024/11/20 16:59:38
月間,202411,策定,南福光連系所・南福光変電所の連系設備,2025/01/08,昼間帯,逆方向,-300,-300,0,0,0,0,-300,熱容量,0,0,0,0,2024/11/20 16:59:38
月間,202411,策定,南福光連系所・南福光変電所の連系設備,2025/01/08,夜間帯,順方向,300,300,0,0,0,0,300,熱容量,0,0,0,0,2024/11/20 16:59:38
月間,202411,策定,南福光連系所・南福光変電所の連系設備,2025/01/08,夜間帯,逆方向,-300,-300,0,0,0,0,-300,熱容量,0,0,0,0,2024/11/20 16:59:38
月間,202412,策定,南福光連系所・南福光変電所の連系設備,2025/01/08,昼間帯,順方向,300,300,0,0,0,0,300,熱容量,0,0,0,0,2024/12/20 17:04:17
月間,202412,策定,南福光連系所・南福光変電所の連系設備,2025/01/08,昼間帯,逆方向,-300,-300,0,0,0,0,-300,熱容量,0,0,0,0,2024/12/20 17:04:17
月間,202412,策定,南福光連系所・南福光変電所の連系設備,2025/01/08,夜間帯,順方向,300,300,0,0,0,0,300,熱容量,0,0,0,0,2024/12/20 17:04:17
月間,202412,策定,南福光連系所・南福光変電所の連系設備,2025/01/08,夜間帯,逆方向,-300,-300,0,0,0,0,-300,熱容量,0,0,0,0,2024/12/20 17:04:17
月間,202411,策定,南福光連系所・南福光変電所の連系設備,2025/01/09,昼間帯,順方向,300,300,0,0,0,0,300,熱容量,0,0,0,0,2024/11/20 16:59:38
月間,202411,策定,南福光連系所・南福光変電所の連系設備,2025/01/09,昼間帯,逆方向,-300,-300,0,0,0,0,-300,熱容量,0,0,0,0,2024/11/20 16:59:38
月間,202411,策定,南福光連系所・南福光変電所の連系設備,2025/01/09,夜間帯,順方向,300,300,0,0,0,0,300,熱容量,0,0,0,0,2024/11/20 16:59:38
月間,202411,策定,南福光連系所・南福光変電所の連系設備,2025/01/09,夜間帯,逆方向,-300,-300,0,0,0,0,-300,熱容量,0,0,0,0,2024/11/20 16:59:38
月間,202412,策定,南福光連系所・南福光変電所の連系設備,2025/01/09,昼間帯,順方向,300,300,0,0,0,0,300,熱容量,0,0,0,0,2024/12/20 17:04:17
月間,202412,策定,南福光連系所・南福光変電所の連系設備,2025/01/09,昼間帯,逆方向,-300,-300,0,0,0,0,-300,熱容量,0,0,0,0,2024/12/20 17:04:17
月間,202412,策定,南福光連系所・南福光変電所の連系設備,2025/01/09,夜間帯,順方向,300,300,0,0,0,0,300,熱容量,0,0,0,0,2024/12/20 17:04:17
月間,202412,策定,南福光連系所・南福光変電所の連系設備,2025/01/09,夜間帯,逆方向,-300,-300,0,0,0,0,-300,熱容量,0,0,0,0,2024/12/20 17:04:17
月間,202411,策定,南福光連系所・南福光変電所の連系設備,2025/01/10,昼間帯,順方向,300,300,0,0,0,0,300,熱容量,0,0,0,0,2024/11/20 16:59:38
月間,202411,策定,南福光連系所・南福光変電所の連系設備,2025/01/10,昼間帯,逆方向,-300,-300,0,0,0,0,-300,熱容量,0,0,0,0,2024/11/20 16:59:38
月間,202411,策定,南福光連系所・南福光変電所の連系設備,2025/01/10,夜間帯,順方向,300,300,0,0,0,0,300,熱容量,0,0,0,0,2024/11/20 16:59:38
月間,202411,策定,南福光連系所・南福光変電所の連系設備,2025/01/10,夜間帯,逆方向,-300,-300,0,0,0,0,-300,熱容量,0,0,0,0,2024/11/20 16:59:38
月間,202412,策定,南福光連系所・南福光変電所の連系設備,2025/01/10,昼間帯,順方向,300,300,0,0,0,0,300,熱容量,0,0,0,0,2024/12/20 17:04:17
月間,202412,策定,南福光連系所・南福光変電所の連系設備,2025/01/10,昼間帯,逆方向,-300,-300,0,0,0,0,-300,熱容量,0,0,0,0,2024/12/20 17:04:17
月間,202412,策定,南福光連系所・南福光変電所の連系設備,2025/01/10,夜間帯,順方向,300,300,0,0,0,0,300,熱容量,0,0,0,0,2024/12/20 17:04:17
月間,202412,策定,南福光連系所・南福光変電所の連系設備,2025/01/10,夜間帯,逆方向,-300,-300,0,0,0,0,-300,熱容量,0,0,0,0,2024/12/20 17:04:17
月間,202411,策定,南福光連系所・南福光変電所の連系設備,2025/01/11,昼間帯,順方向,300,300,0,0,0,0,300,熱容量,0,0,0,0,2024/11/20 16:59:38
月間,202411,策定,南福光連系所・南福光変電所の連系設備,2025/01/11,昼間帯,逆方向,-300,-300,0,0,0,0,-300,熱容量,0,0,0,0,2024/11/20 16:59:38
月間,202411,策定,南福光連系所・南福光変電所の連系設備,2025/01/11,夜間帯,順方向,300,300,0,0,0,0,300,熱容量,0,0,0,0,2024/11/20 16:59:38
月間,202411,策定,南福光連系所・南福光変電所の連系設備,2025/01/11,夜間帯,逆方向,-300,-300,0,0,0,0,-300,熱容量,0,0,0,0,2024/11/20 16:59:38
月間,202412,策定,南福光連系所・南福光変電所の連系設備,2025/01/11,昼間帯,順方向,300,300,0,0,0,0,300,熱容量,0,0,0,0,2024/12/20 17:04:17
月間,202412,策定,南福光連系所・南福光変電所の連系設備,2025/01/11,昼間帯,逆方向,-300,-300,0,0,0,0,-300,熱容量,0,0,0,0,2024/12/20 17:04:17
月間,202412,策定,南福光連系所・南福光変電所の連系設備,2025/01/11,夜間帯,順方向,300,300,0,0,0,0,300,熱容量,0,0,0,0,2024/12/20 17:04:17
月間,202412,策定,南福光連系所・南福光変電所の連系設備,2025/01/11,夜間帯,逆方向,-300,-300,0,0,0,0,-300,熱容量,0,0,0,0,2024/12/20 17:04:17
月間,202411,策定,南福光連系所・南福光変電所の連系設備,2025/01/12,昼間帯,順方向,300,300,0,0,0,0,300,熱容量,0,0,0,0,2024/11/20 16:59:38
月間,202411,策定,南福光連系所・南福光変電所の連系設備,2025/01/12,昼間帯,逆方向,-300,-300,0,0,0,0,-300,熱容量,0,0,0,0,2024/11/20 16:59:38
月間,202411,策定,南福光連系所・南福光変電所の連系設備,2025/01/12,夜間帯,順方向,300,300,0,0,0,0,300,熱容量,0,0,0,0,2024/11/20 16:59:38
月間,202411,策定,南福光連系所・南福光変電所の連系設備,2025/01/12,夜間帯,逆方向,-300,-300,0,0,0,0,-300,熱容量,0,0,0,0,2024/11/20 16:59:38
月間,202412,策定,南福光連系所・南福光変電所の連系設備,2025/01/12,昼間帯,順方向,300,300,0,0,0,0,300,熱容量,0,0,0,0,2024/12/20 17:04:17
月間,202412,策定,南福光連系所・南福光変電所の連系設備,2025/01/12,昼間帯,逆方向,-300,-300,0,0,0,0,-300,熱容量,0,0,0,0,2024/12/20 17:04:17
月間,202412,策定,南福光連系所・南福光変電所の連系設備,2025/01/12,夜間帯,順方向,300,300,0,0,0,0,300,熱容量,0,0,0,0,2024/12/20 17:04:17
月間,202412,策定,南福光連系所・南福光変電所の連系設備,2025/01/12,夜間帯,逆方向,-300,-300,0,0,0,0,-300,熱容量,0,0,0,0,2024/12/20 17:04:17
月間,202411,策定,南福光連系所・南福光変電所の連系設備,2025/01/13,昼間帯,順方向,300,300,0,0,0,0,300,熱容量,0,0,0,0,2024/11/20 16:59:38
月間,202411,策定,南福光連系所・南福光変電所の連系設備,2025/01/13,昼間帯,逆方向,-300,-300,0,0,0,0,-300,熱容量,0,0,0,0,2024/11/20 16:59:38
月間,202411,策定,南福光連系所・南福光変電所の連系設備,2025/01/13,夜間帯,順方向,300,300,0,0,0,0,300,熱容量,0,0,0,0,2024/11/20 16:59:38
月間,202411,策定,南福光連系所・南福光変電所の連系設備,2025/01/13,夜間帯,逆方向,-300,-300,0,0,0,0,-300,熱容量,0,0,0,0,2024/11/20 16:59:38
月間,202412,策定,南福光連系所・南福光変電所の連系設備,2025/01/13,昼間帯,順方向,300,300,0,0,0,0,300,熱容量,0,0,0,0,2024/12/20 17:04:17
月間,202412,策定,南福光連系所・南福光変電所の連系設備,2025/01/13,昼間帯,逆方向,-300,-300,0,0,0,0,-300,熱容量,0,0,0,0,2024/12/20 17:04:17
月間,202412,策定,南福光連系所・南福光変電所の連系設備,2025/01/13,夜間帯,順方向,300,300,0,0,0,0,300,熱容量,0,0,0,0,2024/12/20 17:04:17
月間,202412,策定,南福光連系所・南福光変電所の連系設備,2025/01/13,夜間帯,逆方向,-300,-300,0,0,0,0,-300,熱容量,0,0,0,0,2024/12/20 17:04:17
月間,202411,策定,南福光連系所・南福光変電所の連系設備,2025/01/14,昼間帯,順方向,300,300,0,0,0,0,300,熱容量,0,0,0,0,2024/11/20 16:59:38
月間,202411,策定,南福光連系所・南福光変電所の連系設備,2025/01/14,昼間帯,逆方向,-300,-300,0,0,0,0,-300,熱容量,0,0,0,0,2024/11/20 16:59:38
月間,202411,策定,南福光連系所・南福光変電所の連系設備,2025/01/14,夜間帯,順方向,300,300,0,0,0,0,300,熱容量,0,0,0,0,2024/11/20 16:59:38
月間,202411,策定,南福光連系所・南福光変電所の連系設備,2025/01/14,夜間帯,逆方向,-300,-300,0,0,0,0,-300,熱容量,0,0,0,0,2024/11/20 16:59:38
月間,202412,策定,南福光連系所・南福光変電所の連系設備,2025/01/14,昼間帯,順方向,300,300,0,0,0,0,300,熱容量,0,0,0,0,2024/12/20 17:04:17
月間,202412,策定,南福光連系所・南福光変電所の連系設備,2025/01/14,昼間帯,逆方向,-300,-300,0,0,0,0,-300,熱容量,0,0,0,0,2024/12/20 17:04:17
月間,202412,策定,南福光連系所・南福光変電所の連系設備,2025/01/14,夜間帯,順方向,300,300,0,0,0,0,300,熱容量,0,0,0,0,2024/12/20 17:04:17
月間,202412,策定,南福光連系所・南福光変電所の連系設備,2025/01/14,夜間帯,逆方向,-300,-300,0,0,0,0,-300,熱容量,0,0,0,0,2024/12/20 17:04:17
月間,202411,策定,南福光連系所・南福光変電所の連系設備,2025/01/15,昼間帯,順方向,300,300,0,0,0,0,300,熱容量,0,0,0,0,2024/11/20 16:59:38
月間,202411,策定,南福光連系所・南福光変電所の連系設備,2025/01/15,昼間帯,逆方向,-300,-300,0,0,0,0,-300,熱容量,0,0,0,0,2024/11/20 16:59:38
月間,202411,策定,南福光連系所・南福光変電所の連系設備,2025/01/15,夜間帯,順方向,300,300,0,0,0,0,300,熱容量,0,0,0,0,2024/11/20 16:59:38
月間,202411,策定,南福光連系所・南福光変電所の連系設備,2025/01/15,夜間帯,逆方向,-300,-300,0,0,0,0,-300,熱容量,0,0,0,0,2024/11/20 16:59:38
月間,202412,策定,南福光連系所・南福光変電所の連系設備,2025/01/15,昼間帯,順方向,300,300,0,0,0,0,300,熱容量,0,0,0,0,2024/12/20 17:04:17
月間,202412,策定,南福光連系所・南福光変電所の連系設備,2025/01/15,昼間帯,逆方向,-300,-300,0,0,0,0,-300,熱容量,0,0,0,0,2024/12/20 17:04:17
月間,202412,策定,南福光連系所・南福光変電所の連系設備,2025/01/15,夜間帯,順方向,300,300,0,0,0,0,300,熱容量,0,0,0,0,2024/12/20 17:04:17
月間,202412,策定,南福光連系所・南福光変電所の連系設備,2025/01/15,夜間帯,逆方向,-300,-300,0,0,0,0,-300,熱容量,0,0,0,0,2024/12/20 17:04:17
月間,202411,策定,南福光連系所・南福光変電所の連系設備,2025/01/16,昼間帯,順方向,300,300,0,0,0,0,300,熱容量,0,0,0,0,2024/11/20 16:59:38
月間,202411,策定,南福光連系所・南福光変電所の連系設備,2025/01/16,昼間帯,逆方向,-300,-300,0,0,0,0,-300,熱容量,0,0,0,0,2024/11/20 16:59:38
月間,202411,策定,南福光連系所・南福光変電所の連系設備,2025/01/16,夜間帯,順方向,300,300,0,0,0,0,300,熱容量,0,0,0,0,2024/11/20 16:59:38
月間,202411,策定,南福光連系所・南福光変電所の連系設備,2025/01/16,夜間帯,逆方向,-300,-300,0,0,0,0,-300,熱容量,0,0,0,0,2024/11/20 16:59:38
月間,202412,策定,南福光連系所・南福光変電所の連系設備,2025/01/16,昼間帯,順方向,300,300,0,0,0,0,300,熱容量,0,0,0,0,2024/12/20 17:04:17
月間,202412,策定,南福光連系所・南福光変電所の連系設備,2025/01/16,昼間帯,逆方向,-300,-300,0,0,0,0,-300,熱容量,0,0,0,0,2024/12/20 17:04:17
月間,202412,策定,南福光連系所・南福光変電所の連系設備,2025/01/16,夜間帯,順方向,300,300,0,0,0,0,300,熱容量,0,0,0,0,2024/12/20 17:04:17
月間,202412,策定,南福光連系所・南福光変電所の連系設備,2025/01/16,夜間帯,逆方向,-300,-300,0,0,0,0,-300,熱容量,0,0,0,0,2024/12/20 17:04:17
月間,202411,策定,南福光連系所・南福光変電所の連系設備,2025/01/17,昼間帯,順方向,300,300,0,0,0,0,300,熱容量,0,0,0,0,2024/11/20 16:59:38
月間,202411,策定,南福光連系所・南福光変電所の連系設備,2025/01/17,昼間帯,逆方向,-300,-300,0,0,0,0,-300,熱容量,0,0,0,0,2024/11/20 16:59:38
月間,202411,策定,南福光連系所・南福光変電所の連系設備,2025/01/17,夜間帯,順方向,300,300,0,0,0,0,300,熱容量,0,0,0,0,2024/11/20 16:59:38
月間,202411,策定,南福光連系所・南福光変電所の連系設備,2025/01/17,夜間帯,逆方向,-300,-300,0,0,0,0,-300,熱容量,0,0,0,0,2024/11/20 16:59:38
月間,202412,策定,南福光連系所・南福光変電所の連系設備,2025/01/17,昼間帯,順方向,300,300,0,0,0,0,300,熱容量,0,0,0,0,2024/12/20 17:04:17
月間,202412,策定,南福光連系所・南福光変電所の連系設備,2025/01/17,昼間帯,逆方向,-300,-300,0,0,0,0,-300,熱容量,0,0,0,0,2024/12/20 17:04:17
月間,202412,策定,南福光連系所・南福光変電所の連系設備,2025/01/17,夜間帯,順方向,300,300,0,0,0,0,300,熱容量,0,0,0,0,2024/12/20 17:04:17
月間,202412,策定,南福光連系所・南福光変電所の連系設備,2025/01/17,夜間帯,逆方向,-300,-300,0,0,0,0,-300,熱容量,0,0,0,0,2024/12/20 17:04:17
月間,202411,策定,南福光連系所・南福光変電所の連系設備,2025/01/18,昼間帯,順方向,300,300,0,0,0,0,300,熱容量,0,0,0,0,2024/11/20 16:59:38
月間,202411,策定,南福光連系所・南福光変電所の連系設備,2025/01/18,昼間帯,逆方向,-300,-300,0,0,0,0,-300,熱容量,0,0,0,0,2024/11/20 16:59:38
月間,202411,策定,南福光連系所・南福光変電所の連系設備,2025/01/18,夜間帯,順方向,300,300,0,0,0,0,300,熱容量,0,0,0,0,2024/11/20 16:59:38
月間,202411,策定,南福光連系所・南福光変電所の連系設備,2025/01/18,夜間帯,逆方向,-300,-300,0,0,0,0,-300,熱容量,0,0,0,0,2024/11/20 16:59:38
月間,202412,策定,南福光連系所・南福光変電所の連系設備,2025/01/18,昼間帯,順方向,300,300,0,0,0,0,300,熱容量,0,0,0,0,2024/12/20 17:04:17
月間,202412,策定,南福光連系所・南福光変電所の連系設備,2025/01/18,昼間帯,逆方向,-300,-300,0,0,0,0,-300,熱容量,0,0,0,0,2024/12/20 17:04:17
月間,202412,策定,南福光連系所・南福光変電所の連系設備,2025/01/18,夜間帯,順方向,300,300,0,0,0,0,300,熱容量,0,0,0,0,2024/12/20 17:04:17
月間,202412,策定,南福光連系所・南福光変電所の連系設備,2025/01/18,夜間帯,逆方向,-300,-300,0,0,0,0,-300,熱容量,0,0,0,0,2024/12/20 17:04:17
月間,202411,策定,南福光連系所・南福光変電所の連系設備,2025/01/19,昼間帯,順方向,300,300,0,0,0,0,300,熱容量,0,0,0,0,2024/11/20 16:59:38
月間,202411,策定,南福光連系所・南福光変電所の連系設備,2025/01/19,昼間帯,逆方向,-300,-300,0,0,0,0,-300,熱容量,0,0,0,0,2024/11/20 16:59:38
月間,202411,策定,南福光連系所・南福光変電所の連系設備,2025/01/19,夜間帯,順方向,300,300,0,0,0,0,300,熱容量,0,0,0,0,2024/11/20 16:59:38
月間,202411,策定,南福光連系所・南福光変電所の連系設備,2025/01/19,夜間帯,逆方向,-300,-300,0,0,0,0,-300,熱容量,0,0,0,0,2024/11/20 16:59:38
月間,202412,策定,南福光連系所・南福光変電所の連系設備,2025/01/19,昼間帯,順方向,300,300,0,0,0,0,300,熱容量,0,0,0,0,2024/12/20 17:04:17
月間,202412,策定,南福光連系所・南福光変電所の連系設備,2025/01/19,昼間帯,逆方向,-300,-300,0,0,0,0,-300,熱容量,0,0,0,0,2024/12/20 17:04:17
月間,202412,策定,南福光連系所・南福光変電所の連系設備,2025/01/19,夜間帯,順方向,300,300,0,0,0,0,300,熱容量,0,0,0,0,2024/12/20 17:04:17
月間,202412,策定,南福光連系所・南福光変電所の連系設備,2025/01/19,夜間帯,逆方向,-300,-300,0,0,0,0,-300,熱容量,0,0,0,0,2024/12/20 17:04:17
月間,202411,策定,南福光連系所・南福光変電所の連系設備,2025/01/20,昼間帯,順方向,300,300,0,0,0,0,300,熱容量,0,0,0,0,2024/11/20 16:59:38
月間,202411,策定,南福光連系所・南福光変電所の連系設備,2025/01/20,昼間帯,逆方向,-300,-300,0,0,0,0,-300,熱容量,0,0,0,0,2024/11/20 16:59:38
月間,202411,策定,南福光連系所・南福光変電所の連系設備,2025/01/20,夜間帯,順方向,300,300,0,0,0,0,300,熱容量,0,0,0,0,2024/11/20 16:59:38
月間,202411,策定,南福光連系所・南福光変電所の連系設備,2025/01/20,夜間帯,逆方向,-300,-300,0,0,0,0,-300,熱容量,0,0,0,0,2024/11/20 16:59:38
月間,202412,策定,南福光連系所・南福光変電所の連系設備,2025/01/20,昼間帯,順方向,300,300,0,0,0,0,300,熱容量,0,0,0,0,2024/12/20 17:04:17
月間,202412,策定,南福光連系所・南福光変電所の連系設備,2025/01/20,昼間帯,逆方向,-300,-300,0,0,0,0,-300,熱容量,0,0,0,0,2024/12/20 17:04:17
月間,202412,策定,南福光連系所・南福光変電所の連系設備,2025/01/20,夜間帯,順方向,300,300,0,0,0,0,300,熱容量,0,0,0,0,2024/12/20 17:04:17
月間,202412,策定,南福光連系所・南福光変電所の連系設備,2025/01/20,夜間帯,逆方向,-300,-300,0,0,0,0,-300,熱容量,0,0,0,0,2024/12/20 17:04:17
月間,202411,策定,南福光連系所・南福光変電所の連系設備,2025/01/21,昼間帯,順方向,300,300,0,0,0,0,300,熱容量,0,0,0,0,2024/11/20 16:59:38
月間,202411,策定,南福光連系所・南福光変電所の連系設備,2025/01/21,昼間帯,逆方向,-300,-300,0,0,0,0,-300,熱容量,0,0,0,0,2024/11/20 16:59:38
月間,202411,策定,南福光連系所・南福光変電所の連系設備,2025/01/21,夜間帯,順方向,300,300,0,0,0,0,300,熱容量,0,0,0,0,2024/11/20 16:59:38
月間,202411,策定,南福光連系所・南福光変電所の連系設備,2025/01/21,夜間帯,逆方向,-300,-300,0,0,0,0,-300,熱容量,0,0,0,0,2024/11/20 16:59:38
月間,202412,策定,南福光連系所・南福光変電所の連系設備,2025/01/21,昼間帯,順方向,300,300,0,0,0,0,300,熱容量,0,0,0,0,2024/12/20 17:04:17
月間,202412,策定,南福光連系所・南福光変電所の連系設備,2025/01/21,昼間帯,逆方向,-300,-300,0,0,0,0,-300,熱容量,0,0,0,0,2024/12/20 17:04:17
月間,202412,策定,南福光連系所・南福光変電所の連系設備,2025/01/21,夜間帯,順方向,300,300,0,0,0,0,300,熱容量,0,0,0,0,2024/12/20 17:04:17
月間,202412,策定,南福光連系所・南福光変電所の連系設備,2025/01/21,夜間帯,逆方向,-300,-300,0,0,0,0,-300,熱容量,0,0,0,0,2024/12/20 17:04:17
月間,202411,策定,南福光連系所・南福光変電所の連系設備,2025/01/22,昼間帯,順方向,300,300,0,0,0,0,300,熱容量,0,0,0,0,2024/11/20 16:59:38
月間,202411,策定,南福光連系所・南福光変電所の連系設備,2025/01/22,昼間帯,逆方向,-300,-300,0,0,0,0,-300,熱容量,0,0,0,0,2024/11/20 16:59:38
月間,202411,策定,南福光連系所・南福光変電所の連系設備,2025/01/22,夜間帯,順方向,300,300,0,0,0,0,300,熱容量,0,0,0,0,2024/11/20 16:59:38
月間,202411,策定,南福光連系所・南福光変電所の連系設備,2025/01/22,夜間帯,逆方向,-300,-300,0,0,0,0,-300,熱容量,0,0,0,0,2024/11/20 16:59:38
月間,202412,策定,南福光連系所・南福光変電所の連系設備,2025/01/22,昼間帯,順方向,300,300,0,0,0,0,300,熱容量,0,0,0,0,2024/12/20 17:04:17
月間,202412,策定,南福光連系所・南福光変電所の連系設備,2025/01/22,昼間帯,逆方向,-300,-300,0,0,0,0,-300,熱容量,0,0,0,0,2024/12/20 17:04:17
月間,202412,策定,南福光連系所・南福光変電所の連系設備,2025/01/22,夜間帯,順方向,300,300,0,0,0,0,300,熱容量,0,0,0,0,2024/12/20 17:04:17
月間,202412,策定,南福光連系所・南福光変電所の連系設備,2025/01/22,夜間帯,逆方向,-300,-300,0,0,0,0,-300,熱容量,0,0,0,0,2024/12/20 17:04:17
月間,202411,策定,南福光連系所・南福光変電所の連系設備,2025/01/23,昼間帯,順方向,300,300,0,0,0,0,300,熱容量,0,0,0,0,2024/11/20 16:59:38
月間,202411,策定,南福光連系所・南福光変電所の連系設備,2025/01/23,昼間帯,逆方向,-300,-300,0,0,0,0,-300,熱容量,0,0,0,0,2024/11/20 16:59:38
月間,202411,策定,南福光連系所・南福光変電所の連系設備,2025/01/23,夜間帯,順方向,300,300,0,0,0,0,300,熱容量,0,0,0,0,2024/11/20 16:59:38
月間,202411,策定,南福光連系所・南福光変電所の連系設備,2025/01/23,夜間帯,逆方向,-300,-300,0,0,0,0,-300,熱容量,0,0,0,0,2024/11/20 16:59:38
月間,202412,策定,南福光連系所・南福光変電所の連系設備,2025/01/23,昼間帯,順方向,300,300,0,0,0,0,300,熱容量,0,0,0,0,2024/12/20 17:04:17
月間,202412,策定,南福光連系所・南福光変電所の連系設備,2025/01/23,昼間帯,逆方向,-300,-300,0,0,0,0,-300,熱容量,0,0,0,0,2024/12/20 17:04:17
月間,202412,策定,南福光連系所・南福光変電所の連系設備,2025/01/23,夜間帯,順方向,300,300,0,0,0,0,300,熱容量,0,0,0,0,2024/12/20 17:04:17
月間,202412,策定,南福光連系所・南福光変電所の連系設備,2025/01/23,夜間帯,逆方向,-300,-300,0,0,0,0,-300,熱容量,0,0,0,0,2024/12/20 17:04:17
月間,202411,策定,南福光連系所・南福光変電所の連系設備,2025/01/24,昼間帯,順方向,300,300,0,0,0,0,300,熱容量,0,0,0,0,2024/11/20 16:59:38
月間,202411,策定,南福光連系所・南福光変電所の連系設備,2025/01/24,昼間帯,逆方向,-300,-300,0,0,0,0,-300,熱容量,0,0,0,0,2024/11/20 16:59:38
月間,202411,策定,南福光連系所・南福光変電所の連系設備,2025/01/24,夜間帯,順方向,300,300,0,0,0,0,300,熱容量,0,0,0,0,2024/11/20 16:59:38
月間,202411,策定,南福光連系所・南福光変電所の連系設備,2025/01/24,夜間帯,逆方向,-300,-300,0,0,0,0,-300,熱容量,0,0,0,0,2024/11/20 16:59:38
月間,202412,策定,南福光連系所・南福光変電所の連系設備,2025/01/24,昼間帯,順方向,300,300,0,0,0,0,300,熱容量,0,0,0,0,2024/12/20 17:04:17
月間,202412,策定,南福光連系所・南福光変電所の連系設備,2025/01/24,昼間帯,逆方向,-300,-300,0,0,0,0,-300,熱容量,0,0,0,0,2024/12/20 17:04:17
月間,202412,策定,南福光連系所・南福光変電所の連系設備,2025/01/24,夜間帯,順方向,300,300,0,0,0,0,300,熱容量,0,0,0,0,2024/12/20 17:04:17
月間,202412,策定,南福光連系所・南福光変電所の連系設備,2025/01/24,夜間帯,逆方向,-300,-300,0,0,0,0,-300,熱容量,0,0,0,0,2024/12/20 17:04:17
月間,202411,策定,南福光連系所・南福光変電所の連系設備,2025/01/25,昼間帯,順方向,300,300,0,0,0,0,300,熱容量,0,0,0,0,2024/11/20 16:59:38
月間,202411,策定,南福光連系所・南福光変電所の連系設備,2025/01/25,昼間帯,逆方向,-300,-300,0,0,0,0,-300,熱容量,0,0,0,0,2024/11/20 16:59:38
月間,202411,策定,南福光連系所・南福光変電所の連系設備,2025/01/25,夜間帯,順方向,300,300,0,0,0,0,300,熱容量,0,0,0,0,2024/11/20 16:59:38
月間,202411,策定,南福光連系所・南福光変電所の連系設備,2025/01/25,夜間帯,逆方向,-300,-300,0,0,0,0,-300,熱容量,0,0,0,0,2024/11/20 16:59:38
月間,202412,策定,南福光連系所・南福光変電所の連系設備,2025/01/25,昼間帯,順方向,300,300,0,0,0,0,300,熱容量,0,0,0,0,2024/12/20 17:04:17
月間,202412,策定,南福光連系所・南福光変電所の連系設備,2025/01/25,昼間帯,逆方向,-300,-300,0,0,0,0,-300,熱容量,0,0,0,0,2024/12/20 17:04:17
月間,202412,策定,南福光連系所・南福光変電所の連系設備,2025/01/25,夜間帯,順方向,300,300,0,0,0,0,300,熱容量,0,0,0,0,2024/12/20 17:04:17
月間,202412,策定,南福光連系所・南福光変電所の連系設備,2025/01/25,夜間帯,逆方向,-300,-300,0,0,0,0,-300,熱容量,0,0,0,0,2024/12/20 17:04:17
月間,202411,策定,南福光連系所・南福光変電所の連系設備,2025/01/26,昼間帯,順方向,300,300,0,0,0,0,300,熱容量,0,0,0,0,2024/11/20 16:59:38
月間,202411,策定,南福光連系所・南福光変電所の連系設備,2025/01/26,昼間帯,逆方向,-300,-300,0,0,0,0,-300,熱容量,0,0,0,0,2024/11/20 16:59:38
月間,202411,策定,南福光連系所・南福光変電所の連系設備,2025/01/26,夜間帯,順方向,300,300,0,0,0,0,300,熱容量,0,0,0,0,2024/11/20 16:59:38
月間,202411,策定,南福光連系所・南福光変電所の連系設備,2025/01/26,夜間帯,逆方向,-300,-300,0,0,0,0,-300,熱容量,0,0,0,0,2024/11/20 16:59:38
月間,202412,策定,南福光連系所・南福光変電所の連系設備,2025/01/26,昼間帯,順方向,300,300,0,0,0,0,300,熱容量,0,0,0,0,2024/12/20 17:04:17
月間,202412,策定,南福光連系所・南福光変電所の連系設備,2025/01/26,昼間帯,逆方向,-300,-300,0,0,0,0,-300,熱容量,0,0,0,0,2024/12/20 17:04:17
月間,202412,策定,南福光連系所・南福光変電所の連系設備,2025/01/26,夜間帯,順方向,300,300,0,0,0,0,300,熱容量,0,0,0,0,2024/12/20 17:04:17
月間,202412,策定,南福光連系所・南福光変電所の連系設備,2025/01/26,夜間帯,逆方向,-300,-300,0,0,0,0,-300,熱容量,0,0,0,0,2024/12/20 17:04:17
月間,202411,策定,南福光連系所・南福光変電所の連系設備,2025/01/27,昼間帯,順方向,300,300,0,0,0,0,300,熱容量,0,0,0,0,2024/11/20 16:59:38
月間,202411,策定,南福光連系所・南福光変電所の連系設備,2025/01/27,昼間帯,逆方向,-300,-300,0,0,0,0,-300,熱容量,0,0,0,0,2024/11/20 16:59:38
月間,202411,策定,南福光連系所・南福光変電所の連系設備,2025/01/27,夜間帯,順方向,300,300,0,0,0,0,300,熱容量,0,0,0,0,2024/11/20 16:59:38
月間,202411,策定,南福光連系所・南福光変電所の連系設備,2025/01/27,夜間帯,逆方向,-300,-300,0,0,0,0,-300,熱容量,0,0,0,0,2024/11/20 16:59:38
月間,202412,策定,南福光連系所・南福光変電所の連系設備,2025/01/27,昼間帯,順方向,300,300,0,0,0,0,300,熱容量,0,0,0,0,2024/12/20 17:04:17
月間,202412,策定,南福光連系所・南福光変電所の連系設備,2025/01/27,昼間帯,逆方向,-300,-300,0,0,0,0,-300,熱容量,0,0,0,0,2024/12/20 17:04:17
月間,202412,策定,南福光連系所・南福光変電所の連系設備,2025/01/27,夜間帯,順方向,300,300,0,0,0,0,300,熱容量,0,0,0,0,2024/12/20 17:04:17
月間,202412,策定,南福光連系所・南福光変電所の連系設備,2025/01/27,夜間帯,逆方向,-300,-300,0,0,0,0,-300,熱容量,0,0,0,0,2024/12/20 17:04:17
月間,202411,策定,南福光連系所・南福光変電所の連系設備,2025/01/28,昼間帯,順方向,300,300,0,0,0,0,300,熱容量,0,0,0,0,2024/11/20 16:59:38
月間,202411,策定,南福光連系所・南福光変電所の連系設備,2025/01/28,昼間帯,逆方向,-300,-300,0,0,0,0,-300,熱容量,0,0,0,0,2024/11/20 16:59:38
月間,202411,策定,南福光連系所・南福光変電所の連系設備,2025/01/28,夜間帯,順方向,300,300,0,0,0,0,300,熱容量,0,0,0,0,2024/11/20 16:59:38
月間,202411,策定,南福光連系所・南福光変電所の連系設備,2025/01/28,夜間帯,逆方向,-300,-300,0,0,0,0,-300,熱容量,0,0,0,0,2024/11/20 16:59:38
月間,202412,策定,南福光連系所・南福光変電所の連系設備,2025/01/28,昼間帯,順方向,300,300,0,0,0,0,300,熱容量,0,0,0,0,2024/12/20 17:04:17
月間,202412,策定,南福光連系所・南福光変電所の連系設備,2025/01/28,昼間帯,逆方向,-300,-300,0,0,0,0,-300,熱容量,0,0,0,0,2024/12/20 17:04:17
月間,202412,策定,南福光連系所・南福光変電所の連系設備,2025/01/28,夜間帯,順方向,300,300,0,0,0,0,300,熱容量,0,0,0,0,2024/12/20 17:04:17
月間,202412,策定,南福光連系所・南福光変電所の連系設備,2025/01/28,夜間帯,逆方向,-300,-300,0,0,0,0,-300,熱容量,0,0,0,0,2024/12/20 17:04:17
月間,202411,策定,南福光連系所・南福光変電所の連系設備,2025/01/29,昼間帯,順方向,300,300,0,0,0,0,300,熱容量,0,0,0,0,2024/11/20 16:59:38
月間,202411,策定,南福光連系所・南福光変電所の連系設備,2025/01/29,昼間帯,逆方向,-300,-300,0,0,0,0,-300,熱容量,0,0,0,0,2024/11/20 16:59:38
月間,202411,策定,南福光連系所・南福光変電所の連系設備,2025/01/29,夜間帯,順方向,300,300,0,0,0,0,300,熱容量,0,0,0,0,2024/11/20 16:59:38
月間,202411,策定,南福光連系所・南福光変電所の連系設備,2025/01/29,夜間帯,逆方向,-300,-300,0,0,0,0,-300,熱容量,0,0,0,0,2024/11/20 16:59:38
月間,202412,策定,南福光連系所・南福光変電所の連系設備,2025/01/29,昼間帯,順方向,300,300,0,0,0,0,300,熱容量,0,0,0,0,2024/12/20 17:04:17
月間,202412,策定,南福光連系所・南福光変電所の連系設備,2025/01/29,昼間帯,逆方向,-300,-300,0,0,0,0,-300,熱容量,0,0,0,0,2024/12/20 17:04:17
月間,202412,策定,南福光連系所・南福光変電所の連系設備,2025/01/29,夜間帯,順方向,300,300,0,0,0,0,300,熱容量,0,0,0,0,2024/12/20 17:04:17
月間,202412,策定,南福光連系所・南福光変電所の連系設備,2025/01/29,夜間帯,逆方向,-300,-300,0,0,0,0,-300,熱容量,0,0,0,0,2024/12/20 17:04:17
月間,202411,策定,南福光連系所・南福光変電所の連系設備,2025/01/30,昼間帯,順方向,300,300,0,0,0,0,300,熱容量,0,0,0,0,2024/11/20 16:59:38
月間,202411,策定,南福光連系所・南福光変電所の連系設備,2025/01/30,昼間帯,逆方向,-300,-300,0,0,0,0,-300,熱容量,0,0,0,0,2024/11/20 16:59:38
月間,202411,策定,南福光連系所・南福光変電所の連系設備,2025/01/30,夜間帯,順方向,300,300,0,0,0,0,300,熱容量,0,0,0,0,2024/11/20 16:59:38
月間,202411,策定,南福光連系所・南福光変電所の連系設備,2025/01/30,夜間帯,逆方向,-300,-300,0,0,0,0,-300,熱容量,0,0,0,0,2024/11/20 16:59:38
月間,202412,策定,南福光連系所・南福光変電所の連系設備,2025/01/30,昼間帯,順方向,300,300,0,0,0,0,300,熱容量,0,0,0,0,2024/12/20 17:04:17
月間,202412,策定,南福光連系所・南福光変電所の連系設備,2025/01/30,昼間帯,逆方向,-300,-300,0,0,0,0,-300,熱容量,0,0,0,0,2024/12/20 17:04:17
月間,202412,策定,南福光連系所・南福光変電所の連系設備,2025/01/30,夜間帯,順方向,300,300,0,0,0,0,300,熱容量,0,0,0,0,2024/12/20 17:04:17
月間,202412,策定,南福光連系所・南福光変電所の連系設備,2025/01/30,夜間帯,逆方向,-300,-300,0,0,0,0,-300,熱容量,0,0,0,0,2024/12/20 17:04:17
月間,202411,策定,南福光連系所・南福光変電所の連系設備,2025/01/31,昼間帯,順方向,300,300,0,0,0,0,300,熱容量,0,0,0,0,2024/11/20 16:59:38
月間,202411,策定,南福光連系所・南福光変電所の連系設備,2025/01/31,昼間帯,逆方向,-300,-300,0,0,0,0,-300,熱容量,0,0,0,0,2024/11/20 16:59:38
月間,202411,策定,南福光連系所・南福光変電所の連系設備,2025/01/31,夜間帯,順方向,300,300,0,0,0,0,300,熱容量,0,0,0,0,2024/11/20 16:59:38
月間,202411,策定,南福光連系所・南福光変電所の連系設備,2025/01/31,夜間帯,逆方向,-300,-300,0,0,0,0,-300,熱容量,0,0,0,0,2024/11/20 16:59:38
月間,202412,策定,南福光連系所・南福光変電所の連系設備,2025/01/31,昼間帯,順方向,300,300,0,0,0,0,300,熱容量,0,0,0,0,2024/12/20 17:04:17
月間,202412,策定,南福光連系所・南福光変電所の連系設備,2025/01/31,昼間帯,逆方向,-300,-300,0,0,0,0,-300,熱容量,0,0,0,0,2024/12/20 17:04:17
月間,202412,策定,南福光連系所・南福光変電所の連系設備,2025/01/31,夜間帯,順方向,300,300,0,0,0,0,300,熱容量,0,0,0,0,2024/12/20 17:04:17
月間,202412,策定,南福光連系所・南福光変電所の連系設備,2025/01/31,夜間帯,逆方向,-300,-300,0,0,0,0,-300,熱容量,0,0,0,0,2024/12/20 17:04:17
月間,202411,策定,越前嶺南線,2025/01/01,昼間帯,順方向,1740,1740,0,0,0,0,1740,周波数,0,0,0,0,2024/11/20 16:59:38
月間,202411,策定,越前嶺南線,2025/01/01,昼間帯,逆方向,-900,-900,0,0,0,0,-900,周波数,0,0,0,0,2024/11/20 16:59:38
月間,202411,策定,越前嶺南線,2025/01/01,夜間帯,順方向,1900,1900,0,0,0,0,1900,安定度,0,0,0,0,2024/11/20 16:59:38
月間,202411,策定,越前嶺南線,2025/01/01,夜間帯,逆方向,-900,-900,0,0,0,0,-900,周波数,0,0,0,0,2024/11/20 16:59:38
月間,202411,策定,越前嶺南線,2025/01/02,昼間帯,順方向,1740,1740,0,0,0,0,1740,周波数,0,0,0,0,2024/11/20 16:59:38
月間,202411,策定,越前嶺南線,2025/01/02,昼間帯,逆方向,-900,-900,0,0,0,0,-900,周波数,0,0,0,0,2024/11/20 16:59:38
月間,202411,策定,越前嶺南線,2025/01/02,夜間帯,順方向,1900,1900,0,0,0,0,1900,安定度,0,0,0,0,2024/11/20 16:59:38
月間,202411,策定,越前嶺南線,2025/01/02,夜間帯,逆方向,-900,-900,0,0,0,0,-900,周波数,0,0,0,0,2024/11/20 16:59:38
月間,202411,策定,越前嶺南線,2025/01/03,昼間帯,順方向,1740,1740,0,0,0,0,1740,周波数,0,0,0,0,2024/11/20 16:59:38
月間,202411,策定,越前嶺南線,2025/01/03,昼間帯,逆方向,-900,-900,0,0,0,0,-900,周波数,0,0,0,0,2024/11/20 16:59:38
月間,202411,策定,越前嶺南線,2025/01/03,夜間帯,順方向,1900,1900,0,0,0,0,1900,安定度,0,0,0,0,2024/11/20 16:59:38
月間,202411,策定,越前嶺南線,2025/01/03,夜間帯,逆方向,-900,-900,0,0,0,0,-900,周波数,0,0,0,0,2024/11/20 16:59:38
月間,202411,策定,越前嶺南線,2025/01/04,昼間帯,順方向,1860,1860,0,0,0,0,1860,周波数,0,0,0,0,2024/11/20 16:59:38
月間,202411,策定,越前嶺南線,2025/01/04,昼間帯,逆方向,-900,-900,0,0,0,0,-900,周波数,0,0,0,0,2024/11/20 16:59:38
月間,202411,策定,越前嶺南線,2025/01/04,夜間帯,順方向,1900,1900,0,0,0,0,1900,安定度,0,0,0,0,2024/11/20 16:59:38
月間,202411,策定,越前嶺南線,2025/01/04,夜間帯,逆方向,-900,-900,0,0,0,0,-900,周波数,0,0,0,0,2024/11/20 16:59:38
月間,202412,策定,越前嶺南線,2025/01/04,昼間帯,順方向,1860,1860,0,0,0,0,1860,周波数,0,0,0,0,2024/12/20 17:04:17
月間,202412,策定,越前嶺南線,2025/01/04,昼間帯,逆方向,-900,-900,0,0,0,0,-900,周波数,0,0,0,0,2024/12/20 17:04:17
月間,202412,策定,越前嶺南線,2025/01/04,夜間帯,順方向,1900,1900,0,0,0,0,1900,安定度,0,0,0,0,2024/12/20 17:04:17
月間,202412,策定,越前嶺南線,2025/01/04,夜間帯,逆方向,-900,-900,0,0,0,0,-900,周波数,0,0,0,0,2024/12/20 17:04:17
月間,202411,策定,越前嶺南線,2025/01/05,昼間帯,順方向,1860,1860,0,0,0,0,1860,周波数,0,0,0,0,2024/11/20 16:59:38
月間,202411,策定,越前嶺南線,2025/01/05,昼間帯,逆方向,-900,-900,0,0,0,0,-900,周波数,0,0,0,0,2024/11/20 16:59:38
月間,202411,策定,越前嶺南線,2025/01/05,夜間帯,順方向,1900,1900,0,0,0,0,1900,安定度,0,0,0,0,2024/11/20 16:59:38
月間,202411,策定,越前嶺南線,2025/01/05,夜間帯,逆方向,-900,-900,0,0,0,0,-900,周波数,0,0,0,0,2024/11/20 16:59:38
月間,202412,策定,越前嶺南線,2025/01/05,昼間帯,順方向,1860,1860,0,0,0,0,1860,周波数,0,0,0,0,2024/12/20 17:04:17
月間,202412,策定,越前嶺南線,2025/01/05,昼間帯,逆方向,-900,-900,0,0,0,0,-900,周波数,0,0,0,0,2024/12/20 17:04:17
月間,202412,策定,越前嶺南線,2025/01/05,夜間帯,順方向,1900,1900,0,0,0,0,1900,安定度,0,0,0,0,2024/12/20 17:04:17
月間,202412,策定,越前嶺南線,2025/01/05,夜間帯,逆方向,-900,-900,0,0,0,0,-900,周波数,0,0,0,0,2024/12/20 17:04:17
月間,202411,策定,越前嶺南線,2025/01/06,昼間帯,順方向,1900,1900,0,0,0,0,1900,安定度,0,0,0,0,2024/11/20 16:59:38
月間,202411,策定,越前嶺南線,2025/01/06,昼間帯,逆方向,-1600,-1600,0,0,0,0,-1600,周波数,0,0,0,0,2024/11/20 16:59:38
月間,202411,策定,越前嶺南線,2025/01/06,夜間帯,順方向,1900,1900,0,0,0,0,1900,安定度,0,0,0,0,2024/11/20 16:59:38
月間,202411,策定,越前嶺南線,2025/01/06,夜間帯,逆方向,-900,-900,0,0,0,0,-900,周波数,0,0,0,0,2024/11/20 16:59:38
月間,202412,策定,越前嶺南線,2025/01/06,昼間帯,順方向,1900,1900,0,0,0,0,1900,安定度,0,0,0,0,2024/12/20 17:04:17
月間,202412,策定,越前嶺南線,2025/01/06,昼間帯,逆方向,-1600,-1600,0,0,0,0,-1600,周波数,0,0,0,0,2024/12/20 17:04:17
月間,202412,策定,越前嶺南線,2025/01/06,夜間帯,順方向,1900,1900,0,0,0,0,1900,安定度,0,0,0,0,2024/12/20 17:04:17
月間,202412,策定,越前嶺南線,2025/01/06,夜間帯,逆方向,-900,-900,0,0,0,0,-900,周波数,0,0,0,0,2024/12/20 17:04:17
月間,202411,策定,越前嶺南線,2025/01/07,昼間帯,順方向,1900,1900,0,0,0,0,1900,安定度,0,0,0,0,2024/11/20 16:59:38
月間,202411,策定,越前嶺南線,2025/01/07,昼間帯,逆方向,-1600,-1600,0,0,0,0,-1600,周波数,0,0,0,0,2024/11/20 16:59:38
月間,202411,策定,越前嶺南線,2025/01/07,夜間帯,順方向,1900,1900,0,0,0,0,1900,安定度,0,0,0,0,2024/11/20 16:59:38
月間,202411,策定,越前嶺南線,2025/01/07,夜間帯,逆方向,-900,-900,0,0,0,0,-900,周波数,0,0,0,0,2024/11/20 16:59:38
月間,202412,策定,越前嶺南線,2025/01/07,昼間帯,順方向,1900,1900,0,0,0,0,1900,安定度,0,0,0,0,2024/12/20 17:04:17
月間,202412,策定,越前嶺南線,2025/01/07,昼間帯,逆方向,-1600,-1600,0,0,0,0,-1600,周波数,0,0,0,0,2024/12/20 17:04:17
月間,202412,策定,越前嶺南線,2025/01/07,夜間帯,順方向,1900,1900,0,0,0,0,1900,安定度,0,0,0,0,2024/12/20 17:04:17
月間,202412,策定,越前嶺南線,2025/01/07,夜間帯,逆方向,-900,-900,0,0,0,0,-900,周波数,0,0,0,0,2024/12/20 17:04:17
月間,202411,策定,越前嶺南線,2025/01/08,昼間帯,順方向,1900,1900,0,0,0,0,1900,安定度,0,0,0,0,2024/11/20 16:59:38
月間,202411,策定,越前嶺南線,2025/01/08,昼間帯,逆方向,-1600,-1600,0,0,0,0,-1600,周波数,0,0,0,0,2024/11/20 16:59:38
月間,202411,策定,越前嶺南線,2025/01/08,夜間帯,順方向,1900,1900,0,0,0,0,1900,安定度,0,0,0,0,2024/11/20 16:59:38
月間,202411,策定,越前嶺南線,2025/01/08,夜間帯,逆方向,-900,-900,0,0,0,0,-900,周波数,0,0,0,0,2024/11/20 16:59:38
月間,202412,策定,越前嶺南線,2025/01/08,昼間帯,順方向,1900,1900,0,0,0,0,1900,安定度,0,0,0,0,2024/12/20 17:04:17
月間,202412,策定,越前嶺南線,2025/01/08,昼間帯,逆方向,-1600,-1600,0,0,0,0,-1600,周波数,0,0,0,0,2024/12/20 17:04:17
月間,202412,策定,越前嶺南線,2025/01/08,夜間帯,順方向,1900,1900,0,0,0,0,1900,安定度,0,0,0,0,2024/12/20 17:04:17
月間,202412,策定,越前嶺南線,2025/01/08,夜間帯,逆方向,-900,-900,0,0,0,0,-900,周波数,0,0,0,0,2024/12/20 17:04:17
月間,202411,策定,越前嶺南線,2025/01/09,昼間帯,順方向,1900,1900,0,0,0,0,1900,安定度,0,0,0,0,2024/11/20 16:59:38
月間,202411,策定,越前嶺南線,2025/01/09,昼間帯,逆方向,-1600,-1600,0,0,0,0,-1600,周波数,0,0,0,0,2024/11/20 16:59:38
月間,202411,策定,越前嶺南線,2025/01/09,夜間帯,順方向,1900,1900,0,0,0,0,1900,安定度,0,0,0,0,2024/11/20 16:59:38
月間,202411,策定,越前嶺南線,2025/01/09,夜間帯,逆方向,-900,-900,0,0,0,0,-900,周波数,0,0,0,0,2024/11/20 16:59:38
月間,202412,策定,越前嶺南線,2025/01/09,昼間帯,順方向,1900,1900,0,0,0,0,1900,安定度,0,0,0,0,2024/12/20 17:04:17
月間,202412,策定,越前嶺南線,2025/01/09,昼間帯,逆方向,-1600,-1600,0,0,0,0,-1600,周波数,0,0,0,0,2024/12/20 17:04:17
月間,202412,策定,越前嶺南線,2025/01/09,夜間帯,順方向,1900,1900,0,0,0,0,1900,安定度,0,0,0,0,2024/12/20 17:04:17
月間,202412,策定,越前嶺南線,2025/01/09,夜間帯,逆方向,-900,-900,0,0,0,0,-900,周波数,0,0,0,0,2024/12/20 17:04:17
月間,202411,策定,越前嶺南線,2025/01/10,昼間帯,順方向,1900,1900,0,0,0,0,1900,安定度,0,0,0,0,2024/11/20 16:59:38
月間,202411,策定,越前嶺南線,2025/01/10,昼間帯,逆方向,-1600,-1600,0,0,0,0,-1600,周波数,0,0,0,0,2024/11/20 16:59:38
月間,202411,策定,越前嶺南線,2025/01/10,夜間帯,順方向,1900,1900,0,0,0,0,1900,安定度,0,0,0,0,2024/11/20 16:59:38
月間,202411,策定,越前嶺南線,2025/01/10,夜間帯,逆方向,-900,-900,0,0,0,0,-900,周波数,0,0,0,0,2024/11/20 16:59:38
月間,202412,策定,越前嶺南線,2025/01/10,昼間帯,順方向,1900,1900,0,0,0,0,1900,安定度,0,0,0,0,2024/12/20 17:04:17
月間,202412,策定,越前嶺南線,2025/01/10,昼間帯,逆方向,-1600,-1600,0,0,0,0,-1600,周波数,0,0,0,0,2024/12/20 17:04:17
月間,202412,策定,越前嶺南線,2025/01/10,夜間帯,順方向,1900,1900,0,0,0,0,1900,安定度,0,0,0,0,2024/12/20 17:04:17
月間,202412,策定,越前嶺南線,2025/01/10,夜間帯,逆方向,-900,-900,0,0,0,0,-900,周波数,0,0,0,0,2024/12/20 17:04:17
月間,202411,策定,越前嶺南線,2025/01/11,昼間帯,順方向,1860,1860,0,0,0,0,1860,周波数,0,0,0,0,2024/11/20 16:59:38
月間,202411,策定,越前嶺南線,2025/01/11,昼間帯,逆方向,-900,-900,0,0,0,0,-900,周波数,0,0,0,0,2024/11/20 16:59:38
月間,202411,策定,越前嶺南線,2025/01/11,夜間帯,順方向,1900,1900,0,0,0,0,1900,安定度,0,0,0,0,2024/11/20 16:59:38
月間,202411,策定,越前嶺南線,2025/01/11,夜間帯,逆方向,-900,-900,0,0,0,0,-900,周波数,0,0,0,0,2024/11/20 16:59:38
月間,202412,策定,越前嶺南線,2025/01/11,昼間帯,順方向,1860,1860,0,0,0,0,1860,周波数,0,0,0,0,2024/12/20 17:04:17
月間,202412,策定,越前嶺南線,2025/01/11,昼間帯,逆方向,-900,-900,0,0,0,0,-900,周波数,0,0,0,0,2024/12/20 17:04:17
月間,202412,策定,越前嶺南線,2025/01/11,夜間帯,順方向,1900,1900,0,0,0,0,1900,安定度,0,0,0,0,2024/12/20 17:04:17
月間,202412,策定,越前嶺南線,2025/01/11,夜間帯,逆方向,-900,-900,0,0,0,0,-900,周波数,0,0,0,0,2024/12/20 17:04:17
月間,202411,策定,越前嶺南線,2025/01/12,昼間帯,順方向,1860,1860,0,0,0,0,1860,周波数,0,0,0,0,2024/11/20 16:59:38
月間,202411,策定,越前嶺南線,2025/01/12,昼間帯,逆方向,-900,-900,0,0,0,0,-900,周波数,0,0,0,0,2024/11/20 16:59:38
月間,202411,策定,越前嶺南線,2025/01/12,夜間帯,順方向,1900,1900,0,0,0,0,1900,安定度,0,0,0,0,2024/11/20 16:59:38
月間,202411,策定,越前嶺南線,2025/01/12,夜間帯,逆方向,-900,-900,0,0,0,0,-900,周波数,0,0,0,0,2024/11/20 16:59:38
月間,202412,策定,越前嶺南線,2025/01/12,昼間帯,順方向,1860,1860,0,0,0,0,1860,周波数,0,0,0,0,2024/12/20 17:04:17
月間,202412,策定,越前嶺南線,2025/01/12,昼間帯,逆方向,-900,-900,0,0,0,0,-900,周波数,0,0,0,0,2024/12/20 17:04:17
月間,202412,策定,越前嶺南線,2025/01/12,夜間帯,順方向,1900,1900,0,0,0,0,1900,安定度,0,0,0,0,2024/12/20 17:04:17
月間,202412,策定,越前嶺南線,2025/01/12,夜間帯,逆方向,-900,-900,0,0,0,0,-900,周波数,0,0,0,0,2024/12/20 17:04:17
月間,202411,策定,越前嶺南線,2025/01/13,昼間帯,順方向,1860,1860,0,0,0,0,1860,周波数,0,0,0,0,2024/11/20 16:59:38
月間,202411,策定,越前嶺南線,2025/01/13,昼間帯,逆方向,-900,-900,0,0,0,0,-900,周波数,0,0,0,0,2024/11/20 16:59:38
月間,202411,策定,越前嶺南線,2025/01/13,夜間帯,順方向,1900,1900,0,0,0,0,1900,安定度,0,0,0,0,2024/11/20 16:59:38
月間,202411,策定,越前嶺南線,2025/01/13,夜間帯,逆方向,-900,-900,0,0,0,0,-900,周波数,0,0,0,0,2024/11/20 16:59:38
月間,202412,策定,越前嶺南線,2025/01/13,昼間帯,順方向,1860,1860,0,0,0,0,1860,周波数,0,0,0,0,2024/12/20 17:04:17
月間,202412,策定,越前嶺南線,2025/01/13,昼間帯,逆方向,-900,-900,0,0,0,0,-900,周波数,0,0,0,0,2024/12/20 17:04:17
月間,202412,策定,越前嶺南線,2025/01/13,夜間帯,順方向,1900,1900,0,0,0,0,1900,安定度,0,0,0,0,2024/12/20 17:04:17
月間,202412,策定,越前嶺南線,2025/01/13,夜間帯,逆方向,-900,-900,0,0,0,0,-900,周波数,0,0,0,0,2024/12/20 17:04:17
月間,202411,策定,越前嶺南線,2025/01/14,昼間帯,順方向,1900,1900,0,0,0,0,1900,安定度,0,0,0,0,2024/11/20 16:59:38
月間,202411,策定,越前嶺南線,2025/01/14,昼間帯,逆方向,-1600,-1600,0,0,0,0,-1600,周波数,0,0,0,0,2024/11/20 16:59:38
月間,202411,策定,越前嶺南線,2025/01/14,夜間帯,順方向,1900,1900,0,0,0,0,1900,安定度,0,0,0,0,2024/11/20 16:59:38
月間,202411,策定,越前嶺南線,2025/01/14,夜間帯,逆方向,-900,-900,0,0,0,0,-900,周波数,0,0,0,0,2024/11/20 16:59:38
月間,202412,策定,越前嶺南線,2025/01/14,昼間帯,順方向,1900,1900,0,0,0,0,1900,安定度,0,0,0,0,2024/12/20 17:04:17
月間,202412,策定,越前嶺南線,2025/01/14,昼間帯,逆方向,-1600,-1600,0,0,0,0,-1600,周波数,0,0,0,0,2024/12/20 17:04:17
月間,202412,策定,越前嶺南線,2025/01/14,夜間帯,順方向,1900,1900,0,0,0,0,1900,安定度,0,0,0,0,2024/12/20 17:04:17
月間,202412,策定,越前嶺南線,2025/01/14,夜間帯,逆方向,-900,-900,0,0,0,0,-900,周波数,0,0,0,0,2024/12/20 17:04:17
月間,202411,策定,越前嶺南線,2025/01/15,昼間帯,順方向,1900,1900,0,0,0,0,1900,安定度,0,0,0,0,2024/11/20 16:59:38
月間,202411,策定,越前嶺南線,2025/01/15,昼間帯,逆方向,-1600,-1600,0,0,0,0,-1600,周波数,0,0,0,0,2024/11/20 16:59:38
月間,202411,策定,越前嶺南線,2025/01/15,夜間帯,順方向,1900,1900,0,0,0,0,1900,安定度,0,0,0,0,2024/11/20 16:59:38
月間,202411,策定,越前嶺南線,2025/01/15,夜間帯,逆方向,-900,-900,0,0,0,0,-900,周波数,0,0,0,0,2024/11/20 16:59:38
月間,202412,策定,越前嶺南線,2025/01/15,昼間帯,順方向,1900,1900,0,0,0,0,1900,安定度,0,0,0,0,2024/12/20 17:04:17
月間,202412,策定,越前嶺南線,2025/01/15,昼間帯,逆方向,-1600,-1600,0,0,0,0,-1600,周波数,0,0,0,0,2024/12/20 17:04:17
月間,202412,策定,越前嶺南線,2025/01/15,夜間帯,順方向,1900,1900,0,0,0,0,1900,安定度,0,0,0,0,2024/12/20 17:04:17
月間,202412,策定,越前嶺南線,2025/01/15,夜間帯,逆方向,-900,-900,0,0,0,0,-900,周波数,0,0,0,0,2024/12/20 17:04:17
月間,202411,策定,越前嶺南線,2025/01/16,昼間帯,順方向,1900,1900,0,0,0,0,1900,安定度,0,0,0,0,2024/11/20 16:59:38
月間,202411,策定,越前嶺南線,2025/01/16,昼間帯,逆方向,-1600,-1600,0,0,0,0,-1600,周波数,0,0,0,0,2024/11/20 16:59:38
月間,202411,策定,越前嶺南線,2025/01/16,夜間帯,順方向,1900,1900,0,0,0,0,1900,安定度,0,0,0,0,2024/11/20 16:59:38
月間,202411,策定,越前嶺南線,2025/01/16,夜間帯,逆方向,-900,-900,0,0,0,0,-900,周波数,0,0,0,0,2024/11/20 16:59:38
月間,202412,策定,越前嶺南線,2025/01/16,昼間帯,順方向,1900,1900,0,0,0,0,1900,安定度,0,0,0,0,2024/12/20 17:04:17
月間,202412,策定,越前嶺南線,2025/01/16,昼間帯,逆方向,-1600,-1600,0,0,0,0,-1600,周波数,0,0,0,0,2024/12/20 17:04:17
月間,202412,策定,越前嶺南線,2025/01/16,夜間帯,順方向,1900,1900,0,0,0,0,1900,安定度,0,0,0,0,2024/12/20 17:04:17
月間,202412,策定,越前嶺南線,2025/01/16,夜間帯,逆方向,-900,-900,0,0,0,0,-900,周波数,0,0,0,0,2024/12/20 17:04:17
月間,202411,策定,越前嶺南線,2025/01/17,昼間帯,順方向,1900,1900,0,0,0,0,1900,安定度,0,0,0,0,2024/11/20 16:59:38
月間,202411,策定,越前嶺南線,2025/01/17,昼間帯,逆方向,-1600,-1600,0,0,0,0,-1600,周波数,0,0,0,0,2024/11/20 16:59:38
月間,202411,策定,越前嶺南線,2025/01/17,夜間帯,順方向,1900,1900,0,0,0,0,1900,安定度,0,0,0,0,2024/11/20 16:59:38
月間,202411,策定,越前嶺南線,2025/01/17,夜間帯,逆方向,-900,-900,0,0,0,0,-900,周波数,0,0,0,0,2024/11/20 16:59:38
月間,202412,策定,越前嶺南線,2025/01/17,昼間帯,順方向,1900,1900,0,0,0,0,1900,安定度,0,0,0,0,2024/12/20 17:04:17
月間,202412,策定,越前嶺南線,2025/01/17,昼間帯,逆方向,-1600,-1600,0,0,0,0,-1600,周波数,0,0,0,0,2024/12/20 17:04:17
月間,202412,策定,越前嶺南線,2025/01/17,夜間帯,順方向,1900,1900,0,0,0,0,1900,安定度,0,0,0,0,2024/12/20 17:04:17
月間,202412,策定,越前嶺南線,2025/01/17,夜間帯,逆方向,-900,-900,0,0,0,0,-900,周波数,0,0,0,0,2024/12/20 17:04:17
月間,202411,策定,越前嶺南線,2025/01/18,昼間帯,順方向,1860,1860,0,0,0,0,1860,周波数,0,0,0,0,2024/11/20 16:59:38
月間,202411,策定,越前嶺南線,2025/01/18,昼間帯,逆方向,-900,-900,0,0,0,0,-900,周波数,0,0,0,0,2024/11/20 16:59:38
月間,202411,策定,越前嶺南線,2025/01/18,夜間帯,順方向,1900,1900,0,0,0,0,1900,安定度,0,0,0,0,2024/11/20 16:59:38
月間,202411,策定,越前嶺南線,2025/01/18,夜間帯,逆方向,-900,-900,0,0,0,0,-900,周波数,0,0,0,0,2024/11/20 16:59:38
月間,202412,策定,越前嶺南線,2025/01/18,昼間帯,順方向,1860,1860,0,0,0,0,1860,周波数,0,0,0,0,2024/12/20 17:04:17
月間,202412,策定,越前嶺南線,2025/01/18,昼間帯,逆方向,-900,-900,0,0,0,0,-900,周波数,0,0,0,0,2024/12/20 17:04:17
月間,202412,策定,越前嶺南線,2025/01/18,夜間帯,順方向,1900,1900,0,0,0,0,1900,安定度,0,0,0,0,2024/12/20 17:04:17
月間,202412,策定,越前嶺南線,2025/01/18,夜間帯,逆方向,-900,-900,0,0,0,0,-900,周波数,0,0,0,0,2024/12/20 17:04:17
月間,202411,策定,越前嶺南線,2025/01/19,昼間帯,順方向,1860,1860,0,0,0,0,1860,周波数,0,0,0,0,2024/11/20 16:59:38
月間,202411,策定,越前嶺南線,2025/01/19,昼間帯,逆方向,-900,-900,0,0,0,0,-900,周波数,0,0,0,0,2024/11/20 16:59:38
月間,202411,策定,越前嶺南線,2025/01/19,夜間帯,順方向,1900,1900,0,0,0,0,1900,安定度,0,0,0,0,2024/11/20 16:59:38
月間,202411,策定,越前嶺南線,2025/01/19,夜間帯,逆方向,-900,-900,0,0,0,0,-900,周波数,0,0,0,0,2024/11/20 16:59:38
月間,202412,策定,越前嶺南線,2025/01/19,昼間帯,順方向,1860,1860,0,0,0,0,1860,周波数,0,0,0,0,2024/12/20 17:04:17
月間,202412,策定,越前嶺南線,2025/01/19,昼間帯,逆方向,-900,-900,0,0,0,0,-900,周波数,0,0,0,0,2024/12/20 17:04:17
月間,202412,策定,越前嶺南線,2025/01/19,夜間帯,順方向,1900,1900,0,0,0,0,1900,安定度,0,0,0,0,2024/12/20 17:04:17
月間,202412,策定,越前嶺南線,2025/01/19,夜間帯,逆方向,-900,-900,0,0,0,0,-900,周波数,0,0,0,0,2024/12/20 17:04:17
月間,202411,策定,越前嶺南線,2025/01/20,昼間帯,順方向,1900,1900,0,0,0,0,1900,安定度,0,0,0,0,2024/11/20 16:59:38
月間,202411,策定,越前嶺南線,2025/01/20,昼間帯,逆方向,-1600,-1600,0,0,0,0,-1600,周波数,0,0,0,0,2024/11/20 16:59:38
月間,202411,策定,越前嶺南線,2025/01/20,夜間帯,順方向,1900,1900,0,0,0,0,1900,安定度,0,0,0,0,2024/11/20 16:59:38
月間,202411,策定,越前嶺南線,2025/01/20,夜間帯,逆方向,-900,-900,0,0,0,0,-900,周波数,0,0,0,0,2024/11/20 16:59:38
月間,202412,策定,越前嶺南線,2025/01/20,昼間帯,順方向,1900,1900,0,0,0,0,1900,安定度,0,0,0,0,2024/12/20 17:04:17
月間,202412,策定,越前嶺南線,2025/01/20,昼間帯,逆方向,-1600,-1600,0,0,0,0,-1600,周波数,0,0,0,0,2024/12/20 17:04:17
月間,202412,策定,越前嶺南線,2025/01/20,夜間帯,順方向,1900,1900,0,0,0,0,1900,安定度,0,0,0,0,2024/12/20 17:04:17
月間,202412,策定,越前嶺南線,2025/01/20,夜間帯,逆方向,-900,-900,0,0,0,0,-900,周波数,0,0,0,0,2024/12/20 17:04:17
月間,202411,策定,越前嶺南線,2025/01/21,昼間帯,順方向,1900,1900,0,0,0,0,1900,安定度,0,0,0,0,2024/11/20 16:59:38
月間,202411,策定,越前嶺南線,2025/01/21,昼間帯,逆方向,-1600,-1600,0,0,0,0,-1600,周波数,0,0,0,0,2024/11/20 16:59:38
月間,202411,策定,越前嶺南線,2025/01/21,夜間帯,順方向,1900,1900,0,0,0,0,1900,安定度,0,0,0,0,2024/11/20 16:59:38
月間,202411,策定,越前嶺南線,2025/01/21,夜間帯,逆方向,-900,-900,0,0,0,0,-900,周波数,0,0,0,0,2024/11/20 16:59:38
月間,202412,策定,越前嶺南線,2025/01/21,昼間帯,順方向,1900,1900,0,0,0,0,1900,安定度,0,0,0,0,2024/12/20 17:04:17
月間,202412,策定,越前嶺南線,2025/01/21,昼間帯,逆方向,-1600,-1600,0,0,0,0,-1600,周波数,0,0,0,0,2024/12/20 17:04:17
月間,202412,策定,越前嶺南線,2025/01/21,夜間帯,順方向,1900,1900,0,0,0,0,1900,安定度,0,0,0,0,2024/12/20 17:04:17
月間,202412,策定,越前嶺南線,2025/01/21,夜間帯,逆方向,-900,-900,0,0,0,0,-900,周波数,0,0,0,0,2024/12/20 17:04:17
月間,202411,策定,越前嶺南線,2025/01/22,昼間帯,順方向,1900,1900,0,0,0,0,1900,安定度,0,0,0,0,2024/11/20 16:59:38
月間,202411,策定,越前嶺南線,2025/01/22,昼間帯,逆方向,-1600,-1600,0,0,0,0,-1600,周波数,0,0,0,0,2024/11/20 16:59:38
月間,202411,策定,越前嶺南線,2025/01/22,夜間帯,順方向,1900,1900,0,0,0,0,1900,安定度,0,0,0,0,2024/11/20 16:59:38
月間,202411,策定,越前嶺南線,2025/01/22,夜間帯,逆方向,-900,-900,0,0,0,0,-900,周波数,0,0,0,0,2024/11/20 16:59:38
月間,202412,策定,越前嶺南線,2025/01/22,昼間帯,順方向,1900,1900,0,0,0,0,1900,安定度,0,0,0,0,2024/12/20 17:04:17
月間,202412,策定,越前嶺南線,2025/01/22,昼間帯,逆方向,-1600,-1600,0,0,0,0,-1600,周波数,0,0,0,0,2024/12/20 17:04:17
月間,202412,策定,越前嶺南線,2025/01/22,夜間帯,順方向,1900,1900,0,0,0,0,1900,安定度,0,0,0,0,2024/12/20 17:04:17
月間,202412,策定,越前嶺南線,2025/01/22,夜間帯,逆方向,-900,-900,0,0,0,0,-900,周波数,0,0,0,0,2024/12/20 17:04:17
月間,202411,策定,越前嶺南線,2025/01/23,昼間帯,順方向,1900,1900,0,0,0,0,1900,安定度,0,0,0,0,2024/11/20 16:59:38
月間,202411,策定,越前嶺南線,2025/01/23,昼間帯,逆方向,-1600,-1600,0,0,0,0,-1600,周波数,0,0,0,0,2024/11/20 16:59:38
月間,202411,策定,越前嶺南線,2025/01/23,夜間帯,順方向,1900,1900,0,0,0,0,1900,安定度,0,0,0,0,2024/11/20 16:59:38
月間,202411,策定,越前嶺南線,2025/01/23,夜間帯,逆方向,-900,-900,0,0,0,0,-900,周波数,0,0,0,0,2024/11/20 16:59:38
月間,202412,策定,越前嶺南線,2025/01/23,昼間帯,順方向,1900,1900,0,0,0,0,1900,安定度,0,0,0,0,2024/12/20 17:04:17
月間,202412,策定,越前嶺南線,2025/01/23,昼間帯,逆方向,-1600,-1600,0,0,0,0,-1600,周波数,0,0,0,0,2024/12/20 17:04:17
月間,202412,策定,越前嶺南線,2025/01/23,夜間帯,順方向,1900,1900,0,0,0,0,1900,安定度,0,0,0,0,2024/12/20 17:04:17
月間,202412,策定,越前嶺南線,2025/01/23,夜間帯,逆方向,-900,-900,0,0,0,0,-900,周波数,0,0,0,0,2024/12/20 17:04:17
月間,202411,策定,越前嶺南線,2025/01/24,昼間帯,順方向,1900,1900,0,0,0,0,1900,安定度,0,0,0,0,2024/11/20 16:59:38
月間,202411,策定,越前嶺南線,2025/01/24,昼間帯,逆方向,-1600,-1600,0,0,0,0,-1600,周波数,0,0,0,0,2024/11/20 16:59:38
月間,202411,策定,越前嶺南線,2025/01/24,夜間帯,順方向,1900,1900,0,0,0,0,1900,安定度,0,0,0,0,2024/11/20 16:59:38
月間,202411,策定,越前嶺南線,2025/01/24,夜間帯,逆方向,-900,-900,0,0,0,0,-900,周波数,0,0,0,0,2024/11/20 16:59:38
月間,202412,策定,越前嶺南線,2025/01/24,昼間帯,順方向,1900,1900,0,0,0,0,1900,安定度,0,0,0,0,2024/12/20 17:04:17
月間,202412,策定,越前嶺南線,2025/01/24,昼間帯,逆方向,-1600,-1600,0,0,0,0,-1600,周波数,0,0,0,0,2024/12/20 17:04:17
月間,202412,策定,越前嶺南線,2025/01/24,夜間帯,順方向,1900,1900,0,0,0,0,1900,安定度,0,0,0,0,2024/12/20 17:04:17
月間,202412,策定,越前嶺南線,2025/01/24,夜間帯,逆方向,-900,-900,0,0,0,0,-900,周波数,0,0,0,0,2024/12/20 17:04:17
月間,202411,策定,越前嶺南線,2025/01/25,昼間帯,順方向,1860,1860,0,0,0,0,1860,周波数,0,0,0,0,2024/11/20 16:59:38
月間,202411,策定,越前嶺南線,2025/01/25,昼間帯,逆方向,-900,-900,0,0,0,0,-900,周波数,0,0,0,0,2024/11/20 16:59:38
月間,202411,策定,越前嶺南線,2025/01/25,夜間帯,順方向,1900,1900,0,0,0,0,1900,安定度,0,0,0,0,2024/11/20 16:59:38
月間,202411,策定,越前嶺南線,2025/01/25,夜間帯,逆方向,-900,-900,0,0,0,0,-900,周波数,0,0,0,0,2024/11/20 16:59:38
月間,202412,策定,越前嶺南線,2025/01/25,昼間帯,順方向,1860,1860,0,0,0,0,1860,周波数,0,0,0,0,2024/12/20 17:04:17
月間,202412,策定,越前嶺南線,2025/01/25,昼間帯,逆方向,-900,-900,0,0,0,0,-900,周波数,0,0,0,0,2024/12/20 17:04:17
月間,202412,策定,越前嶺南線,2025/01/25,夜間帯,順方向,1900,1900,0,0,0,0,1900,安定度,0,0,0,0,2024/12/20 17:04:17
月間,202412,策定,越前嶺南線,2025/01/25,夜間帯,逆方向,-900,-900,0,0,0,0,-900,周波数,0,0,0,0,2024/12/20 17:04:17
月間,202411,策定,越前嶺南線,2025/01/26,昼間帯,順方向,1860,1860,0,0,0,0,1860,周波数,0,0,0,0,2024/11/20 16:59:38
月間,202411,策定,越前嶺南線,2025/01/26,昼間帯,逆方向,-900,-900,0,0,0,0,-900,周波数,0,0,0,0,2024/11/20 16:59:38
月間,202411,策定,越前嶺南線,2025/01/26,夜間帯,順方向,1900,1900,0,0,0,0,1900,安定度,0,0,0,0,2024/11/20 16:59:38
月間,202411,策定,越前嶺南線,2025/01/26,夜間帯,逆方向,-900,-900,0,0,0,0,-900,周波数,0,0,0,0,2024/11/20 16:59:38
月間,202412,策定,越前嶺南線,2025/01/26,昼間帯,順方向,1860,1860,0,0,0,0,1860,周波数,0,0,0,0,2024/12/20 17:04:17
月間,202412,策定,越前嶺南線,2025/01/26,昼間帯,逆方向,-900,-900,0,0,0,0,-900,周波数,0,0,0,0,2024/12/20 17:04:17
月間,202412,策定,越前嶺南線,2025/01/26,夜間帯,順方向,1900,1900,0,0,0,0,1900,安定度,0,0,0,0,2024/12/20 17:04:17
月間,202412,策定,越前嶺南線,2025/01/26,夜間帯,逆方向,-900,-900,0,0,0,0,-900,周波数,0,0,0,0,2024/12/20 17:04:17
月間,202411,策定,越前嶺南線,2025/01/27,昼間帯,順方向,1900,1900,0,0,0,0,1900,安定度,0,0,0,0,2024/11/20 16:59:38
月間,202411,策定,越前嶺南線,2025/01/27,昼間帯,逆方向,-1600,-1600,0,0,0,0,-1600,周波数,0,0,0,0,2024/11/20 16:59:38
月間,202411,策定,越前嶺南線,2025/01/27,夜間帯,順方向,1900,1900,0,0,0,0,1900,安定度,0,0,0,0,2024/11/20 16:59:38
月間,202411,策定,越前嶺南線,2025/01/27,夜間帯,逆方向,-900,-900,0,0,0,0,-900,周波数,0,0,0,0,2024/11/20 16:59:38
月間,202412,策定,越前嶺南線,2025/01/27,昼間帯,順方向,1900,1900,0,0,0,0,1900,安定度,0,0,0,0,2024/12/20 17:04:17
月間,202412,策定,越前嶺南線,2025/01/27,昼間帯,逆方向,-1600,-1600,0,0,0,0,-1600,周波数,0,0,0,0,2024/12/20 17:04:17
月間,202412,策定,越前嶺南線,2025/01/27,夜間帯,順方向,1900,1900,0,0,0,0,1900,安定度,0,0,0,0,2024/12/20 17:04:17
月間,202412,策定,越前嶺南線,2025/01/27,夜間帯,逆方向,-900,-900,0,0,0,0,-900,周波数,0,0,0,0,2024/12/20 17:04:17
月間,202411,策定,越前嶺南線,2025/01/28,昼間帯,順方向,1900,1900,0,0,0,0,1900,安定度,0,0,0,0,2024/11/20 16:59:38
月間,202411,策定,越前嶺南線,2025/01/28,昼間帯,逆方向,-1600,-1600,0,0,0,0,-1600,周波数,0,0,0,0,2024/11/20 16:59:38
月間,202411,策定,越前嶺南線,2025/01/28,夜間帯,順方向,1900,1900,0,0,0,0,1900,安定度,0,0,0,0,2024/11/20 16:59:38
月間,202411,策定,越前嶺南線,2025/01/28,夜間帯,逆方向,-900,-900,0,0,0,0,-900,周波数,0,0,0,0,2024/11/20 16:59:38
月間,202412,策定,越前嶺南線,2025/01/28,昼間帯,順方向,1900,1900,0,0,0,0,1900,安定度,0,0,0,0,2024/12/20 17:04:17
月間,202412,策定,越前嶺南線,2025/01/28,昼間帯,逆方向,-1600,-1600,0,0,0,0,-1600,周波数,0,0,0,0,2024/12/20 17:04:17
月間,202412,策定,越前嶺南線,2025/01/28,夜間帯,順方向,1900,1900,0,0,0,0,1900,安定度,0,0,0,0,2024/12/20 17:04:17
月間,202412,策定,越前嶺南線,2025/01/28,夜間帯,逆方向,-900,-900,0,0,0,0,-900,周波数,0,0,0,0,2024/12/20 17:04:17
月間,202411,策定,越前嶺南線,2025/01/29,昼間帯,順方向,1900,1900,0,0,0,0,1900,安定度,0,0,0,0,2024/11/20 16:59:38
月間,202411,策定,越前嶺南線,2025/01/29,昼間帯,逆方向,-1600,-1600,0,0,0,0,-1600,周波数,0,0,0,0,2024/11/20 16:59:38
月間,202411,策定,越前嶺南線,2025/01/29,夜間帯,順方向,1900,1900,0,0,0,0,1900,安定度,0,0,0,0,2024/11/20 16:59:38
月間,202411,策定,越前嶺南線,2025/01/29,夜間帯,逆方向,-900,-900,0,0,0,0,-900,周波数,0,0,0,0,2024/11/20 16:59:38
月間,202412,策定,越前嶺南線,2025/01/29,昼間帯,順方向,1900,1900,0,0,0,0,1900,安定度,0,0,0,0,2024/12/20 17:04:17
月間,202412,策定,越前嶺南線,2025/01/29,昼間帯,逆方向,-1600,-1600,0,0,0,0,-1600,周波数,0,0,0,0,2024/12/20 17:04:17
月間,202412,策定,越前嶺南線,2025/01/29,夜間帯,順方向,1900,1900,0,0,0,0,1900,安定度,0,0,0,0,2024/12/20 17:04:17
月間,202412,策定,越前嶺南線,2025/01/29,夜間帯,逆方向,-900,-900,0,0,0,0,-900,周波数,0,0,0,0,2024/12/20 17:04:17
月間,202411,策定,越前嶺南線,2025/01/30,昼間帯,順方向,1900,1900,0,0,0,0,1900,安定度,0,0,0,0,2024/11/20 16:59:38
月間,202411,策定,越前嶺南線,2025/01/30,昼間帯,逆方向,-1600,-1600,0,0,0,0,-1600,周波数,0,0,0,0,2024/11/20 16:59:38
月間,202411,策定,越前嶺南線,2025/01/30,夜間帯,順方向,1900,1900,0,0,0,0,1900,安定度,0,0,0,0,2024/11/20 16:59:38
月間,202411,策定,越前嶺南線,2025/01/30,夜間帯,逆方向,-900,-900,0,0,0,0,-900,周波数,0,0,0,0,2024/11/20 16:59:38
月間,202412,策定,越前嶺南線,2025/01/30,昼間帯,順方向,1900,1900,0,0,0,0,1900,安定度,0,0,0,0,2024/12/20 17:04:17
月間,202412,策定,越前嶺南線,2025/01/30,昼間帯,逆方向,-1600,-1600,0,0,0,0,-1600,周波数,0,0,0,0,2024/12/20 17:04:17
月間,202412,策定,越前嶺南線,2025/01/30,夜間帯,順方向,1900,1900,0,0,0,0,1900,安定度,0,0,0,0,2024/12/20 17:04:17
月間,202412,策定,越前嶺南線,2025/01/30,夜間帯,逆方向,-900,-900,0,0,0,0,-900,周波数,0,0,0,0,2024/12/20 17:04:17
月間,202411,策定,越前嶺南線,2025/01/31,昼間帯,順方向,1900,1900,0,0,0,0,1900,安定度,0,0,0,0,2024/11/20 16:59:38
月間,202411,策定,越前嶺南線,2025/01/31,昼間帯,逆方向,-1600,-1600,0,0,0,0,-1600,周波数,0,0,0,0,2024/11/20 16:59:38
月間,202411,策定,越前嶺南線,2025/01/31,夜間帯,順方向,1900,1900,0,0,0,0,1900,安定度,0,0,0,0,2024/11/20 16:59:38
月間,202411,策定,越前嶺南線,2025/01/31,夜間帯,逆方向,-900,-900,0,0,0,0,-900,周波数,0,0,0,0,2024/11/20 16:59:38
月間,202412,策定,越前嶺南線,2025/01/31,昼間帯,順方向,1900,1900,0,0,0,0,1900,安定度,0,0,0,0,2024/12/20 17:04:17
月間,202412,策定,越前嶺南線,2025/01/31,昼間帯,逆方向,-1600,-1600,0,0,0,0,-1600,周波数,0,0,0,0,2024/12/20 17:04:17
月間,202412,策定,越前嶺南線,2025/01/31,夜間帯,順方向,1900,1900,0,0,0,0,1900,安定度,0,0,0,0,2024/12/20 17:04:17
月間,202412,策定,越前嶺南線,2025/01/31,夜間帯,逆方向,-900,-900,0,0,0,0,-900,周波数,0,0,0,0,2024/12/20 17:04:17
月間,202411,策定,西播東岡山線・山崎智頭線,2025/01/01,昼間帯,順方向,3260,3260,0,0,0,0,3260,熱容量,0,0,0,0,2024/11/20 16:59:38
月間,202411,策定,西播東岡山線・山崎智頭線,2025/01/01,昼間帯,逆方向,-4550,-4550,0,0,0,0,-4550,電圧,0,0,0,0,2024/11/20 16:59:38
月間,202411,策定,西播東岡山線・山崎智頭線,2025/01/01,夜間帯,順方向,3260,3260,0,0,0,0,3260,熱容量,0,0,0,0,2024/11/20 16:59:38
月間,202411,策定,西播東岡山線・山崎智頭線,2025/01/01,夜間帯,逆方向,-4550,-4550,0,0,0,0,-4550,電圧,0,0,0,0,2024/11/20 16:59:38
月間,202411,策定,西播東岡山線・山崎智頭線,2025/01/02,昼間帯,順方向,3260,3260,0,0,0,0,3260,熱容量,0,0,0,0,2024/11/20 16:59:38
月間,202411,策定,西播東岡山線・山崎智頭線,2025/01/02,昼間帯,逆方向,-4550,-4550,0,0,0,0,-4550,電圧,0,0,0,0,2024/11/20 16:59:38
月間,202411,策定,西播東岡山線・山崎智頭線,2025/01/02,夜間帯,順方向,3260,3260,0,0,0,0,3260,熱容量,0,0,0,0,2024/11/20 16:59:38
月間,202411,策定,西播東岡山線・山崎智頭線,2025/01/02,夜間帯,逆方向,-4550,-4550,0,0,0,0,-4550,電圧,0,0,0,0,2024/11/20 16:59:38
月間,202411,策定,西播東岡山線・山崎智頭線,2025/01/03,昼間帯,順方向,3260,3260,0,0,0,0,3260,熱容量,0,0,0,0,2024/11/20 16:59:38
月間,202411,策定,西播東岡山線・山崎智頭線,2025/01/03,昼間帯,逆方向,-4550,-4550,0,0,0,0,-4550,電圧,0,0,0,0,2024/11/20 16:59:38
月間,202411,策定,西播東岡山線・山崎智頭線,2025/01/03,夜間帯,順方向,3260,3260,0,0,0,0,3260,熱容量,0,0,0,0,2024/11/20 16:59:38
月間,202411,策定,西播東岡山線・山崎智頭線,2025/01/03,夜間帯,逆方向,-4550,-4550,0,0,0,0,-4550,電圧,0,0,0,0,2024/11/20 16:59:38
月間,202411,策定,西播東岡山線・山崎智頭線,2025/01/04,昼間帯,順方向,3260,3260,0,0,0,0,3260,熱容量,0,0,0,0,2024/11/20 16:59:38
月間,202411,策定,西播東岡山線・山崎智頭線,2025/01/04,昼間帯,逆方向,-4550,-4550,0,0,0,0,-4550,電圧,0,0,0,0,2024/11/20 16:59:38
月間,202411,策定,西播東岡山線・山崎智頭線,2025/01/04,夜間帯,順方向,3260,3260,0,0,0,0,3260,熱容量,0,0,0,0,2024/11/20 16:59:38
月間,202411,策定,西播東岡山線・山崎智頭線,2025/01/04,夜間帯,逆方向,-4550,-4550,0,0,0,0,-4550,電圧,0,0,0,0,2024/11/20 16:59:38
月間,202412,策定,西播東岡山線・山崎智頭線,2025/01/04,昼間帯,順方向,3260,3260,0,0,0,0,3260,熱容量,0,0,0,0,2024/12/20 17:04:17
月間,202412,策定,西播東岡山線・山崎智頭線,2025/01/04,昼間帯,逆方向,-4550,-4550,0,0,0,0,-4550,電圧,0,0,0,0,2024/12/20 17:04:17
月間,202412,策定,西播東岡山線・山崎智頭線,2025/01/04,夜間帯,順方向,3260,3260,0,0,0,0,3260,熱容量,0,0,0,0,2024/12/20 17:04:17
月間,202412,策定,西播東岡山線・山崎智頭線,2025/01/04,夜間帯,逆方向,-4550,-4550,0,0,0,0,-4550,電圧,0,0,0,0,2024/12/20 17:04:17
月間,202411,策定,西播東岡山線・山崎智頭線,2025/01/05,昼間帯,順方向,3260,3260,0,0,0,0,3260,熱容量,0,0,0,0,2024/11/20 16:59:38
月間,202411,策定,西播東岡山線・山崎智頭線,2025/01/05,昼間帯,逆方向,-4550,-4550,0,0,0,0,-4550,電圧,0,0,0,0,2024/11/20 16:59:38
月間,202411,策定,西播東岡山線・山崎智頭線,2025/01/05,夜間帯,順方向,3260,3260,0,0,0,0,3260,熱容量,0,0,0,0,2024/11/20 16:59:38
月間,202411,策定,西播東岡山線・山崎智頭線,2025/01/05,夜間帯,逆方向,-4550,-4550,0,0,0,0,-4550,電圧,0,0,0,0,2024/11/20 16:59:38
月間,202412,策定,西播東岡山線・山崎智頭線,2025/01/05,昼間帯,順方向,3260,3260,0,0,0,0,3260,熱容量,0,0,0,0,2024/12/20 17:04:17
月間,202412,策定,西播東岡山線・山崎智頭線,2025/01/05,昼間帯,逆方向,-4550,-4550,0,0,0,0,-4550,電圧,0,0,0,0,2024/12/20 17:04:17
月間,202412,策定,西播東岡山線・山崎智頭線,2025/01/05,夜間帯,順方向,3260,3260,0,0,0,0,3260,熱容量,0,0,0,0,2024/12/20 17:04:17
月間,202412,策定,西播東岡山線・山崎智頭線,2025/01/05,夜間帯,逆方向,-4550,-4550,0,0,0,0,-4550,電圧,0,0,0,0,2024/12/20 17:04:17
月間,202411,策定,西播東岡山線・山崎智頭線,2025/01/06,昼間帯,順方向,3260,3260,0,0,0,0,3260,熱容量,0,0,0,0,2024/11/20 16:59:38
月間,202411,策定,西播東岡山線・山崎智頭線,2025/01/06,昼間帯,逆方向,-4550,-4550,0,0,0,0,-4550,電圧,0,0,0,0,2024/11/20 16:59:38
月間,202411,策定,西播東岡山線・山崎智頭線,2025/01/06,夜間帯,順方向,3260,3260,0,0,0,0,3260,熱容量,0,0,0,0,2024/11/20 16:59:38
月間,202411,策定,西播東岡山線・山崎智頭線,2025/01/06,夜間帯,逆方向,-4550,-4550,0,0,0,0,-4550,電圧,0,0,0,0,2024/11/20 16:59:38
月間,202412,策定,西播東岡山線・山崎智頭線,2025/01/06,昼間帯,順方向,3260,3260,0,0,0,0,3260,熱容量,0,0,0,0,2024/12/20 17:04:17
月間,202412,策定,西播東岡山線・山崎智頭線,2025/01/06,昼間帯,逆方向,-4550,-4550,0,0,0,0,-4550,電圧,0,0,0,0,2024/12/20 17:04:17
月間,202412,策定,西播東岡山線・山崎智頭線,2025/01/06,夜間帯,順方向,3260,3260,0,0,0,0,3260,熱容量,0,0,0,0,2024/12/20 17:04:17
月間,202412,策定,西播東岡山線・山崎智頭線,2025/01/06,夜間帯,逆方向,-4550,-4550,0,0,0,0,-4550,電圧,0,0,0,0,2024/12/20 17:04:17
月間,202411,策定,西播東岡山線・山崎智頭線,2025/01/07,昼間帯,順方向,3260,3260,0,0,0,0,3260,熱容量,0,0,0,0,2024/11/20 16:59:38
月間,202411,策定,西播東岡山線・山崎智頭線,2025/01/07,昼間帯,逆方向,-4550,-4550,0,0,0,0,-4550,電圧,0,0,0,0,2024/11/20 16:59:38
月間,202411,策定,西播東岡山線・山崎智頭線,2025/01/07,夜間帯,順方向,3260,3260,0,0,0,0,3260,熱容量,0,0,0,0,2024/11/20 16:59:38
月間,202411,策定,西播東岡山線・山崎智頭線,2025/01/07,夜間帯,逆方向,-4550,-4550,0,0,0,0,-4550,電圧,0,0,0,0,2024/11/20 16:59:38
月間,202412,策定,西播東岡山線・山崎智頭線,2025/01/07,昼間帯,順方向,3260,3260,0,0,0,0,3260,熱容量,0,0,0,0,2024/12/20 17:04:17
月間,202412,策定,西播東岡山線・山崎智頭線,2025/01/07,昼間帯,逆方向,-4550,-4550,0,0,0,0,-4550,電圧,0,0,0,0,2024/12/20 17:04:17
月間,202412,策定,西播東岡山線・山崎智頭線,2025/01/07,夜間帯,順方向,3260,3260,0,0,0,0,3260,熱容量,0,0,0,0,2024/12/20 17:04:17
月間,202412,策定,西播東岡山線・山崎智頭線,2025/01/07,夜間帯,逆方向,-4550,-4550,0,0,0,0,-4550,電圧,0,0,0,0,2024/12/20 17:04:17
月間,202411,策定,西播東岡山線・山崎智頭線,2025/01/08,昼間帯,順方向,3260,3260,0,0,0,0,3260,熱容量,0,0,0,0,2024/11/20 16:59:38
月間,202411,策定,西播東岡山線・山崎智頭線,2025/01/08,昼間帯,逆方向,-4550,-4550,0,0,0,0,-4550,電圧,0,0,0,0,2024/11/20 16:59:38
月間,202411,策定,西播東岡山線・山崎智頭線,2025/01/08,夜間帯,順方向,3260,3260,0,0,0,0,3260,熱容量,0,0,0,0,2024/11/20 16:59:38
月間,202411,策定,西播東岡山線・山崎智頭線,2025/01/08,夜間帯,逆方向,-4550,-4550,0,0,0,0,-4550,電圧,0,0,0,0,2024/11/20 16:59:38
月間,202412,策定,西播東岡山線・山崎智頭線,2025/01/08,昼間帯,順方向,3260,3260,0,0,0,0,3260,熱容量,0,0,0,0,2024/12/20 17:04:17
月間,202412,策定,西播東岡山線・山崎智頭線,2025/01/08,昼間帯,逆方向,-4550,-4550,0,0,0,0,-4550,電圧,0,0,0,0,2024/12/20 17:04:17
月間,202412,策定,西播東岡山線・山崎智頭線,2025/01/08,夜間帯,順方向,3260,3260,0,0,0,0,3260,熱容量,0,0,0,0,2024/12/20 17:04:17
月間,202412,策定,西播東岡山線・山崎智頭線,2025/01/08,夜間帯,逆方向,-4550,-4550,0,0,0,0,-4550,電圧,0,0,0,0,2024/12/20 17:04:17
月間,202411,策定,西播東岡山線・山崎智頭線,2025/01/09,昼間帯,順方向,3260,3260,0,0,0,0,3260,熱容量,0,0,0,0,2024/11/20 16:59:38
月間,202411,策定,西播東岡山線・山崎智頭線,2025/01/09,昼間帯,逆方向,-4550,-4550,0,0,0,0,-4550,電圧,0,0,0,0,2024/11/20 16:59:38
月間,202411,策定,西播東岡山線・山崎智頭線,2025/01/09,夜間帯,順方向,3260,3260,0,0,0,0,3260,熱容量,0,0,0,0,2024/11/20 16:59:38
月間,202411,策定,西播東岡山線・山崎智頭線,2025/01/09,夜間帯,逆方向,-4550,-4550,0,0,0,0,-4550,電圧,0,0,0,0,2024/11/20 16:59:38
月間,202412,策定,西播東岡山線・山崎智頭線,2025/01/09,昼間帯,順方向,3260,3260,0,0,0,0,3260,熱容量,0,0,0,0,2024/12/20 17:04:17
月間,202412,策定,西播東岡山線・山崎智頭線,2025/01/09,昼間帯,逆方向,-4550,-4550,0,0,0,0,-4550,電圧,0,0,0,0,2024/12/20 17:04:17
月間,202412,策定,西播東岡山線・山崎智頭線,2025/01/09,夜間帯,順方向,3260,3260,0,0,0,0,3260,熱容量,0,0,0,0,2024/12/20 17:04:17
月間,202412,策定,西播東岡山線・山崎智頭線,2025/01/09,夜間帯,逆方向,-4550,-4550,0,0,0,0,-4550,電圧,0,0,0,0,2024/12/20 17:04:17
月間,202411,策定,西播東岡山線・山崎智頭線,2025/01/10,昼間帯,順方向,3260,3260,0,0,0,0,3260,熱容量,0,0,0,0,2024/11/20 16:59:38
月間,202411,策定,西播東岡山線・山崎智頭線,2025/01/10,昼間帯,逆方向,-4550,-4550,0,0,0,0,-4550,電圧,0,0,0,0,2024/11/20 16:59:38
月間,202411,策定,西播東岡山線・山崎智頭線,2025/01/10,夜間帯,順方向,3260,3260,0,0,0,0,3260,熱容量,0,0,0,0,2024/11/20 16:59:38
月間,202411,策定,西播東岡山線・山崎智頭線,2025/01/10,夜間帯,逆方向,-4550,-4550,0,0,0,0,-4550,電圧,0,0,0,0,2024/11/20 16:59:38
月間,202412,策定,西播東岡山線・山崎智頭線,2025/01/10,昼間帯,順方向,3260,3260,0,0,0,0,3260,熱容量,0,0,0,0,2024/12/20 17:04:17
月間,202412,策定,西播東岡山線・山崎智頭線,2025/01/10,昼間帯,逆方向,-4550,-4550,0,0,0,0,-4550,電圧,0,0,0,0,2024/12/20 17:04:17
月間,202412,策定,西播東岡山線・山崎智頭線,2025/01/10,夜間帯,順方向,3260,3260,0,0,0,0,3260,熱容量,0,0,0,0,2024/12/20 17:04:17
月間,202412,策定,西播東岡山線・山崎智頭線,2025/01/10,夜間帯,逆方向,-4550,-4550,0,0,0,0,-4550,電圧,0,0,0,0,2024/12/20 17:04:17
月間,202411,策定,西播東岡山線・山崎智頭線,2025/01/11,昼間帯,順方向,3260,3260,0,0,0,0,3260,熱容量,0,0,0,0,2024/11/20 16:59:38
月間,202411,策定,西播東岡山線・山崎智頭線,2025/01/11,昼間帯,逆方向,-4550,-4550,0,0,0,0,-4550,電圧,0,0,0,0,2024/11/20 16:59:38
月間,202411,策定,西播東岡山線・山崎智頭線,2025/01/11,夜間帯,順方向,3260,3260,0,0,0,0,3260,熱容量,0,0,0,0,2024/11/20 16:59:38
月間,202411,策定,西播東岡山線・山崎智頭線,2025/01/11,夜間帯,逆方向,-4550,-4550,0,0,0,0,-4550,電圧,0,0,0,0,2024/11/20 16:59:38
月間,202412,策定,西播東岡山線・山崎智頭線,2025/01/11,昼間帯,順方向,3260,3260,0,0,0,0,3260,熱容量,0,0,0,0,2024/12/20 17:04:17
月間,202412,策定,西播東岡山線・山崎智頭線,2025/01/11,昼間帯,逆方向,-4550,-4550,0,0,0,0,-4550,電圧,0,0,0,0,2024/12/20 17:04:17
月間,202412,策定,西播東岡山線・山崎智頭線,2025/01/11,夜間帯,順方向,3260,3260,0,0,0,0,3260,熱容量,0,0,0,0,2024/12/20 17:04:17
月間,202412,策定,西播東岡山線・山崎智頭線,2025/01/11,夜間帯,逆方向,-4550,-4550,0,0,0,0,-4550,電圧,0,0,0,0,2024/12/20 17:04:17
月間,202411,策定,西播東岡山線・山崎智頭線,2025/01/12,昼間帯,順方向,3260,3260,0,0,0,0,3260,熱容量,0,0,0,0,2024/11/20 16:59:38
月間,202411,策定,西播東岡山線・山崎智頭線,2025/01/12,昼間帯,逆方向,-4550,-4550,0,0,0,0,-4550,電圧,0,0,0,0,2024/11/20 16:59:38
月間,202411,策定,西播東岡山線・山崎智頭線,2025/01/12,夜間帯,順方向,3260,3260,0,0,0,0,3260,熱容量,0,0,0,0,2024/11/20 16:59:38
月間,202411,策定,西播東岡山線・山崎智頭線,2025/01/12,夜間帯,逆方向,-4550,-4550,0,0,0,0,-4550,電圧,0,0,0,0,2024/11/20 16:59:38
月間,202412,策定,西播東岡山線・山崎智頭線,2025/01/12,昼間帯,順方向,3260,3260,0,0,0,0,3260,熱容量,0,0,0,0,2024/12/20 17:04:17
月間,202412,策定,西播東岡山線・山崎智頭線,2025/01/12,昼間帯,逆方向,-4550,-4550,0,0,0,0,-4550,電圧,0,0,0,0,2024/12/20 17:04:17
月間,202412,策定,西播東岡山線・山崎智頭線,2025/01/12,夜間帯,順方向,3260,3260,0,0,0,0,3260,熱容量,0,0,0,0,2024/12/20 17:04:17
月間,202412,策定,西播東岡山線・山崎智頭線,2025/01/12,夜間帯,逆方向,-4550,-4550,0,0,0,0,-4550,電圧,0,0,0,0,2024/12/20 17:04:17
月間,202411,策定,西播東岡山線・山崎智頭線,2025/01/13,昼間帯,順方向,3260,3260,0,0,0,0,3260,熱容量,0,0,0,0,2024/11/20 16:59:38
月間,202411,策定,西播東岡山線・山崎智頭線,2025/01/13,昼間帯,逆方向,-4550,-4550,0,0,0,0,-4550,電圧,0,0,0,0,2024/11/20 16:59:38
月間,202411,策定,西播東岡山線・山崎智頭線,2025/01/13,夜間帯,順方向,3260,3260,0,0,0,0,3260,熱容量,0,0,0,0,2024/11/20 16:59:38
月間,202411,策定,西播東岡山線・山崎智頭線,2025/01/13,夜間帯,逆方向,-4550,-4550,0,0,0,0,-4550,電圧,0,0,0,0,2024/11/20 16:59:38
月間,202412,策定,西播東岡山線・山崎智頭線,2025/01/13,昼間帯,順方向,3260,3260,0,0,0,0,3260,熱容量,0,0,0,0,2024/12/20 17:04:17
月間,202412,策定,西播東岡山線・山崎智頭線,2025/01/13,昼間帯,逆方向,-4550,-4550,0,0,0,0,-4550,電圧,0,0,0,0,2024/12/20 17:04:17
月間,202412,策定,西播東岡山線・山崎智頭線,2025/01/13,夜間帯,順方向,3260,3260,0,0,0,0,3260,熱容量,0,0,0,0,2024/12/20 17:04:17
月間,202412,策定,西播東岡山線・山崎智頭線,2025/01/13,夜間帯,逆方向,-4550,-4550,0,0,0,0,-4550,電圧,0,0,0,0,2024/12/20 17:04:17
月間,202411,策定,西播東岡山線・山崎智頭線,2025/01/14,昼間帯,順方向,3260,3260,0,0,0,0,3260,熱容量,0,0,0,0,2024/11/20 16:59:38
月間,202411,策定,西播東岡山線・山崎智頭線,2025/01/14,昼間帯,逆方向,-4550,-4550,0,0,0,0,-4550,電圧,0,0,0,0,2024/11/20 16:59:38
月間,202411,策定,西播東岡山線・山崎智頭線,2025/01/14,夜間帯,順方向,3260,3260,0,0,0,0,3260,熱容量,0,0,0,0,2024/11/20 16:59:38
月間,202411,策定,西播東岡山線・山崎智頭線,2025/01/14,夜間帯,逆方向,-4550,-4550,0,0,0,0,-4550,電圧,0,0,0,0,2024/11/20 16:59:38
月間,202412,策定,西播東岡山線・山崎智頭線,2025/01/14,昼間帯,順方向,3260,3260,0,0,0,0,3260,熱容量,0,0,0,0,2024/12/20 17:04:17
月間,202412,策定,西播東岡山線・山崎智頭線,2025/01/14,昼間帯,逆方向,-4550,-4550,0,0,0,0,-4550,電圧,0,0,0,0,2024/12/20 17:04:17
月間,202412,策定,西播東岡山線・山崎智頭線,2025/01/14,夜間帯,順方向,3260,3260,0,0,0,0,3260,熱容量,0,0,0,0,2024/12/20 17:04:17
月間,202412,策定,西播東岡山線・山崎智頭線,2025/01/14,夜間帯,逆方向,-4550,-4550,0,0,0,0,-4550,電圧,0,0,0,0,2024/12/20 17:04:17
月間,202411,策定,西播東岡山線・山崎智頭線,2025/01/15,昼間帯,順方向,3260,3260,0,0,0,0,3260,熱容量,0,0,0,0,2024/11/20 16:59:38
月間,202411,策定,西播東岡山線・山崎智頭線,2025/01/15,昼間帯,逆方向,-4550,-4550,0,0,0,0,-4550,電圧,0,0,0,0,2024/11/20 16:59:38
月間,202411,策定,西播東岡山線・山崎智頭線,2025/01/15,夜間帯,順方向,3260,3260,0,0,0,0,3260,熱容量,0,0,0,0,2024/11/20 16:59:38
月間,202411,策定,西播東岡山線・山崎智頭線,2025/01/15,夜間帯,逆方向,-4550,-4550,0,0,0,0,-4550,電圧,0,0,0,0,2024/11/20 16:59:38
月間,202412,策定,西播東岡山線・山崎智頭線,2025/01/15,昼間帯,順方向,3260,3260,0,0,0,0,3260,熱容量,0,0,0,0,2024/12/20 17:04:17
月間,202412,策定,西播東岡山線・山崎智頭線,2025/01/15,昼間帯,逆方向,-4550,-4550,0,0,0,0,-4550,電圧,0,0,0,0,2024/12/20 17:04:17
月間,202412,策定,西播東岡山線・山崎智頭線,2025/01/15,夜間帯,順方向,3260,3260,0,0,0,0,3260,熱容量,0,0,0,0,2024/12/20 17:04:17
月間,202412,策定,西播東岡山線・山崎智頭線,2025/01/15,夜間帯,逆方向,-4550,-4550,0,0,0,0,-4550,電圧,0,0,0,0,2024/12/20 17:04:17
月間,202411,策定,西播東岡山線・山崎智頭線,2025/01/16,昼間帯,順方向,3260,3260,0,0,0,0,3260,熱容量,0,0,0,0,2024/11/20 16:59:38
月間,202411,策定,西播東岡山線・山崎智頭線,2025/01/16,昼間帯,逆方向,-4550,-4550,0,0,0,0,-4550,電圧,0,0,0,0,2024/11/20 16:59:38
月間,202411,策定,西播東岡山線・山崎智頭線,2025/01/16,夜間帯,順方向,3260,3260,0,0,0,0,3260,熱容量,0,0,0,0,2024/11/20 16:59:38
月間,202411,策定,西播東岡山線・山崎智頭線,2025/01/16,夜間帯,逆方向,-4550,-4550,0,0,0,0,-4550,電圧,0,0,0,0,2024/11/20 16:59:38
月間,202412,策定,西播東岡山線・山崎智頭線,2025/01/16,昼間帯,順方向,3260,3260,0,0,0,0,3260,熱容量,0,0,0,0,2024/12/20 17:04:17
月間,202412,策定,西播東岡山線・山崎智頭線,2025/01/16,昼間帯,逆方向,-4550,-4550,0,0,0,0,-4550,電圧,0,0,0,0,2024/12/20 17:04:17
月間,202412,策定,西播東岡山線・山崎智頭線,2025/01/16,夜間帯,順方向,3260,3260,0,0,0,0,3260,熱容量,0,0,0,0,2024/12/20 17:04:17
月間,202412,策定,西播東岡山線・山崎智頭線,2025/01/16,夜間帯,逆方向,-4550,-4550,0,0,0,0,-4550,電圧,0,0,0,0,2024/12/20 17:04:17
月間,202411,策定,西播東岡山線・山崎智頭線,2025/01/17,昼間帯,順方向,3260,3260,0,0,0,0,3260,熱容量,0,0,0,0,2024/11/20 16:59:38
月間,202411,策定,西播東岡山線・山崎智頭線,2025/01/17,昼間帯,逆方向,-4550,-4550,0,0,0,0,-4550,電圧,0,0,0,0,2024/11/20 16:59:38
月間,202411,策定,西播東岡山線・山崎智頭線,2025/01/17,夜間帯,順方向,3260,3260,0,0,0,0,3260,熱容量,0,0,0,0,2024/11/20 16:59:38
月間,202411,策定,西播東岡山線・山崎智頭線,2025/01/17,夜間帯,逆方向,-4550,-4550,0,0,0,0,-4550,電圧,0,0,0,0,2024/11/20 16:59:38
月間,202412,策定,西播東岡山線・山崎智頭線,2025/01/17,昼間帯,順方向,3260,3260,0,0,0,0,3260,熱容量,0,0,0,0,2024/12/20 17:04:17
月間,202412,策定,西播東岡山線・山崎智頭線,2025/01/17,昼間帯,逆方向,-4550,-4550,0,0,0,0,-4550,電圧,0,0,0,0,2024/12/20 17:04:17
月間,202412,策定,西播東岡山線・山崎智頭線,2025/01/17,夜間帯,順方向,3260,3260,0,0,0,0,3260,熱容量,0,0,0,0,2024/12/20 17:04:17
月間,202412,策定,西播東岡山線・山崎智頭線,2025/01/17,夜間帯,逆方向,-4550,-4550,0,0,0,0,-4550,電圧,0,0,0,0,2024/12/20 17:04:17
月間,202411,策定,西播東岡山線・山崎智頭線,2025/01/18,昼間帯,順方向,3260,3260,0,0,0,0,3260,熱容量,0,0,0,0,2024/11/20 16:59:38
月間,202411,策定,西播東岡山線・山崎智頭線,2025/01/18,昼間帯,逆方向,-4550,-4550,0,0,0,0,-4550,電圧,0,0,0,0,2024/11/20 16:59:38
月間,202411,策定,西播東岡山線・山崎智頭線,2025/01/18,夜間帯,順方向,3260,3260,0,0,0,0,3260,熱容量,0,0,0,0,2024/11/20 16:59:38
月間,202411,策定,西播東岡山線・山崎智頭線,2025/01/18,夜間帯,逆方向,-4550,-4550,0,0,0,0,-4550,電圧,0,0,0,0,2024/11/20 16:59:38
月間,202412,策定,西播東岡山線・山崎智頭線,2025/01/18,昼間帯,順方向,3260,3260,0,0,0,0,3260,熱容量,0,0,0,0,2024/12/20 17:04:17
月間,202412,策定,西播東岡山線・山崎智頭線,2025/01/18,昼間帯,逆方向,-4550,-4550,0,0,0,0,-4550,電圧,0,0,0,0,2024/12/20 17:04:17
月間,202412,策定,西播東岡山線・山崎智頭線,2025/01/18,夜間帯,順方向,3260,3260,0,0,0,0,3260,熱容量,0,0,0,0,2024/12/20 17:04:17
月間,202412,策定,西播東岡山線・山崎智頭線,2025/01/18,夜間帯,逆方向,-4550,-4550,0,0,0,0,-4550,電圧,0,0,0,0,2024/12/20 17:04:17
月間,202411,策定,西播東岡山線・山崎智頭線,2025/01/19,昼間帯,順方向,3260,3260,0,0,0,0,3260,熱容量,0,0,0,0,2024/11/20 16:59:38
月間,202411,策定,西播東岡山線・山崎智頭線,2025/01/19,昼間帯,逆方向,-4550,-4550,0,0,0,0,-4550,電圧,0,0,0,0,2024/11/20 16:59:38
月間,202411,策定,西播東岡山線・山崎智頭線,2025/01/19,夜間帯,順方向,3260,3260,0,0,0,0,3260,熱容量,0,0,0,0,2024/11/20 16:59:38
月間,202411,策定,西播東岡山線・山崎智頭線,2025/01/19,夜間帯,逆方向,-4550,-4550,0,0,0,0,-4550,電圧,0,0,0,0,2024/11/20 16:59:38
月間,202412,策定,西播東岡山線・山崎智頭線,2025/01/19,昼間帯,順方向,3260,3260,0,0,0,0,3260,熱容量,0,0,0,0,2024/12/20 17:04:17
月間,202412,策定,西播東岡山線・山崎智頭線,2025/01/19,昼間帯,逆方向,-4550,-4550,0,0,0,0,-4550,電圧,0,0,0,0,2024/12/20 17:04:17
月間,202412,策定,西播東岡山線・山崎智頭線,2025/01/19,夜間帯,順方向,3260,3260,0,0,0,0,3260,熱容量,0,0,0,0,2024/12/20 17:04:17
月間,202412,策定,西播東岡山線・山崎智頭線,2025/01/19,夜間帯,逆方向,-4550,-4550,0,0,0,0,-4550,電圧,0,0,0,0,2024/12/20 17:04:17
月間,202411,策定,西播東岡山線・山崎智頭線,2025/01/20,昼間帯,順方向,3260,3260,0,0,0,0,3260,熱容量,0,0,0,0,2024/11/20 16:59:38
月間,202411,策定,西播東岡山線・山崎智頭線,2025/01/20,昼間帯,逆方向,-4550,-4550,0,0,0,0,-4550,電圧,0,0,0,0,2024/11/20 16:59:38
月間,202411,策定,西播東岡山線・山崎智頭線,2025/01/20,夜間帯,順方向,3260,3260,0,0,0,0,3260,熱容量,0,0,0,0,2024/11/20 16:59:38
月間,202411,策定,西播東岡山線・山崎智頭線,2025/01/20,夜間帯,逆方向,-4550,-4550,0,0,0,0,-4550,電圧,0,0,0,0,2024/11/20 16:59:38
月間,202412,策定,西播東岡山線・山崎智頭線,2025/01/20,昼間帯,順方向,3260,3260,0,0,0,0,3260,熱容量,0,0,0,0,2024/12/20 17:04:17
月間,202412,策定,西播東岡山線・山崎智頭線,2025/01/20,昼間帯,逆方向,-4550,-4550,0,0,0,0,-4550,電圧,0,0,0,0,2024/12/20 17:04:17
月間,202412,策定,西播東岡山線・山崎智頭線,2025/01/20,夜間帯,順方向,3260,3260,0,0,0,0,3260,熱容量,0,0,0,0,2024/12/20 17:04:17
月間,202412,策定,西播東岡山線・山崎智頭線,2025/01/20,夜間帯,逆方向,-4550,-4550,0,0,0,0,-4550,電圧,0,0,0,0,2024/12/20 17:04:17
月間,202411,策定,西播東岡山線・山崎智頭線,2025/01/21,昼間帯,順方向,3260,3260,0,0,0,0,3260,熱容量,0,0,0,0,2024/11/20 16:59:38
月間,202411,策定,西播東岡山線・山崎智頭線,2025/01/21,昼間帯,逆方向,-4550,-4550,0,0,0,0,-4550,電圧,0,0,0,0,2024/11/20 16:59:38
月間,202411,策定,西播東岡山線・山崎智頭線,2025/01/21,夜間帯,順方向,3260,3260,0,0,0,0,3260,熱容量,0,0,0,0,2024/11/20 16:59:38
月間,202411,策定,西播東岡山線・山崎智頭線,2025/01/21,夜間帯,逆方向,-4550,-4550,0,0,0,0,-4550,電圧,0,0,0,0,2024/11/20 16:59:38
月間,202412,策定,西播東岡山線・山崎智頭線,2025/01/21,昼間帯,順方向,3260,3260,0,0,0,0,3260,熱容量,0,0,0,0,2024/12/20 17:04:17
月間,202412,策定,西播東岡山線・山崎智頭線,2025/01/21,昼間帯,逆方向,-4550,-4550,0,0,0,0,-4550,電圧,0,0,0,0,2024/12/20 17:04:17
月間,202412,策定,西播東岡山線・山崎智頭線,2025/01/21,夜間帯,順方向,3260,3260,0,0,0,0,3260,熱容量,0,0,0,0,2024/12/20 17:04:17
月間,202412,策定,西播東岡山線・山崎智頭線,2025/01/21,夜間帯,逆方向,-4550,-4550,0,0,0,0,-4550,電圧,0,0,0,0,2024/12/20 17:04:17
月間,202411,策定,西播東岡山線・山崎智頭線,2025/01/22,昼間帯,順方向,3260,3260,0,0,0,0,3260,熱容量,0,0,0,0,2024/11/20 16:59:38
月間,202411,策定,西播東岡山線・山崎智頭線,2025/01/22,昼間帯,逆方向,-4550,-4550,0,0,0,0,-4550,電圧,0,0,0,0,2024/11/20 16:59:38
月間,202411,策定,西播東岡山線・山崎智頭線,2025/01/22,夜間帯,順方向,3260,3260,0,0,0,0,3260,熱容量,0,0,0,0,2024/11/20 16:59:38
月間,202411,策定,西播東岡山線・山崎智頭線,2025/01/22,夜間帯,逆方向,-4550,-4550,0,0,0,0,-4550,電圧,0,0,0,0,2024/11/20 16:59:38
月間,202412,策定,西播東岡山線・山崎智頭線,2025/01/22,昼間帯,順方向,3260,3260,0,0,0,0,3260,熱容量,0,0,0,0,2024/12/20 17:04:17
月間,202412,策定,西播東岡山線・山崎智頭線,2025/01/22,昼間帯,逆方向,-4550,-4550,0,0,0,0,-4550,電圧,0,0,0,0,2024/12/20 17:04:17
月間,202412,策定,西播東岡山線・山崎智頭線,2025/01/22,夜間帯,順方向,3260,3260,0,0,0,0,3260,熱容量,0,0,0,0,2024/12/20 17:04:17
月間,202412,策定,西播東岡山線・山崎智頭線,2025/01/22,夜間帯,逆方向,-4550,-4550,0,0,0,0,-4550,電圧,0,0,0,0,2024/12/20 17:04:17
月間,202411,策定,西播東岡山線・山崎智頭線,2025/01/23,昼間帯,順方向,3260,3260,0,0,0,0,3260,熱容量,0,0,0,0,2024/11/20 16:59:38
月間,202411,策定,西播東岡山線・山崎智頭線,2025/01/23,昼間帯,逆方向,-4550,-4550,0,0,0,0,-4550,電圧,0,0,0,0,2024/11/20 16:59:38
月間,202411,策定,西播東岡山線・山崎智頭線,2025/01/23,夜間帯,順方向,3260,3260,0,0,0,0,3260,熱容量,0,0,0,0,2024/11/20 16:59:38
月間,202411,策定,西播東岡山線・山崎智頭線,2025/01/23,夜間帯,逆方向,-4550,-4550,0,0,0,0,-4550,電圧,0,0,0,0,2024/11/20 16:59:38
月間,202412,策定,西播東岡山線・山崎智頭線,2025/01/23,昼間帯,順方向,3260,3260,0,0,0,0,3260,熱容量,0,0,0,0,2024/12/20 17:04:17
月間,202412,策定,西播東岡山線・山崎智頭線,2025/01/23,昼間帯,逆方向,-4550,-4550,0,0,0,0,-4550,電圧,0,0,0,0,2024/12/20 17:04:17
月間,202412,策定,西播東岡山線・山崎智頭線,2025/01/23,夜間帯,順方向,3260,3260,0,0,0,0,3260,熱容量,0,0,0,0,2024/12/20 17:04:17
月間,202412,策定,西播東岡山線・山崎智頭線,2025/01/23,夜間帯,逆方向,-4550,-4550,0,0,0,0,-4550,電圧,0,0,0,0,2024/12/20 17:04:17
月間,202411,策定,西播東岡山線・山崎智頭線,2025/01/24,昼間帯,順方向,3260,3260,0,0,0,0,3260,熱容量,0,0,0,0,2024/11/20 16:59:38
月間,202411,策定,西播東岡山線・山崎智頭線,2025/01/24,昼間帯,逆方向,-4550,-4550,0,0,0,0,-4550,電圧,0,0,0,0,2024/11/20 16:59:38
月間,202411,策定,西播東岡山線・山崎智頭線,2025/01/24,夜間帯,順方向,3260,3260,0,0,0,0,3260,熱容量,0,0,0,0,2024/11/20 16:59:38
月間,202411,策定,西播東岡山線・山崎智頭線,2025/01/24,夜間帯,逆方向,-4550,-4550,0,0,0,0,-4550,電圧,0,0,0,0,2024/11/20 16:59:38
月間,202412,策定,西播東岡山線・山崎智頭線,2025/01/24,昼間帯,順方向,3260,3260,0,0,0,0,3260,熱容量,0,0,0,0,2024/12/20 17:04:17
月間,202412,策定,西播東岡山線・山崎智頭線,2025/01/24,昼間帯,逆方向,-4550,-4550,0,0,0,0,-4550,電圧,0,0,0,0,2024/12/20 17:04:17
月間,202412,策定,西播東岡山線・山崎智頭線,2025/01/24,夜間帯,順方向,3260,3260,0,0,0,0,3260,熱容量,0,0,0,0,2024/12/20 17:04:17
月間,202412,策定,西播東岡山線・山崎智頭線,2025/01/24,夜間帯,逆方向,-4550,-4550,0,0,0,0,-4550,電圧,0,0,0,0,2024/12/20 17:04:17
月間,202411,策定,西播東岡山線・山崎智頭線,2025/01/25,昼間帯,順方向,3260,3260,0,0,0,0,3260,熱容量,0,0,0,0,2024/11/20 16:59:38
月間,202411,策定,西播東岡山線・山崎智頭線,2025/01/25,昼間帯,逆方向,-4550,-4550,0,0,0,0,-4550,電圧,0,0,0,0,2024/11/20 16:59:38
月間,202411,策定,西播東岡山線・山崎智頭線,2025/01/25,夜間帯,順方向,3260,3260,0,0,0,0,3260,熱容量,0,0,0,0,2024/11/20 16:59:38
月間,202411,策定,西播東岡山線・山崎智頭線,2025/01/25,夜間帯,逆方向,-4550,-4550,0,0,0,0,-4550,電圧,0,0,0,0,2024/11/20 16:59:38
月間,202412,策定,西播東岡山線・山崎智頭線,2025/01/25,昼間帯,順方向,3260,3260,0,0,0,0,3260,熱容量,0,0,0,0,2024/12/20 17:04:17
月間,202412,策定,西播東岡山線・山崎智頭線,2025/01/25,昼間帯,逆方向,-4550,-4550,0,0,0,0,-4550,電圧,0,0,0,0,2024/12/20 17:04:17
月間,202412,策定,西播東岡山線・山崎智頭線,2025/01/25,夜間帯,順方向,3260,3260,0,0,0,0,3260,熱容量,0,0,0,0,2024/12/20 17:04:17
月間,202412,策定,西播東岡山線・山崎智頭線,2025/01/25,夜間帯,逆方向,-4550,-4550,0,0,0,0,-4550,電圧,0,0,0,0,2024/12/20 17:04:17
月間,202411,策定,西播東岡山線・山崎智頭線,2025/01/26,昼間帯,順方向,3260,3260,0,0,0,0,3260,熱容量,0,0,0,0,2024/11/20 16:59:38
月間,202411,策定,西播東岡山線・山崎智頭線,2025/01/26,昼間帯,逆方向,-4550,-4550,0,0,0,0,-4550,電圧,0,0,0,0,2024/11/20 16:59:38
月間,202411,策定,西播東岡山線・山崎智頭線,2025/01/26,夜間帯,順方向,3260,3260,0,0,0,0,3260,熱容量,0,0,0,0,2024/11/20 16:59:38
月間,202411,策定,西播東岡山線・山崎智頭線,2025/01/26,夜間帯,逆方向,-4550,-4550,0,0,0,0,-4550,電圧,0,0,0,0,2024/11/20 16:59:38
月間,202412,策定,西播東岡山線・山崎智頭線,2025/01/26,昼間帯,順方向,3260,3260,0,0,0,0,3260,熱容量,0,0,0,0,2024/12/20 17:04:17
月間,202412,策定,西播東岡山線・山崎智頭線,2025/01/26,昼間帯,逆方向,-4550,-4550,0,0,0,0,-4550,電圧,0,0,0,0,2024/12/20 17:04:17
月間,202412,策定,西播東岡山線・山崎智頭線,2025/01/26,夜間帯,順方向,3260,3260,0,0,0,0,3260,熱容量,0,0,0,0,2024/12/20 17:04:17
月間,202412,策定,西播東岡山線・山崎智頭線,2025/01/26,夜間帯,逆方向,-4550,-4550,0,0,0,0,-4550,電圧,0,0,0,0,2024/12/20 17:04:17
月間,202411,策定,西播東岡山線・山崎智頭線,2025/01/27,昼間帯,順方向,3260,3260,0,0,0,0,3260,熱容量,0,0,0,0,2024/11/20 16:59:38
月間,202411,策定,西播東岡山線・山崎智頭線,2025/01/27,昼間帯,逆方向,-4550,-4550,0,0,0,0,-4550,電圧,0,0,0,0,2024/11/20 16:59:38
月間,202411,策定,西播東岡山線・山崎智頭線,2025/01/27,夜間帯,順方向,3260,3260,0,0,0,0,3260,熱容量,0,0,0,0,2024/11/20 16:59:38
月間,202411,策定,西播東岡山線・山崎智頭線,2025/01/27,夜間帯,逆方向,-4550,-4550,0,0,0,0,-4550,電圧,0,0,0,0,2024/11/20 16:59:38
月間,202412,策定,西播東岡山線・山崎智頭線,2025/01/27,昼間帯,順方向,3260,3260,0,0,0,0,3260,熱容量,0,0,0,0,2024/12/20 17:04:17
月間,202412,策定,西播東岡山線・山崎智頭線,2025/01/27,昼間帯,逆方向,-4550,-4550,0,0,0,0,-4550,電圧,0,0,0,0,2024/12/20 17:04:17
月間,202412,策定,西播東岡山線・山崎智頭線,2025/01/27,夜間帯,順方向,3260,3260,0,0,0,0,3260,熱容量,0,0,0,0,2024/12/20 17:04:17
月間,202412,策定,西播東岡山線・山崎智頭線,2025/01/27,夜間帯,逆方向,-4550,-4550,0,0,0,0,-4550,電圧,0,0,0,0,2024/12/20 17:04:17
月間,202411,策定,西播東岡山線・山崎智頭線,2025/01/28,昼間帯,順方向,3260,3260,0,0,0,0,3260,熱容量,0,0,0,0,2024/11/20 16:59:38
月間,202411,策定,西播東岡山線・山崎智頭線,2025/01/28,昼間帯,逆方向,-4550,-4550,0,0,0,0,-4550,電圧,0,0,0,0,2024/11/20 16:59:38
月間,202411,策定,西播東岡山線・山崎智頭線,2025/01/28,夜間帯,順方向,3260,3260,0,0,0,0,3260,熱容量,0,0,0,0,2024/11/20 16:59:38
月間,202411,策定,西播東岡山線・山崎智頭線,2025/01/28,夜間帯,逆方向,-4550,-4550,0,0,0,0,-4550,電圧,0,0,0,0,2024/11/20 16:59:38
月間,202412,策定,西播東岡山線・山崎智頭線,2025/01/28,昼間帯,順方向,3260,3260,0,0,0,0,3260,熱容量,0,0,0,0,2024/12/20 17:04:17
月間,202412,策定,西播東岡山線・山崎智頭線,2025/01/28,昼間帯,逆方向,-4550,-4550,0,0,0,0,-4550,電圧,0,0,0,0,2024/12/20 17:04:17
月間,202412,策定,西播東岡山線・山崎智頭線,2025/01/28,夜間帯,順方向,3260,3260,0,0,0,0,3260,熱容量,0,0,0,0,2024/12/20 17:04:17
月間,202412,策定,西播東岡山線・山崎智頭線,2025/01/28,夜間帯,逆方向,-4550,-4550,0,0,0,0,-4550,電圧,0,0,0,0,2024/12/20 17:04:17
月間,202411,策定,西播東岡山線・山崎智頭線,2025/01/29,昼間帯,順方向,3260,3260,0,0,0,0,3260,熱容量,0,0,0,0,2024/11/20 16:59:38
月間,202411,策定,西播東岡山線・山崎智頭線,2025/01/29,昼間帯,逆方向,-4550,-4550,0,0,0,0,-4550,電圧,0,0,0,0,2024/11/20 16:59:38
月間,202411,策定,西播東岡山線・山崎智頭線,2025/01/29,夜間帯,順方向,3260,3260,0,0,0,0,3260,熱容量,0,0,0,0,2024/11/20 16:59:38
月間,202411,策定,西播東岡山線・山崎智頭線,2025/01/29,夜間帯,逆方向,-4550,-4550,0,0,0,0,-4550,電圧,0,0,0,0,2024/11/20 16:59:38
月間,202412,策定,西播東岡山線・山崎智頭線,2025/01/29,昼間帯,順方向,3260,3260,0,0,0,0,3260,熱容量,0,0,0,0,2024/12/20 17:04:17
月間,202412,策定,西播東岡山線・山崎智頭線,2025/01/29,昼間帯,逆方向,-4550,-4550,0,0,0,0,-4550,電圧,0,0,0,0,2024/12/20 17:04:17
月間,202412,策定,西播東岡山線・山崎智頭線,2025/01/29,夜間帯,順方向,3260,3260,0,0,0,0,3260,熱容量,0,0,0,0,2024/12/20 17:04:17
月間,202412,策定,西播東岡山線・山崎智頭線,2025/01/29,夜間帯,逆方向,-4550,-4550,0,0,0,0,-4550,電圧,0,0,0,0,2024/12/20 17:04:17
月間,202411,策定,西播東岡山線・山崎智頭線,2025/01/30,昼間帯,順方向,3260,3260,0,0,0,0,3260,熱容量,0,0,0,0,2024/11/20 16:59:38
月間,202411,策定,西播東岡山線・山崎智頭線,2025/01/30,昼間帯,逆方向,-4550,-4550,0,0,0,0,-4550,電圧,0,0,0,0,2024/11/20 16:59:38
月間,202411,策定,西播東岡山線・山崎智頭線,2025/01/30,夜間帯,順方向,3260,3260,0,0,0,0,3260,熱容量,0,0,0,0,2024/11/20 16:59:38
月間,202411,策定,西播東岡山線・山崎智頭線,2025/01/30,夜間帯,逆方向,-4550,-4550,0,0,0,0,-4550,電圧,0,0,0,0,2024/11/20 16:59:38
月間,202412,策定,西播東岡山線・山崎智頭線,2025/01/30,昼間帯,順方向,3260,3260,0,0,0,0,3260,熱容量,0,0,0,0,2024/12/20 17:04:17
月間,202412,策定,西播東岡山線・山崎智頭線,2025/01/30,昼間帯,逆方向,-4550,-4550,0,0,0,0,-4550,電圧,0,0,0,0,2024/12/20 17:04:17
月間,202412,策定,西播東岡山線・山崎智頭線,2025/01/30,夜間帯,順方向,3260,3260,0,0,0,0,3260,熱容量,0,0,0,0,2024/12/20 17:04:17
月間,202412,策定,西播東岡山線・山崎智頭線,2025/01/30,夜間帯,逆方向,-4550,-4550,0,0,0,0,-4550,電圧,0,0,0,0,2024/12/20 17:04:17
月間,202411,策定,西播東岡山線・山崎智頭線,2025/01/31,昼間帯,順方向,3260,3260,0,0,0,0,3260,熱容量,0,0,0,0,2024/11/20 16:59:38
月間,202411,策定,西播東岡山線・山崎智頭線,2025/01/31,昼間帯,逆方向,-4550,-4550,0,0,0,0,-4550,電圧,0,0,0,0,2024/11/20 16:59:38
月間,202411,策定,西播東岡山線・山崎智頭線,2025/01/31,夜間帯,順方向,3260,3260,0,0,0,0,3260,熱容量,0,0,0,0,2024/11/20 16:59:38
月間,202411,策定,西播東岡山線・山崎智頭線,2025/01/31,夜間帯,逆方向,-4550,-4550,0,0,0,0,-4550,電圧,0,0,0,0,2024/11/20 16:59:38
月間,202412,策定,西播東岡山線・山崎智頭線,2025/01/31,昼間帯,順方向,3260,3260,0,0,0,0,3260,熱容量,0,0,0,0,2024/12/20 17:04:17
月間,202412,策定,西播東岡山線・山崎智頭線,2025/01/31,昼間帯,逆方向,-4550,-4550,0,0,0,0,-4550,電圧,0,0,0,0,2024/12/20 17:04:17
月間,202412,策定,西播東岡山線・山崎智頭線,2025/01/31,夜間帯,順方向,3260,3260,0,0,0,0,3260,熱容量,0,0,0,0,2024/12/20 17:04:17
月間,202412,策定,西播東岡山線・山崎智頭線,2025/01/31,夜間帯,逆方向,-4550,-4550,0,0,0,0,-4550,電圧,0,0,0,0,2024/12/20 17:04:17
月間,202411,策定,阿南紀北直流幹線,2025/01/01,昼間帯,順方向,0,0,0,0,0,0,0,安定度（作業）,0,0,0,0,2024/11/20 16:59:38
月間,202411,策定,阿南紀北直流幹線,2025/01/01,昼間帯,逆方向,-70,-70,0,0,0,0,-70,熱容量（作業）,0,0,0,0,2024/11/20 16:59:38
月間,202411,策定,阿南紀北直流幹線,2025/01/01,夜間帯,順方向,0,0,0,0,0,0,0,安定度（作業）,0,0,0,0,2024/11/20 16:59:38
月間,202411,策定,阿南紀北直流幹線,2025/01/01,夜間帯,逆方向,-70,-70,0,0,0,0,-70,熱容量（作業）,0,0,0,0,2024/11/20 16:59:38
月間,202411,策定,阿南紀北直流幹線,2025/01/02,昼間帯,順方向,0,0,0,0,0,0,0,安定度（作業）,0,0,0,0,2024/11/20 16:59:38
月間,202411,策定,阿南紀北直流幹線,2025/01/02,昼間帯,逆方向,-70,-70,0,0,0,0,-70,熱容量（作業）,0,0,0,0,2024/11/20 16:59:38
月間,202411,策定,阿南紀北直流幹線,2025/01/02,夜間帯,順方向,0,0,0,0,0,0,0,安定度（作業）,0,0,0,0,2024/11/20 16:59:38
月間,202411,策定,阿南紀北直流幹線,2025/01/02,夜間帯,逆方向,-70,-70,0,0,0,0,-70,熱容量（作業）,0,0,0,0,2024/11/20 16:59:38
月間,202411,策定,阿南紀北直流幹線,2025/01/03,昼間帯,順方向,0,0,0,0,0,0,0,安定度（作業）,0,0,0,0,2024/11/20 16:59:38
月間,202411,策定,阿南紀北直流幹線,2025/01/03,昼間帯,逆方向,-70,-70,0,0,0,0,-70,熱容量（作業）,0,0,0,0,2024/11/20 16:59:38
月間,202411,策定,阿南紀北直流幹線,2025/01/03,夜間帯,順方向,0,0,0,0,0,0,0,安定度（作業）,0,0,0,0,2024/11/20 16:59:38
月間,202411,策定,阿南紀北直流幹線,2025/01/03,夜間帯,逆方向,-70,-70,0,0,0,0,-70,熱容量（作業）,0,0,0,0,2024/11/20 16:59:38
月間,202411,策定,阿南紀北直流幹線,2025/01/04,昼間帯,順方向,0,0,0,0,0,0,0,安定度（作業）,0,0,0,0,2024/11/20 16:59:38
月間,202411,策定,阿南紀北直流幹線,2025/01/04,昼間帯,逆方向,-70,-70,0,0,0,0,-70,熱容量（作業）,0,0,0,0,2024/11/20 16:59:38
月間,202411,策定,阿南紀北直流幹線,2025/01/04,夜間帯,順方向,0,0,0,0,0,0,0,安定度（作業）,0,0,0,0,2024/11/20 16:59:38
月間,202411,策定,阿南紀北直流幹線,2025/01/04,夜間帯,逆方向,-70,-70,0,0,0,0,-70,熱容量（作業）,0,0,0,0,2024/11/20 16:59:38
月間,202412,策定,阿南紀北直流幹線,2025/01/04,昼間帯,順方向,0,0,0,0,0,0,0,安定度（作業）,0,0,0,0,2024/12/20 17:04:17
月間,202412,策定,阿南紀北直流幹線,2025/01/04,昼間帯,逆方向,-140,-140,0,0,0,0,-140,熱容量（作業）,0,0,0,0,2024/12/20 17:04:17
月間,202412,策定,阿南紀北直流幹線,2025/01/04,夜間帯,順方向,0,0,0,0,0,0,0,安定度（作業）,0,0,0,0,2024/12/20 17:04:17
月間,202412,策定,阿南紀北直流幹線,2025/01/04,夜間帯,逆方向,-140,-140,0,0,0,0,-140,熱容量（作業）,0,0,0,0,2024/12/20 17:04:17
月間,202411,策定,阿南紀北直流幹線,2025/01/05,昼間帯,順方向,0,0,0,0,0,0,0,安定度（作業）,0,0,0,0,2024/11/20 16:59:38
月間,202411,策定,阿南紀北直流幹線,2025/01/05,昼間帯,逆方向,-70,-70,0,0,0,0,-70,熱容量（作業）,0,0,0,0,2024/11/20 16:59:38
月間,202411,策定,阿南紀北直流幹線,2025/01/05,夜間帯,順方向,0,0,0,0,0,0,0,安定度（作業）,0,0,0,0,2024/11/20 16:59:38
月間,202411,策定,阿南紀北直流幹線,2025/01/05,夜間帯,逆方向,-70,-70,0,0,0,0,-70,熱容量（作業）,0,0,0,0,2024/11/20 16:59:38
月間,202412,策定,阿南紀北直流幹線,2025/01/05,昼間帯,順方向,0,0,0,0,0,0,0,安定度（作業）,0,0,0,0,2024/12/20 17:04:17
月間,202412,策定,阿南紀北直流幹線,2025/01/05,昼間帯,逆方向,-140,-140,0,0,0,0,-140,熱容量（作業）,0,0,0,0,2024/12/20 17:04:17
月間,202412,策定,阿南紀北直流幹線,2025/01/05,夜間帯,順方向,0,0,0,0,0,0,0,安定度（作業）,0,0,0,0,2024/12/20 17:04:17
月間,202412,策定,阿南紀北直流幹線,2025/01/05,夜間帯,逆方向,-140,-140,0,0,0,0,-140,熱容量（作業）,0,0,0,0,2024/12/20 17:04:17
月間,202411,策定,阿南紀北直流幹線,2025/01/06,昼間帯,順方向,0,0,0,0,0,0,0,安定度（作業）,0,0,0,0,2024/11/20 16:59:38
月間,202411,策定,阿南紀北直流幹線,2025/01/06,昼間帯,逆方向,-70,-70,0,0,0,0,-70,熱容量（作業）,0,0,0,0,2024/11/20 16:59:38
月間,202411,策定,阿南紀北直流幹線,2025/01/06,夜間帯,順方向,0,0,0,0,0,0,0,安定度（作業）,0,0,0,0,2024/11/20 16:59:38
月間,202411,策定,阿南紀北直流幹線,2025/01/06,夜間帯,逆方向,-70,-70,0,0,0,0,-70,熱容量（作業）,0,0,0,0,2024/11/20 16:59:38
月間,202412,策定,阿南紀北直流幹線,2025/01/06,昼間帯,順方向,0,0,0,0,0,0,0,安定度（作業）,0,0,0,0,2024/12/20 17:04:17
月間,202412,策定,阿南紀北直流幹線,2025/01/06,昼間帯,逆方向,-140,-140,0,0,0,0,-140,熱容量（作業）,0,0,0,0,2024/12/20 17:04:17
月間,202412,策定,阿南紀北直流幹線,2025/01/06,夜間帯,順方向,0,0,0,0,0,0,0,安定度（作業）,0,0,0,0,2024/12/20 17:04:17
月間,202412,策定,阿南紀北直流幹線,2025/01/06,夜間帯,逆方向,-140,-140,0,0,0,0,-140,熱容量（作業）,0,0,0,0,2024/12/20 17:04:17
月間,202411,策定,阿南紀北直流幹線,2025/01/07,昼間帯,順方向,0,0,0,0,0,0,0,安定度（作業）,0,0,0,0,2024/11/20 16:59:38
月間,202411,策定,阿南紀北直流幹線,2025/01/07,昼間帯,逆方向,-70,-70,0,0,0,0,-70,熱容量（作業）,0,0,0,0,2024/11/20 16:59:38
月間,202411,策定,阿南紀北直流幹線,2025/01/07,夜間帯,順方向,0,0,0,0,0,0,0,安定度（作業）,0,0,0,0,2024/11/20 16:59:38
月間,202411,策定,阿南紀北直流幹線,2025/01/07,夜間帯,逆方向,-70,-70,0,0,0,0,-70,熱容量（作業）,0,0,0,0,2024/11/20 16:59:38
月間,202412,策定,阿南紀北直流幹線,2025/01/07,昼間帯,順方向,0,0,0,0,0,0,0,安定度（作業）,0,0,0,0,2024/12/20 17:04:17
月間,202412,策定,阿南紀北直流幹線,2025/01/07,昼間帯,逆方向,-140,-140,0,0,0,0,-140,熱容量（作業）,0,0,0,0,2024/12/20 17:04:17
月間,202412,策定,阿南紀北直流幹線,2025/01/07,夜間帯,順方向,0,0,0,0,0,0,0,安定度（作業）,0,0,0,0,2024/12/20 17:04:17
月間,202412,策定,阿南紀北直流幹線,2025/01/07,夜間帯,逆方向,-140,-140,0,0,0,0,-140,熱容量（作業）,0,0,0,0,2024/12/20 17:04:17
月間,202411,策定,阿南紀北直流幹線,2025/01/08,昼間帯,順方向,0,0,0,0,0,0,0,安定度（作業）,0,0,0,0,2024/11/20 16:59:38
月間,202411,策定,阿南紀北直流幹線,2025/01/08,昼間帯,逆方向,-70,-70,0,0,0,0,-70,熱容量（作業）,0,0,0,0,2024/11/20 16:59:38
月間,202411,策定,阿南紀北直流幹線,2025/01/08,夜間帯,順方向,0,0,0,0,0,0,0,安定度（作業）,0,0,0,0,2024/11/20 16:59:38
月間,202411,策定,阿南紀北直流幹線,2025/01/08,夜間帯,逆方向,-70,-70,0,0,0,0,-70,熱容量（作業）,0,0,0,0,2024/11/20 16:59:38
月間,202412,策定,阿南紀北直流幹線,2025/01/08,昼間帯,順方向,0,0,0,0,0,0,0,安定度（作業）,0,0,0,0,2024/12/20 17:04:17
月間,202412,策定,阿南紀北直流幹線,2025/01/08,昼間帯,逆方向,-140,-140,0,0,0,0,-140,熱容量（作業）,0,0,0,0,2024/12/20 17:04:17
月間,202412,策定,阿南紀北直流幹線,2025/01/08,夜間帯,順方向,0,0,0,0,0,0,0,安定度（作業）,0,0,0,0,2024/12/20 17:04:17
月間,202412,策定,阿南紀北直流幹線,2025/01/08,夜間帯,逆方向,-140,-140,0,0,0,0,-140,熱容量（作業）,0,0,0,0,2024/12/20 17:04:17
月間,202411,策定,阿南紀北直流幹線,2025/01/09,昼間帯,順方向,0,0,0,0,0,0,0,安定度（作業）,0,0,0,0,2024/11/20 16:59:38
月間,202411,策定,阿南紀北直流幹線,2025/01/09,昼間帯,逆方向,-70,-70,0,0,0,0,-70,熱容量（作業）,0,0,0,0,2024/11/20 16:59:38
月間,202411,策定,阿南紀北直流幹線,2025/01/09,夜間帯,順方向,0,0,0,0,0,0,0,安定度（作業）,0,0,0,0,2024/11/20 16:59:38
月間,202411,策定,阿南紀北直流幹線,2025/01/09,夜間帯,逆方向,-70,-70,0,0,0,0,-70,熱容量（作業）,0,0,0,0,2024/11/20 16:59:38
月間,202412,策定,阿南紀北直流幹線,2025/01/09,昼間帯,順方向,0,0,0,0,0,0,0,安定度（作業）,0,0,0,0,2024/12/20 17:04:17
月間,202412,策定,阿南紀北直流幹線,2025/01/09,昼間帯,逆方向,-140,-140,0,0,0,0,-140,熱容量（作業）,0,0,0,0,2024/12/20 17:04:17
月間,202412,策定,阿南紀北直流幹線,2025/01/09,夜間帯,順方向,0,0,0,0,0,0,0,安定度（作業）,0,0,0,0,2024/12/20 17:04:17
月間,202412,策定,阿南紀北直流幹線,2025/01/09,夜間帯,逆方向,-140,-140,0,0,0,0,-140,熱容量（作業）,0,0,0,0,2024/12/20 17:04:17
月間,202411,策定,阿南紀北直流幹線,2025/01/10,昼間帯,順方向,0,0,0,0,0,0,0,安定度（作業）,0,0,0,0,2024/11/20 16:59:38
月間,202411,策定,阿南紀北直流幹線,2025/01/10,昼間帯,逆方向,-70,-70,0,0,0,0,-70,熱容量（作業）,0,0,0,0,2024/11/20 16:59:38
月間,202411,策定,阿南紀北直流幹線,2025/01/10,夜間帯,順方向,0,0,0,0,0,0,0,安定度（作業）,0,0,0,0,2024/11/20 16:59:38
月間,202411,策定,阿南紀北直流幹線,2025/01/10,夜間帯,逆方向,-70,-70,0,0,0,0,-70,熱容量（作業）,0,0,0,0,2024/11/20 16:59:38
月間,202412,策定,阿南紀北直流幹線,2025/01/10,昼間帯,順方向,0,0,0,0,0,0,0,安定度（作業）,0,0,0,0,2024/12/20 17:04:17
月間,202412,策定,阿南紀北直流幹線,2025/01/10,昼間帯,逆方向,-140,-140,0,0,0,0,-140,熱容量（作業）,0,0,0,0,2024/12/20 17:04:17
月間,202412,策定,阿南紀北直流幹線,2025/01/10,夜間帯,順方向,0,0,0,0,0,0,0,安定度（作業）,0,0,0,0,2024/12/20 17:04:17
月間,202412,策定,阿南紀北直流幹線,2025/01/10,夜間帯,逆方向,-140,-140,0,0,0,0,-140,熱容量（作業）,0,0,0,0,2024/12/20 17:04:17
月間,202411,策定,阿南紀北直流幹線,2025/01/11,昼間帯,順方向,0,0,0,0,0,0,0,安定度（作業）,0,0,0,0,2024/11/20 16:59:38
月間,202411,策定,阿南紀北直流幹線,2025/01/11,昼間帯,逆方向,-70,-70,0,0,0,0,-70,熱容量（作業）,0,0,0,0,2024/11/20 16:59:38
月間,202411,策定,阿南紀北直流幹線,2025/01/11,夜間帯,順方向,0,0,0,0,0,0,0,安定度（作業）,0,0,0,0,2024/11/20 16:59:38
月間,202411,策定,阿南紀北直流幹線,2025/01/11,夜間帯,逆方向,-70,-70,0,0,0,0,-70,熱容量（作業）,0,0,0,0,2024/11/20 16:59:38
月間,202412,策定,阿南紀北直流幹線,2025/01/11,昼間帯,順方向,0,0,0,0,0,0,0,安定度（作業）,0,0,0,0,2024/12/20 17:04:17
月間,202412,策定,阿南紀北直流幹線,2025/01/11,昼間帯,逆方向,-140,-140,0,0,0,0,-140,熱容量（作業）,0,0,0,0,2024/12/20 17:04:17
月間,202412,策定,阿南紀北直流幹線,2025/01/11,夜間帯,順方向,0,0,0,0,0,0,0,安定度（作業）,0,0,0,0,2024/12/20 17:04:17
月間,202412,策定,阿南紀北直流幹線,2025/01/11,夜間帯,逆方向,-140,-140,0,0,0,0,-140,熱容量（作業）,0,0,0,0,2024/12/20 17:04:17
月間,202411,策定,阿南紀北直流幹線,2025/01/12,昼間帯,順方向,0,0,0,0,0,0,0,安定度（作業）,0,0,0,0,2024/11/20 16:59:38
月間,202411,策定,阿南紀北直流幹線,2025/01/12,昼間帯,逆方向,-70,-70,0,0,0,0,-70,熱容量（作業）,0,0,0,0,2024/11/20 16:59:38
月間,202411,策定,阿南紀北直流幹線,2025/01/12,夜間帯,順方向,0,0,0,0,0,0,0,安定度（作業）,0,0,0,0,2024/11/20 16:59:38
月間,202411,策定,阿南紀北直流幹線,2025/01/12,夜間帯,逆方向,-70,-70,0,0,0,0,-70,熱容量（作業）,0,0,0,0,2024/11/20 16:59:38
月間,202412,策定,阿南紀北直流幹線,2025/01/12,昼間帯,順方向,0,0,0,0,0,0,0,安定度（作業）,0,0,0,0,2024/12/20 17:04:17
月間,202412,策定,阿南紀北直流幹線,2025/01/12,昼間帯,逆方向,-140,-140,0,0,0,0,-140,熱容量（作業）,0,0,0,0,2024/12/20 17:04:17
月間,202412,策定,阿南紀北直流幹線,2025/01/12,夜間帯,順方向,0,0,0,0,0,0,0,安定度（作業）,0,0,0,0,2024/12/20 17:04:17
月間,202412,策定,阿南紀北直流幹線,2025/01/12,夜間帯,逆方向,-140,-140,0,0,0,0,-140,熱容量（作業）,0,0,0,0,2024/12/20 17:04:17
月間,202411,策定,阿南紀北直流幹線,2025/01/13,昼間帯,順方向,0,0,0,0,0,0,0,安定度（作業）,0,0,0,0,2024/11/20 16:59:38
月間,202411,策定,阿南紀北直流幹線,2025/01/13,昼間帯,逆方向,-70,-70,0,0,0,0,-70,熱容量（作業）,0,0,0,0,2024/11/20 16:59:38
月間,202411,策定,阿南紀北直流幹線,2025/01/13,夜間帯,順方向,0,0,0,0,0,0,0,安定度（作業）,0,0,0,0,2024/11/20 16:59:38
月間,202411,策定,阿南紀北直流幹線,2025/01/13,夜間帯,逆方向,-70,-70,0,0,0,0,-70,熱容量（作業）,0,0,0,0,2024/11/20 16:59:38
月間,202412,策定,阿南紀北直流幹線,2025/01/13,昼間帯,順方向,0,0,0,0,0,0,0,安定度（作業）,0,0,0,0,2024/12/20 17:04:17
月間,202412,策定,阿南紀北直流幹線,2025/01/13,昼間帯,逆方向,-140,-140,0,0,0,0,-140,熱容量（作業）,0,0,0,0,2024/12/20 17:04:17
月間,202412,策定,阿南紀北直流幹線,2025/01/13,夜間帯,順方向,0,0,0,0,0,0,0,安定度（作業）,0,0,0,0,2024/12/20 17:04:17
月間,202412,策定,阿南紀北直流幹線,2025/01/13,夜間帯,逆方向,-140,-140,0,0,0,0,-140,熱容量（作業）,0,0,0,0,2024/12/20 17:04:17
月間,202411,策定,阿南紀北直流幹線,2025/01/14,昼間帯,順方向,0,0,0,0,0,0,0,安定度（作業）,0,0,0,0,2024/11/20 16:59:38
月間,202411,策定,阿南紀北直流幹線,2025/01/14,昼間帯,逆方向,-70,-70,0,0,0,0,-70,熱容量（作業）,0,0,0,0,2024/11/20 16:59:38
月間,202411,策定,阿南紀北直流幹線,2025/01/14,夜間帯,順方向,0,0,0,0,0,0,0,安定度（作業）,0,0,0,0,2024/11/20 16:59:38
月間,202411,策定,阿南紀北直流幹線,2025/01/14,夜間帯,逆方向,-70,-70,0,0,0,0,-70,熱容量（作業）,0,0,0,0,2024/11/20 16:59:38
月間,202412,策定,阿南紀北直流幹線,2025/01/14,昼間帯,順方向,0,0,0,0,0,0,0,安定度（作業）,0,0,0,0,2024/12/20 17:04:17
月間,202412,策定,阿南紀北直流幹線,2025/01/14,昼間帯,逆方向,-140,-140,0,0,0,0,-140,熱容量（作業）,0,0,0,0,2024/12/20 17:04:17
月間,202412,策定,阿南紀北直流幹線,2025/01/14,夜間帯,順方向,0,0,0,0,0,0,0,安定度（作業）,0,0,0,0,2024/12/20 17:04:17
月間,202412,策定,阿南紀北直流幹線,2025/01/14,夜間帯,逆方向,-140,-140,0,0,0,0,-140,熱容量（作業）,0,0,0,0,2024/12/20 17:04:17
月間,202411,策定,阿南紀北直流幹線,2025/01/15,昼間帯,順方向,0,0,0,0,0,0,0,安定度（作業）,0,0,0,0,2024/11/20 16:59:38
月間,202411,策定,阿南紀北直流幹線,2025/01/15,昼間帯,逆方向,-70,-70,0,0,0,0,-70,熱容量（作業）,0,0,0,0,2024/11/20 16:59:38
月間,202411,策定,阿南紀北直流幹線,2025/01/15,夜間帯,順方向,0,0,0,0,0,0,0,安定度（作業）,0,0,0,0,2024/11/20 16:59:38
月間,202411,策定,阿南紀北直流幹線,2025/01/15,夜間帯,逆方向,-70,-70,0,0,0,0,-70,熱容量（作業）,0,0,0,0,2024/11/20 16:59:38
月間,202412,策定,阿南紀北直流幹線,2025/01/15,昼間帯,順方向,0,0,0,0,0,0,0,安定度（作業）,0,0,0,0,2024/12/20 17:04:17
月間,202412,策定,阿南紀北直流幹線,2025/01/15,昼間帯,逆方向,-140,-140,0,0,0,0,-140,熱容量（作業）,0,0,0,0,2024/12/20 17:04:17
月間,202412,策定,阿南紀北直流幹線,2025/01/15,夜間帯,順方向,0,0,0,0,0,0,0,安定度（作業）,0,0,0,0,2024/12/20 17:04:17
月間,202412,策定,阿南紀北直流幹線,2025/01/15,夜間帯,逆方向,-140,-140,0,0,0,0,-140,熱容量（作業）,0,0,0,0,2024/12/20 17:04:17
月間,202411,策定,阿南紀北直流幹線,2025/01/16,昼間帯,順方向,0,0,0,0,0,0,0,安定度（作業）,0,0,0,0,2024/11/20 16:59:38
月間,202411,策定,阿南紀北直流幹線,2025/01/16,昼間帯,逆方向,-70,-70,0,0,0,0,-70,熱容量（作業）,0,0,0,0,2024/11/20 16:59:38
月間,202411,策定,阿南紀北直流幹線,2025/01/16,夜間帯,順方向,0,0,0,0,0,0,0,安定度（作業）,0,0,0,0,2024/11/20 16:59:38
月間,202411,策定,阿南紀北直流幹線,2025/01/16,夜間帯,逆方向,-70,-70,0,0,0,0,-70,熱容量（作業）,0,0,0,0,2024/11/20 16:59:38
月間,202412,策定,阿南紀北直流幹線,2025/01/16,昼間帯,順方向,0,0,0,0,0,0,0,安定度（作業）,0,0,0,0,2024/12/20 17:04:17
月間,202412,策定,阿南紀北直流幹線,2025/01/16,昼間帯,逆方向,-140,-140,0,0,0,0,-140,熱容量（作業）,0,0,0,0,2024/12/20 17:04:17
月間,202412,策定,阿南紀北直流幹線,2025/01/16,夜間帯,順方向,0,0,0,0,0,0,0,安定度（作業）,0,0,0,0,2024/12/20 17:04:17
月間,202412,策定,阿南紀北直流幹線,2025/01/16,夜間帯,逆方向,-140,-140,0,0,0,0,-140,熱容量（作業）,0,0,0,0,2024/12/20 17:04:17
月間,202411,策定,阿南紀北直流幹線,2025/01/17,昼間帯,順方向,0,0,0,0,0,0,0,安定度（作業）,0,0,0,0,2024/11/20 16:59:38
月間,202411,策定,阿南紀北直流幹線,2025/01/17,昼間帯,逆方向,-70,-70,0,0,0,0,-70,熱容量（作業）,0,0,0,0,2024/11/20 16:59:38
月間,202411,策定,阿南紀北直流幹線,2025/01/17,夜間帯,順方向,0,0,0,0,0,0,0,安定度（作業）,0,0,0,0,2024/11/20 16:59:38
月間,202411,策定,阿南紀北直流幹線,2025/01/17,夜間帯,逆方向,-70,-70,0,0,0,0,-70,熱容量（作業）,0,0,0,0,2024/11/20 16:59:38
月間,202412,策定,阿南紀北直流幹線,2025/01/17,昼間帯,順方向,0,0,0,0,0,0,0,安定度（作業）,0,0,0,0,2024/12/20 17:04:17
月間,202412,策定,阿南紀北直流幹線,2025/01/17,昼間帯,逆方向,-140,-140,0,0,0,0,-140,熱容量（作業）,0,0,0,0,2024/12/20 17:04:17
月間,202412,策定,阿南紀北直流幹線,2025/01/17,夜間帯,順方向,0,0,0,0,0,0,0,安定度（作業）,0,0,0,0,2024/12/20 17:04:17
月間,202412,策定,阿南紀北直流幹線,2025/01/17,夜間帯,逆方向,-140,-140,0,0,0,0,-140,熱容量（作業）,0,0,0,0,2024/12/20 17:04:17
月間,202411,策定,阿南紀北直流幹線,2025/01/18,昼間帯,順方向,0,0,0,0,0,0,0,安定度（作業）,0,0,0,0,2024/11/20 16:59:38
月間,202411,策定,阿南紀北直流幹線,2025/01/18,昼間帯,逆方向,-70,-70,0,0,0,0,-70,熱容量（作業）,0,0,0,0,2024/11/20 16:59:38
月間,202411,策定,阿南紀北直流幹線,2025/01/18,夜間帯,順方向,0,0,0,0,0,0,0,安定度（作業）,0,0,0,0,2024/11/20 16:59:38
月間,202411,策定,阿南紀北直流幹線,2025/01/18,夜間帯,逆方向,-70,-70,0,0,0,0,-70,熱容量（作業）,0,0,0,0,2024/11/20 16:59:38
月間,202412,策定,阿南紀北直流幹線,2025/01/18,昼間帯,順方向,0,0,0,0,0,0,0,安定度（作業）,0,0,0,0,2024/12/20 17:04:17
月間,202412,策定,阿南紀北直流幹線,2025/01/18,昼間帯,逆方向,-140,-140,0,0,0,0,-140,熱容量（作業）,0,0,0,0,2024/12/20 17:04:17
月間,202412,策定,阿南紀北直流幹線,2025/01/18,夜間帯,順方向,0,0,0,0,0,0,0,安定度（作業）,0,0,0,0,2024/12/20 17:04:17
月間,202412,策定,阿南紀北直流幹線,2025/01/18,夜間帯,逆方向,-140,-140,0,0,0,0,-140,熱容量（作業）,0,0,0,0,2024/12/20 17:04:17
月間,202411,策定,阿南紀北直流幹線,2025/01/19,昼間帯,順方向,0,0,0,0,0,0,0,安定度（作業）,0,0,0,0,2024/11/20 16:59:38
月間,202411,策定,阿南紀北直流幹線,2025/01/19,昼間帯,逆方向,-70,-70,0,0,0,0,-70,熱容量（作業）,0,0,0,0,2024/11/20 16:59:38
月間,202411,策定,阿南紀北直流幹線,2025/01/19,夜間帯,順方向,0,0,0,0,0,0,0,安定度（作業）,0,0,0,0,2024/11/20 16:59:38
月間,202411,策定,阿南紀北直流幹線,2025/01/19,夜間帯,逆方向,-70,-70,0,0,0,0,-70,熱容量（作業）,0,0,0,0,2024/11/20 16:59:38
月間,202412,策定,阿南紀北直流幹線,2025/01/19,昼間帯,順方向,0,0,0,0,0,0,0,安定度（作業）,0,0,0,0,2024/12/20 17:04:17
月間,202412,策定,阿南紀北直流幹線,2025/01/19,昼間帯,逆方向,-140,-140,0,0,0,0,-140,熱容量（作業）,0,0,0,0,2024/12/20 17:04:17
月間,202412,策定,阿南紀北直流幹線,2025/01/19,夜間帯,順方向,0,0,0,0,0,0,0,安定度（作業）,0,0,0,0,2024/12/20 17:04:17
月間,202412,策定,阿南紀北直流幹線,2025/01/19,夜間帯,逆方向,-140,-140,0,0,0,0,-140,熱容量（作業）,0,0,0,0,2024/12/20 17:04:17
月間,202411,策定,阿南紀北直流幹線,2025/01/20,昼間帯,順方向,0,0,0,0,0,0,0,安定度（作業）,0,0,0,0,2024/11/20 16:59:38
月間,202411,策定,阿南紀北直流幹線,2025/01/20,昼間帯,逆方向,-70,-70,0,0,0,0,-70,熱容量（作業）,0,0,0,0,2024/11/20 16:59:38
月間,202411,策定,阿南紀北直流幹線,2025/01/20,夜間帯,順方向,0,0,0,0,0,0,0,安定度（作業）,0,0,0,0,2024/11/20 16:59:38
月間,202411,策定,阿南紀北直流幹線,2025/01/20,夜間帯,逆方向,-70,-70,0,0,0,0,-70,熱容量（作業）,0,0,0,0,2024/11/20 16:59:38
月間,202412,策定,阿南紀北直流幹線,2025/01/20,昼間帯,順方向,0,0,0,0,0,0,0,安定度（作業）,0,0,0,0,2024/12/20 17:04:17
月間,202412,策定,阿南紀北直流幹線,2025/01/20,昼間帯,逆方向,-140,-140,0,0,0,0,-140,熱容量（作業）,0,0,0,0,2024/12/20 17:04:17
月間,202412,策定,阿南紀北直流幹線,2025/01/20,夜間帯,順方向,0,0,0,0,0,0,0,安定度（作業）,0,0,0,0,2024/12/20 17:04:17
月間,202412,策定,阿南紀北直流幹線,2025/01/20,夜間帯,逆方向,-140,-140,0,0,0,0,-140,熱容量（作業）,0,0,0,0,2024/12/20 17:04:17
月間,202411,策定,阿南紀北直流幹線,2025/01/21,昼間帯,順方向,0,0,0,0,0,0,0,安定度（作業）,0,0,0,0,2024/11/20 16:59:38
月間,202411,策定,阿南紀北直流幹線,2025/01/21,昼間帯,逆方向,-70,-70,0,0,0,0,-70,熱容量（作業）,0,0,0,0,2024/11/20 16:59:38
月間,202411,策定,阿南紀北直流幹線,2025/01/21,夜間帯,順方向,0,0,0,0,0,0,0,安定度（作業）,0,0,0,0,2024/11/20 16:59:38
月間,202411,策定,阿南紀北直流幹線,2025/01/21,夜間帯,逆方向,-70,-70,0,0,0,0,-70,熱容量（作業）,0,0,0,0,2024/11/20 16:59:38
月間,202412,策定,阿南紀北直流幹線,2025/01/21,昼間帯,順方向,0,0,0,0,0,0,0,安定度（作業）,0,0,0,0,2024/12/20 17:04:17
月間,202412,策定,阿南紀北直流幹線,2025/01/21,昼間帯,逆方向,-140,-140,0,0,0,0,-140,熱容量（作業）,0,0,0,0,2024/12/20 17:04:17
月間,202412,策定,阿南紀北直流幹線,2025/01/21,夜間帯,順方向,0,0,0,0,0,0,0,安定度（作業）,0,0,0,0,2024/12/20 17:04:17
月間,202412,策定,阿南紀北直流幹線,2025/01/21,夜間帯,逆方向,-140,-140,0,0,0,0,-140,熱容量（作業）,0,0,0,0,2024/12/20 17:04:17
月間,202411,策定,阿南紀北直流幹線,2025/01/22,昼間帯,順方向,0,0,0,0,0,0,0,安定度（作業）,0,0,0,0,2024/11/20 16:59:38
月間,202411,策定,阿南紀北直流幹線,2025/01/22,昼間帯,逆方向,-70,-70,0,0,0,0,-70,熱容量（作業）,0,0,0,0,2024/11/20 16:59:38
月間,202411,策定,阿南紀北直流幹線,2025/01/22,夜間帯,順方向,0,0,0,0,0,0,0,安定度（作業）,0,0,0,0,2024/11/20 16:59:38
月間,202411,策定,阿南紀北直流幹線,2025/01/22,夜間帯,逆方向,-70,-70,0,0,0,0,-70,熱容量（作業）,0,0,0,0,2024/11/20 16:59:38
月間,202412,策定,阿南紀北直流幹線,2025/01/22,昼間帯,順方向,0,0,0,0,0,0,0,安定度（作業）,0,0,0,0,2024/12/20 17:04:17
月間,202412,策定,阿南紀北直流幹線,2025/01/22,昼間帯,逆方向,-140,-140,0,0,0,0,-140,熱容量（作業）,0,0,0,0,2024/12/20 17:04:17
月間,202412,策定,阿南紀北直流幹線,2025/01/22,夜間帯,順方向,0,0,0,0,0,0,0,安定度（作業）,0,0,0,0,2024/12/20 17:04:17
月間,202412,策定,阿南紀北直流幹線,2025/01/22,夜間帯,逆方向,-140,-140,0,0,0,0,-140,熱容量（作業）,0,0,0,0,2024/12/20 17:04:17
月間,202411,策定,阿南紀北直流幹線,2025/01/23,昼間帯,順方向,0,0,0,0,0,0,0,安定度（作業）,0,0,0,0,2024/11/20 16:59:38
月間,202411,策定,阿南紀北直流幹線,2025/01/23,昼間帯,逆方向,-70,-70,0,0,0,0,-70,熱容量（作業）,0,0,0,0,2024/11/20 16:59:38
月間,202411,策定,阿南紀北直流幹線,2025/01/23,夜間帯,順方向,0,0,0,0,0,0,0,安定度（作業）,0,0,0,0,2024/11/20 16:59:38
月間,202411,策定,阿南紀北直流幹線,2025/01/23,夜間帯,逆方向,-70,-70,0,0,0,0,-70,熱容量（作業）,0,0,0,0,2024/11/20 16:59:38
月間,202412,策定,阿南紀北直流幹線,2025/01/23,昼間帯,順方向,0,0,0,0,0,0,0,安定度（作業）,0,0,0,0,2024/12/20 17:04:17
月間,202412,策定,阿南紀北直流幹線,2025/01/23,昼間帯,逆方向,-140,-140,0,0,0,0,-140,熱容量（作業）,0,0,0,0,2024/12/20 17:04:17
月間,202412,策定,阿南紀北直流幹線,2025/01/23,夜間帯,順方向,0,0,0,0,0,0,0,安定度（作業）,0,0,0,0,2024/12/20 17:04:17
月間,202412,策定,阿南紀北直流幹線,2025/01/23,夜間帯,逆方向,-140,-140,0,0,0,0,-140,熱容量（作業）,0,0,0,0,2024/12/20 17:04:17
月間,202411,策定,阿南紀北直流幹線,2025/01/24,昼間帯,順方向,0,0,0,0,0,0,0,安定度（作業）,0,0,0,0,2024/11/20 16:59:38
月間,202411,策定,阿南紀北直流幹線,2025/01/24,昼間帯,逆方向,-70,-70,0,0,0,0,-70,熱容量（作業）,0,0,0,0,2024/11/20 16:59:38
月間,202411,策定,阿南紀北直流幹線,2025/01/24,夜間帯,順方向,0,0,0,0,0,0,0,安定度（作業）,0,0,0,0,2024/11/20 16:59:38
月間,202411,策定,阿南紀北直流幹線,2025/01/24,夜間帯,逆方向,-70,-70,0,0,0,0,-70,熱容量（作業）,0,0,0,0,2024/11/20 16:59:38
月間,202412,策定,阿南紀北直流幹線,2025/01/24,昼間帯,順方向,0,0,0,0,0,0,0,安定度（作業）,0,0,0,0,2024/12/20 17:04:17
月間,202412,策定,阿南紀北直流幹線,2025/01/24,昼間帯,逆方向,-140,-140,0,0,0,0,-140,熱容量（作業）,0,0,0,0,2024/12/20 17:04:17
月間,202412,策定,阿南紀北直流幹線,2025/01/24,夜間帯,順方向,0,0,0,0,0,0,0,安定度（作業）,0,0,0,0,2024/12/20 17:04:17
月間,202412,策定,阿南紀北直流幹線,2025/01/24,夜間帯,逆方向,-140,-140,0,0,0,0,-140,熱容量（作業）,0,0,0,0,2024/12/20 17:04:17
月間,202411,策定,阿南紀北直流幹線,2025/01/25,昼間帯,順方向,0,0,0,0,0,0,0,安定度（作業）,0,0,0,0,2024/11/20 16:59:38
月間,202411,策定,阿南紀北直流幹線,2025/01/25,昼間帯,逆方向,-70,-70,0,0,0,0,-70,熱容量（作業）,0,0,0,0,2024/11/20 16:59:38
月間,202411,策定,阿南紀北直流幹線,2025/01/25,夜間帯,順方向,0,0,0,0,0,0,0,安定度（作業）,0,0,0,0,2024/11/20 16:59:38
月間,202411,策定,阿南紀北直流幹線,2025/01/25,夜間帯,逆方向,-70,-70,0,0,0,0,-70,熱容量（作業）,0,0,0,0,2024/11/20 16:59:38
月間,202412,策定,阿南紀北直流幹線,2025/01/25,昼間帯,順方向,0,0,0,0,0,0,0,安定度（作業）,0,0,0,0,2024/12/20 17:04:17
月間,202412,策定,阿南紀北直流幹線,2025/01/25,昼間帯,逆方向,-140,-140,0,0,0,0,-140,熱容量（作業）,0,0,0,0,2024/12/20 17:04:17
月間,202412,策定,阿南紀北直流幹線,2025/01/25,夜間帯,順方向,0,0,0,0,0,0,0,安定度（作業）,0,0,0,0,2024/12/20 17:04:17
月間,202412,策定,阿南紀北直流幹線,2025/01/25,夜間帯,逆方向,-140,-140,0,0,0,0,-140,熱容量（作業）,0,0,0,0,2024/12/20 17:04:17
月間,202411,策定,阿南紀北直流幹線,2025/01/26,昼間帯,順方向,0,0,0,0,0,0,0,安定度（作業）,0,0,0,0,2024/11/20 16:59:38
月間,202411,策定,阿南紀北直流幹線,2025/01/26,昼間帯,逆方向,-70,-70,0,0,0,0,-70,熱容量（作業）,0,0,0,0,2024/11/20 16:59:38
月間,202411,策定,阿南紀北直流幹線,2025/01/26,夜間帯,順方向,0,0,0,0,0,0,0,安定度（作業）,0,0,0,0,2024/11/20 16:59:38
月間,202411,策定,阿南紀北直流幹線,2025/01/26,夜間帯,逆方向,-70,-70,0,0,0,0,-70,熱容量（作業）,0,0,0,0,2024/11/20 16:59:38
月間,202412,策定,阿南紀北直流幹線,2025/01/26,昼間帯,順方向,0,0,0,0,0,0,0,安定度（作業）,0,0,0,0,2024/12/20 17:04:17
月間,202412,策定,阿南紀北直流幹線,2025/01/26,昼間帯,逆方向,-140,-140,0,0,0,0,-140,熱容量（作業）,0,0,0,0,2024/12/20 17:04:17
月間,202412,策定,阿南紀北直流幹線,2025/01/26,夜間帯,順方向,0,0,0,0,0,0,0,安定度（作業）,0,0,0,0,2024/12/20 17:04:17
月間,202412,策定,阿南紀北直流幹線,2025/01/26,夜間帯,逆方向,-140,-140,0,0,0,0,-140,熱容量（作業）,0,0,0,0,2024/12/20 17:04:17
月間,202411,策定,阿南紀北直流幹線,2025/01/27,昼間帯,順方向,0,0,0,0,0,0,0,安定度（作業）,0,0,0,0,2024/11/20 16:59:38
月間,202411,策定,阿南紀北直流幹線,2025/01/27,昼間帯,逆方向,-70,-70,0,0,0,0,-70,熱容量（作業）,0,0,0,0,2024/11/20 16:59:38
月間,202411,策定,阿南紀北直流幹線,2025/01/27,夜間帯,順方向,0,0,0,0,0,0,0,安定度（作業）,0,0,0,0,2024/11/20 16:59:38
月間,202411,策定,阿南紀北直流幹線,2025/01/27,夜間帯,逆方向,-70,-70,0,0,0,0,-70,熱容量（作業）,0,0,0,0,2024/11/20 16:59:38
月間,202412,策定,阿南紀北直流幹線,2025/01/27,昼間帯,順方向,0,0,0,0,0,0,0,安定度（作業）,0,0,0,0,2024/12/20 17:04:17
月間,202412,策定,阿南紀北直流幹線,2025/01/27,昼間帯,逆方向,-140,-140,0,0,0,0,-140,熱容量（作業）,0,0,0,0,2024/12/20 17:04:17
月間,202412,策定,阿南紀北直流幹線,2025/01/27,夜間帯,順方向,0,0,0,0,0,0,0,安定度（作業）,0,0,0,0,2024/12/20 17:04:17
月間,202412,策定,阿南紀北直流幹線,2025/01/27,夜間帯,逆方向,-140,-140,0,0,0,0,-140,熱容量（作業）,0,0,0,0,2024/12/20 17:04:17
月間,202411,策定,阿南紀北直流幹線,2025/01/28,昼間帯,順方向,0,0,0,0,0,0,0,安定度（作業）,0,0,0,0,2024/11/20 16:59:38
月間,202411,策定,阿南紀北直流幹線,2025/01/28,昼間帯,逆方向,-70,-70,0,0,0,0,-70,熱容量（作業）,0,0,0,0,2024/11/20 16:59:38
月間,202411,策定,阿南紀北直流幹線,2025/01/28,夜間帯,順方向,0,0,0,0,0,0,0,安定度（作業）,0,0,0,0,2024/11/20 16:59:38
月間,202411,策定,阿南紀北直流幹線,2025/01/28,夜間帯,逆方向,-70,-70,0,0,0,0,-70,熱容量（作業）,0,0,0,0,2024/11/20 16:59:38
月間,202412,策定,阿南紀北直流幹線,2025/01/28,昼間帯,順方向,0,0,0,0,0,0,0,安定度（作業）,0,0,0,0,2024/12/20 17:04:17
月間,202412,策定,阿南紀北直流幹線,2025/01/28,昼間帯,逆方向,-140,-140,0,0,0,0,-140,熱容量（作業）,0,0,0,0,2024/12/20 17:04:17
月間,202412,策定,阿南紀北直流幹線,2025/01/28,夜間帯,順方向,0,0,0,0,0,0,0,安定度（作業）,0,0,0,0,2024/12/20 17:04:17
月間,202412,策定,阿南紀北直流幹線,2025/01/28,夜間帯,逆方向,-140,-140,0,0,0,0,-140,熱容量（作業）,0,0,0,0,2024/12/20 17:04:17
月間,202411,策定,阿南紀北直流幹線,2025/01/29,昼間帯,順方向,0,0,0,0,0,0,0,安定度（作業）,0,0,0,0,2024/11/20 16:59:38
月間,202411,策定,阿南紀北直流幹線,2025/01/29,昼間帯,逆方向,-70,-70,0,0,0,0,-70,熱容量（作業）,0,0,0,0,2024/11/20 16:59:38
月間,202411,策定,阿南紀北直流幹線,2025/01/29,夜間帯,順方向,0,0,0,0,0,0,0,安定度（作業）,0,0,0,0,2024/11/20 16:59:38
月間,202411,策定,阿南紀北直流幹線,2025/01/29,夜間帯,逆方向,-70,-70,0,0,0,0,-70,熱容量（作業）,0,0,0,0,2024/11/20 16:59:38
月間,202412,策定,阿南紀北直流幹線,2025/01/29,昼間帯,順方向,0,0,0,0,0,0,0,安定度（作業）,0,0,0,0,2024/12/20 17:04:17
月間,202412,策定,阿南紀北直流幹線,2025/01/29,昼間帯,逆方向,-140,-140,0,0,0,0,-140,熱容量（作業）,0,0,0,0,2024/12/20 17:04:17
月間,202412,策定,阿南紀北直流幹線,2025/01/29,夜間帯,順方向,0,0,0,0,0,0,0,安定度（作業）,0,0,0,0,2024/12/20 17:04:17
月間,202412,策定,阿南紀北直流幹線,2025/01/29,夜間帯,逆方向,-140,-140,0,0,0,0,-140,熱容量（作業）,0,0,0,0,2024/12/20 17:04:17
月間,202411,策定,阿南紀北直流幹線,2025/01/30,昼間帯,順方向,0,0,0,0,0,0,0,安定度（作業）,0,0,0,0,2024/11/20 16:59:38
月間,202411,策定,阿南紀北直流幹線,2025/01/30,昼間帯,逆方向,-70,-70,0,0,0,0,-70,熱容量（作業）,0,0,0,0,2024/11/20 16:59:38
月間,202411,策定,阿南紀北直流幹線,2025/01/30,夜間帯,順方向,0,0,0,0,0,0,0,安定度（作業）,0,0,0,0,2024/11/20 16:59:38
月間,202411,策定,阿南紀北直流幹線,2025/01/30,夜間帯,逆方向,-70,-70,0,0,0,0,-70,熱容量（作業）,0,0,0,0,2024/11/20 16:59:38
月間,202412,策定,阿南紀北直流幹線,2025/01/30,昼間帯,順方向,0,0,0,0,0,0,0,安定度（作業）,0,0,0,0,2024/12/20 17:04:17
月間,202412,策定,阿南紀北直流幹線,2025/01/30,昼間帯,逆方向,-140,-140,0,0,0,0,-140,熱容量（作業）,0,0,0,0,2024/12/20 17:04:17
月間,202412,策定,阿南紀北直流幹線,2025/01/30,夜間帯,順方向,0,0,0,0,0,0,0,安定度（作業）,0,0,0,0,2024/12/20 17:04:17
月間,202412,策定,阿南紀北直流幹線,2025/01/30,夜間帯,逆方向,-140,-140,0,0,0,0,-140,熱容量（作業）,0,0,0,0,2024/12/20 17:04:17
月間,202411,策定,阿南紀北直流幹線,2025/01/31,昼間帯,順方向,0,0,0,0,0,0,0,安定度（作業）,0,0,0,0,2024/11/20 16:59:38
月間,202411,策定,阿南紀北直流幹線,2025/01/31,昼間帯,逆方向,-70,-70,0,0,0,0,-70,熱容量（作業）,0,0,0,0,2024/11/20 16:59:38
月間,202411,策定,阿南紀北直流幹線,2025/01/31,夜間帯,順方向,0,0,0,0,0,0,0,安定度（作業）,0,0,0,0,2024/11/20 16:59:38
月間,202411,策定,阿南紀北直流幹線,2025/01/31,夜間帯,逆方向,-70,-70,0,0,0,0,-70,熱容量（作業）,0,0,0,0,2024/11/20 16:59:38
月間,202412,策定,阿南紀北直流幹線,2025/01/31,昼間帯,順方向,0,0,0,0,0,0,0,安定度（作業）,0,0,0,0,2024/12/20 17:04:17
月間,202412,策定,阿南紀北直流幹線,2025/01/31,昼間帯,逆方向,-140,-140,0,0,0,0,-140,熱容量（作業）,0,0,0,0,2024/12/20 17:04:17
月間,202412,策定,阿南紀北直流幹線,2025/01/31,夜間帯,順方向,0,0,0,0,0,0,0,安定度（作業）,0,0,0,0,2024/12/20 17:04:17
月間,202412,策定,阿南紀北直流幹線,2025/01/31,夜間帯,逆方向,-140,-140,0,0,0,0,-140,熱容量（作業）,0,0,0,0,2024/12/20 17:04:17
月間,202411,策定,本四連系線,2025/01/01,昼間帯,順方向,1140,1140,0,0,0,0,1140,周波数（作業）,0,0,0,0,2024/11/20 16:59:38
月間,202411,策定,本四連系線,2025/01/01,昼間帯,逆方向,-1200,-1200,0,0,0,0,-1200,熱容量,0,0,0,0,2024/11/20 16:59:38
月間,202411,策定,本四連系線,2025/01/01,夜間帯,順方向,1200,1200,0,0,0,0,1200,熱容量,0,0,0,0,2024/11/20 16:59:38
月間,202411,策定,本四連系線,2025/01/01,夜間帯,逆方向,-1200,-1200,0,0,0,0,-1200,熱容量,0,0,0,0,2024/11/20 16:59:38
月間,202411,策定,本四連系線,2025/01/02,昼間帯,順方向,1140,1140,0,0,0,0,1140,周波数（作業）,0,0,0,0,2024/11/20 16:59:38
月間,202411,策定,本四連系線,2025/01/02,昼間帯,逆方向,-1200,-1200,0,0,0,0,-1200,熱容量,0,0,0,0,2024/11/20 16:59:38
月間,202411,策定,本四連系線,2025/01/02,夜間帯,順方向,1200,1200,0,0,0,0,1200,熱容量,0,0,0,0,2024/11/20 16:59:38
月間,202411,策定,本四連系線,2025/01/02,夜間帯,逆方向,-1200,-1200,0,0,0,0,-1200,熱容量,0,0,0,0,2024/11/20 16:59:38
月間,202411,策定,本四連系線,2025/01/03,昼間帯,順方向,1140,1140,0,0,0,0,1140,周波数（作業）,0,0,0,0,2024/11/20 16:59:38
月間,202411,策定,本四連系線,2025/01/03,昼間帯,逆方向,-1200,-1200,0,0,0,0,-1200,熱容量,0,0,0,0,2024/11/20 16:59:38
月間,202411,策定,本四連系線,2025/01/03,夜間帯,順方向,1200,1200,0,0,0,0,1200,熱容量,0,0,0,0,2024/11/20 16:59:38
月間,202411,策定,本四連系線,2025/01/03,夜間帯,逆方向,-1200,-1200,0,0,0,0,-1200,熱容量,0,0,0,0,2024/11/20 16:59:38
月間,202411,策定,本四連系線,2025/01/04,昼間帯,順方向,1200,1200,0,0,0,0,1200,熱容量,0,0,0,0,2024/11/20 16:59:38
月間,202411,策定,本四連系線,2025/01/04,昼間帯,逆方向,-1200,-1200,0,0,0,0,-1200,熱容量,0,0,0,0,2024/11/20 16:59:38
月間,202411,策定,本四連系線,2025/01/04,夜間帯,順方向,1200,1200,0,0,0,0,1200,熱容量,0,0,0,0,2024/11/20 16:59:38
月間,202411,策定,本四連系線,2025/01/04,夜間帯,逆方向,-1200,-1200,0,0,0,0,-1200,熱容量,0,0,0,0,2024/11/20 16:59:38
月間,202412,策定,本四連系線,2025/01/04,昼間帯,順方向,860,860,0,0,0,0,860,周波数（作業）,0,0,0,0,2024/12/20 17:04:17
月間,202412,策定,本四連系線,2025/01/04,昼間帯,逆方向,-1200,-1200,0,0,0,0,-1200,熱容量（作業）,0,0,0,0,2024/12/20 17:04:17
月間,202412,策定,本四連系線,2025/01/04,夜間帯,順方向,1040,1040,0,0,0,0,1040,周波数（作業）,0,0,0,0,2024/12/20 17:04:17
月間,202412,策定,本四連系線,2025/01/04,夜間帯,逆方向,-1200,-1200,0,0,0,0,-1200,熱容量（作業）,0,0,0,0,2024/12/20 17:04:17
月間,202411,策定,本四連系線,2025/01/05,昼間帯,順方向,1200,1200,0,0,0,0,1200,熱容量,0,0,0,0,2024/11/20 16:59:38
月間,202411,策定,本四連系線,2025/01/05,昼間帯,逆方向,-1200,-1200,0,0,0,0,-1200,熱容量,0,0,0,0,2024/11/20 16:59:38
月間,202411,策定,本四連系線,2025/01/05,夜間帯,順方向,1200,1200,0,0,0,0,1200,熱容量,0,0,0,0,2024/11/20 16:59:38
月間,202411,策定,本四連系線,2025/01/05,夜間帯,逆方向,-1200,-1200,0,0,0,0,-1200,熱容量,0,0,0,0,2024/11/20 16:59:38
月間,202412,策定,本四連系線,2025/01/05,昼間帯,順方向,860,860,0,0,0,0,860,周波数（作業）,0,0,0,0,2024/12/20 17:04:17
月間,202412,策定,本四連系線,2025/01/05,昼間帯,逆方向,-1200,-1200,0,0,0,0,-1200,熱容量（作業）,0,0,0,0,2024/12/20 17:04:17
月間,202412,策定,本四連系線,2025/01/05,夜間帯,順方向,1040,1040,0,0,0,0,1040,周波数（作業）,0,0,0,0,2024/12/20 17:04:17
月間,202412,策定,本四連系線,2025/01/05,夜間帯,逆方向,-1200,-1200,0,0,0,0,-1200,熱容量（作業）,0,0,0,0,2024/12/20 17:04:17
月間,202411,策定,本四連系線,2025/01/06,昼間帯,順方向,1200,1200,0,0,0,0,1200,熱容量,0,0,0,0,2024/11/20 16:59:38
月間,202411,策定,本四連系線,2025/01/06,昼間帯,逆方向,-1200,-1200,0,0,0,0,-1200,熱容量,0,0,0,0,2024/11/20 16:59:38
月間,202411,策定,本四連系線,2025/01/06,夜間帯,順方向,1200,1200,0,0,0,0,1200,熱容量,0,0,0,0,2024/11/20 16:59:38
月間,202411,策定,本四連系線,2025/01/06,夜間帯,逆方向,-1200,-1200,0,0,0,0,-1200,熱容量,0,0,0,0,2024/11/20 16:59:38
月間,202412,策定,本四連系線,2025/01/06,昼間帯,順方向,880,880,0,0,0,0,880,周波数（作業）,0,0,0,0,2024/12/20 17:04:17
月間,202412,策定,本四連系線,2025/01/06,昼間帯,逆方向,-1200,-1200,0,0,0,0,-1200,熱容量（作業）,0,0,0,0,2024/12/20 17:04:17
月間,202412,策定,本四連系線,2025/01/06,夜間帯,順方向,1040,1040,0,0,0,0,1040,周波数（作業）,0,0,0,0,2024/12/20 17:04:17
月間,202412,策定,本四連系線,2025/01/06,夜間帯,逆方向,-1200,-1200,0,0,0,0,-1200,熱容量（作業）,0,0,0,0,2024/12/20 17:04:17
月間,202411,策定,本四連系線,2025/01/07,昼間帯,順方向,1200,1200,0,0,0,0,1200,熱容量,0,0,0,0,2024/11/20 16:59:38
月間,202411,策定,本四連系線,2025/01/07,昼間帯,逆方向,-1200,-1200,0,0,0,0,-1200,熱容量,0,0,0,0,2024/11/20 16:59:38
月間,202411,策定,本四連系線,2025/01/07,夜間帯,順方向,1200,1200,0,0,0,0,1200,熱容量,0,0,0,0,2024/11/20 16:59:38
月間,202411,策定,本四連系線,2025/01/07,夜間帯,逆方向,-1200,-1200,0,0,0,0,-1200,熱容量,0,0,0,0,2024/11/20 16:59:38
月間,202412,策定,本四連系線,2025/01/07,昼間帯,順方向,880,880,0,0,0,0,880,周波数（作業）,0,0,0,0,2024/12/20 17:04:17
月間,202412,策定,本四連系線,2025/01/07,昼間帯,逆方向,-1200,-1200,0,0,0,0,-1200,熱容量（作業）,0,0,0,0,2024/12/20 17:04:17
月間,202412,策定,本四連系線,2025/01/07,夜間帯,順方向,1050,1050,0,0,0,0,1050,周波数（作業）,0,0,0,0,2024/12/20 17:04:17
月間,202412,策定,本四連系線,2025/01/07,夜間帯,逆方向,-1200,-1200,0,0,0,0,-1200,熱容量（作業）,0,0,0,0,2024/12/20 17:04:17
月間,202411,策定,本四連系線,2025/01/08,昼間帯,順方向,1200,1200,0,0,0,0,1200,熱容量,0,0,0,0,2024/11/20 16:59:38
月間,202411,策定,本四連系線,2025/01/08,昼間帯,逆方向,-1200,-1200,0,0,0,0,-1200,熱容量,0,0,0,0,2024/11/20 16:59:38
月間,202411,策定,本四連系線,2025/01/08,夜間帯,順方向,1200,1200,0,0,0,0,1200,熱容量,0,0,0,0,2024/11/20 16:59:38
月間,202411,策定,本四連系線,2025/01/08,夜間帯,逆方向,-1200,-1200,0,0,0,0,-1200,熱容量,0,0,0,0,2024/11/20 16:59:38
月間,202412,策定,本四連系線,2025/01/08,昼間帯,順方向,880,880,0,0,0,0,880,周波数（作業）,0,0,0,0,2024/12/20 17:04:17
月間,202412,策定,本四連系線,2025/01/08,昼間帯,逆方向,-1200,-1200,0,0,0,0,-1200,熱容量（作業）,0,0,0,0,2024/12/20 17:04:17
月間,202412,策定,本四連系線,2025/01/08,夜間帯,順方向,1050,1050,0,0,0,0,1050,周波数（作業）,0,0,0,0,2024/12/20 17:04:17
月間,202412,策定,本四連系線,2025/01/08,夜間帯,逆方向,-1200,-1200,0,0,0,0,-1200,熱容量（作業）,0,0,0,0,2024/12/20 17:04:17
月間,202411,策定,本四連系線,2025/01/09,昼間帯,順方向,1200,1200,0,0,0,0,1200,熱容量,0,0,0,0,2024/11/20 16:59:38
月間,202411,策定,本四連系線,2025/01/09,昼間帯,逆方向,-1200,-1200,0,0,0,0,-1200,熱容量,0,0,0,0,2024/11/20 16:59:38
月間,202411,策定,本四連系線,2025/01/09,夜間帯,順方向,1200,1200,0,0,0,0,1200,熱容量,0,0,0,0,2024/11/20 16:59:38
月間,202411,策定,本四連系線,2025/01/09,夜間帯,逆方向,-1200,-1200,0,0,0,0,-1200,熱容量,0,0,0,0,2024/11/20 16:59:38
月間,202412,策定,本四連系線,2025/01/09,昼間帯,順方向,880,880,0,0,0,0,880,周波数（作業）,0,0,0,0,2024/12/20 17:04:17
月間,202412,策定,本四連系線,2025/01/09,昼間帯,逆方向,-1200,-1200,0,0,0,0,-1200,熱容量（作業）,0,0,0,0,2024/12/20 17:04:17
月間,202412,策定,本四連系線,2025/01/09,夜間帯,順方向,1050,1050,0,0,0,0,1050,周波数（作業）,0,0,0,0,2024/12/20 17:04:17
月間,202412,策定,本四連系線,2025/01/09,夜間帯,逆方向,-1200,-1200,0,0,0,0,-1200,熱容量（作業）,0,0,0,0,2024/12/20 17:04:17
月間,202411,策定,本四連系線,2025/01/10,昼間帯,順方向,1200,1200,0,0,0,0,1200,熱容量,0,0,0,0,2024/11/20 16:59:38
月間,202411,策定,本四連系線,2025/01/10,昼間帯,逆方向,-1200,-1200,0,0,0,0,-1200,熱容量,0,0,0,0,2024/11/20 16:59:38
月間,202411,策定,本四連系線,2025/01/10,夜間帯,順方向,1200,1200,0,0,0,0,1200,熱容量,0,0,0,0,2024/11/20 16:59:38
月間,202411,策定,本四連系線,2025/01/10,夜間帯,逆方向,-1200,-1200,0,0,0,0,-1200,熱容量,0,0,0,0,2024/11/20 16:59:38
月間,202412,策定,本四連系線,2025/01/10,昼間帯,順方向,880,880,0,0,0,0,880,周波数（作業）,0,0,0,0,2024/12/20 17:04:17
月間,202412,策定,本四連系線,2025/01/10,昼間帯,逆方向,-1200,-1200,0,0,0,0,-1200,熱容量（作業）,0,0,0,0,2024/12/20 17:04:17
月間,202412,策定,本四連系線,2025/01/10,夜間帯,順方向,1050,1050,0,0,0,0,1050,周波数（作業）,0,0,0,0,2024/12/20 17:04:17
月間,202412,策定,本四連系線,2025/01/10,夜間帯,逆方向,-1200,-1200,0,0,0,0,-1200,熱容量（作業）,0,0,0,0,2024/12/20 17:04:17
月間,202411,策定,本四連系線,2025/01/11,昼間帯,順方向,1200,1200,0,0,0,0,1200,熱容量,0,0,0,0,2024/11/20 16:59:38
月間,202411,策定,本四連系線,2025/01/11,昼間帯,逆方向,-1200,-1200,0,0,0,0,-1200,熱容量,0,0,0,0,2024/11/20 16:59:38
月間,202411,策定,本四連系線,2025/01/11,夜間帯,順方向,1200,1200,0,0,0,0,1200,熱容量,0,0,0,0,2024/11/20 16:59:38
月間,202411,策定,本四連系線,2025/01/11,夜間帯,逆方向,-1200,-1200,0,0,0,0,-1200,熱容量,0,0,0,0,2024/11/20 16:59:38
月間,202412,策定,本四連系線,2025/01/11,昼間帯,順方向,860,860,0,0,0,0,860,周波数（作業）,0,0,0,0,2024/12/20 17:04:17
月間,202412,策定,本四連系線,2025/01/11,昼間帯,逆方向,-1200,-1200,0,0,0,0,-1200,熱容量（作業）,0,0,0,0,2024/12/20 17:04:17
月間,202412,策定,本四連系線,2025/01/11,夜間帯,順方向,1040,1040,0,0,0,0,1040,周波数（作業）,0,0,0,0,2024/12/20 17:04:17
月間,202412,策定,本四連系線,2025/01/11,夜間帯,逆方向,-1200,-1200,0,0,0,0,-1200,熱容量（作業）,0,0,0,0,2024/12/20 17:04:17
月間,202411,策定,本四連系線,2025/01/12,昼間帯,順方向,1200,1200,0,0,0,0,1200,熱容量,0,0,0,0,2024/11/20 16:59:38
月間,202411,策定,本四連系線,2025/01/12,昼間帯,逆方向,-1200,-1200,0,0,0,0,-1200,熱容量,0,0,0,0,2024/11/20 16:59:38
月間,202411,策定,本四連系線,2025/01/12,夜間帯,順方向,1200,1200,0,0,0,0,1200,熱容量,0,0,0,0,2024/11/20 16:59:38
月間,202411,策定,本四連系線,2025/01/12,夜間帯,逆方向,-1200,-1200,0,0,0,0,-1200,熱容量,0,0,0,0,2024/11/20 16:59:38
月間,202412,策定,本四連系線,2025/01/12,昼間帯,順方向,860,860,0,0,0,0,860,周波数（作業）,0,0,0,0,2024/12/20 17:04:17
月間,202412,策定,本四連系線,2025/01/12,昼間帯,逆方向,-1200,-1200,0,0,0,0,-1200,熱容量（作業）,0,0,0,0,2024/12/20 17:04:17
月間,202412,策定,本四連系線,2025/01/12,夜間帯,順方向,1040,1040,0,0,0,0,1040,周波数（作業）,0,0,0,0,2024/12/20 17:04:17
月間,202412,策定,本四連系線,2025/01/12,夜間帯,逆方向,-1200,-1200,0,0,0,0,-1200,熱容量（作業）,0,0,0,0,2024/12/20 17:04:17
月間,202411,策定,本四連系線,2025/01/13,昼間帯,順方向,1200,1200,0,0,0,0,1200,熱容量,0,0,0,0,2024/11/20 16:59:38
月間,202411,策定,本四連系線,2025/01/13,昼間帯,逆方向,-1200,-1200,0,0,0,0,-1200,熱容量,0,0,0,0,2024/11/20 16:59:38
月間,202411,策定,本四連系線,2025/01/13,夜間帯,順方向,1200,1200,0,0,0,0,1200,熱容量,0,0,0,0,2024/11/20 16:59:38
月間,202411,策定,本四連系線,2025/01/13,夜間帯,逆方向,-1200,-1200,0,0,0,0,-1200,熱容量,0,0,0,0,2024/11/20 16:59:38
月間,202412,策定,本四連系線,2025/01/13,昼間帯,順方向,860,860,0,0,0,0,860,周波数（作業）,0,0,0,0,2024/12/20 17:04:17
月間,202412,策定,本四連系線,2025/01/13,昼間帯,逆方向,-1200,-1200,0,0,0,0,-1200,熱容量（作業）,0,0,0,0,2024/12/20 17:04:17
月間,202412,策定,本四連系線,2025/01/13,夜間帯,順方向,1040,1040,0,0,0,0,1040,周波数（作業）,0,0,0,0,2024/12/20 17:04:17
月間,202412,策定,本四連系線,2025/01/13,夜間帯,逆方向,-1200,-1200,0,0,0,0,-1200,熱容量（作業）,0,0,0,0,2024/12/20 17:04:17
月間,202411,策定,本四連系線,2025/01/14,昼間帯,順方向,1200,1200,0,0,0,0,1200,熱容量,0,0,0,0,2024/11/20 16:59:38
月間,202411,策定,本四連系線,2025/01/14,昼間帯,逆方向,-1200,-1200,0,0,0,0,-1200,熱容量,0,0,0,0,2024/11/20 16:59:38
月間,202411,策定,本四連系線,2025/01/14,夜間帯,順方向,1200,1200,0,0,0,0,1200,熱容量,0,0,0,0,2024/11/20 16:59:38
月間,202411,策定,本四連系線,2025/01/14,夜間帯,逆方向,-1200,-1200,0,0,0,0,-1200,熱容量,0,0,0,0,2024/11/20 16:59:38
月間,202412,策定,本四連系線,2025/01/14,昼間帯,順方向,880,880,0,0,0,0,880,周波数（作業）,0,0,0,0,2024/12/20 17:04:17
月間,202412,策定,本四連系線,2025/01/14,昼間帯,逆方向,-1200,-1200,0,0,0,0,-1200,熱容量（作業）,0,0,0,0,2024/12/20 17:04:17
月間,202412,策定,本四連系線,2025/01/14,夜間帯,順方向,1040,1040,0,0,0,0,1040,周波数（作業）,0,0,0,0,2024/12/20 17:04:17
月間,202412,策定,本四連系線,2025/01/14,夜間帯,逆方向,-1200,-1200,0,0,0,0,-1200,熱容量（作業）,0,0,0,0,2024/12/20 17:04:17
月間,202411,策定,本四連系線,2025/01/15,昼間帯,順方向,1200,1200,0,0,0,0,1200,熱容量,0,0,0,0,2024/11/20 16:59:38
月間,202411,策定,本四連系線,2025/01/15,昼間帯,逆方向,-1200,-1200,0,0,0,0,-1200,熱容量,0,0,0,0,2024/11/20 16:59:38
月間,202411,策定,本四連系線,2025/01/15,夜間帯,順方向,1200,1200,0,0,0,0,1200,熱容量,0,0,0,0,2024/11/20 16:59:38
月間,202411,策定,本四連系線,2025/01/15,夜間帯,逆方向,-1200,-1200,0,0,0,0,-1200,熱容量,0,0,0,0,2024/11/20 16:59:38
月間,202412,策定,本四連系線,2025/01/15,昼間帯,順方向,880,880,0,0,0,0,880,周波数（作業）,0,0,0,0,2024/12/20 17:04:17
月間,202412,策定,本四連系線,2025/01/15,昼間帯,逆方向,-1200,-1200,0,0,0,0,-1200,熱容量（作業）,0,0,0,0,2024/12/20 17:04:17
月間,202412,策定,本四連系線,2025/01/15,夜間帯,順方向,1050,1050,0,0,0,0,1050,周波数（作業）,0,0,0,0,2024/12/20 17:04:17
月間,202412,策定,本四連系線,2025/01/15,夜間帯,逆方向,-1200,-1200,0,0,0,0,-1200,熱容量（作業）,0,0,0,0,2024/12/20 17:04:17
月間,202411,策定,本四連系線,2025/01/16,昼間帯,順方向,1200,1200,0,0,0,0,1200,熱容量,0,0,0,0,2024/11/20 16:59:38
月間,202411,策定,本四連系線,2025/01/16,昼間帯,逆方向,-1200,-1200,0,0,0,0,-1200,熱容量,0,0,0,0,2024/11/20 16:59:38
月間,202411,策定,本四連系線,2025/01/16,夜間帯,順方向,1200,1200,0,0,0,0,1200,熱容量,0,0,0,0,2024/11/20 16:59:38
月間,202411,策定,本四連系線,2025/01/16,夜間帯,逆方向,-1200,-1200,0,0,0,0,-1200,熱容量,0,0,0,0,2024/11/20 16:59:38
月間,202412,策定,本四連系線,2025/01/16,昼間帯,順方向,880,880,0,0,0,0,880,周波数（作業）,0,0,0,0,2024/12/20 17:04:17
月間,202412,策定,本四連系線,2025/01/16,昼間帯,逆方向,-1200,-1200,0,0,0,0,-1200,熱容量（作業）,0,0,0,0,2024/12/20 17:04:17
月間,202412,策定,本四連系線,2025/01/16,夜間帯,順方向,1050,1050,0,0,0,0,1050,周波数（作業）,0,0,0,0,2024/12/20 17:04:17
月間,202412,策定,本四連系線,2025/01/16,夜間帯,逆方向,-1200,-1200,0,0,0,0,-1200,熱容量（作業）,0,0,0,0,2024/12/20 17:04:17
月間,202411,策定,本四連系線,2025/01/17,昼間帯,順方向,1200,1200,0,0,0,0,1200,熱容量,0,0,0,0,2024/11/20 16:59:38
月間,202411,策定,本四連系線,2025/01/17,昼間帯,逆方向,-1200,-1200,0,0,0,0,-1200,熱容量,0,0,0,0,2024/11/20 16:59:38
月間,202411,策定,本四連系線,2025/01/17,夜間帯,順方向,1200,1200,0,0,0,0,1200,熱容量,0,0,0,0,2024/11/20 16:59:38
月間,202411,策定,本四連系線,2025/01/17,夜間帯,逆方向,-1200,-1200,0,0,0,0,-1200,熱容量,0,0,0,0,2024/11/20 16:59:38
月間,202412,策定,本四連系線,2025/01/17,昼間帯,順方向,880,880,0,0,0,0,880,周波数（作業）,0,0,0,0,2024/12/20 17:04:17
月間,202412,策定,本四連系線,2025/01/17,昼間帯,逆方向,-1200,-1200,0,0,0,0,-1200,熱容量（作業）,0,0,0,0,2024/12/20 17:04:17
月間,202412,策定,本四連系線,2025/01/17,夜間帯,順方向,1050,1050,0,0,0,0,1050,周波数（作業）,0,0,0,0,2024/12/20 17:04:17
月間,202412,策定,本四連系線,2025/01/17,夜間帯,逆方向,-1200,-1200,0,0,0,0,-1200,熱容量（作業）,0,0,0,0,2024/12/20 17:04:17
月間,202411,策定,本四連系線,2025/01/18,昼間帯,順方向,1200,1200,0,0,0,0,1200,熱容量,0,0,0,0,2024/11/20 16:59:38
月間,202411,策定,本四連系線,2025/01/18,昼間帯,逆方向,-1200,-1200,0,0,0,0,-1200,熱容量,0,0,0,0,2024/11/20 16:59:38
月間,202411,策定,本四連系線,2025/01/18,夜間帯,順方向,1200,1200,0,0,0,0,1200,熱容量,0,0,0,0,2024/11/20 16:59:38
月間,202411,策定,本四連系線,2025/01/18,夜間帯,逆方向,-1200,-1200,0,0,0,0,-1200,熱容量,0,0,0,0,2024/11/20 16:59:38
月間,202412,策定,本四連系線,2025/01/18,昼間帯,順方向,860,860,0,0,0,0,860,周波数（作業）,0,0,0,0,2024/12/20 17:04:17
月間,202412,策定,本四連系線,2025/01/18,昼間帯,逆方向,-1200,-1200,0,0,0,0,-1200,熱容量（作業）,0,0,0,0,2024/12/20 17:04:17
月間,202412,策定,本四連系線,2025/01/18,夜間帯,順方向,1040,1040,0,0,0,0,1040,周波数（作業）,0,0,0,0,2024/12/20 17:04:17
月間,202412,策定,本四連系線,2025/01/18,夜間帯,逆方向,-1200,-1200,0,0,0,0,-1200,熱容量（作業）,0,0,0,0,2024/12/20 17:04:17
月間,202411,策定,本四連系線,2025/01/19,昼間帯,順方向,1200,1200,0,0,0,0,1200,熱容量,0,0,0,0,2024/11/20 16:59:38
月間,202411,策定,本四連系線,2025/01/19,昼間帯,逆方向,-1200,-1200,0,0,0,0,-1200,熱容量,0,0,0,0,2024/11/20 16:59:38
月間,202411,策定,本四連系線,2025/01/19,夜間帯,順方向,1200,1200,0,0,0,0,1200,熱容量,0,0,0,0,2024/11/20 16:59:38
月間,202411,策定,本四連系線,2025/01/19,夜間帯,逆方向,-1200,-1200,0,0,0,0,-1200,熱容量,0,0,0,0,2024/11/20 16:59:38
月間,202412,策定,本四連系線,2025/01/19,昼間帯,順方向,860,860,0,0,0,0,860,周波数（作業）,0,0,0,0,2024/12/20 17:04:17
月間,202412,策定,本四連系線,2025/01/19,昼間帯,逆方向,-1200,-1200,0,0,0,0,-1200,熱容量（作業）,0,0,0,0,2024/12/20 17:04:17
月間,202412,策定,本四連系線,2025/01/19,夜間帯,順方向,1040,1040,0,0,0,0,1040,周波数（作業）,0,0,0,0,2024/12/20 17:04:17
月間,202412,策定,本四連系線,2025/01/19,夜間帯,逆方向,-1200,-1200,0,0,0,0,-1200,熱容量（作業）,0,0,0,0,2024/12/20 17:04:17
月間,202411,策定,本四連系線,2025/01/20,昼間帯,順方向,1200,1200,0,0,0,0,1200,熱容量,0,0,0,0,2024/11/20 16:59:38
月間,202411,策定,本四連系線,2025/01/20,昼間帯,逆方向,-1200,-1200,0,0,0,0,-1200,熱容量,0,0,0,0,2024/11/20 16:59:38
月間,202411,策定,本四連系線,2025/01/20,夜間帯,順方向,1200,1200,0,0,0,0,1200,熱容量,0,0,0,0,2024/11/20 16:59:38
月間,202411,策定,本四連系線,2025/01/20,夜間帯,逆方向,-1200,-1200,0,0,0,0,-1200,熱容量,0,0,0,0,2024/11/20 16:59:38
月間,202412,策定,本四連系線,2025/01/20,昼間帯,順方向,880,880,0,0,0,0,880,周波数（作業）,0,0,0,0,2024/12/20 17:04:17
月間,202412,策定,本四連系線,2025/01/20,昼間帯,逆方向,-1200,-1200,0,0,0,0,-1200,熱容量（作業）,0,0,0,0,2024/12/20 17:04:17
月間,202412,策定,本四連系線,2025/01/20,夜間帯,順方向,1040,1040,0,0,0,0,1040,周波数（作業）,0,0,0,0,2024/12/20 17:04:17
月間,202412,策定,本四連系線,2025/01/20,夜間帯,逆方向,-1200,-1200,0,0,0,0,-1200,熱容量（作業）,0,0,0,0,2024/12/20 17:04:17
月間,202411,策定,本四連系線,2025/01/21,昼間帯,順方向,1200,1200,0,0,0,0,1200,熱容量,0,0,0,0,2024/11/20 16:59:38
月間,202411,策定,本四連系線,2025/01/21,昼間帯,逆方向,-1200,-1200,0,0,0,0,-1200,熱容量,0,0,0,0,2024/11/20 16:59:38
月間,202411,策定,本四連系線,2025/01/21,夜間帯,順方向,1200,1200,0,0,0,0,1200,熱容量,0,0,0,0,2024/11/20 16:59:38
月間,202411,策定,本四連系線,2025/01/21,夜間帯,逆方向,-1200,-1200,0,0,0,0,-1200,熱容量,0,0,0,0,2024/11/20 16:59:38
月間,202412,策定,本四連系線,2025/01/21,昼間帯,順方向,880,880,0,0,0,0,880,周波数（作業）,0,0,0,0,2024/12/20 17:04:17
月間,202412,策定,本四連系線,2025/01/21,昼間帯,逆方向,-1200,-1200,0,0,0,0,-1200,熱容量（作業）,0,0,0,0,2024/12/20 17:04:17
月間,202412,策定,本四連系線,2025/01/21,夜間帯,順方向,1050,1050,0,0,0,0,1050,周波数（作業）,0,0,0,0,2024/12/20 17:04:17
月間,202412,策定,本四連系線,2025/01/21,夜間帯,逆方向,-1200,-1200,0,0,0,0,-1200,熱容量（作業）,0,0,0,0,2024/12/20 17:04:17
月間,202411,策定,本四連系線,2025/01/22,昼間帯,順方向,1200,1200,0,0,0,0,1200,熱容量,0,0,0,0,2024/11/20 16:59:38
月間,202411,策定,本四連系線,2025/01/22,昼間帯,逆方向,-1200,-1200,0,0,0,0,-1200,熱容量,0,0,0,0,2024/11/20 16:59:38
月間,202411,策定,本四連系線,2025/01/22,夜間帯,順方向,1200,1200,0,0,0,0,1200,熱容量,0,0,0,0,2024/11/20 16:59:38
月間,202411,策定,本四連系線,2025/01/22,夜間帯,逆方向,-1200,-1200,0,0,0,0,-1200,熱容量,0,0,0,0,2024/11/20 16:59:38
月間,202412,策定,本四連系線,2025/01/22,昼間帯,順方向,880,880,0,0,0,0,880,周波数（作業）,0,0,0,0,2024/12/20 17:04:17
月間,202412,策定,本四連系線,2025/01/22,昼間帯,逆方向,-1200,-1200,0,0,0,0,-1200,熱容量（作業）,0,0,0,0,2024/12/20 17:04:17
月間,202412,策定,本四連系線,2025/01/22,夜間帯,順方向,1050,1050,0,0,0,0,1050,周波数（作業）,0,0,0,0,2024/12/20 17:04:17
月間,202412,策定,本四連系線,2025/01/22,夜間帯,逆方向,-1200,-1200,0,0,0,0,-1200,熱容量（作業）,0,0,0,0,2024/12/20 17:04:17
月間,202411,策定,本四連系線,2025/01/23,昼間帯,順方向,1200,1200,0,0,0,0,1200,熱容量,0,0,0,0,2024/11/20 16:59:38
月間,202411,策定,本四連系線,2025/01/23,昼間帯,逆方向,-1200,-1200,0,0,0,0,-1200,熱容量,0,0,0,0,2024/11/20 16:59:38
月間,202411,策定,本四連系線,2025/01/23,夜間帯,順方向,1200,1200,0,0,0,0,1200,熱容量,0,0,0,0,2024/11/20 16:59:38
月間,202411,策定,本四連系線,2025/01/23,夜間帯,逆方向,-1200,-1200,0,0,0,0,-1200,熱容量,0,0,0,0,2024/11/20 16:59:38
月間,202412,策定,本四連系線,2025/01/23,昼間帯,順方向,880,880,0,0,0,0,880,周波数（作業）,0,0,0,0,2024/12/20 17:04:17
月間,202412,策定,本四連系線,2025/01/23,昼間帯,逆方向,-1200,-1200,0,0,0,0,-1200,熱容量（作業）,0,0,0,0,2024/12/20 17:04:17
月間,202412,策定,本四連系線,2025/01/23,夜間帯,順方向,1050,1050,0,0,0,0,1050,周波数（作業）,0,0,0,0,2024/12/20 17:04:17
月間,202412,策定,本四連系線,2025/01/23,夜間帯,逆方向,-1200,-1200,0,0,0,0,-1200,熱容量（作業）,0,0,0,0,2024/12/20 17:04:17
月間,202411,策定,本四連系線,2025/01/24,昼間帯,順方向,1200,1200,0,0,0,0,1200,熱容量,0,0,0,0,2024/11/20 16:59:38
月間,202411,策定,本四連系線,2025/01/24,昼間帯,逆方向,-1200,-1200,0,0,0,0,-1200,熱容量,0,0,0,0,2024/11/20 16:59:38
月間,202411,策定,本四連系線,2025/01/24,夜間帯,順方向,1200,1200,0,0,0,0,1200,熱容量,0,0,0,0,2024/11/20 16:59:38
月間,202411,策定,本四連系線,2025/01/24,夜間帯,逆方向,-1200,-1200,0,0,0,0,-1200,熱容量,0,0,0,0,2024/11/20 16:59:38
月間,202412,策定,本四連系線,2025/01/24,昼間帯,順方向,880,880,0,0,0,0,880,周波数（作業）,0,0,0,0,2024/12/20 17:04:17
月間,202412,策定,本四連系線,2025/01/24,昼間帯,逆方向,-1200,-1200,0,0,0,0,-1200,熱容量（作業）,0,0,0,0,2024/12/20 17:04:17
月間,202412,策定,本四連系線,2025/01/24,夜間帯,順方向,1050,1050,0,0,0,0,1050,周波数（作業）,0,0,0,0,2024/12/20 17:04:17
月間,202412,策定,本四連系線,2025/01/24,夜間帯,逆方向,-1200,-1200,0,0,0,0,-1200,熱容量（作業）,0,0,0,0,2024/12/20 17:04:17
月間,202411,策定,本四連系線,2025/01/25,昼間帯,順方向,1200,1200,0,0,0,0,1200,熱容量,0,0,0,0,2024/11/20 16:59:38
月間,202411,策定,本四連系線,2025/01/25,昼間帯,逆方向,-1200,-1200,0,0,0,0,-1200,熱容量,0,0,0,0,2024/11/20 16:59:38
月間,202411,策定,本四連系線,2025/01/25,夜間帯,順方向,1200,1200,0,0,0,0,1200,熱容量,0,0,0,0,2024/11/20 16:59:38
月間,202411,策定,本四連系線,2025/01/25,夜間帯,逆方向,-1200,-1200,0,0,0,0,-1200,熱容量,0,0,0,0,2024/11/20 16:59:38
月間,202412,策定,本四連系線,2025/01/25,昼間帯,順方向,860,860,0,0,0,0,860,周波数（作業）,0,0,0,0,2024/12/20 17:04:17
月間,202412,策定,本四連系線,2025/01/25,昼間帯,逆方向,-1200,-1200,0,0,0,0,-1200,熱容量（作業）,0,0,0,0,2024/12/20 17:04:17
月間,202412,策定,本四連系線,2025/01/25,夜間帯,順方向,1040,1040,0,0,0,0,1040,周波数（作業）,0,0,0,0,2024/12/20 17:04:17
月間,202412,策定,本四連系線,2025/01/25,夜間帯,逆方向,-1200,-1200,0,0,0,0,-1200,熱容量（作業）,0,0,0,0,2024/12/20 17:04:17
月間,202411,策定,本四連系線,2025/01/26,昼間帯,順方向,1200,1200,0,0,0,0,1200,熱容量,0,0,0,0,2024/11/20 16:59:38
月間,202411,策定,本四連系線,2025/01/26,昼間帯,逆方向,-1200,-1200,0,0,0,0,-1200,熱容量,0,0,0,0,2024/11/20 16:59:38
月間,202411,策定,本四連系線,2025/01/26,夜間帯,順方向,1200,1200,0,0,0,0,1200,熱容量,0,0,0,0,2024/11/20 16:59:38
月間,202411,策定,本四連系線,2025/01/26,夜間帯,逆方向,-1200,-1200,0,0,0,0,-1200,熱容量,0,0,0,0,2024/11/20 16:59:38
月間,202412,策定,本四連系線,2025/01/26,昼間帯,順方向,860,860,0,0,0,0,860,周波数（作業）,0,0,0,0,2024/12/20 17:04:17
月間,202412,策定,本四連系線,2025/01/26,昼間帯,逆方向,-1200,-1200,0,0,0,0,-1200,熱容量（作業）,0,0,0,0,2024/12/20 17:04:17
月間,202412,策定,本四連系線,2025/01/26,夜間帯,順方向,1040,1040,0,0,0,0,1040,周波数（作業）,0,0,0,0,2024/12/20 17:04:17
月間,202412,策定,本四連系線,2025/01/26,夜間帯,逆方向,-1200,-1200,0,0,0,0,-1200,熱容量（作業）,0,0,0,0,2024/12/20 17:04:17
月間,202411,策定,本四連系線,2025/01/27,昼間帯,順方向,1200,1200,0,0,0,0,1200,熱容量,0,0,0,0,2024/11/20 16:59:38
月間,202411,策定,本四連系線,2025/01/27,昼間帯,逆方向,-1200,-1200,0,0,0,0,-1200,熱容量,0,0,0,0,2024/11/20 16:59:38
月間,202411,策定,本四連系線,2025/01/27,夜間帯,順方向,1200,1200,0,0,0,0,1200,熱容量,0,0,0,0,2024/11/20 16:59:38
月間,202411,策定,本四連系線,2025/01/27,夜間帯,逆方向,-1200,-1200,0,0,0,0,-1200,熱容量,0,0,0,0,2024/11/20 16:59:38
月間,202412,策定,本四連系線,2025/01/27,昼間帯,順方向,880,880,0,0,0,0,880,周波数（作業）,0,0,0,0,2024/12/20 17:04:17
月間,202412,策定,本四連系線,2025/01/27,昼間帯,逆方向,-1200,-1200,0,0,0,0,-1200,熱容量（作業）,0,0,0,0,2024/12/20 17:04:17
月間,202412,策定,本四連系線,2025/01/27,夜間帯,順方向,1040,1040,0,0,0,0,1040,周波数（作業）,0,0,0,0,2024/12/20 17:04:17
月間,202412,策定,本四連系線,2025/01/27,夜間帯,逆方向,-1200,-1200,0,0,0,0,-1200,熱容量（作業）,0,0,0,0,2024/12/20 17:04:17
月間,202411,策定,本四連系線,2025/01/28,昼間帯,順方向,1200,1200,0,0,0,0,1200,熱容量,0,0,0,0,2024/11/20 16:59:38
月間,202411,策定,本四連系線,2025/01/28,昼間帯,逆方向,-1200,-1200,0,0,0,0,-1200,熱容量,0,0,0,0,2024/11/20 16:59:38
月間,202411,策定,本四連系線,2025/01/28,夜間帯,順方向,1200,1200,0,0,0,0,1200,熱容量,0,0,0,0,2024/11/20 16:59:38
月間,202411,策定,本四連系線,2025/01/28,夜間帯,逆方向,-1200,-1200,0,0,0,0,-1200,熱容量,0,0,0,0,2024/11/20 16:59:38
月間,202412,策定,本四連系線,2025/01/28,昼間帯,順方向,880,880,0,0,0,0,880,周波数（作業）,0,0,0,0,2024/12/20 17:04:17
月間,202412,策定,本四連系線,2025/01/28,昼間帯,逆方向,-1200,-1200,0,0,0,0,-1200,熱容量（作業）,0,0,0,0,2024/12/20 17:04:17
月間,202412,策定,本四連系線,2025/01/28,夜間帯,順方向,1050,1050,0,0,0,0,1050,周波数（作業）,0,0,0,0,2024/12/20 17:04:17
月間,202412,策定,本四連系線,2025/01/28,夜間帯,逆方向,-1200,-1200,0,0,0,0,-1200,熱容量（作業）,0,0,0,0,2024/12/20 17:04:17
月間,202411,策定,本四連系線,2025/01/29,昼間帯,順方向,1200,1200,0,0,0,0,1200,熱容量,0,0,0,0,2024/11/20 16:59:38
月間,202411,策定,本四連系線,2025/01/29,昼間帯,逆方向,-1200,-1200,0,0,0,0,-1200,熱容量,0,0,0,0,2024/11/20 16:59:38
月間,202411,策定,本四連系線,2025/01/29,夜間帯,順方向,1200,1200,0,0,0,0,1200,熱容量,0,0,0,0,2024/11/20 16:59:38
月間,202411,策定,本四連系線,2025/01/29,夜間帯,逆方向,-1200,-1200,0,0,0,0,-1200,熱容量,0,0,0,0,2024/11/20 16:59:38
月間,202412,策定,本四連系線,2025/01/29,昼間帯,順方向,880,880,0,0,0,0,880,周波数（作業）,0,0,0,0,2024/12/20 17:04:17
月間,202412,策定,本四連系線,2025/01/29,昼間帯,逆方向,-1200,-1200,0,0,0,0,-1200,熱容量（作業）,0,0,0,0,2024/12/20 17:04:17
月間,202412,策定,本四連系線,2025/01/29,夜間帯,順方向,1050,1050,0,0,0,0,1050,周波数（作業）,0,0,0,0,2024/12/20 17:04:17
月間,202412,策定,本四連系線,2025/01/29,夜間帯,逆方向,-1200,-1200,0,0,0,0,-1200,熱容量（作業）,0,0,0,0,2024/12/20 17:04:17
月間,202411,策定,本四連系線,2025/01/30,昼間帯,順方向,1200,1200,0,0,0,0,1200,熱容量,0,0,0,0,2024/11/20 16:59:38
月間,202411,策定,本四連系線,2025/01/30,昼間帯,逆方向,-1200,-1200,0,0,0,0,-1200,熱容量,0,0,0,0,2024/11/20 16:59:38
月間,202411,策定,本四連系線,2025/01/30,夜間帯,順方向,1200,1200,0,0,0,0,1200,熱容量,0,0,0,0,2024/11/20 16:59:38
月間,202411,策定,本四連系線,2025/01/30,夜間帯,逆方向,-1200,-1200,0,0,0,0,-1200,熱容量,0,0,0,0,2024/11/20 16:59:38
月間,202412,策定,本四連系線,2025/01/30,昼間帯,順方向,880,880,0,0,0,0,880,周波数（作業）,0,0,0,0,2024/12/20 17:04:17
月間,202412,策定,本四連系線,2025/01/30,昼間帯,逆方向,-1200,-1200,0,0,0,0,-1200,熱容量（作業）,0,0,0,0,2024/12/20 17:04:17
月間,202412,策定,本四連系線,2025/01/30,夜間帯,順方向,1050,1050,0,0,0,0,1050,周波数（作業）,0,0,0,0,2024/12/20 17:04:17
月間,202412,策定,本四連系線,2025/01/30,夜間帯,逆方向,-1200,-1200,0,0,0,0,-1200,熱容量（作業）,0,0,0,0,2024/12/20 17:04:17
月間,202411,策定,本四連系線,2025/01/31,昼間帯,順方向,1200,1200,0,0,0,0,1200,熱容量,0,0,0,0,2024/11/20 16:59:38
月間,202411,策定,本四連系線,2025/01/31,昼間帯,逆方向,-1200,-1200,0,0,0,0,-1200,熱容量,0,0,0,0,2024/11/20 16:59:38
月間,202411,策定,本四連系線,2025/01/31,夜間帯,順方向,1200,1200,0,0,0,0,1200,熱容量,0,0,0,0,2024/11/20 16:59:38
月間,202411,策定,本四連系線,2025/01/31,夜間帯,逆方向,-1200,-1200,0,0,0,0,-1200,熱容量,0,0,0,0,2024/11/20 16:59:38
月間,202412,策定,本四連系線,2025/01/31,昼間帯,順方向,880,880,0,0,0,0,880,周波数（作業）,0,0,0,0,2024/12/20 17:04:17
月間,202412,策定,本四連系線,2025/01/31,昼間帯,逆方向,-1200,-1200,0,0,0,0,-1200,熱容量（作業）,0,0,0,0,2024/12/20 17:04:17
月間,202412,策定,本四連系線,2025/01/31,夜間帯,順方向,1050,1050,0,0,0,0,1050,周波数（作業）,0,0,0,0,2024/12/20 17:04:17
月間,202412,策定,本四連系線,2025/01/31,夜間帯,逆方向,-1200,-1200,0,0,0,0,-1200,熱容量（作業）,0,0,0,0,2024/12/20 17:04:17
月間,202411,策定,関門連系線,2025/01/01,昼間帯,順方向,70,70,0,0,0,0,70,周波数,0,0,0,0,2024/11/20 16:59:38
月間,202411,策定,関門連系線,2025/01/01,昼間帯,逆方向,-1900,-1900,0,0,0,0,-1900,周波数,0,0,0,0,2024/11/20 16:59:38
月間,202411,策定,関門連系線,2025/01/01,夜間帯,順方向,430,430,0,0,0,0,430,周波数,0,0,0,0,2024/11/20 16:59:38
月間,202411,策定,関門連系線,2025/01/01,夜間帯,逆方向,-1890,-1890,0,0,0,0,-1890,周波数,0,0,0,0,2024/11/20 16:59:38
月間,202411,策定,関門連系線,2025/01/02,昼間帯,順方向,70,70,0,0,0,0,70,周波数,0,0,0,0,2024/11/20 16:59:38
月間,202411,策定,関門連系線,2025/01/02,昼間帯,逆方向,-1900,-1900,0,0,0,0,-1900,周波数,0,0,0,0,2024/11/20 16:59:38
月間,202411,策定,関門連系線,2025/01/02,夜間帯,順方向,430,430,0,0,0,0,430,周波数,0,0,0,0,2024/11/20 16:59:38
月間,202411,策定,関門連系線,2025/01/02,夜間帯,逆方向,-1890,-1890,0,0,0,0,-1890,周波数,0,0,0,0,2024/11/20 16:59:38
月間,202411,策定,関門連系線,2025/01/03,昼間帯,順方向,70,70,0,0,0,0,70,周波数,0,0,0,0,2024/11/20 16:59:38
月間,202411,策定,関門連系線,2025/01/03,昼間帯,逆方向,-1900,-1900,0,0,0,0,-1900,周波数,0,0,0,0,2024/11/20 16:59:38
月間,202411,策定,関門連系線,2025/01/03,夜間帯,順方向,430,430,0,0,0,0,430,周波数,0,0,0,0,2024/11/20 16:59:38
月間,202411,策定,関門連系線,2025/01/03,夜間帯,逆方向,-1890,-1890,0,0,0,0,-1890,周波数,0,0,0,0,2024/11/20 16:59:38
月間,202411,策定,関門連系線,2025/01/04,昼間帯,順方向,130,130,0,0,0,0,130,周波数,0,0,0,0,2024/11/20 16:59:38
月間,202411,策定,関門連系線,2025/01/04,昼間帯,逆方向,-2150,-2150,0,0,0,0,-2150,周波数,0,0,0,0,2024/11/20 16:59:38
月間,202411,策定,関門連系線,2025/01/04,夜間帯,順方向,430,430,0,0,0,0,430,周波数,0,0,0,0,2024/11/20 16:59:38
月間,202411,策定,関門連系線,2025/01/04,夜間帯,逆方向,-1890,-1890,0,0,0,0,-1890,周波数,0,0,0,0,2024/11/20 16:59:38
月間,202412,策定,関門連系線,2025/01/04,昼間帯,順方向,130,130,0,0,0,0,130,周波数,0,0,0,0,2024/12/20 17:04:17
月間,202412,策定,関門連系線,2025/01/04,昼間帯,逆方向,-2150,-2150,0,0,0,0,-2150,周波数,0,0,0,0,2024/12/20 17:04:17
月間,202412,策定,関門連系線,2025/01/04,夜間帯,順方向,430,430,0,0,0,0,430,周波数,0,0,0,0,2024/12/20 17:04:17
月間,202412,策定,関門連系線,2025/01/04,夜間帯,逆方向,-1890,-1890,0,0,0,0,-1890,周波数,0,0,0,0,2024/12/20 17:04:17
月間,202411,策定,関門連系線,2025/01/05,昼間帯,順方向,130,130,0,0,0,0,130,周波数,0,0,0,0,2024/11/20 16:59:38
月間,202411,策定,関門連系線,2025/01/05,昼間帯,逆方向,-2150,-2150,0,0,0,0,-2150,周波数,0,0,0,0,2024/11/20 16:59:38
月間,202411,策定,関門連系線,2025/01/05,夜間帯,順方向,420,420,0,0,0,0,420,周波数,0,0,0,0,2024/11/20 16:59:38
月間,202411,策定,関門連系線,2025/01/05,夜間帯,逆方向,-2060,-2060,0,0,0,0,-2060,周波数,0,0,0,0,2024/11/20 16:59:38
月間,202412,策定,関門連系線,2025/01/05,昼間帯,順方向,130,130,0,0,0,0,130,周波数,0,0,0,0,2024/12/20 17:04:17
月間,202412,策定,関門連系線,2025/01/05,昼間帯,逆方向,-2150,-2150,0,0,0,0,-2150,周波数,0,0,0,0,2024/12/20 17:04:17
月間,202412,策定,関門連系線,2025/01/05,夜間帯,順方向,420,420,0,0,0,0,420,周波数,0,0,0,0,2024/12/20 17:04:17
月間,202412,策定,関門連系線,2025/01/05,夜間帯,逆方向,-2060,-2060,0,0,0,0,-2060,周波数,0,0,0,0,2024/12/20 17:04:17
月間,202411,策定,関門連系線,2025/01/06,昼間帯,順方向,200,200,0,0,0,0,200,周波数,0,0,0,0,2024/11/20 16:59:38
月間,202411,策定,関門連系線,2025/01/06,昼間帯,逆方向,-2620,-2620,0,0,0,0,-2620,周波数,0,0,0,0,2024/11/20 16:59:38
月間,202411,策定,関門連系線,2025/01/06,夜間帯,順方向,420,420,0,0,0,0,420,周波数,0,0,0,0,2024/11/20 16:59:38
月間,202411,策定,関門連系線,2025/01/06,夜間帯,逆方向,-2060,-2060,0,0,0,0,-2060,周波数,0,0,0,0,2024/11/20 16:59:38
月間,202412,策定,関門連系線,2025/01/06,昼間帯,順方向,200,200,0,0,0,0,200,周波数,0,0,0,0,2024/12/20 17:04:17
月間,202412,策定,関門連系線,2025/01/06,昼間帯,逆方向,-2620,-2620,0,0,0,0,-2620,周波数,0,0,0,0,2024/12/20 17:04:17
月間,202412,策定,関門連系線,2025/01/06,夜間帯,順方向,420,420,0,0,0,0,420,周波数,0,0,0,0,2024/12/20 17:04:17
月間,202412,策定,関門連系線,2025/01/06,夜間帯,逆方向,-2060,-2060,0,0,0,0,-2060,周波数,0,0,0,0,2024/12/20 17:04:17
月間,202411,策定,関門連系線,2025/01/07,昼間帯,順方向,200,200,0,0,0,0,200,周波数,0,0,0,0,2024/11/20 16:59:38
月間,202411,策定,関門連系線,2025/01/07,昼間帯,逆方向,-2620,-2620,0,0,0,0,-2620,周波数,0,0,0,0,2024/11/20 16:59:38
月間,202411,策定,関門連系線,2025/01/07,夜間帯,順方向,450,450,0,0,0,0,450,周波数,0,0,0,0,2024/11/20 16:59:38
月間,202411,策定,関門連系線,2025/01/07,夜間帯,逆方向,-2260,-2260,0,0,0,0,-2260,周波数,0,0,0,0,2024/11/20 16:59:38
月間,202412,策定,関門連系線,2025/01/07,昼間帯,順方向,200,200,0,0,0,0,200,周波数,0,0,0,0,2024/12/20 17:04:17
月間,202412,策定,関門連系線,2025/01/07,昼間帯,逆方向,-2620,-2620,0,0,0,0,-2620,周波数,0,0,0,0,2024/12/20 17:04:17
月間,202412,策定,関門連系線,2025/01/07,夜間帯,順方向,450,450,0,0,0,0,450,周波数,0,0,0,0,2024/12/20 17:04:17
月間,202412,策定,関門連系線,2025/01/07,夜間帯,逆方向,-2260,-2260,0,0,0,0,-2260,周波数,0,0,0,0,2024/12/20 17:04:17
月間,202411,策定,関門連系線,2025/01/08,昼間帯,順方向,200,200,0,0,0,0,200,周波数,0,0,0,0,2024/11/20 16:59:38
月間,202411,策定,関門連系線,2025/01/08,昼間帯,逆方向,-2620,-2620,0,0,0,0,-2620,周波数,0,0,0,0,2024/11/20 16:59:38
月間,202411,策定,関門連系線,2025/01/08,夜間帯,順方向,450,450,0,0,0,0,450,周波数,0,0,0,0,2024/11/20 16:59:38
月間,202411,策定,関門連系線,2025/01/08,夜間帯,逆方向,-2260,-2260,0,0,0,0,-2260,周波数,0,0,0,0,2024/11/20 16:59:38
月間,202412,策定,関門連系線,2025/01/08,昼間帯,順方向,200,200,0,0,0,0,200,周波数,0,0,0,0,2024/12/20 17:04:17
月間,202412,策定,関門連系線,2025/01/08,昼間帯,逆方向,-2620,-2620,0,0,0,0,-2620,周波数,0,0,0,0,2024/12/20 17:04:17
月間,202412,策定,関門連系線,2025/01/08,夜間帯,順方向,450,450,0,0,0,0,450,周波数,0,0,0,0,2024/12/20 17:04:17
月間,202412,策定,関門連系線,2025/01/08,夜間帯,逆方向,-2260,-2260,0,0,0,0,-2260,周波数,0,0,0,0,2024/12/20 17:04:17
月間,202411,策定,関門連系線,2025/01/09,昼間帯,順方向,200,200,0,0,0,0,200,周波数,0,0,0,0,2024/11/20 16:59:38
月間,202411,策定,関門連系線,2025/01/09,昼間帯,逆方向,-2620,-2620,0,0,0,0,-2620,周波数,0,0,0,0,2024/11/20 16:59:38
月間,202411,策定,関門連系線,2025/01/09,夜間帯,順方向,450,450,0,0,0,0,450,周波数,0,0,0,0,2024/11/20 16:59:38
月間,202411,策定,関門連系線,2025/01/09,夜間帯,逆方向,-2260,-2260,0,0,0,0,-2260,周波数,0,0,0,0,2024/11/20 16:59:38
月間,202412,策定,関門連系線,2025/01/09,昼間帯,順方向,200,200,0,0,0,0,200,周波数,0,0,0,0,2024/12/20 17:04:17
月間,202412,策定,関門連系線,2025/01/09,昼間帯,逆方向,-2620,-2620,0,0,0,0,-2620,周波数,0,0,0,0,2024/12/20 17:04:17
月間,202412,策定,関門連系線,2025/01/09,夜間帯,順方向,450,450,0,0,0,0,450,周波数,0,0,0,0,2024/12/20 17:04:17
月間,202412,策定,関門連系線,2025/01/09,夜間帯,逆方向,-2260,-2260,0,0,0,0,-2260,周波数,0,0,0,0,2024/12/20 17:04:17
月間,202411,策定,関門連系線,2025/01/10,昼間帯,順方向,200,200,0,0,0,0,200,周波数,0,0,0,0,2024/11/20 16:59:38
月間,202411,策定,関門連系線,2025/01/10,昼間帯,逆方向,-2620,-2620,0,0,0,0,-2620,周波数,0,0,0,0,2024/11/20 16:59:38
月間,202411,策定,関門連系線,2025/01/10,夜間帯,順方向,450,450,0,0,0,0,450,周波数,0,0,0,0,2024/11/20 16:59:38
月間,202411,策定,関門連系線,2025/01/10,夜間帯,逆方向,-2260,-2260,0,0,0,0,-2260,周波数,0,0,0,0,2024/11/20 16:59:38
月間,202412,策定,関門連系線,2025/01/10,昼間帯,順方向,200,200,0,0,0,0,200,周波数,0,0,0,0,2024/12/20 17:04:17
月間,202412,策定,関門連系線,2025/01/10,昼間帯,逆方向,-2620,-2620,0,0,0,0,-2620,周波数,0,0,0,0,2024/12/20 17:04:17
月間,202412,策定,関門連系線,2025/01/10,夜間帯,順方向,450,450,0,0,0,0,450,周波数,0,0,0,0,2024/12/20 17:04:17
月間,202412,策定,関門連系線,2025/01/10,夜間帯,逆方向,-2260,-2260,0,0,0,0,-2260,周波数,0,0,0,0,2024/12/20 17:04:17
月間,202411,策定,関門連系線,2025/01/11,昼間帯,順方向,130,130,0,0,0,0,130,周波数,0,0,0,0,2024/11/20 16:59:38
月間,202411,策定,関門連系線,2025/01/11,昼間帯,逆方向,-2150,-2150,0,0,0,0,-2150,周波数,0,0,0,0,2024/11/20 16:59:38
月間,202411,策定,関門連系線,2025/01/11,夜間帯,順方向,420,420,0,0,0,0,420,周波数,0,0,0,0,2024/11/20 16:59:38
月間,202411,策定,関門連系線,2025/01/11,夜間帯,逆方向,-2060,-2060,0,0,0,0,-2060,周波数,0,0,0,0,2024/11/20 16:59:38
月間,202412,策定,関門連系線,2025/01/11,昼間帯,順方向,130,130,0,0,0,0,130,周波数,0,0,0,0,2024/12/20 17:04:17
月間,202412,策定,関門連系線,2025/01/11,昼間帯,逆方向,-2150,-2150,0,0,0,0,-2150,周波数,0,0,0,0,2024/12/20 17:04:17
月間,202412,策定,関門連系線,2025/01/11,夜間帯,順方向,420,420,0,0,0,0,420,周波数,0,0,0,0,2024/12/20 17:04:17
月間,202412,策定,関門連系線,2025/01/11,夜間帯,逆方向,-2060,-2060,0,0,0,0,-2060,周波数,0,0,0,0,2024/12/20 17:04:17
月間,202411,策定,関門連系線,2025/01/12,昼間帯,順方向,130,130,0,0,0,0,130,周波数,0,0,0,0,2024/11/20 16:59:38
月間,202411,策定,関門連系線,2025/01/12,昼間帯,逆方向,-2150,-2150,0,0,0,0,-2150,周波数,0,0,0,0,2024/11/20 16:59:38
月間,202411,策定,関門連系線,2025/01/12,夜間帯,順方向,420,420,0,0,0,0,420,周波数,0,0,0,0,2024/11/20 16:59:38
月間,202411,策定,関門連系線,2025/01/12,夜間帯,逆方向,-2060,-2060,0,0,0,0,-2060,周波数,0,0,0,0,2024/11/20 16:59:38
月間,202412,策定,関門連系線,2025/01/12,昼間帯,順方向,130,130,0,0,0,0,130,周波数,0,0,0,0,2024/12/20 17:04:17
月間,202412,策定,関門連系線,2025/01/12,昼間帯,逆方向,-2150,-2150,0,0,0,0,-2150,周波数,0,0,0,0,2024/12/20 17:04:17
月間,202412,策定,関門連系線,2025/01/12,夜間帯,順方向,420,420,0,0,0,0,420,周波数,0,0,0,0,2024/12/20 17:04:17
月間,202412,策定,関門連系線,2025/01/12,夜間帯,逆方向,-2060,-2060,0,0,0,0,-2060,周波数,0,0,0,0,2024/12/20 17:04:17
月間,202411,策定,関門連系線,2025/01/13,昼間帯,順方向,130,130,0,0,0,0,130,周波数,0,0,0,0,2024/11/20 16:59:38
月間,202411,策定,関門連系線,2025/01/13,昼間帯,逆方向,-2150,-2150,0,0,0,0,-2150,周波数,0,0,0,0,2024/11/20 16:59:38
月間,202411,策定,関門連系線,2025/01/13,夜間帯,順方向,420,420,0,0,0,0,420,周波数,0,0,0,0,2024/11/20 16:59:38
月間,202411,策定,関門連系線,2025/01/13,夜間帯,逆方向,-2060,-2060,0,0,0,0,-2060,周波数,0,0,0,0,2024/11/20 16:59:38
月間,202412,策定,関門連系線,2025/01/13,昼間帯,順方向,130,130,0,0,0,0,130,周波数,0,0,0,0,2024/12/20 17:04:17
月間,202412,策定,関門連系線,2025/01/13,昼間帯,逆方向,-2150,-2150,0,0,0,0,-2150,周波数,0,0,0,0,2024/12/20 17:04:17
月間,202412,策定,関門連系線,2025/01/13,夜間帯,順方向,420,420,0,0,0,0,420,周波数,0,0,0,0,2024/12/20 17:04:17
月間,202412,策定,関門連系線,2025/01/13,夜間帯,逆方向,-2060,-2060,0,0,0,0,-2060,周波数,0,0,0,0,2024/12/20 17:04:17
月間,202411,策定,関門連系線,2025/01/14,昼間帯,順方向,200,200,0,0,0,0,200,周波数,0,0,0,0,2024/11/20 16:59:38
月間,202411,策定,関門連系線,2025/01/14,昼間帯,逆方向,-2620,-2620,0,0,0,0,-2620,周波数,0,0,0,0,2024/11/20 16:59:38
月間,202411,策定,関門連系線,2025/01/14,夜間帯,順方向,420,420,0,0,0,0,420,周波数,0,0,0,0,2024/11/20 16:59:38
月間,202411,策定,関門連系線,2025/01/14,夜間帯,逆方向,-2060,-2060,0,0,0,0,-2060,周波数,0,0,0,0,2024/11/20 16:59:38
月間,202412,策定,関門連系線,2025/01/14,昼間帯,順方向,200,200,0,0,0,0,200,周波数,0,0,0,0,2024/12/20 17:04:17
月間,202412,策定,関門連系線,2025/01/14,昼間帯,逆方向,-2620,-2620,0,0,0,0,-2620,周波数,0,0,0,0,2024/12/20 17:04:17
月間,202412,策定,関門連系線,2025/01/14,夜間帯,順方向,420,420,0,0,0,0,420,周波数,0,0,0,0,2024/12/20 17:04:17
月間,202412,策定,関門連系線,2025/01/14,夜間帯,逆方向,-2060,-2060,0,0,0,0,-2060,周波数,0,0,0,0,2024/12/20 17:04:17
月間,202411,策定,関門連系線,2025/01/15,昼間帯,順方向,200,200,0,0,0,0,200,周波数,0,0,0,0,2024/11/20 16:59:38
月間,202411,策定,関門連系線,2025/01/15,昼間帯,逆方向,-2620,-2620,0,0,0,0,-2620,周波数,0,0,0,0,2024/11/20 16:59:38
月間,202411,策定,関門連系線,2025/01/15,夜間帯,順方向,450,450,0,0,0,0,450,周波数,0,0,0,0,2024/11/20 16:59:38
月間,202411,策定,関門連系線,2025/01/15,夜間帯,逆方向,-2260,-2260,0,0,0,0,-2260,周波数,0,0,0,0,2024/11/20 16:59:38
月間,202412,策定,関門連系線,2025/01/15,昼間帯,順方向,200,200,0,0,0,0,200,周波数,0,0,0,0,2024/12/20 17:04:17
月間,202412,策定,関門連系線,2025/01/15,昼間帯,逆方向,-2620,-2620,0,0,0,0,-2620,周波数,0,0,0,0,2024/12/20 17:04:17
月間,202412,策定,関門連系線,2025/01/15,夜間帯,順方向,450,450,0,0,0,0,450,周波数,0,0,0,0,2024/12/20 17:04:17
月間,202412,策定,関門連系線,2025/01/15,夜間帯,逆方向,-2260,-2260,0,0,0,0,-2260,周波数,0,0,0,0,2024/12/20 17:04:17
月間,202411,策定,関門連系線,2025/01/16,昼間帯,順方向,200,200,0,0,0,0,200,周波数,0,0,0,0,2024/11/20 16:59:38
月間,202411,策定,関門連系線,2025/01/16,昼間帯,逆方向,-2620,-2620,0,0,0,0,-2620,周波数,0,0,0,0,2024/11/20 16:59:38
月間,202411,策定,関門連系線,2025/01/16,夜間帯,順方向,450,450,0,0,0,0,450,周波数,0,0,0,0,2024/11/20 16:59:38
月間,202411,策定,関門連系線,2025/01/16,夜間帯,逆方向,-2260,-2260,0,0,0,0,-2260,周波数,0,0,0,0,2024/11/20 16:59:38
月間,202412,策定,関門連系線,2025/01/16,昼間帯,順方向,200,200,0,0,0,0,200,周波数,0,0,0,0,2024/12/20 17:04:17
月間,202412,策定,関門連系線,2025/01/16,昼間帯,逆方向,-2620,-2620,0,0,0,0,-2620,周波数,0,0,0,0,2024/12/20 17:04:17
月間,202412,策定,関門連系線,2025/01/16,夜間帯,順方向,450,450,0,0,0,0,450,周波数,0,0,0,0,2024/12/20 17:04:17
月間,202412,策定,関門連系線,2025/01/16,夜間帯,逆方向,-2260,-2260,0,0,0,0,-2260,周波数,0,0,0,0,2024/12/20 17:04:17
月間,202411,策定,関門連系線,2025/01/17,昼間帯,順方向,200,200,0,0,0,0,200,周波数,0,0,0,0,2024/11/20 16:59:38
月間,202411,策定,関門連系線,2025/01/17,昼間帯,逆方向,-2620,-2620,0,0,0,0,-2620,周波数,0,0,0,0,2024/11/20 16:59:38
月間,202411,策定,関門連系線,2025/01/17,夜間帯,順方向,450,450,0,0,0,0,450,周波数,0,0,0,0,2024/11/20 16:59:38
月間,202411,策定,関門連系線,2025/01/17,夜間帯,逆方向,-2260,-2260,0,0,0,0,-2260,周波数,0,0,0,0,2024/11/20 16:59:38
月間,202412,策定,関門連系線,2025/01/17,昼間帯,順方向,200,200,0,0,0,0,200,周波数,0,0,0,0,2024/12/20 17:04:17
月間,202412,策定,関門連系線,2025/01/17,昼間帯,逆方向,-2620,-2620,0,0,0,0,-2620,周波数,0,0,0,0,2024/12/20 17:04:17
月間,202412,策定,関門連系線,2025/01/17,夜間帯,順方向,450,450,0,0,0,0,450,周波数,0,0,0,0,2024/12/20 17:04:17
月間,202412,策定,関門連系線,2025/01/17,夜間帯,逆方向,-2260,-2260,0,0,0,0,-2260,周波数,0,0,0,0,2024/12/20 17:04:17
月間,202411,策定,関門連系線,2025/01/18,昼間帯,順方向,130,130,0,0,0,0,130,周波数,0,0,0,0,2024/11/20 16:59:38
月間,202411,策定,関門連系線,2025/01/18,昼間帯,逆方向,-2150,-2150,0,0,0,0,-2150,周波数,0,0,0,0,2024/11/20 16:59:38
月間,202411,策定,関門連系線,2025/01/18,夜間帯,順方向,420,420,0,0,0,0,420,周波数,0,0,0,0,2024/11/20 16:59:38
月間,202411,策定,関門連系線,2025/01/18,夜間帯,逆方向,-2060,-2060,0,0,0,0,-2060,周波数,0,0,0,0,2024/11/20 16:59:38
月間,202412,策定,関門連系線,2025/01/18,昼間帯,順方向,130,130,0,0,0,0,130,周波数,0,0,0,0,2024/12/20 17:04:17
月間,202412,策定,関門連系線,2025/01/18,昼間帯,逆方向,-2150,-2150,0,0,0,0,-2150,周波数,0,0,0,0,2024/12/20 17:04:17
月間,202412,策定,関門連系線,2025/01/18,夜間帯,順方向,420,420,0,0,0,0,420,周波数,0,0,0,0,2024/12/20 17:04:17
月間,202412,策定,関門連系線,2025/01/18,夜間帯,逆方向,-2060,-2060,0,0,0,0,-2060,周波数,0,0,0,0,2024/12/20 17:04:17
月間,202411,策定,関門連系線,2025/01/19,昼間帯,順方向,130,130,0,0,0,0,130,周波数,0,0,0,0,2024/11/20 16:59:38
月間,202411,策定,関門連系線,2025/01/19,昼間帯,逆方向,-2150,-2150,0,0,0,0,-2150,周波数,0,0,0,0,2024/11/20 16:59:38
月間,202411,策定,関門連系線,2025/01/19,夜間帯,順方向,420,420,0,0,0,0,420,周波数,0,0,0,0,2024/11/20 16:59:38
月間,202411,策定,関門連系線,2025/01/19,夜間帯,逆方向,-2060,-2060,0,0,0,0,-2060,周波数,0,0,0,0,2024/11/20 16:59:38
月間,202412,策定,関門連系線,2025/01/19,昼間帯,順方向,130,130,0,0,0,0,130,周波数,0,0,0,0,2024/12/20 17:04:17
月間,202412,策定,関門連系線,2025/01/19,昼間帯,逆方向,-2150,-2150,0,0,0,0,-2150,周波数,0,0,0,0,2024/12/20 17:04:17
月間,202412,策定,関門連系線,2025/01/19,夜間帯,順方向,420,420,0,0,0,0,420,周波数,0,0,0,0,2024/12/20 17:04:17
月間,202412,策定,関門連系線,2025/01/19,夜間帯,逆方向,-2060,-2060,0,0,0,0,-2060,周波数,0,0,0,0,2024/12/20 17:04:17
月間,202411,策定,関門連系線,2025/01/20,昼間帯,順方向,200,200,0,0,0,0,200,周波数,0,0,0,0,2024/11/20 16:59:38
月間,202411,策定,関門連系線,2025/01/20,昼間帯,逆方向,-2620,-2620,0,0,0,0,-2620,周波数,0,0,0,0,2024/11/20 16:59:38
月間,202411,策定,関門連系線,2025/01/20,夜間帯,順方向,420,420,0,0,0,0,420,周波数,0,0,0,0,2024/11/20 16:59:38
月間,202411,策定,関門連系線,2025/01/20,夜間帯,逆方向,-2060,-2060,0,0,0,0,-2060,周波数,0,0,0,0,2024/11/20 16:59:38
月間,202412,策定,関門連系線,2025/01/20,昼間帯,順方向,200,200,0,0,0,0,200,周波数,0,0,0,0,2024/12/20 17:04:17
月間,202412,策定,関門連系線,2025/01/20,昼間帯,逆方向,-2620,-2620,0,0,0,0,-2620,周波数,0,0,0,0,2024/12/20 17:04:17
月間,202412,策定,関門連系線,2025/01/20,夜間帯,順方向,420,420,0,0,0,0,420,周波数,0,0,0,0,2024/12/20 17:04:17
月間,202412,策定,関門連系線,2025/01/20,夜間帯,逆方向,-2060,-2060,0,0,0,0,-2060,周波数,0,0,0,0,2024/12/20 17:04:17
月間,202411,策定,関門連系線,2025/01/21,昼間帯,順方向,200,200,0,0,0,0,200,周波数,0,0,0,0,2024/11/20 16:59:38
月間,202411,策定,関門連系線,2025/01/21,昼間帯,逆方向,-2620,-2620,0,0,0,0,-2620,周波数,0,0,0,0,2024/11/20 16:59:38
月間,202411,策定,関門連系線,2025/01/21,夜間帯,順方向,450,450,0,0,0,0,450,周波数,0,0,0,0,2024/11/20 16:59:38
月間,202411,策定,関門連系線,2025/01/21,夜間帯,逆方向,-2260,-2260,0,0,0,0,-2260,周波数,0,0,0,0,2024/11/20 16:59:38
月間,202412,策定,関門連系線,2025/01/21,昼間帯,順方向,200,200,0,0,0,0,200,周波数,0,0,0,0,2024/12/20 17:04:17
月間,202412,策定,関門連系線,2025/01/21,昼間帯,逆方向,-2620,-2620,0,0,0,0,-2620,周波数,0,0,0,0,2024/12/20 17:04:17
月間,202412,策定,関門連系線,2025/01/21,夜間帯,順方向,450,450,0,0,0,0,450,周波数,0,0,0,0,2024/12/20 17:04:17
月間,202412,策定,関門連系線,2025/01/21,夜間帯,逆方向,-2260,-2260,0,0,0,0,-2260,周波数,0,0,0,0,2024/12/20 17:04:17
月間,202411,策定,関門連系線,2025/01/22,昼間帯,順方向,200,200,0,0,0,0,200,周波数,0,0,0,0,2024/11/20 16:59:38
月間,202411,策定,関門連系線,2025/01/22,昼間帯,逆方向,-2620,-2620,0,0,0,0,-2620,周波数,0,0,0,0,2024/11/20 16:59:38
月間,202411,策定,関門連系線,2025/01/22,夜間帯,順方向,450,450,0,0,0,0,450,周波数,0,0,0,0,2024/11/20 16:59:38
月間,202411,策定,関門連系線,2025/01/22,夜間帯,逆方向,-2260,-2260,0,0,0,0,-2260,周波数,0,0,0,0,2024/11/20 16:59:38
月間,202412,策定,関門連系線,2025/01/22,昼間帯,順方向,200,200,0,0,0,0,200,周波数,0,0,0,0,2024/12/20 17:04:17
月間,202412,策定,関門連系線,2025/01/22,昼間帯,逆方向,-2620,-2620,0,0,0,0,-2620,周波数,0,0,0,0,2024/12/20 17:04:17
月間,202412,策定,関門連系線,2025/01/22,夜間帯,順方向,450,450,0,0,0,0,450,周波数,0,0,0,0,2024/12/20 17:04:17
月間,202412,策定,関門連系線,2025/01/22,夜間帯,逆方向,-2260,-2260,0,0,0,0,-2260,周波数,0,0,0,0,2024/12/20 17:04:17
月間,202411,策定,関門連系線,2025/01/23,昼間帯,順方向,200,200,0,0,0,0,200,周波数,0,0,0,0,2024/11/20 16:59:38
月間,202411,策定,関門連系線,2025/01/23,昼間帯,逆方向,-2620,-2620,0,0,0,0,-2620,周波数,0,0,0,0,2024/11/20 16:59:38
月間,202411,策定,関門連系線,2025/01/23,夜間帯,順方向,450,450,0,0,0,0,450,周波数,0,0,0,0,2024/11/20 16:59:38
月間,202411,策定,関門連系線,2025/01/23,夜間帯,逆方向,-2260,-2260,0,0,0,0,-2260,周波数,0,0,0,0,2024/11/20 16:59:38
月間,202412,策定,関門連系線,2025/01/23,昼間帯,順方向,200,200,0,0,0,0,200,周波数,0,0,0,0,2024/12/20 17:04:17
月間,202412,策定,関門連系線,2025/01/23,昼間帯,逆方向,-2620,-2620,0,0,0,0,-2620,周波数,0,0,0,0,2024/12/20 17:04:17
月間,202412,策定,関門連系線,2025/01/23,夜間帯,順方向,450,450,0,0,0,0,450,周波数,0,0,0,0,2024/12/20 17:04:17
月間,202412,策定,関門連系線,2025/01/23,夜間帯,逆方向,-2260,-2260,0,0,0,0,-2260,周波数,0,0,0,0,2024/12/20 17:04:17
月間,202411,策定,関門連系線,2025/01/24,昼間帯,順方向,200,200,0,0,0,0,200,周波数,0,0,0,0,2024/11/20 16:59:38
月間,202411,策定,関門連系線,2025/01/24,昼間帯,逆方向,-2620,-2620,0,0,0,0,-2620,周波数,0,0,0,0,2024/11/20 16:59:38
月間,202411,策定,関門連系線,2025/01/24,夜間帯,順方向,450,450,0,0,0,0,450,周波数,0,0,0,0,2024/11/20 16:59:38
月間,202411,策定,関門連系線,2025/01/24,夜間帯,逆方向,-2260,-2260,0,0,0,0,-2260,周波数,0,0,0,0,2024/11/20 16:59:38
月間,202412,策定,関門連系線,2025/01/24,昼間帯,順方向,200,200,0,0,0,0,200,周波数,0,0,0,0,2024/12/20 17:04:17
月間,202412,策定,関門連系線,2025/01/24,昼間帯,逆方向,-2620,-2620,0,0,0,0,-2620,周波数,0,0,0,0,2024/12/20 17:04:17
月間,202412,策定,関門連系線,2025/01/24,夜間帯,順方向,450,450,0,0,0,0,450,周波数,0,0,0,0,2024/12/20 17:04:17
月間,202412,策定,関門連系線,2025/01/24,夜間帯,逆方向,-2260,-2260,0,0,0,0,-2260,周波数,0,0,0,0,2024/12/20 17:04:17
月間,202411,策定,関門連系線,2025/01/25,昼間帯,順方向,130,130,0,0,0,0,130,周波数,0,0,0,0,2024/11/20 16:59:38
月間,202411,策定,関門連系線,2025/01/25,昼間帯,逆方向,-2150,-2150,0,0,0,0,-2150,周波数,0,0,0,0,2024/11/20 16:59:38
月間,202411,策定,関門連系線,2025/01/25,夜間帯,順方向,420,420,0,0,0,0,420,周波数,0,0,0,0,2024/11/20 16:59:38
月間,202411,策定,関門連系線,2025/01/25,夜間帯,逆方向,-2060,-2060,0,0,0,0,-2060,周波数,0,0,0,0,2024/11/20 16:59:38
月間,202412,策定,関門連系線,2025/01/25,昼間帯,順方向,130,130,0,0,0,0,130,周波数,0,0,0,0,2024/12/20 17:04:17
月間,202412,策定,関門連系線,2025/01/25,昼間帯,逆方向,-2150,-2150,0,0,0,0,-2150,周波数,0,0,0,0,2024/12/20 17:04:17
月間,202412,策定,関門連系線,2025/01/25,夜間帯,順方向,420,420,0,0,0,0,420,周波数,0,0,0,0,2024/12/20 17:04:17
月間,202412,策定,関門連系線,2025/01/25,夜間帯,逆方向,-2060,-2060,0,0,0,0,-2060,周波数,0,0,0,0,2024/12/20 17:04:17
月間,202411,策定,関門連系線,2025/01/26,昼間帯,順方向,130,130,0,0,0,0,130,周波数,0,0,0,0,2024/11/20 16:59:38
月間,202411,策定,関門連系線,2025/01/26,昼間帯,逆方向,-2150,-2150,0,0,0,0,-2150,周波数,0,0,0,0,2024/11/20 16:59:38
月間,202411,策定,関門連系線,2025/01/26,夜間帯,順方向,420,420,0,0,0,0,420,周波数,0,0,0,0,2024/11/20 16:59:38
月間,202411,策定,関門連系線,2025/01/26,夜間帯,逆方向,-2060,-2060,0,0,0,0,-2060,周波数,0,0,0,0,2024/11/20 16:59:38
月間,202412,策定,関門連系線,2025/01/26,昼間帯,順方向,130,130,0,0,0,0,130,周波数,0,0,0,0,2024/12/20 17:04:17
月間,202412,策定,関門連系線,2025/01/26,昼間帯,逆方向,-2150,-2150,0,0,0,0,-2150,周波数,0,0,0,0,2024/12/20 17:04:17
月間,202412,策定,関門連系線,2025/01/26,夜間帯,順方向,420,420,0,0,0,0,420,周波数,0,0,0,0,2024/12/20 17:04:17
月間,202412,策定,関門連系線,2025/01/26,夜間帯,逆方向,-2060,-2060,0,0,0,0,-2060,周波数,0,0,0,0,2024/12/20 17:04:17
月間,202411,策定,関門連系線,2025/01/27,昼間帯,順方向,200,200,0,0,0,0,200,周波数,0,0,0,0,2024/11/20 16:59:38
月間,202411,策定,関門連系線,2025/01/27,昼間帯,逆方向,-2620,-2620,0,0,0,0,-2620,周波数,0,0,0,0,2024/11/20 16:59:38
月間,202411,策定,関門連系線,2025/01/27,夜間帯,順方向,420,420,0,0,0,0,420,周波数,0,0,0,0,2024/11/20 16:59:38
月間,202411,策定,関門連系線,2025/01/27,夜間帯,逆方向,-2060,-2060,0,0,0,0,-2060,周波数,0,0,0,0,2024/11/20 16:59:38
月間,202412,策定,関門連系線,2025/01/27,昼間帯,順方向,200,200,0,0,0,0,200,周波数,0,0,0,0,2024/12/20 17:04:17
月間,202412,策定,関門連系線,2025/01/27,昼間帯,逆方向,-2620,-2620,0,0,0,0,-2620,周波数,0,0,0,0,2024/12/20 17:04:17
月間,202412,策定,関門連系線,2025/01/27,夜間帯,順方向,420,420,0,0,0,0,420,周波数,0,0,0,0,2024/12/20 17:04:17
月間,202412,策定,関門連系線,2025/01/27,夜間帯,逆方向,-2060,-2060,0,0,0,0,-2060,周波数,0,0,0,0,2024/12/20 17:04:17
月間,202411,策定,関門連系線,2025/01/28,昼間帯,順方向,200,200,0,0,0,0,200,周波数,0,0,0,0,2024/11/20 16:59:38
月間,202411,策定,関門連系線,2025/01/28,昼間帯,逆方向,-2620,-2620,0,0,0,0,-2620,周波数,0,0,0,0,2024/11/20 16:59:38
月間,202411,策定,関門連系線,2025/01/28,夜間帯,順方向,450,450,0,0,0,0,450,周波数,0,0,0,0,2024/11/20 16:59:38
月間,202411,策定,関門連系線,2025/01/28,夜間帯,逆方向,-2260,-2260,0,0,0,0,-2260,周波数,0,0,0,0,2024/11/20 16:59:38
月間,202412,策定,関門連系線,2025/01/28,昼間帯,順方向,200,200,0,0,0,0,200,周波数,0,0,0,0,2024/12/20 17:04:17
月間,202412,策定,関門連系線,2025/01/28,昼間帯,逆方向,-2620,-2620,0,0,0,0,-2620,周波数,0,0,0,0,2024/12/20 17:04:17
月間,202412,策定,関門連系線,2025/01/28,夜間帯,順方向,450,450,0,0,0,0,450,周波数,0,0,0,0,2024/12/20 17:04:17
月間,202412,策定,関門連系線,2025/01/28,夜間帯,逆方向,-2260,-2260,0,0,0,0,-2260,周波数,0,0,0,0,2024/12/20 17:04:17
月間,202411,策定,関門連系線,2025/01/29,昼間帯,順方向,200,200,0,0,0,0,200,周波数,0,0,0,0,2024/11/20 16:59:38
月間,202411,策定,関門連系線,2025/01/29,昼間帯,逆方向,-2620,-2620,0,0,0,0,-2620,周波数,0,0,0,0,2024/11/20 16:59:38
月間,202411,策定,関門連系線,2025/01/29,夜間帯,順方向,450,450,0,0,0,0,450,周波数,0,0,0,0,2024/11/20 16:59:38
月間,202411,策定,関門連系線,2025/01/29,夜間帯,逆方向,-2260,-2260,0,0,0,0,-2260,周波数,0,0,0,0,2024/11/20 16:59:38
月間,202412,策定,関門連系線,2025/01/29,昼間帯,順方向,200,200,0,0,0,0,200,周波数,0,0,0,0,2024/12/20 17:04:17
月間,202412,策定,関門連系線,2025/01/29,昼間帯,逆方向,-2620,-2620,0,0,0,0,-2620,周波数,0,0,0,0,2024/12/20 17:04:17
月間,202412,策定,関門連系線,2025/01/29,夜間帯,順方向,450,450,0,0,0,0,450,周波数,0,0,0,0,2024/12/20 17:04:17
月間,202412,策定,関門連系線,2025/01/29,夜間帯,逆方向,-2260,-2260,0,0,0,0,-2260,周波数,0,0,0,0,2024/12/20 17:04:17
月間,202411,策定,関門連系線,2025/01/30,昼間帯,順方向,200,200,0,0,0,0,200,周波数,0,0,0,0,2024/11/20 16:59:38
月間,202411,策定,関門連系線,2025/01/30,昼間帯,逆方向,-2620,-2620,0,0,0,0,-2620,周波数,0,0,0,0,2024/11/20 16:59:38
月間,202411,策定,関門連系線,2025/01/30,夜間帯,順方向,450,450,0,0,0,0,450,周波数,0,0,0,0,2024/11/20 16:59:38
月間,202411,策定,関門連系線,2025/01/30,夜間帯,逆方向,-2260,-2260,0,0,0,0,-2260,周波数,0,0,0,0,2024/11/20 16:59:38
月間,202412,策定,関門連系線,2025/01/30,昼間帯,順方向,200,200,0,0,0,0,200,周波数,0,0,0,0,2024/12/20 17:04:17
月間,202412,策定,関門連系線,2025/01/30,昼間帯,逆方向,-2620,-2620,0,0,0,0,-2620,周波数,0,0,0,0,2024/12/20 17:04:17
月間,202412,策定,関門連系線,2025/01/30,夜間帯,順方向,450,450,0,0,0,0,450,周波数,0,0,0,0,2024/12/20 17:04:17
月間,202412,策定,関門連系線,2025/01/30,夜間帯,逆方向,-2260,-2260,0,0,0,0,-2260,周波数,0,0,0,0,2024/12/20 17:04:17
月間,202411,策定,関門連系線,2025/01/31,昼間帯,順方向,200,200,0,0,0,0,200,周波数,0,0,0,0,2024/11/20 16:59:38
月間,202411,策定,関門連系線,2025/01/31,昼間帯,逆方向,-2620,-2620,0,0,0,0,-2620,周波数,0,0,0,0,2024/11/20 16:59:38
月間,202411,策定,関門連系線,2025/01/31,夜間帯,順方向,450,450,0,0,0,0,450,周波数,0,0,0,0,2024/11/20 16:59:38
月間,202411,策定,関門連系線,2025/01/31,夜間帯,逆方向,-2260,-2260,0,0,0,0,-2260,周波数,0,0,0,0,2024/11/20 16:59:38
月間,202412,策定,関門連系線,2025/01/31,昼間帯,順方向,200,200,0,0,0,0,200,周波数,0,0,0,0,2024/12/20 17:04:17
月間,202412,策定,関門連系線,2025/01/31,昼間帯,逆方向,-2620,-2620,0,0,0,0,-2620,周波数,0,0,0,0,2024/12/20 17:04:17
月間,202412,策定,関門連系線,2025/01/31,夜間帯,順方向,450,450,0,0,0,0,450,周波数,0,0,0,0,2024/12/20 17:04:17
月間,202412,策定,関門連系線,2025/01/31,夜間帯,逆方向,-2260,-2260,0,0,0,0,-2260,周波数,0,0,0,0,2024/12/20 17:04:17
月間,202411,策定,北陸フェンス,2025/01/01,昼間帯,順方向,900,900,0,0,0,0,900,周波数,0,0,0,0,2024/11/20 16:59:38
月間,202411,策定,北陸フェンス,2025/01/01,昼間帯,逆方向,-1740,-1740,0,0,0,0,-1740,周波数,0,0,0,0,2024/11/20 16:59:38
月間,202411,策定,北陸フェンス,2025/01/01,夜間帯,順方向,900,900,0,0,0,0,900,周波数,0,0,0,0,2024/11/20 16:59:38
月間,202411,策定,北陸フェンス,2025/01/01,夜間帯,逆方向,-1900,-1900,0,0,0,0,-1900,安定度,0,0,0,0,2024/11/20 16:59:38
月間,202411,策定,北陸フェンス,2025/01/02,昼間帯,順方向,900,900,0,0,0,0,900,周波数,0,0,0,0,2024/11/20 16:59:38
月間,202411,策定,北陸フェンス,2025/01/02,昼間帯,逆方向,-1740,-1740,0,0,0,0,-1740,周波数,0,0,0,0,2024/11/20 16:59:38
月間,202411,策定,北陸フェンス,2025/01/02,夜間帯,順方向,900,900,0,0,0,0,900,周波数,0,0,0,0,2024/11/20 16:59:38
月間,202411,策定,北陸フェンス,2025/01/02,夜間帯,逆方向,-1900,-1900,0,0,0,0,-1900,安定度,0,0,0,0,2024/11/20 16:59:38
月間,202411,策定,北陸フェンス,2025/01/03,昼間帯,順方向,900,900,0,0,0,0,900,周波数,0,0,0,0,2024/11/20 16:59:38
月間,202411,策定,北陸フェンス,2025/01/03,昼間帯,逆方向,-1740,-1740,0,0,0,0,-1740,周波数,0,0,0,0,2024/11/20 16:59:38
月間,202411,策定,北陸フェンス,2025/01/03,夜間帯,順方向,900,900,0,0,0,0,900,周波数,0,0,0,0,2024/11/20 16:59:38
月間,202411,策定,北陸フェンス,2025/01/03,夜間帯,逆方向,-1900,-1900,0,0,0,0,-1900,安定度,0,0,0,0,2024/11/20 16:59:38
月間,202411,策定,北陸フェンス,2025/01/04,昼間帯,順方向,900,900,0,0,0,0,900,周波数,0,0,0,0,2024/11/20 16:59:38
月間,202411,策定,北陸フェンス,2025/01/04,昼間帯,逆方向,-1860,-1860,0,0,0,0,-1860,周波数,0,0,0,0,2024/11/20 16:59:38
月間,202411,策定,北陸フェンス,2025/01/04,夜間帯,順方向,900,900,0,0,0,0,900,周波数,0,0,0,0,2024/11/20 16:59:38
月間,202411,策定,北陸フェンス,2025/01/04,夜間帯,逆方向,-1900,-1900,0,0,0,0,-1900,安定度,0,0,0,0,2024/11/20 16:59:38
月間,202412,策定,北陸フェンス,2025/01/04,昼間帯,順方向,900,900,0,0,0,0,900,周波数,0,0,0,0,2024/12/20 17:04:17
月間,202412,策定,北陸フェンス,2025/01/04,昼間帯,逆方向,-1860,-1860,0,0,0,0,-1860,周波数,0,0,0,0,2024/12/20 17:04:17
月間,202412,策定,北陸フェンス,2025/01/04,夜間帯,順方向,900,900,0,0,0,0,900,周波数,0,0,0,0,2024/12/20 17:04:17
月間,202412,策定,北陸フェンス,2025/01/04,夜間帯,逆方向,-1900,-1900,0,0,0,0,-1900,安定度,0,0,0,0,2024/12/20 17:04:17
月間,202411,策定,北陸フェンス,2025/01/05,昼間帯,順方向,900,900,0,0,0,0,900,周波数,0,0,0,0,2024/11/20 16:59:38
月間,202411,策定,北陸フェンス,2025/01/05,昼間帯,逆方向,-1860,-1860,0,0,0,0,-1860,周波数,0,0,0,0,2024/11/20 16:59:38
月間,202411,策定,北陸フェンス,2025/01/05,夜間帯,順方向,900,900,0,0,0,0,900,周波数,0,0,0,0,2024/11/20 16:59:38
月間,202411,策定,北陸フェンス,2025/01/05,夜間帯,逆方向,-1900,-1900,0,0,0,0,-1900,安定度,0,0,0,0,2024/11/20 16:59:38
月間,202412,策定,北陸フェンス,2025/01/05,昼間帯,順方向,900,900,0,0,0,0,900,周波数,0,0,0,0,2024/12/20 17:04:17
月間,202412,策定,北陸フェンス,2025/01/05,昼間帯,逆方向,-1860,-1860,0,0,0,0,-1860,周波数,0,0,0,0,2024/12/20 17:04:17
月間,202412,策定,北陸フェンス,2025/01/05,夜間帯,順方向,900,900,0,0,0,0,900,周波数,0,0,0,0,2024/12/20 17:04:17
月間,202412,策定,北陸フェンス,2025/01/05,夜間帯,逆方向,-1900,-1900,0,0,0,0,-1900,安定度,0,0,0,0,2024/12/20 17:04:17
月間,202411,策定,北陸フェンス,2025/01/06,昼間帯,順方向,1090,1600,0,510,0,0,1600,周波数,0,0,0,0,2024/11/20 16:59:38
月間,202411,策定,北陸フェンス,2025/01/06,昼間帯,逆方向,-1900,-1900,0,0,0,0,-1900,安定度,0,0,0,0,2024/11/20 16:59:38
月間,202411,策定,北陸フェンス,2025/01/06,夜間帯,順方向,900,900,0,0,0,0,900,周波数,0,0,0,0,2024/11/20 16:59:38
月間,202411,策定,北陸フェンス,2025/01/06,夜間帯,逆方向,-1900,-1900,0,0,0,0,-1900,安定度,0,0,0,0,2024/11/20 16:59:38
月間,202412,策定,北陸フェンス,2025/01/06,昼間帯,順方向,1090,1600,0,510,0,0,1600,周波数,0,0,0,0,2024/12/20 17:04:17
月間,202412,策定,北陸フェンス,2025/01/06,昼間帯,逆方向,-1900,-1900,0,0,0,0,-1900,安定度,0,0,0,0,2024/12/20 17:04:17
月間,202412,策定,北陸フェンス,2025/01/06,夜間帯,順方向,900,900,0,0,0,0,900,周波数,0,0,0,0,2024/12/20 17:04:17
月間,202412,策定,北陸フェンス,2025/01/06,夜間帯,逆方向,-1900,-1900,0,0,0,0,-1900,安定度,0,0,0,0,2024/12/20 17:04:17
月間,202411,策定,北陸フェンス,2025/01/07,昼間帯,順方向,1090,1600,0,510,0,0,1600,周波数,0,0,0,0,2024/11/20 16:59:38
月間,202411,策定,北陸フェンス,2025/01/07,昼間帯,逆方向,-1900,-1900,0,0,0,0,-1900,安定度,0,0,0,0,2024/11/20 16:59:38
月間,202411,策定,北陸フェンス,2025/01/07,夜間帯,順方向,900,900,0,0,0,0,900,周波数,0,0,0,0,2024/11/20 16:59:38
月間,202411,策定,北陸フェンス,2025/01/07,夜間帯,逆方向,-1900,-1900,0,0,0,0,-1900,安定度,0,0,0,0,2024/11/20 16:59:38
月間,202412,策定,北陸フェンス,2025/01/07,昼間帯,順方向,1090,1600,0,510,0,0,1600,周波数,0,0,0,0,2024/12/20 17:04:17
月間,202412,策定,北陸フェンス,2025/01/07,昼間帯,逆方向,-1900,-1900,0,0,0,0,-1900,安定度,0,0,0,0,2024/12/20 17:04:17
月間,202412,策定,北陸フェンス,2025/01/07,夜間帯,順方向,900,900,0,0,0,0,900,周波数,0,0,0,0,2024/12/20 17:04:17
月間,202412,策定,北陸フェンス,2025/01/07,夜間帯,逆方向,-1900,-1900,0,0,0,0,-1900,安定度,0,0,0,0,2024/12/20 17:04:17
月間,202411,策定,北陸フェンス,2025/01/08,昼間帯,順方向,1090,1600,0,510,0,0,1600,周波数,0,0,0,0,2024/11/20 16:59:38
月間,202411,策定,北陸フェンス,2025/01/08,昼間帯,逆方向,-1900,-1900,0,0,0,0,-1900,安定度,0,0,0,0,2024/11/20 16:59:38
月間,202411,策定,北陸フェンス,2025/01/08,夜間帯,順方向,900,900,0,0,0,0,900,周波数,0,0,0,0,2024/11/20 16:59:38
月間,202411,策定,北陸フェンス,2025/01/08,夜間帯,逆方向,-1900,-1900,0,0,0,0,-1900,安定度,0,0,0,0,2024/11/20 16:59:38
月間,202412,策定,北陸フェンス,2025/01/08,昼間帯,順方向,1090,1600,0,510,0,0,1600,周波数,0,0,0,0,2024/12/20 17:04:17
月間,202412,策定,北陸フェンス,2025/01/08,昼間帯,逆方向,-1900,-1900,0,0,0,0,-1900,安定度,0,0,0,0,2024/12/20 17:04:17
月間,202412,策定,北陸フェンス,2025/01/08,夜間帯,順方向,900,900,0,0,0,0,900,周波数,0,0,0,0,2024/12/20 17:04:17
月間,202412,策定,北陸フェンス,2025/01/08,夜間帯,逆方向,-1900,-1900,0,0,0,0,-1900,安定度,0,0,0,0,2024/12/20 17:04:17
月間,202411,策定,北陸フェンス,2025/01/09,昼間帯,順方向,1090,1600,0,510,0,0,1600,周波数,0,0,0,0,2024/11/20 16:59:38
月間,202411,策定,北陸フェンス,2025/01/09,昼間帯,逆方向,-1900,-1900,0,0,0,0,-1900,安定度,0,0,0,0,2024/11/20 16:59:38
月間,202411,策定,北陸フェンス,2025/01/09,夜間帯,順方向,900,900,0,0,0,0,900,周波数,0,0,0,0,2024/11/20 16:59:38
月間,202411,策定,北陸フェンス,2025/01/09,夜間帯,逆方向,-1900,-1900,0,0,0,0,-1900,安定度,0,0,0,0,2024/11/20 16:59:38
月間,202412,策定,北陸フェンス,2025/01/09,昼間帯,順方向,1090,1600,0,510,0,0,1600,周波数,0,0,0,0,2024/12/20 17:04:17
月間,202412,策定,北陸フェンス,2025/01/09,昼間帯,逆方向,-1900,-1900,0,0,0,0,-1900,安定度,0,0,0,0,2024/12/20 17:04:17
月間,202412,策定,北陸フェンス,2025/01/09,夜間帯,順方向,900,900,0,0,0,0,900,周波数,0,0,0,0,2024/12/20 17:04:17
月間,202412,策定,北陸フェンス,2025/01/09,夜間帯,逆方向,-1900,-1900,0,0,0,0,-1900,安定度,0,0,0,0,2024/12/20 17:04:17
月間,202411,策定,北陸フェンス,2025/01/10,昼間帯,順方向,1090,1600,0,510,0,0,1600,周波数,0,0,0,0,2024/11/20 16:59:38
月間,202411,策定,北陸フェンス,2025/01/10,昼間帯,逆方向,-1900,-1900,0,0,0,0,-1900,安定度,0,0,0,0,2024/11/20 16:59:38
月間,202411,策定,北陸フェンス,2025/01/10,夜間帯,順方向,900,900,0,0,0,0,900,周波数,0,0,0,0,2024/11/20 16:59:38
月間,202411,策定,北陸フェンス,2025/01/10,夜間帯,逆方向,-1900,-1900,0,0,0,0,-1900,安定度,0,0,0,0,2024/11/20 16:59:38
月間,202412,策定,北陸フェンス,2025/01/10,昼間帯,順方向,1090,1600,0,510,0,0,1600,周波数,0,0,0,0,2024/12/20 17:04:17
月間,202412,策定,北陸フェンス,2025/01/10,昼間帯,逆方向,-1900,-1900,0,0,0,0,-1900,安定度,0,0,0,0,2024/12/20 17:04:17
月間,202412,策定,北陸フェンス,2025/01/10,夜間帯,順方向,900,900,0,0,0,0,900,周波数,0,0,0,0,2024/12/20 17:04:17
月間,202412,策定,北陸フェンス,2025/01/10,夜間帯,逆方向,-1900,-1900,0,0,0,0,-1900,安定度,0,0,0,0,2024/12/20 17:04:17
月間,202411,策定,北陸フェンス,2025/01/11,昼間帯,順方向,900,900,0,0,0,0,900,周波数,0,0,0,0,2024/11/20 16:59:38
月間,202411,策定,北陸フェンス,2025/01/11,昼間帯,逆方向,-1860,-1860,0,0,0,0,-1860,周波数,0,0,0,0,2024/11/20 16:59:38
月間,202411,策定,北陸フェンス,2025/01/11,夜間帯,順方向,900,900,0,0,0,0,900,周波数,0,0,0,0,2024/11/20 16:59:38
月間,202411,策定,北陸フェンス,2025/01/11,夜間帯,逆方向,-1900,-1900,0,0,0,0,-1900,安定度,0,0,0,0,2024/11/20 16:59:38
月間,202412,策定,北陸フェンス,2025/01/11,昼間帯,順方向,900,900,0,0,0,0,900,周波数,0,0,0,0,2024/12/20 17:04:17
月間,202412,策定,北陸フェンス,2025/01/11,昼間帯,逆方向,-1860,-1860,0,0,0,0,-1860,周波数,0,0,0,0,2024/12/20 17:04:17
月間,202412,策定,北陸フェンス,2025/01/11,夜間帯,順方向,900,900,0,0,0,0,900,周波数,0,0,0,0,2024/12/20 17:04:17
月間,202412,策定,北陸フェンス,2025/01/11,夜間帯,逆方向,-1900,-1900,0,0,0,0,-1900,安定度,0,0,0,0,2024/12/20 17:04:17
月間,202411,策定,北陸フェンス,2025/01/12,昼間帯,順方向,900,900,0,0,0,0,900,周波数,0,0,0,0,2024/11/20 16:59:38
月間,202411,策定,北陸フェンス,2025/01/12,昼間帯,逆方向,-1860,-1860,0,0,0,0,-1860,周波数,0,0,0,0,2024/11/20 16:59:38
月間,202411,策定,北陸フェンス,2025/01/12,夜間帯,順方向,900,900,0,0,0,0,900,周波数,0,0,0,0,2024/11/20 16:59:38
月間,202411,策定,北陸フェンス,2025/01/12,夜間帯,逆方向,-1900,-1900,0,0,0,0,-1900,安定度,0,0,0,0,2024/11/20 16:59:38
月間,202412,策定,北陸フェンス,2025/01/12,昼間帯,順方向,900,900,0,0,0,0,900,周波数,0,0,0,0,2024/12/20 17:04:17
月間,202412,策定,北陸フェンス,2025/01/12,昼間帯,逆方向,-1860,-1860,0,0,0,0,-1860,周波数,0,0,0,0,2024/12/20 17:04:17
月間,202412,策定,北陸フェンス,2025/01/12,夜間帯,順方向,900,900,0,0,0,0,900,周波数,0,0,0,0,2024/12/20 17:04:17
月間,202412,策定,北陸フェンス,2025/01/12,夜間帯,逆方向,-1900,-1900,0,0,0,0,-1900,安定度,0,0,0,0,2024/12/20 17:04:17
月間,202411,策定,北陸フェンス,2025/01/13,昼間帯,順方向,900,900,0,0,0,0,900,周波数,0,0,0,0,2024/11/20 16:59:38
月間,202411,策定,北陸フェンス,2025/01/13,昼間帯,逆方向,-1860,-1860,0,0,0,0,-1860,周波数,0,0,0,0,2024/11/20 16:59:38
月間,202411,策定,北陸フェンス,2025/01/13,夜間帯,順方向,900,900,0,0,0,0,900,周波数,0,0,0,0,2024/11/20 16:59:38
月間,202411,策定,北陸フェンス,2025/01/13,夜間帯,逆方向,-1900,-1900,0,0,0,0,-1900,安定度,0,0,0,0,2024/11/20 16:59:38
月間,202412,策定,北陸フェンス,2025/01/13,昼間帯,順方向,900,900,0,0,0,0,900,周波数,0,0,0,0,2024/12/20 17:04:17
月間,202412,策定,北陸フェンス,2025/01/13,昼間帯,逆方向,-1860,-1860,0,0,0,0,-1860,周波数,0,0,0,0,2024/12/20 17:04:17
月間,202412,策定,北陸フェンス,2025/01/13,夜間帯,順方向,900,900,0,0,0,0,900,周波数,0,0,0,0,2024/12/20 17:04:17
月間,202412,策定,北陸フェンス,2025/01/13,夜間帯,逆方向,-1900,-1900,0,0,0,0,-1900,安定度,0,0,0,0,2024/12/20 17:04:17
月間,202411,策定,北陸フェンス,2025/01/14,昼間帯,順方向,1090,1600,0,510,0,0,1600,周波数,0,0,0,0,2024/11/20 16:59:38
月間,202411,策定,北陸フェンス,2025/01/14,昼間帯,逆方向,-1900,-1900,0,0,0,0,-1900,安定度,0,0,0,0,2024/11/20 16:59:38
月間,202411,策定,北陸フェンス,2025/01/14,夜間帯,順方向,900,900,0,0,0,0,900,周波数,0,0,0,0,2024/11/20 16:59:38
月間,202411,策定,北陸フェンス,2025/01/14,夜間帯,逆方向,-1900,-1900,0,0,0,0,-1900,安定度,0,0,0,0,2024/11/20 16:59:38
月間,202412,策定,北陸フェンス,2025/01/14,昼間帯,順方向,1090,1600,0,510,0,0,1600,周波数,0,0,0,0,2024/12/20 17:04:17
月間,202412,策定,北陸フェンス,2025/01/14,昼間帯,逆方向,-1900,-1900,0,0,0,0,-1900,安定度,0,0,0,0,2024/12/20 17:04:17
月間,202412,策定,北陸フェンス,2025/01/14,夜間帯,順方向,900,900,0,0,0,0,900,周波数,0,0,0,0,2024/12/20 17:04:17
月間,202412,策定,北陸フェンス,2025/01/14,夜間帯,逆方向,-1900,-1900,0,0,0,0,-1900,安定度,0,0,0,0,2024/12/20 17:04:17
月間,202411,策定,北陸フェンス,2025/01/15,昼間帯,順方向,1090,1600,0,510,0,0,1600,周波数,0,0,0,0,2024/11/20 16:59:38
月間,202411,策定,北陸フェンス,2025/01/15,昼間帯,逆方向,-1900,-1900,0,0,0,0,-1900,安定度,0,0,0,0,2024/11/20 16:59:38
月間,202411,策定,北陸フェンス,2025/01/15,夜間帯,順方向,900,900,0,0,0,0,900,周波数,0,0,0,0,2024/11/20 16:59:38
月間,202411,策定,北陸フェンス,2025/01/15,夜間帯,逆方向,-1900,-1900,0,0,0,0,-1900,安定度,0,0,0,0,2024/11/20 16:59:38
月間,202412,策定,北陸フェンス,2025/01/15,昼間帯,順方向,1090,1600,0,510,0,0,1600,周波数,0,0,0,0,2024/12/20 17:04:17
月間,202412,策定,北陸フェンス,2025/01/15,昼間帯,逆方向,-1900,-1900,0,0,0,0,-1900,安定度,0,0,0,0,2024/12/20 17:04:17
月間,202412,策定,北陸フェンス,2025/01/15,夜間帯,順方向,900,900,0,0,0,0,900,周波数,0,0,0,0,2024/12/20 17:04:17
月間,202412,策定,北陸フェンス,2025/01/15,夜間帯,逆方向,-1900,-1900,0,0,0,0,-1900,安定度,0,0,0,0,2024/12/20 17:04:17
月間,202411,策定,北陸フェンス,2025/01/16,昼間帯,順方向,1090,1600,0,510,0,0,1600,周波数,0,0,0,0,2024/11/20 16:59:38
月間,202411,策定,北陸フェンス,2025/01/16,昼間帯,逆方向,-1900,-1900,0,0,0,0,-1900,安定度,0,0,0,0,2024/11/20 16:59:38
月間,202411,策定,北陸フェンス,2025/01/16,夜間帯,順方向,900,900,0,0,0,0,900,周波数,0,0,0,0,2024/11/20 16:59:38
月間,202411,策定,北陸フェンス,2025/01/16,夜間帯,逆方向,-1900,-1900,0,0,0,0,-1900,安定度,0,0,0,0,2024/11/20 16:59:38
月間,202412,策定,北陸フェンス,2025/01/16,昼間帯,順方向,1090,1600,0,510,0,0,1600,周波数,0,0,0,0,2024/12/20 17:04:17
月間,202412,策定,北陸フェンス,2025/01/16,昼間帯,逆方向,-1900,-1900,0,0,0,0,-1900,安定度,0,0,0,0,2024/12/20 17:04:17
月間,202412,策定,北陸フェンス,2025/01/16,夜間帯,順方向,900,900,0,0,0,0,900,周波数,0,0,0,0,2024/12/20 17:04:17
月間,202412,策定,北陸フェンス,2025/01/16,夜間帯,逆方向,-1900,-1900,0,0,0,0,-1900,安定度,0,0,0,0,2024/12/20 17:04:17
月間,202411,策定,北陸フェンス,2025/01/17,昼間帯,順方向,1090,1600,0,510,0,0,1600,周波数,0,0,0,0,2024/11/20 16:59:38
月間,202411,策定,北陸フェンス,2025/01/17,昼間帯,逆方向,-1900,-1900,0,0,0,0,-1900,安定度,0,0,0,0,2024/11/20 16:59:38
月間,202411,策定,北陸フェンス,2025/01/17,夜間帯,順方向,900,900,0,0,0,0,900,周波数,0,0,0,0,2024/11/20 16:59:38
月間,202411,策定,北陸フェンス,2025/01/17,夜間帯,逆方向,-1900,-1900,0,0,0,0,-1900,安定度,0,0,0,0,2024/11/20 16:59:38
月間,202412,策定,北陸フェンス,2025/01/17,昼間帯,順方向,1090,1600,0,510,0,0,1600,周波数,0,0,0,0,2024/12/20 17:04:17
月間,202412,策定,北陸フェンス,2025/01/17,昼間帯,逆方向,-1900,-1900,0,0,0,0,-1900,安定度,0,0,0,0,2024/12/20 17:04:17
月間,202412,策定,北陸フェンス,2025/01/17,夜間帯,順方向,900,900,0,0,0,0,900,周波数,0,0,0,0,2024/12/20 17:04:17
月間,202412,策定,北陸フェンス,2025/01/17,夜間帯,逆方向,-1900,-1900,0,0,0,0,-1900,安定度,0,0,0,0,2024/12/20 17:04:17
月間,202411,策定,北陸フェンス,2025/01/18,昼間帯,順方向,900,900,0,0,0,0,900,周波数,0,0,0,0,2024/11/20 16:59:38
月間,202411,策定,北陸フェンス,2025/01/18,昼間帯,逆方向,-1860,-1860,0,0,0,0,-1860,周波数,0,0,0,0,2024/11/20 16:59:38
月間,202411,策定,北陸フェンス,2025/01/18,夜間帯,順方向,900,900,0,0,0,0,900,周波数,0,0,0,0,2024/11/20 16:59:38
月間,202411,策定,北陸フェンス,2025/01/18,夜間帯,逆方向,-1900,-1900,0,0,0,0,-1900,安定度,0,0,0,0,2024/11/20 16:59:38
月間,202412,策定,北陸フェンス,2025/01/18,昼間帯,順方向,900,900,0,0,0,0,900,周波数,0,0,0,0,2024/12/20 17:04:17
月間,202412,策定,北陸フェンス,2025/01/18,昼間帯,逆方向,-1860,-1860,0,0,0,0,-1860,周波数,0,0,0,0,2024/12/20 17:04:17
月間,202412,策定,北陸フェンス,2025/01/18,夜間帯,順方向,900,900,0,0,0,0,900,周波数,0,0,0,0,2024/12/20 17:04:17
月間,202412,策定,北陸フェンス,2025/01/18,夜間帯,逆方向,-1900,-1900,0,0,0,0,-1900,安定度,0,0,0,0,2024/12/20 17:04:17
月間,202411,策定,北陸フェンス,2025/01/19,昼間帯,順方向,900,900,0,0,0,0,900,周波数,0,0,0,0,2024/11/20 16:59:38
月間,202411,策定,北陸フェンス,2025/01/19,昼間帯,逆方向,-1860,-1860,0,0,0,0,-1860,周波数,0,0,0,0,2024/11/20 16:59:38
月間,202411,策定,北陸フェンス,2025/01/19,夜間帯,順方向,900,900,0,0,0,0,900,周波数,0,0,0,0,2024/11/20 16:59:38
月間,202411,策定,北陸フェンス,2025/01/19,夜間帯,逆方向,-1900,-1900,0,0,0,0,-1900,安定度,0,0,0,0,2024/11/20 16:59:38
月間,202412,策定,北陸フェンス,2025/01/19,昼間帯,順方向,900,900,0,0,0,0,900,周波数,0,0,0,0,2024/12/20 17:04:17
月間,202412,策定,北陸フェンス,2025/01/19,昼間帯,逆方向,-1860,-1860,0,0,0,0,-1860,周波数,0,0,0,0,2024/12/20 17:04:17
月間,202412,策定,北陸フェンス,2025/01/19,夜間帯,順方向,900,900,0,0,0,0,900,周波数,0,0,0,0,2024/12/20 17:04:17
月間,202412,策定,北陸フェンス,2025/01/19,夜間帯,逆方向,-1900,-1900,0,0,0,0,-1900,安定度,0,0,0,0,2024/12/20 17:04:17
月間,202411,策定,北陸フェンス,2025/01/20,昼間帯,順方向,1090,1600,0,510,0,0,1600,周波数,0,0,0,0,2024/11/20 16:59:38
月間,202411,策定,北陸フェンス,2025/01/20,昼間帯,逆方向,-1900,-1900,0,0,0,0,-1900,安定度,0,0,0,0,2024/11/20 16:59:38
月間,202411,策定,北陸フェンス,2025/01/20,夜間帯,順方向,900,900,0,0,0,0,900,周波数,0,0,0,0,2024/11/20 16:59:38
月間,202411,策定,北陸フェンス,2025/01/20,夜間帯,逆方向,-1900,-1900,0,0,0,0,-1900,安定度,0,0,0,0,2024/11/20 16:59:38
月間,202412,策定,北陸フェンス,2025/01/20,昼間帯,順方向,1090,1600,0,510,0,0,1600,周波数,0,0,0,0,2024/12/20 17:04:17
月間,202412,策定,北陸フェンス,2025/01/20,昼間帯,逆方向,-1900,-1900,0,0,0,0,-1900,安定度,0,0,0,0,2024/12/20 17:04:17
月間,202412,策定,北陸フェンス,2025/01/20,夜間帯,順方向,900,900,0,0,0,0,900,周波数,0,0,0,0,2024/12/20 17:04:17
月間,202412,策定,北陸フェンス,2025/01/20,夜間帯,逆方向,-1900,-1900,0,0,0,0,-1900,安定度,0,0,0,0,2024/12/20 17:04:17
月間,202411,策定,北陸フェンス,2025/01/21,昼間帯,順方向,1090,1600,0,510,0,0,1600,周波数,0,0,0,0,2024/11/20 16:59:38
月間,202411,策定,北陸フェンス,2025/01/21,昼間帯,逆方向,-1900,-1900,0,0,0,0,-1900,安定度,0,0,0,0,2024/11/20 16:59:38
月間,202411,策定,北陸フェンス,2025/01/21,夜間帯,順方向,900,900,0,0,0,0,900,周波数,0,0,0,0,2024/11/20 16:59:38
月間,202411,策定,北陸フェンス,2025/01/21,夜間帯,逆方向,-1900,-1900,0,0,0,0,-1900,安定度,0,0,0,0,2024/11/20 16:59:38
月間,202412,策定,北陸フェンス,2025/01/21,昼間帯,順方向,1090,1600,0,510,0,0,1600,周波数,0,0,0,0,2024/12/20 17:04:17
月間,202412,策定,北陸フェンス,2025/01/21,昼間帯,逆方向,-1900,-1900,0,0,0,0,-1900,安定度,0,0,0,0,2024/12/20 17:04:17
月間,202412,策定,北陸フェンス,2025/01/21,夜間帯,順方向,900,900,0,0,0,0,900,周波数,0,0,0,0,2024/12/20 17:04:17
月間,202412,策定,北陸フェンス,2025/01/21,夜間帯,逆方向,-1900,-1900,0,0,0,0,-1900,安定度,0,0,0,0,2024/12/20 17:04:17
月間,202411,策定,北陸フェンス,2025/01/22,昼間帯,順方向,1090,1600,0,510,0,0,1600,周波数,0,0,0,0,2024/11/20 16:59:38
月間,202411,策定,北陸フェンス,2025/01/22,昼間帯,逆方向,-1900,-1900,0,0,0,0,-1900,安定度,0,0,0,0,2024/11/20 16:59:38
月間,202411,策定,北陸フェンス,2025/01/22,夜間帯,順方向,900,900,0,0,0,0,900,周波数,0,0,0,0,2024/11/20 16:59:38
月間,202411,策定,北陸フェンス,2025/01/22,夜間帯,逆方向,-1900,-1900,0,0,0,0,-1900,安定度,0,0,0,0,2024/11/20 16:59:38
月間,202412,策定,北陸フェンス,2025/01/22,昼間帯,順方向,1090,1600,0,510,0,0,1600,周波数,0,0,0,0,2024/12/20 17:04:17
月間,202412,策定,北陸フェンス,2025/01/22,昼間帯,逆方向,-1900,-1900,0,0,0,0,-1900,安定度,0,0,0,0,2024/12/20 17:04:17
月間,202412,策定,北陸フェンス,2025/01/22,夜間帯,順方向,900,900,0,0,0,0,900,周波数,0,0,0,0,2024/12/20 17:04:17
月間,202412,策定,北陸フェンス,2025/01/22,夜間帯,逆方向,-1900,-1900,0,0,0,0,-1900,安定度,0,0,0,0,2024/12/20 17:04:17
月間,202411,策定,北陸フェンス,2025/01/23,昼間帯,順方向,1090,1600,0,510,0,0,1600,周波数,0,0,0,0,2024/11/20 16:59:38
月間,202411,策定,北陸フェンス,2025/01/23,昼間帯,逆方向,-1900,-1900,0,0,0,0,-1900,安定度,0,0,0,0,2024/11/20 16:59:38
月間,202411,策定,北陸フェンス,2025/01/23,夜間帯,順方向,900,900,0,0,0,0,900,周波数,0,0,0,0,2024/11/20 16:59:38
月間,202411,策定,北陸フェンス,2025/01/23,夜間帯,逆方向,-1900,-1900,0,0,0,0,-1900,安定度,0,0,0,0,2024/11/20 16:59:38
月間,202412,策定,北陸フェンス,2025/01/23,昼間帯,順方向,1090,1600,0,510,0,0,1600,周波数,0,0,0,0,2024/12/20 17:04:17
月間,202412,策定,北陸フェンス,2025/01/23,昼間帯,逆方向,-1900,-1900,0,0,0,0,-1900,安定度,0,0,0,0,2024/12/20 17:04:17
月間,202412,策定,北陸フェンス,2025/01/23,夜間帯,順方向,900,900,0,0,0,0,900,周波数,0,0,0,0,2024/12/20 17:04:17
月間,202412,策定,北陸フェンス,2025/01/23,夜間帯,逆方向,-1900,-1900,0,0,0,0,-1900,安定度,0,0,0,0,2024/12/20 17:04:17
月間,202411,策定,北陸フェンス,2025/01/24,昼間帯,順方向,1090,1600,0,510,0,0,1600,周波数,0,0,0,0,2024/11/20 16:59:38
月間,202411,策定,北陸フェンス,2025/01/24,昼間帯,逆方向,-1900,-1900,0,0,0,0,-1900,安定度,0,0,0,0,2024/11/20 16:59:38
月間,202411,策定,北陸フェンス,2025/01/24,夜間帯,順方向,900,900,0,0,0,0,900,周波数,0,0,0,0,2024/11/20 16:59:38
月間,202411,策定,北陸フェンス,2025/01/24,夜間帯,逆方向,-1900,-1900,0,0,0,0,-1900,安定度,0,0,0,0,2024/11/20 16:59:38
月間,202412,策定,北陸フェンス,2025/01/24,昼間帯,順方向,1090,1600,0,510,0,0,1600,周波数,0,0,0,0,2024/12/20 17:04:17
月間,202412,策定,北陸フェンス,2025/01/24,昼間帯,逆方向,-1900,-1900,0,0,0,0,-1900,安定度,0,0,0,0,2024/12/20 17:04:17
月間,202412,策定,北陸フェンス,2025/01/24,夜間帯,順方向,900,900,0,0,0,0,900,周波数,0,0,0,0,2024/12/20 17:04:17
月間,202412,策定,北陸フェンス,2025/01/24,夜間帯,逆方向,-1900,-1900,0,0,0,0,-1900,安定度,0,0,0,0,2024/12/20 17:04:17
月間,202411,策定,北陸フェンス,2025/01/25,昼間帯,順方向,900,900,0,0,0,0,900,周波数,0,0,0,0,2024/11/20 16:59:38
月間,202411,策定,北陸フェンス,2025/01/25,昼間帯,逆方向,-1860,-1860,0,0,0,0,-1860,周波数,0,0,0,0,2024/11/20 16:59:38
月間,202411,策定,北陸フェンス,2025/01/25,夜間帯,順方向,900,900,0,0,0,0,900,周波数,0,0,0,0,2024/11/20 16:59:38
月間,202411,策定,北陸フェンス,2025/01/25,夜間帯,逆方向,-1900,-1900,0,0,0,0,-1900,安定度,0,0,0,0,2024/11/20 16:59:38
月間,202412,策定,北陸フェンス,2025/01/25,昼間帯,順方向,900,900,0,0,0,0,900,周波数,0,0,0,0,2024/12/20 17:04:17
月間,202412,策定,北陸フェンス,2025/01/25,昼間帯,逆方向,-1860,-1860,0,0,0,0,-1860,周波数,0,0,0,0,2024/12/20 17:04:17
月間,202412,策定,北陸フェンス,2025/01/25,夜間帯,順方向,900,900,0,0,0,0,900,周波数,0,0,0,0,2024/12/20 17:04:17
月間,202412,策定,北陸フェンス,2025/01/25,夜間帯,逆方向,-1900,-1900,0,0,0,0,-1900,安定度,0,0,0,0,2024/12/20 17:04:17
月間,202411,策定,北陸フェンス,2025/01/26,昼間帯,順方向,900,900,0,0,0,0,900,周波数,0,0,0,0,2024/11/20 16:59:38
月間,202411,策定,北陸フェンス,2025/01/26,昼間帯,逆方向,-1860,-1860,0,0,0,0,-1860,周波数,0,0,0,0,2024/11/20 16:59:38
月間,202411,策定,北陸フェンス,2025/01/26,夜間帯,順方向,900,900,0,0,0,0,900,周波数,0,0,0,0,2024/11/20 16:59:38
月間,202411,策定,北陸フェンス,2025/01/26,夜間帯,逆方向,-1900,-1900,0,0,0,0,-1900,安定度,0,0,0,0,2024/11/20 16:59:38
月間,202412,策定,北陸フェンス,2025/01/26,昼間帯,順方向,900,900,0,0,0,0,900,周波数,0,0,0,0,2024/12/20 17:04:17
月間,202412,策定,北陸フェンス,2025/01/26,昼間帯,逆方向,-1860,-1860,0,0,0,0,-1860,周波数,0,0,0,0,2024/12/20 17:04:17
月間,202412,策定,北陸フェンス,2025/01/26,夜間帯,順方向,900,900,0,0,0,0,900,周波数,0,0,0,0,2024/12/20 17:04:17
月間,202412,策定,北陸フェンス,2025/01/26,夜間帯,逆方向,-1900,-1900,0,0,0,0,-1900,安定度,0,0,0,0,2024/12/20 17:04:17
月間,202411,策定,北陸フェンス,2025/01/27,昼間帯,順方向,1090,1600,0,510,0,0,1600,周波数,0,0,0,0,2024/11/20 16:59:38
月間,202411,策定,北陸フェンス,2025/01/27,昼間帯,逆方向,-1900,-1900,0,0,0,0,-1900,安定度,0,0,0,0,2024/11/20 16:59:38
月間,202411,策定,北陸フェンス,2025/01/27,夜間帯,順方向,900,900,0,0,0,0,900,周波数,0,0,0,0,2024/11/20 16:59:38
月間,202411,策定,北陸フェンス,2025/01/27,夜間帯,逆方向,-1900,-1900,0,0,0,0,-1900,安定度,0,0,0,0,2024/11/20 16:59:38
月間,202412,策定,北陸フェンス,2025/01/27,昼間帯,順方向,1090,1600,0,510,0,0,1600,周波数,0,0,0,0,2024/12/20 17:04:17
月間,202412,策定,北陸フェンス,2025/01/27,昼間帯,逆方向,-1900,-1900,0,0,0,0,-1900,安定度,0,0,0,0,2024/12/20 17:04:17
月間,202412,策定,北陸フェンス,2025/01/27,夜間帯,順方向,900,900,0,0,0,0,900,周波数,0,0,0,0,2024/12/20 17:04:17
月間,202412,策定,北陸フェンス,2025/01/27,夜間帯,逆方向,-1900,-1900,0,0,0,0,-1900,安定度,0,0,0,0,2024/12/20 17:04:17
月間,202411,策定,北陸フェンス,2025/01/28,昼間帯,順方向,1090,1600,0,510,0,0,1600,周波数,0,0,0,0,2024/11/20 16:59:38
月間,202411,策定,北陸フェンス,2025/01/28,昼間帯,逆方向,-1900,-1900,0,0,0,0,-1900,安定度,0,0,0,0,2024/11/20 16:59:38
月間,202411,策定,北陸フェンス,2025/01/28,夜間帯,順方向,900,900,0,0,0,0,900,周波数,0,0,0,0,2024/11/20 16:59:38
月間,202411,策定,北陸フェンス,2025/01/28,夜間帯,逆方向,-1900,-1900,0,0,0,0,-1900,安定度,0,0,0,0,2024/11/20 16:59:38
月間,202412,策定,北陸フェンス,2025/01/28,昼間帯,順方向,1090,1600,0,510,0,0,1600,周波数,0,0,0,0,2024/12/20 17:04:17
月間,202412,策定,北陸フェンス,2025/01/28,昼間帯,逆方向,-1900,-1900,0,0,0,0,-1900,安定度,0,0,0,0,2024/12/20 17:04:17
月間,202412,策定,北陸フェンス,2025/01/28,夜間帯,順方向,900,900,0,0,0,0,900,周波数,0,0,0,0,2024/12/20 17:04:17
月間,202412,策定,北陸フェンス,2025/01/28,夜間帯,逆方向,-1900,-1900,0,0,0,0,-1900,安定度,0,0,0,0,2024/12/20 17:04:17
月間,202411,策定,北陸フェンス,2025/01/29,昼間帯,順方向,1090,1600,0,510,0,0,1600,周波数,0,0,0,0,2024/11/20 16:59:38
月間,202411,策定,北陸フェンス,2025/01/29,昼間帯,逆方向,-1900,-1900,0,0,0,0,-1900,安定度,0,0,0,0,2024/11/20 16:59:38
月間,202411,策定,北陸フェンス,2025/01/29,夜間帯,順方向,900,900,0,0,0,0,900,周波数,0,0,0,0,2024/11/20 16:59:38
月間,202411,策定,北陸フェンス,2025/01/29,夜間帯,逆方向,-1900,-1900,0,0,0,0,-1900,安定度,0,0,0,0,2024/11/20 16:59:38
月間,202412,策定,北陸フェンス,2025/01/29,昼間帯,順方向,1090,1600,0,510,0,0,1600,周波数,0,0,0,0,2024/12/20 17:04:17
月間,202412,策定,北陸フェンス,2025/01/29,昼間帯,逆方向,-1900,-1900,0,0,0,0,-1900,安定度,0,0,0,0,2024/12/20 17:04:17
月間,202412,策定,北陸フェンス,2025/01/29,夜間帯,順方向,900,900,0,0,0,0,900,周波数,0,0,0,0,2024/12/20 17:04:17
月間,202412,策定,北陸フェンス,2025/01/29,夜間帯,逆方向,-1900,-1900,0,0,0,0,-1900,安定度,0,0,0,0,2024/12/20 17:04:17
月間,202411,策定,北陸フェンス,2025/01/30,昼間帯,順方向,1090,1600,0,510,0,0,1600,周波数,0,0,0,0,2024/11/20 16:59:38
月間,202411,策定,北陸フェンス,2025/01/30,昼間帯,逆方向,-1900,-1900,0,0,0,0,-1900,安定度,0,0,0,0,2024/11/20 16:59:38
月間,202411,策定,北陸フェンス,2025/01/30,夜間帯,順方向,900,900,0,0,0,0,900,周波数,0,0,0,0,2024/11/20 16:59:38
月間,202411,策定,北陸フェンス,2025/01/30,夜間帯,逆方向,-1900,-1900,0,0,0,0,-1900,安定度,0,0,0,0,2024/11/20 16:59:38
月間,202412,策定,北陸フェンス,2025/01/30,昼間帯,順方向,1090,1600,0,510,0,0,1600,周波数,0,0,0,0,2024/12/20 17:04:17
月間,202412,策定,北陸フェンス,2025/01/30,昼間帯,逆方向,-1900,-1900,0,0,0,0,-1900,安定度,0,0,0,0,2024/12/20 17:04:17
月間,202412,策定,北陸フェンス,2025/01/30,夜間帯,順方向,900,900,0,0,0,0,900,周波数,0,0,0,0,2024/12/20 17:04:17
月間,202412,策定,北陸フェンス,2025/01/30,夜間帯,逆方向,-1900,-1900,0,0,0,0,-1900,安定度,0,0,0,0,2024/12/20 17:04:17
月間,202411,策定,北陸フェンス,2025/01/31,昼間帯,順方向,1090,1600,0,510,0,0,1600,周波数,0,0,0,0,2024/11/20 16:59:38
月間,202411,策定,北陸フェンス,2025/01/31,昼間帯,逆方向,-1900,-1900,0,0,0,0,-1900,安定度,0,0,0,0,2024/11/20 16:59:38
月間,202411,策定,北陸フェンス,2025/01/31,夜間帯,順方向,900,900,0,0,0,0,900,周波数,0,0,0,0,2024/11/20 16:59:38
月間,202411,策定,北陸フェンス,2025/01/31,夜間帯,逆方向,-1900,-1900,0,0,0,0,-1900,安定度,0,0,0,0,2024/11/20 16:59:38
月間,202412,策定,北陸フェンス,2025/01/31,昼間帯,順方向,1090,1600,0,510,0,0,1600,周波数,0,0,0,0,2024/12/20 17:04:17
月間,202412,策定,北陸フェンス,2025/01/31,昼間帯,逆方向,-1900,-1900,0,0,0,0,-1900,安定度,0,0,0,0,2024/12/20 17:04:17
月間,202412,策定,北陸フェンス,2025/01/31,夜間帯,順方向,900,900,0,0,0,0,900,周波数,0,0,0,0,2024/12/20 17:04:17
月間,202412,策定,北陸フェンス,2025/01/31,夜間帯,逆方向,-1900,-1900,0,0,0,0,-1900,安定度,0,0,0,0,2024/12/20 17:04:17
月間,202412,策定,北海道・本州間電力連系設備,2025/02/01,昼間帯,順方向,680,680,0,20,20,0,700,電圧,0,0,0,0,2024/12/20 17:04:17
月間,202412,策定,北海道・本州間電力連系設備,2025/02/01,昼間帯,逆方向,-380,-380,0,-520,-520,0,-900,熱容量,0,0,0,0,2024/12/20 17:04:17
月間,202412,策定,北海道・本州間電力連系設備,2025/02/01,夜間帯,順方向,700,700,0,0,0,0,700,電圧,0,0,0,0,2024/12/20 17:04:17
月間,202412,策定,北海道・本州間電力連系設備,2025/02/01,夜間帯,逆方向,-400,-400,0,-500,-500,0,-900,熱容量,0,0,0,0,2024/12/20 17:04:17
月間,202412,策定,北海道・本州間電力連系設備,2025/02/02,昼間帯,順方向,680,680,0,20,20,0,700,電圧,0,0,0,0,2024/12/20 17:04:17
月間,202412,策定,北海道・本州間電力連系設備,2025/02/02,昼間帯,逆方向,-380,-380,0,-520,-520,0,-900,熱容量,0,0,0,0,2024/12/20 17:04:17
月間,202412,策定,北海道・本州間電力連系設備,2025/02/02,夜間帯,順方向,700,700,0,0,0,0,700,電圧,0,0,0,0,2024/12/20 17:04:17
月間,202412,策定,北海道・本州間電力連系設備,2025/02/02,夜間帯,逆方向,-400,-400,0,-500,-500,0,-900,熱容量,0,0,0,0,2024/12/20 17:04:17
月間,202412,策定,北海道・本州間電力連系設備,2025/02/03,昼間帯,順方向,700,700,0,0,0,0,700,電圧,0,0,0,0,2024/12/20 17:04:17
月間,202412,策定,北海道・本州間電力連系設備,2025/02/03,昼間帯,逆方向,-410,-410,0,-490,-490,0,-900,熱容量,0,0,0,0,2024/12/20 17:04:17
月間,202412,策定,北海道・本州間電力連系設備,2025/02/03,夜間帯,順方向,700,700,0,0,0,0,700,電圧,0,0,0,0,2024/12/20 17:04:17
月間,202412,策定,北海道・本州間電力連系設備,2025/02/03,夜間帯,逆方向,-400,-400,0,-500,-500,0,-900,熱容量,0,0,0,0,2024/12/20 17:04:17
月間,202412,策定,北海道・本州間電力連系設備,2025/02/04,昼間帯,順方向,700,700,0,0,0,0,700,電圧,0,0,0,0,2024/12/20 17:04:17
月間,202412,策定,北海道・本州間電力連系設備,2025/02/04,昼間帯,逆方向,-410,-410,0,-490,-490,0,-900,熱容量,0,0,0,0,2024/12/20 17:04:17
月間,202412,策定,北海道・本州間電力連系設備,2025/02/04,夜間帯,順方向,700,700,0,0,0,0,700,電圧,0,0,0,0,2024/12/20 17:04:17
月間,202412,策定,北海道・本州間電力連系設備,2025/02/04,夜間帯,逆方向,-400,-400,0,-500,-500,0,-900,熱容量,0,0,0,0,2024/12/20 17:04:17
月間,202412,策定,北海道・本州間電力連系設備,2025/02/05,昼間帯,順方向,700,700,0,0,0,0,700,電圧,0,0,0,0,2024/12/20 17:04:17
月間,202412,策定,北海道・本州間電力連系設備,2025/02/05,昼間帯,逆方向,-410,-410,0,-490,-490,0,-900,熱容量,0,0,0,0,2024/12/20 17:04:17
月間,202412,策定,北海道・本州間電力連系設備,2025/02/05,夜間帯,順方向,700,700,0,0,0,0,700,電圧,0,0,0,0,2024/12/20 17:04:17
月間,202412,策定,北海道・本州間電力連系設備,2025/02/05,夜間帯,逆方向,-400,-400,0,-500,-500,0,-900,熱容量,0,0,0,0,2024/12/20 17:04:17
月間,202412,策定,北海道・本州間電力連系設備,2025/02/06,昼間帯,順方向,700,700,0,0,0,0,700,電圧,0,0,0,0,2024/12/20 17:04:17
月間,202412,策定,北海道・本州間電力連系設備,2025/02/06,昼間帯,逆方向,-410,-410,0,-490,-490,0,-900,熱容量,0,0,0,0,2024/12/20 17:04:17
月間,202412,策定,北海道・本州間電力連系設備,2025/02/06,夜間帯,順方向,700,700,0,0,0,0,700,電圧,0,0,0,0,2024/12/20 17:04:17
月間,202412,策定,北海道・本州間電力連系設備,2025/02/06,夜間帯,逆方向,-400,-400,0,-500,-500,0,-900,熱容量,0,0,0,0,2024/12/20 17:04:17
月間,202412,策定,北海道・本州間電力連系設備,2025/02/07,昼間帯,順方向,700,700,0,0,0,0,700,電圧,0,0,0,0,2024/12/20 17:04:17
月間,202412,策定,北海道・本州間電力連系設備,2025/02/07,昼間帯,逆方向,-410,-410,0,-490,-490,0,-900,熱容量,0,0,0,0,2024/12/20 17:04:17
月間,202412,策定,北海道・本州間電力連系設備,2025/02/07,夜間帯,順方向,700,700,0,0,0,0,700,電圧,0,0,0,0,2024/12/20 17:04:17
月間,202412,策定,北海道・本州間電力連系設備,2025/02/07,夜間帯,逆方向,-400,-400,0,-500,-500,0,-900,熱容量,0,0,0,0,2024/12/20 17:04:17
月間,202412,策定,北海道・本州間電力連系設備,2025/02/08,昼間帯,順方向,680,680,0,20,20,0,700,電圧,0,0,0,0,2024/12/20 17:04:17
月間,202412,策定,北海道・本州間電力連系設備,2025/02/08,昼間帯,逆方向,-380,-380,0,-520,-520,0,-900,熱容量,0,0,0,0,2024/12/20 17:04:17
月間,202412,策定,北海道・本州間電力連系設備,2025/02/08,夜間帯,順方向,700,700,0,0,0,0,700,電圧,0,0,0,0,2024/12/20 17:04:17
月間,202412,策定,北海道・本州間電力連系設備,2025/02/08,夜間帯,逆方向,-400,-400,0,-500,-500,0,-900,熱容量,0,0,0,0,2024/12/20 17:04:17
月間,202412,策定,北海道・本州間電力連系設備,2025/02/09,昼間帯,順方向,680,680,0,20,20,0,700,電圧,0,0,0,0,2024/12/20 17:04:17
月間,202412,策定,北海道・本州間電力連系設備,2025/02/09,昼間帯,逆方向,-380,-380,0,-520,-520,0,-900,熱容量,0,0,0,0,2024/12/20 17:04:17
月間,202412,策定,北海道・本州間電力連系設備,2025/02/09,夜間帯,順方向,700,700,0,0,0,0,700,電圧,0,0,0,0,2024/12/20 17:04:17
月間,202412,策定,北海道・本州間電力連系設備,2025/02/09,夜間帯,逆方向,-400,-400,0,-500,-500,0,-900,熱容量,0,0,0,0,2024/12/20 17:04:17
月間,202412,策定,北海道・本州間電力連系設備,2025/02/10,昼間帯,順方向,700,700,0,0,0,0,700,電圧,0,0,0,0,2024/12/20 17:04:17
月間,202412,策定,北海道・本州間電力連系設備,2025/02/10,昼間帯,逆方向,-410,-410,0,-490,-490,0,-900,熱容量,0,0,0,0,2024/12/20 17:04:17
月間,202412,策定,北海道・本州間電力連系設備,2025/02/10,夜間帯,順方向,700,700,0,0,0,0,700,電圧,0,0,0,0,2024/12/20 17:04:17
月間,202412,策定,北海道・本州間電力連系設備,2025/02/10,夜間帯,逆方向,-400,-400,0,-500,-500,0,-900,熱容量,0,0,0,0,2024/12/20 17:04:17
月間,202412,策定,北海道・本州間電力連系設備,2025/02/11,昼間帯,順方向,680,680,0,20,20,0,700,電圧,0,0,0,0,2024/12/20 17:04:17
月間,202412,策定,北海道・本州間電力連系設備,2025/02/11,昼間帯,逆方向,-380,-380,0,-520,-520,0,-900,熱容量,0,0,0,0,2024/12/20 17:04:17
月間,202412,策定,北海道・本州間電力連系設備,2025/02/11,夜間帯,順方向,700,700,0,0,0,0,700,電圧,0,0,0,0,2024/12/20 17:04:17
月間,202412,策定,北海道・本州間電力連系設備,2025/02/11,夜間帯,逆方向,-400,-400,0,-500,-500,0,-900,熱容量,0,0,0,0,2024/12/20 17:04:17
月間,202412,策定,北海道・本州間電力連系設備,2025/02/12,昼間帯,順方向,700,700,0,0,0,0,700,電圧,0,0,0,0,2024/12/20 17:04:17
月間,202412,策定,北海道・本州間電力連系設備,2025/02/12,昼間帯,逆方向,-410,-410,0,-490,-490,0,-900,熱容量,0,0,0,0,2024/12/20 17:04:17
月間,202412,策定,北海道・本州間電力連系設備,2025/02/12,夜間帯,順方向,700,700,0,0,0,0,700,電圧,0,0,0,0,2024/12/20 17:04:17
月間,202412,策定,北海道・本州間電力連系設備,2025/02/12,夜間帯,逆方向,-400,-400,0,-500,-500,0,-900,熱容量,0,0,0,0,2024/12/20 17:04:17
月間,202412,策定,北海道・本州間電力連系設備,2025/02/13,昼間帯,順方向,700,700,0,0,0,0,700,電圧,0,0,0,0,2024/12/20 17:04:17
月間,202412,策定,北海道・本州間電力連系設備,2025/02/13,昼間帯,逆方向,-410,-410,0,-490,-490,0,-900,熱容量,0,0,0,0,2024/12/20 17:04:17
月間,202412,策定,北海道・本州間電力連系設備,2025/02/13,夜間帯,順方向,700,700,0,0,0,0,700,電圧,0,0,0,0,2024/12/20 17:04:17
月間,202412,策定,北海道・本州間電力連系設備,2025/02/13,夜間帯,逆方向,-400,-400,0,-500,-500,0,-900,熱容量,0,0,0,0,2024/12/20 17:04:17
月間,202412,策定,北海道・本州間電力連系設備,2025/02/14,昼間帯,順方向,700,700,0,0,0,0,700,電圧,0,0,0,0,2024/12/20 17:04:17
月間,202412,策定,北海道・本州間電力連系設備,2025/02/14,昼間帯,逆方向,-410,-410,0,-490,-490,0,-900,熱容量,0,0,0,0,2024/12/20 17:04:17
月間,202412,策定,北海道・本州間電力連系設備,2025/02/14,夜間帯,順方向,700,700,0,0,0,0,700,電圧,0,0,0,0,2024/12/20 17:04:17
月間,202412,策定,北海道・本州間電力連系設備,2025/02/14,夜間帯,逆方向,-400,-400,0,-500,-500,0,-900,熱容量,0,0,0,0,2024/12/20 17:04:17
月間,202412,策定,北海道・本州間電力連系設備,2025/02/15,昼間帯,順方向,680,680,0,20,20,0,700,電圧,0,0,0,0,2024/12/20 17:04:17
月間,202412,策定,北海道・本州間電力連系設備,2025/02/15,昼間帯,逆方向,-380,-380,0,-520,-520,0,-900,熱容量,0,0,0,0,2024/12/20 17:04:17
月間,202412,策定,北海道・本州間電力連系設備,2025/02/15,夜間帯,順方向,700,700,0,0,0,0,700,電圧,0,0,0,0,2024/12/20 17:04:17
月間,202412,策定,北海道・本州間電力連系設備,2025/02/15,夜間帯,逆方向,-400,-400,0,-500,-500,0,-900,熱容量,0,0,0,0,2024/12/20 17:04:17
月間,202412,策定,北海道・本州間電力連系設備,2025/02/16,昼間帯,順方向,680,680,0,20,20,0,700,電圧,0,0,0,0,2024/12/20 17:04:17
月間,202412,策定,北海道・本州間電力連系設備,2025/02/16,昼間帯,逆方向,-380,-380,0,-520,-520,0,-900,熱容量,0,0,0,0,2024/12/20 17:04:17
月間,202412,策定,北海道・本州間電力連系設備,2025/02/16,夜間帯,順方向,700,700,0,0,0,0,700,電圧,0,0,0,0,2024/12/20 17:04:17
月間,202412,策定,北海道・本州間電力連系設備,2025/02/16,夜間帯,逆方向,-400,-400,0,-500,-500,0,-900,熱容量,0,0,0,0,2024/12/20 17:04:17
月間,202412,策定,北海道・本州間電力連系設備,2025/02/17,昼間帯,順方向,700,700,0,0,0,0,700,電圧,0,0,0,0,2024/12/20 17:04:17
月間,202412,策定,北海道・本州間電力連系設備,2025/02/17,昼間帯,逆方向,-410,-410,0,-490,-490,0,-900,熱容量,0,0,0,0,2024/12/20 17:04:17
月間,202412,策定,北海道・本州間電力連系設備,2025/02/17,夜間帯,順方向,700,700,0,0,0,0,700,電圧,0,0,0,0,2024/12/20 17:04:17
月間,202412,策定,北海道・本州間電力連系設備,2025/02/17,夜間帯,逆方向,-400,-400,0,-500,-500,0,-900,熱容量,0,0,0,0,2024/12/20 17:04:17
月間,202412,策定,北海道・本州間電力連系設備,2025/02/18,昼間帯,順方向,700,700,0,0,0,0,700,電圧,0,0,0,0,2024/12/20 17:04:17
月間,202412,策定,北海道・本州間電力連系設備,2025/02/18,昼間帯,逆方向,-410,-410,0,-490,-490,0,-900,熱容量,0,0,0,0,2024/12/20 17:04:17
月間,202412,策定,北海道・本州間電力連系設備,2025/02/18,夜間帯,順方向,700,700,0,0,0,0,700,電圧,0,0,0,0,2024/12/20 17:04:17
月間,202412,策定,北海道・本州間電力連系設備,2025/02/18,夜間帯,逆方向,-400,-400,0,-500,-500,0,-900,熱容量,0,0,0,0,2024/12/20 17:04:17
月間,202412,策定,北海道・本州間電力連系設備,2025/02/19,昼間帯,順方向,700,700,0,0,0,0,700,電圧,0,0,0,0,2024/12/20 17:04:17
月間,202412,策定,北海道・本州間電力連系設備,2025/02/19,昼間帯,逆方向,-410,-410,0,-490,-490,0,-900,熱容量,0,0,0,0,2024/12/20 17:04:17
月間,202412,策定,北海道・本州間電力連系設備,2025/02/19,夜間帯,順方向,700,700,0,0,0,0,700,電圧,0,0,0,0,2024/12/20 17:04:17
月間,202412,策定,北海道・本州間電力連系設備,2025/02/19,夜間帯,逆方向,-400,-400,0,-500,-500,0,-900,熱容量,0,0,0,0,2024/12/20 17:04:17
月間,202412,策定,北海道・本州間電力連系設備,2025/02/20,昼間帯,順方向,700,700,0,0,0,0,700,電圧,0,0,0,0,2024/12/20 17:04:17
月間,202412,策定,北海道・本州間電力連系設備,2025/02/20,昼間帯,逆方向,-410,-410,0,-490,-490,0,-900,熱容量,0,0,0,0,2024/12/20 17:04:17
月間,202412,策定,北海道・本州間電力連系設備,2025/02/20,夜間帯,順方向,700,700,0,0,0,0,700,電圧,0,0,0,0,2024/12/20 17:04:17
月間,202412,策定,北海道・本州間電力連系設備,2025/02/20,夜間帯,逆方向,-400,-400,0,-500,-500,0,-900,熱容量,0,0,0,0,2024/12/20 17:04:17
月間,202412,策定,北海道・本州間電力連系設備,2025/02/21,昼間帯,順方向,700,700,0,0,0,0,700,電圧,0,0,0,0,2024/12/20 17:04:17
月間,202412,策定,北海道・本州間電力連系設備,2025/02/21,昼間帯,逆方向,-410,-410,0,-490,-490,0,-900,熱容量,0,0,0,0,2024/12/20 17:04:17
月間,202412,策定,北海道・本州間電力連系設備,2025/02/21,夜間帯,順方向,700,700,0,0,0,0,700,電圧,0,0,0,0,2024/12/20 17:04:17
月間,202412,策定,北海道・本州間電力連系設備,2025/02/21,夜間帯,逆方向,-400,-400,0,-500,-500,0,-900,熱容量,0,0,0,0,2024/12/20 17:04:17
月間,202412,策定,北海道・本州間電力連系設備,2025/02/22,昼間帯,順方向,680,680,0,20,20,0,700,電圧,0,0,0,0,2024/12/20 17:04:17
月間,202412,策定,北海道・本州間電力連系設備,2025/02/22,昼間帯,逆方向,-380,-380,0,-520,-520,0,-900,熱容量,0,0,0,0,2024/12/20 17:04:17
月間,202412,策定,北海道・本州間電力連系設備,2025/02/22,夜間帯,順方向,700,700,0,0,0,0,700,電圧,0,0,0,0,2024/12/20 17:04:17
月間,202412,策定,北海道・本州間電力連系設備,2025/02/22,夜間帯,逆方向,-400,-400,0,-500,-500,0,-900,熱容量,0,0,0,0,2024/12/20 17:04:17
月間,202412,策定,北海道・本州間電力連系設備,2025/02/23,昼間帯,順方向,680,680,0,20,20,0,700,電圧,0,0,0,0,2024/12/20 17:04:17
月間,202412,策定,北海道・本州間電力連系設備,2025/02/23,昼間帯,逆方向,-380,-380,0,-520,-520,0,-900,熱容量,0,0,0,0,2024/12/20 17:04:17
月間,202412,策定,北海道・本州間電力連系設備,2025/02/23,夜間帯,順方向,700,700,0,0,0,0,700,電圧,0,0,0,0,2024/12/20 17:04:17
月間,202412,策定,北海道・本州間電力連系設備,2025/02/23,夜間帯,逆方向,-400,-400,0,-500,-500,0,-900,熱容量,0,0,0,0,2024/12/20 17:04:17
月間,202412,策定,北海道・本州間電力連系設備,2025/02/24,昼間帯,順方向,680,680,0,20,20,0,700,電圧,0,0,0,0,2024/12/20 17:04:17
月間,202412,策定,北海道・本州間電力連系設備,2025/02/24,昼間帯,逆方向,-380,-380,0,-520,-520,0,-900,熱容量,0,0,0,0,2024/12/20 17:04:17
月間,202412,策定,北海道・本州間電力連系設備,2025/02/24,夜間帯,順方向,700,700,0,0,0,0,700,電圧,0,0,0,0,2024/12/20 17:04:17
月間,202412,策定,北海道・本州間電力連系設備,2025/02/24,夜間帯,逆方向,-400,-400,0,-500,-500,0,-900,熱容量,0,0,0,0,2024/12/20 17:04:17
月間,202412,策定,北海道・本州間電力連系設備,2025/02/25,昼間帯,順方向,700,700,0,0,0,0,700,電圧,0,0,0,0,2024/12/20 17:04:17
月間,202412,策定,北海道・本州間電力連系設備,2025/02/25,昼間帯,逆方向,-410,-410,0,-490,-490,0,-900,熱容量,0,0,0,0,2024/12/20 17:04:17
月間,202412,策定,北海道・本州間電力連系設備,2025/02/25,夜間帯,順方向,700,700,0,0,0,0,700,電圧,0,0,0,0,2024/12/20 17:04:17
月間,202412,策定,北海道・本州間電力連系設備,2025/02/25,夜間帯,逆方向,-400,-400,0,-500,-500,0,-900,熱容量,0,0,0,0,2024/12/20 17:04:17
月間,202412,策定,北海道・本州間電力連系設備,2025/02/26,昼間帯,順方向,700,700,0,0,0,0,700,電圧,0,0,0,0,2024/12/20 17:04:17
月間,202412,策定,北海道・本州間電力連系設備,2025/02/26,昼間帯,逆方向,-410,-410,0,-490,-490,0,-900,熱容量,0,0,0,0,2024/12/20 17:04:17
月間,202412,策定,北海道・本州間電力連系設備,2025/02/26,夜間帯,順方向,700,700,0,0,0,0,700,電圧,0,0,0,0,2024/12/20 17:04:17
月間,202412,策定,北海道・本州間電力連系設備,2025/02/26,夜間帯,逆方向,-400,-400,0,-500,-500,0,-900,熱容量,0,0,0,0,2024/12/20 17:04:17
月間,202412,策定,北海道・本州間電力連系設備,2025/02/27,昼間帯,順方向,700,700,0,0,0,0,700,電圧,0,0,0,0,2024/12/20 17:04:17
月間,202412,策定,北海道・本州間電力連系設備,2025/02/27,昼間帯,逆方向,-410,-410,0,-490,-490,0,-900,熱容量,0,0,0,0,2024/12/20 17:04:17
月間,202412,策定,北海道・本州間電力連系設備,2025/02/27,夜間帯,順方向,700,700,0,0,0,0,700,電圧,0,0,0,0,2024/12/20 17:04:17
月間,202412,策定,北海道・本州間電力連系設備,2025/02/27,夜間帯,逆方向,-400,-400,0,-500,-500,0,-900,熱容量,0,0,0,0,2024/12/20 17:04:17
月間,202412,策定,北海道・本州間電力連系設備,2025/02/28,昼間帯,順方向,700,700,0,0,0,0,700,電圧,0,0,0,0,2024/12/20 17:04:17
月間,202412,策定,北海道・本州間電力連系設備,2025/02/28,昼間帯,逆方向,-410,-410,0,-490,-490,0,-900,熱容量,0,0,0,0,2024/12/20 17:04:17
月間,202412,策定,北海道・本州間電力連系設備,2025/02/28,夜間帯,順方向,700,700,0,0,0,0,700,電圧,0,0,0,0,2024/12/20 17:04:17
月間,202412,策定,北海道・本州間電力連系設備,2025/02/28,夜間帯,逆方向,-400,-400,0,-500,-500,0,-900,熱容量,0,0,0,0,2024/12/20 17:04:17
月間,202501,策定,北海道・本州間電力連系設備,2025/02/01,昼間帯,順方向,680,680,0,20,20,0,700,電圧,0,0,0,0,2025/01/20 17:03:20
月間,202501,策定,北海道・本州間電力連系設備,2025/02/01,昼間帯,逆方向,-380,-380,0,-520,-520,0,-900,熱容量,0,0,0,0,2025/01/20 17:03:20
月間,202501,策定,北海道・本州間電力連系設備,2025/02/01,夜間帯,順方向,700,700,0,0,0,0,700,電圧,0,0,0,0,2025/01/20 17:03:20
月間,202501,策定,北海道・本州間電力連系設備,2025/02/01,夜間帯,逆方向,-400,-400,0,-500,-500,0,-900,熱容量,0,0,0,0,2025/01/20 17:03:20
月間,202501,策定,北海道・本州間電力連系設備,2025/02/02,昼間帯,順方向,680,680,0,20,20,0,700,電圧,0,0,0,0,2025/01/20 17:03:20
月間,202501,策定,北海道・本州間電力連系設備,2025/02/02,昼間帯,逆方向,-380,-380,0,-520,-520,0,-900,熱容量,0,0,0,0,2025/01/20 17:03:20
月間,202501,策定,北海道・本州間電力連系設備,2025/02/02,夜間帯,順方向,700,700,0,0,0,0,700,電圧,0,0,0,0,2025/01/20 17:03:20
月間,202501,策定,北海道・本州間電力連系設備,2025/02/02,夜間帯,逆方向,-400,-400,0,-500,-500,0,-900,熱容量,0,0,0,0,2025/01/20 17:03:20
月間,202501,策定,北海道・本州間電力連系設備,2025/02/03,昼間帯,順方向,700,700,0,0,0,0,700,電圧,0,0,0,0,2025/01/20 17:03:20
月間,202501,策定,北海道・本州間電力連系設備,2025/02/03,昼間帯,逆方向,-410,-410,0,-490,-490,0,-900,熱容量,0,0,0,0,2025/01/20 17:03:20
月間,202501,策定,北海道・本州間電力連系設備,2025/02/03,夜間帯,順方向,700,700,0,0,0,0,700,電圧,0,0,0,0,2025/01/20 17:03:20
月間,202501,策定,北海道・本州間電力連系設備,2025/02/03,夜間帯,逆方向,-400,-400,0,-500,-500,0,-900,熱容量,0,0,0,0,2025/01/20 17:03:20
月間,202501,策定,北海道・本州間電力連系設備,2025/02/04,昼間帯,順方向,700,700,0,0,0,0,700,電圧,0,0,0,0,2025/01/20 17:03:20
月間,202501,策定,北海道・本州間電力連系設備,2025/02/04,昼間帯,逆方向,-410,-410,0,-490,-490,0,-900,熱容量,0,0,0,0,2025/01/20 17:03:20
月間,202501,策定,北海道・本州間電力連系設備,2025/02/04,夜間帯,順方向,700,700,0,0,0,0,700,電圧,0,0,0,0,2025/01/20 17:03:20
月間,202501,策定,北海道・本州間電力連系設備,2025/02/04,夜間帯,逆方向,-400,-400,0,-500,-500,0,-900,熱容量,0,0,0,0,2025/01/20 17:03:20
月間,202501,策定,北海道・本州間電力連系設備,2025/02/05,昼間帯,順方向,700,700,0,0,0,0,700,電圧,0,0,0,0,2025/01/20 17:03:20
月間,202501,策定,北海道・本州間電力連系設備,2025/02/05,昼間帯,逆方向,-410,-410,0,-490,-490,0,-900,熱容量,0,0,0,0,2025/01/20 17:03:20
月間,202501,策定,北海道・本州間電力連系設備,2025/02/05,夜間帯,順方向,700,700,0,0,0,0,700,電圧,0,0,0,0,2025/01/20 17:03:20
月間,202501,策定,北海道・本州間電力連系設備,2025/02/05,夜間帯,逆方向,-400,-400,0,-500,-500,0,-900,熱容量,0,0,0,0,2025/01/20 17:03:20
月間,202501,策定,北海道・本州間電力連系設備,2025/02/06,昼間帯,順方向,700,700,0,0,0,0,700,電圧,0,0,0,0,2025/01/20 17:03:20
月間,202501,策定,北海道・本州間電力連系設備,2025/02/06,昼間帯,逆方向,-410,-410,0,-490,-490,0,-900,熱容量,0,0,0,0,2025/01/20 17:03:20
月間,202501,策定,北海道・本州間電力連系設備,2025/02/06,夜間帯,順方向,700,700,0,0,0,0,700,電圧,0,0,0,0,2025/01/20 17:03:20
月間,202501,策定,北海道・本州間電力連系設備,2025/02/06,夜間帯,逆方向,-400,-400,0,-500,-500,0,-900,熱容量,0,0,0,0,2025/01/20 17:03:20
月間,202501,策定,北海道・本州間電力連系設備,2025/02/07,昼間帯,順方向,700,700,0,0,0,0,700,電圧,0,0,0,0,2025/01/20 17:03:20
月間,202501,策定,北海道・本州間電力連系設備,2025/02/07,昼間帯,逆方向,-410,-410,0,-490,-490,0,-900,熱容量,0,0,0,0,2025/01/20 17:03:20
月間,202501,策定,北海道・本州間電力連系設備,2025/02/07,夜間帯,順方向,700,700,0,0,0,0,700,電圧,0,0,0,0,2025/01/20 17:03:20
月間,202501,策定,北海道・本州間電力連系設備,2025/02/07,夜間帯,逆方向,-400,-400,0,-500,-500,0,-900,熱容量,0,0,0,0,2025/01/20 17:03:20
月間,202501,策定,北海道・本州間電力連系設備,2025/02/08,昼間帯,順方向,680,680,0,20,20,0,700,電圧,0,0,0,0,2025/01/20 17:03:20
月間,202501,策定,北海道・本州間電力連系設備,2025/02/08,昼間帯,逆方向,-380,-380,0,-520,-520,0,-900,熱容量,0,0,0,0,2025/01/20 17:03:20
月間,202501,策定,北海道・本州間電力連系設備,2025/02/08,夜間帯,順方向,700,700,0,0,0,0,700,電圧,0,0,0,0,2025/01/20 17:03:20
月間,202501,策定,北海道・本州間電力連系設備,2025/02/08,夜間帯,逆方向,-400,-400,0,-500,-500,0,-900,熱容量,0,0,0,0,2025/01/20 17:03:20
月間,202501,策定,北海道・本州間電力連系設備,2025/02/09,昼間帯,順方向,680,680,0,20,20,0,700,電圧,0,0,0,0,2025/01/20 17:03:20
月間,202501,策定,北海道・本州間電力連系設備,2025/02/09,昼間帯,逆方向,-380,-380,0,-520,-520,0,-900,熱容量,0,0,0,0,2025/01/20 17:03:20
月間,202501,策定,北海道・本州間電力連系設備,2025/02/09,夜間帯,順方向,700,700,0,0,0,0,700,電圧,0,0,0,0,2025/01/20 17:03:20
月間,202501,策定,北海道・本州間電力連系設備,2025/02/09,夜間帯,逆方向,-400,-400,0,-500,-500,0,-900,熱容量,0,0,0,0,2025/01/20 17:03:20
月間,202501,策定,北海道・本州間電力連系設備,2025/02/10,昼間帯,順方向,700,700,0,0,0,0,700,電圧,0,0,0,0,2025/01/20 17:03:20
月間,202501,策定,北海道・本州間電力連系設備,2025/02/10,昼間帯,逆方向,-410,-410,0,-490,-490,0,-900,熱容量,0,0,0,0,2025/01/20 17:03:20
月間,202501,策定,北海道・本州間電力連系設備,2025/02/10,夜間帯,順方向,700,700,0,0,0,0,700,電圧,0,0,0,0,2025/01/20 17:03:20
月間,202501,策定,北海道・本州間電力連系設備,2025/02/10,夜間帯,逆方向,-400,-400,0,-500,-500,0,-900,熱容量,0,0,0,0,2025/01/20 17:03:20
月間,202501,策定,北海道・本州間電力連系設備,2025/02/11,昼間帯,順方向,680,680,0,20,20,0,700,電圧,0,0,0,0,2025/01/20 17:03:20
月間,202501,策定,北海道・本州間電力連系設備,2025/02/11,昼間帯,逆方向,-380,-380,0,-520,-520,0,-900,熱容量,0,0,0,0,2025/01/20 17:03:20
月間,202501,策定,北海道・本州間電力連系設備,2025/02/11,夜間帯,順方向,700,700,0,0,0,0,700,電圧,0,0,0,0,2025/01/20 17:03:20
月間,202501,策定,北海道・本州間電力連系設備,2025/02/11,夜間帯,逆方向,-400,-400,0,-500,-500,0,-900,熱容量,0,0,0,0,2025/01/20 17:03:20
月間,202501,策定,北海道・本州間電力連系設備,2025/02/12,昼間帯,順方向,700,700,0,0,0,0,700,電圧,0,0,0,0,2025/01/20 17:03:20
月間,202501,策定,北海道・本州間電力連系設備,2025/02/12,昼間帯,逆方向,-410,-410,0,-490,-490,0,-900,熱容量,0,0,0,0,2025/01/20 17:03:20
月間,202501,策定,北海道・本州間電力連系設備,2025/02/12,夜間帯,順方向,700,700,0,0,0,0,700,電圧,0,0,0,0,2025/01/20 17:03:20
月間,202501,策定,北海道・本州間電力連系設備,2025/02/12,夜間帯,逆方向,-400,-400,0,-500,-500,0,-900,熱容量,0,0,0,0,2025/01/20 17:03:20
月間,202501,策定,北海道・本州間電力連系設備,2025/02/13,昼間帯,順方向,700,700,0,0,0,0,700,電圧,0,0,0,0,2025/01/20 17:03:20
月間,202501,策定,北海道・本州間電力連系設備,2025/02/13,昼間帯,逆方向,-410,-410,0,-490,-490,0,-900,熱容量,0,0,0,0,2025/01/20 17:03:20
月間,202501,策定,北海道・本州間電力連系設備,2025/02/13,夜間帯,順方向,700,700,0,0,0,0,700,電圧,0,0,0,0,2025/01/20 17:03:20
月間,202501,策定,北海道・本州間電力連系設備,2025/02/13,夜間帯,逆方向,-400,-400,0,-500,-500,0,-900,熱容量,0,0,0,0,2025/01/20 17:03:20
月間,202501,策定,北海道・本州間電力連系設備,2025/02/14,昼間帯,順方向,700,700,0,0,0,0,700,電圧,0,0,0,0,2025/01/20 17:03:20
月間,202501,策定,北海道・本州間電力連系設備,2025/02/14,昼間帯,逆方向,-410,-410,0,-490,-490,0,-900,熱容量,0,0,0,0,2025/01/20 17:03:20
月間,202501,策定,北海道・本州間電力連系設備,2025/02/14,夜間帯,順方向,700,700,0,0,0,0,700,電圧,0,0,0,0,2025/01/20 17:03:20
月間,202501,策定,北海道・本州間電力連系設備,2025/02/14,夜間帯,逆方向,-400,-400,0,-500,-500,0,-900,熱容量,0,0,0,0,2025/01/20 17:03:20
月間,202501,策定,北海道・本州間電力連系設備,2025/02/15,昼間帯,順方向,680,680,0,20,20,0,700,電圧,0,0,0,0,2025/01/20 17:03:20
月間,202501,策定,北海道・本州間電力連系設備,2025/02/15,昼間帯,逆方向,-380,-380,0,-520,-520,0,-900,熱容量,0,0,0,0,2025/01/20 17:03:20
月間,202501,策定,北海道・本州間電力連系設備,2025/02/15,夜間帯,順方向,700,700,0,0,0,0,700,電圧,0,0,0,0,2025/01/20 17:03:20
月間,202501,策定,北海道・本州間電力連系設備,2025/02/15,夜間帯,逆方向,-400,-400,0,-500,-500,0,-900,熱容量,0,0,0,0,2025/01/20 17:03:20
月間,202501,策定,北海道・本州間電力連系設備,2025/02/16,昼間帯,順方向,680,680,0,20,20,0,700,電圧,0,0,0,0,2025/01/20 17:03:20
月間,202501,策定,北海道・本州間電力連系設備,2025/02/16,昼間帯,逆方向,-380,-380,0,-520,-520,0,-900,熱容量,0,0,0,0,2025/01/20 17:03:20
月間,202501,策定,北海道・本州間電力連系設備,2025/02/16,夜間帯,順方向,700,700,0,0,0,0,700,電圧,0,0,0,0,2025/01/20 17:03:20
月間,202501,策定,北海道・本州間電力連系設備,2025/02/16,夜間帯,逆方向,-400,-400,0,-500,-500,0,-900,熱容量,0,0,0,0,2025/01/20 17:03:20
月間,202501,策定,北海道・本州間電力連系設備,2025/02/17,昼間帯,順方向,700,700,0,0,0,0,700,電圧,0,0,0,0,2025/01/20 17:03:20
月間,202501,策定,北海道・本州間電力連系設備,2025/02/17,昼間帯,逆方向,-410,-410,0,-490,-490,0,-900,熱容量,0,0,0,0,2025/01/20 17:03:20
月間,202501,策定,北海道・本州間電力連系設備,2025/02/17,夜間帯,順方向,700,700,0,0,0,0,700,電圧,0,0,0,0,2025/01/20 17:03:20
月間,202501,策定,北海道・本州間電力連系設備,2025/02/17,夜間帯,逆方向,-400,-400,0,-500,-500,0,-900,熱容量,0,0,0,0,2025/01/20 17:03:20
月間,202501,策定,北海道・本州間電力連系設備,2025/02/18,昼間帯,順方向,700,700,0,0,0,0,700,電圧,0,0,0,0,2025/01/20 17:03:20
月間,202501,策定,北海道・本州間電力連系設備,2025/02/18,昼間帯,逆方向,-410,-410,0,-490,-490,0,-900,熱容量,0,0,0,0,2025/01/20 17:03:20
月間,202501,策定,北海道・本州間電力連系設備,2025/02/18,夜間帯,順方向,700,700,0,0,0,0,700,電圧,0,0,0,0,2025/01/20 17:03:20
月間,202501,策定,北海道・本州間電力連系設備,2025/02/18,夜間帯,逆方向,-400,-400,0,-500,-500,0,-900,熱容量,0,0,0,0,2025/01/20 17:03:20
月間,202501,策定,北海道・本州間電力連系設備,2025/02/19,昼間帯,順方向,700,700,0,0,0,0,700,電圧,0,0,0,0,2025/01/20 17:03:20
月間,202501,策定,北海道・本州間電力連系設備,2025/02/19,昼間帯,逆方向,-410,-410,0,-490,-490,0,-900,熱容量,0,0,0,0,2025/01/20 17:03:20
月間,202501,策定,北海道・本州間電力連系設備,2025/02/19,夜間帯,順方向,700,700,0,0,0,0,700,電圧,0,0,0,0,2025/01/20 17:03:20
月間,202501,策定,北海道・本州間電力連系設備,2025/02/19,夜間帯,逆方向,-400,-400,0,-500,-500,0,-900,熱容量,0,0,0,0,2025/01/20 17:03:20
月間,202501,策定,北海道・本州間電力連系設備,2025/02/20,昼間帯,順方向,700,700,0,0,0,0,700,電圧,0,0,0,0,2025/01/20 17:03:20
月間,202501,策定,北海道・本州間電力連系設備,2025/02/20,昼間帯,逆方向,-410,-410,0,-490,-490,0,-900,熱容量,0,0,0,0,2025/01/20 17:03:20
月間,202501,策定,北海道・本州間電力連系設備,2025/02/20,夜間帯,順方向,700,700,0,0,0,0,700,電圧,0,0,0,0,2025/01/20 17:03:20
月間,202501,策定,北海道・本州間電力連系設備,2025/02/20,夜間帯,逆方向,-400,-400,0,-500,-500,0,-900,熱容量,0,0,0,0,2025/01/20 17:03:20
月間,202501,策定,北海道・本州間電力連系設備,2025/02/21,昼間帯,順方向,700,700,0,0,0,0,700,電圧,0,0,0,0,2025/01/20 17:03:20
月間,202501,策定,北海道・本州間電力連系設備,2025/02/21,昼間帯,逆方向,-410,-410,0,-490,-490,0,-900,熱容量,0,0,0,0,2025/01/20 17:03:20
月間,202501,策定,北海道・本州間電力連系設備,2025/02/21,夜間帯,順方向,700,700,0,0,0,0,700,電圧,0,0,0,0,2025/01/20 17:03:20
月間,202501,策定,北海道・本州間電力連系設備,2025/02/21,夜間帯,逆方向,-400,-400,0,-500,-500,0,-900,熱容量,0,0,0,0,2025/01/20 17:03:20
月間,202501,策定,北海道・本州間電力連系設備,2025/02/22,昼間帯,順方向,680,680,0,20,20,0,700,電圧,0,0,0,0,2025/01/20 17:03:20
月間,202501,策定,北海道・本州間電力連系設備,2025/02/22,昼間帯,逆方向,-380,-380,0,-520,-520,0,-900,熱容量,0,0,0,0,2025/01/20 17:03:20
月間,202501,策定,北海道・本州間電力連系設備,2025/02/22,夜間帯,順方向,700,700,0,0,0,0,700,電圧,0,0,0,0,2025/01/20 17:03:20
月間,202501,策定,北海道・本州間電力連系設備,2025/02/22,夜間帯,逆方向,-400,-400,0,-500,-500,0,-900,熱容量,0,0,0,0,2025/01/20 17:03:20
月間,202501,策定,北海道・本州間電力連系設備,2025/02/23,昼間帯,順方向,680,680,0,20,20,0,700,電圧,0,0,0,0,2025/01/20 17:03:20
月間,202501,策定,北海道・本州間電力連系設備,2025/02/23,昼間帯,逆方向,-380,-380,0,-520,-520,0,-900,熱容量,0,0,0,0,2025/01/20 17:03:20
月間,202501,策定,北海道・本州間電力連系設備,2025/02/23,夜間帯,順方向,700,700,0,0,0,0,700,電圧,0,0,0,0,2025/01/20 17:03:20
月間,202501,策定,北海道・本州間電力連系設備,2025/02/23,夜間帯,逆方向,-400,-400,0,-500,-500,0,-900,熱容量,0,0,0,0,2025/01/20 17:03:20
月間,202501,策定,北海道・本州間電力連系設備,2025/02/24,昼間帯,順方向,680,680,0,20,20,0,700,電圧,0,0,0,0,2025/01/20 17:03:20
月間,202501,策定,北海道・本州間電力連系設備,2025/02/24,昼間帯,逆方向,-380,-380,0,-520,-520,0,-900,熱容量,0,0,0,0,2025/01/20 17:03:20
月間,202501,策定,北海道・本州間電力連系設備,2025/02/24,夜間帯,順方向,700,700,0,0,0,0,700,電圧,0,0,0,0,2025/01/20 17:03:20
月間,202501,策定,北海道・本州間電力連系設備,2025/02/24,夜間帯,逆方向,-400,-400,0,-500,-500,0,-900,熱容量,0,0,0,0,2025/01/20 17:03:20
月間,202501,策定,北海道・本州間電力連系設備,2025/02/25,昼間帯,順方向,700,700,0,0,0,0,700,電圧,0,0,0,0,2025/01/20 17:03:20
月間,202501,策定,北海道・本州間電力連系設備,2025/02/25,昼間帯,逆方向,-410,-410,0,-490,-490,0,-900,熱容量,0,0,0,0,2025/01/20 17:03:20
月間,202501,策定,北海道・本州間電力連系設備,2025/02/25,夜間帯,順方向,700,700,0,0,0,0,700,電圧,0,0,0,0,2025/01/20 17:03:20
月間,202501,策定,北海道・本州間電力連系設備,2025/02/25,夜間帯,逆方向,-400,-400,0,-500,-500,0,-900,熱容量,0,0,0,0,2025/01/20 17:03:20
月間,202501,策定,北海道・本州間電力連系設備,2025/02/26,昼間帯,順方向,700,700,0,0,0,0,700,電圧,0,0,0,0,2025/01/20 17:03:20
月間,202501,策定,北海道・本州間電力連系設備,2025/02/26,昼間帯,逆方向,-410,-410,0,-490,-490,0,-900,熱容量,0,0,0,0,2025/01/20 17:03:20
月間,202501,策定,北海道・本州間電力連系設備,2025/02/26,夜間帯,順方向,700,700,0,0,0,0,700,電圧,0,0,0,0,2025/01/20 17:03:20
月間,202501,策定,北海道・本州間電力連系設備,2025/02/26,夜間帯,逆方向,-400,-400,0,-500,-500,0,-900,熱容量,0,0,0,0,2025/01/20 17:03:20
月間,202501,策定,北海道・本州間電力連系設備,2025/02/27,昼間帯,順方向,700,700,0,0,0,0,700,電圧,0,0,0,0,2025/01/20 17:03:20
月間,202501,策定,北海道・本州間電力連系設備,2025/02/27,昼間帯,逆方向,-410,-410,0,-490,-490,0,-900,熱容量,0,0,0,0,2025/01/20 17:03:20
月間,202501,策定,北海道・本州間電力連系設備,2025/02/27,夜間帯,順方向,700,700,0,0,0,0,700,電圧,0,0,0,0,2025/01/20 17:03:20
月間,202501,策定,北海道・本州間電力連系設備,2025/02/27,夜間帯,逆方向,-400,-400,0,-500,-500,0,-900,熱容量,0,0,0,0,2025/01/20 17:03:20
月間,202501,策定,北海道・本州間電力連系設備,2025/02/28,昼間帯,順方向,700,700,0,0,0,0,700,電圧,0,0,0,0,2025/01/20 17:03:20
月間,202501,策定,北海道・本州間電力連系設備,2025/02/28,昼間帯,逆方向,-410,-410,0,-490,-490,0,-900,熱容量,0,0,0,0,2025/01/20 17:03:20
月間,202501,策定,北海道・本州間電力連系設備,2025/02/28,夜間帯,順方向,700,700,0,0,0,0,700,電圧,0,0,0,0,2025/01/20 17:03:20
月間,202501,策定,北海道・本州間電力連系設備,2025/02/28,夜間帯,逆方向,-400,-400,0,-500,-500,0,-900,熱容量,0,0,0,0,2025/01/20 17:03:20
月間,202412,策定,相馬双葉幹線,2025/02/01,昼間帯,順方向,5780,6160,0,380,0,0,6160,安定度,0,0,0,0,2024/12/20 17:04:17
月間,202412,策定,相馬双葉幹線,2025/02/01,昼間帯,逆方向,-2360,-2360,0,0,0,0,-2360,熱容量,0,0,0,0,2024/12/20 17:04:17
月間,202412,策定,相馬双葉幹線,2025/02/01,夜間帯,順方向,4970,5350,0,380,0,0,5350,熱容量,0,0,0,0,2024/12/20 17:04:17
月間,202412,策定,相馬双葉幹線,2025/02/01,夜間帯,逆方向,-2360,-2360,0,0,0,0,-2360,熱容量,0,0,0,0,2024/12/20 17:04:17
月間,202412,策定,相馬双葉幹線,2025/02/02,昼間帯,順方向,5780,6160,0,380,0,0,6160,安定度,0,0,0,0,2024/12/20 17:04:17
月間,202412,策定,相馬双葉幹線,2025/02/02,昼間帯,逆方向,-2360,-2360,0,0,0,0,-2360,熱容量,0,0,0,0,2024/12/20 17:04:17
月間,202412,策定,相馬双葉幹線,2025/02/02,夜間帯,順方向,4970,5350,0,380,0,0,5350,熱容量,0,0,0,0,2024/12/20 17:04:17
月間,202412,策定,相馬双葉幹線,2025/02/02,夜間帯,逆方向,-2360,-2360,0,0,0,0,-2360,熱容量,0,0,0,0,2024/12/20 17:04:17
月間,202412,策定,相馬双葉幹線,2025/02/03,昼間帯,順方向,5780,6160,0,380,0,0,6160,安定度,0,0,0,0,2024/12/20 17:04:17
月間,202412,策定,相馬双葉幹線,2025/02/03,昼間帯,逆方向,-2360,-2360,0,0,0,0,-2360,熱容量,0,0,0,0,2024/12/20 17:04:17
月間,202412,策定,相馬双葉幹線,2025/02/03,夜間帯,順方向,4970,5350,0,380,0,0,5350,熱容量,0,0,0,0,2024/12/20 17:04:17
月間,202412,策定,相馬双葉幹線,2025/02/03,夜間帯,逆方向,-2360,-2360,0,0,0,0,-2360,熱容量,0,0,0,0,2024/12/20 17:04:17
月間,202412,策定,相馬双葉幹線,2025/02/04,昼間帯,順方向,5780,6160,0,380,0,0,6160,安定度,0,0,0,0,2024/12/20 17:04:17
月間,202412,策定,相馬双葉幹線,2025/02/04,昼間帯,逆方向,-2360,-2360,0,0,0,0,-2360,熱容量,0,0,0,0,2024/12/20 17:04:17
月間,202412,策定,相馬双葉幹線,2025/02/04,夜間帯,順方向,4970,5350,0,380,0,0,5350,熱容量,0,0,0,0,2024/12/20 17:04:17
月間,202412,策定,相馬双葉幹線,2025/02/04,夜間帯,逆方向,-2360,-2360,0,0,0,0,-2360,熱容量,0,0,0,0,2024/12/20 17:04:17
月間,202412,策定,相馬双葉幹線,2025/02/05,昼間帯,順方向,5780,6160,0,380,0,0,6160,安定度,0,0,0,0,2024/12/20 17:04:17
月間,202412,策定,相馬双葉幹線,2025/02/05,昼間帯,逆方向,-2360,-2360,0,0,0,0,-2360,熱容量,0,0,0,0,2024/12/20 17:04:17
月間,202412,策定,相馬双葉幹線,2025/02/05,夜間帯,順方向,4970,5350,0,380,0,0,5350,熱容量,0,0,0,0,2024/12/20 17:04:17
月間,202412,策定,相馬双葉幹線,2025/02/05,夜間帯,逆方向,-2360,-2360,0,0,0,0,-2360,熱容量,0,0,0,0,2024/12/20 17:04:17
月間,202412,策定,相馬双葉幹線,2025/02/06,昼間帯,順方向,5780,6160,0,380,0,0,6160,安定度,0,0,0,0,2024/12/20 17:04:17
月間,202412,策定,相馬双葉幹線,2025/02/06,昼間帯,逆方向,-2360,-2360,0,0,0,0,-2360,熱容量,0,0,0,0,2024/12/20 17:04:17
月間,202412,策定,相馬双葉幹線,2025/02/06,夜間帯,順方向,4970,5350,0,380,0,0,5350,熱容量,0,0,0,0,2024/12/20 17:04:17
月間,202412,策定,相馬双葉幹線,2025/02/06,夜間帯,逆方向,-2360,-2360,0,0,0,0,-2360,熱容量,0,0,0,0,2024/12/20 17:04:17
月間,202412,策定,相馬双葉幹線,2025/02/07,昼間帯,順方向,5780,6160,0,380,0,0,6160,安定度,0,0,0,0,2024/12/20 17:04:17
月間,202412,策定,相馬双葉幹線,2025/02/07,昼間帯,逆方向,-2360,-2360,0,0,0,0,-2360,熱容量,0,0,0,0,2024/12/20 17:04:17
月間,202412,策定,相馬双葉幹線,2025/02/07,夜間帯,順方向,4970,5350,0,380,0,0,5350,熱容量,0,0,0,0,2024/12/20 17:04:17
月間,202412,策定,相馬双葉幹線,2025/02/07,夜間帯,逆方向,-2360,-2360,0,0,0,0,-2360,熱容量,0,0,0,0,2024/12/20 17:04:17
月間,202412,策定,相馬双葉幹線,2025/02/08,昼間帯,順方向,5780,6160,0,380,0,0,6160,安定度,0,0,0,0,2024/12/20 17:04:17
月間,202412,策定,相馬双葉幹線,2025/02/08,昼間帯,逆方向,-2360,-2360,0,0,0,0,-2360,熱容量,0,0,0,0,2024/12/20 17:04:17
月間,202412,策定,相馬双葉幹線,2025/02/08,夜間帯,順方向,4970,5350,0,380,0,0,5350,熱容量,0,0,0,0,2024/12/20 17:04:17
月間,202412,策定,相馬双葉幹線,2025/02/08,夜間帯,逆方向,-2360,-2360,0,0,0,0,-2360,熱容量,0,0,0,0,2024/12/20 17:04:17
月間,202412,策定,相馬双葉幹線,2025/02/09,昼間帯,順方向,5780,6160,0,380,0,0,6160,安定度,0,0,0,0,2024/12/20 17:04:17
月間,202412,策定,相馬双葉幹線,2025/02/09,昼間帯,逆方向,-2360,-2360,0,0,0,0,-2360,熱容量,0,0,0,0,2024/12/20 17:04:17
月間,202412,策定,相馬双葉幹線,2025/02/09,夜間帯,順方向,4970,5350,0,380,0,0,5350,熱容量,0,0,0,0,2024/12/20 17:04:17
月間,202412,策定,相馬双葉幹線,2025/02/09,夜間帯,逆方向,-2360,-2360,0,0,0,0,-2360,熱容量,0,0,0,0,2024/12/20 17:04:17
月間,202412,策定,相馬双葉幹線,2025/02/10,昼間帯,順方向,5780,6160,0,380,0,0,6160,安定度,0,0,0,0,2024/12/20 17:04:17
月間,202412,策定,相馬双葉幹線,2025/02/10,昼間帯,逆方向,-2360,-2360,0,0,0,0,-2360,熱容量,0,0,0,0,2024/12/20 17:04:17
月間,202412,策定,相馬双葉幹線,2025/02/10,夜間帯,順方向,4970,5350,0,380,0,0,5350,熱容量,0,0,0,0,2024/12/20 17:04:17
月間,202412,策定,相馬双葉幹線,2025/02/10,夜間帯,逆方向,-2360,-2360,0,0,0,0,-2360,熱容量,0,0,0,0,2024/12/20 17:04:17
月間,202412,策定,相馬双葉幹線,2025/02/11,昼間帯,順方向,5780,6160,0,380,0,0,6160,安定度（作業）,0,0,0,0,2024/12/20 17:04:17
月間,202412,策定,相馬双葉幹線,2025/02/11,昼間帯,逆方向,-2360,-2360,0,0,0,0,-2360,熱容量,0,0,0,0,2024/12/20 17:04:17
月間,202412,策定,相馬双葉幹線,2025/02/11,夜間帯,順方向,4970,5350,0,380,0,0,5350,熱容量（作業）,0,0,0,0,2024/12/20 17:04:17
月間,202412,策定,相馬双葉幹線,2025/02/11,夜間帯,逆方向,-2360,-2360,0,0,0,0,-2360,熱容量,0,0,0,0,2024/12/20 17:04:17
月間,202412,策定,相馬双葉幹線,2025/02/12,昼間帯,順方向,5780,6160,0,380,0,0,6160,安定度,0,0,0,0,2024/12/20 17:04:17
月間,202412,策定,相馬双葉幹線,2025/02/12,昼間帯,逆方向,-2360,-2360,0,0,0,0,-2360,熱容量,0,0,0,0,2024/12/20 17:04:17
月間,202412,策定,相馬双葉幹線,2025/02/12,夜間帯,順方向,4970,5350,0,380,0,0,5350,熱容量,0,0,0,0,2024/12/20 17:04:17
月間,202412,策定,相馬双葉幹線,2025/02/12,夜間帯,逆方向,-2360,-2360,0,0,0,0,-2360,熱容量,0,0,0,0,2024/12/20 17:04:17
月間,202412,策定,相馬双葉幹線,2025/02/13,昼間帯,順方向,5780,6160,0,380,0,0,6160,安定度,0,0,0,0,2024/12/20 17:04:17
月間,202412,策定,相馬双葉幹線,2025/02/13,昼間帯,逆方向,-2360,-2360,0,0,0,0,-2360,熱容量,0,0,0,0,2024/12/20 17:04:17
月間,202412,策定,相馬双葉幹線,2025/02/13,夜間帯,順方向,4970,5350,0,380,0,0,5350,熱容量,0,0,0,0,2024/12/20 17:04:17
月間,202412,策定,相馬双葉幹線,2025/02/13,夜間帯,逆方向,-2360,-2360,0,0,0,0,-2360,熱容量,0,0,0,0,2024/12/20 17:04:17
月間,202412,策定,相馬双葉幹線,2025/02/14,昼間帯,順方向,5780,6160,0,380,0,0,6160,安定度,0,0,0,0,2024/12/20 17:04:17
月間,202412,策定,相馬双葉幹線,2025/02/14,昼間帯,逆方向,-2360,-2360,0,0,0,0,-2360,熱容量,0,0,0,0,2024/12/20 17:04:17
月間,202412,策定,相馬双葉幹線,2025/02/14,夜間帯,順方向,4970,5350,0,380,0,0,5350,熱容量,0,0,0,0,2024/12/20 17:04:17
月間,202412,策定,相馬双葉幹線,2025/02/14,夜間帯,逆方向,-2360,-2360,0,0,0,0,-2360,熱容量,0,0,0,0,2024/12/20 17:04:17
月間,202412,策定,相馬双葉幹線,2025/02/15,昼間帯,順方向,5780,6160,0,380,0,0,6160,安定度,0,0,0,0,2024/12/20 17:04:17
月間,202412,策定,相馬双葉幹線,2025/02/15,昼間帯,逆方向,-2360,-2360,0,0,0,0,-2360,熱容量,0,0,0,0,2024/12/20 17:04:17
月間,202412,策定,相馬双葉幹線,2025/02/15,夜間帯,順方向,4970,5350,0,380,0,0,5350,熱容量,0,0,0,0,2024/12/20 17:04:17
月間,202412,策定,相馬双葉幹線,2025/02/15,夜間帯,逆方向,-2360,-2360,0,0,0,0,-2360,熱容量,0,0,0,0,2024/12/20 17:04:17
月間,202412,策定,相馬双葉幹線,2025/02/16,昼間帯,順方向,5780,6160,0,380,0,0,6160,安定度,0,0,0,0,2024/12/20 17:04:17
月間,202412,策定,相馬双葉幹線,2025/02/16,昼間帯,逆方向,-2360,-2360,0,0,0,0,-2360,熱容量,0,0,0,0,2024/12/20 17:04:17
月間,202412,策定,相馬双葉幹線,2025/02/16,夜間帯,順方向,4970,5350,0,380,0,0,5350,熱容量,0,0,0,0,2024/12/20 17:04:17
月間,202412,策定,相馬双葉幹線,2025/02/16,夜間帯,逆方向,-2360,-2360,0,0,0,0,-2360,熱容量,0,0,0,0,2024/12/20 17:04:17
月間,202412,策定,相馬双葉幹線,2025/02/17,昼間帯,順方向,5780,6160,0,380,0,0,6160,安定度,0,0,0,0,2024/12/20 17:04:17
月間,202412,策定,相馬双葉幹線,2025/02/17,昼間帯,逆方向,-2360,-2360,0,0,0,0,-2360,熱容量,0,0,0,0,2024/12/20 17:04:17
月間,202412,策定,相馬双葉幹線,2025/02/17,夜間帯,順方向,4970,5350,0,380,0,0,5350,熱容量,0,0,0,0,2024/12/20 17:04:17
月間,202412,策定,相馬双葉幹線,2025/02/17,夜間帯,逆方向,-2360,-2360,0,0,0,0,-2360,熱容量,0,0,0,0,2024/12/20 17:04:17
月間,202412,策定,相馬双葉幹線,2025/02/18,昼間帯,順方向,5780,6160,0,380,0,0,6160,安定度,0,0,0,0,2024/12/20 17:04:17
月間,202412,策定,相馬双葉幹線,2025/02/18,昼間帯,逆方向,-2360,-2360,0,0,0,0,-2360,熱容量,0,0,0,0,2024/12/20 17:04:17
月間,202412,策定,相馬双葉幹線,2025/02/18,夜間帯,順方向,4970,5350,0,380,0,0,5350,熱容量,0,0,0,0,2024/12/20 17:04:17
月間,202412,策定,相馬双葉幹線,2025/02/18,夜間帯,逆方向,-2360,-2360,0,0,0,0,-2360,熱容量,0,0,0,0,2024/12/20 17:04:17
月間,202412,策定,相馬双葉幹線,2025/02/19,昼間帯,順方向,5780,6160,0,380,0,0,6160,安定度,0,0,0,0,2024/12/20 17:04:17
月間,202412,策定,相馬双葉幹線,2025/02/19,昼間帯,逆方向,-2360,-2360,0,0,0,0,-2360,熱容量,0,0,0,0,2024/12/20 17:04:17
月間,202412,策定,相馬双葉幹線,2025/02/19,夜間帯,順方向,4970,5350,0,380,0,0,5350,熱容量,0,0,0,0,2024/12/20 17:04:17
月間,202412,策定,相馬双葉幹線,2025/02/19,夜間帯,逆方向,-2360,-2360,0,0,0,0,-2360,熱容量,0,0,0,0,2024/12/20 17:04:17
月間,202412,策定,相馬双葉幹線,2025/02/20,昼間帯,順方向,5780,6160,0,380,0,0,6160,安定度,0,0,0,0,2024/12/20 17:04:17
月間,202412,策定,相馬双葉幹線,2025/02/20,昼間帯,逆方向,-2360,-2360,0,0,0,0,-2360,熱容量,0,0,0,0,2024/12/20 17:04:17
月間,202412,策定,相馬双葉幹線,2025/02/20,夜間帯,順方向,4970,5350,0,380,0,0,5350,熱容量,0,0,0,0,2024/12/20 17:04:17
月間,202412,策定,相馬双葉幹線,2025/02/20,夜間帯,逆方向,-2360,-2360,0,0,0,0,-2360,熱容量,0,0,0,0,2024/12/20 17:04:17
月間,202412,策定,相馬双葉幹線,2025/02/21,昼間帯,順方向,5780,6160,0,380,0,0,6160,安定度,0,0,0,0,2024/12/20 17:04:17
月間,202412,策定,相馬双葉幹線,2025/02/21,昼間帯,逆方向,-2360,-2360,0,0,0,0,-2360,熱容量,0,0,0,0,2024/12/20 17:04:17
月間,202412,策定,相馬双葉幹線,2025/02/21,夜間帯,順方向,4970,5350,0,380,0,0,5350,熱容量,0,0,0,0,2024/12/20 17:04:17
月間,202412,策定,相馬双葉幹線,2025/02/21,夜間帯,逆方向,-2360,-2360,0,0,0,0,-2360,熱容量,0,0,0,0,2024/12/20 17:04:17
月間,202412,策定,相馬双葉幹線,2025/02/22,昼間帯,順方向,5780,6160,0,380,0,0,6160,安定度,0,0,0,0,2024/12/20 17:04:17
月間,202412,策定,相馬双葉幹線,2025/02/22,昼間帯,逆方向,-2360,-2360,0,0,0,0,-2360,熱容量,0,0,0,0,2024/12/20 17:04:17
月間,202412,策定,相馬双葉幹線,2025/02/22,夜間帯,順方向,4970,5350,0,380,0,0,5350,熱容量,0,0,0,0,2024/12/20 17:04:17
月間,202412,策定,相馬双葉幹線,2025/02/22,夜間帯,逆方向,-2360,-2360,0,0,0,0,-2360,熱容量,0,0,0,0,2024/12/20 17:04:17
月間,202412,策定,相馬双葉幹線,2025/02/23,昼間帯,順方向,5780,6160,0,380,0,0,6160,安定度,0,0,0,0,2024/12/20 17:04:17
月間,202412,策定,相馬双葉幹線,2025/02/23,昼間帯,逆方向,-2360,-2360,0,0,0,0,-2360,熱容量,0,0,0,0,2024/12/20 17:04:17
月間,202412,策定,相馬双葉幹線,2025/02/23,夜間帯,順方向,4970,5350,0,380,0,0,5350,熱容量,0,0,0,0,2024/12/20 17:04:17
月間,202412,策定,相馬双葉幹線,2025/02/23,夜間帯,逆方向,-2360,-2360,0,0,0,0,-2360,熱容量,0,0,0,0,2024/12/20 17:04:17
月間,202412,策定,相馬双葉幹線,2025/02/24,昼間帯,順方向,5780,6160,0,380,0,0,6160,安定度,0,0,0,0,2024/12/20 17:04:17
月間,202412,策定,相馬双葉幹線,2025/02/24,昼間帯,逆方向,-2360,-2360,0,0,0,0,-2360,熱容量,0,0,0,0,2024/12/20 17:04:17
月間,202412,策定,相馬双葉幹線,2025/02/24,夜間帯,順方向,4970,5350,0,380,0,0,5350,熱容量,0,0,0,0,2024/12/20 17:04:17
月間,202412,策定,相馬双葉幹線,2025/02/24,夜間帯,逆方向,-2360,-2360,0,0,0,0,-2360,熱容量,0,0,0,0,2024/12/20 17:04:17
月間,202412,策定,相馬双葉幹線,2025/02/25,昼間帯,順方向,5780,6160,0,380,0,0,6160,安定度,0,0,0,0,2024/12/20 17:04:17
月間,202412,策定,相馬双葉幹線,2025/02/25,昼間帯,逆方向,-2360,-2360,0,0,0,0,-2360,熱容量,0,0,0,0,2024/12/20 17:04:17
月間,202412,策定,相馬双葉幹線,2025/02/25,夜間帯,順方向,4970,5350,0,380,0,0,5350,熱容量,0,0,0,0,2024/12/20 17:04:17
月間,202412,策定,相馬双葉幹線,2025/02/25,夜間帯,逆方向,-2360,-2360,0,0,0,0,-2360,熱容量,0,0,0,0,2024/12/20 17:04:17
月間,202412,策定,相馬双葉幹線,2025/02/26,昼間帯,順方向,5780,6160,0,380,0,0,6160,安定度,0,0,0,0,2024/12/20 17:04:17
月間,202412,策定,相馬双葉幹線,2025/02/26,昼間帯,逆方向,-2360,-2360,0,0,0,0,-2360,熱容量,0,0,0,0,2024/12/20 17:04:17
月間,202412,策定,相馬双葉幹線,2025/02/26,夜間帯,順方向,4970,5350,0,380,0,0,5350,熱容量,0,0,0,0,2024/12/20 17:04:17
月間,202412,策定,相馬双葉幹線,2025/02/26,夜間帯,逆方向,-2360,-2360,0,0,0,0,-2360,熱容量,0,0,0,0,2024/12/20 17:04:17
月間,202412,策定,相馬双葉幹線,2025/02/27,昼間帯,順方向,5780,6160,0,380,0,0,6160,安定度,0,0,0,0,2024/12/20 17:04:17
月間,202412,策定,相馬双葉幹線,2025/02/27,昼間帯,逆方向,-2360,-2360,0,0,0,0,-2360,熱容量,0,0,0,0,2024/12/20 17:04:17
月間,202412,策定,相馬双葉幹線,2025/02/27,夜間帯,順方向,4970,5350,0,380,0,0,5350,熱容量,0,0,0,0,2024/12/20 17:04:17
月間,202412,策定,相馬双葉幹線,2025/02/27,夜間帯,逆方向,-2360,-2360,0,0,0,0,-2360,熱容量,0,0,0,0,2024/12/20 17:04:17
月間,202412,策定,相馬双葉幹線,2025/02/28,昼間帯,順方向,5780,6160,0,380,0,0,6160,安定度,0,0,0,0,2024/12/20 17:04:17
月間,202412,策定,相馬双葉幹線,2025/02/28,昼間帯,逆方向,-2360,-2360,0,0,0,0,-2360,熱容量,0,0,0,0,2024/12/20 17:04:17
月間,202412,策定,相馬双葉幹線,2025/02/28,夜間帯,順方向,4970,5350,0,380,0,0,5350,熱容量,0,0,0,0,2024/12/20 17:04:17
月間,202412,策定,相馬双葉幹線,2025/02/28,夜間帯,逆方向,-2360,-2360,0,0,0,0,-2360,熱容量,0,0,0,0,2024/12/20 17:04:17
月間,202501,策定,相馬双葉幹線,2025/02/01,昼間帯,順方向,5780,6160,0,380,0,0,6160,安定度,0,0,0,0,2025/01/20 17:03:20
月間,202501,策定,相馬双葉幹線,2025/02/01,昼間帯,逆方向,-2360,-2360,0,0,0,0,-2360,熱容量,0,0,0,0,2025/01/20 17:03:20
月間,202501,策定,相馬双葉幹線,2025/02/01,夜間帯,順方向,4970,5350,0,380,0,0,5350,熱容量,0,0,0,0,2025/01/20 17:03:20
月間,202501,策定,相馬双葉幹線,2025/02/01,夜間帯,逆方向,-2360,-2360,0,0,0,0,-2360,熱容量,0,0,0,0,2025/01/20 17:03:20
月間,202501,策定,相馬双葉幹線,2025/02/02,昼間帯,順方向,5780,6160,0,380,0,0,6160,安定度,0,0,0,0,2025/01/20 17:03:20
月間,202501,策定,相馬双葉幹線,2025/02/02,昼間帯,逆方向,-2360,-2360,0,0,0,0,-2360,熱容量,0,0,0,0,2025/01/20 17:03:20
月間,202501,策定,相馬双葉幹線,2025/02/02,夜間帯,順方向,4970,5350,0,380,0,0,5350,熱容量,0,0,0,0,2025/01/20 17:03:20
月間,202501,策定,相馬双葉幹線,2025/02/02,夜間帯,逆方向,-2360,-2360,0,0,0,0,-2360,熱容量,0,0,0,0,2025/01/20 17:03:20
月間,202501,策定,相馬双葉幹線,2025/02/03,昼間帯,順方向,5780,6160,0,380,0,0,6160,安定度,0,0,0,0,2025/01/20 17:03:20
月間,202501,策定,相馬双葉幹線,2025/02/03,昼間帯,逆方向,-2360,-2360,0,0,0,0,-2360,熱容量,0,0,0,0,2025/01/20 17:03:20
月間,202501,策定,相馬双葉幹線,2025/02/03,夜間帯,順方向,4970,5350,0,380,0,0,5350,熱容量,0,0,0,0,2025/01/20 17:03:20
月間,202501,策定,相馬双葉幹線,2025/02/03,夜間帯,逆方向,-2360,-2360,0,0,0,0,-2360,熱容量,0,0,0,0,2025/01/20 17:03:20
月間,202501,策定,相馬双葉幹線,2025/02/04,昼間帯,順方向,5780,6160,0,380,0,0,6160,安定度,0,0,0,0,2025/01/20 17:03:20
月間,202501,策定,相馬双葉幹線,2025/02/04,昼間帯,逆方向,-2360,-2360,0,0,0,0,-2360,熱容量,0,0,0,0,2025/01/20 17:03:20
月間,202501,策定,相馬双葉幹線,2025/02/04,夜間帯,順方向,4970,5350,0,380,0,0,5350,熱容量,0,0,0,0,2025/01/20 17:03:20
月間,202501,策定,相馬双葉幹線,2025/02/04,夜間帯,逆方向,-2360,-2360,0,0,0,0,-2360,熱容量,0,0,0,0,2025/01/20 17:03:20
月間,202501,策定,相馬双葉幹線,2025/02/05,昼間帯,順方向,5780,6160,0,380,0,0,6160,安定度,0,0,0,0,2025/01/20 17:03:20
月間,202501,策定,相馬双葉幹線,2025/02/05,昼間帯,逆方向,-2360,-2360,0,0,0,0,-2360,熱容量,0,0,0,0,2025/01/20 17:03:20
月間,202501,策定,相馬双葉幹線,2025/02/05,夜間帯,順方向,4970,5350,0,380,0,0,5350,熱容量,0,0,0,0,2025/01/20 17:03:20
月間,202501,策定,相馬双葉幹線,2025/02/05,夜間帯,逆方向,-2360,-2360,0,0,0,0,-2360,熱容量,0,0,0,0,2025/01/20 17:03:20
月間,202501,策定,相馬双葉幹線,2025/02/06,昼間帯,順方向,5780,6160,0,380,0,0,6160,安定度,0,0,0,0,2025/01/20 17:03:20
月間,202501,策定,相馬双葉幹線,2025/02/06,昼間帯,逆方向,-2360,-2360,0,0,0,0,-2360,熱容量,0,0,0,0,2025/01/20 17:03:20
月間,202501,策定,相馬双葉幹線,2025/02/06,夜間帯,順方向,4970,5350,0,380,0,0,5350,熱容量,0,0,0,0,2025/01/20 17:03:20
月間,202501,策定,相馬双葉幹線,2025/02/06,夜間帯,逆方向,-2360,-2360,0,0,0,0,-2360,熱容量,0,0,0,0,2025/01/20 17:03:20
月間,202501,策定,相馬双葉幹線,2025/02/07,昼間帯,順方向,5780,6160,0,380,0,0,6160,安定度,0,0,0,0,2025/01/20 17:03:20
月間,202501,策定,相馬双葉幹線,2025/02/07,昼間帯,逆方向,-2360,-2360,0,0,0,0,-2360,熱容量,0,0,0,0,2025/01/20 17:03:20
月間,202501,策定,相馬双葉幹線,2025/02/07,夜間帯,順方向,4970,5350,0,380,0,0,5350,熱容量,0,0,0,0,2025/01/20 17:03:20
月間,202501,策定,相馬双葉幹線,2025/02/07,夜間帯,逆方向,-2360,-2360,0,0,0,0,-2360,熱容量,0,0,0,0,2025/01/20 17:03:20
月間,202501,策定,相馬双葉幹線,2025/02/08,昼間帯,順方向,5780,6160,0,380,0,0,6160,安定度,0,0,0,0,2025/01/20 17:03:20
月間,202501,策定,相馬双葉幹線,2025/02/08,昼間帯,逆方向,-2360,-2360,0,0,0,0,-2360,熱容量,0,0,0,0,2025/01/20 17:03:20
月間,202501,策定,相馬双葉幹線,2025/02/08,夜間帯,順方向,4970,5350,0,380,0,0,5350,熱容量,0,0,0,0,2025/01/20 17:03:20
月間,202501,策定,相馬双葉幹線,2025/02/08,夜間帯,逆方向,-2360,-2360,0,0,0,0,-2360,熱容量,0,0,0,0,2025/01/20 17:03:20
月間,202501,策定,相馬双葉幹線,2025/02/09,昼間帯,順方向,5780,6160,0,380,0,0,6160,安定度,0,0,0,0,2025/01/20 17:03:20
月間,202501,策定,相馬双葉幹線,2025/02/09,昼間帯,逆方向,-2360,-2360,0,0,0,0,-2360,熱容量,0,0,0,0,2025/01/20 17:03:20
月間,202501,策定,相馬双葉幹線,2025/02/09,夜間帯,順方向,4970,5350,0,380,0,0,5350,熱容量,0,0,0,0,2025/01/20 17:03:20
月間,202501,策定,相馬双葉幹線,2025/02/09,夜間帯,逆方向,-2360,-2360,0,0,0,0,-2360,熱容量,0,0,0,0,2025/01/20 17:03:20
月間,202501,策定,相馬双葉幹線,2025/02/10,昼間帯,順方向,5780,6160,0,380,0,0,6160,安定度,0,0,0,0,2025/01/20 17:03:20
月間,202501,策定,相馬双葉幹線,2025/02/10,昼間帯,逆方向,-2360,-2360,0,0,0,0,-2360,熱容量,0,0,0,0,2025/01/20 17:03:20
月間,202501,策定,相馬双葉幹線,2025/02/10,夜間帯,順方向,4970,5350,0,380,0,0,5350,熱容量,0,0,0,0,2025/01/20 17:03:20
月間,202501,策定,相馬双葉幹線,2025/02/10,夜間帯,逆方向,-2360,-2360,0,0,0,0,-2360,熱容量,0,0,0,0,2025/01/20 17:03:20
月間,202501,策定,相馬双葉幹線,2025/02/11,昼間帯,順方向,5780,6160,0,380,0,0,6160,安定度（作業）,0,0,0,0,2025/01/20 17:03:20
月間,202501,策定,相馬双葉幹線,2025/02/11,昼間帯,逆方向,-2360,-2360,0,0,0,0,-2360,熱容量,0,0,0,0,2025/01/20 17:03:20
月間,202501,策定,相馬双葉幹線,2025/02/11,夜間帯,順方向,4970,5350,0,380,0,0,5350,熱容量（作業）,0,0,0,0,2025/01/20 17:03:20
月間,202501,策定,相馬双葉幹線,2025/02/11,夜間帯,逆方向,-2360,-2360,0,0,0,0,-2360,熱容量,0,0,0,0,2025/01/20 17:03:20
月間,202501,策定,相馬双葉幹線,2025/02/12,昼間帯,順方向,5780,6160,0,380,0,0,6160,安定度,0,0,0,0,2025/01/20 17:03:20
月間,202501,策定,相馬双葉幹線,2025/02/12,昼間帯,逆方向,-2360,-2360,0,0,0,0,-2360,熱容量,0,0,0,0,2025/01/20 17:03:20
月間,202501,策定,相馬双葉幹線,2025/02/12,夜間帯,順方向,4970,5350,0,380,0,0,5350,熱容量,0,0,0,0,2025/01/20 17:03:20
月間,202501,策定,相馬双葉幹線,2025/02/12,夜間帯,逆方向,-2360,-2360,0,0,0,0,-2360,熱容量,0,0,0,0,2025/01/20 17:03:20
月間,202501,策定,相馬双葉幹線,2025/02/13,昼間帯,順方向,5780,6160,0,380,0,0,6160,安定度,0,0,0,0,2025/01/20 17:03:20
月間,202501,策定,相馬双葉幹線,2025/02/13,昼間帯,逆方向,-2360,-2360,0,0,0,0,-2360,熱容量,0,0,0,0,2025/01/20 17:03:20
月間,202501,策定,相馬双葉幹線,2025/02/13,夜間帯,順方向,4970,5350,0,380,0,0,5350,熱容量,0,0,0,0,2025/01/20 17:03:20
月間,202501,策定,相馬双葉幹線,2025/02/13,夜間帯,逆方向,-2360,-2360,0,0,0,0,-2360,熱容量,0,0,0,0,2025/01/20 17:03:20
月間,202501,策定,相馬双葉幹線,2025/02/14,昼間帯,順方向,5780,6160,0,380,0,0,6160,安定度,0,0,0,0,2025/01/20 17:03:20
月間,202501,策定,相馬双葉幹線,2025/02/14,昼間帯,逆方向,-2360,-2360,0,0,0,0,-2360,熱容量,0,0,0,0,2025/01/20 17:03:20
月間,202501,策定,相馬双葉幹線,2025/02/14,夜間帯,順方向,4970,5350,0,380,0,0,5350,熱容量,0,0,0,0,2025/01/20 17:03:20
月間,202501,策定,相馬双葉幹線,2025/02/14,夜間帯,逆方向,-2360,-2360,0,0,0,0,-2360,熱容量,0,0,0,0,2025/01/20 17:03:20
月間,202501,策定,相馬双葉幹線,2025/02/15,昼間帯,順方向,5780,6160,0,380,0,0,6160,安定度,0,0,0,0,2025/01/20 17:03:20
月間,202501,策定,相馬双葉幹線,2025/02/15,昼間帯,逆方向,-2360,-2360,0,0,0,0,-2360,熱容量,0,0,0,0,2025/01/20 17:03:20
月間,202501,策定,相馬双葉幹線,2025/02/15,夜間帯,順方向,4970,5350,0,380,0,0,5350,熱容量,0,0,0,0,2025/01/20 17:03:20
月間,202501,策定,相馬双葉幹線,2025/02/15,夜間帯,逆方向,-2360,-2360,0,0,0,0,-2360,熱容量,0,0,0,0,2025/01/20 17:03:20
月間,202501,策定,相馬双葉幹線,2025/02/16,昼間帯,順方向,5780,6160,0,380,0,0,6160,安定度,0,0,0,0,2025/01/20 17:03:20
月間,202501,策定,相馬双葉幹線,2025/02/16,昼間帯,逆方向,-2360,-2360,0,0,0,0,-2360,熱容量,0,0,0,0,2025/01/20 17:03:20
月間,202501,策定,相馬双葉幹線,2025/02/16,夜間帯,順方向,4970,5350,0,380,0,0,5350,熱容量,0,0,0,0,2025/01/20 17:03:20
月間,202501,策定,相馬双葉幹線,2025/02/16,夜間帯,逆方向,-2360,-2360,0,0,0,0,-2360,熱容量,0,0,0,0,2025/01/20 17:03:20
月間,202501,策定,相馬双葉幹線,2025/02/17,昼間帯,順方向,5780,6160,0,380,0,0,6160,安定度,0,0,0,0,2025/01/20 17:03:20
月間,202501,策定,相馬双葉幹線,2025/02/17,昼間帯,逆方向,-2360,-2360,0,0,0,0,-2360,熱容量,0,0,0,0,2025/01/20 17:03:20
月間,202501,策定,相馬双葉幹線,2025/02/17,夜間帯,順方向,4970,5350,0,380,0,0,5350,熱容量,0,0,0,0,2025/01/20 17:03:20
月間,202501,策定,相馬双葉幹線,2025/02/17,夜間帯,逆方向,-2360,-2360,0,0,0,0,-2360,熱容量,0,0,0,0,2025/01/20 17:03:20
月間,202501,策定,相馬双葉幹線,2025/02/18,昼間帯,順方向,5780,6160,0,380,0,0,6160,安定度,0,0,0,0,2025/01/20 17:03:20
月間,202501,策定,相馬双葉幹線,2025/02/18,昼間帯,逆方向,-2360,-2360,0,0,0,0,-2360,熱容量,0,0,0,0,2025/01/20 17:03:20
月間,202501,策定,相馬双葉幹線,2025/02/18,夜間帯,順方向,4970,5350,0,380,0,0,5350,熱容量,0,0,0,0,2025/01/20 17:03:20
月間,202501,策定,相馬双葉幹線,2025/02/18,夜間帯,逆方向,-2360,-2360,0,0,0,0,-2360,熱容量,0,0,0,0,2025/01/20 17:03:20
月間,202501,策定,相馬双葉幹線,2025/02/19,昼間帯,順方向,5780,6160,0,380,0,0,6160,安定度,0,0,0,0,2025/01/20 17:03:20
月間,202501,策定,相馬双葉幹線,2025/02/19,昼間帯,逆方向,-2360,-2360,0,0,0,0,-2360,熱容量,0,0,0,0,2025/01/20 17:03:20
月間,202501,策定,相馬双葉幹線,2025/02/19,夜間帯,順方向,4970,5350,0,380,0,0,5350,熱容量,0,0,0,0,2025/01/20 17:03:20
月間,202501,策定,相馬双葉幹線,2025/02/19,夜間帯,逆方向,-2360,-2360,0,0,0,0,-2360,熱容量,0,0,0,0,2025/01/20 17:03:20
月間,202501,策定,相馬双葉幹線,2025/02/20,昼間帯,順方向,5780,6160,0,380,0,0,6160,安定度,0,0,0,0,2025/01/20 17:03:20
月間,202501,策定,相馬双葉幹線,2025/02/20,昼間帯,逆方向,-2360,-2360,0,0,0,0,-2360,熱容量,0,0,0,0,2025/01/20 17:03:20
月間,202501,策定,相馬双葉幹線,2025/02/20,夜間帯,順方向,4970,5350,0,380,0,0,5350,熱容量,0,0,0,0,2025/01/20 17:03:20
月間,202501,策定,相馬双葉幹線,2025/02/20,夜間帯,逆方向,-2360,-2360,0,0,0,0,-2360,熱容量,0,0,0,0,2025/01/20 17:03:20
月間,202501,策定,相馬双葉幹線,2025/02/21,昼間帯,順方向,5780,6160,0,380,0,0,6160,安定度,0,0,0,0,2025/01/20 17:03:20
月間,202501,策定,相馬双葉幹線,2025/02/21,昼間帯,逆方向,-2360,-2360,0,0,0,0,-2360,熱容量,0,0,0,0,2025/01/20 17:03:20
月間,202501,策定,相馬双葉幹線,2025/02/21,夜間帯,順方向,4970,5350,0,380,0,0,5350,熱容量,0,0,0,0,2025/01/20 17:03:20
月間,202501,策定,相馬双葉幹線,2025/02/21,夜間帯,逆方向,-2360,-2360,0,0,0,0,-2360,熱容量,0,0,0,0,2025/01/20 17:03:20
月間,202501,策定,相馬双葉幹線,2025/02/22,昼間帯,順方向,5780,6160,0,380,0,0,6160,安定度,0,0,0,0,2025/01/20 17:03:20
月間,202501,策定,相馬双葉幹線,2025/02/22,昼間帯,逆方向,-2360,-2360,0,0,0,0,-2360,熱容量,0,0,0,0,2025/01/20 17:03:20
月間,202501,策定,相馬双葉幹線,2025/02/22,夜間帯,順方向,4970,5350,0,380,0,0,5350,熱容量,0,0,0,0,2025/01/20 17:03:20
月間,202501,策定,相馬双葉幹線,2025/02/22,夜間帯,逆方向,-2360,-2360,0,0,0,0,-2360,熱容量,0,0,0,0,2025/01/20 17:03:20
月間,202501,策定,相馬双葉幹線,2025/02/23,昼間帯,順方向,5780,6160,0,380,0,0,6160,安定度,0,0,0,0,2025/01/20 17:03:20
月間,202501,策定,相馬双葉幹線,2025/02/23,昼間帯,逆方向,-2360,-2360,0,0,0,0,-2360,熱容量,0,0,0,0,2025/01/20 17:03:20
月間,202501,策定,相馬双葉幹線,2025/02/23,夜間帯,順方向,4970,5350,0,380,0,0,5350,熱容量,0,0,0,0,2025/01/20 17:03:20
月間,202501,策定,相馬双葉幹線,2025/02/23,夜間帯,逆方向,-2360,-2360,0,0,0,0,-2360,熱容量,0,0,0,0,2025/01/20 17:03:20
月間,202501,策定,相馬双葉幹線,2025/02/24,昼間帯,順方向,5780,6160,0,380,0,0,6160,安定度,0,0,0,0,2025/01/20 17:03:20
月間,202501,策定,相馬双葉幹線,2025/02/24,昼間帯,逆方向,-2360,-2360,0,0,0,0,-2360,熱容量,0,0,0,0,2025/01/20 17:03:20
月間,202501,策定,相馬双葉幹線,2025/02/24,夜間帯,順方向,4970,5350,0,380,0,0,5350,熱容量,0,0,0,0,2025/01/20 17:03:20
月間,202501,策定,相馬双葉幹線,2025/02/24,夜間帯,逆方向,-2360,-2360,0,0,0,0,-2360,熱容量,0,0,0,0,2025/01/20 17:03:20
月間,202501,策定,相馬双葉幹線,2025/02/25,昼間帯,順方向,5780,6160,0,380,0,0,6160,安定度,0,0,0,0,2025/01/20 17:03:20
月間,202501,策定,相馬双葉幹線,2025/02/25,昼間帯,逆方向,-2360,-2360,0,0,0,0,-2360,熱容量,0,0,0,0,2025/01/20 17:03:20
月間,202501,策定,相馬双葉幹線,2025/02/25,夜間帯,順方向,4970,5350,0,380,0,0,5350,熱容量,0,0,0,0,2025/01/20 17:03:20
月間,202501,策定,相馬双葉幹線,2025/02/25,夜間帯,逆方向,-2360,-2360,0,0,0,0,-2360,熱容量,0,0,0,0,2025/01/20 17:03:20
月間,202501,策定,相馬双葉幹線,2025/02/26,昼間帯,順方向,5780,6160,0,380,0,0,6160,安定度,0,0,0,0,2025/01/20 17:03:20
月間,202501,策定,相馬双葉幹線,2025/02/26,昼間帯,逆方向,-2360,-2360,0,0,0,0,-2360,熱容量,0,0,0,0,2025/01/20 17:03:20
月間,202501,策定,相馬双葉幹線,2025/02/26,夜間帯,順方向,4970,5350,0,380,0,0,5350,熱容量,0,0,0,0,2025/01/20 17:03:20
月間,202501,策定,相馬双葉幹線,2025/02/26,夜間帯,逆方向,-2360,-2360,0,0,0,0,-2360,熱容量,0,0,0,0,2025/01/20 17:03:20
月間,202501,策定,相馬双葉幹線,2025/02/27,昼間帯,順方向,5780,6160,0,380,0,0,6160,安定度,0,0,0,0,2025/01/20 17:03:20
月間,202501,策定,相馬双葉幹線,2025/02/27,昼間帯,逆方向,-2360,-2360,0,0,0,0,-2360,熱容量,0,0,0,0,2025/01/20 17:03:20
月間,202501,策定,相馬双葉幹線,2025/02/27,夜間帯,順方向,4970,5350,0,380,0,0,5350,熱容量,0,0,0,0,2025/01/20 17:03:20
月間,202501,策定,相馬双葉幹線,2025/02/27,夜間帯,逆方向,-2360,-2360,0,0,0,0,-2360,熱容量,0,0,0,0,2025/01/20 17:03:20
月間,202501,策定,相馬双葉幹線,2025/02/28,昼間帯,順方向,5780,6160,0,380,0,0,6160,安定度,0,0,0,0,2025/01/20 17:03:20
月間,202501,策定,相馬双葉幹線,2025/02/28,昼間帯,逆方向,-2360,-2360,0,0,0,0,-2360,熱容量,0,0,0,0,2025/01/20 17:03:20
月間,202501,策定,相馬双葉幹線,2025/02/28,夜間帯,順方向,4970,5350,0,380,0,0,5350,熱容量,0,0,0,0,2025/01/20 17:03:20
月間,202501,策定,相馬双葉幹線,2025/02/28,夜間帯,逆方向,-2360,-2360,0,0,0,0,-2360,熱容量,0,0,0,0,2025/01/20 17:03:20
月間,202412,策定,周波数変換設備,2025/02/01,昼間帯,順方向,1200,1200,0,600,600,0,1800,熱容量,0,0,0,0,2024/12/20 17:04:17
月間,202412,策定,周波数変換設備,2025/02/01,昼間帯,逆方向,-1200,-1200,0,-600,-600,0,-1800,熱容量,0,0,0,0,2024/12/20 17:04:17
月間,202412,策定,周波数変換設備,2025/02/01,夜間帯,順方向,1200,1200,0,600,600,0,1800,熱容量,0,0,0,0,2024/12/20 17:04:17
月間,202412,策定,周波数変換設備,2025/02/01,夜間帯,逆方向,-1200,-1200,0,-600,-600,0,-1800,熱容量,0,0,0,0,2024/12/20 17:04:17
月間,202412,策定,周波数変換設備,2025/02/02,昼間帯,順方向,1200,1200,0,600,600,0,1800,熱容量,0,0,0,0,2024/12/20 17:04:17
月間,202412,策定,周波数変換設備,2025/02/02,昼間帯,逆方向,-1200,-1200,0,-600,-600,0,-1800,熱容量,0,0,0,0,2024/12/20 17:04:17
月間,202412,策定,周波数変換設備,2025/02/02,夜間帯,順方向,1200,1200,0,600,600,0,1800,熱容量,0,0,0,0,2024/12/20 17:04:17
月間,202412,策定,周波数変換設備,2025/02/02,夜間帯,逆方向,-1200,-1200,0,-600,-600,0,-1800,熱容量,0,0,0,0,2024/12/20 17:04:17
月間,202412,策定,周波数変換設備,2025/02/03,昼間帯,順方向,1500,1500,0,600,600,0,2100,熱容量,0,0,0,0,2024/12/20 17:04:17
月間,202412,策定,周波数変換設備,2025/02/03,昼間帯,逆方向,-1500,-1500,0,-600,-600,0,-2100,熱容量,0,0,0,0,2024/12/20 17:04:17
月間,202412,策定,周波数変換設備,2025/02/03,夜間帯,順方向,1500,1500,0,600,600,0,2100,熱容量,0,0,0,0,2024/12/20 17:04:17
月間,202412,策定,周波数変換設備,2025/02/03,夜間帯,逆方向,-1500,-1500,0,-600,-600,0,-2100,熱容量,0,0,0,0,2024/12/20 17:04:17
月間,202412,策定,周波数変換設備,2025/02/04,昼間帯,順方向,1500,1500,0,600,600,0,2100,熱容量,0,0,0,0,2024/12/20 17:04:17
月間,202412,策定,周波数変換設備,2025/02/04,昼間帯,逆方向,-1500,-1500,0,-600,-600,0,-2100,熱容量,0,0,0,0,2024/12/20 17:04:17
月間,202412,策定,周波数変換設備,2025/02/04,夜間帯,順方向,1500,1500,0,600,600,0,2100,熱容量,0,0,0,0,2024/12/20 17:04:17
月間,202412,策定,周波数変換設備,2025/02/04,夜間帯,逆方向,-1500,-1500,0,-600,-600,0,-2100,熱容量,0,0,0,0,2024/12/20 17:04:17
月間,202412,策定,周波数変換設備,2025/02/05,昼間帯,順方向,1500,1500,0,600,600,0,2100,熱容量,0,0,0,0,2024/12/20 17:04:17
月間,202412,策定,周波数変換設備,2025/02/05,昼間帯,逆方向,-1500,-1500,0,-600,-600,0,-2100,熱容量,0,0,0,0,2024/12/20 17:04:17
月間,202412,策定,周波数変換設備,2025/02/05,夜間帯,順方向,1500,1500,0,600,600,0,2100,熱容量,0,0,0,0,2024/12/20 17:04:17
月間,202412,策定,周波数変換設備,2025/02/05,夜間帯,逆方向,-1500,-1500,0,-600,-600,0,-2100,熱容量,0,0,0,0,2024/12/20 17:04:17
月間,202412,策定,周波数変換設備,2025/02/06,昼間帯,順方向,1500,1500,0,600,600,0,2100,熱容量,0,0,0,0,2024/12/20 17:04:17
月間,202412,策定,周波数変換設備,2025/02/06,昼間帯,逆方向,-1500,-1500,0,-600,-600,0,-2100,熱容量,0,0,0,0,2024/12/20 17:04:17
月間,202412,策定,周波数変換設備,2025/02/06,夜間帯,順方向,1500,1500,0,600,600,0,2100,熱容量,0,0,0,0,2024/12/20 17:04:17
月間,202412,策定,周波数変換設備,2025/02/06,夜間帯,逆方向,-1500,-1500,0,-600,-600,0,-2100,熱容量,0,0,0,0,2024/12/20 17:04:17
月間,202412,策定,周波数変換設備,2025/02/07,昼間帯,順方向,1500,1500,0,600,600,0,2100,熱容量,0,0,0,0,2024/12/20 17:04:17
月間,202412,策定,周波数変換設備,2025/02/07,昼間帯,逆方向,-1500,-1500,0,-600,-600,0,-2100,熱容量,0,0,0,0,2024/12/20 17:04:17
月間,202412,策定,周波数変換設備,2025/02/07,夜間帯,順方向,1500,1500,0,600,600,0,2100,熱容量,0,0,0,0,2024/12/20 17:04:17
月間,202412,策定,周波数変換設備,2025/02/07,夜間帯,逆方向,-1500,-1500,0,-600,-600,0,-2100,熱容量,0,0,0,0,2024/12/20 17:04:17
月間,202412,策定,周波数変換設備,2025/02/08,昼間帯,順方向,1500,1500,0,600,600,0,2100,熱容量,0,0,0,0,2024/12/20 17:04:17
月間,202412,策定,周波数変換設備,2025/02/08,昼間帯,逆方向,-1500,-1500,0,-600,-600,0,-2100,熱容量,0,0,0,0,2024/12/20 17:04:17
月間,202412,策定,周波数変換設備,2025/02/08,夜間帯,順方向,1500,1500,0,600,600,0,2100,熱容量,0,0,0,0,2024/12/20 17:04:17
月間,202412,策定,周波数変換設備,2025/02/08,夜間帯,逆方向,-1500,-1500,0,-600,-600,0,-2100,熱容量,0,0,0,0,2024/12/20 17:04:17
月間,202412,策定,周波数変換設備,2025/02/09,昼間帯,順方向,1500,1500,0,600,600,0,2100,熱容量,0,0,0,0,2024/12/20 17:04:17
月間,202412,策定,周波数変換設備,2025/02/09,昼間帯,逆方向,-1500,-1500,0,-600,-600,0,-2100,熱容量,0,0,0,0,2024/12/20 17:04:17
月間,202412,策定,周波数変換設備,2025/02/09,夜間帯,順方向,1500,1500,0,600,600,0,2100,熱容量,0,0,0,0,2024/12/20 17:04:17
月間,202412,策定,周波数変換設備,2025/02/09,夜間帯,逆方向,-1500,-1500,0,-600,-600,0,-2100,熱容量,0,0,0,0,2024/12/20 17:04:17
月間,202412,策定,周波数変換設備,2025/02/10,昼間帯,順方向,1500,1500,0,600,600,0,2100,熱容量,0,0,0,0,2024/12/20 17:04:17
月間,202412,策定,周波数変換設備,2025/02/10,昼間帯,逆方向,-1500,-1500,0,-600,-600,0,-2100,熱容量,0,0,0,0,2024/12/20 17:04:17
月間,202412,策定,周波数変換設備,2025/02/10,夜間帯,順方向,1500,1500,0,600,600,0,2100,熱容量,0,0,0,0,2024/12/20 17:04:17
月間,202412,策定,周波数変換設備,2025/02/10,夜間帯,逆方向,-1500,-1500,0,-600,-600,0,-2100,熱容量,0,0,0,0,2024/12/20 17:04:17
月間,202412,策定,周波数変換設備,2025/02/11,昼間帯,順方向,1500,1500,0,600,600,0,2100,熱容量,0,0,0,0,2024/12/20 17:04:17
月間,202412,策定,周波数変換設備,2025/02/11,昼間帯,逆方向,-1500,-1500,0,-600,-600,0,-2100,熱容量,0,0,0,0,2024/12/20 17:04:17
月間,202412,策定,周波数変換設備,2025/02/11,夜間帯,順方向,1500,1500,0,600,600,0,2100,熱容量,0,0,0,0,2024/12/20 17:04:17
月間,202412,策定,周波数変換設備,2025/02/11,夜間帯,逆方向,-1500,-1500,0,-600,-600,0,-2100,熱容量,0,0,0,0,2024/12/20 17:04:17
月間,202412,策定,周波数変換設備,2025/02/12,昼間帯,順方向,1500,1500,0,600,600,0,2100,熱容量,0,0,0,0,2024/12/20 17:04:17
月間,202412,策定,周波数変換設備,2025/02/12,昼間帯,逆方向,-1500,-1500,0,-600,-600,0,-2100,熱容量,0,0,0,0,2024/12/20 17:04:17
月間,202412,策定,周波数変換設備,2025/02/12,夜間帯,順方向,1500,1500,0,600,600,0,2100,熱容量,0,0,0,0,2024/12/20 17:04:17
月間,202412,策定,周波数変換設備,2025/02/12,夜間帯,逆方向,-1500,-1500,0,-600,-600,0,-2100,熱容量,0,0,0,0,2024/12/20 17:04:17
月間,202412,策定,周波数変換設備,2025/02/13,昼間帯,順方向,1500,1500,0,600,600,0,2100,熱容量,0,0,0,0,2024/12/20 17:04:17
月間,202412,策定,周波数変換設備,2025/02/13,昼間帯,逆方向,-1500,-1500,0,-600,-600,0,-2100,熱容量,0,0,0,0,2024/12/20 17:04:17
月間,202412,策定,周波数変換設備,2025/02/13,夜間帯,順方向,1500,1500,0,600,600,0,2100,熱容量,0,0,0,0,2024/12/20 17:04:17
月間,202412,策定,周波数変換設備,2025/02/13,夜間帯,逆方向,-1500,-1500,0,-600,-600,0,-2100,熱容量,0,0,0,0,2024/12/20 17:04:17
月間,202412,策定,周波数変換設備,2025/02/14,昼間帯,順方向,1500,1500,0,600,600,0,2100,熱容量,0,0,0,0,2024/12/20 17:04:17
月間,202412,策定,周波数変換設備,2025/02/14,昼間帯,逆方向,-1500,-1500,0,-600,-600,0,-2100,熱容量,0,0,0,0,2024/12/20 17:04:17
月間,202412,策定,周波数変換設備,2025/02/14,夜間帯,順方向,1500,1500,0,600,600,0,2100,熱容量,0,0,0,0,2024/12/20 17:04:17
月間,202412,策定,周波数変換設備,2025/02/14,夜間帯,逆方向,-1500,-1500,0,-600,-600,0,-2100,熱容量,0,0,0,0,2024/12/20 17:04:17
月間,202412,策定,周波数変換設備,2025/02/15,昼間帯,順方向,1500,1500,0,600,600,0,2100,熱容量,0,0,0,0,2024/12/20 17:04:17
月間,202412,策定,周波数変換設備,2025/02/15,昼間帯,逆方向,-1500,-1500,0,-600,-600,0,-2100,熱容量,0,0,0,0,2024/12/20 17:04:17
月間,202412,策定,周波数変換設備,2025/02/15,夜間帯,順方向,1500,1500,0,600,600,0,2100,熱容量,0,0,0,0,2024/12/20 17:04:17
月間,202412,策定,周波数変換設備,2025/02/15,夜間帯,逆方向,-1500,-1500,0,-600,-600,0,-2100,熱容量,0,0,0,0,2024/12/20 17:04:17
月間,202412,策定,周波数変換設備,2025/02/16,昼間帯,順方向,1500,1500,0,600,600,0,2100,熱容量,0,0,0,0,2024/12/20 17:04:17
月間,202412,策定,周波数変換設備,2025/02/16,昼間帯,逆方向,-1500,-1500,0,-600,-600,0,-2100,熱容量,0,0,0,0,2024/12/20 17:04:17
月間,202412,策定,周波数変換設備,2025/02/16,夜間帯,順方向,1500,1500,0,600,600,0,2100,熱容量,0,0,0,0,2024/12/20 17:04:17
月間,202412,策定,周波数変換設備,2025/02/16,夜間帯,逆方向,-1500,-1500,0,-600,-600,0,-2100,熱容量,0,0,0,0,2024/12/20 17:04:17
月間,202412,策定,周波数変換設備,2025/02/17,昼間帯,順方向,1500,1500,0,600,600,0,2100,熱容量,0,0,0,0,2024/12/20 17:04:17
月間,202412,策定,周波数変換設備,2025/02/17,昼間帯,逆方向,-1500,-1500,0,-600,-600,0,-2100,熱容量,0,0,0,0,2024/12/20 17:04:17
月間,202412,策定,周波数変換設備,2025/02/17,夜間帯,順方向,1500,1500,0,600,600,0,2100,熱容量,0,0,0,0,2024/12/20 17:04:17
月間,202412,策定,周波数変換設備,2025/02/17,夜間帯,逆方向,-1500,-1500,0,-600,-600,0,-2100,熱容量,0,0,0,0,2024/12/20 17:04:17
月間,202412,策定,周波数変換設備,2025/02/18,昼間帯,順方向,1500,1500,0,600,600,0,2100,熱容量,0,0,0,0,2024/12/20 17:04:17
月間,202412,策定,周波数変換設備,2025/02/18,昼間帯,逆方向,-1500,-1500,0,-600,-600,0,-2100,熱容量,0,0,0,0,2024/12/20 17:04:17
月間,202412,策定,周波数変換設備,2025/02/18,夜間帯,順方向,1500,1500,0,600,600,0,2100,熱容量,0,0,0,0,2024/12/20 17:04:17
月間,202412,策定,周波数変換設備,2025/02/18,夜間帯,逆方向,-1500,-1500,0,-600,-600,0,-2100,熱容量,0,0,0,0,2024/12/20 17:04:17
月間,202412,策定,周波数変換設備,2025/02/19,昼間帯,順方向,1500,1500,0,600,600,0,2100,熱容量,0,0,0,0,2024/12/20 17:04:17
月間,202412,策定,周波数変換設備,2025/02/19,昼間帯,逆方向,-1500,-1500,0,-600,-600,0,-2100,熱容量,0,0,0,0,2024/12/20 17:04:17
月間,202412,策定,周波数変換設備,2025/02/19,夜間帯,順方向,1500,1500,0,600,600,0,2100,熱容量,0,0,0,0,2024/12/20 17:04:17
月間,202412,策定,周波数変換設備,2025/02/19,夜間帯,逆方向,-1500,-1500,0,-600,-600,0,-2100,熱容量,0,0,0,0,2024/12/20 17:04:17
月間,202412,策定,周波数変換設備,2025/02/20,昼間帯,順方向,1500,1500,0,600,600,0,2100,熱容量,0,0,0,0,2024/12/20 17:04:17
月間,202412,策定,周波数変換設備,2025/02/20,昼間帯,逆方向,-1500,-1500,0,-600,-600,0,-2100,熱容量,0,0,0,0,2024/12/20 17:04:17
月間,202412,策定,周波数変換設備,2025/02/20,夜間帯,順方向,1500,1500,0,600,600,0,2100,熱容量,0,0,0,0,2024/12/20 17:04:17
月間,202412,策定,周波数変換設備,2025/02/20,夜間帯,逆方向,-1500,-1500,0,-600,-600,0,-2100,熱容量,0,0,0,0,2024/12/20 17:04:17
月間,202412,策定,周波数変換設備,2025/02/21,昼間帯,順方向,1500,1500,0,600,600,0,2100,熱容量,0,0,0,0,2024/12/20 17:04:17
月間,202412,策定,周波数変換設備,2025/02/21,昼間帯,逆方向,-1500,-1500,0,-600,-600,0,-2100,熱容量,0,0,0,0,2024/12/20 17:04:17
月間,202412,策定,周波数変換設備,2025/02/21,夜間帯,順方向,1500,1500,0,600,600,0,2100,熱容量,0,0,0,0,2024/12/20 17:04:17
月間,202412,策定,周波数変換設備,2025/02/21,夜間帯,逆方向,-1500,-1500,0,-600,-600,0,-2100,熱容量,0,0,0,0,2024/12/20 17:04:17
月間,202412,策定,周波数変換設備,2025/02/22,昼間帯,順方向,1500,1500,0,600,600,0,2100,熱容量,0,0,0,0,2024/12/20 17:04:17
月間,202412,策定,周波数変換設備,2025/02/22,昼間帯,逆方向,-1500,-1500,0,-600,-600,0,-2100,熱容量,0,0,0,0,2024/12/20 17:04:17
月間,202412,策定,周波数変換設備,2025/02/22,夜間帯,順方向,1500,1500,0,600,600,0,2100,熱容量,0,0,0,0,2024/12/20 17:04:17
月間,202412,策定,周波数変換設備,2025/02/22,夜間帯,逆方向,-1500,-1500,0,-600,-600,0,-2100,熱容量,0,0,0,0,2024/12/20 17:04:17
月間,202412,策定,周波数変換設備,2025/02/23,昼間帯,順方向,1500,1500,0,600,600,0,2100,熱容量,0,0,0,0,2024/12/20 17:04:17
月間,202412,策定,周波数変換設備,2025/02/23,昼間帯,逆方向,-1500,-1500,0,-600,-600,0,-2100,熱容量,0,0,0,0,2024/12/20 17:04:17
月間,202412,策定,周波数変換設備,2025/02/23,夜間帯,順方向,1500,1500,0,600,600,0,2100,熱容量,0,0,0,0,2024/12/20 17:04:17
月間,202412,策定,周波数変換設備,2025/02/23,夜間帯,逆方向,-1500,-1500,0,-600,-600,0,-2100,熱容量,0,0,0,0,2024/12/20 17:04:17
月間,202412,策定,周波数変換設備,2025/02/24,昼間帯,順方向,1500,1500,0,600,600,0,2100,熱容量,0,0,0,0,2024/12/20 17:04:17
月間,202412,策定,周波数変換設備,2025/02/24,昼間帯,逆方向,-1500,-1500,0,-600,-600,0,-2100,熱容量,0,0,0,0,2024/12/20 17:04:17
月間,202412,策定,周波数変換設備,2025/02/24,夜間帯,順方向,1500,1500,0,600,600,0,2100,熱容量,0,0,0,0,2024/12/20 17:04:17
月間,202412,策定,周波数変換設備,2025/02/24,夜間帯,逆方向,-1500,-1500,0,-600,-600,0,-2100,熱容量,0,0,0,0,2024/12/20 17:04:17
月間,202412,策定,周波数変換設備,2025/02/25,昼間帯,順方向,1500,1500,0,600,600,0,2100,熱容量,0,0,0,0,2024/12/20 17:04:17
月間,202412,策定,周波数変換設備,2025/02/25,昼間帯,逆方向,-1500,-1500,0,-600,-600,0,-2100,熱容量,0,0,0,0,2024/12/20 17:04:17
月間,202412,策定,周波数変換設備,2025/02/25,夜間帯,順方向,1500,1500,0,600,600,0,2100,熱容量,0,0,0,0,2024/12/20 17:04:17
月間,202412,策定,周波数変換設備,2025/02/25,夜間帯,逆方向,-1500,-1500,0,-600,-600,0,-2100,熱容量,0,0,0,0,2024/12/20 17:04:17
月間,202412,策定,周波数変換設備,2025/02/26,昼間帯,順方向,1500,1500,0,600,600,0,2100,熱容量,0,0,0,0,2024/12/20 17:04:17
月間,202412,策定,周波数変換設備,2025/02/26,昼間帯,逆方向,-1500,-1500,0,-600,-600,0,-2100,熱容量,0,0,0,0,2024/12/20 17:04:17
月間,202412,策定,周波数変換設備,2025/02/26,夜間帯,順方向,1500,1500,0,600,600,0,2100,熱容量,0,0,0,0,2024/12/20 17:04:17
月間,202412,策定,周波数変換設備,2025/02/26,夜間帯,逆方向,-1500,-1500,0,-600,-600,0,-2100,熱容量,0,0,0,0,2024/12/20 17:04:17
月間,202412,策定,周波数変換設備,2025/02/27,昼間帯,順方向,1500,1500,0,600,600,0,2100,熱容量,0,0,0,0,2024/12/20 17:04:17
月間,202412,策定,周波数変換設備,2025/02/27,昼間帯,逆方向,-1500,-1500,0,-600,-600,0,-2100,熱容量,0,0,0,0,2024/12/20 17:04:17
月間,202412,策定,周波数変換設備,2025/02/27,夜間帯,順方向,1500,1500,0,600,600,0,2100,熱容量,0,0,0,0,2024/12/20 17:04:17
月間,202412,策定,周波数変換設備,2025/02/27,夜間帯,逆方向,-1500,-1500,0,-600,-600,0,-2100,熱容量,0,0,0,0,2024/12/20 17:04:17
月間,202412,策定,周波数変換設備,2025/02/28,昼間帯,順方向,1500,1500,0,600,600,0,2100,熱容量,0,0,0,0,2024/12/20 17:04:17
月間,202412,策定,周波数変換設備,2025/02/28,昼間帯,逆方向,-1500,-1500,0,-600,-600,0,-2100,熱容量,0,0,0,0,2024/12/20 17:04:17
月間,202412,策定,周波数変換設備,2025/02/28,夜間帯,順方向,1500,1500,0,600,600,0,2100,熱容量,0,0,0,0,2024/12/20 17:04:17
月間,202412,策定,周波数変換設備,2025/02/28,夜間帯,逆方向,-1500,-1500,0,-600,-600,0,-2100,熱容量,0,0,0,0,2024/12/20 17:04:17
月間,202501,策定,周波数変換設備,2025/02/01,昼間帯,順方向,1200,1200,0,600,600,0,1800,熱容量,0,0,0,0,2025/01/20 17:03:20
月間,202501,策定,周波数変換設備,2025/02/01,昼間帯,逆方向,-1200,-1200,0,-600,-600,0,-1800,熱容量,0,0,0,0,2025/01/20 17:03:20
月間,202501,策定,周波数変換設備,2025/02/01,夜間帯,順方向,1200,1200,0,600,600,0,1800,熱容量,0,0,0,0,2025/01/20 17:03:20
月間,202501,策定,周波数変換設備,2025/02/01,夜間帯,逆方向,-1200,-1200,0,-600,-600,0,-1800,熱容量,0,0,0,0,2025/01/20 17:03:20
月間,202501,策定,周波数変換設備,2025/02/02,昼間帯,順方向,1200,1200,0,600,600,0,1800,熱容量,0,0,0,0,2025/01/20 17:03:20
月間,202501,策定,周波数変換設備,2025/02/02,昼間帯,逆方向,-1200,-1200,0,-600,-600,0,-1800,熱容量,0,0,0,0,2025/01/20 17:03:20
月間,202501,策定,周波数変換設備,2025/02/02,夜間帯,順方向,1200,1200,0,600,600,0,1800,熱容量,0,0,0,0,2025/01/20 17:03:20
月間,202501,策定,周波数変換設備,2025/02/02,夜間帯,逆方向,-1200,-1200,0,-600,-600,0,-1800,熱容量,0,0,0,0,2025/01/20 17:03:20
月間,202501,策定,周波数変換設備,2025/02/03,昼間帯,順方向,1500,1500,0,600,600,0,2100,熱容量,0,0,0,0,2025/01/20 17:03:20
月間,202501,策定,周波数変換設備,2025/02/03,昼間帯,逆方向,-1500,-1500,0,-600,-600,0,-2100,熱容量,0,0,0,0,2025/01/20 17:03:20
月間,202501,策定,周波数変換設備,2025/02/03,夜間帯,順方向,1500,1500,0,600,600,0,2100,熱容量,0,0,0,0,2025/01/20 17:03:20
月間,202501,策定,周波数変換設備,2025/02/03,夜間帯,逆方向,-1500,-1500,0,-600,-600,0,-2100,熱容量,0,0,0,0,2025/01/20 17:03:20
月間,202501,策定,周波数変換設備,2025/02/04,昼間帯,順方向,1500,1500,0,600,600,0,2100,熱容量,0,0,0,0,2025/01/20 17:03:20
月間,202501,策定,周波数変換設備,2025/02/04,昼間帯,逆方向,-1500,-1500,0,-600,-600,0,-2100,熱容量,0,0,0,0,2025/01/20 17:03:20
月間,202501,策定,周波数変換設備,2025/02/04,夜間帯,順方向,1500,1500,0,600,600,0,2100,熱容量,0,0,0,0,2025/01/20 17:03:20
月間,202501,策定,周波数変換設備,2025/02/04,夜間帯,逆方向,-1500,-1500,0,-600,-600,0,-2100,熱容量,0,0,0,0,2025/01/20 17:03:20
月間,202501,策定,周波数変換設備,2025/02/05,昼間帯,順方向,1500,1500,0,600,600,0,2100,熱容量,0,0,0,0,2025/01/20 17:03:20
月間,202501,策定,周波数変換設備,2025/02/05,昼間帯,逆方向,-1500,-1500,0,-600,-600,0,-2100,熱容量,0,0,0,0,2025/01/20 17:03:20
月間,202501,策定,周波数変換設備,2025/02/05,夜間帯,順方向,1500,1500,0,600,600,0,2100,熱容量,0,0,0,0,2025/01/20 17:03:20
月間,202501,策定,周波数変換設備,2025/02/05,夜間帯,逆方向,-1500,-1500,0,-600,-600,0,-2100,熱容量,0,0,0,0,2025/01/20 17:03:20
月間,202501,策定,周波数変換設備,2025/02/06,昼間帯,順方向,1500,1500,0,600,600,0,2100,熱容量,0,0,0,0,2025/01/20 17:03:20
月間,202501,策定,周波数変換設備,2025/02/06,昼間帯,逆方向,-1500,-1500,0,-600,-600,0,-2100,熱容量,0,0,0,0,2025/01/20 17:03:20
月間,202501,策定,周波数変換設備,2025/02/06,夜間帯,順方向,1500,1500,0,600,600,0,2100,熱容量,0,0,0,0,2025/01/20 17:03:20
月間,202501,策定,周波数変換設備,2025/02/06,夜間帯,逆方向,-1500,-1500,0,-600,-600,0,-2100,熱容量,0,0,0,0,2025/01/20 17:03:20
月間,202501,策定,周波数変換設備,2025/02/07,昼間帯,順方向,1500,1500,0,600,600,0,2100,熱容量,0,0,0,0,2025/01/20 17:03:20
月間,202501,策定,周波数変換設備,2025/02/07,昼間帯,逆方向,-1500,-1500,0,-600,-600,0,-2100,熱容量,0,0,0,0,2025/01/20 17:03:20
月間,202501,策定,周波数変換設備,2025/02/07,夜間帯,順方向,1500,1500,0,600,600,0,2100,熱容量,0,0,0,0,2025/01/20 17:03:20
月間,202501,策定,周波数変換設備,2025/02/07,夜間帯,逆方向,-1500,-1500,0,-600,-600,0,-2100,熱容量,0,0,0,0,2025/01/20 17:03:20
月間,202501,策定,周波数変換設備,2025/02/08,昼間帯,順方向,1500,1500,0,600,600,0,2100,熱容量,0,0,0,0,2025/01/20 17:03:20
月間,202501,策定,周波数変換設備,2025/02/08,昼間帯,逆方向,-1500,-1500,0,-600,-600,0,-2100,熱容量,0,0,0,0,2025/01/20 17:03:20
月間,202501,策定,周波数変換設備,2025/02/08,夜間帯,順方向,1500,1500,0,600,600,0,2100,熱容量,0,0,0,0,2025/01/20 17:03:20
月間,202501,策定,周波数変換設備,2025/02/08,夜間帯,逆方向,-1500,-1500,0,-600,-600,0,-2100,熱容量,0,0,0,0,2025/01/20 17:03:20
月間,202501,策定,周波数変換設備,2025/02/09,昼間帯,順方向,1500,1500,0,600,600,0,2100,熱容量,0,0,0,0,2025/01/20 17:03:20
月間,202501,策定,周波数変換設備,2025/02/09,昼間帯,逆方向,-1500,-1500,0,-600,-600,0,-2100,熱容量,0,0,0,0,2025/01/20 17:03:20
月間,202501,策定,周波数変換設備,2025/02/09,夜間帯,順方向,1500,1500,0,600,600,0,2100,熱容量,0,0,0,0,2025/01/20 17:03:20
月間,202501,策定,周波数変換設備,2025/02/09,夜間帯,逆方向,-1500,-1500,0,-600,-600,0,-2100,熱容量,0,0,0,0,2025/01/20 17:03:20
月間,202501,策定,周波数変換設備,2025/02/10,昼間帯,順方向,1500,1500,0,600,600,0,2100,熱容量,0,0,0,0,2025/01/20 17:03:20
月間,202501,策定,周波数変換設備,2025/02/10,昼間帯,逆方向,-1500,-1500,0,-600,-600,0,-2100,熱容量,0,0,0,0,2025/01/20 17:03:20
月間,202501,策定,周波数変換設備,2025/02/10,夜間帯,順方向,1500,1500,0,600,600,0,2100,熱容量,0,0,0,0,2025/01/20 17:03:20
月間,202501,策定,周波数変換設備,2025/02/10,夜間帯,逆方向,-1500,-1500,0,-600,-600,0,-2100,熱容量,0,0,0,0,2025/01/20 17:03:20
月間,202501,策定,周波数変換設備,2025/02/11,昼間帯,順方向,1500,1500,0,600,600,0,2100,熱容量,0,0,0,0,2025/01/20 17:03:20
月間,202501,策定,周波数変換設備,2025/02/11,昼間帯,逆方向,-1500,-1500,0,-600,-600,0,-2100,熱容量,0,0,0,0,2025/01/20 17:03:20
月間,202501,策定,周波数変換設備,2025/02/11,夜間帯,順方向,1500,1500,0,600,600,0,2100,熱容量,0,0,0,0,2025/01/20 17:03:20
月間,202501,策定,周波数変換設備,2025/02/11,夜間帯,逆方向,-1500,-1500,0,-600,-600,0,-2100,熱容量,0,0,0,0,2025/01/20 17:03:20
月間,202501,策定,周波数変換設備,2025/02/12,昼間帯,順方向,1500,1500,0,600,600,0,2100,熱容量,0,0,0,0,2025/01/20 17:03:20
月間,202501,策定,周波数変換設備,2025/02/12,昼間帯,逆方向,-1500,-1500,0,-600,-600,0,-2100,熱容量,0,0,0,0,2025/01/20 17:03:20
月間,202501,策定,周波数変換設備,2025/02/12,夜間帯,順方向,1500,1500,0,600,600,0,2100,熱容量,0,0,0,0,2025/01/20 17:03:20
月間,202501,策定,周波数変換設備,2025/02/12,夜間帯,逆方向,-1500,-1500,0,-600,-600,0,-2100,熱容量,0,0,0,0,2025/01/20 17:03:20
月間,202501,策定,周波数変換設備,2025/02/13,昼間帯,順方向,1500,1500,0,600,600,0,2100,熱容量,0,0,0,0,2025/01/20 17:03:20
月間,202501,策定,周波数変換設備,2025/02/13,昼間帯,逆方向,-1500,-1500,0,-600,-600,0,-2100,熱容量,0,0,0,0,2025/01/20 17:03:20
月間,202501,策定,周波数変換設備,2025/02/13,夜間帯,順方向,1500,1500,0,600,600,0,2100,熱容量,0,0,0,0,2025/01/20 17:03:20
月間,202501,策定,周波数変換設備,2025/02/13,夜間帯,逆方向,-1500,-1500,0,-600,-600,0,-2100,熱容量,0,0,0,0,2025/01/20 17:03:20
月間,202501,策定,周波数変換設備,2025/02/14,昼間帯,順方向,1500,1500,0,600,600,0,2100,熱容量,0,0,0,0,2025/01/20 17:03:20
月間,202501,策定,周波数変換設備,2025/02/14,昼間帯,逆方向,-1500,-1500,0,-600,-600,0,-2100,熱容量,0,0,0,0,2025/01/20 17:03:20
月間,202501,策定,周波数変換設備,2025/02/14,夜間帯,順方向,1500,1500,0,600,600,0,2100,熱容量,0,0,0,0,2025/01/20 17:03:20
月間,202501,策定,周波数変換設備,2025/02/14,夜間帯,逆方向,-1500,-1500,0,-600,-600,0,-2100,熱容量,0,0,0,0,2025/01/20 17:03:20
月間,202501,策定,周波数変換設備,2025/02/15,昼間帯,順方向,1500,1500,0,600,600,0,2100,熱容量,0,0,0,0,2025/01/20 17:03:20
月間,202501,策定,周波数変換設備,2025/02/15,昼間帯,逆方向,-1500,-1500,0,-600,-600,0,-2100,熱容量,0,0,0,0,2025/01/20 17:03:20
月間,202501,策定,周波数変換設備,2025/02/15,夜間帯,順方向,1500,1500,0,600,600,0,2100,熱容量,0,0,0,0,2025/01/20 17:03:20
月間,202501,策定,周波数変換設備,2025/02/15,夜間帯,逆方向,-1500,-1500,0,-600,-600,0,-2100,熱容量,0,0,0,0,2025/01/20 17:03:20
月間,202501,策定,周波数変換設備,2025/02/16,昼間帯,順方向,1500,1500,0,600,600,0,2100,熱容量,0,0,0,0,2025/01/20 17:03:20
月間,202501,策定,周波数変換設備,2025/02/16,昼間帯,逆方向,-1500,-1500,0,-600,-600,0,-2100,熱容量,0,0,0,0,2025/01/20 17:03:20
月間,202501,策定,周波数変換設備,2025/02/16,夜間帯,順方向,1500,1500,0,600,600,0,2100,熱容量,0,0,0,0,2025/01/20 17:03:20
月間,202501,策定,周波数変換設備,2025/02/16,夜間帯,逆方向,-1500,-1500,0,-600,-600,0,-2100,熱容量,0,0,0,0,2025/01/20 17:03:20
月間,202501,策定,周波数変換設備,2025/02/17,昼間帯,順方向,1500,1500,0,600,600,0,2100,熱容量,0,0,0,0,2025/01/20 17:03:20
月間,202501,策定,周波数変換設備,2025/02/17,昼間帯,逆方向,-1500,-1500,0,-600,-600,0,-2100,熱容量,0,0,0,0,2025/01/20 17:03:20
月間,202501,策定,周波数変換設備,2025/02/17,夜間帯,順方向,1500,1500,0,600,600,0,2100,熱容量,0,0,0,0,2025/01/20 17:03:20
月間,202501,策定,周波数変換設備,2025/02/17,夜間帯,逆方向,-1500,-1500,0,-600,-600,0,-2100,熱容量,0,0,0,0,2025/01/20 17:03:20
月間,202501,策定,周波数変換設備,2025/02/18,昼間帯,順方向,1500,1500,0,600,600,0,2100,熱容量,0,0,0,0,2025/01/20 17:03:20
月間,202501,策定,周波数変換設備,2025/02/18,昼間帯,逆方向,-1500,-1500,0,-600,-600,0,-2100,熱容量,0,0,0,0,2025/01/20 17:03:20
月間,202501,策定,周波数変換設備,2025/02/18,夜間帯,順方向,1500,1500,0,600,600,0,2100,熱容量,0,0,0,0,2025/01/20 17:03:20
月間,202501,策定,周波数変換設備,2025/02/18,夜間帯,逆方向,-1500,-1500,0,-600,-600,0,-2100,熱容量,0,0,0,0,2025/01/20 17:03:20
月間,202501,策定,周波数変換設備,2025/02/19,昼間帯,順方向,1500,1500,0,600,600,0,2100,熱容量,0,0,0,0,2025/01/20 17:03:20
月間,202501,策定,周波数変換設備,2025/02/19,昼間帯,逆方向,-1500,-1500,0,-600,-600,0,-2100,熱容量,0,0,0,0,2025/01/20 17:03:20
月間,202501,策定,周波数変換設備,2025/02/19,夜間帯,順方向,1500,1500,0,600,600,0,2100,熱容量,0,0,0,0,2025/01/20 17:03:20
月間,202501,策定,周波数変換設備,2025/02/19,夜間帯,逆方向,-1500,-1500,0,-600,-600,0,-2100,熱容量,0,0,0,0,2025/01/20 17:03:20
月間,202501,策定,周波数変換設備,2025/02/20,昼間帯,順方向,1500,1500,0,600,600,0,2100,熱容量,0,0,0,0,2025/01/20 17:03:20
月間,202501,策定,周波数変換設備,2025/02/20,昼間帯,逆方向,-1500,-1500,0,-600,-600,0,-2100,熱容量,0,0,0,0,2025/01/20 17:03:20
月間,202501,策定,周波数変換設備,2025/02/20,夜間帯,順方向,1500,1500,0,600,600,0,2100,熱容量,0,0,0,0,2025/01/20 17:03:20
月間,202501,策定,周波数変換設備,2025/02/20,夜間帯,逆方向,-1500,-1500,0,-600,-600,0,-2100,熱容量,0,0,0,0,2025/01/20 17:03:20
月間,202501,策定,周波数変換設備,2025/02/21,昼間帯,順方向,1500,1500,0,600,600,0,2100,熱容量,0,0,0,0,2025/01/20 17:03:20
月間,202501,策定,周波数変換設備,2025/02/21,昼間帯,逆方向,-1500,-1500,0,-600,-600,0,-2100,熱容量,0,0,0,0,2025/01/20 17:03:20
月間,202501,策定,周波数変換設備,2025/02/21,夜間帯,順方向,1500,1500,0,600,600,0,2100,熱容量,0,0,0,0,2025/01/20 17:03:20
月間,202501,策定,周波数変換設備,2025/02/21,夜間帯,逆方向,-1500,-1500,0,-600,-600,0,-2100,熱容量,0,0,0,0,2025/01/20 17:03:20
月間,202501,策定,周波数変換設備,2025/02/22,昼間帯,順方向,1500,1500,0,600,600,0,2100,熱容量,0,0,0,0,2025/01/20 17:03:20
月間,202501,策定,周波数変換設備,2025/02/22,昼間帯,逆方向,-1500,-1500,0,-600,-600,0,-2100,熱容量,0,0,0,0,2025/01/20 17:03:20
月間,202501,策定,周波数変換設備,2025/02/22,夜間帯,順方向,1500,1500,0,600,600,0,2100,熱容量,0,0,0,0,2025/01/20 17:03:20
月間,202501,策定,周波数変換設備,2025/02/22,夜間帯,逆方向,-1500,-1500,0,-600,-600,0,-2100,熱容量,0,0,0,0,2025/01/20 17:03:20
月間,202501,策定,周波数変換設備,2025/02/23,昼間帯,順方向,1500,1500,0,600,600,0,2100,熱容量,0,0,0,0,2025/01/20 17:03:20
月間,202501,策定,周波数変換設備,2025/02/23,昼間帯,逆方向,-1500,-1500,0,-600,-600,0,-2100,熱容量,0,0,0,0,2025/01/20 17:03:20
月間,202501,策定,周波数変換設備,2025/02/23,夜間帯,順方向,1500,1500,0,600,600,0,2100,熱容量,0,0,0,0,2025/01/20 17:03:20
月間,202501,策定,周波数変換設備,2025/02/23,夜間帯,逆方向,-1500,-1500,0,-600,-600,0,-2100,熱容量,0,0,0,0,2025/01/20 17:03:20
月間,202501,策定,周波数変換設備,2025/02/24,昼間帯,順方向,1500,1500,0,600,600,0,2100,熱容量,0,0,0,0,2025/01/20 17:03:20
月間,202501,策定,周波数変換設備,2025/02/24,昼間帯,逆方向,-1500,-1500,0,-600,-600,0,-2100,熱容量,0,0,0,0,2025/01/20 17:03:20
月間,202501,策定,周波数変換設備,2025/02/24,夜間帯,順方向,1500,1500,0,600,600,0,2100,熱容量,0,0,0,0,2025/01/20 17:03:20
月間,202501,策定,周波数変換設備,2025/02/24,夜間帯,逆方向,-1500,-1500,0,-600,-600,0,-2100,熱容量,0,0,0,0,2025/01/20 17:03:20
月間,202501,策定,周波数変換設備,2025/02/25,昼間帯,順方向,1500,1500,0,600,600,0,2100,熱容量,0,0,0,0,2025/01/20 17:03:20
月間,202501,策定,周波数変換設備,2025/02/25,昼間帯,逆方向,-1500,-1500,0,-600,-600,0,-2100,熱容量,0,0,0,0,2025/01/20 17:03:20
月間,202501,策定,周波数変換設備,2025/02/25,夜間帯,順方向,1500,1500,0,600,600,0,2100,熱容量,0,0,0,0,2025/01/20 17:03:20
月間,202501,策定,周波数変換設備,2025/02/25,夜間帯,逆方向,-1500,-1500,0,-600,-600,0,-2100,熱容量,0,0,0,0,2025/01/20 17:03:20
月間,202501,策定,周波数変換設備,2025/02/26,昼間帯,順方向,1500,1500,0,600,600,0,2100,熱容量,0,0,0,0,2025/01/20 17:03:20
月間,202501,策定,周波数変換設備,2025/02/26,昼間帯,逆方向,-1500,-1500,0,-600,-600,0,-2100,熱容量,0,0,0,0,2025/01/20 17:03:20
月間,202501,策定,周波数変換設備,2025/02/26,夜間帯,順方向,1500,1500,0,600,600,0,2100,熱容量,0,0,0,0,2025/01/20 17:03:20
月間,202501,策定,周波数変換設備,2025/02/26,夜間帯,逆方向,-1500,-1500,0,-600,-600,0,-2100,熱容量,0,0,0,0,2025/01/20 17:03:20
月間,202501,策定,周波数変換設備,2025/02/27,昼間帯,順方向,1500,1500,0,600,600,0,2100,熱容量,0,0,0,0,2025/01/20 17:03:20
月間,202501,策定,周波数変換設備,2025/02/27,昼間帯,逆方向,-1500,-1500,0,-600,-600,0,-2100,熱容量,0,0,0,0,2025/01/20 17:03:20
月間,202501,策定,周波数変換設備,2025/02/27,夜間帯,順方向,1500,1500,0,600,600,0,2100,熱容量,0,0,0,0,2025/01/20 17:03:20
月間,202501,策定,周波数変換設備,2025/02/27,夜間帯,逆方向,-1500,-1500,0,-600,-600,0,-2100,熱容量,0,0,0,0,2025/01/20 17:03:20
月間,202501,策定,周波数変換設備,2025/02/28,昼間帯,順方向,1500,1500,0,600,600,0,2100,熱容量,0,0,0,0,2025/01/20 17:03:20
月間,202501,策定,周波数変換設備,2025/02/28,昼間帯,逆方向,-1500,-1500,0,-600,-600,0,-2100,熱容量,0,0,0,0,2025/01/20 17:03:20
月間,202501,策定,周波数変換設備,2025/02/28,夜間帯,順方向,1500,1500,0,600,600,0,2100,熱容量,0,0,0,0,2025/01/20 17:03:20
月間,202501,策定,周波数変換設備,2025/02/28,夜間帯,逆方向,-1500,-1500,0,-600,-600,0,-2100,熱容量,0,0,0,0,2025/01/20 17:03:20
月間,202412,策定,三重東近江線,2025/02/01,昼間帯,順方向,450,450,0,0,0,0,450,周波数,0,0,0,0,2024/12/20 17:04:17
月間,202412,策定,三重東近江線,2025/02/01,昼間帯,逆方向,-2500,-2500,0,0,0,0,-2500,周波数,0,0,0,0,2024/12/20 17:04:17
月間,202412,策定,三重東近江線,2025/02/01,夜間帯,順方向,1040,1040,0,0,0,0,1040,周波数,0,0,0,0,2024/12/20 17:04:17
月間,202412,策定,三重東近江線,2025/02/01,夜間帯,逆方向,-2000,-2000,0,0,0,0,-2000,周波数,0,0,0,0,2024/12/20 17:04:17
月間,202412,策定,三重東近江線,2025/02/02,昼間帯,順方向,450,450,0,0,0,0,450,周波数,0,0,0,0,2024/12/20 17:04:17
月間,202412,策定,三重東近江線,2025/02/02,昼間帯,逆方向,-2000,-2000,0,0,0,0,-2000,周波数,0,0,0,0,2024/12/20 17:04:17
月間,202412,策定,三重東近江線,2025/02/02,夜間帯,順方向,1040,1040,0,0,0,0,1040,周波数,0,0,0,0,2024/12/20 17:04:17
月間,202412,策定,三重東近江線,2025/02/02,夜間帯,逆方向,-2000,-2000,0,0,0,0,-2000,周波数,0,0,0,0,2024/12/20 17:04:17
月間,202412,策定,三重東近江線,2025/02/03,昼間帯,順方向,770,770,0,0,0,0,770,周波数,0,0,0,0,2024/12/20 17:04:17
月間,202412,策定,三重東近江線,2025/02/03,昼間帯,逆方向,-2500,-2500,0,0,0,0,-2500,周波数,0,0,0,0,2024/12/20 17:04:17
月間,202412,策定,三重東近江線,2025/02/03,夜間帯,順方向,1040,1040,0,0,0,0,1040,周波数,0,0,0,0,2024/12/20 17:04:17
月間,202412,策定,三重東近江線,2025/02/03,夜間帯,逆方向,-2000,-2000,0,0,0,0,-2000,周波数,0,0,0,0,2024/12/20 17:04:17
月間,202412,策定,三重東近江線,2025/02/04,昼間帯,順方向,770,770,0,0,0,0,770,周波数,0,0,0,0,2024/12/20 17:04:17
月間,202412,策定,三重東近江線,2025/02/04,昼間帯,逆方向,-2500,-2500,0,0,0,0,-2500,周波数,0,0,0,0,2024/12/20 17:04:17
月間,202412,策定,三重東近江線,2025/02/04,夜間帯,順方向,1250,1250,0,0,0,0,1250,周波数,0,0,0,0,2024/12/20 17:04:17
月間,202412,策定,三重東近江線,2025/02/04,夜間帯,逆方向,-2000,-2000,0,0,0,0,-2000,周波数,0,0,0,0,2024/12/20 17:04:17
月間,202412,策定,三重東近江線,2025/02/05,昼間帯,順方向,770,770,0,0,0,0,770,周波数,0,0,0,0,2024/12/20 17:04:17
月間,202412,策定,三重東近江線,2025/02/05,昼間帯,逆方向,-2500,-2500,0,0,0,0,-2500,周波数,0,0,0,0,2024/12/20 17:04:17
月間,202412,策定,三重東近江線,2025/02/05,夜間帯,順方向,1250,1250,0,0,0,0,1250,周波数,0,0,0,0,2024/12/20 17:04:17
月間,202412,策定,三重東近江線,2025/02/05,夜間帯,逆方向,-2000,-2000,0,0,0,0,-2000,周波数,0,0,0,0,2024/12/20 17:04:17
月間,202412,策定,三重東近江線,2025/02/06,昼間帯,順方向,770,770,0,0,0,0,770,周波数,0,0,0,0,2024/12/20 17:04:17
月間,202412,策定,三重東近江線,2025/02/06,昼間帯,逆方向,-2500,-2500,0,0,0,0,-2500,周波数,0,0,0,0,2024/12/20 17:04:17
月間,202412,策定,三重東近江線,2025/02/06,夜間帯,順方向,1250,1250,0,0,0,0,1250,周波数,0,0,0,0,2024/12/20 17:04:17
月間,202412,策定,三重東近江線,2025/02/06,夜間帯,逆方向,-2000,-2000,0,0,0,0,-2000,周波数,0,0,0,0,2024/12/20 17:04:17
月間,202412,策定,三重東近江線,2025/02/07,昼間帯,順方向,770,770,0,0,0,0,770,周波数,0,0,0,0,2024/12/20 17:04:17
月間,202412,策定,三重東近江線,2025/02/07,昼間帯,逆方向,-2500,-2500,0,0,0,0,-2500,周波数,0,0,0,0,2024/12/20 17:04:17
月間,202412,策定,三重東近江線,2025/02/07,夜間帯,順方向,1250,1250,0,0,0,0,1250,周波数,0,0,0,0,2024/12/20 17:04:17
月間,202412,策定,三重東近江線,2025/02/07,夜間帯,逆方向,-2000,-2000,0,0,0,0,-2000,周波数,0,0,0,0,2024/12/20 17:04:17
月間,202412,策定,三重東近江線,2025/02/08,昼間帯,順方向,450,450,0,0,0,0,450,周波数,0,0,0,0,2024/12/20 17:04:17
月間,202412,策定,三重東近江線,2025/02/08,昼間帯,逆方向,-2500,-2500,0,0,0,0,-2500,周波数,0,0,0,0,2024/12/20 17:04:17
月間,202412,策定,三重東近江線,2025/02/08,夜間帯,順方向,1040,1040,0,0,0,0,1040,周波数,0,0,0,0,2024/12/20 17:04:17
月間,202412,策定,三重東近江線,2025/02/08,夜間帯,逆方向,-2000,-2000,0,0,0,0,-2000,周波数,0,0,0,0,2024/12/20 17:04:17
月間,202412,策定,三重東近江線,2025/02/09,昼間帯,順方向,450,450,0,0,0,0,450,周波数,0,0,0,0,2024/12/20 17:04:17
月間,202412,策定,三重東近江線,2025/02/09,昼間帯,逆方向,-2000,-2000,0,0,0,0,-2000,周波数,0,0,0,0,2024/12/20 17:04:17
月間,202412,策定,三重東近江線,2025/02/09,夜間帯,順方向,1040,1040,0,0,0,0,1040,周波数,0,0,0,0,2024/12/20 17:04:17
月間,202412,策定,三重東近江線,2025/02/09,夜間帯,逆方向,-2000,-2000,0,0,0,0,-2000,周波数,0,0,0,0,2024/12/20 17:04:17
月間,202412,策定,三重東近江線,2025/02/10,昼間帯,順方向,770,770,0,0,0,0,770,周波数,0,0,0,0,2024/12/20 17:04:17
月間,202412,策定,三重東近江線,2025/02/10,昼間帯,逆方向,-2500,-2500,0,0,0,0,-2500,周波数,0,0,0,0,2024/12/20 17:04:17
月間,202412,策定,三重東近江線,2025/02/10,夜間帯,順方向,1040,1040,0,0,0,0,1040,周波数,0,0,0,0,2024/12/20 17:04:17
月間,202412,策定,三重東近江線,2025/02/10,夜間帯,逆方向,-2000,-2000,0,0,0,0,-2000,周波数,0,0,0,0,2024/12/20 17:04:17
月間,202412,策定,三重東近江線,2025/02/11,昼間帯,順方向,450,450,0,0,0,0,450,周波数,0,0,0,0,2024/12/20 17:04:17
月間,202412,策定,三重東近江線,2025/02/11,昼間帯,逆方向,-2000,-2000,0,0,0,0,-2000,周波数,0,0,0,0,2024/12/20 17:04:17
月間,202412,策定,三重東近江線,2025/02/11,夜間帯,順方向,1040,1040,0,0,0,0,1040,周波数,0,0,0,0,2024/12/20 17:04:17
月間,202412,策定,三重東近江線,2025/02/11,夜間帯,逆方向,-2000,-2000,0,0,0,0,-2000,周波数,0,0,0,0,2024/12/20 17:04:17
月間,202412,策定,三重東近江線,2025/02/12,昼間帯,順方向,770,770,0,0,0,0,770,周波数,0,0,0,0,2024/12/20 17:04:17
月間,202412,策定,三重東近江線,2025/02/12,昼間帯,逆方向,-2500,-2500,0,0,0,0,-2500,周波数,0,0,0,0,2024/12/20 17:04:17
月間,202412,策定,三重東近江線,2025/02/12,夜間帯,順方向,1040,1040,0,0,0,0,1040,周波数,0,0,0,0,2024/12/20 17:04:17
月間,202412,策定,三重東近江線,2025/02/12,夜間帯,逆方向,-2000,-2000,0,0,0,0,-2000,周波数,0,0,0,0,2024/12/20 17:04:17
月間,202412,策定,三重東近江線,2025/02/13,昼間帯,順方向,770,770,0,0,0,0,770,周波数,0,0,0,0,2024/12/20 17:04:17
月間,202412,策定,三重東近江線,2025/02/13,昼間帯,逆方向,-2500,-2500,0,0,0,0,-2500,周波数,0,0,0,0,2024/12/20 17:04:17
月間,202412,策定,三重東近江線,2025/02/13,夜間帯,順方向,1250,1250,0,0,0,0,1250,周波数,0,0,0,0,2024/12/20 17:04:17
月間,202412,策定,三重東近江線,2025/02/13,夜間帯,逆方向,-2000,-2000,0,0,0,0,-2000,周波数,0,0,0,0,2024/12/20 17:04:17
月間,202412,策定,三重東近江線,2025/02/14,昼間帯,順方向,770,770,0,0,0,0,770,周波数,0,0,0,0,2024/12/20 17:04:17
月間,202412,策定,三重東近江線,2025/02/14,昼間帯,逆方向,-2500,-2500,0,0,0,0,-2500,周波数,0,0,0,0,2024/12/20 17:04:17
月間,202412,策定,三重東近江線,2025/02/14,夜間帯,順方向,1250,1250,0,0,0,0,1250,周波数,0,0,0,0,2024/12/20 17:04:17
月間,202412,策定,三重東近江線,2025/02/14,夜間帯,逆方向,-2000,-2000,0,0,0,0,-2000,周波数,0,0,0,0,2024/12/20 17:04:17
月間,202412,策定,三重東近江線,2025/02/15,昼間帯,順方向,450,450,0,0,0,0,450,周波数,0,0,0,0,2024/12/20 17:04:17
月間,202412,策定,三重東近江線,2025/02/15,昼間帯,逆方向,-2500,-2500,0,0,0,0,-2500,周波数,0,0,0,0,2024/12/20 17:04:17
月間,202412,策定,三重東近江線,2025/02/15,夜間帯,順方向,1040,1040,0,0,0,0,1040,周波数,0,0,0,0,2024/12/20 17:04:17
月間,202412,策定,三重東近江線,2025/02/15,夜間帯,逆方向,-2000,-2000,0,0,0,0,-2000,周波数,0,0,0,0,2024/12/20 17:04:17
月間,202412,策定,三重東近江線,2025/02/16,昼間帯,順方向,450,450,0,0,0,0,450,周波数,0,0,0,0,2024/12/20 17:04:17
月間,202412,策定,三重東近江線,2025/02/16,昼間帯,逆方向,-2000,-2000,0,0,0,0,-2000,周波数,0,0,0,0,2024/12/20 17:04:17
月間,202412,策定,三重東近江線,2025/02/16,夜間帯,順方向,1040,1040,0,0,0,0,1040,周波数,0,0,0,0,2024/12/20 17:04:17
月間,202412,策定,三重東近江線,2025/02/16,夜間帯,逆方向,-2000,-2000,0,0,0,0,-2000,周波数,0,0,0,0,2024/12/20 17:04:17
月間,202412,策定,三重東近江線,2025/02/17,昼間帯,順方向,770,770,0,0,0,0,770,周波数,0,0,0,0,2024/12/20 17:04:17
月間,202412,策定,三重東近江線,2025/02/17,昼間帯,逆方向,-2500,-2500,0,0,0,0,-2500,周波数,0,0,0,0,2024/12/20 17:04:17
月間,202412,策定,三重東近江線,2025/02/17,夜間帯,順方向,1040,1040,0,0,0,0,1040,周波数,0,0,0,0,2024/12/20 17:04:17
月間,202412,策定,三重東近江線,2025/02/17,夜間帯,逆方向,-2000,-2000,0,0,0,0,-2000,周波数,0,0,0,0,2024/12/20 17:04:17
月間,202412,策定,三重東近江線,2025/02/18,昼間帯,順方向,770,770,0,0,0,0,770,周波数,0,0,0,0,2024/12/20 17:04:17
月間,202412,策定,三重東近江線,2025/02/18,昼間帯,逆方向,-2500,-2500,0,0,0,0,-2500,周波数,0,0,0,0,2024/12/20 17:04:17
月間,202412,策定,三重東近江線,2025/02/18,夜間帯,順方向,1250,1250,0,0,0,0,1250,周波数,0,0,0,0,2024/12/20 17:04:17
月間,202412,策定,三重東近江線,2025/02/18,夜間帯,逆方向,-2000,-2000,0,0,0,0,-2000,周波数,0,0,0,0,2024/12/20 17:04:17
月間,202412,策定,三重東近江線,2025/02/19,昼間帯,順方向,770,770,0,0,0,0,770,周波数,0,0,0,0,2024/12/20 17:04:17
月間,202412,策定,三重東近江線,2025/02/19,昼間帯,逆方向,-2500,-2500,0,0,0,0,-2500,周波数,0,0,0,0,2024/12/20 17:04:17
月間,202412,策定,三重東近江線,2025/02/19,夜間帯,順方向,1250,1250,0,0,0,0,1250,周波数,0,0,0,0,2024/12/20 17:04:17
月間,202412,策定,三重東近江線,2025/02/19,夜間帯,逆方向,-2000,-2000,0,0,0,0,-2000,周波数,0,0,0,0,2024/12/20 17:04:17
月間,202412,策定,三重東近江線,2025/02/20,昼間帯,順方向,770,770,0,0,0,0,770,周波数,0,0,0,0,2024/12/20 17:04:17
月間,202412,策定,三重東近江線,2025/02/20,昼間帯,逆方向,-2500,-2500,0,0,0,0,-2500,周波数,0,0,0,0,2024/12/20 17:04:17
月間,202412,策定,三重東近江線,2025/02/20,夜間帯,順方向,1250,1250,0,0,0,0,1250,周波数,0,0,0,0,2024/12/20 17:04:17
月間,202412,策定,三重東近江線,2025/02/20,夜間帯,逆方向,-2000,-2000,0,0,0,0,-2000,周波数,0,0,0,0,2024/12/20 17:04:17
月間,202412,策定,三重東近江線,2025/02/21,昼間帯,順方向,770,770,0,0,0,0,770,周波数,0,0,0,0,2024/12/20 17:04:17
月間,202412,策定,三重東近江線,2025/02/21,昼間帯,逆方向,-2500,-2500,0,0,0,0,-2500,周波数,0,0,0,0,2024/12/20 17:04:17
月間,202412,策定,三重東近江線,2025/02/21,夜間帯,順方向,1250,1250,0,0,0,0,1250,周波数,0,0,0,0,2024/12/20 17:04:17
月間,202412,策定,三重東近江線,2025/02/21,夜間帯,逆方向,-2000,-2000,0,0,0,0,-2000,周波数,0,0,0,0,2024/12/20 17:04:17
月間,202412,策定,三重東近江線,2025/02/22,昼間帯,順方向,450,450,0,0,0,0,450,周波数,0,0,0,0,2024/12/20 17:04:17
月間,202412,策定,三重東近江線,2025/02/22,昼間帯,逆方向,-2500,-2500,0,0,0,0,-2500,周波数,0,0,0,0,2024/12/20 17:04:17
月間,202412,策定,三重東近江線,2025/02/22,夜間帯,順方向,1040,1040,0,0,0,0,1040,周波数,0,0,0,0,2024/12/20 17:04:17
月間,202412,策定,三重東近江線,2025/02/22,夜間帯,逆方向,-2000,-2000,0,0,0,0,-2000,周波数,0,0,0,0,2024/12/20 17:04:17
月間,202412,策定,三重東近江線,2025/02/23,昼間帯,順方向,450,450,0,0,0,0,450,周波数,0,0,0,0,2024/12/20 17:04:17
月間,202412,策定,三重東近江線,2025/02/23,昼間帯,逆方向,-2000,-2000,0,0,0,0,-2000,周波数,0,0,0,0,2024/12/20 17:04:17
月間,202412,策定,三重東近江線,2025/02/23,夜間帯,順方向,1040,1040,0,0,0,0,1040,周波数,0,0,0,0,2024/12/20 17:04:17
月間,202412,策定,三重東近江線,2025/02/23,夜間帯,逆方向,-2000,-2000,0,0,0,0,-2000,周波数,0,0,0,0,2024/12/20 17:04:17
月間,202412,策定,三重東近江線,2025/02/24,昼間帯,順方向,450,450,0,0,0,0,450,周波数,0,0,0,0,2024/12/20 17:04:17
月間,202412,策定,三重東近江線,2025/02/24,昼間帯,逆方向,-2000,-2000,0,0,0,0,-2000,周波数,0,0,0,0,2024/12/20 17:04:17
月間,202412,策定,三重東近江線,2025/02/24,夜間帯,順方向,1040,1040,0,0,0,0,1040,周波数,0,0,0,0,2024/12/20 17:04:17
月間,202412,策定,三重東近江線,2025/02/24,夜間帯,逆方向,-2000,-2000,0,0,0,0,-2000,周波数,0,0,0,0,2024/12/20 17:04:17
月間,202412,策定,三重東近江線,2025/02/25,昼間帯,順方向,770,770,0,0,0,0,770,周波数,0,0,0,0,2024/12/20 17:04:17
月間,202412,策定,三重東近江線,2025/02/25,昼間帯,逆方向,-2500,-2500,0,0,0,0,-2500,周波数,0,0,0,0,2024/12/20 17:04:17
月間,202412,策定,三重東近江線,2025/02/25,夜間帯,順方向,1040,1040,0,0,0,0,1040,周波数,0,0,0,0,2024/12/20 17:04:17
月間,202412,策定,三重東近江線,2025/02/25,夜間帯,逆方向,-2000,-2000,0,0,0,0,-2000,周波数,0,0,0,0,2024/12/20 17:04:17
月間,202412,策定,三重東近江線,2025/02/26,昼間帯,順方向,770,770,0,0,0,0,770,周波数,0,0,0,0,2024/12/20 17:04:17
月間,202412,策定,三重東近江線,2025/02/26,昼間帯,逆方向,-2500,-2500,0,0,0,0,-2500,周波数,0,0,0,0,2024/12/20 17:04:17
月間,202412,策定,三重東近江線,2025/02/26,夜間帯,順方向,1250,1250,0,0,0,0,1250,周波数,0,0,0,0,2024/12/20 17:04:17
月間,202412,策定,三重東近江線,2025/02/26,夜間帯,逆方向,-2000,-2000,0,0,0,0,-2000,周波数,0,0,0,0,2024/12/20 17:04:17
月間,202412,策定,三重東近江線,2025/02/27,昼間帯,順方向,770,770,0,0,0,0,770,周波数,0,0,0,0,2024/12/20 17:04:17
月間,202412,策定,三重東近江線,2025/02/27,昼間帯,逆方向,-2500,-2500,0,0,0,0,-2500,周波数,0,0,0,0,2024/12/20 17:04:17
月間,202412,策定,三重東近江線,2025/02/27,夜間帯,順方向,1250,1250,0,0,0,0,1250,周波数,0,0,0,0,2024/12/20 17:04:17
月間,202412,策定,三重東近江線,2025/02/27,夜間帯,逆方向,-2000,-2000,0,0,0,0,-2000,周波数,0,0,0,0,2024/12/20 17:04:17
月間,202412,策定,三重東近江線,2025/02/28,昼間帯,順方向,770,770,0,0,0,0,770,周波数,0,0,0,0,2024/12/20 17:04:17
月間,202412,策定,三重東近江線,2025/02/28,昼間帯,逆方向,-2500,-2500,0,0,0,0,-2500,周波数,0,0,0,0,2024/12/20 17:04:17
月間,202412,策定,三重東近江線,2025/02/28,夜間帯,順方向,1250,1250,0,0,0,0,1250,周波数,0,0,0,0,2024/12/20 17:04:17
月間,202412,策定,三重東近江線,2025/02/28,夜間帯,逆方向,-2000,-2000,0,0,0,0,-2000,周波数,0,0,0,0,2024/12/20 17:04:17
月間,202501,策定,三重東近江線,2025/02/01,昼間帯,順方向,450,450,0,0,0,0,450,周波数,0,0,0,0,2025/01/20 17:03:20
月間,202501,策定,三重東近江線,2025/02/01,昼間帯,逆方向,-2500,-2500,0,0,0,0,-2500,周波数,0,0,0,0,2025/01/20 17:03:20
月間,202501,策定,三重東近江線,2025/02/01,夜間帯,順方向,1040,1040,0,0,0,0,1040,周波数,0,0,0,0,2025/01/20 17:03:20
月間,202501,策定,三重東近江線,2025/02/01,夜間帯,逆方向,-2000,-2000,0,0,0,0,-2000,周波数,0,0,0,0,2025/01/20 17:03:20
月間,202501,策定,三重東近江線,2025/02/02,昼間帯,順方向,450,450,0,0,0,0,450,周波数,0,0,0,0,2025/01/20 17:03:20
月間,202501,策定,三重東近江線,2025/02/02,昼間帯,逆方向,-2000,-2000,0,0,0,0,-2000,周波数,0,0,0,0,2025/01/20 17:03:20
月間,202501,策定,三重東近江線,2025/02/02,夜間帯,順方向,1040,1040,0,0,0,0,1040,周波数,0,0,0,0,2025/01/20 17:03:20
月間,202501,策定,三重東近江線,2025/02/02,夜間帯,逆方向,-2000,-2000,0,0,0,0,-2000,周波数,0,0,0,0,2025/01/20 17:03:20
月間,202501,策定,三重東近江線,2025/02/03,昼間帯,順方向,770,770,0,0,0,0,770,周波数,0,0,0,0,2025/01/20 17:03:20
月間,202501,策定,三重東近江線,2025/02/03,昼間帯,逆方向,-2500,-2500,0,0,0,0,-2500,周波数,0,0,0,0,2025/01/20 17:03:20
月間,202501,策定,三重東近江線,2025/02/03,夜間帯,順方向,1040,1040,0,0,0,0,1040,周波数,0,0,0,0,2025/01/20 17:03:20
月間,202501,策定,三重東近江線,2025/02/03,夜間帯,逆方向,-2000,-2000,0,0,0,0,-2000,周波数,0,0,0,0,2025/01/20 17:03:20
月間,202501,策定,三重東近江線,2025/02/04,昼間帯,順方向,770,770,0,0,0,0,770,周波数,0,0,0,0,2025/01/20 17:03:20
月間,202501,策定,三重東近江線,2025/02/04,昼間帯,逆方向,-2500,-2500,0,0,0,0,-2500,周波数,0,0,0,0,2025/01/20 17:03:20
月間,202501,策定,三重東近江線,2025/02/04,夜間帯,順方向,1250,1250,0,0,0,0,1250,周波数,0,0,0,0,2025/01/20 17:03:20
月間,202501,策定,三重東近江線,2025/02/04,夜間帯,逆方向,-2400,-2400,0,0,0,0,-2400,周波数,0,0,0,0,2025/01/20 17:03:20
月間,202501,策定,三重東近江線,2025/02/05,昼間帯,順方向,770,770,0,0,0,0,770,周波数,0,0,0,0,2025/01/20 17:03:20
月間,202501,策定,三重東近江線,2025/02/05,昼間帯,逆方向,-2500,-2500,0,0,0,0,-2500,周波数,0,0,0,0,2025/01/20 17:03:20
月間,202501,策定,三重東近江線,2025/02/05,夜間帯,順方向,1250,1250,0,0,0,0,1250,周波数,0,0,0,0,2025/01/20 17:03:20
月間,202501,策定,三重東近江線,2025/02/05,夜間帯,逆方向,-2400,-2400,0,0,0,0,-2400,周波数,0,0,0,0,2025/01/20 17:03:20
月間,202501,策定,三重東近江線,2025/02/06,昼間帯,順方向,770,770,0,0,0,0,770,周波数,0,0,0,0,2025/01/20 17:03:20
月間,202501,策定,三重東近江線,2025/02/06,昼間帯,逆方向,-2500,-2500,0,0,0,0,-2500,周波数,0,0,0,0,2025/01/20 17:03:20
月間,202501,策定,三重東近江線,2025/02/06,夜間帯,順方向,1250,1250,0,0,0,0,1250,周波数,0,0,0,0,2025/01/20 17:03:20
月間,202501,策定,三重東近江線,2025/02/06,夜間帯,逆方向,-2400,-2400,0,0,0,0,-2400,周波数,0,0,0,0,2025/01/20 17:03:20
月間,202501,策定,三重東近江線,2025/02/07,昼間帯,順方向,770,770,0,0,0,0,770,周波数,0,0,0,0,2025/01/20 17:03:20
月間,202501,策定,三重東近江線,2025/02/07,昼間帯,逆方向,-2500,-2500,0,0,0,0,-2500,周波数,0,0,0,0,2025/01/20 17:03:20
月間,202501,策定,三重東近江線,2025/02/07,夜間帯,順方向,1250,1250,0,0,0,0,1250,周波数,0,0,0,0,2025/01/20 17:03:20
月間,202501,策定,三重東近江線,2025/02/07,夜間帯,逆方向,-2400,-2400,0,0,0,0,-2400,周波数,0,0,0,0,2025/01/20 17:03:20
月間,202501,策定,三重東近江線,2025/02/08,昼間帯,順方向,450,450,0,0,0,0,450,周波数,0,0,0,0,2025/01/20 17:03:20
月間,202501,策定,三重東近江線,2025/02/08,昼間帯,逆方向,-2500,-2500,0,0,0,0,-2500,周波数,0,0,0,0,2025/01/20 17:03:20
月間,202501,策定,三重東近江線,2025/02/08,夜間帯,順方向,1040,1040,0,0,0,0,1040,周波数,0,0,0,0,2025/01/20 17:03:20
月間,202501,策定,三重東近江線,2025/02/08,夜間帯,逆方向,-2000,-2000,0,0,0,0,-2000,周波数,0,0,0,0,2025/01/20 17:03:20
月間,202501,策定,三重東近江線,2025/02/09,昼間帯,順方向,450,450,0,0,0,0,450,周波数,0,0,0,0,2025/01/20 17:03:20
月間,202501,策定,三重東近江線,2025/02/09,昼間帯,逆方向,-2000,-2000,0,0,0,0,-2000,周波数,0,0,0,0,2025/01/20 17:03:20
月間,202501,策定,三重東近江線,2025/02/09,夜間帯,順方向,1040,1040,0,0,0,0,1040,周波数,0,0,0,0,2025/01/20 17:03:20
月間,202501,策定,三重東近江線,2025/02/09,夜間帯,逆方向,-2000,-2000,0,0,0,0,-2000,周波数,0,0,0,0,2025/01/20 17:03:20
月間,202501,策定,三重東近江線,2025/02/10,昼間帯,順方向,770,770,0,0,0,0,770,周波数,0,0,0,0,2025/01/20 17:03:20
月間,202501,策定,三重東近江線,2025/02/10,昼間帯,逆方向,-2500,-2500,0,0,0,0,-2500,周波数,0,0,0,0,2025/01/20 17:03:20
月間,202501,策定,三重東近江線,2025/02/10,夜間帯,順方向,1040,1040,0,0,0,0,1040,周波数,0,0,0,0,2025/01/20 17:03:20
月間,202501,策定,三重東近江線,2025/02/10,夜間帯,逆方向,-2000,-2000,0,0,0,0,-2000,周波数,0,0,0,0,2025/01/20 17:03:20
月間,202501,策定,三重東近江線,2025/02/11,昼間帯,順方向,450,450,0,0,0,0,450,周波数,0,0,0,0,2025/01/20 17:03:20
月間,202501,策定,三重東近江線,2025/02/11,昼間帯,逆方向,-2000,-2000,0,0,0,0,-2000,周波数,0,0,0,0,2025/01/20 17:03:20
月間,202501,策定,三重東近江線,2025/02/11,夜間帯,順方向,1040,1040,0,0,0,0,1040,周波数,0,0,0,0,2025/01/20 17:03:20
月間,202501,策定,三重東近江線,2025/02/11,夜間帯,逆方向,-2000,-2000,0,0,0,0,-2000,周波数,0,0,0,0,2025/01/20 17:03:20
月間,202501,策定,三重東近江線,2025/02/12,昼間帯,順方向,770,770,0,0,0,0,770,周波数,0,0,0,0,2025/01/20 17:03:20
月間,202501,策定,三重東近江線,2025/02/12,昼間帯,逆方向,-2500,-2500,0,0,0,0,-2500,周波数,0,0,0,0,2025/01/20 17:03:20
月間,202501,策定,三重東近江線,2025/02/12,夜間帯,順方向,1040,1040,0,0,0,0,1040,周波数,0,0,0,0,2025/01/20 17:03:20
月間,202501,策定,三重東近江線,2025/02/12,夜間帯,逆方向,-2000,-2000,0,0,0,0,-2000,周波数,0,0,0,0,2025/01/20 17:03:20
月間,202501,策定,三重東近江線,2025/02/13,昼間帯,順方向,770,770,0,0,0,0,770,周波数,0,0,0,0,2025/01/20 17:03:20
月間,202501,策定,三重東近江線,2025/02/13,昼間帯,逆方向,-2500,-2500,0,0,0,0,-2500,周波数,0,0,0,0,2025/01/20 17:03:20
月間,202501,策定,三重東近江線,2025/02/13,夜間帯,順方向,1250,1250,0,0,0,0,1250,周波数,0,0,0,0,2025/01/20 17:03:20
月間,202501,策定,三重東近江線,2025/02/13,夜間帯,逆方向,-2400,-2400,0,0,0,0,-2400,周波数,0,0,0,0,2025/01/20 17:03:20
月間,202501,策定,三重東近江線,2025/02/14,昼間帯,順方向,770,770,0,0,0,0,770,周波数,0,0,0,0,2025/01/20 17:03:20
月間,202501,策定,三重東近江線,2025/02/14,昼間帯,逆方向,-2500,-2500,0,0,0,0,-2500,周波数,0,0,0,0,2025/01/20 17:03:20
月間,202501,策定,三重東近江線,2025/02/14,夜間帯,順方向,1250,1250,0,0,0,0,1250,周波数,0,0,0,0,2025/01/20 17:03:20
月間,202501,策定,三重東近江線,2025/02/14,夜間帯,逆方向,-2400,-2400,0,0,0,0,-2400,周波数,0,0,0,0,2025/01/20 17:03:20
月間,202501,策定,三重東近江線,2025/02/15,昼間帯,順方向,450,450,0,0,0,0,450,周波数,0,0,0,0,2025/01/20 17:03:20
月間,202501,策定,三重東近江線,2025/02/15,昼間帯,逆方向,-2500,-2500,0,0,0,0,-2500,周波数,0,0,0,0,2025/01/20 17:03:20
月間,202501,策定,三重東近江線,2025/02/15,夜間帯,順方向,1040,1040,0,0,0,0,1040,周波数,0,0,0,0,2025/01/20 17:03:20
月間,202501,策定,三重東近江線,2025/02/15,夜間帯,逆方向,-2000,-2000,0,0,0,0,-2000,周波数,0,0,0,0,2025/01/20 17:03:20
月間,202501,策定,三重東近江線,2025/02/16,昼間帯,順方向,450,450,0,0,0,0,450,周波数,0,0,0,0,2025/01/20 17:03:20
月間,202501,策定,三重東近江線,2025/02/16,昼間帯,逆方向,-2000,-2000,0,0,0,0,-2000,周波数,0,0,0,0,2025/01/20 17:03:20
月間,202501,策定,三重東近江線,2025/02/16,夜間帯,順方向,1040,1040,0,0,0,0,1040,周波数,0,0,0,0,2025/01/20 17:03:20
月間,202501,策定,三重東近江線,2025/02/16,夜間帯,逆方向,-2000,-2000,0,0,0,0,-2000,周波数,0,0,0,0,2025/01/20 17:03:20
月間,202501,策定,三重東近江線,2025/02/17,昼間帯,順方向,770,770,0,0,0,0,770,周波数,0,0,0,0,2025/01/20 17:03:20
月間,202501,策定,三重東近江線,2025/02/17,昼間帯,逆方向,-2500,-2500,0,0,0,0,-2500,周波数,0,0,0,0,2025/01/20 17:03:20
月間,202501,策定,三重東近江線,2025/02/17,夜間帯,順方向,1040,1040,0,0,0,0,1040,周波数,0,0,0,0,2025/01/20 17:03:20
月間,202501,策定,三重東近江線,2025/02/17,夜間帯,逆方向,-2000,-2000,0,0,0,0,-2000,周波数,0,0,0,0,2025/01/20 17:03:20
月間,202501,策定,三重東近江線,2025/02/18,昼間帯,順方向,770,770,0,0,0,0,770,周波数,0,0,0,0,2025/01/20 17:03:20
月間,202501,策定,三重東近江線,2025/02/18,昼間帯,逆方向,-2500,-2500,0,0,0,0,-2500,周波数,0,0,0,0,2025/01/20 17:03:20
月間,202501,策定,三重東近江線,2025/02/18,夜間帯,順方向,1250,1250,0,0,0,0,1250,周波数,0,0,0,0,2025/01/20 17:03:20
月間,202501,策定,三重東近江線,2025/02/18,夜間帯,逆方向,-2400,-2400,0,0,0,0,-2400,周波数,0,0,0,0,2025/01/20 17:03:20
月間,202501,策定,三重東近江線,2025/02/19,昼間帯,順方向,770,770,0,0,0,0,770,周波数,0,0,0,0,2025/01/20 17:03:20
月間,202501,策定,三重東近江線,2025/02/19,昼間帯,逆方向,-2500,-2500,0,0,0,0,-2500,周波数,0,0,0,0,2025/01/20 17:03:20
月間,202501,策定,三重東近江線,2025/02/19,夜間帯,順方向,1250,1250,0,0,0,0,1250,周波数,0,0,0,0,2025/01/20 17:03:20
月間,202501,策定,三重東近江線,2025/02/19,夜間帯,逆方向,-2400,-2400,0,0,0,0,-2400,周波数,0,0,0,0,2025/01/20 17:03:20
月間,202501,策定,三重東近江線,2025/02/20,昼間帯,順方向,770,770,0,0,0,0,770,周波数,0,0,0,0,2025/01/20 17:03:20
月間,202501,策定,三重東近江線,2025/02/20,昼間帯,逆方向,-2500,-2500,0,0,0,0,-2500,周波数,0,0,0,0,2025/01/20 17:03:20
月間,202501,策定,三重東近江線,2025/02/20,夜間帯,順方向,1250,1250,0,0,0,0,1250,周波数,0,0,0,0,2025/01/20 17:03:20
月間,202501,策定,三重東近江線,2025/02/20,夜間帯,逆方向,-2400,-2400,0,0,0,0,-2400,周波数,0,0,0,0,2025/01/20 17:03:20
月間,202501,策定,三重東近江線,2025/02/21,昼間帯,順方向,770,770,0,0,0,0,770,周波数,0,0,0,0,2025/01/20 17:03:20
月間,202501,策定,三重東近江線,2025/02/21,昼間帯,逆方向,-2500,-2500,0,0,0,0,-2500,周波数,0,0,0,0,2025/01/20 17:03:20
月間,202501,策定,三重東近江線,2025/02/21,夜間帯,順方向,1250,1250,0,0,0,0,1250,周波数,0,0,0,0,2025/01/20 17:03:20
月間,202501,策定,三重東近江線,2025/02/21,夜間帯,逆方向,-2400,-2400,0,0,0,0,-2400,周波数,0,0,0,0,2025/01/20 17:03:20
月間,202501,策定,三重東近江線,2025/02/22,昼間帯,順方向,450,450,0,0,0,0,450,周波数,0,0,0,0,2025/01/20 17:03:20
月間,202501,策定,三重東近江線,2025/02/22,昼間帯,逆方向,-2500,-2500,0,0,0,0,-2500,周波数,0,0,0,0,2025/01/20 17:03:20
月間,202501,策定,三重東近江線,2025/02/22,夜間帯,順方向,1040,1040,0,0,0,0,1040,周波数,0,0,0,0,2025/01/20 17:03:20
月間,202501,策定,三重東近江線,2025/02/22,夜間帯,逆方向,-2000,-2000,0,0,0,0,-2000,周波数,0,0,0,0,2025/01/20 17:03:20
月間,202501,策定,三重東近江線,2025/02/23,昼間帯,順方向,450,450,0,0,0,0,450,周波数,0,0,0,0,2025/01/20 17:03:20
月間,202501,策定,三重東近江線,2025/02/23,昼間帯,逆方向,-2000,-2000,0,0,0,0,-2000,周波数,0,0,0,0,2025/01/20 17:03:20
月間,202501,策定,三重東近江線,2025/02/23,夜間帯,順方向,1040,1040,0,0,0,0,1040,周波数,0,0,0,0,2025/01/20 17:03:20
月間,202501,策定,三重東近江線,2025/02/23,夜間帯,逆方向,-2000,-2000,0,0,0,0,-2000,周波数,0,0,0,0,2025/01/20 17:03:20
月間,202501,策定,三重東近江線,2025/02/24,昼間帯,順方向,450,450,0,0,0,0,450,周波数,0,0,0,0,2025/01/20 17:03:20
月間,202501,策定,三重東近江線,2025/02/24,昼間帯,逆方向,-2000,-2000,0,0,0,0,-2000,周波数,0,0,0,0,2025/01/20 17:03:20
月間,202501,策定,三重東近江線,2025/02/24,夜間帯,順方向,1040,1040,0,0,0,0,1040,周波数,0,0,0,0,2025/01/20 17:03:20
月間,202501,策定,三重東近江線,2025/02/24,夜間帯,逆方向,-2000,-2000,0,0,0,0,-2000,周波数,0,0,0,0,2025/01/20 17:03:20
月間,202501,策定,三重東近江線,2025/02/25,昼間帯,順方向,770,770,0,0,0,0,770,周波数,0,0,0,0,2025/01/20 17:03:20
月間,202501,策定,三重東近江線,2025/02/25,昼間帯,逆方向,-2500,-2500,0,0,0,0,-2500,周波数,0,0,0,0,2025/01/20 17:03:20
月間,202501,策定,三重東近江線,2025/02/25,夜間帯,順方向,1040,1040,0,0,0,0,1040,周波数,0,0,0,0,2025/01/20 17:03:20
月間,202501,策定,三重東近江線,2025/02/25,夜間帯,逆方向,-2000,-2000,0,0,0,0,-2000,周波数,0,0,0,0,2025/01/20 17:03:20
月間,202501,策定,三重東近江線,2025/02/26,昼間帯,順方向,770,770,0,0,0,0,770,周波数,0,0,0,0,2025/01/20 17:03:20
月間,202501,策定,三重東近江線,2025/02/26,昼間帯,逆方向,-2500,-2500,0,0,0,0,-2500,周波数,0,0,0,0,2025/01/20 17:03:20
月間,202501,策定,三重東近江線,2025/02/26,夜間帯,順方向,1250,1250,0,0,0,0,1250,周波数,0,0,0,0,2025/01/20 17:03:20
月間,202501,策定,三重東近江線,2025/02/26,夜間帯,逆方向,-2400,-2400,0,0,0,0,-2400,周波数,0,0,0,0,2025/01/20 17:03:20
月間,202501,策定,三重東近江線,2025/02/27,昼間帯,順方向,770,770,0,0,0,0,770,周波数,0,0,0,0,2025/01/20 17:03:20
月間,202501,策定,三重東近江線,2025/02/27,昼間帯,逆方向,-2500,-2500,0,0,0,0,-2500,周波数,0,0,0,0,2025/01/20 17:03:20
月間,202501,策定,三重東近江線,2025/02/27,夜間帯,順方向,1250,1250,0,0,0,0,1250,周波数,0,0,0,0,2025/01/20 17:03:20
月間,202501,策定,三重東近江線,2025/02/27,夜間帯,逆方向,-2400,-2400,0,0,0,0,-2400,周波数,0,0,0,0,2025/01/20 17:03:20
月間,202501,策定,三重東近江線,2025/02/28,昼間帯,順方向,770,770,0,0,0,0,770,周波数,0,0,0,0,2025/01/20 17:03:20
月間,202501,策定,三重東近江線,2025/02/28,昼間帯,逆方向,-2500,-2500,0,0,0,0,-2500,周波数,0,0,0,0,2025/01/20 17:03:20
月間,202501,策定,三重東近江線,2025/02/28,夜間帯,順方向,1250,1250,0,0,0,0,1250,周波数,0,0,0,0,2025/01/20 17:03:20
月間,202501,策定,三重東近江線,2025/02/28,夜間帯,逆方向,-2400,-2400,0,0,0,0,-2400,周波数,0,0,0,0,2025/01/20 17:03:20
月間,202412,策定,南福光連系所・南福光変電所の連系設備,2025/02/01,昼間帯,順方向,300,300,0,0,0,0,300,熱容量,0,0,0,0,2024/12/20 17:04:17
月間,202412,策定,南福光連系所・南福光変電所の連系設備,2025/02/01,昼間帯,逆方向,-300,-300,0,0,0,0,-300,熱容量,0,0,0,0,2024/12/20 17:04:17
月間,202412,策定,南福光連系所・南福光変電所の連系設備,2025/02/01,夜間帯,順方向,300,300,0,0,0,0,300,熱容量,0,0,0,0,2024/12/20 17:04:17
月間,202412,策定,南福光連系所・南福光変電所の連系設備,2025/02/01,夜間帯,逆方向,-300,-300,0,0,0,0,-300,熱容量,0,0,0,0,2024/12/20 17:04:17
月間,202412,策定,南福光連系所・南福光変電所の連系設備,2025/02/02,昼間帯,順方向,300,300,0,0,0,0,300,熱容量,0,0,0,0,2024/12/20 17:04:17
月間,202412,策定,南福光連系所・南福光変電所の連系設備,2025/02/02,昼間帯,逆方向,-300,-300,0,0,0,0,-300,熱容量,0,0,0,0,2024/12/20 17:04:17
月間,202412,策定,南福光連系所・南福光変電所の連系設備,2025/02/02,夜間帯,順方向,300,300,0,0,0,0,300,熱容量,0,0,0,0,2024/12/20 17:04:17
月間,202412,策定,南福光連系所・南福光変電所の連系設備,2025/02/02,夜間帯,逆方向,-300,-300,0,0,0,0,-300,熱容量,0,0,0,0,2024/12/20 17:04:17
月間,202412,策定,南福光連系所・南福光変電所の連系設備,2025/02/03,昼間帯,順方向,300,300,0,0,0,0,300,熱容量,0,0,0,0,2024/12/20 17:04:17
月間,202412,策定,南福光連系所・南福光変電所の連系設備,2025/02/03,昼間帯,逆方向,-300,-300,0,0,0,0,-300,熱容量,0,0,0,0,2024/12/20 17:04:17
月間,202412,策定,南福光連系所・南福光変電所の連系設備,2025/02/03,夜間帯,順方向,300,300,0,0,0,0,300,熱容量,0,0,0,0,2024/12/20 17:04:17
月間,202412,策定,南福光連系所・南福光変電所の連系設備,2025/02/03,夜間帯,逆方向,-300,-300,0,0,0,0,-300,熱容量,0,0,0,0,2024/12/20 17:04:17
月間,202412,策定,南福光連系所・南福光変電所の連系設備,2025/02/04,昼間帯,順方向,300,300,0,0,0,0,300,熱容量,0,0,0,0,2024/12/20 17:04:17
月間,202412,策定,南福光連系所・南福光変電所の連系設備,2025/02/04,昼間帯,逆方向,-300,-300,0,0,0,0,-300,熱容量,0,0,0,0,2024/12/20 17:04:17
月間,202412,策定,南福光連系所・南福光変電所の連系設備,2025/02/04,夜間帯,順方向,300,300,0,0,0,0,300,熱容量,0,0,0,0,2024/12/20 17:04:17
月間,202412,策定,南福光連系所・南福光変電所の連系設備,2025/02/04,夜間帯,逆方向,-300,-300,0,0,0,0,-300,熱容量,0,0,0,0,2024/12/20 17:04:17
月間,202412,策定,南福光連系所・南福光変電所の連系設備,2025/02/05,昼間帯,順方向,300,300,0,0,0,0,300,熱容量,0,0,0,0,2024/12/20 17:04:17
月間,202412,策定,南福光連系所・南福光変電所の連系設備,2025/02/05,昼間帯,逆方向,-300,-300,0,0,0,0,-300,熱容量,0,0,0,0,2024/12/20 17:04:17
月間,202412,策定,南福光連系所・南福光変電所の連系設備,2025/02/05,夜間帯,順方向,300,300,0,0,0,0,300,熱容量,0,0,0,0,2024/12/20 17:04:17
月間,202412,策定,南福光連系所・南福光変電所の連系設備,2025/02/05,夜間帯,逆方向,-300,-300,0,0,0,0,-300,熱容量,0,0,0,0,2024/12/20 17:04:17
月間,202412,策定,南福光連系所・南福光変電所の連系設備,2025/02/06,昼間帯,順方向,300,300,0,0,0,0,300,熱容量,0,0,0,0,2024/12/20 17:04:17
月間,202412,策定,南福光連系所・南福光変電所の連系設備,2025/02/06,昼間帯,逆方向,-300,-300,0,0,0,0,-300,熱容量,0,0,0,0,2024/12/20 17:04:17
月間,202412,策定,南福光連系所・南福光変電所の連系設備,2025/02/06,夜間帯,順方向,300,300,0,0,0,0,300,熱容量,0,0,0,0,2024/12/20 17:04:17
月間,202412,策定,南福光連系所・南福光変電所の連系設備,2025/02/06,夜間帯,逆方向,-300,-300,0,0,0,0,-300,熱容量,0,0,0,0,2024/12/20 17:04:17
月間,202412,策定,南福光連系所・南福光変電所の連系設備,2025/02/07,昼間帯,順方向,300,300,0,0,0,0,300,熱容量,0,0,0,0,2024/12/20 17:04:17
月間,202412,策定,南福光連系所・南福光変電所の連系設備,2025/02/07,昼間帯,逆方向,-300,-300,0,0,0,0,-300,熱容量,0,0,0,0,2024/12/20 17:04:17
月間,202412,策定,南福光連系所・南福光変電所の連系設備,2025/02/07,夜間帯,順方向,300,300,0,0,0,0,300,熱容量,0,0,0,0,2024/12/20 17:04:17
月間,202412,策定,南福光連系所・南福光変電所の連系設備,2025/02/07,夜間帯,逆方向,-300,-300,0,0,0,0,-300,熱容量,0,0,0,0,2024/12/20 17:04:17
月間,202412,策定,南福光連系所・南福光変電所の連系設備,2025/02/08,昼間帯,順方向,300,300,0,0,0,0,300,熱容量,0,0,0,0,2024/12/20 17:04:17
月間,202412,策定,南福光連系所・南福光変電所の連系設備,2025/02/08,昼間帯,逆方向,-300,-300,0,0,0,0,-300,熱容量,0,0,0,0,2024/12/20 17:04:17
月間,202412,策定,南福光連系所・南福光変電所の連系設備,2025/02/08,夜間帯,順方向,300,300,0,0,0,0,300,熱容量,0,0,0,0,2024/12/20 17:04:17
月間,202412,策定,南福光連系所・南福光変電所の連系設備,2025/02/08,夜間帯,逆方向,-300,-300,0,0,0,0,-300,熱容量,0,0,0,0,2024/12/20 17:04:17
月間,202412,策定,南福光連系所・南福光変電所の連系設備,2025/02/09,昼間帯,順方向,300,300,0,0,0,0,300,熱容量,0,0,0,0,2024/12/20 17:04:17
月間,202412,策定,南福光連系所・南福光変電所の連系設備,2025/02/09,昼間帯,逆方向,-300,-300,0,0,0,0,-300,熱容量,0,0,0,0,2024/12/20 17:04:17
月間,202412,策定,南福光連系所・南福光変電所の連系設備,2025/02/09,夜間帯,順方向,300,300,0,0,0,0,300,熱容量,0,0,0,0,2024/12/20 17:04:17
月間,202412,策定,南福光連系所・南福光変電所の連系設備,2025/02/09,夜間帯,逆方向,-300,-300,0,0,0,0,-300,熱容量,0,0,0,0,2024/12/20 17:04:17
月間,202412,策定,南福光連系所・南福光変電所の連系設備,2025/02/10,昼間帯,順方向,300,300,0,0,0,0,300,熱容量,0,0,0,0,2024/12/20 17:04:17
月間,202412,策定,南福光連系所・南福光変電所の連系設備,2025/02/10,昼間帯,逆方向,-300,-300,0,0,0,0,-300,熱容量,0,0,0,0,2024/12/20 17:04:17
月間,202412,策定,南福光連系所・南福光変電所の連系設備,2025/02/10,夜間帯,順方向,300,300,0,0,0,0,300,熱容量,0,0,0,0,2024/12/20 17:04:17
月間,202412,策定,南福光連系所・南福光変電所の連系設備,2025/02/10,夜間帯,逆方向,-300,-300,0,0,0,0,-300,熱容量,0,0,0,0,2024/12/20 17:04:17
月間,202412,策定,南福光連系所・南福光変電所の連系設備,2025/02/11,昼間帯,順方向,300,300,0,0,0,0,300,熱容量,0,0,0,0,2024/12/20 17:04:17
月間,202412,策定,南福光連系所・南福光変電所の連系設備,2025/02/11,昼間帯,逆方向,-300,-300,0,0,0,0,-300,熱容量,0,0,0,0,2024/12/20 17:04:17
月間,202412,策定,南福光連系所・南福光変電所の連系設備,2025/02/11,夜間帯,順方向,300,300,0,0,0,0,300,熱容量,0,0,0,0,2024/12/20 17:04:17
月間,202412,策定,南福光連系所・南福光変電所の連系設備,2025/02/11,夜間帯,逆方向,-300,-300,0,0,0,0,-300,熱容量,0,0,0,0,2024/12/20 17:04:17
月間,202412,策定,南福光連系所・南福光変電所の連系設備,2025/02/12,昼間帯,順方向,300,300,0,0,0,0,300,熱容量,0,0,0,0,2024/12/20 17:04:17
月間,202412,策定,南福光連系所・南福光変電所の連系設備,2025/02/12,昼間帯,逆方向,-300,-300,0,0,0,0,-300,熱容量,0,0,0,0,2024/12/20 17:04:17
月間,202412,策定,南福光連系所・南福光変電所の連系設備,2025/02/12,夜間帯,順方向,300,300,0,0,0,0,300,熱容量,0,0,0,0,2024/12/20 17:04:17
月間,202412,策定,南福光連系所・南福光変電所の連系設備,2025/02/12,夜間帯,逆方向,-300,-300,0,0,0,0,-300,熱容量,0,0,0,0,2024/12/20 17:04:17
月間,202412,策定,南福光連系所・南福光変電所の連系設備,2025/02/13,昼間帯,順方向,300,300,0,0,0,0,300,熱容量,0,0,0,0,2024/12/20 17:04:17
月間,202412,策定,南福光連系所・南福光変電所の連系設備,2025/02/13,昼間帯,逆方向,-300,-300,0,0,0,0,-300,熱容量,0,0,0,0,2024/12/20 17:04:17
月間,202412,策定,南福光連系所・南福光変電所の連系設備,2025/02/13,夜間帯,順方向,300,300,0,0,0,0,300,熱容量,0,0,0,0,2024/12/20 17:04:17
月間,202412,策定,南福光連系所・南福光変電所の連系設備,2025/02/13,夜間帯,逆方向,-300,-300,0,0,0,0,-300,熱容量,0,0,0,0,2024/12/20 17:04:17
月間,202412,策定,南福光連系所・南福光変電所の連系設備,2025/02/14,昼間帯,順方向,300,300,0,0,0,0,300,熱容量,0,0,0,0,2024/12/20 17:04:17
月間,202412,策定,南福光連系所・南福光変電所の連系設備,2025/02/14,昼間帯,逆方向,-300,-300,0,0,0,0,-300,熱容量,0,0,0,0,2024/12/20 17:04:17
月間,202412,策定,南福光連系所・南福光変電所の連系設備,2025/02/14,夜間帯,順方向,300,300,0,0,0,0,300,熱容量,0,0,0,0,2024/12/20 17:04:17
月間,202412,策定,南福光連系所・南福光変電所の連系設備,2025/02/14,夜間帯,逆方向,-300,-300,0,0,0,0,-300,熱容量,0,0,0,0,2024/12/20 17:04:17
月間,202412,策定,南福光連系所・南福光変電所の連系設備,2025/02/15,昼間帯,順方向,300,300,0,0,0,0,300,熱容量,0,0,0,0,2024/12/20 17:04:17
月間,202412,策定,南福光連系所・南福光変電所の連系設備,2025/02/15,昼間帯,逆方向,-300,-300,0,0,0,0,-300,熱容量,0,0,0,0,2024/12/20 17:04:17
月間,202412,策定,南福光連系所・南福光変電所の連系設備,2025/02/15,夜間帯,順方向,300,300,0,0,0,0,300,熱容量,0,0,0,0,2024/12/20 17:04:17
月間,202412,策定,南福光連系所・南福光変電所の連系設備,2025/02/15,夜間帯,逆方向,-300,-300,0,0,0,0,-300,熱容量,0,0,0,0,2024/12/20 17:04:17
月間,202412,策定,南福光連系所・南福光変電所の連系設備,2025/02/16,昼間帯,順方向,300,300,0,0,0,0,300,熱容量,0,0,0,0,2024/12/20 17:04:17
月間,202412,策定,南福光連系所・南福光変電所の連系設備,2025/02/16,昼間帯,逆方向,-300,-300,0,0,0,0,-300,熱容量,0,0,0,0,2024/12/20 17:04:17
月間,202412,策定,南福光連系所・南福光変電所の連系設備,2025/02/16,夜間帯,順方向,300,300,0,0,0,0,300,熱容量,0,0,0,0,2024/12/20 17:04:17
月間,202412,策定,南福光連系所・南福光変電所の連系設備,2025/02/16,夜間帯,逆方向,-300,-300,0,0,0,0,-300,熱容量,0,0,0,0,2024/12/20 17:04:17
月間,202412,策定,南福光連系所・南福光変電所の連系設備,2025/02/17,昼間帯,順方向,300,300,0,0,0,0,300,熱容量,0,0,0,0,2024/12/20 17:04:17
月間,202412,策定,南福光連系所・南福光変電所の連系設備,2025/02/17,昼間帯,逆方向,-300,-300,0,0,0,0,-300,熱容量,0,0,0,0,2024/12/20 17:04:17
月間,202412,策定,南福光連系所・南福光変電所の連系設備,2025/02/17,夜間帯,順方向,300,300,0,0,0,0,300,熱容量,0,0,0,0,2024/12/20 17:04:17
月間,202412,策定,南福光連系所・南福光変電所の連系設備,2025/02/17,夜間帯,逆方向,-300,-300,0,0,0,0,-300,熱容量,0,0,0,0,2024/12/20 17:04:17
月間,202412,策定,南福光連系所・南福光変電所の連系設備,2025/02/18,昼間帯,順方向,300,300,0,0,0,0,300,熱容量,0,0,0,0,2024/12/20 17:04:17
月間,202412,策定,南福光連系所・南福光変電所の連系設備,2025/02/18,昼間帯,逆方向,-300,-300,0,0,0,0,-300,熱容量,0,0,0,0,2024/12/20 17:04:17
月間,202412,策定,南福光連系所・南福光変電所の連系設備,2025/02/18,夜間帯,順方向,300,300,0,0,0,0,300,熱容量,0,0,0,0,2024/12/20 17:04:17
月間,202412,策定,南福光連系所・南福光変電所の連系設備,2025/02/18,夜間帯,逆方向,-300,-300,0,0,0,0,-300,熱容量,0,0,0,0,2024/12/20 17:04:17
月間,202412,策定,南福光連系所・南福光変電所の連系設備,2025/02/19,昼間帯,順方向,300,300,0,0,0,0,300,熱容量,0,0,0,0,2024/12/20 17:04:17
月間,202412,策定,南福光連系所・南福光変電所の連系設備,2025/02/19,昼間帯,逆方向,-300,-300,0,0,0,0,-300,熱容量,0,0,0,0,2024/12/20 17:04:17
月間,202412,策定,南福光連系所・南福光変電所の連系設備,2025/02/19,夜間帯,順方向,300,300,0,0,0,0,300,熱容量,0,0,0,0,2024/12/20 17:04:17
月間,202412,策定,南福光連系所・南福光変電所の連系設備,2025/02/19,夜間帯,逆方向,-300,-300,0,0,0,0,-300,熱容量,0,0,0,0,2024/12/20 17:04:17
月間,202412,策定,南福光連系所・南福光変電所の連系設備,2025/02/20,昼間帯,順方向,300,300,0,0,0,0,300,熱容量,0,0,0,0,2024/12/20 17:04:17
月間,202412,策定,南福光連系所・南福光変電所の連系設備,2025/02/20,昼間帯,逆方向,-300,-300,0,0,0,0,-300,熱容量,0,0,0,0,2024/12/20 17:04:17
月間,202412,策定,南福光連系所・南福光変電所の連系設備,2025/02/20,夜間帯,順方向,300,300,0,0,0,0,300,熱容量,0,0,0,0,2024/12/20 17:04:17
月間,202412,策定,南福光連系所・南福光変電所の連系設備,2025/02/20,夜間帯,逆方向,-300,-300,0,0,0,0,-300,熱容量,0,0,0,0,2024/12/20 17:04:17
月間,202412,策定,南福光連系所・南福光変電所の連系設備,2025/02/21,昼間帯,順方向,300,300,0,0,0,0,300,熱容量,0,0,0,0,2024/12/20 17:04:17
月間,202412,策定,南福光連系所・南福光変電所の連系設備,2025/02/21,昼間帯,逆方向,-300,-300,0,0,0,0,-300,熱容量,0,0,0,0,2024/12/20 17:04:17
月間,202412,策定,南福光連系所・南福光変電所の連系設備,2025/02/21,夜間帯,順方向,300,300,0,0,0,0,300,熱容量,0,0,0,0,2024/12/20 17:04:17
月間,202412,策定,南福光連系所・南福光変電所の連系設備,2025/02/21,夜間帯,逆方向,-300,-300,0,0,0,0,-300,熱容量,0,0,0,0,2024/12/20 17:04:17
月間,202412,策定,南福光連系所・南福光変電所の連系設備,2025/02/22,昼間帯,順方向,300,300,0,0,0,0,300,熱容量,0,0,0,0,2024/12/20 17:04:17
月間,202412,策定,南福光連系所・南福光変電所の連系設備,2025/02/22,昼間帯,逆方向,-300,-300,0,0,0,0,-300,熱容量,0,0,0,0,2024/12/20 17:04:17
月間,202412,策定,南福光連系所・南福光変電所の連系設備,2025/02/22,夜間帯,順方向,300,300,0,0,0,0,300,熱容量,0,0,0,0,2024/12/20 17:04:17
月間,202412,策定,南福光連系所・南福光変電所の連系設備,2025/02/22,夜間帯,逆方向,-300,-300,0,0,0,0,-300,熱容量,0,0,0,0,2024/12/20 17:04:17
月間,202412,策定,南福光連系所・南福光変電所の連系設備,2025/02/23,昼間帯,順方向,300,300,0,0,0,0,300,熱容量,0,0,0,0,2024/12/20 17:04:17
月間,202412,策定,南福光連系所・南福光変電所の連系設備,2025/02/23,昼間帯,逆方向,-300,-300,0,0,0,0,-300,熱容量,0,0,0,0,2024/12/20 17:04:17
月間,202412,策定,南福光連系所・南福光変電所の連系設備,2025/02/23,夜間帯,順方向,300,300,0,0,0,0,300,熱容量,0,0,0,0,2024/12/20 17:04:17
月間,202412,策定,南福光連系所・南福光変電所の連系設備,2025/02/23,夜間帯,逆方向,-300,-300,0,0,0,0,-300,熱容量,0,0,0,0,2024/12/20 17:04:17
月間,202412,策定,南福光連系所・南福光変電所の連系設備,2025/02/24,昼間帯,順方向,300,300,0,0,0,0,300,熱容量,0,0,0,0,2024/12/20 17:04:17
月間,202412,策定,南福光連系所・南福光変電所の連系設備,2025/02/24,昼間帯,逆方向,-300,-300,0,0,0,0,-300,熱容量,0,0,0,0,2024/12/20 17:04:17
月間,202412,策定,南福光連系所・南福光変電所の連系設備,2025/02/24,夜間帯,順方向,300,300,0,0,0,0,300,熱容量,0,0,0,0,2024/12/20 17:04:17
月間,202412,策定,南福光連系所・南福光変電所の連系設備,2025/02/24,夜間帯,逆方向,-300,-300,0,0,0,0,-300,熱容量,0,0,0,0,2024/12/20 17:04:17
月間,202412,策定,南福光連系所・南福光変電所の連系設備,2025/02/25,昼間帯,順方向,300,300,0,0,0,0,300,熱容量,0,0,0,0,2024/12/20 17:04:17
月間,202412,策定,南福光連系所・南福光変電所の連系設備,2025/02/25,昼間帯,逆方向,-300,-300,0,0,0,0,-300,熱容量,0,0,0,0,2024/12/20 17:04:17
月間,202412,策定,南福光連系所・南福光変電所の連系設備,2025/02/25,夜間帯,順方向,300,300,0,0,0,0,300,熱容量,0,0,0,0,2024/12/20 17:04:17
月間,202412,策定,南福光連系所・南福光変電所の連系設備,2025/02/25,夜間帯,逆方向,-300,-300,0,0,0,0,-300,熱容量,0,0,0,0,2024/12/20 17:04:17
月間,202412,策定,南福光連系所・南福光変電所の連系設備,2025/02/26,昼間帯,順方向,300,300,0,0,0,0,300,熱容量,0,0,0,0,2024/12/20 17:04:17
月間,202412,策定,南福光連系所・南福光変電所の連系設備,2025/02/26,昼間帯,逆方向,-300,-300,0,0,0,0,-300,熱容量,0,0,0,0,2024/12/20 17:04:17
月間,202412,策定,南福光連系所・南福光変電所の連系設備,2025/02/26,夜間帯,順方向,300,300,0,0,0,0,300,熱容量,0,0,0,0,2024/12/20 17:04:17
月間,202412,策定,南福光連系所・南福光変電所の連系設備,2025/02/26,夜間帯,逆方向,-300,-300,0,0,0,0,-300,熱容量,0,0,0,0,2024/12/20 17:04:17
月間,202412,策定,南福光連系所・南福光変電所の連系設備,2025/02/27,昼間帯,順方向,300,300,0,0,0,0,300,熱容量,0,0,0,0,2024/12/20 17:04:17
月間,202412,策定,南福光連系所・南福光変電所の連系設備,2025/02/27,昼間帯,逆方向,-300,-300,0,0,0,0,-300,熱容量,0,0,0,0,2024/12/20 17:04:17
月間,202412,策定,南福光連系所・南福光変電所の連系設備,2025/02/27,夜間帯,順方向,300,300,0,0,0,0,300,熱容量,0,0,0,0,2024/12/20 17:04:17
月間,202412,策定,南福光連系所・南福光変電所の連系設備,2025/02/27,夜間帯,逆方向,-300,-300,0,0,0,0,-300,熱容量,0,0,0,0,2024/12/20 17:04:17
月間,202412,策定,南福光連系所・南福光変電所の連系設備,2025/02/28,昼間帯,順方向,300,300,0,0,0,0,300,熱容量,0,0,0,0,2024/12/20 17:04:17
月間,202412,策定,南福光連系所・南福光変電所の連系設備,2025/02/28,昼間帯,逆方向,-300,-300,0,0,0,0,-300,熱容量,0,0,0,0,2024/12/20 17:04:17
月間,202412,策定,南福光連系所・南福光変電所の連系設備,2025/02/28,夜間帯,順方向,300,300,0,0,0,0,300,熱容量,0,0,0,0,2024/12/20 17:04:17
月間,202412,策定,南福光連系所・南福光変電所の連系設備,2025/02/28,夜間帯,逆方向,-300,-300,0,0,0,0,-300,熱容量,0,0,0,0,2024/12/20 17:04:17
月間,202501,策定,南福光連系所・南福光変電所の連系設備,2025/02/01,昼間帯,順方向,300,300,0,0,0,0,300,熱容量,0,0,0,0,2025/01/20 17:03:20
月間,202501,策定,南福光連系所・南福光変電所の連系設備,2025/02/01,昼間帯,逆方向,-300,-300,0,0,0,0,-300,熱容量,0,0,0,0,2025/01/20 17:03:20
月間,202501,策定,南福光連系所・南福光変電所の連系設備,2025/02/01,夜間帯,順方向,300,300,0,0,0,0,300,熱容量,0,0,0,0,2025/01/20 17:03:20
月間,202501,策定,南福光連系所・南福光変電所の連系設備,2025/02/01,夜間帯,逆方向,-300,-300,0,0,0,0,-300,熱容量,0,0,0,0,2025/01/20 17:03:20
月間,202501,策定,南福光連系所・南福光変電所の連系設備,2025/02/02,昼間帯,順方向,300,300,0,0,0,0,300,熱容量,0,0,0,0,2025/01/20 17:03:20
月間,202501,策定,南福光連系所・南福光変電所の連系設備,2025/02/02,昼間帯,逆方向,-300,-300,0,0,0,0,-300,熱容量,0,0,0,0,2025/01/20 17:03:20
月間,202501,策定,南福光連系所・南福光変電所の連系設備,2025/02/02,夜間帯,順方向,300,300,0,0,0,0,300,熱容量,0,0,0,0,2025/01/20 17:03:20
月間,202501,策定,南福光連系所・南福光変電所の連系設備,2025/02/02,夜間帯,逆方向,-300,-300,0,0,0,0,-300,熱容量,0,0,0,0,2025/01/20 17:03:20
月間,202501,策定,南福光連系所・南福光変電所の連系設備,2025/02/03,昼間帯,順方向,300,300,0,0,0,0,300,熱容量,0,0,0,0,2025/01/20 17:03:20
月間,202501,策定,南福光連系所・南福光変電所の連系設備,2025/02/03,昼間帯,逆方向,-300,-300,0,0,0,0,-300,熱容量,0,0,0,0,2025/01/20 17:03:20
月間,202501,策定,南福光連系所・南福光変電所の連系設備,2025/02/03,夜間帯,順方向,300,300,0,0,0,0,300,熱容量,0,0,0,0,2025/01/20 17:03:20
月間,202501,策定,南福光連系所・南福光変電所の連系設備,2025/02/03,夜間帯,逆方向,-300,-300,0,0,0,0,-300,熱容量,0,0,0,0,2025/01/20 17:03:20
月間,202501,策定,南福光連系所・南福光変電所の連系設備,2025/02/04,昼間帯,順方向,300,300,0,0,0,0,300,熱容量,0,0,0,0,2025/01/20 17:03:20
月間,202501,策定,南福光連系所・南福光変電所の連系設備,2025/02/04,昼間帯,逆方向,-300,-300,0,0,0,0,-300,熱容量,0,0,0,0,2025/01/20 17:03:20
月間,202501,策定,南福光連系所・南福光変電所の連系設備,2025/02/04,夜間帯,順方向,300,300,0,0,0,0,300,熱容量,0,0,0,0,2025/01/20 17:03:20
月間,202501,策定,南福光連系所・南福光変電所の連系設備,2025/02/04,夜間帯,逆方向,-300,-300,0,0,0,0,-300,熱容量,0,0,0,0,2025/01/20 17:03:20
月間,202501,策定,南福光連系所・南福光変電所の連系設備,2025/02/05,昼間帯,順方向,300,300,0,0,0,0,300,熱容量,0,0,0,0,2025/01/20 17:03:20
月間,202501,策定,南福光連系所・南福光変電所の連系設備,2025/02/05,昼間帯,逆方向,-300,-300,0,0,0,0,-300,熱容量,0,0,0,0,2025/01/20 17:03:20
月間,202501,策定,南福光連系所・南福光変電所の連系設備,2025/02/05,夜間帯,順方向,300,300,0,0,0,0,300,熱容量,0,0,0,0,2025/01/20 17:03:20
月間,202501,策定,南福光連系所・南福光変電所の連系設備,2025/02/05,夜間帯,逆方向,-300,-300,0,0,0,0,-300,熱容量,0,0,0,0,2025/01/20 17:03:20
月間,202501,策定,南福光連系所・南福光変電所の連系設備,2025/02/06,昼間帯,順方向,300,300,0,0,0,0,300,熱容量,0,0,0,0,2025/01/20 17:03:20
月間,202501,策定,南福光連系所・南福光変電所の連系設備,2025/02/06,昼間帯,逆方向,-300,-300,0,0,0,0,-300,熱容量,0,0,0,0,2025/01/20 17:03:20
月間,202501,策定,南福光連系所・南福光変電所の連系設備,2025/02/06,夜間帯,順方向,300,300,0,0,0,0,300,熱容量,0,0,0,0,2025/01/20 17:03:20
月間,202501,策定,南福光連系所・南福光変電所の連系設備,2025/02/06,夜間帯,逆方向,-300,-300,0,0,0,0,-300,熱容量,0,0,0,0,2025/01/20 17:03:20
月間,202501,策定,南福光連系所・南福光変電所の連系設備,2025/02/07,昼間帯,順方向,300,300,0,0,0,0,300,熱容量,0,0,0,0,2025/01/20 17:03:20
月間,202501,策定,南福光連系所・南福光変電所の連系設備,2025/02/07,昼間帯,逆方向,-300,-300,0,0,0,0,-300,熱容量,0,0,0,0,2025/01/20 17:03:20
月間,202501,策定,南福光連系所・南福光変電所の連系設備,2025/02/07,夜間帯,順方向,300,300,0,0,0,0,300,熱容量,0,0,0,0,2025/01/20 17:03:20
月間,202501,策定,南福光連系所・南福光変電所の連系設備,2025/02/07,夜間帯,逆方向,-300,-300,0,0,0,0,-300,熱容量,0,0,0,0,2025/01/20 17:03:20
月間,202501,策定,南福光連系所・南福光変電所の連系設備,2025/02/08,昼間帯,順方向,300,300,0,0,0,0,300,熱容量,0,0,0,0,2025/01/20 17:03:20
月間,202501,策定,南福光連系所・南福光変電所の連系設備,2025/02/08,昼間帯,逆方向,-300,-300,0,0,0,0,-300,熱容量,0,0,0,0,2025/01/20 17:03:20
月間,202501,策定,南福光連系所・南福光変電所の連系設備,2025/02/08,夜間帯,順方向,300,300,0,0,0,0,300,熱容量,0,0,0,0,2025/01/20 17:03:20
月間,202501,策定,南福光連系所・南福光変電所の連系設備,2025/02/08,夜間帯,逆方向,-300,-300,0,0,0,0,-300,熱容量,0,0,0,0,2025/01/20 17:03:20
月間,202501,策定,南福光連系所・南福光変電所の連系設備,2025/02/09,昼間帯,順方向,300,300,0,0,0,0,300,熱容量,0,0,0,0,2025/01/20 17:03:20
月間,202501,策定,南福光連系所・南福光変電所の連系設備,2025/02/09,昼間帯,逆方向,-300,-300,0,0,0,0,-300,熱容量,0,0,0,0,2025/01/20 17:03:20
月間,202501,策定,南福光連系所・南福光変電所の連系設備,2025/02/09,夜間帯,順方向,300,300,0,0,0,0,300,熱容量,0,0,0,0,2025/01/20 17:03:20
月間,202501,策定,南福光連系所・南福光変電所の連系設備,2025/02/09,夜間帯,逆方向,-300,-300,0,0,0,0,-300,熱容量,0,0,0,0,2025/01/20 17:03:20
月間,202501,策定,南福光連系所・南福光変電所の連系設備,2025/02/10,昼間帯,順方向,300,300,0,0,0,0,300,熱容量,0,0,0,0,2025/01/20 17:03:20
月間,202501,策定,南福光連系所・南福光変電所の連系設備,2025/02/10,昼間帯,逆方向,-300,-300,0,0,0,0,-300,熱容量,0,0,0,0,2025/01/20 17:03:20
月間,202501,策定,南福光連系所・南福光変電所の連系設備,2025/02/10,夜間帯,順方向,300,300,0,0,0,0,300,熱容量,0,0,0,0,2025/01/20 17:03:20
月間,202501,策定,南福光連系所・南福光変電所の連系設備,2025/02/10,夜間帯,逆方向,-300,-300,0,0,0,0,-300,熱容量,0,0,0,0,2025/01/20 17:03:20
月間,202501,策定,南福光連系所・南福光変電所の連系設備,2025/02/11,昼間帯,順方向,300,300,0,0,0,0,300,熱容量,0,0,0,0,2025/01/20 17:03:20
月間,202501,策定,南福光連系所・南福光変電所の連系設備,2025/02/11,昼間帯,逆方向,-300,-300,0,0,0,0,-300,熱容量,0,0,0,0,2025/01/20 17:03:20
月間,202501,策定,南福光連系所・南福光変電所の連系設備,2025/02/11,夜間帯,順方向,300,300,0,0,0,0,300,熱容量,0,0,0,0,2025/01/20 17:03:20
月間,202501,策定,南福光連系所・南福光変電所の連系設備,2025/02/11,夜間帯,逆方向,-300,-300,0,0,0,0,-300,熱容量,0,0,0,0,2025/01/20 17:03:20
月間,202501,策定,南福光連系所・南福光変電所の連系設備,2025/02/12,昼間帯,順方向,300,300,0,0,0,0,300,熱容量,0,0,0,0,2025/01/20 17:03:20
月間,202501,策定,南福光連系所・南福光変電所の連系設備,2025/02/12,昼間帯,逆方向,-300,-300,0,0,0,0,-300,熱容量,0,0,0,0,2025/01/20 17:03:20
月間,202501,策定,南福光連系所・南福光変電所の連系設備,2025/02/12,夜間帯,順方向,300,300,0,0,0,0,300,熱容量,0,0,0,0,2025/01/20 17:03:20
月間,202501,策定,南福光連系所・南福光変電所の連系設備,2025/02/12,夜間帯,逆方向,-300,-300,0,0,0,0,-300,熱容量,0,0,0,0,2025/01/20 17:03:20
月間,202501,策定,南福光連系所・南福光変電所の連系設備,2025/02/13,昼間帯,順方向,300,300,0,0,0,0,300,熱容量,0,0,0,0,2025/01/20 17:03:20
月間,202501,策定,南福光連系所・南福光変電所の連系設備,2025/02/13,昼間帯,逆方向,-300,-300,0,0,0,0,-300,熱容量,0,0,0,0,2025/01/20 17:03:20
月間,202501,策定,南福光連系所・南福光変電所の連系設備,2025/02/13,夜間帯,順方向,300,300,0,0,0,0,300,熱容量,0,0,0,0,2025/01/20 17:03:20
月間,202501,策定,南福光連系所・南福光変電所の連系設備,2025/02/13,夜間帯,逆方向,-300,-300,0,0,0,0,-300,熱容量,0,0,0,0,2025/01/20 17:03:20
月間,202501,策定,南福光連系所・南福光変電所の連系設備,2025/02/14,昼間帯,順方向,300,300,0,0,0,0,300,熱容量,0,0,0,0,2025/01/20 17:03:20
月間,202501,策定,南福光連系所・南福光変電所の連系設備,2025/02/14,昼間帯,逆方向,-300,-300,0,0,0,0,-300,熱容量,0,0,0,0,2025/01/20 17:03:20
月間,202501,策定,南福光連系所・南福光変電所の連系設備,2025/02/14,夜間帯,順方向,300,300,0,0,0,0,300,熱容量,0,0,0,0,2025/01/20 17:03:20
月間,202501,策定,南福光連系所・南福光変電所の連系設備,2025/02/14,夜間帯,逆方向,-300,-300,0,0,0,0,-300,熱容量,0,0,0,0,2025/01/20 17:03:20
月間,202501,策定,南福光連系所・南福光変電所の連系設備,2025/02/15,昼間帯,順方向,300,300,0,0,0,0,300,熱容量,0,0,0,0,2025/01/20 17:03:20
月間,202501,策定,南福光連系所・南福光変電所の連系設備,2025/02/15,昼間帯,逆方向,-300,-300,0,0,0,0,-300,熱容量,0,0,0,0,2025/01/20 17:03:20
月間,202501,策定,南福光連系所・南福光変電所の連系設備,2025/02/15,夜間帯,順方向,300,300,0,0,0,0,300,熱容量,0,0,0,0,2025/01/20 17:03:20
月間,202501,策定,南福光連系所・南福光変電所の連系設備,2025/02/15,夜間帯,逆方向,-300,-300,0,0,0,0,-300,熱容量,0,0,0,0,2025/01/20 17:03:20
月間,202501,策定,南福光連系所・南福光変電所の連系設備,2025/02/16,昼間帯,順方向,300,300,0,0,0,0,300,熱容量,0,0,0,0,2025/01/20 17:03:20
月間,202501,策定,南福光連系所・南福光変電所の連系設備,2025/02/16,昼間帯,逆方向,-300,-300,0,0,0,0,-300,熱容量,0,0,0,0,2025/01/20 17:03:20
月間,202501,策定,南福光連系所・南福光変電所の連系設備,2025/02/16,夜間帯,順方向,300,300,0,0,0,0,300,熱容量,0,0,0,0,2025/01/20 17:03:20
月間,202501,策定,南福光連系所・南福光変電所の連系設備,2025/02/16,夜間帯,逆方向,-300,-300,0,0,0,0,-300,熱容量,0,0,0,0,2025/01/20 17:03:20
月間,202501,策定,南福光連系所・南福光変電所の連系設備,2025/02/17,昼間帯,順方向,300,300,0,0,0,0,300,熱容量,0,0,0,0,2025/01/20 17:03:20
月間,202501,策定,南福光連系所・南福光変電所の連系設備,2025/02/17,昼間帯,逆方向,-300,-300,0,0,0,0,-300,熱容量,0,0,0,0,2025/01/20 17:03:20
月間,202501,策定,南福光連系所・南福光変電所の連系設備,2025/02/17,夜間帯,順方向,300,300,0,0,0,0,300,熱容量,0,0,0,0,2025/01/20 17:03:20
月間,202501,策定,南福光連系所・南福光変電所の連系設備,2025/02/17,夜間帯,逆方向,-300,-300,0,0,0,0,-300,熱容量,0,0,0,0,2025/01/20 17:03:20
月間,202501,策定,南福光連系所・南福光変電所の連系設備,2025/02/18,昼間帯,順方向,300,300,0,0,0,0,300,熱容量,0,0,0,0,2025/01/20 17:03:20
月間,202501,策定,南福光連系所・南福光変電所の連系設備,2025/02/18,昼間帯,逆方向,-300,-300,0,0,0,0,-300,熱容量,0,0,0,0,2025/01/20 17:03:20
月間,202501,策定,南福光連系所・南福光変電所の連系設備,2025/02/18,夜間帯,順方向,300,300,0,0,0,0,300,熱容量,0,0,0,0,2025/01/20 17:03:20
月間,202501,策定,南福光連系所・南福光変電所の連系設備,2025/02/18,夜間帯,逆方向,-300,-300,0,0,0,0,-300,熱容量,0,0,0,0,2025/01/20 17:03:20
月間,202501,策定,南福光連系所・南福光変電所の連系設備,2025/02/19,昼間帯,順方向,300,300,0,0,0,0,300,熱容量,0,0,0,0,2025/01/20 17:03:20
月間,202501,策定,南福光連系所・南福光変電所の連系設備,2025/02/19,昼間帯,逆方向,-300,-300,0,0,0,0,-300,熱容量,0,0,0,0,2025/01/20 17:03:20
月間,202501,策定,南福光連系所・南福光変電所の連系設備,2025/02/19,夜間帯,順方向,300,300,0,0,0,0,300,熱容量,0,0,0,0,2025/01/20 17:03:20
月間,202501,策定,南福光連系所・南福光変電所の連系設備,2025/02/19,夜間帯,逆方向,-300,-300,0,0,0,0,-300,熱容量,0,0,0,0,2025/01/20 17:03:20
月間,202501,策定,南福光連系所・南福光変電所の連系設備,2025/02/20,昼間帯,順方向,300,300,0,0,0,0,300,熱容量,0,0,0,0,2025/01/20 17:03:20
月間,202501,策定,南福光連系所・南福光変電所の連系設備,2025/02/20,昼間帯,逆方向,-300,-300,0,0,0,0,-300,熱容量,0,0,0,0,2025/01/20 17:03:20
月間,202501,策定,南福光連系所・南福光変電所の連系設備,2025/02/20,夜間帯,順方向,300,300,0,0,0,0,300,熱容量,0,0,0,0,2025/01/20 17:03:20
月間,202501,策定,南福光連系所・南福光変電所の連系設備,2025/02/20,夜間帯,逆方向,-300,-300,0,0,0,0,-300,熱容量,0,0,0,0,2025/01/20 17:03:20
月間,202501,策定,南福光連系所・南福光変電所の連系設備,2025/02/21,昼間帯,順方向,300,300,0,0,0,0,300,熱容量,0,0,0,0,2025/01/20 17:03:20
月間,202501,策定,南福光連系所・南福光変電所の連系設備,2025/02/21,昼間帯,逆方向,-300,-300,0,0,0,0,-300,熱容量,0,0,0,0,2025/01/20 17:03:20
月間,202501,策定,南福光連系所・南福光変電所の連系設備,2025/02/21,夜間帯,順方向,300,300,0,0,0,0,300,熱容量,0,0,0,0,2025/01/20 17:03:20
月間,202501,策定,南福光連系所・南福光変電所の連系設備,2025/02/21,夜間帯,逆方向,-300,-300,0,0,0,0,-300,熱容量,0,0,0,0,2025/01/20 17:03:20
月間,202501,策定,南福光連系所・南福光変電所の連系設備,2025/02/22,昼間帯,順方向,300,300,0,0,0,0,300,熱容量,0,0,0,0,2025/01/20 17:03:20
月間,202501,策定,南福光連系所・南福光変電所の連系設備,2025/02/22,昼間帯,逆方向,-300,-300,0,0,0,0,-300,熱容量,0,0,0,0,2025/01/20 17:03:20
月間,202501,策定,南福光連系所・南福光変電所の連系設備,2025/02/22,夜間帯,順方向,300,300,0,0,0,0,300,熱容量,0,0,0,0,2025/01/20 17:03:20
月間,202501,策定,南福光連系所・南福光変電所の連系設備,2025/02/22,夜間帯,逆方向,-300,-300,0,0,0,0,-300,熱容量,0,0,0,0,2025/01/20 17:03:20
月間,202501,策定,南福光連系所・南福光変電所の連系設備,2025/02/23,昼間帯,順方向,300,300,0,0,0,0,300,熱容量,0,0,0,0,2025/01/20 17:03:20
月間,202501,策定,南福光連系所・南福光変電所の連系設備,2025/02/23,昼間帯,逆方向,-300,-300,0,0,0,0,-300,熱容量,0,0,0,0,2025/01/20 17:03:20
月間,202501,策定,南福光連系所・南福光変電所の連系設備,2025/02/23,夜間帯,順方向,300,300,0,0,0,0,300,熱容量,0,0,0,0,2025/01/20 17:03:20
月間,202501,策定,南福光連系所・南福光変電所の連系設備,2025/02/23,夜間帯,逆方向,-300,-300,0,0,0,0,-300,熱容量,0,0,0,0,2025/01/20 17:03:20
月間,202501,策定,南福光連系所・南福光変電所の連系設備,2025/02/24,昼間帯,順方向,300,300,0,0,0,0,300,熱容量,0,0,0,0,2025/01/20 17:03:20
月間,202501,策定,南福光連系所・南福光変電所の連系設備,2025/02/24,昼間帯,逆方向,-300,-300,0,0,0,0,-300,熱容量,0,0,0,0,2025/01/20 17:03:20
月間,202501,策定,南福光連系所・南福光変電所の連系設備,2025/02/24,夜間帯,順方向,300,300,0,0,0,0,300,熱容量,0,0,0,0,2025/01/20 17:03:20
月間,202501,策定,南福光連系所・南福光変電所の連系設備,2025/02/24,夜間帯,逆方向,-300,-300,0,0,0,0,-300,熱容量,0,0,0,0,2025/01/20 17:03:20
月間,202501,策定,南福光連系所・南福光変電所の連系設備,2025/02/25,昼間帯,順方向,300,300,0,0,0,0,300,熱容量,0,0,0,0,2025/01/20 17:03:20
月間,202501,策定,南福光連系所・南福光変電所の連系設備,2025/02/25,昼間帯,逆方向,-300,-300,0,0,0,0,-300,熱容量,0,0,0,0,2025/01/20 17:03:20
月間,202501,策定,南福光連系所・南福光変電所の連系設備,2025/02/25,夜間帯,順方向,300,300,0,0,0,0,300,熱容量,0,0,0,0,2025/01/20 17:03:20
月間,202501,策定,南福光連系所・南福光変電所の連系設備,2025/02/25,夜間帯,逆方向,-300,-300,0,0,0,0,-300,熱容量,0,0,0,0,2025/01/20 17:03:20
月間,202501,策定,南福光連系所・南福光変電所の連系設備,2025/02/26,昼間帯,順方向,300,300,0,0,0,0,300,熱容量,0,0,0,0,2025/01/20 17:03:20
月間,202501,策定,南福光連系所・南福光変電所の連系設備,2025/02/26,昼間帯,逆方向,-300,-300,0,0,0,0,-300,熱容量,0,0,0,0,2025/01/20 17:03:20
月間,202501,策定,南福光連系所・南福光変電所の連系設備,2025/02/26,夜間帯,順方向,300,300,0,0,0,0,300,熱容量,0,0,0,0,2025/01/20 17:03:20
月間,202501,策定,南福光連系所・南福光変電所の連系設備,2025/02/26,夜間帯,逆方向,-300,-300,0,0,0,0,-300,熱容量,0,0,0,0,2025/01/20 17:03:20
月間,202501,策定,南福光連系所・南福光変電所の連系設備,2025/02/27,昼間帯,順方向,300,300,0,0,0,0,300,熱容量,0,0,0,0,2025/01/20 17:03:20
月間,202501,策定,南福光連系所・南福光変電所の連系設備,2025/02/27,昼間帯,逆方向,-300,-300,0,0,0,0,-300,熱容量,0,0,0,0,2025/01/20 17:03:20
月間,202501,策定,南福光連系所・南福光変電所の連系設備,2025/02/27,夜間帯,順方向,300,300,0,0,0,0,300,熱容量,0,0,0,0,2025/01/20 17:03:20
月間,202501,策定,南福光連系所・南福光変電所の連系設備,2025/02/27,夜間帯,逆方向,-300,-300,0,0,0,0,-300,熱容量,0,0,0,0,2025/01/20 17:03:20
月間,202501,策定,南福光連系所・南福光変電所の連系設備,2025/02/28,昼間帯,順方向,300,300,0,0,0,0,300,熱容量,0,0,0,0,2025/01/20 17:03:20
月間,202501,策定,南福光連系所・南福光変電所の連系設備,2025/02/28,昼間帯,逆方向,-300,-300,0,0,0,0,-300,熱容量,0,0,0,0,2025/01/20 17:03:20
月間,202501,策定,南福光連系所・南福光変電所の連系設備,2025/02/28,夜間帯,順方向,300,300,0,0,0,0,300,熱容量,0,0,0,0,2025/01/20 17:03:20
月間,202501,策定,南福光連系所・南福光変電所の連系設備,2025/02/28,夜間帯,逆方向,-300,-300,0,0,0,0,-300,熱容量,0,0,0,0,2025/01/20 17:03:20
月間,202412,策定,越前嶺南線,2025/02/01,昼間帯,順方向,1560,1560,0,0,0,0,1560,周波数,0,0,0,0,2024/12/20 17:04:17
月間,202412,策定,越前嶺南線,2025/02/01,昼間帯,逆方向,-900,-900,0,0,0,0,-900,周波数,0,0,0,0,2024/12/20 17:04:17
月間,202412,策定,越前嶺南線,2025/02/01,夜間帯,順方向,1900,1900,0,0,0,0,1900,安定度,0,0,0,0,2024/12/20 17:04:17
月間,202412,策定,越前嶺南線,2025/02/01,夜間帯,逆方向,-900,-900,0,0,0,0,-900,周波数,0,0,0,0,2024/12/20 17:04:17
月間,202412,策定,越前嶺南線,2025/02/02,昼間帯,順方向,1560,1560,0,0,0,0,1560,周波数,0,0,0,0,2024/12/20 17:04:17
月間,202412,策定,越前嶺南線,2025/02/02,昼間帯,逆方向,-900,-900,0,0,0,0,-900,周波数,0,0,0,0,2024/12/20 17:04:17
月間,202412,策定,越前嶺南線,2025/02/02,夜間帯,順方向,1900,1900,0,0,0,0,1900,安定度,0,0,0,0,2024/12/20 17:04:17
月間,202412,策定,越前嶺南線,2025/02/02,夜間帯,逆方向,-900,-900,0,0,0,0,-900,周波数,0,0,0,0,2024/12/20 17:04:17
月間,202412,策定,越前嶺南線,2025/02/03,昼間帯,順方向,1900,1900,0,0,0,0,1900,安定度,0,0,0,0,2024/12/20 17:04:17
月間,202412,策定,越前嶺南線,2025/02/03,昼間帯,逆方向,-1600,-1600,0,0,0,0,-1600,周波数,0,0,0,0,2024/12/20 17:04:17
月間,202412,策定,越前嶺南線,2025/02/03,夜間帯,順方向,1900,1900,0,0,0,0,1900,安定度,0,0,0,0,2024/12/20 17:04:17
月間,202412,策定,越前嶺南線,2025/02/03,夜間帯,逆方向,-900,-900,0,0,0,0,-900,周波数,0,0,0,0,2024/12/20 17:04:17
月間,202412,策定,越前嶺南線,2025/02/04,昼間帯,順方向,1900,1900,0,0,0,0,1900,安定度,0,0,0,0,2024/12/20 17:04:17
月間,202412,策定,越前嶺南線,2025/02/04,昼間帯,逆方向,-1600,-1600,0,0,0,0,-1600,周波数,0,0,0,0,2024/12/20 17:04:17
月間,202412,策定,越前嶺南線,2025/02/04,夜間帯,順方向,1900,1900,0,0,0,0,1900,安定度,0,0,0,0,2024/12/20 17:04:17
月間,202412,策定,越前嶺南線,2025/02/04,夜間帯,逆方向,-900,-900,0,0,0,0,-900,周波数,0,0,0,0,2024/12/20 17:04:17
月間,202412,策定,越前嶺南線,2025/02/05,昼間帯,順方向,1900,1900,0,0,0,0,1900,安定度,0,0,0,0,2024/12/20 17:04:17
月間,202412,策定,越前嶺南線,2025/02/05,昼間帯,逆方向,-1600,-1600,0,0,0,0,-1600,周波数,0,0,0,0,2024/12/20 17:04:17
月間,202412,策定,越前嶺南線,2025/02/05,夜間帯,順方向,1900,1900,0,0,0,0,1900,安定度,0,0,0,0,2024/12/20 17:04:17
月間,202412,策定,越前嶺南線,2025/02/05,夜間帯,逆方向,-900,-900,0,0,0,0,-900,周波数,0,0,0,0,2024/12/20 17:04:17
月間,202412,策定,越前嶺南線,2025/02/06,昼間帯,順方向,1900,1900,0,0,0,0,1900,安定度,0,0,0,0,2024/12/20 17:04:17
月間,202412,策定,越前嶺南線,2025/02/06,昼間帯,逆方向,-1600,-1600,0,0,0,0,-1600,周波数,0,0,0,0,2024/12/20 17:04:17
月間,202412,策定,越前嶺南線,2025/02/06,夜間帯,順方向,1900,1900,0,0,0,0,1900,安定度,0,0,0,0,2024/12/20 17:04:17
月間,202412,策定,越前嶺南線,2025/02/06,夜間帯,逆方向,-900,-900,0,0,0,0,-900,周波数,0,0,0,0,2024/12/20 17:04:17
月間,202412,策定,越前嶺南線,2025/02/07,昼間帯,順方向,1900,1900,0,0,0,0,1900,安定度,0,0,0,0,2024/12/20 17:04:17
月間,202412,策定,越前嶺南線,2025/02/07,昼間帯,逆方向,-1600,-1600,0,0,0,0,-1600,周波数,0,0,0,0,2024/12/20 17:04:17
月間,202412,策定,越前嶺南線,2025/02/07,夜間帯,順方向,1900,1900,0,0,0,0,1900,安定度,0,0,0,0,2024/12/20 17:04:17
月間,202412,策定,越前嶺南線,2025/02/07,夜間帯,逆方向,-900,-900,0,0,0,0,-900,周波数,0,0,0,0,2024/12/20 17:04:17
月間,202412,策定,越前嶺南線,2025/02/08,昼間帯,順方向,1560,1560,0,0,0,0,1560,周波数,0,0,0,0,2024/12/20 17:04:17
月間,202412,策定,越前嶺南線,2025/02/08,昼間帯,逆方向,-900,-900,0,0,0,0,-900,周波数,0,0,0,0,2024/12/20 17:04:17
月間,202412,策定,越前嶺南線,2025/02/08,夜間帯,順方向,1900,1900,0,0,0,0,1900,安定度,0,0,0,0,2024/12/20 17:04:17
月間,202412,策定,越前嶺南線,2025/02/08,夜間帯,逆方向,-900,-900,0,0,0,0,-900,周波数,0,0,0,0,2024/12/20 17:04:17
月間,202412,策定,越前嶺南線,2025/02/09,昼間帯,順方向,1560,1560,0,0,0,0,1560,周波数,0,0,0,0,2024/12/20 17:04:17
月間,202412,策定,越前嶺南線,2025/02/09,昼間帯,逆方向,-900,-900,0,0,0,0,-900,周波数,0,0,0,0,2024/12/20 17:04:17
月間,202412,策定,越前嶺南線,2025/02/09,夜間帯,順方向,1900,1900,0,0,0,0,1900,安定度,0,0,0,0,2024/12/20 17:04:17
月間,202412,策定,越前嶺南線,2025/02/09,夜間帯,逆方向,-900,-900,0,0,0,0,-900,周波数,0,0,0,0,2024/12/20 17:04:17
月間,202412,策定,越前嶺南線,2025/02/10,昼間帯,順方向,1900,1900,0,0,0,0,1900,安定度,0,0,0,0,2024/12/20 17:04:17
月間,202412,策定,越前嶺南線,2025/02/10,昼間帯,逆方向,-1600,-1600,0,0,0,0,-1600,周波数,0,0,0,0,2024/12/20 17:04:17
月間,202412,策定,越前嶺南線,2025/02/10,夜間帯,順方向,1900,1900,0,0,0,0,1900,安定度,0,0,0,0,2024/12/20 17:04:17
月間,202412,策定,越前嶺南線,2025/02/10,夜間帯,逆方向,-900,-900,0,0,0,0,-900,周波数,0,0,0,0,2024/12/20 17:04:17
月間,202412,策定,越前嶺南線,2025/02/11,昼間帯,順方向,1560,1560,0,0,0,0,1560,周波数,0,0,0,0,2024/12/20 17:04:17
月間,202412,策定,越前嶺南線,2025/02/11,昼間帯,逆方向,-900,-900,0,0,0,0,-900,周波数,0,0,0,0,2024/12/20 17:04:17
月間,202412,策定,越前嶺南線,2025/02/11,夜間帯,順方向,1900,1900,0,0,0,0,1900,安定度,0,0,0,0,2024/12/20 17:04:17
月間,202412,策定,越前嶺南線,2025/02/11,夜間帯,逆方向,-900,-900,0,0,0,0,-900,周波数,0,0,0,0,2024/12/20 17:04:17
月間,202412,策定,越前嶺南線,2025/02/12,昼間帯,順方向,1900,1900,0,0,0,0,1900,安定度,0,0,0,0,2024/12/20 17:04:17
月間,202412,策定,越前嶺南線,2025/02/12,昼間帯,逆方向,-1600,-1600,0,0,0,0,-1600,周波数,0,0,0,0,2024/12/20 17:04:17
月間,202412,策定,越前嶺南線,2025/02/12,夜間帯,順方向,1900,1900,0,0,0,0,1900,安定度,0,0,0,0,2024/12/20 17:04:17
月間,202412,策定,越前嶺南線,2025/02/12,夜間帯,逆方向,-900,-900,0,0,0,0,-900,周波数,0,0,0,0,2024/12/20 17:04:17
月間,202412,策定,越前嶺南線,2025/02/13,昼間帯,順方向,1900,1900,0,0,0,0,1900,安定度,0,0,0,0,2024/12/20 17:04:17
月間,202412,策定,越前嶺南線,2025/02/13,昼間帯,逆方向,-1600,-1600,0,0,0,0,-1600,周波数,0,0,0,0,2024/12/20 17:04:17
月間,202412,策定,越前嶺南線,2025/02/13,夜間帯,順方向,1900,1900,0,0,0,0,1900,安定度,0,0,0,0,2024/12/20 17:04:17
月間,202412,策定,越前嶺南線,2025/02/13,夜間帯,逆方向,-900,-900,0,0,0,0,-900,周波数,0,0,0,0,2024/12/20 17:04:17
月間,202412,策定,越前嶺南線,2025/02/14,昼間帯,順方向,1900,1900,0,0,0,0,1900,安定度,0,0,0,0,2024/12/20 17:04:17
月間,202412,策定,越前嶺南線,2025/02/14,昼間帯,逆方向,-1600,-1600,0,0,0,0,-1600,周波数,0,0,0,0,2024/12/20 17:04:17
月間,202412,策定,越前嶺南線,2025/02/14,夜間帯,順方向,1900,1900,0,0,0,0,1900,安定度,0,0,0,0,2024/12/20 17:04:17
月間,202412,策定,越前嶺南線,2025/02/14,夜間帯,逆方向,-900,-900,0,0,0,0,-900,周波数,0,0,0,0,2024/12/20 17:04:17
月間,202412,策定,越前嶺南線,2025/02/15,昼間帯,順方向,1560,1560,0,0,0,0,1560,周波数,0,0,0,0,2024/12/20 17:04:17
月間,202412,策定,越前嶺南線,2025/02/15,昼間帯,逆方向,-900,-900,0,0,0,0,-900,周波数,0,0,0,0,2024/12/20 17:04:17
月間,202412,策定,越前嶺南線,2025/02/15,夜間帯,順方向,1900,1900,0,0,0,0,1900,安定度,0,0,0,0,2024/12/20 17:04:17
月間,202412,策定,越前嶺南線,2025/02/15,夜間帯,逆方向,-900,-900,0,0,0,0,-900,周波数,0,0,0,0,2024/12/20 17:04:17
月間,202412,策定,越前嶺南線,2025/02/16,昼間帯,順方向,1560,1560,0,0,0,0,1560,周波数,0,0,0,0,2024/12/20 17:04:17
月間,202412,策定,越前嶺南線,2025/02/16,昼間帯,逆方向,-900,-900,0,0,0,0,-900,周波数,0,0,0,0,2024/12/20 17:04:17
月間,202412,策定,越前嶺南線,2025/02/16,夜間帯,順方向,1900,1900,0,0,0,0,1900,安定度,0,0,0,0,2024/12/20 17:04:17
月間,202412,策定,越前嶺南線,2025/02/16,夜間帯,逆方向,-900,-900,0,0,0,0,-900,周波数,0,0,0,0,2024/12/20 17:04:17
月間,202412,策定,越前嶺南線,2025/02/17,昼間帯,順方向,1900,1900,0,0,0,0,1900,安定度,0,0,0,0,2024/12/20 17:04:17
月間,202412,策定,越前嶺南線,2025/02/17,昼間帯,逆方向,-1600,-1600,0,0,0,0,-1600,周波数,0,0,0,0,2024/12/20 17:04:17
月間,202412,策定,越前嶺南線,2025/02/17,夜間帯,順方向,1900,1900,0,0,0,0,1900,安定度,0,0,0,0,2024/12/20 17:04:17
月間,202412,策定,越前嶺南線,2025/02/17,夜間帯,逆方向,-900,-900,0,0,0,0,-900,周波数,0,0,0,0,2024/12/20 17:04:17
月間,202412,策定,越前嶺南線,2025/02/18,昼間帯,順方向,1900,1900,0,0,0,0,1900,安定度,0,0,0,0,2024/12/20 17:04:17
月間,202412,策定,越前嶺南線,2025/02/18,昼間帯,逆方向,-1600,-1600,0,0,0,0,-1600,周波数,0,0,0,0,2024/12/20 17:04:17
月間,202412,策定,越前嶺南線,2025/02/18,夜間帯,順方向,1900,1900,0,0,0,0,1900,安定度,0,0,0,0,2024/12/20 17:04:17
月間,202412,策定,越前嶺南線,2025/02/18,夜間帯,逆方向,-900,-900,0,0,0,0,-900,周波数,0,0,0,0,2024/12/20 17:04:17
月間,202412,策定,越前嶺南線,2025/02/19,昼間帯,順方向,1900,1900,0,0,0,0,1900,安定度,0,0,0,0,2024/12/20 17:04:17
月間,202412,策定,越前嶺南線,2025/02/19,昼間帯,逆方向,-1600,-1600,0,0,0,0,-1600,周波数,0,0,0,0,2024/12/20 17:04:17
月間,202412,策定,越前嶺南線,2025/02/19,夜間帯,順方向,1900,1900,0,0,0,0,1900,安定度,0,0,0,0,2024/12/20 17:04:17
月間,202412,策定,越前嶺南線,2025/02/19,夜間帯,逆方向,-900,-900,0,0,0,0,-900,周波数,0,0,0,0,2024/12/20 17:04:17
月間,202412,策定,越前嶺南線,2025/02/20,昼間帯,順方向,1900,1900,0,0,0,0,1900,安定度,0,0,0,0,2024/12/20 17:04:17
月間,202412,策定,越前嶺南線,2025/02/20,昼間帯,逆方向,-1600,-1600,0,0,0,0,-1600,周波数,0,0,0,0,2024/12/20 17:04:17
月間,202412,策定,越前嶺南線,2025/02/20,夜間帯,順方向,1900,1900,0,0,0,0,1900,安定度,0,0,0,0,2024/12/20 17:04:17
月間,202412,策定,越前嶺南線,2025/02/20,夜間帯,逆方向,-900,-900,0,0,0,0,-900,周波数,0,0,0,0,2024/12/20 17:04:17
月間,202412,策定,越前嶺南線,2025/02/21,昼間帯,順方向,1900,1900,0,0,0,0,1900,安定度,0,0,0,0,2024/12/20 17:04:17
月間,202412,策定,越前嶺南線,2025/02/21,昼間帯,逆方向,-1600,-1600,0,0,0,0,-1600,周波数,0,0,0,0,2024/12/20 17:04:17
月間,202412,策定,越前嶺南線,2025/02/21,夜間帯,順方向,1900,1900,0,0,0,0,1900,安定度,0,0,0,0,2024/12/20 17:04:17
月間,202412,策定,越前嶺南線,2025/02/21,夜間帯,逆方向,-900,-900,0,0,0,0,-900,周波数,0,0,0,0,2024/12/20 17:04:17
月間,202412,策定,越前嶺南線,2025/02/22,昼間帯,順方向,1560,1560,0,0,0,0,1560,周波数,0,0,0,0,2024/12/20 17:04:17
月間,202412,策定,越前嶺南線,2025/02/22,昼間帯,逆方向,-900,-900,0,0,0,0,-900,周波数,0,0,0,0,2024/12/20 17:04:17
月間,202412,策定,越前嶺南線,2025/02/22,夜間帯,順方向,1900,1900,0,0,0,0,1900,安定度,0,0,0,0,2024/12/20 17:04:17
月間,202412,策定,越前嶺南線,2025/02/22,夜間帯,逆方向,-900,-900,0,0,0,0,-900,周波数,0,0,0,0,2024/12/20 17:04:17
月間,202412,策定,越前嶺南線,2025/02/23,昼間帯,順方向,1560,1560,0,0,0,0,1560,周波数,0,0,0,0,2024/12/20 17:04:17
月間,202412,策定,越前嶺南線,2025/02/23,昼間帯,逆方向,-900,-900,0,0,0,0,-900,周波数,0,0,0,0,2024/12/20 17:04:17
月間,202412,策定,越前嶺南線,2025/02/23,夜間帯,順方向,1900,1900,0,0,0,0,1900,安定度,0,0,0,0,2024/12/20 17:04:17
月間,202412,策定,越前嶺南線,2025/02/23,夜間帯,逆方向,-900,-900,0,0,0,0,-900,周波数,0,0,0,0,2024/12/20 17:04:17
月間,202412,策定,越前嶺南線,2025/02/24,昼間帯,順方向,1560,1560,0,0,0,0,1560,周波数,0,0,0,0,2024/12/20 17:04:17
月間,202412,策定,越前嶺南線,2025/02/24,昼間帯,逆方向,-900,-900,0,0,0,0,-900,周波数,0,0,0,0,2024/12/20 17:04:17
月間,202412,策定,越前嶺南線,2025/02/24,夜間帯,順方向,1900,1900,0,0,0,0,1900,安定度,0,0,0,0,2024/12/20 17:04:17
月間,202412,策定,越前嶺南線,2025/02/24,夜間帯,逆方向,-900,-900,0,0,0,0,-900,周波数,0,0,0,0,2024/12/20 17:04:17
月間,202412,策定,越前嶺南線,2025/02/25,昼間帯,順方向,1900,1900,0,0,0,0,1900,安定度,0,0,0,0,2024/12/20 17:04:17
月間,202412,策定,越前嶺南線,2025/02/25,昼間帯,逆方向,-1600,-1600,0,0,0,0,-1600,周波数,0,0,0,0,2024/12/20 17:04:17
月間,202412,策定,越前嶺南線,2025/02/25,夜間帯,順方向,1900,1900,0,0,0,0,1900,安定度,0,0,0,0,2024/12/20 17:04:17
月間,202412,策定,越前嶺南線,2025/02/25,夜間帯,逆方向,-900,-900,0,0,0,0,-900,周波数,0,0,0,0,2024/12/20 17:04:17
月間,202412,策定,越前嶺南線,2025/02/26,昼間帯,順方向,1900,1900,0,0,0,0,1900,安定度,0,0,0,0,2024/12/20 17:04:17
月間,202412,策定,越前嶺南線,2025/02/26,昼間帯,逆方向,-1600,-1600,0,0,0,0,-1600,周波数,0,0,0,0,2024/12/20 17:04:17
月間,202412,策定,越前嶺南線,2025/02/26,夜間帯,順方向,1900,1900,0,0,0,0,1900,安定度,0,0,0,0,2024/12/20 17:04:17
月間,202412,策定,越前嶺南線,2025/02/26,夜間帯,逆方向,-900,-900,0,0,0,0,-900,周波数,0,0,0,0,2024/12/20 17:04:17
月間,202412,策定,越前嶺南線,2025/02/27,昼間帯,順方向,1900,1900,0,0,0,0,1900,安定度,0,0,0,0,2024/12/20 17:04:17
月間,202412,策定,越前嶺南線,2025/02/27,昼間帯,逆方向,-1600,-1600,0,0,0,0,-1600,周波数,0,0,0,0,2024/12/20 17:04:17
月間,202412,策定,越前嶺南線,2025/02/27,夜間帯,順方向,1900,1900,0,0,0,0,1900,安定度,0,0,0,0,2024/12/20 17:04:17
月間,202412,策定,越前嶺南線,2025/02/27,夜間帯,逆方向,-900,-900,0,0,0,0,-900,周波数,0,0,0,0,2024/12/20 17:04:17
月間,202412,策定,越前嶺南線,2025/02/28,昼間帯,順方向,1900,1900,0,0,0,0,1900,安定度,0,0,0,0,2024/12/20 17:04:17
月間,202412,策定,越前嶺南線,2025/02/28,昼間帯,逆方向,-1600,-1600,0,0,0,0,-1600,周波数,0,0,0,0,2024/12/20 17:04:17
月間,202412,策定,越前嶺南線,2025/02/28,夜間帯,順方向,1900,1900,0,0,0,0,1900,安定度,0,0,0,0,2024/12/20 17:04:17
月間,202412,策定,越前嶺南線,2025/02/28,夜間帯,逆方向,-900,-900,0,0,0,0,-900,周波数,0,0,0,0,2024/12/20 17:04:17
月間,202501,策定,越前嶺南線,2025/02/01,昼間帯,順方向,1560,1560,0,0,0,0,1560,周波数,0,0,0,0,2025/01/20 17:03:20
月間,202501,策定,越前嶺南線,2025/02/01,昼間帯,逆方向,-900,-900,0,0,0,0,-900,周波数,0,0,0,0,2025/01/20 17:03:20
月間,202501,策定,越前嶺南線,2025/02/01,夜間帯,順方向,1900,1900,0,0,0,0,1900,安定度,0,0,0,0,2025/01/20 17:03:20
月間,202501,策定,越前嶺南線,2025/02/01,夜間帯,逆方向,-900,-900,0,0,0,0,-900,周波数,0,0,0,0,2025/01/20 17:03:20
月間,202501,策定,越前嶺南線,2025/02/02,昼間帯,順方向,1560,1560,0,0,0,0,1560,周波数,0,0,0,0,2025/01/20 17:03:20
月間,202501,策定,越前嶺南線,2025/02/02,昼間帯,逆方向,-900,-900,0,0,0,0,-900,周波数,0,0,0,0,2025/01/20 17:03:20
月間,202501,策定,越前嶺南線,2025/02/02,夜間帯,順方向,1900,1900,0,0,0,0,1900,安定度,0,0,0,0,2025/01/20 17:03:20
月間,202501,策定,越前嶺南線,2025/02/02,夜間帯,逆方向,-900,-900,0,0,0,0,-900,周波数,0,0,0,0,2025/01/20 17:03:20
月間,202501,策定,越前嶺南線,2025/02/03,昼間帯,順方向,1900,1900,0,0,0,0,1900,安定度,0,0,0,0,2025/01/20 17:03:20
月間,202501,策定,越前嶺南線,2025/02/03,昼間帯,逆方向,-1600,-1600,0,0,0,0,-1600,周波数,0,0,0,0,2025/01/20 17:03:20
月間,202501,策定,越前嶺南線,2025/02/03,夜間帯,順方向,1900,1900,0,0,0,0,1900,安定度,0,0,0,0,2025/01/20 17:03:20
月間,202501,策定,越前嶺南線,2025/02/03,夜間帯,逆方向,-900,-900,0,0,0,0,-900,周波数,0,0,0,0,2025/01/20 17:03:20
月間,202501,策定,越前嶺南線,2025/02/04,昼間帯,順方向,1900,1900,0,0,0,0,1900,安定度,0,0,0,0,2025/01/20 17:03:20
月間,202501,策定,越前嶺南線,2025/02/04,昼間帯,逆方向,-1600,-1600,0,0,0,0,-1600,周波数,0,0,0,0,2025/01/20 17:03:20
月間,202501,策定,越前嶺南線,2025/02/04,夜間帯,順方向,1900,1900,0,0,0,0,1900,安定度,0,0,0,0,2025/01/20 17:03:20
月間,202501,策定,越前嶺南線,2025/02/04,夜間帯,逆方向,-900,-900,0,0,0,0,-900,周波数,0,0,0,0,2025/01/20 17:03:20
月間,202501,策定,越前嶺南線,2025/02/05,昼間帯,順方向,1900,1900,0,0,0,0,1900,安定度,0,0,0,0,2025/01/20 17:03:20
月間,202501,策定,越前嶺南線,2025/02/05,昼間帯,逆方向,-1600,-1600,0,0,0,0,-1600,周波数,0,0,0,0,2025/01/20 17:03:20
月間,202501,策定,越前嶺南線,2025/02/05,夜間帯,順方向,1900,1900,0,0,0,0,1900,安定度,0,0,0,0,2025/01/20 17:03:20
月間,202501,策定,越前嶺南線,2025/02/05,夜間帯,逆方向,-900,-900,0,0,0,0,-900,周波数,0,0,0,0,2025/01/20 17:03:20
月間,202501,策定,越前嶺南線,2025/02/06,昼間帯,順方向,1900,1900,0,0,0,0,1900,安定度,0,0,0,0,2025/01/20 17:03:20
月間,202501,策定,越前嶺南線,2025/02/06,昼間帯,逆方向,-1600,-1600,0,0,0,0,-1600,周波数,0,0,0,0,2025/01/20 17:03:20
月間,202501,策定,越前嶺南線,2025/02/06,夜間帯,順方向,1900,1900,0,0,0,0,1900,安定度,0,0,0,0,2025/01/20 17:03:20
月間,202501,策定,越前嶺南線,2025/02/06,夜間帯,逆方向,-900,-900,0,0,0,0,-900,周波数,0,0,0,0,2025/01/20 17:03:20
月間,202501,策定,越前嶺南線,2025/02/07,昼間帯,順方向,1900,1900,0,0,0,0,1900,安定度,0,0,0,0,2025/01/20 17:03:20
月間,202501,策定,越前嶺南線,2025/02/07,昼間帯,逆方向,-1600,-1600,0,0,0,0,-1600,周波数,0,0,0,0,2025/01/20 17:03:20
月間,202501,策定,越前嶺南線,2025/02/07,夜間帯,順方向,1900,1900,0,0,0,0,1900,安定度,0,0,0,0,2025/01/20 17:03:20
月間,202501,策定,越前嶺南線,2025/02/07,夜間帯,逆方向,-900,-900,0,0,0,0,-900,周波数,0,0,0,0,2025/01/20 17:03:20
月間,202501,策定,越前嶺南線,2025/02/08,昼間帯,順方向,1560,1560,0,0,0,0,1560,周波数,0,0,0,0,2025/01/20 17:03:20
月間,202501,策定,越前嶺南線,2025/02/08,昼間帯,逆方向,-900,-900,0,0,0,0,-900,周波数,0,0,0,0,2025/01/20 17:03:20
月間,202501,策定,越前嶺南線,2025/02/08,夜間帯,順方向,1900,1900,0,0,0,0,1900,安定度,0,0,0,0,2025/01/20 17:03:20
月間,202501,策定,越前嶺南線,2025/02/08,夜間帯,逆方向,-900,-900,0,0,0,0,-900,周波数,0,0,0,0,2025/01/20 17:03:20
月間,202501,策定,越前嶺南線,2025/02/09,昼間帯,順方向,1560,1560,0,0,0,0,1560,周波数,0,0,0,0,2025/01/20 17:03:20
月間,202501,策定,越前嶺南線,2025/02/09,昼間帯,逆方向,-900,-900,0,0,0,0,-900,周波数,0,0,0,0,2025/01/20 17:03:20
月間,202501,策定,越前嶺南線,2025/02/09,夜間帯,順方向,1900,1900,0,0,0,0,1900,安定度,0,0,0,0,2025/01/20 17:03:20
月間,202501,策定,越前嶺南線,2025/02/09,夜間帯,逆方向,-900,-900,0,0,0,0,-900,周波数,0,0,0,0,2025/01/20 17:03:20
月間,202501,策定,越前嶺南線,2025/02/10,昼間帯,順方向,1900,1900,0,0,0,0,1900,安定度,0,0,0,0,2025/01/20 17:03:20
月間,202501,策定,越前嶺南線,2025/02/10,昼間帯,逆方向,-1600,-1600,0,0,0,0,-1600,周波数,0,0,0,0,2025/01/20 17:03:20
月間,202501,策定,越前嶺南線,2025/02/10,夜間帯,順方向,1900,1900,0,0,0,0,1900,安定度,0,0,0,0,2025/01/20 17:03:20
月間,202501,策定,越前嶺南線,2025/02/10,夜間帯,逆方向,-900,-900,0,0,0,0,-900,周波数,0,0,0,0,2025/01/20 17:03:20
月間,202501,策定,越前嶺南線,2025/02/11,昼間帯,順方向,1560,1560,0,0,0,0,1560,周波数,0,0,0,0,2025/01/20 17:03:20
月間,202501,策定,越前嶺南線,2025/02/11,昼間帯,逆方向,-900,-900,0,0,0,0,-900,周波数,0,0,0,0,2025/01/20 17:03:20
月間,202501,策定,越前嶺南線,2025/02/11,夜間帯,順方向,1900,1900,0,0,0,0,1900,安定度,0,0,0,0,2025/01/20 17:03:20
月間,202501,策定,越前嶺南線,2025/02/11,夜間帯,逆方向,-900,-900,0,0,0,0,-900,周波数,0,0,0,0,2025/01/20 17:03:20
月間,202501,策定,越前嶺南線,2025/02/12,昼間帯,順方向,1900,1900,0,0,0,0,1900,安定度,0,0,0,0,2025/01/20 17:03:20
月間,202501,策定,越前嶺南線,2025/02/12,昼間帯,逆方向,-1600,-1600,0,0,0,0,-1600,周波数,0,0,0,0,2025/01/20 17:03:20
月間,202501,策定,越前嶺南線,2025/02/12,夜間帯,順方向,1900,1900,0,0,0,0,1900,安定度,0,0,0,0,2025/01/20 17:03:20
月間,202501,策定,越前嶺南線,2025/02/12,夜間帯,逆方向,-900,-900,0,0,0,0,-900,周波数,0,0,0,0,2025/01/20 17:03:20
月間,202501,策定,越前嶺南線,2025/02/13,昼間帯,順方向,1900,1900,0,0,0,0,1900,安定度,0,0,0,0,2025/01/20 17:03:20
月間,202501,策定,越前嶺南線,2025/02/13,昼間帯,逆方向,-1600,-1600,0,0,0,0,-1600,周波数,0,0,0,0,2025/01/20 17:03:20
月間,202501,策定,越前嶺南線,2025/02/13,夜間帯,順方向,1900,1900,0,0,0,0,1900,安定度,0,0,0,0,2025/01/20 17:03:20
月間,202501,策定,越前嶺南線,2025/02/13,夜間帯,逆方向,-900,-900,0,0,0,0,-900,周波数,0,0,0,0,2025/01/20 17:03:20
月間,202501,策定,越前嶺南線,2025/02/14,昼間帯,順方向,1900,1900,0,0,0,0,1900,安定度,0,0,0,0,2025/01/20 17:03:20
月間,202501,策定,越前嶺南線,2025/02/14,昼間帯,逆方向,-1600,-1600,0,0,0,0,-1600,周波数,0,0,0,0,2025/01/20 17:03:20
月間,202501,策定,越前嶺南線,2025/02/14,夜間帯,順方向,1900,1900,0,0,0,0,1900,安定度,0,0,0,0,2025/01/20 17:03:20
月間,202501,策定,越前嶺南線,2025/02/14,夜間帯,逆方向,-900,-900,0,0,0,0,-900,周波数,0,0,0,0,2025/01/20 17:03:20
月間,202501,策定,越前嶺南線,2025/02/15,昼間帯,順方向,1560,1560,0,0,0,0,1560,周波数,0,0,0,0,2025/01/20 17:03:20
月間,202501,策定,越前嶺南線,2025/02/15,昼間帯,逆方向,-900,-900,0,0,0,0,-900,周波数,0,0,0,0,2025/01/20 17:03:20
月間,202501,策定,越前嶺南線,2025/02/15,夜間帯,順方向,1900,1900,0,0,0,0,1900,安定度,0,0,0,0,2025/01/20 17:03:20
月間,202501,策定,越前嶺南線,2025/02/15,夜間帯,逆方向,-900,-900,0,0,0,0,-900,周波数,0,0,0,0,2025/01/20 17:03:20
月間,202501,策定,越前嶺南線,2025/02/16,昼間帯,順方向,1560,1560,0,0,0,0,1560,周波数,0,0,0,0,2025/01/20 17:03:20
月間,202501,策定,越前嶺南線,2025/02/16,昼間帯,逆方向,-900,-900,0,0,0,0,-900,周波数,0,0,0,0,2025/01/20 17:03:20
月間,202501,策定,越前嶺南線,2025/02/16,夜間帯,順方向,1900,1900,0,0,0,0,1900,安定度,0,0,0,0,2025/01/20 17:03:20
月間,202501,策定,越前嶺南線,2025/02/16,夜間帯,逆方向,-900,-900,0,0,0,0,-900,周波数,0,0,0,0,2025/01/20 17:03:20
月間,202501,策定,越前嶺南線,2025/02/17,昼間帯,順方向,1900,1900,0,0,0,0,1900,安定度,0,0,0,0,2025/01/20 17:03:20
月間,202501,策定,越前嶺南線,2025/02/17,昼間帯,逆方向,-1600,-1600,0,0,0,0,-1600,周波数,0,0,0,0,2025/01/20 17:03:20
月間,202501,策定,越前嶺南線,2025/02/17,夜間帯,順方向,1900,1900,0,0,0,0,1900,安定度,0,0,0,0,2025/01/20 17:03:20
月間,202501,策定,越前嶺南線,2025/02/17,夜間帯,逆方向,-900,-900,0,0,0,0,-900,周波数,0,0,0,0,2025/01/20 17:03:20
月間,202501,策定,越前嶺南線,2025/02/18,昼間帯,順方向,1900,1900,0,0,0,0,1900,安定度,0,0,0,0,2025/01/20 17:03:20
月間,202501,策定,越前嶺南線,2025/02/18,昼間帯,逆方向,-1600,-1600,0,0,0,0,-1600,周波数,0,0,0,0,2025/01/20 17:03:20
月間,202501,策定,越前嶺南線,2025/02/18,夜間帯,順方向,1900,1900,0,0,0,0,1900,安定度,0,0,0,0,2025/01/20 17:03:20
月間,202501,策定,越前嶺南線,2025/02/18,夜間帯,逆方向,-900,-900,0,0,0,0,-900,周波数,0,0,0,0,2025/01/20 17:03:20
月間,202501,策定,越前嶺南線,2025/02/19,昼間帯,順方向,1900,1900,0,0,0,0,1900,安定度,0,0,0,0,2025/01/20 17:03:20
月間,202501,策定,越前嶺南線,2025/02/19,昼間帯,逆方向,-1600,-1600,0,0,0,0,-1600,周波数,0,0,0,0,2025/01/20 17:03:20
月間,202501,策定,越前嶺南線,2025/02/19,夜間帯,順方向,1900,1900,0,0,0,0,1900,安定度,0,0,0,0,2025/01/20 17:03:20
月間,202501,策定,越前嶺南線,2025/02/19,夜間帯,逆方向,-900,-900,0,0,0,0,-900,周波数,0,0,0,0,2025/01/20 17:03:20
月間,202501,策定,越前嶺南線,2025/02/20,昼間帯,順方向,1900,1900,0,0,0,0,1900,安定度,0,0,0,0,2025/01/20 17:03:20
月間,202501,策定,越前嶺南線,2025/02/20,昼間帯,逆方向,-1600,-1600,0,0,0,0,-1600,周波数,0,0,0,0,2025/01/20 17:03:20
月間,202501,策定,越前嶺南線,2025/02/20,夜間帯,順方向,1900,1900,0,0,0,0,1900,安定度,0,0,0,0,2025/01/20 17:03:20
月間,202501,策定,越前嶺南線,2025/02/20,夜間帯,逆方向,-900,-900,0,0,0,0,-900,周波数,0,0,0,0,2025/01/20 17:03:20
月間,202501,策定,越前嶺南線,2025/02/21,昼間帯,順方向,1900,1900,0,0,0,0,1900,安定度,0,0,0,0,2025/01/20 17:03:20
月間,202501,策定,越前嶺南線,2025/02/21,昼間帯,逆方向,-1600,-1600,0,0,0,0,-1600,周波数,0,0,0,0,2025/01/20 17:03:20
月間,202501,策定,越前嶺南線,2025/02/21,夜間帯,順方向,1900,1900,0,0,0,0,1900,安定度,0,0,0,0,2025/01/20 17:03:20
月間,202501,策定,越前嶺南線,2025/02/21,夜間帯,逆方向,-900,-900,0,0,0,0,-900,周波数,0,0,0,0,2025/01/20 17:03:20
月間,202501,策定,越前嶺南線,2025/02/22,昼間帯,順方向,1560,1560,0,0,0,0,1560,周波数,0,0,0,0,2025/01/20 17:03:20
月間,202501,策定,越前嶺南線,2025/02/22,昼間帯,逆方向,-900,-900,0,0,0,0,-900,周波数,0,0,0,0,2025/01/20 17:03:20
月間,202501,策定,越前嶺南線,2025/02/22,夜間帯,順方向,1900,1900,0,0,0,0,1900,安定度,0,0,0,0,2025/01/20 17:03:20
月間,202501,策定,越前嶺南線,2025/02/22,夜間帯,逆方向,-900,-900,0,0,0,0,-900,周波数,0,0,0,0,2025/01/20 17:03:20
月間,202501,策定,越前嶺南線,2025/02/23,昼間帯,順方向,1560,1560,0,0,0,0,1560,周波数,0,0,0,0,2025/01/20 17:03:20
月間,202501,策定,越前嶺南線,2025/02/23,昼間帯,逆方向,-900,-900,0,0,0,0,-900,周波数,0,0,0,0,2025/01/20 17:03:20
月間,202501,策定,越前嶺南線,2025/02/23,夜間帯,順方向,1900,1900,0,0,0,0,1900,安定度,0,0,0,0,2025/01/20 17:03:20
月間,202501,策定,越前嶺南線,2025/02/23,夜間帯,逆方向,-900,-900,0,0,0,0,-900,周波数,0,0,0,0,2025/01/20 17:03:20
月間,202501,策定,越前嶺南線,2025/02/24,昼間帯,順方向,1560,1560,0,0,0,0,1560,周波数,0,0,0,0,2025/01/20 17:03:20
月間,202501,策定,越前嶺南線,2025/02/24,昼間帯,逆方向,-900,-900,0,0,0,0,-900,周波数,0,0,0,0,2025/01/20 17:03:20
月間,202501,策定,越前嶺南線,2025/02/24,夜間帯,順方向,1900,1900,0,0,0,0,1900,安定度,0,0,0,0,2025/01/20 17:03:20
月間,202501,策定,越前嶺南線,2025/02/24,夜間帯,逆方向,-900,-900,0,0,0,0,-900,周波数,0,0,0,0,2025/01/20 17:03:20
月間,202501,策定,越前嶺南線,2025/02/25,昼間帯,順方向,1900,1900,0,0,0,0,1900,安定度,0,0,0,0,2025/01/20 17:03:20
月間,202501,策定,越前嶺南線,2025/02/25,昼間帯,逆方向,-1600,-1600,0,0,0,0,-1600,周波数,0,0,0,0,2025/01/20 17:03:20
月間,202501,策定,越前嶺南線,2025/02/25,夜間帯,順方向,1900,1900,0,0,0,0,1900,安定度,0,0,0,0,2025/01/20 17:03:20
月間,202501,策定,越前嶺南線,2025/02/25,夜間帯,逆方向,-900,-900,0,0,0,0,-900,周波数,0,0,0,0,2025/01/20 17:03:20
月間,202501,策定,越前嶺南線,2025/02/26,昼間帯,順方向,1900,1900,0,0,0,0,1900,安定度,0,0,0,0,2025/01/20 17:03:20
月間,202501,策定,越前嶺南線,2025/02/26,昼間帯,逆方向,-1600,-1600,0,0,0,0,-1600,周波数,0,0,0,0,2025/01/20 17:03:20
月間,202501,策定,越前嶺南線,2025/02/26,夜間帯,順方向,1900,1900,0,0,0,0,1900,安定度,0,0,0,0,2025/01/20 17:03:20
月間,202501,策定,越前嶺南線,2025/02/26,夜間帯,逆方向,-900,-900,0,0,0,0,-900,周波数,0,0,0,0,2025/01/20 17:03:20
月間,202501,策定,越前嶺南線,2025/02/27,昼間帯,順方向,1900,1900,0,0,0,0,1900,安定度,0,0,0,0,2025/01/20 17:03:20
月間,202501,策定,越前嶺南線,2025/02/27,昼間帯,逆方向,-1600,-1600,0,0,0,0,-1600,周波数,0,0,0,0,2025/01/20 17:03:20
月間,202501,策定,越前嶺南線,2025/02/27,夜間帯,順方向,1900,1900,0,0,0,0,1900,安定度,0,0,0,0,2025/01/20 17:03:20
月間,202501,策定,越前嶺南線,2025/02/27,夜間帯,逆方向,-900,-900,0,0,0,0,-900,周波数,0,0,0,0,2025/01/20 17:03:20
月間,202501,策定,越前嶺南線,2025/02/28,昼間帯,順方向,1900,1900,0,0,0,0,1900,安定度,0,0,0,0,2025/01/20 17:03:20
月間,202501,策定,越前嶺南線,2025/02/28,昼間帯,逆方向,-1600,-1600,0,0,0,0,-1600,周波数,0,0,0,0,2025/01/20 17:03:20
月間,202501,策定,越前嶺南線,2025/02/28,夜間帯,順方向,1900,1900,0,0,0,0,1900,安定度,0,0,0,0,2025/01/20 17:03:20
月間,202501,策定,越前嶺南線,2025/02/28,夜間帯,逆方向,-900,-900,0,0,0,0,-900,周波数,0,0,0,0,2025/01/20 17:03:20
月間,202412,策定,西播東岡山線・山崎智頭線,2025/02/01,昼間帯,順方向,3260,3260,0,0,0,0,3260,熱容量,0,0,0,0,2024/12/20 17:04:17
月間,202412,策定,西播東岡山線・山崎智頭線,2025/02/01,昼間帯,逆方向,-4550,-4550,0,0,0,0,-4550,電圧,0,0,0,0,2024/12/20 17:04:17
月間,202412,策定,西播東岡山線・山崎智頭線,2025/02/01,夜間帯,順方向,3260,3260,0,0,0,0,3260,熱容量,0,0,0,0,2024/12/20 17:04:17
月間,202412,策定,西播東岡山線・山崎智頭線,2025/02/01,夜間帯,逆方向,-4550,-4550,0,0,0,0,-4550,電圧,0,0,0,0,2024/12/20 17:04:17
月間,202412,策定,西播東岡山線・山崎智頭線,2025/02/02,昼間帯,順方向,3260,3260,0,0,0,0,3260,熱容量,0,0,0,0,2024/12/20 17:04:17
月間,202412,策定,西播東岡山線・山崎智頭線,2025/02/02,昼間帯,逆方向,-4550,-4550,0,0,0,0,-4550,電圧,0,0,0,0,2024/12/20 17:04:17
月間,202412,策定,西播東岡山線・山崎智頭線,2025/02/02,夜間帯,順方向,3260,3260,0,0,0,0,3260,熱容量,0,0,0,0,2024/12/20 17:04:17
月間,202412,策定,西播東岡山線・山崎智頭線,2025/02/02,夜間帯,逆方向,-4550,-4550,0,0,0,0,-4550,電圧,0,0,0,0,2024/12/20 17:04:17
月間,202412,策定,西播東岡山線・山崎智頭線,2025/02/03,昼間帯,順方向,3260,3260,0,0,0,0,3260,熱容量,0,0,0,0,2024/12/20 17:04:17
月間,202412,策定,西播東岡山線・山崎智頭線,2025/02/03,昼間帯,逆方向,-4550,-4550,0,0,0,0,-4550,電圧,0,0,0,0,2024/12/20 17:04:17
月間,202412,策定,西播東岡山線・山崎智頭線,2025/02/03,夜間帯,順方向,3260,3260,0,0,0,0,3260,熱容量,0,0,0,0,2024/12/20 17:04:17
月間,202412,策定,西播東岡山線・山崎智頭線,2025/02/03,夜間帯,逆方向,-4550,-4550,0,0,0,0,-4550,電圧,0,0,0,0,2024/12/20 17:04:17
月間,202412,策定,西播東岡山線・山崎智頭線,2025/02/04,昼間帯,順方向,3260,3260,0,0,0,0,3260,熱容量,0,0,0,0,2024/12/20 17:04:17
月間,202412,策定,西播東岡山線・山崎智頭線,2025/02/04,昼間帯,逆方向,-4550,-4550,0,0,0,0,-4550,電圧,0,0,0,0,2024/12/20 17:04:17
月間,202412,策定,西播東岡山線・山崎智頭線,2025/02/04,夜間帯,順方向,3260,3260,0,0,0,0,3260,熱容量,0,0,0,0,2024/12/20 17:04:17
月間,202412,策定,西播東岡山線・山崎智頭線,2025/02/04,夜間帯,逆方向,-4550,-4550,0,0,0,0,-4550,電圧,0,0,0,0,2024/12/20 17:04:17
月間,202412,策定,西播東岡山線・山崎智頭線,2025/02/05,昼間帯,順方向,3260,3260,0,0,0,0,3260,熱容量,0,0,0,0,2024/12/20 17:04:17
月間,202412,策定,西播東岡山線・山崎智頭線,2025/02/05,昼間帯,逆方向,-4550,-4550,0,0,0,0,-4550,電圧,0,0,0,0,2024/12/20 17:04:17
月間,202412,策定,西播東岡山線・山崎智頭線,2025/02/05,夜間帯,順方向,3260,3260,0,0,0,0,3260,熱容量,0,0,0,0,2024/12/20 17:04:17
月間,202412,策定,西播東岡山線・山崎智頭線,2025/02/05,夜間帯,逆方向,-4550,-4550,0,0,0,0,-4550,電圧,0,0,0,0,2024/12/20 17:04:17
月間,202412,策定,西播東岡山線・山崎智頭線,2025/02/06,昼間帯,順方向,3260,3260,0,0,0,0,3260,熱容量,0,0,0,0,2024/12/20 17:04:17
月間,202412,策定,西播東岡山線・山崎智頭線,2025/02/06,昼間帯,逆方向,-4550,-4550,0,0,0,0,-4550,電圧,0,0,0,0,2024/12/20 17:04:17
月間,202412,策定,西播東岡山線・山崎智頭線,2025/02/06,夜間帯,順方向,3260,3260,0,0,0,0,3260,熱容量,0,0,0,0,2024/12/20 17:04:17
月間,202412,策定,西播東岡山線・山崎智頭線,2025/02/06,夜間帯,逆方向,-4550,-4550,0,0,0,0,-4550,電圧,0,0,0,0,2024/12/20 17:04:17
月間,202412,策定,西播東岡山線・山崎智頭線,2025/02/07,昼間帯,順方向,3260,3260,0,0,0,0,3260,熱容量,0,0,0,0,2024/12/20 17:04:17
月間,202412,策定,西播東岡山線・山崎智頭線,2025/02/07,昼間帯,逆方向,-4550,-4550,0,0,0,0,-4550,電圧,0,0,0,0,2024/12/20 17:04:17
月間,202412,策定,西播東岡山線・山崎智頭線,2025/02/07,夜間帯,順方向,3260,3260,0,0,0,0,3260,熱容量,0,0,0,0,2024/12/20 17:04:17
月間,202412,策定,西播東岡山線・山崎智頭線,2025/02/07,夜間帯,逆方向,-4550,-4550,0,0,0,0,-4550,電圧,0,0,0,0,2024/12/20 17:04:17
月間,202412,策定,西播東岡山線・山崎智頭線,2025/02/08,昼間帯,順方向,3260,3260,0,0,0,0,3260,熱容量,0,0,0,0,2024/12/20 17:04:17
月間,202412,策定,西播東岡山線・山崎智頭線,2025/02/08,昼間帯,逆方向,-4550,-4550,0,0,0,0,-4550,電圧,0,0,0,0,2024/12/20 17:04:17
月間,202412,策定,西播東岡山線・山崎智頭線,2025/02/08,夜間帯,順方向,3260,3260,0,0,0,0,3260,熱容量,0,0,0,0,2024/12/20 17:04:17
月間,202412,策定,西播東岡山線・山崎智頭線,2025/02/08,夜間帯,逆方向,-4550,-4550,0,0,0,0,-4550,電圧,0,0,0,0,2024/12/20 17:04:17
月間,202412,策定,西播東岡山線・山崎智頭線,2025/02/09,昼間帯,順方向,3260,3260,0,0,0,0,3260,熱容量,0,0,0,0,2024/12/20 17:04:17
月間,202412,策定,西播東岡山線・山崎智頭線,2025/02/09,昼間帯,逆方向,-4550,-4550,0,0,0,0,-4550,電圧,0,0,0,0,2024/12/20 17:04:17
月間,202412,策定,西播東岡山線・山崎智頭線,2025/02/09,夜間帯,順方向,3260,3260,0,0,0,0,3260,熱容量,0,0,0,0,2024/12/20 17:04:17
月間,202412,策定,西播東岡山線・山崎智頭線,2025/02/09,夜間帯,逆方向,-4550,-4550,0,0,0,0,-4550,電圧,0,0,0,0,2024/12/20 17:04:17
月間,202412,策定,西播東岡山線・山崎智頭線,2025/02/10,昼間帯,順方向,3260,3260,0,0,0,0,3260,熱容量,0,0,0,0,2024/12/20 17:04:17
月間,202412,策定,西播東岡山線・山崎智頭線,2025/02/10,昼間帯,逆方向,-4550,-4550,0,0,0,0,-4550,電圧,0,0,0,0,2024/12/20 17:04:17
月間,202412,策定,西播東岡山線・山崎智頭線,2025/02/10,夜間帯,順方向,3260,3260,0,0,0,0,3260,熱容量,0,0,0,0,2024/12/20 17:04:17
月間,202412,策定,西播東岡山線・山崎智頭線,2025/02/10,夜間帯,逆方向,-4550,-4550,0,0,0,0,-4550,電圧,0,0,0,0,2024/12/20 17:04:17
月間,202412,策定,西播東岡山線・山崎智頭線,2025/02/11,昼間帯,順方向,3260,3260,0,0,0,0,3260,熱容量,0,0,0,0,2024/12/20 17:04:17
月間,202412,策定,西播東岡山線・山崎智頭線,2025/02/11,昼間帯,逆方向,-4550,-4550,0,0,0,0,-4550,電圧,0,0,0,0,2024/12/20 17:04:17
月間,202412,策定,西播東岡山線・山崎智頭線,2025/02/11,夜間帯,順方向,3260,3260,0,0,0,0,3260,熱容量,0,0,0,0,2024/12/20 17:04:17
月間,202412,策定,西播東岡山線・山崎智頭線,2025/02/11,夜間帯,逆方向,-4550,-4550,0,0,0,0,-4550,電圧,0,0,0,0,2024/12/20 17:04:17
月間,202412,策定,西播東岡山線・山崎智頭線,2025/02/12,昼間帯,順方向,3260,3260,0,0,0,0,3260,熱容量,0,0,0,0,2024/12/20 17:04:17
月間,202412,策定,西播東岡山線・山崎智頭線,2025/02/12,昼間帯,逆方向,-4550,-4550,0,0,0,0,-4550,電圧,0,0,0,0,2024/12/20 17:04:17
月間,202412,策定,西播東岡山線・山崎智頭線,2025/02/12,夜間帯,順方向,3260,3260,0,0,0,0,3260,熱容量,0,0,0,0,2024/12/20 17:04:17
月間,202412,策定,西播東岡山線・山崎智頭線,2025/02/12,夜間帯,逆方向,-4550,-4550,0,0,0,0,-4550,電圧,0,0,0,0,2024/12/20 17:04:17
月間,202412,策定,西播東岡山線・山崎智頭線,2025/02/13,昼間帯,順方向,3260,3260,0,0,0,0,3260,熱容量,0,0,0,0,2024/12/20 17:04:17
月間,202412,策定,西播東岡山線・山崎智頭線,2025/02/13,昼間帯,逆方向,-4550,-4550,0,0,0,0,-4550,電圧,0,0,0,0,2024/12/20 17:04:17
月間,202412,策定,西播東岡山線・山崎智頭線,2025/02/13,夜間帯,順方向,3260,3260,0,0,0,0,3260,熱容量,0,0,0,0,2024/12/20 17:04:17
月間,202412,策定,西播東岡山線・山崎智頭線,2025/02/13,夜間帯,逆方向,-4550,-4550,0,0,0,0,-4550,電圧,0,0,0,0,2024/12/20 17:04:17
月間,202412,策定,西播東岡山線・山崎智頭線,2025/02/14,昼間帯,順方向,3260,3260,0,0,0,0,3260,熱容量,0,0,0,0,2024/12/20 17:04:17
月間,202412,策定,西播東岡山線・山崎智頭線,2025/02/14,昼間帯,逆方向,-4550,-4550,0,0,0,0,-4550,電圧,0,0,0,0,2024/12/20 17:04:17
月間,202412,策定,西播東岡山線・山崎智頭線,2025/02/14,夜間帯,順方向,3260,3260,0,0,0,0,3260,熱容量,0,0,0,0,2024/12/20 17:04:17
月間,202412,策定,西播東岡山線・山崎智頭線,2025/02/14,夜間帯,逆方向,-4550,-4550,0,0,0,0,-4550,電圧,0,0,0,0,2024/12/20 17:04:17
月間,202412,策定,西播東岡山線・山崎智頭線,2025/02/15,昼間帯,順方向,3260,3260,0,0,0,0,3260,熱容量,0,0,0,0,2024/12/20 17:04:17
月間,202412,策定,西播東岡山線・山崎智頭線,2025/02/15,昼間帯,逆方向,-4550,-4550,0,0,0,0,-4550,電圧,0,0,0,0,2024/12/20 17:04:17
月間,202412,策定,西播東岡山線・山崎智頭線,2025/02/15,夜間帯,順方向,3260,3260,0,0,0,0,3260,熱容量,0,0,0,0,2024/12/20 17:04:17
月間,202412,策定,西播東岡山線・山崎智頭線,2025/02/15,夜間帯,逆方向,-4550,-4550,0,0,0,0,-4550,電圧,0,0,0,0,2024/12/20 17:04:17
月間,202412,策定,西播東岡山線・山崎智頭線,2025/02/16,昼間帯,順方向,3260,3260,0,0,0,0,3260,熱容量,0,0,0,0,2024/12/20 17:04:17
月間,202412,策定,西播東岡山線・山崎智頭線,2025/02/16,昼間帯,逆方向,-4550,-4550,0,0,0,0,-4550,電圧,0,0,0,0,2024/12/20 17:04:17
月間,202412,策定,西播東岡山線・山崎智頭線,2025/02/16,夜間帯,順方向,3260,3260,0,0,0,0,3260,熱容量,0,0,0,0,2024/12/20 17:04:17
月間,202412,策定,西播東岡山線・山崎智頭線,2025/02/16,夜間帯,逆方向,-4550,-4550,0,0,0,0,-4550,電圧,0,0,0,0,2024/12/20 17:04:17
月間,202412,策定,西播東岡山線・山崎智頭線,2025/02/17,昼間帯,順方向,3260,3260,0,0,0,0,3260,熱容量,0,0,0,0,2024/12/20 17:04:17
月間,202412,策定,西播東岡山線・山崎智頭線,2025/02/17,昼間帯,逆方向,-4550,-4550,0,0,0,0,-4550,電圧,0,0,0,0,2024/12/20 17:04:17
月間,202412,策定,西播東岡山線・山崎智頭線,2025/02/17,夜間帯,順方向,3260,3260,0,0,0,0,3260,熱容量,0,0,0,0,2024/12/20 17:04:17
月間,202412,策定,西播東岡山線・山崎智頭線,2025/02/17,夜間帯,逆方向,-4550,-4550,0,0,0,0,-4550,電圧,0,0,0,0,2024/12/20 17:04:17
月間,202412,策定,西播東岡山線・山崎智頭線,2025/02/18,昼間帯,順方向,3260,3260,0,0,0,0,3260,熱容量,0,0,0,0,2024/12/20 17:04:17
月間,202412,策定,西播東岡山線・山崎智頭線,2025/02/18,昼間帯,逆方向,-4550,-4550,0,0,0,0,-4550,電圧,0,0,0,0,2024/12/20 17:04:17
月間,202412,策定,西播東岡山線・山崎智頭線,2025/02/18,夜間帯,順方向,3260,3260,0,0,0,0,3260,熱容量,0,0,0,0,2024/12/20 17:04:17
月間,202412,策定,西播東岡山線・山崎智頭線,2025/02/18,夜間帯,逆方向,-4550,-4550,0,0,0,0,-4550,電圧,0,0,0,0,2024/12/20 17:04:17
月間,202412,策定,西播東岡山線・山崎智頭線,2025/02/19,昼間帯,順方向,3260,3260,0,0,0,0,3260,熱容量,0,0,0,0,2024/12/20 17:04:17
月間,202412,策定,西播東岡山線・山崎智頭線,2025/02/19,昼間帯,逆方向,-4550,-4550,0,0,0,0,-4550,電圧,0,0,0,0,2024/12/20 17:04:17
月間,202412,策定,西播東岡山線・山崎智頭線,2025/02/19,夜間帯,順方向,3260,3260,0,0,0,0,3260,熱容量,0,0,0,0,2024/12/20 17:04:17
月間,202412,策定,西播東岡山線・山崎智頭線,2025/02/19,夜間帯,逆方向,-4550,-4550,0,0,0,0,-4550,電圧,0,0,0,0,2024/12/20 17:04:17
月間,202412,策定,西播東岡山線・山崎智頭線,2025/02/20,昼間帯,順方向,3260,3260,0,0,0,0,3260,熱容量,0,0,0,0,2024/12/20 17:04:17
月間,202412,策定,西播東岡山線・山崎智頭線,2025/02/20,昼間帯,逆方向,-4550,-4550,0,0,0,0,-4550,電圧,0,0,0,0,2024/12/20 17:04:17
月間,202412,策定,西播東岡山線・山崎智頭線,2025/02/20,夜間帯,順方向,3260,3260,0,0,0,0,3260,熱容量,0,0,0,0,2024/12/20 17:04:17
月間,202412,策定,西播東岡山線・山崎智頭線,2025/02/20,夜間帯,逆方向,-4550,-4550,0,0,0,0,-4550,電圧,0,0,0,0,2024/12/20 17:04:17
月間,202412,策定,西播東岡山線・山崎智頭線,2025/02/21,昼間帯,順方向,3260,3260,0,0,0,0,3260,熱容量,0,0,0,0,2024/12/20 17:04:17
月間,202412,策定,西播東岡山線・山崎智頭線,2025/02/21,昼間帯,逆方向,-4550,-4550,0,0,0,0,-4550,電圧,0,0,0,0,2024/12/20 17:04:17
月間,202412,策定,西播東岡山線・山崎智頭線,2025/02/21,夜間帯,順方向,3260,3260,0,0,0,0,3260,熱容量,0,0,0,0,2024/12/20 17:04:17
月間,202412,策定,西播東岡山線・山崎智頭線,2025/02/21,夜間帯,逆方向,-4550,-4550,0,0,0,0,-4550,電圧,0,0,0,0,2024/12/20 17:04:17
月間,202412,策定,西播東岡山線・山崎智頭線,2025/02/22,昼間帯,順方向,3260,3260,0,0,0,0,3260,熱容量,0,0,0,0,2024/12/20 17:04:17
月間,202412,策定,西播東岡山線・山崎智頭線,2025/02/22,昼間帯,逆方向,-4550,-4550,0,0,0,0,-4550,電圧,0,0,0,0,2024/12/20 17:04:17
月間,202412,策定,西播東岡山線・山崎智頭線,2025/02/22,夜間帯,順方向,3260,3260,0,0,0,0,3260,熱容量,0,0,0,0,2024/12/20 17:04:17
月間,202412,策定,西播東岡山線・山崎智頭線,2025/02/22,夜間帯,逆方向,-4550,-4550,0,0,0,0,-4550,電圧,0,0,0,0,2024/12/20 17:04:17
月間,202412,策定,西播東岡山線・山崎智頭線,2025/02/23,昼間帯,順方向,3260,3260,0,0,0,0,3260,熱容量,0,0,0,0,2024/12/20 17:04:17
月間,202412,策定,西播東岡山線・山崎智頭線,2025/02/23,昼間帯,逆方向,-4550,-4550,0,0,0,0,-4550,電圧,0,0,0,0,2024/12/20 17:04:17
月間,202412,策定,西播東岡山線・山崎智頭線,2025/02/23,夜間帯,順方向,3260,3260,0,0,0,0,3260,熱容量,0,0,0,0,2024/12/20 17:04:17
月間,202412,策定,西播東岡山線・山崎智頭線,2025/02/23,夜間帯,逆方向,-4550,-4550,0,0,0,0,-4550,電圧,0,0,0,0,2024/12/20 17:04:17
月間,202412,策定,西播東岡山線・山崎智頭線,2025/02/24,昼間帯,順方向,3260,3260,0,0,0,0,3260,熱容量,0,0,0,0,2024/12/20 17:04:17
月間,202412,策定,西播東岡山線・山崎智頭線,2025/02/24,昼間帯,逆方向,-4550,-4550,0,0,0,0,-4550,電圧,0,0,0,0,2024/12/20 17:04:17
月間,202412,策定,西播東岡山線・山崎智頭線,2025/02/24,夜間帯,順方向,3260,3260,0,0,0,0,3260,熱容量,0,0,0,0,2024/12/20 17:04:17
月間,202412,策定,西播東岡山線・山崎智頭線,2025/02/24,夜間帯,逆方向,-4550,-4550,0,0,0,0,-4550,電圧,0,0,0,0,2024/12/20 17:04:17
月間,202412,策定,西播東岡山線・山崎智頭線,2025/02/25,昼間帯,順方向,3260,3260,0,0,0,0,3260,熱容量,0,0,0,0,2024/12/20 17:04:17
月間,202412,策定,西播東岡山線・山崎智頭線,2025/02/25,昼間帯,逆方向,-4550,-4550,0,0,0,0,-4550,電圧,0,0,0,0,2024/12/20 17:04:17
月間,202412,策定,西播東岡山線・山崎智頭線,2025/02/25,夜間帯,順方向,3260,3260,0,0,0,0,3260,熱容量,0,0,0,0,2024/12/20 17:04:17
月間,202412,策定,西播東岡山線・山崎智頭線,2025/02/25,夜間帯,逆方向,-4550,-4550,0,0,0,0,-4550,電圧,0,0,0,0,2024/12/20 17:04:17
月間,202412,策定,西播東岡山線・山崎智頭線,2025/02/26,昼間帯,順方向,3260,3260,0,0,0,0,3260,熱容量,0,0,0,0,2024/12/20 17:04:17
月間,202412,策定,西播東岡山線・山崎智頭線,2025/02/26,昼間帯,逆方向,-4550,-4550,0,0,0,0,-4550,電圧,0,0,0,0,2024/12/20 17:04:17
月間,202412,策定,西播東岡山線・山崎智頭線,2025/02/26,夜間帯,順方向,3260,3260,0,0,0,0,3260,熱容量,0,0,0,0,2024/12/20 17:04:17
月間,202412,策定,西播東岡山線・山崎智頭線,2025/02/26,夜間帯,逆方向,-4550,-4550,0,0,0,0,-4550,電圧,0,0,0,0,2024/12/20 17:04:17
月間,202412,策定,西播東岡山線・山崎智頭線,2025/02/27,昼間帯,順方向,3260,3260,0,0,0,0,3260,熱容量,0,0,0,0,2024/12/20 17:04:17
月間,202412,策定,西播東岡山線・山崎智頭線,2025/02/27,昼間帯,逆方向,-4550,-4550,0,0,0,0,-4550,電圧,0,0,0,0,2024/12/20 17:04:17
月間,202412,策定,西播東岡山線・山崎智頭線,2025/02/27,夜間帯,順方向,3260,3260,0,0,0,0,3260,熱容量,0,0,0,0,2024/12/20 17:04:17
月間,202412,策定,西播東岡山線・山崎智頭線,2025/02/27,夜間帯,逆方向,-4550,-4550,0,0,0,0,-4550,電圧,0,0,0,0,2024/12/20 17:04:17
月間,202412,策定,西播東岡山線・山崎智頭線,2025/02/28,昼間帯,順方向,3260,3260,0,0,0,0,3260,熱容量,0,0,0,0,2024/12/20 17:04:17
月間,202412,策定,西播東岡山線・山崎智頭線,2025/02/28,昼間帯,逆方向,-4550,-4550,0,0,0,0,-4550,電圧,0,0,0,0,2024/12/20 17:04:17
月間,202412,策定,西播東岡山線・山崎智頭線,2025/02/28,夜間帯,順方向,3260,3260,0,0,0,0,3260,熱容量,0,0,0,0,2024/12/20 17:04:17
月間,202412,策定,西播東岡山線・山崎智頭線,2025/02/28,夜間帯,逆方向,-4550,-4550,0,0,0,0,-4550,電圧,0,0,0,0,2024/12/20 17:04:17
月間,202501,策定,西播東岡山線・山崎智頭線,2025/02/01,昼間帯,順方向,3260,3260,0,0,0,0,3260,熱容量,0,0,0,0,2025/01/20 17:03:20
月間,202501,策定,西播東岡山線・山崎智頭線,2025/02/01,昼間帯,逆方向,-4750,-4750,0,0,0,0,-4750,電圧,0,0,0,0,2025/01/20 17:03:20
月間,202501,策定,西播東岡山線・山崎智頭線,2025/02/01,夜間帯,順方向,3260,3260,0,0,0,0,3260,熱容量,0,0,0,0,2025/01/20 17:03:20
月間,202501,策定,西播東岡山線・山崎智頭線,2025/02/01,夜間帯,逆方向,-4750,-4750,0,0,0,0,-4750,電圧,0,0,0,0,2025/01/20 17:03:20
月間,202501,策定,西播東岡山線・山崎智頭線,2025/02/02,昼間帯,順方向,3260,3260,0,0,0,0,3260,熱容量,0,0,0,0,2025/01/20 17:03:20
月間,202501,策定,西播東岡山線・山崎智頭線,2025/02/02,昼間帯,逆方向,-4750,-4750,0,0,0,0,-4750,電圧,0,0,0,0,2025/01/20 17:03:20
月間,202501,策定,西播東岡山線・山崎智頭線,2025/02/02,夜間帯,順方向,3260,3260,0,0,0,0,3260,熱容量,0,0,0,0,2025/01/20 17:03:20
月間,202501,策定,西播東岡山線・山崎智頭線,2025/02/02,夜間帯,逆方向,-4750,-4750,0,0,0,0,-4750,電圧,0,0,0,0,2025/01/20 17:03:20
月間,202501,策定,西播東岡山線・山崎智頭線,2025/02/03,昼間帯,順方向,3260,3260,0,0,0,0,3260,熱容量,0,0,0,0,2025/01/20 17:03:20
月間,202501,策定,西播東岡山線・山崎智頭線,2025/02/03,昼間帯,逆方向,-4750,-4750,0,0,0,0,-4750,電圧,0,0,0,0,2025/01/20 17:03:20
月間,202501,策定,西播東岡山線・山崎智頭線,2025/02/03,夜間帯,順方向,3260,3260,0,0,0,0,3260,熱容量,0,0,0,0,2025/01/20 17:03:20
月間,202501,策定,西播東岡山線・山崎智頭線,2025/02/03,夜間帯,逆方向,-4750,-4750,0,0,0,0,-4750,電圧,0,0,0,0,2025/01/20 17:03:20
月間,202501,策定,西播東岡山線・山崎智頭線,2025/02/04,昼間帯,順方向,3260,3260,0,0,0,0,3260,熱容量,0,0,0,0,2025/01/20 17:03:20
月間,202501,策定,西播東岡山線・山崎智頭線,2025/02/04,昼間帯,逆方向,-4750,-4750,0,0,0,0,-4750,電圧,0,0,0,0,2025/01/20 17:03:20
月間,202501,策定,西播東岡山線・山崎智頭線,2025/02/04,夜間帯,順方向,3260,3260,0,0,0,0,3260,熱容量,0,0,0,0,2025/01/20 17:03:20
月間,202501,策定,西播東岡山線・山崎智頭線,2025/02/04,夜間帯,逆方向,-4750,-4750,0,0,0,0,-4750,電圧,0,0,0,0,2025/01/20 17:03:20
月間,202501,策定,西播東岡山線・山崎智頭線,2025/02/05,昼間帯,順方向,3260,3260,0,0,0,0,3260,熱容量,0,0,0,0,2025/01/20 17:03:20
月間,202501,策定,西播東岡山線・山崎智頭線,2025/02/05,昼間帯,逆方向,-4750,-4750,0,0,0,0,-4750,電圧,0,0,0,0,2025/01/20 17:03:20
月間,202501,策定,西播東岡山線・山崎智頭線,2025/02/05,夜間帯,順方向,3260,3260,0,0,0,0,3260,熱容量,0,0,0,0,2025/01/20 17:03:20
月間,202501,策定,西播東岡山線・山崎智頭線,2025/02/05,夜間帯,逆方向,-4750,-4750,0,0,0,0,-4750,電圧,0,0,0,0,2025/01/20 17:03:20
月間,202501,策定,西播東岡山線・山崎智頭線,2025/02/06,昼間帯,順方向,3260,3260,0,0,0,0,3260,熱容量,0,0,0,0,2025/01/20 17:03:20
月間,202501,策定,西播東岡山線・山崎智頭線,2025/02/06,昼間帯,逆方向,-4750,-4750,0,0,0,0,-4750,電圧,0,0,0,0,2025/01/20 17:03:20
月間,202501,策定,西播東岡山線・山崎智頭線,2025/02/06,夜間帯,順方向,3260,3260,0,0,0,0,3260,熱容量,0,0,0,0,2025/01/20 17:03:20
月間,202501,策定,西播東岡山線・山崎智頭線,2025/02/06,夜間帯,逆方向,-4750,-4750,0,0,0,0,-4750,電圧,0,0,0,0,2025/01/20 17:03:20
月間,202501,策定,西播東岡山線・山崎智頭線,2025/02/07,昼間帯,順方向,3260,3260,0,0,0,0,3260,熱容量,0,0,0,0,2025/01/20 17:03:20
月間,202501,策定,西播東岡山線・山崎智頭線,2025/02/07,昼間帯,逆方向,-4750,-4750,0,0,0,0,-4750,電圧,0,0,0,0,2025/01/20 17:03:20
月間,202501,策定,西播東岡山線・山崎智頭線,2025/02/07,夜間帯,順方向,3260,3260,0,0,0,0,3260,熱容量,0,0,0,0,2025/01/20 17:03:20
月間,202501,策定,西播東岡山線・山崎智頭線,2025/02/07,夜間帯,逆方向,-4750,-4750,0,0,0,0,-4750,電圧,0,0,0,0,2025/01/20 17:03:20
月間,202501,策定,西播東岡山線・山崎智頭線,2025/02/08,昼間帯,順方向,3260,3260,0,0,0,0,3260,熱容量,0,0,0,0,2025/01/20 17:03:20
月間,202501,策定,西播東岡山線・山崎智頭線,2025/02/08,昼間帯,逆方向,-4750,-4750,0,0,0,0,-4750,電圧,0,0,0,0,2025/01/20 17:03:20
月間,202501,策定,西播東岡山線・山崎智頭線,2025/02/08,夜間帯,順方向,3260,3260,0,0,0,0,3260,熱容量,0,0,0,0,2025/01/20 17:03:20
月間,202501,策定,西播東岡山線・山崎智頭線,2025/02/08,夜間帯,逆方向,-4750,-4750,0,0,0,0,-4750,電圧,0,0,0,0,2025/01/20 17:03:20
月間,202501,策定,西播東岡山線・山崎智頭線,2025/02/09,昼間帯,順方向,3260,3260,0,0,0,0,3260,熱容量,0,0,0,0,2025/01/20 17:03:20
月間,202501,策定,西播東岡山線・山崎智頭線,2025/02/09,昼間帯,逆方向,-4750,-4750,0,0,0,0,-4750,電圧,0,0,0,0,2025/01/20 17:03:20
月間,202501,策定,西播東岡山線・山崎智頭線,2025/02/09,夜間帯,順方向,3260,3260,0,0,0,0,3260,熱容量,0,0,0,0,2025/01/20 17:03:20
月間,202501,策定,西播東岡山線・山崎智頭線,2025/02/09,夜間帯,逆方向,-4750,-4750,0,0,0,0,-4750,電圧,0,0,0,0,2025/01/20 17:03:20
月間,202501,策定,西播東岡山線・山崎智頭線,2025/02/10,昼間帯,順方向,3260,3260,0,0,0,0,3260,熱容量,0,0,0,0,2025/01/20 17:03:20
月間,202501,策定,西播東岡山線・山崎智頭線,2025/02/10,昼間帯,逆方向,-4750,-4750,0,0,0,0,-4750,電圧,0,0,0,0,2025/01/20 17:03:20
月間,202501,策定,西播東岡山線・山崎智頭線,2025/02/10,夜間帯,順方向,3260,3260,0,0,0,0,3260,熱容量,0,0,0,0,2025/01/20 17:03:20
月間,202501,策定,西播東岡山線・山崎智頭線,2025/02/10,夜間帯,逆方向,-4750,-4750,0,0,0,0,-4750,電圧,0,0,0,0,2025/01/20 17:03:20
月間,202501,策定,西播東岡山線・山崎智頭線,2025/02/11,昼間帯,順方向,3260,3260,0,0,0,0,3260,熱容量,0,0,0,0,2025/01/20 17:03:20
月間,202501,策定,西播東岡山線・山崎智頭線,2025/02/11,昼間帯,逆方向,-4750,-4750,0,0,0,0,-4750,電圧,0,0,0,0,2025/01/20 17:03:20
月間,202501,策定,西播東岡山線・山崎智頭線,2025/02/11,夜間帯,順方向,3260,3260,0,0,0,0,3260,熱容量,0,0,0,0,2025/01/20 17:03:20
月間,202501,策定,西播東岡山線・山崎智頭線,2025/02/11,夜間帯,逆方向,-4750,-4750,0,0,0,0,-4750,電圧,0,0,0,0,2025/01/20 17:03:20
月間,202501,策定,西播東岡山線・山崎智頭線,2025/02/12,昼間帯,順方向,3260,3260,0,0,0,0,3260,熱容量,0,0,0,0,2025/01/20 17:03:20
月間,202501,策定,西播東岡山線・山崎智頭線,2025/02/12,昼間帯,逆方向,-4750,-4750,0,0,0,0,-4750,電圧,0,0,0,0,2025/01/20 17:03:20
月間,202501,策定,西播東岡山線・山崎智頭線,2025/02/12,夜間帯,順方向,3260,3260,0,0,0,0,3260,熱容量,0,0,0,0,2025/01/20 17:03:20
月間,202501,策定,西播東岡山線・山崎智頭線,2025/02/12,夜間帯,逆方向,-4750,-4750,0,0,0,0,-4750,電圧,0,0,0,0,2025/01/20 17:03:20
月間,202501,策定,西播東岡山線・山崎智頭線,2025/02/13,昼間帯,順方向,3260,3260,0,0,0,0,3260,熱容量,0,0,0,0,2025/01/20 17:03:20
月間,202501,策定,西播東岡山線・山崎智頭線,2025/02/13,昼間帯,逆方向,-4750,-4750,0,0,0,0,-4750,電圧,0,0,0,0,2025/01/20 17:03:20
月間,202501,策定,西播東岡山線・山崎智頭線,2025/02/13,夜間帯,順方向,3260,3260,0,0,0,0,3260,熱容量,0,0,0,0,2025/01/20 17:03:20
月間,202501,策定,西播東岡山線・山崎智頭線,2025/02/13,夜間帯,逆方向,-4750,-4750,0,0,0,0,-4750,電圧,0,0,0,0,2025/01/20 17:03:20
月間,202501,策定,西播東岡山線・山崎智頭線,2025/02/14,昼間帯,順方向,3260,3260,0,0,0,0,3260,熱容量,0,0,0,0,2025/01/20 17:03:20
月間,202501,策定,西播東岡山線・山崎智頭線,2025/02/14,昼間帯,逆方向,-4750,-4750,0,0,0,0,-4750,電圧,0,0,0,0,2025/01/20 17:03:20
月間,202501,策定,西播東岡山線・山崎智頭線,2025/02/14,夜間帯,順方向,3260,3260,0,0,0,0,3260,熱容量,0,0,0,0,2025/01/20 17:03:20
月間,202501,策定,西播東岡山線・山崎智頭線,2025/02/14,夜間帯,逆方向,-4750,-4750,0,0,0,0,-4750,電圧,0,0,0,0,2025/01/20 17:03:20
月間,202501,策定,西播東岡山線・山崎智頭線,2025/02/15,昼間帯,順方向,3260,3260,0,0,0,0,3260,熱容量,0,0,0,0,2025/01/20 17:03:20
月間,202501,策定,西播東岡山線・山崎智頭線,2025/02/15,昼間帯,逆方向,-4750,-4750,0,0,0,0,-4750,電圧,0,0,0,0,2025/01/20 17:03:20
月間,202501,策定,西播東岡山線・山崎智頭線,2025/02/15,夜間帯,順方向,3260,3260,0,0,0,0,3260,熱容量,0,0,0,0,2025/01/20 17:03:20
月間,202501,策定,西播東岡山線・山崎智頭線,2025/02/15,夜間帯,逆方向,-4750,-4750,0,0,0,0,-4750,電圧,0,0,0,0,2025/01/20 17:03:20
月間,202501,策定,西播東岡山線・山崎智頭線,2025/02/16,昼間帯,順方向,3260,3260,0,0,0,0,3260,熱容量,0,0,0,0,2025/01/20 17:03:20
月間,202501,策定,西播東岡山線・山崎智頭線,2025/02/16,昼間帯,逆方向,-4750,-4750,0,0,0,0,-4750,電圧,0,0,0,0,2025/01/20 17:03:20
月間,202501,策定,西播東岡山線・山崎智頭線,2025/02/16,夜間帯,順方向,3260,3260,0,0,0,0,3260,熱容量,0,0,0,0,2025/01/20 17:03:20
月間,202501,策定,西播東岡山線・山崎智頭線,2025/02/16,夜間帯,逆方向,-4750,-4750,0,0,0,0,-4750,電圧,0,0,0,0,2025/01/20 17:03:20
月間,202501,策定,西播東岡山線・山崎智頭線,2025/02/17,昼間帯,順方向,3260,3260,0,0,0,0,3260,熱容量,0,0,0,0,2025/01/20 17:03:20
月間,202501,策定,西播東岡山線・山崎智頭線,2025/02/17,昼間帯,逆方向,-4750,-4750,0,0,0,0,-4750,電圧,0,0,0,0,2025/01/20 17:03:20
月間,202501,策定,西播東岡山線・山崎智頭線,2025/02/17,夜間帯,順方向,3260,3260,0,0,0,0,3260,熱容量,0,0,0,0,2025/01/20 17:03:20
月間,202501,策定,西播東岡山線・山崎智頭線,2025/02/17,夜間帯,逆方向,-4750,-4750,0,0,0,0,-4750,電圧,0,0,0,0,2025/01/20 17:03:20
月間,202501,策定,西播東岡山線・山崎智頭線,2025/02/18,昼間帯,順方向,3260,3260,0,0,0,0,3260,熱容量,0,0,0,0,2025/01/20 17:03:20
月間,202501,策定,西播東岡山線・山崎智頭線,2025/02/18,昼間帯,逆方向,-4750,-4750,0,0,0,0,-4750,電圧,0,0,0,0,2025/01/20 17:03:20
月間,202501,策定,西播東岡山線・山崎智頭線,2025/02/18,夜間帯,順方向,3260,3260,0,0,0,0,3260,熱容量,0,0,0,0,2025/01/20 17:03:20
月間,202501,策定,西播東岡山線・山崎智頭線,2025/02/18,夜間帯,逆方向,-4750,-4750,0,0,0,0,-4750,電圧,0,0,0,0,2025/01/20 17:03:20
月間,202501,策定,西播東岡山線・山崎智頭線,2025/02/19,昼間帯,順方向,3260,3260,0,0,0,0,3260,熱容量,0,0,0,0,2025/01/20 17:03:20
月間,202501,策定,西播東岡山線・山崎智頭線,2025/02/19,昼間帯,逆方向,-4750,-4750,0,0,0,0,-4750,電圧,0,0,0,0,2025/01/20 17:03:20
月間,202501,策定,西播東岡山線・山崎智頭線,2025/02/19,夜間帯,順方向,3260,3260,0,0,0,0,3260,熱容量,0,0,0,0,2025/01/20 17:03:20
月間,202501,策定,西播東岡山線・山崎智頭線,2025/02/19,夜間帯,逆方向,-4750,-4750,0,0,0,0,-4750,電圧,0,0,0,0,2025/01/20 17:03:20
月間,202501,策定,西播東岡山線・山崎智頭線,2025/02/20,昼間帯,順方向,3260,3260,0,0,0,0,3260,熱容量,0,0,0,0,2025/01/20 17:03:20
月間,202501,策定,西播東岡山線・山崎智頭線,2025/02/20,昼間帯,逆方向,-4750,-4750,0,0,0,0,-4750,電圧,0,0,0,0,2025/01/20 17:03:20
月間,202501,策定,西播東岡山線・山崎智頭線,2025/02/20,夜間帯,順方向,3260,3260,0,0,0,0,3260,熱容量,0,0,0,0,2025/01/20 17:03:20
月間,202501,策定,西播東岡山線・山崎智頭線,2025/02/20,夜間帯,逆方向,-4750,-4750,0,0,0,0,-4750,電圧,0,0,0,0,2025/01/20 17:03:20
月間,202501,策定,西播東岡山線・山崎智頭線,2025/02/21,昼間帯,順方向,3260,3260,0,0,0,0,3260,熱容量,0,0,0,0,2025/01/20 17:03:20
月間,202501,策定,西播東岡山線・山崎智頭線,2025/02/21,昼間帯,逆方向,-4750,-4750,0,0,0,0,-4750,電圧,0,0,0,0,2025/01/20 17:03:20
月間,202501,策定,西播東岡山線・山崎智頭線,2025/02/21,夜間帯,順方向,3260,3260,0,0,0,0,3260,熱容量,0,0,0,0,2025/01/20 17:03:20
月間,202501,策定,西播東岡山線・山崎智頭線,2025/02/21,夜間帯,逆方向,-4750,-4750,0,0,0,0,-4750,電圧,0,0,0,0,2025/01/20 17:03:20
月間,202501,策定,西播東岡山線・山崎智頭線,2025/02/22,昼間帯,順方向,3260,3260,0,0,0,0,3260,熱容量,0,0,0,0,2025/01/20 17:03:20
月間,202501,策定,西播東岡山線・山崎智頭線,2025/02/22,昼間帯,逆方向,-4750,-4750,0,0,0,0,-4750,電圧,0,0,0,0,2025/01/20 17:03:20
月間,202501,策定,西播東岡山線・山崎智頭線,2025/02/22,夜間帯,順方向,3260,3260,0,0,0,0,3260,熱容量,0,0,0,0,2025/01/20 17:03:20
月間,202501,策定,西播東岡山線・山崎智頭線,2025/02/22,夜間帯,逆方向,-4750,-4750,0,0,0,0,-4750,電圧,0,0,0,0,2025/01/20 17:03:20
月間,202501,策定,西播東岡山線・山崎智頭線,2025/02/23,昼間帯,順方向,3260,3260,0,0,0,0,3260,熱容量,0,0,0,0,2025/01/20 17:03:20
月間,202501,策定,西播東岡山線・山崎智頭線,2025/02/23,昼間帯,逆方向,-4750,-4750,0,0,0,0,-4750,電圧,0,0,0,0,2025/01/20 17:03:20
月間,202501,策定,西播東岡山線・山崎智頭線,2025/02/23,夜間帯,順方向,3260,3260,0,0,0,0,3260,熱容量,0,0,0,0,2025/01/20 17:03:20
月間,202501,策定,西播東岡山線・山崎智頭線,2025/02/23,夜間帯,逆方向,-4750,-4750,0,0,0,0,-4750,電圧,0,0,0,0,2025/01/20 17:03:20
月間,202501,策定,西播東岡山線・山崎智頭線,2025/02/24,昼間帯,順方向,3260,3260,0,0,0,0,3260,熱容量,0,0,0,0,2025/01/20 17:03:20
月間,202501,策定,西播東岡山線・山崎智頭線,2025/02/24,昼間帯,逆方向,-4750,-4750,0,0,0,0,-4750,電圧,0,0,0,0,2025/01/20 17:03:20
月間,202501,策定,西播東岡山線・山崎智頭線,2025/02/24,夜間帯,順方向,3260,3260,0,0,0,0,3260,熱容量,0,0,0,0,2025/01/20 17:03:20
月間,202501,策定,西播東岡山線・山崎智頭線,2025/02/24,夜間帯,逆方向,-4750,-4750,0,0,0,0,-4750,電圧,0,0,0,0,2025/01/20 17:03:20
月間,202501,策定,西播東岡山線・山崎智頭線,2025/02/25,昼間帯,順方向,3260,3260,0,0,0,0,3260,熱容量,0,0,0,0,2025/01/20 17:03:20
月間,202501,策定,西播東岡山線・山崎智頭線,2025/02/25,昼間帯,逆方向,-4750,-4750,0,0,0,0,-4750,電圧,0,0,0,0,2025/01/20 17:03:20
月間,202501,策定,西播東岡山線・山崎智頭線,2025/02/25,夜間帯,順方向,3260,3260,0,0,0,0,3260,熱容量,0,0,0,0,2025/01/20 17:03:20
月間,202501,策定,西播東岡山線・山崎智頭線,2025/02/25,夜間帯,逆方向,-4750,-4750,0,0,0,0,-4750,電圧,0,0,0,0,2025/01/20 17:03:20
月間,202501,策定,西播東岡山線・山崎智頭線,2025/02/26,昼間帯,順方向,3260,3260,0,0,0,0,3260,熱容量,0,0,0,0,2025/01/20 17:03:20
月間,202501,策定,西播東岡山線・山崎智頭線,2025/02/26,昼間帯,逆方向,-4750,-4750,0,0,0,0,-4750,電圧,0,0,0,0,2025/01/20 17:03:20
月間,202501,策定,西播東岡山線・山崎智頭線,2025/02/26,夜間帯,順方向,3260,3260,0,0,0,0,3260,熱容量,0,0,0,0,2025/01/20 17:03:20
月間,202501,策定,西播東岡山線・山崎智頭線,2025/02/26,夜間帯,逆方向,-4750,-4750,0,0,0,0,-4750,電圧,0,0,0,0,2025/01/20 17:03:20
月間,202501,策定,西播東岡山線・山崎智頭線,2025/02/27,昼間帯,順方向,3260,3260,0,0,0,0,3260,熱容量,0,0,0,0,2025/01/20 17:03:20
月間,202501,策定,西播東岡山線・山崎智頭線,2025/02/27,昼間帯,逆方向,-4750,-4750,0,0,0,0,-4750,電圧,0,0,0,0,2025/01/20 17:03:20
月間,202501,策定,西播東岡山線・山崎智頭線,2025/02/27,夜間帯,順方向,3260,3260,0,0,0,0,3260,熱容量,0,0,0,0,2025/01/20 17:03:20
月間,202501,策定,西播東岡山線・山崎智頭線,2025/02/27,夜間帯,逆方向,-4750,-4750,0,0,0,0,-4750,電圧,0,0,0,0,2025/01/20 17:03:20
月間,202501,策定,西播東岡山線・山崎智頭線,2025/02/28,昼間帯,順方向,3260,3260,0,0,0,0,3260,熱容量,0,0,0,0,2025/01/20 17:03:20
月間,202501,策定,西播東岡山線・山崎智頭線,2025/02/28,昼間帯,逆方向,-4750,-4750,0,0,0,0,-4750,電圧,0,0,0,0,2025/01/20 17:03:20
月間,202501,策定,西播東岡山線・山崎智頭線,2025/02/28,夜間帯,順方向,3260,3260,0,0,0,0,3260,熱容量,0,0,0,0,2025/01/20 17:03:20
月間,202501,策定,西播東岡山線・山崎智頭線,2025/02/28,夜間帯,逆方向,-4750,-4750,0,0,0,0,-4750,電圧,0,0,0,0,2025/01/20 17:03:20
月間,202412,策定,阿南紀北直流幹線,2025/02/01,昼間帯,順方向,0,0,0,0,0,0,0,安定度（作業）,0,0,0,0,2024/12/20 17:04:17
月間,202412,策定,阿南紀北直流幹線,2025/02/01,昼間帯,逆方向,-140,-140,0,0,0,0,-140,熱容量（作業）,0,0,0,0,2024/12/20 17:04:17
月間,202412,策定,阿南紀北直流幹線,2025/02/01,夜間帯,順方向,0,0,0,0,0,0,0,安定度（作業）,0,0,0,0,2024/12/20 17:04:17
月間,202412,策定,阿南紀北直流幹線,2025/02/01,夜間帯,逆方向,-140,-140,0,0,0,0,-140,熱容量（作業）,0,0,0,0,2024/12/20 17:04:17
月間,202412,策定,阿南紀北直流幹線,2025/02/02,昼間帯,順方向,0,0,0,0,0,0,0,安定度（作業）,0,0,0,0,2024/12/20 17:04:17
月間,202412,策定,阿南紀北直流幹線,2025/02/02,昼間帯,逆方向,-140,-140,0,0,0,0,-140,熱容量（作業）,0,0,0,0,2024/12/20 17:04:17
月間,202412,策定,阿南紀北直流幹線,2025/02/02,夜間帯,順方向,0,0,0,0,0,0,0,安定度（作業）,0,0,0,0,2024/12/20 17:04:17
月間,202412,策定,阿南紀北直流幹線,2025/02/02,夜間帯,逆方向,-140,-140,0,0,0,0,-140,熱容量（作業）,0,0,0,0,2024/12/20 17:04:17
月間,202412,策定,阿南紀北直流幹線,2025/02/03,昼間帯,順方向,0,0,0,0,0,0,0,安定度（作業）,0,0,0,0,2024/12/20 17:04:17
月間,202412,策定,阿南紀北直流幹線,2025/02/03,昼間帯,逆方向,-140,-140,0,0,0,0,-140,熱容量（作業）,0,0,0,0,2024/12/20 17:04:17
月間,202412,策定,阿南紀北直流幹線,2025/02/03,夜間帯,順方向,0,0,0,0,0,0,0,安定度（作業）,0,0,0,0,2024/12/20 17:04:17
月間,202412,策定,阿南紀北直流幹線,2025/02/03,夜間帯,逆方向,-140,-140,0,0,0,0,-140,熱容量（作業）,0,0,0,0,2024/12/20 17:04:17
月間,202412,策定,阿南紀北直流幹線,2025/02/04,昼間帯,順方向,0,0,0,0,0,0,0,安定度（作業）,0,0,0,0,2024/12/20 17:04:17
月間,202412,策定,阿南紀北直流幹線,2025/02/04,昼間帯,逆方向,-140,-140,0,0,0,0,-140,熱容量（作業）,0,0,0,0,2024/12/20 17:04:17
月間,202412,策定,阿南紀北直流幹線,2025/02/04,夜間帯,順方向,0,0,0,0,0,0,0,安定度（作業）,0,0,0,0,2024/12/20 17:04:17
月間,202412,策定,阿南紀北直流幹線,2025/02/04,夜間帯,逆方向,-140,-140,0,0,0,0,-140,熱容量（作業）,0,0,0,0,2024/12/20 17:04:17
月間,202412,策定,阿南紀北直流幹線,2025/02/05,昼間帯,順方向,0,0,0,0,0,0,0,安定度（作業）,0,0,0,0,2024/12/20 17:04:17
月間,202412,策定,阿南紀北直流幹線,2025/02/05,昼間帯,逆方向,-140,-140,0,0,0,0,-140,熱容量（作業）,0,0,0,0,2024/12/20 17:04:17
月間,202412,策定,阿南紀北直流幹線,2025/02/05,夜間帯,順方向,0,0,0,0,0,0,0,安定度（作業）,0,0,0,0,2024/12/20 17:04:17
月間,202412,策定,阿南紀北直流幹線,2025/02/05,夜間帯,逆方向,-140,-140,0,0,0,0,-140,熱容量（作業）,0,0,0,0,2024/12/20 17:04:17
月間,202412,策定,阿南紀北直流幹線,2025/02/06,昼間帯,順方向,0,0,0,0,0,0,0,安定度（作業）,0,0,0,0,2024/12/20 17:04:17
月間,202412,策定,阿南紀北直流幹線,2025/02/06,昼間帯,逆方向,-140,-140,0,0,0,0,-140,熱容量（作業）,0,0,0,0,2024/12/20 17:04:17
月間,202412,策定,阿南紀北直流幹線,2025/02/06,夜間帯,順方向,0,0,0,0,0,0,0,安定度（作業）,0,0,0,0,2024/12/20 17:04:17
月間,202412,策定,阿南紀北直流幹線,2025/02/06,夜間帯,逆方向,-140,-140,0,0,0,0,-140,熱容量（作業）,0,0,0,0,2024/12/20 17:04:17
月間,202412,策定,阿南紀北直流幹線,2025/02/07,昼間帯,順方向,0,0,0,0,0,0,0,安定度（作業）,0,0,0,0,2024/12/20 17:04:17
月間,202412,策定,阿南紀北直流幹線,2025/02/07,昼間帯,逆方向,-140,-140,0,0,0,0,-140,熱容量（作業）,0,0,0,0,2024/12/20 17:04:17
月間,202412,策定,阿南紀北直流幹線,2025/02/07,夜間帯,順方向,0,0,0,0,0,0,0,安定度（作業）,0,0,0,0,2024/12/20 17:04:17
月間,202412,策定,阿南紀北直流幹線,2025/02/07,夜間帯,逆方向,-140,-140,0,0,0,0,-140,熱容量（作業）,0,0,0,0,2024/12/20 17:04:17
月間,202412,策定,阿南紀北直流幹線,2025/02/08,昼間帯,順方向,0,0,0,0,0,0,0,安定度（作業）,0,0,0,0,2024/12/20 17:04:17
月間,202412,策定,阿南紀北直流幹線,2025/02/08,昼間帯,逆方向,-140,-140,0,0,0,0,-140,熱容量（作業）,0,0,0,0,2024/12/20 17:04:17
月間,202412,策定,阿南紀北直流幹線,2025/02/08,夜間帯,順方向,0,0,0,0,0,0,0,安定度（作業）,0,0,0,0,2024/12/20 17:04:17
月間,202412,策定,阿南紀北直流幹線,2025/02/08,夜間帯,逆方向,-140,-140,0,0,0,0,-140,熱容量（作業）,0,0,0,0,2024/12/20 17:04:17
月間,202412,策定,阿南紀北直流幹線,2025/02/09,昼間帯,順方向,0,0,0,0,0,0,0,安定度（作業）,0,0,0,0,2024/12/20 17:04:17
月間,202412,策定,阿南紀北直流幹線,2025/02/09,昼間帯,逆方向,-140,-140,0,0,0,0,-140,熱容量（作業）,0,0,0,0,2024/12/20 17:04:17
月間,202412,策定,阿南紀北直流幹線,2025/02/09,夜間帯,順方向,0,0,0,0,0,0,0,安定度（作業）,0,0,0,0,2024/12/20 17:04:17
月間,202412,策定,阿南紀北直流幹線,2025/02/09,夜間帯,逆方向,-140,-140,0,0,0,0,-140,熱容量（作業）,0,0,0,0,2024/12/20 17:04:17
月間,202412,策定,阿南紀北直流幹線,2025/02/10,昼間帯,順方向,0,0,0,0,0,0,0,安定度（作業）,0,0,0,0,2024/12/20 17:04:17
月間,202412,策定,阿南紀北直流幹線,2025/02/10,昼間帯,逆方向,-140,-140,0,0,0,0,-140,熱容量（作業）,0,0,0,0,2024/12/20 17:04:17
月間,202412,策定,阿南紀北直流幹線,2025/02/10,夜間帯,順方向,0,0,0,0,0,0,0,安定度（作業）,0,0,0,0,2024/12/20 17:04:17
月間,202412,策定,阿南紀北直流幹線,2025/02/10,夜間帯,逆方向,-140,-140,0,0,0,0,-140,熱容量（作業）,0,0,0,0,2024/12/20 17:04:17
月間,202412,策定,阿南紀北直流幹線,2025/02/11,昼間帯,順方向,0,0,0,0,0,0,0,安定度（作業）,0,0,0,0,2024/12/20 17:04:17
月間,202412,策定,阿南紀北直流幹線,2025/02/11,昼間帯,逆方向,-140,-140,0,0,0,0,-140,熱容量（作業）,0,0,0,0,2024/12/20 17:04:17
月間,202412,策定,阿南紀北直流幹線,2025/02/11,夜間帯,順方向,0,0,0,0,0,0,0,安定度（作業）,0,0,0,0,2024/12/20 17:04:17
月間,202412,策定,阿南紀北直流幹線,2025/02/11,夜間帯,逆方向,-140,-140,0,0,0,0,-140,熱容量（作業）,0,0,0,0,2024/12/20 17:04:17
月間,202412,策定,阿南紀北直流幹線,2025/02/12,昼間帯,順方向,0,0,0,0,0,0,0,安定度（作業）,0,0,0,0,2024/12/20 17:04:17
月間,202412,策定,阿南紀北直流幹線,2025/02/12,昼間帯,逆方向,-140,-140,0,0,0,0,-140,熱容量（作業）,0,0,0,0,2024/12/20 17:04:17
月間,202412,策定,阿南紀北直流幹線,2025/02/12,夜間帯,順方向,0,0,0,0,0,0,0,安定度（作業）,0,0,0,0,2024/12/20 17:04:17
月間,202412,策定,阿南紀北直流幹線,2025/02/12,夜間帯,逆方向,-140,-140,0,0,0,0,-140,熱容量（作業）,0,0,0,0,2024/12/20 17:04:17
月間,202412,策定,阿南紀北直流幹線,2025/02/13,昼間帯,順方向,0,0,0,0,0,0,0,安定度（作業）,0,0,0,0,2024/12/20 17:04:17
月間,202412,策定,阿南紀北直流幹線,2025/02/13,昼間帯,逆方向,-140,-140,0,0,0,0,-140,熱容量（作業）,0,0,0,0,2024/12/20 17:04:17
月間,202412,策定,阿南紀北直流幹線,2025/02/13,夜間帯,順方向,0,0,0,0,0,0,0,安定度（作業）,0,0,0,0,2024/12/20 17:04:17
月間,202412,策定,阿南紀北直流幹線,2025/02/13,夜間帯,逆方向,-140,-140,0,0,0,0,-140,熱容量（作業）,0,0,0,0,2024/12/20 17:04:17
月間,202412,策定,阿南紀北直流幹線,2025/02/14,昼間帯,順方向,0,0,0,0,0,0,0,安定度（作業）,0,0,0,0,2024/12/20 17:04:17
月間,202412,策定,阿南紀北直流幹線,2025/02/14,昼間帯,逆方向,-140,-140,0,0,0,0,-140,熱容量（作業）,0,0,0,0,2024/12/20 17:04:17
月間,202412,策定,阿南紀北直流幹線,2025/02/14,夜間帯,順方向,0,0,0,0,0,0,0,安定度（作業）,0,0,0,0,2024/12/20 17:04:17
月間,202412,策定,阿南紀北直流幹線,2025/02/14,夜間帯,逆方向,-140,-140,0,0,0,0,-140,熱容量（作業）,0,0,0,0,2024/12/20 17:04:17
月間,202412,策定,阿南紀北直流幹線,2025/02/15,昼間帯,順方向,0,0,0,0,0,0,0,安定度（作業）,0,0,0,0,2024/12/20 17:04:17
月間,202412,策定,阿南紀北直流幹線,2025/02/15,昼間帯,逆方向,-140,-140,0,0,0,0,-140,熱容量（作業）,0,0,0,0,2024/12/20 17:04:17
月間,202412,策定,阿南紀北直流幹線,2025/02/15,夜間帯,順方向,0,0,0,0,0,0,0,安定度（作業）,0,0,0,0,2024/12/20 17:04:17
月間,202412,策定,阿南紀北直流幹線,2025/02/15,夜間帯,逆方向,-140,-140,0,0,0,0,-140,熱容量（作業）,0,0,0,0,2024/12/20 17:04:17
月間,202412,策定,阿南紀北直流幹線,2025/02/16,昼間帯,順方向,0,0,0,0,0,0,0,安定度（作業）,0,0,0,0,2024/12/20 17:04:17
月間,202412,策定,阿南紀北直流幹線,2025/02/16,昼間帯,逆方向,-140,-140,0,0,0,0,-140,熱容量（作業）,0,0,0,0,2024/12/20 17:04:17
月間,202412,策定,阿南紀北直流幹線,2025/02/16,夜間帯,順方向,0,0,0,0,0,0,0,安定度（作業）,0,0,0,0,2024/12/20 17:04:17
月間,202412,策定,阿南紀北直流幹線,2025/02/16,夜間帯,逆方向,-140,-140,0,0,0,0,-140,熱容量（作業）,0,0,0,0,2024/12/20 17:04:17
月間,202412,策定,阿南紀北直流幹線,2025/02/17,昼間帯,順方向,0,0,0,0,0,0,0,安定度（作業）,0,0,0,0,2024/12/20 17:04:17
月間,202412,策定,阿南紀北直流幹線,2025/02/17,昼間帯,逆方向,-140,-140,0,0,0,0,-140,熱容量（作業）,0,0,0,0,2024/12/20 17:04:17
月間,202412,策定,阿南紀北直流幹線,2025/02/17,夜間帯,順方向,0,0,0,0,0,0,0,安定度（作業）,0,0,0,0,2024/12/20 17:04:17
月間,202412,策定,阿南紀北直流幹線,2025/02/17,夜間帯,逆方向,-140,-140,0,0,0,0,-140,熱容量（作業）,0,0,0,0,2024/12/20 17:04:17
月間,202412,策定,阿南紀北直流幹線,2025/02/18,昼間帯,順方向,0,0,0,0,0,0,0,安定度（作業）,0,0,0,0,2024/12/20 17:04:17
月間,202412,策定,阿南紀北直流幹線,2025/02/18,昼間帯,逆方向,-140,-140,0,0,0,0,-140,熱容量（作業）,0,0,0,0,2024/12/20 17:04:17
月間,202412,策定,阿南紀北直流幹線,2025/02/18,夜間帯,順方向,0,0,0,0,0,0,0,安定度（作業）,0,0,0,0,2024/12/20 17:04:17
月間,202412,策定,阿南紀北直流幹線,2025/02/18,夜間帯,逆方向,-140,-140,0,0,0,0,-140,熱容量（作業）,0,0,0,0,2024/12/20 17:04:17
月間,202412,策定,阿南紀北直流幹線,2025/02/19,昼間帯,順方向,0,0,0,0,0,0,0,安定度（作業）,0,0,0,0,2024/12/20 17:04:17
月間,202412,策定,阿南紀北直流幹線,2025/02/19,昼間帯,逆方向,-140,-140,0,0,0,0,-140,熱容量（作業）,0,0,0,0,2024/12/20 17:04:17
月間,202412,策定,阿南紀北直流幹線,2025/02/19,夜間帯,順方向,0,0,0,0,0,0,0,安定度（作業）,0,0,0,0,2024/12/20 17:04:17
月間,202412,策定,阿南紀北直流幹線,2025/02/19,夜間帯,逆方向,-140,-140,0,0,0,0,-140,熱容量（作業）,0,0,0,0,2024/12/20 17:04:17
月間,202412,策定,阿南紀北直流幹線,2025/02/20,昼間帯,順方向,0,0,0,0,0,0,0,安定度（作業）,0,0,0,0,2024/12/20 17:04:17
月間,202412,策定,阿南紀北直流幹線,2025/02/20,昼間帯,逆方向,-140,-140,0,0,0,0,-140,熱容量（作業）,0,0,0,0,2024/12/20 17:04:17
月間,202412,策定,阿南紀北直流幹線,2025/02/20,夜間帯,順方向,0,0,0,0,0,0,0,安定度（作業）,0,0,0,0,2024/12/20 17:04:17
月間,202412,策定,阿南紀北直流幹線,2025/02/20,夜間帯,逆方向,-140,-140,0,0,0,0,-140,熱容量（作業）,0,0,0,0,2024/12/20 17:04:17
月間,202412,策定,阿南紀北直流幹線,2025/02/21,昼間帯,順方向,0,0,0,0,0,0,0,安定度（作業）,0,0,0,0,2024/12/20 17:04:17
月間,202412,策定,阿南紀北直流幹線,2025/02/21,昼間帯,逆方向,-140,-140,0,0,0,0,-140,熱容量（作業）,0,0,0,0,2024/12/20 17:04:17
月間,202412,策定,阿南紀北直流幹線,2025/02/21,夜間帯,順方向,0,0,0,0,0,0,0,安定度（作業）,0,0,0,0,2024/12/20 17:04:17
月間,202412,策定,阿南紀北直流幹線,2025/02/21,夜間帯,逆方向,-140,-140,0,0,0,0,-140,熱容量（作業）,0,0,0,0,2024/12/20 17:04:17
月間,202412,策定,阿南紀北直流幹線,2025/02/22,昼間帯,順方向,0,0,0,0,0,0,0,安定度（作業）,0,0,0,0,2024/12/20 17:04:17
月間,202412,策定,阿南紀北直流幹線,2025/02/22,昼間帯,逆方向,-140,-140,0,0,0,0,-140,熱容量（作業）,0,0,0,0,2024/12/20 17:04:17
月間,202412,策定,阿南紀北直流幹線,2025/02/22,夜間帯,順方向,0,0,0,0,0,0,0,安定度（作業）,0,0,0,0,2024/12/20 17:04:17
月間,202412,策定,阿南紀北直流幹線,2025/02/22,夜間帯,逆方向,-140,-140,0,0,0,0,-140,熱容量（作業）,0,0,0,0,2024/12/20 17:04:17
月間,202412,策定,阿南紀北直流幹線,2025/02/23,昼間帯,順方向,0,0,0,0,0,0,0,安定度（作業）,0,0,0,0,2024/12/20 17:04:17
月間,202412,策定,阿南紀北直流幹線,2025/02/23,昼間帯,逆方向,-140,-140,0,0,0,0,-140,熱容量（作業）,0,0,0,0,2024/12/20 17:04:17
月間,202412,策定,阿南紀北直流幹線,2025/02/23,夜間帯,順方向,0,0,0,0,0,0,0,安定度（作業）,0,0,0,0,2024/12/20 17:04:17
月間,202412,策定,阿南紀北直流幹線,2025/02/23,夜間帯,逆方向,-140,-140,0,0,0,0,-140,熱容量（作業）,0,0,0,0,2024/12/20 17:04:17
月間,202412,策定,阿南紀北直流幹線,2025/02/24,昼間帯,順方向,0,0,0,0,0,0,0,安定度（作業）,0,0,0,0,2024/12/20 17:04:17
月間,202412,策定,阿南紀北直流幹線,2025/02/24,昼間帯,逆方向,-140,-140,0,0,0,0,-140,熱容量（作業）,0,0,0,0,2024/12/20 17:04:17
月間,202412,策定,阿南紀北直流幹線,2025/02/24,夜間帯,順方向,0,0,0,0,0,0,0,安定度（作業）,0,0,0,0,2024/12/20 17:04:17
月間,202412,策定,阿南紀北直流幹線,2025/02/24,夜間帯,逆方向,-140,-140,0,0,0,0,-140,熱容量（作業）,0,0,0,0,2024/12/20 17:04:17
月間,202412,策定,阿南紀北直流幹線,2025/02/25,昼間帯,順方向,0,0,0,0,0,0,0,安定度（作業）,0,0,0,0,2024/12/20 17:04:17
月間,202412,策定,阿南紀北直流幹線,2025/02/25,昼間帯,逆方向,-140,-140,0,0,0,0,-140,熱容量（作業）,0,0,0,0,2024/12/20 17:04:17
月間,202412,策定,阿南紀北直流幹線,2025/02/25,夜間帯,順方向,0,0,0,0,0,0,0,安定度（作業）,0,0,0,0,2024/12/20 17:04:17
月間,202412,策定,阿南紀北直流幹線,2025/02/25,夜間帯,逆方向,-140,-140,0,0,0,0,-140,熱容量（作業）,0,0,0,0,2024/12/20 17:04:17
月間,202412,策定,阿南紀北直流幹線,2025/02/26,昼間帯,順方向,0,0,0,0,0,0,0,安定度（作業）,0,0,0,0,2024/12/20 17:04:17
月間,202412,策定,阿南紀北直流幹線,2025/02/26,昼間帯,逆方向,-140,-140,0,0,0,0,-140,熱容量（作業）,0,0,0,0,2024/12/20 17:04:17
月間,202412,策定,阿南紀北直流幹線,2025/02/26,夜間帯,順方向,0,0,0,0,0,0,0,安定度（作業）,0,0,0,0,2024/12/20 17:04:17
月間,202412,策定,阿南紀北直流幹線,2025/02/26,夜間帯,逆方向,-140,-140,0,0,0,0,-140,熱容量（作業）,0,0,0,0,2024/12/20 17:04:17
月間,202412,策定,阿南紀北直流幹線,2025/02/27,昼間帯,順方向,0,0,0,0,0,0,0,安定度（作業）,0,0,0,0,2024/12/20 17:04:17
月間,202412,策定,阿南紀北直流幹線,2025/02/27,昼間帯,逆方向,-140,-140,0,0,0,0,-140,熱容量（作業）,0,0,0,0,2024/12/20 17:04:17
月間,202412,策定,阿南紀北直流幹線,2025/02/27,夜間帯,順方向,0,0,0,0,0,0,0,安定度（作業）,0,0,0,0,2024/12/20 17:04:17
月間,202412,策定,阿南紀北直流幹線,2025/02/27,夜間帯,逆方向,-140,-140,0,0,0,0,-140,熱容量（作業）,0,0,0,0,2024/12/20 17:04:17
月間,202412,策定,阿南紀北直流幹線,2025/02/28,昼間帯,順方向,0,0,0,0,0,0,0,安定度（作業）,0,0,0,0,2024/12/20 17:04:17
月間,202412,策定,阿南紀北直流幹線,2025/02/28,昼間帯,逆方向,-140,-140,0,0,0,0,-140,熱容量（作業）,0,0,0,0,2024/12/20 17:04:17
月間,202412,策定,阿南紀北直流幹線,2025/02/28,夜間帯,順方向,0,0,0,0,0,0,0,安定度（作業）,0,0,0,0,2024/12/20 17:04:17
月間,202412,策定,阿南紀北直流幹線,2025/02/28,夜間帯,逆方向,-140,-140,0,0,0,0,-140,熱容量（作業）,0,0,0,0,2024/12/20 17:04:17
月間,202501,策定,阿南紀北直流幹線,2025/02/01,昼間帯,順方向,0,0,0,0,0,0,0,安定度（作業）,0,0,0,0,2025/01/20 17:03:20
月間,202501,策定,阿南紀北直流幹線,2025/02/01,昼間帯,逆方向,-70,-70,0,0,0,0,-70,熱容量（作業）,0,0,0,0,2025/01/20 17:03:20
月間,202501,策定,阿南紀北直流幹線,2025/02/01,夜間帯,順方向,0,0,0,0,0,0,0,安定度（作業）,0,0,0,0,2025/01/20 17:03:20
月間,202501,策定,阿南紀北直流幹線,2025/02/01,夜間帯,逆方向,-70,-70,0,0,0,0,-70,熱容量（作業）,0,0,0,0,2025/01/20 17:03:20
月間,202501,策定,阿南紀北直流幹線,2025/02/02,昼間帯,順方向,0,0,0,0,0,0,0,安定度（作業）,0,0,0,0,2025/01/20 17:03:20
月間,202501,策定,阿南紀北直流幹線,2025/02/02,昼間帯,逆方向,-70,-70,0,0,0,0,-70,熱容量（作業）,0,0,0,0,2025/01/20 17:03:20
月間,202501,策定,阿南紀北直流幹線,2025/02/02,夜間帯,順方向,0,0,0,0,0,0,0,安定度（作業）,0,0,0,0,2025/01/20 17:03:20
月間,202501,策定,阿南紀北直流幹線,2025/02/02,夜間帯,逆方向,-70,-70,0,0,0,0,-70,熱容量（作業）,0,0,0,0,2025/01/20 17:03:20
月間,202501,策定,阿南紀北直流幹線,2025/02/03,昼間帯,順方向,0,0,0,0,0,0,0,安定度（作業）,0,0,0,0,2025/01/20 17:03:20
月間,202501,策定,阿南紀北直流幹線,2025/02/03,昼間帯,逆方向,-70,-70,0,0,0,0,-70,熱容量（作業）,0,0,0,0,2025/01/20 17:03:20
月間,202501,策定,阿南紀北直流幹線,2025/02/03,夜間帯,順方向,0,0,0,0,0,0,0,安定度（作業）,0,0,0,0,2025/01/20 17:03:20
月間,202501,策定,阿南紀北直流幹線,2025/02/03,夜間帯,逆方向,-70,-70,0,0,0,0,-70,熱容量（作業）,0,0,0,0,2025/01/20 17:03:20
月間,202501,策定,阿南紀北直流幹線,2025/02/04,昼間帯,順方向,0,0,0,0,0,0,0,安定度（作業）,0,0,0,0,2025/01/20 17:03:20
月間,202501,策定,阿南紀北直流幹線,2025/02/04,昼間帯,逆方向,-70,-70,0,0,0,0,-70,熱容量（作業）,0,0,0,0,2025/01/20 17:03:20
月間,202501,策定,阿南紀北直流幹線,2025/02/04,夜間帯,順方向,0,0,0,0,0,0,0,安定度（作業）,0,0,0,0,2025/01/20 17:03:20
月間,202501,策定,阿南紀北直流幹線,2025/02/04,夜間帯,逆方向,-70,-70,0,0,0,0,-70,熱容量（作業）,0,0,0,0,2025/01/20 17:03:20
月間,202501,策定,阿南紀北直流幹線,2025/02/05,昼間帯,順方向,0,0,0,0,0,0,0,安定度（作業）,0,0,0,0,2025/01/20 17:03:20
月間,202501,策定,阿南紀北直流幹線,2025/02/05,昼間帯,逆方向,-70,-70,0,0,0,0,-70,熱容量（作業）,0,0,0,0,2025/01/20 17:03:20
月間,202501,策定,阿南紀北直流幹線,2025/02/05,夜間帯,順方向,0,0,0,0,0,0,0,安定度（作業）,0,0,0,0,2025/01/20 17:03:20
月間,202501,策定,阿南紀北直流幹線,2025/02/05,夜間帯,逆方向,-70,-70,0,0,0,0,-70,熱容量（作業）,0,0,0,0,2025/01/20 17:03:20
月間,202501,策定,阿南紀北直流幹線,2025/02/06,昼間帯,順方向,0,0,0,0,0,0,0,安定度（作業）,0,0,0,0,2025/01/20 17:03:20
月間,202501,策定,阿南紀北直流幹線,2025/02/06,昼間帯,逆方向,-70,-70,0,0,0,0,-70,熱容量（作業）,0,0,0,0,2025/01/20 17:03:20
月間,202501,策定,阿南紀北直流幹線,2025/02/06,夜間帯,順方向,0,0,0,0,0,0,0,安定度（作業）,0,0,0,0,2025/01/20 17:03:20
月間,202501,策定,阿南紀北直流幹線,2025/02/06,夜間帯,逆方向,-70,-70,0,0,0,0,-70,熱容量（作業）,0,0,0,0,2025/01/20 17:03:20
月間,202501,策定,阿南紀北直流幹線,2025/02/07,昼間帯,順方向,0,0,0,0,0,0,0,安定度（作業）,0,0,0,0,2025/01/20 17:03:20
月間,202501,策定,阿南紀北直流幹線,2025/02/07,昼間帯,逆方向,-70,-70,0,0,0,0,-70,熱容量（作業）,0,0,0,0,2025/01/20 17:03:20
月間,202501,策定,阿南紀北直流幹線,2025/02/07,夜間帯,順方向,0,0,0,0,0,0,0,安定度（作業）,0,0,0,0,2025/01/20 17:03:20
月間,202501,策定,阿南紀北直流幹線,2025/02/07,夜間帯,逆方向,-70,-70,0,0,0,0,-70,熱容量（作業）,0,0,0,0,2025/01/20 17:03:20
月間,202501,策定,阿南紀北直流幹線,2025/02/08,昼間帯,順方向,0,0,0,0,0,0,0,安定度（作業）,0,0,0,0,2025/01/20 17:03:20
月間,202501,策定,阿南紀北直流幹線,2025/02/08,昼間帯,逆方向,-70,-70,0,0,0,0,-70,熱容量（作業）,0,0,0,0,2025/01/20 17:03:20
月間,202501,策定,阿南紀北直流幹線,2025/02/08,夜間帯,順方向,0,0,0,0,0,0,0,安定度（作業）,0,0,0,0,2025/01/20 17:03:20
月間,202501,策定,阿南紀北直流幹線,2025/02/08,夜間帯,逆方向,-70,-70,0,0,0,0,-70,熱容量（作業）,0,0,0,0,2025/01/20 17:03:20
月間,202501,策定,阿南紀北直流幹線,2025/02/09,昼間帯,順方向,0,0,0,0,0,0,0,安定度（作業）,0,0,0,0,2025/01/20 17:03:20
月間,202501,策定,阿南紀北直流幹線,2025/02/09,昼間帯,逆方向,-70,-70,0,0,0,0,-70,熱容量（作業）,0,0,0,0,2025/01/20 17:03:20
月間,202501,策定,阿南紀北直流幹線,2025/02/09,夜間帯,順方向,0,0,0,0,0,0,0,安定度（作業）,0,0,0,0,2025/01/20 17:03:20
月間,202501,策定,阿南紀北直流幹線,2025/02/09,夜間帯,逆方向,-70,-70,0,0,0,0,-70,熱容量（作業）,0,0,0,0,2025/01/20 17:03:20
月間,202501,策定,阿南紀北直流幹線,2025/02/10,昼間帯,順方向,0,0,0,0,0,0,0,安定度（作業）,0,0,0,0,2025/01/20 17:03:20
月間,202501,策定,阿南紀北直流幹線,2025/02/10,昼間帯,逆方向,-70,-70,0,0,0,0,-70,熱容量（作業）,0,0,0,0,2025/01/20 17:03:20
月間,202501,策定,阿南紀北直流幹線,2025/02/10,夜間帯,順方向,0,0,0,0,0,0,0,安定度（作業）,0,0,0,0,2025/01/20 17:03:20
月間,202501,策定,阿南紀北直流幹線,2025/02/10,夜間帯,逆方向,-70,-70,0,0,0,0,-70,熱容量（作業）,0,0,0,0,2025/01/20 17:03:20
月間,202501,策定,阿南紀北直流幹線,2025/02/11,昼間帯,順方向,0,0,0,0,0,0,0,安定度（作業）,0,0,0,0,2025/01/20 17:03:20
月間,202501,策定,阿南紀北直流幹線,2025/02/11,昼間帯,逆方向,-70,-70,0,0,0,0,-70,熱容量（作業）,0,0,0,0,2025/01/20 17:03:20
月間,202501,策定,阿南紀北直流幹線,2025/02/11,夜間帯,順方向,0,0,0,0,0,0,0,安定度（作業）,0,0,0,0,2025/01/20 17:03:20
月間,202501,策定,阿南紀北直流幹線,2025/02/11,夜間帯,逆方向,-70,-70,0,0,0,0,-70,熱容量（作業）,0,0,0,0,2025/01/20 17:03:20
月間,202501,策定,阿南紀北直流幹線,2025/02/12,昼間帯,順方向,0,0,0,0,0,0,0,安定度（作業）,0,0,0,0,2025/01/20 17:03:20
月間,202501,策定,阿南紀北直流幹線,2025/02/12,昼間帯,逆方向,-70,-70,0,0,0,0,-70,熱容量（作業）,0,0,0,0,2025/01/20 17:03:20
月間,202501,策定,阿南紀北直流幹線,2025/02/12,夜間帯,順方向,0,0,0,0,0,0,0,安定度（作業）,0,0,0,0,2025/01/20 17:03:20
月間,202501,策定,阿南紀北直流幹線,2025/02/12,夜間帯,逆方向,-70,-70,0,0,0,0,-70,熱容量（作業）,0,0,0,0,2025/01/20 17:03:20
月間,202501,策定,阿南紀北直流幹線,2025/02/13,昼間帯,順方向,0,0,0,0,0,0,0,安定度（作業）,0,0,0,0,2025/01/20 17:03:20
月間,202501,策定,阿南紀北直流幹線,2025/02/13,昼間帯,逆方向,-70,-70,0,0,0,0,-70,熱容量（作業）,0,0,0,0,2025/01/20 17:03:20
月間,202501,策定,阿南紀北直流幹線,2025/02/13,夜間帯,順方向,0,0,0,0,0,0,0,安定度（作業）,0,0,0,0,2025/01/20 17:03:20
月間,202501,策定,阿南紀北直流幹線,2025/02/13,夜間帯,逆方向,-70,-70,0,0,0,0,-70,熱容量（作業）,0,0,0,0,2025/01/20 17:03:20
月間,202501,策定,阿南紀北直流幹線,2025/02/14,昼間帯,順方向,0,0,0,0,0,0,0,安定度（作業）,0,0,0,0,2025/01/20 17:03:20
月間,202501,策定,阿南紀北直流幹線,2025/02/14,昼間帯,逆方向,-70,-70,0,0,0,0,-70,熱容量（作業）,0,0,0,0,2025/01/20 17:03:20
月間,202501,策定,阿南紀北直流幹線,2025/02/14,夜間帯,順方向,0,0,0,0,0,0,0,安定度（作業）,0,0,0,0,2025/01/20 17:03:20
月間,202501,策定,阿南紀北直流幹線,2025/02/14,夜間帯,逆方向,-70,-70,0,0,0,0,-70,熱容量（作業）,0,0,0,0,2025/01/20 17:03:20
月間,202501,策定,阿南紀北直流幹線,2025/02/15,昼間帯,順方向,0,0,0,0,0,0,0,安定度（作業）,0,0,0,0,2025/01/20 17:03:20
月間,202501,策定,阿南紀北直流幹線,2025/02/15,昼間帯,逆方向,-70,-70,0,0,0,0,-70,熱容量（作業）,0,0,0,0,2025/01/20 17:03:20
月間,202501,策定,阿南紀北直流幹線,2025/02/15,夜間帯,順方向,0,0,0,0,0,0,0,安定度（作業）,0,0,0,0,2025/01/20 17:03:20
月間,202501,策定,阿南紀北直流幹線,2025/02/15,夜間帯,逆方向,-70,-70,0,0,0,0,-70,熱容量（作業）,0,0,0,0,2025/01/20 17:03:20
月間,202501,策定,阿南紀北直流幹線,2025/02/16,昼間帯,順方向,0,0,0,0,0,0,0,安定度（作業）,0,0,0,0,2025/01/20 17:03:20
月間,202501,策定,阿南紀北直流幹線,2025/02/16,昼間帯,逆方向,-70,-70,0,0,0,0,-70,熱容量（作業）,0,0,0,0,2025/01/20 17:03:20
月間,202501,策定,阿南紀北直流幹線,2025/02/16,夜間帯,順方向,0,0,0,0,0,0,0,安定度（作業）,0,0,0,0,2025/01/20 17:03:20
月間,202501,策定,阿南紀北直流幹線,2025/02/16,夜間帯,逆方向,-70,-70,0,0,0,0,-70,熱容量（作業）,0,0,0,0,2025/01/20 17:03:20
月間,202501,策定,阿南紀北直流幹線,2025/02/17,昼間帯,順方向,0,0,0,0,0,0,0,安定度（作業）,0,0,0,0,2025/01/20 17:03:20
月間,202501,策定,阿南紀北直流幹線,2025/02/17,昼間帯,逆方向,-70,-70,0,0,0,0,-70,熱容量（作業）,0,0,0,0,2025/01/20 17:03:20
月間,202501,策定,阿南紀北直流幹線,2025/02/17,夜間帯,順方向,0,0,0,0,0,0,0,安定度（作業）,0,0,0,0,2025/01/20 17:03:20
月間,202501,策定,阿南紀北直流幹線,2025/02/17,夜間帯,逆方向,-70,-70,0,0,0,0,-70,熱容量（作業）,0,0,0,0,2025/01/20 17:03:20
月間,202501,策定,阿南紀北直流幹線,2025/02/18,昼間帯,順方向,0,0,0,0,0,0,0,安定度（作業）,0,0,0,0,2025/01/20 17:03:20
月間,202501,策定,阿南紀北直流幹線,2025/02/18,昼間帯,逆方向,-70,-70,0,0,0,0,-70,熱容量（作業）,0,0,0,0,2025/01/20 17:03:20
月間,202501,策定,阿南紀北直流幹線,2025/02/18,夜間帯,順方向,0,0,0,0,0,0,0,安定度（作業）,0,0,0,0,2025/01/20 17:03:20
月間,202501,策定,阿南紀北直流幹線,2025/02/18,夜間帯,逆方向,-70,-70,0,0,0,0,-70,熱容量（作業）,0,0,0,0,2025/01/20 17:03:20
月間,202501,策定,阿南紀北直流幹線,2025/02/19,昼間帯,順方向,0,0,0,0,0,0,0,安定度（作業）,0,0,0,0,2025/01/20 17:03:20
月間,202501,策定,阿南紀北直流幹線,2025/02/19,昼間帯,逆方向,-70,-70,0,0,0,0,-70,熱容量（作業）,0,0,0,0,2025/01/20 17:03:20
月間,202501,策定,阿南紀北直流幹線,2025/02/19,夜間帯,順方向,0,0,0,0,0,0,0,安定度（作業）,0,0,0,0,2025/01/20 17:03:20
月間,202501,策定,阿南紀北直流幹線,2025/02/19,夜間帯,逆方向,-70,-70,0,0,0,0,-70,熱容量（作業）,0,0,0,0,2025/01/20 17:03:20
月間,202501,策定,阿南紀北直流幹線,2025/02/20,昼間帯,順方向,0,0,0,0,0,0,0,安定度（作業）,0,0,0,0,2025/01/20 17:03:20
月間,202501,策定,阿南紀北直流幹線,2025/02/20,昼間帯,逆方向,-70,-70,0,0,0,0,-70,熱容量（作業）,0,0,0,0,2025/01/20 17:03:20
月間,202501,策定,阿南紀北直流幹線,2025/02/20,夜間帯,順方向,0,0,0,0,0,0,0,安定度（作業）,0,0,0,0,2025/01/20 17:03:20
月間,202501,策定,阿南紀北直流幹線,2025/02/20,夜間帯,逆方向,-70,-70,0,0,0,0,-70,熱容量（作業）,0,0,0,0,2025/01/20 17:03:20
月間,202501,策定,阿南紀北直流幹線,2025/02/21,昼間帯,順方向,0,0,0,0,0,0,0,安定度（作業）,0,0,0,0,2025/01/20 17:03:20
月間,202501,策定,阿南紀北直流幹線,2025/02/21,昼間帯,逆方向,-70,-70,0,0,0,0,-70,熱容量（作業）,0,0,0,0,2025/01/20 17:03:20
月間,202501,策定,阿南紀北直流幹線,2025/02/21,夜間帯,順方向,0,0,0,0,0,0,0,安定度（作業）,0,0,0,0,2025/01/20 17:03:20
月間,202501,策定,阿南紀北直流幹線,2025/02/21,夜間帯,逆方向,-70,-70,0,0,0,0,-70,熱容量（作業）,0,0,0,0,2025/01/20 17:03:20
月間,202501,策定,阿南紀北直流幹線,2025/02/22,昼間帯,順方向,0,0,0,0,0,0,0,安定度（作業）,0,0,0,0,2025/01/20 17:03:20
月間,202501,策定,阿南紀北直流幹線,2025/02/22,昼間帯,逆方向,-70,-70,0,0,0,0,-70,熱容量（作業）,0,0,0,0,2025/01/20 17:03:20
月間,202501,策定,阿南紀北直流幹線,2025/02/22,夜間帯,順方向,0,0,0,0,0,0,0,安定度（作業）,0,0,0,0,2025/01/20 17:03:20
月間,202501,策定,阿南紀北直流幹線,2025/02/22,夜間帯,逆方向,-70,-70,0,0,0,0,-70,熱容量（作業）,0,0,0,0,2025/01/20 17:03:20
月間,202501,策定,阿南紀北直流幹線,2025/02/23,昼間帯,順方向,0,0,0,0,0,0,0,安定度（作業）,0,0,0,0,2025/01/20 17:03:20
月間,202501,策定,阿南紀北直流幹線,2025/02/23,昼間帯,逆方向,-70,-70,0,0,0,0,-70,熱容量（作業）,0,0,0,0,2025/01/20 17:03:20
月間,202501,策定,阿南紀北直流幹線,2025/02/23,夜間帯,順方向,0,0,0,0,0,0,0,安定度（作業）,0,0,0,0,2025/01/20 17:03:20
月間,202501,策定,阿南紀北直流幹線,2025/02/23,夜間帯,逆方向,-70,-70,0,0,0,0,-70,熱容量（作業）,0,0,0,0,2025/01/20 17:03:20
月間,202501,策定,阿南紀北直流幹線,2025/02/24,昼間帯,順方向,0,0,0,0,0,0,0,安定度（作業）,0,0,0,0,2025/01/20 17:03:20
月間,202501,策定,阿南紀北直流幹線,2025/02/24,昼間帯,逆方向,-70,-70,0,0,0,0,-70,熱容量（作業）,0,0,0,0,2025/01/20 17:03:20
月間,202501,策定,阿南紀北直流幹線,2025/02/24,夜間帯,順方向,0,0,0,0,0,0,0,安定度（作業）,0,0,0,0,2025/01/20 17:03:20
月間,202501,策定,阿南紀北直流幹線,2025/02/24,夜間帯,逆方向,-70,-70,0,0,0,0,-70,熱容量（作業）,0,0,0,0,2025/01/20 17:03:20
月間,202501,策定,阿南紀北直流幹線,2025/02/25,昼間帯,順方向,0,0,0,0,0,0,0,安定度（作業）,0,0,0,0,2025/01/20 17:03:20
月間,202501,策定,阿南紀北直流幹線,2025/02/25,昼間帯,逆方向,-70,-70,0,0,0,0,-70,熱容量（作業）,0,0,0,0,2025/01/20 17:03:20
月間,202501,策定,阿南紀北直流幹線,2025/02/25,夜間帯,順方向,0,0,0,0,0,0,0,安定度（作業）,0,0,0,0,2025/01/20 17:03:20
月間,202501,策定,阿南紀北直流幹線,2025/02/25,夜間帯,逆方向,-70,-70,0,0,0,0,-70,熱容量（作業）,0,0,0,0,2025/01/20 17:03:20
月間,202501,策定,阿南紀北直流幹線,2025/02/26,昼間帯,順方向,0,0,0,0,0,0,0,安定度（作業）,0,0,0,0,2025/01/20 17:03:20
月間,202501,策定,阿南紀北直流幹線,2025/02/26,昼間帯,逆方向,-70,-70,0,0,0,0,-70,熱容量（作業）,0,0,0,0,2025/01/20 17:03:20
月間,202501,策定,阿南紀北直流幹線,2025/02/26,夜間帯,順方向,0,0,0,0,0,0,0,安定度（作業）,0,0,0,0,2025/01/20 17:03:20
月間,202501,策定,阿南紀北直流幹線,2025/02/26,夜間帯,逆方向,-70,-70,0,0,0,0,-70,熱容量（作業）,0,0,0,0,2025/01/20 17:03:20
月間,202501,策定,阿南紀北直流幹線,2025/02/27,昼間帯,順方向,0,0,0,0,0,0,0,安定度（作業）,0,0,0,0,2025/01/20 17:03:20
月間,202501,策定,阿南紀北直流幹線,2025/02/27,昼間帯,逆方向,-70,-70,0,0,0,0,-70,熱容量（作業）,0,0,0,0,2025/01/20 17:03:20
月間,202501,策定,阿南紀北直流幹線,2025/02/27,夜間帯,順方向,0,0,0,0,0,0,0,安定度（作業）,0,0,0,0,2025/01/20 17:03:20
月間,202501,策定,阿南紀北直流幹線,2025/02/27,夜間帯,逆方向,-70,-70,0,0,0,0,-70,熱容量（作業）,0,0,0,0,2025/01/20 17:03:20
月間,202501,策定,阿南紀北直流幹線,2025/02/28,昼間帯,順方向,0,0,0,0,0,0,0,安定度（作業）,0,0,0,0,2025/01/20 17:03:20
月間,202501,策定,阿南紀北直流幹線,2025/02/28,昼間帯,逆方向,-70,-70,0,0,0,0,-70,熱容量（作業）,0,0,0,0,2025/01/20 17:03:20
月間,202501,策定,阿南紀北直流幹線,2025/02/28,夜間帯,順方向,0,0,0,0,0,0,0,安定度（作業）,0,0,0,0,2025/01/20 17:03:20
月間,202501,策定,阿南紀北直流幹線,2025/02/28,夜間帯,逆方向,-70,-70,0,0,0,0,-70,熱容量（作業）,0,0,0,0,2025/01/20 17:03:20
月間,202412,策定,本四連系線,2025/02/01,昼間帯,順方向,820,820,0,0,0,0,820,周波数（作業）,0,0,0,0,2024/12/20 17:04:17
月間,202412,策定,本四連系線,2025/02/01,昼間帯,逆方向,-1200,-1200,0,0,0,0,-1200,熱容量（作業）,0,0,0,0,2024/12/20 17:04:17
月間,202412,策定,本四連系線,2025/02/01,夜間帯,順方向,1010,1010,0,0,0,0,1010,周波数（作業）,0,0,0,0,2024/12/20 17:04:17
月間,202412,策定,本四連系線,2025/02/01,夜間帯,逆方向,-1200,-1200,0,0,0,0,-1200,熱容量（作業）,0,0,0,0,2024/12/20 17:04:17
月間,202412,策定,本四連系線,2025/02/02,昼間帯,順方向,820,820,0,0,0,0,820,周波数（作業）,0,0,0,0,2024/12/20 17:04:17
月間,202412,策定,本四連系線,2025/02/02,昼間帯,逆方向,-1200,-1200,0,0,0,0,-1200,熱容量（作業）,0,0,0,0,2024/12/20 17:04:17
月間,202412,策定,本四連系線,2025/02/02,夜間帯,順方向,1010,1010,0,0,0,0,1010,周波数（作業）,0,0,0,0,2024/12/20 17:04:17
月間,202412,策定,本四連系線,2025/02/02,夜間帯,逆方向,-1200,-1200,0,0,0,0,-1200,熱容量（作業）,0,0,0,0,2024/12/20 17:04:17
月間,202412,策定,本四連系線,2025/02/03,昼間帯,順方向,840,840,0,0,0,0,840,周波数（作業）,0,0,0,0,2024/12/20 17:04:17
月間,202412,策定,本四連系線,2025/02/03,昼間帯,逆方向,-1200,-1200,0,0,0,0,-1200,熱容量（作業）,0,0,0,0,2024/12/20 17:04:17
月間,202412,策定,本四連系線,2025/02/03,夜間帯,順方向,1010,1010,0,0,0,0,1010,周波数（作業）,0,0,0,0,2024/12/20 17:04:17
月間,202412,策定,本四連系線,2025/02/03,夜間帯,逆方向,-1200,-1200,0,0,0,0,-1200,熱容量（作業）,0,0,0,0,2024/12/20 17:04:17
月間,202412,策定,本四連系線,2025/02/04,昼間帯,順方向,840,840,0,0,0,0,840,周波数（作業）,0,0,0,0,2024/12/20 17:04:17
月間,202412,策定,本四連系線,2025/02/04,昼間帯,逆方向,-1200,-1200,0,0,0,0,-1200,熱容量（作業）,0,0,0,0,2024/12/20 17:04:17
月間,202412,策定,本四連系線,2025/02/04,夜間帯,順方向,1050,1050,0,0,0,0,1050,周波数（作業）,0,0,0,0,2024/12/20 17:04:17
月間,202412,策定,本四連系線,2025/02/04,夜間帯,逆方向,-1200,-1200,0,0,0,0,-1200,熱容量（作業）,0,0,0,0,2024/12/20 17:04:17
月間,202412,策定,本四連系線,2025/02/05,昼間帯,順方向,840,840,0,0,0,0,840,周波数（作業）,0,0,0,0,2024/12/20 17:04:17
月間,202412,策定,本四連系線,2025/02/05,昼間帯,逆方向,-1200,-1200,0,0,0,0,-1200,熱容量（作業）,0,0,0,0,2024/12/20 17:04:17
月間,202412,策定,本四連系線,2025/02/05,夜間帯,順方向,1050,1050,0,0,0,0,1050,周波数（作業）,0,0,0,0,2024/12/20 17:04:17
月間,202412,策定,本四連系線,2025/02/05,夜間帯,逆方向,-1200,-1200,0,0,0,0,-1200,熱容量（作業）,0,0,0,0,2024/12/20 17:04:17
月間,202412,策定,本四連系線,2025/02/06,昼間帯,順方向,840,840,0,0,0,0,840,周波数（作業）,0,0,0,0,2024/12/20 17:04:17
月間,202412,策定,本四連系線,2025/02/06,昼間帯,逆方向,-1200,-1200,0,0,0,0,-1200,熱容量（作業）,0,0,0,0,2024/12/20 17:04:17
月間,202412,策定,本四連系線,2025/02/06,夜間帯,順方向,1050,1050,0,0,0,0,1050,周波数（作業）,0,0,0,0,2024/12/20 17:04:17
月間,202412,策定,本四連系線,2025/02/06,夜間帯,逆方向,-1200,-1200,0,0,0,0,-1200,熱容量（作業）,0,0,0,0,2024/12/20 17:04:17
月間,202412,策定,本四連系線,2025/02/07,昼間帯,順方向,840,840,0,0,0,0,840,周波数（作業）,0,0,0,0,2024/12/20 17:04:17
月間,202412,策定,本四連系線,2025/02/07,昼間帯,逆方向,-1200,-1200,0,0,0,0,-1200,熱容量（作業）,0,0,0,0,2024/12/20 17:04:17
月間,202412,策定,本四連系線,2025/02/07,夜間帯,順方向,1050,1050,0,0,0,0,1050,周波数（作業）,0,0,0,0,2024/12/20 17:04:17
月間,202412,策定,本四連系線,2025/02/07,夜間帯,逆方向,-1200,-1200,0,0,0,0,-1200,熱容量（作業）,0,0,0,0,2024/12/20 17:04:17
月間,202412,策定,本四連系線,2025/02/08,昼間帯,順方向,820,820,0,0,0,0,820,周波数（作業）,0,0,0,0,2024/12/20 17:04:17
月間,202412,策定,本四連系線,2025/02/08,昼間帯,逆方向,-1200,-1200,0,0,0,0,-1200,熱容量（作業）,0,0,0,0,2024/12/20 17:04:17
月間,202412,策定,本四連系線,2025/02/08,夜間帯,順方向,1010,1010,0,0,0,0,1010,周波数（作業）,0,0,0,0,2024/12/20 17:04:17
月間,202412,策定,本四連系線,2025/02/08,夜間帯,逆方向,-1200,-1200,0,0,0,0,-1200,熱容量（作業）,0,0,0,0,2024/12/20 17:04:17
月間,202412,策定,本四連系線,2025/02/09,昼間帯,順方向,820,820,0,0,0,0,820,周波数（作業）,0,0,0,0,2024/12/20 17:04:17
月間,202412,策定,本四連系線,2025/02/09,昼間帯,逆方向,-1200,-1200,0,0,0,0,-1200,熱容量（作業）,0,0,0,0,2024/12/20 17:04:17
月間,202412,策定,本四連系線,2025/02/09,夜間帯,順方向,1010,1010,0,0,0,0,1010,周波数（作業）,0,0,0,0,2024/12/20 17:04:17
月間,202412,策定,本四連系線,2025/02/09,夜間帯,逆方向,-1200,-1200,0,0,0,0,-1200,熱容量（作業）,0,0,0,0,2024/12/20 17:04:17
月間,202412,策定,本四連系線,2025/02/10,昼間帯,順方向,840,840,0,0,0,0,840,周波数（作業）,0,0,0,0,2024/12/20 17:04:17
月間,202412,策定,本四連系線,2025/02/10,昼間帯,逆方向,-1200,-1200,0,0,0,0,-1200,熱容量（作業）,0,0,0,0,2024/12/20 17:04:17
月間,202412,策定,本四連系線,2025/02/10,夜間帯,順方向,1010,1010,0,0,0,0,1010,周波数（作業）,0,0,0,0,2024/12/20 17:04:17
月間,202412,策定,本四連系線,2025/02/10,夜間帯,逆方向,-1200,-1200,0,0,0,0,-1200,熱容量（作業）,0,0,0,0,2024/12/20 17:04:17
月間,202412,策定,本四連系線,2025/02/11,昼間帯,順方向,820,820,0,0,0,0,820,周波数（作業）,0,0,0,0,2024/12/20 17:04:17
月間,202412,策定,本四連系線,2025/02/11,昼間帯,逆方向,-1200,-1200,0,0,0,0,-1200,熱容量（作業）,0,0,0,0,2024/12/20 17:04:17
月間,202412,策定,本四連系線,2025/02/11,夜間帯,順方向,1010,1010,0,0,0,0,1010,周波数（作業）,0,0,0,0,2024/12/20 17:04:17
月間,202412,策定,本四連系線,2025/02/11,夜間帯,逆方向,-1200,-1200,0,0,0,0,-1200,熱容量（作業）,0,0,0,0,2024/12/20 17:04:17
月間,202412,策定,本四連系線,2025/02/12,昼間帯,順方向,840,840,0,0,0,0,840,周波数（作業）,0,0,0,0,2024/12/20 17:04:17
月間,202412,策定,本四連系線,2025/02/12,昼間帯,逆方向,-1200,-1200,0,0,0,0,-1200,熱容量（作業）,0,0,0,0,2024/12/20 17:04:17
月間,202412,策定,本四連系線,2025/02/12,夜間帯,順方向,1010,1010,0,0,0,0,1010,周波数（作業）,0,0,0,0,2024/12/20 17:04:17
月間,202412,策定,本四連系線,2025/02/12,夜間帯,逆方向,-1200,-1200,0,0,0,0,-1200,熱容量（作業）,0,0,0,0,2024/12/20 17:04:17
月間,202412,策定,本四連系線,2025/02/13,昼間帯,順方向,840,840,0,0,0,0,840,周波数（作業）,0,0,0,0,2024/12/20 17:04:17
月間,202412,策定,本四連系線,2025/02/13,昼間帯,逆方向,-1200,-1200,0,0,0,0,-1200,熱容量（作業）,0,0,0,0,2024/12/20 17:04:17
月間,202412,策定,本四連系線,2025/02/13,夜間帯,順方向,1050,1050,0,0,0,0,1050,周波数（作業）,0,0,0,0,2024/12/20 17:04:17
月間,202412,策定,本四連系線,2025/02/13,夜間帯,逆方向,-1200,-1200,0,0,0,0,-1200,熱容量（作業）,0,0,0,0,2024/12/20 17:04:17
月間,202412,策定,本四連系線,2025/02/14,昼間帯,順方向,840,840,0,0,0,0,840,周波数（作業）,0,0,0,0,2024/12/20 17:04:17
月間,202412,策定,本四連系線,2025/02/14,昼間帯,逆方向,-1200,-1200,0,0,0,0,-1200,熱容量（作業）,0,0,0,0,2024/12/20 17:04:17
月間,202412,策定,本四連系線,2025/02/14,夜間帯,順方向,1050,1050,0,0,0,0,1050,周波数（作業）,0,0,0,0,2024/12/20 17:04:17
月間,202412,策定,本四連系線,2025/02/14,夜間帯,逆方向,-1200,-1200,0,0,0,0,-1200,熱容量（作業）,0,0,0,0,2024/12/20 17:04:17
月間,202412,策定,本四連系線,2025/02/15,昼間帯,順方向,820,820,0,0,0,0,820,周波数（作業）,0,0,0,0,2024/12/20 17:04:17
月間,202412,策定,本四連系線,2025/02/15,昼間帯,逆方向,-1200,-1200,0,0,0,0,-1200,熱容量（作業）,0,0,0,0,2024/12/20 17:04:17
月間,202412,策定,本四連系線,2025/02/15,夜間帯,順方向,1010,1010,0,0,0,0,1010,周波数（作業）,0,0,0,0,2024/12/20 17:04:17
月間,202412,策定,本四連系線,2025/02/15,夜間帯,逆方向,-1200,-1200,0,0,0,0,-1200,熱容量（作業）,0,0,0,0,2024/12/20 17:04:17
月間,202412,策定,本四連系線,2025/02/16,昼間帯,順方向,820,820,0,0,0,0,820,周波数（作業）,0,0,0,0,2024/12/20 17:04:17
月間,202412,策定,本四連系線,2025/02/16,昼間帯,逆方向,-1200,-1200,0,0,0,0,-1200,熱容量（作業）,0,0,0,0,2024/12/20 17:04:17
月間,202412,策定,本四連系線,2025/02/16,夜間帯,順方向,1010,1010,0,0,0,0,1010,周波数（作業）,0,0,0,0,2024/12/20 17:04:17
月間,202412,策定,本四連系線,2025/02/16,夜間帯,逆方向,-1200,-1200,0,0,0,0,-1200,熱容量（作業）,0,0,0,0,2024/12/20 17:04:17
月間,202412,策定,本四連系線,2025/02/17,昼間帯,順方向,840,840,0,0,0,0,840,周波数（作業）,0,0,0,0,2024/12/20 17:04:17
月間,202412,策定,本四連系線,2025/02/17,昼間帯,逆方向,-1200,-1200,0,0,0,0,-1200,熱容量（作業）,0,0,0,0,2024/12/20 17:04:17
月間,202412,策定,本四連系線,2025/02/17,夜間帯,順方向,1010,1010,0,0,0,0,1010,周波数（作業）,0,0,0,0,2024/12/20 17:04:17
月間,202412,策定,本四連系線,2025/02/17,夜間帯,逆方向,-1200,-1200,0,0,0,0,-1200,熱容量（作業）,0,0,0,0,2024/12/20 17:04:17
月間,202412,策定,本四連系線,2025/02/18,昼間帯,順方向,840,840,0,0,0,0,840,周波数（作業）,0,0,0,0,2024/12/20 17:04:17
月間,202412,策定,本四連系線,2025/02/18,昼間帯,逆方向,-1200,-1200,0,0,0,0,-1200,熱容量（作業）,0,0,0,0,2024/12/20 17:04:17
月間,202412,策定,本四連系線,2025/02/18,夜間帯,順方向,1050,1050,0,0,0,0,1050,周波数（作業）,0,0,0,0,2024/12/20 17:04:17
月間,202412,策定,本四連系線,2025/02/18,夜間帯,逆方向,-1200,-1200,0,0,0,0,-1200,熱容量（作業）,0,0,0,0,2024/12/20 17:04:17
月間,202412,策定,本四連系線,2025/02/19,昼間帯,順方向,840,840,0,0,0,0,840,周波数（作業）,0,0,0,0,2024/12/20 17:04:17
月間,202412,策定,本四連系線,2025/02/19,昼間帯,逆方向,-1200,-1200,0,0,0,0,-1200,熱容量（作業）,0,0,0,0,2024/12/20 17:04:17
月間,202412,策定,本四連系線,2025/02/19,夜間帯,順方向,1050,1050,0,0,0,0,1050,周波数（作業）,0,0,0,0,2024/12/20 17:04:17
月間,202412,策定,本四連系線,2025/02/19,夜間帯,逆方向,-1200,-1200,0,0,0,0,-1200,熱容量（作業）,0,0,0,0,2024/12/20 17:04:17
月間,202412,策定,本四連系線,2025/02/20,昼間帯,順方向,840,840,0,0,0,0,840,周波数（作業）,0,0,0,0,2024/12/20 17:04:17
月間,202412,策定,本四連系線,2025/02/20,昼間帯,逆方向,-1200,-1200,0,0,0,0,-1200,熱容量（作業）,0,0,0,0,2024/12/20 17:04:17
月間,202412,策定,本四連系線,2025/02/20,夜間帯,順方向,1050,1050,0,0,0,0,1050,周波数（作業）,0,0,0,0,2024/12/20 17:04:17
月間,202412,策定,本四連系線,2025/02/20,夜間帯,逆方向,-1200,-1200,0,0,0,0,-1200,熱容量（作業）,0,0,0,0,2024/12/20 17:04:17
月間,202412,策定,本四連系線,2025/02/21,昼間帯,順方向,840,840,0,0,0,0,840,周波数（作業）,0,0,0,0,2024/12/20 17:04:17
月間,202412,策定,本四連系線,2025/02/21,昼間帯,逆方向,-1200,-1200,0,0,0,0,-1200,熱容量（作業）,0,0,0,0,2024/12/20 17:04:17
月間,202412,策定,本四連系線,2025/02/21,夜間帯,順方向,1050,1050,0,0,0,0,1050,周波数（作業）,0,0,0,0,2024/12/20 17:04:17
月間,202412,策定,本四連系線,2025/02/21,夜間帯,逆方向,-1200,-1200,0,0,0,0,-1200,熱容量（作業）,0,0,0,0,2024/12/20 17:04:17
月間,202412,策定,本四連系線,2025/02/22,昼間帯,順方向,820,820,0,0,0,0,820,周波数（作業）,0,0,0,0,2024/12/20 17:04:17
月間,202412,策定,本四連系線,2025/02/22,昼間帯,逆方向,-1200,-1200,0,0,0,0,-1200,熱容量（作業）,0,0,0,0,2024/12/20 17:04:17
月間,202412,策定,本四連系線,2025/02/22,夜間帯,順方向,1010,1010,0,0,0,0,1010,周波数（作業）,0,0,0,0,2024/12/20 17:04:17
月間,202412,策定,本四連系線,2025/02/22,夜間帯,逆方向,-1200,-1200,0,0,0,0,-1200,熱容量（作業）,0,0,0,0,2024/12/20 17:04:17
月間,202412,策定,本四連系線,2025/02/23,昼間帯,順方向,820,820,0,0,0,0,820,周波数（作業）,0,0,0,0,2024/12/20 17:04:17
月間,202412,策定,本四連系線,2025/02/23,昼間帯,逆方向,-1200,-1200,0,0,0,0,-1200,熱容量（作業）,0,0,0,0,2024/12/20 17:04:17
月間,202412,策定,本四連系線,2025/02/23,夜間帯,順方向,1010,1010,0,0,0,0,1010,周波数（作業）,0,0,0,0,2024/12/20 17:04:17
月間,202412,策定,本四連系線,2025/02/23,夜間帯,逆方向,-1200,-1200,0,0,0,0,-1200,熱容量（作業）,0,0,0,0,2024/12/20 17:04:17
月間,202412,策定,本四連系線,2025/02/24,昼間帯,順方向,820,820,0,0,0,0,820,周波数（作業）,0,0,0,0,2024/12/20 17:04:17
月間,202412,策定,本四連系線,2025/02/24,昼間帯,逆方向,-1200,-1200,0,0,0,0,-1200,熱容量（作業）,0,0,0,0,2024/12/20 17:04:17
月間,202412,策定,本四連系線,2025/02/24,夜間帯,順方向,1010,1010,0,0,0,0,1010,周波数（作業）,0,0,0,0,2024/12/20 17:04:17
月間,202412,策定,本四連系線,2025/02/24,夜間帯,逆方向,-1200,-1200,0,0,0,0,-1200,熱容量（作業）,0,0,0,0,2024/12/20 17:04:17
月間,202412,策定,本四連系線,2025/02/25,昼間帯,順方向,840,840,0,0,0,0,840,周波数（作業）,0,0,0,0,2024/12/20 17:04:17
月間,202412,策定,本四連系線,2025/02/25,昼間帯,逆方向,-1200,-1200,0,0,0,0,-1200,熱容量（作業）,0,0,0,0,2024/12/20 17:04:17
月間,202412,策定,本四連系線,2025/02/25,夜間帯,順方向,1010,1010,0,0,0,0,1010,周波数（作業）,0,0,0,0,2024/12/20 17:04:17
月間,202412,策定,本四連系線,2025/02/25,夜間帯,逆方向,-1200,-1200,0,0,0,0,-1200,熱容量（作業）,0,0,0,0,2024/12/20 17:04:17
月間,202412,策定,本四連系線,2025/02/26,昼間帯,順方向,840,840,0,0,0,0,840,周波数（作業）,0,0,0,0,2024/12/20 17:04:17
月間,202412,策定,本四連系線,2025/02/26,昼間帯,逆方向,-1200,-1200,0,0,0,0,-1200,熱容量（作業）,0,0,0,0,2024/12/20 17:04:17
月間,202412,策定,本四連系線,2025/02/26,夜間帯,順方向,1050,1050,0,0,0,0,1050,周波数（作業）,0,0,0,0,2024/12/20 17:04:17
月間,202412,策定,本四連系線,2025/02/26,夜間帯,逆方向,-1200,-1200,0,0,0,0,-1200,熱容量（作業）,0,0,0,0,2024/12/20 17:04:17
月間,202412,策定,本四連系線,2025/02/27,昼間帯,順方向,840,840,0,0,0,0,840,周波数（作業）,0,0,0,0,2024/12/20 17:04:17
月間,202412,策定,本四連系線,2025/02/27,昼間帯,逆方向,-1200,-1200,0,0,0,0,-1200,熱容量（作業）,0,0,0,0,2024/12/20 17:04:17
月間,202412,策定,本四連系線,2025/02/27,夜間帯,順方向,1050,1050,0,0,0,0,1050,周波数（作業）,0,0,0,0,2024/12/20 17:04:17
月間,202412,策定,本四連系線,2025/02/27,夜間帯,逆方向,-1200,-1200,0,0,0,0,-1200,熱容量（作業）,0,0,0,0,2024/12/20 17:04:17
月間,202412,策定,本四連系線,2025/02/28,昼間帯,順方向,840,840,0,0,0,0,840,周波数（作業）,0,0,0,0,2024/12/20 17:04:17
月間,202412,策定,本四連系線,2025/02/28,昼間帯,逆方向,-1200,-1200,0,0,0,0,-1200,熱容量（作業）,0,0,0,0,2024/12/20 17:04:17
月間,202412,策定,本四連系線,2025/02/28,夜間帯,順方向,1050,1050,0,0,0,0,1050,周波数（作業）,0,0,0,0,2024/12/20 17:04:17
月間,202412,策定,本四連系線,2025/02/28,夜間帯,逆方向,-1200,-1200,0,0,0,0,-1200,熱容量（作業）,0,0,0,0,2024/12/20 17:04:17
月間,202501,策定,本四連系線,2025/02/01,昼間帯,順方向,820,820,0,0,0,0,820,周波数（作業）,0,0,0,0,2025/01/20 17:03:20
月間,202501,策定,本四連系線,2025/02/01,昼間帯,逆方向,-1200,-1200,0,0,0,0,-1200,熱容量（作業）,0,0,0,0,2025/01/20 17:03:20
月間,202501,策定,本四連系線,2025/02/01,夜間帯,順方向,1010,1010,0,0,0,0,1010,周波数（作業）,0,0,0,0,2025/01/20 17:03:20
月間,202501,策定,本四連系線,2025/02/01,夜間帯,逆方向,-1200,-1200,0,0,0,0,-1200,熱容量（作業）,0,0,0,0,2025/01/20 17:03:20
月間,202501,策定,本四連系線,2025/02/02,昼間帯,順方向,820,820,0,0,0,0,820,周波数（作業）,0,0,0,0,2025/01/20 17:03:20
月間,202501,策定,本四連系線,2025/02/02,昼間帯,逆方向,-1200,-1200,0,0,0,0,-1200,熱容量（作業）,0,0,0,0,2025/01/20 17:03:20
月間,202501,策定,本四連系線,2025/02/02,夜間帯,順方向,1010,1010,0,0,0,0,1010,周波数（作業）,0,0,0,0,2025/01/20 17:03:20
月間,202501,策定,本四連系線,2025/02/02,夜間帯,逆方向,-1200,-1200,0,0,0,0,-1200,熱容量（作業）,0,0,0,0,2025/01/20 17:03:20
月間,202501,策定,本四連系線,2025/02/03,昼間帯,順方向,840,840,0,0,0,0,840,周波数（作業）,0,0,0,0,2025/01/20 17:03:20
月間,202501,策定,本四連系線,2025/02/03,昼間帯,逆方向,-1200,-1200,0,0,0,0,-1200,熱容量（作業）,0,0,0,0,2025/01/20 17:03:20
月間,202501,策定,本四連系線,2025/02/03,夜間帯,順方向,1010,1010,0,0,0,0,1010,周波数（作業）,0,0,0,0,2025/01/20 17:03:20
月間,202501,策定,本四連系線,2025/02/03,夜間帯,逆方向,-1200,-1200,0,0,0,0,-1200,熱容量（作業）,0,0,0,0,2025/01/20 17:03:20
月間,202501,策定,本四連系線,2025/02/04,昼間帯,順方向,840,840,0,0,0,0,840,周波数（作業）,0,0,0,0,2025/01/20 17:03:20
月間,202501,策定,本四連系線,2025/02/04,昼間帯,逆方向,-1200,-1200,0,0,0,0,-1200,熱容量（作業）,0,0,0,0,2025/01/20 17:03:20
月間,202501,策定,本四連系線,2025/02/04,夜間帯,順方向,1050,1050,0,0,0,0,1050,周波数（作業）,0,0,0,0,2025/01/20 17:03:20
月間,202501,策定,本四連系線,2025/02/04,夜間帯,逆方向,-1200,-1200,0,0,0,0,-1200,熱容量（作業）,0,0,0,0,2025/01/20 17:03:20
月間,202501,策定,本四連系線,2025/02/05,昼間帯,順方向,840,840,0,0,0,0,840,周波数（作業）,0,0,0,0,2025/01/20 17:03:20
月間,202501,策定,本四連系線,2025/02/05,昼間帯,逆方向,-1200,-1200,0,0,0,0,-1200,熱容量（作業）,0,0,0,0,2025/01/20 17:03:20
月間,202501,策定,本四連系線,2025/02/05,夜間帯,順方向,1050,1050,0,0,0,0,1050,周波数（作業）,0,0,0,0,2025/01/20 17:03:20
月間,202501,策定,本四連系線,2025/02/05,夜間帯,逆方向,-1200,-1200,0,0,0,0,-1200,熱容量（作業）,0,0,0,0,2025/01/20 17:03:20
月間,202501,策定,本四連系線,2025/02/06,昼間帯,順方向,840,840,0,0,0,0,840,周波数（作業）,0,0,0,0,2025/01/20 17:03:20
月間,202501,策定,本四連系線,2025/02/06,昼間帯,逆方向,-1200,-1200,0,0,0,0,-1200,熱容量（作業）,0,0,0,0,2025/01/20 17:03:20
月間,202501,策定,本四連系線,2025/02/06,夜間帯,順方向,1050,1050,0,0,0,0,1050,周波数（作業）,0,0,0,0,2025/01/20 17:03:20
月間,202501,策定,本四連系線,2025/02/06,夜間帯,逆方向,-1200,-1200,0,0,0,0,-1200,熱容量（作業）,0,0,0,0,2025/01/20 17:03:20
月間,202501,策定,本四連系線,2025/02/07,昼間帯,順方向,840,840,0,0,0,0,840,周波数（作業）,0,0,0,0,2025/01/20 17:03:20
月間,202501,策定,本四連系線,2025/02/07,昼間帯,逆方向,-1200,-1200,0,0,0,0,-1200,熱容量（作業）,0,0,0,0,2025/01/20 17:03:20
月間,202501,策定,本四連系線,2025/02/07,夜間帯,順方向,1050,1050,0,0,0,0,1050,周波数（作業）,0,0,0,0,2025/01/20 17:03:20
月間,202501,策定,本四連系線,2025/02/07,夜間帯,逆方向,-1200,-1200,0,0,0,0,-1200,熱容量（作業）,0,0,0,0,2025/01/20 17:03:20
月間,202501,策定,本四連系線,2025/02/08,昼間帯,順方向,820,820,0,0,0,0,820,周波数（作業）,0,0,0,0,2025/01/20 17:03:20
月間,202501,策定,本四連系線,2025/02/08,昼間帯,逆方向,-1200,-1200,0,0,0,0,-1200,熱容量（作業）,0,0,0,0,2025/01/20 17:03:20
月間,202501,策定,本四連系線,2025/02/08,夜間帯,順方向,1010,1010,0,0,0,0,1010,周波数（作業）,0,0,0,0,2025/01/20 17:03:20
月間,202501,策定,本四連系線,2025/02/08,夜間帯,逆方向,-1200,-1200,0,0,0,0,-1200,熱容量（作業）,0,0,0,0,2025/01/20 17:03:20
月間,202501,策定,本四連系線,2025/02/09,昼間帯,順方向,820,820,0,0,0,0,820,周波数（作業）,0,0,0,0,2025/01/20 17:03:20
月間,202501,策定,本四連系線,2025/02/09,昼間帯,逆方向,-1200,-1200,0,0,0,0,-1200,熱容量（作業）,0,0,0,0,2025/01/20 17:03:20
月間,202501,策定,本四連系線,2025/02/09,夜間帯,順方向,1010,1010,0,0,0,0,1010,周波数（作業）,0,0,0,0,2025/01/20 17:03:20
月間,202501,策定,本四連系線,2025/02/09,夜間帯,逆方向,-1200,-1200,0,0,0,0,-1200,熱容量（作業）,0,0,0,0,2025/01/20 17:03:20
月間,202501,策定,本四連系線,2025/02/10,昼間帯,順方向,840,840,0,0,0,0,840,周波数（作業）,0,0,0,0,2025/01/20 17:03:20
月間,202501,策定,本四連系線,2025/02/10,昼間帯,逆方向,-1200,-1200,0,0,0,0,-1200,熱容量（作業）,0,0,0,0,2025/01/20 17:03:20
月間,202501,策定,本四連系線,2025/02/10,夜間帯,順方向,1010,1010,0,0,0,0,1010,周波数（作業）,0,0,0,0,2025/01/20 17:03:20
月間,202501,策定,本四連系線,2025/02/10,夜間帯,逆方向,-1200,-1200,0,0,0,0,-1200,熱容量（作業）,0,0,0,0,2025/01/20 17:03:20
月間,202501,策定,本四連系線,2025/02/11,昼間帯,順方向,820,820,0,0,0,0,820,周波数（作業）,0,0,0,0,2025/01/20 17:03:20
月間,202501,策定,本四連系線,2025/02/11,昼間帯,逆方向,-1200,-1200,0,0,0,0,-1200,熱容量（作業）,0,0,0,0,2025/01/20 17:03:20
月間,202501,策定,本四連系線,2025/02/11,夜間帯,順方向,1010,1010,0,0,0,0,1010,周波数（作業）,0,0,0,0,2025/01/20 17:03:20
月間,202501,策定,本四連系線,2025/02/11,夜間帯,逆方向,-1200,-1200,0,0,0,0,-1200,熱容量（作業）,0,0,0,0,2025/01/20 17:03:20
月間,202501,策定,本四連系線,2025/02/12,昼間帯,順方向,840,840,0,0,0,0,840,周波数（作業）,0,0,0,0,2025/01/20 17:03:20
月間,202501,策定,本四連系線,2025/02/12,昼間帯,逆方向,-1200,-1200,0,0,0,0,-1200,熱容量（作業）,0,0,0,0,2025/01/20 17:03:20
月間,202501,策定,本四連系線,2025/02/12,夜間帯,順方向,1010,1010,0,0,0,0,1010,周波数（作業）,0,0,0,0,2025/01/20 17:03:20
月間,202501,策定,本四連系線,2025/02/12,夜間帯,逆方向,-1200,-1200,0,0,0,0,-1200,熱容量（作業）,0,0,0,0,2025/01/20 17:03:20
月間,202501,策定,本四連系線,2025/02/13,昼間帯,順方向,840,840,0,0,0,0,840,周波数（作業）,0,0,0,0,2025/01/20 17:03:20
月間,202501,策定,本四連系線,2025/02/13,昼間帯,逆方向,-1200,-1200,0,0,0,0,-1200,熱容量（作業）,0,0,0,0,2025/01/20 17:03:20
月間,202501,策定,本四連系線,2025/02/13,夜間帯,順方向,1050,1050,0,0,0,0,1050,周波数（作業）,0,0,0,0,2025/01/20 17:03:20
月間,202501,策定,本四連系線,2025/02/13,夜間帯,逆方向,-1200,-1200,0,0,0,0,-1200,熱容量（作業）,0,0,0,0,2025/01/20 17:03:20
月間,202501,策定,本四連系線,2025/02/14,昼間帯,順方向,840,840,0,0,0,0,840,周波数（作業）,0,0,0,0,2025/01/20 17:03:20
月間,202501,策定,本四連系線,2025/02/14,昼間帯,逆方向,-1200,-1200,0,0,0,0,-1200,熱容量（作業）,0,0,0,0,2025/01/20 17:03:20
月間,202501,策定,本四連系線,2025/02/14,夜間帯,順方向,1050,1050,0,0,0,0,1050,周波数（作業）,0,0,0,0,2025/01/20 17:03:20
月間,202501,策定,本四連系線,2025/02/14,夜間帯,逆方向,-1200,-1200,0,0,0,0,-1200,熱容量（作業）,0,0,0,0,2025/01/20 17:03:20
月間,202501,策定,本四連系線,2025/02/15,昼間帯,順方向,820,820,0,0,0,0,820,周波数（作業）,0,0,0,0,2025/01/20 17:03:20
月間,202501,策定,本四連系線,2025/02/15,昼間帯,逆方向,-1200,-1200,0,0,0,0,-1200,熱容量（作業）,0,0,0,0,2025/01/20 17:03:20
月間,202501,策定,本四連系線,2025/02/15,夜間帯,順方向,1010,1010,0,0,0,0,1010,周波数（作業）,0,0,0,0,2025/01/20 17:03:20
月間,202501,策定,本四連系線,2025/02/15,夜間帯,逆方向,-1200,-1200,0,0,0,0,-1200,熱容量（作業）,0,0,0,0,2025/01/20 17:03:20
月間,202501,策定,本四連系線,2025/02/16,昼間帯,順方向,820,820,0,0,0,0,820,周波数（作業）,0,0,0,0,2025/01/20 17:03:20
月間,202501,策定,本四連系線,2025/02/16,昼間帯,逆方向,-1200,-1200,0,0,0,0,-1200,熱容量（作業）,0,0,0,0,2025/01/20 17:03:20
月間,202501,策定,本四連系線,2025/02/16,夜間帯,順方向,1010,1010,0,0,0,0,1010,周波数（作業）,0,0,0,0,2025/01/20 17:03:20
月間,202501,策定,本四連系線,2025/02/16,夜間帯,逆方向,-1200,-1200,0,0,0,0,-1200,熱容量（作業）,0,0,0,0,2025/01/20 17:03:20
月間,202501,策定,本四連系線,2025/02/17,昼間帯,順方向,840,840,0,0,0,0,840,周波数（作業）,0,0,0,0,2025/01/20 17:03:20
月間,202501,策定,本四連系線,2025/02/17,昼間帯,逆方向,-1200,-1200,0,0,0,0,-1200,熱容量（作業）,0,0,0,0,2025/01/20 17:03:20
月間,202501,策定,本四連系線,2025/02/17,夜間帯,順方向,1010,1010,0,0,0,0,1010,周波数（作業）,0,0,0,0,2025/01/20 17:03:20
月間,202501,策定,本四連系線,2025/02/17,夜間帯,逆方向,-1200,-1200,0,0,0,0,-1200,熱容量（作業）,0,0,0,0,2025/01/20 17:03:20
月間,202501,策定,本四連系線,2025/02/18,昼間帯,順方向,840,840,0,0,0,0,840,周波数（作業）,0,0,0,0,2025/01/20 17:03:20
月間,202501,策定,本四連系線,2025/02/18,昼間帯,逆方向,-1200,-1200,0,0,0,0,-1200,熱容量（作業）,0,0,0,0,2025/01/20 17:03:20
月間,202501,策定,本四連系線,2025/02/18,夜間帯,順方向,1050,1050,0,0,0,0,1050,周波数（作業）,0,0,0,0,2025/01/20 17:03:20
月間,202501,策定,本四連系線,2025/02/18,夜間帯,逆方向,-1200,-1200,0,0,0,0,-1200,熱容量（作業）,0,0,0,0,2025/01/20 17:03:20
月間,202501,策定,本四連系線,2025/02/19,昼間帯,順方向,840,840,0,0,0,0,840,周波数（作業）,0,0,0,0,2025/01/20 17:03:20
月間,202501,策定,本四連系線,2025/02/19,昼間帯,逆方向,-1200,-1200,0,0,0,0,-1200,熱容量（作業）,0,0,0,0,2025/01/20 17:03:20
月間,202501,策定,本四連系線,2025/02/19,夜間帯,順方向,1050,1050,0,0,0,0,1050,周波数（作業）,0,0,0,0,2025/01/20 17:03:20
月間,202501,策定,本四連系線,2025/02/19,夜間帯,逆方向,-1200,-1200,0,0,0,0,-1200,熱容量（作業）,0,0,0,0,2025/01/20 17:03:20
月間,202501,策定,本四連系線,2025/02/20,昼間帯,順方向,840,840,0,0,0,0,840,周波数（作業）,0,0,0,0,2025/01/20 17:03:20
月間,202501,策定,本四連系線,2025/02/20,昼間帯,逆方向,-1200,-1200,0,0,0,0,-1200,熱容量（作業）,0,0,0,0,2025/01/20 17:03:20
月間,202501,策定,本四連系線,2025/02/20,夜間帯,順方向,1050,1050,0,0,0,0,1050,周波数（作業）,0,0,0,0,2025/01/20 17:03:20
月間,202501,策定,本四連系線,2025/02/20,夜間帯,逆方向,-1200,-1200,0,0,0,0,-1200,熱容量（作業）,0,0,0,0,2025/01/20 17:03:20
月間,202501,策定,本四連系線,2025/02/21,昼間帯,順方向,840,840,0,0,0,0,840,周波数（作業）,0,0,0,0,2025/01/20 17:03:20
月間,202501,策定,本四連系線,2025/02/21,昼間帯,逆方向,-1200,-1200,0,0,0,0,-1200,熱容量（作業）,0,0,0,0,2025/01/20 17:03:20
月間,202501,策定,本四連系線,2025/02/21,夜間帯,順方向,1050,1050,0,0,0,0,1050,周波数（作業）,0,0,0,0,2025/01/20 17:03:20
月間,202501,策定,本四連系線,2025/02/21,夜間帯,逆方向,-1200,-1200,0,0,0,0,-1200,熱容量（作業）,0,0,0,0,2025/01/20 17:03:20
月間,202501,策定,本四連系線,2025/02/22,昼間帯,順方向,820,820,0,0,0,0,820,周波数（作業）,0,0,0,0,2025/01/20 17:03:20
月間,202501,策定,本四連系線,2025/02/22,昼間帯,逆方向,-1200,-1200,0,0,0,0,-1200,熱容量（作業）,0,0,0,0,2025/01/20 17:03:20
月間,202501,策定,本四連系線,2025/02/22,夜間帯,順方向,1010,1010,0,0,0,0,1010,周波数（作業）,0,0,0,0,2025/01/20 17:03:20
月間,202501,策定,本四連系線,2025/02/22,夜間帯,逆方向,-1200,-1200,0,0,0,0,-1200,熱容量（作業）,0,0,0,0,2025/01/20 17:03:20
月間,202501,策定,本四連系線,2025/02/23,昼間帯,順方向,820,820,0,0,0,0,820,周波数（作業）,0,0,0,0,2025/01/20 17:03:20
月間,202501,策定,本四連系線,2025/02/23,昼間帯,逆方向,-1200,-1200,0,0,0,0,-1200,熱容量（作業）,0,0,0,0,2025/01/20 17:03:20
月間,202501,策定,本四連系線,2025/02/23,夜間帯,順方向,1010,1010,0,0,0,0,1010,周波数（作業）,0,0,0,0,2025/01/20 17:03:20
月間,202501,策定,本四連系線,2025/02/23,夜間帯,逆方向,-1200,-1200,0,0,0,0,-1200,熱容量（作業）,0,0,0,0,2025/01/20 17:03:20
月間,202501,策定,本四連系線,2025/02/24,昼間帯,順方向,820,820,0,0,0,0,820,周波数（作業）,0,0,0,0,2025/01/20 17:03:20
月間,202501,策定,本四連系線,2025/02/24,昼間帯,逆方向,-1200,-1200,0,0,0,0,-1200,熱容量（作業）,0,0,0,0,2025/01/20 17:03:20
月間,202501,策定,本四連系線,2025/02/24,夜間帯,順方向,1010,1010,0,0,0,0,1010,周波数（作業）,0,0,0,0,2025/01/20 17:03:20
月間,202501,策定,本四連系線,2025/02/24,夜間帯,逆方向,-1200,-1200,0,0,0,0,-1200,熱容量（作業）,0,0,0,0,2025/01/20 17:03:20
月間,202501,策定,本四連系線,2025/02/25,昼間帯,順方向,840,840,0,0,0,0,840,周波数（作業）,0,0,0,0,2025/01/20 17:03:20
月間,202501,策定,本四連系線,2025/02/25,昼間帯,逆方向,-1200,-1200,0,0,0,0,-1200,熱容量（作業）,0,0,0,0,2025/01/20 17:03:20
月間,202501,策定,本四連系線,2025/02/25,夜間帯,順方向,1010,1010,0,0,0,0,1010,周波数（作業）,0,0,0,0,2025/01/20 17:03:20
月間,202501,策定,本四連系線,2025/02/25,夜間帯,逆方向,-1200,-1200,0,0,0,0,-1200,熱容量（作業）,0,0,0,0,2025/01/20 17:03:20
月間,202501,策定,本四連系線,2025/02/26,昼間帯,順方向,840,840,0,0,0,0,840,周波数（作業）,0,0,0,0,2025/01/20 17:03:20
月間,202501,策定,本四連系線,2025/02/26,昼間帯,逆方向,-1200,-1200,0,0,0,0,-1200,熱容量（作業）,0,0,0,0,2025/01/20 17:03:20
月間,202501,策定,本四連系線,2025/02/26,夜間帯,順方向,1050,1050,0,0,0,0,1050,周波数（作業）,0,0,0,0,2025/01/20 17:03:20
月間,202501,策定,本四連系線,2025/02/26,夜間帯,逆方向,-1200,-1200,0,0,0,0,-1200,熱容量（作業）,0,0,0,0,2025/01/20 17:03:20
月間,202501,策定,本四連系線,2025/02/27,昼間帯,順方向,840,840,0,0,0,0,840,周波数（作業）,0,0,0,0,2025/01/20 17:03:20
月間,202501,策定,本四連系線,2025/02/27,昼間帯,逆方向,-1200,-1200,0,0,0,0,-1200,熱容量（作業）,0,0,0,0,2025/01/20 17:03:20
月間,202501,策定,本四連系線,2025/02/27,夜間帯,順方向,1050,1050,0,0,0,0,1050,周波数（作業）,0,0,0,0,2025/01/20 17:03:20
月間,202501,策定,本四連系線,2025/02/27,夜間帯,逆方向,-1200,-1200,0,0,0,0,-1200,熱容量（作業）,0,0,0,0,2025/01/20 17:03:20
月間,202501,策定,本四連系線,2025/02/28,昼間帯,順方向,840,840,0,0,0,0,840,周波数（作業）,0,0,0,0,2025/01/20 17:03:20
月間,202501,策定,本四連系線,2025/02/28,昼間帯,逆方向,-1200,-1200,0,0,0,0,-1200,熱容量（作業）,0,0,0,0,2025/01/20 17:03:20
月間,202501,策定,本四連系線,2025/02/28,夜間帯,順方向,1050,1050,0,0,0,0,1050,周波数（作業）,0,0,0,0,2025/01/20 17:03:20
月間,202501,策定,本四連系線,2025/02/28,夜間帯,逆方向,-1200,-1200,0,0,0,0,-1200,熱容量（作業）,0,0,0,0,2025/01/20 17:03:20
月間,202412,策定,関門連系線,2025/02/01,昼間帯,順方向,70,70,0,0,0,0,70,周波数,0,0,0,0,2024/12/20 17:04:17
月間,202412,策定,関門連系線,2025/02/01,昼間帯,逆方向,-1990,-1990,0,0,0,0,-1990,周波数,0,0,0,0,2024/12/20 17:04:17
月間,202412,策定,関門連系線,2025/02/01,夜間帯,順方向,400,400,0,0,0,0,400,周波数,0,0,0,0,2024/12/20 17:04:17
月間,202412,策定,関門連系線,2025/02/01,夜間帯,逆方向,-1980,-1980,0,0,0,0,-1980,周波数,0,0,0,0,2024/12/20 17:04:17
月間,202412,策定,関門連系線,2025/02/02,昼間帯,順方向,70,70,0,0,0,0,70,周波数,0,0,0,0,2024/12/20 17:04:17
月間,202412,策定,関門連系線,2025/02/02,昼間帯,逆方向,-1990,-1990,0,0,0,0,-1990,周波数,0,0,0,0,2024/12/20 17:04:17
月間,202412,策定,関門連系線,2025/02/02,夜間帯,順方向,400,400,0,0,0,0,400,周波数,0,0,0,0,2024/12/20 17:04:17
月間,202412,策定,関門連系線,2025/02/02,夜間帯,逆方向,-1980,-1980,0,0,0,0,-1980,周波数,0,0,0,0,2024/12/20 17:04:17
月間,202412,策定,関門連系線,2025/02/03,昼間帯,順方向,170,170,0,0,0,0,170,周波数,0,0,0,0,2024/12/20 17:04:17
月間,202412,策定,関門連系線,2025/02/03,昼間帯,逆方向,-2470,-2470,0,0,0,0,-2470,周波数,0,0,0,0,2024/12/20 17:04:17
月間,202412,策定,関門連系線,2025/02/03,夜間帯,順方向,400,400,0,0,0,0,400,周波数,0,0,0,0,2024/12/20 17:04:17
月間,202412,策定,関門連系線,2025/02/03,夜間帯,逆方向,-1980,-1980,0,0,0,0,-1980,周波数,0,0,0,0,2024/12/20 17:04:17
月間,202412,策定,関門連系線,2025/02/04,昼間帯,順方向,170,170,0,0,0,0,170,周波数,0,0,0,0,2024/12/20 17:04:17
月間,202412,策定,関門連系線,2025/02/04,昼間帯,逆方向,-2470,-2470,0,0,0,0,-2470,周波数,0,0,0,0,2024/12/20 17:04:17
月間,202412,策定,関門連系線,2025/02/04,夜間帯,順方向,450,450,0,0,0,0,450,周波数,0,0,0,0,2024/12/20 17:04:17
月間,202412,策定,関門連系線,2025/02/04,夜間帯,逆方向,-2290,-2290,0,0,0,0,-2290,周波数,0,0,0,0,2024/12/20 17:04:17
月間,202412,策定,関門連系線,2025/02/05,昼間帯,順方向,170,170,0,0,0,0,170,周波数,0,0,0,0,2024/12/20 17:04:17
月間,202412,策定,関門連系線,2025/02/05,昼間帯,逆方向,-2470,-2470,0,0,0,0,-2470,周波数,0,0,0,0,2024/12/20 17:04:17
月間,202412,策定,関門連系線,2025/02/05,夜間帯,順方向,450,450,0,0,0,0,450,周波数,0,0,0,0,2024/12/20 17:04:17
月間,202412,策定,関門連系線,2025/02/05,夜間帯,逆方向,-2290,-2290,0,0,0,0,-2290,周波数,0,0,0,0,2024/12/20 17:04:17
月間,202412,策定,関門連系線,2025/02/06,昼間帯,順方向,170,170,0,0,0,0,170,周波数,0,0,0,0,2024/12/20 17:04:17
月間,202412,策定,関門連系線,2025/02/06,昼間帯,逆方向,-2470,-2470,0,0,0,0,-2470,周波数,0,0,0,0,2024/12/20 17:04:17
月間,202412,策定,関門連系線,2025/02/06,夜間帯,順方向,450,450,0,0,0,0,450,周波数,0,0,0,0,2024/12/20 17:04:17
月間,202412,策定,関門連系線,2025/02/06,夜間帯,逆方向,-2290,-2290,0,0,0,0,-2290,周波数,0,0,0,0,2024/12/20 17:04:17
月間,202412,策定,関門連系線,2025/02/07,昼間帯,順方向,170,170,0,0,0,0,170,周波数,0,0,0,0,2024/12/20 17:04:17
月間,202412,策定,関門連系線,2025/02/07,昼間帯,逆方向,-2470,-2470,0,0,0,0,-2470,周波数,0,0,0,0,2024/12/20 17:04:17
月間,202412,策定,関門連系線,2025/02/07,夜間帯,順方向,450,450,0,0,0,0,450,周波数,0,0,0,0,2024/12/20 17:04:17
月間,202412,策定,関門連系線,2025/02/07,夜間帯,逆方向,-2290,-2290,0,0,0,0,-2290,周波数,0,0,0,0,2024/12/20 17:04:17
月間,202412,策定,関門連系線,2025/02/08,昼間帯,順方向,70,70,0,0,0,0,70,周波数,0,0,0,0,2024/12/20 17:04:17
月間,202412,策定,関門連系線,2025/02/08,昼間帯,逆方向,-1990,-1990,0,0,0,0,-1990,周波数,0,0,0,0,2024/12/20 17:04:17
月間,202412,策定,関門連系線,2025/02/08,夜間帯,順方向,400,400,0,0,0,0,400,周波数,0,0,0,0,2024/12/20 17:04:17
月間,202412,策定,関門連系線,2025/02/08,夜間帯,逆方向,-1980,-1980,0,0,0,0,-1980,周波数,0,0,0,0,2024/12/20 17:04:17
月間,202412,策定,関門連系線,2025/02/09,昼間帯,順方向,70,70,0,0,0,0,70,周波数,0,0,0,0,2024/12/20 17:04:17
月間,202412,策定,関門連系線,2025/02/09,昼間帯,逆方向,-1990,-1990,0,0,0,0,-1990,周波数,0,0,0,0,2024/12/20 17:04:17
月間,202412,策定,関門連系線,2025/02/09,夜間帯,順方向,400,400,0,0,0,0,400,周波数,0,0,0,0,2024/12/20 17:04:17
月間,202412,策定,関門連系線,2025/02/09,夜間帯,逆方向,-1980,-1980,0,0,0,0,-1980,周波数,0,0,0,0,2024/12/20 17:04:17
月間,202412,策定,関門連系線,2025/02/10,昼間帯,順方向,170,170,0,0,0,0,170,周波数,0,0,0,0,2024/12/20 17:04:17
月間,202412,策定,関門連系線,2025/02/10,昼間帯,逆方向,-2470,-2470,0,0,0,0,-2470,周波数,0,0,0,0,2024/12/20 17:04:17
月間,202412,策定,関門連系線,2025/02/10,夜間帯,順方向,400,400,0,0,0,0,400,周波数,0,0,0,0,2024/12/20 17:04:17
月間,202412,策定,関門連系線,2025/02/10,夜間帯,逆方向,-1980,-1980,0,0,0,0,-1980,周波数,0,0,0,0,2024/12/20 17:04:17
月間,202412,策定,関門連系線,2025/02/11,昼間帯,順方向,70,70,0,0,0,0,70,周波数,0,0,0,0,2024/12/20 17:04:17
月間,202412,策定,関門連系線,2025/02/11,昼間帯,逆方向,-1990,-1990,0,0,0,0,-1990,周波数,0,0,0,0,2024/12/20 17:04:17
月間,202412,策定,関門連系線,2025/02/11,夜間帯,順方向,400,400,0,0,0,0,400,周波数,0,0,0,0,2024/12/20 17:04:17
月間,202412,策定,関門連系線,2025/02/11,夜間帯,逆方向,-1980,-1980,0,0,0,0,-1980,周波数,0,0,0,0,2024/12/20 17:04:17
月間,202412,策定,関門連系線,2025/02/12,昼間帯,順方向,170,170,0,0,0,0,170,周波数,0,0,0,0,2024/12/20 17:04:17
月間,202412,策定,関門連系線,2025/02/12,昼間帯,逆方向,-2470,-2470,0,0,0,0,-2470,周波数,0,0,0,0,2024/12/20 17:04:17
月間,202412,策定,関門連系線,2025/02/12,夜間帯,順方向,400,400,0,0,0,0,400,周波数,0,0,0,0,2024/12/20 17:04:17
月間,202412,策定,関門連系線,2025/02/12,夜間帯,逆方向,-1980,-1980,0,0,0,0,-1980,周波数,0,0,0,0,2024/12/20 17:04:17
月間,202412,策定,関門連系線,2025/02/13,昼間帯,順方向,170,170,0,0,0,0,170,周波数,0,0,0,0,2024/12/20 17:04:17
月間,202412,策定,関門連系線,2025/02/13,昼間帯,逆方向,-2470,-2470,0,0,0,0,-2470,周波数,0,0,0,0,2024/12/20 17:04:17
月間,202412,策定,関門連系線,2025/02/13,夜間帯,順方向,450,450,0,0,0,0,450,周波数,0,0,0,0,2024/12/20 17:04:17
月間,202412,策定,関門連系線,2025/02/13,夜間帯,逆方向,-2290,-2290,0,0,0,0,-2290,周波数,0,0,0,0,2024/12/20 17:04:17
月間,202412,策定,関門連系線,2025/02/14,昼間帯,順方向,170,170,0,0,0,0,170,周波数,0,0,0,0,2024/12/20 17:04:17
月間,202412,策定,関門連系線,2025/02/14,昼間帯,逆方向,-2470,-2470,0,0,0,0,-2470,周波数,0,0,0,0,2024/12/20 17:04:17
月間,202412,策定,関門連系線,2025/02/14,夜間帯,順方向,450,450,0,0,0,0,450,周波数,0,0,0,0,2024/12/20 17:04:17
月間,202412,策定,関門連系線,2025/02/14,夜間帯,逆方向,-2290,-2290,0,0,0,0,-2290,周波数,0,0,0,0,2024/12/20 17:04:17
月間,202412,策定,関門連系線,2025/02/15,昼間帯,順方向,70,70,0,0,0,0,70,周波数,0,0,0,0,2024/12/20 17:04:17
月間,202412,策定,関門連系線,2025/02/15,昼間帯,逆方向,-1990,-1990,0,0,0,0,-1990,周波数,0,0,0,0,2024/12/20 17:04:17
月間,202412,策定,関門連系線,2025/02/15,夜間帯,順方向,400,400,0,0,0,0,400,周波数,0,0,0,0,2024/12/20 17:04:17
月間,202412,策定,関門連系線,2025/02/15,夜間帯,逆方向,-1980,-1980,0,0,0,0,-1980,周波数,0,0,0,0,2024/12/20 17:04:17
月間,202412,策定,関門連系線,2025/02/16,昼間帯,順方向,70,70,0,0,0,0,70,周波数,0,0,0,0,2024/12/20 17:04:17
月間,202412,策定,関門連系線,2025/02/16,昼間帯,逆方向,-1990,-1990,0,0,0,0,-1990,周波数,0,0,0,0,2024/12/20 17:04:17
月間,202412,策定,関門連系線,2025/02/16,夜間帯,順方向,400,400,0,0,0,0,400,周波数,0,0,0,0,2024/12/20 17:04:17
月間,202412,策定,関門連系線,2025/02/16,夜間帯,逆方向,-1980,-1980,0,0,0,0,-1980,周波数,0,0,0,0,2024/12/20 17:04:17
月間,202412,策定,関門連系線,2025/02/17,昼間帯,順方向,170,170,0,0,0,0,170,周波数,0,0,0,0,2024/12/20 17:04:17
月間,202412,策定,関門連系線,2025/02/17,昼間帯,逆方向,-2470,-2470,0,0,0,0,-2470,周波数,0,0,0,0,2024/12/20 17:04:17
月間,202412,策定,関門連系線,2025/02/17,夜間帯,順方向,400,400,0,0,0,0,400,周波数,0,0,0,0,2024/12/20 17:04:17
月間,202412,策定,関門連系線,2025/02/17,夜間帯,逆方向,-1980,-1980,0,0,0,0,-1980,周波数,0,0,0,0,2024/12/20 17:04:17
月間,202412,策定,関門連系線,2025/02/18,昼間帯,順方向,170,170,0,0,0,0,170,周波数,0,0,0,0,2024/12/20 17:04:17
月間,202412,策定,関門連系線,2025/02/18,昼間帯,逆方向,-2470,-2470,0,0,0,0,-2470,周波数,0,0,0,0,2024/12/20 17:04:17
月間,202412,策定,関門連系線,2025/02/18,夜間帯,順方向,450,450,0,0,0,0,450,周波数,0,0,0,0,2024/12/20 17:04:17
月間,202412,策定,関門連系線,2025/02/18,夜間帯,逆方向,-2290,-2290,0,0,0,0,-2290,周波数,0,0,0,0,2024/12/20 17:04:17
月間,202412,策定,関門連系線,2025/02/19,昼間帯,順方向,170,170,0,0,0,0,170,周波数,0,0,0,0,2024/12/20 17:04:17
月間,202412,策定,関門連系線,2025/02/19,昼間帯,逆方向,-2470,-2470,0,0,0,0,-2470,周波数,0,0,0,0,2024/12/20 17:04:17
月間,202412,策定,関門連系線,2025/02/19,夜間帯,順方向,450,450,0,0,0,0,450,周波数,0,0,0,0,2024/12/20 17:04:17
月間,202412,策定,関門連系線,2025/02/19,夜間帯,逆方向,-2290,-2290,0,0,0,0,-2290,周波数,0,0,0,0,2024/12/20 17:04:17
月間,202412,策定,関門連系線,2025/02/20,昼間帯,順方向,170,170,0,0,0,0,170,周波数,0,0,0,0,2024/12/20 17:04:17
月間,202412,策定,関門連系線,2025/02/20,昼間帯,逆方向,-2470,-2470,0,0,0,0,-2470,周波数,0,0,0,0,2024/12/20 17:04:17
月間,202412,策定,関門連系線,2025/02/20,夜間帯,順方向,450,450,0,0,0,0,450,周波数,0,0,0,0,2024/12/20 17:04:17
月間,202412,策定,関門連系線,2025/02/20,夜間帯,逆方向,-2290,-2290,0,0,0,0,-2290,周波数,0,0,0,0,2024/12/20 17:04:17
月間,202412,策定,関門連系線,2025/02/21,昼間帯,順方向,170,170,0,0,0,0,170,周波数,0,0,0,0,2024/12/20 17:04:17
月間,202412,策定,関門連系線,2025/02/21,昼間帯,逆方向,-2470,-2470,0,0,0,0,-2470,周波数,0,0,0,0,2024/12/20 17:04:17
月間,202412,策定,関門連系線,2025/02/21,夜間帯,順方向,450,450,0,0,0,0,450,周波数,0,0,0,0,2024/12/20 17:04:17
月間,202412,策定,関門連系線,2025/02/21,夜間帯,逆方向,-2290,-2290,0,0,0,0,-2290,周波数,0,0,0,0,2024/12/20 17:04:17
月間,202412,策定,関門連系線,2025/02/22,昼間帯,順方向,70,70,0,0,0,0,70,周波数,0,0,0,0,2024/12/20 17:04:17
月間,202412,策定,関門連系線,2025/02/22,昼間帯,逆方向,-1990,-1990,0,0,0,0,-1990,周波数,0,0,0,0,2024/12/20 17:04:17
月間,202412,策定,関門連系線,2025/02/22,夜間帯,順方向,400,400,0,0,0,0,400,周波数,0,0,0,0,2024/12/20 17:04:17
月間,202412,策定,関門連系線,2025/02/22,夜間帯,逆方向,-1980,-1980,0,0,0,0,-1980,周波数,0,0,0,0,2024/12/20 17:04:17
月間,202412,策定,関門連系線,2025/02/23,昼間帯,順方向,70,70,0,0,0,0,70,周波数,0,0,0,0,2024/12/20 17:04:17
月間,202412,策定,関門連系線,2025/02/23,昼間帯,逆方向,-1990,-1990,0,0,0,0,-1990,周波数,0,0,0,0,2024/12/20 17:04:17
月間,202412,策定,関門連系線,2025/02/23,夜間帯,順方向,400,400,0,0,0,0,400,周波数,0,0,0,0,2024/12/20 17:04:17
月間,202412,策定,関門連系線,2025/02/23,夜間帯,逆方向,-1980,-1980,0,0,0,0,-1980,周波数,0,0,0,0,2024/12/20 17:04:17
月間,202412,策定,関門連系線,2025/02/24,昼間帯,順方向,70,70,0,0,0,0,70,周波数,0,0,0,0,2024/12/20 17:04:17
月間,202412,策定,関門連系線,2025/02/24,昼間帯,逆方向,-1990,-1990,0,0,0,0,-1990,周波数,0,0,0,0,2024/12/20 17:04:17
月間,202412,策定,関門連系線,2025/02/24,夜間帯,順方向,400,400,0,0,0,0,400,周波数,0,0,0,0,2024/12/20 17:04:17
月間,202412,策定,関門連系線,2025/02/24,夜間帯,逆方向,-1980,-1980,0,0,0,0,-1980,周波数,0,0,0,0,2024/12/20 17:04:17
月間,202412,策定,関門連系線,2025/02/25,昼間帯,順方向,170,170,0,0,0,0,170,周波数,0,0,0,0,2024/12/20 17:04:17
月間,202412,策定,関門連系線,2025/02/25,昼間帯,逆方向,-2470,-2470,0,0,0,0,-2470,周波数,0,0,0,0,2024/12/20 17:04:17
月間,202412,策定,関門連系線,2025/02/25,夜間帯,順方向,400,400,0,0,0,0,400,周波数,0,0,0,0,2024/12/20 17:04:17
月間,202412,策定,関門連系線,2025/02/25,夜間帯,逆方向,-1980,-1980,0,0,0,0,-1980,周波数,0,0,0,0,2024/12/20 17:04:17
月間,202412,策定,関門連系線,2025/02/26,昼間帯,順方向,170,170,0,0,0,0,170,周波数,0,0,0,0,2024/12/20 17:04:17
月間,202412,策定,関門連系線,2025/02/26,昼間帯,逆方向,-2470,-2470,0,0,0,0,-2470,周波数,0,0,0,0,2024/12/20 17:04:17
月間,202412,策定,関門連系線,2025/02/26,夜間帯,順方向,450,450,0,0,0,0,450,周波数,0,0,0,0,2024/12/20 17:04:17
月間,202412,策定,関門連系線,2025/02/26,夜間帯,逆方向,-2290,-2290,0,0,0,0,-2290,周波数,0,0,0,0,2024/12/20 17:04:17
月間,202412,策定,関門連系線,2025/02/27,昼間帯,順方向,170,170,0,0,0,0,170,周波数,0,0,0,0,2024/12/20 17:04:17
月間,202412,策定,関門連系線,2025/02/27,昼間帯,逆方向,-2470,-2470,0,0,0,0,-2470,周波数,0,0,0,0,2024/12/20 17:04:17
月間,202412,策定,関門連系線,2025/02/27,夜間帯,順方向,450,450,0,0,0,0,450,周波数,0,0,0,0,2024/12/20 17:04:17
月間,202412,策定,関門連系線,2025/02/27,夜間帯,逆方向,-2290,-2290,0,0,0,0,-2290,周波数,0,0,0,0,2024/12/20 17:04:17
月間,202412,策定,関門連系線,2025/02/28,昼間帯,順方向,170,170,0,0,0,0,170,周波数,0,0,0,0,2024/12/20 17:04:17
月間,202412,策定,関門連系線,2025/02/28,昼間帯,逆方向,-2470,-2470,0,0,0,0,-2470,周波数,0,0,0,0,2024/12/20 17:04:17
月間,202412,策定,関門連系線,2025/02/28,夜間帯,順方向,450,450,0,0,0,0,450,周波数,0,0,0,0,2024/12/20 17:04:17
月間,202412,策定,関門連系線,2025/02/28,夜間帯,逆方向,-2290,-2290,0,0,0,0,-2290,周波数,0,0,0,0,2024/12/20 17:04:17
月間,202501,策定,関門連系線,2025/02/01,昼間帯,順方向,70,70,0,0,0,0,70,周波数,0,0,0,0,2025/01/20 17:03:20
月間,202501,策定,関門連系線,2025/02/01,昼間帯,逆方向,-1990,-1990,0,0,0,0,-1990,周波数,0,0,0,0,2025/01/20 17:03:20
月間,202501,策定,関門連系線,2025/02/01,夜間帯,順方向,400,400,0,0,0,0,400,周波数,0,0,0,0,2025/01/20 17:03:20
月間,202501,策定,関門連系線,2025/02/01,夜間帯,逆方向,-1980,-1980,0,0,0,0,-1980,周波数,0,0,0,0,2025/01/20 17:03:20
月間,202501,策定,関門連系線,2025/02/02,昼間帯,順方向,70,70,0,0,0,0,70,周波数,0,0,0,0,2025/01/20 17:03:20
月間,202501,策定,関門連系線,2025/02/02,昼間帯,逆方向,-1990,-1990,0,0,0,0,-1990,周波数,0,0,0,0,2025/01/20 17:03:20
月間,202501,策定,関門連系線,2025/02/02,夜間帯,順方向,400,400,0,0,0,0,400,周波数,0,0,0,0,2025/01/20 17:03:20
月間,202501,策定,関門連系線,2025/02/02,夜間帯,逆方向,-1980,-1980,0,0,0,0,-1980,周波数,0,0,0,0,2025/01/20 17:03:20
月間,202501,策定,関門連系線,2025/02/03,昼間帯,順方向,170,170,0,0,0,0,170,周波数,0,0,0,0,2025/01/20 17:03:20
月間,202501,策定,関門連系線,2025/02/03,昼間帯,逆方向,-2470,-2470,0,0,0,0,-2470,周波数,0,0,0,0,2025/01/20 17:03:20
月間,202501,策定,関門連系線,2025/02/03,夜間帯,順方向,400,400,0,0,0,0,400,周波数,0,0,0,0,2025/01/20 17:03:20
月間,202501,策定,関門連系線,2025/02/03,夜間帯,逆方向,-1980,-1980,0,0,0,0,-1980,周波数,0,0,0,0,2025/01/20 17:03:20
月間,202501,策定,関門連系線,2025/02/04,昼間帯,順方向,170,170,0,0,0,0,170,周波数,0,0,0,0,2025/01/20 17:03:20
月間,202501,策定,関門連系線,2025/02/04,昼間帯,逆方向,-2470,-2470,0,0,0,0,-2470,周波数,0,0,0,0,2025/01/20 17:03:20
月間,202501,策定,関門連系線,2025/02/04,夜間帯,順方向,450,450,0,0,0,0,450,周波数,0,0,0,0,2025/01/20 17:03:20
月間,202501,策定,関門連系線,2025/02/04,夜間帯,逆方向,-2290,-2290,0,0,0,0,-2290,周波数,0,0,0,0,2025/01/20 17:03:20
月間,202501,策定,関門連系線,2025/02/05,昼間帯,順方向,170,170,0,0,0,0,170,周波数,0,0,0,0,2025/01/20 17:03:20
月間,202501,策定,関門連系線,2025/02/05,昼間帯,逆方向,-2470,-2470,0,0,0,0,-2470,周波数,0,0,0,0,2025/01/20 17:03:20
月間,202501,策定,関門連系線,2025/02/05,夜間帯,順方向,450,450,0,0,0,0,450,周波数,0,0,0,0,2025/01/20 17:03:20
月間,202501,策定,関門連系線,2025/02/05,夜間帯,逆方向,-2290,-2290,0,0,0,0,-2290,周波数,0,0,0,0,2025/01/20 17:03:20
月間,202501,策定,関門連系線,2025/02/06,昼間帯,順方向,170,170,0,0,0,0,170,周波数,0,0,0,0,2025/01/20 17:03:20
月間,202501,策定,関門連系線,2025/02/06,昼間帯,逆方向,-2470,-2470,0,0,0,0,-2470,周波数,0,0,0,0,2025/01/20 17:03:20
月間,202501,策定,関門連系線,2025/02/06,夜間帯,順方向,450,450,0,0,0,0,450,周波数,0,0,0,0,2025/01/20 17:03:20
月間,202501,策定,関門連系線,2025/02/06,夜間帯,逆方向,-2290,-2290,0,0,0,0,-2290,周波数,0,0,0,0,2025/01/20 17:03:20
月間,202501,策定,関門連系線,2025/02/07,昼間帯,順方向,170,170,0,0,0,0,170,周波数,0,0,0,0,2025/01/20 17:03:20
月間,202501,策定,関門連系線,2025/02/07,昼間帯,逆方向,-2470,-2470,0,0,0,0,-2470,周波数,0,0,0,0,2025/01/20 17:03:20
月間,202501,策定,関門連系線,2025/02/07,夜間帯,順方向,450,450,0,0,0,0,450,周波数,0,0,0,0,2025/01/20 17:03:20
月間,202501,策定,関門連系線,2025/02/07,夜間帯,逆方向,-2290,-2290,0,0,0,0,-2290,周波数,0,0,0,0,2025/01/20 17:03:20
月間,202501,策定,関門連系線,2025/02/08,昼間帯,順方向,70,70,0,0,0,0,70,周波数,0,0,0,0,2025/01/20 17:03:20
月間,202501,策定,関門連系線,2025/02/08,昼間帯,逆方向,-1990,-1990,0,0,0,0,-1990,周波数,0,0,0,0,2025/01/20 17:03:20
月間,202501,策定,関門連系線,2025/02/08,夜間帯,順方向,400,400,0,0,0,0,400,周波数,0,0,0,0,2025/01/20 17:03:20
月間,202501,策定,関門連系線,2025/02/08,夜間帯,逆方向,-1980,-1980,0,0,0,0,-1980,周波数,0,0,0,0,2025/01/20 17:03:20
月間,202501,策定,関門連系線,2025/02/09,昼間帯,順方向,70,70,0,0,0,0,70,周波数,0,0,0,0,2025/01/20 17:03:20
月間,202501,策定,関門連系線,2025/02/09,昼間帯,逆方向,-1990,-1990,0,0,0,0,-1990,周波数,0,0,0,0,2025/01/20 17:03:20
月間,202501,策定,関門連系線,2025/02/09,夜間帯,順方向,400,400,0,0,0,0,400,周波数,0,0,0,0,2025/01/20 17:03:20
月間,202501,策定,関門連系線,2025/02/09,夜間帯,逆方向,-1980,-1980,0,0,0,0,-1980,周波数,0,0,0,0,2025/01/20 17:03:20
月間,202501,策定,関門連系線,2025/02/10,昼間帯,順方向,170,170,0,0,0,0,170,周波数,0,0,0,0,2025/01/20 17:03:20
月間,202501,策定,関門連系線,2025/02/10,昼間帯,逆方向,-2470,-2470,0,0,0,0,-2470,周波数,0,0,0,0,2025/01/20 17:03:20
月間,202501,策定,関門連系線,2025/02/10,夜間帯,順方向,400,400,0,0,0,0,400,周波数,0,0,0,0,2025/01/20 17:03:20
月間,202501,策定,関門連系線,2025/02/10,夜間帯,逆方向,-1980,-1980,0,0,0,0,-1980,周波数,0,0,0,0,2025/01/20 17:03:20
月間,202501,策定,関門連系線,2025/02/11,昼間帯,順方向,70,70,0,0,0,0,70,周波数,0,0,0,0,2025/01/20 17:03:20
月間,202501,策定,関門連系線,2025/02/11,昼間帯,逆方向,-1990,-1990,0,0,0,0,-1990,周波数,0,0,0,0,2025/01/20 17:03:20
月間,202501,策定,関門連系線,2025/02/11,夜間帯,順方向,400,400,0,0,0,0,400,周波数,0,0,0,0,2025/01/20 17:03:20
月間,202501,策定,関門連系線,2025/02/11,夜間帯,逆方向,-1980,-1980,0,0,0,0,-1980,周波数,0,0,0,0,2025/01/20 17:03:20
月間,202501,策定,関門連系線,2025/02/12,昼間帯,順方向,170,170,0,0,0,0,170,周波数,0,0,0,0,2025/01/20 17:03:20
月間,202501,策定,関門連系線,2025/02/12,昼間帯,逆方向,-2470,-2470,0,0,0,0,-2470,周波数,0,0,0,0,2025/01/20 17:03:20
月間,202501,策定,関門連系線,2025/02/12,夜間帯,順方向,400,400,0,0,0,0,400,周波数,0,0,0,0,2025/01/20 17:03:20
月間,202501,策定,関門連系線,2025/02/12,夜間帯,逆方向,-1980,-1980,0,0,0,0,-1980,周波数,0,0,0,0,2025/01/20 17:03:20
月間,202501,策定,関門連系線,2025/02/13,昼間帯,順方向,170,170,0,0,0,0,170,周波数,0,0,0,0,2025/01/20 17:03:20
月間,202501,策定,関門連系線,2025/02/13,昼間帯,逆方向,-2470,-2470,0,0,0,0,-2470,周波数,0,0,0,0,2025/01/20 17:03:20
月間,202501,策定,関門連系線,2025/02/13,夜間帯,順方向,450,450,0,0,0,0,450,周波数,0,0,0,0,2025/01/20 17:03:20
月間,202501,策定,関門連系線,2025/02/13,夜間帯,逆方向,-2290,-2290,0,0,0,0,-2290,周波数,0,0,0,0,2025/01/20 17:03:20
月間,202501,策定,関門連系線,2025/02/14,昼間帯,順方向,170,170,0,0,0,0,170,周波数,0,0,0,0,2025/01/20 17:03:20
月間,202501,策定,関門連系線,2025/02/14,昼間帯,逆方向,-2470,-2470,0,0,0,0,-2470,周波数,0,0,0,0,2025/01/20 17:03:20
月間,202501,策定,関門連系線,2025/02/14,夜間帯,順方向,450,450,0,0,0,0,450,周波数,0,0,0,0,2025/01/20 17:03:20
月間,202501,策定,関門連系線,2025/02/14,夜間帯,逆方向,-2290,-2290,0,0,0,0,-2290,周波数,0,0,0,0,2025/01/20 17:03:20
月間,202501,策定,関門連系線,2025/02/15,昼間帯,順方向,70,70,0,0,0,0,70,周波数,0,0,0,0,2025/01/20 17:03:20
月間,202501,策定,関門連系線,2025/02/15,昼間帯,逆方向,-1990,-1990,0,0,0,0,-1990,周波数,0,0,0,0,2025/01/20 17:03:20
月間,202501,策定,関門連系線,2025/02/15,夜間帯,順方向,400,400,0,0,0,0,400,周波数,0,0,0,0,2025/01/20 17:03:20
月間,202501,策定,関門連系線,2025/02/15,夜間帯,逆方向,-1980,-1980,0,0,0,0,-1980,周波数,0,0,0,0,2025/01/20 17:03:20
月間,202501,策定,関門連系線,2025/02/16,昼間帯,順方向,70,70,0,0,0,0,70,周波数,0,0,0,0,2025/01/20 17:03:20
月間,202501,策定,関門連系線,2025/02/16,昼間帯,逆方向,-1990,-1990,0,0,0,0,-1990,周波数,0,0,0,0,2025/01/20 17:03:20
月間,202501,策定,関門連系線,2025/02/16,夜間帯,順方向,400,400,0,0,0,0,400,周波数,0,0,0,0,2025/01/20 17:03:20
月間,202501,策定,関門連系線,2025/02/16,夜間帯,逆方向,-1980,-1980,0,0,0,0,-1980,周波数,0,0,0,0,2025/01/20 17:03:20
月間,202501,策定,関門連系線,2025/02/17,昼間帯,順方向,170,170,0,0,0,0,170,周波数,0,0,0,0,2025/01/20 17:03:20
月間,202501,策定,関門連系線,2025/02/17,昼間帯,逆方向,-2470,-2470,0,0,0,0,-2470,周波数,0,0,0,0,2025/01/20 17:03:20
月間,202501,策定,関門連系線,2025/02/17,夜間帯,順方向,400,400,0,0,0,0,400,周波数,0,0,0,0,2025/01/20 17:03:20
月間,202501,策定,関門連系線,2025/02/17,夜間帯,逆方向,-1980,-1980,0,0,0,0,-1980,周波数,0,0,0,0,2025/01/20 17:03:20
月間,202501,策定,関門連系線,2025/02/18,昼間帯,順方向,170,170,0,0,0,0,170,周波数,0,0,0,0,2025/01/20 17:03:20
月間,202501,策定,関門連系線,2025/02/18,昼間帯,逆方向,-2470,-2470,0,0,0,0,-2470,周波数,0,0,0,0,2025/01/20 17:03:20
月間,202501,策定,関門連系線,2025/02/18,夜間帯,順方向,450,450,0,0,0,0,450,周波数,0,0,0,0,2025/01/20 17:03:20
月間,202501,策定,関門連系線,2025/02/18,夜間帯,逆方向,-2290,-2290,0,0,0,0,-2290,周波数,0,0,0,0,2025/01/20 17:03:20
月間,202501,策定,関門連系線,2025/02/19,昼間帯,順方向,170,170,0,0,0,0,170,周波数,0,0,0,0,2025/01/20 17:03:20
月間,202501,策定,関門連系線,2025/02/19,昼間帯,逆方向,-2470,-2470,0,0,0,0,-2470,周波数,0,0,0,0,2025/01/20 17:03:20
月間,202501,策定,関門連系線,2025/02/19,夜間帯,順方向,450,450,0,0,0,0,450,周波数,0,0,0,0,2025/01/20 17:03:20
月間,202501,策定,関門連系線,2025/02/19,夜間帯,逆方向,-2290,-2290,0,0,0,0,-2290,周波数,0,0,0,0,2025/01/20 17:03:20
月間,202501,策定,関門連系線,2025/02/20,昼間帯,順方向,170,170,0,0,0,0,170,周波数,0,0,0,0,2025/01/20 17:03:20
月間,202501,策定,関門連系線,2025/02/20,昼間帯,逆方向,-2470,-2470,0,0,0,0,-2470,周波数,0,0,0,0,2025/01/20 17:03:20
月間,202501,策定,関門連系線,2025/02/20,夜間帯,順方向,450,450,0,0,0,0,450,周波数,0,0,0,0,2025/01/20 17:03:20
月間,202501,策定,関門連系線,2025/02/20,夜間帯,逆方向,-2290,-2290,0,0,0,0,-2290,周波数,0,0,0,0,2025/01/20 17:03:20
月間,202501,策定,関門連系線,2025/02/21,昼間帯,順方向,170,170,0,0,0,0,170,周波数,0,0,0,0,2025/01/20 17:03:20
月間,202501,策定,関門連系線,2025/02/21,昼間帯,逆方向,-2470,-2470,0,0,0,0,-2470,周波数,0,0,0,0,2025/01/20 17:03:20
月間,202501,策定,関門連系線,2025/02/21,夜間帯,順方向,450,450,0,0,0,0,450,周波数,0,0,0,0,2025/01/20 17:03:20
月間,202501,策定,関門連系線,2025/02/21,夜間帯,逆方向,-2290,-2290,0,0,0,0,-2290,周波数,0,0,0,0,2025/01/20 17:03:20
月間,202501,策定,関門連系線,2025/02/22,昼間帯,順方向,70,70,0,0,0,0,70,周波数,0,0,0,0,2025/01/20 17:03:20
月間,202501,策定,関門連系線,2025/02/22,昼間帯,逆方向,-1990,-1990,0,0,0,0,-1990,周波数,0,0,0,0,2025/01/20 17:03:20
月間,202501,策定,関門連系線,2025/02/22,夜間帯,順方向,400,400,0,0,0,0,400,周波数,0,0,0,0,2025/01/20 17:03:20
月間,202501,策定,関門連系線,2025/02/22,夜間帯,逆方向,-1980,-1980,0,0,0,0,-1980,周波数,0,0,0,0,2025/01/20 17:03:20
月間,202501,策定,関門連系線,2025/02/23,昼間帯,順方向,70,70,0,0,0,0,70,周波数,0,0,0,0,2025/01/20 17:03:20
月間,202501,策定,関門連系線,2025/02/23,昼間帯,逆方向,-1990,-1990,0,0,0,0,-1990,周波数,0,0,0,0,2025/01/20 17:03:20
月間,202501,策定,関門連系線,2025/02/23,夜間帯,順方向,400,400,0,0,0,0,400,周波数,0,0,0,0,2025/01/20 17:03:20
月間,202501,策定,関門連系線,2025/02/23,夜間帯,逆方向,-1980,-1980,0,0,0,0,-1980,周波数,0,0,0,0,2025/01/20 17:03:20
月間,202501,策定,関門連系線,2025/02/24,昼間帯,順方向,70,70,0,0,0,0,70,周波数,0,0,0,0,2025/01/20 17:03:20
月間,202501,策定,関門連系線,2025/02/24,昼間帯,逆方向,-1990,-1990,0,0,0,0,-1990,周波数,0,0,0,0,2025/01/20 17:03:20
月間,202501,策定,関門連系線,2025/02/24,夜間帯,順方向,400,400,0,0,0,0,400,周波数,0,0,0,0,2025/01/20 17:03:20
月間,202501,策定,関門連系線,2025/02/24,夜間帯,逆方向,-1980,-1980,0,0,0,0,-1980,周波数,0,0,0,0,2025/01/20 17:03:20
月間,202501,策定,関門連系線,2025/02/25,昼間帯,順方向,170,170,0,0,0,0,170,周波数,0,0,0,0,2025/01/20 17:03:20
月間,202501,策定,関門連系線,2025/02/25,昼間帯,逆方向,-2470,-2470,0,0,0,0,-2470,周波数,0,0,0,0,2025/01/20 17:03:20
月間,202501,策定,関門連系線,2025/02/25,夜間帯,順方向,400,400,0,0,0,0,400,周波数,0,0,0,0,2025/01/20 17:03:20
月間,202501,策定,関門連系線,2025/02/25,夜間帯,逆方向,-1980,-1980,0,0,0,0,-1980,周波数,0,0,0,0,2025/01/20 17:03:20
月間,202501,策定,関門連系線,2025/02/26,昼間帯,順方向,170,170,0,0,0,0,170,周波数,0,0,0,0,2025/01/20 17:03:20
月間,202501,策定,関門連系線,2025/02/26,昼間帯,逆方向,-2470,-2470,0,0,0,0,-2470,周波数,0,0,0,0,2025/01/20 17:03:20
月間,202501,策定,関門連系線,2025/02/26,夜間帯,順方向,450,450,0,0,0,0,450,周波数,0,0,0,0,2025/01/20 17:03:20
月間,202501,策定,関門連系線,2025/02/26,夜間帯,逆方向,-2290,-2290,0,0,0,0,-2290,周波数,0,0,0,0,2025/01/20 17:03:20
月間,202501,策定,関門連系線,2025/02/27,昼間帯,順方向,170,170,0,0,0,0,170,周波数,0,0,0,0,2025/01/20 17:03:20
月間,202501,策定,関門連系線,2025/02/27,昼間帯,逆方向,-2470,-2470,0,0,0,0,-2470,周波数,0,0,0,0,2025/01/20 17:03:20
月間,202501,策定,関門連系線,2025/02/27,夜間帯,順方向,450,450,0,0,0,0,450,周波数,0,0,0,0,2025/01/20 17:03:20
月間,202501,策定,関門連系線,2025/02/27,夜間帯,逆方向,-2290,-2290,0,0,0,0,-2290,周波数,0,0,0,0,2025/01/20 17:03:20
月間,202501,策定,関門連系線,2025/02/28,昼間帯,順方向,170,170,0,0,0,0,170,周波数,0,0,0,0,2025/01/20 17:03:20
月間,202501,策定,関門連系線,2025/02/28,昼間帯,逆方向,-2470,-2470,0,0,0,0,-2470,周波数,0,0,0,0,2025/01/20 17:03:20
月間,202501,策定,関門連系線,2025/02/28,夜間帯,順方向,450,450,0,0,0,0,450,周波数,0,0,0,0,2025/01/20 17:03:20
月間,202501,策定,関門連系線,2025/02/28,夜間帯,逆方向,-2290,-2290,0,0,0,0,-2290,周波数,0,0,0,0,2025/01/20 17:03:20
月間,202412,策定,北陸フェンス,2025/02/01,昼間帯,順方向,900,900,0,0,0,0,900,周波数,0,0,0,0,2024/12/20 17:04:17
月間,202412,策定,北陸フェンス,2025/02/01,昼間帯,逆方向,-1560,-1560,0,0,0,0,-1560,周波数,0,0,0,0,2024/12/20 17:04:17
月間,202412,策定,北陸フェンス,2025/02/01,夜間帯,順方向,900,900,0,0,0,0,900,周波数,0,0,0,0,2024/12/20 17:04:17
月間,202412,策定,北陸フェンス,2025/02/01,夜間帯,逆方向,-1900,-1900,0,0,0,0,-1900,安定度,0,0,0,0,2024/12/20 17:04:17
月間,202412,策定,北陸フェンス,2025/02/02,昼間帯,順方向,900,900,0,0,0,0,900,周波数,0,0,0,0,2024/12/20 17:04:17
月間,202412,策定,北陸フェンス,2025/02/02,昼間帯,逆方向,-1560,-1560,0,0,0,0,-1560,周波数,0,0,0,0,2024/12/20 17:04:17
月間,202412,策定,北陸フェンス,2025/02/02,夜間帯,順方向,900,900,0,0,0,0,900,周波数,0,0,0,0,2024/12/20 17:04:17
月間,202412,策定,北陸フェンス,2025/02/02,夜間帯,逆方向,-1900,-1900,0,0,0,0,-1900,安定度,0,0,0,0,2024/12/20 17:04:17
月間,202412,策定,北陸フェンス,2025/02/03,昼間帯,順方向,1090,1600,0,510,0,0,1600,周波数,0,0,0,0,2024/12/20 17:04:17
月間,202412,策定,北陸フェンス,2025/02/03,昼間帯,逆方向,-1900,-1900,0,0,0,0,-1900,安定度,0,0,0,0,2024/12/20 17:04:17
月間,202412,策定,北陸フェンス,2025/02/03,夜間帯,順方向,900,900,0,0,0,0,900,周波数,0,0,0,0,2024/12/20 17:04:17
月間,202412,策定,北陸フェンス,2025/02/03,夜間帯,逆方向,-1900,-1900,0,0,0,0,-1900,安定度,0,0,0,0,2024/12/20 17:04:17
月間,202412,策定,北陸フェンス,2025/02/04,昼間帯,順方向,1090,1600,0,510,0,0,1600,周波数,0,0,0,0,2024/12/20 17:04:17
月間,202412,策定,北陸フェンス,2025/02/04,昼間帯,逆方向,-1900,-1900,0,0,0,0,-1900,安定度,0,0,0,0,2024/12/20 17:04:17
月間,202412,策定,北陸フェンス,2025/02/04,夜間帯,順方向,900,900,0,0,0,0,900,周波数,0,0,0,0,2024/12/20 17:04:17
月間,202412,策定,北陸フェンス,2025/02/04,夜間帯,逆方向,-1900,-1900,0,0,0,0,-1900,安定度,0,0,0,0,2024/12/20 17:04:17
月間,202412,策定,北陸フェンス,2025/02/05,昼間帯,順方向,1090,1600,0,510,0,0,1600,周波数,0,0,0,0,2024/12/20 17:04:17
月間,202412,策定,北陸フェンス,2025/02/05,昼間帯,逆方向,-1900,-1900,0,0,0,0,-1900,安定度,0,0,0,0,2024/12/20 17:04:17
月間,202412,策定,北陸フェンス,2025/02/05,夜間帯,順方向,900,900,0,0,0,0,900,周波数,0,0,0,0,2024/12/20 17:04:17
月間,202412,策定,北陸フェンス,2025/02/05,夜間帯,逆方向,-1900,-1900,0,0,0,0,-1900,安定度,0,0,0,0,2024/12/20 17:04:17
月間,202412,策定,北陸フェンス,2025/02/06,昼間帯,順方向,1090,1600,0,510,0,0,1600,周波数,0,0,0,0,2024/12/20 17:04:17
月間,202412,策定,北陸フェンス,2025/02/06,昼間帯,逆方向,-1900,-1900,0,0,0,0,-1900,安定度,0,0,0,0,2024/12/20 17:04:17
月間,202412,策定,北陸フェンス,2025/02/06,夜間帯,順方向,900,900,0,0,0,0,900,周波数,0,0,0,0,2024/12/20 17:04:17
月間,202412,策定,北陸フェンス,2025/02/06,夜間帯,逆方向,-1900,-1900,0,0,0,0,-1900,安定度,0,0,0,0,2024/12/20 17:04:17
月間,202412,策定,北陸フェンス,2025/02/07,昼間帯,順方向,1090,1600,0,510,0,0,1600,周波数,0,0,0,0,2024/12/20 17:04:17
月間,202412,策定,北陸フェンス,2025/02/07,昼間帯,逆方向,-1900,-1900,0,0,0,0,-1900,安定度,0,0,0,0,2024/12/20 17:04:17
月間,202412,策定,北陸フェンス,2025/02/07,夜間帯,順方向,900,900,0,0,0,0,900,周波数,0,0,0,0,2024/12/20 17:04:17
月間,202412,策定,北陸フェンス,2025/02/07,夜間帯,逆方向,-1900,-1900,0,0,0,0,-1900,安定度,0,0,0,0,2024/12/20 17:04:17
月間,202412,策定,北陸フェンス,2025/02/08,昼間帯,順方向,900,900,0,0,0,0,900,周波数,0,0,0,0,2024/12/20 17:04:17
月間,202412,策定,北陸フェンス,2025/02/08,昼間帯,逆方向,-1560,-1560,0,0,0,0,-1560,周波数,0,0,0,0,2024/12/20 17:04:17
月間,202412,策定,北陸フェンス,2025/02/08,夜間帯,順方向,900,900,0,0,0,0,900,周波数,0,0,0,0,2024/12/20 17:04:17
月間,202412,策定,北陸フェンス,2025/02/08,夜間帯,逆方向,-1900,-1900,0,0,0,0,-1900,安定度,0,0,0,0,2024/12/20 17:04:17
月間,202412,策定,北陸フェンス,2025/02/09,昼間帯,順方向,900,900,0,0,0,0,900,周波数,0,0,0,0,2024/12/20 17:04:17
月間,202412,策定,北陸フェンス,2025/02/09,昼間帯,逆方向,-1560,-1560,0,0,0,0,-1560,周波数,0,0,0,0,2024/12/20 17:04:17
月間,202412,策定,北陸フェンス,2025/02/09,夜間帯,順方向,900,900,0,0,0,0,900,周波数,0,0,0,0,2024/12/20 17:04:17
月間,202412,策定,北陸フェンス,2025/02/09,夜間帯,逆方向,-1900,-1900,0,0,0,0,-1900,安定度,0,0,0,0,2024/12/20 17:04:17
月間,202412,策定,北陸フェンス,2025/02/10,昼間帯,順方向,1090,1600,0,510,0,0,1600,周波数,0,0,0,0,2024/12/20 17:04:17
月間,202412,策定,北陸フェンス,2025/02/10,昼間帯,逆方向,-1900,-1900,0,0,0,0,-1900,安定度,0,0,0,0,2024/12/20 17:04:17
月間,202412,策定,北陸フェンス,2025/02/10,夜間帯,順方向,900,900,0,0,0,0,900,周波数,0,0,0,0,2024/12/20 17:04:17
月間,202412,策定,北陸フェンス,2025/02/10,夜間帯,逆方向,-1900,-1900,0,0,0,0,-1900,安定度,0,0,0,0,2024/12/20 17:04:17
月間,202412,策定,北陸フェンス,2025/02/11,昼間帯,順方向,900,900,0,0,0,0,900,周波数,0,0,0,0,2024/12/20 17:04:17
月間,202412,策定,北陸フェンス,2025/02/11,昼間帯,逆方向,-1560,-1560,0,0,0,0,-1560,周波数,0,0,0,0,2024/12/20 17:04:17
月間,202412,策定,北陸フェンス,2025/02/11,夜間帯,順方向,900,900,0,0,0,0,900,周波数,0,0,0,0,2024/12/20 17:04:17
月間,202412,策定,北陸フェンス,2025/02/11,夜間帯,逆方向,-1900,-1900,0,0,0,0,-1900,安定度,0,0,0,0,2024/12/20 17:04:17
月間,202412,策定,北陸フェンス,2025/02/12,昼間帯,順方向,1090,1600,0,510,0,0,1600,周波数,0,0,0,0,2024/12/20 17:04:17
月間,202412,策定,北陸フェンス,2025/02/12,昼間帯,逆方向,-1900,-1900,0,0,0,0,-1900,安定度,0,0,0,0,2024/12/20 17:04:17
月間,202412,策定,北陸フェンス,2025/02/12,夜間帯,順方向,900,900,0,0,0,0,900,周波数,0,0,0,0,2024/12/20 17:04:17
月間,202412,策定,北陸フェンス,2025/02/12,夜間帯,逆方向,-1900,-1900,0,0,0,0,-1900,安定度,0,0,0,0,2024/12/20 17:04:17
月間,202412,策定,北陸フェンス,2025/02/13,昼間帯,順方向,1090,1600,0,510,0,0,1600,周波数,0,0,0,0,2024/12/20 17:04:17
月間,202412,策定,北陸フェンス,2025/02/13,昼間帯,逆方向,-1900,-1900,0,0,0,0,-1900,安定度,0,0,0,0,2024/12/20 17:04:17
月間,202412,策定,北陸フェンス,2025/02/13,夜間帯,順方向,900,900,0,0,0,0,900,周波数,0,0,0,0,2024/12/20 17:04:17
月間,202412,策定,北陸フェンス,2025/02/13,夜間帯,逆方向,-1900,-1900,0,0,0,0,-1900,安定度,0,0,0,0,2024/12/20 17:04:17
月間,202412,策定,北陸フェンス,2025/02/14,昼間帯,順方向,1090,1600,0,510,0,0,1600,周波数,0,0,0,0,2024/12/20 17:04:17
月間,202412,策定,北陸フェンス,2025/02/14,昼間帯,逆方向,-1900,-1900,0,0,0,0,-1900,安定度,0,0,0,0,2024/12/20 17:04:17
月間,202412,策定,北陸フェンス,2025/02/14,夜間帯,順方向,900,900,0,0,0,0,900,周波数,0,0,0,0,2024/12/20 17:04:17
月間,202412,策定,北陸フェンス,2025/02/14,夜間帯,逆方向,-1900,-1900,0,0,0,0,-1900,安定度,0,0,0,0,2024/12/20 17:04:17
月間,202412,策定,北陸フェンス,2025/02/15,昼間帯,順方向,900,900,0,0,0,0,900,周波数,0,0,0,0,2024/12/20 17:04:17
月間,202412,策定,北陸フェンス,2025/02/15,昼間帯,逆方向,-1560,-1560,0,0,0,0,-1560,周波数,0,0,0,0,2024/12/20 17:04:17
月間,202412,策定,北陸フェンス,2025/02/15,夜間帯,順方向,900,900,0,0,0,0,900,周波数,0,0,0,0,2024/12/20 17:04:17
月間,202412,策定,北陸フェンス,2025/02/15,夜間帯,逆方向,-1900,-1900,0,0,0,0,-1900,安定度,0,0,0,0,2024/12/20 17:04:17
月間,202412,策定,北陸フェンス,2025/02/16,昼間帯,順方向,900,900,0,0,0,0,900,周波数,0,0,0,0,2024/12/20 17:04:17
月間,202412,策定,北陸フェンス,2025/02/16,昼間帯,逆方向,-1560,-1560,0,0,0,0,-1560,周波数,0,0,0,0,2024/12/20 17:04:17
月間,202412,策定,北陸フェンス,2025/02/16,夜間帯,順方向,900,900,0,0,0,0,900,周波数,0,0,0,0,2024/12/20 17:04:17
月間,202412,策定,北陸フェンス,2025/02/16,夜間帯,逆方向,-1900,-1900,0,0,0,0,-1900,安定度,0,0,0,0,2024/12/20 17:04:17
月間,202412,策定,北陸フェンス,2025/02/17,昼間帯,順方向,1090,1600,0,510,0,0,1600,周波数,0,0,0,0,2024/12/20 17:04:17
月間,202412,策定,北陸フェンス,2025/02/17,昼間帯,逆方向,-1900,-1900,0,0,0,0,-1900,安定度,0,0,0,0,2024/12/20 17:04:17
月間,202412,策定,北陸フェンス,2025/02/17,夜間帯,順方向,900,900,0,0,0,0,900,周波数,0,0,0,0,2024/12/20 17:04:17
月間,202412,策定,北陸フェンス,2025/02/17,夜間帯,逆方向,-1900,-1900,0,0,0,0,-1900,安定度,0,0,0,0,2024/12/20 17:04:17
月間,202412,策定,北陸フェンス,2025/02/18,昼間帯,順方向,1090,1600,0,510,0,0,1600,周波数,0,0,0,0,2024/12/20 17:04:17
月間,202412,策定,北陸フェンス,2025/02/18,昼間帯,逆方向,-1900,-1900,0,0,0,0,-1900,安定度,0,0,0,0,2024/12/20 17:04:17
月間,202412,策定,北陸フェンス,2025/02/18,夜間帯,順方向,900,900,0,0,0,0,900,周波数,0,0,0,0,2024/12/20 17:04:17
月間,202412,策定,北陸フェンス,2025/02/18,夜間帯,逆方向,-1900,-1900,0,0,0,0,-1900,安定度,0,0,0,0,2024/12/20 17:04:17
月間,202412,策定,北陸フェンス,2025/02/19,昼間帯,順方向,1090,1600,0,510,0,0,1600,周波数,0,0,0,0,2024/12/20 17:04:17
月間,202412,策定,北陸フェンス,2025/02/19,昼間帯,逆方向,-1900,-1900,0,0,0,0,-1900,安定度,0,0,0,0,2024/12/20 17:04:17
月間,202412,策定,北陸フェンス,2025/02/19,夜間帯,順方向,900,900,0,0,0,0,900,周波数,0,0,0,0,2024/12/20 17:04:17
月間,202412,策定,北陸フェンス,2025/02/19,夜間帯,逆方向,-1900,-1900,0,0,0,0,-1900,安定度,0,0,0,0,2024/12/20 17:04:17
月間,202412,策定,北陸フェンス,2025/02/20,昼間帯,順方向,1090,1600,0,510,0,0,1600,周波数,0,0,0,0,2024/12/20 17:04:17
月間,202412,策定,北陸フェンス,2025/02/20,昼間帯,逆方向,-1900,-1900,0,0,0,0,-1900,安定度,0,0,0,0,2024/12/20 17:04:17
月間,202412,策定,北陸フェンス,2025/02/20,夜間帯,順方向,900,900,0,0,0,0,900,周波数,0,0,0,0,2024/12/20 17:04:17
月間,202412,策定,北陸フェンス,2025/02/20,夜間帯,逆方向,-1900,-1900,0,0,0,0,-1900,安定度,0,0,0,0,2024/12/20 17:04:17
月間,202412,策定,北陸フェンス,2025/02/21,昼間帯,順方向,1090,1600,0,510,0,0,1600,周波数,0,0,0,0,2024/12/20 17:04:17
月間,202412,策定,北陸フェンス,2025/02/21,昼間帯,逆方向,-1900,-1900,0,0,0,0,-1900,安定度,0,0,0,0,2024/12/20 17:04:17
月間,202412,策定,北陸フェンス,2025/02/21,夜間帯,順方向,900,900,0,0,0,0,900,周波数,0,0,0,0,2024/12/20 17:04:17
月間,202412,策定,北陸フェンス,2025/02/21,夜間帯,逆方向,-1900,-1900,0,0,0,0,-1900,安定度,0,0,0,0,2024/12/20 17:04:17
月間,202412,策定,北陸フェンス,2025/02/22,昼間帯,順方向,900,900,0,0,0,0,900,周波数,0,0,0,0,2024/12/20 17:04:17
月間,202412,策定,北陸フェンス,2025/02/22,昼間帯,逆方向,-1560,-1560,0,0,0,0,-1560,周波数,0,0,0,0,2024/12/20 17:04:17
月間,202412,策定,北陸フェンス,2025/02/22,夜間帯,順方向,900,900,0,0,0,0,900,周波数,0,0,0,0,2024/12/20 17:04:17
月間,202412,策定,北陸フェンス,2025/02/22,夜間帯,逆方向,-1900,-1900,0,0,0,0,-1900,安定度,0,0,0,0,2024/12/20 17:04:17
月間,202412,策定,北陸フェンス,2025/02/23,昼間帯,順方向,900,900,0,0,0,0,900,周波数,0,0,0,0,2024/12/20 17:04:17
月間,202412,策定,北陸フェンス,2025/02/23,昼間帯,逆方向,-1560,-1560,0,0,0,0,-1560,周波数,0,0,0,0,2024/12/20 17:04:17
月間,202412,策定,北陸フェンス,2025/02/23,夜間帯,順方向,900,900,0,0,0,0,900,周波数,0,0,0,0,2024/12/20 17:04:17
月間,202412,策定,北陸フェンス,2025/02/23,夜間帯,逆方向,-1900,-1900,0,0,0,0,-1900,安定度,0,0,0,0,2024/12/20 17:04:17
月間,202412,策定,北陸フェンス,2025/02/24,昼間帯,順方向,900,900,0,0,0,0,900,周波数,0,0,0,0,2024/12/20 17:04:17
月間,202412,策定,北陸フェンス,2025/02/24,昼間帯,逆方向,-1560,-1560,0,0,0,0,-1560,周波数,0,0,0,0,2024/12/20 17:04:17
月間,202412,策定,北陸フェンス,2025/02/24,夜間帯,順方向,900,900,0,0,0,0,900,周波数,0,0,0,0,2024/12/20 17:04:17
月間,202412,策定,北陸フェンス,2025/02/24,夜間帯,逆方向,-1900,-1900,0,0,0,0,-1900,安定度,0,0,0,0,2024/12/20 17:04:17
月間,202412,策定,北陸フェンス,2025/02/25,昼間帯,順方向,1090,1600,0,510,0,0,1600,周波数,0,0,0,0,2024/12/20 17:04:17
月間,202412,策定,北陸フェンス,2025/02/25,昼間帯,逆方向,-1900,-1900,0,0,0,0,-1900,安定度,0,0,0,0,2024/12/20 17:04:17
月間,202412,策定,北陸フェンス,2025/02/25,夜間帯,順方向,900,900,0,0,0,0,900,周波数,0,0,0,0,2024/12/20 17:04:17
月間,202412,策定,北陸フェンス,2025/02/25,夜間帯,逆方向,-1900,-1900,0,0,0,0,-1900,安定度,0,0,0,0,2024/12/20 17:04:17
月間,202412,策定,北陸フェンス,2025/02/26,昼間帯,順方向,1090,1600,0,510,0,0,1600,周波数,0,0,0,0,2024/12/20 17:04:17
月間,202412,策定,北陸フェンス,2025/02/26,昼間帯,逆方向,-1900,-1900,0,0,0,0,-1900,安定度,0,0,0,0,2024/12/20 17:04:17
月間,202412,策定,北陸フェンス,2025/02/26,夜間帯,順方向,900,900,0,0,0,0,900,周波数,0,0,0,0,2024/12/20 17:04:17
月間,202412,策定,北陸フェンス,2025/02/26,夜間帯,逆方向,-1900,-1900,0,0,0,0,-1900,安定度,0,0,0,0,2024/12/20 17:04:17
月間,202412,策定,北陸フェンス,2025/02/27,昼間帯,順方向,1090,1600,0,510,0,0,1600,周波数,0,0,0,0,2024/12/20 17:04:17
月間,202412,策定,北陸フェンス,2025/02/27,昼間帯,逆方向,-1900,-1900,0,0,0,0,-1900,安定度,0,0,0,0,2024/12/20 17:04:17
月間,202412,策定,北陸フェンス,2025/02/27,夜間帯,順方向,900,900,0,0,0,0,900,周波数,0,0,0,0,2024/12/20 17:04:17
月間,202412,策定,北陸フェンス,2025/02/27,夜間帯,逆方向,-1900,-1900,0,0,0,0,-1900,安定度,0,0,0,0,2024/12/20 17:04:17
月間,202412,策定,北陸フェンス,2025/02/28,昼間帯,順方向,1090,1600,0,510,0,0,1600,周波数,0,0,0,0,2024/12/20 17:04:17
月間,202412,策定,北陸フェンス,2025/02/28,昼間帯,逆方向,-1900,-1900,0,0,0,0,-1900,安定度,0,0,0,0,2024/12/20 17:04:17
月間,202412,策定,北陸フェンス,2025/02/28,夜間帯,順方向,900,900,0,0,0,0,900,周波数,0,0,0,0,2024/12/20 17:04:17
月間,202412,策定,北陸フェンス,2025/02/28,夜間帯,逆方向,-1900,-1900,0,0,0,0,-1900,安定度,0,0,0,0,2024/12/20 17:04:17
月間,202501,策定,北陸フェンス,2025/02/01,昼間帯,順方向,900,900,0,0,0,0,900,周波数,0,0,0,0,2025/01/20 17:03:20
月間,202501,策定,北陸フェンス,2025/02/01,昼間帯,逆方向,-1560,-1560,0,0,0,0,-1560,周波数,0,0,0,0,2025/01/20 17:03:20
月間,202501,策定,北陸フェンス,2025/02/01,夜間帯,順方向,900,900,0,0,0,0,900,周波数,0,0,0,0,2025/01/20 17:03:20
月間,202501,策定,北陸フェンス,2025/02/01,夜間帯,逆方向,-1900,-1900,0,0,0,0,-1900,安定度,0,0,0,0,2025/01/20 17:03:20
月間,202501,策定,北陸フェンス,2025/02/02,昼間帯,順方向,900,900,0,0,0,0,900,周波数,0,0,0,0,2025/01/20 17:03:20
月間,202501,策定,北陸フェンス,2025/02/02,昼間帯,逆方向,-1560,-1560,0,0,0,0,-1560,周波数,0,0,0,0,2025/01/20 17:03:20
月間,202501,策定,北陸フェンス,2025/02/02,夜間帯,順方向,900,900,0,0,0,0,900,周波数,0,0,0,0,2025/01/20 17:03:20
月間,202501,策定,北陸フェンス,2025/02/02,夜間帯,逆方向,-1900,-1900,0,0,0,0,-1900,安定度,0,0,0,0,2025/01/20 17:03:20
月間,202501,策定,北陸フェンス,2025/02/03,昼間帯,順方向,1090,1600,0,510,0,0,1600,周波数,0,0,0,0,2025/01/20 17:03:20
月間,202501,策定,北陸フェンス,2025/02/03,昼間帯,逆方向,-1900,-1900,0,0,0,0,-1900,安定度,0,0,0,0,2025/01/20 17:03:20
月間,202501,策定,北陸フェンス,2025/02/03,夜間帯,順方向,900,900,0,0,0,0,900,周波数,0,0,0,0,2025/01/20 17:03:20
月間,202501,策定,北陸フェンス,2025/02/03,夜間帯,逆方向,-1900,-1900,0,0,0,0,-1900,安定度,0,0,0,0,2025/01/20 17:03:20
月間,202501,策定,北陸フェンス,2025/02/04,昼間帯,順方向,1090,1600,0,510,0,0,1600,周波数,0,0,0,0,2025/01/20 17:03:20
月間,202501,策定,北陸フェンス,2025/02/04,昼間帯,逆方向,-1900,-1900,0,0,0,0,-1900,安定度,0,0,0,0,2025/01/20 17:03:20
月間,202501,策定,北陸フェンス,2025/02/04,夜間帯,順方向,900,900,0,0,0,0,900,周波数,0,0,0,0,2025/01/20 17:03:20
月間,202501,策定,北陸フェンス,2025/02/04,夜間帯,逆方向,-1900,-1900,0,0,0,0,-1900,安定度,0,0,0,0,2025/01/20 17:03:20
月間,202501,策定,北陸フェンス,2025/02/05,昼間帯,順方向,1090,1600,0,510,0,0,1600,周波数,0,0,0,0,2025/01/20 17:03:20
月間,202501,策定,北陸フェンス,2025/02/05,昼間帯,逆方向,-1900,-1900,0,0,0,0,-1900,安定度,0,0,0,0,2025/01/20 17:03:20
月間,202501,策定,北陸フェンス,2025/02/05,夜間帯,順方向,900,900,0,0,0,0,900,周波数,0,0,0,0,2025/01/20 17:03:20
月間,202501,策定,北陸フェンス,2025/02/05,夜間帯,逆方向,-1900,-1900,0,0,0,0,-1900,安定度,0,0,0,0,2025/01/20 17:03:20
月間,202501,策定,北陸フェンス,2025/02/06,昼間帯,順方向,1090,1600,0,510,0,0,1600,周波数,0,0,0,0,2025/01/20 17:03:20
月間,202501,策定,北陸フェンス,2025/02/06,昼間帯,逆方向,-1900,-1900,0,0,0,0,-1900,安定度,0,0,0,0,2025/01/20 17:03:20
月間,202501,策定,北陸フェンス,2025/02/06,夜間帯,順方向,900,900,0,0,0,0,900,周波数,0,0,0,0,2025/01/20 17:03:20
月間,202501,策定,北陸フェンス,2025/02/06,夜間帯,逆方向,-1900,-1900,0,0,0,0,-1900,安定度,0,0,0,0,2025/01/20 17:03:20
月間,202501,策定,北陸フェンス,2025/02/07,昼間帯,順方向,1090,1600,0,510,0,0,1600,周波数,0,0,0,0,2025/01/20 17:03:20
月間,202501,策定,北陸フェンス,2025/02/07,昼間帯,逆方向,-1900,-1900,0,0,0,0,-1900,安定度,0,0,0,0,2025/01/20 17:03:20
月間,202501,策定,北陸フェンス,2025/02/07,夜間帯,順方向,900,900,0,0,0,0,900,周波数,0,0,0,0,2025/01/20 17:03:20
月間,202501,策定,北陸フェンス,2025/02/07,夜間帯,逆方向,-1900,-1900,0,0,0,0,-1900,安定度,0,0,0,0,2025/01/20 17:03:20
月間,202501,策定,北陸フェンス,2025/02/08,昼間帯,順方向,900,900,0,0,0,0,900,周波数,0,0,0,0,2025/01/20 17:03:20
月間,202501,策定,北陸フェンス,2025/02/08,昼間帯,逆方向,-1560,-1560,0,0,0,0,-1560,周波数,0,0,0,0,2025/01/20 17:03:20
月間,202501,策定,北陸フェンス,2025/02/08,夜間帯,順方向,900,900,0,0,0,0,900,周波数,0,0,0,0,2025/01/20 17:03:20
月間,202501,策定,北陸フェンス,2025/02/08,夜間帯,逆方向,-1900,-1900,0,0,0,0,-1900,安定度,0,0,0,0,2025/01/20 17:03:20
月間,202501,策定,北陸フェンス,2025/02/09,昼間帯,順方向,900,900,0,0,0,0,900,周波数,0,0,0,0,2025/01/20 17:03:20
月間,202501,策定,北陸フェンス,2025/02/09,昼間帯,逆方向,-1560,-1560,0,0,0,0,-1560,周波数,0,0,0,0,2025/01/20 17:03:20
月間,202501,策定,北陸フェンス,2025/02/09,夜間帯,順方向,900,900,0,0,0,0,900,周波数,0,0,0,0,2025/01/20 17:03:20
月間,202501,策定,北陸フェンス,2025/02/09,夜間帯,逆方向,-1900,-1900,0,0,0,0,-1900,安定度,0,0,0,0,2025/01/20 17:03:20
月間,202501,策定,北陸フェンス,2025/02/10,昼間帯,順方向,1090,1600,0,510,0,0,1600,周波数,0,0,0,0,2025/01/20 17:03:20
月間,202501,策定,北陸フェンス,2025/02/10,昼間帯,逆方向,-1900,-1900,0,0,0,0,-1900,安定度,0,0,0,0,2025/01/20 17:03:20
月間,202501,策定,北陸フェンス,2025/02/10,夜間帯,順方向,900,900,0,0,0,0,900,周波数,0,0,0,0,2025/01/20 17:03:20
月間,202501,策定,北陸フェンス,2025/02/10,夜間帯,逆方向,-1900,-1900,0,0,0,0,-1900,安定度,0,0,0,0,2025/01/20 17:03:20
月間,202501,策定,北陸フェンス,2025/02/11,昼間帯,順方向,900,900,0,0,0,0,900,周波数,0,0,0,0,2025/01/20 17:03:20
月間,202501,策定,北陸フェンス,2025/02/11,昼間帯,逆方向,-1560,-1560,0,0,0,0,-1560,周波数,0,0,0,0,2025/01/20 17:03:20
月間,202501,策定,北陸フェンス,2025/02/11,夜間帯,順方向,900,900,0,0,0,0,900,周波数,0,0,0,0,2025/01/20 17:03:20
月間,202501,策定,北陸フェンス,2025/02/11,夜間帯,逆方向,-1900,-1900,0,0,0,0,-1900,安定度,0,0,0,0,2025/01/20 17:03:20
月間,202501,策定,北陸フェンス,2025/02/12,昼間帯,順方向,1090,1600,0,510,0,0,1600,周波数,0,0,0,0,2025/01/20 17:03:20
月間,202501,策定,北陸フェンス,2025/02/12,昼間帯,逆方向,-1900,-1900,0,0,0,0,-1900,安定度,0,0,0,0,2025/01/20 17:03:20
月間,202501,策定,北陸フェンス,2025/02/12,夜間帯,順方向,900,900,0,0,0,0,900,周波数,0,0,0,0,2025/01/20 17:03:20
月間,202501,策定,北陸フェンス,2025/02/12,夜間帯,逆方向,-1900,-1900,0,0,0,0,-1900,安定度,0,0,0,0,2025/01/20 17:03:20
月間,202501,策定,北陸フェンス,2025/02/13,昼間帯,順方向,1090,1600,0,510,0,0,1600,周波数,0,0,0,0,2025/01/20 17:03:20
月間,202501,策定,北陸フェンス,2025/02/13,昼間帯,逆方向,-1900,-1900,0,0,0,0,-1900,安定度,0,0,0,0,2025/01/20 17:03:20
月間,202501,策定,北陸フェンス,2025/02/13,夜間帯,順方向,900,900,0,0,0,0,900,周波数,0,0,0,0,2025/01/20 17:03:20
月間,202501,策定,北陸フェンス,2025/02/13,夜間帯,逆方向,-1900,-1900,0,0,0,0,-1900,安定度,0,0,0,0,2025/01/20 17:03:20
月間,202501,策定,北陸フェンス,2025/02/14,昼間帯,順方向,1090,1600,0,510,0,0,1600,周波数,0,0,0,0,2025/01/20 17:03:20
月間,202501,策定,北陸フェンス,2025/02/14,昼間帯,逆方向,-1900,-1900,0,0,0,0,-1900,安定度,0,0,0,0,2025/01/20 17:03:20
月間,202501,策定,北陸フェンス,2025/02/14,夜間帯,順方向,900,900,0,0,0,0,900,周波数,0,0,0,0,2025/01/20 17:03:20
月間,202501,策定,北陸フェンス,2025/02/14,夜間帯,逆方向,-1900,-1900,0,0,0,0,-1900,安定度,0,0,0,0,2025/01/20 17:03:20
月間,202501,策定,北陸フェンス,2025/02/15,昼間帯,順方向,900,900,0,0,0,0,900,周波数,0,0,0,0,2025/01/20 17:03:20
月間,202501,策定,北陸フェンス,2025/02/15,昼間帯,逆方向,-1560,-1560,0,0,0,0,-1560,周波数,0,0,0,0,2025/01/20 17:03:20
月間,202501,策定,北陸フェンス,2025/02/15,夜間帯,順方向,900,900,0,0,0,0,900,周波数,0,0,0,0,2025/01/20 17:03:20
月間,202501,策定,北陸フェンス,2025/02/15,夜間帯,逆方向,-1900,-1900,0,0,0,0,-1900,安定度,0,0,0,0,2025/01/20 17:03:20
月間,202501,策定,北陸フェンス,2025/02/16,昼間帯,順方向,900,900,0,0,0,0,900,周波数,0,0,0,0,2025/01/20 17:03:20
月間,202501,策定,北陸フェンス,2025/02/16,昼間帯,逆方向,-1560,-1560,0,0,0,0,-1560,周波数,0,0,0,0,2025/01/20 17:03:20
月間,202501,策定,北陸フェンス,2025/02/16,夜間帯,順方向,900,900,0,0,0,0,900,周波数,0,0,0,0,2025/01/20 17:03:20
月間,202501,策定,北陸フェンス,2025/02/16,夜間帯,逆方向,-1900,-1900,0,0,0,0,-1900,安定度,0,0,0,0,2025/01/20 17:03:20
月間,202501,策定,北陸フェンス,2025/02/17,昼間帯,順方向,1090,1600,0,510,0,0,1600,周波数,0,0,0,0,2025/01/20 17:03:20
月間,202501,策定,北陸フェンス,2025/02/17,昼間帯,逆方向,-1900,-1900,0,0,0,0,-1900,安定度,0,0,0,0,2025/01/20 17:03:20
月間,202501,策定,北陸フェンス,2025/02/17,夜間帯,順方向,900,900,0,0,0,0,900,周波数,0,0,0,0,2025/01/20 17:03:20
月間,202501,策定,北陸フェンス,2025/02/17,夜間帯,逆方向,-1900,-1900,0,0,0,0,-1900,安定度,0,0,0,0,2025/01/20 17:03:20
月間,202501,策定,北陸フェンス,2025/02/18,昼間帯,順方向,1090,1600,0,510,0,0,1600,周波数,0,0,0,0,2025/01/20 17:03:20
月間,202501,策定,北陸フェンス,2025/02/18,昼間帯,逆方向,-1900,-1900,0,0,0,0,-1900,安定度,0,0,0,0,2025/01/20 17:03:20
月間,202501,策定,北陸フェンス,2025/02/18,夜間帯,順方向,900,900,0,0,0,0,900,周波数,0,0,0,0,2025/01/20 17:03:20
月間,202501,策定,北陸フェンス,2025/02/18,夜間帯,逆方向,-1900,-1900,0,0,0,0,-1900,安定度,0,0,0,0,2025/01/20 17:03:20
月間,202501,策定,北陸フェンス,2025/02/19,昼間帯,順方向,1090,1600,0,510,0,0,1600,周波数,0,0,0,0,2025/01/20 17:03:20
月間,202501,策定,北陸フェンス,2025/02/19,昼間帯,逆方向,-1900,-1900,0,0,0,0,-1900,安定度,0,0,0,0,2025/01/20 17:03:20
月間,202501,策定,北陸フェンス,2025/02/19,夜間帯,順方向,900,900,0,0,0,0,900,周波数,0,0,0,0,2025/01/20 17:03:20
月間,202501,策定,北陸フェンス,2025/02/19,夜間帯,逆方向,-1900,-1900,0,0,0,0,-1900,安定度,0,0,0,0,2025/01/20 17:03:20
月間,202501,策定,北陸フェンス,2025/02/20,昼間帯,順方向,1090,1600,0,510,0,0,1600,周波数,0,0,0,0,2025/01/20 17:03:20
月間,202501,策定,北陸フェンス,2025/02/20,昼間帯,逆方向,-1900,-1900,0,0,0,0,-1900,安定度,0,0,0,0,2025/01/20 17:03:20
月間,202501,策定,北陸フェンス,2025/02/20,夜間帯,順方向,900,900,0,0,0,0,900,周波数,0,0,0,0,2025/01/20 17:03:20
月間,202501,策定,北陸フェンス,2025/02/20,夜間帯,逆方向,-1900,-1900,0,0,0,0,-1900,安定度,0,0,0,0,2025/01/20 17:03:20
月間,202501,策定,北陸フェンス,2025/02/21,昼間帯,順方向,1090,1600,0,510,0,0,1600,周波数,0,0,0,0,2025/01/20 17:03:20
月間,202501,策定,北陸フェンス,2025/02/21,昼間帯,逆方向,-1900,-1900,0,0,0,0,-1900,安定度,0,0,0,0,2025/01/20 17:03:20
月間,202501,策定,北陸フェンス,2025/02/21,夜間帯,順方向,900,900,0,0,0,0,900,周波数,0,0,0,0,2025/01/20 17:03:20
月間,202501,策定,北陸フェンス,2025/02/21,夜間帯,逆方向,-1900,-1900,0,0,0,0,-1900,安定度,0,0,0,0,2025/01/20 17:03:20
月間,202501,策定,北陸フェンス,2025/02/22,昼間帯,順方向,900,900,0,0,0,0,900,周波数,0,0,0,0,2025/01/20 17:03:20
月間,202501,策定,北陸フェンス,2025/02/22,昼間帯,逆方向,-1560,-1560,0,0,0,0,-1560,周波数,0,0,0,0,2025/01/20 17:03:20
月間,202501,策定,北陸フェンス,2025/02/22,夜間帯,順方向,900,900,0,0,0,0,900,周波数,0,0,0,0,2025/01/20 17:03:20
月間,202501,策定,北陸フェンス,2025/02/22,夜間帯,逆方向,-1900,-1900,0,0,0,0,-1900,安定度,0,0,0,0,2025/01/20 17:03:20
月間,202501,策定,北陸フェンス,2025/02/23,昼間帯,順方向,900,900,0,0,0,0,900,周波数,0,0,0,0,2025/01/20 17:03:20
月間,202501,策定,北陸フェンス,2025/02/23,昼間帯,逆方向,-1560,-1560,0,0,0,0,-1560,周波数,0,0,0,0,2025/01/20 17:03:20
月間,202501,策定,北陸フェンス,2025/02/23,夜間帯,順方向,900,900,0,0,0,0,900,周波数,0,0,0,0,2025/01/20 17:03:20
月間,202501,策定,北陸フェンス,2025/02/23,夜間帯,逆方向,-1900,-1900,0,0,0,0,-1900,安定度,0,0,0,0,2025/01/20 17:03:20
月間,202501,策定,北陸フェンス,2025/02/24,昼間帯,順方向,900,900,0,0,0,0,900,周波数,0,0,0,0,2025/01/20 17:03:20
月間,202501,策定,北陸フェンス,2025/02/24,昼間帯,逆方向,-1560,-1560,0,0,0,0,-1560,周波数,0,0,0,0,2025/01/20 17:03:20
月間,202501,策定,北陸フェンス,2025/02/24,夜間帯,順方向,900,900,0,0,0,0,900,周波数,0,0,0,0,2025/01/20 17:03:20
月間,202501,策定,北陸フェンス,2025/02/24,夜間帯,逆方向,-1900,-1900,0,0,0,0,-1900,安定度,0,0,0,0,2025/01/20 17:03:20
月間,202501,策定,北陸フェンス,2025/02/25,昼間帯,順方向,1090,1600,0,510,0,0,1600,周波数,0,0,0,0,2025/01/20 17:03:20
月間,202501,策定,北陸フェンス,2025/02/25,昼間帯,逆方向,-1900,-1900,0,0,0,0,-1900,安定度,0,0,0,0,2025/01/20 17:03:20
月間,202501,策定,北陸フェンス,2025/02/25,夜間帯,順方向,900,900,0,0,0,0,900,周波数,0,0,0,0,2025/01/20 17:03:20
月間,202501,策定,北陸フェンス,2025/02/25,夜間帯,逆方向,-1900,-1900,0,0,0,0,-1900,安定度,0,0,0,0,2025/01/20 17:03:20
月間,202501,策定,北陸フェンス,2025/02/26,昼間帯,順方向,1090,1600,0,510,0,0,1600,周波数,0,0,0,0,2025/01/20 17:03:20
月間,202501,策定,北陸フェンス,2025/02/26,昼間帯,逆方向,-1900,-1900,0,0,0,0,-1900,安定度,0,0,0,0,2025/01/20 17:03:20
月間,202501,策定,北陸フェンス,2025/02/26,夜間帯,順方向,900,900,0,0,0,0,900,周波数,0,0,0,0,2025/01/20 17:03:20
月間,202501,策定,北陸フェンス,2025/02/26,夜間帯,逆方向,-1900,-1900,0,0,0,0,-1900,安定度,0,0,0,0,2025/01/20 17:03:20
月間,202501,策定,北陸フェンス,2025/02/27,昼間帯,順方向,1090,1600,0,510,0,0,1600,周波数,0,0,0,0,2025/01/20 17:03:20
月間,202501,策定,北陸フェンス,2025/02/27,昼間帯,逆方向,-1900,-1900,0,0,0,0,-1900,安定度,0,0,0,0,2025/01/20 17:03:20
月間,202501,策定,北陸フェンス,2025/02/27,夜間帯,順方向,900,900,0,0,0,0,900,周波数,0,0,0,0,2025/01/20 17:03:20
月間,202501,策定,北陸フェンス,2025/02/27,夜間帯,逆方向,-1900,-1900,0,0,0,0,-1900,安定度,0,0,0,0,2025/01/20 17:03:20
月間,202501,策定,北陸フェンス,2025/02/28,昼間帯,順方向,1090,1600,0,510,0,0,1600,周波数,0,0,0,0,2025/01/20 17:03:20
月間,202501,策定,北陸フェンス,2025/02/28,昼間帯,逆方向,-1900,-1900,0,0,0,0,-1900,安定度,0,0,0,0,2025/01/20 17:03:20
月間,202501,策定,北陸フェンス,2025/02/28,夜間帯,順方向,900,900,0,0,0,0,900,周波数,0,0,0,0,2025/01/20 17:03:20
月間,202501,策定,北陸フェンス,2025/02/28,夜間帯,逆方向,-1900,-1900,0,0,0,0,-1900,安定度,0,0,0,0,2025/01/20 17:03:20
