対象断面,策定日,策定／更新後,連系線,年月日,時刻,方向,空容量,計画潮流,広域調整枠,マージン,運用容量,運用容量決定要因,運用容量拡大分空容量,運用容量拡大分計画潮流,運用容量拡大分運用容量,送電ＮＧ情報件数,送電ＮＧ情報延べ容量,最新更新年月日時刻
翌々日,20260401,更新後,北海道・本州間電力連系設備,2026/04/03,00:30,順方向,660.0,0.0,0,40.0,700,電圧,0,0,0,0,0,2026/04/01 21:40:24
翌々日,20260401,更新後,北海道・本州間電力連系設備,2026/04/03,00:30,逆方向,-350.0,0.0,0,-550.0,-900,熱容量,0,0,0,0,0,2026/04/01 21:40:24
翌々日,20260401,更新後,北海道・本州間電力連系設備,2026/04/03,01:00,順方向,660.0,0.0,0,40.0,700,電圧,0,0,0,0,0,2026/04/01 21:40:24
翌々日,20260401,更新後,北海道・本州間電力連系設備,2026/04/03,01:00,逆方向,-350.0,0.0,0,-550.0,-900,熱容量,0,0,0,0,0,2026/04/01 21:40:24
翌々日,20260401,更新後,北海道・本州間電力連系設備,2026/04/03,01:30,順方向,670.0,0.0,0,30.0,700,電圧,0,0,0,0,0,2026/04/01 21:40:24
翌々日,20260401,更新後,北海道・本州間電力連系設備,2026/04/03,01:30,逆方向,-350.0,0.0,0,-550.0,-900,熱容量,0,0,0,0,0,2026/04/01 21:40:24
翌々日,20260401,更新後,北海道・本州間電力連系設備,2026/04/03,02:00,順方向,670.0,0.0,0,30.0,700,電圧,0,0,0,0,0,2026/04/01 21:40:24
翌々日,20260401,更新後,北海道・本州間電力連系設備,2026/04/03,02:00,逆方向,-350.0,0.0,0,-550.0,-900,熱容量,0,0,0,0,0,2026/04/01 21:40:24
翌々日,20260401,更新後,北海道・本州間電力連系設備,2026/04/03,02:30,順方向,680.0,0.0,0,20.0,700,電圧,0,0,0,0,0,2026/04/01 21:40:24
翌々日,20260401,更新後,北海道・本州間電力連系設備,2026/04/03,02:30,逆方向,-360.0,0.0,0,-540.0,-900,熱容量,0,0,0,0,0,2026/04/01 21:40:24
翌々日,20260401,更新後,北海道・本州間電力連系設備,2026/04/03,03:00,順方向,680.0,0.0,0,20.0,700,電圧,0,0,0,0,0,2026/04/01 21:40:24
翌々日,20260401,更新後,北海道・本州間電力連系設備,2026/04/03,03:00,逆方向,-360.0,0.0,0,-540.0,-900,熱容量,0,0,0,0,0,2026/04/01 21:40:24
翌々日,20260401,更新後,北海道・本州間電力連系設備,2026/04/03,03:30,順方向,690.0,0.0,0,10.0,700,電圧,0,0,0,0,0,2026/04/01 21:40:24
翌々日,20260401,更新後,北海道・本州間電力連系設備,2026/04/03,03:30,逆方向,-360.0,0.0,0,-540.0,-900,熱容量,0,0,0,0,0,2026/04/01 21:40:24
翌々日,20260401,更新後,北海道・本州間電力連系設備,2026/04/03,04:00,順方向,690.0,0.0,0,10.0,700,電圧,0,0,0,0,0,2026/04/01 21:40:24
翌々日,20260401,更新後,北海道・本州間電力連系設備,2026/04/03,04:00,逆方向,-360.0,0.0,0,-540.0,-900,熱容量,0,0,0,0,0,2026/04/01 21:40:24
翌々日,20260401,更新後,北海道・本州間電力連系設備,2026/04/03,04:30,順方向,700.0,0.0,0,0.0,700,電圧,0,0,0,0,0,2026/04/01 21:40:24
翌々日,20260401,更新後,北海道・本州間電力連系設備,2026/04/03,04:30,逆方向,-370.0,0.0,0,-530.0,-900,熱容量,0,0,0,0,0,2026/04/01 21:40:24
翌々日,20260401,更新後,北海道・本州間電力連系設備,2026/04/03,05:00,順方向,700.0,0.0,0,0.0,700,電圧,0,0,0,0,0,2026/04/01 21:40:24
翌々日,20260401,更新後,北海道・本州間電力連系設備,2026/04/03,05:00,逆方向,-370.0,0.0,0,-530.0,-900,熱容量,0,0,0,0,0,2026/04/01 21:40:24
翌々日,20260401,更新後,北海道・本州間電力連系設備,2026/04/03,05:30,順方向,700.0,0.0,0,0.0,700,電圧,0,0,0,0,0,2026/04/01 21:40:24
翌々日,20260401,更新後,北海道・本州間電力連系設備,2026/04/03,05:30,逆方向,-370.0,0.0,0,-530.0,-900,熱容量,0,0,0,0,0,2026/04/01 21:40:24
翌々日,20260401,更新後,北海道・本州間電力連系設備,2026/04/03,06:00,順方向,700.0,0.0,0,0.0,700,電圧,0,0,0,0,0,2026/04/01 21:40:24
翌々日,20260401,更新後,北海道・本州間電力連系設備,2026/04/03,06:00,逆方向,-370.0,0.0,0,-530.0,-900,熱容量,0,0,0,0,0,2026/04/01 21:40:24
翌々日,20260401,更新後,北海道・本州間電力連系設備,2026/04/03,06:30,順方向,700.0,0.0,0,0.0,700,電圧,0,0,0,0,0,2026/04/01 21:40:24
翌々日,20260401,更新後,北海道・本州間電力連系設備,2026/04/03,06:30,逆方向,-370.0,0.0,0,-530.0,-900,熱容量,0,0,0,0,0,2026/04/01 21:40:24
翌々日,20260401,更新後,北海道・本州間電力連系設備,2026/04/03,07:00,順方向,700.0,0.0,0,0.0,700,電圧,0,0,0,0,0,2026/04/01 21:40:24
翌々日,20260401,更新後,北海道・本州間電力連系設備,2026/04/03,07:00,逆方向,-370.0,0.0,0,-530.0,-900,熱容量,0,0,0,0,0,2026/04/01 21:40:24
翌々日,20260401,更新後,北海道・本州間電力連系設備,2026/04/03,07:30,順方向,700.0,0.0,0,0.0,700,電圧,0,0,0,0,0,2026/04/01 21:40:24
翌々日,20260401,更新後,北海道・本州間電力連系設備,2026/04/03,07:30,逆方向,-370.0,0.0,0,-530.0,-900,熱容量,0,0,0,0,0,2026/04/01 21:40:24
翌々日,20260401,更新後,北海道・本州間電力連系設備,2026/04/03,08:00,順方向,700.0,0.0,0,0.0,700,電圧,0,0,0,0,0,2026/04/01 21:40:24
翌々日,20260401,更新後,北海道・本州間電力連系設備,2026/04/03,08:00,逆方向,-370.0,0.0,0,-530.0,-900,熱容量,0,0,0,0,0,2026/04/01 21:40:24
翌々日,20260401,更新後,北海道・本州間電力連系設備,2026/04/03,08:30,順方向,700.0,0.0,0,0.0,700,電圧,0,0,0,0,0,2026/04/01 21:40:24
翌々日,20260401,更新後,北海道・本州間電力連系設備,2026/04/03,08:30,逆方向,-370.0,0.0,0,-530.0,-900,熱容量,0,0,0,0,0,2026/04/01 21:40:24
翌々日,20260401,更新後,北海道・本州間電力連系設備,2026/04/03,09:00,順方向,700.0,0.0,0,0.0,700,電圧,0,0,0,0,0,2026/04/01 21:40:24
翌々日,20260401,更新後,北海道・本州間電力連系設備,2026/04/03,09:00,逆方向,-370.0,0.0,0,-530.0,-900,熱容量,0,0,0,0,0,2026/04/01 21:40:24
翌々日,20260401,更新後,北海道・本州間電力連系設備,2026/04/03,09:30,順方向,700.0,0.0,0,0.0,700,電圧,0,0,0,0,0,2026/04/01 21:40:24
翌々日,20260401,更新後,北海道・本州間電力連系設備,2026/04/03,09:30,逆方向,-380.0,0.0,0,-520.0,-900,熱容量,0,0,0,0,0,2026/04/01 21:40:24
翌々日,20260401,更新後,北海道・本州間電力連系設備,2026/04/03,10:00,順方向,700.0,0.0,0,0.0,700,電圧,0,0,0,0,0,2026/04/01 21:40:24
翌々日,20260401,更新後,北海道・本州間電力連系設備,2026/04/03,10:00,逆方向,-380.0,0.0,0,-520.0,-900,熱容量,0,0,0,0,0,2026/04/01 21:40:24
翌々日,20260401,更新後,北海道・本州間電力連系設備,2026/04/03,10:30,順方向,700.0,0.0,0,0.0,700,電圧,0,0,0,0,0,2026/04/01 21:40:24
翌々日,20260401,更新後,北海道・本州間電力連系設備,2026/04/03,10:30,逆方向,-380.0,0.0,0,-520.0,-900,熱容量,0,0,0,0,0,2026/04/01 21:40:24
翌々日,20260401,更新後,北海道・本州間電力連系設備,2026/04/03,11:00,順方向,700.0,0.0,0,0.0,700,電圧,0,0,0,0,0,2026/04/01 21:40:24
翌々日,20260401,更新後,北海道・本州間電力連系設備,2026/04/03,11:00,逆方向,-380.0,0.0,0,-520.0,-900,熱容量,0,0,0,0,0,2026/04/01 21:40:24
翌々日,20260401,更新後,北海道・本州間電力連系設備,2026/04/03,11:30,順方向,700.0,0.0,0,0.0,700,電圧,0,0,0,0,0,2026/04/01 21:40:24
翌々日,20260401,更新後,北海道・本州間電力連系設備,2026/04/03,11:30,逆方向,-370.0,0.0,0,-530.0,-900,熱容量,0,0,0,0,0,2026/04/01 21:40:24
翌々日,20260401,更新後,北海道・本州間電力連系設備,2026/04/03,12:00,順方向,700.0,0.0,0,0.0,700,電圧,0,0,0,0,0,2026/04/01 21:40:24
翌々日,20260401,更新後,北海道・本州間電力連系設備,2026/04/03,12:00,逆方向,-370.0,0.0,0,-530.0,-900,熱容量,0,0,0,0,0,2026/04/01 21:40:24
翌々日,20260401,更新後,北海道・本州間電力連系設備,2026/04/03,12:30,順方向,700.0,0.0,0,0.0,700,電圧,0,0,0,0,0,2026/04/01 21:40:24
翌々日,20260401,更新後,北海道・本州間電力連系設備,2026/04/03,12:30,逆方向,-360.0,0.0,0,-540.0,-900,熱容量,0,0,0,0,0,2026/04/01 21:40:24
翌々日,20260401,更新後,北海道・本州間電力連系設備,2026/04/03,13:00,順方向,700.0,0.0,0,0.0,700,電圧,0,0,0,0,0,2026/04/01 21:40:24
翌々日,20260401,更新後,北海道・本州間電力連系設備,2026/04/03,13:00,逆方向,-360.0,0.0,0,-540.0,-900,熱容量,0,0,0,0,0,2026/04/01 21:40:24
翌々日,20260401,更新後,北海道・本州間電力連系設備,2026/04/03,13:30,順方向,700.0,0.0,0,0.0,700,電圧,0,0,0,0,0,2026/04/01 21:40:24
翌々日,20260401,更新後,北海道・本州間電力連系設備,2026/04/03,13:30,逆方向,-370.0,0.0,0,-530.0,-900,熱容量,0,0,0,0,0,2026/04/01 21:40:24
翌々日,20260401,更新後,北海道・本州間電力連系設備,2026/04/03,14:00,順方向,700.0,0.0,0,0.0,700,電圧,0,0,0,0,0,2026/04/01 21:40:24
翌々日,20260401,更新後,北海道・本州間電力連系設備,2026/04/03,14:00,逆方向,-370.0,0.0,0,-530.0,-900,熱容量,0,0,0,0,0,2026/04/01 21:40:24
翌々日,20260401,更新後,北海道・本州間電力連系設備,2026/04/03,14:30,順方向,690.0,0.0,0,10.0,700,電圧,0,0,0,0,0,2026/04/01 21:40:24
翌々日,20260401,更新後,北海道・本州間電力連系設備,2026/04/03,14:30,逆方向,-360.0,0.0,0,-540.0,-900,熱容量,0,0,0,0,0,2026/04/01 21:40:24
翌々日,20260401,更新後,北海道・本州間電力連系設備,2026/04/03,15:00,順方向,690.0,0.0,0,10.0,700,電圧,0,0,0,0,0,2026/04/01 21:40:24
翌々日,20260401,更新後,北海道・本州間電力連系設備,2026/04/03,15:00,逆方向,-360.0,0.0,0,-540.0,-900,熱容量,0,0,0,0,0,2026/04/01 21:40:24
翌々日,20260401,更新後,北海道・本州間電力連系設備,2026/04/03,15:30,順方向,690.0,0.0,0,10.0,700,電圧,0,0,0,0,0,2026/04/01 21:40:24
翌々日,20260401,更新後,北海道・本州間電力連系設備,2026/04/03,15:30,逆方向,-360.0,0.0,0,-540.0,-900,熱容量,0,0,0,0,0,2026/04/01 21:40:24
翌々日,20260401,更新後,北海道・本州間電力連系設備,2026/04/03,16:00,順方向,690.0,0.0,0,10.0,700,電圧,0,0,0,0,0,2026/04/01 21:40:24
翌々日,20260401,更新後,北海道・本州間電力連系設備,2026/04/03,16:00,逆方向,-360.0,0.0,0,-540.0,-900,熱容量,0,0,0,0,0,2026/04/01 21:40:24
翌々日,20260401,更新後,北海道・本州間電力連系設備,2026/04/03,16:30,順方向,700.0,0.0,0,0.0,700,電圧,0,0,0,0,0,2026/04/01 21:40:24
翌々日,20260401,更新後,北海道・本州間電力連系設備,2026/04/03,16:30,逆方向,-360.0,0.0,0,-540.0,-900,熱容量,0,0,0,0,0,2026/04/01 21:40:24
翌々日,20260401,更新後,北海道・本州間電力連系設備,2026/04/03,17:00,順方向,700.0,0.0,0,0.0,700,電圧,0,0,0,0,0,2026/04/01 21:40:24
翌々日,20260401,更新後,北海道・本州間電力連系設備,2026/04/03,17:00,逆方向,-360.0,0.0,0,-540.0,-900,熱容量,0,0,0,0,0,2026/04/01 21:40:24
翌々日,20260401,更新後,北海道・本州間電力連系設備,2026/04/03,17:30,順方向,700.0,0.0,0,0.0,700,電圧,0,0,0,0,0,2026/04/01 21:40:24
翌々日,20260401,更新後,北海道・本州間電力連系設備,2026/04/03,17:30,逆方向,-370.0,0.0,0,-530.0,-900,熱容量,0,0,0,0,0,2026/04/01 21:40:24
翌々日,20260401,更新後,北海道・本州間電力連系設備,2026/04/03,18:00,順方向,700.0,0.0,0,0.0,700,電圧,0,0,0,0,0,2026/04/01 21:40:24
翌々日,20260401,更新後,北海道・本州間電力連系設備,2026/04/03,18:00,逆方向,-370.0,0.0,0,-530.0,-900,熱容量,0,0,0,0,0,2026/04/01 21:40:24
翌々日,20260401,更新後,北海道・本州間電力連系設備,2026/04/03,18:30,順方向,700.0,0.0,0,0.0,700,電圧,0,0,0,0,0,2026/04/01 21:40:24
翌々日,20260401,更新後,北海道・本州間電力連系設備,2026/04/03,18:30,逆方向,-370.0,0.0,0,-530.0,-900,熱容量,0,0,0,0,0,2026/04/01 21:40:24
翌々日,20260401,更新後,北海道・本州間電力連系設備,2026/04/03,19:00,順方向,700.0,0.0,0,0.0,700,電圧,0,0,0,0,0,2026/04/01 21:40:24
翌々日,20260401,更新後,北海道・本州間電力連系設備,2026/04/03,19:00,逆方向,-370.0,0.0,0,-530.0,-900,熱容量,0,0,0,0,0,2026/04/01 21:40:24
翌々日,20260401,更新後,北海道・本州間電力連系設備,2026/04/03,19:30,順方向,700.0,0.0,0,0.0,700,電圧,0,0,0,0,0,2026/04/01 21:40:24
翌々日,20260401,更新後,北海道・本州間電力連系設備,2026/04/03,19:30,逆方向,-370.0,0.0,0,-530.0,-900,熱容量,0,0,0,0,0,2026/04/01 21:40:24
翌々日,20260401,更新後,北海道・本州間電力連系設備,2026/04/03,20:00,順方向,700.0,0.0,0,0.0,700,電圧,0,0,0,0,0,2026/04/01 21:40:24
翌々日,20260401,更新後,北海道・本州間電力連系設備,2026/04/03,20:00,逆方向,-370.0,0.0,0,-530.0,-900,熱容量,0,0,0,0,0,2026/04/01 21:40:24
翌々日,20260401,更新後,北海道・本州間電力連系設備,2026/04/03,20:30,順方向,700.0,0.0,0,0.0,700,電圧,0,0,0,0,0,2026/04/01 21:40:24
翌々日,20260401,更新後,北海道・本州間電力連系設備,2026/04/03,20:30,逆方向,-360.0,0.0,0,-540.0,-900,熱容量,0,0,0,0,0,2026/04/01 21:40:24
翌々日,20260401,更新後,北海道・本州間電力連系設備,2026/04/03,21:00,順方向,700.0,0.0,0,0.0,700,電圧,0,0,0,0,0,2026/04/01 21:40:24
翌々日,20260401,更新後,北海道・本州間電力連系設備,2026/04/03,21:00,逆方向,-360.0,0.0,0,-540.0,-900,熱容量,0,0,0,0,0,2026/04/01 21:40:24
翌々日,20260401,更新後,北海道・本州間電力連系設備,2026/04/03,21:30,順方向,680.0,0.0,0,20.0,700,電圧,0,0,0,0,0,2026/04/01 21:40:24
翌々日,20260401,更新後,北海道・本州間電力連系設備,2026/04/03,21:30,逆方向,-350.0,0.0,0,-550.0,-900,熱容量,0,0,0,0,0,2026/04/01 21:40:24
翌々日,20260401,更新後,北海道・本州間電力連系設備,2026/04/03,22:00,順方向,680.0,0.0,0,20.0,700,電圧,0,0,0,0,0,2026/04/01 21:40:24
翌々日,20260401,更新後,北海道・本州間電力連系設備,2026/04/03,22:00,逆方向,-350.0,0.0,0,-550.0,-900,熱容量,0,0,0,0,0,2026/04/01 21:40:24
翌々日,20260401,更新後,北海道・本州間電力連系設備,2026/04/03,22:30,順方向,670.0,0.0,0,30.0,700,電圧,0,0,0,0,0,2026/04/01 21:40:24
翌々日,20260401,更新後,北海道・本州間電力連系設備,2026/04/03,22:30,逆方向,-350.0,0.0,0,-550.0,-900,熱容量,0,0,0,0,0,2026/04/01 21:40:24
翌々日,20260401,更新後,北海道・本州間電力連系設備,2026/04/03,23:00,順方向,670.0,0.0,0,30.0,700,電圧,0,0,0,0,0,2026/04/01 21:40:24
翌々日,20260401,更新後,北海道・本州間電力連系設備,2026/04/03,23:00,逆方向,-350.0,0.0,0,-550.0,-900,熱容量,0,0,0,0,0,2026/04/01 21:40:24
翌々日,20260401,更新後,北海道・本州間電力連系設備,2026/04/03,23:30,順方向,670.0,0.0,0,30.0,700,電圧,0,0,0,0,0,2026/04/01 21:40:24
翌々日,20260401,更新後,北海道・本州間電力連系設備,2026/04/03,23:30,逆方向,-350.0,0.0,0,-550.0,-900,熱容量,0,0,0,0,0,2026/04/01 21:40:24
翌々日,20260401,更新後,北海道・本州間電力連系設備,2026/04/03,24:00,順方向,670.0,0.0,0,30.0,700,電圧,0,0,0,0,0,2026/04/01 21:40:24
翌々日,20260401,更新後,北海道・本州間電力連系設備,2026/04/03,24:00,逆方向,-350.0,0.0,0,-550.0,-900,熱容量,0,0,0,0,0,2026/04/01 21:40:24
翌々日,20260401,更新後,相馬双葉幹線,2026/04/03,00:30,順方向,3450.0,0.0,0,0.0,3450,熱容量（作業）,0,0,0,0,0,2026/04/01 21:40:24
翌々日,20260401,更新後,相馬双葉幹線,2026/04/03,00:30,逆方向,-2360.0,0.0,0,0.0,-2360,熱容量,0,0,0,0,0,2026/04/01 21:40:24
翌々日,20260401,更新後,相馬双葉幹線,2026/04/03,01:00,順方向,3450.0,0.0,0,0.0,3450,熱容量（作業）,0,0,0,0,0,2026/04/01 21:40:24
翌々日,20260401,更新後,相馬双葉幹線,2026/04/03,01:00,逆方向,-2360.0,0.0,0,0.0,-2360,熱容量,0,0,0,0,0,2026/04/01 21:40:24
翌々日,20260401,更新後,相馬双葉幹線,2026/04/03,01:30,順方向,3450.0,0.0,0,0.0,3450,熱容量（作業）,0,0,0,0,0,2026/04/01 21:40:24
翌々日,20260401,更新後,相馬双葉幹線,2026/04/03,01:30,逆方向,-2360.0,0.0,0,0.0,-2360,熱容量,0,0,0,0,0,2026/04/01 21:40:24
翌々日,20260401,更新後,相馬双葉幹線,2026/04/03,02:00,順方向,3450.0,0.0,0,0.0,3450,熱容量（作業）,0,0,0,0,0,2026/04/01 21:40:24
翌々日,20260401,更新後,相馬双葉幹線,2026/04/03,02:00,逆方向,-2360.0,0.0,0,0.0,-2360,熱容量,0,0,0,0,0,2026/04/01 21:40:24
翌々日,20260401,更新後,相馬双葉幹線,2026/04/03,02:30,順方向,3450.0,0.0,0,0.0,3450,熱容量（作業）,0,0,0,0,0,2026/04/01 21:40:24
翌々日,20260401,更新後,相馬双葉幹線,2026/04/03,02:30,逆方向,-2360.0,0.0,0,0.0,-2360,熱容量,0,0,0,0,0,2026/04/01 21:40:24
翌々日,20260401,更新後,相馬双葉幹線,2026/04/03,03:00,順方向,3450.0,0.0,0,0.0,3450,熱容量（作業）,0,0,0,0,0,2026/04/01 21:40:24
翌々日,20260401,更新後,相馬双葉幹線,2026/04/03,03:00,逆方向,-2360.0,0.0,0,0.0,-2360,熱容量,0,0,0,0,0,2026/04/01 21:40:24
翌々日,20260401,更新後,相馬双葉幹線,2026/04/03,03:30,順方向,3450.0,0.0,0,0.0,3450,熱容量（作業）,0,0,0,0,0,2026/04/01 21:40:24
翌々日,20260401,更新後,相馬双葉幹線,2026/04/03,03:30,逆方向,-2360.0,0.0,0,0.0,-2360,熱容量,0,0,0,0,0,2026/04/01 21:40:24
翌々日,20260401,更新後,相馬双葉幹線,2026/04/03,04:00,順方向,3450.0,0.0,0,0.0,3450,熱容量（作業）,0,0,0,0,0,2026/04/01 21:40:24
翌々日,20260401,更新後,相馬双葉幹線,2026/04/03,04:00,逆方向,-2360.0,0.0,0,0.0,-2360,熱容量,0,0,0,0,0,2026/04/01 21:40:24
翌々日,20260401,更新後,相馬双葉幹線,2026/04/03,04:30,順方向,3450.0,0.0,0,0.0,3450,熱容量（作業）,0,0,0,0,0,2026/04/01 21:40:24
翌々日,20260401,更新後,相馬双葉幹線,2026/04/03,04:30,逆方向,-2360.0,0.0,0,0.0,-2360,熱容量,0,0,0,0,0,2026/04/01 21:40:24
翌々日,20260401,更新後,相馬双葉幹線,2026/04/03,05:00,順方向,3450.0,0.0,0,0.0,3450,熱容量（作業）,0,0,0,0,0,2026/04/01 21:40:24
翌々日,20260401,更新後,相馬双葉幹線,2026/04/03,05:00,逆方向,-2360.0,0.0,0,0.0,-2360,熱容量,0,0,0,0,0,2026/04/01 21:40:24
翌々日,20260401,更新後,相馬双葉幹線,2026/04/03,05:30,順方向,3450.0,0.0,0,0.0,3450,熱容量（作業）,0,0,0,0,0,2026/04/01 21:40:24
翌々日,20260401,更新後,相馬双葉幹線,2026/04/03,05:30,逆方向,-2360.0,0.0,0,0.0,-2360,熱容量,0,0,0,0,0,2026/04/01 21:40:24
翌々日,20260401,更新後,相馬双葉幹線,2026/04/03,06:00,順方向,3450.0,0.0,0,0.0,3450,熱容量（作業）,0,0,0,0,0,2026/04/01 21:40:24
翌々日,20260401,更新後,相馬双葉幹線,2026/04/03,06:00,逆方向,-2360.0,0.0,0,0.0,-2360,熱容量,0,0,0,0,0,2026/04/01 21:40:24
翌々日,20260401,更新後,相馬双葉幹線,2026/04/03,06:30,順方向,3450.0,0.0,0,0.0,3450,熱容量（作業）,0,0,0,0,0,2026/04/01 21:40:24
翌々日,20260401,更新後,相馬双葉幹線,2026/04/03,06:30,逆方向,-2360.0,0.0,0,0.0,-2360,熱容量,0,0,0,0,0,2026/04/01 21:40:24
翌々日,20260401,更新後,相馬双葉幹線,2026/04/03,07:00,順方向,3450.0,0.0,0,0.0,3450,熱容量（作業）,0,0,0,0,0,2026/04/01 21:40:24
翌々日,20260401,更新後,相馬双葉幹線,2026/04/03,07:00,逆方向,-2360.0,0.0,0,0.0,-2360,熱容量,0,0,0,0,0,2026/04/01 21:40:24
翌々日,20260401,更新後,相馬双葉幹線,2026/04/03,07:30,順方向,3450.0,0.0,0,0.0,3450,熱容量（作業）,0,0,0,0,0,2026/04/01 21:40:24
翌々日,20260401,更新後,相馬双葉幹線,2026/04/03,07:30,逆方向,-2360.0,0.0,0,0.0,-2360,熱容量,0,0,0,0,0,2026/04/01 21:40:24
翌々日,20260401,更新後,相馬双葉幹線,2026/04/03,08:00,順方向,3450.0,0.0,0,0.0,3450,熱容量（作業）,0,0,0,0,0,2026/04/01 21:40:24
翌々日,20260401,更新後,相馬双葉幹線,2026/04/03,08:00,逆方向,-2360.0,0.0,0,0.0,-2360,熱容量,0,0,0,0,0,2026/04/01 21:40:24
翌々日,20260401,更新後,相馬双葉幹線,2026/04/03,08:30,順方向,3550.0,0.0,0,0.0,3550,熱容量（作業）,0,0,0,0,0,2026/04/01 21:40:24
翌々日,20260401,更新後,相馬双葉幹線,2026/04/03,08:30,逆方向,-2360.0,0.0,0,0.0,-2360,熱容量,0,0,0,0,0,2026/04/01 21:40:24
翌々日,20260401,更新後,相馬双葉幹線,2026/04/03,09:00,順方向,3550.0,0.0,0,0.0,3550,熱容量（作業）,0,0,0,0,0,2026/04/01 21:40:24
翌々日,20260401,更新後,相馬双葉幹線,2026/04/03,09:00,逆方向,-2360.0,0.0,0,0.0,-2360,熱容量,0,0,0,0,0,2026/04/01 21:40:24
翌々日,20260401,更新後,相馬双葉幹線,2026/04/03,09:30,順方向,3550.0,0.0,0,0.0,3550,熱容量（作業）,0,0,0,0,0,2026/04/01 21:40:24
翌々日,20260401,更新後,相馬双葉幹線,2026/04/03,09:30,逆方向,-2360.0,0.0,0,0.0,-2360,熱容量,0,0,0,0,0,2026/04/01 21:40:24
翌々日,20260401,更新後,相馬双葉幹線,2026/04/03,10:00,順方向,3550.0,0.0,0,0.0,3550,熱容量（作業）,0,0,0,0,0,2026/04/01 21:40:24
翌々日,20260401,更新後,相馬双葉幹線,2026/04/03,10:00,逆方向,-2360.0,0.0,0,0.0,-2360,熱容量,0,0,0,0,0,2026/04/01 21:40:24
翌々日,20260401,更新後,相馬双葉幹線,2026/04/03,10:30,順方向,3550.0,0.0,0,0.0,3550,熱容量（作業）,0,0,0,0,0,2026/04/01 21:40:24
翌々日,20260401,更新後,相馬双葉幹線,2026/04/03,10:30,逆方向,-2360.0,0.0,0,0.0,-2360,熱容量,0,0,0,0,0,2026/04/01 21:40:24
翌々日,20260401,更新後,相馬双葉幹線,2026/04/03,11:00,順方向,3550.0,0.0,0,0.0,3550,熱容量（作業）,0,0,0,0,0,2026/04/01 21:40:24
翌々日,20260401,更新後,相馬双葉幹線,2026/04/03,11:00,逆方向,-2360.0,0.0,0,0.0,-2360,熱容量,0,0,0,0,0,2026/04/01 21:40:24
翌々日,20260401,更新後,相馬双葉幹線,2026/04/03,11:30,順方向,3550.0,0.0,0,0.0,3550,熱容量（作業）,0,0,0,0,0,2026/04/01 21:40:24
翌々日,20260401,更新後,相馬双葉幹線,2026/04/03,11:30,逆方向,-2360.0,0.0,0,0.0,-2360,熱容量,0,0,0,0,0,2026/04/01 21:40:24
翌々日,20260401,更新後,相馬双葉幹線,2026/04/03,12:00,順方向,3550.0,0.0,0,0.0,3550,熱容量（作業）,0,0,0,0,0,2026/04/01 21:40:24
翌々日,20260401,更新後,相馬双葉幹線,2026/04/03,12:00,逆方向,-2360.0,0.0,0,0.0,-2360,熱容量,0,0,0,0,0,2026/04/01 21:40:24
翌々日,20260401,更新後,相馬双葉幹線,2026/04/03,12:30,順方向,3550.0,0.0,0,0.0,3550,熱容量（作業）,0,0,0,0,0,2026/04/01 21:40:24
翌々日,20260401,更新後,相馬双葉幹線,2026/04/03,12:30,逆方向,-2360.0,0.0,0,0.0,-2360,熱容量,0,0,0,0,0,2026/04/01 21:40:24
翌々日,20260401,更新後,相馬双葉幹線,2026/04/03,13:00,順方向,3550.0,0.0,0,0.0,3550,熱容量（作業）,0,0,0,0,0,2026/04/01 21:40:24
翌々日,20260401,更新後,相馬双葉幹線,2026/04/03,13:00,逆方向,-2360.0,0.0,0,0.0,-2360,熱容量,0,0,0,0,0,2026/04/01 21:40:24
翌々日,20260401,更新後,相馬双葉幹線,2026/04/03,13:30,順方向,3550.0,0.0,0,0.0,3550,熱容量（作業）,0,0,0,0,0,2026/04/01 21:40:24
翌々日,20260401,更新後,相馬双葉幹線,2026/04/03,13:30,逆方向,-2360.0,0.0,0,0.0,-2360,熱容量,0,0,0,0,0,2026/04/01 21:40:24
翌々日,20260401,更新後,相馬双葉幹線,2026/04/03,14:00,順方向,3550.0,0.0,0,0.0,3550,熱容量（作業）,0,0,0,0,0,2026/04/01 21:40:24
翌々日,20260401,更新後,相馬双葉幹線,2026/04/03,14:00,逆方向,-2360.0,0.0,0,0.0,-2360,熱容量,0,0,0,0,0,2026/04/01 21:40:24
翌々日,20260401,更新後,相馬双葉幹線,2026/04/03,14:30,順方向,3550.0,0.0,0,0.0,3550,熱容量（作業）,0,0,0,0,0,2026/04/01 21:40:24
翌々日,20260401,更新後,相馬双葉幹線,2026/04/03,14:30,逆方向,-2360.0,0.0,0,0.0,-2360,熱容量,0,0,0,0,0,2026/04/01 21:40:24
翌々日,20260401,更新後,相馬双葉幹線,2026/04/03,15:00,順方向,3550.0,0.0,0,0.0,3550,熱容量（作業）,0,0,0,0,0,2026/04/01 21:40:24
翌々日,20260401,更新後,相馬双葉幹線,2026/04/03,15:00,逆方向,-2360.0,0.0,0,0.0,-2360,熱容量,0,0,0,0,0,2026/04/01 21:40:24
翌々日,20260401,更新後,相馬双葉幹線,2026/04/03,15:30,順方向,3550.0,0.0,0,0.0,3550,熱容量（作業）,0,0,0,0,0,2026/04/01 21:40:24
翌々日,20260401,更新後,相馬双葉幹線,2026/04/03,15:30,逆方向,-2360.0,0.0,0,0.0,-2360,熱容量,0,0,0,0,0,2026/04/01 21:40:24
翌々日,20260401,更新後,相馬双葉幹線,2026/04/03,16:00,順方向,3550.0,0.0,0,0.0,3550,熱容量（作業）,0,0,0,0,0,2026/04/01 21:40:24
翌々日,20260401,更新後,相馬双葉幹線,2026/04/03,16:00,逆方向,-2360.0,0.0,0,0.0,-2360,熱容量,0,0,0,0,0,2026/04/01 21:40:24
翌々日,20260401,更新後,相馬双葉幹線,2026/04/03,16:30,順方向,3550.0,0.0,0,0.0,3550,熱容量（作業）,0,0,0,0,0,2026/04/01 21:40:24
翌々日,20260401,更新後,相馬双葉幹線,2026/04/03,16:30,逆方向,-2360.0,0.0,0,0.0,-2360,熱容量,0,0,0,0,0,2026/04/01 21:40:24
翌々日,20260401,更新後,相馬双葉幹線,2026/04/03,17:00,順方向,3550.0,0.0,0,0.0,3550,熱容量（作業）,0,0,0,0,0,2026/04/01 21:40:24
翌々日,20260401,更新後,相馬双葉幹線,2026/04/03,17:00,逆方向,-2360.0,0.0,0,0.0,-2360,熱容量,0,0,0,0,0,2026/04/01 21:40:24
翌々日,20260401,更新後,相馬双葉幹線,2026/04/03,17:30,順方向,3550.0,0.0,0,0.0,3550,熱容量（作業）,0,0,0,0,0,2026/04/01 21:40:24
翌々日,20260401,更新後,相馬双葉幹線,2026/04/03,17:30,逆方向,-2360.0,0.0,0,0.0,-2360,熱容量,0,0,0,0,0,2026/04/01 21:40:24
翌々日,20260401,更新後,相馬双葉幹線,2026/04/03,18:00,順方向,3550.0,0.0,0,0.0,3550,熱容量（作業）,0,0,0,0,0,2026/04/01 21:40:24
翌々日,20260401,更新後,相馬双葉幹線,2026/04/03,18:00,逆方向,-2360.0,0.0,0,0.0,-2360,熱容量,0,0,0,0,0,2026/04/01 21:40:24
翌々日,20260401,更新後,相馬双葉幹線,2026/04/03,18:30,順方向,3550.0,0.0,0,0.0,3550,熱容量（作業）,0,0,0,0,0,2026/04/01 21:40:24
翌々日,20260401,更新後,相馬双葉幹線,2026/04/03,18:30,逆方向,-2360.0,0.0,0,0.0,-2360,熱容量,0,0,0,0,0,2026/04/01 21:40:24
翌々日,20260401,更新後,相馬双葉幹線,2026/04/03,19:00,順方向,3550.0,0.0,0,0.0,3550,熱容量（作業）,0,0,0,0,0,2026/04/01 21:40:24
翌々日,20260401,更新後,相馬双葉幹線,2026/04/03,19:00,逆方向,-2360.0,0.0,0,0.0,-2360,熱容量,0,0,0,0,0,2026/04/01 21:40:24
翌々日,20260401,更新後,相馬双葉幹線,2026/04/03,19:30,順方向,3550.0,0.0,0,0.0,3550,熱容量（作業）,0,0,0,0,0,2026/04/01 21:40:24
翌々日,20260401,更新後,相馬双葉幹線,2026/04/03,19:30,逆方向,-2360.0,0.0,0,0.0,-2360,熱容量,0,0,0,0,0,2026/04/01 21:40:24
翌々日,20260401,更新後,相馬双葉幹線,2026/04/03,20:00,順方向,3550.0,0.0,0,0.0,3550,熱容量（作業）,0,0,0,0,0,2026/04/01 21:40:24
翌々日,20260401,更新後,相馬双葉幹線,2026/04/03,20:00,逆方向,-2360.0,0.0,0,0.0,-2360,熱容量,0,0,0,0,0,2026/04/01 21:40:24
翌々日,20260401,更新後,相馬双葉幹線,2026/04/03,20:30,順方向,3550.0,0.0,0,0.0,3550,熱容量（作業）,0,0,0,0,0,2026/04/01 21:40:24
翌々日,20260401,更新後,相馬双葉幹線,2026/04/03,20:30,逆方向,-2360.0,0.0,0,0.0,-2360,熱容量,0,0,0,0,0,2026/04/01 21:40:24
翌々日,20260401,更新後,相馬双葉幹線,2026/04/03,21:00,順方向,3550.0,0.0,0,0.0,3550,熱容量（作業）,0,0,0,0,0,2026/04/01 21:40:24
翌々日,20260401,更新後,相馬双葉幹線,2026/04/03,21:00,逆方向,-2360.0,0.0,0,0.0,-2360,熱容量,0,0,0,0,0,2026/04/01 21:40:24
翌々日,20260401,更新後,相馬双葉幹線,2026/04/03,21:30,順方向,3550.0,0.0,0,0.0,3550,熱容量（作業）,0,0,0,0,0,2026/04/01 21:40:24
翌々日,20260401,更新後,相馬双葉幹線,2026/04/03,21:30,逆方向,-2360.0,0.0,0,0.0,-2360,熱容量,0,0,0,0,0,2026/04/01 21:40:24
翌々日,20260401,更新後,相馬双葉幹線,2026/04/03,22:00,順方向,3550.0,0.0,0,0.0,3550,熱容量（作業）,0,0,0,0,0,2026/04/01 21:40:24
翌々日,20260401,更新後,相馬双葉幹線,2026/04/03,22:00,逆方向,-2360.0,0.0,0,0.0,-2360,熱容量,0,0,0,0,0,2026/04/01 21:40:24
翌々日,20260401,更新後,相馬双葉幹線,2026/04/03,22:30,順方向,3450.0,0.0,0,0.0,3450,熱容量（作業）,0,0,0,0,0,2026/04/01 21:40:24
翌々日,20260401,更新後,相馬双葉幹線,2026/04/03,22:30,逆方向,-2360.0,0.0,0,0.0,-2360,熱容量,0,0,0,0,0,2026/04/01 21:40:24
翌々日,20260401,更新後,相馬双葉幹線,2026/04/03,23:00,順方向,3450.0,0.0,0,0.0,3450,熱容量（作業）,0,0,0,0,0,2026/04/01 21:40:24
翌々日,20260401,更新後,相馬双葉幹線,2026/04/03,23:00,逆方向,-2360.0,0.0,0,0.0,-2360,熱容量,0,0,0,0,0,2026/04/01 21:40:24
翌々日,20260401,更新後,相馬双葉幹線,2026/04/03,23:30,順方向,3450.0,0.0,0,0.0,3450,熱容量（作業）,0,0,0,0,0,2026/04/01 21:40:24
翌々日,20260401,更新後,相馬双葉幹線,2026/04/03,23:30,逆方向,-2360.0,0.0,0,0.0,-2360,熱容量,0,0,0,0,0,2026/04/01 21:40:24
翌々日,20260401,更新後,相馬双葉幹線,2026/04/03,24:00,順方向,3450.0,0.0,0,0.0,3450,熱容量（作業）,0,0,0,0,0,2026/04/01 21:40:24
翌々日,20260401,更新後,相馬双葉幹線,2026/04/03,24:00,逆方向,-2360.0,0.0,0,0.0,-2360,熱容量,0,0,0,0,0,2026/04/01 21:40:24
翌々日,20260401,更新後,周波数変換設備,2026/04/03,00:30,順方向,1200.0,0.0,0,600.0,1800,熱容量（作業）,0,0,0,0,0,2026/04/01 21:40:24
翌々日,20260401,更新後,周波数変換設備,2026/04/03,00:30,逆方向,-1200.0,0.0,0,-600.0,-1800,熱容量（作業）,0,0,0,0,0,2026/04/01 21:40:24
翌々日,20260401,更新後,周波数変換設備,2026/04/03,01:00,順方向,1200.0,0.0,0,600.0,1800,熱容量（作業）,0,0,0,0,0,2026/04/01 21:40:24
翌々日,20260401,更新後,周波数変換設備,2026/04/03,01:00,逆方向,-1200.0,0.0,0,-600.0,-1800,熱容量（作業）,0,0,0,0,0,2026/04/01 21:40:24
翌々日,20260401,更新後,周波数変換設備,2026/04/03,01:30,順方向,1200.0,0.0,0,600.0,1800,熱容量（作業）,0,0,0,0,0,2026/04/01 21:40:24
翌々日,20260401,更新後,周波数変換設備,2026/04/03,01:30,逆方向,-1200.0,0.0,0,-600.0,-1800,熱容量（作業）,0,0,0,0,0,2026/04/01 21:40:24
翌々日,20260401,更新後,周波数変換設備,2026/04/03,02:00,順方向,1200.0,0.0,0,600.0,1800,熱容量（作業）,0,0,0,0,0,2026/04/01 21:40:24
翌々日,20260401,更新後,周波数変換設備,2026/04/03,02:00,逆方向,-1200.0,0.0,0,-600.0,-1800,熱容量（作業）,0,0,0,0,0,2026/04/01 21:40:24
翌々日,20260401,更新後,周波数変換設備,2026/04/03,02:30,順方向,1200.0,0.0,0,600.0,1800,熱容量（作業）,0,0,0,0,0,2026/04/01 21:40:24
翌々日,20260401,更新後,周波数変換設備,2026/04/03,02:30,逆方向,-1200.0,0.0,0,-600.0,-1800,熱容量（作業）,0,0,0,0,0,2026/04/01 21:40:24
翌々日,20260401,更新後,周波数変換設備,2026/04/03,03:00,順方向,1200.0,0.0,0,600.0,1800,熱容量（作業）,0,0,0,0,0,2026/04/01 21:40:24
翌々日,20260401,更新後,周波数変換設備,2026/04/03,03:00,逆方向,-1200.0,0.0,0,-600.0,-1800,熱容量（作業）,0,0,0,0,0,2026/04/01 21:40:24
翌々日,20260401,更新後,周波数変換設備,2026/04/03,03:30,順方向,1200.0,0.0,0,600.0,1800,熱容量（作業）,0,0,0,0,0,2026/04/01 21:40:24
翌々日,20260401,更新後,周波数変換設備,2026/04/03,03:30,逆方向,-1200.0,0.0,0,-600.0,-1800,熱容量（作業）,0,0,0,0,0,2026/04/01 21:40:24
翌々日,20260401,更新後,周波数変換設備,2026/04/03,04:00,順方向,1200.0,0.0,0,600.0,1800,熱容量（作業）,0,0,0,0,0,2026/04/01 21:40:24
翌々日,20260401,更新後,周波数変換設備,2026/04/03,04:00,逆方向,-1200.0,0.0,0,-600.0,-1800,熱容量（作業）,0,0,0,0,0,2026/04/01 21:40:24
翌々日,20260401,更新後,周波数変換設備,2026/04/03,04:30,順方向,1200.0,0.0,0,600.0,1800,熱容量（作業）,0,0,0,0,0,2026/04/01 21:40:24
翌々日,20260401,更新後,周波数変換設備,2026/04/03,04:30,逆方向,-1200.0,0.0,0,-600.0,-1800,熱容量（作業）,0,0,0,0,0,2026/04/01 21:40:24
翌々日,20260401,更新後,周波数変換設備,2026/04/03,05:00,順方向,1200.0,0.0,0,600.0,1800,熱容量（作業）,0,0,0,0,0,2026/04/01 21:40:24
翌々日,20260401,更新後,周波数変換設備,2026/04/03,05:00,逆方向,-1200.0,0.0,0,-600.0,-1800,熱容量（作業）,0,0,0,0,0,2026/04/01 21:40:24
翌々日,20260401,更新後,周波数変換設備,2026/04/03,05:30,順方向,1200.0,0.0,0,600.0,1800,熱容量（作業）,0,0,0,0,0,2026/04/01 21:40:24
翌々日,20260401,更新後,周波数変換設備,2026/04/03,05:30,逆方向,-1200.0,0.0,0,-600.0,-1800,熱容量（作業）,0,0,0,0,0,2026/04/01 21:40:24
翌々日,20260401,更新後,周波数変換設備,2026/04/03,06:00,順方向,1200.0,0.0,0,600.0,1800,熱容量（作業）,0,0,0,0,0,2026/04/01 21:40:24
翌々日,20260401,更新後,周波数変換設備,2026/04/03,06:00,逆方向,-1200.0,0.0,0,-600.0,-1800,熱容量（作業）,0,0,0,0,0,2026/04/01 21:40:24
翌々日,20260401,更新後,周波数変換設備,2026/04/03,06:30,順方向,1200.0,0.0,0,600.0,1800,熱容量（作業）,0,0,0,0,0,2026/04/01 21:40:24
翌々日,20260401,更新後,周波数変換設備,2026/04/03,06:30,逆方向,-1200.0,0.0,0,-600.0,-1800,熱容量（作業）,0,0,0,0,0,2026/04/01 21:40:24
翌々日,20260401,更新後,周波数変換設備,2026/04/03,07:00,順方向,1200.0,0.0,0,600.0,1800,熱容量（作業）,0,0,0,0,0,2026/04/01 21:40:24
翌々日,20260401,更新後,周波数変換設備,2026/04/03,07:00,逆方向,-1200.0,0.0,0,-600.0,-1800,熱容量（作業）,0,0,0,0,0,2026/04/01 21:40:24
翌々日,20260401,更新後,周波数変換設備,2026/04/03,07:30,順方向,1200.0,0.0,0,600.0,1800,熱容量（作業）,0,0,0,0,0,2026/04/01 21:40:24
翌々日,20260401,更新後,周波数変換設備,2026/04/03,07:30,逆方向,-1200.0,0.0,0,-600.0,-1800,熱容量（作業）,0,0,0,0,0,2026/04/01 21:40:24
翌々日,20260401,更新後,周波数変換設備,2026/04/03,08:00,順方向,300.0,0.0,0,600.0,900,熱容量（作業）,0,0,0,0,0,2026/04/01 21:40:24
翌々日,20260401,更新後,周波数変換設備,2026/04/03,08:00,逆方向,-300.0,0.0,0,-600.0,-900,熱容量（作業）,0,0,0,0,0,2026/04/01 21:40:24
翌々日,20260401,更新後,周波数変換設備,2026/04/03,08:30,順方向,300.0,0.0,0,600.0,900,熱容量（作業）,0,0,0,0,0,2026/04/01 21:40:24
翌々日,20260401,更新後,周波数変換設備,2026/04/03,08:30,逆方向,-300.0,0.0,0,-600.0,-900,熱容量（作業）,0,0,0,0,0,2026/04/01 21:40:24
翌々日,20260401,更新後,周波数変換設備,2026/04/03,09:00,順方向,750.0,0.0,0,600.0,1350,熱容量（作業）,0,0,0,0,0,2026/04/01 21:40:24
翌々日,20260401,更新後,周波数変換設備,2026/04/03,09:00,逆方向,-750.0,0.0,0,-600.0,-1350,熱容量（作業）,0,0,0,0,0,2026/04/01 21:40:24
翌々日,20260401,更新後,周波数変換設備,2026/04/03,09:30,順方向,750.0,0.0,0,600.0,1350,熱容量（作業）,0,0,0,0,0,2026/04/01 21:40:24
翌々日,20260401,更新後,周波数変換設備,2026/04/03,09:30,逆方向,-750.0,0.0,0,-600.0,-1350,熱容量（作業）,0,0,0,0,0,2026/04/01 21:40:24
翌々日,20260401,更新後,周波数変換設備,2026/04/03,10:00,順方向,750.0,0.0,0,600.0,1350,熱容量（作業）,0,0,0,0,0,2026/04/01 21:40:24
翌々日,20260401,更新後,周波数変換設備,2026/04/03,10:00,逆方向,-750.0,0.0,0,-600.0,-1350,熱容量（作業）,0,0,0,0,0,2026/04/01 21:40:24
翌々日,20260401,更新後,周波数変換設備,2026/04/03,10:30,順方向,750.0,0.0,0,600.0,1350,熱容量（作業）,0,0,0,0,0,2026/04/01 21:40:24
翌々日,20260401,更新後,周波数変換設備,2026/04/03,10:30,逆方向,-750.0,0.0,0,-600.0,-1350,熱容量（作業）,0,0,0,0,0,2026/04/01 21:40:24
翌々日,20260401,更新後,周波数変換設備,2026/04/03,11:00,順方向,750.0,0.0,0,600.0,1350,熱容量（作業）,0,0,0,0,0,2026/04/01 21:40:24
翌々日,20260401,更新後,周波数変換設備,2026/04/03,11:00,逆方向,-750.0,0.0,0,-600.0,-1350,熱容量（作業）,0,0,0,0,0,2026/04/01 21:40:24
翌々日,20260401,更新後,周波数変換設備,2026/04/03,11:30,順方向,750.0,0.0,0,600.0,1350,熱容量（作業）,0,0,0,0,0,2026/04/01 21:40:24
翌々日,20260401,更新後,周波数変換設備,2026/04/03,11:30,逆方向,-750.0,0.0,0,-600.0,-1350,熱容量（作業）,0,0,0,0,0,2026/04/01 21:40:24
翌々日,20260401,更新後,周波数変換設備,2026/04/03,12:00,順方向,750.0,0.0,0,600.0,1350,熱容量（作業）,0,0,0,0,0,2026/04/01 21:40:24
翌々日,20260401,更新後,周波数変換設備,2026/04/03,12:00,逆方向,-750.0,0.0,0,-600.0,-1350,熱容量（作業）,0,0,0,0,0,2026/04/01 21:40:24
翌々日,20260401,更新後,周波数変換設備,2026/04/03,12:30,順方向,750.0,0.0,0,600.0,1350,熱容量（作業）,0,0,0,0,0,2026/04/01 21:40:24
翌々日,20260401,更新後,周波数変換設備,2026/04/03,12:30,逆方向,-750.0,0.0,0,-600.0,-1350,熱容量（作業）,0,0,0,0,0,2026/04/01 21:40:24
翌々日,20260401,更新後,周波数変換設備,2026/04/03,13:00,順方向,750.0,0.0,0,600.0,1350,熱容量（作業）,0,0,0,0,0,2026/04/01 21:40:24
翌々日,20260401,更新後,周波数変換設備,2026/04/03,13:00,逆方向,-750.0,0.0,0,-600.0,-1350,熱容量（作業）,0,0,0,0,0,2026/04/01 21:40:24
翌々日,20260401,更新後,周波数変換設備,2026/04/03,13:30,順方向,750.0,0.0,0,600.0,1350,熱容量（作業）,0,0,0,0,0,2026/04/01 21:40:24
翌々日,20260401,更新後,周波数変換設備,2026/04/03,13:30,逆方向,-750.0,0.0,0,-600.0,-1350,熱容量（作業）,0,0,0,0,0,2026/04/01 21:40:24
翌々日,20260401,更新後,周波数変換設備,2026/04/03,14:00,順方向,750.0,0.0,0,600.0,1350,熱容量（作業）,0,0,0,0,0,2026/04/01 21:40:24
翌々日,20260401,更新後,周波数変換設備,2026/04/03,14:00,逆方向,-750.0,0.0,0,-600.0,-1350,熱容量（作業）,0,0,0,0,0,2026/04/01 21:40:24
翌々日,20260401,更新後,周波数変換設備,2026/04/03,14:30,順方向,750.0,0.0,0,600.0,1350,熱容量（作業）,0,0,0,0,0,2026/04/01 21:40:24
翌々日,20260401,更新後,周波数変換設備,2026/04/03,14:30,逆方向,-750.0,0.0,0,-600.0,-1350,熱容量（作業）,0,0,0,0,0,2026/04/01 21:40:24
翌々日,20260401,更新後,周波数変換設備,2026/04/03,15:00,順方向,750.0,0.0,0,600.0,1350,熱容量（作業）,0,0,0,0,0,2026/04/01 21:40:24
翌々日,20260401,更新後,周波数変換設備,2026/04/03,15:00,逆方向,-750.0,0.0,0,-600.0,-1350,熱容量（作業）,0,0,0,0,0,2026/04/01 21:40:24
翌々日,20260401,更新後,周波数変換設備,2026/04/03,15:30,順方向,750.0,0.0,0,600.0,1350,熱容量（作業）,0,0,0,0,0,2026/04/01 21:40:24
翌々日,20260401,更新後,周波数変換設備,2026/04/03,15:30,逆方向,-750.0,0.0,0,-600.0,-1350,熱容量（作業）,0,0,0,0,0,2026/04/01 21:40:24
翌々日,20260401,更新後,周波数変換設備,2026/04/03,16:00,順方向,750.0,0.0,0,600.0,1350,熱容量（作業）,0,0,0,0,0,2026/04/01 21:40:24
翌々日,20260401,更新後,周波数変換設備,2026/04/03,16:00,逆方向,-750.0,0.0,0,-600.0,-1350,熱容量（作業）,0,0,0,0,0,2026/04/01 21:40:24
翌々日,20260401,更新後,周波数変換設備,2026/04/03,16:30,順方向,750.0,0.0,0,600.0,1350,熱容量（作業）,0,0,0,0,0,2026/04/01 21:40:24
翌々日,20260401,更新後,周波数変換設備,2026/04/03,16:30,逆方向,-750.0,0.0,0,-600.0,-1350,熱容量（作業）,0,0,0,0,0,2026/04/01 21:40:24
翌々日,20260401,更新後,周波数変換設備,2026/04/03,17:00,順方向,750.0,0.0,0,600.0,1350,熱容量（作業）,0,0,0,0,0,2026/04/01 21:40:24
翌々日,20260401,更新後,周波数変換設備,2026/04/03,17:00,逆方向,-750.0,0.0,0,-600.0,-1350,熱容量（作業）,0,0,0,0,0,2026/04/01 21:40:24
翌々日,20260401,更新後,周波数変換設備,2026/04/03,17:30,順方向,750.0,0.0,0,600.0,1350,熱容量（作業）,0,0,0,0,0,2026/04/01 21:40:24
翌々日,20260401,更新後,周波数変換設備,2026/04/03,17:30,逆方向,-750.0,0.0,0,-600.0,-1350,熱容量（作業）,0,0,0,0,0,2026/04/01 21:40:24
翌々日,20260401,更新後,周波数変換設備,2026/04/03,18:00,順方向,750.0,0.0,0,600.0,1350,熱容量（作業）,0,0,0,0,0,2026/04/01 21:40:24
翌々日,20260401,更新後,周波数変換設備,2026/04/03,18:00,逆方向,-750.0,0.0,0,-600.0,-1350,熱容量（作業）,0,0,0,0,0,2026/04/01 21:40:24
翌々日,20260401,更新後,周波数変換設備,2026/04/03,18:30,順方向,750.0,0.0,0,600.0,1350,熱容量（作業）,0,0,0,0,0,2026/04/01 21:40:24
翌々日,20260401,更新後,周波数変換設備,2026/04/03,18:30,逆方向,-750.0,0.0,0,-600.0,-1350,熱容量（作業）,0,0,0,0,0,2026/04/01 21:40:24
翌々日,20260401,更新後,周波数変換設備,2026/04/03,19:00,順方向,750.0,0.0,0,600.0,1350,熱容量（作業）,0,0,0,0,0,2026/04/01 21:40:24
翌々日,20260401,更新後,周波数変換設備,2026/04/03,19:00,逆方向,-750.0,0.0,0,-600.0,-1350,熱容量（作業）,0,0,0,0,0,2026/04/01 21:40:24
翌々日,20260401,更新後,周波数変換設備,2026/04/03,19:30,順方向,750.0,0.0,0,600.0,1350,熱容量（作業）,0,0,0,0,0,2026/04/01 21:40:24
翌々日,20260401,更新後,周波数変換設備,2026/04/03,19:30,逆方向,-750.0,0.0,0,-600.0,-1350,熱容量（作業）,0,0,0,0,0,2026/04/01 21:40:24
翌々日,20260401,更新後,周波数変換設備,2026/04/03,20:00,順方向,750.0,0.0,0,600.0,1350,熱容量（作業）,0,0,0,0,0,2026/04/01 21:40:24
翌々日,20260401,更新後,周波数変換設備,2026/04/03,20:00,逆方向,-750.0,0.0,0,-600.0,-1350,熱容量（作業）,0,0,0,0,0,2026/04/01 21:40:24
翌々日,20260401,更新後,周波数変換設備,2026/04/03,20:30,順方向,750.0,0.0,0,600.0,1350,熱容量（作業）,0,0,0,0,0,2026/04/01 21:40:24
翌々日,20260401,更新後,周波数変換設備,2026/04/03,20:30,逆方向,-750.0,0.0,0,-600.0,-1350,熱容量（作業）,0,0,0,0,0,2026/04/01 21:40:24
翌々日,20260401,更新後,周波数変換設備,2026/04/03,21:00,順方向,750.0,0.0,0,600.0,1350,熱容量（作業）,0,0,0,0,0,2026/04/01 21:40:24
翌々日,20260401,更新後,周波数変換設備,2026/04/03,21:00,逆方向,-750.0,0.0,0,-600.0,-1350,熱容量（作業）,0,0,0,0,0,2026/04/01 21:40:24
翌々日,20260401,更新後,周波数変換設備,2026/04/03,21:30,順方向,750.0,0.0,0,600.0,1350,熱容量（作業）,0,0,0,0,0,2026/04/01 21:40:24
翌々日,20260401,更新後,周波数変換設備,2026/04/03,21:30,逆方向,-750.0,0.0,0,-600.0,-1350,熱容量（作業）,0,0,0,0,0,2026/04/01 21:40:24
翌々日,20260401,更新後,周波数変換設備,2026/04/03,22:00,順方向,750.0,0.0,0,600.0,1350,熱容量（作業）,0,0,0,0,0,2026/04/01 21:40:24
翌々日,20260401,更新後,周波数変換設備,2026/04/03,22:00,逆方向,-750.0,0.0,0,-600.0,-1350,熱容量（作業）,0,0,0,0,0,2026/04/01 21:40:24
翌々日,20260401,更新後,周波数変換設備,2026/04/03,22:30,順方向,750.0,0.0,0,600.0,1350,熱容量（作業）,0,0,0,0,0,2026/04/01 21:40:24
翌々日,20260401,更新後,周波数変換設備,2026/04/03,22:30,逆方向,-750.0,0.0,0,-600.0,-1350,熱容量（作業）,0,0,0,0,0,2026/04/01 21:40:24
翌々日,20260401,更新後,周波数変換設備,2026/04/03,23:00,順方向,750.0,0.0,0,600.0,1350,熱容量（作業）,0,0,0,0,0,2026/04/01 21:40:24
翌々日,20260401,更新後,周波数変換設備,2026/04/03,23:00,逆方向,-750.0,0.0,0,-600.0,-1350,熱容量（作業）,0,0,0,0,0,2026/04/01 21:40:24
翌々日,20260401,更新後,周波数変換設備,2026/04/03,23:30,順方向,750.0,0.0,0,600.0,1350,熱容量（作業）,0,0,0,0,0,2026/04/01 21:40:24
翌々日,20260401,更新後,周波数変換設備,2026/04/03,23:30,逆方向,-750.0,0.0,0,-600.0,-1350,熱容量（作業）,0,0,0,0,0,2026/04/01 21:40:24
翌々日,20260401,更新後,周波数変換設備,2026/04/03,24:00,順方向,750.0,0.0,0,600.0,1350,熱容量（作業）,0,0,0,0,0,2026/04/01 21:40:24
翌々日,20260401,更新後,周波数変換設備,2026/04/03,24:00,逆方向,-750.0,0.0,0,-600.0,-1350,熱容量（作業）,0,0,0,0,0,2026/04/01 21:40:24
翌々日,20260401,更新後,西播東岡山線・山崎智頭線,2026/04/03,00:30,順方向,4600.0,0.0,0,0.0,4600,電圧,0,0,0,0,0,2026/04/01 21:40:24
翌々日,20260401,更新後,西播東岡山線・山崎智頭線,2026/04/03,00:30,逆方向,-4500.0,0.0,0,0.0,-4500,電圧,0,0,0,0,0,2026/04/01 21:40:24
翌々日,20260401,更新後,西播東岡山線・山崎智頭線,2026/04/03,01:00,順方向,4600.0,0.0,0,0.0,4600,電圧,0,0,0,0,0,2026/04/01 21:40:24
翌々日,20260401,更新後,西播東岡山線・山崎智頭線,2026/04/03,01:00,逆方向,-4500.0,0.0,0,0.0,-4500,電圧,0,0,0,0,0,2026/04/01 21:40:24
翌々日,20260401,更新後,西播東岡山線・山崎智頭線,2026/04/03,01:30,順方向,4600.0,0.0,0,0.0,4600,電圧,0,0,0,0,0,2026/04/01 21:40:24
翌々日,20260401,更新後,西播東岡山線・山崎智頭線,2026/04/03,01:30,逆方向,-4500.0,0.0,0,0.0,-4500,電圧,0,0,0,0,0,2026/04/01 21:40:24
翌々日,20260401,更新後,西播東岡山線・山崎智頭線,2026/04/03,02:00,順方向,4600.0,0.0,0,0.0,4600,電圧,0,0,0,0,0,2026/04/01 21:40:24
翌々日,20260401,更新後,西播東岡山線・山崎智頭線,2026/04/03,02:00,逆方向,-4500.0,0.0,0,0.0,-4500,電圧,0,0,0,0,0,2026/04/01 21:40:24
翌々日,20260401,更新後,西播東岡山線・山崎智頭線,2026/04/03,02:30,順方向,4600.0,0.0,0,0.0,4600,電圧,0,0,0,0,0,2026/04/01 21:40:24
翌々日,20260401,更新後,西播東岡山線・山崎智頭線,2026/04/03,02:30,逆方向,-4500.0,0.0,0,0.0,-4500,電圧,0,0,0,0,0,2026/04/01 21:40:24
翌々日,20260401,更新後,西播東岡山線・山崎智頭線,2026/04/03,03:00,順方向,4600.0,0.0,0,0.0,4600,電圧,0,0,0,0,0,2026/04/01 21:40:24
翌々日,20260401,更新後,西播東岡山線・山崎智頭線,2026/04/03,03:00,逆方向,-4500.0,0.0,0,0.0,-4500,電圧,0,0,0,0,0,2026/04/01 21:40:24
翌々日,20260401,更新後,西播東岡山線・山崎智頭線,2026/04/03,03:30,順方向,4600.0,0.0,0,0.0,4600,電圧,0,0,0,0,0,2026/04/01 21:40:24
翌々日,20260401,更新後,西播東岡山線・山崎智頭線,2026/04/03,03:30,逆方向,-4500.0,0.0,0,0.0,-4500,電圧,0,0,0,0,0,2026/04/01 21:40:24
翌々日,20260401,更新後,西播東岡山線・山崎智頭線,2026/04/03,04:00,順方向,4600.0,0.0,0,0.0,4600,電圧,0,0,0,0,0,2026/04/01 21:40:24
翌々日,20260401,更新後,西播東岡山線・山崎智頭線,2026/04/03,04:00,逆方向,-4500.0,0.0,0,0.0,-4500,電圧,0,0,0,0,0,2026/04/01 21:40:24
翌々日,20260401,更新後,西播東岡山線・山崎智頭線,2026/04/03,04:30,順方向,4600.0,0.0,0,0.0,4600,電圧,0,0,0,0,0,2026/04/01 21:40:24
翌々日,20260401,更新後,西播東岡山線・山崎智頭線,2026/04/03,04:30,逆方向,-4500.0,0.0,0,0.0,-4500,電圧,0,0,0,0,0,2026/04/01 21:40:24
翌々日,20260401,更新後,西播東岡山線・山崎智頭線,2026/04/03,05:00,順方向,4600.0,0.0,0,0.0,4600,電圧,0,0,0,0,0,2026/04/01 21:40:24
翌々日,20260401,更新後,西播東岡山線・山崎智頭線,2026/04/03,05:00,逆方向,-4500.0,0.0,0,0.0,-4500,電圧,0,0,0,0,0,2026/04/01 21:40:24
翌々日,20260401,更新後,西播東岡山線・山崎智頭線,2026/04/03,05:30,順方向,4600.0,0.0,0,0.0,4600,電圧,0,0,0,0,0,2026/04/01 21:40:24
翌々日,20260401,更新後,西播東岡山線・山崎智頭線,2026/04/03,05:30,逆方向,-4500.0,0.0,0,0.0,-4500,電圧,0,0,0,0,0,2026/04/01 21:40:24
翌々日,20260401,更新後,西播東岡山線・山崎智頭線,2026/04/03,06:00,順方向,4600.0,0.0,0,0.0,4600,電圧,0,0,0,0,0,2026/04/01 21:40:24
翌々日,20260401,更新後,西播東岡山線・山崎智頭線,2026/04/03,06:00,逆方向,-4500.0,0.0,0,0.0,-4500,電圧,0,0,0,0,0,2026/04/01 21:40:24
翌々日,20260401,更新後,西播東岡山線・山崎智頭線,2026/04/03,06:30,順方向,4600.0,0.0,0,0.0,4600,電圧,0,0,0,0,0,2026/04/01 21:40:24
翌々日,20260401,更新後,西播東岡山線・山崎智頭線,2026/04/03,06:30,逆方向,-4500.0,0.0,0,0.0,-4500,電圧,0,0,0,0,0,2026/04/01 21:40:24
翌々日,20260401,更新後,西播東岡山線・山崎智頭線,2026/04/03,07:00,順方向,4600.0,0.0,0,0.0,4600,電圧,0,0,0,0,0,2026/04/01 21:40:24
翌々日,20260401,更新後,西播東岡山線・山崎智頭線,2026/04/03,07:00,逆方向,-4500.0,0.0,0,0.0,-4500,電圧,0,0,0,0,0,2026/04/01 21:40:24
翌々日,20260401,更新後,西播東岡山線・山崎智頭線,2026/04/03,07:30,順方向,4600.0,0.0,0,0.0,4600,電圧,0,0,0,0,0,2026/04/01 21:40:24
翌々日,20260401,更新後,西播東岡山線・山崎智頭線,2026/04/03,07:30,逆方向,-4500.0,0.0,0,0.0,-4500,電圧,0,0,0,0,0,2026/04/01 21:40:24
翌々日,20260401,更新後,西播東岡山線・山崎智頭線,2026/04/03,08:00,順方向,4600.0,0.0,0,0.0,4600,電圧,0,0,0,0,0,2026/04/01 21:40:24
翌々日,20260401,更新後,西播東岡山線・山崎智頭線,2026/04/03,08:00,逆方向,-4500.0,0.0,0,0.0,-4500,電圧,0,0,0,0,0,2026/04/01 21:40:24
翌々日,20260401,更新後,西播東岡山線・山崎智頭線,2026/04/03,08:30,順方向,4600.0,0.0,0,0.0,4600,電圧,0,0,0,0,0,2026/04/01 21:40:24
翌々日,20260401,更新後,西播東岡山線・山崎智頭線,2026/04/03,08:30,逆方向,-4500.0,0.0,0,0.0,-4500,電圧,0,0,0,0,0,2026/04/01 21:40:24
翌々日,20260401,更新後,西播東岡山線・山崎智頭線,2026/04/03,09:00,順方向,4600.0,0.0,0,0.0,4600,電圧,0,0,0,0,0,2026/04/01 21:40:24
翌々日,20260401,更新後,西播東岡山線・山崎智頭線,2026/04/03,09:00,逆方向,-4500.0,0.0,0,0.0,-4500,電圧,0,0,0,0,0,2026/04/01 21:40:24
翌々日,20260401,更新後,西播東岡山線・山崎智頭線,2026/04/03,09:30,順方向,4600.0,0.0,0,0.0,4600,電圧,0,0,0,0,0,2026/04/01 21:40:24
翌々日,20260401,更新後,西播東岡山線・山崎智頭線,2026/04/03,09:30,逆方向,-4500.0,0.0,0,0.0,-4500,電圧,0,0,0,0,0,2026/04/01 21:40:24
翌々日,20260401,更新後,西播東岡山線・山崎智頭線,2026/04/03,10:00,順方向,4600.0,0.0,0,0.0,4600,電圧,0,0,0,0,0,2026/04/01 21:40:24
翌々日,20260401,更新後,西播東岡山線・山崎智頭線,2026/04/03,10:00,逆方向,-4500.0,0.0,0,0.0,-4500,電圧,0,0,0,0,0,2026/04/01 21:40:24
翌々日,20260401,更新後,西播東岡山線・山崎智頭線,2026/04/03,10:30,順方向,4600.0,0.0,0,0.0,4600,電圧,0,0,0,0,0,2026/04/01 21:40:24
翌々日,20260401,更新後,西播東岡山線・山崎智頭線,2026/04/03,10:30,逆方向,-4500.0,0.0,0,0.0,-4500,電圧,0,0,0,0,0,2026/04/01 21:40:24
翌々日,20260401,更新後,西播東岡山線・山崎智頭線,2026/04/03,11:00,順方向,4600.0,0.0,0,0.0,4600,電圧,0,0,0,0,0,2026/04/01 21:40:24
翌々日,20260401,更新後,西播東岡山線・山崎智頭線,2026/04/03,11:00,逆方向,-4500.0,0.0,0,0.0,-4500,電圧,0,0,0,0,0,2026/04/01 21:40:24
翌々日,20260401,更新後,西播東岡山線・山崎智頭線,2026/04/03,11:30,順方向,4600.0,0.0,0,0.0,4600,電圧,0,0,0,0,0,2026/04/01 21:40:24
翌々日,20260401,更新後,西播東岡山線・山崎智頭線,2026/04/03,11:30,逆方向,-4500.0,0.0,0,0.0,-4500,電圧,0,0,0,0,0,2026/04/01 21:40:24
翌々日,20260401,更新後,西播東岡山線・山崎智頭線,2026/04/03,12:00,順方向,4600.0,0.0,0,0.0,4600,電圧,0,0,0,0,0,2026/04/01 21:40:24
翌々日,20260401,更新後,西播東岡山線・山崎智頭線,2026/04/03,12:00,逆方向,-4500.0,0.0,0,0.0,-4500,電圧,0,0,0,0,0,2026/04/01 21:40:24
翌々日,20260401,更新後,西播東岡山線・山崎智頭線,2026/04/03,12:30,順方向,4600.0,0.0,0,0.0,4600,電圧,0,0,0,0,0,2026/04/01 21:40:24
翌々日,20260401,更新後,西播東岡山線・山崎智頭線,2026/04/03,12:30,逆方向,-4500.0,0.0,0,0.0,-4500,電圧,0,0,0,0,0,2026/04/01 21:40:24
翌々日,20260401,更新後,西播東岡山線・山崎智頭線,2026/04/03,13:00,順方向,4600.0,0.0,0,0.0,4600,電圧,0,0,0,0,0,2026/04/01 21:40:24
翌々日,20260401,更新後,西播東岡山線・山崎智頭線,2026/04/03,13:00,逆方向,-4500.0,0.0,0,0.0,-4500,電圧,0,0,0,0,0,2026/04/01 21:40:24
翌々日,20260401,更新後,西播東岡山線・山崎智頭線,2026/04/03,13:30,順方向,4600.0,0.0,0,0.0,4600,電圧,0,0,0,0,0,2026/04/01 21:40:24
翌々日,20260401,更新後,西播東岡山線・山崎智頭線,2026/04/03,13:30,逆方向,-4500.0,0.0,0,0.0,-4500,電圧,0,0,0,0,0,2026/04/01 21:40:24
翌々日,20260401,更新後,西播東岡山線・山崎智頭線,2026/04/03,14:00,順方向,4600.0,0.0,0,0.0,4600,電圧,0,0,0,0,0,2026/04/01 21:40:24
翌々日,20260401,更新後,西播東岡山線・山崎智頭線,2026/04/03,14:00,逆方向,-4500.0,0.0,0,0.0,-4500,電圧,0,0,0,0,0,2026/04/01 21:40:24
翌々日,20260401,更新後,西播東岡山線・山崎智頭線,2026/04/03,14:30,順方向,4600.0,0.0,0,0.0,4600,電圧,0,0,0,0,0,2026/04/01 21:40:24
翌々日,20260401,更新後,西播東岡山線・山崎智頭線,2026/04/03,14:30,逆方向,-4500.0,0.0,0,0.0,-4500,電圧,0,0,0,0,0,2026/04/01 21:40:24
翌々日,20260401,更新後,西播東岡山線・山崎智頭線,2026/04/03,15:00,順方向,4600.0,0.0,0,0.0,4600,電圧,0,0,0,0,0,2026/04/01 21:40:24
翌々日,20260401,更新後,西播東岡山線・山崎智頭線,2026/04/03,15:00,逆方向,-4500.0,0.0,0,0.0,-4500,電圧,0,0,0,0,0,2026/04/01 21:40:24
翌々日,20260401,更新後,西播東岡山線・山崎智頭線,2026/04/03,15:30,順方向,4600.0,0.0,0,0.0,4600,電圧,0,0,0,0,0,2026/04/01 21:40:24
翌々日,20260401,更新後,西播東岡山線・山崎智頭線,2026/04/03,15:30,逆方向,-4500.0,0.0,0,0.0,-4500,電圧,0,0,0,0,0,2026/04/01 21:40:24
翌々日,20260401,更新後,西播東岡山線・山崎智頭線,2026/04/03,16:00,順方向,4600.0,0.0,0,0.0,4600,電圧,0,0,0,0,0,2026/04/01 21:40:24
翌々日,20260401,更新後,西播東岡山線・山崎智頭線,2026/04/03,16:00,逆方向,-4500.0,0.0,0,0.0,-4500,電圧,0,0,0,0,0,2026/04/01 21:40:24
翌々日,20260401,更新後,西播東岡山線・山崎智頭線,2026/04/03,16:30,順方向,4600.0,0.0,0,0.0,4600,電圧,0,0,0,0,0,2026/04/01 21:40:24
翌々日,20260401,更新後,西播東岡山線・山崎智頭線,2026/04/03,16:30,逆方向,-4500.0,0.0,0,0.0,-4500,電圧,0,0,0,0,0,2026/04/01 21:40:24
翌々日,20260401,更新後,西播東岡山線・山崎智頭線,2026/04/03,17:00,順方向,4600.0,0.0,0,0.0,4600,電圧,0,0,0,0,0,2026/04/01 21:40:24
翌々日,20260401,更新後,西播東岡山線・山崎智頭線,2026/04/03,17:00,逆方向,-4500.0,0.0,0,0.0,-4500,電圧,0,0,0,0,0,2026/04/01 21:40:24
翌々日,20260401,更新後,西播東岡山線・山崎智頭線,2026/04/03,17:30,順方向,4600.0,0.0,0,0.0,4600,電圧,0,0,0,0,0,2026/04/01 21:40:24
翌々日,20260401,更新後,西播東岡山線・山崎智頭線,2026/04/03,17:30,逆方向,-4500.0,0.0,0,0.0,-4500,電圧,0,0,0,0,0,2026/04/01 21:40:24
翌々日,20260401,更新後,西播東岡山線・山崎智頭線,2026/04/03,18:00,順方向,4600.0,0.0,0,0.0,4600,電圧,0,0,0,0,0,2026/04/01 21:40:24
翌々日,20260401,更新後,西播東岡山線・山崎智頭線,2026/04/03,18:00,逆方向,-4500.0,0.0,0,0.0,-4500,電圧,0,0,0,0,0,2026/04/01 21:40:24
翌々日,20260401,更新後,西播東岡山線・山崎智頭線,2026/04/03,18:30,順方向,4600.0,0.0,0,0.0,4600,電圧,0,0,0,0,0,2026/04/01 21:40:24
翌々日,20260401,更新後,西播東岡山線・山崎智頭線,2026/04/03,18:30,逆方向,-4500.0,0.0,0,0.0,-4500,電圧,0,0,0,0,0,2026/04/01 21:40:24
翌々日,20260401,更新後,西播東岡山線・山崎智頭線,2026/04/03,19:00,順方向,4600.0,0.0,0,0.0,4600,電圧,0,0,0,0,0,2026/04/01 21:40:24
翌々日,20260401,更新後,西播東岡山線・山崎智頭線,2026/04/03,19:00,逆方向,-4500.0,0.0,0,0.0,-4500,電圧,0,0,0,0,0,2026/04/01 21:40:24
翌々日,20260401,更新後,西播東岡山線・山崎智頭線,2026/04/03,19:30,順方向,4600.0,0.0,0,0.0,4600,電圧,0,0,0,0,0,2026/04/01 21:40:24
翌々日,20260401,更新後,西播東岡山線・山崎智頭線,2026/04/03,19:30,逆方向,-4500.0,0.0,0,0.0,-4500,電圧,0,0,0,0,0,2026/04/01 21:40:24
翌々日,20260401,更新後,西播東岡山線・山崎智頭線,2026/04/03,20:00,順方向,4600.0,0.0,0,0.0,4600,電圧,0,0,0,0,0,2026/04/01 21:40:24
翌々日,20260401,更新後,西播東岡山線・山崎智頭線,2026/04/03,20:00,逆方向,-4500.0,0.0,0,0.0,-4500,電圧,0,0,0,0,0,2026/04/01 21:40:24
翌々日,20260401,更新後,西播東岡山線・山崎智頭線,2026/04/03,20:30,順方向,4600.0,0.0,0,0.0,4600,電圧,0,0,0,0,0,2026/04/01 21:40:24
翌々日,20260401,更新後,西播東岡山線・山崎智頭線,2026/04/03,20:30,逆方向,-4500.0,0.0,0,0.0,-4500,電圧,0,0,0,0,0,2026/04/01 21:40:24
翌々日,20260401,更新後,西播東岡山線・山崎智頭線,2026/04/03,21:00,順方向,4600.0,0.0,0,0.0,4600,電圧,0,0,0,0,0,2026/04/01 21:40:24
翌々日,20260401,更新後,西播東岡山線・山崎智頭線,2026/04/03,21:00,逆方向,-4500.0,0.0,0,0.0,-4500,電圧,0,0,0,0,0,2026/04/01 21:40:24
翌々日,20260401,更新後,西播東岡山線・山崎智頭線,2026/04/03,21:30,順方向,4600.0,0.0,0,0.0,4600,電圧,0,0,0,0,0,2026/04/01 21:40:24
翌々日,20260401,更新後,西播東岡山線・山崎智頭線,2026/04/03,21:30,逆方向,-4500.0,0.0,0,0.0,-4500,電圧,0,0,0,0,0,2026/04/01 21:40:24
翌々日,20260401,更新後,西播東岡山線・山崎智頭線,2026/04/03,22:00,順方向,4600.0,0.0,0,0.0,4600,電圧,0,0,0,0,0,2026/04/01 21:40:24
翌々日,20260401,更新後,西播東岡山線・山崎智頭線,2026/04/03,22:00,逆方向,-4500.0,0.0,0,0.0,-4500,電圧,0,0,0,0,0,2026/04/01 21:40:24
翌々日,20260401,更新後,西播東岡山線・山崎智頭線,2026/04/03,22:30,順方向,4600.0,0.0,0,0.0,4600,電圧,0,0,0,0,0,2026/04/01 21:40:24
翌々日,20260401,更新後,西播東岡山線・山崎智頭線,2026/04/03,22:30,逆方向,-4500.0,0.0,0,0.0,-4500,電圧,0,0,0,0,0,2026/04/01 21:40:24
翌々日,20260401,更新後,西播東岡山線・山崎智頭線,2026/04/03,23:00,順方向,4600.0,0.0,0,0.0,4600,電圧,0,0,0,0,0,2026/04/01 21:40:24
翌々日,20260401,更新後,西播東岡山線・山崎智頭線,2026/04/03,23:00,逆方向,-4500.0,0.0,0,0.0,-4500,電圧,0,0,0,0,0,2026/04/01 21:40:24
翌々日,20260401,更新後,西播東岡山線・山崎智頭線,2026/04/03,23:30,順方向,4600.0,0.0,0,0.0,4600,電圧,0,0,0,0,0,2026/04/01 21:40:24
翌々日,20260401,更新後,西播東岡山線・山崎智頭線,2026/04/03,23:30,逆方向,-4500.0,0.0,0,0.0,-4500,電圧,0,0,0,0,0,2026/04/01 21:40:24
翌々日,20260401,更新後,西播東岡山線・山崎智頭線,2026/04/03,24:00,順方向,4600.0,0.0,0,0.0,4600,電圧,0,0,0,0,0,2026/04/01 21:40:24
翌々日,20260401,更新後,西播東岡山線・山崎智頭線,2026/04/03,24:00,逆方向,-4500.0,0.0,0,0.0,-4500,電圧,0,0,0,0,0,2026/04/01 21:40:24
翌々日,20260401,更新後,阿南紀北直流幹線,2026/04/03,00:30,順方向,0.0,0.0,0,0.0,0,安定度,0,0,0,0,0,2026/04/01 21:40:24
翌々日,20260401,更新後,阿南紀北直流幹線,2026/04/03,00:30,逆方向,-620.0,0.0,0,0.0,-620,熱容量,0,0,0,0,0,2026/04/01 21:40:24
翌々日,20260401,更新後,阿南紀北直流幹線,2026/04/03,01:00,順方向,0.0,0.0,0,0.0,0,安定度,0,0,0,0,0,2026/04/01 21:40:24
翌々日,20260401,更新後,阿南紀北直流幹線,2026/04/03,01:00,逆方向,-620.0,0.0,0,0.0,-620,熱容量,0,0,0,0,0,2026/04/01 21:40:24
翌々日,20260401,更新後,阿南紀北直流幹線,2026/04/03,01:30,順方向,0.0,0.0,0,0.0,0,安定度,0,0,0,0,0,2026/04/01 21:40:24
翌々日,20260401,更新後,阿南紀北直流幹線,2026/04/03,01:30,逆方向,-620.0,0.0,0,0.0,-620,熱容量,0,0,0,0,0,2026/04/01 21:40:24
翌々日,20260401,更新後,阿南紀北直流幹線,2026/04/03,02:00,順方向,0.0,0.0,0,0.0,0,安定度,0,0,0,0,0,2026/04/01 21:40:24
翌々日,20260401,更新後,阿南紀北直流幹線,2026/04/03,02:00,逆方向,-620.0,0.0,0,0.0,-620,熱容量,0,0,0,0,0,2026/04/01 21:40:24
翌々日,20260401,更新後,阿南紀北直流幹線,2026/04/03,02:30,順方向,0.0,0.0,0,0.0,0,安定度,0,0,0,0,0,2026/04/01 21:40:24
翌々日,20260401,更新後,阿南紀北直流幹線,2026/04/03,02:30,逆方向,-620.0,0.0,0,0.0,-620,熱容量,0,0,0,0,0,2026/04/01 21:40:24
翌々日,20260401,更新後,阿南紀北直流幹線,2026/04/03,03:00,順方向,0.0,0.0,0,0.0,0,安定度,0,0,0,0,0,2026/04/01 21:40:24
翌々日,20260401,更新後,阿南紀北直流幹線,2026/04/03,03:00,逆方向,-620.0,0.0,0,0.0,-620,熱容量,0,0,0,0,0,2026/04/01 21:40:24
翌々日,20260401,更新後,阿南紀北直流幹線,2026/04/03,03:30,順方向,0.0,0.0,0,0.0,0,安定度,0,0,0,0,0,2026/04/01 21:40:24
翌々日,20260401,更新後,阿南紀北直流幹線,2026/04/03,03:30,逆方向,-620.0,0.0,0,0.0,-620,熱容量,0,0,0,0,0,2026/04/01 21:40:24
翌々日,20260401,更新後,阿南紀北直流幹線,2026/04/03,04:00,順方向,0.0,0.0,0,0.0,0,安定度,0,0,0,0,0,2026/04/01 21:40:24
翌々日,20260401,更新後,阿南紀北直流幹線,2026/04/03,04:00,逆方向,-620.0,0.0,0,0.0,-620,熱容量,0,0,0,0,0,2026/04/01 21:40:24
翌々日,20260401,更新後,阿南紀北直流幹線,2026/04/03,04:30,順方向,0.0,0.0,0,0.0,0,安定度,0,0,0,0,0,2026/04/01 21:40:24
翌々日,20260401,更新後,阿南紀北直流幹線,2026/04/03,04:30,逆方向,-620.0,0.0,0,0.0,-620,熱容量,0,0,0,0,0,2026/04/01 21:40:24
翌々日,20260401,更新後,阿南紀北直流幹線,2026/04/03,05:00,順方向,0.0,0.0,0,0.0,0,安定度,0,0,0,0,0,2026/04/01 21:40:24
翌々日,20260401,更新後,阿南紀北直流幹線,2026/04/03,05:00,逆方向,-620.0,0.0,0,0.0,-620,熱容量,0,0,0,0,0,2026/04/01 21:40:24
翌々日,20260401,更新後,阿南紀北直流幹線,2026/04/03,05:30,順方向,0.0,0.0,0,0.0,0,安定度,0,0,0,0,0,2026/04/01 21:40:24
翌々日,20260401,更新後,阿南紀北直流幹線,2026/04/03,05:30,逆方向,-620.0,0.0,0,0.0,-620,熱容量,0,0,0,0,0,2026/04/01 21:40:24
翌々日,20260401,更新後,阿南紀北直流幹線,2026/04/03,06:00,順方向,0.0,0.0,0,0.0,0,安定度,0,0,0,0,0,2026/04/01 21:40:24
翌々日,20260401,更新後,阿南紀北直流幹線,2026/04/03,06:00,逆方向,-620.0,0.0,0,0.0,-620,熱容量,0,0,0,0,0,2026/04/01 21:40:24
翌々日,20260401,更新後,阿南紀北直流幹線,2026/04/03,06:30,順方向,0.0,0.0,0,0.0,0,安定度,0,0,0,0,0,2026/04/01 21:40:24
翌々日,20260401,更新後,阿南紀北直流幹線,2026/04/03,06:30,逆方向,-620.0,0.0,0,0.0,-620,熱容量,0,0,0,0,0,2026/04/01 21:40:24
翌々日,20260401,更新後,阿南紀北直流幹線,2026/04/03,07:00,順方向,0.0,0.0,0,0.0,0,安定度,0,0,0,0,0,2026/04/01 21:40:24
翌々日,20260401,更新後,阿南紀北直流幹線,2026/04/03,07:00,逆方向,-620.0,0.0,0,0.0,-620,熱容量,0,0,0,0,0,2026/04/01 21:40:24
翌々日,20260401,更新後,阿南紀北直流幹線,2026/04/03,07:30,順方向,0.0,0.0,0,0.0,0,安定度,0,0,0,0,0,2026/04/01 21:40:24
翌々日,20260401,更新後,阿南紀北直流幹線,2026/04/03,07:30,逆方向,-620.0,0.0,0,0.0,-620,熱容量,0,0,0,0,0,2026/04/01 21:40:24
翌々日,20260401,更新後,阿南紀北直流幹線,2026/04/03,08:00,順方向,0.0,0.0,0,0.0,0,安定度,0,0,0,0,0,2026/04/01 21:40:24
翌々日,20260401,更新後,阿南紀北直流幹線,2026/04/03,08:00,逆方向,-620.0,0.0,0,0.0,-620,熱容量,0,0,0,0,0,2026/04/01 21:40:24
翌々日,20260401,更新後,阿南紀北直流幹線,2026/04/03,08:30,順方向,0.0,0.0,0,0.0,0,安定度,0,0,0,0,0,2026/04/01 21:40:24
翌々日,20260401,更新後,阿南紀北直流幹線,2026/04/03,08:30,逆方向,-620.0,0.0,0,0.0,-620,熱容量,0,0,0,0,0,2026/04/01 21:40:24
翌々日,20260401,更新後,阿南紀北直流幹線,2026/04/03,09:00,順方向,0.0,0.0,0,0.0,0,安定度,0,0,0,0,0,2026/04/01 21:40:24
翌々日,20260401,更新後,阿南紀北直流幹線,2026/04/03,09:00,逆方向,-620.0,0.0,0,0.0,-620,熱容量,0,0,0,0,0,2026/04/01 21:40:24
翌々日,20260401,更新後,阿南紀北直流幹線,2026/04/03,09:30,順方向,0.0,0.0,0,0.0,0,安定度,0,0,0,0,0,2026/04/01 21:40:24
翌々日,20260401,更新後,阿南紀北直流幹線,2026/04/03,09:30,逆方向,-620.0,0.0,0,0.0,-620,熱容量,0,0,0,0,0,2026/04/01 21:40:24
翌々日,20260401,更新後,阿南紀北直流幹線,2026/04/03,10:00,順方向,0.0,0.0,0,0.0,0,安定度,0,0,0,0,0,2026/04/01 21:40:24
翌々日,20260401,更新後,阿南紀北直流幹線,2026/04/03,10:00,逆方向,-620.0,0.0,0,0.0,-620,熱容量,0,0,0,0,0,2026/04/01 21:40:24
翌々日,20260401,更新後,阿南紀北直流幹線,2026/04/03,10:30,順方向,0.0,0.0,0,0.0,0,安定度,0,0,0,0,0,2026/04/01 21:40:24
翌々日,20260401,更新後,阿南紀北直流幹線,2026/04/03,10:30,逆方向,-620.0,0.0,0,0.0,-620,熱容量,0,0,0,0,0,2026/04/01 21:40:24
翌々日,20260401,更新後,阿南紀北直流幹線,2026/04/03,11:00,順方向,0.0,0.0,0,0.0,0,安定度,0,0,0,0,0,2026/04/01 21:40:24
翌々日,20260401,更新後,阿南紀北直流幹線,2026/04/03,11:00,逆方向,-620.0,0.0,0,0.0,-620,熱容量,0,0,0,0,0,2026/04/01 21:40:24
翌々日,20260401,更新後,阿南紀北直流幹線,2026/04/03,11:30,順方向,0.0,0.0,0,0.0,0,安定度,0,0,0,0,0,2026/04/01 21:40:24
翌々日,20260401,更新後,阿南紀北直流幹線,2026/04/03,11:30,逆方向,-620.0,0.0,0,0.0,-620,熱容量,0,0,0,0,0,2026/04/01 21:40:24
翌々日,20260401,更新後,阿南紀北直流幹線,2026/04/03,12:00,順方向,0.0,0.0,0,0.0,0,安定度,0,0,0,0,0,2026/04/01 21:40:24
翌々日,20260401,更新後,阿南紀北直流幹線,2026/04/03,12:00,逆方向,-620.0,0.0,0,0.0,-620,熱容量,0,0,0,0,0,2026/04/01 21:40:24
翌々日,20260401,更新後,阿南紀北直流幹線,2026/04/03,12:30,順方向,0.0,0.0,0,0.0,0,安定度,0,0,0,0,0,2026/04/01 21:40:24
翌々日,20260401,更新後,阿南紀北直流幹線,2026/04/03,12:30,逆方向,-620.0,0.0,0,0.0,-620,熱容量,0,0,0,0,0,2026/04/01 21:40:24
翌々日,20260401,更新後,阿南紀北直流幹線,2026/04/03,13:00,順方向,0.0,0.0,0,0.0,0,安定度,0,0,0,0,0,2026/04/01 21:40:24
翌々日,20260401,更新後,阿南紀北直流幹線,2026/04/03,13:00,逆方向,-620.0,0.0,0,0.0,-620,熱容量,0,0,0,0,0,2026/04/01 21:40:24
翌々日,20260401,更新後,阿南紀北直流幹線,2026/04/03,13:30,順方向,0.0,0.0,0,0.0,0,安定度,0,0,0,0,0,2026/04/01 21:40:24
翌々日,20260401,更新後,阿南紀北直流幹線,2026/04/03,13:30,逆方向,-620.0,0.0,0,0.0,-620,熱容量,0,0,0,0,0,2026/04/01 21:40:24
翌々日,20260401,更新後,阿南紀北直流幹線,2026/04/03,14:00,順方向,0.0,0.0,0,0.0,0,安定度,0,0,0,0,0,2026/04/01 21:40:24
翌々日,20260401,更新後,阿南紀北直流幹線,2026/04/03,14:00,逆方向,-620.0,0.0,0,0.0,-620,熱容量,0,0,0,0,0,2026/04/01 21:40:24
翌々日,20260401,更新後,阿南紀北直流幹線,2026/04/03,14:30,順方向,0.0,0.0,0,0.0,0,安定度,0,0,0,0,0,2026/04/01 21:40:24
翌々日,20260401,更新後,阿南紀北直流幹線,2026/04/03,14:30,逆方向,-620.0,0.0,0,0.0,-620,熱容量,0,0,0,0,0,2026/04/01 21:40:24
翌々日,20260401,更新後,阿南紀北直流幹線,2026/04/03,15:00,順方向,0.0,0.0,0,0.0,0,安定度,0,0,0,0,0,2026/04/01 21:40:24
翌々日,20260401,更新後,阿南紀北直流幹線,2026/04/03,15:00,逆方向,-620.0,0.0,0,0.0,-620,熱容量,0,0,0,0,0,2026/04/01 21:40:24
翌々日,20260401,更新後,阿南紀北直流幹線,2026/04/03,15:30,順方向,0.0,0.0,0,0.0,0,安定度,0,0,0,0,0,2026/04/01 21:40:24
翌々日,20260401,更新後,阿南紀北直流幹線,2026/04/03,15:30,逆方向,-620.0,0.0,0,0.0,-620,熱容量,0,0,0,0,0,2026/04/01 21:40:24
翌々日,20260401,更新後,阿南紀北直流幹線,2026/04/03,16:00,順方向,0.0,0.0,0,0.0,0,安定度,0,0,0,0,0,2026/04/01 21:40:24
翌々日,20260401,更新後,阿南紀北直流幹線,2026/04/03,16:00,逆方向,-620.0,0.0,0,0.0,-620,熱容量,0,0,0,0,0,2026/04/01 21:40:24
翌々日,20260401,更新後,阿南紀北直流幹線,2026/04/03,16:30,順方向,0.0,0.0,0,0.0,0,安定度,0,0,0,0,0,2026/04/01 21:40:24
翌々日,20260401,更新後,阿南紀北直流幹線,2026/04/03,16:30,逆方向,-620.0,0.0,0,0.0,-620,熱容量,0,0,0,0,0,2026/04/01 21:40:24
翌々日,20260401,更新後,阿南紀北直流幹線,2026/04/03,17:00,順方向,0.0,0.0,0,0.0,0,安定度,0,0,0,0,0,2026/04/01 21:40:24
翌々日,20260401,更新後,阿南紀北直流幹線,2026/04/03,17:00,逆方向,-620.0,0.0,0,0.0,-620,熱容量,0,0,0,0,0,2026/04/01 21:40:24
翌々日,20260401,更新後,阿南紀北直流幹線,2026/04/03,17:30,順方向,0.0,0.0,0,0.0,0,安定度,0,0,0,0,0,2026/04/01 21:40:24
翌々日,20260401,更新後,阿南紀北直流幹線,2026/04/03,17:30,逆方向,-620.0,0.0,0,0.0,-620,熱容量,0,0,0,0,0,2026/04/01 21:40:24
翌々日,20260401,更新後,阿南紀北直流幹線,2026/04/03,18:00,順方向,0.0,0.0,0,0.0,0,安定度,0,0,0,0,0,2026/04/01 21:40:24
翌々日,20260401,更新後,阿南紀北直流幹線,2026/04/03,18:00,逆方向,-620.0,0.0,0,0.0,-620,熱容量,0,0,0,0,0,2026/04/01 21:40:24
翌々日,20260401,更新後,阿南紀北直流幹線,2026/04/03,18:30,順方向,0.0,0.0,0,0.0,0,安定度,0,0,0,0,0,2026/04/01 21:40:24
翌々日,20260401,更新後,阿南紀北直流幹線,2026/04/03,18:30,逆方向,-620.0,0.0,0,0.0,-620,熱容量,0,0,0,0,0,2026/04/01 21:40:24
翌々日,20260401,更新後,阿南紀北直流幹線,2026/04/03,19:00,順方向,0.0,0.0,0,0.0,0,安定度,0,0,0,0,0,2026/04/01 21:40:24
翌々日,20260401,更新後,阿南紀北直流幹線,2026/04/03,19:00,逆方向,-620.0,0.0,0,0.0,-620,熱容量,0,0,0,0,0,2026/04/01 21:40:24
翌々日,20260401,更新後,阿南紀北直流幹線,2026/04/03,19:30,順方向,0.0,0.0,0,0.0,0,安定度,0,0,0,0,0,2026/04/01 21:40:24
翌々日,20260401,更新後,阿南紀北直流幹線,2026/04/03,19:30,逆方向,-620.0,0.0,0,0.0,-620,熱容量,0,0,0,0,0,2026/04/01 21:40:24
翌々日,20260401,更新後,阿南紀北直流幹線,2026/04/03,20:00,順方向,0.0,0.0,0,0.0,0,安定度,0,0,0,0,0,2026/04/01 21:40:24
翌々日,20260401,更新後,阿南紀北直流幹線,2026/04/03,20:00,逆方向,-620.0,0.0,0,0.0,-620,熱容量,0,0,0,0,0,2026/04/01 21:40:24
翌々日,20260401,更新後,阿南紀北直流幹線,2026/04/03,20:30,順方向,0.0,0.0,0,0.0,0,安定度,0,0,0,0,0,2026/04/01 21:40:24
翌々日,20260401,更新後,阿南紀北直流幹線,2026/04/03,20:30,逆方向,-620.0,0.0,0,0.0,-620,熱容量,0,0,0,0,0,2026/04/01 21:40:24
翌々日,20260401,更新後,阿南紀北直流幹線,2026/04/03,21:00,順方向,0.0,0.0,0,0.0,0,安定度,0,0,0,0,0,2026/04/01 21:40:24
翌々日,20260401,更新後,阿南紀北直流幹線,2026/04/03,21:00,逆方向,-620.0,0.0,0,0.0,-620,熱容量,0,0,0,0,0,2026/04/01 21:40:24
翌々日,20260401,更新後,阿南紀北直流幹線,2026/04/03,21:30,順方向,0.0,0.0,0,0.0,0,安定度,0,0,0,0,0,2026/04/01 21:40:24
翌々日,20260401,更新後,阿南紀北直流幹線,2026/04/03,21:30,逆方向,-620.0,0.0,0,0.0,-620,熱容量,0,0,0,0,0,2026/04/01 21:40:24
翌々日,20260401,更新後,阿南紀北直流幹線,2026/04/03,22:00,順方向,0.0,0.0,0,0.0,0,安定度,0,0,0,0,0,2026/04/01 21:40:24
翌々日,20260401,更新後,阿南紀北直流幹線,2026/04/03,22:00,逆方向,-620.0,0.0,0,0.0,-620,熱容量,0,0,0,0,0,2026/04/01 21:40:24
翌々日,20260401,更新後,阿南紀北直流幹線,2026/04/03,22:30,順方向,0.0,0.0,0,0.0,0,安定度,0,0,0,0,0,2026/04/01 21:40:24
翌々日,20260401,更新後,阿南紀北直流幹線,2026/04/03,22:30,逆方向,-620.0,0.0,0,0.0,-620,熱容量,0,0,0,0,0,2026/04/01 21:40:24
翌々日,20260401,更新後,阿南紀北直流幹線,2026/04/03,23:00,順方向,0.0,0.0,0,0.0,0,安定度,0,0,0,0,0,2026/04/01 21:40:24
翌々日,20260401,更新後,阿南紀北直流幹線,2026/04/03,23:00,逆方向,-620.0,0.0,0,0.0,-620,熱容量,0,0,0,0,0,2026/04/01 21:40:24
翌々日,20260401,更新後,阿南紀北直流幹線,2026/04/03,23:30,順方向,0.0,0.0,0,0.0,0,安定度,0,0,0,0,0,2026/04/01 21:40:24
翌々日,20260401,更新後,阿南紀北直流幹線,2026/04/03,23:30,逆方向,-620.0,0.0,0,0.0,-620,熱容量,0,0,0,0,0,2026/04/01 21:40:24
翌々日,20260401,更新後,阿南紀北直流幹線,2026/04/03,24:00,順方向,0.0,0.0,0,0.0,0,安定度,0,0,0,0,0,2026/04/01 21:40:24
翌々日,20260401,更新後,阿南紀北直流幹線,2026/04/03,24:00,逆方向,-620.0,0.0,0,0.0,-620,熱容量,0,0,0,0,0,2026/04/01 21:40:24
翌々日,20260401,更新後,本四連系線,2026/04/03,00:30,順方向,1200.0,0.0,0,0.0,1200,熱容量（作業）,0,0,0,0,0,2026/04/01 21:40:24
翌々日,20260401,更新後,本四連系線,2026/04/03,00:30,逆方向,-1200.0,0.0,0,0.0,-1200,熱容量（作業）,0,0,0,0,0,2026/04/01 21:40:24
翌々日,20260401,更新後,本四連系線,2026/04/03,01:00,順方向,1200.0,0.0,0,0.0,1200,熱容量（作業）,0,0,0,0,0,2026/04/01 21:40:24
翌々日,20260401,更新後,本四連系線,2026/04/03,01:00,逆方向,-1200.0,0.0,0,0.0,-1200,熱容量（作業）,0,0,0,0,0,2026/04/01 21:40:24
翌々日,20260401,更新後,本四連系線,2026/04/03,01:30,順方向,1200.0,0.0,0,0.0,1200,熱容量（作業）,0,0,0,0,0,2026/04/01 21:40:24
翌々日,20260401,更新後,本四連系線,2026/04/03,01:30,逆方向,-1200.0,0.0,0,0.0,-1200,熱容量（作業）,0,0,0,0,0,2026/04/01 21:40:24
翌々日,20260401,更新後,本四連系線,2026/04/03,02:00,順方向,1200.0,0.0,0,0.0,1200,熱容量（作業）,0,0,0,0,0,2026/04/01 21:40:24
翌々日,20260401,更新後,本四連系線,2026/04/03,02:00,逆方向,-1200.0,0.0,0,0.0,-1200,熱容量（作業）,0,0,0,0,0,2026/04/01 21:40:24
翌々日,20260401,更新後,本四連系線,2026/04/03,02:30,順方向,1200.0,0.0,0,0.0,1200,熱容量（作業）,0,0,0,0,0,2026/04/01 21:40:24
翌々日,20260401,更新後,本四連系線,2026/04/03,02:30,逆方向,-1200.0,0.0,0,0.0,-1200,熱容量（作業）,0,0,0,0,0,2026/04/01 21:40:24
翌々日,20260401,更新後,本四連系線,2026/04/03,03:00,順方向,1200.0,0.0,0,0.0,1200,熱容量（作業）,0,0,0,0,0,2026/04/01 21:40:24
翌々日,20260401,更新後,本四連系線,2026/04/03,03:00,逆方向,-1200.0,0.0,0,0.0,-1200,熱容量（作業）,0,0,0,0,0,2026/04/01 21:40:24
翌々日,20260401,更新後,本四連系線,2026/04/03,03:30,順方向,1200.0,0.0,0,0.0,1200,熱容量（作業）,0,0,0,0,0,2026/04/01 21:40:24
翌々日,20260401,更新後,本四連系線,2026/04/03,03:30,逆方向,-1200.0,0.0,0,0.0,-1200,熱容量（作業）,0,0,0,0,0,2026/04/01 21:40:24
翌々日,20260401,更新後,本四連系線,2026/04/03,04:00,順方向,1200.0,0.0,0,0.0,1200,熱容量（作業）,0,0,0,0,0,2026/04/01 21:40:24
翌々日,20260401,更新後,本四連系線,2026/04/03,04:00,逆方向,-1200.0,0.0,0,0.0,-1200,熱容量（作業）,0,0,0,0,0,2026/04/01 21:40:24
翌々日,20260401,更新後,本四連系線,2026/04/03,04:30,順方向,1200.0,0.0,0,0.0,1200,熱容量（作業）,0,0,0,0,0,2026/04/01 21:40:24
翌々日,20260401,更新後,本四連系線,2026/04/03,04:30,逆方向,-1200.0,0.0,0,0.0,-1200,熱容量（作業）,0,0,0,0,0,2026/04/01 21:40:24
翌々日,20260401,更新後,本四連系線,2026/04/03,05:00,順方向,1200.0,0.0,0,0.0,1200,熱容量（作業）,0,0,0,0,0,2026/04/01 21:40:24
翌々日,20260401,更新後,本四連系線,2026/04/03,05:00,逆方向,-1200.0,0.0,0,0.0,-1200,熱容量（作業）,0,0,0,0,0,2026/04/01 21:40:24
翌々日,20260401,更新後,本四連系線,2026/04/03,05:30,順方向,1200.0,0.0,0,0.0,1200,熱容量（作業）,0,0,0,0,0,2026/04/01 21:40:24
翌々日,20260401,更新後,本四連系線,2026/04/03,05:30,逆方向,-1200.0,0.0,0,0.0,-1200,熱容量（作業）,0,0,0,0,0,2026/04/01 21:40:24
翌々日,20260401,更新後,本四連系線,2026/04/03,06:00,順方向,1200.0,0.0,0,0.0,1200,熱容量（作業）,0,0,0,0,0,2026/04/01 21:40:24
翌々日,20260401,更新後,本四連系線,2026/04/03,06:00,逆方向,-1200.0,0.0,0,0.0,-1200,熱容量（作業）,0,0,0,0,0,2026/04/01 21:40:24
翌々日,20260401,更新後,本四連系線,2026/04/03,06:30,順方向,1200.0,0.0,0,0.0,1200,熱容量（作業）,0,0,0,0,0,2026/04/01 21:40:24
翌々日,20260401,更新後,本四連系線,2026/04/03,06:30,逆方向,-1200.0,0.0,0,0.0,-1200,熱容量（作業）,0,0,0,0,0,2026/04/01 21:40:24
翌々日,20260401,更新後,本四連系線,2026/04/03,07:00,順方向,1200.0,0.0,0,0.0,1200,熱容量（作業）,0,0,0,0,0,2026/04/01 21:40:24
翌々日,20260401,更新後,本四連系線,2026/04/03,07:00,逆方向,-1200.0,0.0,0,0.0,-1200,熱容量（作業）,0,0,0,0,0,2026/04/01 21:40:24
翌々日,20260401,更新後,本四連系線,2026/04/03,07:30,順方向,1200.0,0.0,0,0.0,1200,熱容量（作業）,0,0,0,0,0,2026/04/01 21:40:24
翌々日,20260401,更新後,本四連系線,2026/04/03,07:30,逆方向,-1200.0,0.0,0,0.0,-1200,熱容量（作業）,0,0,0,0,0,2026/04/01 21:40:24
翌々日,20260401,更新後,本四連系線,2026/04/03,08:00,順方向,1200.0,0.0,0,0.0,1200,熱容量（作業）,0,0,0,0,0,2026/04/01 21:40:24
翌々日,20260401,更新後,本四連系線,2026/04/03,08:00,逆方向,-1200.0,0.0,0,0.0,-1200,熱容量（作業）,0,0,0,0,0,2026/04/01 21:40:24
翌々日,20260401,更新後,本四連系線,2026/04/03,08:30,順方向,1200.0,0.0,0,0.0,1200,熱容量（作業）,0,0,0,0,0,2026/04/01 21:40:24
翌々日,20260401,更新後,本四連系線,2026/04/03,08:30,逆方向,-1200.0,0.0,0,0.0,-1200,熱容量（作業）,0,0,0,0,0,2026/04/01 21:40:24
翌々日,20260401,更新後,本四連系線,2026/04/03,09:00,順方向,1200.0,0.0,0,0.0,1200,熱容量（作業）,0,0,0,0,0,2026/04/01 21:40:24
翌々日,20260401,更新後,本四連系線,2026/04/03,09:00,逆方向,-1200.0,0.0,0,0.0,-1200,熱容量（作業）,0,0,0,0,0,2026/04/01 21:40:24
翌々日,20260401,更新後,本四連系線,2026/04/03,09:30,順方向,1200.0,0.0,0,0.0,1200,熱容量（作業）,0,0,0,0,0,2026/04/01 21:40:24
翌々日,20260401,更新後,本四連系線,2026/04/03,09:30,逆方向,-1200.0,0.0,0,0.0,-1200,熱容量（作業）,0,0,0,0,0,2026/04/01 21:40:24
翌々日,20260401,更新後,本四連系線,2026/04/03,10:00,順方向,1200.0,0.0,0,0.0,1200,熱容量（作業）,0,0,0,0,0,2026/04/01 21:40:24
翌々日,20260401,更新後,本四連系線,2026/04/03,10:00,逆方向,-1200.0,0.0,0,0.0,-1200,熱容量（作業）,0,0,0,0,0,2026/04/01 21:40:24
翌々日,20260401,更新後,本四連系線,2026/04/03,10:30,順方向,1200.0,0.0,0,0.0,1200,熱容量（作業）,0,0,0,0,0,2026/04/01 21:40:24
翌々日,20260401,更新後,本四連系線,2026/04/03,10:30,逆方向,-1200.0,0.0,0,0.0,-1200,熱容量（作業）,0,0,0,0,0,2026/04/01 21:40:24
翌々日,20260401,更新後,本四連系線,2026/04/03,11:00,順方向,1200.0,0.0,0,0.0,1200,熱容量（作業）,0,0,0,0,0,2026/04/01 21:40:24
翌々日,20260401,更新後,本四連系線,2026/04/03,11:00,逆方向,-1200.0,0.0,0,0.0,-1200,熱容量（作業）,0,0,0,0,0,2026/04/01 21:40:24
翌々日,20260401,更新後,本四連系線,2026/04/03,11:30,順方向,1200.0,0.0,0,0.0,1200,熱容量（作業）,0,0,0,0,0,2026/04/01 21:40:24
翌々日,20260401,更新後,本四連系線,2026/04/03,11:30,逆方向,-1200.0,0.0,0,0.0,-1200,熱容量（作業）,0,0,0,0,0,2026/04/01 21:40:24
翌々日,20260401,更新後,本四連系線,2026/04/03,12:00,順方向,1200.0,0.0,0,0.0,1200,熱容量（作業）,0,0,0,0,0,2026/04/01 21:40:24
翌々日,20260401,更新後,本四連系線,2026/04/03,12:00,逆方向,-1200.0,0.0,0,0.0,-1200,熱容量（作業）,0,0,0,0,0,2026/04/01 21:40:24
翌々日,20260401,更新後,本四連系線,2026/04/03,12:30,順方向,1200.0,0.0,0,0.0,1200,熱容量（作業）,0,0,0,0,0,2026/04/01 21:40:24
翌々日,20260401,更新後,本四連系線,2026/04/03,12:30,逆方向,-1200.0,0.0,0,0.0,-1200,熱容量（作業）,0,0,0,0,0,2026/04/01 21:40:24
翌々日,20260401,更新後,本四連系線,2026/04/03,13:00,順方向,1200.0,0.0,0,0.0,1200,熱容量（作業）,0,0,0,0,0,2026/04/01 21:40:24
翌々日,20260401,更新後,本四連系線,2026/04/03,13:00,逆方向,-1200.0,0.0,0,0.0,-1200,熱容量（作業）,0,0,0,0,0,2026/04/01 21:40:24
翌々日,20260401,更新後,本四連系線,2026/04/03,13:30,順方向,1200.0,0.0,0,0.0,1200,熱容量（作業）,0,0,0,0,0,2026/04/01 21:40:24
翌々日,20260401,更新後,本四連系線,2026/04/03,13:30,逆方向,-1200.0,0.0,0,0.0,-1200,熱容量（作業）,0,0,0,0,0,2026/04/01 21:40:24
翌々日,20260401,更新後,本四連系線,2026/04/03,14:00,順方向,1200.0,0.0,0,0.0,1200,熱容量（作業）,0,0,0,0,0,2026/04/01 21:40:24
翌々日,20260401,更新後,本四連系線,2026/04/03,14:00,逆方向,-1200.0,0.0,0,0.0,-1200,熱容量（作業）,0,0,0,0,0,2026/04/01 21:40:24
翌々日,20260401,更新後,本四連系線,2026/04/03,14:30,順方向,1200.0,0.0,0,0.0,1200,熱容量（作業）,0,0,0,0,0,2026/04/01 21:40:24
翌々日,20260401,更新後,本四連系線,2026/04/03,14:30,逆方向,-1200.0,0.0,0,0.0,-1200,熱容量（作業）,0,0,0,0,0,2026/04/01 21:40:24
翌々日,20260401,更新後,本四連系線,2026/04/03,15:00,順方向,1200.0,0.0,0,0.0,1200,熱容量（作業）,0,0,0,0,0,2026/04/01 21:40:24
翌々日,20260401,更新後,本四連系線,2026/04/03,15:00,逆方向,-1200.0,0.0,0,0.0,-1200,熱容量（作業）,0,0,0,0,0,2026/04/01 21:40:24
翌々日,20260401,更新後,本四連系線,2026/04/03,15:30,順方向,1200.0,0.0,0,0.0,1200,熱容量（作業）,0,0,0,0,0,2026/04/01 21:40:24
翌々日,20260401,更新後,本四連系線,2026/04/03,15:30,逆方向,-1200.0,0.0,0,0.0,-1200,熱容量（作業）,0,0,0,0,0,2026/04/01 21:40:24
翌々日,20260401,更新後,本四連系線,2026/04/03,16:00,順方向,1200.0,0.0,0,0.0,1200,熱容量（作業）,0,0,0,0,0,2026/04/01 21:40:24
翌々日,20260401,更新後,本四連系線,2026/04/03,16:00,逆方向,-1200.0,0.0,0,0.0,-1200,熱容量（作業）,0,0,0,0,0,2026/04/01 21:40:24
翌々日,20260401,更新後,本四連系線,2026/04/03,16:30,順方向,1200.0,0.0,0,0.0,1200,熱容量（作業）,0,0,0,0,0,2026/04/01 21:40:24
翌々日,20260401,更新後,本四連系線,2026/04/03,16:30,逆方向,-1200.0,0.0,0,0.0,-1200,熱容量（作業）,0,0,0,0,0,2026/04/01 21:40:24
翌々日,20260401,更新後,本四連系線,2026/04/03,17:00,順方向,1200.0,0.0,0,0.0,1200,熱容量（作業）,0,0,0,0,0,2026/04/01 21:40:24
翌々日,20260401,更新後,本四連系線,2026/04/03,17:00,逆方向,-1200.0,0.0,0,0.0,-1200,熱容量（作業）,0,0,0,0,0,2026/04/01 21:40:24
翌々日,20260401,更新後,本四連系線,2026/04/03,17:30,順方向,1200.0,0.0,0,0.0,1200,熱容量（作業）,0,0,0,0,0,2026/04/01 21:40:24
翌々日,20260401,更新後,本四連系線,2026/04/03,17:30,逆方向,-1200.0,0.0,0,0.0,-1200,熱容量（作業）,0,0,0,0,0,2026/04/01 21:40:24
翌々日,20260401,更新後,本四連系線,2026/04/03,18:00,順方向,1200.0,0.0,0,0.0,1200,熱容量（作業）,0,0,0,0,0,2026/04/01 21:40:24
翌々日,20260401,更新後,本四連系線,2026/04/03,18:00,逆方向,-1200.0,0.0,0,0.0,-1200,熱容量（作業）,0,0,0,0,0,2026/04/01 21:40:24
翌々日,20260401,更新後,本四連系線,2026/04/03,18:30,順方向,1200.0,0.0,0,0.0,1200,熱容量（作業）,0,0,0,0,0,2026/04/01 21:40:24
翌々日,20260401,更新後,本四連系線,2026/04/03,18:30,逆方向,-1200.0,0.0,0,0.0,-1200,熱容量（作業）,0,0,0,0,0,2026/04/01 21:40:24
翌々日,20260401,更新後,本四連系線,2026/04/03,19:00,順方向,1200.0,0.0,0,0.0,1200,熱容量（作業）,0,0,0,0,0,2026/04/01 21:40:24
翌々日,20260401,更新後,本四連系線,2026/04/03,19:00,逆方向,-1200.0,0.0,0,0.0,-1200,熱容量（作業）,0,0,0,0,0,2026/04/01 21:40:24
翌々日,20260401,更新後,本四連系線,2026/04/03,19:30,順方向,1200.0,0.0,0,0.0,1200,熱容量（作業）,0,0,0,0,0,2026/04/01 21:40:24
翌々日,20260401,更新後,本四連系線,2026/04/03,19:30,逆方向,-1200.0,0.0,0,0.0,-1200,熱容量（作業）,0,0,0,0,0,2026/04/01 21:40:24
翌々日,20260401,更新後,本四連系線,2026/04/03,20:00,順方向,1200.0,0.0,0,0.0,1200,熱容量（作業）,0,0,0,0,0,2026/04/01 21:40:24
翌々日,20260401,更新後,本四連系線,2026/04/03,20:00,逆方向,-1200.0,0.0,0,0.0,-1200,熱容量（作業）,0,0,0,0,0,2026/04/01 21:40:24
翌々日,20260401,更新後,本四連系線,2026/04/03,20:30,順方向,1200.0,0.0,0,0.0,1200,熱容量（作業）,0,0,0,0,0,2026/04/01 21:40:24
翌々日,20260401,更新後,本四連系線,2026/04/03,20:30,逆方向,-1200.0,0.0,0,0.0,-1200,熱容量（作業）,0,0,0,0,0,2026/04/01 21:40:24
翌々日,20260401,更新後,本四連系線,2026/04/03,21:00,順方向,1200.0,0.0,0,0.0,1200,熱容量（作業）,0,0,0,0,0,2026/04/01 21:40:24
翌々日,20260401,更新後,本四連系線,2026/04/03,21:00,逆方向,-1200.0,0.0,0,0.0,-1200,熱容量（作業）,0,0,0,0,0,2026/04/01 21:40:24
翌々日,20260401,更新後,本四連系線,2026/04/03,21:30,順方向,1200.0,0.0,0,0.0,1200,熱容量（作業）,0,0,0,0,0,2026/04/01 21:40:24
翌々日,20260401,更新後,本四連系線,2026/04/03,21:30,逆方向,-1200.0,0.0,0,0.0,-1200,熱容量（作業）,0,0,0,0,0,2026/04/01 21:40:24
翌々日,20260401,更新後,本四連系線,2026/04/03,22:00,順方向,1200.0,0.0,0,0.0,1200,熱容量（作業）,0,0,0,0,0,2026/04/01 21:40:24
翌々日,20260401,更新後,本四連系線,2026/04/03,22:00,逆方向,-1200.0,0.0,0,0.0,-1200,熱容量（作業）,0,0,0,0,0,2026/04/01 21:40:24
翌々日,20260401,更新後,本四連系線,2026/04/03,22:30,順方向,1200.0,0.0,0,0.0,1200,熱容量（作業）,0,0,0,0,0,2026/04/01 21:40:24
翌々日,20260401,更新後,本四連系線,2026/04/03,22:30,逆方向,-1200.0,0.0,0,0.0,-1200,熱容量（作業）,0,0,0,0,0,2026/04/01 21:40:24
翌々日,20260401,更新後,本四連系線,2026/04/03,23:00,順方向,1200.0,0.0,0,0.0,1200,熱容量（作業）,0,0,0,0,0,2026/04/01 21:40:24
翌々日,20260401,更新後,本四連系線,2026/04/03,23:00,逆方向,-1200.0,0.0,0,0.0,-1200,熱容量（作業）,0,0,0,0,0,2026/04/01 21:40:24
翌々日,20260401,更新後,本四連系線,2026/04/03,23:30,順方向,1200.0,0.0,0,0.0,1200,熱容量（作業）,0,0,0,0,0,2026/04/01 21:40:24
翌々日,20260401,更新後,本四連系線,2026/04/03,23:30,逆方向,-1200.0,0.0,0,0.0,-1200,熱容量（作業）,0,0,0,0,0,2026/04/01 21:40:24
翌々日,20260401,更新後,本四連系線,2026/04/03,24:00,順方向,1200.0,0.0,0,0.0,1200,熱容量（作業）,0,0,0,0,0,2026/04/01 21:40:24
翌々日,20260401,更新後,本四連系線,2026/04/03,24:00,逆方向,-1200.0,0.0,0,0.0,-1200,熱容量（作業）,0,0,0,0,0,2026/04/01 21:40:24
翌々日,20260401,更新後,関門連系線,2026/04/03,00:30,順方向,760.0,0.0,0,0.0,760,周波数,0,0,0,0,0,2026/04/01 21:40:24
翌々日,20260401,更新後,関門連系線,2026/04/03,00:30,逆方向,-1830.0,0.0,0,0.0,-1830,周波数,0,0,0,0,0,2026/04/01 21:40:24
翌々日,20260401,更新後,関門連系線,2026/04/03,01:00,順方向,760.0,0.0,0,0.0,760,周波数,0,0,0,0,0,2026/04/01 21:40:24
翌々日,20260401,更新後,関門連系線,2026/04/03,01:00,逆方向,-1810.0,0.0,0,0.0,-1810,周波数,0,0,0,0,0,2026/04/01 21:40:24
翌々日,20260401,更新後,関門連系線,2026/04/03,01:30,順方向,760.0,0.0,0,0.0,760,周波数,0,0,0,0,0,2026/04/01 21:40:24
翌々日,20260401,更新後,関門連系線,2026/04/03,01:30,逆方向,-1790.0,0.0,0,0.0,-1790,周波数,0,0,0,0,0,2026/04/01 21:40:24
翌々日,20260401,更新後,関門連系線,2026/04/03,02:00,順方向,760.0,0.0,0,0.0,760,周波数,0,0,0,0,0,2026/04/01 21:40:24
翌々日,20260401,更新後,関門連系線,2026/04/03,02:00,逆方向,-1790.0,0.0,0,0.0,-1790,周波数,0,0,0,0,0,2026/04/01 21:40:24
翌々日,20260401,更新後,関門連系線,2026/04/03,02:30,順方向,760.0,0.0,0,0.0,760,周波数,0,0,0,0,0,2026/04/01 21:40:24
翌々日,20260401,更新後,関門連系線,2026/04/03,02:30,逆方向,-1820.0,0.0,0,0.0,-1820,周波数,0,0,0,0,0,2026/04/01 21:40:24
翌々日,20260401,更新後,関門連系線,2026/04/03,03:00,順方向,770.0,0.0,0,0.0,770,周波数,0,0,0,0,0,2026/04/01 21:40:24
翌々日,20260401,更新後,関門連系線,2026/04/03,03:00,逆方向,-1850.0,0.0,0,0.0,-1850,周波数,0,0,0,0,0,2026/04/01 21:40:24
翌々日,20260401,更新後,関門連系線,2026/04/03,03:30,順方向,780.0,0.0,0,0.0,780,周波数,0,0,0,0,0,2026/04/01 21:40:24
翌々日,20260401,更新後,関門連系線,2026/04/03,03:30,逆方向,-1900.0,0.0,0,0.0,-1900,周波数,0,0,0,0,0,2026/04/01 21:40:24
翌々日,20260401,更新後,関門連系線,2026/04/03,04:00,順方向,800.0,0.0,0,0.0,800,周波数,0,0,0,0,0,2026/04/01 21:40:24
翌々日,20260401,更新後,関門連系線,2026/04/03,04:00,逆方向,-1950.0,0.0,0,0.0,-1950,周波数,0,0,0,0,0,2026/04/01 21:40:24
翌々日,20260401,更新後,関門連系線,2026/04/03,04:30,順方向,810.0,0.0,0,0.0,810,周波数,0,0,0,0,0,2026/04/01 21:40:24
翌々日,20260401,更新後,関門連系線,2026/04/03,04:30,逆方向,-1970.0,0.0,0,0.0,-1970,周波数,0,0,0,0,0,2026/04/01 21:40:24
翌々日,20260401,更新後,関門連系線,2026/04/03,05:00,順方向,820.0,0.0,0,0.0,820,周波数,0,0,0,0,0,2026/04/01 21:40:24
翌々日,20260401,更新後,関門連系線,2026/04/03,05:00,逆方向,-1980.0,0.0,0,0.0,-1980,周波数,0,0,0,0,0,2026/04/01 21:40:24
翌々日,20260401,更新後,関門連系線,2026/04/03,05:30,順方向,820.0,0.0,0,0.0,820,周波数,0,0,0,0,0,2026/04/01 21:40:24
翌々日,20260401,更新後,関門連系線,2026/04/03,05:30,逆方向,-1970.0,0.0,0,0.0,-1970,周波数,0,0,0,0,0,2026/04/01 21:40:24
翌々日,20260401,更新後,関門連系線,2026/04/03,06:00,順方向,710.0,0.0,0,0.0,710,周波数,0,0,0,0,0,2026/04/01 21:40:24
翌々日,20260401,更新後,関門連系線,2026/04/03,06:00,逆方向,-1960.0,0.0,0,0.0,-1960,周波数,0,0,0,0,0,2026/04/01 21:40:24
翌々日,20260401,更新後,関門連系線,2026/04/03,06:30,順方向,600.0,0.0,0,0.0,600,周波数,0,0,0,0,0,2026/04/01 21:40:24
翌々日,20260401,更新後,関門連系線,2026/04/03,06:30,逆方向,-1950.0,0.0,0,0.0,-1950,周波数,0,0,0,0,0,2026/04/01 21:40:24
翌々日,20260401,更新後,関門連系線,2026/04/03,07:00,順方向,550.0,0.0,0,0.0,550,周波数,0,0,0,0,0,2026/04/01 21:40:24
翌々日,20260401,更新後,関門連系線,2026/04/03,07:00,逆方向,-1950.0,0.0,0,0.0,-1950,周波数,0,0,0,0,0,2026/04/01 21:40:24
翌々日,20260401,更新後,関門連系線,2026/04/03,07:30,順方向,510.0,0.0,0,0.0,510,周波数,0,0,0,0,0,2026/04/01 21:40:24
翌々日,20260401,更新後,関門連系線,2026/04/03,07:30,逆方向,-1980.0,0.0,0,0.0,-1980,周波数,0,0,0,0,0,2026/04/01 21:40:24
翌々日,20260401,更新後,関門連系線,2026/04/03,08:00,順方向,510.0,0.0,0,0.0,510,周波数,0,0,0,0,0,2026/04/01 21:40:24
翌々日,20260401,更新後,関門連系線,2026/04/03,08:00,逆方向,-2010.0,0.0,0,0.0,-2010,周波数,0,0,0,0,0,2026/04/01 21:40:24
翌々日,20260401,更新後,関門連系線,2026/04/03,08:30,順方向,420.0,0.0,0,0.0,420,周波数,0,0,0,0,0,2026/04/01 21:40:24
翌々日,20260401,更新後,関門連系線,2026/04/03,08:30,逆方向,-2210.0,0.0,0,0.0,-2210,周波数,0,0,0,0,0,2026/04/01 21:40:24
翌々日,20260401,更新後,関門連系線,2026/04/03,09:00,順方向,360.0,0.0,0,0.0,360,周波数,0,0,0,0,0,2026/04/01 21:40:24
翌々日,20260401,更新後,関門連系線,2026/04/03,09:00,逆方向,-2047.0,0.0,0,0.0,-2047,周波数,0,0,0,0,0,2026/04/01 21:40:24
翌々日,20260401,更新後,関門連系線,2026/04/03,09:30,順方向,300.0,0.0,0,0.0,300,周波数,0,0,0,0,0,2026/04/01 21:40:24
翌々日,20260401,更新後,関門連系線,2026/04/03,09:30,逆方向,-2153.0,0.0,0,0.0,-2153,周波数,0,0,0,0,0,2026/04/01 21:40:24
翌々日,20260401,更新後,関門連系線,2026/04/03,10:00,順方向,290.0,0.0,0,0.0,290,周波数,0,0,0,0,0,2026/04/01 21:40:24
翌々日,20260401,更新後,関門連系線,2026/04/03,10:00,逆方向,-2178.0,0.0,0,0.0,-2178,周波数,0,0,0,0,0,2026/04/01 21:40:24
翌々日,20260401,更新後,関門連系線,2026/04/03,10:30,順方向,290.0,0.0,0,0.0,290,周波数,0,0,0,0,0,2026/04/01 21:40:24
翌々日,20260401,更新後,関門連系線,2026/04/03,10:30,逆方向,-2181.0,0.0,0,0.0,-2181,周波数,0,0,0,0,0,2026/04/01 21:40:24
翌々日,20260401,更新後,関門連系線,2026/04/03,11:00,順方向,290.0,0.0,0,0.0,290,周波数,0,0,0,0,0,2026/04/01 21:40:24
翌々日,20260401,更新後,関門連系線,2026/04/03,11:00,逆方向,-2201.0,0.0,0,0.0,-2201,周波数,0,0,0,0,0,2026/04/01 21:40:24
翌々日,20260401,更新後,関門連系線,2026/04/03,11:30,順方向,290.0,0.0,0,0.0,290,周波数,0,0,0,0,0,2026/04/01 21:40:24
翌々日,20260401,更新後,関門連系線,2026/04/03,11:30,逆方向,-2207.0,0.0,0,0.0,-2207,周波数,0,0,0,0,0,2026/04/01 21:40:24
翌々日,20260401,更新後,関門連系線,2026/04/03,12:00,順方向,300.0,0.0,0,0.0,300,周波数,0,0,0,0,0,2026/04/01 21:40:24
翌々日,20260401,更新後,関門連系線,2026/04/03,12:00,逆方向,-2190.0,0.0,0,0.0,-2190,周波数,0,0,0,0,0,2026/04/01 21:40:24
翌々日,20260401,更新後,関門連系線,2026/04/03,12:30,順方向,300.0,0.0,0,0.0,300,周波数,0,0,0,0,0,2026/04/01 21:40:24
翌々日,20260401,更新後,関門連系線,2026/04/03,12:30,逆方向,-2170.0,0.0,0,0.0,-2170,周波数,0,0,0,0,0,2026/04/01 21:40:24
翌々日,20260401,更新後,関門連系線,2026/04/03,13:00,順方向,290.0,0.0,0,0.0,290,周波数,0,0,0,0,0,2026/04/01 21:40:24
翌々日,20260401,更新後,関門連系線,2026/04/03,13:00,逆方向,-2158.0,0.0,0,0.0,-2158,周波数,0,0,0,0,0,2026/04/01 21:40:24
翌々日,20260401,更新後,関門連系線,2026/04/03,13:30,順方向,290.0,0.0,0,0.0,290,周波数,0,0,0,0,0,2026/04/01 21:40:24
翌々日,20260401,更新後,関門連系線,2026/04/03,13:30,逆方向,-2152.0,0.0,0,0.0,-2152,周波数,0,0,0,0,0,2026/04/01 21:40:24
翌々日,20260401,更新後,関門連系線,2026/04/03,14:00,順方向,280.0,0.0,0,0.0,280,周波数,0,0,0,0,0,2026/04/01 21:40:24
翌々日,20260401,更新後,関門連系線,2026/04/03,14:00,逆方向,-2146.0,0.0,0,0.0,-2146,周波数,0,0,0,0,0,2026/04/01 21:40:24
翌々日,20260401,更新後,関門連系線,2026/04/03,14:30,順方向,280.0,0.0,0,0.0,280,周波数,0,0,0,0,0,2026/04/01 21:40:24
翌々日,20260401,更新後,関門連系線,2026/04/03,14:30,逆方向,-2151.0,0.0,0,0.0,-2151,周波数,0,0,0,0,0,2026/04/01 21:40:24
翌々日,20260401,更新後,関門連系線,2026/04/03,15:00,順方向,280.0,0.0,0,0.0,280,周波数,0,0,0,0,0,2026/04/01 21:40:24
翌々日,20260401,更新後,関門連系線,2026/04/03,15:00,逆方向,-2149.0,0.0,0,0.0,-2149,周波数,0,0,0,0,0,2026/04/01 21:40:24
翌々日,20260401,更新後,関門連系線,2026/04/03,15:30,順方向,350.0,0.0,0,0.0,350,周波数,0,0,0,0,0,2026/04/01 21:40:24
翌々日,20260401,更新後,関門連系線,2026/04/03,15:30,逆方向,-2145.0,0.0,0,0.0,-2145,周波数,0,0,0,0,0,2026/04/01 21:40:24
翌々日,20260401,更新後,関門連系線,2026/04/03,16:00,順方向,430.0,0.0,0,0.0,430,周波数,0,0,0,0,0,2026/04/01 21:40:24
翌々日,20260401,更新後,関門連系線,2026/04/03,16:00,逆方向,-2280.0,0.0,0,0.0,-2280,周波数,0,0,0,0,0,2026/04/01 21:40:24
翌々日,20260401,更新後,関門連系線,2026/04/03,16:30,順方向,480.0,0.0,0,0.0,480,周波数,0,0,0,0,0,2026/04/01 21:40:24
翌々日,20260401,更新後,関門連系線,2026/04/03,16:30,逆方向,-2280.0,0.0,0,0.0,-2280,周波数,0,0,0,0,0,2026/04/01 21:40:24
翌々日,20260401,更新後,関門連系線,2026/04/03,17:00,順方向,530.0,0.0,0,0.0,530,周波数,0,0,0,0,0,2026/04/01 21:40:24
翌々日,20260401,更新後,関門連系線,2026/04/03,17:00,逆方向,-2240.0,0.0,0,0.0,-2240,周波数,0,0,0,0,0,2026/04/01 21:40:24
翌々日,20260401,更新後,関門連系線,2026/04/03,17:30,順方向,580.0,0.0,0,0.0,580,周波数,0,0,0,0,0,2026/04/01 21:40:24
翌々日,20260401,更新後,関門連系線,2026/04/03,17:30,逆方向,-2210.0,0.0,0,0.0,-2210,周波数,0,0,0,0,0,2026/04/01 21:40:24
翌々日,20260401,更新後,関門連系線,2026/04/03,18:00,順方向,630.0,0.0,0,0.0,630,周波数,0,0,0,0,0,2026/04/01 21:40:24
翌々日,20260401,更新後,関門連系線,2026/04/03,18:00,逆方向,-2210.0,0.0,0,0.0,-2210,周波数,0,0,0,0,0,2026/04/01 21:40:24
翌々日,20260401,更新後,関門連系線,2026/04/03,18:30,順方向,730.0,0.0,0,0.0,730,周波数,0,0,0,0,0,2026/04/01 21:40:24
翌々日,20260401,更新後,関門連系線,2026/04/03,18:30,逆方向,-2210.0,0.0,0,0.0,-2210,周波数,0,0,0,0,0,2026/04/01 21:40:24
翌々日,20260401,更新後,関門連系線,2026/04/03,19:00,順方向,840.0,0.0,0,0.0,840,周波数,0,0,0,0,0,2026/04/01 21:40:24
翌々日,20260401,更新後,関門連系線,2026/04/03,19:00,逆方向,-2190.0,0.0,0,0.0,-2190,周波数,0,0,0,0,0,2026/04/01 21:40:24
翌々日,20260401,更新後,関門連系線,2026/04/03,19:30,順方向,850.0,0.0,0,0.0,850,周波数,0,0,0,0,0,2026/04/01 21:40:24
翌々日,20260401,更新後,関門連系線,2026/04/03,19:30,逆方向,-2180.0,0.0,0,0.0,-2180,周波数,0,0,0,0,0,2026/04/01 21:40:24
翌々日,20260401,更新後,関門連系線,2026/04/03,20:00,順方向,850.0,0.0,0,0.0,850,周波数,0,0,0,0,0,2026/04/01 21:40:24
翌々日,20260401,更新後,関門連系線,2026/04/03,20:00,逆方向,-2140.0,0.0,0,0.0,-2140,周波数,0,0,0,0,0,2026/04/01 21:40:24
翌々日,20260401,更新後,関門連系線,2026/04/03,20:30,順方向,840.0,0.0,0,0.0,840,周波数,0,0,0,0,0,2026/04/01 21:40:24
翌々日,20260401,更新後,関門連系線,2026/04/03,20:30,逆方向,-2100.0,0.0,0,0.0,-2100,周波数,0,0,0,0,0,2026/04/01 21:40:24
翌々日,20260401,更新後,関門連系線,2026/04/03,21:00,順方向,830.0,0.0,0,0.0,830,周波数,0,0,0,0,0,2026/04/01 21:40:24
翌々日,20260401,更新後,関門連系線,2026/04/03,21:00,逆方向,-2060.0,0.0,0,0.0,-2060,周波数,0,0,0,0,0,2026/04/01 21:40:24
翌々日,20260401,更新後,関門連系線,2026/04/03,21:30,順方向,820.0,0.0,0,0.0,820,周波数,0,0,0,0,0,2026/04/01 21:40:24
翌々日,20260401,更新後,関門連系線,2026/04/03,21:30,逆方向,-2020.0,0.0,0,0.0,-2020,周波数,0,0,0,0,0,2026/04/01 21:40:24
翌々日,20260401,更新後,関門連系線,2026/04/03,22:00,順方向,820.0,0.0,0,0.0,820,周波数,0,0,0,0,0,2026/04/01 21:40:24
翌々日,20260401,更新後,関門連系線,2026/04/03,22:00,逆方向,-2020.0,0.0,0,0.0,-2020,周波数,0,0,0,0,0,2026/04/01 21:40:24
翌々日,20260401,更新後,関門連系線,2026/04/03,22:30,順方向,800.0,0.0,0,0.0,800,周波数,0,0,0,0,0,2026/04/01 21:40:24
翌々日,20260401,更新後,関門連系線,2026/04/03,22:30,逆方向,-1940.0,0.0,0,0.0,-1940,周波数,0,0,0,0,0,2026/04/01 21:40:24
翌々日,20260401,更新後,関門連系線,2026/04/03,23:00,順方向,790.0,0.0,0,0.0,790,周波数,0,0,0,0,0,2026/04/01 21:40:24
翌々日,20260401,更新後,関門連系線,2026/04/03,23:00,逆方向,-1910.0,0.0,0,0.0,-1910,周波数,0,0,0,0,0,2026/04/01 21:40:24
翌々日,20260401,更新後,関門連系線,2026/04/03,23:30,順方向,780.0,0.0,0,0.0,780,周波数,0,0,0,0,0,2026/04/01 21:40:24
翌々日,20260401,更新後,関門連系線,2026/04/03,23:30,逆方向,-1880.0,0.0,0,0.0,-1880,周波数,0,0,0,0,0,2026/04/01 21:40:24
翌々日,20260401,更新後,関門連系線,2026/04/03,24:00,順方向,770.0,0.0,0,0.0,770,周波数,0,0,0,0,0,2026/04/01 21:40:24
翌々日,20260401,更新後,関門連系線,2026/04/03,24:00,逆方向,-1850.0,0.0,0,0.0,-1850,周波数,0,0,0,0,0,2026/04/01 21:40:24
翌々日,20260401,更新後,中部フェンス,2026/04/03,00:30,順方向,1990.0,0.0,0,0.0,1990,安定度（作業）,0,0,0,0,0,2026/04/01 21:40:24
翌々日,20260401,更新後,中部フェンス,2026/04/03,00:30,逆方向,-2830.0,0.0,0,0.0,-2830,電圧（作業）,0,0,0,0,0,2026/04/01 21:40:24
翌々日,20260401,更新後,中部フェンス,2026/04/03,01:00,順方向,1990.0,0.0,0,0.0,1990,安定度（作業）,0,0,0,0,0,2026/04/01 21:40:24
翌々日,20260401,更新後,中部フェンス,2026/04/03,01:00,逆方向,-2830.0,0.0,0,0.0,-2830,電圧（作業）,0,0,0,0,0,2026/04/01 21:40:24
翌々日,20260401,更新後,中部フェンス,2026/04/03,01:30,順方向,1990.0,0.0,0,0.0,1990,安定度（作業）,0,0,0,0,0,2026/04/01 21:40:24
翌々日,20260401,更新後,中部フェンス,2026/04/03,01:30,逆方向,-2830.0,0.0,0,0.0,-2830,電圧（作業）,0,0,0,0,0,2026/04/01 21:40:24
翌々日,20260401,更新後,中部フェンス,2026/04/03,02:00,順方向,1990.0,0.0,0,0.0,1990,安定度（作業）,0,0,0,0,0,2026/04/01 21:40:24
翌々日,20260401,更新後,中部フェンス,2026/04/03,02:00,逆方向,-2830.0,0.0,0,0.0,-2830,電圧（作業）,0,0,0,0,0,2026/04/01 21:40:24
翌々日,20260401,更新後,中部フェンス,2026/04/03,02:30,順方向,1990.0,0.0,0,0.0,1990,安定度（作業）,0,0,0,0,0,2026/04/01 21:40:24
翌々日,20260401,更新後,中部フェンス,2026/04/03,02:30,逆方向,-2830.0,0.0,0,0.0,-2830,電圧（作業）,0,0,0,0,0,2026/04/01 21:40:24
翌々日,20260401,更新後,中部フェンス,2026/04/03,03:00,順方向,1990.0,0.0,0,0.0,1990,安定度（作業）,0,0,0,0,0,2026/04/01 21:40:24
翌々日,20260401,更新後,中部フェンス,2026/04/03,03:00,逆方向,-2830.0,0.0,0,0.0,-2830,電圧（作業）,0,0,0,0,0,2026/04/01 21:40:24
翌々日,20260401,更新後,中部フェンス,2026/04/03,03:30,順方向,1990.0,0.0,0,0.0,1990,安定度（作業）,0,0,0,0,0,2026/04/01 21:40:24
翌々日,20260401,更新後,中部フェンス,2026/04/03,03:30,逆方向,-2830.0,0.0,0,0.0,-2830,電圧（作業）,0,0,0,0,0,2026/04/01 21:40:24
翌々日,20260401,更新後,中部フェンス,2026/04/03,04:00,順方向,1990.0,0.0,0,0.0,1990,安定度（作業）,0,0,0,0,0,2026/04/01 21:40:24
翌々日,20260401,更新後,中部フェンス,2026/04/03,04:00,逆方向,-2830.0,0.0,0,0.0,-2830,電圧（作業）,0,0,0,0,0,2026/04/01 21:40:24
翌々日,20260401,更新後,中部フェンス,2026/04/03,04:30,順方向,1990.0,0.0,0,0.0,1990,安定度（作業）,0,0,0,0,0,2026/04/01 21:40:24
翌々日,20260401,更新後,中部フェンス,2026/04/03,04:30,逆方向,-2830.0,0.0,0,0.0,-2830,電圧（作業）,0,0,0,0,0,2026/04/01 21:40:24
翌々日,20260401,更新後,中部フェンス,2026/04/03,05:00,順方向,1990.0,0.0,0,0.0,1990,安定度（作業）,0,0,0,0,0,2026/04/01 21:40:24
翌々日,20260401,更新後,中部フェンス,2026/04/03,05:00,逆方向,-2830.0,0.0,0,0.0,-2830,電圧（作業）,0,0,0,0,0,2026/04/01 21:40:24
翌々日,20260401,更新後,中部フェンス,2026/04/03,05:30,順方向,1990.0,0.0,0,0.0,1990,安定度（作業）,0,0,0,0,0,2026/04/01 21:40:24
翌々日,20260401,更新後,中部フェンス,2026/04/03,05:30,逆方向,-2830.0,0.0,0,0.0,-2830,電圧（作業）,0,0,0,0,0,2026/04/01 21:40:24
翌々日,20260401,更新後,中部フェンス,2026/04/03,06:00,順方向,1990.0,0.0,0,0.0,1990,安定度（作業）,0,0,0,0,0,2026/04/01 21:40:24
翌々日,20260401,更新後,中部フェンス,2026/04/03,06:00,逆方向,-2830.0,0.0,0,0.0,-2830,電圧（作業）,0,0,0,0,0,2026/04/01 21:40:24
翌々日,20260401,更新後,中部フェンス,2026/04/03,06:30,順方向,1990.0,0.0,0,0.0,1990,安定度（作業）,0,0,0,0,0,2026/04/01 21:40:24
翌々日,20260401,更新後,中部フェンス,2026/04/03,06:30,逆方向,-2830.0,0.0,0,0.0,-2830,電圧（作業）,0,0,0,0,0,2026/04/01 21:40:24
翌々日,20260401,更新後,中部フェンス,2026/04/03,07:00,順方向,1990.0,0.0,0,0.0,1990,安定度（作業）,0,0,0,0,0,2026/04/01 21:40:24
翌々日,20260401,更新後,中部フェンス,2026/04/03,07:00,逆方向,-2830.0,0.0,0,0.0,-2830,電圧（作業）,0,0,0,0,0,2026/04/01 21:40:24
翌々日,20260401,更新後,中部フェンス,2026/04/03,07:30,順方向,1990.0,0.0,0,0.0,1990,安定度（作業）,0,0,0,0,0,2026/04/01 21:40:24
翌々日,20260401,更新後,中部フェンス,2026/04/03,07:30,逆方向,-2830.0,0.0,0,0.0,-2830,電圧（作業）,0,0,0,0,0,2026/04/01 21:40:24
翌々日,20260401,更新後,中部フェンス,2026/04/03,08:00,順方向,1990.0,0.0,0,0.0,1990,安定度（作業）,0,0,0,0,0,2026/04/01 21:40:24
翌々日,20260401,更新後,中部フェンス,2026/04/03,08:00,逆方向,-2830.0,0.0,0,0.0,-2830,電圧（作業）,0,0,0,0,0,2026/04/01 21:40:24
翌々日,20260401,更新後,中部フェンス,2026/04/03,08:30,順方向,2030.0,0.0,0,0.0,2030,安定度（作業）,0,0,0,0,0,2026/04/01 21:40:24
翌々日,20260401,更新後,中部フェンス,2026/04/03,08:30,逆方向,-2730.0,0.0,0,0.0,-2730,電圧（作業）,0,0,0,0,0,2026/04/01 21:40:24
翌々日,20260401,更新後,中部フェンス,2026/04/03,09:00,順方向,2030.0,0.0,0,0.0,2030,安定度（作業）,0,0,0,0,0,2026/04/01 21:40:24
翌々日,20260401,更新後,中部フェンス,2026/04/03,09:00,逆方向,-2730.0,0.0,0,0.0,-2730,電圧（作業）,0,0,0,0,0,2026/04/01 21:40:24
翌々日,20260401,更新後,中部フェンス,2026/04/03,09:30,順方向,2530.0,0.0,0,0.0,2530,安定度（作業）,0,0,0,0,0,2026/04/01 21:40:24
翌々日,20260401,更新後,中部フェンス,2026/04/03,09:30,逆方向,-3430.0,0.0,0,0.0,-3430,電圧（作業）,0,0,0,0,0,2026/04/01 21:40:24
翌々日,20260401,更新後,中部フェンス,2026/04/03,10:00,順方向,2530.0,0.0,0,0.0,2530,安定度（作業）,0,0,0,0,0,2026/04/01 21:40:24
翌々日,20260401,更新後,中部フェンス,2026/04/03,10:00,逆方向,-3430.0,0.0,0,0.0,-3430,電圧（作業）,0,0,0,0,0,2026/04/01 21:40:24
翌々日,20260401,更新後,中部フェンス,2026/04/03,10:30,順方向,2530.0,0.0,0,0.0,2530,安定度（作業）,0,0,0,0,0,2026/04/01 21:40:24
翌々日,20260401,更新後,中部フェンス,2026/04/03,10:30,逆方向,-3430.0,0.0,0,0.0,-3430,電圧（作業）,0,0,0,0,0,2026/04/01 21:40:24
翌々日,20260401,更新後,中部フェンス,2026/04/03,11:00,順方向,2530.0,0.0,0,0.0,2530,安定度（作業）,0,0,0,0,0,2026/04/01 21:40:24
翌々日,20260401,更新後,中部フェンス,2026/04/03,11:00,逆方向,-3430.0,0.0,0,0.0,-3430,電圧（作業）,0,0,0,0,0,2026/04/01 21:40:24
翌々日,20260401,更新後,中部フェンス,2026/04/03,11:30,順方向,2530.0,0.0,0,0.0,2530,安定度（作業）,0,0,0,0,0,2026/04/01 21:40:24
翌々日,20260401,更新後,中部フェンス,2026/04/03,11:30,逆方向,-3430.0,0.0,0,0.0,-3430,電圧（作業）,0,0,0,0,0,2026/04/01 21:40:24
翌々日,20260401,更新後,中部フェンス,2026/04/03,12:00,順方向,2530.0,0.0,0,0.0,2530,安定度（作業）,0,0,0,0,0,2026/04/01 21:40:24
翌々日,20260401,更新後,中部フェンス,2026/04/03,12:00,逆方向,-3430.0,0.0,0,0.0,-3430,電圧（作業）,0,0,0,0,0,2026/04/01 21:40:24
翌々日,20260401,更新後,中部フェンス,2026/04/03,12:30,順方向,2530.0,0.0,0,0.0,2530,安定度（作業）,0,0,0,0,0,2026/04/01 21:40:24
翌々日,20260401,更新後,中部フェンス,2026/04/03,12:30,逆方向,-3430.0,0.0,0,0.0,-3430,電圧（作業）,0,0,0,0,0,2026/04/01 21:40:24
翌々日,20260401,更新後,中部フェンス,2026/04/03,13:00,順方向,2530.0,0.0,0,0.0,2530,安定度（作業）,0,0,0,0,0,2026/04/01 21:40:24
翌々日,20260401,更新後,中部フェンス,2026/04/03,13:00,逆方向,-3430.0,0.0,0,0.0,-3430,電圧（作業）,0,0,0,0,0,2026/04/01 21:40:24
翌々日,20260401,更新後,中部フェンス,2026/04/03,13:30,順方向,2530.0,0.0,0,0.0,2530,安定度（作業）,0,0,0,0,0,2026/04/01 21:40:24
翌々日,20260401,更新後,中部フェンス,2026/04/03,13:30,逆方向,-3430.0,0.0,0,0.0,-3430,電圧（作業）,0,0,0,0,0,2026/04/01 21:40:24
翌々日,20260401,更新後,中部フェンス,2026/04/03,14:00,順方向,2530.0,0.0,0,0.0,2530,安定度（作業）,0,0,0,0,0,2026/04/01 21:40:24
翌々日,20260401,更新後,中部フェンス,2026/04/03,14:00,逆方向,-3430.0,0.0,0,0.0,-3430,電圧（作業）,0,0,0,0,0,2026/04/01 21:40:24
翌々日,20260401,更新後,中部フェンス,2026/04/03,14:30,順方向,2530.0,0.0,0,0.0,2530,安定度（作業）,0,0,0,0,0,2026/04/01 21:40:24
翌々日,20260401,更新後,中部フェンス,2026/04/03,14:30,逆方向,-3430.0,0.0,0,0.0,-3430,電圧（作業）,0,0,0,0,0,2026/04/01 21:40:24
翌々日,20260401,更新後,中部フェンス,2026/04/03,15:00,順方向,2530.0,0.0,0,0.0,2530,安定度（作業）,0,0,0,0,0,2026/04/01 21:40:24
翌々日,20260401,更新後,中部フェンス,2026/04/03,15:00,逆方向,-3430.0,0.0,0,0.0,-3430,電圧（作業）,0,0,0,0,0,2026/04/01 21:40:24
翌々日,20260401,更新後,中部フェンス,2026/04/03,15:30,順方向,2530.0,0.0,0,0.0,2530,安定度（作業）,0,0,0,0,0,2026/04/01 21:40:24
翌々日,20260401,更新後,中部フェンス,2026/04/03,15:30,逆方向,-3430.0,0.0,0,0.0,-3430,電圧（作業）,0,0,0,0,0,2026/04/01 21:40:24
翌々日,20260401,更新後,中部フェンス,2026/04/03,16:00,順方向,2530.0,0.0,0,0.0,2530,安定度（作業）,0,0,0,0,0,2026/04/01 21:40:24
翌々日,20260401,更新後,中部フェンス,2026/04/03,16:00,逆方向,-3430.0,0.0,0,0.0,-3430,電圧（作業）,0,0,0,0,0,2026/04/01 21:40:24
翌々日,20260401,更新後,中部フェンス,2026/04/03,16:30,順方向,2530.0,0.0,0,0.0,2530,安定度（作業）,0,0,0,0,0,2026/04/01 21:40:24
翌々日,20260401,更新後,中部フェンス,2026/04/03,16:30,逆方向,-3430.0,0.0,0,0.0,-3430,電圧（作業）,0,0,0,0,0,2026/04/01 21:40:24
翌々日,20260401,更新後,中部フェンス,2026/04/03,17:00,順方向,2530.0,0.0,0,0.0,2530,安定度（作業）,0,0,0,0,0,2026/04/01 21:40:24
翌々日,20260401,更新後,中部フェンス,2026/04/03,17:00,逆方向,-3430.0,0.0,0,0.0,-3430,電圧（作業）,0,0,0,0,0,2026/04/01 21:40:24
翌々日,20260401,更新後,中部フェンス,2026/04/03,17:30,順方向,2530.0,0.0,0,0.0,2530,安定度（作業）,0,0,0,0,0,2026/04/01 21:40:24
翌々日,20260401,更新後,中部フェンス,2026/04/03,17:30,逆方向,-3430.0,0.0,0,0.0,-3430,電圧（作業）,0,0,0,0,0,2026/04/01 21:40:24
翌々日,20260401,更新後,中部フェンス,2026/04/03,18:00,順方向,2530.0,0.0,0,0.0,2530,安定度（作業）,0,0,0,0,0,2026/04/01 21:40:24
翌々日,20260401,更新後,中部フェンス,2026/04/03,18:00,逆方向,-3430.0,0.0,0,0.0,-3430,電圧（作業）,0,0,0,0,0,2026/04/01 21:40:24
翌々日,20260401,更新後,中部フェンス,2026/04/03,18:30,順方向,2630.0,0.0,0,0.0,2630,安定度（作業）,0,0,0,0,0,2026/04/01 21:40:24
翌々日,20260401,更新後,中部フェンス,2026/04/03,18:30,逆方向,-3530.0,0.0,0,0.0,-3530,電圧（作業）,0,0,0,0,0,2026/04/01 21:40:24
翌々日,20260401,更新後,中部フェンス,2026/04/03,19:00,順方向,2630.0,0.0,0,0.0,2630,安定度（作業）,0,0,0,0,0,2026/04/01 21:40:24
翌々日,20260401,更新後,中部フェンス,2026/04/03,19:00,逆方向,-3530.0,0.0,0,0.0,-3530,電圧（作業）,0,0,0,0,0,2026/04/01 21:40:24
翌々日,20260401,更新後,中部フェンス,2026/04/03,19:30,順方向,2630.0,0.0,0,0.0,2630,安定度（作業）,0,0,0,0,0,2026/04/01 21:40:24
翌々日,20260401,更新後,中部フェンス,2026/04/03,19:30,逆方向,-3530.0,0.0,0,0.0,-3530,電圧（作業）,0,0,0,0,0,2026/04/01 21:40:24
翌々日,20260401,更新後,中部フェンス,2026/04/03,20:00,順方向,2630.0,0.0,0,0.0,2630,安定度（作業）,0,0,0,0,0,2026/04/01 21:40:24
翌々日,20260401,更新後,中部フェンス,2026/04/03,20:00,逆方向,-3530.0,0.0,0,0.0,-3530,電圧（作業）,0,0,0,0,0,2026/04/01 21:40:24
翌々日,20260401,更新後,中部フェンス,2026/04/03,20:30,順方向,2130.0,0.0,0,0.0,2130,安定度（作業）,0,0,0,0,0,2026/04/01 21:40:24
翌々日,20260401,更新後,中部フェンス,2026/04/03,20:30,逆方向,-2830.0,0.0,0,0.0,-2830,電圧（作業）,0,0,0,0,0,2026/04/01 21:40:24
翌々日,20260401,更新後,中部フェンス,2026/04/03,21:00,順方向,2130.0,0.0,0,0.0,2130,安定度（作業）,0,0,0,0,0,2026/04/01 21:40:24
翌々日,20260401,更新後,中部フェンス,2026/04/03,21:00,逆方向,-2830.0,0.0,0,0.0,-2830,電圧（作業）,0,0,0,0,0,2026/04/01 21:40:24
翌々日,20260401,更新後,中部フェンス,2026/04/03,21:30,順方向,2130.0,0.0,0,0.0,2130,安定度（作業）,0,0,0,0,0,2026/04/01 21:40:24
翌々日,20260401,更新後,中部フェンス,2026/04/03,21:30,逆方向,-2830.0,0.0,0,0.0,-2830,電圧（作業）,0,0,0,0,0,2026/04/01 21:40:24
翌々日,20260401,更新後,中部フェンス,2026/04/03,22:00,順方向,2130.0,0.0,0,0.0,2130,安定度（作業）,0,0,0,0,0,2026/04/01 21:40:24
翌々日,20260401,更新後,中部フェンス,2026/04/03,22:00,逆方向,-2830.0,0.0,0,0.0,-2830,電圧（作業）,0,0,0,0,0,2026/04/01 21:40:24
翌々日,20260401,更新後,中部フェンス,2026/04/03,22:30,順方向,1990.0,0.0,0,0.0,1990,安定度（作業）,0,0,0,0,0,2026/04/01 21:40:24
翌々日,20260401,更新後,中部フェンス,2026/04/03,22:30,逆方向,-2830.0,0.0,0,0.0,-2830,電圧（作業）,0,0,0,0,0,2026/04/01 21:40:24
翌々日,20260401,更新後,中部フェンス,2026/04/03,23:00,順方向,1990.0,0.0,0,0.0,1990,安定度（作業）,0,0,0,0,0,2026/04/01 21:40:24
翌々日,20260401,更新後,中部フェンス,2026/04/03,23:00,逆方向,-2830.0,0.0,0,0.0,-2830,電圧（作業）,0,0,0,0,0,2026/04/01 21:40:24
翌々日,20260401,更新後,中部フェンス,2026/04/03,23:30,順方向,1990.0,0.0,0,0.0,1990,安定度（作業）,0,0,0,0,0,2026/04/01 21:40:24
翌々日,20260401,更新後,中部フェンス,2026/04/03,23:30,逆方向,-2830.0,0.0,0,0.0,-2830,電圧（作業）,0,0,0,0,0,2026/04/01 21:40:24
翌々日,20260401,更新後,中部フェンス,2026/04/03,24:00,順方向,1990.0,0.0,0,0.0,1990,安定度（作業）,0,0,0,0,0,2026/04/01 21:40:24
翌々日,20260401,更新後,中部フェンス,2026/04/03,24:00,逆方向,-2830.0,0.0,0,0.0,-2830,電圧（作業）,0,0,0,0,0,2026/04/01 21:40:24
翌々日,20260401,更新後,北陸フェンス,2026/04/03,00:30,順方向,2120.0,0.0,0,0.0,2120,電圧（作業）,0,0,0,0,0,2026/04/01 21:40:24
翌々日,20260401,更新後,北陸フェンス,2026/04/03,00:30,逆方向,-2970.0,0.0,0,0.0,-2970,安定度（作業）,0,0,0,0,0,2026/04/01 21:40:24
翌々日,20260401,更新後,北陸フェンス,2026/04/03,01:00,順方向,2120.0,0.0,0,0.0,2120,電圧（作業）,0,0,0,0,0,2026/04/01 21:40:24
翌々日,20260401,更新後,北陸フェンス,2026/04/03,01:00,逆方向,-2970.0,0.0,0,0.0,-2970,安定度（作業）,0,0,0,0,0,2026/04/01 21:40:24
翌々日,20260401,更新後,北陸フェンス,2026/04/03,01:30,順方向,2120.0,0.0,0,0.0,2120,電圧（作業）,0,0,0,0,0,2026/04/01 21:40:24
翌々日,20260401,更新後,北陸フェンス,2026/04/03,01:30,逆方向,-2970.0,0.0,0,0.0,-2970,安定度（作業）,0,0,0,0,0,2026/04/01 21:40:24
翌々日,20260401,更新後,北陸フェンス,2026/04/03,02:00,順方向,2120.0,0.0,0,0.0,2120,電圧（作業）,0,0,0,0,0,2026/04/01 21:40:24
翌々日,20260401,更新後,北陸フェンス,2026/04/03,02:00,逆方向,-2970.0,0.0,0,0.0,-2970,安定度（作業）,0,0,0,0,0,2026/04/01 21:40:24
翌々日,20260401,更新後,北陸フェンス,2026/04/03,02:30,順方向,2120.0,0.0,0,0.0,2120,電圧（作業）,0,0,0,0,0,2026/04/01 21:40:24
翌々日,20260401,更新後,北陸フェンス,2026/04/03,02:30,逆方向,-2970.0,0.0,0,0.0,-2970,安定度（作業）,0,0,0,0,0,2026/04/01 21:40:24
翌々日,20260401,更新後,北陸フェンス,2026/04/03,03:00,順方向,2120.0,0.0,0,0.0,2120,電圧（作業）,0,0,0,0,0,2026/04/01 21:40:24
翌々日,20260401,更新後,北陸フェンス,2026/04/03,03:00,逆方向,-2970.0,0.0,0,0.0,-2970,安定度（作業）,0,0,0,0,0,2026/04/01 21:40:24
翌々日,20260401,更新後,北陸フェンス,2026/04/03,03:30,順方向,2120.0,0.0,0,0.0,2120,電圧（作業）,0,0,0,0,0,2026/04/01 21:40:24
翌々日,20260401,更新後,北陸フェンス,2026/04/03,03:30,逆方向,-2970.0,0.0,0,0.0,-2970,安定度（作業）,0,0,0,0,0,2026/04/01 21:40:24
翌々日,20260401,更新後,北陸フェンス,2026/04/03,04:00,順方向,2120.0,0.0,0,0.0,2120,電圧（作業）,0,0,0,0,0,2026/04/01 21:40:24
翌々日,20260401,更新後,北陸フェンス,2026/04/03,04:00,逆方向,-2970.0,0.0,0,0.0,-2970,安定度（作業）,0,0,0,0,0,2026/04/01 21:40:24
翌々日,20260401,更新後,北陸フェンス,2026/04/03,04:30,順方向,2120.0,0.0,0,0.0,2120,電圧（作業）,0,0,0,0,0,2026/04/01 21:40:24
翌々日,20260401,更新後,北陸フェンス,2026/04/03,04:30,逆方向,-2970.0,0.0,0,0.0,-2970,安定度（作業）,0,0,0,0,0,2026/04/01 21:40:24
翌々日,20260401,更新後,北陸フェンス,2026/04/03,05:00,順方向,2120.0,0.0,0,0.0,2120,電圧（作業）,0,0,0,0,0,2026/04/01 21:40:24
翌々日,20260401,更新後,北陸フェンス,2026/04/03,05:00,逆方向,-2970.0,0.0,0,0.0,-2970,安定度（作業）,0,0,0,0,0,2026/04/01 21:40:24
翌々日,20260401,更新後,北陸フェンス,2026/04/03,05:30,順方向,2120.0,0.0,0,0.0,2120,電圧（作業）,0,0,0,0,0,2026/04/01 21:40:24
翌々日,20260401,更新後,北陸フェンス,2026/04/03,05:30,逆方向,-2970.0,0.0,0,0.0,-2970,安定度（作業）,0,0,0,0,0,2026/04/01 21:40:24
翌々日,20260401,更新後,北陸フェンス,2026/04/03,06:00,順方向,2120.0,0.0,0,0.0,2120,電圧（作業）,0,0,0,0,0,2026/04/01 21:40:24
翌々日,20260401,更新後,北陸フェンス,2026/04/03,06:00,逆方向,-2970.0,0.0,0,0.0,-2970,安定度（作業）,0,0,0,0,0,2026/04/01 21:40:24
翌々日,20260401,更新後,北陸フェンス,2026/04/03,06:30,順方向,2120.0,0.0,0,0.0,2120,電圧（作業）,0,0,0,0,0,2026/04/01 21:40:24
翌々日,20260401,更新後,北陸フェンス,2026/04/03,06:30,逆方向,-2970.0,0.0,0,0.0,-2970,安定度（作業）,0,0,0,0,0,2026/04/01 21:40:24
翌々日,20260401,更新後,北陸フェンス,2026/04/03,07:00,順方向,2120.0,0.0,0,0.0,2120,電圧（作業）,0,0,0,0,0,2026/04/01 21:40:24
翌々日,20260401,更新後,北陸フェンス,2026/04/03,07:00,逆方向,-2970.0,0.0,0,0.0,-2970,安定度（作業）,0,0,0,0,0,2026/04/01 21:40:24
翌々日,20260401,更新後,北陸フェンス,2026/04/03,07:30,順方向,2120.0,0.0,0,0.0,2120,電圧（作業）,0,0,0,0,0,2026/04/01 21:40:24
翌々日,20260401,更新後,北陸フェンス,2026/04/03,07:30,逆方向,-2970.0,0.0,0,0.0,-2970,安定度（作業）,0,0,0,0,0,2026/04/01 21:40:24
翌々日,20260401,更新後,北陸フェンス,2026/04/03,08:00,順方向,2120.0,0.0,0,0.0,2120,電圧（作業）,0,0,0,0,0,2026/04/01 21:40:24
翌々日,20260401,更新後,北陸フェンス,2026/04/03,08:00,逆方向,-2970.0,0.0,0,0.0,-2970,安定度（作業）,0,0,0,0,0,2026/04/01 21:40:24
翌々日,20260401,更新後,北陸フェンス,2026/04/03,08:30,順方向,2120.0,0.0,0,0.0,2120,電圧（作業）,0,0,0,0,0,2026/04/01 21:40:24
翌々日,20260401,更新後,北陸フェンス,2026/04/03,08:30,逆方向,-2870.0,0.0,0,0.0,-2870,安定度（作業）,0,0,0,0,0,2026/04/01 21:40:24
翌々日,20260401,更新後,北陸フェンス,2026/04/03,09:00,順方向,2120.0,0.0,0,0.0,2120,電圧（作業）,0,0,0,0,0,2026/04/01 21:40:24
翌々日,20260401,更新後,北陸フェンス,2026/04/03,09:00,逆方向,-2870.0,0.0,0,0.0,-2870,安定度（作業）,0,0,0,0,0,2026/04/01 21:40:24
翌々日,20260401,更新後,北陸フェンス,2026/04/03,09:30,順方向,2720.0,0.0,0,0.0,2720,電圧（作業）,0,0,0,0,0,2026/04/01 21:40:24
翌々日,20260401,更新後,北陸フェンス,2026/04/03,09:30,逆方向,-3870.0,0.0,0,0.0,-3870,安定度（作業）,0,0,0,0,0,2026/04/01 21:40:24
翌々日,20260401,更新後,北陸フェンス,2026/04/03,10:00,順方向,2720.0,0.0,0,0.0,2720,電圧（作業）,0,0,0,0,0,2026/04/01 21:40:24
翌々日,20260401,更新後,北陸フェンス,2026/04/03,10:00,逆方向,-3870.0,0.0,0,0.0,-3870,安定度（作業）,0,0,0,0,0,2026/04/01 21:40:24
翌々日,20260401,更新後,北陸フェンス,2026/04/03,10:30,順方向,2720.0,0.0,0,0.0,2720,電圧（作業）,0,0,0,0,0,2026/04/01 21:40:24
翌々日,20260401,更新後,北陸フェンス,2026/04/03,10:30,逆方向,-3870.0,0.0,0,0.0,-3870,安定度（作業）,0,0,0,0,0,2026/04/01 21:40:24
翌々日,20260401,更新後,北陸フェンス,2026/04/03,11:00,順方向,2720.0,0.0,0,0.0,2720,電圧（作業）,0,0,0,0,0,2026/04/01 21:40:24
翌々日,20260401,更新後,北陸フェンス,2026/04/03,11:00,逆方向,-3870.0,0.0,0,0.0,-3870,安定度（作業）,0,0,0,0,0,2026/04/01 21:40:24
翌々日,20260401,更新後,北陸フェンス,2026/04/03,11:30,順方向,2720.0,0.0,0,0.0,2720,電圧（作業）,0,0,0,0,0,2026/04/01 21:40:24
翌々日,20260401,更新後,北陸フェンス,2026/04/03,11:30,逆方向,-3870.0,0.0,0,0.0,-3870,安定度（作業）,0,0,0,0,0,2026/04/01 21:40:24
翌々日,20260401,更新後,北陸フェンス,2026/04/03,12:00,順方向,2720.0,0.0,0,0.0,2720,電圧（作業）,0,0,0,0,0,2026/04/01 21:40:24
翌々日,20260401,更新後,北陸フェンス,2026/04/03,12:00,逆方向,-3870.0,0.0,0,0.0,-3870,安定度（作業）,0,0,0,0,0,2026/04/01 21:40:24
翌々日,20260401,更新後,北陸フェンス,2026/04/03,12:30,順方向,2720.0,0.0,0,0.0,2720,電圧（作業）,0,0,0,0,0,2026/04/01 21:40:24
翌々日,20260401,更新後,北陸フェンス,2026/04/03,12:30,逆方向,-3870.0,0.0,0,0.0,-3870,安定度（作業）,0,0,0,0,0,2026/04/01 21:40:24
翌々日,20260401,更新後,北陸フェンス,2026/04/03,13:00,順方向,2720.0,0.0,0,0.0,2720,電圧（作業）,0,0,0,0,0,2026/04/01 21:40:24
翌々日,20260401,更新後,北陸フェンス,2026/04/03,13:00,逆方向,-3870.0,0.0,0,0.0,-3870,安定度（作業）,0,0,0,0,0,2026/04/01 21:40:24
翌々日,20260401,更新後,北陸フェンス,2026/04/03,13:30,順方向,2720.0,0.0,0,0.0,2720,電圧（作業）,0,0,0,0,0,2026/04/01 21:40:24
翌々日,20260401,更新後,北陸フェンス,2026/04/03,13:30,逆方向,-3870.0,0.0,0,0.0,-3870,安定度（作業）,0,0,0,0,0,2026/04/01 21:40:24
翌々日,20260401,更新後,北陸フェンス,2026/04/03,14:00,順方向,2720.0,0.0,0,0.0,2720,電圧（作業）,0,0,0,0,0,2026/04/01 21:40:24
翌々日,20260401,更新後,北陸フェンス,2026/04/03,14:00,逆方向,-3870.0,0.0,0,0.0,-3870,安定度（作業）,0,0,0,0,0,2026/04/01 21:40:24
翌々日,20260401,更新後,北陸フェンス,2026/04/03,14:30,順方向,2720.0,0.0,0,0.0,2720,電圧（作業）,0,0,0,0,0,2026/04/01 21:40:24
翌々日,20260401,更新後,北陸フェンス,2026/04/03,14:30,逆方向,-3870.0,0.0,0,0.0,-3870,安定度（作業）,0,0,0,0,0,2026/04/01 21:40:24
翌々日,20260401,更新後,北陸フェンス,2026/04/03,15:00,順方向,2720.0,0.0,0,0.0,2720,電圧（作業）,0,0,0,0,0,2026/04/01 21:40:24
翌々日,20260401,更新後,北陸フェンス,2026/04/03,15:00,逆方向,-3870.0,0.0,0,0.0,-3870,安定度（作業）,0,0,0,0,0,2026/04/01 21:40:24
翌々日,20260401,更新後,北陸フェンス,2026/04/03,15:30,順方向,2720.0,0.0,0,0.0,2720,電圧（作業）,0,0,0,0,0,2026/04/01 21:40:24
翌々日,20260401,更新後,北陸フェンス,2026/04/03,15:30,逆方向,-3870.0,0.0,0,0.0,-3870,安定度（作業）,0,0,0,0,0,2026/04/01 21:40:24
翌々日,20260401,更新後,北陸フェンス,2026/04/03,16:00,順方向,2720.0,0.0,0,0.0,2720,電圧（作業）,0,0,0,0,0,2026/04/01 21:40:24
翌々日,20260401,更新後,北陸フェンス,2026/04/03,16:00,逆方向,-3870.0,0.0,0,0.0,-3870,安定度（作業）,0,0,0,0,0,2026/04/01 21:40:24
翌々日,20260401,更新後,北陸フェンス,2026/04/03,16:30,順方向,2720.0,0.0,0,0.0,2720,電圧（作業）,0,0,0,0,0,2026/04/01 21:40:24
翌々日,20260401,更新後,北陸フェンス,2026/04/03,16:30,逆方向,-3870.0,0.0,0,0.0,-3870,安定度（作業）,0,0,0,0,0,2026/04/01 21:40:24
翌々日,20260401,更新後,北陸フェンス,2026/04/03,17:00,順方向,2720.0,0.0,0,0.0,2720,電圧（作業）,0,0,0,0,0,2026/04/01 21:40:24
翌々日,20260401,更新後,北陸フェンス,2026/04/03,17:00,逆方向,-3870.0,0.0,0,0.0,-3870,安定度（作業）,0,0,0,0,0,2026/04/01 21:40:24
翌々日,20260401,更新後,北陸フェンス,2026/04/03,17:30,順方向,2720.0,0.0,0,0.0,2720,電圧（作業）,0,0,0,0,0,2026/04/01 21:40:24
翌々日,20260401,更新後,北陸フェンス,2026/04/03,17:30,逆方向,-3870.0,0.0,0,0.0,-3870,安定度（作業）,0,0,0,0,0,2026/04/01 21:40:24
翌々日,20260401,更新後,北陸フェンス,2026/04/03,18:00,順方向,2720.0,0.0,0,0.0,2720,電圧（作業）,0,0,0,0,0,2026/04/01 21:40:24
翌々日,20260401,更新後,北陸フェンス,2026/04/03,18:00,逆方向,-3870.0,0.0,0,0.0,-3870,安定度（作業）,0,0,0,0,0,2026/04/01 21:40:24
翌々日,20260401,更新後,北陸フェンス,2026/04/03,18:30,順方向,2720.0,0.0,0,0.0,2720,電圧（作業）,0,0,0,0,0,2026/04/01 21:40:24
翌々日,20260401,更新後,北陸フェンス,2026/04/03,18:30,逆方向,-3970.0,0.0,0,0.0,-3970,安定度（作業）,0,0,0,0,0,2026/04/01 21:40:24
翌々日,20260401,更新後,北陸フェンス,2026/04/03,19:00,順方向,2720.0,0.0,0,0.0,2720,電圧（作業）,0,0,0,0,0,2026/04/01 21:40:24
翌々日,20260401,更新後,北陸フェンス,2026/04/03,19:00,逆方向,-3970.0,0.0,0,0.0,-3970,安定度（作業）,0,0,0,0,0,2026/04/01 21:40:24
翌々日,20260401,更新後,北陸フェンス,2026/04/03,19:30,順方向,2720.0,0.0,0,0.0,2720,電圧（作業）,0,0,0,0,0,2026/04/01 21:40:24
翌々日,20260401,更新後,北陸フェンス,2026/04/03,19:30,逆方向,-3970.0,0.0,0,0.0,-3970,安定度（作業）,0,0,0,0,0,2026/04/01 21:40:24
翌々日,20260401,更新後,北陸フェンス,2026/04/03,20:00,順方向,2720.0,0.0,0,0.0,2720,電圧（作業）,0,0,0,0,0,2026/04/01 21:40:24
翌々日,20260401,更新後,北陸フェンス,2026/04/03,20:00,逆方向,-3970.0,0.0,0,0.0,-3970,安定度（作業）,0,0,0,0,0,2026/04/01 21:40:24
翌々日,20260401,更新後,北陸フェンス,2026/04/03,20:30,順方向,2120.0,0.0,0,0.0,2120,電圧（作業）,0,0,0,0,0,2026/04/01 21:40:24
翌々日,20260401,更新後,北陸フェンス,2026/04/03,20:30,逆方向,-2970.0,0.0,0,0.0,-2970,安定度（作業）,0,0,0,0,0,2026/04/01 21:40:24
翌々日,20260401,更新後,北陸フェンス,2026/04/03,21:00,順方向,2120.0,0.0,0,0.0,2120,電圧（作業）,0,0,0,0,0,2026/04/01 21:40:24
翌々日,20260401,更新後,北陸フェンス,2026/04/03,21:00,逆方向,-2970.0,0.0,0,0.0,-2970,安定度（作業）,0,0,0,0,0,2026/04/01 21:40:24
翌々日,20260401,更新後,北陸フェンス,2026/04/03,21:30,順方向,2120.0,0.0,0,0.0,2120,電圧（作業）,0,0,0,0,0,2026/04/01 21:40:24
翌々日,20260401,更新後,北陸フェンス,2026/04/03,21:30,逆方向,-2970.0,0.0,0,0.0,-2970,安定度（作業）,0,0,0,0,0,2026/04/01 21:40:24
翌々日,20260401,更新後,北陸フェンス,2026/04/03,22:00,順方向,2120.0,0.0,0,0.0,2120,電圧（作業）,0,0,0,0,0,2026/04/01 21:40:24
翌々日,20260401,更新後,北陸フェンス,2026/04/03,22:00,逆方向,-2970.0,0.0,0,0.0,-2970,安定度（作業）,0,0,0,0,0,2026/04/01 21:40:24
翌々日,20260401,更新後,北陸フェンス,2026/04/03,22:30,順方向,2120.0,0.0,0,0.0,2120,電圧（作業）,0,0,0,0,0,2026/04/01 21:40:24
翌々日,20260401,更新後,北陸フェンス,2026/04/03,22:30,逆方向,-2970.0,0.0,0,0.0,-2970,安定度（作業）,0,0,0,0,0,2026/04/01 21:40:24
翌々日,20260401,更新後,北陸フェンス,2026/04/03,23:00,順方向,2120.0,0.0,0,0.0,2120,電圧（作業）,0,0,0,0,0,2026/04/01 21:40:24
翌々日,20260401,更新後,北陸フェンス,2026/04/03,23:00,逆方向,-2970.0,0.0,0,0.0,-2970,安定度（作業）,0,0,0,0,0,2026/04/01 21:40:24
翌々日,20260401,更新後,北陸フェンス,2026/04/03,23:30,順方向,2120.0,0.0,0,0.0,2120,電圧（作業）,0,0,0,0,0,2026/04/01 21:40:24
翌々日,20260401,更新後,北陸フェンス,2026/04/03,23:30,逆方向,-2970.0,0.0,0,0.0,-2970,安定度（作業）,0,0,0,0,0,2026/04/01 21:40:24
翌々日,20260401,更新後,北陸フェンス,2026/04/03,24:00,順方向,2120.0,0.0,0,0.0,2120,電圧（作業）,0,0,0,0,0,2026/04/01 21:40:24
翌々日,20260401,更新後,北陸フェンス,2026/04/03,24:00,逆方向,-2970.0,0.0,0,0.0,-2970,安定度（作業）,0,0,0,0,0,2026/04/01 21:40:24
翌々日,20260401,更新後,関西フェンス,2026/04/03,00:30,順方向,1990.0,0.0,0,0.0,1990,安定度（作業）,0,0,0,0,0,2026/04/01 21:40:24
翌々日,20260401,更新後,関西フェンス,2026/04/03,00:30,逆方向,-2830.0,0.0,0,0.0,-2830,電圧（作業）,0,0,0,0,0,2026/04/01 21:40:24
翌々日,20260401,更新後,関西フェンス,2026/04/03,01:00,順方向,1990.0,0.0,0,0.0,1990,安定度（作業）,0,0,0,0,0,2026/04/01 21:40:24
翌々日,20260401,更新後,関西フェンス,2026/04/03,01:00,逆方向,-2830.0,0.0,0,0.0,-2830,電圧（作業）,0,0,0,0,0,2026/04/01 21:40:24
翌々日,20260401,更新後,関西フェンス,2026/04/03,01:30,順方向,1990.0,0.0,0,0.0,1990,安定度（作業）,0,0,0,0,0,2026/04/01 21:40:24
翌々日,20260401,更新後,関西フェンス,2026/04/03,01:30,逆方向,-2830.0,0.0,0,0.0,-2830,電圧（作業）,0,0,0,0,0,2026/04/01 21:40:24
翌々日,20260401,更新後,関西フェンス,2026/04/03,02:00,順方向,1990.0,0.0,0,0.0,1990,安定度（作業）,0,0,0,0,0,2026/04/01 21:40:24
翌々日,20260401,更新後,関西フェンス,2026/04/03,02:00,逆方向,-2830.0,0.0,0,0.0,-2830,電圧（作業）,0,0,0,0,0,2026/04/01 21:40:24
翌々日,20260401,更新後,関西フェンス,2026/04/03,02:30,順方向,1990.0,0.0,0,0.0,1990,安定度（作業）,0,0,0,0,0,2026/04/01 21:40:24
翌々日,20260401,更新後,関西フェンス,2026/04/03,02:30,逆方向,-2830.0,0.0,0,0.0,-2830,電圧（作業）,0,0,0,0,0,2026/04/01 21:40:24
翌々日,20260401,更新後,関西フェンス,2026/04/03,03:00,順方向,1990.0,0.0,0,0.0,1990,安定度（作業）,0,0,0,0,0,2026/04/01 21:40:24
翌々日,20260401,更新後,関西フェンス,2026/04/03,03:00,逆方向,-2830.0,0.0,0,0.0,-2830,電圧（作業）,0,0,0,0,0,2026/04/01 21:40:24
翌々日,20260401,更新後,関西フェンス,2026/04/03,03:30,順方向,1990.0,0.0,0,0.0,1990,安定度（作業）,0,0,0,0,0,2026/04/01 21:40:24
翌々日,20260401,更新後,関西フェンス,2026/04/03,03:30,逆方向,-2830.0,0.0,0,0.0,-2830,電圧（作業）,0,0,0,0,0,2026/04/01 21:40:24
翌々日,20260401,更新後,関西フェンス,2026/04/03,04:00,順方向,1990.0,0.0,0,0.0,1990,安定度（作業）,0,0,0,0,0,2026/04/01 21:40:24
翌々日,20260401,更新後,関西フェンス,2026/04/03,04:00,逆方向,-2830.0,0.0,0,0.0,-2830,電圧（作業）,0,0,0,0,0,2026/04/01 21:40:24
翌々日,20260401,更新後,関西フェンス,2026/04/03,04:30,順方向,1990.0,0.0,0,0.0,1990,安定度（作業）,0,0,0,0,0,2026/04/01 21:40:24
翌々日,20260401,更新後,関西フェンス,2026/04/03,04:30,逆方向,-2830.0,0.0,0,0.0,-2830,電圧（作業）,0,0,0,0,0,2026/04/01 21:40:24
翌々日,20260401,更新後,関西フェンス,2026/04/03,05:00,順方向,1990.0,0.0,0,0.0,1990,安定度（作業）,0,0,0,0,0,2026/04/01 21:40:24
翌々日,20260401,更新後,関西フェンス,2026/04/03,05:00,逆方向,-2830.0,0.0,0,0.0,-2830,電圧（作業）,0,0,0,0,0,2026/04/01 21:40:24
翌々日,20260401,更新後,関西フェンス,2026/04/03,05:30,順方向,1990.0,0.0,0,0.0,1990,安定度（作業）,0,0,0,0,0,2026/04/01 21:40:24
翌々日,20260401,更新後,関西フェンス,2026/04/03,05:30,逆方向,-2830.0,0.0,0,0.0,-2830,電圧（作業）,0,0,0,0,0,2026/04/01 21:40:24
翌々日,20260401,更新後,関西フェンス,2026/04/03,06:00,順方向,1990.0,0.0,0,0.0,1990,安定度（作業）,0,0,0,0,0,2026/04/01 21:40:24
翌々日,20260401,更新後,関西フェンス,2026/04/03,06:00,逆方向,-2830.0,0.0,0,0.0,-2830,電圧（作業）,0,0,0,0,0,2026/04/01 21:40:24
翌々日,20260401,更新後,関西フェンス,2026/04/03,06:30,順方向,1990.0,0.0,0,0.0,1990,安定度（作業）,0,0,0,0,0,2026/04/01 21:40:24
翌々日,20260401,更新後,関西フェンス,2026/04/03,06:30,逆方向,-2830.0,0.0,0,0.0,-2830,電圧（作業）,0,0,0,0,0,2026/04/01 21:40:24
翌々日,20260401,更新後,関西フェンス,2026/04/03,07:00,順方向,1990.0,0.0,0,0.0,1990,安定度（作業）,0,0,0,0,0,2026/04/01 21:40:24
翌々日,20260401,更新後,関西フェンス,2026/04/03,07:00,逆方向,-2830.0,0.0,0,0.0,-2830,電圧（作業）,0,0,0,0,0,2026/04/01 21:40:24
翌々日,20260401,更新後,関西フェンス,2026/04/03,07:30,順方向,1990.0,0.0,0,0.0,1990,安定度（作業）,0,0,0,0,0,2026/04/01 21:40:24
翌々日,20260401,更新後,関西フェンス,2026/04/03,07:30,逆方向,-2830.0,0.0,0,0.0,-2830,電圧（作業）,0,0,0,0,0,2026/04/01 21:40:24
翌々日,20260401,更新後,関西フェンス,2026/04/03,08:00,順方向,1990.0,0.0,0,0.0,1990,安定度（作業）,0,0,0,0,0,2026/04/01 21:40:24
翌々日,20260401,更新後,関西フェンス,2026/04/03,08:00,逆方向,-2830.0,0.0,0,0.0,-2830,電圧（作業）,0,0,0,0,0,2026/04/01 21:40:24
翌々日,20260401,更新後,関西フェンス,2026/04/03,08:30,順方向,2030.0,0.0,0,0.0,2030,安定度（作業）,0,0,0,0,0,2026/04/01 21:40:24
翌々日,20260401,更新後,関西フェンス,2026/04/03,08:30,逆方向,-2730.0,0.0,0,0.0,-2730,電圧（作業）,0,0,0,0,0,2026/04/01 21:40:24
翌々日,20260401,更新後,関西フェンス,2026/04/03,09:00,順方向,2030.0,0.0,0,0.0,2030,安定度（作業）,0,0,0,0,0,2026/04/01 21:40:24
翌々日,20260401,更新後,関西フェンス,2026/04/03,09:00,逆方向,-2730.0,0.0,0,0.0,-2730,電圧（作業）,0,0,0,0,0,2026/04/01 21:40:24
翌々日,20260401,更新後,関西フェンス,2026/04/03,09:30,順方向,2530.0,0.0,0,0.0,2530,安定度（作業）,0,0,0,0,0,2026/04/01 21:40:24
翌々日,20260401,更新後,関西フェンス,2026/04/03,09:30,逆方向,-3430.0,0.0,0,0.0,-3430,電圧（作業）,0,0,0,0,0,2026/04/01 21:40:24
翌々日,20260401,更新後,関西フェンス,2026/04/03,10:00,順方向,2530.0,0.0,0,0.0,2530,安定度（作業）,0,0,0,0,0,2026/04/01 21:40:24
翌々日,20260401,更新後,関西フェンス,2026/04/03,10:00,逆方向,-3430.0,0.0,0,0.0,-3430,電圧（作業）,0,0,0,0,0,2026/04/01 21:40:24
翌々日,20260401,更新後,関西フェンス,2026/04/03,10:30,順方向,2530.0,0.0,0,0.0,2530,安定度（作業）,0,0,0,0,0,2026/04/01 21:40:24
翌々日,20260401,更新後,関西フェンス,2026/04/03,10:30,逆方向,-3430.0,0.0,0,0.0,-3430,電圧（作業）,0,0,0,0,0,2026/04/01 21:40:24
翌々日,20260401,更新後,関西フェンス,2026/04/03,11:00,順方向,2530.0,0.0,0,0.0,2530,安定度（作業）,0,0,0,0,0,2026/04/01 21:40:24
翌々日,20260401,更新後,関西フェンス,2026/04/03,11:00,逆方向,-3430.0,0.0,0,0.0,-3430,電圧（作業）,0,0,0,0,0,2026/04/01 21:40:24
翌々日,20260401,更新後,関西フェンス,2026/04/03,11:30,順方向,2530.0,0.0,0,0.0,2530,安定度（作業）,0,0,0,0,0,2026/04/01 21:40:24
翌々日,20260401,更新後,関西フェンス,2026/04/03,11:30,逆方向,-3430.0,0.0,0,0.0,-3430,電圧（作業）,0,0,0,0,0,2026/04/01 21:40:24
翌々日,20260401,更新後,関西フェンス,2026/04/03,12:00,順方向,2530.0,0.0,0,0.0,2530,安定度（作業）,0,0,0,0,0,2026/04/01 21:40:24
翌々日,20260401,更新後,関西フェンス,2026/04/03,12:00,逆方向,-3430.0,0.0,0,0.0,-3430,電圧（作業）,0,0,0,0,0,2026/04/01 21:40:24
翌々日,20260401,更新後,関西フェンス,2026/04/03,12:30,順方向,2530.0,0.0,0,0.0,2530,安定度（作業）,0,0,0,0,0,2026/04/01 21:40:24
翌々日,20260401,更新後,関西フェンス,2026/04/03,12:30,逆方向,-3430.0,0.0,0,0.0,-3430,電圧（作業）,0,0,0,0,0,2026/04/01 21:40:24
翌々日,20260401,更新後,関西フェンス,2026/04/03,13:00,順方向,2530.0,0.0,0,0.0,2530,安定度（作業）,0,0,0,0,0,2026/04/01 21:40:24
翌々日,20260401,更新後,関西フェンス,2026/04/03,13:00,逆方向,-3430.0,0.0,0,0.0,-3430,電圧（作業）,0,0,0,0,0,2026/04/01 21:40:24
翌々日,20260401,更新後,関西フェンス,2026/04/03,13:30,順方向,2530.0,0.0,0,0.0,2530,安定度（作業）,0,0,0,0,0,2026/04/01 21:40:24
翌々日,20260401,更新後,関西フェンス,2026/04/03,13:30,逆方向,-3430.0,0.0,0,0.0,-3430,電圧（作業）,0,0,0,0,0,2026/04/01 21:40:24
翌々日,20260401,更新後,関西フェンス,2026/04/03,14:00,順方向,2530.0,0.0,0,0.0,2530,安定度（作業）,0,0,0,0,0,2026/04/01 21:40:24
翌々日,20260401,更新後,関西フェンス,2026/04/03,14:00,逆方向,-3430.0,0.0,0,0.0,-3430,電圧（作業）,0,0,0,0,0,2026/04/01 21:40:24
翌々日,20260401,更新後,関西フェンス,2026/04/03,14:30,順方向,2530.0,0.0,0,0.0,2530,安定度（作業）,0,0,0,0,0,2026/04/01 21:40:24
翌々日,20260401,更新後,関西フェンス,2026/04/03,14:30,逆方向,-3430.0,0.0,0,0.0,-3430,電圧（作業）,0,0,0,0,0,2026/04/01 21:40:24
翌々日,20260401,更新後,関西フェンス,2026/04/03,15:00,順方向,2530.0,0.0,0,0.0,2530,安定度（作業）,0,0,0,0,0,2026/04/01 21:40:24
翌々日,20260401,更新後,関西フェンス,2026/04/03,15:00,逆方向,-3430.0,0.0,0,0.0,-3430,電圧（作業）,0,0,0,0,0,2026/04/01 21:40:24
翌々日,20260401,更新後,関西フェンス,2026/04/03,15:30,順方向,2530.0,0.0,0,0.0,2530,安定度（作業）,0,0,0,0,0,2026/04/01 21:40:24
翌々日,20260401,更新後,関西フェンス,2026/04/03,15:30,逆方向,-3430.0,0.0,0,0.0,-3430,電圧（作業）,0,0,0,0,0,2026/04/01 21:40:24
翌々日,20260401,更新後,関西フェンス,2026/04/03,16:00,順方向,2530.0,0.0,0,0.0,2530,安定度（作業）,0,0,0,0,0,2026/04/01 21:40:24
翌々日,20260401,更新後,関西フェンス,2026/04/03,16:00,逆方向,-3430.0,0.0,0,0.0,-3430,電圧（作業）,0,0,0,0,0,2026/04/01 21:40:24
翌々日,20260401,更新後,関西フェンス,2026/04/03,16:30,順方向,2530.0,0.0,0,0.0,2530,安定度（作業）,0,0,0,0,0,2026/04/01 21:40:24
翌々日,20260401,更新後,関西フェンス,2026/04/03,16:30,逆方向,-3430.0,0.0,0,0.0,-3430,電圧（作業）,0,0,0,0,0,2026/04/01 21:40:24
翌々日,20260401,更新後,関西フェンス,2026/04/03,17:00,順方向,2530.0,0.0,0,0.0,2530,安定度（作業）,0,0,0,0,0,2026/04/01 21:40:24
翌々日,20260401,更新後,関西フェンス,2026/04/03,17:00,逆方向,-3430.0,0.0,0,0.0,-3430,電圧（作業）,0,0,0,0,0,2026/04/01 21:40:24
翌々日,20260401,更新後,関西フェンス,2026/04/03,17:30,順方向,2530.0,0.0,0,0.0,2530,安定度（作業）,0,0,0,0,0,2026/04/01 21:40:24
翌々日,20260401,更新後,関西フェンス,2026/04/03,17:30,逆方向,-3430.0,0.0,0,0.0,-3430,電圧（作業）,0,0,0,0,0,2026/04/01 21:40:24
翌々日,20260401,更新後,関西フェンス,2026/04/03,18:00,順方向,2530.0,0.0,0,0.0,2530,安定度（作業）,0,0,0,0,0,2026/04/01 21:40:24
翌々日,20260401,更新後,関西フェンス,2026/04/03,18:00,逆方向,-3430.0,0.0,0,0.0,-3430,電圧（作業）,0,0,0,0,0,2026/04/01 21:40:24
翌々日,20260401,更新後,関西フェンス,2026/04/03,18:30,順方向,2630.0,0.0,0,0.0,2630,安定度（作業）,0,0,0,0,0,2026/04/01 21:40:24
翌々日,20260401,更新後,関西フェンス,2026/04/03,18:30,逆方向,-3530.0,0.0,0,0.0,-3530,電圧（作業）,0,0,0,0,0,2026/04/01 21:40:24
翌々日,20260401,更新後,関西フェンス,2026/04/03,19:00,順方向,2630.0,0.0,0,0.0,2630,安定度（作業）,0,0,0,0,0,2026/04/01 21:40:24
翌々日,20260401,更新後,関西フェンス,2026/04/03,19:00,逆方向,-3530.0,0.0,0,0.0,-3530,電圧（作業）,0,0,0,0,0,2026/04/01 21:40:24
翌々日,20260401,更新後,関西フェンス,2026/04/03,19:30,順方向,2630.0,0.0,0,0.0,2630,安定度（作業）,0,0,0,0,0,2026/04/01 21:40:24
翌々日,20260401,更新後,関西フェンス,2026/04/03,19:30,逆方向,-3530.0,0.0,0,0.0,-3530,電圧（作業）,0,0,0,0,0,2026/04/01 21:40:24
翌々日,20260401,更新後,関西フェンス,2026/04/03,20:00,順方向,2630.0,0.0,0,0.0,2630,安定度（作業）,0,0,0,0,0,2026/04/01 21:40:24
翌々日,20260401,更新後,関西フェンス,2026/04/03,20:00,逆方向,-3530.0,0.0,0,0.0,-3530,電圧（作業）,0,0,0,0,0,2026/04/01 21:40:24
翌々日,20260401,更新後,関西フェンス,2026/04/03,20:30,順方向,2130.0,0.0,0,0.0,2130,安定度（作業）,0,0,0,0,0,2026/04/01 21:40:24
翌々日,20260401,更新後,関西フェンス,2026/04/03,20:30,逆方向,-2830.0,0.0,0,0.0,-2830,電圧（作業）,0,0,0,0,0,2026/04/01 21:40:24
翌々日,20260401,更新後,関西フェンス,2026/04/03,21:00,順方向,2130.0,0.0,0,0.0,2130,安定度（作業）,0,0,0,0,0,2026/04/01 21:40:24
翌々日,20260401,更新後,関西フェンス,2026/04/03,21:00,逆方向,-2830.0,0.0,0,0.0,-2830,電圧（作業）,0,0,0,0,0,2026/04/01 21:40:24
翌々日,20260401,更新後,関西フェンス,2026/04/03,21:30,順方向,2130.0,0.0,0,0.0,2130,安定度（作業）,0,0,0,0,0,2026/04/01 21:40:24
翌々日,20260401,更新後,関西フェンス,2026/04/03,21:30,逆方向,-2830.0,0.0,0,0.0,-2830,電圧（作業）,0,0,0,0,0,2026/04/01 21:40:24
翌々日,20260401,更新後,関西フェンス,2026/04/03,22:00,順方向,2130.0,0.0,0,0.0,2130,安定度（作業）,0,0,0,0,0,2026/04/01 21:40:24
翌々日,20260401,更新後,関西フェンス,2026/04/03,22:00,逆方向,-2830.0,0.0,0,0.0,-2830,電圧（作業）,0,0,0,0,0,2026/04/01 21:40:24
翌々日,20260401,更新後,関西フェンス,2026/04/03,22:30,順方向,1990.0,0.0,0,0.0,1990,安定度（作業）,0,0,0,0,0,2026/04/01 21:40:24
翌々日,20260401,更新後,関西フェンス,2026/04/03,22:30,逆方向,-2830.0,0.0,0,0.0,-2830,電圧（作業）,0,0,0,0,0,2026/04/01 21:40:24
翌々日,20260401,更新後,関西フェンス,2026/04/03,23:00,順方向,1990.0,0.0,0,0.0,1990,安定度（作業）,0,0,0,0,0,2026/04/01 21:40:24
翌々日,20260401,更新後,関西フェンス,2026/04/03,23:00,逆方向,-2830.0,0.0,0,0.0,-2830,電圧（作業）,0,0,0,0,0,2026/04/01 21:40:24
翌々日,20260401,更新後,関西フェンス,2026/04/03,23:30,順方向,1990.0,0.0,0,0.0,1990,安定度（作業）,0,0,0,0,0,2026/04/01 21:40:24
翌々日,20260401,更新後,関西フェンス,2026/04/03,23:30,逆方向,-2830.0,0.0,0,0.0,-2830,電圧（作業）,0,0,0,0,0,2026/04/01 21:40:24
翌々日,20260401,更新後,関西フェンス,2026/04/03,24:00,順方向,1990.0,0.0,0,0.0,1990,安定度（作業）,0,0,0,0,0,2026/04/01 21:40:24
翌々日,20260401,更新後,関西フェンス,2026/04/03,24:00,逆方向,-2830.0,0.0,0,0.0,-2830,電圧（作業）,0,0,0,0,0,2026/04/01 21:40:24
翌日,20260401,更新後,北海道・本州間電力連系設備,2026/04/02,00:30,順方向,510.0,150.0,0,40.0,700,電圧,0,0,0,0,0,2026/04/01 18:54:30
翌日,20260401,更新後,北海道・本州間電力連系設備,2026/04/02,00:30,逆方向,-425.0,150.0,0,-625.0,-900,熱容量,0,0,0,0,0,2026/04/01 18:54:30
翌日,20260401,更新後,北海道・本州間電力連系設備,2026/04/02,01:00,順方向,335.6,324.4,0,40.0,700,電圧,0,0,0,0,0,2026/04/01 18:54:30
翌日,20260401,更新後,北海道・本州間電力連系設備,2026/04/02,01:00,逆方向,-599.4,324.4,0,-625.0,-900,熱容量,0,0,0,0,0,2026/04/01 18:54:30
翌日,20260401,更新後,北海道・本州間電力連系設備,2026/04/02,01:30,順方向,356.3,313.7,0,30.0,700,電圧,0,0,0,0,0,2026/04/01 18:54:30
翌日,20260401,更新後,北海道・本州間電力連系設備,2026/04/02,01:30,逆方向,-588.7,313.7,0,-625.0,-900,熱容量,0,0,0,0,0,2026/04/01 18:54:30
翌日,20260401,更新後,北海道・本州間電力連系設備,2026/04/02,02:00,順方向,395.7,274.3,0,30.0,700,電圧,0,0,0,0,0,2026/04/01 18:54:30
翌日,20260401,更新後,北海道・本州間電力連系設備,2026/04/02,02:00,逆方向,-549.3,274.3,0,-625.0,-900,熱容量,0,0,0,0,0,2026/04/01 18:54:30
翌日,20260401,更新後,北海道・本州間電力連系設備,2026/04/02,02:30,順方向,485.8,194.2,0,20.0,700,電圧,0,0,0,0,0,2026/04/01 18:54:30
翌日,20260401,更新後,北海道・本州間電力連系設備,2026/04/02,02:30,逆方向,-469.2,194.2,0,-625.0,-900,熱容量,0,0,0,0,0,2026/04/01 18:54:30
翌日,20260401,更新後,北海道・本州間電力連系設備,2026/04/02,03:00,順方向,475.9,204.1,0,20.0,700,電圧,0,0,0,0,0,2026/04/01 18:54:30
翌日,20260401,更新後,北海道・本州間電力連系設備,2026/04/02,03:00,逆方向,-479.1,204.1,0,-625.0,-900,熱容量,0,0,0,0,0,2026/04/01 18:54:30
翌日,20260401,更新後,北海道・本州間電力連系設備,2026/04/02,03:30,順方向,505.4,184.6,0,10.0,700,電圧,0,0,0,0,0,2026/04/01 18:54:30
翌日,20260401,更新後,北海道・本州間電力連系設備,2026/04/02,03:30,逆方向,-469.6,184.6,0,-615.0,-900,熱容量,0,0,0,0,0,2026/04/01 18:54:30
翌日,20260401,更新後,北海道・本州間電力連系設備,2026/04/02,04:00,順方向,460.6,229.4,0,10.0,700,電圧,0,0,0,0,0,2026/04/01 18:54:30
翌日,20260401,更新後,北海道・本州間電力連系設備,2026/04/02,04:00,逆方向,-514.4,229.4,0,-615.0,-900,熱容量,0,0,0,0,0,2026/04/01 18:54:30
翌日,20260401,更新後,北海道・本州間電力連系設備,2026/04/02,04:30,順方向,404.5,295.5,0,0.0,700,電圧,0,0,0,0,0,2026/04/01 18:54:30
翌日,20260401,更新後,北海道・本州間電力連系設備,2026/04/02,04:30,逆方向,-580.5,295.5,0,-615.0,-900,熱容量,0,0,0,0,0,2026/04/01 18:54:30
翌日,20260401,更新後,北海道・本州間電力連系設備,2026/04/02,05:00,順方向,343.5,356.5,0,0.0,700,電圧,0,0,0,0,0,2026/04/01 18:54:30
翌日,20260401,更新後,北海道・本州間電力連系設備,2026/04/02,05:00,逆方向,-641.5,356.5,0,-615.0,-900,熱容量,0,0,0,0,0,2026/04/01 18:54:30
翌日,20260401,更新後,北海道・本州間電力連系設備,2026/04/02,05:30,順方向,399.8,300.2,0,0.0,700,電圧,0,0,0,0,0,2026/04/01 18:54:30
翌日,20260401,更新後,北海道・本州間電力連系設備,2026/04/02,05:30,逆方向,-595.2,300.2,0,-605.0,-900,熱容量,0,0,0,0,0,2026/04/01 18:54:30
翌日,20260401,更新後,北海道・本州間電力連系設備,2026/04/02,06:00,順方向,388.7,311.3,0,0.0,700,電圧,0,0,0,0,0,2026/04/01 18:54:30
翌日,20260401,更新後,北海道・本州間電力連系設備,2026/04/02,06:00,逆方向,-606.3,311.3,0,-605.0,-900,熱容量,0,0,0,0,0,2026/04/01 18:54:30
翌日,20260401,更新後,北海道・本州間電力連系設備,2026/04/02,06:30,順方向,381.7,318.3,0,0.0,700,電圧,0,0,0,0,0,2026/04/01 18:54:30
翌日,20260401,更新後,北海道・本州間電力連系設備,2026/04/02,06:30,逆方向,-613.3,318.3,0,-605.0,-900,熱容量,0,0,0,0,0,2026/04/01 18:54:30
翌日,20260401,更新後,北海道・本州間電力連系設備,2026/04/02,07:00,順方向,343.2,356.8,0,0.0,700,電圧,0,0,0,0,0,2026/04/01 18:54:30
翌日,20260401,更新後,北海道・本州間電力連系設備,2026/04/02,07:00,逆方向,-651.8,356.8,0,-605.0,-900,熱容量,0,0,0,0,0,2026/04/01 18:54:30
翌日,20260401,更新後,北海道・本州間電力連系設備,2026/04/02,07:30,順方向,334.2,365.8,0,0.0,700,電圧,0,0,0,0,0,2026/04/01 18:54:30
翌日,20260401,更新後,北海道・本州間電力連系設備,2026/04/02,07:30,逆方向,-650.8,365.8,0,-615.0,-900,熱容量,0,0,0,0,0,2026/04/01 18:54:30
翌日,20260401,更新後,北海道・本州間電力連系設備,2026/04/02,08:00,順方向,315.9,384.1,0,0.0,700,電圧,0,0,0,0,0,2026/04/01 18:54:30
翌日,20260401,更新後,北海道・本州間電力連系設備,2026/04/02,08:00,逆方向,-669.1,384.1,0,-615.0,-900,熱容量,0,0,0,0,0,2026/04/01 18:54:30
翌日,20260401,更新後,北海道・本州間電力連系設備,2026/04/02,08:30,順方向,292.6,407.4,0,0.0,700,電圧,0,0,0,0,0,2026/04/01 18:54:30
翌日,20260401,更新後,北海道・本州間電力連系設備,2026/04/02,08:30,逆方向,-702.4,407.4,0,-605.0,-900,熱容量,0,0,0,0,0,2026/04/01 18:54:30
翌日,20260401,更新後,北海道・本州間電力連系設備,2026/04/02,09:00,順方向,229.9,470.1,0,0.0,700,電圧,0,0,0,0,0,2026/04/01 18:54:30
翌日,20260401,更新後,北海道・本州間電力連系設備,2026/04/02,09:00,逆方向,-765.1,470.1,0,-605.0,-900,熱容量,0,0,0,0,0,2026/04/01 18:54:30
翌日,20260401,更新後,北海道・本州間電力連系設備,2026/04/02,09:30,順方向,225.8,474.2,0,0.0,700,電圧,0,0,0,0,0,2026/04/01 18:54:30
翌日,20260401,更新後,北海道・本州間電力連系設備,2026/04/02,09:30,逆方向,-698.2,474.2,0,-676.0,-900,熱容量,0,0,0,0,0,2026/04/01 18:54:30
翌日,20260401,更新後,北海道・本州間電力連系設備,2026/04/02,10:00,順方向,163.5,536.5,0,0.0,700,電圧,0,0,0,0,0,2026/04/01 18:54:30
翌日,20260401,更新後,北海道・本州間電力連系設備,2026/04/02,10:00,逆方向,-756.5,536.5,0,-680.0,-900,熱容量,0,0,0,0,0,2026/04/01 18:54:30
翌日,20260401,更新後,北海道・本州間電力連系設備,2026/04/02,10:30,順方向,105.6,594.4,0,0.0,700,電圧,0,0,0,0,0,2026/04/01 18:54:30
翌日,20260401,更新後,北海道・本州間電力連系設備,2026/04/02,10:30,逆方向,-814.4,594.4,0,-680.0,-900,熱容量,0,0,0,0,0,2026/04/01 18:54:30
翌日,20260401,更新後,北海道・本州間電力連系設備,2026/04/02,11:00,順方向,58.0,642.0,0,0.0,700,電圧,0,0,0,0,0,2026/04/01 18:54:30
翌日,20260401,更新後,北海道・本州間電力連系設備,2026/04/02,11:00,逆方向,-862.0,642.0,0,-680.0,-900,熱容量,0,0,0,0,0,2026/04/01 18:54:30
翌日,20260401,更新後,北海道・本州間電力連系設備,2026/04/02,11:30,順方向,58.3,641.7,0,0.0,700,電圧,0,0,0,0,0,2026/04/01 18:54:30
翌日,20260401,更新後,北海道・本州間電力連系設備,2026/04/02,11:30,逆方向,-861.7,641.7,0,-680.0,-900,熱容量,0,0,0,0,0,2026/04/01 18:54:30
翌日,20260401,更新後,北海道・本州間電力連系設備,2026/04/02,12:00,順方向,75.5,624.5,0,0.0,700,電圧,0,0,0,0,0,2026/04/01 18:54:30
翌日,20260401,更新後,北海道・本州間電力連系設備,2026/04/02,12:00,逆方向,-844.5,624.5,0,-680.0,-900,熱容量,0,0,0,0,0,2026/04/01 18:54:30
翌日,20260401,更新後,北海道・本州間電力連系設備,2026/04/02,12:30,順方向,201.7,488.3,0,10.0,700,電圧,0,0,0,0,0,2026/04/01 18:54:30
翌日,20260401,更新後,北海道・本州間電力連系設備,2026/04/02,12:30,逆方向,-718.3,488.3,0,-670.0,-900,熱容量,0,0,0,0,0,2026/04/01 18:54:30
翌日,20260401,更新後,北海道・本州間電力連系設備,2026/04/02,13:00,順方向,251.0,439.0,0,10.0,700,電圧,0,0,0,0,0,2026/04/01 18:54:30
翌日,20260401,更新後,北海道・本州間電力連系設備,2026/04/02,13:00,逆方向,-708.918,439.0,0,-630.082,-900,熱容量,0,0,0,0,0,2026/04/01 18:54:30
翌日,20260401,更新後,北海道・本州間電力連系設備,2026/04/02,13:30,順方向,99.9,590.1,0,10.0,700,電圧,0,0,0,0,0,2026/04/01 18:54:30
翌日,20260401,更新後,北海道・本州間電力連系設備,2026/04/02,13:30,逆方向,-800.1,590.1,0,-690.0,-900,熱容量,0,0,0,0,0,2026/04/01 18:54:30
翌日,20260401,更新後,北海道・本州間電力連系設備,2026/04/02,14:00,順方向,162.7,527.3,0,10.0,700,電圧,0,0,0,0,0,2026/04/01 18:54:30
翌日,20260401,更新後,北海道・本州間電力連系設備,2026/04/02,14:00,逆方向,-737.3,527.3,0,-690.0,-900,熱容量,0,0,0,0,0,2026/04/01 18:54:30
翌日,20260401,更新後,北海道・本州間電力連系設備,2026/04/02,14:30,順方向,167.0,513.0,0,20.0,700,電圧,0,0,0,0,0,2026/04/01 18:54:30
翌日,20260401,更新後,北海道・本州間電力連系設備,2026/04/02,14:30,逆方向,-713.0,513.0,0,-700.0,-900,熱容量,0,0,0,0,0,2026/04/01 18:54:30
翌日,20260401,更新後,北海道・本州間電力連系設備,2026/04/02,15:00,順方向,243.6,436.4,0,20.0,700,電圧,0,0,0,0,0,2026/04/01 18:54:30
翌日,20260401,更新後,北海道・本州間電力連系設備,2026/04/02,15:00,逆方向,-636.4,436.4,0,-700.0,-900,熱容量,0,0,0,0,0,2026/04/01 18:54:30
翌日,20260401,更新後,北海道・本州間電力連系設備,2026/04/02,15:30,順方向,293.0,377.0,0,30.0,700,電圧,0,0,0,0,0,2026/04/01 18:54:30
翌日,20260401,更新後,北海道・本州間電力連系設備,2026/04/02,15:30,逆方向,-652.0,377.0,0,-625.0,-900,熱容量,0,0,0,0,0,2026/04/01 18:54:30
翌日,20260401,更新後,北海道・本州間電力連系設備,2026/04/02,16:00,順方向,394.7,275.3,0,30.0,700,電圧,0,0,0,0,0,2026/04/01 18:54:30
翌日,20260401,更新後,北海道・本州間電力連系設備,2026/04/02,16:00,逆方向,-553.3,275.3,0,-622.0,-900,熱容量,0,0,0,0,0,2026/04/01 18:54:30
翌日,20260401,更新後,北海道・本州間電力連系設備,2026/04/02,16:30,順方向,464.5,225.5,0,10.0,700,電圧,0,0,0,0,0,2026/04/01 18:54:30
翌日,20260401,更新後,北海道・本州間電力連系設備,2026/04/02,16:30,逆方向,-453.5,225.5,0,-672.0,-900,熱容量,0,0,0,0,0,2026/04/01 18:54:30
翌日,20260401,更新後,北海道・本州間電力連系設備,2026/04/02,17:00,順方向,551.1,138.9,0,10.0,700,電圧,0,0,0,0,0,2026/04/01 18:54:30
翌日,20260401,更新後,北海道・本州間電力連系設備,2026/04/02,17:00,逆方向,-462.9,138.9,0,-576.0,-900,熱容量,0,0,0,0,0,2026/04/01 18:54:30
翌日,20260401,更新後,北海道・本州間電力連系設備,2026/04/02,17:30,順方向,613.0,87.0,0,0.0,700,電圧,0,0,0,0,0,2026/04/01 18:54:30
翌日,20260401,更新後,北海道・本州間電力連系設備,2026/04/02,17:30,逆方向,-449.0,87.0,0,-538.0,-900,熱容量,0,0,0,0,0,2026/04/01 18:54:30
翌日,20260401,更新後,北海道・本州間電力連系設備,2026/04/02,18:00,順方向,603.3,96.7,0,0.0,700,電圧,0,0,0,0,0,2026/04/01 18:54:30
翌日,20260401,更新後,北海道・本州間電力連系設備,2026/04/02,18:00,逆方向,-388.7,96.7,0,-608.0,-900,熱容量,0,0,0,0,0,2026/04/01 18:54:30
翌日,20260401,更新後,北海道・本州間電力連系設備,2026/04/02,18:30,順方向,620.1,79.9,0,0.0,700,電圧,0,0,0,0,0,2026/04/01 18:54:30
翌日,20260401,更新後,北海道・本州間電力連系設備,2026/04/02,18:30,逆方向,-374.9,79.9,0,-605.0,-900,熱容量,0,0,0,0,0,2026/04/01 18:54:30
翌日,20260401,更新後,北海道・本州間電力連系設備,2026/04/02,19:00,順方向,626.0,74.0,0,0.0,700,電圧,0,0,0,0,0,2026/04/01 18:54:30
翌日,20260401,更新後,北海道・本州間電力連系設備,2026/04/02,19:00,逆方向,-369.0,74.0,0,-605.0,-900,熱容量,0,0,0,0,0,2026/04/01 18:54:30
翌日,20260401,更新後,北海道・本州間電力連系設備,2026/04/02,19:30,順方向,573.9,126.1,0,0.0,700,電圧,0,0,0,0,0,2026/04/01 18:54:30
翌日,20260401,更新後,北海道・本州間電力連系設備,2026/04/02,19:30,逆方向,-438.74,126.1,0,-587.36,-900,熱容量,0,0,0,0,0,2026/04/01 18:54:30
翌日,20260401,更新後,北海道・本州間電力連系設備,2026/04/02,20:00,順方向,555.8,144.2,0,0.0,700,電圧,0,0,0,0,0,2026/04/01 18:54:30
翌日,20260401,更新後,北海道・本州間電力連系設備,2026/04/02,20:00,逆方向,-457.2,144.2,0,-587.0,-900,熱容量,0,0,0,0,0,2026/04/01 18:54:30
翌日,20260401,更新後,北海道・本州間電力連系設備,2026/04/02,20:30,順方向,529.4,170.6,0,0.0,700,電圧,0,0,0,0,0,2026/04/01 18:54:30
翌日,20260401,更新後,北海道・本州間電力連系設備,2026/04/02,20:30,逆方向,-465.6,170.6,0,-605.0,-900,熱容量,0,0,0,0,0,2026/04/01 18:54:30
翌日,20260401,更新後,北海道・本州間電力連系設備,2026/04/02,21:00,順方向,545.4,154.6,0,0.0,700,電圧,0,0,0,0,0,2026/04/01 18:54:30
翌日,20260401,更新後,北海道・本州間電力連系設備,2026/04/02,21:00,逆方向,-449.6,154.6,0,-605.0,-900,熱容量,0,0,0,0,0,2026/04/01 18:54:30
翌日,20260401,更新後,北海道・本州間電力連系設備,2026/04/02,21:30,順方向,478.7,201.3,0,20.0,700,電圧,0,0,0,0,0,2026/04/01 18:54:30
翌日,20260401,更新後,北海道・本州間電力連系設備,2026/04/02,21:30,逆方向,-486.3,201.3,0,-615.0,-900,熱容量,0,0,0,0,0,2026/04/01 18:54:30
翌日,20260401,更新後,北海道・本州間電力連系設備,2026/04/02,22:00,順方向,499.1,180.9,0,20.0,700,電圧,0,0,0,0,0,2026/04/01 18:54:30
翌日,20260401,更新後,北海道・本州間電力連系設備,2026/04/02,22:00,逆方向,-465.9,180.9,0,-615.0,-900,熱容量,0,0,0,0,0,2026/04/01 18:54:30
翌日,20260401,更新後,北海道・本州間電力連系設備,2026/04/02,22:30,順方向,500.6,169.4,0,30.0,700,電圧,0,0,0,0,0,2026/04/01 18:54:30
翌日,20260401,更新後,北海道・本州間電力連系設備,2026/04/02,22:30,逆方向,-462.4,169.4,0,-607.0,-900,熱容量,0,0,0,0,0,2026/04/01 18:54:30
翌日,20260401,更新後,北海道・本州間電力連系設備,2026/04/02,23:00,順方向,479.9,190.1,0,30.0,700,電圧,0,0,0,0,0,2026/04/01 18:54:30
翌日,20260401,更新後,北海道・本州間電力連系設備,2026/04/02,23:00,逆方向,-487.1,190.1,0,-603.0,-900,熱容量,0,0,0,0,0,2026/04/01 18:54:30
翌日,20260401,更新後,北海道・本州間電力連系設備,2026/04/02,23:30,順方向,417.8,252.2,0,30.0,700,電圧,0,0,0,0,0,2026/04/01 18:54:30
翌日,20260401,更新後,北海道・本州間電力連系設備,2026/04/02,23:30,逆方向,-527.2,252.2,0,-625.0,-900,熱容量,0,0,0,0,0,2026/04/01 18:54:30
翌日,20260401,更新後,北海道・本州間電力連系設備,2026/04/02,24:00,順方向,434.4,235.6,0,30.0,700,電圧,0,0,0,0,0,2026/04/01 18:54:30
翌日,20260401,更新後,北海道・本州間電力連系設備,2026/04/02,24:00,逆方向,-510.6,235.6,0,-625.0,-900,熱容量,0,0,0,0,0,2026/04/01 18:54:30
翌日,20260401,更新後,相馬双葉幹線,2026/04/02,00:30,順方向,381.6,3068.4,0,0.0,3450,熱容量（作業）,0,0,0,0,0,2026/04/01 18:54:30
翌日,20260401,更新後,相馬双葉幹線,2026/04/02,00:30,逆方向,-5288.4,3068.4,0,-140.0,-2360,熱容量,0,0,0,0,0,2026/04/01 18:54:30
翌日,20260401,更新後,相馬双葉幹線,2026/04/02,01:00,順方向,51.5,3398.5,0,0.0,3450,熱容量（作業）,0,0,0,0,0,2026/04/01 18:54:30
翌日,20260401,更新後,相馬双葉幹線,2026/04/02,01:00,逆方向,-5618.5,3398.5,0,-140.0,-2360,熱容量,0,0,0,0,0,2026/04/01 18:54:30
翌日,20260401,更新後,相馬双葉幹線,2026/04/02,01:30,順方向,40.8,3409.2,0,0.0,3450,熱容量（作業）,0,0,0,0,0,2026/04/01 18:54:30
翌日,20260401,更新後,相馬双葉幹線,2026/04/02,01:30,逆方向,-5629.2,3409.2,0,-140.0,-2360,熱容量,0,0,0,0,0,2026/04/01 18:54:30
翌日,20260401,更新後,相馬双葉幹線,2026/04/02,02:00,順方向,136.5,3313.5,0,0.0,3450,熱容量（作業）,0,0,0,0,0,2026/04/01 18:54:30
翌日,20260401,更新後,相馬双葉幹線,2026/04/02,02:00,逆方向,-5533.5,3313.5,0,-140.0,-2360,熱容量,0,0,0,0,0,2026/04/01 18:54:30
翌日,20260401,更新後,相馬双葉幹線,2026/04/02,02:30,順方向,344.6,3105.4,0,0.0,3450,熱容量（作業）,0,0,0,0,0,2026/04/01 18:54:30
翌日,20260401,更新後,相馬双葉幹線,2026/04/02,02:30,逆方向,-5330.4,3105.4,0,-135.0,-2360,熱容量,0,0,0,0,0,2026/04/01 18:54:30
翌日,20260401,更新後,相馬双葉幹線,2026/04/02,03:00,順方向,426.2,3023.8,0,0.0,3450,熱容量（作業）,0,0,0,0,0,2026/04/01 18:54:30
翌日,20260401,更新後,相馬双葉幹線,2026/04/02,03:00,逆方向,-5253.8,3023.8,0,-130.0,-2360,熱容量,0,0,0,0,0,2026/04/01 18:54:30
翌日,20260401,更新後,相馬双葉幹線,2026/04/02,03:30,順方向,339.2,3110.8,0,0.0,3450,熱容量（作業）,0,0,0,0,0,2026/04/01 18:54:30
翌日,20260401,更新後,相馬双葉幹線,2026/04/02,03:30,逆方向,-5341.8,3110.8,0,-129.0,-2360,熱容量,0,0,0,0,0,2026/04/01 18:54:30
翌日,20260401,更新後,相馬双葉幹線,2026/04/02,04:00,順方向,201.7,3248.3,0,0.0,3450,熱容量（作業）,0,0,0,0,0,2026/04/01 18:54:30
翌日,20260401,更新後,相馬双葉幹線,2026/04/02,04:00,逆方向,-5478.3,3248.3,0,-130.0,-2360,熱容量,0,0,0,0,0,2026/04/01 18:54:30
翌日,20260401,更新後,相馬双葉幹線,2026/04/02,04:30,順方向,351.3,3098.7,0,0.0,3450,熱容量（作業）,0,0,0,0,0,2026/04/01 18:54:30
翌日,20260401,更新後,相馬双葉幹線,2026/04/02,04:30,逆方向,-5324.7,3098.7,0,-134.0,-2360,熱容量,0,0,0,0,0,2026/04/01 18:54:30
翌日,20260401,更新後,相馬双葉幹線,2026/04/02,05:00,順方向,40.1,3409.9,0,0.0,3450,熱容量（作業）,0,0,0,0,0,2026/04/01 18:54:30
翌日,20260401,更新後,相馬双葉幹線,2026/04/02,05:00,逆方向,-5635.9,3409.9,0,-134.0,-2360,熱容量,0,0,0,0,0,2026/04/01 18:54:30
翌日,20260401,更新後,相馬双葉幹線,2026/04/02,05:30,順方向,180.1,3269.9,0,0.0,3450,熱容量（作業）,0,0,0,0,0,2026/04/01 18:54:30
翌日,20260401,更新後,相馬双葉幹線,2026/04/02,05:30,逆方向,-5495.9,3269.9,0,-134.0,-2360,熱容量,0,0,0,0,0,2026/04/01 18:54:30
翌日,20260401,更新後,相馬双葉幹線,2026/04/02,06:00,順方向,150.9,3299.1,0,0.0,3450,熱容量（作業）,0,0,0,0,0,2026/04/01 18:54:30
翌日,20260401,更新後,相馬双葉幹線,2026/04/02,06:00,逆方向,-5518.1,3299.1,0,-141.0,-2360,熱容量,0,0,0,0,0,2026/04/01 18:54:30
翌日,20260401,更新後,相馬双葉幹線,2026/04/02,06:30,順方向,61.0,3389.0,0,0.0,3450,熱容量（作業）,0,0,0,0,0,2026/04/01 18:54:30
翌日,20260401,更新後,相馬双葉幹線,2026/04/02,06:30,逆方向,-5545.0,3389.0,0,-204.0,-2360,熱容量,0,0,0,0,0,2026/04/01 18:54:30
翌日,20260401,更新後,相馬双葉幹線,2026/04/02,07:00,順方向,111.1,3338.9,0,0.0,3450,熱容量（作業）,0,0,0,0,0,2026/04/01 18:54:30
翌日,20260401,更新後,相馬双葉幹線,2026/04/02,07:00,逆方向,-5542.9,3338.9,0,-156.0,-2360,熱容量,0,0,0,0,0,2026/04/01 18:54:30
翌日,20260401,更新後,相馬双葉幹線,2026/04/02,07:30,順方向,141.9,3308.1,0,0.0,3450,熱容量（作業）,0,0,0,0,0,2026/04/01 18:54:30
翌日,20260401,更新後,相馬双葉幹線,2026/04/02,07:30,逆方向,-5593.498,3308.1,0,-74.602,-2360,熱容量,0,0,0,0,0,2026/04/01 18:54:30
翌日,20260401,更新後,相馬双葉幹線,2026/04/02,08:00,順方向,35.7,3414.3,0,0.0,3450,熱容量（作業）,0,0,0,0,0,2026/04/01 18:54:30
翌日,20260401,更新後,相馬双葉幹線,2026/04/02,08:00,逆方向,-5774.3,3414.3,0,0.0,-2360,熱容量,0,0,0,0,0,2026/04/01 18:54:30
翌日,20260401,更新後,相馬双葉幹線,2026/04/02,08:30,順方向,0.0,3550.0,0,0.0,3550,熱容量（作業）,0,0,0,0,0,2026/04/01 18:54:30
翌日,20260401,更新後,相馬双葉幹線,2026/04/02,08:30,逆方向,-5910.0,3550.0,0,0.0,-2360,熱容量,0,0,0,0,0,2026/04/01 18:54:30
翌日,20260401,更新後,相馬双葉幹線,2026/04/02,09:00,順方向,0.5,3549.5,0,0.0,3550,熱容量（作業）,0,0,0,0,0,2026/04/01 18:54:30
翌日,20260401,更新後,相馬双葉幹線,2026/04/02,09:00,逆方向,-5909.5,3549.5,0,0.0,-2360,熱容量,0,0,0,0,0,2026/04/01 18:54:30
翌日,20260401,更新後,相馬双葉幹線,2026/04/02,09:30,順方向,349.7,3200.3,0,0.0,3550,熱容量（作業）,0,0,0,0,0,2026/04/01 18:54:30
翌日,20260401,更新後,相馬双葉幹線,2026/04/02,09:30,逆方向,-5560.3,3200.3,0,0.0,-2360,熱容量,0,0,0,0,0,2026/04/01 18:54:30
翌日,20260401,更新後,相馬双葉幹線,2026/04/02,10:00,順方向,238.9,3311.1,0,0.0,3550,熱容量（作業）,0,0,0,0,0,2026/04/01 18:54:30
翌日,20260401,更新後,相馬双葉幹線,2026/04/02,10:00,逆方向,-5671.1,3311.1,0,0.0,-2360,熱容量,0,0,0,0,0,2026/04/01 18:54:30
翌日,20260401,更新後,相馬双葉幹線,2026/04/02,10:30,順方向,0.0,3550.0,0,0.0,3550,熱容量（作業）,0,0,0,0,0,2026/04/01 18:54:30
翌日,20260401,更新後,相馬双葉幹線,2026/04/02,10:30,逆方向,-5779.0,3550.0,0,-131.0,-2360,熱容量,0,0,0,0,0,2026/04/01 18:54:30
翌日,20260401,更新後,相馬双葉幹線,2026/04/02,11:00,順方向,38.2,3511.8,0,0.0,3550,熱容量（作業）,0,0,0,0,0,2026/04/01 18:54:30
翌日,20260401,更新後,相馬双葉幹線,2026/04/02,11:00,逆方向,-5871.8,3511.8,0,0.0,-2360,熱容量,0,0,0,0,0,2026/04/01 18:54:30
翌日,20260401,更新後,相馬双葉幹線,2026/04/02,11:30,順方向,0.0,3550.0,0,0.0,3550,熱容量（作業）,0,0,0,0,0,2026/04/01 18:54:30
翌日,20260401,更新後,相馬双葉幹線,2026/04/02,11:30,逆方向,-5905.2,3550.0,0,-4.8,-2360,熱容量,0,0,0,0,0,2026/04/01 18:54:30
翌日,20260401,更新後,相馬双葉幹線,2026/04/02,12:00,順方向,0.0,3550.0,0,0.0,3550,熱容量（作業）,0,0,0,0,0,2026/04/01 18:54:30
翌日,20260401,更新後,相馬双葉幹線,2026/04/02,12:00,逆方向,-5910.0,3550.0,0,0.0,-2360,熱容量,0,0,0,0,0,2026/04/01 18:54:30
翌日,20260401,更新後,相馬双葉幹線,2026/04/02,12:30,順方向,0.0,3550.0,0,0.0,3550,熱容量（作業）,0,0,0,0,0,2026/04/01 18:54:30
翌日,20260401,更新後,相馬双葉幹線,2026/04/02,12:30,逆方向,-5910.0,3550.0,0,0.0,-2360,熱容量,0,0,0,0,0,2026/04/01 18:54:30
翌日,20260401,更新後,相馬双葉幹線,2026/04/02,13:00,順方向,0.0,3550.0,0,0.0,3550,熱容量（作業）,0,0,0,0,0,2026/04/01 18:54:30
翌日,20260401,更新後,相馬双葉幹線,2026/04/02,13:00,逆方向,-5908.5,3550.0,0,-1.5,-2360,熱容量,0,0,0,0,0,2026/04/01 18:54:30
翌日,20260401,更新後,相馬双葉幹線,2026/04/02,13:30,順方向,0.0,3550.0,0,0.0,3550,熱容量（作業）,0,0,0,0,0,2026/04/01 18:54:30
翌日,20260401,更新後,相馬双葉幹線,2026/04/02,13:30,逆方向,-5910.0,3550.0,0,0.0,-2360,熱容量,0,0,0,0,0,2026/04/01 18:54:30
翌日,20260401,更新後,相馬双葉幹線,2026/04/02,14:00,順方向,0.0,3550.0,0,0.0,3550,熱容量（作業）,0,0,0,0,0,2026/04/01 18:54:30
翌日,20260401,更新後,相馬双葉幹線,2026/04/02,14:00,逆方向,-5910.0,3550.0,0,0.0,-2360,熱容量,0,0,0,0,0,2026/04/01 18:54:30
翌日,20260401,更新後,相馬双葉幹線,2026/04/02,14:30,順方向,156.8,3393.2,0,0.0,3550,熱容量（作業）,0,0,0,0,0,2026/04/01 18:54:30
翌日,20260401,更新後,相馬双葉幹線,2026/04/02,14:30,逆方向,-5689.244,3393.2,0,-63.956,-2360,熱容量,0,0,0,0,0,2026/04/01 18:54:30
翌日,20260401,更新後,相馬双葉幹線,2026/04/02,15:00,順方向,522.2,3027.8,0,0.0,3550,熱容量（作業）,0,0,0,0,0,2026/04/01 18:54:30
翌日,20260401,更新後,相馬双葉幹線,2026/04/02,15:00,逆方向,-5387.8,3027.8,0,0.0,-2360,熱容量,0,0,0,0,0,2026/04/01 18:54:30
翌日,20260401,更新後,相馬双葉幹線,2026/04/02,15:30,順方向,0.0,3550.0,0,0.0,3550,熱容量（作業）,0,0,0,0,0,2026/04/01 18:54:30
翌日,20260401,更新後,相馬双葉幹線,2026/04/02,15:30,逆方向,-5751.534,3550.0,0,-158.466,-2360,熱容量,0,0,0,0,0,2026/04/01 18:54:30
翌日,20260401,更新後,相馬双葉幹線,2026/04/02,16:00,順方向,351.2,3198.8,0,0.0,3550,熱容量（作業）,0,0,0,0,0,2026/04/01 18:54:30
翌日,20260401,更新後,相馬双葉幹線,2026/04/02,16:00,逆方向,-5418.278,3198.8,0,-140.522,-2360,熱容量,0,0,0,0,0,2026/04/01 18:54:30
翌日,20260401,更新後,相馬双葉幹線,2026/04/02,16:30,順方向,635.5,2914.5,0,0.0,3550,熱容量（作業）,0,0,0,0,0,2026/04/01 18:54:30
翌日,20260401,更新後,相馬双葉幹線,2026/04/02,16:30,逆方向,-5274.5,2914.5,0,0.0,-2360,熱容量,0,0,0,0,0,2026/04/01 18:54:30
翌日,20260401,更新後,相馬双葉幹線,2026/04/02,17:00,順方向,255.9,3294.1,0,0.0,3550,熱容量（作業）,0,0,0,0,0,2026/04/01 18:54:30
翌日,20260401,更新後,相馬双葉幹線,2026/04/02,17:00,逆方向,-5615.1,3294.1,0,-39.0,-2360,熱容量,0,0,0,0,0,2026/04/01 18:54:30
翌日,20260401,更新後,相馬双葉幹線,2026/04/02,17:30,順方向,387.0,3163.0,0,0.0,3550,熱容量（作業）,0,0,0,0,0,2026/04/01 18:54:30
翌日,20260401,更新後,相馬双葉幹線,2026/04/02,17:30,逆方向,-5368.0,3163.0,0,-155.0,-2360,熱容量,0,0,0,0,0,2026/04/01 18:54:30
翌日,20260401,更新後,相馬双葉幹線,2026/04/02,18:00,順方向,945.3,2604.7,0,0.0,3550,熱容量（作業）,0,0,0,0,0,2026/04/01 18:54:30
翌日,20260401,更新後,相馬双葉幹線,2026/04/02,18:00,逆方向,-4854.616,2604.7,0,-110.084,-2360,熱容量,0,0,0,0,0,2026/04/01 18:54:30
翌日,20260401,更新後,相馬双葉幹線,2026/04/02,18:30,順方向,1012.1,2537.9,0,0.0,3550,熱容量（作業）,0,0,0,0,0,2026/04/01 18:54:30
翌日,20260401,更新後,相馬双葉幹線,2026/04/02,18:30,逆方向,-4812.9,2537.9,0,-85.0,-2360,熱容量,0,0,0,0,0,2026/04/01 18:54:30
翌日,20260401,更新後,相馬双葉幹線,2026/04/02,19:00,順方向,922.9,2627.1,0,0.0,3550,熱容量（作業）,0,0,0,0,0,2026/04/01 18:54:30
翌日,20260401,更新後,相馬双葉幹線,2026/04/02,19:00,逆方向,-4902.1,2627.1,0,-85.0,-2360,熱容量,0,0,0,0,0,2026/04/01 18:54:30
翌日,20260401,更新後,相馬双葉幹線,2026/04/02,19:30,順方向,374.4,3175.6,0,0.0,3550,熱容量（作業）,0,0,0,0,0,2026/04/01 18:54:30
翌日,20260401,更新後,相馬双葉幹線,2026/04/02,19:30,逆方向,-5360.24,3175.6,0,-175.36,-2360,熱容量,0,0,0,0,0,2026/04/01 18:54:30
翌日,20260401,更新後,相馬双葉幹線,2026/04/02,20:00,順方向,354.3,3195.7,0,0.0,3550,熱容量（作業）,0,0,0,0,0,2026/04/01 18:54:30
翌日,20260401,更新後,相馬双葉幹線,2026/04/02,20:00,逆方向,-5450.7,3195.7,0,-105.0,-2360,熱容量,0,0,0,0,0,2026/04/01 18:54:30
翌日,20260401,更新後,相馬双葉幹線,2026/04/02,20:30,順方向,353.2,3196.8,0,0.0,3550,熱容量（作業）,0,0,0,0,0,2026/04/01 18:54:30
翌日,20260401,更新後,相馬双葉幹線,2026/04/02,20:30,逆方向,-5468.8,3196.8,0,-88.0,-2360,熱容量,0,0,0,0,0,2026/04/01 18:54:30
翌日,20260401,更新後,相馬双葉幹線,2026/04/02,21:00,順方向,558.7,2991.3,0,0.0,3550,熱容量（作業）,0,0,0,0,0,2026/04/01 18:54:30
翌日,20260401,更新後,相馬双葉幹線,2026/04/02,21:00,逆方向,-5335.3,2991.3,0,-16.0,-2360,熱容量,0,0,0,0,0,2026/04/01 18:54:30
翌日,20260401,更新後,相馬双葉幹線,2026/04/02,21:30,順方向,0.0,3550.0,0,0.0,3550,熱容量（作業）,0,0,0,0,0,2026/04/01 18:54:30
翌日,20260401,更新後,相馬双葉幹線,2026/04/02,21:30,逆方向,-5910.0,3550.0,0,0.0,-2360,熱容量,0,0,0,0,0,2026/04/01 18:54:30
翌日,20260401,更新後,相馬双葉幹線,2026/04/02,22:00,順方向,0.0,3550.0,0,0.0,3550,熱容量（作業）,0,0,0,0,0,2026/04/01 18:54:30
翌日,20260401,更新後,相馬双葉幹線,2026/04/02,22:00,逆方向,-5901.0,3550.0,0,-9.0,-2360,熱容量,0,0,0,0,0,2026/04/01 18:54:30
翌日,20260401,更新後,相馬双葉幹線,2026/04/02,22:30,順方向,0.0,3450.0,0,0.0,3450,熱容量（作業）,0,0,0,0,0,2026/04/01 18:54:30
翌日,20260401,更新後,相馬双葉幹線,2026/04/02,22:30,逆方向,-5713.0,3450.0,0,-97.0,-2360,熱容量,0,0,0,0,0,2026/04/01 18:54:30
翌日,20260401,更新後,相馬双葉幹線,2026/04/02,23:00,順方向,0.0,3450.0,0,0.0,3450,熱容量（作業）,0,0,0,0,0,2026/04/01 18:54:30
翌日,20260401,更新後,相馬双葉幹線,2026/04/02,23:00,逆方向,-5799.649,3450.0,0,-10.351,-2360,熱容量,0,0,0,0,0,2026/04/01 18:54:30
翌日,20260401,更新後,相馬双葉幹線,2026/04/02,23:30,順方向,0.0,3450.0,0,0.0,3450,熱容量（作業）,0,0,0,0,0,2026/04/01 18:54:30
翌日,20260401,更新後,相馬双葉幹線,2026/04/02,23:30,逆方向,-5707.0,3450.0,0,-103.0,-2360,熱容量,0,0,0,0,0,2026/04/01 18:54:30
翌日,20260401,更新後,相馬双葉幹線,2026/04/02,24:00,順方向,710.6,2739.4,0,0.0,3450,熱容量（作業）,0,0,0,0,0,2026/04/01 18:54:30
翌日,20260401,更新後,相馬双葉幹線,2026/04/02,24:00,逆方向,-4882.4,2739.4,0,-217.0,-2360,熱容量,0,0,0,0,0,2026/04/01 18:54:30
翌日,20260401,更新後,周波数変換設備,2026/04/02,00:30,順方向,14.6,885.4,0,600.0,1500,熱容量（作業）,0,0,0,0,0,2026/04/01 18:54:30
翌日,20260401,更新後,周波数変換設備,2026/04/02,00:30,逆方向,-1695.063,885.4,0,-690.337,-1500,熱容量（作業）,0,0,0,0,0,2026/04/01 18:54:30
翌日,20260401,更新後,周波数変換設備,2026/04/02,01:00,順方向,0.0,900.0,0,600.0,1500,熱容量（作業）,0,0,0,0,0,2026/04/01 18:54:30
翌日,20260401,更新後,周波数変換設備,2026/04/02,01:00,逆方向,-1704.948,900.0,0,-695.052,-1500,熱容量（作業）,0,0,0,0,0,2026/04/01 18:54:30
翌日,20260401,更新後,周波数変換設備,2026/04/02,01:30,順方向,0.0,900.0,0,600.0,1500,熱容量（作業）,0,0,0,0,0,2026/04/01 18:54:30
翌日,20260401,更新後,周波数変換設備,2026/04/02,01:30,逆方向,-1700.932,900.0,0,-699.068,-1500,熱容量（作業）,0,0,0,0,0,2026/04/01 18:54:30
翌日,20260401,更新後,周波数変換設備,2026/04/02,02:00,順方向,0.0,900.0,0,600.0,1500,熱容量（作業）,0,0,0,0,0,2026/04/01 18:54:30
翌日,20260401,更新後,周波数変換設備,2026/04/02,02:00,逆方向,-1675.302,900.0,0,-724.698,-1500,熱容量（作業）,0,0,0,0,0,2026/04/01 18:54:30
翌日,20260401,更新後,周波数変換設備,2026/04/02,02:30,順方向,0.0,900.0,0,600.0,1500,熱容量（作業）,0,0,0,0,0,2026/04/01 18:54:30
翌日,20260401,更新後,周波数変換設備,2026/04/02,02:30,逆方向,-1694.45,900.0,0,-705.55,-1500,熱容量（作業）,0,0,0,0,0,2026/04/01 18:54:30
翌日,20260401,更新後,周波数変換設備,2026/04/02,03:00,順方向,0.0,900.0,0,600.0,1500,熱容量（作業）,0,0,0,0,0,2026/04/01 18:54:30
翌日,20260401,更新後,周波数変換設備,2026/04/02,03:00,逆方向,-1700.468,900.0,0,-699.532,-1500,熱容量（作業）,0,0,0,0,0,2026/04/01 18:54:30
翌日,20260401,更新後,周波数変換設備,2026/04/02,03:30,順方向,0.0,900.0,0,600.0,1500,熱容量（作業）,0,0,0,0,0,2026/04/01 18:54:30
翌日,20260401,更新後,周波数変換設備,2026/04/02,03:30,逆方向,-1742.962,900.0,0,-657.038,-1500,熱容量（作業）,0,0,0,0,0,2026/04/01 18:54:30
翌日,20260401,更新後,周波数変換設備,2026/04/02,04:00,順方向,0.0,900.0,0,600.0,1500,熱容量（作業）,0,0,0,0,0,2026/04/01 18:54:30
翌日,20260401,更新後,周波数変換設備,2026/04/02,04:00,逆方向,-1745.826,900.0,0,-654.174,-1500,熱容量（作業）,0,0,0,0,0,2026/04/01 18:54:30
翌日,20260401,更新後,周波数変換設備,2026/04/02,04:30,順方向,0.0,900.0,0,600.0,1500,熱容量（作業）,0,0,0,0,0,2026/04/01 18:54:30
翌日,20260401,更新後,周波数変換設備,2026/04/02,04:30,逆方向,-1800.0,900.0,0,-600.0,-1500,熱容量（作業）,0,0,0,0,0,2026/04/01 18:54:30
翌日,20260401,更新後,周波数変換設備,2026/04/02,05:00,順方向,0.0,900.0,0,600.0,1500,熱容量（作業）,0,0,0,0,0,2026/04/01 18:54:30
翌日,20260401,更新後,周波数変換設備,2026/04/02,05:00,逆方向,-1733.8,900.0,0,-666.2,-1500,熱容量（作業）,0,0,0,0,0,2026/04/01 18:54:30
翌日,20260401,更新後,周波数変換設備,2026/04/02,05:30,順方向,0.0,900.0,0,600.0,1500,熱容量（作業）,0,0,0,0,0,2026/04/01 18:54:30
翌日,20260401,更新後,周波数変換設備,2026/04/02,05:30,逆方向,-1719.881,900.0,0,-680.119,-1500,熱容量（作業）,0,0,0,0,0,2026/04/01 18:54:30
翌日,20260401,更新後,周波数変換設備,2026/04/02,06:00,順方向,0.0,900.0,0,600.0,1500,熱容量（作業）,0,0,0,0,0,2026/04/01 18:54:30
翌日,20260401,更新後,周波数変換設備,2026/04/02,06:00,逆方向,-1624.466,900.0,0,-775.534,-1500,熱容量（作業）,0,0,0,0,0,2026/04/01 18:54:30
翌日,20260401,更新後,周波数変換設備,2026/04/02,06:30,順方向,98.5,801.5,0,600.0,1500,熱容量（作業）,0,0,0,0,0,2026/04/01 18:54:30
翌日,20260401,更新後,周波数変換設備,2026/04/02,06:30,逆方向,-1525.543,801.5,0,-775.957,-1500,熱容量（作業）,0,0,0,0,0,2026/04/01 18:54:30
翌日,20260401,更新後,周波数変換設備,2026/04/02,07:00,順方向,190.2,709.8,0,600.0,1500,熱容量（作業）,0,0,0,0,0,2026/04/01 18:54:30
翌日,20260401,更新後,周波数変換設備,2026/04/02,07:00,逆方向,-981.832,709.8,0,-1227.968,-1500,熱容量（作業）,0,0,0,0,0,2026/04/01 18:54:30
翌日,20260401,更新後,周波数変換設備,2026/04/02,07:30,順方向,953.0,-53.0,0,600.0,1500,熱容量（作業）,0,0,0,0,0,2026/04/01 18:54:30
翌日,20260401,更新後,周波数変換設備,2026/04/02,07:30,逆方向,-643.457,-53.0,0,-803.543,-1500,熱容量（作業）,0,0,0,0,0,2026/04/01 18:54:30
翌日,20260401,更新後,周波数変換設備,2026/04/02,08:00,順方向,1451.0,-568.7,0,617.7,1500,熱容量（作業）,0,0,0,0,0,2026/04/01 18:54:30
翌日,20260401,更新後,周波数変換設備,2026/04/02,08:00,逆方向,-331.3,-568.7,0,-600.0,-1500,熱容量（作業）,0,0,0,0,0,2026/04/01 18:54:30
翌日,20260401,更新後,周波数変換設備,2026/04/02,08:30,順方向,1800.0,-900.0,0,600.0,1500,熱容量（作業）,0,0,0,0,0,2026/04/01 18:54:30
翌日,20260401,更新後,周波数変換設備,2026/04/02,08:30,逆方向,0.0,-900.0,0,-600.0,-1500,熱容量（作業）,0,0,0,0,0,2026/04/01 18:54:30
翌日,20260401,更新後,周波数変換設備,2026/04/02,09:00,順方向,1800.0,-900.0,0,600.0,1500,熱容量（作業）,0,0,0,0,0,2026/04/01 18:54:30
翌日,20260401,更新後,周波数変換設備,2026/04/02,09:00,逆方向,0.0,-900.0,0,-600.0,-1500,熱容量（作業）,0,0,0,0,0,2026/04/01 18:54:30
翌日,20260401,更新後,周波数変換設備,2026/04/02,09:30,順方向,1800.0,-900.0,0,600.0,1500,熱容量（作業）,0,0,0,0,0,2026/04/01 18:54:30
翌日,20260401,更新後,周波数変換設備,2026/04/02,09:30,逆方向,0.0,-900.0,0,-600.0,-1500,熱容量（作業）,0,0,0,0,0,2026/04/01 18:54:30
翌日,20260401,更新後,周波数変換設備,2026/04/02,10:00,順方向,1665.672,-900.0,0,734.328,1500,熱容量（作業）,0,0,0,0,0,2026/04/01 18:54:30
翌日,20260401,更新後,周波数変換設備,2026/04/02,10:00,逆方向,0.0,-900.0,0,-600.0,-1500,熱容量（作業）,0,0,0,0,0,2026/04/01 18:54:30
翌日,20260401,更新後,周波数変換設備,2026/04/02,10:30,順方向,1672.0,-900.0,0,728.0,1500,熱容量（作業）,0,0,0,0,0,2026/04/01 18:54:30
翌日,20260401,更新後,周波数変換設備,2026/04/02,10:30,逆方向,0.0,-900.0,0,-600.0,-1500,熱容量（作業）,0,0,0,0,0,2026/04/01 18:54:30
翌日,20260401,更新後,周波数変換設備,2026/04/02,11:00,順方向,1597.281,-900.0,0,802.719,1500,熱容量（作業）,0,0,0,0,0,2026/04/01 18:54:30
翌日,20260401,更新後,周波数変換設備,2026/04/02,11:00,逆方向,0.0,-900.0,0,-600.0,-1500,熱容量（作業）,0,0,0,0,0,2026/04/01 18:54:30
翌日,20260401,更新後,周波数変換設備,2026/04/02,11:30,順方向,1643.0,-900.0,0,757.0,1500,熱容量（作業）,0,0,0,0,0,2026/04/01 18:54:30
翌日,20260401,更新後,周波数変換設備,2026/04/02,11:30,逆方向,0.0,-900.0,0,-600.0,-1500,熱容量（作業）,0,0,0,0,0,2026/04/01 18:54:30
翌日,20260401,更新後,周波数変換設備,2026/04/02,12:00,順方向,1752.001,-900.0,0,647.999,1500,熱容量（作業）,0,0,0,0,0,2026/04/01 18:54:30
翌日,20260401,更新後,周波数変換設備,2026/04/02,12:00,逆方向,0.0,-900.0,0,-600.0,-1500,熱容量（作業）,0,0,0,0,0,2026/04/01 18:54:30
翌日,20260401,更新後,周波数変換設備,2026/04/02,12:30,順方向,1633.427,-900.0,0,766.573,1500,熱容量（作業）,0,0,0,0,0,2026/04/01 18:54:30
翌日,20260401,更新後,周波数変換設備,2026/04/02,12:30,逆方向,0.0,-900.0,0,-600.0,-1500,熱容量（作業）,0,0,0,0,0,2026/04/01 18:54:30
翌日,20260401,更新後,周波数変換設備,2026/04/02,13:00,順方向,1681.559,-900.0,0,718.441,1500,熱容量（作業）,0,0,0,0,0,2026/04/01 18:54:30
翌日,20260401,更新後,周波数変換設備,2026/04/02,13:00,逆方向,0.0,-900.0,0,-600.0,-1500,熱容量（作業）,0,0,0,0,0,2026/04/01 18:54:30
翌日,20260401,更新後,周波数変換設備,2026/04/02,13:30,順方向,1665.189,-900.0,0,734.811,1500,熱容量（作業）,0,0,0,0,0,2026/04/01 18:54:30
翌日,20260401,更新後,周波数変換設備,2026/04/02,13:30,逆方向,0.0,-900.0,0,-600.0,-1500,熱容量（作業）,0,0,0,0,0,2026/04/01 18:54:30
翌日,20260401,更新後,周波数変換設備,2026/04/02,14:00,順方向,1655.299,-900.0,0,744.701,1500,熱容量（作業）,0,0,0,0,0,2026/04/01 18:54:30
翌日,20260401,更新後,周波数変換設備,2026/04/02,14:00,逆方向,0.0,-900.0,0,-600.0,-1500,熱容量（作業）,0,0,0,0,0,2026/04/01 18:54:30
翌日,20260401,更新後,周波数変換設備,2026/04/02,14:30,順方向,1797.5,-900.0,0,602.5,1500,熱容量（作業）,0,0,0,0,0,2026/04/01 18:54:30
翌日,20260401,更新後,周波数変換設備,2026/04/02,14:30,逆方向,0.0,-900.0,0,-600.0,-1500,熱容量（作業）,0,0,0,0,0,2026/04/01 18:54:30
翌日,20260401,更新後,周波数変換設備,2026/04/02,15:00,順方向,1764.748,-900.0,0,635.252,1500,熱容量（作業）,0,0,0,0,0,2026/04/01 18:54:30
翌日,20260401,更新後,周波数変換設備,2026/04/02,15:00,逆方向,0.0,-900.0,0,-600.0,-1500,熱容量（作業）,0,0,0,0,0,2026/04/01 18:54:30
翌日,20260401,更新後,周波数変換設備,2026/04/02,15:30,順方向,1800.0,-900.0,0,600.0,1500,熱容量（作業）,0,0,0,0,0,2026/04/01 18:54:30
翌日,20260401,更新後,周波数変換設備,2026/04/02,15:30,逆方向,0.0,-900.0,0,-600.0,-1500,熱容量（作業）,0,0,0,0,0,2026/04/01 18:54:30
翌日,20260401,更新後,周波数変換設備,2026/04/02,16:00,順方向,1771.746,-900.0,0,628.254,1500,熱容量（作業）,0,0,0,0,0,2026/04/01 18:54:30
翌日,20260401,更新後,周波数変換設備,2026/04/02,16:00,逆方向,0.0,-900.0,0,-600.0,-1500,熱容量（作業）,0,0,0,0,0,2026/04/01 18:54:30
翌日,20260401,更新後,周波数変換設備,2026/04/02,16:30,順方向,1668.672,-900.0,0,731.328,1500,熱容量（作業）,0,0,0,0,0,2026/04/01 18:54:30
翌日,20260401,更新後,周波数変換設備,2026/04/02,16:30,逆方向,0.0,-900.0,0,-600.0,-1500,熱容量（作業）,0,0,0,0,0,2026/04/01 18:54:30
翌日,20260401,更新後,周波数変換設備,2026/04/02,17:00,順方向,1550.473,-798.9,0,748.427,1500,熱容量（作業）,0,0,0,0,0,2026/04/01 18:54:30
翌日,20260401,更新後,周波数変換設備,2026/04/02,17:00,逆方向,-101.1,-798.9,0,-600.0,-1500,熱容量（作業）,0,0,0,0,0,2026/04/01 18:54:30
翌日,20260401,更新後,周波数変換設備,2026/04/02,17:30,順方向,486.6,413.4,0,600.0,1500,熱容量（作業）,0,0,0,0,0,2026/04/01 18:54:30
翌日,20260401,更新後,周波数変換設備,2026/04/02,17:30,逆方向,-1049.096,413.4,0,-864.304,-1500,熱容量（作業）,0,0,0,0,0,2026/04/01 18:54:30
翌日,20260401,更新後,周波数変換設備,2026/04/02,18:00,順方向,1574.1,-445.1,0,671.0,1800,熱容量（作業）,0,0,0,0,0,2026/04/01 18:54:30
翌日,20260401,更新後,周波数変換設備,2026/04/02,18:00,逆方向,-636.834,-445.1,0,-718.066,-1800,熱容量（作業）,0,0,0,0,0,2026/04/01 18:54:30
翌日,20260401,更新後,周波数変換設備,2026/04/02,18:30,順方向,1587.9,-387.9,0,600.0,1800,熱容量（作業）,0,0,0,0,0,2026/04/01 18:54:30
翌日,20260401,更新後,周波数変換設備,2026/04/02,18:30,逆方向,-723.704,-387.9,0,-688.396,-1800,熱容量（作業）,0,0,0,0,0,2026/04/01 18:54:30
翌日,20260401,更新後,周波数変換設備,2026/04/02,19:00,順方向,1399.4,-199.4,0,600.0,1800,熱容量（作業）,0,0,0,0,0,2026/04/01 18:54:30
翌日,20260401,更新後,周波数変換設備,2026/04/02,19:00,逆方向,-803.83,-199.4,0,-796.77,-1800,熱容量（作業）,0,0,0,0,0,2026/04/01 18:54:30
翌日,20260401,更新後,周波数変換設備,2026/04/02,19:30,順方向,420.7,779.3,0,600.0,1800,熱容量（作業）,0,0,0,0,0,2026/04/01 18:54:30
翌日,20260401,更新後,周波数変換設備,2026/04/02,19:30,逆方向,-1687.224,779.3,0,-892.076,-1800,熱容量（作業）,0,0,0,0,0,2026/04/01 18:54:30
翌日,20260401,更新後,周波数変換設備,2026/04/02,20:00,順方向,80.0,1120.0,0,600.0,1800,熱容量（作業）,0,0,0,0,0,2026/04/01 18:54:30
翌日,20260401,更新後,周波数変換設備,2026/04/02,20:00,逆方向,-2010.9,1120.0,0,-909.1,-1800,熱容量（作業）,0,0,0,0,0,2026/04/01 18:54:30
翌日,20260401,更新後,周波数変換設備,2026/04/02,20:30,順方向,108.4,1091.6,0,600.0,1800,熱容量（作業）,0,0,0,0,0,2026/04/01 18:54:30
翌日,20260401,更新後,周波数変換設備,2026/04/02,20:30,逆方向,-1968.623,1091.6,0,-922.977,-1800,熱容量（作業）,0,0,0,0,0,2026/04/01 18:54:30
翌日,20260401,更新後,周波数変換設備,2026/04/02,21:00,順方向,147.1,1052.9,0,600.0,1800,熱容量（作業）,0,0,0,0,0,2026/04/01 18:54:30
翌日,20260401,更新後,周波数変換設備,2026/04/02,21:00,逆方向,-1943.81,1052.9,0,-909.09,-1800,熱容量（作業）,0,0,0,0,0,2026/04/01 18:54:30
翌日,20260401,更新後,周波数変換設備,2026/04/02,21:30,順方向,607.3,592.7,0,600.0,1800,熱容量（作業）,0,0,0,0,0,2026/04/01 18:54:30
翌日,20260401,更新後,周波数変換設備,2026/04/02,21:30,逆方向,-1495.096,592.7,0,-897.604,-1800,熱容量（作業）,0,0,0,0,0,2026/04/01 18:54:30
翌日,20260401,更新後,周波数変換設備,2026/04/02,22:00,順方向,1262.8,-62.8,0,600.0,1800,熱容量（作業）,0,0,0,0,0,2026/04/01 18:54:30
翌日,20260401,更新後,周波数変換設備,2026/04/02,22:00,逆方向,-802.223,-62.8,0,-934.977,-1800,熱容量（作業）,0,0,0,0,0,2026/04/01 18:54:30
翌日,20260401,更新後,周波数変換設備,2026/04/02,22:30,順方向,1029.6,170.4,0,600.0,1800,熱容量（作業）,0,0,0,0,0,2026/04/01 18:54:30
翌日,20260401,更新後,周波数変換設備,2026/04/02,22:30,逆方向,-879.342,170.4,0,-1091.058,-1800,熱容量（作業）,0,0,0,0,0,2026/04/01 18:54:30
翌日,20260401,更新後,周波数変換設備,2026/04/02,23:00,順方向,780.2,419.8,0,600.0,1800,熱容量（作業）,0,0,0,0,0,2026/04/01 18:54:30
翌日,20260401,更新後,周波数変換設備,2026/04/02,23:00,逆方向,-1287.057,419.8,0,-932.743,-1800,熱容量（作業）,0,0,0,0,0,2026/04/01 18:54:30
翌日,20260401,更新後,周波数変換設備,2026/04/02,23:30,順方向,414.4,785.6,0,600.0,1800,熱容量（作業）,0,0,0,0,0,2026/04/01 18:54:30
翌日,20260401,更新後,周波数変換設備,2026/04/02,23:30,逆方向,-1614.623,785.6,0,-970.977,-1800,熱容量（作業）,0,0,0,0,0,2026/04/01 18:54:30
翌日,20260401,更新後,周波数変換設備,2026/04/02,24:00,順方向,492.6,707.4,0,600.0,1800,熱容量（作業）,0,0,0,0,0,2026/04/01 18:54:30
翌日,20260401,更新後,周波数変換設備,2026/04/02,24:00,逆方向,-1486.286,707.4,0,-1021.114,-1800,熱容量（作業）,0,0,0,0,0,2026/04/01 18:54:30
翌日,20260401,更新後,西播東岡山線・山崎智頭線,2026/04/02,00:30,順方向,6559.617,-2263.6,0,303.983,4600,電圧,0,0,0,0,0,2026/04/01 18:54:30
翌日,20260401,更新後,西播東岡山線・山崎智頭線,2026/04/02,00:30,逆方向,-2116.042,-2383.958,0,0.0,-4500,電圧,0,0,0,0,0,2026/04/01 18:54:30
翌日,20260401,更新後,西播東岡山線・山崎智頭線,2026/04/02,01:00,順方向,6170.607,-1974.864,0,404.257,4600,電圧,0,0,0,0,0,2026/04/01 18:54:30
翌日,20260401,更新後,西播東岡山線・山崎智頭線,2026/04/02,01:00,逆方向,-2353.44,-2146.56,0,0.0,-4500,電圧,0,0,0,0,0,2026/04/01 18:54:30
翌日,20260401,更新後,西播東岡山線・山崎智頭線,2026/04/02,01:30,順方向,6078.485,-1862.334,0,383.849,4600,電圧,0,0,0,0,0,2026/04/01 18:54:30
翌日,20260401,更新後,西播東岡山線・山崎智頭線,2026/04/02,01:30,逆方向,-2464.852,-2035.148,0,0.0,-4500,電圧,0,0,0,0,0,2026/04/01 18:54:30
翌日,20260401,更新後,西播東岡山線・山崎智頭線,2026/04/02,02:00,順方向,6044.556,-1824.872,0,380.316,4600,電圧,0,0,0,0,0,2026/04/01 18:54:30
翌日,20260401,更新後,西播東岡山線・山崎智頭線,2026/04/02,02:00,逆方向,-2453.266,-2046.734,0,0.0,-4500,電圧,0,0,0,0,0,2026/04/01 18:54:30
翌日,20260401,更新後,西播東岡山線・山崎智頭線,2026/04/02,02:30,順方向,6163.384,-1927.446,0,364.062,4600,電圧,0,0,0,0,0,2026/04/01 18:54:30
翌日,20260401,更新後,西播東岡山線・山崎智頭線,2026/04/02,02:30,逆方向,-2339.756,-2160.244,0,0.0,-4500,電圧,0,0,0,0,0,2026/04/01 18:54:30
翌日,20260401,更新後,西播東岡山線・山崎智頭線,2026/04/02,03:00,順方向,6408.653,-2170.72,0,362.067,4600,電圧,0,0,0,0,0,2026/04/01 18:54:30
翌日,20260401,更新後,西播東岡山線・山崎智頭線,2026/04/02,03:00,逆方向,-2063.886,-2436.114,0,0.0,-4500,電圧,0,0,0,0,0,2026/04/01 18:54:30
翌日,20260401,更新後,西播東岡山線・山崎智頭線,2026/04/02,03:30,順方向,6622.096,-2329.938,0,307.842,4600,電圧,0,0,0,0,0,2026/04/01 18:54:30
翌日,20260401,更新後,西播東岡山線・山崎智頭線,2026/04/02,03:30,逆方向,-1987.75,-2512.25,0,0.0,-4500,電圧,0,0,0,0,0,2026/04/01 18:54:30
翌日,20260401,更新後,西播東岡山線・山崎智頭線,2026/04/02,04:00,順方向,6508.424,-2107.826,0,199.402,4600,電圧,0,0,0,0,0,2026/04/01 18:54:30
翌日,20260401,更新後,西播東岡山線・山崎智頭線,2026/04/02,04:00,逆方向,-1966.596,-2533.404,0,0.0,-4500,電圧,0,0,0,0,0,2026/04/01 18:54:30
翌日,20260401,更新後,西播東岡山線・山崎智頭線,2026/04/02,04:30,順方向,6771.928,-2334.466,0,162.538,4600,電圧,0,0,0,0,0,2026/04/01 18:54:30
翌日,20260401,更新後,西播東岡山線・山崎智頭線,2026/04/02,04:30,逆方向,-1663.997,-2789.428,0,-46.575,-4500,電圧,0,0,0,0,0,2026/04/01 18:54:30
翌日,20260401,更新後,西播東岡山線・山崎智頭線,2026/04/02,05:00,順方向,6478.592,-2286.994,0,408.402,4600,電圧,0,0,0,0,0,2026/04/01 18:54:30
翌日,20260401,更新後,西播東岡山線・山崎智頭線,2026/04/02,05:00,逆方向,-1744.454,-2755.546,0,0.0,-4500,電圧,0,0,0,0,0,2026/04/01 18:54:30
翌日,20260401,更新後,西播東岡山線・山崎智頭線,2026/04/02,05:30,順方向,6490.816,-2294.982,0,404.166,4600,電圧,0,0,0,0,0,2026/04/01 18:54:30
翌日,20260401,更新後,西播東岡山線・山崎智頭線,2026/04/02,05:30,逆方向,-1731.4,-2768.6,0,0.0,-4500,電圧,0,0,0,0,0,2026/04/01 18:54:30
翌日,20260401,更新後,西播東岡山線・山崎智頭線,2026/04/02,06:00,順方向,6522.522,-2168.42,0,245.898,4600,電圧,0,0,0,0,0,2026/04/01 18:54:30
翌日,20260401,更新後,西播東岡山線・山崎智頭線,2026/04/02,06:00,逆方向,-1886.572,-2613.428,0,0.0,-4500,電圧,0,0,0,0,0,2026/04/01 18:54:30
翌日,20260401,更新後,西播東岡山線・山崎智頭線,2026/04/02,06:30,順方向,6024.289,-1826.34,0,402.051,4600,電圧,0,0,0,0,0,2026/04/01 18:54:30
翌日,20260401,更新後,西播東岡山線・山崎智頭線,2026/04/02,06:30,逆方向,-2198.568,-2262.284,0,-39.148,-4500,電圧,0,0,0,0,0,2026/04/01 18:54:30
翌日,20260401,更新後,西播東岡山線・山崎智頭線,2026/04/02,07:00,順方向,6139.226,-1909.166,0,369.94,4600,電圧,0,0,0,0,0,2026/04/01 18:54:30
翌日,20260401,更新後,西播東岡山線・山崎智頭線,2026/04/02,07:00,逆方向,-2275.313,-2184.292,0,-40.395,-4500,電圧,0,0,0,0,0,2026/04/01 18:54:30
翌日,20260401,更新後,西播東岡山線・山崎智頭線,2026/04/02,07:30,順方向,6476.973,-2435.14,0,558.167,4600,電圧,0,0,0,0,0,2026/04/01 18:54:30
翌日,20260401,更新後,西播東岡山線・山崎智頭線,2026/04/02,07:30,逆方向,-1363.762,-3136.238,0,0.0,-4500,電圧,0,0,0,0,0,2026/04/01 18:54:30
翌日,20260401,更新後,西播東岡山線・山崎智頭線,2026/04/02,08:00,順方向,6453.672,-2601.008,0,747.336,4600,電圧,0,0,0,0,0,2026/04/01 18:54:30
翌日,20260401,更新後,西播東岡山線・山崎智頭線,2026/04/02,08:00,逆方向,-1093.972,-3406.028,0,0.0,-4500,電圧,0,0,0,0,0,2026/04/01 18:54:30
翌日,20260401,更新後,西播東岡山線・山崎智頭線,2026/04/02,08:30,順方向,6888.228,-2931.056,0,642.828,4600,電圧,0,0,0,0,0,2026/04/01 18:54:30
翌日,20260401,更新後,西播東岡山線・山崎智頭線,2026/04/02,08:30,逆方向,-606.572,-3893.428,0,0.0,-4500,電圧,0,0,0,0,0,2026/04/01 18:54:30
翌日,20260401,更新後,西播東岡山線・山崎智頭線,2026/04/02,09:00,順方向,6733.876,-2901.602,0,767.726,4600,電圧,0,0,0,0,0,2026/04/01 18:54:30
翌日,20260401,更新後,西播東岡山線・山崎智頭線,2026/04/02,09:00,逆方向,-519.37,-3980.63,0,0.0,-4500,電圧,0,0,0,0,0,2026/04/01 18:54:30
翌日,20260401,更新後,西播東岡山線・山崎智頭線,2026/04/02,09:30,順方向,7340.102,-3310.978,0,570.876,4600,電圧,0,0,0,0,0,2026/04/01 18:54:30
翌日,20260401,更新後,西播東岡山線・山崎智頭線,2026/04/02,09:30,逆方向,-0.038,-4499.962,0,0.0,-4500,電圧,0,0,0,0,0,2026/04/01 18:54:30
翌日,20260401,更新後,西播東岡山線・山崎智頭線,2026/04/02,10:00,順方向,7237.458,-3212.71,0,575.252,4600,電圧,0,0,0,0,0,2026/04/01 18:54:30
翌日,20260401,更新後,西播東岡山線・山崎智頭線,2026/04/02,10:00,逆方向,0.0,-4500.0,0,0.0,-4500,電圧,0,0,0,0,0,2026/04/01 18:54:30
翌日,20260401,更新後,西播東岡山線・山崎智頭線,2026/04/02,10:30,順方向,7017.394,-2855.994,0,438.6,4600,電圧,0,0,0,0,0,2026/04/01 18:54:30
翌日,20260401,更新後,西播東岡山線・山崎智頭線,2026/04/02,10:30,逆方向,-337.716,-4162.284,0,0.0,-4500,電圧,0,0,0,0,0,2026/04/01 18:54:30
翌日,20260401,更新後,西播東岡山線・山崎智頭線,2026/04/02,11:00,順方向,6970.808,-2922.296,0,551.488,4600,電圧,0,0,0,0,0,2026/04/01 18:54:30
翌日,20260401,更新後,西播東岡山線・山崎智頭線,2026/04/02,11:00,逆方向,-242.742,-4257.258,0,0.0,-4500,電圧,0,0,0,0,0,2026/04/01 18:54:30
翌日,20260401,更新後,西播東岡山線・山崎智頭線,2026/04/02,11:30,順方向,6981.658,-2926.568,0,544.91,4600,電圧,0,0,0,0,0,2026/04/01 18:54:30
翌日,20260401,更新後,西播東岡山線・山崎智頭線,2026/04/02,11:30,逆方向,-180.224,-4319.776,0,0.0,-4500,電圧,0,0,0,0,0,2026/04/01 18:54:30
翌日,20260401,更新後,西播東岡山線・山崎智頭線,2026/04/02,12:00,順方向,6833.318,-2746.366,0,513.048,4600,電圧,0,0,0,0,0,2026/04/01 18:54:30
翌日,20260401,更新後,西播東岡山線・山崎智頭線,2026/04/02,12:00,逆方向,-366.686,-4133.314,0,0.0,-4500,電圧,0,0,0,0,0,2026/04/01 18:54:30
翌日,20260401,更新後,西播東岡山線・山崎智頭線,2026/04/02,12:30,順方向,6460.477,-2522.882,0,662.405,4600,電圧,0,0,0,0,0,2026/04/01 18:54:30
翌日,20260401,更新後,西播東岡山線・山崎智頭線,2026/04/02,12:30,逆方向,-533.916,-3966.084,0,0.0,-4500,電圧,0,0,0,0,0,2026/04/01 18:54:30
翌日,20260401,更新後,西播東岡山線・山崎智頭線,2026/04/02,13:00,順方向,6715.249,-2710.258,0,595.009,4600,電圧,0,0,0,0,0,2026/04/01 18:54:30
翌日,20260401,更新後,西播東岡山線・山崎智頭線,2026/04/02,13:00,逆方向,-341.234,-4158.766,0,0.0,-4500,電圧,0,0,0,0,0,2026/04/01 18:54:30
翌日,20260401,更新後,西播東岡山線・山崎智頭線,2026/04/02,13:30,順方向,7133.835,-3054.108,0,520.273,4600,電圧,0,0,0,0,0,2026/04/01 18:54:30
翌日,20260401,更新後,西播東岡山線・山崎智頭線,2026/04/02,13:30,逆方向,-35.876,-4464.124,0,0.0,-4500,電圧,0,0,0,0,0,2026/04/01 18:54:30
翌日,20260401,更新後,西播東岡山線・山崎智頭線,2026/04/02,14:00,順方向,7012.439,-3055.078,0,642.639,4600,電圧,0,0,0,0,0,2026/04/01 18:54:30
翌日,20260401,更新後,西播東岡山線・山崎智頭線,2026/04/02,14:00,逆方向,-67.628,-4432.372,0,0.0,-4500,電圧,0,0,0,0,0,2026/04/01 18:54:30
翌日,20260401,更新後,西播東岡山線・山崎智頭線,2026/04/02,14:30,順方向,7165.43,-3167.952,0,602.522,4600,電圧,0,0,0,0,0,2026/04/01 18:54:30
翌日,20260401,更新後,西播東岡山線・山崎智頭線,2026/04/02,14:30,逆方向,0.0,-4500.0,0,0.0,-4500,電圧,0,0,0,0,0,2026/04/01 18:54:30
翌日,20260401,更新後,西播東岡山線・山崎智頭線,2026/04/02,15:00,順方向,7229.904,-3201.902,0,571.998,4600,電圧,0,0,0,0,0,2026/04/01 18:54:30
翌日,20260401,更新後,西播東岡山線・山崎智頭線,2026/04/02,15:00,逆方向,-0.024,-4499.976,0,0.0,-4500,電圧,0,0,0,0,0,2026/04/01 18:54:30
翌日,20260401,更新後,西播東岡山線・山崎智頭線,2026/04/02,15:30,順方向,7458.312,-3339.676,0,481.364,4600,電圧,0,0,0,0,0,2026/04/01 18:54:30
翌日,20260401,更新後,西播東岡山線・山崎智頭線,2026/04/02,15:30,逆方向,0.0,-4500.0,0,0.0,-4500,電圧,0,0,0,0,0,2026/04/01 18:54:30
翌日,20260401,更新後,西播東岡山線・山崎智頭線,2026/04/02,16:00,順方向,7923.174,-3656.06,0,332.886,4600,電圧,0,0,0,0,0,2026/04/01 18:54:30
翌日,20260401,更新後,西播東岡山線・山崎智頭線,2026/04/02,16:00,逆方向,-0.02,-4499.98,0,0.0,-4500,電圧,0,0,0,0,0,2026/04/01 18:54:30
翌日,20260401,更新後,西播東岡山線・山崎智頭線,2026/04/02,16:30,順方向,7903.158,-3582.118,0,278.96,4600,電圧,0,0,0,0,0,2026/04/01 18:54:30
翌日,20260401,更新後,西播東岡山線・山崎智頭線,2026/04/02,16:30,逆方向,0.0,-4500.0,0,0.0,-4500,電圧,0,0,0,0,0,2026/04/01 18:54:30
翌日,20260401,更新後,西播東岡山線・山崎智頭線,2026/04/02,17:00,順方向,7729.349,-3760.822,0,631.473,4600,電圧,0,0,0,0,0,2026/04/01 18:54:30
翌日,20260401,更新後,西播東岡山線・山崎智頭線,2026/04/02,17:00,逆方向,-0.78,-4499.22,0,0.0,-4500,電圧,0,0,0,0,0,2026/04/01 18:54:30
翌日,20260401,更新後,西播東岡山線・山崎智頭線,2026/04/02,17:30,順方向,8242.235,-3799.81,0,157.575,4600,電圧,0,0,0,0,0,2026/04/01 18:54:30
翌日,20260401,更新後,西播東岡山線・山崎智頭線,2026/04/02,17:30,逆方向,0.0,-4500.0,0,0.0,-4500,電圧,0,0,0,0,0,2026/04/01 18:54:30
翌日,20260401,更新後,西播東岡山線・山崎智頭線,2026/04/02,18:00,順方向,8111.017,-3716.378,0,205.361,4600,電圧,0,0,0,0,0,2026/04/01 18:54:30
翌日,20260401,更新後,西播東岡山線・山崎智頭線,2026/04/02,18:00,逆方向,-171.21,-4328.79,0,0.0,-4500,電圧,0,0,0,0,0,2026/04/01 18:54:30
翌日,20260401,更新後,西播東岡山線・山崎智頭線,2026/04/02,18:30,順方向,8100.46,-3500.46,0,0.0,4600,電圧,0,0,0,0,0,2026/04/01 18:54:30
翌日,20260401,更新後,西播東岡山線・山崎智頭線,2026/04/02,18:30,逆方向,-632.822,-3867.178,0,0.0,-4500,電圧,0,0,0,0,0,2026/04/01 18:54:30
翌日,20260401,更新後,西播東岡山線・山崎智頭線,2026/04/02,19:00,順方向,8146.842,-3546.842,0,0.0,4600,電圧,0,0,0,0,0,2026/04/01 18:54:30
翌日,20260401,更新後,西播東岡山線・山崎智頭線,2026/04/02,19:00,逆方向,-636.534,-3863.466,0,0.0,-4500,電圧,0,0,0,0,0,2026/04/01 18:54:30
翌日,20260401,更新後,西播東岡山線・山崎智頭線,2026/04/02,19:30,順方向,8175.854,-3587.34,0,11.486,4600,電圧,0,0,0,0,0,2026/04/01 18:54:30
翌日,20260401,更新後,西播東岡山線・山崎智頭線,2026/04/02,19:30,逆方向,-592.804,-3907.196,0,0.0,-4500,電圧,0,0,0,0,0,2026/04/01 18:54:30
翌日,20260401,更新後,西播東岡山線・山崎智頭線,2026/04/02,20:00,順方向,8089.782,-3489.782,0,0.0,4600,電圧,0,0,0,0,0,2026/04/01 18:54:30
翌日,20260401,更新後,西播東岡山線・山崎智頭線,2026/04/02,20:00,逆方向,-454.466,-4045.534,0,0.0,-4500,電圧,0,0,0,0,0,2026/04/01 18:54:30
翌日,20260401,更新後,西播東岡山線・山崎智頭線,2026/04/02,20:30,順方向,8168.136,-3568.136,0,0.0,4600,電圧,0,0,0,0,0,2026/04/01 18:54:30
翌日,20260401,更新後,西播東岡山線・山崎智頭線,2026/04/02,20:30,逆方向,-364.18,-4135.82,0,0.0,-4500,電圧,0,0,0,0,0,2026/04/01 18:54:30
翌日,20260401,更新後,西播東岡山線・山崎智頭線,2026/04/02,21:00,順方向,8282.312,-3682.312,0,0.0,4600,電圧,0,0,0,0,0,2026/04/01 18:54:30
翌日,20260401,更新後,西播東岡山線・山崎智頭線,2026/04/02,21:00,逆方向,-235.24,-4264.76,0,0.0,-4500,電圧,0,0,0,0,0,2026/04/01 18:54:30
翌日,20260401,更新後,西播東岡山線・山崎智頭線,2026/04/02,21:30,順方向,7742.11,-3155.11,0,13.0,4600,電圧,0,0,0,0,0,2026/04/01 18:54:30
翌日,20260401,更新後,西播東岡山線・山崎智頭線,2026/04/02,21:30,逆方向,-776.44,-3723.56,0,0.0,-4500,電圧,0,0,0,0,0,2026/04/01 18:54:30
翌日,20260401,更新後,西播東岡山線・山崎智頭線,2026/04/02,22:00,順方向,7563.295,-3034.602,0,71.307,4600,電圧,0,0,0,0,0,2026/04/01 18:54:30
翌日,20260401,更新後,西播東岡山線・山崎智頭線,2026/04/02,22:00,逆方向,-1053.192,-3446.808,0,0.0,-4500,電圧,0,0,0,0,0,2026/04/01 18:54:30
翌日,20260401,更新後,西播東岡山線・山崎智頭線,2026/04/02,22:30,順方向,6909.594,-2336.82,0,27.226,4600,電圧,0,0,0,0,0,2026/04/01 18:54:30
翌日,20260401,更新後,西播東岡山線・山崎智頭線,2026/04/02,22:30,逆方向,-1745.384,-2752.616,0,-2.0,-4500,電圧,0,0,0,0,0,2026/04/01 18:54:30
翌日,20260401,更新後,西播東岡山線・山崎智頭線,2026/04/02,23:00,順方向,7264.53,-2664.53,0,0.0,4600,電圧,0,0,0,0,0,2026/04/01 18:54:30
翌日,20260401,更新後,西播東岡山線・山崎智頭線,2026/04/02,23:00,逆方向,-1323.556,-3176.444,0,0.0,-4500,電圧,0,0,0,0,0,2026/04/01 18:54:30
翌日,20260401,更新後,西播東岡山線・山崎智頭線,2026/04/02,23:30,順方向,7345.026,-2745.026,0,0.0,4600,電圧,0,0,0,0,0,2026/04/01 18:54:30
翌日,20260401,更新後,西播東岡山線・山崎智頭線,2026/04/02,23:30,逆方向,-1208.972,-3291.028,0,0.0,-4500,電圧,0,0,0,0,0,2026/04/01 18:54:30
翌日,20260401,更新後,西播東岡山線・山崎智頭線,2026/04/02,24:00,順方向,7062.65,-2462.65,0,0.0,4600,電圧,0,0,0,0,0,2026/04/01 18:54:30
翌日,20260401,更新後,西播東岡山線・山崎智頭線,2026/04/02,24:00,逆方向,-1541.762,-2917.736,0,-40.502,-4500,電圧,0,0,0,0,0,2026/04/01 18:54:30
翌日,20260401,更新後,阿南紀北直流幹線,2026/04/02,00:30,順方向,620.0,-620.0,0,0.0,0,安定度,0,0,0,0,0,2026/04/01 18:54:30
翌日,20260401,更新後,阿南紀北直流幹線,2026/04/02,00:30,逆方向,0.0,-620.0,0,0.0,-620,熱容量,0,0,0,0,0,2026/04/01 18:54:30
翌日,20260401,更新後,阿南紀北直流幹線,2026/04/02,01:00,順方向,620.0,-620.0,0,0.0,0,安定度,0,0,0,0,0,2026/04/01 18:54:30
翌日,20260401,更新後,阿南紀北直流幹線,2026/04/02,01:00,逆方向,0.0,-620.0,0,0.0,-620,熱容量,0,0,0,0,0,2026/04/01 18:54:30
翌日,20260401,更新後,阿南紀北直流幹線,2026/04/02,01:30,順方向,620.0,-620.0,0,0.0,0,安定度,0,0,0,0,0,2026/04/01 18:54:30
翌日,20260401,更新後,阿南紀北直流幹線,2026/04/02,01:30,逆方向,0.0,-620.0,0,0.0,-620,熱容量,0,0,0,0,0,2026/04/01 18:54:30
翌日,20260401,更新後,阿南紀北直流幹線,2026/04/02,02:00,順方向,620.0,-620.0,0,0.0,0,安定度,0,0,0,0,0,2026/04/01 18:54:30
翌日,20260401,更新後,阿南紀北直流幹線,2026/04/02,02:00,逆方向,0.0,-620.0,0,0.0,-620,熱容量,0,0,0,0,0,2026/04/01 18:54:30
翌日,20260401,更新後,阿南紀北直流幹線,2026/04/02,02:30,順方向,620.0,-620.0,0,0.0,0,安定度,0,0,0,0,0,2026/04/01 18:54:30
翌日,20260401,更新後,阿南紀北直流幹線,2026/04/02,02:30,逆方向,0.0,-620.0,0,0.0,-620,熱容量,0,0,0,0,0,2026/04/01 18:54:30
翌日,20260401,更新後,阿南紀北直流幹線,2026/04/02,03:00,順方向,620.0,-620.0,0,0.0,0,安定度,0,0,0,0,0,2026/04/01 18:54:30
翌日,20260401,更新後,阿南紀北直流幹線,2026/04/02,03:00,逆方向,0.0,-620.0,0,0.0,-620,熱容量,0,0,0,0,0,2026/04/01 18:54:30
翌日,20260401,更新後,阿南紀北直流幹線,2026/04/02,03:30,順方向,620.0,-620.0,0,0.0,0,安定度,0,0,0,0,0,2026/04/01 18:54:30
翌日,20260401,更新後,阿南紀北直流幹線,2026/04/02,03:30,逆方向,0.0,-620.0,0,0.0,-620,熱容量,0,0,0,0,0,2026/04/01 18:54:30
翌日,20260401,更新後,阿南紀北直流幹線,2026/04/02,04:00,順方向,620.0,-620.0,0,0.0,0,安定度,0,0,0,0,0,2026/04/01 18:54:30
翌日,20260401,更新後,阿南紀北直流幹線,2026/04/02,04:00,逆方向,0.0,-620.0,0,0.0,-620,熱容量,0,0,0,0,0,2026/04/01 18:54:30
翌日,20260401,更新後,阿南紀北直流幹線,2026/04/02,04:30,順方向,620.0,-620.0,0,0.0,0,安定度,0,0,0,0,0,2026/04/01 18:54:30
翌日,20260401,更新後,阿南紀北直流幹線,2026/04/02,04:30,逆方向,0.0,-620.0,0,0.0,-620,熱容量,0,0,0,0,0,2026/04/01 18:54:30
翌日,20260401,更新後,阿南紀北直流幹線,2026/04/02,05:00,順方向,620.0,-620.0,0,0.0,0,安定度,0,0,0,0,0,2026/04/01 18:54:30
翌日,20260401,更新後,阿南紀北直流幹線,2026/04/02,05:00,逆方向,0.0,-620.0,0,0.0,-620,熱容量,0,0,0,0,0,2026/04/01 18:54:30
翌日,20260401,更新後,阿南紀北直流幹線,2026/04/02,05:30,順方向,620.0,-620.0,0,0.0,0,安定度,0,0,0,0,0,2026/04/01 18:54:30
翌日,20260401,更新後,阿南紀北直流幹線,2026/04/02,05:30,逆方向,0.0,-620.0,0,0.0,-620,熱容量,0,0,0,0,0,2026/04/01 18:54:30
翌日,20260401,更新後,阿南紀北直流幹線,2026/04/02,06:00,順方向,620.0,-620.0,0,0.0,0,安定度,0,0,0,0,0,2026/04/01 18:54:30
翌日,20260401,更新後,阿南紀北直流幹線,2026/04/02,06:00,逆方向,0.0,-620.0,0,0.0,-620,熱容量,0,0,0,0,0,2026/04/01 18:54:30
翌日,20260401,更新後,阿南紀北直流幹線,2026/04/02,06:30,順方向,620.0,-620.0,0,0.0,0,安定度,0,0,0,0,0,2026/04/01 18:54:30
翌日,20260401,更新後,阿南紀北直流幹線,2026/04/02,06:30,逆方向,0.0,-620.0,0,0.0,-620,熱容量,0,0,0,0,0,2026/04/01 18:54:30
翌日,20260401,更新後,阿南紀北直流幹線,2026/04/02,07:00,順方向,620.0,-620.0,0,0.0,0,安定度,0,0,0,0,0,2026/04/01 18:54:30
翌日,20260401,更新後,阿南紀北直流幹線,2026/04/02,07:00,逆方向,0.0,-620.0,0,0.0,-620,熱容量,0,0,0,0,0,2026/04/01 18:54:30
翌日,20260401,更新後,阿南紀北直流幹線,2026/04/02,07:30,順方向,620.0,-620.0,0,0.0,0,安定度,0,0,0,0,0,2026/04/01 18:54:30
翌日,20260401,更新後,阿南紀北直流幹線,2026/04/02,07:30,逆方向,0.0,-620.0,0,0.0,-620,熱容量,0,0,0,0,0,2026/04/01 18:54:30
翌日,20260401,更新後,阿南紀北直流幹線,2026/04/02,08:00,順方向,620.0,-620.0,0,0.0,0,安定度,0,0,0,0,0,2026/04/01 18:54:30
翌日,20260401,更新後,阿南紀北直流幹線,2026/04/02,08:00,逆方向,0.0,-620.0,0,0.0,-620,熱容量,0,0,0,0,0,2026/04/01 18:54:30
翌日,20260401,更新後,阿南紀北直流幹線,2026/04/02,08:30,順方向,620.0,-620.0,0,0.0,0,安定度,0,0,0,0,0,2026/04/01 18:54:30
翌日,20260401,更新後,阿南紀北直流幹線,2026/04/02,08:30,逆方向,0.0,-620.0,0,0.0,-620,熱容量,0,0,0,0,0,2026/04/01 18:54:30
翌日,20260401,更新後,阿南紀北直流幹線,2026/04/02,09:00,順方向,620.0,-620.0,0,0.0,0,安定度,0,0,0,0,0,2026/04/01 18:54:30
翌日,20260401,更新後,阿南紀北直流幹線,2026/04/02,09:00,逆方向,0.0,-620.0,0,0.0,-620,熱容量,0,0,0,0,0,2026/04/01 18:54:30
翌日,20260401,更新後,阿南紀北直流幹線,2026/04/02,09:30,順方向,620.0,-620.0,0,0.0,0,安定度,0,0,0,0,0,2026/04/01 18:54:30
翌日,20260401,更新後,阿南紀北直流幹線,2026/04/02,09:30,逆方向,0.0,-620.0,0,0.0,-620,熱容量,0,0,0,0,0,2026/04/01 18:54:30
翌日,20260401,更新後,阿南紀北直流幹線,2026/04/02,10:00,順方向,620.0,-620.0,0,0.0,0,安定度,0,0,0,0,0,2026/04/01 18:54:30
翌日,20260401,更新後,阿南紀北直流幹線,2026/04/02,10:00,逆方向,0.0,-620.0,0,0.0,-620,熱容量,0,0,0,0,0,2026/04/01 18:54:30
翌日,20260401,更新後,阿南紀北直流幹線,2026/04/02,10:30,順方向,620.0,-620.0,0,0.0,0,安定度,0,0,0,0,0,2026/04/01 18:54:30
翌日,20260401,更新後,阿南紀北直流幹線,2026/04/02,10:30,逆方向,0.0,-620.0,0,0.0,-620,熱容量,0,0,0,0,0,2026/04/01 18:54:30
翌日,20260401,更新後,阿南紀北直流幹線,2026/04/02,11:00,順方向,620.0,-620.0,0,0.0,0,安定度,0,0,0,0,0,2026/04/01 18:54:30
翌日,20260401,更新後,阿南紀北直流幹線,2026/04/02,11:00,逆方向,0.0,-620.0,0,0.0,-620,熱容量,0,0,0,0,0,2026/04/01 18:54:30
翌日,20260401,更新後,阿南紀北直流幹線,2026/04/02,11:30,順方向,620.0,-620.0,0,0.0,0,安定度,0,0,0,0,0,2026/04/01 18:54:30
翌日,20260401,更新後,阿南紀北直流幹線,2026/04/02,11:30,逆方向,0.0,-620.0,0,0.0,-620,熱容量,0,0,0,0,0,2026/04/01 18:54:30
翌日,20260401,更新後,阿南紀北直流幹線,2026/04/02,12:00,順方向,620.0,-620.0,0,0.0,0,安定度,0,0,0,0,0,2026/04/01 18:54:30
翌日,20260401,更新後,阿南紀北直流幹線,2026/04/02,12:00,逆方向,0.0,-620.0,0,0.0,-620,熱容量,0,0,0,0,0,2026/04/01 18:54:30
翌日,20260401,更新後,阿南紀北直流幹線,2026/04/02,12:30,順方向,620.0,-620.0,0,0.0,0,安定度,0,0,0,0,0,2026/04/01 18:54:30
翌日,20260401,更新後,阿南紀北直流幹線,2026/04/02,12:30,逆方向,0.0,-620.0,0,0.0,-620,熱容量,0,0,0,0,0,2026/04/01 18:54:30
翌日,20260401,更新後,阿南紀北直流幹線,2026/04/02,13:00,順方向,620.0,-620.0,0,0.0,0,安定度,0,0,0,0,0,2026/04/01 18:54:30
翌日,20260401,更新後,阿南紀北直流幹線,2026/04/02,13:00,逆方向,0.0,-620.0,0,0.0,-620,熱容量,0,0,0,0,0,2026/04/01 18:54:30
翌日,20260401,更新後,阿南紀北直流幹線,2026/04/02,13:30,順方向,620.0,-620.0,0,0.0,0,安定度,0,0,0,0,0,2026/04/01 18:54:30
翌日,20260401,更新後,阿南紀北直流幹線,2026/04/02,13:30,逆方向,0.0,-620.0,0,0.0,-620,熱容量,0,0,0,0,0,2026/04/01 18:54:30
翌日,20260401,更新後,阿南紀北直流幹線,2026/04/02,14:00,順方向,620.0,-620.0,0,0.0,0,安定度,0,0,0,0,0,2026/04/01 18:54:30
翌日,20260401,更新後,阿南紀北直流幹線,2026/04/02,14:00,逆方向,0.0,-620.0,0,0.0,-620,熱容量,0,0,0,0,0,2026/04/01 18:54:30
翌日,20260401,更新後,阿南紀北直流幹線,2026/04/02,14:30,順方向,620.0,-620.0,0,0.0,0,安定度,0,0,0,0,0,2026/04/01 18:54:30
翌日,20260401,更新後,阿南紀北直流幹線,2026/04/02,14:30,逆方向,0.0,-620.0,0,0.0,-620,熱容量,0,0,0,0,0,2026/04/01 18:54:30
翌日,20260401,更新後,阿南紀北直流幹線,2026/04/02,15:00,順方向,620.0,-620.0,0,0.0,0,安定度,0,0,0,0,0,2026/04/01 18:54:30
翌日,20260401,更新後,阿南紀北直流幹線,2026/04/02,15:00,逆方向,0.0,-620.0,0,0.0,-620,熱容量,0,0,0,0,0,2026/04/01 18:54:30
翌日,20260401,更新後,阿南紀北直流幹線,2026/04/02,15:30,順方向,620.0,-620.0,0,0.0,0,安定度,0,0,0,0,0,2026/04/01 18:54:30
翌日,20260401,更新後,阿南紀北直流幹線,2026/04/02,15:30,逆方向,0.0,-620.0,0,0.0,-620,熱容量,0,0,0,0,0,2026/04/01 18:54:30
翌日,20260401,更新後,阿南紀北直流幹線,2026/04/02,16:00,順方向,620.0,-620.0,0,0.0,0,安定度,0,0,0,0,0,2026/04/01 18:54:30
翌日,20260401,更新後,阿南紀北直流幹線,2026/04/02,16:00,逆方向,0.0,-620.0,0,0.0,-620,熱容量,0,0,0,0,0,2026/04/01 18:54:30
翌日,20260401,更新後,阿南紀北直流幹線,2026/04/02,16:30,順方向,620.0,-620.0,0,0.0,0,安定度,0,0,0,0,0,2026/04/01 18:54:30
翌日,20260401,更新後,阿南紀北直流幹線,2026/04/02,16:30,逆方向,0.0,-620.0,0,0.0,-620,熱容量,0,0,0,0,0,2026/04/01 18:54:30
翌日,20260401,更新後,阿南紀北直流幹線,2026/04/02,17:00,順方向,620.0,-620.0,0,0.0,0,安定度,0,0,0,0,0,2026/04/01 18:54:30
翌日,20260401,更新後,阿南紀北直流幹線,2026/04/02,17:00,逆方向,0.0,-620.0,0,0.0,-620,熱容量,0,0,0,0,0,2026/04/01 18:54:30
翌日,20260401,更新後,阿南紀北直流幹線,2026/04/02,17:30,順方向,620.0,-620.0,0,0.0,0,安定度,0,0,0,0,0,2026/04/01 18:54:30
翌日,20260401,更新後,阿南紀北直流幹線,2026/04/02,17:30,逆方向,0.0,-620.0,0,0.0,-620,熱容量,0,0,0,0,0,2026/04/01 18:54:30
翌日,20260401,更新後,阿南紀北直流幹線,2026/04/02,18:00,順方向,620.0,-620.0,0,0.0,0,安定度,0,0,0,0,0,2026/04/01 18:54:30
翌日,20260401,更新後,阿南紀北直流幹線,2026/04/02,18:00,逆方向,0.0,-620.0,0,0.0,-620,熱容量,0,0,0,0,0,2026/04/01 18:54:30
翌日,20260401,更新後,阿南紀北直流幹線,2026/04/02,18:30,順方向,620.0,-620.0,0,0.0,0,安定度,0,0,0,0,0,2026/04/01 18:54:30
翌日,20260401,更新後,阿南紀北直流幹線,2026/04/02,18:30,逆方向,0.0,-620.0,0,0.0,-620,熱容量,0,0,0,0,0,2026/04/01 18:54:30
翌日,20260401,更新後,阿南紀北直流幹線,2026/04/02,19:00,順方向,620.0,-620.0,0,0.0,0,安定度,0,0,0,0,0,2026/04/01 18:54:30
翌日,20260401,更新後,阿南紀北直流幹線,2026/04/02,19:00,逆方向,0.0,-620.0,0,0.0,-620,熱容量,0,0,0,0,0,2026/04/01 18:54:30
翌日,20260401,更新後,阿南紀北直流幹線,2026/04/02,19:30,順方向,620.0,-620.0,0,0.0,0,安定度,0,0,0,0,0,2026/04/01 18:54:30
翌日,20260401,更新後,阿南紀北直流幹線,2026/04/02,19:30,逆方向,0.0,-620.0,0,0.0,-620,熱容量,0,0,0,0,0,2026/04/01 18:54:30
翌日,20260401,更新後,阿南紀北直流幹線,2026/04/02,20:00,順方向,620.0,-620.0,0,0.0,0,安定度,0,0,0,0,0,2026/04/01 18:54:30
翌日,20260401,更新後,阿南紀北直流幹線,2026/04/02,20:00,逆方向,0.0,-620.0,0,0.0,-620,熱容量,0,0,0,0,0,2026/04/01 18:54:30
翌日,20260401,更新後,阿南紀北直流幹線,2026/04/02,20:30,順方向,620.0,-620.0,0,0.0,0,安定度,0,0,0,0,0,2026/04/01 18:54:30
翌日,20260401,更新後,阿南紀北直流幹線,2026/04/02,20:30,逆方向,0.0,-620.0,0,0.0,-620,熱容量,0,0,0,0,0,2026/04/01 18:54:30
翌日,20260401,更新後,阿南紀北直流幹線,2026/04/02,21:00,順方向,620.0,-620.0,0,0.0,0,安定度,0,0,0,0,0,2026/04/01 18:54:30
翌日,20260401,更新後,阿南紀北直流幹線,2026/04/02,21:00,逆方向,0.0,-620.0,0,0.0,-620,熱容量,0,0,0,0,0,2026/04/01 18:54:30
翌日,20260401,更新後,阿南紀北直流幹線,2026/04/02,21:30,順方向,620.0,-620.0,0,0.0,0,安定度,0,0,0,0,0,2026/04/01 18:54:30
翌日,20260401,更新後,阿南紀北直流幹線,2026/04/02,21:30,逆方向,0.0,-620.0,0,0.0,-620,熱容量,0,0,0,0,0,2026/04/01 18:54:30
翌日,20260401,更新後,阿南紀北直流幹線,2026/04/02,22:00,順方向,620.0,-620.0,0,0.0,0,安定度,0,0,0,0,0,2026/04/01 18:54:30
翌日,20260401,更新後,阿南紀北直流幹線,2026/04/02,22:00,逆方向,0.0,-620.0,0,0.0,-620,熱容量,0,0,0,0,0,2026/04/01 18:54:30
翌日,20260401,更新後,阿南紀北直流幹線,2026/04/02,22:30,順方向,620.0,-620.0,0,0.0,0,安定度,0,0,0,0,0,2026/04/01 18:54:30
翌日,20260401,更新後,阿南紀北直流幹線,2026/04/02,22:30,逆方向,0.0,-620.0,0,0.0,-620,熱容量,0,0,0,0,0,2026/04/01 18:54:30
翌日,20260401,更新後,阿南紀北直流幹線,2026/04/02,23:00,順方向,620.0,-620.0,0,0.0,0,安定度,0,0,0,0,0,2026/04/01 18:54:30
翌日,20260401,更新後,阿南紀北直流幹線,2026/04/02,23:00,逆方向,0.0,-620.0,0,0.0,-620,熱容量,0,0,0,0,0,2026/04/01 18:54:30
翌日,20260401,更新後,阿南紀北直流幹線,2026/04/02,23:30,順方向,620.0,-620.0,0,0.0,0,安定度,0,0,0,0,0,2026/04/01 18:54:30
翌日,20260401,更新後,阿南紀北直流幹線,2026/04/02,23:30,逆方向,0.0,-620.0,0,0.0,-620,熱容量,0,0,0,0,0,2026/04/01 18:54:30
翌日,20260401,更新後,阿南紀北直流幹線,2026/04/02,24:00,順方向,620.0,-620.0,0,0.0,0,安定度,0,0,0,0,0,2026/04/01 18:54:30
翌日,20260401,更新後,阿南紀北直流幹線,2026/04/02,24:00,逆方向,0.0,-620.0,0,0.0,-620,熱容量,0,0,0,0,0,2026/04/01 18:54:30
翌日,20260401,更新後,本四連系線,2026/04/02,00:30,順方向,1890.0,-690.0,0,0.0,1200,熱容量（作業）,0,0,0,0,0,2026/04/01 18:54:30
翌日,20260401,更新後,本四連系線,2026/04/02,00:30,逆方向,-510.0,-690.0,0,0.0,-1200,熱容量（作業）,0,0,0,0,0,2026/04/01 18:54:30
翌日,20260401,更新後,本四連系線,2026/04/02,01:00,順方向,1903.5,-748.5,0,45.0,1200,熱容量（作業）,0,0,0,0,0,2026/04/01 18:54:30
翌日,20260401,更新後,本四連系線,2026/04/02,01:00,逆方向,-451.5,-748.5,0,0.0,-1200,熱容量（作業）,0,0,0,0,0,2026/04/01 18:54:30
翌日,20260401,更新後,本四連系線,2026/04/02,01:30,順方向,1914.4,-759.4,0,45.0,1200,熱容量（作業）,0,0,0,0,0,2026/04/01 18:54:30
翌日,20260401,更新後,本四連系線,2026/04/02,01:30,逆方向,-440.6,-759.4,0,0.0,-1200,熱容量（作業）,0,0,0,0,0,2026/04/01 18:54:30
翌日,20260401,更新後,本四連系線,2026/04/02,02:00,順方向,1974.9,-818.9,0,44.0,1200,熱容量（作業）,0,0,0,0,0,2026/04/01 18:54:30
翌日,20260401,更新後,本四連系線,2026/04/02,02:00,逆方向,-381.1,-818.9,0,0.0,-1200,熱容量（作業）,0,0,0,0,0,2026/04/01 18:54:30
翌日,20260401,更新後,本四連系線,2026/04/02,02:30,順方向,2007.4,-850.4,0,43.0,1200,熱容量（作業）,0,0,0,0,0,2026/04/01 18:54:30
翌日,20260401,更新後,本四連系線,2026/04/02,02:30,逆方向,-349.6,-850.4,0,0.0,-1200,熱容量（作業）,0,0,0,0,0,2026/04/01 18:54:30
翌日,20260401,更新後,本四連系線,2026/04/02,03:00,順方向,2070.1,-915.1,0,45.0,1200,熱容量（作業）,0,0,0,0,0,2026/04/01 18:54:30
翌日,20260401,更新後,本四連系線,2026/04/02,03:00,逆方向,-284.9,-915.1,0,0.0,-1200,熱容量（作業）,0,0,0,0,0,2026/04/01 18:54:30
翌日,20260401,更新後,本四連系線,2026/04/02,03:30,順方向,2010.7,-859.7,0,49.0,1200,熱容量（作業）,0,0,0,0,0,2026/04/01 18:54:30
翌日,20260401,更新後,本四連系線,2026/04/02,03:30,逆方向,-340.3,-859.7,0,0.0,-1200,熱容量（作業）,0,0,0,0,0,2026/04/01 18:54:30
翌日,20260401,更新後,本四連系線,2026/04/02,04:00,順方向,2302.0,-1150.0,0,48.0,1200,熱容量（作業）,0,0,0,0,0,2026/04/01 18:54:30
翌日,20260401,更新後,本四連系線,2026/04/02,04:00,逆方向,-50.0,-1150.0,0,0.0,-1200,熱容量（作業）,0,0,0,0,0,2026/04/01 18:54:30
翌日,20260401,更新後,本四連系線,2026/04/02,04:30,順方向,2400.0,-1200.0,0,0.0,1200,熱容量（作業）,0,0,0,0,0,2026/04/01 18:54:30
翌日,20260401,更新後,本四連系線,2026/04/02,04:30,逆方向,0.0,-1200.0,0,0.0,-1200,熱容量（作業）,0,0,0,0,0,2026/04/01 18:54:30
翌日,20260401,更新後,本四連系線,2026/04/02,05:00,順方向,2350.0,-1200.0,0,50.0,1200,熱容量（作業）,0,0,0,0,0,2026/04/01 18:54:30
翌日,20260401,更新後,本四連系線,2026/04/02,05:00,逆方向,0.0,-1200.0,0,0.0,-1200,熱容量（作業）,0,0,0,0,0,2026/04/01 18:54:30
翌日,20260401,更新後,本四連系線,2026/04/02,05:30,順方向,2350.0,-1200.0,0,50.0,1200,熱容量（作業）,0,0,0,0,0,2026/04/01 18:54:30
翌日,20260401,更新後,本四連系線,2026/04/02,05:30,逆方向,0.0,-1200.0,0,0.0,-1200,熱容量（作業）,0,0,0,0,0,2026/04/01 18:54:30
翌日,20260401,更新後,本四連系線,2026/04/02,06:00,順方向,2350.0,-1200.0,0,50.0,1200,熱容量（作業）,0,0,0,0,0,2026/04/01 18:54:30
翌日,20260401,更新後,本四連系線,2026/04/02,06:00,逆方向,0.0,-1200.0,0,0.0,-1200,熱容量（作業）,0,0,0,0,0,2026/04/01 18:54:30
翌日,20260401,更新後,本四連系線,2026/04/02,06:30,順方向,2385.9,-1188.9,0,3.0,1200,熱容量（作業）,0,0,0,0,0,2026/04/01 18:54:30
翌日,20260401,更新後,本四連系線,2026/04/02,06:30,逆方向,-11.1,-1188.9,0,0.0,-1200,熱容量（作業）,0,0,0,0,0,2026/04/01 18:54:30
翌日,20260401,更新後,本四連系線,2026/04/02,07:00,順方向,2114.1,-931.1,0,17.0,1200,熱容量（作業）,0,0,0,0,0,2026/04/01 18:54:30
翌日,20260401,更新後,本四連系線,2026/04/02,07:00,逆方向,-268.9,-931.1,0,0.0,-1200,熱容量（作業）,0,0,0,0,0,2026/04/01 18:54:30
翌日,20260401,更新後,本四連系線,2026/04/02,07:30,順方向,2398.7,-1198.7,0,0.0,1200,熱容量（作業）,0,0,0,0,0,2026/04/01 18:54:30
翌日,20260401,更新後,本四連系線,2026/04/02,07:30,逆方向,-1.3,-1198.7,0,0.0,-1200,熱容量（作業）,0,0,0,0,0,2026/04/01 18:54:30
翌日,20260401,更新後,本四連系線,2026/04/02,08:00,順方向,2400.0,-1200.0,0,0.0,1200,熱容量（作業）,0,0,0,0,0,2026/04/01 18:54:30
翌日,20260401,更新後,本四連系線,2026/04/02,08:00,逆方向,0.0,-1200.0,0,0.0,-1200,熱容量（作業）,0,0,0,0,0,2026/04/01 18:54:30
翌日,20260401,更新後,本四連系線,2026/04/02,08:30,順方向,2390.0,-1200.0,0,10.0,1200,熱容量（作業）,0,0,0,0,0,2026/04/01 18:54:30
翌日,20260401,更新後,本四連系線,2026/04/02,08:30,逆方向,0.0,-1200.0,0,0.0,-1200,熱容量（作業）,0,0,0,0,0,2026/04/01 18:54:30
翌日,20260401,更新後,本四連系線,2026/04/02,09:00,順方向,2345.726,-1200.0,0,54.274,1200,熱容量（作業）,0,0,0,0,0,2026/04/01 18:54:30
翌日,20260401,更新後,本四連系線,2026/04/02,09:00,逆方向,0.0,-1200.0,0,0.0,-1200,熱容量（作業）,0,0,0,0,0,2026/04/01 18:54:30
翌日,20260401,更新後,本四連系線,2026/04/02,09:30,順方向,2259.0,-1200.0,0,141.0,1200,熱容量（作業）,0,0,0,0,0,2026/04/01 18:54:30
翌日,20260401,更新後,本四連系線,2026/04/02,09:30,逆方向,0.0,-1200.0,0,0.0,-1200,熱容量（作業）,0,0,0,0,0,2026/04/01 18:54:30
翌日,20260401,更新後,本四連系線,2026/04/02,10:00,順方向,2181.0,-1200.0,0,219.0,1200,熱容量（作業）,0,0,0,0,0,2026/04/01 18:54:30
翌日,20260401,更新後,本四連系線,2026/04/02,10:00,逆方向,0.0,-1200.0,0,0.0,-1200,熱容量（作業）,0,0,0,0,0,2026/04/01 18:54:30
翌日,20260401,更新後,本四連系線,2026/04/02,10:30,順方向,2136.0,-1200.0,0,264.0,1200,熱容量（作業）,0,0,0,0,0,2026/04/01 18:54:30
翌日,20260401,更新後,本四連系線,2026/04/02,10:30,逆方向,0.0,-1200.0,0,0.0,-1200,熱容量（作業）,0,0,0,0,0,2026/04/01 18:54:30
翌日,20260401,更新後,本四連系線,2026/04/02,11:00,順方向,2117.0,-1200.0,0,283.0,1200,熱容量（作業）,0,0,0,0,0,2026/04/01 18:54:30
翌日,20260401,更新後,本四連系線,2026/04/02,11:00,逆方向,0.0,-1200.0,0,0.0,-1200,熱容量（作業）,0,0,0,0,0,2026/04/01 18:54:30
翌日,20260401,更新後,本四連系線,2026/04/02,11:30,順方向,2313.0,-1200.0,0,87.0,1200,熱容量（作業）,0,0,0,0,0,2026/04/01 18:54:30
翌日,20260401,更新後,本四連系線,2026/04/02,11:30,逆方向,0.0,-1200.0,0,0.0,-1200,熱容量（作業）,0,0,0,0,0,2026/04/01 18:54:30
翌日,20260401,更新後,本四連系線,2026/04/02,12:00,順方向,2283.719,-1200.0,0,116.281,1200,熱容量（作業）,0,0,0,0,0,2026/04/01 18:54:30
翌日,20260401,更新後,本四連系線,2026/04/02,12:00,逆方向,0.0,-1200.0,0,0.0,-1200,熱容量（作業）,0,0,0,0,0,2026/04/01 18:54:30
翌日,20260401,更新後,本四連系線,2026/04/02,12:30,順方向,2400.0,-1200.0,0,0.0,1200,熱容量（作業）,0,0,0,0,0,2026/04/01 18:54:30
翌日,20260401,更新後,本四連系線,2026/04/02,12:30,逆方向,0.0,-1200.0,0,0.0,-1200,熱容量（作業）,0,0,0,0,0,2026/04/01 18:54:30
翌日,20260401,更新後,本四連系線,2026/04/02,13:00,順方向,2400.0,-1200.0,0,0.0,1200,熱容量（作業）,0,0,0,0,0,2026/04/01 18:54:30
翌日,20260401,更新後,本四連系線,2026/04/02,13:00,逆方向,0.0,-1200.0,0,0.0,-1200,熱容量（作業）,0,0,0,0,0,2026/04/01 18:54:30
翌日,20260401,更新後,本四連系線,2026/04/02,13:30,順方向,2400.0,-1200.0,0,0.0,1200,熱容量（作業）,0,0,0,0,0,2026/04/01 18:54:30
翌日,20260401,更新後,本四連系線,2026/04/02,13:30,逆方向,0.0,-1200.0,0,0.0,-1200,熱容量（作業）,0,0,0,0,0,2026/04/01 18:54:30
翌日,20260401,更新後,本四連系線,2026/04/02,14:00,順方向,2400.0,-1200.0,0,0.0,1200,熱容量（作業）,0,0,0,0,0,2026/04/01 18:54:30
翌日,20260401,更新後,本四連系線,2026/04/02,14:00,逆方向,0.0,-1200.0,0,0.0,-1200,熱容量（作業）,0,0,0,0,0,2026/04/01 18:54:30
翌日,20260401,更新後,本四連系線,2026/04/02,14:30,順方向,2400.0,-1200.0,0,0.0,1200,熱容量（作業）,0,0,0,0,0,2026/04/01 18:54:30
翌日,20260401,更新後,本四連系線,2026/04/02,14:30,逆方向,0.0,-1200.0,0,0.0,-1200,熱容量（作業）,0,0,0,0,0,2026/04/01 18:54:30
翌日,20260401,更新後,本四連系線,2026/04/02,15:00,順方向,2400.0,-1200.0,0,0.0,1200,熱容量（作業）,0,0,0,0,0,2026/04/01 18:54:30
翌日,20260401,更新後,本四連系線,2026/04/02,15:00,逆方向,0.0,-1200.0,0,0.0,-1200,熱容量（作業）,0,0,0,0,0,2026/04/01 18:54:30
翌日,20260401,更新後,本四連系線,2026/04/02,15:30,順方向,2308.1,-1108.1,0,0.0,1200,熱容量（作業）,0,0,0,0,0,2026/04/01 18:54:30
翌日,20260401,更新後,本四連系線,2026/04/02,15:30,逆方向,-91.9,-1108.1,0,0.0,-1200,熱容量（作業）,0,0,0,0,0,2026/04/01 18:54:30
翌日,20260401,更新後,本四連系線,2026/04/02,16:00,順方向,2095.3,-895.3,0,0.0,1200,熱容量（作業）,0,0,0,0,0,2026/04/01 18:54:30
翌日,20260401,更新後,本四連系線,2026/04/02,16:00,逆方向,-304.7,-895.3,0,0.0,-1200,熱容量（作業）,0,0,0,0,0,2026/04/01 18:54:30
翌日,20260401,更新後,本四連系線,2026/04/02,16:30,順方向,2304.4,-1104.4,0,0.0,1200,熱容量（作業）,0,0,0,0,0,2026/04/01 18:54:30
翌日,20260401,更新後,本四連系線,2026/04/02,16:30,逆方向,-95.6,-1104.4,0,0.0,-1200,熱容量（作業）,0,0,0,0,0,2026/04/01 18:54:30
翌日,20260401,更新後,本四連系線,2026/04/02,17:00,順方向,2243.9,-1043.9,0,0.0,1200,熱容量（作業）,0,0,0,0,0,2026/04/01 18:54:30
翌日,20260401,更新後,本四連系線,2026/04/02,17:00,逆方向,-156.1,-1043.9,0,0.0,-1200,熱容量（作業）,0,0,0,0,0,2026/04/01 18:54:30
翌日,20260401,更新後,本四連系線,2026/04/02,17:30,順方向,2351.9,-1151.9,0,0.0,1200,熱容量（作業）,0,0,0,0,0,2026/04/01 18:54:30
翌日,20260401,更新後,本四連系線,2026/04/02,17:30,逆方向,-48.1,-1151.9,0,0.0,-1200,熱容量（作業）,0,0,0,0,0,2026/04/01 18:54:30
翌日,20260401,更新後,本四連系線,2026/04/02,18:00,順方向,2371.6,-1171.6,0,0.0,1200,熱容量（作業）,0,0,0,0,0,2026/04/01 18:54:30
翌日,20260401,更新後,本四連系線,2026/04/02,18:00,逆方向,-28.4,-1171.6,0,0.0,-1200,熱容量（作業）,0,0,0,0,0,2026/04/01 18:54:30
翌日,20260401,更新後,本四連系線,2026/04/02,18:30,順方向,2193.7,-993.7,0,0.0,1200,熱容量（作業）,0,0,0,0,0,2026/04/01 18:54:30
翌日,20260401,更新後,本四連系線,2026/04/02,18:30,逆方向,-206.3,-993.7,0,0.0,-1200,熱容量（作業）,0,0,0,0,0,2026/04/01 18:54:30
翌日,20260401,更新後,本四連系線,2026/04/02,19:00,順方向,2150.7,-950.7,0,0.0,1200,熱容量（作業）,0,0,0,0,0,2026/04/01 18:54:30
翌日,20260401,更新後,本四連系線,2026/04/02,19:00,逆方向,-249.3,-950.7,0,0.0,-1200,熱容量（作業）,0,0,0,0,0,2026/04/01 18:54:30
翌日,20260401,更新後,本四連系線,2026/04/02,19:30,順方向,2161.8,-961.8,0,0.0,1200,熱容量（作業）,0,0,0,0,0,2026/04/01 18:54:30
翌日,20260401,更新後,本四連系線,2026/04/02,19:30,逆方向,-238.2,-961.8,0,0.0,-1200,熱容量（作業）,0,0,0,0,0,2026/04/01 18:54:30
翌日,20260401,更新後,本四連系線,2026/04/02,20:00,順方向,2400.0,-1200.0,0,0.0,1200,熱容量（作業）,0,0,0,0,0,2026/04/01 18:54:30
翌日,20260401,更新後,本四連系線,2026/04/02,20:00,逆方向,0.0,-1200.0,0,0.0,-1200,熱容量（作業）,0,0,0,0,0,2026/04/01 18:54:30
翌日,20260401,更新後,本四連系線,2026/04/02,20:30,順方向,2400.0,-1200.0,0,0.0,1200,熱容量（作業）,0,0,0,0,0,2026/04/01 18:54:30
翌日,20260401,更新後,本四連系線,2026/04/02,20:30,逆方向,0.0,-1200.0,0,0.0,-1200,熱容量（作業）,0,0,0,0,0,2026/04/01 18:54:30
翌日,20260401,更新後,本四連系線,2026/04/02,21:00,順方向,2400.0,-1200.0,0,0.0,1200,熱容量（作業）,0,0,0,0,0,2026/04/01 18:54:30
翌日,20260401,更新後,本四連系線,2026/04/02,21:00,逆方向,0.0,-1200.0,0,0.0,-1200,熱容量（作業）,0,0,0,0,0,2026/04/01 18:54:30
翌日,20260401,更新後,本四連系線,2026/04/02,21:30,順方向,2392.0,-1200.0,0,8.0,1200,熱容量（作業）,0,0,0,0,0,2026/04/01 18:54:30
翌日,20260401,更新後,本四連系線,2026/04/02,21:30,逆方向,0.0,-1200.0,0,0.0,-1200,熱容量（作業）,0,0,0,0,0,2026/04/01 18:54:30
翌日,20260401,更新後,本四連系線,2026/04/02,22:00,順方向,2246.8,-1046.8,0,0.0,1200,熱容量（作業）,0,0,0,0,0,2026/04/01 18:54:30
翌日,20260401,更新後,本四連系線,2026/04/02,22:00,逆方向,-153.2,-1046.8,0,0.0,-1200,熱容量（作業）,0,0,0,0,0,2026/04/01 18:54:30
翌日,20260401,更新後,本四連系線,2026/04/02,22:30,順方向,2235.3,-1035.3,0,0.0,1200,熱容量（作業）,0,0,0,0,0,2026/04/01 18:54:30
翌日,20260401,更新後,本四連系線,2026/04/02,22:30,逆方向,-164.7,-1035.3,0,0.0,-1200,熱容量（作業）,0,0,0,0,0,2026/04/01 18:54:30
翌日,20260401,更新後,本四連系線,2026/04/02,23:00,順方向,2304.3,-1104.3,0,0.0,1200,熱容量（作業）,0,0,0,0,0,2026/04/01 18:54:30
翌日,20260401,更新後,本四連系線,2026/04/02,23:00,逆方向,-95.7,-1104.3,0,0.0,-1200,熱容量（作業）,0,0,0,0,0,2026/04/01 18:54:30
翌日,20260401,更新後,本四連系線,2026/04/02,23:30,順方向,2334.9,-1134.9,0,0.0,1200,熱容量（作業）,0,0,0,0,0,2026/04/01 18:54:30
翌日,20260401,更新後,本四連系線,2026/04/02,23:30,逆方向,-65.1,-1134.9,0,0.0,-1200,熱容量（作業）,0,0,0,0,0,2026/04/01 18:54:30
翌日,20260401,更新後,本四連系線,2026/04/02,24:00,順方向,2248.4,-1048.4,0,0.0,1200,熱容量（作業）,0,0,0,0,0,2026/04/01 18:54:30
翌日,20260401,更新後,本四連系線,2026/04/02,24:00,逆方向,-151.6,-1048.4,0,0.0,-1200,熱容量（作業）,0,0,0,0,0,2026/04/01 18:54:30
翌日,20260401,更新後,関門連系線,2026/04/02,00:30,順方向,1749.8,-1172.8,0,183.0,760,周波数,0,0,0,0,0,2026/04/01 18:54:30
翌日,20260401,更新後,関門連系線,2026/04/02,00:30,逆方向,-657.2,-1172.8,0,0.0,-1830,周波数,0,0,0,0,0,2026/04/01 18:54:30
翌日,20260401,更新後,関門連系線,2026/04/02,01:00,順方向,1463.373,-894.6,0,191.227,760,周波数,0,0,0,0,0,2026/04/01 18:54:30
翌日,20260401,更新後,関門連系線,2026/04/02,01:00,逆方向,-915.4,-894.6,0,0.0,-1810,周波数,0,0,0,0,0,2026/04/01 18:54:30
翌日,20260401,更新後,関門連系線,2026/04/02,01:30,順方向,1337.3,-758.3,0,181.0,760,周波数,0,0,0,0,0,2026/04/01 18:54:30
翌日,20260401,更新後,関門連系線,2026/04/02,01:30,逆方向,-1031.7,-758.3,0,0.0,-1790,周波数,0,0,0,0,0,2026/04/01 18:54:30
翌日,20260401,更新後,関門連系線,2026/04/02,02:00,順方向,1377.8,-798.8,0,181.0,760,周波数,0,0,0,0,0,2026/04/01 18:54:30
翌日,20260401,更新後,関門連系線,2026/04/02,02:00,逆方向,-991.2,-798.8,0,0.0,-1790,周波数,0,0,0,0,0,2026/04/01 18:54:30
翌日,20260401,更新後,関門連系線,2026/04/02,02:30,順方向,1622.3,-1043.3,0,181.0,760,周波数,0,0,0,0,0,2026/04/01 18:54:30
翌日,20260401,更新後,関門連系線,2026/04/02,02:30,逆方向,-776.7,-1043.3,0,0.0,-1820,周波数,0,0,0,0,0,2026/04/01 18:54:30
翌日,20260401,更新後,関門連系線,2026/04/02,03:00,順方向,1584.073,-1002.3,0,188.227,770,周波数,0,0,0,0,0,2026/04/01 18:54:30
翌日,20260401,更新後,関門連系線,2026/04/02,03:00,逆方向,-847.7,-1002.3,0,0.0,-1850,周波数,0,0,0,0,0,2026/04/01 18:54:30
翌日,20260401,更新後,関門連系線,2026/04/02,03:30,順方向,1951.387,-1307.1,0,135.713,780,周波数,0,0,0,0,0,2026/04/01 18:54:30
翌日,20260401,更新後,関門連系線,2026/04/02,03:30,逆方向,-592.9,-1307.1,0,0.0,-1900,周波数,0,0,0,0,0,2026/04/01 18:54:30
翌日,20260401,更新後,関門連系線,2026/04/02,04:00,順方向,1916.1,-1116.1,0,0.0,800,周波数,0,0,0,0,0,2026/04/01 18:54:30
翌日,20260401,更新後,関門連系線,2026/04/02,04:00,逆方向,-833.9,-1116.1,0,0.0,-1950,周波数,0,0,0,0,0,2026/04/01 18:54:30
翌日,20260401,更新後,関門連系線,2026/04/02,04:30,順方向,1922.8,-1297.8,0,185.0,810,周波数,0,0,0,0,0,2026/04/01 18:54:30
翌日,20260401,更新後,関門連系線,2026/04/02,04:30,逆方向,-594.224,-1297.8,0,-77.976,-1970,周波数,0,0,0,0,0,2026/04/01 18:54:30
翌日,20260401,更新後,関門連系線,2026/04/02,05:00,順方向,1892.2,-1277.2,0,205.0,820,周波数,0,0,0,0,0,2026/04/01 18:54:30
翌日,20260401,更新後,関門連系線,2026/04/02,05:00,逆方向,-702.8,-1277.2,0,0.0,-1980,周波数,0,0,0,0,0,2026/04/01 18:54:30
翌日,20260401,更新後,関門連系線,2026/04/02,05:30,順方向,1960.3,-1345.3,0,205.0,820,周波数,0,0,0,0,0,2026/04/01 18:54:30
翌日,20260401,更新後,関門連系線,2026/04/02,05:30,逆方向,-620.464,-1345.3,0,-4.236,-1970,周波数,0,0,0,0,0,2026/04/01 18:54:30
翌日,20260401,更新後,関門連系線,2026/04/02,06:00,順方向,1890.687,-1223.2,0,42.513,710,周波数,0,0,0,0,0,2026/04/01 18:54:30
翌日,20260401,更新後,関門連系線,2026/04/02,06:00,逆方向,-736.783,-1223.2,0,-0.017,-1960,周波数,0,0,0,0,0,2026/04/01 18:54:30
翌日,20260401,更新後,関門連系線,2026/04/02,06:30,順方向,1219.561,-898.5,0,278.939,600,周波数,0,0,0,0,0,2026/04/01 18:54:30
翌日,20260401,更新後,関門連系線,2026/04/02,06:30,逆方向,-1044.5,-898.5,0,-7.0,-1950,周波数,0,0,0,0,0,2026/04/01 18:54:30
翌日,20260401,更新後,関門連系線,2026/04/02,07:00,順方向,1251.761,-994.2,0,292.439,550,周波数,0,0,0,0,0,2026/04/01 18:54:30
翌日,20260401,更新後,関門連系線,2026/04/02,07:00,逆方向,-935.8,-994.2,0,-20.0,-1950,周波数,0,0,0,0,0,2026/04/01 18:54:30
翌日,20260401,更新後,関門連系線,2026/04/02,07:30,順方向,1569.488,-1480.1,0,420.612,510,周波数,0,0,0,0,0,2026/04/01 18:54:30
翌日,20260401,更新後,関門連系線,2026/04/02,07:30,逆方向,-497.724,-1480.1,0,-2.176,-1980,周波数,0,0,0,0,0,2026/04/01 18:54:30
翌日,20260401,更新後,関門連系線,2026/04/02,08:00,順方向,1511.4,-1511.4,0,510.0,510,周波数,0,0,0,0,0,2026/04/01 18:54:30
翌日,20260401,更新後,関門連系線,2026/04/02,08:00,逆方向,-497.424,-1511.4,0,-1.176,-2010,周波数,0,0,0,0,0,2026/04/01 18:54:30
翌日,20260401,更新後,関門連系線,2026/04/02,08:30,順方向,1691.0,-1671.3,0,400.3,420,周波数,0,0,0,0,0,2026/04/01 18:54:30
翌日,20260401,更新後,関門連系線,2026/04/02,08:30,逆方向,-538.7,-1671.3,0,0.0,-2210,周波数,0,0,0,0,0,2026/04/01 18:54:30
翌日,20260401,更新後,関門連系線,2026/04/02,09:00,順方向,1924.5,-1924.5,0,360.0,360,周波数,0,0,0,0,0,2026/04/01 18:54:30
翌日,20260401,更新後,関門連系線,2026/04/02,09:00,逆方向,-122.5,-1924.5,0,0.0,-2047,周波数,0,0,0,0,0,2026/04/01 18:54:30
翌日,20260401,更新後,関門連系線,2026/04/02,09:30,順方向,2194.0,-2194.0,0,300.0,300,周波数,0,0,0,0,0,2026/04/01 18:54:30
翌日,20260401,更新後,関門連系線,2026/04/02,09:30,逆方向,0.0,-2194.0,0,0.0,-2194,周波数,0,0,0,0,0,2026/04/01 18:54:30
翌日,20260401,更新後,関門連系線,2026/04/02,10:00,順方向,2229.0,-2229.0,0,290.0,290,周波数,0,0,0,0,0,2026/04/01 18:54:30
翌日,20260401,更新後,関門連系線,2026/04/02,10:00,逆方向,0.0,-2229.0,0,0.0,-2229,周波数,0,0,0,0,0,2026/04/01 18:54:30
翌日,20260401,更新後,関門連系線,2026/04/02,10:30,順方向,2354.52,-2241.0,0,176.48,290,周波数,0,0,0,0,0,2026/04/01 18:54:30
翌日,20260401,更新後,関門連系線,2026/04/02,10:30,逆方向,0.0,-2241.0,0,0.0,-2241,周波数,0,0,0,0,0,2026/04/01 18:54:30
翌日,20260401,更新後,関門連系線,2026/04/02,11:00,順方向,2328.0,-2260.0,0,222.0,290,周波数,0,0,0,0,0,2026/04/01 18:54:30
翌日,20260401,更新後,関門連系線,2026/04/02,11:00,逆方向,0.0,-2260.0,0,0.0,-2260,周波数,0,0,0,0,0,2026/04/01 18:54:30
翌日,20260401,更新後,関門連系線,2026/04/02,11:30,順方向,2284.0,-2275.0,0,281.0,290,周波数,0,0,0,0,0,2026/04/01 18:54:30
翌日,20260401,更新後,関門連系線,2026/04/02,11:30,逆方向,0.0,-2275.0,0,0.0,-2275,周波数,0,0,0,0,0,2026/04/01 18:54:30
翌日,20260401,更新後,関門連系線,2026/04/02,12:00,順方向,2272.0,-2272.0,0,300.0,300,周波数,0,0,0,0,0,2026/04/01 18:54:30
翌日,20260401,更新後,関門連系線,2026/04/02,12:00,逆方向,0.0,-2272.0,0,0.0,-2272,周波数,0,0,0,0,0,2026/04/01 18:54:30
翌日,20260401,更新後,関門連系線,2026/04/02,12:30,順方向,2261.108,-2250.0,0,288.892,300,周波数,0,0,0,0,0,2026/04/01 18:54:30
翌日,20260401,更新後,関門連系線,2026/04/02,12:30,逆方向,0.0,-2250.0,0,0.0,-2250,周波数,0,0,0,0,0,2026/04/01 18:54:30
翌日,20260401,更新後,関門連系線,2026/04/02,13:00,順方向,2250.0,-2250.0,0,290.0,290,周波数,0,0,0,0,0,2026/04/01 18:54:30
翌日,20260401,更新後,関門連系線,2026/04/02,13:00,逆方向,0.0,-2250.0,0,0.0,-2250,周波数,0,0,0,0,0,2026/04/01 18:54:30
翌日,20260401,更新後,関門連系線,2026/04/02,13:30,順方向,2473.602,-2273.0,0,89.398,290,周波数,0,0,0,0,0,2026/04/01 18:54:30
翌日,20260401,更新後,関門連系線,2026/04/02,13:30,逆方向,0.0,-2273.0,0,0.0,-2273,周波数,0,0,0,0,0,2026/04/01 18:54:30
翌日,20260401,更新後,関門連系線,2026/04/02,14:00,順方向,2268.0,-2268.0,0,280.0,280,周波数,0,0,0,0,0,2026/04/01 18:54:30
翌日,20260401,更新後,関門連系線,2026/04/02,14:00,逆方向,0.0,-2268.0,0,0.0,-2268,周波数,0,0,0,0,0,2026/04/01 18:54:30
翌日,20260401,更新後,関門連系線,2026/04/02,14:30,順方向,2262.0,-2262.0,0,280.0,280,周波数,0,0,0,0,0,2026/04/01 18:54:30
翌日,20260401,更新後,関門連系線,2026/04/02,14:30,逆方向,0.0,-2262.0,0,0.0,-2262,周波数,0,0,0,0,0,2026/04/01 18:54:30
翌日,20260401,更新後,関門連系線,2026/04/02,15:00,順方向,2242.0,-2242.0,0,280.0,280,周波数,0,0,0,0,0,2026/04/01 18:54:30
翌日,20260401,更新後,関門連系線,2026/04/02,15:00,逆方向,0.0,-2242.0,0,0.0,-2242,周波数,0,0,0,0,0,2026/04/01 18:54:30
翌日,20260401,更新後,関門連系線,2026/04/02,15:30,順方向,2281.802,-2232.0,0,300.198,350,周波数,0,0,0,0,0,2026/04/01 18:54:30
翌日,20260401,更新後,関門連系線,2026/04/02,15:30,逆方向,0.0,-2232.0,0,0.0,-2232,周波数,0,0,0,0,0,2026/04/01 18:54:30
翌日,20260401,更新後,関門連系線,2026/04/02,16:00,順方向,2383.457,-2218.0,0,264.543,430,周波数,0,0,0,0,0,2026/04/01 18:54:30
翌日,20260401,更新後,関門連系線,2026/04/02,16:00,逆方向,0.0,-2218.0,0,0.0,-2218,周波数,0,0,0,0,0,2026/04/01 18:54:30
翌日,20260401,更新後,関門連系線,2026/04/02,16:30,順方向,2379.952,-2104.6,0,204.648,480,周波数,0,0,0,0,0,2026/04/01 18:54:30
翌日,20260401,更新後,関門連系線,2026/04/02,16:30,逆方向,-126.4,-2104.6,0,0.0,-2231,周波数,0,0,0,0,0,2026/04/01 18:54:30
翌日,20260401,更新後,関門連系線,2026/04/02,17:00,順方向,2240.0,-2240.0,0,530.0,530,周波数,0,0,0,0,0,2026/04/01 18:54:30
翌日,20260401,更新後,関門連系線,2026/04/02,17:00,逆方向,0.0,-2240.0,0,0.0,-2240,周波数,0,0,0,0,0,2026/04/01 18:54:30
翌日,20260401,更新後,関門連系線,2026/04/02,17:30,順方向,2213.838,-1764.1,0,130.262,580,周波数,0,0,0,0,0,2026/04/01 18:54:30
翌日,20260401,更新後,関門連系線,2026/04/02,17:30,逆方向,-445.9,-1764.1,0,0.0,-2210,周波数,0,0,0,0,0,2026/04/01 18:54:30
翌日,20260401,更新後,関門連系線,2026/04/02,18:00,順方向,2174.7,-1706.8,0,162.1,630,周波数,0,0,0,0,0,2026/04/01 18:54:30
翌日,20260401,更新後,関門連系線,2026/04/02,18:00,逆方向,-475.196,-1706.8,0,-28.004,-2210,周波数,0,0,0,0,0,2026/04/01 18:54:30
翌日,20260401,更新後,関門連系線,2026/04/02,18:30,順方向,2266.8,-1536.8,0,0.0,730,周波数,0,0,0,0,0,2026/04/01 18:54:30
翌日,20260401,更新後,関門連系線,2026/04/02,18:30,逆方向,-673.2,-1536.8,0,0.0,-2210,周波数,0,0,0,0,0,2026/04/01 18:54:30
翌日,20260401,更新後,関門連系線,2026/04/02,19:00,順方向,2465.9,-1625.9,0,0.0,840,周波数,0,0,0,0,0,2026/04/01 18:54:30
翌日,20260401,更新後,関門連系線,2026/04/02,19:00,逆方向,-564.1,-1625.9,0,0.0,-2190,周波数,0,0,0,0,0,2026/04/01 18:54:30
翌日,20260401,更新後,関門連系線,2026/04/02,19:30,順方向,2385.5,-1535.5,0,0.0,850,周波数,0,0,0,0,0,2026/04/01 18:54:30
翌日,20260401,更新後,関門連系線,2026/04/02,19:30,逆方向,-644.5,-1535.5,0,0.0,-2180,周波数,0,0,0,0,0,2026/04/01 18:54:30
翌日,20260401,更新後,関門連系線,2026/04/02,20:00,順方向,2270.5,-1420.5,0,0.0,850,周波数,0,0,0,0,0,2026/04/01 18:54:30
翌日,20260401,更新後,関門連系線,2026/04/02,20:00,逆方向,-719.5,-1420.5,0,0.0,-2140,周波数,0,0,0,0,0,2026/04/01 18:54:30
翌日,20260401,更新後,関門連系線,2026/04/02,20:30,順方向,2335.6,-1495.6,0,0.0,840,周波数,0,0,0,0,0,2026/04/01 18:54:30
翌日,20260401,更新後,関門連系線,2026/04/02,20:30,逆方向,-604.4,-1495.6,0,0.0,-2100,周波数,0,0,0,0,0,2026/04/01 18:54:30
翌日,20260401,更新後,関門連系線,2026/04/02,21:00,順方向,2504.7,-1674.7,0,0.0,830,周波数,0,0,0,0,0,2026/04/01 18:54:30
翌日,20260401,更新後,関門連系線,2026/04/02,21:00,逆方向,-385.3,-1674.7,0,0.0,-2060,周波数,0,0,0,0,0,2026/04/01 18:54:30
翌日,20260401,更新後,関門連系線,2026/04/02,21:30,順方向,2307.3,-1492.3,0,5.0,820,周波数,0,0,0,0,0,2026/04/01 18:54:30
翌日,20260401,更新後,関門連系線,2026/04/02,21:30,逆方向,-503.524,-1492.3,0,-24.176,-2020,周波数,0,0,0,0,0,2026/04/01 18:54:30
翌日,20260401,更新後,関門連系線,2026/04/02,22:00,順方向,2443.9,-1627.9,0,4.0,820,周波数,0,0,0,0,0,2026/04/01 18:54:30
翌日,20260401,更新後,関門連系線,2026/04/02,22:00,逆方向,-392.1,-1627.9,0,0.0,-2020,周波数,0,0,0,0,0,2026/04/01 18:54:30
翌日,20260401,更新後,関門連系線,2026/04/02,22:30,順方向,2115.4,-1320.4,0,5.0,800,周波数,0,0,0,0,0,2026/04/01 18:54:30
翌日,20260401,更新後,関門連系線,2026/04/02,22:30,逆方向,-595.424,-1320.4,0,-24.176,-1940,周波数,0,0,0,0,0,2026/04/01 18:54:30
翌日,20260401,更新後,関門連系線,2026/04/02,23:00,順方向,2366.01,-1583.3,0,7.29,790,周波数,0,0,0,0,0,2026/04/01 18:54:30
翌日,20260401,更新後,関門連系線,2026/04/02,23:00,逆方向,-326.7,-1583.3,0,0.0,-1910,周波数,0,0,0,0,0,2026/04/01 18:54:30
翌日,20260401,更新後,関門連系線,2026/04/02,23:30,順方向,2350.61,-1591.9,0,21.29,780,周波数,0,0,0,0,0,2026/04/01 18:54:30
翌日,20260401,更新後,関門連系線,2026/04/02,23:30,逆方向,-288.1,-1591.9,0,0.0,-1880,周波数,0,0,0,0,0,2026/04/01 18:54:30
翌日,20260401,更新後,関門連系線,2026/04/02,24:00,順方向,2056.9,-1291.9,0,5.0,770,周波数,0,0,0,0,0,2026/04/01 18:54:30
翌日,20260401,更新後,関門連系線,2026/04/02,24:00,逆方向,-537.324,-1291.9,0,-20.776,-1850,周波数,0,0,0,0,0,2026/04/01 18:54:30
翌日,20260401,更新後,中部フェンス,2026/04/02,00:30,順方向,4179.35,-2830.0,0,640.65,1990,安定度（作業）,0,0,0,0,0,2026/04/01 18:54:30
翌日,20260401,更新後,中部フェンス,2026/04/02,00:30,逆方向,0.0,-2830.0,0,0.0,-2830,電圧（作業）,0,0,0,0,0,2026/04/01 18:54:30
翌日,20260401,更新後,中部フェンス,2026/04/02,01:00,順方向,3896.701,-2830.0,0,923.299,1990,安定度（作業）,0,0,0,0,0,2026/04/01 18:54:30
翌日,20260401,更新後,中部フェンス,2026/04/02,01:00,逆方向,0.0,-2830.0,0,0.0,-2830,電圧（作業）,0,0,0,0,0,2026/04/01 18:54:30
翌日,20260401,更新後,中部フェンス,2026/04/02,01:30,順方向,3923.518,-2830.0,0,896.482,1990,安定度（作業）,0,0,0,0,0,2026/04/01 18:54:30
翌日,20260401,更新後,中部フェンス,2026/04/02,01:30,逆方向,0.0,-2830.0,0,0.0,-2830,電圧（作業）,0,0,0,0,0,2026/04/01 18:54:30
翌日,20260401,更新後,中部フェンス,2026/04/02,02:00,順方向,3919.498,-2830.0,0,900.502,1990,安定度（作業）,0,0,0,0,0,2026/04/01 18:54:30
翌日,20260401,更新後,中部フェンス,2026/04/02,02:00,逆方向,0.0,-2830.0,0,0.0,-2830,電圧（作業）,0,0,0,0,0,2026/04/01 18:54:30
翌日,20260401,更新後,中部フェンス,2026/04/02,02:30,順方向,3943.414,-2830.0,0,876.586,1990,安定度（作業）,0,0,0,0,0,2026/04/01 18:54:30
翌日,20260401,更新後,中部フェンス,2026/04/02,02:30,逆方向,0.0,-2830.0,0,0.0,-2830,電圧（作業）,0,0,0,0,0,2026/04/01 18:54:30
翌日,20260401,更新後,中部フェンス,2026/04/02,03:00,順方向,3953.033,-2830.0,0,866.967,1990,安定度（作業）,0,0,0,0,0,2026/04/01 18:54:30
翌日,20260401,更新後,中部フェンス,2026/04/02,03:00,逆方向,0.0,-2830.0,0,0.0,-2830,電圧（作業）,0,0,0,0,0,2026/04/01 18:54:30
翌日,20260401,更新後,中部フェンス,2026/04/02,03:30,順方向,3987.013,-2830.0,0,832.987,1990,安定度（作業）,0,0,0,0,0,2026/04/01 18:54:30
翌日,20260401,更新後,中部フェンス,2026/04/02,03:30,逆方向,0.0,-2830.0,0,0.0,-2830,電圧（作業）,0,0,0,0,0,2026/04/01 18:54:30
翌日,20260401,更新後,中部フェンス,2026/04/02,04:00,順方向,4094.769,-2830.0,0,725.231,1990,安定度（作業）,0,0,0,0,0,2026/04/01 18:54:30
翌日,20260401,更新後,中部フェンス,2026/04/02,04:00,逆方向,0.0,-2830.0,0,0.0,-2830,電圧（作業）,0,0,0,0,0,2026/04/01 18:54:30
翌日,20260401,更新後,中部フェンス,2026/04/02,04:30,順方向,4240.873,-2830.0,0,579.127,1990,安定度（作業）,0,0,0,0,0,2026/04/01 18:54:30
翌日,20260401,更新後,中部フェンス,2026/04/02,04:30,逆方向,0.0,-2830.0,0,0.0,-2830,電圧（作業）,0,0,0,0,0,2026/04/01 18:54:30
翌日,20260401,更新後,中部フェンス,2026/04/02,05:00,順方向,3877.935,-2830.0,0,942.065,1990,安定度（作業）,0,0,0,0,0,2026/04/01 18:54:30
翌日,20260401,更新後,中部フェンス,2026/04/02,05:00,逆方向,0.0,-2830.0,0,0.0,-2830,電圧（作業）,0,0,0,0,0,2026/04/01 18:54:30
翌日,20260401,更新後,中部フェンス,2026/04/02,05:30,順方向,3880.702,-2830.0,0,939.298,1990,安定度（作業）,0,0,0,0,0,2026/04/01 18:54:30
翌日,20260401,更新後,中部フェンス,2026/04/02,05:30,逆方向,0.0,-2830.0,0,0.0,-2830,電圧（作業）,0,0,0,0,0,2026/04/01 18:54:30
翌日,20260401,更新後,中部フェンス,2026/04/02,06:00,順方向,4040.117,-2830.0,0,779.883,1990,安定度（作業）,0,0,0,0,0,2026/04/01 18:54:30
翌日,20260401,更新後,中部フェンス,2026/04/02,06:00,逆方向,0.0,-2830.0,0,0.0,-2830,電圧（作業）,0,0,0,0,0,2026/04/01 18:54:30
翌日,20260401,更新後,中部フェンス,2026/04/02,06:30,順方向,3939.295,-2830.0,0,880.705,1990,安定度（作業）,0,0,0,0,0,2026/04/01 18:54:30
翌日,20260401,更新後,中部フェンス,2026/04/02,06:30,逆方向,0.0,-2830.0,0,0.0,-2830,電圧（作業）,0,0,0,0,0,2026/04/01 18:54:30
翌日,20260401,更新後,中部フェンス,2026/04/02,07:00,順方向,3940.406,-2830.0,0,879.594,1990,安定度（作業）,0,0,0,0,0,2026/04/01 18:54:30
翌日,20260401,更新後,中部フェンス,2026/04/02,07:00,逆方向,0.0,-2830.0,0,0.0,-2830,電圧（作業）,0,0,0,0,0,2026/04/01 18:54:30
翌日,20260401,更新後,中部フェンス,2026/04/02,07:30,順方向,3716.126,-2830.0,0,1103.874,1990,安定度（作業）,0,0,0,0,0,2026/04/01 18:54:30
翌日,20260401,更新後,中部フェンス,2026/04/02,07:30,逆方向,0.0,-2830.0,0,0.0,-2830,電圧（作業）,0,0,0,0,0,2026/04/01 18:54:30
翌日,20260401,更新後,中部フェンス,2026/04/02,08:00,順方向,3605.959,-2830.0,0,1214.041,1990,安定度（作業）,0,0,0,0,0,2026/04/01 18:54:30
翌日,20260401,更新後,中部フェンス,2026/04/02,08:00,逆方向,0.0,-2830.0,0,0.0,-2830,電圧（作業）,0,0,0,0,0,2026/04/01 18:54:30
翌日,20260401,更新後,中部フェンス,2026/04/02,08:30,順方向,3770.97,-2830.0,0,1189.03,2130,安定度（作業）,0,0,0,0,0,2026/04/01 18:54:30
翌日,20260401,更新後,中部フェンス,2026/04/02,08:30,逆方向,0.0,-2830.0,0,0.0,-2830,電圧（作業）,0,0,0,0,0,2026/04/01 18:54:30
翌日,20260401,更新後,中部フェンス,2026/04/02,09:00,順方向,3502.998,-2830.0,0,1457.002,2130,安定度（作業）,0,0,0,0,0,2026/04/01 18:54:30
翌日,20260401,更新後,中部フェンス,2026/04/02,09:00,逆方向,0.0,-2830.0,0,0.0,-2830,電圧（作業）,0,0,0,0,0,2026/04/01 18:54:30
翌日,20260401,更新後,中部フェンス,2026/04/02,09:30,順方向,5097.008,-3480.3,0,1013.292,2630,安定度（作業）,0,0,0,0,0,2026/04/01 18:54:30
翌日,20260401,更新後,中部フェンス,2026/04/02,09:30,逆方向,-49.7,-3480.3,0,0.0,-3530,電圧（作業）,0,0,0,0,0,2026/04/01 18:54:30
翌日,20260401,更新後,中部フェンス,2026/04/02,10:00,順方向,5252.018,-3455.4,0,833.382,2630,安定度（作業）,0,0,0,0,0,2026/04/01 18:54:30
翌日,20260401,更新後,中部フェンス,2026/04/02,10:00,逆方向,-74.6,-3455.4,0,0.0,-3530,電圧（作業）,0,0,0,0,0,2026/04/01 18:54:30
翌日,20260401,更新後,中部フェンス,2026/04/02,10:30,順方向,5457.408,-3467.4,0,639.992,2630,安定度（作業）,0,0,0,0,0,2026/04/01 18:54:30
翌日,20260401,更新後,中部フェンス,2026/04/02,10:30,逆方向,-62.6,-3467.4,0,0.0,-3530,電圧（作業）,0,0,0,0,0,2026/04/01 18:54:30
翌日,20260401,更新後,中部フェンス,2026/04/02,11:00,順方向,4810.271,-3207.2,0,1026.929,2630,安定度（作業）,0,0,0,0,0,2026/04/01 18:54:30
翌日,20260401,更新後,中部フェンス,2026/04/02,11:00,逆方向,-322.8,-3207.2,0,0.0,-3530,電圧（作業）,0,0,0,0,0,2026/04/01 18:54:30
翌日,20260401,更新後,中部フェンス,2026/04/02,11:30,順方向,4707.319,-3056.6,0,979.281,2630,安定度（作業）,0,0,0,0,0,2026/04/01 18:54:30
翌日,20260401,更新後,中部フェンス,2026/04/02,11:30,逆方向,-473.4,-3056.6,0,0.0,-3530,電圧（作業）,0,0,0,0,0,2026/04/01 18:54:30
翌日,20260401,更新後,中部フェンス,2026/04/02,12:00,順方向,4547.908,-2821.4,0,903.492,2630,安定度（作業）,0,0,0,0,0,2026/04/01 18:54:30
翌日,20260401,更新後,中部フェンス,2026/04/02,12:00,逆方向,-708.6,-2821.4,0,0.0,-3530,電圧（作業）,0,0,0,0,0,2026/04/01 18:54:30
翌日,20260401,更新後,中部フェンス,2026/04/02,12:30,順方向,4002.308,-2280.3,0,907.992,2630,安定度（作業）,0,0,0,0,0,2026/04/01 18:54:30
翌日,20260401,更新後,中部フェンス,2026/04/02,12:30,逆方向,-1151.273,-2280.3,0,-98.427,-3530,電圧（作業）,0,0,0,0,0,2026/04/01 18:54:30
翌日,20260401,更新後,中部フェンス,2026/04/02,13:00,順方向,3763.358,-2033.1,0,899.742,2630,安定度（作業）,0,0,0,0,0,2026/04/01 18:54:30
翌日,20260401,更新後,中部フェンス,2026/04/02,13:00,逆方向,-1294.841,-2033.1,0,-202.059,-3530,電圧（作業）,0,0,0,0,0,2026/04/01 18:54:30
翌日,20260401,更新後,中部フェンス,2026/04/02,13:30,順方向,3760.408,-2214.4,0,1083.992,2630,安定度（作業）,0,0,0,0,0,2026/04/01 18:54:30
翌日,20260401,更新後,中部フェンス,2026/04/02,13:30,逆方向,-1113.411,-2214.4,0,-202.189,-3530,電圧（作業）,0,0,0,0,0,2026/04/01 18:54:30
翌日,20260401,更新後,中部フェンス,2026/04/02,14:00,順方向,4279.608,-2684.0,0,1034.392,2630,安定度（作業）,0,0,0,0,0,2026/04/01 18:54:30
翌日,20260401,更新後,中部フェンス,2026/04/02,14:00,逆方向,-817.917,-2684.0,0,-28.083,-3530,電圧（作業）,0,0,0,0,0,2026/04/01 18:54:30
翌日,20260401,更新後,中部フェンス,2026/04/02,14:30,順方向,4791.88,-3117.2,0,955.32,2630,安定度（作業）,0,0,0,0,0,2026/04/01 18:54:30
翌日,20260401,更新後,中部フェンス,2026/04/02,14:30,逆方向,-412.8,-3117.2,0,0.0,-3530,電圧（作業）,0,0,0,0,0,2026/04/01 18:54:30
翌日,20260401,更新後,中部フェンス,2026/04/02,15:00,順方向,4839.808,-3070.8,0,860.992,2630,安定度（作業）,0,0,0,0,0,2026/04/01 18:54:30
翌日,20260401,更新後,中部フェンス,2026/04/02,15:00,逆方向,-459.2,-3070.8,0,0.0,-3530,電圧（作業）,0,0,0,0,0,2026/04/01 18:54:30
翌日,20260401,更新後,中部フェンス,2026/04/02,15:30,順方向,5154.836,-3453.2,0,928.364,2630,安定度（作業）,0,0,0,0,0,2026/04/01 18:54:30
翌日,20260401,更新後,中部フェンス,2026/04/02,15:30,逆方向,-76.8,-3453.2,0,0.0,-3530,電圧（作業）,0,0,0,0,0,2026/04/01 18:54:30
翌日,20260401,更新後,中部フェンス,2026/04/02,16:00,順方向,5326.46,-3483.5,0,787.04,2630,安定度（作業）,0,0,0,0,0,2026/04/01 18:54:30
翌日,20260401,更新後,中部フェンス,2026/04/02,16:00,逆方向,-46.5,-3483.5,0,0.0,-3530,電圧（作業）,0,0,0,0,0,2026/04/01 18:54:30
翌日,20260401,更新後,中部フェンス,2026/04/02,16:30,順方向,5397.998,-3452.7,0,684.702,2630,安定度（作業）,0,0,0,0,0,2026/04/01 18:54:30
翌日,20260401,更新後,中部フェンス,2026/04/02,16:30,逆方向,-77.3,-3452.7,0,0.0,-3530,電圧（作業）,0,0,0,0,0,2026/04/01 18:54:30
翌日,20260401,更新後,中部フェンス,2026/04/02,17:00,順方向,4938.349,-3530.0,0,1221.651,2630,安定度（作業）,0,0,0,0,0,2026/04/01 18:54:30
翌日,20260401,更新後,中部フェンス,2026/04/02,17:00,逆方向,0.0,-3530.0,0,0.0,-3530,電圧（作業）,0,0,0,0,0,2026/04/01 18:54:30
翌日,20260401,更新後,中部フェンス,2026/04/02,17:30,順方向,5735.904,-3489.2,0,383.296,2630,安定度（作業）,0,0,0,0,0,2026/04/01 18:54:30
翌日,20260401,更新後,中部フェンス,2026/04/02,17:30,逆方向,-40.8,-3489.2,0,0.0,-3530,電圧（作業）,0,0,0,0,0,2026/04/01 18:54:30
翌日,20260401,更新後,中部フェンス,2026/04/02,18:00,順方向,5654.416,-3530.0,0,505.584,2630,安定度（作業）,0,0,0,0,0,2026/04/01 18:54:30
翌日,20260401,更新後,中部フェンス,2026/04/02,18:00,逆方向,0.0,-3530.0,0,0.0,-3530,電圧（作業）,0,0,0,0,0,2026/04/01 18:54:30
翌日,20260401,更新後,中部フェンス,2026/04/02,18:30,順方向,5564.846,-3530.0,0,595.154,2630,安定度（作業）,0,0,0,0,0,2026/04/01 18:54:30
翌日,20260401,更新後,中部フェンス,2026/04/02,18:30,逆方向,0.0,-3530.0,0,0.0,-3530,電圧（作業）,0,0,0,0,0,2026/04/01 18:54:30
翌日,20260401,更新後,中部フェンス,2026/04/02,19:00,順方向,5674.67,-3530.0,0,485.33,2630,安定度（作業）,0,0,0,0,0,2026/04/01 18:54:30
翌日,20260401,更新後,中部フェンス,2026/04/02,19:00,逆方向,0.0,-3530.0,0,0.0,-3530,電圧（作業）,0,0,0,0,0,2026/04/01 18:54:30
翌日,20260401,更新後,中部フェンス,2026/04/02,19:30,順方向,5593.244,-3530.0,0,566.756,2630,安定度（作業）,0,0,0,0,0,2026/04/01 18:54:30
翌日,20260401,更新後,中部フェンス,2026/04/02,19:30,逆方向,0.0,-3530.0,0,0.0,-3530,電圧（作業）,0,0,0,0,0,2026/04/01 18:54:30
翌日,20260401,更新後,中部フェンス,2026/04/02,20:00,順方向,5863.339,-3530.0,0,296.661,2630,安定度（作業）,0,0,0,0,0,2026/04/01 18:54:30
翌日,20260401,更新後,中部フェンス,2026/04/02,20:00,逆方向,0.0,-3530.0,0,0.0,-3530,電圧（作業）,0,0,0,0,0,2026/04/01 18:54:30
翌日,20260401,更新後,中部フェンス,2026/04/02,20:30,順方向,5876.177,-3530.0,0,283.823,2630,安定度（作業）,0,0,0,0,0,2026/04/01 18:54:30
翌日,20260401,更新後,中部フェンス,2026/04/02,20:30,逆方向,0.0,-3530.0,0,0.0,-3530,電圧（作業）,0,0,0,0,0,2026/04/01 18:54:30
翌日,20260401,更新後,中部フェンス,2026/04/02,21:00,順方向,5817.29,-3530.0,0,342.71,2630,安定度（作業）,0,0,0,0,0,2026/04/01 18:54:30
翌日,20260401,更新後,中部フェンス,2026/04/02,21:00,逆方向,0.0,-3530.0,0,0.0,-3530,電圧（作業）,0,0,0,0,0,2026/04/01 18:54:30
翌日,20260401,更新後,中部フェンス,2026/04/02,21:30,順方向,5891.604,-3530.0,0,268.396,2630,安定度（作業）,0,0,0,0,0,2026/04/01 18:54:30
翌日,20260401,更新後,中部フェンス,2026/04/02,21:30,逆方向,0.0,-3530.0,0,0.0,-3530,電圧（作業）,0,0,0,0,0,2026/04/01 18:54:30
翌日,20260401,更新後,中部フェンス,2026/04/02,22:00,順方向,5783.279,-3530.0,0,376.721,2630,安定度（作業）,0,0,0,0,0,2026/04/01 18:54:30
翌日,20260401,更新後,中部フェンス,2026/04/02,22:00,逆方向,0.0,-3530.0,0,0.0,-3530,電圧（作業）,0,0,0,0,0,2026/04/01 18:54:30
翌日,20260401,更新後,中部フェンス,2026/04/02,22:30,順方向,5179.801,-3530.0,0,540.199,2190,安定度（作業）,0,0,0,0,0,2026/04/01 18:54:30
翌日,20260401,更新後,中部フェンス,2026/04/02,22:30,逆方向,0.0,-3530.0,0,0.0,-3530,電圧（作業）,0,0,0,0,0,2026/04/01 18:54:30
翌日,20260401,更新後,中部フェンス,2026/04/02,23:00,順方向,5488.843,-3530.0,0,231.157,2190,安定度（作業）,0,0,0,0,0,2026/04/01 18:54:30
翌日,20260401,更新後,中部フェンス,2026/04/02,23:00,逆方向,0.0,-3530.0,0,0.0,-3530,電圧（作業）,0,0,0,0,0,2026/04/01 18:54:30
翌日,20260401,更新後,中部フェンス,2026/04/02,23:30,順方向,5536.838,-3530.0,0,183.162,2190,安定度（作業）,0,0,0,0,0,2026/04/01 18:54:30
翌日,20260401,更新後,中部フェンス,2026/04/02,23:30,逆方向,0.0,-3530.0,0,0.0,-3530,電圧（作業）,0,0,0,0,0,2026/04/01 18:54:30
翌日,20260401,更新後,中部フェンス,2026/04/02,24:00,順方向,5537.514,-3530.0,0,182.486,2190,安定度（作業）,0,0,0,0,0,2026/04/01 18:54:30
翌日,20260401,更新後,中部フェンス,2026/04/02,24:00,逆方向,0.0,-3530.0,0,0.0,-3530,電圧（作業）,0,0,0,0,0,2026/04/01 18:54:30
翌日,20260401,更新後,北陸フェンス,2026/04/02,00:30,順方向,2673.9,-553.9,0,0.0,2120,電圧（作業）,0,0,0,0,0,2026/04/01 18:54:30
翌日,20260401,更新後,北陸フェンス,2026/04/02,00:30,逆方向,-2375.89,-553.9,0,-40.21,-2970,安定度（作業）,0,0,0,0,0,2026/04/01 18:54:30
翌日,20260401,更新後,北陸フェンス,2026/04/02,01:00,順方向,2566.2,-489.2,0,43.0,2120,電圧（作業）,0,0,0,0,0,2026/04/01 18:54:30
翌日,20260401,更新後,北陸フェンス,2026/04/02,01:00,逆方向,-2458.8,-489.2,0,-22.0,-2970,安定度（作業）,0,0,0,0,0,2026/04/01 18:54:30
翌日,20260401,更新後,北陸フェンス,2026/04/02,01:30,順方向,2616.9,-539.9,0,43.0,2120,電圧（作業）,0,0,0,0,0,2026/04/01 18:54:30
翌日,20260401,更新後,北陸フェンス,2026/04/02,01:30,逆方向,-2408.1,-539.9,0,-22.0,-2970,安定度（作業）,0,0,0,0,0,2026/04/01 18:54:30
翌日,20260401,更新後,北陸フェンス,2026/04/02,02:00,順方向,2671.3,-594.3,0,43.0,2120,電圧（作業）,0,0,0,0,0,2026/04/01 18:54:30
翌日,20260401,更新後,北陸フェンス,2026/04/02,02:00,逆方向,-2353.7,-594.3,0,-22.0,-2970,安定度（作業）,0,0,0,0,0,2026/04/01 18:54:30
翌日,20260401,更新後,北陸フェンス,2026/04/02,02:30,順方向,2657.4,-580.4,0,43.0,2120,電圧（作業）,0,0,0,0,0,2026/04/01 18:54:30
翌日,20260401,更新後,北陸フェンス,2026/04/02,02:30,逆方向,-2371.22,-580.4,0,-18.38,-2970,安定度（作業）,0,0,0,0,0,2026/04/01 18:54:30
翌日,20260401,更新後,北陸フェンス,2026/04/02,03:00,順方向,2577.4,-500.4,0,43.0,2120,電圧（作業）,0,0,0,0,0,2026/04/01 18:54:30
翌日,20260401,更新後,北陸フェンス,2026/04/02,03:00,逆方向,-2447.6,-500.4,0,-22.0,-2970,安定度（作業）,0,0,0,0,0,2026/04/01 18:54:30
翌日,20260401,更新後,北陸フェンス,2026/04/02,03:30,順方向,2492.1,-414.1,0,42.0,2120,電圧（作業）,0,0,0,0,0,2026/04/01 18:54:30
翌日,20260401,更新後,北陸フェンス,2026/04/02,03:30,逆方向,-2533.9,-414.1,0,-22.0,-2970,安定度（作業）,0,0,0,0,0,2026/04/01 18:54:30
翌日,20260401,更新後,北陸フェンス,2026/04/02,04:00,順方向,2453.3,-374.3,0,41.0,2120,電圧（作業）,0,0,0,0,0,2026/04/01 18:54:30
翌日,20260401,更新後,北陸フェンス,2026/04/02,04:00,逆方向,-2573.7,-374.3,0,-22.0,-2970,安定度（作業）,0,0,0,0,0,2026/04/01 18:54:30
翌日,20260401,更新後,北陸フェンス,2026/04/02,04:30,順方向,2503.8,-383.8,0,0.0,2120,電圧（作業）,0,0,0,0,0,2026/04/01 18:54:30
翌日,20260401,更新後,北陸フェンス,2026/04/02,04:30,逆方向,-2532.639,-383.8,0,-53.561,-2970,安定度（作業）,0,0,0,0,0,2026/04/01 18:54:30
翌日,20260401,更新後,北陸フェンス,2026/04/02,05:00,順方向,2440.6,-365.6,0,45.0,2120,電圧（作業）,0,0,0,0,0,2026/04/01 18:54:30
翌日,20260401,更新後,北陸フェンス,2026/04/02,05:00,逆方向,-2585.352,-365.6,0,-19.048,-2970,安定度（作業）,0,0,0,0,0,2026/04/01 18:54:30
翌日,20260401,更新後,北陸フェンス,2026/04/02,05:30,順方向,2455.4,-380.4,0,45.0,2120,電圧（作業）,0,0,0,0,0,2026/04/01 18:54:30
翌日,20260401,更新後,北陸フェンス,2026/04/02,05:30,逆方向,-2576.036,-380.4,0,-13.564,-2970,安定度（作業）,0,0,0,0,0,2026/04/01 18:54:30
翌日,20260401,更新後,北陸フェンス,2026/04/02,06:00,順方向,2495.2,-420.2,0,45.0,2120,電圧（作業）,0,0,0,0,0,2026/04/01 18:54:30
翌日,20260401,更新後,北陸フェンス,2026/04/02,06:00,逆方向,-2534.672,-420.2,0,-15.128,-2970,安定度（作業）,0,0,0,0,0,2026/04/01 18:54:30
翌日,20260401,更新後,北陸フェンス,2026/04/02,06:30,順方向,2478.4,-435.4,0,77.0,2120,電圧（作業）,0,0,0,0,0,2026/04/01 18:54:30
翌日,20260401,更新後,北陸フェンス,2026/04/02,06:30,逆方向,-2528.412,-435.4,0,-6.188,-2970,安定度（作業）,0,0,0,0,0,2026/04/01 18:54:30
翌日,20260401,更新後,北陸フェンス,2026/04/02,07:00,順方向,2470.5,-441.5,0,91.0,2120,電圧（作業）,0,0,0,0,0,2026/04/01 18:54:30
翌日,20260401,更新後,北陸フェンス,2026/04/02,07:00,逆方向,-2514.824,-441.5,0,-13.676,-2970,安定度（作業）,0,0,0,0,0,2026/04/01 18:54:30
翌日,20260401,更新後,北陸フェンス,2026/04/02,07:30,順方向,2402.116,-348.4,0,66.284,2120,電圧（作業）,0,0,0,0,0,2026/04/01 18:54:30
翌日,20260401,更新後,北陸フェンス,2026/04/02,07:30,逆方向,-2588.472,-348.4,0,-33.128,-2970,安定度（作業）,0,0,0,0,0,2026/04/01 18:54:30
翌日,20260401,更新後,北陸フェンス,2026/04/02,08:00,順方向,2200.065,-126.7,0,46.635,2120,電圧（作業）,0,0,0,0,0,2026/04/01 18:54:30
翌日,20260401,更新後,北陸フェンス,2026/04/02,08:00,逆方向,-2820.242,-126.7,0,-23.058,-2970,安定度（作業）,0,0,0,0,0,2026/04/01 18:54:30
翌日,20260401,更新後,北陸フェンス,2026/04/02,08:30,順方向,2000.798,-3.0,0,122.202,2120,電圧（作業）,0,0,0,0,0,2026/04/01 18:54:30
翌日,20260401,更新後,北陸フェンス,2026/04/02,08:30,逆方向,-2963.0,-3.0,0,-4.0,-2970,安定度（作業）,0,0,0,0,0,2026/04/01 18:54:30
翌日,20260401,更新後,北陸フェンス,2026/04/02,09:00,順方向,1979.224,-5.5,0,146.276,2120,電圧（作業）,0,0,0,0,0,2026/04/01 18:54:30
翌日,20260401,更新後,北陸フェンス,2026/04/02,09:00,逆方向,-2964.5,-5.5,0,0.0,-2970,安定度（作業）,0,0,0,0,0,2026/04/01 18:54:30
翌日,20260401,更新後,北陸フェンス,2026/04/02,09:30,順方向,2585.191,-78.3,0,213.109,2720,電圧（作業）,0,0,0,0,0,2026/04/01 18:54:30
翌日,20260401,更新後,北陸フェンス,2026/04/02,09:30,逆方向,-3891.7,-78.3,0,0.0,-3970,安定度（作業）,0,0,0,0,0,2026/04/01 18:54:30
翌日,20260401,更新後,北陸フェンス,2026/04/02,10:00,順方向,2545.858,-45.5,0,219.642,2720,電圧（作業）,0,0,0,0,0,2026/04/01 18:54:30
翌日,20260401,更新後,北陸フェンス,2026/04/02,10:00,逆方向,-3924.5,-45.5,0,0.0,-3970,安定度（作業）,0,0,0,0,0,2026/04/01 18:54:30
翌日,20260401,更新後,北陸フェンス,2026/04/02,10:30,順方向,2495.89,0.3,0,223.81,2720,電圧（作業）,0,0,0,0,0,2026/04/01 18:54:30
翌日,20260401,更新後,北陸フェンス,2026/04/02,10:30,逆方向,-3970.3,0.3,0,0.0,-3970,安定度（作業）,0,0,0,0,0,2026/04/01 18:54:30
翌日,20260401,更新後,北陸フェンス,2026/04/02,11:00,順方向,2406.243,156.0,0,157.757,2720,電圧（作業）,0,0,0,0,0,2026/04/01 18:54:30
翌日,20260401,更新後,北陸フェンス,2026/04/02,11:00,逆方向,-4126.0,156.0,0,0.0,-3970,安定度（作業）,0,0,0,0,0,2026/04/01 18:54:30
翌日,20260401,更新後,北陸フェンス,2026/04/02,11:30,順方向,2384.908,147.7,0,187.392,2720,電圧（作業）,0,0,0,0,0,2026/04/01 18:54:30
翌日,20260401,更新後,北陸フェンス,2026/04/02,11:30,逆方向,-4117.7,147.7,0,0.0,-3970,安定度（作業）,0,0,0,0,0,2026/04/01 18:54:30
翌日,20260401,更新後,北陸フェンス,2026/04/02,12:00,順方向,2572.9,147.1,0,0.0,2720,電圧（作業）,0,0,0,0,0,2026/04/01 18:54:30
翌日,20260401,更新後,北陸フェンス,2026/04/02,12:00,逆方向,-4084.073,147.1,0,-33.027,-3970,安定度（作業）,0,0,0,0,0,2026/04/01 18:54:30
翌日,20260401,更新後,北陸フェンス,2026/04/02,12:30,順方向,2573.6,146.4,0,0.0,2720,電圧（作業）,0,0,0,0,0,2026/04/01 18:54:30
翌日,20260401,更新後,北陸フェンス,2026/04/02,12:30,逆方向,-3943.812,146.4,0,-172.588,-3970,安定度（作業）,0,0,0,0,0,2026/04/01 18:54:30
翌日,20260401,更新後,北陸フェンス,2026/04/02,13:00,順方向,2630.5,89.5,0,0.0,2720,電圧（作業）,0,0,0,0,0,2026/04/01 18:54:30
翌日,20260401,更新後,北陸フェンス,2026/04/02,13:00,逆方向,-3829.128,89.5,0,-230.372,-3970,安定度（作業）,0,0,0,0,0,2026/04/01 18:54:30
翌日,20260401,更新後,北陸フェンス,2026/04/02,13:30,順方向,2923.518,-271.3,0,67.782,2720,電圧（作業）,0,0,0,0,0,2026/04/01 18:54:30
翌日,20260401,更新後,北陸フェンス,2026/04/02,13:30,逆方向,-3698.7,-271.3,0,0.0,-3970,安定度（作業）,0,0,0,0,0,2026/04/01 18:54:30
翌日,20260401,更新後,北陸フェンス,2026/04/02,14:00,順方向,2943.907,-277.1,0,53.193,2720,電圧（作業）,0,0,0,0,0,2026/04/01 18:54:30
翌日,20260401,更新後,北陸フェンス,2026/04/02,14:00,逆方向,-3691.9,-277.1,0,-1.0,-3970,安定度（作業）,0,0,0,0,0,2026/04/01 18:54:30
翌日,20260401,更新後,北陸フェンス,2026/04/02,14:30,順方向,2828.0,-108.0,0,0.0,2720,電圧（作業）,0,0,0,0,0,2026/04/01 18:54:30
翌日,20260401,更新後,北陸フェンス,2026/04/02,14:30,逆方向,-3774.798,-108.0,0,-87.202,-3970,安定度（作業）,0,0,0,0,0,2026/04/01 18:54:30
翌日,20260401,更新後,北陸フェンス,2026/04/02,15:00,順方向,2856.802,-263.1,0,126.298,2720,電圧（作業）,0,0,0,0,0,2026/04/01 18:54:30
翌日,20260401,更新後,北陸フェンス,2026/04/02,15:00,逆方向,-3705.9,-263.1,0,-1.0,-3970,安定度（作業）,0,0,0,0,0,2026/04/01 18:54:30
翌日,20260401,更新後,北陸フェンス,2026/04/02,15:30,順方向,2851.1,-284.1,0,153.0,2720,電圧（作業）,0,0,0,0,0,2026/04/01 18:54:30
翌日,20260401,更新後,北陸フェンス,2026/04/02,15:30,逆方向,-3623.9,-284.1,0,-62.0,-3970,安定度（作業）,0,0,0,0,0,2026/04/01 18:54:30
翌日,20260401,更新後,北陸フェンス,2026/04/02,16:00,順方向,2878.91,-256.3,0,97.39,2720,電圧（作業）,0,0,0,0,0,2026/04/01 18:54:30
翌日,20260401,更新後,北陸フェンス,2026/04/02,16:00,逆方向,-3702.7,-256.3,0,-11.0,-3970,安定度（作業）,0,0,0,0,0,2026/04/01 18:54:30
翌日,20260401,更新後,北陸フェンス,2026/04/02,16:30,順方向,2844.034,-270.3,0,146.266,2720,電圧（作業）,0,0,0,0,0,2026/04/01 18:54:30
翌日,20260401,更新後,北陸フェンス,2026/04/02,16:30,逆方向,-3691.016,-270.3,0,-8.684,-3970,安定度（作業）,0,0,0,0,0,2026/04/01 18:54:30
翌日,20260401,更新後,北陸フェンス,2026/04/02,17:00,順方向,2847.6,-240.6,0,113.0,2720,電圧（作業）,0,0,0,0,0,2026/04/01 18:54:30
翌日,20260401,更新後,北陸フェンス,2026/04/02,17:00,逆方向,-3695.978,-240.6,0,-33.422,-3970,安定度（作業）,0,0,0,0,0,2026/04/01 18:54:30
翌日,20260401,更新後,北陸フェンス,2026/04/02,17:30,順方向,3271.3,-578.3,0,27.0,2720,電圧（作業）,0,0,0,0,0,2026/04/01 18:54:30
翌日,20260401,更新後,北陸フェンス,2026/04/02,17:30,逆方向,-3385.34,-578.3,0,-6.36,-3970,安定度（作業）,0,0,0,0,0,2026/04/01 18:54:30
翌日,20260401,更新後,北陸フェンス,2026/04/02,18:00,順方向,3179.024,-487.3,0,28.276,2720,電圧（作業）,0,0,0,0,0,2026/04/01 18:54:30
翌日,20260401,更新後,北陸フェンス,2026/04/02,18:00,逆方向,-3482.7,-487.3,0,0.0,-3970,安定度（作業）,0,0,0,0,0,2026/04/01 18:54:30
翌日,20260401,更新後,北陸フェンス,2026/04/02,18:30,順方向,3096.6,-380.6,0,4.0,2720,電圧（作業）,0,0,0,0,0,2026/04/01 18:54:30
翌日,20260401,更新後,北陸フェンス,2026/04/02,18:30,逆方向,-3589.4,-380.6,0,0.0,-3970,安定度（作業）,0,0,0,0,0,2026/04/01 18:54:30
翌日,20260401,更新後,北陸フェンス,2026/04/02,19:00,順方向,3069.23,-361.4,0,12.17,2720,電圧（作業）,0,0,0,0,0,2026/04/01 18:54:30
翌日,20260401,更新後,北陸フェンス,2026/04/02,19:00,逆方向,-3608.6,-361.4,0,0.0,-3970,安定度（作業）,0,0,0,0,0,2026/04/01 18:54:30
翌日,20260401,更新後,北陸フェンス,2026/04/02,19:30,順方向,3040.372,-359.1,0,38.728,2720,電圧（作業）,0,0,0,0,0,2026/04/01 18:54:30
翌日,20260401,更新後,北陸フェンス,2026/04/02,19:30,逆方向,-3610.9,-359.1,0,0.0,-3970,安定度（作業）,0,0,0,0,0,2026/04/01 18:54:30
翌日,20260401,更新後,北陸フェンス,2026/04/02,20:00,順方向,3112.4,-396.4,0,4.0,2720,電圧（作業）,0,0,0,0,0,2026/04/01 18:54:30
翌日,20260401,更新後,北陸フェンス,2026/04/02,20:00,逆方向,-3567.988,-396.4,0,-5.612,-3970,安定度（作業）,0,0,0,0,0,2026/04/01 18:54:30
翌日,20260401,更新後,北陸フェンス,2026/04/02,20:30,順方向,3110.3,-390.3,0,0.0,2720,電圧（作業）,0,0,0,0,0,2026/04/01 18:54:30
翌日,20260401,更新後,北陸フェンス,2026/04/02,20:30,逆方向,-3579.7,-390.3,0,0.0,-3970,安定度（作業）,0,0,0,0,0,2026/04/01 18:54:30
翌日,20260401,更新後,北陸フェンス,2026/04/02,21:00,順方向,3138.1,-418.1,0,0.0,2720,電圧（作業）,0,0,0,0,0,2026/04/01 18:54:30
翌日,20260401,更新後,北陸フェンス,2026/04/02,21:00,逆方向,-3546.61,-418.1,0,-5.29,-3970,安定度（作業）,0,0,0,0,0,2026/04/01 18:54:30
翌日,20260401,更新後,北陸フェンス,2026/04/02,21:30,順方向,3134.7,-414.7,0,0.0,2720,電圧（作業）,0,0,0,0,0,2026/04/01 18:54:30
翌日,20260401,更新後,北陸フェンス,2026/04/02,21:30,逆方向,-3550.462,-414.7,0,-4.838,-3970,安定度（作業）,0,0,0,0,0,2026/04/01 18:54:30
翌日,20260401,更新後,北陸フェンス,2026/04/02,22:00,順方向,3126.0,-410.0,0,4.0,2720,電圧（作業）,0,0,0,0,0,2026/04/01 18:54:30
翌日,20260401,更新後,北陸フェンス,2026/04/02,22:00,逆方向,-3535.136,-410.0,0,-24.864,-3970,安定度（作業）,0,0,0,0,0,2026/04/01 18:54:30
翌日,20260401,更新後,北陸フェンス,2026/04/02,22:30,順方向,2857.954,-258.1,0,10.146,2610,熱容量（作業）,0,0,0,0,0,2026/04/01 18:54:30
翌日,20260401,更新後,北陸フェンス,2026/04/02,22:30,逆方向,-3683.614,-258.1,0,-28.286,-3970,安定度（作業）,0,0,0,0,0,2026/04/01 18:54:30
翌日,20260401,更新後,北陸フェンス,2026/04/02,23:00,順方向,2918.5,-308.5,0,0.0,2610,熱容量（作業）,0,0,0,0,0,2026/04/01 18:54:30
翌日,20260401,更新後,北陸フェンス,2026/04/02,23:00,逆方向,-3569.632,-308.5,0,-91.868,-3970,安定度（作業）,0,0,0,0,0,2026/04/01 18:54:30
翌日,20260401,更新後,北陸フェンス,2026/04/02,23:30,順方向,2877.615,-279.2,0,11.585,2610,熱容量（作業）,0,0,0,0,0,2026/04/01 18:54:30
翌日,20260401,更新後,北陸フェンス,2026/04/02,23:30,逆方向,-3564.566,-279.2,0,-126.234,-3970,安定度（作業）,0,0,0,0,0,2026/04/01 18:54:30
翌日,20260401,更新後,北陸フェンス,2026/04/02,24:00,順方向,2955.5,-345.5,0,0.0,2610,熱容量（作業）,0,0,0,0,0,2026/04/01 18:54:30
翌日,20260401,更新後,北陸フェンス,2026/04/02,24:00,逆方向,-3521.326,-345.5,0,-103.174,-3970,安定度（作業）,0,0,0,0,0,2026/04/01 18:54:30
翌日,20260401,更新後,関西フェンス,2026/04/02,00:30,順方向,3585.24,-2276.1,0,680.86,1990,安定度（作業）,0,0,0,0,0,2026/04/01 18:54:30
翌日,20260401,更新後,関西フェンス,2026/04/02,00:30,逆方向,-553.9,-2276.1,0,0.0,-2830,電圧（作業）,0,0,0,0,0,2026/04/01 18:54:30
翌日,20260401,更新後,関西フェンス,2026/04/02,01:00,順方向,3428.501,-2340.8,0,902.299,1990,安定度（作業）,0,0,0,0,0,2026/04/01 18:54:30
翌日,20260401,更新後,関西フェンス,2026/04/02,01:00,逆方向,-489.2,-2340.8,0,0.0,-2830,電圧（作業）,0,0,0,0,0,2026/04/01 18:54:30
翌日,20260401,更新後,関西フェンス,2026/04/02,01:30,順方向,3404.618,-2290.1,0,875.482,1990,安定度（作業）,0,0,0,0,0,2026/04/01 18:54:30
翌日,20260401,更新後,関西フェンス,2026/04/02,01:30,逆方向,-539.9,-2290.1,0,0.0,-2830,電圧（作業）,0,0,0,0,0,2026/04/01 18:54:30
翌日,20260401,更新後,関西フェンス,2026/04/02,02:00,順方向,3346.198,-2235.7,0,879.502,1990,安定度（作業）,0,0,0,0,0,2026/04/01 18:54:30
翌日,20260401,更新後,関西フェンス,2026/04/02,02:00,逆方向,-594.3,-2235.7,0,0.0,-2830,電圧（作業）,0,0,0,0,0,2026/04/01 18:54:30
翌日,20260401,更新後,関西フェンス,2026/04/02,02:30,順方向,3387.634,-2249.6,0,851.966,1990,安定度（作業）,0,0,0,0,0,2026/04/01 18:54:30
翌日,20260401,更新後,関西フェンス,2026/04/02,02:30,逆方向,-580.4,-2249.6,0,0.0,-2830,電圧（作業）,0,0,0,0,0,2026/04/01 18:54:30
翌日,20260401,更新後,関西フェンス,2026/04/02,03:00,順方向,3473.633,-2329.6,0,845.967,1990,安定度（作業）,0,0,0,0,0,2026/04/01 18:54:30
翌日,20260401,更新後,関西フェンス,2026/04/02,03:00,逆方向,-500.4,-2329.6,0,0.0,-2830,電圧（作業）,0,0,0,0,0,2026/04/01 18:54:30
翌日,20260401,更新後,関西フェンス,2026/04/02,03:30,順方向,3592.913,-2415.9,0,812.987,1990,安定度（作業）,0,0,0,0,0,2026/04/01 18:54:30
翌日,20260401,更新後,関西フェンス,2026/04/02,03:30,逆方向,-414.1,-2415.9,0,0.0,-2830,電圧（作業）,0,0,0,0,0,2026/04/01 18:54:30
翌日,20260401,更新後,関西フェンス,2026/04/02,04:00,順方向,3739.469,-2455.7,0,706.231,1990,安定度（作業）,0,0,0,0,0,2026/04/01 18:54:30
翌日,20260401,更新後,関西フェンス,2026/04/02,04:00,逆方向,-374.3,-2455.7,0,0.0,-2830,電圧（作業）,0,0,0,0,0,2026/04/01 18:54:30
翌日,20260401,更新後,関西フェンス,2026/04/02,04:30,順方向,3803.512,-2446.2,0,632.688,1990,安定度（作業）,0,0,0,0,0,2026/04/01 18:54:30
翌日,20260401,更新後,関西フェンス,2026/04/02,04:30,逆方向,-383.8,-2446.2,0,0.0,-2830,電圧（作業）,0,0,0,0,0,2026/04/01 18:54:30
翌日,20260401,更新後,関西フェンス,2026/04/02,05:00,順方向,3538.287,-2464.4,0,916.113,1990,安定度（作業）,0,0,0,0,0,2026/04/01 18:54:30
翌日,20260401,更新後,関西フェンス,2026/04/02,05:00,逆方向,-365.6,-2464.4,0,0.0,-2830,電圧（作業）,0,0,0,0,0,2026/04/01 18:54:30
翌日,20260401,更新後,関西フェンス,2026/04/02,05:30,順方向,3531.738,-2449.6,0,907.862,1990,安定度（作業）,0,0,0,0,0,2026/04/01 18:54:30
翌日,20260401,更新後,関西フェンス,2026/04/02,05:30,逆方向,-380.4,-2449.6,0,0.0,-2830,電圧（作業）,0,0,0,0,0,2026/04/01 18:54:30
翌日,20260401,更新後,関西フェンス,2026/04/02,06:00,順方向,3649.789,-2409.8,0,750.011,1990,安定度（作業）,0,0,0,0,0,2026/04/01 18:54:30
翌日,20260401,更新後,関西フェンス,2026/04/02,06:00,逆方向,-420.2,-2409.8,0,0.0,-2830,電圧（作業）,0,0,0,0,0,2026/04/01 18:54:30
翌日,20260401,更新後,関西フェンス,2026/04/02,06:30,順方向,3574.707,-2394.6,0,809.893,1990,安定度（作業）,0,0,0,0,0,2026/04/01 18:54:30
翌日,20260401,更新後,関西フェンス,2026/04/02,06:30,逆方向,-435.4,-2394.6,0,0.0,-2830,電圧（作業）,0,0,0,0,0,2026/04/01 18:54:30
翌日,20260401,更新後,関西フェンス,2026/04/02,07:00,順方向,3576.23,-2388.5,0,802.27,1990,安定度（作業）,0,0,0,0,0,2026/04/01 18:54:30
翌日,20260401,更新後,関西フェンス,2026/04/02,07:00,逆方向,-441.5,-2388.5,0,0.0,-2830,電圧（作業）,0,0,0,0,0,2026/04/01 18:54:30
翌日,20260401,更新後,関西フェンス,2026/04/02,07:30,順方向,3400.882,-2481.6,0,1070.718,1990,安定度（作業）,0,0,0,0,0,2026/04/01 18:54:30
翌日,20260401,更新後,関西フェンス,2026/04/02,07:30,逆方向,-348.4,-2481.6,0,0.0,-2830,電圧（作業）,0,0,0,0,0,2026/04/01 18:54:30
翌日,20260401,更新後,関西フェンス,2026/04/02,08:00,順方向,3502.836,-2703.3,0,1190.464,1990,安定度（作業）,0,0,0,0,0,2026/04/01 18:54:30
翌日,20260401,更新後,関西フェンス,2026/04/02,08:00,逆方向,-126.7,-2703.3,0,0.0,-2830,電圧（作業）,0,0,0,0,0,2026/04/01 18:54:30
翌日,20260401,更新後,関西フェンス,2026/04/02,08:30,順方向,3886.172,-2827.0,0,1070.828,2130,安定度（作業）,0,0,0,0,0,2026/04/01 18:54:30
翌日,20260401,更新後,関西フェンス,2026/04/02,08:30,逆方向,-3.0,-2827.0,0,0.0,-2830,電圧（作業）,0,0,0,0,0,2026/04/01 18:54:30
翌日,20260401,更新後,関西フェンス,2026/04/02,09:00,順方向,3643.774,-2824.5,0,1310.726,2130,安定度（作業）,0,0,0,0,0,2026/04/01 18:54:30
翌日,20260401,更新後,関西フェンス,2026/04/02,09:00,逆方向,-5.5,-2824.5,0,0.0,-2830,電圧（作業）,0,0,0,0,0,2026/04/01 18:54:30
翌日,20260401,更新後,関西フェンス,2026/04/02,09:30,順方向,5231.817,-3402.0,0,800.183,2630,安定度（作業）,0,0,0,0,0,2026/04/01 18:54:30
翌日,20260401,更新後,関西フェンス,2026/04/02,09:30,逆方向,-128.0,-3402.0,0,0.0,-3530,電圧（作業）,0,0,0,0,0,2026/04/01 18:54:30
翌日,20260401,更新後,関西フェンス,2026/04/02,10:00,順方向,5426.16,-3409.9,0,613.74,2630,安定度（作業）,0,0,0,0,0,2026/04/01 18:54:30
翌日,20260401,更新後,関西フェンス,2026/04/02,10:00,逆方向,-120.1,-3409.9,0,0.0,-3530,電圧（作業）,0,0,0,0,0,2026/04/01 18:54:30
翌日,20260401,更新後,関西フェンス,2026/04/02,10:30,順方向,5681.518,-3467.7,0,416.182,2630,安定度（作業）,0,0,0,0,0,2026/04/01 18:54:30
翌日,20260401,更新後,関西フェンス,2026/04/02,10:30,逆方向,-62.3,-3467.7,0,0.0,-3530,電圧（作業）,0,0,0,0,0,2026/04/01 18:54:30
翌日,20260401,更新後,関西フェンス,2026/04/02,11:00,順方向,5124.028,-3363.2,0,869.172,2630,安定度（作業）,0,0,0,0,0,2026/04/01 18:54:30
翌日,20260401,更新後,関西フェンス,2026/04/02,11:00,逆方向,-166.8,-3363.2,0,0.0,-3530,電圧（作業）,0,0,0,0,0,2026/04/01 18:54:30
翌日,20260401,更新後,関西フェンス,2026/04/02,11:30,順方向,5042.411,-3204.3,0,791.889,2630,安定度（作業）,0,0,0,0,0,2026/04/01 18:54:30
翌日,20260401,更新後,関西フェンス,2026/04/02,11:30,逆方向,-325.7,-3204.3,0,0.0,-3530,電圧（作業）,0,0,0,0,0,2026/04/01 18:54:30
翌日,20260401,更新後,関西フェンス,2026/04/02,12:00,順方向,4661.981,-2968.5,0,936.519,2630,安定度（作業）,0,0,0,0,0,2026/04/01 18:54:30
翌日,20260401,更新後,関西フェンス,2026/04/02,12:00,逆方向,-561.5,-2968.5,0,0.0,-3530,電圧（作業）,0,0,0,0,0,2026/04/01 18:54:30
翌日,20260401,更新後,関西フェンス,2026/04/02,12:30,順方向,4074.547,-2426.7,0,982.153,2630,安定度（作業）,0,0,0,0,0,2026/04/01 18:54:30
翌日,20260401,更新後,関西フェンス,2026/04/02,12:30,逆方向,-1103.3,-2426.7,0,0.0,-3530,電圧（作業）,0,0,0,0,0,2026/04/01 18:54:30
翌日,20260401,更新後,関西フェンス,2026/04/02,13:00,順方向,3799.858,-2122.6,0,952.742,2630,安定度（作業）,0,0,0,0,0,2026/04/01 18:54:30
翌日,20260401,更新後,関西フェンス,2026/04/02,13:00,逆方向,-1382.713,-2122.6,0,-24.687,-3530,電圧（作業）,0,0,0,0,0,2026/04/01 18:54:30
翌日,20260401,更新後,関西フェンス,2026/04/02,13:30,順方向,3516.021,-1943.1,0,1057.079,2630,安定度（作業）,0,0,0,0,0,2026/04/01 18:54:30
翌日,20260401,更新後,関西フェンス,2026/04/02,13:30,逆方向,-1343.842,-1943.1,0,-243.058,-3530,電圧（作業）,0,0,0,0,0,2026/04/01 18:54:30
翌日,20260401,更新後,関西フェンス,2026/04/02,14:00,順方向,4054.701,-2406.9,0,982.199,2630,安定度（作業）,0,0,0,0,0,2026/04/01 18:54:30
翌日,20260401,更新後,関西フェンス,2026/04/02,14:00,逆方向,-1095.017,-2406.9,0,-28.083,-3530,電圧（作業）,0,0,0,0,0,2026/04/01 18:54:30
翌日,20260401,更新後,関西フェンス,2026/04/02,14:30,順方向,4596.678,-3009.2,0,1042.522,2630,安定度（作業）,0,0,0,0,0,2026/04/01 18:54:30
翌日,20260401,更新後,関西フェンス,2026/04/02,14:30,逆方向,-520.8,-3009.2,0,0.0,-3530,電圧（作業）,0,0,0,0,0,2026/04/01 18:54:30
翌日,20260401,更新後,関西フェンス,2026/04/02,15:00,順方向,4702.006,-2807.7,0,735.694,2630,安定度（作業）,0,0,0,0,0,2026/04/01 18:54:30
翌日,20260401,更新後,関西フェンス,2026/04/02,15:00,逆方向,-722.3,-2807.7,0,0.0,-3530,電圧（作業）,0,0,0,0,0,2026/04/01 18:54:30
翌日,20260401,更新後,関西フェンス,2026/04/02,15:30,順方向,4961.736,-3169.1,0,837.364,2630,安定度（作業）,0,0,0,0,0,2026/04/01 18:54:30
翌日,20260401,更新後,関西フェンス,2026/04/02,15:30,逆方向,-360.9,-3169.1,0,0.0,-3530,電圧（作業）,0,0,0,0,0,2026/04/01 18:54:30
翌日,20260401,更新後,関西フェンス,2026/04/02,16:00,順方向,5156.55,-3227.2,0,700.65,2630,安定度（作業）,0,0,0,0,0,2026/04/01 18:54:30
翌日,20260401,更新後,関西フェンス,2026/04/02,16:00,逆方向,-302.8,-3227.2,0,0.0,-3530,電圧（作業）,0,0,0,0,0,2026/04/01 18:54:30
翌日,20260401,更新後,関西フェンス,2026/04/02,16:30,順方向,5265.28,-3182.4,0,547.12,2630,安定度（作業）,0,0,0,0,0,2026/04/01 18:54:30
翌日,20260401,更新後,関西フェンス,2026/04/02,16:30,逆方向,-347.6,-3182.4,0,0.0,-3530,電圧（作業）,0,0,0,0,0,2026/04/01 18:54:30
翌日,20260401,更新後,関西フェンス,2026/04/02,17:00,順方向,4777.327,-3289.4,0,1142.073,2630,安定度（作業）,0,0,0,0,0,2026/04/01 18:54:30
翌日,20260401,更新後,関西フェンス,2026/04/02,17:00,逆方向,-240.6,-3289.4,0,0.0,-3530,電圧（作業）,0,0,0,0,0,2026/04/01 18:54:30
翌日,20260401,更新後,関西フェンス,2026/04/02,17:30,順方向,5178.244,-2910.9,0,362.656,2630,安定度（作業）,0,0,0,0,0,2026/04/01 18:54:30
翌日,20260401,更新後,関西フェンス,2026/04/02,17:30,逆方向,-619.1,-2910.9,0,0.0,-3530,電圧（作業）,0,0,0,0,0,2026/04/01 18:54:30
翌日,20260401,更新後,関西フェンス,2026/04/02,18:00,順方向,5195.392,-3042.7,0,477.308,2630,安定度（作業）,0,0,0,0,0,2026/04/01 18:54:30
翌日,20260401,更新後,関西フェンス,2026/04/02,18:00,逆方向,-487.3,-3042.7,0,0.0,-3530,電圧（作業）,0,0,0,0,0,2026/04/01 18:54:30
翌日,20260401,更新後,関西フェンス,2026/04/02,18:30,順方向,5188.246,-3149.4,0,591.154,2630,安定度（作業）,0,0,0,0,0,2026/04/01 18:54:30
翌日,20260401,更新後,関西フェンス,2026/04/02,18:30,逆方向,-380.6,-3149.4,0,0.0,-3530,電圧（作業）,0,0,0,0,0,2026/04/01 18:54:30
翌日,20260401,更新後,関西フェンス,2026/04/02,19:00,順方向,5325.44,-3168.6,0,473.16,2630,安定度（作業）,0,0,0,0,0,2026/04/01 18:54:30
翌日,20260401,更新後,関西フェンス,2026/04/02,19:00,逆方向,-361.4,-3168.6,0,0.0,-3530,電圧（作業）,0,0,0,0,0,2026/04/01 18:54:30
翌日,20260401,更新後,関西フェンス,2026/04/02,19:30,順方向,5272.872,-3170.9,0,528.028,2630,安定度（作業）,0,0,0,0,0,2026/04/01 18:54:30
翌日,20260401,更新後,関西フェンス,2026/04/02,19:30,逆方向,-359.1,-3170.9,0,0.0,-3530,電圧（作業）,0,0,0,0,0,2026/04/01 18:54:30
翌日,20260401,更新後,関西フェンス,2026/04/02,20:00,順方向,5465.327,-3133.6,0,298.273,2630,安定度（作業）,0,0,0,0,0,2026/04/01 18:54:30
翌日,20260401,更新後,関西フェンス,2026/04/02,20:00,逆方向,-396.4,-3133.6,0,0.0,-3530,電圧（作業）,0,0,0,0,0,2026/04/01 18:54:30
翌日,20260401,更新後,関西フェンス,2026/04/02,20:30,順方向,5485.877,-3139.7,0,283.823,2630,安定度（作業）,0,0,0,0,0,2026/04/01 18:54:30
翌日,20260401,更新後,関西フェンス,2026/04/02,20:30,逆方向,-390.3,-3139.7,0,0.0,-3530,電圧（作業）,0,0,0,0,0,2026/04/01 18:54:30
翌日,20260401,更新後,関西フェンス,2026/04/02,21:00,順方向,5393.9,-3111.9,0,348.0,2630,安定度（作業）,0,0,0,0,0,2026/04/01 18:54:30
翌日,20260401,更新後,関西フェンス,2026/04/02,21:00,逆方向,-418.1,-3111.9,0,0.0,-3530,電圧（作業）,0,0,0,0,0,2026/04/01 18:54:30
翌日,20260401,更新後,関西フェンス,2026/04/02,21:30,順方向,5472.066,-3115.3,0,273.234,2630,安定度（作業）,0,0,0,0,0,2026/04/01 18:54:30
翌日,20260401,更新後,関西フェンス,2026/04/02,21:30,逆方向,-414.7,-3115.3,0,0.0,-3530,電圧（作業）,0,0,0,0,0,2026/04/01 18:54:30
翌日,20260401,更新後,関西フェンス,2026/04/02,22:00,順方向,5352.415,-3120.0,0,397.585,2630,安定度（作業）,0,0,0,0,0,2026/04/01 18:54:30
翌日,20260401,更新後,関西フェンス,2026/04/02,22:00,逆方向,-410.0,-3120.0,0,0.0,-3530,電圧（作業）,0,0,0,0,0,2026/04/01 18:54:30
翌日,20260401,更新後,関西フェンス,2026/04/02,22:30,順方向,4903.561,-3271.9,0,558.339,2190,安定度（作業）,0,0,0,0,0,2026/04/01 18:54:30
翌日,20260401,更新後,関西フェンス,2026/04/02,22:30,逆方向,-258.1,-3271.9,0,0.0,-3530,電圧（作業）,0,0,0,0,0,2026/04/01 18:54:30
翌日,20260401,更新後,関西フェンス,2026/04/02,23:00,順方向,5088.475,-3221.5,0,323.025,2190,安定度（作業）,0,0,0,0,0,2026/04/01 18:54:30
翌日,20260401,更新後,関西フェンス,2026/04/02,23:00,逆方向,-308.5,-3221.5,0,0.0,-3530,電圧（作業）,0,0,0,0,0,2026/04/01 18:54:30
翌日,20260401,更新後,関西フェンス,2026/04/02,23:30,順方向,5142.989,-3250.8,0,297.811,2190,安定度（作業）,0,0,0,0,0,2026/04/01 18:54:30
翌日,20260401,更新後,関西フェンス,2026/04/02,23:30,逆方向,-279.2,-3250.8,0,0.0,-3530,電圧（作業）,0,0,0,0,0,2026/04/01 18:54:30
翌日,20260401,更新後,関西フェンス,2026/04/02,24:00,順方向,5088.84,-3184.5,0,285.66,2190,安定度（作業）,0,0,0,0,0,2026/04/01 18:54:30
翌日,20260401,更新後,関西フェンス,2026/04/02,24:00,逆方向,-345.5,-3184.5,0,0.0,-3530,電圧（作業）,0,0,0,0,0,2026/04/01 18:54:30
翌日,20260401,更新後,関西-中国（東）,2026/04/02,00:30,順方向,6679.975,-2383.958,0,303.983,4600,電圧,0,0,0,0,0,2026/04/01 18:54:30
翌日,20260401,更新後,関西-中国（東）,2026/04/02,00:30,逆方向,-2116.042,-2383.958,0,0.0,-4500,電圧,0,0,0,0,0,2026/04/01 18:54:30
翌日,20260401,更新後,関西-中国（東）,2026/04/02,01:00,順方向,6342.303,-2146.56,0,404.257,4600,電圧,0,0,0,0,0,2026/04/01 18:54:30
翌日,20260401,更新後,関西-中国（東）,2026/04/02,01:00,逆方向,-2353.44,-2146.56,0,0.0,-4500,電圧,0,0,0,0,0,2026/04/01 18:54:30
翌日,20260401,更新後,関西-中国（東）,2026/04/02,01:30,順方向,6251.241,-2035.09,0,383.849,4600,電圧,0,0,0,0,0,2026/04/01 18:54:30
翌日,20260401,更新後,関西-中国（東）,2026/04/02,01:30,逆方向,-2464.852,-2035.148,0,0.0,-4500,電圧,0,0,0,0,0,2026/04/01 18:54:30
翌日,20260401,更新後,関西-中国（東）,2026/04/02,02:00,順方向,6266.418,-2046.734,0,380.316,4600,電圧,0,0,0,0,0,2026/04/01 18:54:30
翌日,20260401,更新後,関西-中国（東）,2026/04/02,02:00,逆方向,-2453.266,-2046.734,0,0.0,-4500,電圧,0,0,0,0,0,2026/04/01 18:54:30
翌日,20260401,更新後,関西-中国（東）,2026/04/02,02:30,順方向,6396.122,-2160.184,0,364.062,4600,電圧,0,0,0,0,0,2026/04/01 18:54:30
翌日,20260401,更新後,関西-中国（東）,2026/04/02,02:30,逆方向,-2339.756,-2160.244,0,0.0,-4500,電圧,0,0,0,0,0,2026/04/01 18:54:30
翌日,20260401,更新後,関西-中国（東）,2026/04/02,03:00,順方向,6674.047,-2436.114,0,362.067,4600,電圧,0,0,0,0,0,2026/04/01 18:54:30
翌日,20260401,更新後,関西-中国（東）,2026/04/02,03:00,逆方向,-2063.886,-2436.114,0,0.0,-4500,電圧,0,0,0,0,0,2026/04/01 18:54:30
翌日,20260401,更新後,関西-中国（東）,2026/04/02,03:30,順方向,6804.408,-2512.25,0,307.842,4600,電圧,0,0,0,0,0,2026/04/01 18:54:30
翌日,20260401,更新後,関西-中国（東）,2026/04/02,03:30,逆方向,-1987.75,-2512.25,0,0.0,-4500,電圧,0,0,0,0,0,2026/04/01 18:54:30
翌日,20260401,更新後,関西-中国（東）,2026/04/02,04:00,順方向,6934.002,-2533.404,0,199.402,4600,電圧,0,0,0,0,0,2026/04/01 18:54:30
翌日,20260401,更新後,関西-中国（東）,2026/04/02,04:00,逆方向,-1966.596,-2533.404,0,0.0,-4500,電圧,0,0,0,0,0,2026/04/01 18:54:30
翌日,20260401,更新後,関西-中国（東）,2026/04/02,04:30,順方向,7226.89,-2789.428,0,162.538,4600,電圧,0,0,0,0,0,2026/04/01 18:54:30
翌日,20260401,更新後,関西-中国（東）,2026/04/02,04:30,逆方向,-1663.997,-2789.428,0,-46.575,-4500,電圧,0,0,0,0,0,2026/04/01 18:54:30
翌日,20260401,更新後,関西-中国（東）,2026/04/02,05:00,順方向,6947.144,-2755.546,0,408.402,4600,電圧,0,0,0,0,0,2026/04/01 18:54:30
翌日,20260401,更新後,関西-中国（東）,2026/04/02,05:00,逆方向,-1744.454,-2755.546,0,0.0,-4500,電圧,0,0,0,0,0,2026/04/01 18:54:30
翌日,20260401,更新後,関西-中国（東）,2026/04/02,05:30,順方向,6964.434,-2768.6,0,404.166,4600,電圧,0,0,0,0,0,2026/04/01 18:54:30
翌日,20260401,更新後,関西-中国（東）,2026/04/02,05:30,逆方向,-1731.4,-2768.6,0,0.0,-4500,電圧,0,0,0,0,0,2026/04/01 18:54:30
翌日,20260401,更新後,関西-中国（東）,2026/04/02,06:00,順方向,6967.53,-2613.428,0,245.898,4600,電圧,0,0,0,0,0,2026/04/01 18:54:30
翌日,20260401,更新後,関西-中国（東）,2026/04/02,06:00,逆方向,-1886.572,-2613.428,0,0.0,-4500,電圧,0,0,0,0,0,2026/04/01 18:54:30
翌日,20260401,更新後,関西-中国（東）,2026/04/02,06:30,順方向,6460.233,-2262.284,0,402.051,4600,電圧,0,0,0,0,0,2026/04/01 18:54:30
翌日,20260401,更新後,関西-中国（東）,2026/04/02,06:30,逆方向,-2198.568,-2262.284,0,-39.148,-4500,電圧,0,0,0,0,0,2026/04/01 18:54:30
翌日,20260401,更新後,関西-中国（東）,2026/04/02,07:00,順方向,6414.352,-2184.292,0,369.94,4600,電圧,0,0,0,0,0,2026/04/01 18:54:30
翌日,20260401,更新後,関西-中国（東）,2026/04/02,07:00,逆方向,-2275.313,-2184.292,0,-40.395,-4500,電圧,0,0,0,0,0,2026/04/01 18:54:30
翌日,20260401,更新後,関西-中国（東）,2026/04/02,07:30,順方向,7178.071,-3136.238,0,558.167,4600,電圧,0,0,0,0,0,2026/04/01 18:54:30
翌日,20260401,更新後,関西-中国（東）,2026/04/02,07:30,逆方向,-1363.762,-3136.238,0,0.0,-4500,電圧,0,0,0,0,0,2026/04/01 18:54:30
翌日,20260401,更新後,関西-中国（東）,2026/04/02,08:00,順方向,7258.692,-3406.028,0,747.336,4600,電圧,0,0,0,0,0,2026/04/01 18:54:30
翌日,20260401,更新後,関西-中国（東）,2026/04/02,08:00,逆方向,-1093.972,-3406.028,0,0.0,-4500,電圧,0,0,0,0,0,2026/04/01 18:54:30
翌日,20260401,更新後,関西-中国（東）,2026/04/02,08:30,順方向,7850.54,-3893.368,0,642.828,4600,電圧,0,0,0,0,0,2026/04/01 18:54:30
翌日,20260401,更新後,関西-中国（東）,2026/04/02,08:30,逆方向,-606.572,-3893.428,0,0.0,-4500,電圧,0,0,0,0,0,2026/04/01 18:54:30
翌日,20260401,更新後,関西-中国（東）,2026/04/02,09:00,順方向,7812.904,-3980.63,0,767.726,4600,電圧,0,0,0,0,0,2026/04/01 18:54:30
翌日,20260401,更新後,関西-中国（東）,2026/04/02,09:00,逆方向,-519.37,-3980.63,0,0.0,-4500,電圧,0,0,0,0,0,2026/04/01 18:54:30
翌日,20260401,更新後,関西-中国（東）,2026/04/02,09:30,順方向,8529.086,-4499.962,0,570.876,4600,電圧,0,0,0,0,0,2026/04/01 18:54:30
翌日,20260401,更新後,関西-中国（東）,2026/04/02,09:30,逆方向,-0.038,-4499.962,0,0.0,-4500,電圧,0,0,0,0,0,2026/04/01 18:54:30
翌日,20260401,更新後,関西-中国（東）,2026/04/02,10:00,順方向,8524.688,-4499.94,0,575.252,4600,電圧,0,0,0,0,0,2026/04/01 18:54:30
翌日,20260401,更新後,関西-中国（東）,2026/04/02,10:00,逆方向,0.0,-4500.0,0,0.0,-4500,電圧,0,0,0,0,0,2026/04/01 18:54:30
翌日,20260401,更新後,関西-中国（東）,2026/04/02,10:30,順方向,8323.684,-4162.284,0,438.6,4600,電圧,0,0,0,0,0,2026/04/01 18:54:30
翌日,20260401,更新後,関西-中国（東）,2026/04/02,10:30,逆方向,-337.716,-4162.284,0,0.0,-4500,電圧,0,0,0,0,0,2026/04/01 18:54:30
翌日,20260401,更新後,関西-中国（東）,2026/04/02,11:00,順方向,8305.71,-4257.198,0,551.488,4600,電圧,0,0,0,0,0,2026/04/01 18:54:30
翌日,20260401,更新後,関西-中国（東）,2026/04/02,11:00,逆方向,-242.742,-4257.258,0,0.0,-4500,電圧,0,0,0,0,0,2026/04/01 18:54:30
翌日,20260401,更新後,関西-中国（東）,2026/04/02,11:30,順方向,8374.866,-4319.776,0,544.91,4600,電圧,0,0,0,0,0,2026/04/01 18:54:30
翌日,20260401,更新後,関西-中国（東）,2026/04/02,11:30,逆方向,-180.224,-4319.776,0,0.0,-4500,電圧,0,0,0,0,0,2026/04/01 18:54:30
翌日,20260401,更新後,関西-中国（東）,2026/04/02,12:00,順方向,8220.206,-4133.254,0,513.048,4600,電圧,0,0,0,0,0,2026/04/01 18:54:30
翌日,20260401,更新後,関西-中国（東）,2026/04/02,12:00,逆方向,-366.686,-4133.314,0,0.0,-4500,電圧,0,0,0,0,0,2026/04/01 18:54:30
翌日,20260401,更新後,関西-中国（東）,2026/04/02,12:30,順方向,7903.619,-3966.024,0,662.405,4600,電圧,0,0,0,0,0,2026/04/01 18:54:30
翌日,20260401,更新後,関西-中国（東）,2026/04/02,12:30,逆方向,-533.916,-3966.084,0,0.0,-4500,電圧,0,0,0,0,0,2026/04/01 18:54:30
翌日,20260401,更新後,関西-中国（東）,2026/04/02,13:00,順方向,8163.757,-4158.766,0,595.009,4600,電圧,0,0,0,0,0,2026/04/01 18:54:30
翌日,20260401,更新後,関西-中国（東）,2026/04/02,13:00,逆方向,-341.234,-4158.766,0,0.0,-4500,電圧,0,0,0,0,0,2026/04/01 18:54:30
翌日,20260401,更新後,関西-中国（東）,2026/04/02,13:30,順方向,8543.791,-4464.064,0,520.273,4600,電圧,0,0,0,0,0,2026/04/01 18:54:30
翌日,20260401,更新後,関西-中国（東）,2026/04/02,13:30,逆方向,-35.876,-4464.124,0,0.0,-4500,電圧,0,0,0,0,0,2026/04/01 18:54:30
翌日,20260401,更新後,関西-中国（東）,2026/04/02,14:00,順方向,8389.673,-4432.312,0,642.639,4600,電圧,0,0,0,0,0,2026/04/01 18:54:30
翌日,20260401,更新後,関西-中国（東）,2026/04/02,14:00,逆方向,-67.628,-4432.372,0,0.0,-4500,電圧,0,0,0,0,0,2026/04/01 18:54:30
翌日,20260401,更新後,関西-中国（東）,2026/04/02,14:30,順方向,8497.418,-4499.94,0,602.522,4600,電圧,0,0,0,0,0,2026/04/01 18:54:30
翌日,20260401,更新後,関西-中国（東）,2026/04/02,14:30,逆方向,0.0,-4500.0,0,0.0,-4500,電圧,0,0,0,0,0,2026/04/01 18:54:30
翌日,20260401,更新後,関西-中国（東）,2026/04/02,15:00,順方向,8527.978,-4499.976,0,571.998,4600,電圧,0,0,0,0,0,2026/04/01 18:54:30
翌日,20260401,更新後,関西-中国（東）,2026/04/02,15:00,逆方向,-0.024,-4499.976,0,0.0,-4500,電圧,0,0,0,0,0,2026/04/01 18:54:30
翌日,20260401,更新後,関西-中国（東）,2026/04/02,15:30,順方向,8618.576,-4499.94,0,481.364,4600,電圧,0,0,0,0,0,2026/04/01 18:54:30
翌日,20260401,更新後,関西-中国（東）,2026/04/02,15:30,逆方向,0.0,-4500.0,0,0.0,-4500,電圧,0,0,0,0,0,2026/04/01 18:54:30
翌日,20260401,更新後,関西-中国（東）,2026/04/02,16:00,順方向,8767.094,-4499.98,0,332.886,4600,電圧,0,0,0,0,0,2026/04/01 18:54:30
翌日,20260401,更新後,関西-中国（東）,2026/04/02,16:00,逆方向,-0.02,-4499.98,0,0.0,-4500,電圧,0,0,0,0,0,2026/04/01 18:54:30
翌日,20260401,更新後,関西-中国（東）,2026/04/02,16:30,順方向,8820.98,-4499.94,0,278.96,4600,電圧,0,0,0,0,0,2026/04/01 18:54:30
翌日,20260401,更新後,関西-中国（東）,2026/04/02,16:30,逆方向,0.0,-4500.0,0,0.0,-4500,電圧,0,0,0,0,0,2026/04/01 18:54:30
翌日,20260401,更新後,関西-中国（東）,2026/04/02,17:00,順方向,8467.687,-4499.16,0,631.473,4600,電圧,0,0,0,0,0,2026/04/01 18:54:30
翌日,20260401,更新後,関西-中国（東）,2026/04/02,17:00,逆方向,-0.78,-4499.22,0,0.0,-4500,電圧,0,0,0,0,0,2026/04/01 18:54:30
翌日,20260401,更新後,関西-中国（東）,2026/04/02,17:30,順方向,8942.425,-4500.0,0,157.575,4600,電圧,0,0,0,0,0,2026/04/01 18:54:30
翌日,20260401,更新後,関西-中国（東）,2026/04/02,17:30,逆方向,0.0,-4500.0,0,0.0,-4500,電圧,0,0,0,0,0,2026/04/01 18:54:30
翌日,20260401,更新後,関西-中国（東）,2026/04/02,18:00,順方向,8723.429,-4328.79,0,205.361,4600,電圧,0,0,0,0,0,2026/04/01 18:54:30
翌日,20260401,更新後,関西-中国（東）,2026/04/02,18:00,逆方向,-171.21,-4328.79,0,0.0,-4500,電圧,0,0,0,0,0,2026/04/01 18:54:30
翌日,20260401,更新後,関西-中国（東）,2026/04/02,18:30,順方向,8467.118,-3867.118,0,0.0,4600,電圧,0,0,0,0,0,2026/04/01 18:54:30
翌日,20260401,更新後,関西-中国（東）,2026/04/02,18:30,逆方向,-632.822,-3867.178,0,0.0,-4500,電圧,0,0,0,0,0,2026/04/01 18:54:30
翌日,20260401,更新後,関西-中国（東）,2026/04/02,19:00,順方向,8463.466,-3863.466,0,0.0,4600,電圧,0,0,0,0,0,2026/04/01 18:54:30
翌日,20260401,更新後,関西-中国（東）,2026/04/02,19:00,逆方向,-636.534,-3863.466,0,0.0,-4500,電圧,0,0,0,0,0,2026/04/01 18:54:30
翌日,20260401,更新後,関西-中国（東）,2026/04/02,19:30,順方向,8495.71,-3907.196,0,11.486,4600,電圧,0,0,0,0,0,2026/04/01 18:54:30
翌日,20260401,更新後,関西-中国（東）,2026/04/02,19:30,逆方向,-592.804,-3907.196,0,0.0,-4500,電圧,0,0,0,0,0,2026/04/01 18:54:30
翌日,20260401,更新後,関西-中国（東）,2026/04/02,20:00,順方向,8645.534,-4045.534,0,0.0,4600,電圧,0,0,0,0,0,2026/04/01 18:54:30
翌日,20260401,更新後,関西-中国（東）,2026/04/02,20:00,逆方向,-454.466,-4045.534,0,0.0,-4500,電圧,0,0,0,0,0,2026/04/01 18:54:30
翌日,20260401,更新後,関西-中国（東）,2026/04/02,20:30,順方向,8735.82,-4135.82,0,0.0,4600,電圧,0,0,0,0,0,2026/04/01 18:54:30
翌日,20260401,更新後,関西-中国（東）,2026/04/02,20:30,逆方向,-364.18,-4135.82,0,0.0,-4500,電圧,0,0,0,0,0,2026/04/01 18:54:30
翌日,20260401,更新後,関西-中国（東）,2026/04/02,21:00,順方向,8864.76,-4264.76,0,0.0,4600,電圧,0,0,0,0,0,2026/04/01 18:54:30
翌日,20260401,更新後,関西-中国（東）,2026/04/02,21:00,逆方向,-235.24,-4264.76,0,0.0,-4500,電圧,0,0,0,0,0,2026/04/01 18:54:30
翌日,20260401,更新後,関西-中国（東）,2026/04/02,21:30,順方向,8310.56,-3723.56,0,13.0,4600,電圧,0,0,0,0,0,2026/04/01 18:54:30
翌日,20260401,更新後,関西-中国（東）,2026/04/02,21:30,逆方向,-776.44,-3723.56,0,0.0,-4500,電圧,0,0,0,0,0,2026/04/01 18:54:30
翌日,20260401,更新後,関西-中国（東）,2026/04/02,22:00,順方向,7975.501,-3446.808,0,71.307,4600,電圧,0,0,0,0,0,2026/04/01 18:54:30
翌日,20260401,更新後,関西-中国（東）,2026/04/02,22:00,逆方向,-1053.192,-3446.808,0,0.0,-4500,電圧,0,0,0,0,0,2026/04/01 18:54:30
翌日,20260401,更新後,関西-中国（東）,2026/04/02,22:30,順方向,7325.39,-2752.616,0,27.226,4600,電圧,0,0,0,0,0,2026/04/01 18:54:30
翌日,20260401,更新後,関西-中国（東）,2026/04/02,22:30,逆方向,-1745.384,-2752.616,0,-2.0,-4500,電圧,0,0,0,0,0,2026/04/01 18:54:30
翌日,20260401,更新後,関西-中国（東）,2026/04/02,23:00,順方向,7776.384,-3176.384,0,0.0,4600,電圧,0,0,0,0,0,2026/04/01 18:54:30
翌日,20260401,更新後,関西-中国（東）,2026/04/02,23:00,逆方向,-1323.556,-3176.444,0,0.0,-4500,電圧,0,0,0,0,0,2026/04/01 18:54:30
翌日,20260401,更新後,関西-中国（東）,2026/04/02,23:30,順方向,7890.968,-3290.968,0,0.0,4600,電圧,0,0,0,0,0,2026/04/01 18:54:30
翌日,20260401,更新後,関西-中国（東）,2026/04/02,23:30,逆方向,-1208.972,-3291.028,0,0.0,-4500,電圧,0,0,0,0,0,2026/04/01 18:54:30
翌日,20260401,更新後,関西-中国（東）,2026/04/02,24:00,順方向,7517.736,-2917.736,0,0.0,4600,電圧,0,0,0,0,0,2026/04/01 18:54:30
翌日,20260401,更新後,関西-中国（東）,2026/04/02,24:00,逆方向,-1541.762,-2917.736,0,-40.502,-4500,電圧,0,0,0,0,0,2026/04/01 18:54:30
翌日,20260401,更新後,関西-中国（西）,2026/04/02,00:30,順方向,6559.617,-2263.6,0,303.983,4600,電圧,0,0,0,0,0,2026/04/01 18:54:30
翌日,20260401,更新後,関西-中国（西）,2026/04/02,00:30,逆方向,-2236.4,-2263.6,0,0.0,-4500,電圧,0,0,0,0,0,2026/04/01 18:54:30
翌日,20260401,更新後,関西-中国（西）,2026/04/02,01:00,順方向,6170.607,-1974.864,0,404.257,4600,電圧,0,0,0,0,0,2026/04/01 18:54:30
翌日,20260401,更新後,関西-中国（西）,2026/04/02,01:00,逆方向,-2525.136,-1974.864,0,0.0,-4500,電圧,0,0,0,0,0,2026/04/01 18:54:30
翌日,20260401,更新後,関西-中国（西）,2026/04/02,01:30,順方向,6078.485,-1862.334,0,383.849,4600,電圧,0,0,0,0,0,2026/04/01 18:54:30
翌日,20260401,更新後,関西-中国（西）,2026/04/02,01:30,逆方向,-2637.608,-1862.392,0,0.0,-4500,電圧,0,0,0,0,0,2026/04/01 18:54:30
翌日,20260401,更新後,関西-中国（西）,2026/04/02,02:00,順方向,6044.556,-1824.872,0,380.316,4600,電圧,0,0,0,0,0,2026/04/01 18:54:30
翌日,20260401,更新後,関西-中国（西）,2026/04/02,02:00,逆方向,-2675.128,-1824.872,0,0.0,-4500,電圧,0,0,0,0,0,2026/04/01 18:54:30
翌日,20260401,更新後,関西-中国（西）,2026/04/02,02:30,順方向,6163.384,-1927.446,0,364.062,4600,電圧,0,0,0,0,0,2026/04/01 18:54:30
翌日,20260401,更新後,関西-中国（西）,2026/04/02,02:30,逆方向,-2572.494,-1927.506,0,0.0,-4500,電圧,0,0,0,0,0,2026/04/01 18:54:30
翌日,20260401,更新後,関西-中国（西）,2026/04/02,03:00,順方向,6408.653,-2170.72,0,362.067,4600,電圧,0,0,0,0,0,2026/04/01 18:54:30
翌日,20260401,更新後,関西-中国（西）,2026/04/02,03:00,逆方向,-2329.28,-2170.72,0,0.0,-4500,電圧,0,0,0,0,0,2026/04/01 18:54:30
翌日,20260401,更新後,関西-中国（西）,2026/04/02,03:30,順方向,6622.096,-2329.938,0,307.842,4600,電圧,0,0,0,0,0,2026/04/01 18:54:30
翌日,20260401,更新後,関西-中国（西）,2026/04/02,03:30,逆方向,-2170.062,-2329.938,0,0.0,-4500,電圧,0,0,0,0,0,2026/04/01 18:54:30
翌日,20260401,更新後,関西-中国（西）,2026/04/02,04:00,順方向,6508.424,-2107.826,0,199.402,4600,電圧,0,0,0,0,0,2026/04/01 18:54:30
翌日,20260401,更新後,関西-中国（西）,2026/04/02,04:00,逆方向,-2392.174,-2107.826,0,0.0,-4500,電圧,0,0,0,0,0,2026/04/01 18:54:30
翌日,20260401,更新後,関西-中国（西）,2026/04/02,04:30,順方向,6771.928,-2334.466,0,162.538,4600,電圧,0,0,0,0,0,2026/04/01 18:54:30
翌日,20260401,更新後,関西-中国（西）,2026/04/02,04:30,逆方向,-2118.959,-2334.466,0,-46.575,-4500,電圧,0,0,0,0,0,2026/04/01 18:54:30
翌日,20260401,更新後,関西-中国（西）,2026/04/02,05:00,順方向,6478.592,-2286.994,0,408.402,4600,電圧,0,0,0,0,0,2026/04/01 18:54:30
翌日,20260401,更新後,関西-中国（西）,2026/04/02,05:00,逆方向,-2213.006,-2286.994,0,0.0,-4500,電圧,0,0,0,0,0,2026/04/01 18:54:30
翌日,20260401,更新後,関西-中国（西）,2026/04/02,05:30,順方向,6490.816,-2294.982,0,404.166,4600,電圧,0,0,0,0,0,2026/04/01 18:54:30
翌日,20260401,更新後,関西-中国（西）,2026/04/02,05:30,逆方向,-2205.018,-2294.982,0,0.0,-4500,電圧,0,0,0,0,0,2026/04/01 18:54:30
翌日,20260401,更新後,関西-中国（西）,2026/04/02,06:00,順方向,6522.522,-2168.42,0,245.898,4600,電圧,0,0,0,0,0,2026/04/01 18:54:30
翌日,20260401,更新後,関西-中国（西）,2026/04/02,06:00,逆方向,-2331.58,-2168.42,0,0.0,-4500,電圧,0,0,0,0,0,2026/04/01 18:54:30
翌日,20260401,更新後,関西-中国（西）,2026/04/02,06:30,順方向,6024.289,-1826.34,0,402.051,4600,電圧,0,0,0,0,0,2026/04/01 18:54:30
翌日,20260401,更新後,関西-中国（西）,2026/04/02,06:30,逆方向,-2634.512,-1826.34,0,-39.148,-4500,電圧,0,0,0,0,0,2026/04/01 18:54:30
翌日,20260401,更新後,関西-中国（西）,2026/04/02,07:00,順方向,6139.226,-1909.166,0,369.94,4600,電圧,0,0,0,0,0,2026/04/01 18:54:30
翌日,20260401,更新後,関西-中国（西）,2026/04/02,07:00,逆方向,-2550.439,-1909.166,0,-40.395,-4500,電圧,0,0,0,0,0,2026/04/01 18:54:30
翌日,20260401,更新後,関西-中国（西）,2026/04/02,07:30,順方向,6476.973,-2435.14,0,558.167,4600,電圧,0,0,0,0,0,2026/04/01 18:54:30
翌日,20260401,更新後,関西-中国（西）,2026/04/02,07:30,逆方向,-2064.86,-2435.14,0,0.0,-4500,電圧,0,0,0,0,0,2026/04/01 18:54:30
翌日,20260401,更新後,関西-中国（西）,2026/04/02,08:00,順方向,6453.672,-2601.008,0,747.336,4600,電圧,0,0,0,0,0,2026/04/01 18:54:30
翌日,20260401,更新後,関西-中国（西）,2026/04/02,08:00,逆方向,-1898.992,-2601.008,0,0.0,-4500,電圧,0,0,0,0,0,2026/04/01 18:54:30
翌日,20260401,更新後,関西-中国（西）,2026/04/02,08:30,順方向,6888.228,-2931.056,0,642.828,4600,電圧,0,0,0,0,0,2026/04/01 18:54:30
翌日,20260401,更新後,関西-中国（西）,2026/04/02,08:30,逆方向,-1568.884,-2931.116,0,0.0,-4500,電圧,0,0,0,0,0,2026/04/01 18:54:30
翌日,20260401,更新後,関西-中国（西）,2026/04/02,09:00,順方向,6733.876,-2901.602,0,767.726,4600,電圧,0,0,0,0,0,2026/04/01 18:54:30
翌日,20260401,更新後,関西-中国（西）,2026/04/02,09:00,逆方向,-1598.398,-2901.602,0,0.0,-4500,電圧,0,0,0,0,0,2026/04/01 18:54:30
翌日,20260401,更新後,関西-中国（西）,2026/04/02,09:30,順方向,7340.102,-3310.978,0,570.876,4600,電圧,0,0,0,0,0,2026/04/01 18:54:30
翌日,20260401,更新後,関西-中国（西）,2026/04/02,09:30,逆方向,-1189.022,-3310.978,0,0.0,-4500,電圧,0,0,0,0,0,2026/04/01 18:54:30
翌日,20260401,更新後,関西-中国（西）,2026/04/02,10:00,順方向,7237.498,-3212.75,0,575.252,4600,電圧,0,0,0,0,0,2026/04/01 18:54:30
翌日,20260401,更新後,関西-中国（西）,2026/04/02,10:00,逆方向,-1287.19,-3212.81,0,0.0,-4500,電圧,0,0,0,0,0,2026/04/01 18:54:30
翌日,20260401,更新後,関西-中国（西）,2026/04/02,10:30,順方向,7017.394,-2855.994,0,438.6,4600,電圧,0,0,0,0,0,2026/04/01 18:54:30
翌日,20260401,更新後,関西-中国（西）,2026/04/02,10:30,逆方向,-1644.006,-2855.994,0,0.0,-4500,電圧,0,0,0,0,0,2026/04/01 18:54:30
翌日,20260401,更新後,関西-中国（西）,2026/04/02,11:00,順方向,6970.808,-2922.296,0,551.488,4600,電圧,0,0,0,0,0,2026/04/01 18:54:30
翌日,20260401,更新後,関西-中国（西）,2026/04/02,11:00,逆方向,-1577.644,-2922.356,0,0.0,-4500,電圧,0,0,0,0,0,2026/04/01 18:54:30
翌日,20260401,更新後,関西-中国（西）,2026/04/02,11:30,順方向,6981.658,-2926.568,0,544.91,4600,電圧,0,0,0,0,0,2026/04/01 18:54:30
翌日,20260401,更新後,関西-中国（西）,2026/04/02,11:30,逆方向,-1573.432,-2926.568,0,0.0,-4500,電圧,0,0,0,0,0,2026/04/01 18:54:30
翌日,20260401,更新後,関西-中国（西）,2026/04/02,12:00,順方向,6833.318,-2746.366,0,513.048,4600,電圧,0,0,0,0,0,2026/04/01 18:54:30
翌日,20260401,更新後,関西-中国（西）,2026/04/02,12:00,逆方向,-1753.574,-2746.426,0,0.0,-4500,電圧,0,0,0,0,0,2026/04/01 18:54:30
翌日,20260401,更新後,関西-中国（西）,2026/04/02,12:30,順方向,6460.477,-2522.882,0,662.405,4600,電圧,0,0,0,0,0,2026/04/01 18:54:30
翌日,20260401,更新後,関西-中国（西）,2026/04/02,12:30,逆方向,-1977.058,-2522.942,0,0.0,-4500,電圧,0,0,0,0,0,2026/04/01 18:54:30
翌日,20260401,更新後,関西-中国（西）,2026/04/02,13:00,順方向,6715.249,-2710.258,0,595.009,4600,電圧,0,0,0,0,0,2026/04/01 18:54:30
翌日,20260401,更新後,関西-中国（西）,2026/04/02,13:00,逆方向,-1789.742,-2710.258,0,0.0,-4500,電圧,0,0,0,0,0,2026/04/01 18:54:30
翌日,20260401,更新後,関西-中国（西）,2026/04/02,13:30,順方向,7133.835,-3054.108,0,520.273,4600,電圧,0,0,0,0,0,2026/04/01 18:54:30
翌日,20260401,更新後,関西-中国（西）,2026/04/02,13:30,逆方向,-1445.832,-3054.168,0,0.0,-4500,電圧,0,0,0,0,0,2026/04/01 18:54:30
翌日,20260401,更新後,関西-中国（西）,2026/04/02,14:00,順方向,7012.439,-3055.078,0,642.639,4600,電圧,0,0,0,0,0,2026/04/01 18:54:30
翌日,20260401,更新後,関西-中国（西）,2026/04/02,14:00,逆方向,-1444.862,-3055.138,0,0.0,-4500,電圧,0,0,0,0,0,2026/04/01 18:54:30
翌日,20260401,更新後,関西-中国（西）,2026/04/02,14:30,順方向,7165.464,-3167.986,0,602.522,4600,電圧,0,0,0,0,0,2026/04/01 18:54:30
翌日,20260401,更新後,関西-中国（西）,2026/04/02,14:30,逆方向,-1331.954,-3168.046,0,0.0,-4500,電圧,0,0,0,0,0,2026/04/01 18:54:30
翌日,20260401,更新後,関西-中国（西）,2026/04/02,15:00,順方向,7229.904,-3201.902,0,571.998,4600,電圧,0,0,0,0,0,2026/04/01 18:54:30
翌日,20260401,更新後,関西-中国（西）,2026/04/02,15:00,逆方向,-1298.098,-3201.902,0,0.0,-4500,電圧,0,0,0,0,0,2026/04/01 18:54:30
翌日,20260401,更新後,関西-中国（西）,2026/04/02,15:30,順方向,7458.406,-3339.77,0,481.364,4600,電圧,0,0,0,0,0,2026/04/01 18:54:30
翌日,20260401,更新後,関西-中国（西）,2026/04/02,15:30,逆方向,-1160.17,-3339.83,0,0.0,-4500,電圧,0,0,0,0,0,2026/04/01 18:54:30
翌日,20260401,更新後,関西-中国（西）,2026/04/02,16:00,順方向,7923.174,-3656.06,0,332.886,4600,電圧,0,0,0,0,0,2026/04/01 18:54:30
翌日,20260401,更新後,関西-中国（西）,2026/04/02,16:00,逆方向,-843.94,-3656.06,0,0.0,-4500,電圧,0,0,0,0,0,2026/04/01 18:54:30
翌日,20260401,更新後,関西-中国（西）,2026/04/02,16:30,順方向,7903.182,-3582.142,0,278.96,4600,電圧,0,0,0,0,0,2026/04/01 18:54:30
翌日,20260401,更新後,関西-中国（西）,2026/04/02,16:30,逆方向,-917.798,-3582.202,0,0.0,-4500,電圧,0,0,0,0,0,2026/04/01 18:54:30
翌日,20260401,更新後,関西-中国（西）,2026/04/02,17:00,順方向,7729.349,-3760.822,0,631.473,4600,電圧,0,0,0,0,0,2026/04/01 18:54:30
翌日,20260401,更新後,関西-中国（西）,2026/04/02,17:00,逆方向,-739.118,-3760.882,0,0.0,-4500,電圧,0,0,0,0,0,2026/04/01 18:54:30
翌日,20260401,更新後,関西-中国（西）,2026/04/02,17:30,順方向,8242.255,-3799.83,0,157.575,4600,電圧,0,0,0,0,0,2026/04/01 18:54:30
翌日,20260401,更新後,関西-中国（西）,2026/04/02,17:30,逆方向,-700.17,-3799.83,0,0.0,-4500,電圧,0,0,0,0,0,2026/04/01 18:54:30
翌日,20260401,更新後,関西-中国（西）,2026/04/02,18:00,順方向,8111.017,-3716.378,0,205.361,4600,電圧,0,0,0,0,0,2026/04/01 18:54:30
翌日,20260401,更新後,関西-中国（西）,2026/04/02,18:00,逆方向,-783.622,-3716.378,0,0.0,-4500,電圧,0,0,0,0,0,2026/04/01 18:54:30
翌日,20260401,更新後,関西-中国（西）,2026/04/02,18:30,順方向,8100.46,-3500.46,0,0.0,4600,電圧,0,0,0,0,0,2026/04/01 18:54:30
翌日,20260401,更新後,関西-中国（西）,2026/04/02,18:30,逆方向,-999.48,-3500.52,0,0.0,-4500,電圧,0,0,0,0,0,2026/04/01 18:54:30
翌日,20260401,更新後,関西-中国（西）,2026/04/02,19:00,順方向,8146.842,-3546.842,0,0.0,4600,電圧,0,0,0,0,0,2026/04/01 18:54:30
翌日,20260401,更新後,関西-中国（西）,2026/04/02,19:00,逆方向,-953.158,-3546.842,0,0.0,-4500,電圧,0,0,0,0,0,2026/04/01 18:54:30
翌日,20260401,更新後,関西-中国（西）,2026/04/02,19:30,順方向,8175.854,-3587.34,0,11.486,4600,電圧,0,0,0,0,0,2026/04/01 18:54:30
翌日,20260401,更新後,関西-中国（西）,2026/04/02,19:30,逆方向,-912.66,-3587.34,0,0.0,-4500,電圧,0,0,0,0,0,2026/04/01 18:54:30
翌日,20260401,更新後,関西-中国（西）,2026/04/02,20:00,順方向,8089.782,-3489.782,0,0.0,4600,電圧,0,0,0,0,0,2026/04/01 18:54:30
翌日,20260401,更新後,関西-中国（西）,2026/04/02,20:00,逆方向,-1010.218,-3489.782,0,0.0,-4500,電圧,0,0,0,0,0,2026/04/01 18:54:30
翌日,20260401,更新後,関西-中国（西）,2026/04/02,20:30,順方向,8168.136,-3568.136,0,0.0,4600,電圧,0,0,0,0,0,2026/04/01 18:54:30
翌日,20260401,更新後,関西-中国（西）,2026/04/02,20:30,逆方向,-931.864,-3568.136,0,0.0,-4500,電圧,0,0,0,0,0,2026/04/01 18:54:30
翌日,20260401,更新後,関西-中国（西）,2026/04/02,21:00,順方向,8282.312,-3682.312,0,0.0,4600,電圧,0,0,0,0,0,2026/04/01 18:54:30
翌日,20260401,更新後,関西-中国（西）,2026/04/02,21:00,逆方向,-817.688,-3682.312,0,0.0,-4500,電圧,0,0,0,0,0,2026/04/01 18:54:30
翌日,20260401,更新後,関西-中国（西）,2026/04/02,21:30,順方向,7742.11,-3155.11,0,13.0,4600,電圧,0,0,0,0,0,2026/04/01 18:54:30
翌日,20260401,更新後,関西-中国（西）,2026/04/02,21:30,逆方向,-1344.89,-3155.11,0,0.0,-4500,電圧,0,0,0,0,0,2026/04/01 18:54:30
翌日,20260401,更新後,関西-中国（西）,2026/04/02,22:00,順方向,7563.295,-3034.602,0,71.307,4600,電圧,0,0,0,0,0,2026/04/01 18:54:30
翌日,20260401,更新後,関西-中国（西）,2026/04/02,22:00,逆方向,-1465.398,-3034.602,0,0.0,-4500,電圧,0,0,0,0,0,2026/04/01 18:54:30
翌日,20260401,更新後,関西-中国（西）,2026/04/02,22:30,順方向,6909.594,-2336.82,0,27.226,4600,電圧,0,0,0,0,0,2026/04/01 18:54:30
翌日,20260401,更新後,関西-中国（西）,2026/04/02,22:30,逆方向,-2161.18,-2336.82,0,-2.0,-4500,電圧,0,0,0,0,0,2026/04/01 18:54:30
翌日,20260401,更新後,関西-中国（西）,2026/04/02,23:00,順方向,7264.53,-2664.53,0,0.0,4600,電圧,0,0,0,0,0,2026/04/01 18:54:30
翌日,20260401,更新後,関西-中国（西）,2026/04/02,23:00,逆方向,-1835.41,-2664.59,0,0.0,-4500,電圧,0,0,0,0,0,2026/04/01 18:54:30
翌日,20260401,更新後,関西-中国（西）,2026/04/02,23:30,順方向,7345.026,-2745.026,0,0.0,4600,電圧,0,0,0,0,0,2026/04/01 18:54:30
翌日,20260401,更新後,関西-中国（西）,2026/04/02,23:30,逆方向,-1754.914,-2745.086,0,0.0,-4500,電圧,0,0,0,0,0,2026/04/01 18:54:30
翌日,20260401,更新後,関西-中国（西）,2026/04/02,24:00,順方向,7062.65,-2462.65,0,0.0,4600,電圧,0,0,0,0,0,2026/04/01 18:54:30
翌日,20260401,更新後,関西-中国（西）,2026/04/02,24:00,逆方向,-1996.848,-2462.65,0,-40.502,-4500,電圧,0,0,0,0,0,2026/04/01 18:54:30
翌日,20260401,更新後,北海道・本州間電力連系設備,2026/04/02,00:30,順方向,510.0,150.0,0,240.0,900,熱容量,0,0,0,0,0,2026/04/01 19:42:24
翌日,20260401,更新後,北海道・本州間電力連系設備,2026/04/02,00:30,逆方向,-425.0,150.0,0,-625.0,-900,熱容量,0,0,0,0,0,2026/04/01 19:42:24
翌日,20260401,更新後,北海道・本州間電力連系設備,2026/04/02,01:00,順方向,335.6,324.4,0,240.0,900,熱容量,0,0,0,0,0,2026/04/01 19:42:24
翌日,20260401,更新後,北海道・本州間電力連系設備,2026/04/02,01:00,逆方向,-599.4,324.4,0,-625.0,-900,熱容量,0,0,0,0,0,2026/04/01 19:42:24
翌日,20260401,更新後,北海道・本州間電力連系設備,2026/04/02,01:30,順方向,356.3,313.7,0,230.0,900,熱容量,0,0,0,0,0,2026/04/01 19:42:24
翌日,20260401,更新後,北海道・本州間電力連系設備,2026/04/02,01:30,逆方向,-588.7,313.7,0,-625.0,-900,熱容量,0,0,0,0,0,2026/04/01 19:42:24
翌日,20260401,更新後,北海道・本州間電力連系設備,2026/04/02,02:00,順方向,395.7,274.3,0,230.0,900,熱容量,0,0,0,0,0,2026/04/01 19:42:24
翌日,20260401,更新後,北海道・本州間電力連系設備,2026/04/02,02:00,逆方向,-549.3,274.3,0,-625.0,-900,熱容量,0,0,0,0,0,2026/04/01 19:42:24
翌日,20260401,更新後,北海道・本州間電力連系設備,2026/04/02,02:30,順方向,486.7,193.3,0,220.0,900,熱容量,0,0,0,0,0,2026/04/01 19:42:24
翌日,20260401,更新後,北海道・本州間電力連系設備,2026/04/02,02:30,逆方向,-468.3,193.3,0,-625.0,-900,熱容量,0,0,0,0,0,2026/04/01 19:42:24
翌日,20260401,更新後,北海道・本州間電力連系設備,2026/04/02,03:00,順方向,475.9,204.1,0,220.0,900,熱容量,0,0,0,0,0,2026/04/01 19:42:24
翌日,20260401,更新後,北海道・本州間電力連系設備,2026/04/02,03:00,逆方向,-479.1,204.1,0,-625.0,-900,熱容量,0,0,0,0,0,2026/04/01 19:42:24
翌日,20260401,更新後,北海道・本州間電力連系設備,2026/04/02,03:30,順方向,505.4,184.6,0,210.0,900,熱容量,0,0,0,0,0,2026/04/01 19:42:24
翌日,20260401,更新後,北海道・本州間電力連系設備,2026/04/02,03:30,逆方向,-469.6,184.6,0,-615.0,-900,熱容量,0,0,0,0,0,2026/04/01 19:42:24
翌日,20260401,更新後,北海道・本州間電力連系設備,2026/04/02,04:00,順方向,460.6,229.4,0,210.0,900,熱容量,0,0,0,0,0,2026/04/01 19:42:24
翌日,20260401,更新後,北海道・本州間電力連系設備,2026/04/02,04:00,逆方向,-514.4,229.4,0,-615.0,-900,熱容量,0,0,0,0,0,2026/04/01 19:42:24
翌日,20260401,更新後,北海道・本州間電力連系設備,2026/04/02,04:30,順方向,404.5,295.5,0,200.0,900,熱容量,0,0,0,0,0,2026/04/01 19:42:24
翌日,20260401,更新後,北海道・本州間電力連系設備,2026/04/02,04:30,逆方向,-580.5,295.5,0,-615.0,-900,熱容量,0,0,0,0,0,2026/04/01 19:42:24
翌日,20260401,更新後,北海道・本州間電力連系設備,2026/04/02,05:00,順方向,343.5,356.5,0,200.0,900,熱容量,0,0,0,0,0,2026/04/01 19:42:24
翌日,20260401,更新後,北海道・本州間電力連系設備,2026/04/02,05:00,逆方向,-641.5,356.5,0,-615.0,-900,熱容量,0,0,0,0,0,2026/04/01 19:42:24
翌日,20260401,更新後,北海道・本州間電力連系設備,2026/04/02,05:30,順方向,399.8,300.2,0,200.0,900,熱容量,0,0,0,0,0,2026/04/01 19:42:24
翌日,20260401,更新後,北海道・本州間電力連系設備,2026/04/02,05:30,逆方向,-595.2,300.2,0,-605.0,-900,熱容量,0,0,0,0,0,2026/04/01 19:42:24
翌日,20260401,更新後,北海道・本州間電力連系設備,2026/04/02,06:00,順方向,388.7,311.3,0,200.0,900,熱容量,0,0,0,0,0,2026/04/01 19:42:24
翌日,20260401,更新後,北海道・本州間電力連系設備,2026/04/02,06:00,逆方向,-606.3,311.3,0,-605.0,-900,熱容量,0,0,0,0,0,2026/04/01 19:42:24
翌日,20260401,更新後,北海道・本州間電力連系設備,2026/04/02,06:30,順方向,381.7,318.3,0,200.0,900,熱容量,0,0,0,0,0,2026/04/01 19:42:24
翌日,20260401,更新後,北海道・本州間電力連系設備,2026/04/02,06:30,逆方向,-613.3,318.3,0,-605.0,-900,熱容量,0,0,0,0,0,2026/04/01 19:42:24
翌日,20260401,更新後,北海道・本州間電力連系設備,2026/04/02,07:00,順方向,342.0,358.0,0,200.0,900,熱容量,0,0,0,0,0,2026/04/01 19:42:24
翌日,20260401,更新後,北海道・本州間電力連系設備,2026/04/02,07:00,逆方向,-653.0,358.0,0,-605.0,-900,熱容量,0,0,0,0,0,2026/04/01 19:42:24
翌日,20260401,更新後,北海道・本州間電力連系設備,2026/04/02,07:30,順方向,332.2,367.8,0,200.0,900,熱容量,0,0,0,0,0,2026/04/01 19:42:24
翌日,20260401,更新後,北海道・本州間電力連系設備,2026/04/02,07:30,逆方向,-652.8,367.8,0,-615.0,-900,熱容量,0,0,0,0,0,2026/04/01 19:42:24
翌日,20260401,更新後,北海道・本州間電力連系設備,2026/04/02,08:00,順方向,315.9,384.1,0,200.0,900,熱容量,0,0,0,0,0,2026/04/01 19:42:24
翌日,20260401,更新後,北海道・本州間電力連系設備,2026/04/02,08:00,逆方向,-669.1,384.1,0,-615.0,-900,熱容量,0,0,0,0,0,2026/04/01 19:42:24
翌日,20260401,更新後,北海道・本州間電力連系設備,2026/04/02,08:30,順方向,289.2,420.8,0,190.0,900,熱容量,0,0,0,0,0,2026/04/01 19:42:24
翌日,20260401,更新後,北海道・本州間電力連系設備,2026/04/02,08:30,逆方向,-715.8,420.8,0,-605.0,-900,熱容量,0,0,0,0,0,2026/04/01 19:42:24
翌日,20260401,更新後,北海道・本州間電力連系設備,2026/04/02,09:00,順方向,226.5,483.5,0,190.0,900,熱容量,0,0,0,0,0,2026/04/01 19:42:24
翌日,20260401,更新後,北海道・本州間電力連系設備,2026/04/02,09:00,逆方向,-778.5,483.5,0,-605.0,-900,熱容量,0,0,0,0,0,2026/04/01 19:42:24
翌日,20260401,更新後,北海道・本州間電力連系設備,2026/04/02,09:30,順方向,245.8,474.2,0,180.0,900,熱容量,0,0,0,0,0,2026/04/01 19:42:24
翌日,20260401,更新後,北海道・本州間電力連系設備,2026/04/02,09:30,逆方向,-698.2,474.2,0,-676.0,-900,熱容量,0,0,0,0,0,2026/04/01 19:42:24
翌日,20260401,更新後,北海道・本州間電力連系設備,2026/04/02,10:00,順方向,183.5,536.5,0,180.0,900,熱容量,0,0,0,0,0,2026/04/01 19:42:24
翌日,20260401,更新後,北海道・本州間電力連系設備,2026/04/02,10:00,逆方向,-756.5,536.5,0,-680.0,-900,熱容量,0,0,0,0,0,2026/04/01 19:42:24
翌日,20260401,更新後,北海道・本州間電力連系設備,2026/04/02,10:30,順方向,125.6,594.4,0,180.0,900,熱容量,0,0,0,0,0,2026/04/01 19:42:24
翌日,20260401,更新後,北海道・本州間電力連系設備,2026/04/02,10:30,逆方向,-814.4,594.4,0,-680.0,-900,熱容量,0,0,0,0,0,2026/04/01 19:42:24
翌日,20260401,更新後,北海道・本州間電力連系設備,2026/04/02,11:00,順方向,78.0,642.0,0,180.0,900,熱容量,0,0,0,0,0,2026/04/01 19:42:24
翌日,20260401,更新後,北海道・本州間電力連系設備,2026/04/02,11:00,逆方向,-862.0,642.0,0,-680.0,-900,熱容量,0,0,0,0,0,2026/04/01 19:42:24
翌日,20260401,更新後,北海道・本州間電力連系設備,2026/04/02,11:30,順方向,69.6,640.4,0,190.0,900,熱容量,0,0,0,0,0,2026/04/01 19:42:24
翌日,20260401,更新後,北海道・本州間電力連系設備,2026/04/02,11:30,逆方向,-860.4,640.4,0,-680.0,-900,熱容量,0,0,0,0,0,2026/04/01 19:42:24
翌日,20260401,更新後,北海道・本州間電力連系設備,2026/04/02,12:00,順方向,85.5,624.5,0,190.0,900,熱容量,0,0,0,0,0,2026/04/01 19:42:24
翌日,20260401,更新後,北海道・本州間電力連系設備,2026/04/02,12:00,逆方向,-844.5,624.5,0,-680.0,-900,熱容量,0,0,0,0,0,2026/04/01 19:42:24
翌日,20260401,更新後,北海道・本州間電力連系設備,2026/04/02,12:30,順方向,216.1,473.9,0,210.0,900,熱容量,0,0,0,0,0,2026/04/01 19:42:24
翌日,20260401,更新後,北海道・本州間電力連系設備,2026/04/02,12:30,逆方向,-703.9,473.9,0,-670.0,-900,熱容量,0,0,0,0,0,2026/04/01 19:42:24
翌日,20260401,更新後,北海道・本州間電力連系設備,2026/04/02,13:00,順方向,279.8,410.2,0,210.0,900,熱容量,0,0,0,0,0,2026/04/01 19:42:24
翌日,20260401,更新後,北海道・本州間電力連系設備,2026/04/02,13:00,逆方向,-680.118,410.2,0,-630.082,-900,熱容量,0,0,0,0,0,2026/04/01 19:42:24
翌日,20260401,更新後,北海道・本州間電力連系設備,2026/04/02,13:30,順方向,125.0,565.0,0,210.0,900,熱容量,0,0,0,0,0,2026/04/01 19:42:24
翌日,20260401,更新後,北海道・本州間電力連系設備,2026/04/02,13:30,逆方向,-775.0,565.0,0,-690.0,-900,熱容量,0,0,0,0,0,2026/04/01 19:42:24
翌日,20260401,更新後,北海道・本州間電力連系設備,2026/04/02,14:00,順方向,162.7,527.3,0,210.0,900,熱容量,0,0,0,0,0,2026/04/01 19:42:24
翌日,20260401,更新後,北海道・本州間電力連系設備,2026/04/02,14:00,逆方向,-737.3,527.3,0,-690.0,-900,熱容量,0,0,0,0,0,2026/04/01 19:42:24
翌日,20260401,更新後,北海道・本州間電力連系設備,2026/04/02,14:30,順方向,167.0,513.0,0,220.0,900,熱容量,0,0,0,0,0,2026/04/01 19:42:24
翌日,20260401,更新後,北海道・本州間電力連系設備,2026/04/02,14:30,逆方向,-713.0,513.0,0,-700.0,-900,熱容量,0,0,0,0,0,2026/04/01 19:42:24
翌日,20260401,更新後,北海道・本州間電力連系設備,2026/04/02,15:00,順方向,242.4,437.6,0,220.0,900,熱容量,0,0,0,0,0,2026/04/01 19:42:24
翌日,20260401,更新後,北海道・本州間電力連系設備,2026/04/02,15:00,逆方向,-637.6,437.6,0,-700.0,-900,熱容量,0,0,0,0,0,2026/04/01 19:42:24
翌日,20260401,更新後,北海道・本州間電力連系設備,2026/04/02,15:30,順方向,290.8,379.2,0,230.0,900,熱容量,0,0,0,0,0,2026/04/01 19:42:24
翌日,20260401,更新後,北海道・本州間電力連系設備,2026/04/02,15:30,逆方向,-654.2,379.2,0,-625.0,-900,熱容量,0,0,0,0,0,2026/04/01 19:42:24
翌日,20260401,更新後,北海道・本州間電力連系設備,2026/04/02,16:00,順方向,392.5,277.5,0,230.0,900,熱容量,0,0,0,0,0,2026/04/01 19:42:24
翌日,20260401,更新後,北海道・本州間電力連系設備,2026/04/02,16:00,逆方向,-555.5,277.5,0,-622.0,-900,熱容量,0,0,0,0,0,2026/04/01 19:42:24
翌日,20260401,更新後,北海道・本州間電力連系設備,2026/04/02,16:30,順方向,462.2,227.8,0,210.0,900,熱容量,0,0,0,0,0,2026/04/01 19:42:24
翌日,20260401,更新後,北海道・本州間電力連系設備,2026/04/02,16:30,逆方向,-455.8,227.8,0,-672.0,-900,熱容量,0,0,0,0,0,2026/04/01 19:42:24
翌日,20260401,更新後,北海道・本州間電力連系設備,2026/04/02,17:00,順方向,548.7,141.3,0,210.0,900,熱容量,0,0,0,0,0,2026/04/01 19:42:24
翌日,20260401,更新後,北海道・本州間電力連系設備,2026/04/02,17:00,逆方向,-465.3,141.3,0,-576.0,-900,熱容量,0,0,0,0,0,2026/04/01 19:42:24
翌日,20260401,更新後,北海道・本州間電力連系設備,2026/04/02,17:30,順方向,610.7,89.3,0,200.0,900,熱容量,0,0,0,0,0,2026/04/01 19:42:24
翌日,20260401,更新後,北海道・本州間電力連系設備,2026/04/02,17:30,逆方向,-451.3,89.3,0,-538.0,-900,熱容量,0,0,0,0,0,2026/04/01 19:42:24
翌日,20260401,更新後,北海道・本州間電力連系設備,2026/04/02,18:00,順方向,601.2,98.8,0,200.0,900,熱容量,0,0,0,0,0,2026/04/01 19:42:24
翌日,20260401,更新後,北海道・本州間電力連系設備,2026/04/02,18:00,逆方向,-390.8,98.8,0,-608.0,-900,熱容量,0,0,0,0,0,2026/04/01 19:42:24
翌日,20260401,更新後,北海道・本州間電力連系設備,2026/04/02,18:30,順方向,637.8,82.2,0,180.0,900,熱容量,0,0,0,0,0,2026/04/01 19:42:24
翌日,20260401,更新後,北海道・本州間電力連系設備,2026/04/02,18:30,逆方向,-377.2,82.2,0,-605.0,-900,熱容量,0,0,0,0,0,2026/04/01 19:42:24
翌日,20260401,更新後,北海道・本州間電力連系設備,2026/04/02,19:00,順方向,643.9,76.1,0,180.0,900,熱容量,0,0,0,0,0,2026/04/01 19:42:24
翌日,20260401,更新後,北海道・本州間電力連系設備,2026/04/02,19:00,逆方向,-371.1,76.1,0,-605.0,-900,熱容量,0,0,0,0,0,2026/04/01 19:42:24
翌日,20260401,更新後,北海道・本州間電力連系設備,2026/04/02,19:30,順方向,582.4,127.6,0,190.0,900,熱容量,0,0,0,0,0,2026/04/01 19:42:24
翌日,20260401,更新後,北海道・本州間電力連系設備,2026/04/02,19:30,逆方向,-440.24,127.6,0,-587.36,-900,熱容量,0,0,0,0,0,2026/04/01 19:42:24
翌日,20260401,更新後,北海道・本州間電力連系設備,2026/04/02,20:00,順方向,565.8,144.2,0,190.0,900,熱容量,0,0,0,0,0,2026/04/01 19:42:24
翌日,20260401,更新後,北海道・本州間電力連系設備,2026/04/02,20:00,逆方向,-457.2,144.2,0,-587.0,-900,熱容量,0,0,0,0,0,2026/04/01 19:42:24
翌日,20260401,更新後,北海道・本州間電力連系設備,2026/04/02,20:30,順方向,529.4,170.6,0,200.0,900,熱容量,0,0,0,0,0,2026/04/01 19:42:24
翌日,20260401,更新後,北海道・本州間電力連系設備,2026/04/02,20:30,逆方向,-465.6,170.6,0,-605.0,-900,熱容量,0,0,0,0,0,2026/04/01 19:42:24
翌日,20260401,更新後,北海道・本州間電力連系設備,2026/04/02,21:00,順方向,545.4,154.6,0,200.0,900,熱容量,0,0,0,0,0,2026/04/01 19:42:24
翌日,20260401,更新後,北海道・本州間電力連系設備,2026/04/02,21:00,逆方向,-449.6,154.6,0,-605.0,-900,熱容量,0,0,0,0,0,2026/04/01 19:42:24
翌日,20260401,更新後,北海道・本州間電力連系設備,2026/04/02,21:30,順方向,476.8,203.2,0,220.0,900,熱容量,0,0,0,0,0,2026/04/01 19:42:24
翌日,20260401,更新後,北海道・本州間電力連系設備,2026/04/02,21:30,逆方向,-488.2,203.2,0,-615.0,-900,熱容量,0,0,0,0,0,2026/04/01 19:42:24
翌日,20260401,更新後,北海道・本州間電力連系設備,2026/04/02,22:00,順方向,499.1,180.9,0,220.0,900,熱容量,0,0,0,0,0,2026/04/01 19:42:24
翌日,20260401,更新後,北海道・本州間電力連系設備,2026/04/02,22:00,逆方向,-465.9,180.9,0,-615.0,-900,熱容量,0,0,0,0,0,2026/04/01 19:42:24
翌日,20260401,更新後,北海道・本州間電力連系設備,2026/04/02,22:30,順方向,500.6,169.4,0,230.0,900,熱容量,0,0,0,0,0,2026/04/01 19:42:24
翌日,20260401,更新後,北海道・本州間電力連系設備,2026/04/02,22:30,逆方向,-462.4,169.4,0,-607.0,-900,熱容量,0,0,0,0,0,2026/04/01 19:42:24
翌日,20260401,更新後,北海道・本州間電力連系設備,2026/04/02,23:00,順方向,479.9,190.1,0,230.0,900,熱容量,0,0,0,0,0,2026/04/01 19:42:24
翌日,20260401,更新後,北海道・本州間電力連系設備,2026/04/02,23:00,逆方向,-487.1,190.1,0,-603.0,-900,熱容量,0,0,0,0,0,2026/04/01 19:42:24
翌日,20260401,更新後,北海道・本州間電力連系設備,2026/04/02,23:30,順方向,416.5,253.5,0,230.0,900,熱容量,0,0,0,0,0,2026/04/01 19:42:24
翌日,20260401,更新後,北海道・本州間電力連系設備,2026/04/02,23:30,逆方向,-528.5,253.5,0,-625.0,-900,熱容量,0,0,0,0,0,2026/04/01 19:42:24
翌日,20260401,更新後,北海道・本州間電力連系設備,2026/04/02,24:00,順方向,433.1,236.9,0,230.0,900,熱容量,0,0,0,0,0,2026/04/01 19:42:24
翌日,20260401,更新後,北海道・本州間電力連系設備,2026/04/02,24:00,逆方向,-511.9,236.9,0,-625.0,-900,熱容量,0,0,0,0,0,2026/04/01 19:42:24
翌日,20260401,更新後,相馬双葉幹線,2026/04/02,00:30,順方向,395.4,3054.6,0,0.0,3450,熱容量（作業）,0,0,0,0,0,2026/04/01 19:42:24
翌日,20260401,更新後,相馬双葉幹線,2026/04/02,00:30,逆方向,-5274.6,3054.6,0,-140.0,-2360,熱容量,0,0,0,0,0,2026/04/01 19:42:24
翌日,20260401,更新後,相馬双葉幹線,2026/04/02,01:00,順方向,54.1,3395.9,0,0.0,3450,熱容量（作業）,0,0,0,0,0,2026/04/01 19:42:24
翌日,20260401,更新後,相馬双葉幹線,2026/04/02,01:00,逆方向,-5615.9,3395.9,0,-140.0,-2360,熱容量,0,0,0,0,0,2026/04/01 19:42:24
翌日,20260401,更新後,相馬双葉幹線,2026/04/02,01:30,順方向,40.8,3409.2,0,0.0,3450,熱容量（作業）,0,0,0,0,0,2026/04/01 19:42:24
翌日,20260401,更新後,相馬双葉幹線,2026/04/02,01:30,逆方向,-5629.2,3409.2,0,-140.0,-2360,熱容量,0,0,0,0,0,2026/04/01 19:42:24
翌日,20260401,更新後,相馬双葉幹線,2026/04/02,02:00,順方向,136.5,3313.5,0,0.0,3450,熱容量（作業）,0,0,0,0,0,2026/04/01 19:42:24
翌日,20260401,更新後,相馬双葉幹線,2026/04/02,02:00,逆方向,-5533.5,3313.5,0,-140.0,-2360,熱容量,0,0,0,0,0,2026/04/01 19:42:24
翌日,20260401,更新後,相馬双葉幹線,2026/04/02,02:30,順方向,345.5,3104.5,0,0.0,3450,熱容量（作業）,0,0,0,0,0,2026/04/01 19:42:24
翌日,20260401,更新後,相馬双葉幹線,2026/04/02,02:30,逆方向,-5329.5,3104.5,0,-135.0,-2360,熱容量,0,0,0,0,0,2026/04/01 19:42:24
翌日,20260401,更新後,相馬双葉幹線,2026/04/02,03:00,順方向,426.2,3023.8,0,0.0,3450,熱容量（作業）,0,0,0,0,0,2026/04/01 19:42:24
翌日,20260401,更新後,相馬双葉幹線,2026/04/02,03:00,逆方向,-5253.8,3023.8,0,-130.0,-2360,熱容量,0,0,0,0,0,2026/04/01 19:42:24
翌日,20260401,更新後,相馬双葉幹線,2026/04/02,03:30,順方向,339.2,3110.8,0,0.0,3450,熱容量（作業）,0,0,0,0,0,2026/04/01 19:42:24
翌日,20260401,更新後,相馬双葉幹線,2026/04/02,03:30,逆方向,-5341.8,3110.8,0,-129.0,-2360,熱容量,0,0,0,0,0,2026/04/01 19:42:24
翌日,20260401,更新後,相馬双葉幹線,2026/04/02,04:00,順方向,201.7,3248.3,0,0.0,3450,熱容量（作業）,0,0,0,0,0,2026/04/01 19:42:24
翌日,20260401,更新後,相馬双葉幹線,2026/04/02,04:00,逆方向,-5478.3,3248.3,0,-130.0,-2360,熱容量,0,0,0,0,0,2026/04/01 19:42:24
翌日,20260401,更新後,相馬双葉幹線,2026/04/02,04:30,順方向,351.3,3098.7,0,0.0,3450,熱容量（作業）,0,0,0,0,0,2026/04/01 19:42:24
翌日,20260401,更新後,相馬双葉幹線,2026/04/02,04:30,逆方向,-5324.7,3098.7,0,-134.0,-2360,熱容量,0,0,0,0,0,2026/04/01 19:42:24
翌日,20260401,更新後,相馬双葉幹線,2026/04/02,05:00,順方向,40.1,3409.9,0,0.0,3450,熱容量（作業）,0,0,0,0,0,2026/04/01 19:42:24
翌日,20260401,更新後,相馬双葉幹線,2026/04/02,05:00,逆方向,-5635.9,3409.9,0,-134.0,-2360,熱容量,0,0,0,0,0,2026/04/01 19:42:24
翌日,20260401,更新後,相馬双葉幹線,2026/04/02,05:30,順方向,180.1,3269.9,0,0.0,3450,熱容量（作業）,0,0,0,0,0,2026/04/01 19:42:24
翌日,20260401,更新後,相馬双葉幹線,2026/04/02,05:30,逆方向,-5495.9,3269.9,0,-134.0,-2360,熱容量,0,0,0,0,0,2026/04/01 19:42:24
翌日,20260401,更新後,相馬双葉幹線,2026/04/02,06:00,順方向,150.9,3299.1,0,0.0,3450,熱容量（作業）,0,0,0,0,0,2026/04/01 19:42:24
翌日,20260401,更新後,相馬双葉幹線,2026/04/02,06:00,逆方向,-5518.1,3299.1,0,-141.0,-2360,熱容量,0,0,0,0,0,2026/04/01 19:42:24
翌日,20260401,更新後,相馬双葉幹線,2026/04/02,06:30,順方向,63.5,3386.5,0,0.0,3450,熱容量（作業）,0,0,0,0,0,2026/04/01 19:42:24
翌日,20260401,更新後,相馬双葉幹線,2026/04/02,06:30,逆方向,-5542.5,3386.5,0,-204.0,-2360,熱容量,0,0,0,0,0,2026/04/01 19:42:24
翌日,20260401,更新後,相馬双葉幹線,2026/04/02,07:00,順方向,93.6,3356.4,0,0.0,3450,熱容量（作業）,0,0,0,0,0,2026/04/01 19:42:24
翌日,20260401,更新後,相馬双葉幹線,2026/04/02,07:00,逆方向,-5560.4,3356.4,0,-156.0,-2360,熱容量,0,0,0,0,0,2026/04/01 19:42:24
翌日,20260401,更新後,相馬双葉幹線,2026/04/02,07:30,順方向,126.5,3323.5,0,0.0,3450,熱容量（作業）,0,0,0,0,0,2026/04/01 19:42:24
翌日,20260401,更新後,相馬双葉幹線,2026/04/02,07:30,逆方向,-5608.898,3323.5,0,-74.602,-2360,熱容量,0,0,0,0,0,2026/04/01 19:42:24
翌日,20260401,更新後,相馬双葉幹線,2026/04/02,08:00,順方向,25.1,3424.9,0,0.0,3450,熱容量（作業）,0,0,0,0,0,2026/04/01 19:42:24
翌日,20260401,更新後,相馬双葉幹線,2026/04/02,08:00,逆方向,-5784.9,3424.9,0,0.0,-2360,熱容量,0,0,0,0,0,2026/04/01 19:42:24
翌日,20260401,更新後,相馬双葉幹線,2026/04/02,08:30,順方向,0.0,3550.0,0,0.0,3550,熱容量（作業）,0,0,0,0,0,2026/04/01 19:42:24
翌日,20260401,更新後,相馬双葉幹線,2026/04/02,08:30,逆方向,-5910.0,3550.0,0,0.0,-2360,熱容量,0,0,0,0,0,2026/04/01 19:42:24
翌日,20260401,更新後,相馬双葉幹線,2026/04/02,09:00,順方向,22.7,3527.3,0,0.0,3550,熱容量（作業）,0,0,0,0,0,2026/04/01 19:42:24
翌日,20260401,更新後,相馬双葉幹線,2026/04/02,09:00,逆方向,-5887.3,3527.3,0,0.0,-2360,熱容量,0,0,0,0,0,2026/04/01 19:42:24
翌日,20260401,更新後,相馬双葉幹線,2026/04/02,09:30,順方向,334.6,3215.4,0,0.0,3550,熱容量（作業）,0,0,0,0,0,2026/04/01 19:42:24
翌日,20260401,更新後,相馬双葉幹線,2026/04/02,09:30,逆方向,-5575.4,3215.4,0,0.0,-2360,熱容量,0,0,0,0,0,2026/04/01 19:42:24
翌日,20260401,更新後,相馬双葉幹線,2026/04/02,10:00,順方向,241.3,3308.7,0,0.0,3550,熱容量（作業）,0,0,0,0,0,2026/04/01 19:42:24
翌日,20260401,更新後,相馬双葉幹線,2026/04/02,10:00,逆方向,-5668.7,3308.7,0,0.0,-2360,熱容量,0,0,0,0,0,2026/04/01 19:42:24
翌日,20260401,更新後,相馬双葉幹線,2026/04/02,10:30,順方向,0.0,3550.0,0,0.0,3550,熱容量（作業）,0,0,0,0,0,2026/04/01 19:42:24
翌日,20260401,更新後,相馬双葉幹線,2026/04/02,10:30,逆方向,-5779.0,3550.0,0,-131.0,-2360,熱容量,0,0,0,0,0,2026/04/01 19:42:24
翌日,20260401,更新後,相馬双葉幹線,2026/04/02,11:00,順方向,38.2,3511.8,0,0.0,3550,熱容量（作業）,0,0,0,0,0,2026/04/01 19:42:24
翌日,20260401,更新後,相馬双葉幹線,2026/04/02,11:00,逆方向,-5871.8,3511.8,0,0.0,-2360,熱容量,0,0,0,0,0,2026/04/01 19:42:24
翌日,20260401,更新後,相馬双葉幹線,2026/04/02,11:30,順方向,0.0,3550.0,0,0.0,3550,熱容量（作業）,0,0,0,0,0,2026/04/01 19:42:24
翌日,20260401,更新後,相馬双葉幹線,2026/04/02,11:30,逆方向,-5905.2,3550.0,0,-4.8,-2360,熱容量,0,0,0,0,0,2026/04/01 19:42:24
翌日,20260401,更新後,相馬双葉幹線,2026/04/02,12:00,順方向,0.0,3550.0,0,0.0,3550,熱容量（作業）,0,0,0,0,0,2026/04/01 19:42:24
翌日,20260401,更新後,相馬双葉幹線,2026/04/02,12:00,逆方向,-5910.0,3550.0,0,0.0,-2360,熱容量,0,0,0,0,0,2026/04/01 19:42:24
翌日,20260401,更新後,相馬双葉幹線,2026/04/02,12:30,順方向,0.0,3550.0,0,0.0,3550,熱容量（作業）,0,0,0,0,0,2026/04/01 19:42:24
翌日,20260401,更新後,相馬双葉幹線,2026/04/02,12:30,逆方向,-5910.0,3550.0,0,0.0,-2360,熱容量,0,0,0,0,0,2026/04/01 19:42:24
翌日,20260401,更新後,相馬双葉幹線,2026/04/02,13:00,順方向,0.0,3550.0,0,0.0,3550,熱容量（作業）,0,0,0,0,0,2026/04/01 19:42:24
翌日,20260401,更新後,相馬双葉幹線,2026/04/02,13:00,逆方向,-5908.5,3550.0,0,-1.5,-2360,熱容量,0,0,0,0,0,2026/04/01 19:42:24
翌日,20260401,更新後,相馬双葉幹線,2026/04/02,13:30,順方向,0.0,3550.0,0,0.0,3550,熱容量（作業）,0,0,0,0,0,2026/04/01 19:42:24
翌日,20260401,更新後,相馬双葉幹線,2026/04/02,13:30,逆方向,-5910.0,3550.0,0,0.0,-2360,熱容量,0,0,0,0,0,2026/04/01 19:42:24
翌日,20260401,更新後,相馬双葉幹線,2026/04/02,14:00,順方向,0.0,3550.0,0,0.0,3550,熱容量（作業）,0,0,0,0,0,2026/04/01 19:42:24
翌日,20260401,更新後,相馬双葉幹線,2026/04/02,14:00,逆方向,-5910.0,3550.0,0,0.0,-2360,熱容量,0,0,0,0,0,2026/04/01 19:42:24
翌日,20260401,更新後,相馬双葉幹線,2026/04/02,14:30,順方向,156.8,3393.2,0,0.0,3550,熱容量（作業）,0,0,0,0,0,2026/04/01 19:42:24
翌日,20260401,更新後,相馬双葉幹線,2026/04/02,14:30,逆方向,-5689.244,3393.2,0,-63.956,-2360,熱容量,0,0,0,0,0,2026/04/01 19:42:24
翌日,20260401,更新後,相馬双葉幹線,2026/04/02,15:00,順方向,517.7,3032.3,0,0.0,3550,熱容量（作業）,0,0,0,0,0,2026/04/01 19:42:24
翌日,20260401,更新後,相馬双葉幹線,2026/04/02,15:00,逆方向,-5392.3,3032.3,0,0.0,-2360,熱容量,0,0,0,0,0,2026/04/01 19:42:24
翌日,20260401,更新後,相馬双葉幹線,2026/04/02,15:30,順方向,0.0,3550.0,0,0.0,3550,熱容量（作業）,0,0,0,0,0,2026/04/01 19:42:24
翌日,20260401,更新後,相馬双葉幹線,2026/04/02,15:30,逆方向,-5751.534,3550.0,0,-158.466,-2360,熱容量,0,0,0,0,0,2026/04/01 19:42:24
翌日,20260401,更新後,相馬双葉幹線,2026/04/02,16:00,順方向,348.5,3201.5,0,0.0,3550,熱容量（作業）,0,0,0,0,0,2026/04/01 19:42:24
翌日,20260401,更新後,相馬双葉幹線,2026/04/02,16:00,逆方向,-5420.978,3201.5,0,-140.522,-2360,熱容量,0,0,0,0,0,2026/04/01 19:42:24
翌日,20260401,更新後,相馬双葉幹線,2026/04/02,16:30,順方向,635.5,2914.5,0,0.0,3550,熱容量（作業）,0,0,0,0,0,2026/04/01 19:42:24
翌日,20260401,更新後,相馬双葉幹線,2026/04/02,16:30,逆方向,-5274.5,2914.5,0,0.0,-2360,熱容量,0,0,0,0,0,2026/04/01 19:42:24
翌日,20260401,更新後,相馬双葉幹線,2026/04/02,17:00,順方向,253.5,3296.5,0,0.0,3550,熱容量（作業）,0,0,0,0,0,2026/04/01 19:42:24
翌日,20260401,更新後,相馬双葉幹線,2026/04/02,17:00,逆方向,-5617.5,3296.5,0,-39.0,-2360,熱容量,0,0,0,0,0,2026/04/01 19:42:24
翌日,20260401,更新後,相馬双葉幹線,2026/04/02,17:30,順方向,384.5,3165.5,0,0.0,3550,熱容量（作業）,0,0,0,0,0,2026/04/01 19:42:24
翌日,20260401,更新後,相馬双葉幹線,2026/04/02,17:30,逆方向,-5370.5,3165.5,0,-155.0,-2360,熱容量,0,0,0,0,0,2026/04/01 19:42:24
翌日,20260401,更新後,相馬双葉幹線,2026/04/02,18:00,順方向,944.6,2605.4,0,0.0,3550,熱容量（作業）,0,0,0,0,0,2026/04/01 19:42:24
翌日,20260401,更新後,相馬双葉幹線,2026/04/02,18:00,逆方向,-4855.316,2605.4,0,-110.084,-2360,熱容量,0,0,0,0,0,2026/04/01 19:42:24
翌日,20260401,更新後,相馬双葉幹線,2026/04/02,18:30,順方向,1009.8,2540.2,0,0.0,3550,熱容量（作業）,0,0,0,0,0,2026/04/01 19:42:24
翌日,20260401,更新後,相馬双葉幹線,2026/04/02,18:30,逆方向,-4815.2,2540.2,0,-85.0,-2360,熱容量,0,0,0,0,0,2026/04/01 19:42:24
翌日,20260401,更新後,相馬双葉幹線,2026/04/02,19:00,順方向,920.8,2629.2,0,0.0,3550,熱容量（作業）,0,0,0,0,0,2026/04/01 19:42:24
翌日,20260401,更新後,相馬双葉幹線,2026/04/02,19:00,逆方向,-4904.2,2629.2,0,-85.0,-2360,熱容量,0,0,0,0,0,2026/04/01 19:42:24
翌日,20260401,更新後,相馬双葉幹線,2026/04/02,19:30,順方向,372.9,3177.1,0,0.0,3550,熱容量（作業）,0,0,0,0,0,2026/04/01 19:42:24
翌日,20260401,更新後,相馬双葉幹線,2026/04/02,19:30,逆方向,-5361.74,3177.1,0,-175.36,-2360,熱容量,0,0,0,0,0,2026/04/01 19:42:24
翌日,20260401,更新後,相馬双葉幹線,2026/04/02,20:00,順方向,354.3,3195.7,0,0.0,3550,熱容量（作業）,0,0,0,0,0,2026/04/01 19:42:24
翌日,20260401,更新後,相馬双葉幹線,2026/04/02,20:00,逆方向,-5450.7,3195.7,0,-105.0,-2360,熱容量,0,0,0,0,0,2026/04/01 19:42:24
翌日,20260401,更新後,相馬双葉幹線,2026/04/02,20:30,順方向,353.2,3196.8,0,0.0,3550,熱容量（作業）,0,0,0,0,0,2026/04/01 19:42:24
翌日,20260401,更新後,相馬双葉幹線,2026/04/02,20:30,逆方向,-5468.8,3196.8,0,-88.0,-2360,熱容量,0,0,0,0,0,2026/04/01 19:42:24
翌日,20260401,更新後,相馬双葉幹線,2026/04/02,21:00,順方向,558.7,2991.3,0,0.0,3550,熱容量（作業）,0,0,0,0,0,2026/04/01 19:42:24
翌日,20260401,更新後,相馬双葉幹線,2026/04/02,21:00,逆方向,-5335.3,2991.3,0,-16.0,-2360,熱容量,0,0,0,0,0,2026/04/01 19:42:24
翌日,20260401,更新後,相馬双葉幹線,2026/04/02,21:30,順方向,0.0,3550.0,0,0.0,3550,熱容量（作業）,0,0,0,0,0,2026/04/01 19:42:24
翌日,20260401,更新後,相馬双葉幹線,2026/04/02,21:30,逆方向,-5910.0,3550.0,0,0.0,-2360,熱容量,0,0,0,0,0,2026/04/01 19:42:24
翌日,20260401,更新後,相馬双葉幹線,2026/04/02,22:00,順方向,0.0,3550.0,0,0.0,3550,熱容量（作業）,0,0,0,0,0,2026/04/01 19:42:24
翌日,20260401,更新後,相馬双葉幹線,2026/04/02,22:00,逆方向,-5901.0,3550.0,0,-9.0,-2360,熱容量,0,0,0,0,0,2026/04/01 19:42:24
翌日,20260401,更新後,相馬双葉幹線,2026/04/02,22:30,順方向,0.0,3450.0,0,0.0,3450,熱容量（作業）,0,0,0,0,0,2026/04/01 19:42:24
翌日,20260401,更新後,相馬双葉幹線,2026/04/02,22:30,逆方向,-5713.0,3450.0,0,-97.0,-2360,熱容量,0,0,0,0,0,2026/04/01 19:42:24
翌日,20260401,更新後,相馬双葉幹線,2026/04/02,23:00,順方向,0.0,3450.0,0,0.0,3450,熱容量（作業）,0,0,0,0,0,2026/04/01 19:42:24
翌日,20260401,更新後,相馬双葉幹線,2026/04/02,23:00,逆方向,-5799.649,3450.0,0,-10.351,-2360,熱容量,0,0,0,0,0,2026/04/01 19:42:24
翌日,20260401,更新後,相馬双葉幹線,2026/04/02,23:30,順方向,0.0,3450.0,0,0.0,3450,熱容量（作業）,0,0,0,0,0,2026/04/01 19:42:24
翌日,20260401,更新後,相馬双葉幹線,2026/04/02,23:30,逆方向,-5707.0,3450.0,0,-103.0,-2360,熱容量,0,0,0,0,0,2026/04/01 19:42:24
翌日,20260401,更新後,相馬双葉幹線,2026/04/02,24:00,順方向,710.0,2740.0,0,0.0,3450,熱容量（作業）,0,0,0,0,0,2026/04/01 19:42:24
翌日,20260401,更新後,相馬双葉幹線,2026/04/02,24:00,逆方向,-4883.0,2740.0,0,-217.0,-2360,熱容量,0,0,0,0,0,2026/04/01 19:42:24
翌日,20260401,更新後,周波数変換設備,2026/04/02,00:30,順方向,26.2,873.8,0,600.0,1500,熱容量（作業）,0,0,0,0,0,2026/04/01 19:42:24
翌日,20260401,更新後,周波数変換設備,2026/04/02,00:30,逆方向,-1683.463,873.8,0,-690.337,-1500,熱容量（作業）,0,0,0,0,0,2026/04/01 19:42:24
翌日,20260401,更新後,周波数変換設備,2026/04/02,01:00,順方向,7.1,892.9,0,600.0,1500,熱容量（作業）,0,0,0,0,0,2026/04/01 19:42:24
翌日,20260401,更新後,周波数変換設備,2026/04/02,01:00,逆方向,-1697.848,892.9,0,-695.052,-1500,熱容量（作業）,0,0,0,0,0,2026/04/01 19:42:24
翌日,20260401,更新後,周波数変換設備,2026/04/02,01:30,順方向,0.4,899.6,0,600.0,1500,熱容量（作業）,0,0,0,0,0,2026/04/01 19:42:24
翌日,20260401,更新後,周波数変換設備,2026/04/02,01:30,逆方向,-1700.532,899.6,0,-699.068,-1500,熱容量（作業）,0,0,0,0,0,2026/04/01 19:42:24
翌日,20260401,更新後,周波数変換設備,2026/04/02,02:00,順方向,0.0,900.0,0,600.0,1500,熱容量（作業）,0,0,0,0,0,2026/04/01 19:42:24
翌日,20260401,更新後,周波数変換設備,2026/04/02,02:00,逆方向,-1675.302,900.0,0,-724.698,-1500,熱容量（作業）,0,0,0,0,0,2026/04/01 19:42:24
翌日,20260401,更新後,周波数変換設備,2026/04/02,02:30,順方向,0.0,900.0,0,600.0,1500,熱容量（作業）,0,0,0,0,0,2026/04/01 19:42:24
翌日,20260401,更新後,周波数変換設備,2026/04/02,02:30,逆方向,-1694.45,900.0,0,-705.55,-1500,熱容量（作業）,0,0,0,0,0,2026/04/01 19:42:24
翌日,20260401,更新後,周波数変換設備,2026/04/02,03:00,順方向,0.0,900.0,0,600.0,1500,熱容量（作業）,0,0,0,0,0,2026/04/01 19:42:24
翌日,20260401,更新後,周波数変換設備,2026/04/02,03:00,逆方向,-1700.468,900.0,0,-699.532,-1500,熱容量（作業）,0,0,0,0,0,2026/04/01 19:42:24
翌日,20260401,更新後,周波数変換設備,2026/04/02,03:30,順方向,0.0,900.0,0,600.0,1500,熱容量（作業）,0,0,0,0,0,2026/04/01 19:42:24
翌日,20260401,更新後,周波数変換設備,2026/04/02,03:30,逆方向,-1742.962,900.0,0,-657.038,-1500,熱容量（作業）,0,0,0,0,0,2026/04/01 19:42:24
翌日,20260401,更新後,周波数変換設備,2026/04/02,04:00,順方向,0.0,900.0,0,600.0,1500,熱容量（作業）,0,0,0,0,0,2026/04/01 19:42:24
翌日,20260401,更新後,周波数変換設備,2026/04/02,04:00,逆方向,-1745.826,900.0,0,-654.174,-1500,熱容量（作業）,0,0,0,0,0,2026/04/01 19:42:24
翌日,20260401,更新後,周波数変換設備,2026/04/02,04:30,順方向,0.0,900.0,0,600.0,1500,熱容量（作業）,0,0,0,0,0,2026/04/01 19:42:24
翌日,20260401,更新後,周波数変換設備,2026/04/02,04:30,逆方向,-1800.0,900.0,0,-600.0,-1500,熱容量（作業）,0,0,0,0,0,2026/04/01 19:42:24
翌日,20260401,更新後,周波数変換設備,2026/04/02,05:00,順方向,0.0,900.0,0,600.0,1500,熱容量（作業）,0,0,0,0,0,2026/04/01 19:42:24
翌日,20260401,更新後,周波数変換設備,2026/04/02,05:00,逆方向,-1733.8,900.0,0,-666.2,-1500,熱容量（作業）,0,0,0,0,0,2026/04/01 19:42:24
翌日,20260401,更新後,周波数変換設備,2026/04/02,05:30,順方向,0.0,900.0,0,600.0,1500,熱容量（作業）,0,0,0,0,0,2026/04/01 19:42:24
翌日,20260401,更新後,周波数変換設備,2026/04/02,05:30,逆方向,-1719.881,900.0,0,-680.119,-1500,熱容量（作業）,0,0,0,0,0,2026/04/01 19:42:24
翌日,20260401,更新後,周波数変換設備,2026/04/02,06:00,順方向,0.0,900.0,0,600.0,1500,熱容量（作業）,0,0,0,0,0,2026/04/01 19:42:24
翌日,20260401,更新後,周波数変換設備,2026/04/02,06:00,逆方向,-1624.466,900.0,0,-775.534,-1500,熱容量（作業）,0,0,0,0,0,2026/04/01 19:42:24
翌日,20260401,更新後,周波数変換設備,2026/04/02,06:30,順方向,98.5,801.5,0,600.0,1500,熱容量（作業）,0,0,0,0,0,2026/04/01 19:42:24
翌日,20260401,更新後,周波数変換設備,2026/04/02,06:30,逆方向,-1525.543,801.5,0,-775.957,-1500,熱容量（作業）,0,0,0,0,0,2026/04/01 19:42:24
翌日,20260401,更新後,周波数変換設備,2026/04/02,07:00,順方向,186.1,713.9,0,600.0,1500,熱容量（作業）,0,0,0,0,0,2026/04/01 19:42:24
翌日,20260401,更新後,周波数変換設備,2026/04/02,07:00,逆方向,-985.932,713.9,0,-1227.968,-1500,熱容量（作業）,0,0,0,0,0,2026/04/01 19:42:24
翌日,20260401,更新後,周波数変換設備,2026/04/02,07:30,順方向,949.7,-49.7,0,600.0,1500,熱容量（作業）,0,0,0,0,0,2026/04/01 19:42:24
翌日,20260401,更新後,周波数変換設備,2026/04/02,07:30,逆方向,-646.757,-49.7,0,-803.543,-1500,熱容量（作業）,0,0,0,0,0,2026/04/01 19:42:24
翌日,20260401,更新後,周波数変換設備,2026/04/02,08:00,順方向,1447.2,-564.9,0,617.7,1500,熱容量（作業）,0,0,0,0,0,2026/04/01 19:42:24
翌日,20260401,更新後,周波数変換設備,2026/04/02,08:00,逆方向,-335.1,-564.9,0,-600.0,-1500,熱容量（作業）,0,0,0,0,0,2026/04/01 19:42:24
翌日,20260401,更新後,周波数変換設備,2026/04/02,08:30,順方向,1800.0,-900.0,0,600.0,1500,熱容量（作業）,0,0,0,0,0,2026/04/01 19:42:24
翌日,20260401,更新後,周波数変換設備,2026/04/02,08:30,逆方向,0.0,-900.0,0,-600.0,-1500,熱容量（作業）,0,0,0,0,0,2026/04/01 19:42:24
翌日,20260401,更新後,周波数変換設備,2026/04/02,09:00,順方向,1800.0,-900.0,0,600.0,1500,熱容量（作業）,0,0,0,0,0,2026/04/01 19:42:24
翌日,20260401,更新後,周波数変換設備,2026/04/02,09:00,逆方向,0.0,-900.0,0,-600.0,-1500,熱容量（作業）,0,0,0,0,0,2026/04/01 19:42:24
翌日,20260401,更新後,周波数変換設備,2026/04/02,09:30,順方向,1800.0,-900.0,0,600.0,1500,熱容量（作業）,0,0,0,0,0,2026/04/01 19:42:24
翌日,20260401,更新後,周波数変換設備,2026/04/02,09:30,逆方向,0.0,-900.0,0,-600.0,-1500,熱容量（作業）,0,0,0,0,0,2026/04/01 19:42:24
翌日,20260401,更新後,周波数変換設備,2026/04/02,10:00,順方向,1665.672,-900.0,0,734.328,1500,熱容量（作業）,0,0,0,0,0,2026/04/01 19:42:24
翌日,20260401,更新後,周波数変換設備,2026/04/02,10:00,逆方向,0.0,-900.0,0,-600.0,-1500,熱容量（作業）,0,0,0,0,0,2026/04/01 19:42:24
翌日,20260401,更新後,周波数変換設備,2026/04/02,10:30,順方向,1672.0,-900.0,0,728.0,1500,熱容量（作業）,0,0,0,0,0,2026/04/01 19:42:24
翌日,20260401,更新後,周波数変換設備,2026/04/02,10:30,逆方向,0.0,-900.0,0,-600.0,-1500,熱容量（作業）,0,0,0,0,0,2026/04/01 19:42:24
翌日,20260401,更新後,周波数変換設備,2026/04/02,11:00,順方向,1597.281,-900.0,0,802.719,1500,熱容量（作業）,0,0,0,0,0,2026/04/01 19:42:24
翌日,20260401,更新後,周波数変換設備,2026/04/02,11:00,逆方向,0.0,-900.0,0,-600.0,-1500,熱容量（作業）,0,0,0,0,0,2026/04/01 19:42:24
翌日,20260401,更新後,周波数変換設備,2026/04/02,11:30,順方向,1643.0,-900.0,0,757.0,1500,熱容量（作業）,0,0,0,0,0,2026/04/01 19:42:24
翌日,20260401,更新後,周波数変換設備,2026/04/02,11:30,逆方向,0.0,-900.0,0,-600.0,-1500,熱容量（作業）,0,0,0,0,0,2026/04/01 19:42:24
翌日,20260401,更新後,周波数変換設備,2026/04/02,12:00,順方向,1752.001,-900.0,0,647.999,1500,熱容量（作業）,0,0,0,0,0,2026/04/01 19:42:24
翌日,20260401,更新後,周波数変換設備,2026/04/02,12:00,逆方向,0.0,-900.0,0,-600.0,-1500,熱容量（作業）,0,0,0,0,0,2026/04/01 19:42:24
翌日,20260401,更新後,周波数変換設備,2026/04/02,12:30,順方向,1633.427,-900.0,0,766.573,1500,熱容量（作業）,0,0,0,0,0,2026/04/01 19:42:24
翌日,20260401,更新後,周波数変換設備,2026/04/02,12:30,逆方向,0.0,-900.0,0,-600.0,-1500,熱容量（作業）,0,0,0,0,0,2026/04/01 19:42:24
翌日,20260401,更新後,周波数変換設備,2026/04/02,13:00,順方向,1681.559,-900.0,0,718.441,1500,熱容量（作業）,0,0,0,0,0,2026/04/01 19:42:24
翌日,20260401,更新後,周波数変換設備,2026/04/02,13:00,逆方向,0.0,-900.0,0,-600.0,-1500,熱容量（作業）,0,0,0,0,0,2026/04/01 19:42:24
翌日,20260401,更新後,周波数変換設備,2026/04/02,13:30,順方向,1665.189,-900.0,0,734.811,1500,熱容量（作業）,0,0,0,0,0,2026/04/01 19:42:24
翌日,20260401,更新後,周波数変換設備,2026/04/02,13:30,逆方向,0.0,-900.0,0,-600.0,-1500,熱容量（作業）,0,0,0,0,0,2026/04/01 19:42:24
翌日,20260401,更新後,周波数変換設備,2026/04/02,14:00,順方向,1655.299,-900.0,0,744.701,1500,熱容量（作業）,0,0,0,0,0,2026/04/01 19:42:24
翌日,20260401,更新後,周波数変換設備,2026/04/02,14:00,逆方向,0.0,-900.0,0,-600.0,-1500,熱容量（作業）,0,0,0,0,0,2026/04/01 19:42:24
翌日,20260401,更新後,周波数変換設備,2026/04/02,14:30,順方向,1797.5,-900.0,0,602.5,1500,熱容量（作業）,0,0,0,0,0,2026/04/01 19:42:24
翌日,20260401,更新後,周波数変換設備,2026/04/02,14:30,逆方向,0.0,-900.0,0,-600.0,-1500,熱容量（作業）,0,0,0,0,0,2026/04/01 19:42:24
翌日,20260401,更新後,周波数変換設備,2026/04/02,15:00,順方向,1764.748,-900.0,0,635.252,1500,熱容量（作業）,0,0,0,0,0,2026/04/01 19:42:24
翌日,20260401,更新後,周波数変換設備,2026/04/02,15:00,逆方向,0.0,-900.0,0,-600.0,-1500,熱容量（作業）,0,0,0,0,0,2026/04/01 19:42:24
翌日,20260401,更新後,周波数変換設備,2026/04/02,15:30,順方向,1800.0,-900.0,0,600.0,1500,熱容量（作業）,0,0,0,0,0,2026/04/01 19:42:24
翌日,20260401,更新後,周波数変換設備,2026/04/02,15:30,逆方向,0.0,-900.0,0,-600.0,-1500,熱容量（作業）,0,0,0,0,0,2026/04/01 19:42:24
翌日,20260401,更新後,周波数変換設備,2026/04/02,16:00,順方向,1771.746,-900.0,0,628.254,1500,熱容量（作業）,0,0,0,0,0,2026/04/01 19:42:24
翌日,20260401,更新後,周波数変換設備,2026/04/02,16:00,逆方向,0.0,-900.0,0,-600.0,-1500,熱容量（作業）,0,0,0,0,0,2026/04/01 19:42:24
翌日,20260401,更新後,周波数変換設備,2026/04/02,16:30,順方向,1668.672,-900.0,0,731.328,1500,熱容量（作業）,0,0,0,0,0,2026/04/01 19:42:24
翌日,20260401,更新後,周波数変換設備,2026/04/02,16:30,逆方向,0.0,-900.0,0,-600.0,-1500,熱容量（作業）,0,0,0,0,0,2026/04/01 19:42:24
翌日,20260401,更新後,周波数変換設備,2026/04/02,17:00,順方向,1529.173,-777.6,0,748.427,1500,熱容量（作業）,0,0,0,0,0,2026/04/01 19:42:24
翌日,20260401,更新後,周波数変換設備,2026/04/02,17:00,逆方向,-122.4,-777.6,0,-600.0,-1500,熱容量（作業）,0,0,0,0,0,2026/04/01 19:42:24
翌日,20260401,更新後,周波数変換設備,2026/04/02,17:30,順方向,485.6,414.4,0,600.0,1500,熱容量（作業）,0,0,0,0,0,2026/04/01 19:42:24
翌日,20260401,更新後,周波数変換設備,2026/04/02,17:30,逆方向,-1050.096,414.4,0,-864.304,-1500,熱容量（作業）,0,0,0,0,0,2026/04/01 19:42:24
翌日,20260401,更新後,周波数変換設備,2026/04/02,18:00,順方向,1573.4,-444.4,0,671.0,1800,熱容量（作業）,0,0,0,0,0,2026/04/01 19:42:24
翌日,20260401,更新後,周波数変換設備,2026/04/02,18:00,逆方向,-637.534,-444.4,0,-718.066,-1800,熱容量（作業）,0,0,0,0,0,2026/04/01 19:42:24
翌日,20260401,更新後,周波数変換設備,2026/04/02,18:30,順方向,1606.6,-406.6,0,600.0,1800,熱容量（作業）,0,0,0,0,0,2026/04/01 19:42:24
翌日,20260401,更新後,周波数変換設備,2026/04/02,18:30,逆方向,-705.004,-406.6,0,-688.396,-1800,熱容量（作業）,0,0,0,0,0,2026/04/01 19:42:24
翌日,20260401,更新後,周波数変換設備,2026/04/02,19:00,順方向,1414.9,-214.9,0,600.0,1800,熱容量（作業）,0,0,0,0,0,2026/04/01 19:42:24
翌日,20260401,更新後,周波数変換設備,2026/04/02,19:00,逆方向,-788.33,-214.9,0,-796.77,-1800,熱容量（作業）,0,0,0,0,0,2026/04/01 19:42:24
翌日,20260401,更新後,周波数変換設備,2026/04/02,19:30,順方向,419.2,780.8,0,600.0,1800,熱容量（作業）,0,0,0,0,0,2026/04/01 19:42:24
翌日,20260401,更新後,周波数変換設備,2026/04/02,19:30,逆方向,-1688.724,780.8,0,-892.076,-1800,熱容量（作業）,0,0,0,0,0,2026/04/01 19:42:24
翌日,20260401,更新後,周波数変換設備,2026/04/02,20:00,順方向,80.0,1120.0,0,600.0,1800,熱容量（作業）,0,0,0,0,0,2026/04/01 19:42:24
翌日,20260401,更新後,周波数変換設備,2026/04/02,20:00,逆方向,-2010.9,1120.0,0,-909.1,-1800,熱容量（作業）,0,0,0,0,0,2026/04/01 19:42:24
翌日,20260401,更新後,周波数変換設備,2026/04/02,20:30,順方向,108.4,1091.6,0,600.0,1800,熱容量（作業）,0,0,0,0,0,2026/04/01 19:42:24
翌日,20260401,更新後,周波数変換設備,2026/04/02,20:30,逆方向,-1968.623,1091.6,0,-922.977,-1800,熱容量（作業）,0,0,0,0,0,2026/04/01 19:42:24
翌日,20260401,更新後,周波数変換設備,2026/04/02,21:00,順方向,147.1,1052.9,0,600.0,1800,熱容量（作業）,0,0,0,0,0,2026/04/01 19:42:24
翌日,20260401,更新後,周波数変換設備,2026/04/02,21:00,逆方向,-1943.81,1052.9,0,-909.09,-1800,熱容量（作業）,0,0,0,0,0,2026/04/01 19:42:24
翌日,20260401,更新後,周波数変換設備,2026/04/02,21:30,順方向,607.3,592.7,0,600.0,1800,熱容量（作業）,0,0,0,0,0,2026/04/01 19:42:24
翌日,20260401,更新後,周波数変換設備,2026/04/02,21:30,逆方向,-1495.096,592.7,0,-897.604,-1800,熱容量（作業）,0,0,0,0,0,2026/04/01 19:42:24
翌日,20260401,更新後,周波数変換設備,2026/04/02,22:00,順方向,1262.8,-62.8,0,600.0,1800,熱容量（作業）,0,0,0,0,0,2026/04/01 19:42:24
翌日,20260401,更新後,周波数変換設備,2026/04/02,22:00,逆方向,-802.223,-62.8,0,-934.977,-1800,熱容量（作業）,0,0,0,0,0,2026/04/01 19:42:24
翌日,20260401,更新後,周波数変換設備,2026/04/02,22:30,順方向,1029.6,170.4,0,600.0,1800,熱容量（作業）,0,0,0,0,0,2026/04/01 19:42:24
翌日,20260401,更新後,周波数変換設備,2026/04/02,22:30,逆方向,-879.342,170.4,0,-1091.058,-1800,熱容量（作業）,0,0,0,0,0,2026/04/01 19:42:24
翌日,20260401,更新後,周波数変換設備,2026/04/02,23:00,順方向,780.2,419.8,0,600.0,1800,熱容量（作業）,0,0,0,0,0,2026/04/01 19:42:24
翌日,20260401,更新後,周波数変換設備,2026/04/02,23:00,逆方向,-1287.057,419.8,0,-932.743,-1800,熱容量（作業）,0,0,0,0,0,2026/04/01 19:42:24
翌日,20260401,更新後,周波数変換設備,2026/04/02,23:30,順方向,414.4,785.6,0,600.0,1800,熱容量（作業）,0,0,0,0,0,2026/04/01 19:42:24
翌日,20260401,更新後,周波数変換設備,2026/04/02,23:30,逆方向,-1614.623,785.6,0,-970.977,-1800,熱容量（作業）,0,0,0,0,0,2026/04/01 19:42:24
翌日,20260401,更新後,周波数変換設備,2026/04/02,24:00,順方向,491.3,708.7,0,600.0,1800,熱容量（作業）,0,0,0,0,0,2026/04/01 19:42:24
翌日,20260401,更新後,周波数変換設備,2026/04/02,24:00,逆方向,-1487.586,708.7,0,-1021.114,-1800,熱容量（作業）,0,0,0,0,0,2026/04/01 19:42:24
翌日,20260401,更新後,西播東岡山線・山崎智頭線,2026/04/02,00:30,順方向,6573.717,-2277.7,0,303.983,4600,電圧,0,0,0,0,0,2026/04/01 19:42:24
翌日,20260401,更新後,西播東岡山線・山崎智頭線,2026/04/02,00:30,逆方向,-2045.742,-2454.258,0,0.0,-4500,電圧,0,0,0,0,0,2026/04/01 19:42:24
翌日,20260401,更新後,西播東岡山線・山崎智頭線,2026/04/02,01:00,順方向,6171.207,-1975.464,0,404.257,4600,電圧,0,0,0,0,0,2026/04/01 19:42:24
翌日,20260401,更新後,西播東岡山線・山崎智頭線,2026/04/02,01:00,逆方向,-2293.84,-2206.16,0,0.0,-4500,電圧,0,0,0,0,0,2026/04/01 19:42:24
翌日,20260401,更新後,西播東岡山線・山崎智頭線,2026/04/02,01:30,順方向,6098.685,-1882.534,0,383.849,4600,電圧,0,0,0,0,0,2026/04/01 19:42:24
翌日,20260401,更新後,西播東岡山線・山崎智頭線,2026/04/02,01:30,逆方向,-2447.152,-2052.848,0,0.0,-4500,電圧,0,0,0,0,0,2026/04/01 19:42:24
翌日,20260401,更新後,西播東岡山線・山崎智頭線,2026/04/02,02:00,順方向,6064.556,-1844.872,0,380.316,4600,電圧,0,0,0,0,0,2026/04/01 19:42:24
翌日,20260401,更新後,西播東岡山線・山崎智頭線,2026/04/02,02:00,逆方向,-2374.266,-2125.734,0,0.0,-4500,電圧,0,0,0,0,0,2026/04/01 19:42:24
翌日,20260401,更新後,西播東岡山線・山崎智頭線,2026/04/02,02:30,順方向,6196.384,-1960.446,0,364.062,4600,電圧,0,0,0,0,0,2026/04/01 19:42:24
翌日,20260401,更新後,西播東岡山線・山崎智頭線,2026/04/02,02:30,逆方向,-2277.756,-2222.244,0,0.0,-4500,電圧,0,0,0,0,0,2026/04/01 19:42:24
翌日,20260401,更新後,西播東岡山線・山崎智頭線,2026/04/02,03:00,順方向,6594.353,-2356.42,0,362.067,4600,電圧,0,0,0,0,0,2026/04/01 19:42:24
翌日,20260401,更新後,西播東岡山線・山崎智頭線,2026/04/02,03:00,逆方向,-1858.186,-2641.814,0,0.0,-4500,電圧,0,0,0,0,0,2026/04/01 19:42:24
翌日,20260401,更新後,西播東岡山線・山崎智頭線,2026/04/02,03:30,順方向,6651.896,-2359.738,0,307.842,4600,電圧,0,0,0,0,0,2026/04/01 19:42:24
翌日,20260401,更新後,西播東岡山線・山崎智頭線,2026/04/02,03:30,逆方向,-1940.85,-2559.15,0,0.0,-4500,電圧,0,0,0,0,0,2026/04/01 19:42:24
翌日,20260401,更新後,西播東岡山線・山崎智頭線,2026/04/02,04:00,順方向,6570.024,-2169.426,0,199.402,4600,電圧,0,0,0,0,0,2026/04/01 19:42:24
翌日,20260401,更新後,西播東岡山線・山崎智頭線,2026/04/02,04:00,逆方向,-1883.996,-2616.004,0,0.0,-4500,電圧,0,0,0,0,0,2026/04/01 19:42:24
翌日,20260401,更新後,西播東岡山線・山崎智頭線,2026/04/02,04:30,順方向,6771.228,-2333.766,0,162.538,4600,電圧,0,0,0,0,0,2026/04/01 19:42:24
翌日,20260401,更新後,西播東岡山線・山崎智頭線,2026/04/02,04:30,逆方向,-1664.697,-2788.728,0,-46.575,-4500,電圧,0,0,0,0,0,2026/04/01 19:42:24
翌日,20260401,更新後,西播東岡山線・山崎智頭線,2026/04/02,05:00,順方向,6478.092,-2286.494,0,408.402,4600,電圧,0,0,0,0,0,2026/04/01 19:42:24
翌日,20260401,更新後,西播東岡山線・山崎智頭線,2026/04/02,05:00,逆方向,-1744.954,-2755.046,0,0.0,-4500,電圧,0,0,0,0,0,2026/04/01 19:42:24
翌日,20260401,更新後,西播東岡山線・山崎智頭線,2026/04/02,05:30,順方向,6490.516,-2294.682,0,404.166,4600,電圧,0,0,0,0,0,2026/04/01 19:42:24
翌日,20260401,更新後,西播東岡山線・山崎智頭線,2026/04/02,05:30,逆方向,-1731.7,-2768.3,0,0.0,-4500,電圧,0,0,0,0,0,2026/04/01 19:42:24
翌日,20260401,更新後,西播東岡山線・山崎智頭線,2026/04/02,06:00,順方向,6522.122,-2168.02,0,245.898,4600,電圧,0,0,0,0,0,2026/04/01 19:42:24
翌日,20260401,更新後,西播東岡山線・山崎智頭線,2026/04/02,06:00,逆方向,-1886.972,-2613.028,0,0.0,-4500,電圧,0,0,0,0,0,2026/04/01 19:42:24
翌日,20260401,更新後,西播東岡山線・山崎智頭線,2026/04/02,06:30,順方向,6219.089,-2021.14,0,402.051,4600,電圧,0,0,0,0,0,2026/04/01 19:42:24
翌日,20260401,更新後,西播東岡山線・山崎智頭線,2026/04/02,06:30,逆方向,-1997.668,-2463.184,0,-39.148,-4500,電圧,0,0,0,0,0,2026/04/01 19:42:24
翌日,20260401,更新後,西播東岡山線・山崎智頭線,2026/04/02,07:00,順方向,6461.426,-2231.366,0,369.94,4600,電圧,0,0,0,0,0,2026/04/01 19:42:24
翌日,20260401,更新後,西播東岡山線・山崎智頭線,2026/04/02,07:00,逆方向,-1938.913,-2520.692,0,-40.395,-4500,電圧,0,0,0,0,0,2026/04/01 19:42:24
翌日,20260401,更新後,西播東岡山線・山崎智頭線,2026/04/02,07:30,順方向,6562.273,-2520.44,0,558.167,4600,電圧,0,0,0,0,0,2026/04/01 19:42:24
翌日,20260401,更新後,西播東岡山線・山崎智頭線,2026/04/02,07:30,逆方向,-1282.162,-3217.838,0,0.0,-4500,電圧,0,0,0,0,0,2026/04/01 19:42:24
翌日,20260401,更新後,西播東岡山線・山崎智頭線,2026/04/02,08:00,順方向,6444.872,-2592.208,0,747.336,4600,電圧,0,0,0,0,0,2026/04/01 19:42:24
翌日,20260401,更新後,西播東岡山線・山崎智頭線,2026/04/02,08:00,逆方向,-1102.772,-3397.228,0,0.0,-4500,電圧,0,0,0,0,0,2026/04/01 19:42:24
翌日,20260401,更新後,西播東岡山線・山崎智頭線,2026/04/02,08:30,順方向,6892.528,-2935.356,0,642.828,4600,電圧,0,0,0,0,0,2026/04/01 19:42:24
翌日,20260401,更新後,西播東岡山線・山崎智頭線,2026/04/02,08:30,逆方向,-606.572,-3893.428,0,0.0,-4500,電圧,0,0,0,0,0,2026/04/01 19:42:24
翌日,20260401,更新後,西播東岡山線・山崎智頭線,2026/04/02,09:00,順方向,6733.876,-2901.602,0,767.726,4600,電圧,0,0,0,0,0,2026/04/01 19:42:24
翌日,20260401,更新後,西播東岡山線・山崎智頭線,2026/04/02,09:00,逆方向,-519.37,-3980.63,0,0.0,-4500,電圧,0,0,0,0,0,2026/04/01 19:42:24
翌日,20260401,更新後,西播東岡山線・山崎智頭線,2026/04/02,09:30,順方向,7340.102,-3310.978,0,570.876,4600,電圧,0,0,0,0,0,2026/04/01 19:42:24
翌日,20260401,更新後,西播東岡山線・山崎智頭線,2026/04/02,09:30,逆方向,-0.038,-4499.962,0,0.0,-4500,電圧,0,0,0,0,0,2026/04/01 19:42:24
翌日,20260401,更新後,西播東岡山線・山崎智頭線,2026/04/02,10:00,順方向,7237.458,-3212.71,0,575.252,4600,電圧,0,0,0,0,0,2026/04/01 19:42:24
翌日,20260401,更新後,西播東岡山線・山崎智頭線,2026/04/02,10:00,逆方向,0.0,-4500.0,0,0.0,-4500,電圧,0,0,0,0,0,2026/04/01 19:42:24
翌日,20260401,更新後,西播東岡山線・山崎智頭線,2026/04/02,10:30,順方向,7017.394,-2855.994,0,438.6,4600,電圧,0,0,0,0,0,2026/04/01 19:42:24
翌日,20260401,更新後,西播東岡山線・山崎智頭線,2026/04/02,10:30,逆方向,-337.716,-4162.284,0,0.0,-4500,電圧,0,0,0,0,0,2026/04/01 19:42:24
翌日,20260401,更新後,西播東岡山線・山崎智頭線,2026/04/02,11:00,順方向,6970.808,-2922.296,0,551.488,4600,電圧,0,0,0,0,0,2026/04/01 19:42:24
翌日,20260401,更新後,西播東岡山線・山崎智頭線,2026/04/02,11:00,逆方向,-242.742,-4257.258,0,0.0,-4500,電圧,0,0,0,0,0,2026/04/01 19:42:24
翌日,20260401,更新後,西播東岡山線・山崎智頭線,2026/04/02,11:30,順方向,6981.658,-2926.568,0,544.91,4600,電圧,0,0,0,0,0,2026/04/01 19:42:24
翌日,20260401,更新後,西播東岡山線・山崎智頭線,2026/04/02,11:30,逆方向,-180.224,-4319.776,0,0.0,-4500,電圧,0,0,0,0,0,2026/04/01 19:42:24
翌日,20260401,更新後,西播東岡山線・山崎智頭線,2026/04/02,12:00,順方向,6833.718,-2746.766,0,513.048,4600,電圧,0,0,0,0,0,2026/04/01 19:42:24
翌日,20260401,更新後,西播東岡山線・山崎智頭線,2026/04/02,12:00,逆方向,-366.286,-4133.714,0,0.0,-4500,電圧,0,0,0,0,0,2026/04/01 19:42:24
翌日,20260401,更新後,西播東岡山線・山崎智頭線,2026/04/02,12:30,順方向,6500.477,-2562.882,0,662.405,4600,電圧,0,0,0,0,0,2026/04/01 19:42:24
翌日,20260401,更新後,西播東岡山線・山崎智頭線,2026/04/02,12:30,逆方向,-493.916,-4006.084,0,0.0,-4500,電圧,0,0,0,0,0,2026/04/01 19:42:24
翌日,20260401,更新後,西播東岡山線・山崎智頭線,2026/04/02,13:00,順方向,6717.049,-2712.058,0,595.009,4600,電圧,0,0,0,0,0,2026/04/01 19:42:24
翌日,20260401,更新後,西播東岡山線・山崎智頭線,2026/04/02,13:00,逆方向,-339.434,-4160.566,0,0.0,-4500,電圧,0,0,0,0,0,2026/04/01 19:42:24
翌日,20260401,更新後,西播東岡山線・山崎智頭線,2026/04/02,13:30,順方向,7141.035,-3061.308,0,520.273,4600,電圧,0,0,0,0,0,2026/04/01 19:42:24
翌日,20260401,更新後,西播東岡山線・山崎智頭線,2026/04/02,13:30,逆方向,-28.676,-4471.324,0,0.0,-4500,電圧,0,0,0,0,0,2026/04/01 19:42:24
翌日,20260401,更新後,西播東岡山線・山崎智頭線,2026/04/02,14:00,順方向,7012.939,-3055.578,0,642.639,4600,電圧,0,0,0,0,0,2026/04/01 19:42:24
翌日,20260401,更新後,西播東岡山線・山崎智頭線,2026/04/02,14:00,逆方向,-67.128,-4432.872,0,0.0,-4500,電圧,0,0,0,0,0,2026/04/01 19:42:24
翌日,20260401,更新後,西播東岡山線・山崎智頭線,2026/04/02,14:30,順方向,7165.43,-3167.952,0,602.522,4600,電圧,0,0,0,0,0,2026/04/01 19:42:24
翌日,20260401,更新後,西播東岡山線・山崎智頭線,2026/04/02,14:30,逆方向,0.0,-4500.0,0,0.0,-4500,電圧,0,0,0,0,0,2026/04/01 19:42:24
翌日,20260401,更新後,西播東岡山線・山崎智頭線,2026/04/02,15:00,順方向,7229.904,-3201.902,0,571.998,4600,電圧,0,0,0,0,0,2026/04/01 19:42:24
翌日,20260401,更新後,西播東岡山線・山崎智頭線,2026/04/02,15:00,逆方向,-0.024,-4499.976,0,0.0,-4500,電圧,0,0,0,0,0,2026/04/01 19:42:24
翌日,20260401,更新後,西播東岡山線・山崎智頭線,2026/04/02,15:30,順方向,7458.512,-3339.876,0,481.364,4600,電圧,0,0,0,0,0,2026/04/01 19:42:24
翌日,20260401,更新後,西播東岡山線・山崎智頭線,2026/04/02,15:30,逆方向,0.0,-4500.0,0,0.0,-4500,電圧,0,0,0,0,0,2026/04/01 19:42:24
翌日,20260401,更新後,西播東岡山線・山崎智頭線,2026/04/02,16:00,順方向,7918.474,-3651.36,0,332.886,4600,電圧,0,0,0,0,0,2026/04/01 19:42:24
翌日,20260401,更新後,西播東岡山線・山崎智頭線,2026/04/02,16:00,逆方向,-0.02,-4499.98,0,0.0,-4500,電圧,0,0,0,0,0,2026/04/01 19:42:24
翌日,20260401,更新後,西播東岡山線・山崎智頭線,2026/04/02,16:30,順方向,7903.258,-3582.218,0,278.96,4600,電圧,0,0,0,0,0,2026/04/01 19:42:24
翌日,20260401,更新後,西播東岡山線・山崎智頭線,2026/04/02,16:30,逆方向,0.0,-4500.0,0,0.0,-4500,電圧,0,0,0,0,0,2026/04/01 19:42:24
翌日,20260401,更新後,西播東岡山線・山崎智頭線,2026/04/02,17:00,順方向,7729.349,-3760.822,0,631.473,4600,電圧,0,0,0,0,0,2026/04/01 19:42:24
翌日,20260401,更新後,西播東岡山線・山崎智頭線,2026/04/02,17:00,逆方向,-0.78,-4499.22,0,0.0,-4500,電圧,0,0,0,0,0,2026/04/01 19:42:24
翌日,20260401,更新後,西播東岡山線・山崎智頭線,2026/04/02,17:30,順方向,8242.235,-3799.81,0,157.575,4600,電圧,0,0,0,0,0,2026/04/01 19:42:24
翌日,20260401,更新後,西播東岡山線・山崎智頭線,2026/04/02,17:30,逆方向,0.0,-4500.0,0,0.0,-4500,電圧,0,0,0,0,0,2026/04/01 19:42:24
翌日,20260401,更新後,西播東岡山線・山崎智頭線,2026/04/02,18:00,順方向,8112.117,-3717.478,0,205.361,4600,電圧,0,0,0,0,0,2026/04/01 19:42:24
翌日,20260401,更新後,西播東岡山線・山崎智頭線,2026/04/02,18:00,逆方向,-146.11,-4353.89,0,0.0,-4500,電圧,0,0,0,0,0,2026/04/01 19:42:24
翌日,20260401,更新後,西播東岡山線・山崎智頭線,2026/04/02,18:30,順方向,8101.56,-3501.56,0,0.0,4600,電圧,0,0,0,0,0,2026/04/01 19:42:24
翌日,20260401,更新後,西播東岡山線・山崎智頭線,2026/04/02,18:30,逆方向,-567.422,-3932.578,0,0.0,-4500,電圧,0,0,0,0,0,2026/04/01 19:42:24
翌日,20260401,更新後,西播東岡山線・山崎智頭線,2026/04/02,19:00,順方向,8154.742,-3554.742,0,0.0,4600,電圧,0,0,0,0,0,2026/04/01 19:42:24
翌日,20260401,更新後,西播東岡山線・山崎智頭線,2026/04/02,19:00,逆方向,-585.034,-3914.966,0,0.0,-4500,電圧,0,0,0,0,0,2026/04/01 19:42:24
翌日,20260401,更新後,西播東岡山線・山崎智頭線,2026/04/02,19:30,順方向,8210.354,-3621.84,0,11.486,4600,電圧,0,0,0,0,0,2026/04/01 19:42:24
翌日,20260401,更新後,西播東岡山線・山崎智頭線,2026/04/02,19:30,逆方向,-536.104,-3963.896,0,0.0,-4500,電圧,0,0,0,0,0,2026/04/01 19:42:24
翌日,20260401,更新後,西播東岡山線・山崎智頭線,2026/04/02,20:00,順方向,8127.082,-3527.082,0,0.0,4600,電圧,0,0,0,0,0,2026/04/01 19:42:24
翌日,20260401,更新後,西播東岡山線・山崎智頭線,2026/04/02,20:00,逆方向,-417.166,-4082.834,0,0.0,-4500,電圧,0,0,0,0,0,2026/04/01 19:42:24
翌日,20260401,更新後,西播東岡山線・山崎智頭線,2026/04/02,20:30,順方向,8221.236,-3621.236,0,0.0,4600,電圧,0,0,0,0,0,2026/04/01 19:42:24
翌日,20260401,更新後,西播東岡山線・山崎智頭線,2026/04/02,20:30,逆方向,-311.08,-4188.92,0,0.0,-4500,電圧,0,0,0,0,0,2026/04/01 19:42:24
翌日,20260401,更新後,西播東岡山線・山崎智頭線,2026/04/02,21:00,順方向,8282.312,-3682.312,0,0.0,4600,電圧,0,0,0,0,0,2026/04/01 19:42:24
翌日,20260401,更新後,西播東岡山線・山崎智頭線,2026/04/02,21:00,逆方向,-235.24,-4264.76,0,0.0,-4500,電圧,0,0,0,0,0,2026/04/01 19:42:24
翌日,20260401,更新後,西播東岡山線・山崎智頭線,2026/04/02,21:30,順方向,7742.11,-3155.11,0,13.0,4600,電圧,0,0,0,0,0,2026/04/01 19:42:24
翌日,20260401,更新後,西播東岡山線・山崎智頭線,2026/04/02,21:30,逆方向,-776.44,-3723.56,0,0.0,-4500,電圧,0,0,0,0,0,2026/04/01 19:42:24
翌日,20260401,更新後,西播東岡山線・山崎智頭線,2026/04/02,22:00,順方向,7562.595,-3033.902,0,71.307,4600,電圧,0,0,0,0,0,2026/04/01 19:42:24
翌日,20260401,更新後,西播東岡山線・山崎智頭線,2026/04/02,22:00,逆方向,-1032.892,-3467.108,0,0.0,-4500,電圧,0,0,0,0,0,2026/04/01 19:42:24
翌日,20260401,更新後,西播東岡山線・山崎智頭線,2026/04/02,22:30,順方向,6902.494,-2329.72,0,27.226,4600,電圧,0,0,0,0,0,2026/04/01 19:42:24
翌日,20260401,更新後,西播東岡山線・山崎智頭線,2026/04/02,22:30,逆方向,-1730.084,-2767.916,0,-2.0,-4500,電圧,0,0,0,0,0,2026/04/01 19:42:24
翌日,20260401,更新後,西播東岡山線・山崎智頭線,2026/04/02,23:00,順方向,7272.23,-2672.23,0,0.0,4600,電圧,0,0,0,0,0,2026/04/01 19:42:24
翌日,20260401,更新後,西播東岡山線・山崎智頭線,2026/04/02,23:00,逆方向,-1303.456,-3196.544,0,0.0,-4500,電圧,0,0,0,0,0,2026/04/01 19:42:24
翌日,20260401,更新後,西播東岡山線・山崎智頭線,2026/04/02,23:30,順方向,7367.826,-2767.826,0,0.0,4600,電圧,0,0,0,0,0,2026/04/01 19:42:24
翌日,20260401,更新後,西播東岡山線・山崎智頭線,2026/04/02,23:30,逆方向,-1173.072,-3326.928,0,0.0,-4500,電圧,0,0,0,0,0,2026/04/01 19:42:24
翌日,20260401,更新後,西播東岡山線・山崎智頭線,2026/04/02,24:00,順方向,7091.15,-2491.15,0,0.0,4600,電圧,0,0,0,0,0,2026/04/01 19:42:24
翌日,20260401,更新後,西播東岡山線・山崎智頭線,2026/04/02,24:00,逆方向,-1491.262,-2968.236,0,-40.502,-4500,電圧,0,0,0,0,0,2026/04/01 19:42:24
翌日,20260401,更新後,阿南紀北直流幹線,2026/04/02,00:30,順方向,620.0,-620.0,0,0.0,0,安定度,0,0,0,0,0,2026/04/01 19:42:24
翌日,20260401,更新後,阿南紀北直流幹線,2026/04/02,00:30,逆方向,0.0,-620.0,0,0.0,-620,熱容量,0,0,0,0,0,2026/04/01 19:42:24
翌日,20260401,更新後,阿南紀北直流幹線,2026/04/02,01:00,順方向,620.0,-620.0,0,0.0,0,安定度,0,0,0,0,0,2026/04/01 19:42:24
翌日,20260401,更新後,阿南紀北直流幹線,2026/04/02,01:00,逆方向,0.0,-620.0,0,0.0,-620,熱容量,0,0,0,0,0,2026/04/01 19:42:24
翌日,20260401,更新後,阿南紀北直流幹線,2026/04/02,01:30,順方向,620.0,-620.0,0,0.0,0,安定度,0,0,0,0,0,2026/04/01 19:42:24
翌日,20260401,更新後,阿南紀北直流幹線,2026/04/02,01:30,逆方向,0.0,-620.0,0,0.0,-620,熱容量,0,0,0,0,0,2026/04/01 19:42:24
翌日,20260401,更新後,阿南紀北直流幹線,2026/04/02,02:00,順方向,620.0,-620.0,0,0.0,0,安定度,0,0,0,0,0,2026/04/01 19:42:24
翌日,20260401,更新後,阿南紀北直流幹線,2026/04/02,02:00,逆方向,0.0,-620.0,0,0.0,-620,熱容量,0,0,0,0,0,2026/04/01 19:42:24
翌日,20260401,更新後,阿南紀北直流幹線,2026/04/02,02:30,順方向,620.0,-620.0,0,0.0,0,安定度,0,0,0,0,0,2026/04/01 19:42:24
翌日,20260401,更新後,阿南紀北直流幹線,2026/04/02,02:30,逆方向,0.0,-620.0,0,0.0,-620,熱容量,0,0,0,0,0,2026/04/01 19:42:24
翌日,20260401,更新後,阿南紀北直流幹線,2026/04/02,03:00,順方向,620.0,-620.0,0,0.0,0,安定度,0,0,0,0,0,2026/04/01 19:42:24
翌日,20260401,更新後,阿南紀北直流幹線,2026/04/02,03:00,逆方向,0.0,-620.0,0,0.0,-620,熱容量,0,0,0,0,0,2026/04/01 19:42:24
翌日,20260401,更新後,阿南紀北直流幹線,2026/04/02,03:30,順方向,620.0,-620.0,0,0.0,0,安定度,0,0,0,0,0,2026/04/01 19:42:24
翌日,20260401,更新後,阿南紀北直流幹線,2026/04/02,03:30,逆方向,0.0,-620.0,0,0.0,-620,熱容量,0,0,0,0,0,2026/04/01 19:42:24
翌日,20260401,更新後,阿南紀北直流幹線,2026/04/02,04:00,順方向,620.0,-620.0,0,0.0,0,安定度,0,0,0,0,0,2026/04/01 19:42:24
翌日,20260401,更新後,阿南紀北直流幹線,2026/04/02,04:00,逆方向,0.0,-620.0,0,0.0,-620,熱容量,0,0,0,0,0,2026/04/01 19:42:24
翌日,20260401,更新後,阿南紀北直流幹線,2026/04/02,04:30,順方向,620.0,-620.0,0,0.0,0,安定度,0,0,0,0,0,2026/04/01 19:42:24
翌日,20260401,更新後,阿南紀北直流幹線,2026/04/02,04:30,逆方向,0.0,-620.0,0,0.0,-620,熱容量,0,0,0,0,0,2026/04/01 19:42:24
翌日,20260401,更新後,阿南紀北直流幹線,2026/04/02,05:00,順方向,620.0,-620.0,0,0.0,0,安定度,0,0,0,0,0,2026/04/01 19:42:24
翌日,20260401,更新後,阿南紀北直流幹線,2026/04/02,05:00,逆方向,0.0,-620.0,0,0.0,-620,熱容量,0,0,0,0,0,2026/04/01 19:42:24
翌日,20260401,更新後,阿南紀北直流幹線,2026/04/02,05:30,順方向,620.0,-620.0,0,0.0,0,安定度,0,0,0,0,0,2026/04/01 19:42:24
翌日,20260401,更新後,阿南紀北直流幹線,2026/04/02,05:30,逆方向,0.0,-620.0,0,0.0,-620,熱容量,0,0,0,0,0,2026/04/01 19:42:24
翌日,20260401,更新後,阿南紀北直流幹線,2026/04/02,06:00,順方向,620.0,-620.0,0,0.0,0,安定度,0,0,0,0,0,2026/04/01 19:42:24
翌日,20260401,更新後,阿南紀北直流幹線,2026/04/02,06:00,逆方向,0.0,-620.0,0,0.0,-620,熱容量,0,0,0,0,0,2026/04/01 19:42:24
翌日,20260401,更新後,阿南紀北直流幹線,2026/04/02,06:30,順方向,620.0,-620.0,0,0.0,0,安定度,0,0,0,0,0,2026/04/01 19:42:24
翌日,20260401,更新後,阿南紀北直流幹線,2026/04/02,06:30,逆方向,0.0,-620.0,0,0.0,-620,熱容量,0,0,0,0,0,2026/04/01 19:42:24
翌日,20260401,更新後,阿南紀北直流幹線,2026/04/02,07:00,順方向,620.0,-620.0,0,0.0,0,安定度,0,0,0,0,0,2026/04/01 19:42:24
翌日,20260401,更新後,阿南紀北直流幹線,2026/04/02,07:00,逆方向,0.0,-620.0,0,0.0,-620,熱容量,0,0,0,0,0,2026/04/01 19:42:24
翌日,20260401,更新後,阿南紀北直流幹線,2026/04/02,07:30,順方向,620.0,-620.0,0,0.0,0,安定度,0,0,0,0,0,2026/04/01 19:42:24
翌日,20260401,更新後,阿南紀北直流幹線,2026/04/02,07:30,逆方向,0.0,-620.0,0,0.0,-620,熱容量,0,0,0,0,0,2026/04/01 19:42:24
翌日,20260401,更新後,阿南紀北直流幹線,2026/04/02,08:00,順方向,620.0,-620.0,0,0.0,0,安定度,0,0,0,0,0,2026/04/01 19:42:24
翌日,20260401,更新後,阿南紀北直流幹線,2026/04/02,08:00,逆方向,0.0,-620.0,0,0.0,-620,熱容量,0,0,0,0,0,2026/04/01 19:42:24
翌日,20260401,更新後,阿南紀北直流幹線,2026/04/02,08:30,順方向,620.0,-620.0,0,0.0,0,安定度,0,0,0,0,0,2026/04/01 19:42:24
翌日,20260401,更新後,阿南紀北直流幹線,2026/04/02,08:30,逆方向,0.0,-620.0,0,0.0,-620,熱容量,0,0,0,0,0,2026/04/01 19:42:24
翌日,20260401,更新後,阿南紀北直流幹線,2026/04/02,09:00,順方向,620.0,-620.0,0,0.0,0,安定度,0,0,0,0,0,2026/04/01 19:42:24
翌日,20260401,更新後,阿南紀北直流幹線,2026/04/02,09:00,逆方向,0.0,-620.0,0,0.0,-620,熱容量,0,0,0,0,0,2026/04/01 19:42:24
翌日,20260401,更新後,阿南紀北直流幹線,2026/04/02,09:30,順方向,620.0,-620.0,0,0.0,0,安定度,0,0,0,0,0,2026/04/01 19:42:24
翌日,20260401,更新後,阿南紀北直流幹線,2026/04/02,09:30,逆方向,0.0,-620.0,0,0.0,-620,熱容量,0,0,0,0,0,2026/04/01 19:42:24
翌日,20260401,更新後,阿南紀北直流幹線,2026/04/02,10:00,順方向,620.0,-620.0,0,0.0,0,安定度,0,0,0,0,0,2026/04/01 19:42:24
翌日,20260401,更新後,阿南紀北直流幹線,2026/04/02,10:00,逆方向,0.0,-620.0,0,0.0,-620,熱容量,0,0,0,0,0,2026/04/01 19:42:24
翌日,20260401,更新後,阿南紀北直流幹線,2026/04/02,10:30,順方向,620.0,-620.0,0,0.0,0,安定度,0,0,0,0,0,2026/04/01 19:42:24
翌日,20260401,更新後,阿南紀北直流幹線,2026/04/02,10:30,逆方向,0.0,-620.0,0,0.0,-620,熱容量,0,0,0,0,0,2026/04/01 19:42:24
翌日,20260401,更新後,阿南紀北直流幹線,2026/04/02,11:00,順方向,620.0,-620.0,0,0.0,0,安定度,0,0,0,0,0,2026/04/01 19:42:24
翌日,20260401,更新後,阿南紀北直流幹線,2026/04/02,11:00,逆方向,0.0,-620.0,0,0.0,-620,熱容量,0,0,0,0,0,2026/04/01 19:42:24
翌日,20260401,更新後,阿南紀北直流幹線,2026/04/02,11:30,順方向,620.0,-620.0,0,0.0,0,安定度,0,0,0,0,0,2026/04/01 19:42:24
翌日,20260401,更新後,阿南紀北直流幹線,2026/04/02,11:30,逆方向,0.0,-620.0,0,0.0,-620,熱容量,0,0,0,0,0,2026/04/01 19:42:24
翌日,20260401,更新後,阿南紀北直流幹線,2026/04/02,12:00,順方向,620.0,-620.0,0,0.0,0,安定度,0,0,0,0,0,2026/04/01 19:42:24
翌日,20260401,更新後,阿南紀北直流幹線,2026/04/02,12:00,逆方向,0.0,-620.0,0,0.0,-620,熱容量,0,0,0,0,0,2026/04/01 19:42:24
翌日,20260401,更新後,阿南紀北直流幹線,2026/04/02,12:30,順方向,620.0,-620.0,0,0.0,0,安定度,0,0,0,0,0,2026/04/01 19:42:24
翌日,20260401,更新後,阿南紀北直流幹線,2026/04/02,12:30,逆方向,0.0,-620.0,0,0.0,-620,熱容量,0,0,0,0,0,2026/04/01 19:42:24
翌日,20260401,更新後,阿南紀北直流幹線,2026/04/02,13:00,順方向,620.0,-620.0,0,0.0,0,安定度,0,0,0,0,0,2026/04/01 19:42:24
翌日,20260401,更新後,阿南紀北直流幹線,2026/04/02,13:00,逆方向,0.0,-620.0,0,0.0,-620,熱容量,0,0,0,0,0,2026/04/01 19:42:24
翌日,20260401,更新後,阿南紀北直流幹線,2026/04/02,13:30,順方向,620.0,-620.0,0,0.0,0,安定度,0,0,0,0,0,2026/04/01 19:42:24
翌日,20260401,更新後,阿南紀北直流幹線,2026/04/02,13:30,逆方向,0.0,-620.0,0,0.0,-620,熱容量,0,0,0,0,0,2026/04/01 19:42:24
翌日,20260401,更新後,阿南紀北直流幹線,2026/04/02,14:00,順方向,620.0,-620.0,0,0.0,0,安定度,0,0,0,0,0,2026/04/01 19:42:24
翌日,20260401,更新後,阿南紀北直流幹線,2026/04/02,14:00,逆方向,0.0,-620.0,0,0.0,-620,熱容量,0,0,0,0,0,2026/04/01 19:42:24
翌日,20260401,更新後,阿南紀北直流幹線,2026/04/02,14:30,順方向,620.0,-620.0,0,0.0,0,安定度,0,0,0,0,0,2026/04/01 19:42:24
翌日,20260401,更新後,阿南紀北直流幹線,2026/04/02,14:30,逆方向,0.0,-620.0,0,0.0,-620,熱容量,0,0,0,0,0,2026/04/01 19:42:24
翌日,20260401,更新後,阿南紀北直流幹線,2026/04/02,15:00,順方向,620.0,-620.0,0,0.0,0,安定度,0,0,0,0,0,2026/04/01 19:42:24
翌日,20260401,更新後,阿南紀北直流幹線,2026/04/02,15:00,逆方向,0.0,-620.0,0,0.0,-620,熱容量,0,0,0,0,0,2026/04/01 19:42:24
翌日,20260401,更新後,阿南紀北直流幹線,2026/04/02,15:30,順方向,620.0,-620.0,0,0.0,0,安定度,0,0,0,0,0,2026/04/01 19:42:24
翌日,20260401,更新後,阿南紀北直流幹線,2026/04/02,15:30,逆方向,0.0,-620.0,0,0.0,-620,熱容量,0,0,0,0,0,2026/04/01 19:42:24
翌日,20260401,更新後,阿南紀北直流幹線,2026/04/02,16:00,順方向,620.0,-620.0,0,0.0,0,安定度,0,0,0,0,0,2026/04/01 19:42:24
翌日,20260401,更新後,阿南紀北直流幹線,2026/04/02,16:00,逆方向,0.0,-620.0,0,0.0,-620,熱容量,0,0,0,0,0,2026/04/01 19:42:24
翌日,20260401,更新後,阿南紀北直流幹線,2026/04/02,16:30,順方向,620.0,-620.0,0,0.0,0,安定度,0,0,0,0,0,2026/04/01 19:42:24
翌日,20260401,更新後,阿南紀北直流幹線,2026/04/02,16:30,逆方向,0.0,-620.0,0,0.0,-620,熱容量,0,0,0,0,0,2026/04/01 19:42:24
翌日,20260401,更新後,阿南紀北直流幹線,2026/04/02,17:00,順方向,620.0,-620.0,0,0.0,0,安定度,0,0,0,0,0,2026/04/01 19:42:24
翌日,20260401,更新後,阿南紀北直流幹線,2026/04/02,17:00,逆方向,0.0,-620.0,0,0.0,-620,熱容量,0,0,0,0,0,2026/04/01 19:42:24
翌日,20260401,更新後,阿南紀北直流幹線,2026/04/02,17:30,順方向,620.0,-620.0,0,0.0,0,安定度,0,0,0,0,0,2026/04/01 19:42:24
翌日,20260401,更新後,阿南紀北直流幹線,2026/04/02,17:30,逆方向,0.0,-620.0,0,0.0,-620,熱容量,0,0,0,0,0,2026/04/01 19:42:24
翌日,20260401,更新後,阿南紀北直流幹線,2026/04/02,18:00,順方向,620.0,-620.0,0,0.0,0,安定度,0,0,0,0,0,2026/04/01 19:42:24
翌日,20260401,更新後,阿南紀北直流幹線,2026/04/02,18:00,逆方向,0.0,-620.0,0,0.0,-620,熱容量,0,0,0,0,0,2026/04/01 19:42:24
翌日,20260401,更新後,阿南紀北直流幹線,2026/04/02,18:30,順方向,620.0,-620.0,0,0.0,0,安定度,0,0,0,0,0,2026/04/01 19:42:24
翌日,20260401,更新後,阿南紀北直流幹線,2026/04/02,18:30,逆方向,0.0,-620.0,0,0.0,-620,熱容量,0,0,0,0,0,2026/04/01 19:42:24
翌日,20260401,更新後,阿南紀北直流幹線,2026/04/02,19:00,順方向,620.0,-620.0,0,0.0,0,安定度,0,0,0,0,0,2026/04/01 19:42:24
翌日,20260401,更新後,阿南紀北直流幹線,2026/04/02,19:00,逆方向,0.0,-620.0,0,0.0,-620,熱容量,0,0,0,0,0,2026/04/01 19:42:24
翌日,20260401,更新後,阿南紀北直流幹線,2026/04/02,19:30,順方向,620.0,-620.0,0,0.0,0,安定度,0,0,0,0,0,2026/04/01 19:42:24
翌日,20260401,更新後,阿南紀北直流幹線,2026/04/02,19:30,逆方向,0.0,-620.0,0,0.0,-620,熱容量,0,0,0,0,0,2026/04/01 19:42:24
翌日,20260401,更新後,阿南紀北直流幹線,2026/04/02,20:00,順方向,620.0,-620.0,0,0.0,0,安定度,0,0,0,0,0,2026/04/01 19:42:24
翌日,20260401,更新後,阿南紀北直流幹線,2026/04/02,20:00,逆方向,0.0,-620.0,0,0.0,-620,熱容量,0,0,0,0,0,2026/04/01 19:42:24
翌日,20260401,更新後,阿南紀北直流幹線,2026/04/02,20:30,順方向,620.0,-620.0,0,0.0,0,安定度,0,0,0,0,0,2026/04/01 19:42:24
翌日,20260401,更新後,阿南紀北直流幹線,2026/04/02,20:30,逆方向,0.0,-620.0,0,0.0,-620,熱容量,0,0,0,0,0,2026/04/01 19:42:24
翌日,20260401,更新後,阿南紀北直流幹線,2026/04/02,21:00,順方向,620.0,-620.0,0,0.0,0,安定度,0,0,0,0,0,2026/04/01 19:42:24
翌日,20260401,更新後,阿南紀北直流幹線,2026/04/02,21:00,逆方向,0.0,-620.0,0,0.0,-620,熱容量,0,0,0,0,0,2026/04/01 19:42:24
翌日,20260401,更新後,阿南紀北直流幹線,2026/04/02,21:30,順方向,620.0,-620.0,0,0.0,0,安定度,0,0,0,0,0,2026/04/01 19:42:24
翌日,20260401,更新後,阿南紀北直流幹線,2026/04/02,21:30,逆方向,0.0,-620.0,0,0.0,-620,熱容量,0,0,0,0,0,2026/04/01 19:42:24
翌日,20260401,更新後,阿南紀北直流幹線,2026/04/02,22:00,順方向,620.0,-620.0,0,0.0,0,安定度,0,0,0,0,0,2026/04/01 19:42:24
翌日,20260401,更新後,阿南紀北直流幹線,2026/04/02,22:00,逆方向,0.0,-620.0,0,0.0,-620,熱容量,0,0,0,0,0,2026/04/01 19:42:24
翌日,20260401,更新後,阿南紀北直流幹線,2026/04/02,22:30,順方向,620.0,-620.0,0,0.0,0,安定度,0,0,0,0,0,2026/04/01 19:42:24
翌日,20260401,更新後,阿南紀北直流幹線,2026/04/02,22:30,逆方向,0.0,-620.0,0,0.0,-620,熱容量,0,0,0,0,0,2026/04/01 19:42:24
翌日,20260401,更新後,阿南紀北直流幹線,2026/04/02,23:00,順方向,620.0,-620.0,0,0.0,0,安定度,0,0,0,0,0,2026/04/01 19:42:24
翌日,20260401,更新後,阿南紀北直流幹線,2026/04/02,23:00,逆方向,0.0,-620.0,0,0.0,-620,熱容量,0,0,0,0,0,2026/04/01 19:42:24
翌日,20260401,更新後,阿南紀北直流幹線,2026/04/02,23:30,順方向,620.0,-620.0,0,0.0,0,安定度,0,0,0,0,0,2026/04/01 19:42:24
翌日,20260401,更新後,阿南紀北直流幹線,2026/04/02,23:30,逆方向,0.0,-620.0,0,0.0,-620,熱容量,0,0,0,0,0,2026/04/01 19:42:24
翌日,20260401,更新後,阿南紀北直流幹線,2026/04/02,24:00,順方向,620.0,-620.0,0,0.0,0,安定度,0,0,0,0,0,2026/04/01 19:42:24
翌日,20260401,更新後,阿南紀北直流幹線,2026/04/02,24:00,逆方向,0.0,-620.0,0,0.0,-620,熱容量,0,0,0,0,0,2026/04/01 19:42:24
翌日,20260401,更新後,本四連系線,2026/04/02,00:30,順方向,1946.2,-746.2,0,0.0,1200,熱容量（作業）,0,0,0,0,0,2026/04/01 19:42:24
翌日,20260401,更新後,本四連系線,2026/04/02,00:30,逆方向,-453.8,-746.2,0,0.0,-1200,熱容量（作業）,0,0,0,0,0,2026/04/01 19:42:24
翌日,20260401,更新後,本四連系線,2026/04/02,01:00,順方向,1962.5,-807.5,0,45.0,1200,熱容量（作業）,0,0,0,0,0,2026/04/01 19:42:24
翌日,20260401,更新後,本四連系線,2026/04/02,01:00,逆方向,-392.5,-807.5,0,0.0,-1200,熱容量（作業）,0,0,0,0,0,2026/04/01 19:42:24
翌日,20260401,更新後,本四連系線,2026/04/02,01:30,順方向,1911.9,-756.9,0,45.0,1200,熱容量（作業）,0,0,0,0,0,2026/04/01 19:42:24
翌日,20260401,更新後,本四連系線,2026/04/02,01:30,逆方向,-443.1,-756.9,0,0.0,-1200,熱容量（作業）,0,0,0,0,0,2026/04/01 19:42:24
翌日,20260401,更新後,本四連系線,2026/04/02,02:00,順方向,2033.9,-877.9,0,44.0,1200,熱容量（作業）,0,0,0,0,0,2026/04/01 19:42:24
翌日,20260401,更新後,本四連系線,2026/04/02,02:00,逆方向,-322.1,-877.9,0,0.0,-1200,熱容量（作業）,0,0,0,0,0,2026/04/01 19:42:24
翌日,20260401,更新後,本四連系線,2026/04/02,02:30,順方向,2036.4,-879.4,0,43.0,1200,熱容量（作業）,0,0,0,0,0,2026/04/01 19:42:24
翌日,20260401,更新後,本四連系線,2026/04/02,02:30,逆方向,-320.6,-879.4,0,0.0,-1200,熱容量（作業）,0,0,0,0,0,2026/04/01 19:42:24
翌日,20260401,更新後,本四連系線,2026/04/02,03:00,順方向,2090.1,-935.1,0,45.0,1200,熱容量（作業）,0,0,0,0,0,2026/04/01 19:42:24
翌日,20260401,更新後,本四連系線,2026/04/02,03:00,逆方向,-264.9,-935.1,0,0.0,-1200,熱容量（作業）,0,0,0,0,0,2026/04/01 19:42:24
翌日,20260401,更新後,本四連系線,2026/04/02,03:30,順方向,2027.8,-876.8,0,49.0,1200,熱容量（作業）,0,0,0,0,0,2026/04/01 19:42:24
翌日,20260401,更新後,本四連系線,2026/04/02,03:30,逆方向,-323.2,-876.8,0,0.0,-1200,熱容量（作業）,0,0,0,0,0,2026/04/01 19:42:24
翌日,20260401,更新後,本四連系線,2026/04/02,04:00,順方向,2323.0,-1171.0,0,48.0,1200,熱容量（作業）,0,0,0,0,0,2026/04/01 19:42:24
翌日,20260401,更新後,本四連系線,2026/04/02,04:00,逆方向,-29.0,-1171.0,0,0.0,-1200,熱容量（作業）,0,0,0,0,0,2026/04/01 19:42:24
翌日,20260401,更新後,本四連系線,2026/04/02,04:30,順方向,2400.0,-1200.0,0,0.0,1200,熱容量（作業）,0,0,0,0,0,2026/04/01 19:42:24
翌日,20260401,更新後,本四連系線,2026/04/02,04:30,逆方向,0.0,-1200.0,0,0.0,-1200,熱容量（作業）,0,0,0,0,0,2026/04/01 19:42:24
翌日,20260401,更新後,本四連系線,2026/04/02,05:00,順方向,2350.0,-1200.0,0,50.0,1200,熱容量（作業）,0,0,0,0,0,2026/04/01 19:42:24
翌日,20260401,更新後,本四連系線,2026/04/02,05:00,逆方向,0.0,-1200.0,0,0.0,-1200,熱容量（作業）,0,0,0,0,0,2026/04/01 19:42:24
翌日,20260401,更新後,本四連系線,2026/04/02,05:30,順方向,2350.0,-1200.0,0,50.0,1200,熱容量（作業）,0,0,0,0,0,2026/04/01 19:42:24
翌日,20260401,更新後,本四連系線,2026/04/02,05:30,逆方向,0.0,-1200.0,0,0.0,-1200,熱容量（作業）,0,0,0,0,0,2026/04/01 19:42:24
翌日,20260401,更新後,本四連系線,2026/04/02,06:00,順方向,2350.0,-1200.0,0,50.0,1200,熱容量（作業）,0,0,0,0,0,2026/04/01 19:42:24
翌日,20260401,更新後,本四連系線,2026/04/02,06:00,逆方向,0.0,-1200.0,0,0.0,-1200,熱容量（作業）,0,0,0,0,0,2026/04/01 19:42:24
翌日,20260401,更新後,本四連系線,2026/04/02,06:30,順方向,2392.0,-1195.0,0,3.0,1200,熱容量（作業）,0,0,0,0,0,2026/04/01 19:42:24
翌日,20260401,更新後,本四連系線,2026/04/02,06:30,逆方向,-5.0,-1195.0,0,0.0,-1200,熱容量（作業）,0,0,0,0,0,2026/04/01 19:42:24
翌日,20260401,更新後,本四連系線,2026/04/02,07:00,順方向,2128.3,-945.3,0,17.0,1200,熱容量（作業）,0,0,0,0,0,2026/04/01 19:42:24
翌日,20260401,更新後,本四連系線,2026/04/02,07:00,逆方向,-254.7,-945.3,0,0.0,-1200,熱容量（作業）,0,0,0,0,0,2026/04/01 19:42:24
翌日,20260401,更新後,本四連系線,2026/04/02,07:30,順方向,2395.0,-1195.0,0,0.0,1200,熱容量（作業）,0,0,0,0,0,2026/04/01 19:42:24
翌日,20260401,更新後,本四連系線,2026/04/02,07:30,逆方向,-5.0,-1195.0,0,0.0,-1200,熱容量（作業）,0,0,0,0,0,2026/04/01 19:42:24
翌日,20260401,更新後,本四連系線,2026/04/02,08:00,順方向,2400.0,-1200.0,0,0.0,1200,熱容量（作業）,0,0,0,0,0,2026/04/01 19:42:24
翌日,20260401,更新後,本四連系線,2026/04/02,08:00,逆方向,0.0,-1200.0,0,0.0,-1200,熱容量（作業）,0,0,0,0,0,2026/04/01 19:42:24
翌日,20260401,更新後,本四連系線,2026/04/02,08:30,順方向,2385.7,-1195.7,0,10.0,1200,熱容量（作業）,0,0,0,0,0,2026/04/01 19:42:24
翌日,20260401,更新後,本四連系線,2026/04/02,08:30,逆方向,-4.3,-1195.7,0,0.0,-1200,熱容量（作業）,0,0,0,0,0,2026/04/01 19:42:24
翌日,20260401,更新後,本四連系線,2026/04/02,09:00,順方向,2345.726,-1200.0,0,54.274,1200,熱容量（作業）,0,0,0,0,0,2026/04/01 19:42:24
翌日,20260401,更新後,本四連系線,2026/04/02,09:00,逆方向,0.0,-1200.0,0,0.0,-1200,熱容量（作業）,0,0,0,0,0,2026/04/01 19:42:24
翌日,20260401,更新後,本四連系線,2026/04/02,09:30,順方向,2259.0,-1200.0,0,141.0,1200,熱容量（作業）,0,0,0,0,0,2026/04/01 19:42:24
翌日,20260401,更新後,本四連系線,2026/04/02,09:30,逆方向,0.0,-1200.0,0,0.0,-1200,熱容量（作業）,0,0,0,0,0,2026/04/01 19:42:24
翌日,20260401,更新後,本四連系線,2026/04/02,10:00,順方向,2181.0,-1200.0,0,219.0,1200,熱容量（作業）,0,0,0,0,0,2026/04/01 19:42:24
翌日,20260401,更新後,本四連系線,2026/04/02,10:00,逆方向,0.0,-1200.0,0,0.0,-1200,熱容量（作業）,0,0,0,0,0,2026/04/01 19:42:24
翌日,20260401,更新後,本四連系線,2026/04/02,10:30,順方向,2136.0,-1200.0,0,264.0,1200,熱容量（作業）,0,0,0,0,0,2026/04/01 19:42:24
翌日,20260401,更新後,本四連系線,2026/04/02,10:30,逆方向,0.0,-1200.0,0,0.0,-1200,熱容量（作業）,0,0,0,0,0,2026/04/01 19:42:24
翌日,20260401,更新後,本四連系線,2026/04/02,11:00,順方向,2117.0,-1200.0,0,283.0,1200,熱容量（作業）,0,0,0,0,0,2026/04/01 19:42:24
翌日,20260401,更新後,本四連系線,2026/04/02,11:00,逆方向,0.0,-1200.0,0,0.0,-1200,熱容量（作業）,0,0,0,0,0,2026/04/01 19:42:24
翌日,20260401,更新後,本四連系線,2026/04/02,11:30,順方向,2313.0,-1200.0,0,87.0,1200,熱容量（作業）,0,0,0,0,0,2026/04/01 19:42:24
翌日,20260401,更新後,本四連系線,2026/04/02,11:30,逆方向,0.0,-1200.0,0,0.0,-1200,熱容量（作業）,0,0,0,0,0,2026/04/01 19:42:24
翌日,20260401,更新後,本四連系線,2026/04/02,12:00,順方向,2283.719,-1200.0,0,116.281,1200,熱容量（作業）,0,0,0,0,0,2026/04/01 19:42:24
翌日,20260401,更新後,本四連系線,2026/04/02,12:00,逆方向,0.0,-1200.0,0,0.0,-1200,熱容量（作業）,0,0,0,0,0,2026/04/01 19:42:24
翌日,20260401,更新後,本四連系線,2026/04/02,12:30,順方向,2400.0,-1200.0,0,0.0,1200,熱容量（作業）,0,0,0,0,0,2026/04/01 19:42:24
翌日,20260401,更新後,本四連系線,2026/04/02,12:30,逆方向,0.0,-1200.0,0,0.0,-1200,熱容量（作業）,0,0,0,0,0,2026/04/01 19:42:24
翌日,20260401,更新後,本四連系線,2026/04/02,13:00,順方向,2400.0,-1200.0,0,0.0,1200,熱容量（作業）,0,0,0,0,0,2026/04/01 19:42:24
翌日,20260401,更新後,本四連系線,2026/04/02,13:00,逆方向,0.0,-1200.0,0,0.0,-1200,熱容量（作業）,0,0,0,0,0,2026/04/01 19:42:24
翌日,20260401,更新後,本四連系線,2026/04/02,13:30,順方向,2400.0,-1200.0,0,0.0,1200,熱容量（作業）,0,0,0,0,0,2026/04/01 19:42:24
翌日,20260401,更新後,本四連系線,2026/04/02,13:30,逆方向,0.0,-1200.0,0,0.0,-1200,熱容量（作業）,0,0,0,0,0,2026/04/01 19:42:24
翌日,20260401,更新後,本四連系線,2026/04/02,14:00,順方向,2400.0,-1200.0,0,0.0,1200,熱容量（作業）,0,0,0,0,0,2026/04/01 19:42:24
翌日,20260401,更新後,本四連系線,2026/04/02,14:00,逆方向,0.0,-1200.0,0,0.0,-1200,熱容量（作業）,0,0,0,0,0,2026/04/01 19:42:24
翌日,20260401,更新後,本四連系線,2026/04/02,14:30,順方向,2400.0,-1200.0,0,0.0,1200,熱容量（作業）,0,0,0,0,0,2026/04/01 19:42:24
翌日,20260401,更新後,本四連系線,2026/04/02,14:30,逆方向,0.0,-1200.0,0,0.0,-1200,熱容量（作業）,0,0,0,0,0,2026/04/01 19:42:24
翌日,20260401,更新後,本四連系線,2026/04/02,15:00,順方向,2400.0,-1200.0,0,0.0,1200,熱容量（作業）,0,0,0,0,0,2026/04/01 19:42:24
翌日,20260401,更新後,本四連系線,2026/04/02,15:00,逆方向,0.0,-1200.0,0,0.0,-1200,熱容量（作業）,0,0,0,0,0,2026/04/01 19:42:24
翌日,20260401,更新後,本四連系線,2026/04/02,15:30,順方向,2307.9,-1107.9,0,0.0,1200,熱容量（作業）,0,0,0,0,0,2026/04/01 19:42:24
翌日,20260401,更新後,本四連系線,2026/04/02,15:30,逆方向,-92.1,-1107.9,0,0.0,-1200,熱容量（作業）,0,0,0,0,0,2026/04/01 19:42:24
翌日,20260401,更新後,本四連系線,2026/04/02,16:00,順方向,2100.0,-900.0,0,0.0,1200,熱容量（作業）,0,0,0,0,0,2026/04/01 19:42:24
翌日,20260401,更新後,本四連系線,2026/04/02,16:00,逆方向,-300.0,-900.0,0,0.0,-1200,熱容量（作業）,0,0,0,0,0,2026/04/01 19:42:24
翌日,20260401,更新後,本四連系線,2026/04/02,16:30,順方向,2304.3,-1104.3,0,0.0,1200,熱容量（作業）,0,0,0,0,0,2026/04/01 19:42:24
翌日,20260401,更新後,本四連系線,2026/04/02,16:30,逆方向,-95.7,-1104.3,0,0.0,-1200,熱容量（作業）,0,0,0,0,0,2026/04/01 19:42:24
翌日,20260401,更新後,本四連系線,2026/04/02,17:00,順方向,2243.9,-1043.9,0,0.0,1200,熱容量（作業）,0,0,0,0,0,2026/04/01 19:42:24
翌日,20260401,更新後,本四連系線,2026/04/02,17:00,逆方向,-156.1,-1043.9,0,0.0,-1200,熱容量（作業）,0,0,0,0,0,2026/04/01 19:42:24
翌日,20260401,更新後,本四連系線,2026/04/02,17:30,順方向,2351.9,-1151.9,0,0.0,1200,熱容量（作業）,0,0,0,0,0,2026/04/01 19:42:24
翌日,20260401,更新後,本四連系線,2026/04/02,17:30,逆方向,-48.1,-1151.9,0,0.0,-1200,熱容量（作業）,0,0,0,0,0,2026/04/01 19:42:24
翌日,20260401,更新後,本四連系線,2026/04/02,18:00,順方向,2395.6,-1195.6,0,0.0,1200,熱容量（作業）,0,0,0,0,0,2026/04/01 19:42:24
翌日,20260401,更新後,本四連系線,2026/04/02,18:00,逆方向,-4.4,-1195.6,0,0.0,-1200,熱容量（作業）,0,0,0,0,0,2026/04/01 19:42:24
翌日,20260401,更新後,本四連系線,2026/04/02,18:30,順方向,2258.0,-1058.0,0,0.0,1200,熱容量（作業）,0,0,0,0,0,2026/04/01 19:42:24
翌日,20260401,更新後,本四連系線,2026/04/02,18:30,逆方向,-142.0,-1058.0,0,0.0,-1200,熱容量（作業）,0,0,0,0,0,2026/04/01 19:42:24
翌日,20260401,更新後,本四連系線,2026/04/02,19:00,順方向,2194.3,-994.3,0,0.0,1200,熱容量（作業）,0,0,0,0,0,2026/04/01 19:42:24
翌日,20260401,更新後,本四連系線,2026/04/02,19:00,逆方向,-205.7,-994.3,0,0.0,-1200,熱容量（作業）,0,0,0,0,0,2026/04/01 19:42:24
翌日,20260401,更新後,本四連系線,2026/04/02,19:30,順方向,2184.0,-984.0,0,0.0,1200,熱容量（作業）,0,0,0,0,0,2026/04/01 19:42:24
翌日,20260401,更新後,本四連系線,2026/04/02,19:30,逆方向,-216.0,-984.0,0,0.0,-1200,熱容量（作業）,0,0,0,0,0,2026/04/01 19:42:24
翌日,20260401,更新後,本四連系線,2026/04/02,20:00,順方向,2400.0,-1200.0,0,0.0,1200,熱容量（作業）,0,0,0,0,0,2026/04/01 19:42:24
翌日,20260401,更新後,本四連系線,2026/04/02,20:00,逆方向,0.0,-1200.0,0,0.0,-1200,熱容量（作業）,0,0,0,0,0,2026/04/01 19:42:24
翌日,20260401,更新後,本四連系線,2026/04/02,20:30,順方向,2400.0,-1200.0,0,0.0,1200,熱容量（作業）,0,0,0,0,0,2026/04/01 19:42:24
翌日,20260401,更新後,本四連系線,2026/04/02,20:30,逆方向,0.0,-1200.0,0,0.0,-1200,熱容量（作業）,0,0,0,0,0,2026/04/01 19:42:24
翌日,20260401,更新後,本四連系線,2026/04/02,21:00,順方向,2400.0,-1200.0,0,0.0,1200,熱容量（作業）,0,0,0,0,0,2026/04/01 19:42:24
翌日,20260401,更新後,本四連系線,2026/04/02,21:00,逆方向,0.0,-1200.0,0,0.0,-1200,熱容量（作業）,0,0,0,0,0,2026/04/01 19:42:24
翌日,20260401,更新後,本四連系線,2026/04/02,21:30,順方向,2392.0,-1200.0,0,8.0,1200,熱容量（作業）,0,0,0,0,0,2026/04/01 19:42:24
翌日,20260401,更新後,本四連系線,2026/04/02,21:30,逆方向,0.0,-1200.0,0,0.0,-1200,熱容量（作業）,0,0,0,0,0,2026/04/01 19:42:24
翌日,20260401,更新後,本四連系線,2026/04/02,22:00,順方向,2267.8,-1067.8,0,0.0,1200,熱容量（作業）,0,0,0,0,0,2026/04/01 19:42:24
翌日,20260401,更新後,本四連系線,2026/04/02,22:00,逆方向,-132.2,-1067.8,0,0.0,-1200,熱容量（作業）,0,0,0,0,0,2026/04/01 19:42:24
翌日,20260401,更新後,本四連系線,2026/04/02,22:30,順方向,2257.7,-1057.7,0,0.0,1200,熱容量（作業）,0,0,0,0,0,2026/04/01 19:42:24
翌日,20260401,更新後,本四連系線,2026/04/02,22:30,逆方向,-142.3,-1057.7,0,0.0,-1200,熱容量（作業）,0,0,0,0,0,2026/04/01 19:42:24
翌日,20260401,更新後,本四連系線,2026/04/02,23:00,順方向,2316.7,-1116.7,0,0.0,1200,熱容量（作業）,0,0,0,0,0,2026/04/01 19:42:24
翌日,20260401,更新後,本四連系線,2026/04/02,23:00,逆方向,-83.3,-1116.7,0,0.0,-1200,熱容量（作業）,0,0,0,0,0,2026/04/01 19:42:24
翌日,20260401,更新後,本四連系線,2026/04/02,23:30,順方向,2348.0,-1148.0,0,0.0,1200,熱容量（作業）,0,0,0,0,0,2026/04/01 19:42:24
翌日,20260401,更新後,本四連系線,2026/04/02,23:30,逆方向,-52.0,-1148.0,0,0.0,-1200,熱容量（作業）,0,0,0,0,0,2026/04/01 19:42:24
翌日,20260401,更新後,本四連系線,2026/04/02,24:00,順方向,2270.4,-1070.4,0,0.0,1200,熱容量（作業）,0,0,0,0,0,2026/04/01 19:42:24
翌日,20260401,更新後,本四連系線,2026/04/02,24:00,逆方向,-129.6,-1070.4,0,0.0,-1200,熱容量（作業）,0,0,0,0,0,2026/04/01 19:42:24
翌日,20260401,更新後,関門連系線,2026/04/02,00:30,順方向,1769.6,-1192.6,0,183.0,760,周波数,0,0,0,0,0,2026/04/01 19:42:24
翌日,20260401,更新後,関門連系線,2026/04/02,00:30,逆方向,-637.4,-1192.6,0,0.0,-1830,周波数,0,0,0,0,0,2026/04/01 19:42:24
翌日,20260401,更新後,関門連系線,2026/04/02,01:00,順方向,1461.173,-892.4,0,191.227,760,周波数,0,0,0,0,0,2026/04/01 19:42:24
翌日,20260401,更新後,関門連系線,2026/04/02,01:00,逆方向,-917.6,-892.4,0,0.0,-1810,周波数,0,0,0,0,0,2026/04/01 19:42:24
翌日,20260401,更新後,関門連系線,2026/04/02,01:30,順方向,1357.5,-778.5,0,181.0,760,周波数,0,0,0,0,0,2026/04/01 19:42:24
翌日,20260401,更新後,関門連系線,2026/04/02,01:30,逆方向,-1011.5,-778.5,0,0.0,-1790,周波数,0,0,0,0,0,2026/04/01 19:42:24
翌日,20260401,更新後,関門連系線,2026/04/02,02:00,順方向,1397.9,-818.9,0,181.0,760,周波数,0,0,0,0,0,2026/04/01 19:42:24
翌日,20260401,更新後,関門連系線,2026/04/02,02:00,逆方向,-971.1,-818.9,0,0.0,-1790,周波数,0,0,0,0,0,2026/04/01 19:42:24
翌日,20260401,更新後,関門連系線,2026/04/02,02:30,順方向,1653.2,-1074.2,0,181.0,760,周波数,0,0,0,0,0,2026/04/01 19:42:24
翌日,20260401,更新後,関門連系線,2026/04/02,02:30,逆方向,-745.8,-1074.2,0,0.0,-1820,周波数,0,0,0,0,0,2026/04/01 19:42:24
翌日,20260401,更新後,関門連系線,2026/04/02,03:00,順方向,1769.773,-1188.0,0,188.227,770,周波数,0,0,0,0,0,2026/04/01 19:42:24
翌日,20260401,更新後,関門連系線,2026/04/02,03:00,逆方向,-662.0,-1188.0,0,0.0,-1850,周波数,0,0,0,0,0,2026/04/01 19:42:24
翌日,20260401,更新後,関門連系線,2026/04/02,03:30,順方向,1981.187,-1336.9,0,135.713,780,周波数,0,0,0,0,0,2026/04/01 19:42:24
翌日,20260401,更新後,関門連系線,2026/04/02,03:30,逆方向,-563.1,-1336.9,0,0.0,-1900,周波数,0,0,0,0,0,2026/04/01 19:42:24
翌日,20260401,更新後,関門連系線,2026/04/02,04:00,順方向,1977.7,-1177.7,0,0.0,800,周波数,0,0,0,0,0,2026/04/01 19:42:24
翌日,20260401,更新後,関門連系線,2026/04/02,04:00,逆方向,-772.3,-1177.7,0,0.0,-1950,周波数,0,0,0,0,0,2026/04/01 19:42:24
翌日,20260401,更新後,関門連系線,2026/04/02,04:30,順方向,1922.1,-1297.1,0,185.0,810,周波数,0,0,0,0,0,2026/04/01 19:42:24
翌日,20260401,更新後,関門連系線,2026/04/02,04:30,逆方向,-594.924,-1297.1,0,-77.976,-1970,周波数,0,0,0,0,0,2026/04/01 19:42:24
翌日,20260401,更新後,関門連系線,2026/04/02,05:00,順方向,1891.5,-1276.5,0,205.0,820,周波数,0,0,0,0,0,2026/04/01 19:42:24
翌日,20260401,更新後,関門連系線,2026/04/02,05:00,逆方向,-703.5,-1276.5,0,0.0,-1980,周波数,0,0,0,0,0,2026/04/01 19:42:24
翌日,20260401,更新後,関門連系線,2026/04/02,05:30,順方向,1960.0,-1345.0,0,205.0,820,周波数,0,0,0,0,0,2026/04/01 19:42:24
翌日,20260401,更新後,関門連系線,2026/04/02,05:30,逆方向,-620.764,-1345.0,0,-4.236,-1970,周波数,0,0,0,0,0,2026/04/01 19:42:24
翌日,20260401,更新後,関門連系線,2026/04/02,06:00,順方向,1890.187,-1222.7,0,42.513,710,周波数,0,0,0,0,0,2026/04/01 19:42:24
翌日,20260401,更新後,関門連系線,2026/04/02,06:00,逆方向,-737.283,-1222.7,0,-0.017,-1960,周波数,0,0,0,0,0,2026/04/01 19:42:24
翌日,20260401,更新後,関門連系線,2026/04/02,06:30,順方向,1414.361,-1093.3,0,278.939,600,周波数,0,0,0,0,0,2026/04/01 19:42:24
翌日,20260401,更新後,関門連系線,2026/04/02,06:30,逆方向,-849.7,-1093.3,0,-7.0,-1950,周波数,0,0,0,0,0,2026/04/01 19:42:24
翌日,20260401,更新後,関門連系線,2026/04/02,07:00,順方向,1573.961,-1316.4,0,292.439,550,周波数,0,0,0,0,0,2026/04/01 19:42:24
翌日,20260401,更新後,関門連系線,2026/04/02,07:00,逆方向,-613.6,-1316.4,0,-20.0,-1950,周波数,0,0,0,0,0,2026/04/01 19:42:24
翌日,20260401,更新後,関門連系線,2026/04/02,07:30,順方向,1604.588,-1515.2,0,420.612,510,周波数,0,0,0,0,0,2026/04/01 19:42:24
翌日,20260401,更新後,関門連系線,2026/04/02,07:30,逆方向,-462.624,-1515.2,0,-2.176,-1980,周波数,0,0,0,0,0,2026/04/01 19:42:24
翌日,20260401,更新後,関門連系線,2026/04/02,08:00,順方向,1509.4,-1509.4,0,510.0,510,周波数,0,0,0,0,0,2026/04/01 19:42:24
翌日,20260401,更新後,関門連系線,2026/04/02,08:00,逆方向,-499.424,-1509.4,0,-1.176,-2010,周波数,0,0,0,0,0,2026/04/01 19:42:24
翌日,20260401,更新後,関門連系線,2026/04/02,08:30,順方向,1691.0,-1671.3,0,400.3,420,周波数,0,0,0,0,0,2026/04/01 19:42:24
翌日,20260401,更新後,関門連系線,2026/04/02,08:30,逆方向,-538.7,-1671.3,0,0.0,-2210,周波数,0,0,0,0,0,2026/04/01 19:42:24
翌日,20260401,更新後,関門連系線,2026/04/02,09:00,順方向,1921.8,-1921.8,0,360.0,360,周波数,0,0,0,0,0,2026/04/01 19:42:24
翌日,20260401,更新後,関門連系線,2026/04/02,09:00,逆方向,-125.2,-1921.8,0,0.0,-2047,周波数,0,0,0,0,0,2026/04/01 19:42:24
翌日,20260401,更新後,関門連系線,2026/04/02,09:30,順方向,2194.0,-2194.0,0,300.0,300,周波数,0,0,0,0,0,2026/04/01 19:42:24
翌日,20260401,更新後,関門連系線,2026/04/02,09:30,逆方向,0.0,-2194.0,0,0.0,-2194,周波数,0,0,0,0,0,2026/04/01 19:42:24
翌日,20260401,更新後,関門連系線,2026/04/02,10:00,順方向,2229.0,-2229.0,0,290.0,290,周波数,0,0,0,0,0,2026/04/01 19:42:24
翌日,20260401,更新後,関門連系線,2026/04/02,10:00,逆方向,0.0,-2229.0,0,0.0,-2229,周波数,0,0,0,0,0,2026/04/01 19:42:24
翌日,20260401,更新後,関門連系線,2026/04/02,10:30,順方向,2354.52,-2241.0,0,176.48,290,周波数,0,0,0,0,0,2026/04/01 19:42:24
翌日,20260401,更新後,関門連系線,2026/04/02,10:30,逆方向,0.0,-2241.0,0,0.0,-2241,周波数,0,0,0,0,0,2026/04/01 19:42:24
翌日,20260401,更新後,関門連系線,2026/04/02,11:00,順方向,2328.0,-2260.0,0,222.0,290,周波数,0,0,0,0,0,2026/04/01 19:42:24
翌日,20260401,更新後,関門連系線,2026/04/02,11:00,逆方向,0.0,-2260.0,0,0.0,-2260,周波数,0,0,0,0,0,2026/04/01 19:42:24
翌日,20260401,更新後,関門連系線,2026/04/02,11:30,順方向,2284.0,-2275.0,0,281.0,290,周波数,0,0,0,0,0,2026/04/01 19:42:24
翌日,20260401,更新後,関門連系線,2026/04/02,11:30,逆方向,0.0,-2275.0,0,0.0,-2275,周波数,0,0,0,0,0,2026/04/01 19:42:24
翌日,20260401,更新後,関門連系線,2026/04/02,12:00,順方向,2272.0,-2272.0,0,300.0,300,周波数,0,0,0,0,0,2026/04/01 19:42:24
翌日,20260401,更新後,関門連系線,2026/04/02,12:00,逆方向,0.0,-2272.0,0,0.0,-2272,周波数,0,0,0,0,0,2026/04/01 19:42:24
翌日,20260401,更新後,関門連系線,2026/04/02,12:30,順方向,2261.108,-2250.0,0,288.892,300,周波数,0,0,0,0,0,2026/04/01 19:42:24
翌日,20260401,更新後,関門連系線,2026/04/02,12:30,逆方向,0.0,-2250.0,0,0.0,-2250,周波数,0,0,0,0,0,2026/04/01 19:42:24
翌日,20260401,更新後,関門連系線,2026/04/02,13:00,順方向,2250.0,-2250.0,0,290.0,290,周波数,0,0,0,0,0,2026/04/01 19:42:24
翌日,20260401,更新後,関門連系線,2026/04/02,13:00,逆方向,0.0,-2250.0,0,0.0,-2250,周波数,0,0,0,0,0,2026/04/01 19:42:24
翌日,20260401,更新後,関門連系線,2026/04/02,13:30,順方向,2473.602,-2273.0,0,89.398,290,周波数,0,0,0,0,0,2026/04/01 19:42:24
翌日,20260401,更新後,関門連系線,2026/04/02,13:30,逆方向,0.0,-2273.0,0,0.0,-2273,周波数,0,0,0,0,0,2026/04/01 19:42:24
翌日,20260401,更新後,関門連系線,2026/04/02,14:00,順方向,2268.0,-2268.0,0,280.0,280,周波数,0,0,0,0,0,2026/04/01 19:42:24
翌日,20260401,更新後,関門連系線,2026/04/02,14:00,逆方向,0.0,-2268.0,0,0.0,-2268,周波数,0,0,0,0,0,2026/04/01 19:42:24
翌日,20260401,更新後,関門連系線,2026/04/02,14:30,順方向,2262.0,-2262.0,0,280.0,280,周波数,0,0,0,0,0,2026/04/01 19:42:24
翌日,20260401,更新後,関門連系線,2026/04/02,14:30,逆方向,0.0,-2262.0,0,0.0,-2262,周波数,0,0,0,0,0,2026/04/01 19:42:24
翌日,20260401,更新後,関門連系線,2026/04/02,15:00,順方向,2242.0,-2242.0,0,280.0,280,周波数,0,0,0,0,0,2026/04/01 19:42:24
翌日,20260401,更新後,関門連系線,2026/04/02,15:00,逆方向,0.0,-2242.0,0,0.0,-2242,周波数,0,0,0,0,0,2026/04/01 19:42:24
翌日,20260401,更新後,関門連系線,2026/04/02,15:30,順方向,2281.802,-2232.0,0,300.198,350,周波数,0,0,0,0,0,2026/04/01 19:42:24
翌日,20260401,更新後,関門連系線,2026/04/02,15:30,逆方向,0.0,-2232.0,0,0.0,-2232,周波数,0,0,0,0,0,2026/04/01 19:42:24
翌日,20260401,更新後,関門連系線,2026/04/02,16:00,順方向,2383.457,-2218.0,0,264.543,430,周波数,0,0,0,0,0,2026/04/01 19:42:24
翌日,20260401,更新後,関門連系線,2026/04/02,16:00,逆方向,0.0,-2218.0,0,0.0,-2218,周波数,0,0,0,0,0,2026/04/01 19:42:24
翌日,20260401,更新後,関門連系線,2026/04/02,16:30,順方向,2379.652,-2104.3,0,204.648,480,周波数,0,0,0,0,0,2026/04/01 19:42:24
翌日,20260401,更新後,関門連系線,2026/04/02,16:30,逆方向,-126.7,-2104.3,0,0.0,-2231,周波数,0,0,0,0,0,2026/04/01 19:42:24
翌日,20260401,更新後,関門連系線,2026/04/02,17:00,順方向,2240.0,-2240.0,0,530.0,530,周波数,0,0,0,0,0,2026/04/01 19:42:24
翌日,20260401,更新後,関門連系線,2026/04/02,17:00,逆方向,0.0,-2240.0,0,0.0,-2240,周波数,0,0,0,0,0,2026/04/01 19:42:24
翌日,20260401,更新後,関門連系線,2026/04/02,17:30,順方向,2213.738,-1764.0,0,130.262,580,周波数,0,0,0,0,0,2026/04/01 19:42:24
翌日,20260401,更新後,関門連系線,2026/04/02,17:30,逆方向,-446.0,-1764.0,0,0.0,-2210,周波数,0,0,0,0,0,2026/04/01 19:42:24
翌日,20260401,更新後,関門連系線,2026/04/02,18:00,順方向,2194.5,-1726.6,0,162.1,630,周波数,0,0,0,0,0,2026/04/01 19:42:24
翌日,20260401,更新後,関門連系線,2026/04/02,18:00,逆方向,-455.396,-1726.6,0,-28.004,-2210,周波数,0,0,0,0,0,2026/04/01 19:42:24
翌日,20260401,更新後,関門連系線,2026/04/02,18:30,順方向,2277.7,-1547.7,0,0.0,730,周波数,0,0,0,0,0,2026/04/01 19:42:24
翌日,20260401,更新後,関門連系線,2026/04/02,18:30,逆方向,-662.3,-1547.7,0,0.0,-2210,周波数,0,0,0,0,0,2026/04/01 19:42:24
翌日,20260401,更新後,関門連系線,2026/04/02,19:00,順方向,2477.1,-1637.1,0,0.0,840,周波数,0,0,0,0,0,2026/04/01 19:42:24
翌日,20260401,更新後,関門連系線,2026/04/02,19:00,逆方向,-552.9,-1637.1,0,0.0,-2190,周波数,0,0,0,0,0,2026/04/01 19:42:24
翌日,20260401,更新後,関門連系線,2026/04/02,19:30,順方向,2429.1,-1579.1,0,0.0,850,周波数,0,0,0,0,0,2026/04/01 19:42:24
翌日,20260401,更新後,関門連系線,2026/04/02,19:30,逆方向,-600.9,-1579.1,0,0.0,-2180,周波数,0,0,0,0,0,2026/04/01 19:42:24
翌日,20260401,更新後,関門連系線,2026/04/02,20:00,順方向,2310.5,-1460.5,0,0.0,850,周波数,0,0,0,0,0,2026/04/01 19:42:24
翌日,20260401,更新後,関門連系線,2026/04/02,20:00,逆方向,-679.5,-1460.5,0,0.0,-2140,周波数,0,0,0,0,0,2026/04/01 19:42:24
翌日,20260401,更新後,関門連系線,2026/04/02,20:30,順方向,2388.7,-1548.7,0,0.0,840,周波数,0,0,0,0,0,2026/04/01 19:42:24
翌日,20260401,更新後,関門連系線,2026/04/02,20:30,逆方向,-551.3,-1548.7,0,0.0,-2100,周波数,0,0,0,0,0,2026/04/01 19:42:24
翌日,20260401,更新後,関門連系線,2026/04/02,21:00,順方向,2504.7,-1674.7,0,0.0,830,周波数,0,0,0,0,0,2026/04/01 19:42:24
翌日,20260401,更新後,関門連系線,2026/04/02,21:00,逆方向,-385.3,-1674.7,0,0.0,-2060,周波数,0,0,0,0,0,2026/04/01 19:42:24
翌日,20260401,更新後,関門連系線,2026/04/02,21:30,順方向,2306.2,-1491.2,0,5.0,820,周波数,0,0,0,0,0,2026/04/01 19:42:24
翌日,20260401,更新後,関門連系線,2026/04/02,21:30,逆方向,-504.624,-1491.2,0,-24.176,-2020,周波数,0,0,0,0,0,2026/04/01 19:42:24
翌日,20260401,更新後,関門連系線,2026/04/02,22:00,順方向,2443.9,-1627.9,0,4.0,820,周波数,0,0,0,0,0,2026/04/01 19:42:24
翌日,20260401,更新後,関門連系線,2026/04/02,22:00,逆方向,-392.1,-1627.9,0,0.0,-2020,周波数,0,0,0,0,0,2026/04/01 19:42:24
翌日,20260401,更新後,関門連系線,2026/04/02,22:30,順方向,2115.0,-1320.0,0,5.0,800,周波数,0,0,0,0,0,2026/04/01 19:42:24
翌日,20260401,更新後,関門連系線,2026/04/02,22:30,逆方向,-595.824,-1320.0,0,-24.176,-1940,周波数,0,0,0,0,0,2026/04/01 19:42:24
翌日,20260401,更新後,関門連系線,2026/04/02,23:00,順方向,2385.71,-1603.0,0,7.29,790,周波数,0,0,0,0,0,2026/04/01 19:42:24
翌日,20260401,更新後,関門連系線,2026/04/02,23:00,逆方向,-307.0,-1603.0,0,0.0,-1910,周波数,0,0,0,0,0,2026/04/01 19:42:24
翌日,20260401,更新後,関門連系線,2026/04/02,23:30,順方向,2371.31,-1612.6,0,21.29,780,周波数,0,0,0,0,0,2026/04/01 19:42:24
翌日,20260401,更新後,関門連系線,2026/04/02,23:30,逆方向,-267.4,-1612.6,0,0.0,-1880,周波数,0,0,0,0,0,2026/04/01 19:42:24
翌日,20260401,更新後,関門連系線,2026/04/02,24:00,順方向,2097.3,-1332.3,0,5.0,770,周波数,0,0,0,0,0,2026/04/01 19:42:24
翌日,20260401,更新後,関門連系線,2026/04/02,24:00,逆方向,-496.924,-1332.3,0,-20.776,-1850,周波数,0,0,0,0,0,2026/04/01 19:42:24
翌日,20260401,更新後,中部フェンス,2026/04/02,00:30,順方向,4179.35,-2830.0,0,640.65,1990,安定度（作業）,0,0,0,0,0,2026/04/01 19:42:24
翌日,20260401,更新後,中部フェンス,2026/04/02,00:30,逆方向,0.0,-2830.0,0,0.0,-2830,電圧（作業）,0,0,0,0,0,2026/04/01 19:42:24
翌日,20260401,更新後,中部フェンス,2026/04/02,01:00,順方向,3896.701,-2830.0,0,923.299,1990,安定度（作業）,0,0,0,0,0,2026/04/01 19:42:24
翌日,20260401,更新後,中部フェンス,2026/04/02,01:00,逆方向,0.0,-2830.0,0,0.0,-2830,電圧（作業）,0,0,0,0,0,2026/04/01 19:42:24
翌日,20260401,更新後,中部フェンス,2026/04/02,01:30,順方向,3923.518,-2830.0,0,896.482,1990,安定度（作業）,0,0,0,0,0,2026/04/01 19:42:24
翌日,20260401,更新後,中部フェンス,2026/04/02,01:30,逆方向,0.0,-2830.0,0,0.0,-2830,電圧（作業）,0,0,0,0,0,2026/04/01 19:42:24
翌日,20260401,更新後,中部フェンス,2026/04/02,02:00,順方向,3919.498,-2830.0,0,900.502,1990,安定度（作業）,0,0,0,0,0,2026/04/01 19:42:24
翌日,20260401,更新後,中部フェンス,2026/04/02,02:00,逆方向,0.0,-2830.0,0,0.0,-2830,電圧（作業）,0,0,0,0,0,2026/04/01 19:42:24
翌日,20260401,更新後,中部フェンス,2026/04/02,02:30,順方向,3943.414,-2830.0,0,876.586,1990,安定度（作業）,0,0,0,0,0,2026/04/01 19:42:24
翌日,20260401,更新後,中部フェンス,2026/04/02,02:30,逆方向,0.0,-2830.0,0,0.0,-2830,電圧（作業）,0,0,0,0,0,2026/04/01 19:42:24
翌日,20260401,更新後,中部フェンス,2026/04/02,03:00,順方向,3953.033,-2830.0,0,866.967,1990,安定度（作業）,0,0,0,0,0,2026/04/01 19:42:24
翌日,20260401,更新後,中部フェンス,2026/04/02,03:00,逆方向,0.0,-2830.0,0,0.0,-2830,電圧（作業）,0,0,0,0,0,2026/04/01 19:42:24
翌日,20260401,更新後,中部フェンス,2026/04/02,03:30,順方向,3987.013,-2830.0,0,832.987,1990,安定度（作業）,0,0,0,0,0,2026/04/01 19:42:24
翌日,20260401,更新後,中部フェンス,2026/04/02,03:30,逆方向,0.0,-2830.0,0,0.0,-2830,電圧（作業）,0,0,0,0,0,2026/04/01 19:42:24
翌日,20260401,更新後,中部フェンス,2026/04/02,04:00,順方向,4094.769,-2830.0,0,725.231,1990,安定度（作業）,0,0,0,0,0,2026/04/01 19:42:24
翌日,20260401,更新後,中部フェンス,2026/04/02,04:00,逆方向,0.0,-2830.0,0,0.0,-2830,電圧（作業）,0,0,0,0,0,2026/04/01 19:42:24
翌日,20260401,更新後,中部フェンス,2026/04/02,04:30,順方向,4240.873,-2830.0,0,579.127,1990,安定度（作業）,0,0,0,0,0,2026/04/01 19:42:24
翌日,20260401,更新後,中部フェンス,2026/04/02,04:30,逆方向,0.0,-2830.0,0,0.0,-2830,電圧（作業）,0,0,0,0,0,2026/04/01 19:42:24
翌日,20260401,更新後,中部フェンス,2026/04/02,05:00,順方向,3877.935,-2830.0,0,942.065,1990,安定度（作業）,0,0,0,0,0,2026/04/01 19:42:24
翌日,20260401,更新後,中部フェンス,2026/04/02,05:00,逆方向,0.0,-2830.0,0,0.0,-2830,電圧（作業）,0,0,0,0,0,2026/04/01 19:42:24
翌日,20260401,更新後,中部フェンス,2026/04/02,05:30,順方向,3880.702,-2830.0,0,939.298,1990,安定度（作業）,0,0,0,0,0,2026/04/01 19:42:24
翌日,20260401,更新後,中部フェンス,2026/04/02,05:30,逆方向,0.0,-2830.0,0,0.0,-2830,電圧（作業）,0,0,0,0,0,2026/04/01 19:42:24
翌日,20260401,更新後,中部フェンス,2026/04/02,06:00,順方向,4040.117,-2830.0,0,779.883,1990,安定度（作業）,0,0,0,0,0,2026/04/01 19:42:24
翌日,20260401,更新後,中部フェンス,2026/04/02,06:00,逆方向,0.0,-2830.0,0,0.0,-2830,電圧（作業）,0,0,0,0,0,2026/04/01 19:42:24
翌日,20260401,更新後,中部フェンス,2026/04/02,06:30,順方向,3939.295,-2830.0,0,880.705,1990,安定度（作業）,0,0,0,0,0,2026/04/01 19:42:24
翌日,20260401,更新後,中部フェンス,2026/04/02,06:30,逆方向,0.0,-2830.0,0,0.0,-2830,電圧（作業）,0,0,0,0,0,2026/04/01 19:42:24
翌日,20260401,更新後,中部フェンス,2026/04/02,07:00,順方向,3940.406,-2830.0,0,879.594,1990,安定度（作業）,0,0,0,0,0,2026/04/01 19:42:24
翌日,20260401,更新後,中部フェンス,2026/04/02,07:00,逆方向,0.0,-2830.0,0,0.0,-2830,電圧（作業）,0,0,0,0,0,2026/04/01 19:42:24
翌日,20260401,更新後,中部フェンス,2026/04/02,07:30,順方向,3716.126,-2830.0,0,1103.874,1990,安定度（作業）,0,0,0,0,0,2026/04/01 19:42:24
翌日,20260401,更新後,中部フェンス,2026/04/02,07:30,逆方向,0.0,-2830.0,0,0.0,-2830,電圧（作業）,0,0,0,0,0,2026/04/01 19:42:24
翌日,20260401,更新後,中部フェンス,2026/04/02,08:00,順方向,3605.959,-2830.0,0,1214.041,1990,安定度（作業）,0,0,0,0,0,2026/04/01 19:42:24
翌日,20260401,更新後,中部フェンス,2026/04/02,08:00,逆方向,0.0,-2830.0,0,0.0,-2830,電圧（作業）,0,0,0,0,0,2026/04/01 19:42:24
翌日,20260401,更新後,中部フェンス,2026/04/02,08:30,順方向,3770.97,-2830.0,0,1189.03,2130,安定度（作業）,0,0,0,0,0,2026/04/01 19:42:24
翌日,20260401,更新後,中部フェンス,2026/04/02,08:30,逆方向,0.0,-2830.0,0,0.0,-2830,電圧（作業）,0,0,0,0,0,2026/04/01 19:42:24
翌日,20260401,更新後,中部フェンス,2026/04/02,09:00,順方向,3502.998,-2830.0,0,1457.002,2130,安定度（作業）,0,0,0,0,0,2026/04/01 19:42:24
翌日,20260401,更新後,中部フェンス,2026/04/02,09:00,逆方向,0.0,-2830.0,0,0.0,-2830,電圧（作業）,0,0,0,0,0,2026/04/01 19:42:24
翌日,20260401,更新後,中部フェンス,2026/04/02,09:30,順方向,5097.008,-3480.3,0,1013.292,2630,安定度（作業）,0,0,0,0,0,2026/04/01 19:42:24
翌日,20260401,更新後,中部フェンス,2026/04/02,09:30,逆方向,-49.7,-3480.3,0,0.0,-3530,電圧（作業）,0,0,0,0,0,2026/04/01 19:42:24
翌日,20260401,更新後,中部フェンス,2026/04/02,10:00,順方向,5262.718,-3466.1,0,833.382,2630,安定度（作業）,0,0,0,0,0,2026/04/01 19:42:24
翌日,20260401,更新後,中部フェンス,2026/04/02,10:00,逆方向,-63.9,-3466.1,0,0.0,-3530,電圧（作業）,0,0,0,0,0,2026/04/01 19:42:24
翌日,20260401,更新後,中部フェンス,2026/04/02,10:30,順方向,5457.508,-3467.5,0,639.992,2630,安定度（作業）,0,0,0,0,0,2026/04/01 19:42:24
翌日,20260401,更新後,中部フェンス,2026/04/02,10:30,逆方向,-62.5,-3467.5,0,0.0,-3530,電圧（作業）,0,0,0,0,0,2026/04/01 19:42:24
翌日,20260401,更新後,中部フェンス,2026/04/02,11:00,順方向,4805.671,-3202.6,0,1026.929,2630,安定度（作業）,0,0,0,0,0,2026/04/01 19:42:24
翌日,20260401,更新後,中部フェンス,2026/04/02,11:00,逆方向,-327.4,-3202.6,0,0.0,-3530,電圧（作業）,0,0,0,0,0,2026/04/01 19:42:24
翌日,20260401,更新後,中部フェンス,2026/04/02,11:30,順方向,4684.119,-3033.4,0,979.281,2630,安定度（作業）,0,0,0,0,0,2026/04/01 19:42:24
翌日,20260401,更新後,中部フェンス,2026/04/02,11:30,逆方向,-496.6,-3033.4,0,0.0,-3530,電圧（作業）,0,0,0,0,0,2026/04/01 19:42:24
翌日,20260401,更新後,中部フェンス,2026/04/02,12:00,順方向,4547.708,-2821.2,0,903.492,2630,安定度（作業）,0,0,0,0,0,2026/04/01 19:42:24
翌日,20260401,更新後,中部フェンス,2026/04/02,12:00,逆方向,-708.8,-2821.2,0,0.0,-3530,電圧（作業）,0,0,0,0,0,2026/04/01 19:42:24
翌日,20260401,更新後,中部フェンス,2026/04/02,12:30,順方向,3934.508,-2212.5,0,907.992,2630,安定度（作業）,0,0,0,0,0,2026/04/01 19:42:24
翌日,20260401,更新後,中部フェンス,2026/04/02,12:30,逆方向,-1219.073,-2212.5,0,-98.427,-3530,電圧（作業）,0,0,0,0,0,2026/04/01 19:42:24
翌日,20260401,更新後,中部フェンス,2026/04/02,13:00,順方向,3675.758,-1945.5,0,899.742,2630,安定度（作業）,0,0,0,0,0,2026/04/01 19:42:24
翌日,20260401,更新後,中部フェンス,2026/04/02,13:00,逆方向,-1382.441,-1945.5,0,-202.059,-3530,電圧（作業）,0,0,0,0,0,2026/04/01 19:42:24
翌日,20260401,更新後,中部フェンス,2026/04/02,13:30,順方向,3770.408,-2224.4,0,1083.992,2630,安定度（作業）,0,0,0,0,0,2026/04/01 19:42:24
翌日,20260401,更新後,中部フェンス,2026/04/02,13:30,逆方向,-1103.411,-2224.4,0,-202.189,-3530,電圧（作業）,0,0,0,0,0,2026/04/01 19:42:24
翌日,20260401,更新後,中部フェンス,2026/04/02,14:00,順方向,4290.908,-2695.3,0,1034.392,2630,安定度（作業）,0,0,0,0,0,2026/04/01 19:42:24
翌日,20260401,更新後,中部フェンス,2026/04/02,14:00,逆方向,-806.617,-2695.3,0,-28.083,-3530,電圧（作業）,0,0,0,0,0,2026/04/01 19:42:24
翌日,20260401,更新後,中部フェンス,2026/04/02,14:30,順方向,4791.88,-3117.2,0,955.32,2630,安定度（作業）,0,0,0,0,0,2026/04/01 19:42:24
翌日,20260401,更新後,中部フェンス,2026/04/02,14:30,逆方向,-412.8,-3117.2,0,0.0,-3530,電圧（作業）,0,0,0,0,0,2026/04/01 19:42:24
翌日,20260401,更新後,中部フェンス,2026/04/02,15:00,順方向,4776.108,-3007.1,0,860.992,2630,安定度（作業）,0,0,0,0,0,2026/04/01 19:42:24
翌日,20260401,更新後,中部フェンス,2026/04/02,15:00,逆方向,-522.9,-3007.1,0,0.0,-3530,電圧（作業）,0,0,0,0,0,2026/04/01 19:42:24
翌日,20260401,更新後,中部フェンス,2026/04/02,15:30,順方向,5155.036,-3453.4,0,928.364,2630,安定度（作業）,0,0,0,0,0,2026/04/01 19:42:24
翌日,20260401,更新後,中部フェンス,2026/04/02,15:30,逆方向,-76.6,-3453.4,0,0.0,-3530,電圧（作業）,0,0,0,0,0,2026/04/01 19:42:24
翌日,20260401,更新後,中部フェンス,2026/04/02,16:00,順方向,5333.76,-3490.8,0,787.04,2630,安定度（作業）,0,0,0,0,0,2026/04/01 19:42:24
翌日,20260401,更新後,中部フェンス,2026/04/02,16:00,逆方向,-39.2,-3490.8,0,0.0,-3530,電圧（作業）,0,0,0,0,0,2026/04/01 19:42:24
翌日,20260401,更新後,中部フェンス,2026/04/02,16:30,順方向,5405.798,-3460.5,0,684.702,2630,安定度（作業）,0,0,0,0,0,2026/04/01 19:42:24
翌日,20260401,更新後,中部フェンス,2026/04/02,16:30,逆方向,-69.5,-3460.5,0,0.0,-3530,電圧（作業）,0,0,0,0,0,2026/04/01 19:42:24
翌日,20260401,更新後,中部フェンス,2026/04/02,17:00,順方向,4938.349,-3530.0,0,1221.651,2630,安定度（作業）,0,0,0,0,0,2026/04/01 19:42:24
翌日,20260401,更新後,中部フェンス,2026/04/02,17:00,逆方向,0.0,-3530.0,0,0.0,-3530,電圧（作業）,0,0,0,0,0,2026/04/01 19:42:24
翌日,20260401,更新後,中部フェンス,2026/04/02,17:30,順方向,5735.904,-3489.2,0,383.296,2630,安定度（作業）,0,0,0,0,0,2026/04/01 19:42:24
翌日,20260401,更新後,中部フェンス,2026/04/02,17:30,逆方向,-40.8,-3489.2,0,0.0,-3530,電圧（作業）,0,0,0,0,0,2026/04/01 19:42:24
翌日,20260401,更新後,中部フェンス,2026/04/02,18:00,順方向,5654.416,-3530.0,0,505.584,2630,安定度（作業）,0,0,0,0,0,2026/04/01 19:42:24
翌日,20260401,更新後,中部フェンス,2026/04/02,18:00,逆方向,0.0,-3530.0,0,0.0,-3530,電圧（作業）,0,0,0,0,0,2026/04/01 19:42:24
翌日,20260401,更新後,中部フェンス,2026/04/02,18:30,順方向,5564.846,-3530.0,0,595.154,2630,安定度（作業）,0,0,0,0,0,2026/04/01 19:42:24
翌日,20260401,更新後,中部フェンス,2026/04/02,18:30,逆方向,0.0,-3530.0,0,0.0,-3530,電圧（作業）,0,0,0,0,0,2026/04/01 19:42:24
翌日,20260401,更新後,中部フェンス,2026/04/02,19:00,順方向,5674.67,-3530.0,0,485.33,2630,安定度（作業）,0,0,0,0,0,2026/04/01 19:42:24
翌日,20260401,更新後,中部フェンス,2026/04/02,19:00,逆方向,0.0,-3530.0,0,0.0,-3530,電圧（作業）,0,0,0,0,0,2026/04/01 19:42:24
翌日,20260401,更新後,中部フェンス,2026/04/02,19:30,順方向,5593.244,-3530.0,0,566.756,2630,安定度（作業）,0,0,0,0,0,2026/04/01 19:42:24
翌日,20260401,更新後,中部フェンス,2026/04/02,19:30,逆方向,0.0,-3530.0,0,0.0,-3530,電圧（作業）,0,0,0,0,0,2026/04/01 19:42:24
翌日,20260401,更新後,中部フェンス,2026/04/02,20:00,順方向,5863.339,-3530.0,0,296.661,2630,安定度（作業）,0,0,0,0,0,2026/04/01 19:42:24
翌日,20260401,更新後,中部フェンス,2026/04/02,20:00,逆方向,0.0,-3530.0,0,0.0,-3530,電圧（作業）,0,0,0,0,0,2026/04/01 19:42:24
翌日,20260401,更新後,中部フェンス,2026/04/02,20:30,順方向,5876.177,-3530.0,0,283.823,2630,安定度（作業）,0,0,0,0,0,2026/04/01 19:42:24
翌日,20260401,更新後,中部フェンス,2026/04/02,20:30,逆方向,0.0,-3530.0,0,0.0,-3530,電圧（作業）,0,0,0,0,0,2026/04/01 19:42:24
翌日,20260401,更新後,中部フェンス,2026/04/02,21:00,順方向,5817.29,-3530.0,0,342.71,2630,安定度（作業）,0,0,0,0,0,2026/04/01 19:42:24
翌日,20260401,更新後,中部フェンス,2026/04/02,21:00,逆方向,0.0,-3530.0,0,0.0,-3530,電圧（作業）,0,0,0,0,0,2026/04/01 19:42:24
翌日,20260401,更新後,中部フェンス,2026/04/02,21:30,順方向,5891.604,-3530.0,0,268.396,2630,安定度（作業）,0,0,0,0,0,2026/04/01 19:42:24
翌日,20260401,更新後,中部フェンス,2026/04/02,21:30,逆方向,0.0,-3530.0,0,0.0,-3530,電圧（作業）,0,0,0,0,0,2026/04/01 19:42:24
翌日,20260401,更新後,中部フェンス,2026/04/02,22:00,順方向,5783.279,-3530.0,0,376.721,2630,安定度（作業）,0,0,0,0,0,2026/04/01 19:42:24
翌日,20260401,更新後,中部フェンス,2026/04/02,22:00,逆方向,0.0,-3530.0,0,0.0,-3530,電圧（作業）,0,0,0,0,0,2026/04/01 19:42:24
翌日,20260401,更新後,中部フェンス,2026/04/02,22:30,順方向,5179.801,-3530.0,0,540.199,2190,安定度（作業）,0,0,0,0,0,2026/04/01 19:42:24
翌日,20260401,更新後,中部フェンス,2026/04/02,22:30,逆方向,0.0,-3530.0,0,0.0,-3530,電圧（作業）,0,0,0,0,0,2026/04/01 19:42:24
翌日,20260401,更新後,中部フェンス,2026/04/02,23:00,順方向,5488.843,-3530.0,0,231.157,2190,安定度（作業）,0,0,0,0,0,2026/04/01 19:42:24
翌日,20260401,更新後,中部フェンス,2026/04/02,23:00,逆方向,0.0,-3530.0,0,0.0,-3530,電圧（作業）,0,0,0,0,0,2026/04/01 19:42:24
翌日,20260401,更新後,中部フェンス,2026/04/02,23:30,順方向,5536.838,-3530.0,0,183.162,2190,安定度（作業）,0,0,0,0,0,2026/04/01 19:42:24
翌日,20260401,更新後,中部フェンス,2026/04/02,23:30,逆方向,0.0,-3530.0,0,0.0,-3530,電圧（作業）,0,0,0,0,0,2026/04/01 19:42:24
翌日,20260401,更新後,中部フェンス,2026/04/02,24:00,順方向,5537.514,-3530.0,0,182.486,2190,安定度（作業）,0,0,0,0,0,2026/04/01 19:42:24
翌日,20260401,更新後,中部フェンス,2026/04/02,24:00,逆方向,0.0,-3530.0,0,0.0,-3530,電圧（作業）,0,0,0,0,0,2026/04/01 19:42:24
翌日,20260401,更新後,北陸フェンス,2026/04/02,00:30,順方向,2673.9,-553.9,0,0.0,2120,電圧（作業）,0,0,0,0,0,2026/04/01 19:42:24
翌日,20260401,更新後,北陸フェンス,2026/04/02,00:30,逆方向,-2375.89,-553.9,0,-40.21,-2970,安定度（作業）,0,0,0,0,0,2026/04/01 19:42:24
翌日,20260401,更新後,北陸フェンス,2026/04/02,01:00,順方向,2566.2,-489.2,0,43.0,2120,電圧（作業）,0,0,0,0,0,2026/04/01 19:42:24
翌日,20260401,更新後,北陸フェンス,2026/04/02,01:00,逆方向,-2458.8,-489.2,0,-22.0,-2970,安定度（作業）,0,0,0,0,0,2026/04/01 19:42:24
翌日,20260401,更新後,北陸フェンス,2026/04/02,01:30,順方向,2616.9,-539.9,0,43.0,2120,電圧（作業）,0,0,0,0,0,2026/04/01 19:42:24
翌日,20260401,更新後,北陸フェンス,2026/04/02,01:30,逆方向,-2408.1,-539.9,0,-22.0,-2970,安定度（作業）,0,0,0,0,0,2026/04/01 19:42:24
翌日,20260401,更新後,北陸フェンス,2026/04/02,02:00,順方向,2671.2,-594.2,0,43.0,2120,電圧（作業）,0,0,0,0,0,2026/04/01 19:42:24
翌日,20260401,更新後,北陸フェンス,2026/04/02,02:00,逆方向,-2353.8,-594.2,0,-22.0,-2970,安定度（作業）,0,0,0,0,0,2026/04/01 19:42:24
翌日,20260401,更新後,北陸フェンス,2026/04/02,02:30,順方向,2657.4,-580.4,0,43.0,2120,電圧（作業）,0,0,0,0,0,2026/04/01 19:42:24
翌日,20260401,更新後,北陸フェンス,2026/04/02,02:30,逆方向,-2371.22,-580.4,0,-18.38,-2970,安定度（作業）,0,0,0,0,0,2026/04/01 19:42:24
翌日,20260401,更新後,北陸フェンス,2026/04/02,03:00,順方向,2577.4,-500.4,0,43.0,2120,電圧（作業）,0,0,0,0,0,2026/04/01 19:42:24
翌日,20260401,更新後,北陸フェンス,2026/04/02,03:00,逆方向,-2447.6,-500.4,0,-22.0,-2970,安定度（作業）,0,0,0,0,0,2026/04/01 19:42:24
翌日,20260401,更新後,北陸フェンス,2026/04/02,03:30,順方向,2492.1,-414.1,0,42.0,2120,電圧（作業）,0,0,0,0,0,2026/04/01 19:42:24
翌日,20260401,更新後,北陸フェンス,2026/04/02,03:30,逆方向,-2533.9,-414.1,0,-22.0,-2970,安定度（作業）,0,0,0,0,0,2026/04/01 19:42:24
翌日,20260401,更新後,北陸フェンス,2026/04/02,04:00,順方向,2453.3,-374.3,0,41.0,2120,電圧（作業）,0,0,0,0,0,2026/04/01 19:42:24
翌日,20260401,更新後,北陸フェンス,2026/04/02,04:00,逆方向,-2573.7,-374.3,0,-22.0,-2970,安定度（作業）,0,0,0,0,0,2026/04/01 19:42:24
翌日,20260401,更新後,北陸フェンス,2026/04/02,04:30,順方向,2504.5,-384.5,0,0.0,2120,電圧（作業）,0,0,0,0,0,2026/04/01 19:42:24
翌日,20260401,更新後,北陸フェンス,2026/04/02,04:30,逆方向,-2531.939,-384.5,0,-53.561,-2970,安定度（作業）,0,0,0,0,0,2026/04/01 19:42:24
翌日,20260401,更新後,北陸フェンス,2026/04/02,05:00,順方向,2440.8,-365.8,0,45.0,2120,電圧（作業）,0,0,0,0,0,2026/04/01 19:42:24
翌日,20260401,更新後,北陸フェンス,2026/04/02,05:00,逆方向,-2585.152,-365.8,0,-19.048,-2970,安定度（作業）,0,0,0,0,0,2026/04/01 19:42:24
翌日,20260401,更新後,北陸フェンス,2026/04/02,05:30,順方向,2455.7,-380.7,0,45.0,2120,電圧（作業）,0,0,0,0,0,2026/04/01 19:42:24
翌日,20260401,更新後,北陸フェンス,2026/04/02,05:30,逆方向,-2575.736,-380.7,0,-13.564,-2970,安定度（作業）,0,0,0,0,0,2026/04/01 19:42:24
翌日,20260401,更新後,北陸フェンス,2026/04/02,06:00,順方向,2495.4,-420.4,0,45.0,2120,電圧（作業）,0,0,0,0,0,2026/04/01 19:42:24
翌日,20260401,更新後,北陸フェンス,2026/04/02,06:00,逆方向,-2534.472,-420.4,0,-15.128,-2970,安定度（作業）,0,0,0,0,0,2026/04/01 19:42:24
翌日,20260401,更新後,北陸フェンス,2026/04/02,06:30,順方向,2478.5,-435.5,0,77.0,2120,電圧（作業）,0,0,0,0,0,2026/04/01 19:42:24
翌日,20260401,更新後,北陸フェンス,2026/04/02,06:30,逆方向,-2528.312,-435.5,0,-6.188,-2970,安定度（作業）,0,0,0,0,0,2026/04/01 19:42:24
翌日,20260401,更新後,北陸フェンス,2026/04/02,07:00,順方向,2470.8,-441.8,0,91.0,2120,電圧（作業）,0,0,0,0,0,2026/04/01 19:42:24
翌日,20260401,更新後,北陸フェンス,2026/04/02,07:00,逆方向,-2514.524,-441.8,0,-13.676,-2970,安定度（作業）,0,0,0,0,0,2026/04/01 19:42:24
翌日,20260401,更新後,北陸フェンス,2026/04/02,07:30,順方向,2406.216,-352.5,0,66.284,2120,電圧（作業）,0,0,0,0,0,2026/04/01 19:42:24
翌日,20260401,更新後,北陸フェンス,2026/04/02,07:30,逆方向,-2584.372,-352.5,0,-33.128,-2970,安定度（作業）,0,0,0,0,0,2026/04/01 19:42:24
翌日,20260401,更新後,北陸フェンス,2026/04/02,08:00,順方向,2205.065,-131.7,0,46.635,2120,電圧（作業）,0,0,0,0,0,2026/04/01 19:42:24
翌日,20260401,更新後,北陸フェンス,2026/04/02,08:00,逆方向,-2815.242,-131.7,0,-23.058,-2970,安定度（作業）,0,0,0,0,0,2026/04/01 19:42:24
翌日,20260401,更新後,北陸フェンス,2026/04/02,08:30,順方向,2000.798,-3.0,0,122.202,2120,電圧（作業）,0,0,0,0,0,2026/04/01 19:42:24
翌日,20260401,更新後,北陸フェンス,2026/04/02,08:30,逆方向,-2963.0,-3.0,0,-4.0,-2970,安定度（作業）,0,0,0,0,0,2026/04/01 19:42:24
翌日,20260401,更新後,北陸フェンス,2026/04/02,09:00,順方向,1979.224,-5.5,0,146.276,2120,電圧（作業）,0,0,0,0,0,2026/04/01 19:42:24
翌日,20260401,更新後,北陸フェンス,2026/04/02,09:00,逆方向,-2964.5,-5.5,0,0.0,-2970,安定度（作業）,0,0,0,0,0,2026/04/01 19:42:24
翌日,20260401,更新後,北陸フェンス,2026/04/02,09:30,順方向,2585.191,-78.3,0,213.109,2720,電圧（作業）,0,0,0,0,0,2026/04/01 19:42:24
翌日,20260401,更新後,北陸フェンス,2026/04/02,09:30,逆方向,-3891.7,-78.3,0,0.0,-3970,安定度（作業）,0,0,0,0,0,2026/04/01 19:42:24
翌日,20260401,更新後,北陸フェンス,2026/04/02,10:00,順方向,2553.758,-53.4,0,219.642,2720,電圧（作業）,0,0,0,0,0,2026/04/01 19:42:24
翌日,20260401,更新後,北陸フェンス,2026/04/02,10:00,逆方向,-3916.6,-53.4,0,0.0,-3970,安定度（作業）,0,0,0,0,0,2026/04/01 19:42:24
翌日,20260401,更新後,北陸フェンス,2026/04/02,10:30,順方向,2495.89,0.3,0,223.81,2720,電圧（作業）,0,0,0,0,0,2026/04/01 19:42:24
翌日,20260401,更新後,北陸フェンス,2026/04/02,10:30,逆方向,-3970.3,0.3,0,0.0,-3970,安定度（作業）,0,0,0,0,0,2026/04/01 19:42:24
翌日,20260401,更新後,北陸フェンス,2026/04/02,11:00,順方向,2406.243,156.0,0,157.757,2720,電圧（作業）,0,0,0,0,0,2026/04/01 19:42:24
翌日,20260401,更新後,北陸フェンス,2026/04/02,11:00,逆方向,-4126.0,156.0,0,0.0,-3970,安定度（作業）,0,0,0,0,0,2026/04/01 19:42:24
翌日,20260401,更新後,北陸フェンス,2026/04/02,11:30,順方向,2384.908,147.7,0,187.392,2720,電圧（作業）,0,0,0,0,0,2026/04/01 19:42:24
翌日,20260401,更新後,北陸フェンス,2026/04/02,11:30,逆方向,-4117.7,147.7,0,0.0,-3970,安定度（作業）,0,0,0,0,0,2026/04/01 19:42:24
翌日,20260401,更新後,北陸フェンス,2026/04/02,12:00,順方向,2580.1,139.9,0,0.0,2720,電圧（作業）,0,0,0,0,0,2026/04/01 19:42:24
翌日,20260401,更新後,北陸フェンス,2026/04/02,12:00,逆方向,-4076.873,139.9,0,-33.027,-3970,安定度（作業）,0,0,0,0,0,2026/04/01 19:42:24
翌日,20260401,更新後,北陸フェンス,2026/04/02,12:30,順方向,2585.8,134.2,0,0.0,2720,電圧（作業）,0,0,0,0,0,2026/04/01 19:42:24
翌日,20260401,更新後,北陸フェンス,2026/04/02,12:30,逆方向,-3931.612,134.2,0,-172.588,-3970,安定度（作業）,0,0,0,0,0,2026/04/01 19:42:24
翌日,20260401,更新後,北陸フェンス,2026/04/02,13:00,順方向,2632.2,87.8,0,0.0,2720,電圧（作業）,0,0,0,0,0,2026/04/01 19:42:24
翌日,20260401,更新後,北陸フェンス,2026/04/02,13:00,逆方向,-3827.428,87.8,0,-230.372,-3970,安定度（作業）,0,0,0,0,0,2026/04/01 19:42:24
翌日,20260401,更新後,北陸フェンス,2026/04/02,13:30,順方向,2930.118,-277.9,0,67.782,2720,電圧（作業）,0,0,0,0,0,2026/04/01 19:42:24
翌日,20260401,更新後,北陸フェンス,2026/04/02,13:30,逆方向,-3692.1,-277.9,0,0.0,-3970,安定度（作業）,0,0,0,0,0,2026/04/01 19:42:24
翌日,20260401,更新後,北陸フェンス,2026/04/02,14:00,順方向,2950.707,-283.9,0,53.193,2720,電圧（作業）,0,0,0,0,0,2026/04/01 19:42:24
翌日,20260401,更新後,北陸フェンス,2026/04/02,14:00,逆方向,-3685.1,-283.9,0,-1.0,-3970,安定度（作業）,0,0,0,0,0,2026/04/01 19:42:24
翌日,20260401,更新後,北陸フェンス,2026/04/02,14:30,順方向,2828.0,-108.0,0,0.0,2720,電圧（作業）,0,0,0,0,0,2026/04/01 19:42:24
翌日,20260401,更新後,北陸フェンス,2026/04/02,14:30,逆方向,-3774.798,-108.0,0,-87.202,-3970,安定度（作業）,0,0,0,0,0,2026/04/01 19:42:24
翌日,20260401,更新後,北陸フェンス,2026/04/02,15:00,順方向,2856.802,-263.1,0,126.298,2720,電圧（作業）,0,0,0,0,0,2026/04/01 19:42:24
翌日,20260401,更新後,北陸フェンス,2026/04/02,15:00,逆方向,-3705.9,-263.1,0,-1.0,-3970,安定度（作業）,0,0,0,0,0,2026/04/01 19:42:24
翌日,20260401,更新後,北陸フェンス,2026/04/02,15:30,順方向,2851.3,-284.3,0,153.0,2720,電圧（作業）,0,0,0,0,0,2026/04/01 19:42:24
翌日,20260401,更新後,北陸フェンス,2026/04/02,15:30,逆方向,-3623.7,-284.3,0,-62.0,-3970,安定度（作業）,0,0,0,0,0,2026/04/01 19:42:24
翌日,20260401,更新後,北陸フェンス,2026/04/02,16:00,順方向,2883.61,-261.0,0,97.39,2720,電圧（作業）,0,0,0,0,0,2026/04/01 19:42:24
翌日,20260401,更新後,北陸フェンス,2026/04/02,16:00,逆方向,-3698.0,-261.0,0,-11.0,-3970,安定度（作業）,0,0,0,0,0,2026/04/01 19:42:24
翌日,20260401,更新後,北陸フェンス,2026/04/02,16:30,順方向,2848.734,-275.0,0,146.266,2720,電圧（作業）,0,0,0,0,0,2026/04/01 19:42:24
翌日,20260401,更新後,北陸フェンス,2026/04/02,16:30,逆方向,-3686.316,-275.0,0,-8.684,-3970,安定度（作業）,0,0,0,0,0,2026/04/01 19:42:24
翌日,20260401,更新後,北陸フェンス,2026/04/02,17:00,順方向,2847.6,-240.6,0,113.0,2720,電圧（作業）,0,0,0,0,0,2026/04/01 19:42:24
翌日,20260401,更新後,北陸フェンス,2026/04/02,17:00,逆方向,-3695.978,-240.6,0,-33.422,-3970,安定度（作業）,0,0,0,0,0,2026/04/01 19:42:24
翌日,20260401,更新後,北陸フェンス,2026/04/02,17:30,順方向,3271.3,-578.3,0,27.0,2720,電圧（作業）,0,0,0,0,0,2026/04/01 19:42:24
翌日,20260401,更新後,北陸フェンス,2026/04/02,17:30,逆方向,-3385.34,-578.3,0,-6.36,-3970,安定度（作業）,0,0,0,0,0,2026/04/01 19:42:24
翌日,20260401,更新後,北陸フェンス,2026/04/02,18:00,順方向,3179.024,-487.3,0,28.276,2720,電圧（作業）,0,0,0,0,0,2026/04/01 19:42:24
翌日,20260401,更新後,北陸フェンス,2026/04/02,18:00,逆方向,-3482.7,-487.3,0,0.0,-3970,安定度（作業）,0,0,0,0,0,2026/04/01 19:42:24
翌日,20260401,更新後,北陸フェンス,2026/04/02,18:30,順方向,3096.6,-380.6,0,4.0,2720,電圧（作業）,0,0,0,0,0,2026/04/01 19:42:24
翌日,20260401,更新後,北陸フェンス,2026/04/02,18:30,逆方向,-3589.4,-380.6,0,0.0,-3970,安定度（作業）,0,0,0,0,0,2026/04/01 19:42:24
翌日,20260401,更新後,北陸フェンス,2026/04/02,19:00,順方向,3069.23,-361.4,0,12.17,2720,電圧（作業）,0,0,0,0,0,2026/04/01 19:42:24
翌日,20260401,更新後,北陸フェンス,2026/04/02,19:00,逆方向,-3608.6,-361.4,0,0.0,-3970,安定度（作業）,0,0,0,0,0,2026/04/01 19:42:24
翌日,20260401,更新後,北陸フェンス,2026/04/02,19:30,順方向,3040.372,-359.1,0,38.728,2720,電圧（作業）,0,0,0,0,0,2026/04/01 19:42:24
翌日,20260401,更新後,北陸フェンス,2026/04/02,19:30,逆方向,-3610.9,-359.1,0,0.0,-3970,安定度（作業）,0,0,0,0,0,2026/04/01 19:42:24
翌日,20260401,更新後,北陸フェンス,2026/04/02,20:00,順方向,3112.4,-396.4,0,4.0,2720,電圧（作業）,0,0,0,0,0,2026/04/01 19:42:24
翌日,20260401,更新後,北陸フェンス,2026/04/02,20:00,逆方向,-3567.988,-396.4,0,-5.612,-3970,安定度（作業）,0,0,0,0,0,2026/04/01 19:42:24
翌日,20260401,更新後,北陸フェンス,2026/04/02,20:30,順方向,3110.3,-390.3,0,0.0,2720,電圧（作業）,0,0,0,0,0,2026/04/01 19:42:24
翌日,20260401,更新後,北陸フェンス,2026/04/02,20:30,逆方向,-3579.7,-390.3,0,0.0,-3970,安定度（作業）,0,0,0,0,0,2026/04/01 19:42:24
翌日,20260401,更新後,北陸フェンス,2026/04/02,21:00,順方向,3138.1,-418.1,0,0.0,2720,電圧（作業）,0,0,0,0,0,2026/04/01 19:42:24
翌日,20260401,更新後,北陸フェンス,2026/04/02,21:00,逆方向,-3546.61,-418.1,0,-5.29,-3970,安定度（作業）,0,0,0,0,0,2026/04/01 19:42:24
翌日,20260401,更新後,北陸フェンス,2026/04/02,21:30,順方向,3134.7,-414.7,0,0.0,2720,電圧（作業）,0,0,0,0,0,2026/04/01 19:42:24
翌日,20260401,更新後,北陸フェンス,2026/04/02,21:30,逆方向,-3550.462,-414.7,0,-4.838,-3970,安定度（作業）,0,0,0,0,0,2026/04/01 19:42:24
翌日,20260401,更新後,北陸フェンス,2026/04/02,22:00,順方向,3126.0,-410.0,0,4.0,2720,電圧（作業）,0,0,0,0,0,2026/04/01 19:42:24
翌日,20260401,更新後,北陸フェンス,2026/04/02,22:00,逆方向,-3535.136,-410.0,0,-24.864,-3970,安定度（作業）,0,0,0,0,0,2026/04/01 19:42:24
翌日,20260401,更新後,北陸フェンス,2026/04/02,22:30,順方向,2857.954,-258.1,0,10.146,2610,熱容量（作業）,0,0,0,0,0,2026/04/01 19:42:24
翌日,20260401,更新後,北陸フェンス,2026/04/02,22:30,逆方向,-3683.614,-258.1,0,-28.286,-3970,安定度（作業）,0,0,0,0,0,2026/04/01 19:42:24
翌日,20260401,更新後,北陸フェンス,2026/04/02,23:00,順方向,2918.5,-308.5,0,0.0,2610,熱容量（作業）,0,0,0,0,0,2026/04/01 19:42:24
翌日,20260401,更新後,北陸フェンス,2026/04/02,23:00,逆方向,-3569.632,-308.5,0,-91.868,-3970,安定度（作業）,0,0,0,0,0,2026/04/01 19:42:24
翌日,20260401,更新後,北陸フェンス,2026/04/02,23:30,順方向,2876.815,-278.4,0,11.585,2610,熱容量（作業）,0,0,0,0,0,2026/04/01 19:42:24
翌日,20260401,更新後,北陸フェンス,2026/04/02,23:30,逆方向,-3565.366,-278.4,0,-126.234,-3970,安定度（作業）,0,0,0,0,0,2026/04/01 19:42:24
翌日,20260401,更新後,北陸フェンス,2026/04/02,24:00,順方向,2955.5,-345.5,0,0.0,2610,熱容量（作業）,0,0,0,0,0,2026/04/01 19:42:24
翌日,20260401,更新後,北陸フェンス,2026/04/02,24:00,逆方向,-3521.326,-345.5,0,-103.174,-3970,安定度（作業）,0,0,0,0,0,2026/04/01 19:42:24
翌日,20260401,更新後,関西フェンス,2026/04/02,00:30,順方向,3585.24,-2276.1,0,680.86,1990,安定度（作業）,0,0,0,0,0,2026/04/01 19:42:24
翌日,20260401,更新後,関西フェンス,2026/04/02,00:30,逆方向,-553.9,-2276.1,0,0.0,-2830,電圧（作業）,0,0,0,0,0,2026/04/01 19:42:24
翌日,20260401,更新後,関西フェンス,2026/04/02,01:00,順方向,3428.501,-2340.8,0,902.299,1990,安定度（作業）,0,0,0,0,0,2026/04/01 19:42:24
翌日,20260401,更新後,関西フェンス,2026/04/02,01:00,逆方向,-489.2,-2340.8,0,0.0,-2830,電圧（作業）,0,0,0,0,0,2026/04/01 19:42:24
翌日,20260401,更新後,関西フェンス,2026/04/02,01:30,順方向,3404.618,-2290.1,0,875.482,1990,安定度（作業）,0,0,0,0,0,2026/04/01 19:42:24
翌日,20260401,更新後,関西フェンス,2026/04/02,01:30,逆方向,-539.9,-2290.1,0,0.0,-2830,電圧（作業）,0,0,0,0,0,2026/04/01 19:42:24
翌日,20260401,更新後,関西フェンス,2026/04/02,02:00,順方向,3346.298,-2235.8,0,879.502,1990,安定度（作業）,0,0,0,0,0,2026/04/01 19:42:24
翌日,20260401,更新後,関西フェンス,2026/04/02,02:00,逆方向,-594.2,-2235.8,0,0.0,-2830,電圧（作業）,0,0,0,0,0,2026/04/01 19:42:24
翌日,20260401,更新後,関西フェンス,2026/04/02,02:30,順方向,3387.634,-2249.6,0,851.966,1990,安定度（作業）,0,0,0,0,0,2026/04/01 19:42:24
翌日,20260401,更新後,関西フェンス,2026/04/02,02:30,逆方向,-580.4,-2249.6,0,0.0,-2830,電圧（作業）,0,0,0,0,0,2026/04/01 19:42:24
翌日,20260401,更新後,関西フェンス,2026/04/02,03:00,順方向,3473.633,-2329.6,0,845.967,1990,安定度（作業）,0,0,0,0,0,2026/04/01 19:42:24
翌日,20260401,更新後,関西フェンス,2026/04/02,03:00,逆方向,-500.4,-2329.6,0,0.0,-2830,電圧（作業）,0,0,0,0,0,2026/04/01 19:42:24
翌日,20260401,更新後,関西フェンス,2026/04/02,03:30,順方向,3592.913,-2415.9,0,812.987,1990,安定度（作業）,0,0,0,0,0,2026/04/01 19:42:24
翌日,20260401,更新後,関西フェンス,2026/04/02,03:30,逆方向,-414.1,-2415.9,0,0.0,-2830,電圧（作業）,0,0,0,0,0,2026/04/01 19:42:24
翌日,20260401,更新後,関西フェンス,2026/04/02,04:00,順方向,3739.469,-2455.7,0,706.231,1990,安定度（作業）,0,0,0,0,0,2026/04/01 19:42:24
翌日,20260401,更新後,関西フェンス,2026/04/02,04:00,逆方向,-374.3,-2455.7,0,0.0,-2830,電圧（作業）,0,0,0,0,0,2026/04/01 19:42:24
翌日,20260401,更新後,関西フェンス,2026/04/02,04:30,順方向,3802.812,-2445.5,0,632.688,1990,安定度（作業）,0,0,0,0,0,2026/04/01 19:42:24
翌日,20260401,更新後,関西フェンス,2026/04/02,04:30,逆方向,-384.5,-2445.5,0,0.0,-2830,電圧（作業）,0,0,0,0,0,2026/04/01 19:42:24
翌日,20260401,更新後,関西フェンス,2026/04/02,05:00,順方向,3538.087,-2464.2,0,916.113,1990,安定度（作業）,0,0,0,0,0,2026/04/01 19:42:24
翌日,20260401,更新後,関西フェンス,2026/04/02,05:00,逆方向,-365.8,-2464.2,0,0.0,-2830,電圧（作業）,0,0,0,0,0,2026/04/01 19:42:24
翌日,20260401,更新後,関西フェンス,2026/04/02,05:30,順方向,3531.438,-2449.3,0,907.862,1990,安定度（作業）,0,0,0,0,0,2026/04/01 19:42:24
翌日,20260401,更新後,関西フェンス,2026/04/02,05:30,逆方向,-380.7,-2449.3,0,0.0,-2830,電圧（作業）,0,0,0,0,0,2026/04/01 19:42:24
翌日,20260401,更新後,関西フェンス,2026/04/02,06:00,順方向,3649.589,-2409.6,0,750.011,1990,安定度（作業）,0,0,0,0,0,2026/04/01 19:42:24
翌日,20260401,更新後,関西フェンス,2026/04/02,06:00,逆方向,-420.4,-2409.6,0,0.0,-2830,電圧（作業）,0,0,0,0,0,2026/04/01 19:42:24
翌日,20260401,更新後,関西フェンス,2026/04/02,06:30,順方向,3574.607,-2394.5,0,809.893,1990,安定度（作業）,0,0,0,0,0,2026/04/01 19:42:24
翌日,20260401,更新後,関西フェンス,2026/04/02,06:30,逆方向,-435.5,-2394.5,0,0.0,-2830,電圧（作業）,0,0,0,0,0,2026/04/01 19:42:24
翌日,20260401,更新後,関西フェンス,2026/04/02,07:00,順方向,3575.93,-2388.2,0,802.27,1990,安定度（作業）,0,0,0,0,0,2026/04/01 19:42:24
翌日,20260401,更新後,関西フェンス,2026/04/02,07:00,逆方向,-441.8,-2388.2,0,0.0,-2830,電圧（作業）,0,0,0,0,0,2026/04/01 19:42:24
翌日,20260401,更新後,関西フェンス,2026/04/02,07:30,順方向,3396.782,-2477.5,0,1070.718,1990,安定度（作業）,0,0,0,0,0,2026/04/01 19:42:24
翌日,20260401,更新後,関西フェンス,2026/04/02,07:30,逆方向,-352.5,-2477.5,0,0.0,-2830,電圧（作業）,0,0,0,0,0,2026/04/01 19:42:24
翌日,20260401,更新後,関西フェンス,2026/04/02,08:00,順方向,3497.836,-2698.3,0,1190.464,1990,安定度（作業）,0,0,0,0,0,2026/04/01 19:42:24
翌日,20260401,更新後,関西フェンス,2026/04/02,08:00,逆方向,-131.7,-2698.3,0,0.0,-2830,電圧（作業）,0,0,0,0,0,2026/04/01 19:42:24
翌日,20260401,更新後,関西フェンス,2026/04/02,08:30,順方向,3886.172,-2827.0,0,1070.828,2130,安定度（作業）,0,0,0,0,0,2026/04/01 19:42:24
翌日,20260401,更新後,関西フェンス,2026/04/02,08:30,逆方向,-3.0,-2827.0,0,0.0,-2830,電圧（作業）,0,0,0,0,0,2026/04/01 19:42:24
翌日,20260401,更新後,関西フェンス,2026/04/02,09:00,順方向,3643.774,-2824.5,0,1310.726,2130,安定度（作業）,0,0,0,0,0,2026/04/01 19:42:24
翌日,20260401,更新後,関西フェンス,2026/04/02,09:00,逆方向,-5.5,-2824.5,0,0.0,-2830,電圧（作業）,0,0,0,0,0,2026/04/01 19:42:24
翌日,20260401,更新後,関西フェンス,2026/04/02,09:30,順方向,5231.817,-3402.0,0,800.183,2630,安定度（作業）,0,0,0,0,0,2026/04/01 19:42:24
翌日,20260401,更新後,関西フェンス,2026/04/02,09:30,逆方向,-128.0,-3402.0,0,0.0,-3530,電圧（作業）,0,0,0,0,0,2026/04/01 19:42:24
翌日,20260401,更新後,関西フェンス,2026/04/02,10:00,順方向,5428.96,-3412.7,0,613.74,2630,安定度（作業）,0,0,0,0,0,2026/04/01 19:42:24
翌日,20260401,更新後,関西フェンス,2026/04/02,10:00,逆方向,-117.3,-3412.7,0,0.0,-3530,電圧（作業）,0,0,0,0,0,2026/04/01 19:42:24
翌日,20260401,更新後,関西フェンス,2026/04/02,10:30,順方向,5681.618,-3467.8,0,416.182,2630,安定度（作業）,0,0,0,0,0,2026/04/01 19:42:24
翌日,20260401,更新後,関西フェンス,2026/04/02,10:30,逆方向,-62.2,-3467.8,0,0.0,-3530,電圧（作業）,0,0,0,0,0,2026/04/01 19:42:24
翌日,20260401,更新後,関西フェンス,2026/04/02,11:00,順方向,5119.428,-3358.6,0,869.172,2630,安定度（作業）,0,0,0,0,0,2026/04/01 19:42:24
翌日,20260401,更新後,関西フェンス,2026/04/02,11:00,逆方向,-171.4,-3358.6,0,0.0,-3530,電圧（作業）,0,0,0,0,0,2026/04/01 19:42:24
翌日,20260401,更新後,関西フェンス,2026/04/02,11:30,順方向,5019.211,-3181.1,0,791.889,2630,安定度（作業）,0,0,0,0,0,2026/04/01 19:42:24
翌日,20260401,更新後,関西フェンス,2026/04/02,11:30,逆方向,-348.9,-3181.1,0,0.0,-3530,電圧（作業）,0,0,0,0,0,2026/04/01 19:42:24
翌日,20260401,更新後,関西フェンス,2026/04/02,12:00,順方向,4654.581,-2961.1,0,936.519,2630,安定度（作業）,0,0,0,0,0,2026/04/01 19:42:24
翌日,20260401,更新後,関西フェンス,2026/04/02,12:00,逆方向,-568.9,-2961.1,0,0.0,-3530,電圧（作業）,0,0,0,0,0,2026/04/01 19:42:24
翌日,20260401,更新後,関西フェンス,2026/04/02,12:30,順方向,3994.547,-2346.7,0,982.153,2630,安定度（作業）,0,0,0,0,0,2026/04/01 19:42:24
翌日,20260401,更新後,関西フェンス,2026/04/02,12:30,逆方向,-1183.3,-2346.7,0,0.0,-3530,電圧（作業）,0,0,0,0,0,2026/04/01 19:42:24
翌日,20260401,更新後,関西フェンス,2026/04/02,13:00,順方向,3710.558,-2033.3,0,952.742,2630,安定度（作業）,0,0,0,0,0,2026/04/01 19:42:24
翌日,20260401,更新後,関西フェンス,2026/04/02,13:00,逆方向,-1472.013,-2033.3,0,-24.687,-3530,電圧（作業）,0,0,0,0,0,2026/04/01 19:42:24
翌日,20260401,更新後,関西フェンス,2026/04/02,13:30,順方向,3519.421,-1946.5,0,1057.079,2630,安定度（作業）,0,0,0,0,0,2026/04/01 19:42:24
翌日,20260401,更新後,関西フェンス,2026/04/02,13:30,逆方向,-1340.442,-1946.5,0,-243.058,-3530,電圧（作業）,0,0,0,0,0,2026/04/01 19:42:24
翌日,20260401,更新後,関西フェンス,2026/04/02,14:00,順方向,4059.201,-2411.4,0,982.199,2630,安定度（作業）,0,0,0,0,0,2026/04/01 19:42:24
翌日,20260401,更新後,関西フェンス,2026/04/02,14:00,逆方向,-1090.517,-2411.4,0,-28.083,-3530,電圧（作業）,0,0,0,0,0,2026/04/01 19:42:24
翌日,20260401,更新後,関西フェンス,2026/04/02,14:30,順方向,4596.678,-3009.2,0,1042.522,2630,安定度（作業）,0,0,0,0,0,2026/04/01 19:42:24
翌日,20260401,更新後,関西フェンス,2026/04/02,14:30,逆方向,-520.8,-3009.2,0,0.0,-3530,電圧（作業）,0,0,0,0,0,2026/04/01 19:42:24
翌日,20260401,更新後,関西フェンス,2026/04/02,15:00,順方向,4638.306,-2744.0,0,735.694,2630,安定度（作業）,0,0,0,0,0,2026/04/01 19:42:24
翌日,20260401,更新後,関西フェンス,2026/04/02,15:00,逆方向,-786.0,-2744.0,0,0.0,-3530,電圧（作業）,0,0,0,0,0,2026/04/01 19:42:24
翌日,20260401,更新後,関西フェンス,2026/04/02,15:30,順方向,4961.736,-3169.1,0,837.364,2630,安定度（作業）,0,0,0,0,0,2026/04/01 19:42:24
翌日,20260401,更新後,関西フェンス,2026/04/02,15:30,逆方向,-360.9,-3169.1,0,0.0,-3530,電圧（作業）,0,0,0,0,0,2026/04/01 19:42:24
翌日,20260401,更新後,関西フェンス,2026/04/02,16:00,順方向,5159.15,-3229.8,0,700.65,2630,安定度（作業）,0,0,0,0,0,2026/04/01 19:42:24
翌日,20260401,更新後,関西フェンス,2026/04/02,16:00,逆方向,-300.2,-3229.8,0,0.0,-3530,電圧（作業）,0,0,0,0,0,2026/04/01 19:42:24
翌日,20260401,更新後,関西フェンス,2026/04/02,16:30,順方向,5268.38,-3185.5,0,547.12,2630,安定度（作業）,0,0,0,0,0,2026/04/01 19:42:24
翌日,20260401,更新後,関西フェンス,2026/04/02,16:30,逆方向,-344.5,-3185.5,0,0.0,-3530,電圧（作業）,0,0,0,0,0,2026/04/01 19:42:24
翌日,20260401,更新後,関西フェンス,2026/04/02,17:00,順方向,4777.327,-3289.4,0,1142.073,2630,安定度（作業）,0,0,0,0,0,2026/04/01 19:42:24
翌日,20260401,更新後,関西フェンス,2026/04/02,17:00,逆方向,-240.6,-3289.4,0,0.0,-3530,電圧（作業）,0,0,0,0,0,2026/04/01 19:42:24
翌日,20260401,更新後,関西フェンス,2026/04/02,17:30,順方向,5178.244,-2910.9,0,362.656,2630,安定度（作業）,0,0,0,0,0,2026/04/01 19:42:24
翌日,20260401,更新後,関西フェンス,2026/04/02,17:30,逆方向,-619.1,-2910.9,0,0.0,-3530,電圧（作業）,0,0,0,0,0,2026/04/01 19:42:24
翌日,20260401,更新後,関西フェンス,2026/04/02,18:00,順方向,5195.392,-3042.7,0,477.308,2630,安定度（作業）,0,0,0,0,0,2026/04/01 19:42:24
翌日,20260401,更新後,関西フェンス,2026/04/02,18:00,逆方向,-487.3,-3042.7,0,0.0,-3530,電圧（作業）,0,0,0,0,0,2026/04/01 19:42:24
翌日,20260401,更新後,関西フェンス,2026/04/02,18:30,順方向,5188.246,-3149.4,0,591.154,2630,安定度（作業）,0,0,0,0,0,2026/04/01 19:42:24
翌日,20260401,更新後,関西フェンス,2026/04/02,18:30,逆方向,-380.6,-3149.4,0,0.0,-3530,電圧（作業）,0,0,0,0,0,2026/04/01 19:42:24
翌日,20260401,更新後,関西フェンス,2026/04/02,19:00,順方向,5325.44,-3168.6,0,473.16,2630,安定度（作業）,0,0,0,0,0,2026/04/01 19:42:24
翌日,20260401,更新後,関西フェンス,2026/04/02,19:00,逆方向,-361.4,-3168.6,0,0.0,-3530,電圧（作業）,0,0,0,0,0,2026/04/01 19:42:24
翌日,20260401,更新後,関西フェンス,2026/04/02,19:30,順方向,5272.872,-3170.9,0,528.028,2630,安定度（作業）,0,0,0,0,0,2026/04/01 19:42:24
翌日,20260401,更新後,関西フェンス,2026/04/02,19:30,逆方向,-359.1,-3170.9,0,0.0,-3530,電圧（作業）,0,0,0,0,0,2026/04/01 19:42:24
翌日,20260401,更新後,関西フェンス,2026/04/02,20:00,順方向,5465.327,-3133.6,0,298.273,2630,安定度（作業）,0,0,0,0,0,2026/04/01 19:42:24
翌日,20260401,更新後,関西フェンス,2026/04/02,20:00,逆方向,-396.4,-3133.6,0,0.0,-3530,電圧（作業）,0,0,0,0,0,2026/04/01 19:42:24
翌日,20260401,更新後,関西フェンス,2026/04/02,20:30,順方向,5485.877,-3139.7,0,283.823,2630,安定度（作業）,0,0,0,0,0,2026/04/01 19:42:24
翌日,20260401,更新後,関西フェンス,2026/04/02,20:30,逆方向,-390.3,-3139.7,0,0.0,-3530,電圧（作業）,0,0,0,0,0,2026/04/01 19:42:24
翌日,20260401,更新後,関西フェンス,2026/04/02,21:00,順方向,5393.9,-3111.9,0,348.0,2630,安定度（作業）,0,0,0,0,0,2026/04/01 19:42:24
翌日,20260401,更新後,関西フェンス,2026/04/02,21:00,逆方向,-418.1,-3111.9,0,0.0,-3530,電圧（作業）,0,0,0,0,0,2026/04/01 19:42:24
翌日,20260401,更新後,関西フェンス,2026/04/02,21:30,順方向,5472.066,-3115.3,0,273.234,2630,安定度（作業）,0,0,0,0,0,2026/04/01 19:42:24
翌日,20260401,更新後,関西フェンス,2026/04/02,21:30,逆方向,-414.7,-3115.3,0,0.0,-3530,電圧（作業）,0,0,0,0,0,2026/04/01 19:42:24
翌日,20260401,更新後,関西フェンス,2026/04/02,22:00,順方向,5352.415,-3120.0,0,397.585,2630,安定度（作業）,0,0,0,0,0,2026/04/01 19:42:24
翌日,20260401,更新後,関西フェンス,2026/04/02,22:00,逆方向,-410.0,-3120.0,0,0.0,-3530,電圧（作業）,0,0,0,0,0,2026/04/01 19:42:24
翌日,20260401,更新後,関西フェンス,2026/04/02,22:30,順方向,4903.561,-3271.9,0,558.339,2190,安定度（作業）,0,0,0,0,0,2026/04/01 19:42:24
翌日,20260401,更新後,関西フェンス,2026/04/02,22:30,逆方向,-258.1,-3271.9,0,0.0,-3530,電圧（作業）,0,0,0,0,0,2026/04/01 19:42:24
翌日,20260401,更新後,関西フェンス,2026/04/02,23:00,順方向,5088.475,-3221.5,0,323.025,2190,安定度（作業）,0,0,0,0,0,2026/04/01 19:42:24
翌日,20260401,更新後,関西フェンス,2026/04/02,23:00,逆方向,-308.5,-3221.5,0,0.0,-3530,電圧（作業）,0,0,0,0,0,2026/04/01 19:42:24
翌日,20260401,更新後,関西フェンス,2026/04/02,23:30,順方向,5143.789,-3251.6,0,297.811,2190,安定度（作業）,0,0,0,0,0,2026/04/01 19:42:24
翌日,20260401,更新後,関西フェンス,2026/04/02,23:30,逆方向,-278.4,-3251.6,0,0.0,-3530,電圧（作業）,0,0,0,0,0,2026/04/01 19:42:24
翌日,20260401,更新後,関西フェンス,2026/04/02,24:00,順方向,5088.84,-3184.5,0,285.66,2190,安定度（作業）,0,0,0,0,0,2026/04/01 19:42:24
翌日,20260401,更新後,関西フェンス,2026/04/02,24:00,逆方向,-345.5,-3184.5,0,0.0,-3530,電圧（作業）,0,0,0,0,0,2026/04/01 19:42:24
翌日,20260401,更新後,関西-中国（東）,2026/04/02,00:30,順方向,6750.275,-2454.258,0,303.983,4600,電圧,0,0,0,0,0,2026/04/01 19:42:24
翌日,20260401,更新後,関西-中国（東）,2026/04/02,00:30,逆方向,-2045.742,-2454.258,0,0.0,-4500,電圧,0,0,0,0,0,2026/04/01 19:42:24
翌日,20260401,更新後,関西-中国（東）,2026/04/02,01:00,順方向,6401.903,-2206.16,0,404.257,4600,電圧,0,0,0,0,0,2026/04/01 19:42:24
翌日,20260401,更新後,関西-中国（東）,2026/04/02,01:00,逆方向,-2293.84,-2206.16,0,0.0,-4500,電圧,0,0,0,0,0,2026/04/01 19:42:24
翌日,20260401,更新後,関西-中国（東）,2026/04/02,01:30,順方向,6268.941,-2052.79,0,383.849,4600,電圧,0,0,0,0,0,2026/04/01 19:42:24
翌日,20260401,更新後,関西-中国（東）,2026/04/02,01:30,逆方向,-2447.152,-2052.848,0,0.0,-4500,電圧,0,0,0,0,0,2026/04/01 19:42:24
翌日,20260401,更新後,関西-中国（東）,2026/04/02,02:00,順方向,6345.418,-2125.734,0,380.316,4600,電圧,0,0,0,0,0,2026/04/01 19:42:24
翌日,20260401,更新後,関西-中国（東）,2026/04/02,02:00,逆方向,-2374.266,-2125.734,0,0.0,-4500,電圧,0,0,0,0,0,2026/04/01 19:42:24
翌日,20260401,更新後,関西-中国（東）,2026/04/02,02:30,順方向,6458.122,-2222.184,0,364.062,4600,電圧,0,0,0,0,0,2026/04/01 19:42:24
翌日,20260401,更新後,関西-中国（東）,2026/04/02,02:30,逆方向,-2277.756,-2222.244,0,0.0,-4500,電圧,0,0,0,0,0,2026/04/01 19:42:24
翌日,20260401,更新後,関西-中国（東）,2026/04/02,03:00,順方向,6879.747,-2641.814,0,362.067,4600,電圧,0,0,0,0,0,2026/04/01 19:42:24
翌日,20260401,更新後,関西-中国（東）,2026/04/02,03:00,逆方向,-1858.186,-2641.814,0,0.0,-4500,電圧,0,0,0,0,0,2026/04/01 19:42:24
翌日,20260401,更新後,関西-中国（東）,2026/04/02,03:30,順方向,6851.308,-2559.15,0,307.842,4600,電圧,0,0,0,0,0,2026/04/01 19:42:24
翌日,20260401,更新後,関西-中国（東）,2026/04/02,03:30,逆方向,-1940.85,-2559.15,0,0.0,-4500,電圧,0,0,0,0,0,2026/04/01 19:42:24
翌日,20260401,更新後,関西-中国（東）,2026/04/02,04:00,順方向,7016.602,-2616.004,0,199.402,4600,電圧,0,0,0,0,0,2026/04/01 19:42:24
翌日,20260401,更新後,関西-中国（東）,2026/04/02,04:00,逆方向,-1883.996,-2616.004,0,0.0,-4500,電圧,0,0,0,0,0,2026/04/01 19:42:24
翌日,20260401,更新後,関西-中国（東）,2026/04/02,04:30,順方向,7226.19,-2788.728,0,162.538,4600,電圧,0,0,0,0,0,2026/04/01 19:42:24
翌日,20260401,更新後,関西-中国（東）,2026/04/02,04:30,逆方向,-1664.697,-2788.728,0,-46.575,-4500,電圧,0,0,0,0,0,2026/04/01 19:42:24
翌日,20260401,更新後,関西-中国（東）,2026/04/02,05:00,順方向,6946.644,-2755.046,0,408.402,4600,電圧,0,0,0,0,0,2026/04/01 19:42:24
翌日,20260401,更新後,関西-中国（東）,2026/04/02,05:00,逆方向,-1744.954,-2755.046,0,0.0,-4500,電圧,0,0,0,0,0,2026/04/01 19:42:24
翌日,20260401,更新後,関西-中国（東）,2026/04/02,05:30,順方向,6964.134,-2768.3,0,404.166,4600,電圧,0,0,0,0,0,2026/04/01 19:42:24
翌日,20260401,更新後,関西-中国（東）,2026/04/02,05:30,逆方向,-1731.7,-2768.3,0,0.0,-4500,電圧,0,0,0,0,0,2026/04/01 19:42:24
翌日,20260401,更新後,関西-中国（東）,2026/04/02,06:00,順方向,6967.13,-2613.028,0,245.898,4600,電圧,0,0,0,0,0,2026/04/01 19:42:24
翌日,20260401,更新後,関西-中国（東）,2026/04/02,06:00,逆方向,-1886.972,-2613.028,0,0.0,-4500,電圧,0,0,0,0,0,2026/04/01 19:42:24
翌日,20260401,更新後,関西-中国（東）,2026/04/02,06:30,順方向,6661.133,-2463.184,0,402.051,4600,電圧,0,0,0,0,0,2026/04/01 19:42:24
翌日,20260401,更新後,関西-中国（東）,2026/04/02,06:30,逆方向,-1997.668,-2463.184,0,-39.148,-4500,電圧,0,0,0,0,0,2026/04/01 19:42:24
翌日,20260401,更新後,関西-中国（東）,2026/04/02,07:00,順方向,6750.752,-2520.692,0,369.94,4600,電圧,0,0,0,0,0,2026/04/01 19:42:24
翌日,20260401,更新後,関西-中国（東）,2026/04/02,07:00,逆方向,-1938.913,-2520.692,0,-40.395,-4500,電圧,0,0,0,0,0,2026/04/01 19:42:24
翌日,20260401,更新後,関西-中国（東）,2026/04/02,07:30,順方向,7259.671,-3217.838,0,558.167,4600,電圧,0,0,0,0,0,2026/04/01 19:42:24
翌日,20260401,更新後,関西-中国（東）,2026/04/02,07:30,逆方向,-1282.162,-3217.838,0,0.0,-4500,電圧,0,0,0,0,0,2026/04/01 19:42:24
翌日,20260401,更新後,関西-中国（東）,2026/04/02,08:00,順方向,7249.892,-3397.228,0,747.336,4600,電圧,0,0,0,0,0,2026/04/01 19:42:24
翌日,20260401,更新後,関西-中国（東）,2026/04/02,08:00,逆方向,-1102.772,-3397.228,0,0.0,-4500,電圧,0,0,0,0,0,2026/04/01 19:42:24
翌日,20260401,更新後,関西-中国（東）,2026/04/02,08:30,順方向,7850.54,-3893.368,0,642.828,4600,電圧,0,0,0,0,0,2026/04/01 19:42:24
翌日,20260401,更新後,関西-中国（東）,2026/04/02,08:30,逆方向,-606.572,-3893.428,0,0.0,-4500,電圧,0,0,0,0,0,2026/04/01 19:42:24
翌日,20260401,更新後,関西-中国（東）,2026/04/02,09:00,順方向,7812.904,-3980.63,0,767.726,4600,電圧,0,0,0,0,0,2026/04/01 19:42:24
翌日,20260401,更新後,関西-中国（東）,2026/04/02,09:00,逆方向,-519.37,-3980.63,0,0.0,-4500,電圧,0,0,0,0,0,2026/04/01 19:42:24
翌日,20260401,更新後,関西-中国（東）,2026/04/02,09:30,順方向,8529.086,-4499.962,0,570.876,4600,電圧,0,0,0,0,0,2026/04/01 19:42:24
翌日,20260401,更新後,関西-中国（東）,2026/04/02,09:30,逆方向,-0.038,-4499.962,0,0.0,-4500,電圧,0,0,0,0,0,2026/04/01 19:42:24
翌日,20260401,更新後,関西-中国（東）,2026/04/02,10:00,順方向,8524.688,-4499.94,0,575.252,4600,電圧,0,0,0,0,0,2026/04/01 19:42:24
翌日,20260401,更新後,関西-中国（東）,2026/04/02,10:00,逆方向,0.0,-4500.0,0,0.0,-4500,電圧,0,0,0,0,0,2026/04/01 19:42:24
翌日,20260401,更新後,関西-中国（東）,2026/04/02,10:30,順方向,8323.684,-4162.284,0,438.6,4600,電圧,0,0,0,0,0,2026/04/01 19:42:24
翌日,20260401,更新後,関西-中国（東）,2026/04/02,10:30,逆方向,-337.716,-4162.284,0,0.0,-4500,電圧,0,0,0,0,0,2026/04/01 19:42:24
翌日,20260401,更新後,関西-中国（東）,2026/04/02,11:00,順方向,8305.71,-4257.198,0,551.488,4600,電圧,0,0,0,0,0,2026/04/01 19:42:24
翌日,20260401,更新後,関西-中国（東）,2026/04/02,11:00,逆方向,-242.742,-4257.258,0,0.0,-4500,電圧,0,0,0,0,0,2026/04/01 19:42:24
翌日,20260401,更新後,関西-中国（東）,2026/04/02,11:30,順方向,8374.866,-4319.776,0,544.91,4600,電圧,0,0,0,0,0,2026/04/01 19:42:24
翌日,20260401,更新後,関西-中国（東）,2026/04/02,11:30,逆方向,-180.224,-4319.776,0,0.0,-4500,電圧,0,0,0,0,0,2026/04/01 19:42:24
翌日,20260401,更新後,関西-中国（東）,2026/04/02,12:00,順方向,8220.606,-4133.654,0,513.048,4600,電圧,0,0,0,0,0,2026/04/01 19:42:24
翌日,20260401,更新後,関西-中国（東）,2026/04/02,12:00,逆方向,-366.286,-4133.714,0,0.0,-4500,電圧,0,0,0,0,0,2026/04/01 19:42:24
翌日,20260401,更新後,関西-中国（東）,2026/04/02,12:30,順方向,7943.619,-4006.024,0,662.405,4600,電圧,0,0,0,0,0,2026/04/01 19:42:24
翌日,20260401,更新後,関西-中国（東）,2026/04/02,12:30,逆方向,-493.916,-4006.084,0,0.0,-4500,電圧,0,0,0,0,0,2026/04/01 19:42:24
翌日,20260401,更新後,関西-中国（東）,2026/04/02,13:00,順方向,8165.557,-4160.566,0,595.009,4600,電圧,0,0,0,0,0,2026/04/01 19:42:24
翌日,20260401,更新後,関西-中国（東）,2026/04/02,13:00,逆方向,-339.434,-4160.566,0,0.0,-4500,電圧,0,0,0,0,0,2026/04/01 19:42:24
翌日,20260401,更新後,関西-中国（東）,2026/04/02,13:30,順方向,8550.991,-4471.264,0,520.273,4600,電圧,0,0,0,0,0,2026/04/01 19:42:24
翌日,20260401,更新後,関西-中国（東）,2026/04/02,13:30,逆方向,-28.676,-4471.324,0,0.0,-4500,電圧,0,0,0,0,0,2026/04/01 19:42:24
翌日,20260401,更新後,関西-中国（東）,2026/04/02,14:00,順方向,8390.173,-4432.812,0,642.639,4600,電圧,0,0,0,0,0,2026/04/01 19:42:24
翌日,20260401,更新後,関西-中国（東）,2026/04/02,14:00,逆方向,-67.128,-4432.872,0,0.0,-4500,電圧,0,0,0,0,0,2026/04/01 19:42:24
翌日,20260401,更新後,関西-中国（東）,2026/04/02,14:30,順方向,8497.418,-4499.94,0,602.522,4600,電圧,0,0,0,0,0,2026/04/01 19:42:24
翌日,20260401,更新後,関西-中国（東）,2026/04/02,14:30,逆方向,0.0,-4500.0,0,0.0,-4500,電圧,0,0,0,0,0,2026/04/01 19:42:24
翌日,20260401,更新後,関西-中国（東）,2026/04/02,15:00,順方向,8527.978,-4499.976,0,571.998,4600,電圧,0,0,0,0,0,2026/04/01 19:42:24
翌日,20260401,更新後,関西-中国（東）,2026/04/02,15:00,逆方向,-0.024,-4499.976,0,0.0,-4500,電圧,0,0,0,0,0,2026/04/01 19:42:24
翌日,20260401,更新後,関西-中国（東）,2026/04/02,15:30,順方向,8618.576,-4499.94,0,481.364,4600,電圧,0,0,0,0,0,2026/04/01 19:42:24
翌日,20260401,更新後,関西-中国（東）,2026/04/02,15:30,逆方向,0.0,-4500.0,0,0.0,-4500,電圧,0,0,0,0,0,2026/04/01 19:42:24
翌日,20260401,更新後,関西-中国（東）,2026/04/02,16:00,順方向,8767.094,-4499.98,0,332.886,4600,電圧,0,0,0,0,0,2026/04/01 19:42:24
翌日,20260401,更新後,関西-中国（東）,2026/04/02,16:00,逆方向,-0.02,-4499.98,0,0.0,-4500,電圧,0,0,0,0,0,2026/04/01 19:42:24
翌日,20260401,更新後,関西-中国（東）,2026/04/02,16:30,順方向,8820.98,-4499.94,0,278.96,4600,電圧,0,0,0,0,0,2026/04/01 19:42:24
翌日,20260401,更新後,関西-中国（東）,2026/04/02,16:30,逆方向,0.0,-4500.0,0,0.0,-4500,電圧,0,0,0,0,0,2026/04/01 19:42:24
翌日,20260401,更新後,関西-中国（東）,2026/04/02,17:00,順方向,8467.687,-4499.16,0,631.473,4600,電圧,0,0,0,0,0,2026/04/01 19:42:24
翌日,20260401,更新後,関西-中国（東）,2026/04/02,17:00,逆方向,-0.78,-4499.22,0,0.0,-4500,電圧,0,0,0,0,0,2026/04/01 19:42:24
翌日,20260401,更新後,関西-中国（東）,2026/04/02,17:30,順方向,8942.425,-4500.0,0,157.575,4600,電圧,0,0,0,0,0,2026/04/01 19:42:24
翌日,20260401,更新後,関西-中国（東）,2026/04/02,17:30,逆方向,0.0,-4500.0,0,0.0,-4500,電圧,0,0,0,0,0,2026/04/01 19:42:24
翌日,20260401,更新後,関西-中国（東）,2026/04/02,18:00,順方向,8748.529,-4353.89,0,205.361,4600,電圧,0,0,0,0,0,2026/04/01 19:42:24
翌日,20260401,更新後,関西-中国（東）,2026/04/02,18:00,逆方向,-146.11,-4353.89,0,0.0,-4500,電圧,0,0,0,0,0,2026/04/01 19:42:24
翌日,20260401,更新後,関西-中国（東）,2026/04/02,18:30,順方向,8532.518,-3932.518,0,0.0,4600,電圧,0,0,0,0,0,2026/04/01 19:42:24
翌日,20260401,更新後,関西-中国（東）,2026/04/02,18:30,逆方向,-567.422,-3932.578,0,0.0,-4500,電圧,0,0,0,0,0,2026/04/01 19:42:24
翌日,20260401,更新後,関西-中国（東）,2026/04/02,19:00,順方向,8514.966,-3914.966,0,0.0,4600,電圧,0,0,0,0,0,2026/04/01 19:42:24
翌日,20260401,更新後,関西-中国（東）,2026/04/02,19:00,逆方向,-585.034,-3914.966,0,0.0,-4500,電圧,0,0,0,0,0,2026/04/01 19:42:24
翌日,20260401,更新後,関西-中国（東）,2026/04/02,19:30,順方向,8552.41,-3963.896,0,11.486,4600,電圧,0,0,0,0,0,2026/04/01 19:42:24
翌日,20260401,更新後,関西-中国（東）,2026/04/02,19:30,逆方向,-536.104,-3963.896,0,0.0,-4500,電圧,0,0,0,0,0,2026/04/01 19:42:24
翌日,20260401,更新後,関西-中国（東）,2026/04/02,20:00,順方向,8682.834,-4082.834,0,0.0,4600,電圧,0,0,0,0,0,2026/04/01 19:42:24
翌日,20260401,更新後,関西-中国（東）,2026/04/02,20:00,逆方向,-417.166,-4082.834,0,0.0,-4500,電圧,0,0,0,0,0,2026/04/01 19:42:24
翌日,20260401,更新後,関西-中国（東）,2026/04/02,20:30,順方向,8788.92,-4188.92,0,0.0,4600,電圧,0,0,0,0,0,2026/04/01 19:42:24
翌日,20260401,更新後,関西-中国（東）,2026/04/02,20:30,逆方向,-311.08,-4188.92,0,0.0,-4500,電圧,0,0,0,0,0,2026/04/01 19:42:24
翌日,20260401,更新後,関西-中国（東）,2026/04/02,21:00,順方向,8864.76,-4264.76,0,0.0,4600,電圧,0,0,0,0,0,2026/04/01 19:42:24
翌日,20260401,更新後,関西-中国（東）,2026/04/02,21:00,逆方向,-235.24,-4264.76,0,0.0,-4500,電圧,0,0,0,0,0,2026/04/01 19:42:24
翌日,20260401,更新後,関西-中国（東）,2026/04/02,21:30,順方向,8310.56,-3723.56,0,13.0,4600,電圧,0,0,0,0,0,2026/04/01 19:42:24
翌日,20260401,更新後,関西-中国（東）,2026/04/02,21:30,逆方向,-776.44,-3723.56,0,0.0,-4500,電圧,0,0,0,0,0,2026/04/01 19:42:24
翌日,20260401,更新後,関西-中国（東）,2026/04/02,22:00,順方向,7995.801,-3467.108,0,71.307,4600,電圧,0,0,0,0,0,2026/04/01 19:42:24
翌日,20260401,更新後,関西-中国（東）,2026/04/02,22:00,逆方向,-1032.892,-3467.108,0,0.0,-4500,電圧,0,0,0,0,0,2026/04/01 19:42:24
翌日,20260401,更新後,関西-中国（東）,2026/04/02,22:30,順方向,7340.69,-2767.916,0,27.226,4600,電圧,0,0,0,0,0,2026/04/01 19:42:24
翌日,20260401,更新後,関西-中国（東）,2026/04/02,22:30,逆方向,-1730.084,-2767.916,0,-2.0,-4500,電圧,0,0,0,0,0,2026/04/01 19:42:24
翌日,20260401,更新後,関西-中国（東）,2026/04/02,23:00,順方向,7796.484,-3196.484,0,0.0,4600,電圧,0,0,0,0,0,2026/04/01 19:42:24
翌日,20260401,更新後,関西-中国（東）,2026/04/02,23:00,逆方向,-1303.456,-3196.544,0,0.0,-4500,電圧,0,0,0,0,0,2026/04/01 19:42:24
翌日,20260401,更新後,関西-中国（東）,2026/04/02,23:30,順方向,7926.868,-3326.868,0,0.0,4600,電圧,0,0,0,0,0,2026/04/01 19:42:24
翌日,20260401,更新後,関西-中国（東）,2026/04/02,23:30,逆方向,-1173.072,-3326.928,0,0.0,-4500,電圧,0,0,0,0,0,2026/04/01 19:42:24
翌日,20260401,更新後,関西-中国（東）,2026/04/02,24:00,順方向,7568.236,-2968.236,0,0.0,4600,電圧,0,0,0,0,0,2026/04/01 19:42:24
翌日,20260401,更新後,関西-中国（東）,2026/04/02,24:00,逆方向,-1491.262,-2968.236,0,-40.502,-4500,電圧,0,0,0,0,0,2026/04/01 19:42:24
翌日,20260401,更新後,関西-中国（西）,2026/04/02,00:30,順方向,6573.717,-2277.7,0,303.983,4600,電圧,0,0,0,0,0,2026/04/01 19:42:24
翌日,20260401,更新後,関西-中国（西）,2026/04/02,00:30,逆方向,-2222.3,-2277.7,0,0.0,-4500,電圧,0,0,0,0,0,2026/04/01 19:42:24
翌日,20260401,更新後,関西-中国（西）,2026/04/02,01:00,順方向,6171.207,-1975.464,0,404.257,4600,電圧,0,0,0,0,0,2026/04/01 19:42:24
翌日,20260401,更新後,関西-中国（西）,2026/04/02,01:00,逆方向,-2524.536,-1975.464,0,0.0,-4500,電圧,0,0,0,0,0,2026/04/01 19:42:24
翌日,20260401,更新後,関西-中国（西）,2026/04/02,01:30,順方向,6098.685,-1882.534,0,383.849,4600,電圧,0,0,0,0,0,2026/04/01 19:42:24
翌日,20260401,更新後,関西-中国（西）,2026/04/02,01:30,逆方向,-2617.408,-1882.592,0,0.0,-4500,電圧,0,0,0,0,0,2026/04/01 19:42:24
翌日,20260401,更新後,関西-中国（西）,2026/04/02,02:00,順方向,6064.556,-1844.872,0,380.316,4600,電圧,0,0,0,0,0,2026/04/01 19:42:24
翌日,20260401,更新後,関西-中国（西）,2026/04/02,02:00,逆方向,-2655.128,-1844.872,0,0.0,-4500,電圧,0,0,0,0,0,2026/04/01 19:42:24
翌日,20260401,更新後,関西-中国（西）,2026/04/02,02:30,順方向,6196.384,-1960.446,0,364.062,4600,電圧,0,0,0,0,0,2026/04/01 19:42:24
翌日,20260401,更新後,関西-中国（西）,2026/04/02,02:30,逆方向,-2539.494,-1960.506,0,0.0,-4500,電圧,0,0,0,0,0,2026/04/01 19:42:24
翌日,20260401,更新後,関西-中国（西）,2026/04/02,03:00,順方向,6594.353,-2356.42,0,362.067,4600,電圧,0,0,0,0,0,2026/04/01 19:42:24
翌日,20260401,更新後,関西-中国（西）,2026/04/02,03:00,逆方向,-2143.58,-2356.42,0,0.0,-4500,電圧,0,0,0,0,0,2026/04/01 19:42:24
翌日,20260401,更新後,関西-中国（西）,2026/04/02,03:30,順方向,6651.896,-2359.738,0,307.842,4600,電圧,0,0,0,0,0,2026/04/01 19:42:24
翌日,20260401,更新後,関西-中国（西）,2026/04/02,03:30,逆方向,-2140.262,-2359.738,0,0.0,-4500,電圧,0,0,0,0,0,2026/04/01 19:42:24
翌日,20260401,更新後,関西-中国（西）,2026/04/02,04:00,順方向,6570.024,-2169.426,0,199.402,4600,電圧,0,0,0,0,0,2026/04/01 19:42:24
翌日,20260401,更新後,関西-中国（西）,2026/04/02,04:00,逆方向,-2330.574,-2169.426,0,0.0,-4500,電圧,0,0,0,0,0,2026/04/01 19:42:24
翌日,20260401,更新後,関西-中国（西）,2026/04/02,04:30,順方向,6771.228,-2333.766,0,162.538,4600,電圧,0,0,0,0,0,2026/04/01 19:42:24
翌日,20260401,更新後,関西-中国（西）,2026/04/02,04:30,逆方向,-2119.659,-2333.766,0,-46.575,-4500,電圧,0,0,0,0,0,2026/04/01 19:42:24
翌日,20260401,更新後,関西-中国（西）,2026/04/02,05:00,順方向,6478.092,-2286.494,0,408.402,4600,電圧,0,0,0,0,0,2026/04/01 19:42:24
翌日,20260401,更新後,関西-中国（西）,2026/04/02,05:00,逆方向,-2213.506,-2286.494,0,0.0,-4500,電圧,0,0,0,0,0,2026/04/01 19:42:24
翌日,20260401,更新後,関西-中国（西）,2026/04/02,05:30,順方向,6490.516,-2294.682,0,404.166,4600,電圧,0,0,0,0,0,2026/04/01 19:42:24
翌日,20260401,更新後,関西-中国（西）,2026/04/02,05:30,逆方向,-2205.318,-2294.682,0,0.0,-4500,電圧,0,0,0,0,0,2026/04/01 19:42:24
翌日,20260401,更新後,関西-中国（西）,2026/04/02,06:00,順方向,6522.122,-2168.02,0,245.898,4600,電圧,0,0,0,0,0,2026/04/01 19:42:24
翌日,20260401,更新後,関西-中国（西）,2026/04/02,06:00,逆方向,-2331.98,-2168.02,0,0.0,-4500,電圧,0,0,0,0,0,2026/04/01 19:42:24
翌日,20260401,更新後,関西-中国（西）,2026/04/02,06:30,順方向,6219.089,-2021.14,0,402.051,4600,電圧,0,0,0,0,0,2026/04/01 19:42:24
翌日,20260401,更新後,関西-中国（西）,2026/04/02,06:30,逆方向,-2439.712,-2021.14,0,-39.148,-4500,電圧,0,0,0,0,0,2026/04/01 19:42:24
翌日,20260401,更新後,関西-中国（西）,2026/04/02,07:00,順方向,6461.426,-2231.366,0,369.94,4600,電圧,0,0,0,0,0,2026/04/01 19:42:24
翌日,20260401,更新後,関西-中国（西）,2026/04/02,07:00,逆方向,-2228.239,-2231.366,0,-40.395,-4500,電圧,0,0,0,0,0,2026/04/01 19:42:24
翌日,20260401,更新後,関西-中国（西）,2026/04/02,07:30,順方向,6562.273,-2520.44,0,558.167,4600,電圧,0,0,0,0,0,2026/04/01 19:42:24
翌日,20260401,更新後,関西-中国（西）,2026/04/02,07:30,逆方向,-1979.56,-2520.44,0,0.0,-4500,電圧,0,0,0,0,0,2026/04/01 19:42:24
翌日,20260401,更新後,関西-中国（西）,2026/04/02,08:00,順方向,6444.872,-2592.208,0,747.336,4600,電圧,0,0,0,0,0,2026/04/01 19:42:24
翌日,20260401,更新後,関西-中国（西）,2026/04/02,08:00,逆方向,-1907.792,-2592.208,0,0.0,-4500,電圧,0,0,0,0,0,2026/04/01 19:42:24
翌日,20260401,更新後,関西-中国（西）,2026/04/02,08:30,順方向,6892.528,-2935.356,0,642.828,4600,電圧,0,0,0,0,0,2026/04/01 19:42:24
翌日,20260401,更新後,関西-中国（西）,2026/04/02,08:30,逆方向,-1564.584,-2935.416,0,0.0,-4500,電圧,0,0,0,0,0,2026/04/01 19:42:24
翌日,20260401,更新後,関西-中国（西）,2026/04/02,09:00,順方向,6733.876,-2901.602,0,767.726,4600,電圧,0,0,0,0,0,2026/04/01 19:42:24
翌日,20260401,更新後,関西-中国（西）,2026/04/02,09:00,逆方向,-1598.398,-2901.602,0,0.0,-4500,電圧,0,0,0,0,0,2026/04/01 19:42:24
翌日,20260401,更新後,関西-中国（西）,2026/04/02,09:30,順方向,7340.102,-3310.978,0,570.876,4600,電圧,0,0,0,0,0,2026/04/01 19:42:24
翌日,20260401,更新後,関西-中国（西）,2026/04/02,09:30,逆方向,-1189.022,-3310.978,0,0.0,-4500,電圧,0,0,0,0,0,2026/04/01 19:42:24
翌日,20260401,更新後,関西-中国（西）,2026/04/02,10:00,順方向,7237.498,-3212.75,0,575.252,4600,電圧,0,0,0,0,0,2026/04/01 19:42:24
翌日,20260401,更新後,関西-中国（西）,2026/04/02,10:00,逆方向,-1287.19,-3212.81,0,0.0,-4500,電圧,0,0,0,0,0,2026/04/01 19:42:24
翌日,20260401,更新後,関西-中国（西）,2026/04/02,10:30,順方向,7017.394,-2855.994,0,438.6,4600,電圧,0,0,0,0,0,2026/04/01 19:42:24
翌日,20260401,更新後,関西-中国（西）,2026/04/02,10:30,逆方向,-1644.006,-2855.994,0,0.0,-4500,電圧,0,0,0,0,0,2026/04/01 19:42:24
翌日,20260401,更新後,関西-中国（西）,2026/04/02,11:00,順方向,6970.808,-2922.296,0,551.488,4600,電圧,0,0,0,0,0,2026/04/01 19:42:24
翌日,20260401,更新後,関西-中国（西）,2026/04/02,11:00,逆方向,-1577.644,-2922.356,0,0.0,-4500,電圧,0,0,0,0,0,2026/04/01 19:42:24
翌日,20260401,更新後,関西-中国（西）,2026/04/02,11:30,順方向,6981.658,-2926.568,0,544.91,4600,電圧,0,0,0,0,0,2026/04/01 19:42:24
翌日,20260401,更新後,関西-中国（西）,2026/04/02,11:30,逆方向,-1573.432,-2926.568,0,0.0,-4500,電圧,0,0,0,0,0,2026/04/01 19:42:24
翌日,20260401,更新後,関西-中国（西）,2026/04/02,12:00,順方向,6833.718,-2746.766,0,513.048,4600,電圧,0,0,0,0,0,2026/04/01 19:42:24
翌日,20260401,更新後,関西-中国（西）,2026/04/02,12:00,逆方向,-1753.174,-2746.826,0,0.0,-4500,電圧,0,0,0,0,0,2026/04/01 19:42:24
翌日,20260401,更新後,関西-中国（西）,2026/04/02,12:30,順方向,6500.477,-2562.882,0,662.405,4600,電圧,0,0,0,0,0,2026/04/01 19:42:24
翌日,20260401,更新後,関西-中国（西）,2026/04/02,12:30,逆方向,-1937.058,-2562.942,0,0.0,-4500,電圧,0,0,0,0,0,2026/04/01 19:42:24
翌日,20260401,更新後,関西-中国（西）,2026/04/02,13:00,順方向,6717.049,-2712.058,0,595.009,4600,電圧,0,0,0,0,0,2026/04/01 19:42:24
翌日,20260401,更新後,関西-中国（西）,2026/04/02,13:00,逆方向,-1787.942,-2712.058,0,0.0,-4500,電圧,0,0,0,0,0,2026/04/01 19:42:24
翌日,20260401,更新後,関西-中国（西）,2026/04/02,13:30,順方向,7141.035,-3061.308,0,520.273,4600,電圧,0,0,0,0,0,2026/04/01 19:42:24
翌日,20260401,更新後,関西-中国（西）,2026/04/02,13:30,逆方向,-1438.632,-3061.368,0,0.0,-4500,電圧,0,0,0,0,0,2026/04/01 19:42:24
翌日,20260401,更新後,関西-中国（西）,2026/04/02,14:00,順方向,7012.939,-3055.578,0,642.639,4600,電圧,0,0,0,0,0,2026/04/01 19:42:24
翌日,20260401,更新後,関西-中国（西）,2026/04/02,14:00,逆方向,-1444.362,-3055.638,0,0.0,-4500,電圧,0,0,0,0,0,2026/04/01 19:42:24
翌日,20260401,更新後,関西-中国（西）,2026/04/02,14:30,順方向,7165.464,-3167.986,0,602.522,4600,電圧,0,0,0,0,0,2026/04/01 19:42:24
翌日,20260401,更新後,関西-中国（西）,2026/04/02,14:30,逆方向,-1331.954,-3168.046,0,0.0,-4500,電圧,0,0,0,0,0,2026/04/01 19:42:24
翌日,20260401,更新後,関西-中国（西）,2026/04/02,15:00,順方向,7229.904,-3201.902,0,571.998,4600,電圧,0,0,0,0,0,2026/04/01 19:42:24
翌日,20260401,更新後,関西-中国（西）,2026/04/02,15:00,逆方向,-1298.098,-3201.902,0,0.0,-4500,電圧,0,0,0,0,0,2026/04/01 19:42:24
翌日,20260401,更新後,関西-中国（西）,2026/04/02,15:30,順方向,7458.606,-3339.97,0,481.364,4600,電圧,0,0,0,0,0,2026/04/01 19:42:24
翌日,20260401,更新後,関西-中国（西）,2026/04/02,15:30,逆方向,-1159.97,-3340.03,0,0.0,-4500,電圧,0,0,0,0,0,2026/04/01 19:42:24
翌日,20260401,更新後,関西-中国（西）,2026/04/02,16:00,順方向,7918.474,-3651.36,0,332.886,4600,電圧,0,0,0,0,0,2026/04/01 19:42:24
翌日,20260401,更新後,関西-中国（西）,2026/04/02,16:00,逆方向,-848.64,-3651.36,0,0.0,-4500,電圧,0,0,0,0,0,2026/04/01 19:42:24
翌日,20260401,更新後,関西-中国（西）,2026/04/02,16:30,順方向,7903.282,-3582.242,0,278.96,4600,電圧,0,0,0,0,0,2026/04/01 19:42:24
翌日,20260401,更新後,関西-中国（西）,2026/04/02,16:30,逆方向,-917.698,-3582.302,0,0.0,-4500,電圧,0,0,0,0,0,2026/04/01 19:42:24
翌日,20260401,更新後,関西-中国（西）,2026/04/02,17:00,順方向,7729.349,-3760.822,0,631.473,4600,電圧,0,0,0,0,0,2026/04/01 19:42:24
翌日,20260401,更新後,関西-中国（西）,2026/04/02,17:00,逆方向,-739.118,-3760.882,0,0.0,-4500,電圧,0,0,0,0,0,2026/04/01 19:42:24
翌日,20260401,更新後,関西-中国（西）,2026/04/02,17:30,順方向,8242.255,-3799.83,0,157.575,4600,電圧,0,0,0,0,0,2026/04/01 19:42:24
翌日,20260401,更新後,関西-中国（西）,2026/04/02,17:30,逆方向,-700.17,-3799.83,0,0.0,-4500,電圧,0,0,0,0,0,2026/04/01 19:42:24
翌日,20260401,更新後,関西-中国（西）,2026/04/02,18:00,順方向,8112.117,-3717.478,0,205.361,4600,電圧,0,0,0,0,0,2026/04/01 19:42:24
翌日,20260401,更新後,関西-中国（西）,2026/04/02,18:00,逆方向,-782.522,-3717.478,0,0.0,-4500,電圧,0,0,0,0,0,2026/04/01 19:42:24
翌日,20260401,更新後,関西-中国（西）,2026/04/02,18:30,順方向,8101.56,-3501.56,0,0.0,4600,電圧,0,0,0,0,0,2026/04/01 19:42:24
翌日,20260401,更新後,関西-中国（西）,2026/04/02,18:30,逆方向,-998.38,-3501.62,0,0.0,-4500,電圧,0,0,0,0,0,2026/04/01 19:42:24
翌日,20260401,更新後,関西-中国（西）,2026/04/02,19:00,順方向,8154.742,-3554.742,0,0.0,4600,電圧,0,0,0,0,0,2026/04/01 19:42:24
翌日,20260401,更新後,関西-中国（西）,2026/04/02,19:00,逆方向,-945.258,-3554.742,0,0.0,-4500,電圧,0,0,0,0,0,2026/04/01 19:42:24
翌日,20260401,更新後,関西-中国（西）,2026/04/02,19:30,順方向,8210.354,-3621.84,0,11.486,4600,電圧,0,0,0,0,0,2026/04/01 19:42:24
翌日,20260401,更新後,関西-中国（西）,2026/04/02,19:30,逆方向,-878.16,-3621.84,0,0.0,-4500,電圧,0,0,0,0,0,2026/04/01 19:42:24
翌日,20260401,更新後,関西-中国（西）,2026/04/02,20:00,順方向,8127.082,-3527.082,0,0.0,4600,電圧,0,0,0,0,0,2026/04/01 19:42:24
翌日,20260401,更新後,関西-中国（西）,2026/04/02,20:00,逆方向,-972.918,-3527.082,0,0.0,-4500,電圧,0,0,0,0,0,2026/04/01 19:42:24
翌日,20260401,更新後,関西-中国（西）,2026/04/02,20:30,順方向,8221.236,-3621.236,0,0.0,4600,電圧,0,0,0,0,0,2026/04/01 19:42:24
翌日,20260401,更新後,関西-中国（西）,2026/04/02,20:30,逆方向,-878.764,-3621.236,0,0.0,-4500,電圧,0,0,0,0,0,2026/04/01 19:42:24
翌日,20260401,更新後,関西-中国（西）,2026/04/02,21:00,順方向,8282.312,-3682.312,0,0.0,4600,電圧,0,0,0,0,0,2026/04/01 19:42:24
翌日,20260401,更新後,関西-中国（西）,2026/04/02,21:00,逆方向,-817.688,-3682.312,0,0.0,-4500,電圧,0,0,0,0,0,2026/04/01 19:42:24
翌日,20260401,更新後,関西-中国（西）,2026/04/02,21:30,順方向,7742.11,-3155.11,0,13.0,4600,電圧,0,0,0,0,0,2026/04/01 19:42:24
翌日,20260401,更新後,関西-中国（西）,2026/04/02,21:30,逆方向,-1344.89,-3155.11,0,0.0,-4500,電圧,0,0,0,0,0,2026/04/01 19:42:24
翌日,20260401,更新後,関西-中国（西）,2026/04/02,22:00,順方向,7562.595,-3033.902,0,71.307,4600,電圧,0,0,0,0,0,2026/04/01 19:42:24
翌日,20260401,更新後,関西-中国（西）,2026/04/02,22:00,逆方向,-1466.098,-3033.902,0,0.0,-4500,電圧,0,0,0,0,0,2026/04/01 19:42:24
翌日,20260401,更新後,関西-中国（西）,2026/04/02,22:30,順方向,6902.494,-2329.72,0,27.226,4600,電圧,0,0,0,0,0,2026/04/01 19:42:24
翌日,20260401,更新後,関西-中国（西）,2026/04/02,22:30,逆方向,-2168.28,-2329.72,0,-2.0,-4500,電圧,0,0,0,0,0,2026/04/01 19:42:24
翌日,20260401,更新後,関西-中国（西）,2026/04/02,23:00,順方向,7272.23,-2672.23,0,0.0,4600,電圧,0,0,0,0,0,2026/04/01 19:42:24
翌日,20260401,更新後,関西-中国（西）,2026/04/02,23:00,逆方向,-1827.71,-2672.29,0,0.0,-4500,電圧,0,0,0,0,0,2026/04/01 19:42:24
翌日,20260401,更新後,関西-中国（西）,2026/04/02,23:30,順方向,7367.826,-2767.826,0,0.0,4600,電圧,0,0,0,0,0,2026/04/01 19:42:24
翌日,20260401,更新後,関西-中国（西）,2026/04/02,23:30,逆方向,-1732.114,-2767.886,0,0.0,-4500,電圧,0,0,0,0,0,2026/04/01 19:42:24
翌日,20260401,更新後,関西-中国（西）,2026/04/02,24:00,順方向,7091.15,-2491.15,0,0.0,4600,電圧,0,0,0,0,0,2026/04/01 19:42:24
翌日,20260401,更新後,関西-中国（西）,2026/04/02,24:00,逆方向,-1968.348,-2491.15,0,-40.502,-4500,電圧,0,0,0,0,0,2026/04/01 19:42:24
翌日,20260401,更新後,北海道・本州間電力連系設備,2026/04/02,00:30,順方向,509.5,150.5,0,240.0,900,熱容量,0,0,0,0,0,2026/04/01 20:36:25
翌日,20260401,更新後,北海道・本州間電力連系設備,2026/04/02,00:30,逆方向,-425.5,150.5,0,-625.0,-900,熱容量,0,0,0,0,0,2026/04/01 20:36:25
翌日,20260401,更新後,北海道・本州間電力連系設備,2026/04/02,01:00,順方向,335.1,324.9,0,240.0,900,熱容量,0,0,0,0,0,2026/04/01 20:36:25
翌日,20260401,更新後,北海道・本州間電力連系設備,2026/04/02,01:00,逆方向,-599.9,324.9,0,-625.0,-900,熱容量,0,0,0,0,0,2026/04/01 20:36:25
翌日,20260401,更新後,北海道・本州間電力連系設備,2026/04/02,01:30,順方向,353.8,316.2,0,230.0,900,熱容量,0,0,0,0,0,2026/04/01 20:36:25
翌日,20260401,更新後,北海道・本州間電力連系設備,2026/04/02,01:30,逆方向,-591.2,316.2,0,-625.0,-900,熱容量,0,0,0,0,0,2026/04/01 20:36:25
翌日,20260401,更新後,北海道・本州間電力連系設備,2026/04/02,02:00,順方向,393.2,276.8,0,230.0,900,熱容量,0,0,0,0,0,2026/04/01 20:36:25
翌日,20260401,更新後,北海道・本州間電力連系設備,2026/04/02,02:00,逆方向,-551.8,276.8,0,-625.0,-900,熱容量,0,0,0,0,0,2026/04/01 20:36:25
翌日,20260401,更新後,北海道・本州間電力連系設備,2026/04/02,02:30,順方向,483.3,196.7,0,220.0,900,熱容量,0,0,0,0,0,2026/04/01 20:36:25
翌日,20260401,更新後,北海道・本州間電力連系設備,2026/04/02,02:30,逆方向,-471.7,196.7,0,-625.0,-900,熱容量,0,0,0,0,0,2026/04/01 20:36:25
翌日,20260401,更新後,北海道・本州間電力連系設備,2026/04/02,03:00,順方向,472.5,207.5,0,220.0,900,熱容量,0,0,0,0,0,2026/04/01 20:36:25
翌日,20260401,更新後,北海道・本州間電力連系設備,2026/04/02,03:00,逆方向,-482.5,207.5,0,-625.0,-900,熱容量,0,0,0,0,0,2026/04/01 20:36:25
翌日,20260401,更新後,北海道・本州間電力連系設備,2026/04/02,03:30,順方向,505.4,184.6,0,210.0,900,熱容量,0,0,0,0,0,2026/04/01 20:36:25
翌日,20260401,更新後,北海道・本州間電力連系設備,2026/04/02,03:30,逆方向,-469.6,184.6,0,-615.0,-900,熱容量,0,0,0,0,0,2026/04/01 20:36:25
翌日,20260401,更新後,北海道・本州間電力連系設備,2026/04/02,04:00,順方向,460.6,229.4,0,210.0,900,熱容量,0,0,0,0,0,2026/04/01 20:36:25
翌日,20260401,更新後,北海道・本州間電力連系設備,2026/04/02,04:00,逆方向,-514.4,229.4,0,-615.0,-900,熱容量,0,0,0,0,0,2026/04/01 20:36:25
翌日,20260401,更新後,北海道・本州間電力連系設備,2026/04/02,04:30,順方向,404.5,295.5,0,200.0,900,熱容量,0,0,0,0,0,2026/04/01 20:36:25
翌日,20260401,更新後,北海道・本州間電力連系設備,2026/04/02,04:30,逆方向,-580.5,295.5,0,-615.0,-900,熱容量,0,0,0,0,0,2026/04/01 20:36:25
翌日,20260401,更新後,北海道・本州間電力連系設備,2026/04/02,05:00,順方向,341.1,358.9,0,200.0,900,熱容量,0,0,0,0,0,2026/04/01 20:36:25
翌日,20260401,更新後,北海道・本州間電力連系設備,2026/04/02,05:00,逆方向,-643.9,358.9,0,-615.0,-900,熱容量,0,0,0,0,0,2026/04/01 20:36:25
翌日,20260401,更新後,北海道・本州間電力連系設備,2026/04/02,05:30,順方向,398.1,301.9,0,200.0,900,熱容量,0,0,0,0,0,2026/04/01 20:36:25
翌日,20260401,更新後,北海道・本州間電力連系設備,2026/04/02,05:30,逆方向,-596.9,301.9,0,-605.0,-900,熱容量,0,0,0,0,0,2026/04/01 20:36:25
翌日,20260401,更新後,北海道・本州間電力連系設備,2026/04/02,06:00,順方向,388.7,311.3,0,200.0,900,熱容量,0,0,0,0,0,2026/04/01 20:36:25
翌日,20260401,更新後,北海道・本州間電力連系設備,2026/04/02,06:00,逆方向,-606.3,311.3,0,-605.0,-900,熱容量,0,0,0,0,0,2026/04/01 20:36:25
翌日,20260401,更新後,北海道・本州間電力連系設備,2026/04/02,06:30,順方向,382.4,317.6,0,200.0,900,熱容量,0,0,0,0,0,2026/04/01 20:36:25
翌日,20260401,更新後,北海道・本州間電力連系設備,2026/04/02,06:30,逆方向,-612.6,317.6,0,-605.0,-900,熱容量,0,0,0,0,0,2026/04/01 20:36:25
翌日,20260401,更新後,北海道・本州間電力連系設備,2026/04/02,07:00,順方向,342.0,358.0,0,200.0,900,熱容量,0,0,0,0,0,2026/04/01 20:36:25
翌日,20260401,更新後,北海道・本州間電力連系設備,2026/04/02,07:00,逆方向,-653.0,358.0,0,-605.0,-900,熱容量,0,0,0,0,0,2026/04/01 20:36:25
翌日,20260401,更新後,北海道・本州間電力連系設備,2026/04/02,07:30,順方向,331.9,368.1,0,200.0,900,熱容量,0,0,0,0,0,2026/04/01 20:36:25
翌日,20260401,更新後,北海道・本州間電力連系設備,2026/04/02,07:30,逆方向,-653.1,368.1,0,-615.0,-900,熱容量,0,0,0,0,0,2026/04/01 20:36:25
翌日,20260401,更新後,北海道・本州間電力連系設備,2026/04/02,08:00,順方向,316.0,384.0,0,200.0,900,熱容量,0,0,0,0,0,2026/04/01 20:36:25
翌日,20260401,更新後,北海道・本州間電力連系設備,2026/04/02,08:00,逆方向,-669.0,384.0,0,-615.0,-900,熱容量,0,0,0,0,0,2026/04/01 20:36:25
翌日,20260401,更新後,北海道・本州間電力連系設備,2026/04/02,08:30,順方向,289.2,420.8,0,190.0,900,熱容量,0,0,0,0,0,2026/04/01 20:36:25
翌日,20260401,更新後,北海道・本州間電力連系設備,2026/04/02,08:30,逆方向,-715.8,420.8,0,-605.0,-900,熱容量,0,0,0,0,0,2026/04/01 20:36:25
翌日,20260401,更新後,北海道・本州間電力連系設備,2026/04/02,09:00,順方向,226.3,483.7,0,190.0,900,熱容量,0,0,0,0,0,2026/04/01 20:36:25
翌日,20260401,更新後,北海道・本州間電力連系設備,2026/04/02,09:00,逆方向,-778.7,483.7,0,-605.0,-900,熱容量,0,0,0,0,0,2026/04/01 20:36:25
翌日,20260401,更新後,北海道・本州間電力連系設備,2026/04/02,09:30,順方向,245.8,474.2,0,180.0,900,熱容量,0,0,0,0,0,2026/04/01 20:36:25
翌日,20260401,更新後,北海道・本州間電力連系設備,2026/04/02,09:30,逆方向,-698.2,474.2,0,-676.0,-900,熱容量,0,0,0,0,0,2026/04/01 20:36:25
翌日,20260401,更新後,北海道・本州間電力連系設備,2026/04/02,10:00,順方向,183.5,536.5,0,180.0,900,熱容量,0,0,0,0,0,2026/04/01 20:36:25
翌日,20260401,更新後,北海道・本州間電力連系設備,2026/04/02,10:00,逆方向,-756.5,536.5,0,-680.0,-900,熱容量,0,0,0,0,0,2026/04/01 20:36:25
翌日,20260401,更新後,北海道・本州間電力連系設備,2026/04/02,10:30,順方向,125.6,594.4,0,180.0,900,熱容量,0,0,0,0,0,2026/04/01 20:36:25
翌日,20260401,更新後,北海道・本州間電力連系設備,2026/04/02,10:30,逆方向,-814.4,594.4,0,-680.0,-900,熱容量,0,0,0,0,0,2026/04/01 20:36:25
翌日,20260401,更新後,北海道・本州間電力連系設備,2026/04/02,11:00,順方向,78.8,641.2,0,180.0,900,熱容量,0,0,0,0,0,2026/04/01 20:36:25
翌日,20260401,更新後,北海道・本州間電力連系設備,2026/04/02,11:00,逆方向,-861.2,641.2,0,-680.0,-900,熱容量,0,0,0,0,0,2026/04/01 20:36:25
翌日,20260401,更新後,北海道・本州間電力連系設備,2026/04/02,11:30,順方向,69.6,640.4,0,190.0,900,熱容量,0,0,0,0,0,2026/04/01 20:36:25
翌日,20260401,更新後,北海道・本州間電力連系設備,2026/04/02,11:30,逆方向,-860.4,640.4,0,-680.0,-900,熱容量,0,0,0,0,0,2026/04/01 20:36:25
翌日,20260401,更新後,北海道・本州間電力連系設備,2026/04/02,12:00,順方向,85.5,624.5,0,190.0,900,熱容量,0,0,0,0,0,2026/04/01 20:36:25
翌日,20260401,更新後,北海道・本州間電力連系設備,2026/04/02,12:00,逆方向,-844.5,624.5,0,-680.0,-900,熱容量,0,0,0,0,0,2026/04/01 20:36:25
翌日,20260401,更新後,北海道・本州間電力連系設備,2026/04/02,12:30,順方向,216.1,473.9,0,210.0,900,熱容量,0,0,0,0,0,2026/04/01 20:36:25
翌日,20260401,更新後,北海道・本州間電力連系設備,2026/04/02,12:30,逆方向,-703.9,473.9,0,-670.0,-900,熱容量,0,0,0,0,0,2026/04/01 20:36:25
翌日,20260401,更新後,北海道・本州間電力連系設備,2026/04/02,13:00,順方向,279.8,410.2,0,210.0,900,熱容量,0,0,0,0,0,2026/04/01 20:36:25
翌日,20260401,更新後,北海道・本州間電力連系設備,2026/04/02,13:00,逆方向,-680.118,410.2,0,-630.082,-900,熱容量,0,0,0,0,0,2026/04/01 20:36:25
翌日,20260401,更新後,北海道・本州間電力連系設備,2026/04/02,13:30,順方向,125.0,565.0,0,210.0,900,熱容量,0,0,0,0,0,2026/04/01 20:36:25
翌日,20260401,更新後,北海道・本州間電力連系設備,2026/04/02,13:30,逆方向,-775.0,565.0,0,-690.0,-900,熱容量,0,0,0,0,0,2026/04/01 20:36:25
翌日,20260401,更新後,北海道・本州間電力連系設備,2026/04/02,14:00,順方向,162.7,527.3,0,210.0,900,熱容量,0,0,0,0,0,2026/04/01 20:36:25
翌日,20260401,更新後,北海道・本州間電力連系設備,2026/04/02,14:00,逆方向,-737.3,527.3,0,-690.0,-900,熱容量,0,0,0,0,0,2026/04/01 20:36:25
翌日,20260401,更新後,北海道・本州間電力連系設備,2026/04/02,14:30,順方向,167.0,513.0,0,220.0,900,熱容量,0,0,0,0,0,2026/04/01 20:36:25
翌日,20260401,更新後,北海道・本州間電力連系設備,2026/04/02,14:30,逆方向,-713.0,513.0,0,-700.0,-900,熱容量,0,0,0,0,0,2026/04/01 20:36:25
翌日,20260401,更新後,北海道・本州間電力連系設備,2026/04/02,15:00,順方向,242.4,437.6,0,220.0,900,熱容量,0,0,0,0,0,2026/04/01 20:36:25
翌日,20260401,更新後,北海道・本州間電力連系設備,2026/04/02,15:00,逆方向,-637.6,437.6,0,-700.0,-900,熱容量,0,0,0,0,0,2026/04/01 20:36:25
翌日,20260401,更新後,北海道・本州間電力連系設備,2026/04/02,15:30,順方向,290.8,379.2,0,230.0,900,熱容量,0,0,0,0,0,2026/04/01 20:36:25
翌日,20260401,更新後,北海道・本州間電力連系設備,2026/04/02,15:30,逆方向,-654.2,379.2,0,-625.0,-900,熱容量,0,0,0,0,0,2026/04/01 20:36:25
翌日,20260401,更新後,北海道・本州間電力連系設備,2026/04/02,16:00,順方向,392.5,277.5,0,230.0,900,熱容量,0,0,0,0,0,2026/04/01 20:36:25
翌日,20260401,更新後,北海道・本州間電力連系設備,2026/04/02,16:00,逆方向,-555.5,277.5,0,-622.0,-900,熱容量,0,0,0,0,0,2026/04/01 20:36:25
翌日,20260401,更新後,北海道・本州間電力連系設備,2026/04/02,16:30,順方向,462.2,227.8,0,210.0,900,熱容量,0,0,0,0,0,2026/04/01 20:36:25
翌日,20260401,更新後,北海道・本州間電力連系設備,2026/04/02,16:30,逆方向,-455.8,227.8,0,-672.0,-900,熱容量,0,0,0,0,0,2026/04/01 20:36:25
翌日,20260401,更新後,北海道・本州間電力連系設備,2026/04/02,17:00,順方向,548.9,141.1,0,210.0,900,熱容量,0,0,0,0,0,2026/04/01 20:36:25
翌日,20260401,更新後,北海道・本州間電力連系設備,2026/04/02,17:00,逆方向,-465.1,141.1,0,-576.0,-900,熱容量,0,0,0,0,0,2026/04/01 20:36:25
翌日,20260401,更新後,北海道・本州間電力連系設備,2026/04/02,17:30,順方向,610.7,89.3,0,200.0,900,熱容量,0,0,0,0,0,2026/04/01 20:36:25
翌日,20260401,更新後,北海道・本州間電力連系設備,2026/04/02,17:30,逆方向,-451.3,89.3,0,-538.0,-900,熱容量,0,0,0,0,0,2026/04/01 20:36:25
翌日,20260401,更新後,北海道・本州間電力連系設備,2026/04/02,18:00,順方向,601.2,98.8,0,200.0,900,熱容量,0,0,0,0,0,2026/04/01 20:36:25
翌日,20260401,更新後,北海道・本州間電力連系設備,2026/04/02,18:00,逆方向,-390.8,98.8,0,-608.0,-900,熱容量,0,0,0,0,0,2026/04/01 20:36:25
翌日,20260401,更新後,北海道・本州間電力連系設備,2026/04/02,18:30,順方向,637.8,82.2,0,180.0,900,熱容量,0,0,0,0,0,2026/04/01 20:36:25
翌日,20260401,更新後,北海道・本州間電力連系設備,2026/04/02,18:30,逆方向,-377.2,82.2,0,-605.0,-900,熱容量,0,0,0,0,0,2026/04/01 20:36:25
翌日,20260401,更新後,北海道・本州間電力連系設備,2026/04/02,19:00,順方向,643.9,76.1,0,180.0,900,熱容量,0,0,0,0,0,2026/04/01 20:36:25
翌日,20260401,更新後,北海道・本州間電力連系設備,2026/04/02,19:00,逆方向,-371.1,76.1,0,-605.0,-900,熱容量,0,0,0,0,0,2026/04/01 20:36:25
翌日,20260401,更新後,北海道・本州間電力連系設備,2026/04/02,19:30,順方向,582.4,127.6,0,190.0,900,熱容量,0,0,0,0,0,2026/04/01 20:36:25
翌日,20260401,更新後,北海道・本州間電力連系設備,2026/04/02,19:30,逆方向,-440.24,127.6,0,-587.36,-900,熱容量,0,0,0,0,0,2026/04/01 20:36:25
翌日,20260401,更新後,北海道・本州間電力連系設備,2026/04/02,20:00,順方向,565.8,144.2,0,190.0,900,熱容量,0,0,0,0,0,2026/04/01 20:36:25
翌日,20260401,更新後,北海道・本州間電力連系設備,2026/04/02,20:00,逆方向,-457.2,144.2,0,-587.0,-900,熱容量,0,0,0,0,0,2026/04/01 20:36:25
翌日,20260401,更新後,北海道・本州間電力連系設備,2026/04/02,20:30,順方向,529.4,170.6,0,200.0,900,熱容量,0,0,0,0,0,2026/04/01 20:36:25
翌日,20260401,更新後,北海道・本州間電力連系設備,2026/04/02,20:30,逆方向,-465.6,170.6,0,-605.0,-900,熱容量,0,0,0,0,0,2026/04/01 20:36:25
翌日,20260401,更新後,北海道・本州間電力連系設備,2026/04/02,21:00,順方向,545.4,154.6,0,200.0,900,熱容量,0,0,0,0,0,2026/04/01 20:36:25
翌日,20260401,更新後,北海道・本州間電力連系設備,2026/04/02,21:00,逆方向,-449.6,154.6,0,-605.0,-900,熱容量,0,0,0,0,0,2026/04/01 20:36:25
翌日,20260401,更新後,北海道・本州間電力連系設備,2026/04/02,21:30,順方向,476.8,203.2,0,220.0,900,熱容量,0,0,0,0,0,2026/04/01 20:36:25
翌日,20260401,更新後,北海道・本州間電力連系設備,2026/04/02,21:30,逆方向,-488.2,203.2,0,-615.0,-900,熱容量,0,0,0,0,0,2026/04/01 20:36:25
翌日,20260401,更新後,北海道・本州間電力連系設備,2026/04/02,22:00,順方向,499.1,180.9,0,220.0,900,熱容量,0,0,0,0,0,2026/04/01 20:36:25
翌日,20260401,更新後,北海道・本州間電力連系設備,2026/04/02,22:00,逆方向,-465.9,180.9,0,-615.0,-900,熱容量,0,0,0,0,0,2026/04/01 20:36:25
翌日,20260401,更新後,北海道・本州間電力連系設備,2026/04/02,22:30,順方向,500.6,169.4,0,230.0,900,熱容量,0,0,0,0,0,2026/04/01 20:36:25
翌日,20260401,更新後,北海道・本州間電力連系設備,2026/04/02,22:30,逆方向,-462.4,169.4,0,-607.0,-900,熱容量,0,0,0,0,0,2026/04/01 20:36:25
翌日,20260401,更新後,北海道・本州間電力連系設備,2026/04/02,23:00,順方向,479.9,190.1,0,230.0,900,熱容量,0,0,0,0,0,2026/04/01 20:36:25
翌日,20260401,更新後,北海道・本州間電力連系設備,2026/04/02,23:00,逆方向,-487.1,190.1,0,-603.0,-900,熱容量,0,0,0,0,0,2026/04/01 20:36:25
翌日,20260401,更新後,北海道・本州間電力連系設備,2026/04/02,23:30,順方向,416.5,253.5,0,230.0,900,熱容量,0,0,0,0,0,2026/04/01 20:36:25
翌日,20260401,更新後,北海道・本州間電力連系設備,2026/04/02,23:30,逆方向,-528.5,253.5,0,-625.0,-900,熱容量,0,0,0,0,0,2026/04/01 20:36:25
翌日,20260401,更新後,北海道・本州間電力連系設備,2026/04/02,24:00,順方向,433.1,236.9,0,230.0,900,熱容量,0,0,0,0,0,2026/04/01 20:36:25
翌日,20260401,更新後,北海道・本州間電力連系設備,2026/04/02,24:00,逆方向,-511.9,236.9,0,-625.0,-900,熱容量,0,0,0,0,0,2026/04/01 20:36:25
翌日,20260401,更新後,相馬双葉幹線,2026/04/02,00:30,順方向,396.9,3053.1,0,0.0,3450,熱容量（作業）,0,0,0,0,0,2026/04/01 20:36:25
翌日,20260401,更新後,相馬双葉幹線,2026/04/02,00:30,逆方向,-5273.1,3053.1,0,-140.0,-2360,熱容量,0,0,0,0,0,2026/04/01 20:36:25
翌日,20260401,更新後,相馬双葉幹線,2026/04/02,01:00,順方向,55.1,3394.9,0,0.0,3450,熱容量（作業）,0,0,0,0,0,2026/04/01 20:36:25
翌日,20260401,更新後,相馬双葉幹線,2026/04/02,01:00,逆方向,-5614.9,3394.9,0,-140.0,-2360,熱容量,0,0,0,0,0,2026/04/01 20:36:25
翌日,20260401,更新後,相馬双葉幹線,2026/04/02,01:30,順方向,38.3,3411.7,0,0.0,3450,熱容量（作業）,0,0,0,0,0,2026/04/01 20:36:25
翌日,20260401,更新後,相馬双葉幹線,2026/04/02,01:30,逆方向,-5631.7,3411.7,0,-140.0,-2360,熱容量,0,0,0,0,0,2026/04/01 20:36:25
翌日,20260401,更新後,相馬双葉幹線,2026/04/02,02:00,順方向,134.0,3316.0,0,0.0,3450,熱容量（作業）,0,0,0,0,0,2026/04/01 20:36:25
翌日,20260401,更新後,相馬双葉幹線,2026/04/02,02:00,逆方向,-5536.0,3316.0,0,-140.0,-2360,熱容量,0,0,0,0,0,2026/04/01 20:36:25
翌日,20260401,更新後,相馬双葉幹線,2026/04/02,02:30,順方向,342.1,3107.9,0,0.0,3450,熱容量（作業）,0,0,0,0,0,2026/04/01 20:36:25
翌日,20260401,更新後,相馬双葉幹線,2026/04/02,02:30,逆方向,-5332.9,3107.9,0,-135.0,-2360,熱容量,0,0,0,0,0,2026/04/01 20:36:25
翌日,20260401,更新後,相馬双葉幹線,2026/04/02,03:00,順方向,424.8,3025.2,0,0.0,3450,熱容量（作業）,0,0,0,0,0,2026/04/01 20:36:25
翌日,20260401,更新後,相馬双葉幹線,2026/04/02,03:00,逆方向,-5255.2,3025.2,0,-130.0,-2360,熱容量,0,0,0,0,0,2026/04/01 20:36:25
翌日,20260401,更新後,相馬双葉幹線,2026/04/02,03:30,順方向,341.1,3108.9,0,0.0,3450,熱容量（作業）,0,0,0,0,0,2026/04/01 20:36:25
翌日,20260401,更新後,相馬双葉幹線,2026/04/02,03:30,逆方向,-5339.9,3108.9,0,-129.0,-2360,熱容量,0,0,0,0,0,2026/04/01 20:36:25
翌日,20260401,更新後,相馬双葉幹線,2026/04/02,04:00,順方向,201.7,3248.3,0,0.0,3450,熱容量（作業）,0,0,0,0,0,2026/04/01 20:36:25
翌日,20260401,更新後,相馬双葉幹線,2026/04/02,04:00,逆方向,-5478.3,3248.3,0,-130.0,-2360,熱容量,0,0,0,0,0,2026/04/01 20:36:25
翌日,20260401,更新後,相馬双葉幹線,2026/04/02,04:30,順方向,357.0,3093.0,0,0.0,3450,熱容量（作業）,0,0,0,0,0,2026/04/01 20:36:25
翌日,20260401,更新後,相馬双葉幹線,2026/04/02,04:30,逆方向,-5319.0,3093.0,0,-134.0,-2360,熱容量,0,0,0,0,0,2026/04/01 20:36:25
翌日,20260401,更新後,相馬双葉幹線,2026/04/02,05:00,順方向,19.0,3431.0,0,0.0,3450,熱容量（作業）,0,0,0,0,0,2026/04/01 20:36:25
翌日,20260401,更新後,相馬双葉幹線,2026/04/02,05:00,逆方向,-5657.0,3431.0,0,-134.0,-2360,熱容量,0,0,0,0,0,2026/04/01 20:36:25
翌日,20260401,更新後,相馬双葉幹線,2026/04/02,05:30,順方向,179.4,3270.6,0,0.0,3450,熱容量（作業）,0,0,0,0,0,2026/04/01 20:36:25
翌日,20260401,更新後,相馬双葉幹線,2026/04/02,05:30,逆方向,-5496.6,3270.6,0,-134.0,-2360,熱容量,0,0,0,0,0,2026/04/01 20:36:25
翌日,20260401,更新後,相馬双葉幹線,2026/04/02,06:00,順方向,148.0,3302.0,0,0.0,3450,熱容量（作業）,0,0,0,0,0,2026/04/01 20:36:25
翌日,20260401,更新後,相馬双葉幹線,2026/04/02,06:00,逆方向,-5521.0,3302.0,0,-141.0,-2360,熱容量,0,0,0,0,0,2026/04/01 20:36:25
翌日,20260401,更新後,相馬双葉幹線,2026/04/02,06:30,順方向,59.6,3390.4,0,0.0,3450,熱容量（作業）,0,0,0,0,0,2026/04/01 20:36:25
翌日,20260401,更新後,相馬双葉幹線,2026/04/02,06:30,逆方向,-5546.4,3390.4,0,-204.0,-2360,熱容量,0,0,0,0,0,2026/04/01 20:36:25
翌日,20260401,更新後,相馬双葉幹線,2026/04/02,07:00,順方向,87.6,3362.4,0,0.0,3450,熱容量（作業）,0,0,0,0,0,2026/04/01 20:36:25
翌日,20260401,更新後,相馬双葉幹線,2026/04/02,07:00,逆方向,-5566.4,3362.4,0,-156.0,-2360,熱容量,0,0,0,0,0,2026/04/01 20:36:25
翌日,20260401,更新後,相馬双葉幹線,2026/04/02,07:30,順方向,130.9,3319.1,0,0.0,3450,熱容量（作業）,0,0,0,0,0,2026/04/01 20:36:25
翌日,20260401,更新後,相馬双葉幹線,2026/04/02,07:30,逆方向,-5604.498,3319.1,0,-74.602,-2360,熱容量,0,0,0,0,0,2026/04/01 20:36:25
翌日,20260401,更新後,相馬双葉幹線,2026/04/02,08:00,順方向,25.9,3424.1,0,0.0,3450,熱容量（作業）,0,0,0,0,0,2026/04/01 20:36:25
翌日,20260401,更新後,相馬双葉幹線,2026/04/02,08:00,逆方向,-5784.1,3424.1,0,0.0,-2360,熱容量,0,0,0,0,0,2026/04/01 20:36:25
翌日,20260401,更新後,相馬双葉幹線,2026/04/02,08:30,順方向,0.0,3550.0,0,0.0,3550,熱容量（作業）,0,0,0,0,0,2026/04/01 20:36:25
翌日,20260401,更新後,相馬双葉幹線,2026/04/02,08:30,逆方向,-5910.0,3550.0,0,0.0,-2360,熱容量,0,0,0,0,0,2026/04/01 20:36:25
翌日,20260401,更新後,相馬双葉幹線,2026/04/02,09:00,順方向,22.4,3527.6,0,0.0,3550,熱容量（作業）,0,0,0,0,0,2026/04/01 20:36:25
翌日,20260401,更新後,相馬双葉幹線,2026/04/02,09:00,逆方向,-5887.6,3527.6,0,0.0,-2360,熱容量,0,0,0,0,0,2026/04/01 20:36:25
翌日,20260401,更新後,相馬双葉幹線,2026/04/02,09:30,順方向,324.6,3225.4,0,0.0,3550,熱容量（作業）,0,0,0,0,0,2026/04/01 20:36:25
翌日,20260401,更新後,相馬双葉幹線,2026/04/02,09:30,逆方向,-5585.4,3225.4,0,0.0,-2360,熱容量,0,0,0,0,0,2026/04/01 20:36:25
翌日,20260401,更新後,相馬双葉幹線,2026/04/02,10:00,順方向,161.3,3388.7,0,0.0,3550,熱容量（作業）,0,0,0,0,0,2026/04/01 20:36:25
翌日,20260401,更新後,相馬双葉幹線,2026/04/02,10:00,逆方向,-5748.7,3388.7,0,0.0,-2360,熱容量,0,0,0,0,0,2026/04/01 20:36:25
翌日,20260401,更新後,相馬双葉幹線,2026/04/02,10:30,順方向,0.0,3550.0,0,0.0,3550,熱容量（作業）,0,0,0,0,0,2026/04/01 20:36:25
翌日,20260401,更新後,相馬双葉幹線,2026/04/02,10:30,逆方向,-5779.0,3550.0,0,-131.0,-2360,熱容量,0,0,0,0,0,2026/04/01 20:36:25
翌日,20260401,更新後,相馬双葉幹線,2026/04/02,11:00,順方向,13.8,3536.2,0,0.0,3550,熱容量（作業）,0,0,0,0,0,2026/04/01 20:36:25
翌日,20260401,更新後,相馬双葉幹線,2026/04/02,11:00,逆方向,-5896.2,3536.2,0,0.0,-2360,熱容量,0,0,0,0,0,2026/04/01 20:36:25
翌日,20260401,更新後,相馬双葉幹線,2026/04/02,11:30,順方向,0.0,3550.0,0,0.0,3550,熱容量（作業）,0,0,0,0,0,2026/04/01 20:36:25
翌日,20260401,更新後,相馬双葉幹線,2026/04/02,11:30,逆方向,-5905.2,3550.0,0,-4.8,-2360,熱容量,0,0,0,0,0,2026/04/01 20:36:25
翌日,20260401,更新後,相馬双葉幹線,2026/04/02,12:00,順方向,0.0,3550.0,0,0.0,3550,熱容量（作業）,0,0,0,0,0,2026/04/01 20:36:25
翌日,20260401,更新後,相馬双葉幹線,2026/04/02,12:00,逆方向,-5910.0,3550.0,0,0.0,-2360,熱容量,0,0,0,0,0,2026/04/01 20:36:25
翌日,20260401,更新後,相馬双葉幹線,2026/04/02,12:30,順方向,0.0,3550.0,0,0.0,3550,熱容量（作業）,0,0,0,0,0,2026/04/01 20:36:25
翌日,20260401,更新後,相馬双葉幹線,2026/04/02,12:30,逆方向,-5910.0,3550.0,0,0.0,-2360,熱容量,0,0,0,0,0,2026/04/01 20:36:25
翌日,20260401,更新後,相馬双葉幹線,2026/04/02,13:00,順方向,0.0,3550.0,0,0.0,3550,熱容量（作業）,0,0,0,0,0,2026/04/01 20:36:25
翌日,20260401,更新後,相馬双葉幹線,2026/04/02,13:00,逆方向,-5908.5,3550.0,0,-1.5,-2360,熱容量,0,0,0,0,0,2026/04/01 20:36:25
翌日,20260401,更新後,相馬双葉幹線,2026/04/02,13:30,順方向,0.0,3550.0,0,0.0,3550,熱容量（作業）,0,0,0,0,0,2026/04/01 20:36:25
翌日,20260401,更新後,相馬双葉幹線,2026/04/02,13:30,逆方向,-5910.0,3550.0,0,0.0,-2360,熱容量,0,0,0,0,0,2026/04/01 20:36:25
翌日,20260401,更新後,相馬双葉幹線,2026/04/02,14:00,順方向,0.0,3550.0,0,0.0,3550,熱容量（作業）,0,0,0,0,0,2026/04/01 20:36:25
翌日,20260401,更新後,相馬双葉幹線,2026/04/02,14:00,逆方向,-5910.0,3550.0,0,0.0,-2360,熱容量,0,0,0,0,0,2026/04/01 20:36:25
翌日,20260401,更新後,相馬双葉幹線,2026/04/02,14:30,順方向,151.8,3398.2,0,0.0,3550,熱容量（作業）,0,0,0,0,0,2026/04/01 20:36:25
翌日,20260401,更新後,相馬双葉幹線,2026/04/02,14:30,逆方向,-5694.244,3398.2,0,-63.956,-2360,熱容量,0,0,0,0,0,2026/04/01 20:36:25
翌日,20260401,更新後,相馬双葉幹線,2026/04/02,15:00,順方向,512.7,3037.3,0,0.0,3550,熱容量（作業）,0,0,0,0,0,2026/04/01 20:36:25
翌日,20260401,更新後,相馬双葉幹線,2026/04/02,15:00,逆方向,-5397.3,3037.3,0,0.0,-2360,熱容量,0,0,0,0,0,2026/04/01 20:36:25
翌日,20260401,更新後,相馬双葉幹線,2026/04/02,15:30,順方向,0.0,3550.0,0,0.0,3550,熱容量（作業）,0,0,0,0,0,2026/04/01 20:36:25
翌日,20260401,更新後,相馬双葉幹線,2026/04/02,15:30,逆方向,-5751.534,3550.0,0,-158.466,-2360,熱容量,0,0,0,0,0,2026/04/01 20:36:25
翌日,20260401,更新後,相馬双葉幹線,2026/04/02,16:00,順方向,348.5,3201.5,0,0.0,3550,熱容量（作業）,0,0,0,0,0,2026/04/01 20:36:25
翌日,20260401,更新後,相馬双葉幹線,2026/04/02,16:00,逆方向,-5420.978,3201.5,0,-140.522,-2360,熱容量,0,0,0,0,0,2026/04/01 20:36:25
翌日,20260401,更新後,相馬双葉幹線,2026/04/02,16:30,順方向,635.5,2914.5,0,0.0,3550,熱容量（作業）,0,0,0,0,0,2026/04/01 20:36:25
翌日,20260401,更新後,相馬双葉幹線,2026/04/02,16:30,逆方向,-5274.5,2914.5,0,0.0,-2360,熱容量,0,0,0,0,0,2026/04/01 20:36:25
翌日,20260401,更新後,相馬双葉幹線,2026/04/02,17:00,順方向,261.9,3288.1,0,0.0,3550,熱容量（作業）,0,0,0,0,0,2026/04/01 20:36:25
翌日,20260401,更新後,相馬双葉幹線,2026/04/02,17:00,逆方向,-5609.1,3288.1,0,-39.0,-2360,熱容量,0,0,0,0,0,2026/04/01 20:36:25
翌日,20260401,更新後,相馬双葉幹線,2026/04/02,17:30,順方向,388.1,3161.9,0,0.0,3550,熱容量（作業）,0,0,0,0,0,2026/04/01 20:36:25
翌日,20260401,更新後,相馬双葉幹線,2026/04/02,17:30,逆方向,-5366.9,3161.9,0,-155.0,-2360,熱容量,0,0,0,0,0,2026/04/01 20:36:25
翌日,20260401,更新後,相馬双葉幹線,2026/04/02,18:00,順方向,947.7,2602.3,0,0.0,3550,熱容量（作業）,0,0,0,0,0,2026/04/01 20:36:25
翌日,20260401,更新後,相馬双葉幹線,2026/04/02,18:00,逆方向,-4852.216,2602.3,0,-110.084,-2360,熱容量,0,0,0,0,0,2026/04/01 20:36:25
翌日,20260401,更新後,相馬双葉幹線,2026/04/02,18:30,順方向,1009.8,2540.2,0,0.0,3550,熱容量（作業）,0,0,0,0,0,2026/04/01 20:36:25
翌日,20260401,更新後,相馬双葉幹線,2026/04/02,18:30,逆方向,-4815.2,2540.2,0,-85.0,-2360,熱容量,0,0,0,0,0,2026/04/01 20:36:25
翌日,20260401,更新後,相馬双葉幹線,2026/04/02,19:00,順方向,921.2,2628.8,0,0.0,3550,熱容量（作業）,0,0,0,0,0,2026/04/01 20:36:25
翌日,20260401,更新後,相馬双葉幹線,2026/04/02,19:00,逆方向,-4903.8,2628.8,0,-85.0,-2360,熱容量,0,0,0,0,0,2026/04/01 20:36:25
翌日,20260401,更新後,相馬双葉幹線,2026/04/02,19:30,順方向,374.2,3175.8,0,0.0,3550,熱容量（作業）,0,0,0,0,0,2026/04/01 20:36:25
翌日,20260401,更新後,相馬双葉幹線,2026/04/02,19:30,逆方向,-5360.44,3175.8,0,-175.36,-2360,熱容量,0,0,0,0,0,2026/04/01 20:36:25
翌日,20260401,更新後,相馬双葉幹線,2026/04/02,20:00,順方向,354.3,3195.7,0,0.0,3550,熱容量（作業）,0,0,0,0,0,2026/04/01 20:36:25
翌日,20260401,更新後,相馬双葉幹線,2026/04/02,20:00,逆方向,-5450.7,3195.7,0,-105.0,-2360,熱容量,0,0,0,0,0,2026/04/01 20:36:25
翌日,20260401,更新後,相馬双葉幹線,2026/04/02,20:30,順方向,353.6,3196.4,0,0.0,3550,熱容量（作業）,0,0,0,0,0,2026/04/01 20:36:25
翌日,20260401,更新後,相馬双葉幹線,2026/04/02,20:30,逆方向,-5468.4,3196.4,0,-88.0,-2360,熱容量,0,0,0,0,0,2026/04/01 20:36:25
翌日,20260401,更新後,相馬双葉幹線,2026/04/02,21:00,順方向,559.1,2990.9,0,0.0,3550,熱容量（作業）,0,0,0,0,0,2026/04/01 20:36:25
翌日,20260401,更新後,相馬双葉幹線,2026/04/02,21:00,逆方向,-5334.9,2990.9,0,-16.0,-2360,熱容量,0,0,0,0,0,2026/04/01 20:36:25
翌日,20260401,更新後,相馬双葉幹線,2026/04/02,21:30,順方向,0.0,3550.0,0,0.0,3550,熱容量（作業）,0,0,0,0,0,2026/04/01 20:36:25
翌日,20260401,更新後,相馬双葉幹線,2026/04/02,21:30,逆方向,-5910.0,3550.0,0,0.0,-2360,熱容量,0,0,0,0,0,2026/04/01 20:36:25
翌日,20260401,更新後,相馬双葉幹線,2026/04/02,22:00,順方向,0.0,3550.0,0,0.0,3550,熱容量（作業）,0,0,0,0,0,2026/04/01 20:36:25
翌日,20260401,更新後,相馬双葉幹線,2026/04/02,22:00,逆方向,-5901.0,3550.0,0,-9.0,-2360,熱容量,0,0,0,0,0,2026/04/01 20:36:25
翌日,20260401,更新後,相馬双葉幹線,2026/04/02,22:30,順方向,0.0,3450.0,0,0.0,3450,熱容量（作業）,0,0,0,0,0,2026/04/01 20:36:25
翌日,20260401,更新後,相馬双葉幹線,2026/04/02,22:30,逆方向,-5713.0,3450.0,0,-97.0,-2360,熱容量,0,0,0,0,0,2026/04/01 20:36:25
翌日,20260401,更新後,相馬双葉幹線,2026/04/02,23:00,順方向,0.0,3450.0,0,0.0,3450,熱容量（作業）,0,0,0,0,0,2026/04/01 20:36:25
翌日,20260401,更新後,相馬双葉幹線,2026/04/02,23:00,逆方向,-5799.649,3450.0,0,-10.351,-2360,熱容量,0,0,0,0,0,2026/04/01 20:36:25
翌日,20260401,更新後,相馬双葉幹線,2026/04/02,23:30,順方向,0.3,3449.7,0,0.0,3450,熱容量（作業）,0,0,0,0,0,2026/04/01 20:36:25
翌日,20260401,更新後,相馬双葉幹線,2026/04/02,23:30,逆方向,-5706.7,3449.7,0,-103.0,-2360,熱容量,0,0,0,0,0,2026/04/01 20:36:25
翌日,20260401,更新後,相馬双葉幹線,2026/04/02,24:00,順方向,711.2,2738.8,0,0.0,3450,熱容量（作業）,0,0,0,0,0,2026/04/01 20:36:25
翌日,20260401,更新後,相馬双葉幹線,2026/04/02,24:00,逆方向,-4881.8,2738.8,0,-217.0,-2360,熱容量,0,0,0,0,0,2026/04/01 20:36:25
翌日,20260401,更新後,周波数変換設備,2026/04/02,00:30,順方向,33.8,866.2,0,600.0,1500,熱容量（作業）,0,0,0,0,0,2026/04/01 20:36:25
翌日,20260401,更新後,周波数変換設備,2026/04/02,00:30,逆方向,-1675.863,866.2,0,-690.337,-1500,熱容量（作業）,0,0,0,0,0,2026/04/01 20:36:25
翌日,20260401,更新後,周波数変換設備,2026/04/02,01:00,順方向,14.1,885.9,0,600.0,1500,熱容量（作業）,0,0,0,0,0,2026/04/01 20:36:25
翌日,20260401,更新後,周波数変換設備,2026/04/02,01:00,逆方向,-1690.848,885.9,0,-695.052,-1500,熱容量（作業）,0,0,0,0,0,2026/04/01 20:36:25
翌日,20260401,更新後,周波数変換設備,2026/04/02,01:30,順方向,0.4,899.6,0,600.0,1500,熱容量（作業）,0,0,0,0,0,2026/04/01 20:36:25
翌日,20260401,更新後,周波数変換設備,2026/04/02,01:30,逆方向,-1700.532,899.6,0,-699.068,-1500,熱容量（作業）,0,0,0,0,0,2026/04/01 20:36:25
翌日,20260401,更新後,周波数変換設備,2026/04/02,02:00,順方向,0.0,900.0,0,600.0,1500,熱容量（作業）,0,0,0,0,0,2026/04/01 20:36:25
翌日,20260401,更新後,周波数変換設備,2026/04/02,02:00,逆方向,-1675.302,900.0,0,-724.698,-1500,熱容量（作業）,0,0,0,0,0,2026/04/01 20:36:25
翌日,20260401,更新後,周波数変換設備,2026/04/02,02:30,順方向,0.0,900.0,0,600.0,1500,熱容量（作業）,0,0,0,0,0,2026/04/01 20:36:25
翌日,20260401,更新後,周波数変換設備,2026/04/02,02:30,逆方向,-1694.45,900.0,0,-705.55,-1500,熱容量（作業）,0,0,0,0,0,2026/04/01 20:36:25
翌日,20260401,更新後,周波数変換設備,2026/04/02,03:00,順方向,0.0,900.0,0,600.0,1500,熱容量（作業）,0,0,0,0,0,2026/04/01 20:36:25
翌日,20260401,更新後,周波数変換設備,2026/04/02,03:00,逆方向,-1700.468,900.0,0,-699.532,-1500,熱容量（作業）,0,0,0,0,0,2026/04/01 20:36:25
翌日,20260401,更新後,周波数変換設備,2026/04/02,03:30,順方向,0.0,900.0,0,600.0,1500,熱容量（作業）,0,0,0,0,0,2026/04/01 20:36:25
翌日,20260401,更新後,周波数変換設備,2026/04/02,03:30,逆方向,-1742.962,900.0,0,-657.038,-1500,熱容量（作業）,0,0,0,0,0,2026/04/01 20:36:25
翌日,20260401,更新後,周波数変換設備,2026/04/02,04:00,順方向,0.0,900.0,0,600.0,1500,熱容量（作業）,0,0,0,0,0,2026/04/01 20:36:25
翌日,20260401,更新後,周波数変換設備,2026/04/02,04:00,逆方向,-1745.826,900.0,0,-654.174,-1500,熱容量（作業）,0,0,0,0,0,2026/04/01 20:36:25
翌日,20260401,更新後,周波数変換設備,2026/04/02,04:30,順方向,0.0,900.0,0,600.0,1500,熱容量（作業）,0,0,0,0,0,2026/04/01 20:36:25
翌日,20260401,更新後,周波数変換設備,2026/04/02,04:30,逆方向,-1800.0,900.0,0,-600.0,-1500,熱容量（作業）,0,0,0,0,0,2026/04/01 20:36:25
翌日,20260401,更新後,周波数変換設備,2026/04/02,05:00,順方向,0.0,900.0,0,600.0,1500,熱容量（作業）,0,0,0,0,0,2026/04/01 20:36:25
翌日,20260401,更新後,周波数変換設備,2026/04/02,05:00,逆方向,-1733.8,900.0,0,-666.2,-1500,熱容量（作業）,0,0,0,0,0,2026/04/01 20:36:25
翌日,20260401,更新後,周波数変換設備,2026/04/02,05:30,順方向,0.0,900.0,0,600.0,1500,熱容量（作業）,0,0,0,0,0,2026/04/01 20:36:25
翌日,20260401,更新後,周波数変換設備,2026/04/02,05:30,逆方向,-1719.881,900.0,0,-680.119,-1500,熱容量（作業）,0,0,0,0,0,2026/04/01 20:36:25
翌日,20260401,更新後,周波数変換設備,2026/04/02,06:00,順方向,0.0,900.0,0,600.0,1500,熱容量（作業）,0,0,0,0,0,2026/04/01 20:36:25
翌日,20260401,更新後,周波数変換設備,2026/04/02,06:00,逆方向,-1624.466,900.0,0,-775.534,-1500,熱容量（作業）,0,0,0,0,0,2026/04/01 20:36:25
翌日,20260401,更新後,周波数変換設備,2026/04/02,06:30,順方向,97.8,802.2,0,600.0,1500,熱容量（作業）,0,0,0,0,0,2026/04/01 20:36:25
翌日,20260401,更新後,周波数変換設備,2026/04/02,06:30,逆方向,-1526.243,802.2,0,-775.957,-1500,熱容量（作業）,0,0,0,0,0,2026/04/01 20:36:25
翌日,20260401,更新後,周波数変換設備,2026/04/02,07:00,順方向,196.9,703.1,0,600.0,1500,熱容量（作業）,0,0,0,0,0,2026/04/01 20:36:25
翌日,20260401,更新後,周波数変換設備,2026/04/02,07:00,逆方向,-975.132,703.1,0,-1227.968,-1500,熱容量（作業）,0,0,0,0,0,2026/04/01 20:36:25
翌日,20260401,更新後,周波数変換設備,2026/04/02,07:30,順方向,960.7,-60.7,0,600.0,1500,熱容量（作業）,0,0,0,0,0,2026/04/01 20:36:25
翌日,20260401,更新後,周波数変換設備,2026/04/02,07:30,逆方向,-635.757,-60.7,0,-803.543,-1500,熱容量（作業）,0,0,0,0,0,2026/04/01 20:36:25
翌日,20260401,更新後,周波数変換設備,2026/04/02,08:00,順方向,1464.0,-581.7,0,617.7,1500,熱容量（作業）,0,0,0,0,0,2026/04/01 20:36:25
翌日,20260401,更新後,周波数変換設備,2026/04/02,08:00,逆方向,-318.3,-581.7,0,-600.0,-1500,熱容量（作業）,0,0,0,0,0,2026/04/01 20:36:25
翌日,20260401,更新後,周波数変換設備,2026/04/02,08:30,順方向,1800.0,-900.0,0,600.0,1500,熱容量（作業）,0,0,0,0,0,2026/04/01 20:36:25
翌日,20260401,更新後,周波数変換設備,2026/04/02,08:30,逆方向,0.0,-900.0,0,-600.0,-1500,熱容量（作業）,0,0,0,0,0,2026/04/01 20:36:25
翌日,20260401,更新後,周波数変換設備,2026/04/02,09:00,順方向,1800.0,-900.0,0,600.0,1500,熱容量（作業）,0,0,0,0,0,2026/04/01 20:36:25
翌日,20260401,更新後,周波数変換設備,2026/04/02,09:00,逆方向,0.0,-900.0,0,-600.0,-1500,熱容量（作業）,0,0,0,0,0,2026/04/01 20:36:25
翌日,20260401,更新後,周波数変換設備,2026/04/02,09:30,順方向,1800.0,-900.0,0,600.0,1500,熱容量（作業）,0,0,0,0,0,2026/04/01 20:36:25
翌日,20260401,更新後,周波数変換設備,2026/04/02,09:30,逆方向,0.0,-900.0,0,-600.0,-1500,熱容量（作業）,0,0,0,0,0,2026/04/01 20:36:25
翌日,20260401,更新後,周波数変換設備,2026/04/02,10:00,順方向,1665.672,-900.0,0,734.328,1500,熱容量（作業）,0,0,0,0,0,2026/04/01 20:36:25
翌日,20260401,更新後,周波数変換設備,2026/04/02,10:00,逆方向,0.0,-900.0,0,-600.0,-1500,熱容量（作業）,0,0,0,0,0,2026/04/01 20:36:25
翌日,20260401,更新後,周波数変換設備,2026/04/02,10:30,順方向,1672.0,-900.0,0,728.0,1500,熱容量（作業）,0,0,0,0,0,2026/04/01 20:36:25
翌日,20260401,更新後,周波数変換設備,2026/04/02,10:30,逆方向,0.0,-900.0,0,-600.0,-1500,熱容量（作業）,0,0,0,0,0,2026/04/01 20:36:25
翌日,20260401,更新後,周波数変換設備,2026/04/02,11:00,順方向,1597.281,-900.0,0,802.719,1500,熱容量（作業）,0,0,0,0,0,2026/04/01 20:36:25
翌日,20260401,更新後,周波数変換設備,2026/04/02,11:00,逆方向,0.0,-900.0,0,-600.0,-1500,熱容量（作業）,0,0,0,0,0,2026/04/01 20:36:25
翌日,20260401,更新後,周波数変換設備,2026/04/02,11:30,順方向,1643.0,-900.0,0,757.0,1500,熱容量（作業）,0,0,0,0,0,2026/04/01 20:36:25
翌日,20260401,更新後,周波数変換設備,2026/04/02,11:30,逆方向,0.0,-900.0,0,-600.0,-1500,熱容量（作業）,0,0,0,0,0,2026/04/01 20:36:25
翌日,20260401,更新後,周波数変換設備,2026/04/02,12:00,順方向,1752.001,-900.0,0,647.999,1500,熱容量（作業）,0,0,0,0,0,2026/04/01 20:36:25
翌日,20260401,更新後,周波数変換設備,2026/04/02,12:00,逆方向,0.0,-900.0,0,-600.0,-1500,熱容量（作業）,0,0,0,0,0,2026/04/01 20:36:25
翌日,20260401,更新後,周波数変換設備,2026/04/02,12:30,順方向,1633.427,-900.0,0,766.573,1500,熱容量（作業）,0,0,0,0,0,2026/04/01 20:36:25
翌日,20260401,更新後,周波数変換設備,2026/04/02,12:30,逆方向,0.0,-900.0,0,-600.0,-1500,熱容量（作業）,0,0,0,0,0,2026/04/01 20:36:25
翌日,20260401,更新後,周波数変換設備,2026/04/02,13:00,順方向,1681.559,-900.0,0,718.441,1500,熱容量（作業）,0,0,0,0,0,2026/04/01 20:36:25
翌日,20260401,更新後,周波数変換設備,2026/04/02,13:00,逆方向,0.0,-900.0,0,-600.0,-1500,熱容量（作業）,0,0,0,0,0,2026/04/01 20:36:25
翌日,20260401,更新後,周波数変換設備,2026/04/02,13:30,順方向,1665.189,-900.0,0,734.811,1500,熱容量（作業）,0,0,0,0,0,2026/04/01 20:36:25
翌日,20260401,更新後,周波数変換設備,2026/04/02,13:30,逆方向,0.0,-900.0,0,-600.0,-1500,熱容量（作業）,0,0,0,0,0,2026/04/01 20:36:25
翌日,20260401,更新後,周波数変換設備,2026/04/02,14:00,順方向,1655.299,-900.0,0,744.701,1500,熱容量（作業）,0,0,0,0,0,2026/04/01 20:36:25
翌日,20260401,更新後,周波数変換設備,2026/04/02,14:00,逆方向,0.0,-900.0,0,-600.0,-1500,熱容量（作業）,0,0,0,0,0,2026/04/01 20:36:25
翌日,20260401,更新後,周波数変換設備,2026/04/02,14:30,順方向,1797.5,-900.0,0,602.5,1500,熱容量（作業）,0,0,0,0,0,2026/04/01 20:36:25
翌日,20260401,更新後,周波数変換設備,2026/04/02,14:30,逆方向,0.0,-900.0,0,-600.0,-1500,熱容量（作業）,0,0,0,0,0,2026/04/01 20:36:25
翌日,20260401,更新後,周波数変換設備,2026/04/02,15:00,順方向,1764.748,-900.0,0,635.252,1500,熱容量（作業）,0,0,0,0,0,2026/04/01 20:36:25
翌日,20260401,更新後,周波数変換設備,2026/04/02,15:00,逆方向,0.0,-900.0,0,-600.0,-1500,熱容量（作業）,0,0,0,0,0,2026/04/01 20:36:25
翌日,20260401,更新後,周波数変換設備,2026/04/02,15:30,順方向,1800.0,-900.0,0,600.0,1500,熱容量（作業）,0,0,0,0,0,2026/04/01 20:36:25
翌日,20260401,更新後,周波数変換設備,2026/04/02,15:30,逆方向,0.0,-900.0,0,-600.0,-1500,熱容量（作業）,0,0,0,0,0,2026/04/01 20:36:25
翌日,20260401,更新後,周波数変換設備,2026/04/02,16:00,順方向,1771.746,-900.0,0,628.254,1500,熱容量（作業）,0,0,0,0,0,2026/04/01 20:36:25
翌日,20260401,更新後,周波数変換設備,2026/04/02,16:00,逆方向,0.0,-900.0,0,-600.0,-1500,熱容量（作業）,0,0,0,0,0,2026/04/01 20:36:25
翌日,20260401,更新後,周波数変換設備,2026/04/02,16:30,順方向,1668.672,-900.0,0,731.328,1500,熱容量（作業）,0,0,0,0,0,2026/04/01 20:36:25
翌日,20260401,更新後,周波数変換設備,2026/04/02,16:30,逆方向,0.0,-900.0,0,-600.0,-1500,熱容量（作業）,0,0,0,0,0,2026/04/01 20:36:25
翌日,20260401,更新後,周波数変換設備,2026/04/02,17:00,順方向,1554.073,-802.5,0,748.427,1500,熱容量（作業）,0,0,0,0,0,2026/04/01 20:36:25
翌日,20260401,更新後,周波数変換設備,2026/04/02,17:00,逆方向,-97.5,-802.5,0,-600.0,-1500,熱容量（作業）,0,0,0,0,0,2026/04/01 20:36:25
翌日,20260401,更新後,周波数変換設備,2026/04/02,17:30,順方向,509.3,390.7,0,600.0,1500,熱容量（作業）,0,0,0,0,0,2026/04/01 20:36:25
翌日,20260401,更新後,周波数変換設備,2026/04/02,17:30,逆方向,-1026.396,390.7,0,-864.304,-1500,熱容量（作業）,0,0,0,0,0,2026/04/01 20:36:25
翌日,20260401,更新後,周波数変換設備,2026/04/02,18:00,順方向,1591.5,-462.5,0,671.0,1800,熱容量（作業）,0,0,0,0,0,2026/04/01 20:36:25
翌日,20260401,更新後,周波数変換設備,2026/04/02,18:00,逆方向,-619.434,-462.5,0,-718.066,-1800,熱容量（作業）,0,0,0,0,0,2026/04/01 20:36:25
翌日,20260401,更新後,周波数変換設備,2026/04/02,18:30,順方向,1623.4,-423.4,0,600.0,1800,熱容量（作業）,0,0,0,0,0,2026/04/01 20:36:25
翌日,20260401,更新後,周波数変換設備,2026/04/02,18:30,逆方向,-688.204,-423.4,0,-688.396,-1800,熱容量（作業）,0,0,0,0,0,2026/04/01 20:36:25
翌日,20260401,更新後,周波数変換設備,2026/04/02,19:00,順方向,1432.4,-232.4,0,600.0,1800,熱容量（作業）,0,0,0,0,0,2026/04/01 20:36:25
翌日,20260401,更新後,周波数変換設備,2026/04/02,19:00,逆方向,-770.83,-232.4,0,-796.77,-1800,熱容量（作業）,0,0,0,0,0,2026/04/01 20:36:25
翌日,20260401,更新後,周波数変換設備,2026/04/02,19:30,順方向,420.5,779.5,0,600.0,1800,熱容量（作業）,0,0,0,0,0,2026/04/01 20:36:25
翌日,20260401,更新後,周波数変換設備,2026/04/02,19:30,逆方向,-1687.424,779.5,0,-892.076,-1800,熱容量（作業）,0,0,0,0,0,2026/04/01 20:36:25
翌日,20260401,更新後,周波数変換設備,2026/04/02,20:00,順方向,80.0,1120.0,0,600.0,1800,熱容量（作業）,0,0,0,0,0,2026/04/01 20:36:25
翌日,20260401,更新後,周波数変換設備,2026/04/02,20:00,逆方向,-2010.9,1120.0,0,-909.1,-1800,熱容量（作業）,0,0,0,0,0,2026/04/01 20:36:25
翌日,20260401,更新後,周波数変換設備,2026/04/02,20:30,順方向,108.4,1091.6,0,600.0,1800,熱容量（作業）,0,0,0,0,0,2026/04/01 20:36:25
翌日,20260401,更新後,周波数変換設備,2026/04/02,20:30,逆方向,-1968.623,1091.6,0,-922.977,-1800,熱容量（作業）,0,0,0,0,0,2026/04/01 20:36:25
翌日,20260401,更新後,周波数変換設備,2026/04/02,21:00,順方向,147.1,1052.9,0,600.0,1800,熱容量（作業）,0,0,0,0,0,2026/04/01 20:36:25
翌日,20260401,更新後,周波数変換設備,2026/04/02,21:00,逆方向,-1943.81,1052.9,0,-909.09,-1800,熱容量（作業）,0,0,0,0,0,2026/04/01 20:36:25
翌日,20260401,更新後,周波数変換設備,2026/04/02,21:30,順方向,607.3,592.7,0,600.0,1800,熱容量（作業）,0,0,0,0,0,2026/04/01 20:36:25
翌日,20260401,更新後,周波数変換設備,2026/04/02,21:30,逆方向,-1495.096,592.7,0,-897.604,-1800,熱容量（作業）,0,0,0,0,0,2026/04/01 20:36:25
翌日,20260401,更新後,周波数変換設備,2026/04/02,22:00,順方向,1257.6,-57.6,0,600.0,1800,熱容量（作業）,0,0,0,0,0,2026/04/01 20:36:25
翌日,20260401,更新後,周波数変換設備,2026/04/02,22:00,逆方向,-807.423,-57.6,0,-934.977,-1800,熱容量（作業）,0,0,0,0,0,2026/04/01 20:36:25
翌日,20260401,更新後,周波数変換設備,2026/04/02,22:30,順方向,1029.6,170.4,0,600.0,1800,熱容量（作業）,0,0,0,0,0,2026/04/01 20:36:25
翌日,20260401,更新後,周波数変換設備,2026/04/02,22:30,逆方向,-879.342,170.4,0,-1091.058,-1800,熱容量（作業）,0,0,0,0,0,2026/04/01 20:36:25
翌日,20260401,更新後,周波数変換設備,2026/04/02,23:00,順方向,780.2,419.8,0,600.0,1800,熱容量（作業）,0,0,0,0,0,2026/04/01 20:36:25
翌日,20260401,更新後,周波数変換設備,2026/04/02,23:00,逆方向,-1287.057,419.8,0,-932.743,-1800,熱容量（作業）,0,0,0,0,0,2026/04/01 20:36:25
翌日,20260401,更新後,周波数変換設備,2026/04/02,23:30,順方向,414.4,785.6,0,600.0,1800,熱容量（作業）,0,0,0,0,0,2026/04/01 20:36:25
翌日,20260401,更新後,周波数変換設備,2026/04/02,23:30,逆方向,-1614.623,785.6,0,-970.977,-1800,熱容量（作業）,0,0,0,0,0,2026/04/01 20:36:25
翌日,20260401,更新後,周波数変換設備,2026/04/02,24:00,順方向,491.3,708.7,0,600.0,1800,熱容量（作業）,0,0,0,0,0,2026/04/01 20:36:25
翌日,20260401,更新後,周波数変換設備,2026/04/02,24:00,逆方向,-1487.586,708.7,0,-1021.114,-1800,熱容量（作業）,0,0,0,0,0,2026/04/01 20:36:25
翌日,20260401,更新後,西播東岡山線・山崎智頭線,2026/04/02,00:30,順方向,6572.217,-2276.2,0,303.983,4600,電圧,0,0,0,0,0,2026/04/01 20:36:25
翌日,20260401,更新後,西播東岡山線・山崎智頭線,2026/04/02,00:30,逆方向,-2047.242,-2452.758,0,0.0,-4500,電圧,0,0,0,0,0,2026/04/01 20:36:25
翌日,20260401,更新後,西播東岡山線・山崎智頭線,2026/04/02,01:00,順方向,6175.607,-1979.864,0,404.257,4600,電圧,0,0,0,0,0,2026/04/01 20:36:25
翌日,20260401,更新後,西播東岡山線・山崎智頭線,2026/04/02,01:00,逆方向,-2289.44,-2210.56,0,0.0,-4500,電圧,0,0,0,0,0,2026/04/01 20:36:25
翌日,20260401,更新後,西播東岡山線・山崎智頭線,2026/04/02,01:30,順方向,6098.685,-1882.534,0,383.849,4600,電圧,0,0,0,0,0,2026/04/01 20:36:25
翌日,20260401,更新後,西播東岡山線・山崎智頭線,2026/04/02,01:30,逆方向,-2447.152,-2052.848,0,0.0,-4500,電圧,0,0,0,0,0,2026/04/01 20:36:25
翌日,20260401,更新後,西播東岡山線・山崎智頭線,2026/04/02,02:00,順方向,6064.556,-1844.872,0,380.316,4600,電圧,0,0,0,0,0,2026/04/01 20:36:25
翌日,20260401,更新後,西播東岡山線・山崎智頭線,2026/04/02,02:00,逆方向,-2374.266,-2125.734,0,0.0,-4500,電圧,0,0,0,0,0,2026/04/01 20:36:25
翌日,20260401,更新後,西播東岡山線・山崎智頭線,2026/04/02,02:30,順方向,6195.384,-1959.446,0,364.062,4600,電圧,0,0,0,0,0,2026/04/01 20:36:25
翌日,20260401,更新後,西播東岡山線・山崎智頭線,2026/04/02,02:30,逆方向,-2248.756,-2251.244,0,0.0,-4500,電圧,0,0,0,0,0,2026/04/01 20:36:25
翌日,20260401,更新後,西播東岡山線・山崎智頭線,2026/04/02,03:00,順方向,6669.353,-2431.42,0,362.067,4600,電圧,0,0,0,0,0,2026/04/01 20:36:25
翌日,20260401,更新後,西播東岡山線・山崎智頭線,2026/04/02,03:00,逆方向,-1783.186,-2716.814,0,0.0,-4500,電圧,0,0,0,0,0,2026/04/01 20:36:25
翌日,20260401,更新後,西播東岡山線・山崎智頭線,2026/04/02,03:30,順方向,6651.896,-2359.738,0,307.842,4600,電圧,0,0,0,0,0,2026/04/01 20:36:25
翌日,20260401,更新後,西播東岡山線・山崎智頭線,2026/04/02,03:30,逆方向,-1912.35,-2587.65,0,0.0,-4500,電圧,0,0,0,0,0,2026/04/01 20:36:25
翌日,20260401,更新後,西播東岡山線・山崎智頭線,2026/04/02,04:00,順方向,6593.724,-2193.126,0,199.402,4600,電圧,0,0,0,0,0,2026/04/01 20:36:25
翌日,20260401,更新後,西播東岡山線・山崎智頭線,2026/04/02,04:00,逆方向,-1831.296,-2668.704,0,0.0,-4500,電圧,0,0,0,0,0,2026/04/01 20:36:25
翌日,20260401,更新後,西播東岡山線・山崎智頭線,2026/04/02,04:30,順方向,6769.428,-2331.966,0,162.538,4600,電圧,0,0,0,0,0,2026/04/01 20:36:25
翌日,20260401,更新後,西播東岡山線・山崎智頭線,2026/04/02,04:30,逆方向,-1666.497,-2786.928,0,-46.575,-4500,電圧,0,0,0,0,0,2026/04/01 20:36:25
翌日,20260401,更新後,西播東岡山線・山崎智頭線,2026/04/02,05:00,順方向,6471.892,-2280.294,0,408.402,4600,電圧,0,0,0,0,0,2026/04/01 20:36:25
翌日,20260401,更新後,西播東岡山線・山崎智頭線,2026/04/02,05:00,逆方向,-1751.154,-2748.846,0,0.0,-4500,電圧,0,0,0,0,0,2026/04/01 20:36:25
翌日,20260401,更新後,西播東岡山線・山崎智頭線,2026/04/02,05:30,順方向,6442.016,-2246.182,0,404.166,4600,電圧,0,0,0,0,0,2026/04/01 20:36:25
翌日,20260401,更新後,西播東岡山線・山崎智頭線,2026/04/02,05:30,逆方向,-1780.2,-2719.8,0,0.0,-4500,電圧,0,0,0,0,0,2026/04/01 20:36:25
翌日,20260401,更新後,西播東岡山線・山崎智頭線,2026/04/02,06:00,順方向,6522.122,-2168.02,0,245.898,4600,電圧,0,0,0,0,0,2026/04/01 20:36:25
翌日,20260401,更新後,西播東岡山線・山崎智頭線,2026/04/02,06:00,逆方向,-1886.972,-2613.028,0,0.0,-4500,電圧,0,0,0,0,0,2026/04/01 20:36:25
翌日,20260401,更新後,西播東岡山線・山崎智頭線,2026/04/02,06:30,順方向,6296.089,-2098.14,0,402.051,4600,電圧,0,0,0,0,0,2026/04/01 20:36:25
翌日,20260401,更新後,西播東岡山線・山崎智頭線,2026/04/02,06:30,逆方向,-1920.668,-2540.184,0,-39.148,-4500,電圧,0,0,0,0,0,2026/04/01 20:36:25
翌日,20260401,更新後,西播東岡山線・山崎智頭線,2026/04/02,07:00,順方向,6461.426,-2231.366,0,369.94,4600,電圧,0,0,0,0,0,2026/04/01 20:36:25
翌日,20260401,更新後,西播東岡山線・山崎智頭線,2026/04/02,07:00,逆方向,-1938.913,-2520.692,0,-40.395,-4500,電圧,0,0,0,0,0,2026/04/01 20:36:25
翌日,20260401,更新後,西播東岡山線・山崎智頭線,2026/04/02,07:30,順方向,6562.173,-2520.34,0,558.167,4600,電圧,0,0,0,0,0,2026/04/01 20:36:25
翌日,20260401,更新後,西播東岡山線・山崎智頭線,2026/04/02,07:30,逆方向,-1282.262,-3217.738,0,0.0,-4500,電圧,0,0,0,0,0,2026/04/01 20:36:25
翌日,20260401,更新後,西播東岡山線・山崎智頭線,2026/04/02,08:00,順方向,6440.372,-2587.708,0,747.336,4600,電圧,0,0,0,0,0,2026/04/01 20:36:25
翌日,20260401,更新後,西播東岡山線・山崎智頭線,2026/04/02,08:00,逆方向,-1107.272,-3392.728,0,0.0,-4500,電圧,0,0,0,0,0,2026/04/01 20:36:25
翌日,20260401,更新後,西播東岡山線・山崎智頭線,2026/04/02,08:30,順方向,6892.528,-2935.356,0,642.828,4600,電圧,0,0,0,0,0,2026/04/01 20:36:25
翌日,20260401,更新後,西播東岡山線・山崎智頭線,2026/04/02,08:30,逆方向,-606.572,-3893.428,0,0.0,-4500,電圧,0,0,0,0,0,2026/04/01 20:36:25
翌日,20260401,更新後,西播東岡山線・山崎智頭線,2026/04/02,09:00,順方向,6733.876,-2901.602,0,767.726,4600,電圧,0,0,0,0,0,2026/04/01 20:36:25
翌日,20260401,更新後,西播東岡山線・山崎智頭線,2026/04/02,09:00,逆方向,-519.37,-3980.63,0,0.0,-4500,電圧,0,0,0,0,0,2026/04/01 20:36:25
翌日,20260401,更新後,西播東岡山線・山崎智頭線,2026/04/02,09:30,順方向,7340.102,-3310.978,0,570.876,4600,電圧,0,0,0,0,0,2026/04/01 20:36:25
翌日,20260401,更新後,西播東岡山線・山崎智頭線,2026/04/02,09:30,逆方向,-0.038,-4499.962,0,0.0,-4500,電圧,0,0,0,0,0,2026/04/01 20:36:25
翌日,20260401,更新後,西播東岡山線・山崎智頭線,2026/04/02,10:00,順方向,7237.458,-3212.71,0,575.252,4600,電圧,0,0,0,0,0,2026/04/01 20:36:25
翌日,20260401,更新後,西播東岡山線・山崎智頭線,2026/04/02,10:00,逆方向,0.0,-4500.0,0,0.0,-4500,電圧,0,0,0,0,0,2026/04/01 20:36:25
翌日,20260401,更新後,西播東岡山線・山崎智頭線,2026/04/02,10:30,順方向,7017.394,-2855.994,0,438.6,4600,電圧,0,0,0,0,0,2026/04/01 20:36:25
翌日,20260401,更新後,西播東岡山線・山崎智頭線,2026/04/02,10:30,逆方向,-337.716,-4162.284,0,0.0,-4500,電圧,0,0,0,0,0,2026/04/01 20:36:25
翌日,20260401,更新後,西播東岡山線・山崎智頭線,2026/04/02,11:00,順方向,6970.808,-2922.296,0,551.488,4600,電圧,0,0,0,0,0,2026/04/01 20:36:25
翌日,20260401,更新後,西播東岡山線・山崎智頭線,2026/04/02,11:00,逆方向,-242.742,-4257.258,0,0.0,-4500,電圧,0,0,0,0,0,2026/04/01 20:36:25
翌日,20260401,更新後,西播東岡山線・山崎智頭線,2026/04/02,11:30,順方向,6981.658,-2926.568,0,544.91,4600,電圧,0,0,0,0,0,2026/04/01 20:36:25
翌日,20260401,更新後,西播東岡山線・山崎智頭線,2026/04/02,11:30,逆方向,-180.224,-4319.776,0,0.0,-4500,電圧,0,0,0,0,0,2026/04/01 20:36:25
翌日,20260401,更新後,西播東岡山線・山崎智頭線,2026/04/02,12:00,順方向,6833.718,-2746.766,0,513.048,4600,電圧,0,0,0,0,0,2026/04/01 20:36:25
翌日,20260401,更新後,西播東岡山線・山崎智頭線,2026/04/02,12:00,逆方向,-366.286,-4133.714,0,0.0,-4500,電圧,0,0,0,0,0,2026/04/01 20:36:25
翌日,20260401,更新後,西播東岡山線・山崎智頭線,2026/04/02,12:30,順方向,6497.077,-2559.482,0,662.405,4600,電圧,0,0,0,0,0,2026/04/01 20:36:25
翌日,20260401,更新後,西播東岡山線・山崎智頭線,2026/04/02,12:30,逆方向,-497.316,-4002.684,0,0.0,-4500,電圧,0,0,0,0,0,2026/04/01 20:36:25
翌日,20260401,更新後,西播東岡山線・山崎智頭線,2026/04/02,13:00,順方向,6717.049,-2712.058,0,595.009,4600,電圧,0,0,0,0,0,2026/04/01 20:36:25
翌日,20260401,更新後,西播東岡山線・山崎智頭線,2026/04/02,13:00,逆方向,-339.434,-4160.566,0,0.0,-4500,電圧,0,0,0,0,0,2026/04/01 20:36:25
翌日,20260401,更新後,西播東岡山線・山崎智頭線,2026/04/02,13:30,順方向,7141.035,-3061.308,0,520.273,4600,電圧,0,0,0,0,0,2026/04/01 20:36:25
翌日,20260401,更新後,西播東岡山線・山崎智頭線,2026/04/02,13:30,逆方向,-28.676,-4471.324,0,0.0,-4500,電圧,0,0,0,0,0,2026/04/01 20:36:25
翌日,20260401,更新後,西播東岡山線・山崎智頭線,2026/04/02,14:00,順方向,7012.939,-3055.578,0,642.639,4600,電圧,0,0,0,0,0,2026/04/01 20:36:25
翌日,20260401,更新後,西播東岡山線・山崎智頭線,2026/04/02,14:00,逆方向,-67.128,-4432.872,0,0.0,-4500,電圧,0,0,0,0,0,2026/04/01 20:36:25
翌日,20260401,更新後,西播東岡山線・山崎智頭線,2026/04/02,14:30,順方向,7165.43,-3167.952,0,602.522,4600,電圧,0,0,0,0,0,2026/04/01 20:36:25
翌日,20260401,更新後,西播東岡山線・山崎智頭線,2026/04/02,14:30,逆方向,0.0,-4500.0,0,0.0,-4500,電圧,0,0,0,0,0,2026/04/01 20:36:25
翌日,20260401,更新後,西播東岡山線・山崎智頭線,2026/04/02,15:00,順方向,7229.904,-3201.902,0,571.998,4600,電圧,0,0,0,0,0,2026/04/01 20:36:25
翌日,20260401,更新後,西播東岡山線・山崎智頭線,2026/04/02,15:00,逆方向,-0.024,-4499.976,0,0.0,-4500,電圧,0,0,0,0,0,2026/04/01 20:36:25
翌日,20260401,更新後,西播東岡山線・山崎智頭線,2026/04/02,15:30,順方向,7457.112,-3338.476,0,481.364,4600,電圧,0,0,0,0,0,2026/04/01 20:36:25
翌日,20260401,更新後,西播東岡山線・山崎智頭線,2026/04/02,15:30,逆方向,0.0,-4500.0,0,0.0,-4500,電圧,0,0,0,0,0,2026/04/01 20:36:25
翌日,20260401,更新後,西播東岡山線・山崎智頭線,2026/04/02,16:00,順方向,7918.474,-3651.36,0,332.886,4600,電圧,0,0,0,0,0,2026/04/01 20:36:25
翌日,20260401,更新後,西播東岡山線・山崎智頭線,2026/04/02,16:00,逆方向,-0.02,-4499.98,0,0.0,-4500,電圧,0,0,0,0,0,2026/04/01 20:36:25
翌日,20260401,更新後,西播東岡山線・山崎智頭線,2026/04/02,16:30,順方向,7903.258,-3582.218,0,278.96,4600,電圧,0,0,0,0,0,2026/04/01 20:36:25
翌日,20260401,更新後,西播東岡山線・山崎智頭線,2026/04/02,16:30,逆方向,0.0,-4500.0,0,0.0,-4500,電圧,0,0,0,0,0,2026/04/01 20:36:25
翌日,20260401,更新後,西播東岡山線・山崎智頭線,2026/04/02,17:00,順方向,7729.349,-3760.822,0,631.473,4600,電圧,0,0,0,0,0,2026/04/01 20:36:25
翌日,20260401,更新後,西播東岡山線・山崎智頭線,2026/04/02,17:00,逆方向,-0.78,-4499.22,0,0.0,-4500,電圧,0,0,0,0,0,2026/04/01 20:36:25
翌日,20260401,更新後,西播東岡山線・山崎智頭線,2026/04/02,17:30,順方向,8242.235,-3799.81,0,157.575,4600,電圧,0,0,0,0,0,2026/04/01 20:36:25
翌日,20260401,更新後,西播東岡山線・山崎智頭線,2026/04/02,17:30,逆方向,0.0,-4500.0,0,0.0,-4500,電圧,0,0,0,0,0,2026/04/01 20:36:25
翌日,20260401,更新後,西播東岡山線・山崎智頭線,2026/04/02,18:00,順方向,8130.117,-3735.478,0,205.361,4600,電圧,0,0,0,0,0,2026/04/01 20:36:25
翌日,20260401,更新後,西播東岡山線・山崎智頭線,2026/04/02,18:00,逆方向,-128.11,-4371.89,0,0.0,-4500,電圧,0,0,0,0,0,2026/04/01 20:36:25
翌日,20260401,更新後,西播東岡山線・山崎智頭線,2026/04/02,18:30,順方向,8101.56,-3501.56,0,0.0,4600,電圧,0,0,0,0,0,2026/04/01 20:36:25
翌日,20260401,更新後,西播東岡山線・山崎智頭線,2026/04/02,18:30,逆方向,-567.422,-3932.578,0,0.0,-4500,電圧,0,0,0,0,0,2026/04/01 20:36:25
翌日,20260401,更新後,西播東岡山線・山崎智頭線,2026/04/02,19:00,順方向,8154.742,-3554.742,0,0.0,4600,電圧,0,0,0,0,0,2026/04/01 20:36:25
翌日,20260401,更新後,西播東岡山線・山崎智頭線,2026/04/02,19:00,逆方向,-585.034,-3914.966,0,0.0,-4500,電圧,0,0,0,0,0,2026/04/01 20:36:25
翌日,20260401,更新後,西播東岡山線・山崎智頭線,2026/04/02,19:30,順方向,8210.354,-3621.84,0,11.486,4600,電圧,0,0,0,0,0,2026/04/01 20:36:25
翌日,20260401,更新後,西播東岡山線・山崎智頭線,2026/04/02,19:30,逆方向,-536.104,-3963.896,0,0.0,-4500,電圧,0,0,0,0,0,2026/04/01 20:36:25
翌日,20260401,更新後,西播東岡山線・山崎智頭線,2026/04/02,20:00,順方向,8147.082,-3547.082,0,0.0,4600,電圧,0,0,0,0,0,2026/04/01 20:36:25
翌日,20260401,更新後,西播東岡山線・山崎智頭線,2026/04/02,20:00,逆方向,-397.166,-4102.834,0,0.0,-4500,電圧,0,0,0,0,0,2026/04/01 20:36:25
翌日,20260401,更新後,西播東岡山線・山崎智頭線,2026/04/02,20:30,順方向,8241.236,-3641.236,0,0.0,4600,電圧,0,0,0,0,0,2026/04/01 20:36:25
翌日,20260401,更新後,西播東岡山線・山崎智頭線,2026/04/02,20:30,逆方向,-291.08,-4208.92,0,0.0,-4500,電圧,0,0,0,0,0,2026/04/01 20:36:25
翌日,20260401,更新後,西播東岡山線・山崎智頭線,2026/04/02,21:00,順方向,8282.312,-3682.312,0,0.0,4600,電圧,0,0,0,0,0,2026/04/01 20:36:25
翌日,20260401,更新後,西播東岡山線・山崎智頭線,2026/04/02,21:00,逆方向,-235.24,-4264.76,0,0.0,-4500,電圧,0,0,0,0,0,2026/04/01 20:36:25
翌日,20260401,更新後,西播東岡山線・山崎智頭線,2026/04/02,21:30,順方向,7742.11,-3155.11,0,13.0,4600,電圧,0,0,0,0,0,2026/04/01 20:36:25
翌日,20260401,更新後,西播東岡山線・山崎智頭線,2026/04/02,21:30,逆方向,-776.44,-3723.56,0,0.0,-4500,電圧,0,0,0,0,0,2026/04/01 20:36:25
翌日,20260401,更新後,西播東岡山線・山崎智頭線,2026/04/02,22:00,順方向,7562.595,-3033.902,0,71.307,4600,電圧,0,0,0,0,0,2026/04/01 20:36:25
翌日,20260401,更新後,西播東岡山線・山崎智頭線,2026/04/02,22:00,逆方向,-1032.892,-3467.108,0,0.0,-4500,電圧,0,0,0,0,0,2026/04/01 20:36:25
翌日,20260401,更新後,西播東岡山線・山崎智頭線,2026/04/02,22:30,順方向,6902.494,-2329.72,0,27.226,4600,電圧,0,0,0,0,0,2026/04/01 20:36:25
翌日,20260401,更新後,西播東岡山線・山崎智頭線,2026/04/02,22:30,逆方向,-1730.084,-2767.916,0,-2.0,-4500,電圧,0,0,0,0,0,2026/04/01 20:36:25
翌日,20260401,更新後,西播東岡山線・山崎智頭線,2026/04/02,23:00,順方向,7272.23,-2672.23,0,0.0,4600,電圧,0,0,0,0,0,2026/04/01 20:36:25
翌日,20260401,更新後,西播東岡山線・山崎智頭線,2026/04/02,23:00,逆方向,-1303.456,-3196.544,0,0.0,-4500,電圧,0,0,0,0,0,2026/04/01 20:36:25
翌日,20260401,更新後,西播東岡山線・山崎智頭線,2026/04/02,23:30,順方向,7367.826,-2767.826,0,0.0,4600,電圧,0,0,0,0,0,2026/04/01 20:36:25
翌日,20260401,更新後,西播東岡山線・山崎智頭線,2026/04/02,23:30,逆方向,-1173.072,-3326.928,0,0.0,-4500,電圧,0,0,0,0,0,2026/04/01 20:36:25
翌日,20260401,更新後,西播東岡山線・山崎智頭線,2026/04/02,24:00,順方向,7111.15,-2511.15,0,0.0,4600,電圧,0,0,0,0,0,2026/04/01 20:36:25
翌日,20260401,更新後,西播東岡山線・山崎智頭線,2026/04/02,24:00,逆方向,-1470.262,-2989.236,0,-40.502,-4500,電圧,0,0,0,0,0,2026/04/01 20:36:25
翌日,20260401,更新後,阿南紀北直流幹線,2026/04/02,00:30,順方向,620.0,-620.0,0,0.0,0,安定度,0,0,0,0,0,2026/04/01 20:36:25
翌日,20260401,更新後,阿南紀北直流幹線,2026/04/02,00:30,逆方向,0.0,-620.0,0,0.0,-620,熱容量,0,0,0,0,0,2026/04/01 20:36:25
翌日,20260401,更新後,阿南紀北直流幹線,2026/04/02,01:00,順方向,620.0,-620.0,0,0.0,0,安定度,0,0,0,0,0,2026/04/01 20:36:25
翌日,20260401,更新後,阿南紀北直流幹線,2026/04/02,01:00,逆方向,0.0,-620.0,0,0.0,-620,熱容量,0,0,0,0,0,2026/04/01 20:36:25
翌日,20260401,更新後,阿南紀北直流幹線,2026/04/02,01:30,順方向,620.0,-620.0,0,0.0,0,安定度,0,0,0,0,0,2026/04/01 20:36:25
翌日,20260401,更新後,阿南紀北直流幹線,2026/04/02,01:30,逆方向,0.0,-620.0,0,0.0,-620,熱容量,0,0,0,0,0,2026/04/01 20:36:25
翌日,20260401,更新後,阿南紀北直流幹線,2026/04/02,02:00,順方向,620.0,-620.0,0,0.0,0,安定度,0,0,0,0,0,2026/04/01 20:36:25
翌日,20260401,更新後,阿南紀北直流幹線,2026/04/02,02:00,逆方向,0.0,-620.0,0,0.0,-620,熱容量,0,0,0,0,0,2026/04/01 20:36:25
翌日,20260401,更新後,阿南紀北直流幹線,2026/04/02,02:30,順方向,620.0,-620.0,0,0.0,0,安定度,0,0,0,0,0,2026/04/01 20:36:25
翌日,20260401,更新後,阿南紀北直流幹線,2026/04/02,02:30,逆方向,0.0,-620.0,0,0.0,-620,熱容量,0,0,0,0,0,2026/04/01 20:36:25
翌日,20260401,更新後,阿南紀北直流幹線,2026/04/02,03:00,順方向,620.0,-620.0,0,0.0,0,安定度,0,0,0,0,0,2026/04/01 20:36:25
翌日,20260401,更新後,阿南紀北直流幹線,2026/04/02,03:00,逆方向,0.0,-620.0,0,0.0,-620,熱容量,0,0,0,0,0,2026/04/01 20:36:25
翌日,20260401,更新後,阿南紀北直流幹線,2026/04/02,03:30,順方向,620.0,-620.0,0,0.0,0,安定度,0,0,0,0,0,2026/04/01 20:36:25
翌日,20260401,更新後,阿南紀北直流幹線,2026/04/02,03:30,逆方向,0.0,-620.0,0,0.0,-620,熱容量,0,0,0,0,0,2026/04/01 20:36:25
翌日,20260401,更新後,阿南紀北直流幹線,2026/04/02,04:00,順方向,620.0,-620.0,0,0.0,0,安定度,0,0,0,0,0,2026/04/01 20:36:25
翌日,20260401,更新後,阿南紀北直流幹線,2026/04/02,04:00,逆方向,0.0,-620.0,0,0.0,-620,熱容量,0,0,0,0,0,2026/04/01 20:36:25
翌日,20260401,更新後,阿南紀北直流幹線,2026/04/02,04:30,順方向,620.0,-620.0,0,0.0,0,安定度,0,0,0,0,0,2026/04/01 20:36:25
翌日,20260401,更新後,阿南紀北直流幹線,2026/04/02,04:30,逆方向,0.0,-620.0,0,0.0,-620,熱容量,0,0,0,0,0,2026/04/01 20:36:25
翌日,20260401,更新後,阿南紀北直流幹線,2026/04/02,05:00,順方向,620.0,-620.0,0,0.0,0,安定度,0,0,0,0,0,2026/04/01 20:36:25
翌日,20260401,更新後,阿南紀北直流幹線,2026/04/02,05:00,逆方向,0.0,-620.0,0,0.0,-620,熱容量,0,0,0,0,0,2026/04/01 20:36:25
翌日,20260401,更新後,阿南紀北直流幹線,2026/04/02,05:30,順方向,620.0,-620.0,0,0.0,0,安定度,0,0,0,0,0,2026/04/01 20:36:25
翌日,20260401,更新後,阿南紀北直流幹線,2026/04/02,05:30,逆方向,0.0,-620.0,0,0.0,-620,熱容量,0,0,0,0,0,2026/04/01 20:36:25
翌日,20260401,更新後,阿南紀北直流幹線,2026/04/02,06:00,順方向,620.0,-620.0,0,0.0,0,安定度,0,0,0,0,0,2026/04/01 20:36:25
翌日,20260401,更新後,阿南紀北直流幹線,2026/04/02,06:00,逆方向,0.0,-620.0,0,0.0,-620,熱容量,0,0,0,0,0,2026/04/01 20:36:25
翌日,20260401,更新後,阿南紀北直流幹線,2026/04/02,06:30,順方向,620.0,-620.0,0,0.0,0,安定度,0,0,0,0,0,2026/04/01 20:36:25
翌日,20260401,更新後,阿南紀北直流幹線,2026/04/02,06:30,逆方向,0.0,-620.0,0,0.0,-620,熱容量,0,0,0,0,0,2026/04/01 20:36:25
翌日,20260401,更新後,阿南紀北直流幹線,2026/04/02,07:00,順方向,620.0,-620.0,0,0.0,0,安定度,0,0,0,0,0,2026/04/01 20:36:25
翌日,20260401,更新後,阿南紀北直流幹線,2026/04/02,07:00,逆方向,0.0,-620.0,0,0.0,-620,熱容量,0,0,0,0,0,2026/04/01 20:36:25
翌日,20260401,更新後,阿南紀北直流幹線,2026/04/02,07:30,順方向,620.0,-620.0,0,0.0,0,安定度,0,0,0,0,0,2026/04/01 20:36:25
翌日,20260401,更新後,阿南紀北直流幹線,2026/04/02,07:30,逆方向,0.0,-620.0,0,0.0,-620,熱容量,0,0,0,0,0,2026/04/01 20:36:25
翌日,20260401,更新後,阿南紀北直流幹線,2026/04/02,08:00,順方向,620.0,-620.0,0,0.0,0,安定度,0,0,0,0,0,2026/04/01 20:36:25
翌日,20260401,更新後,阿南紀北直流幹線,2026/04/02,08:00,逆方向,0.0,-620.0,0,0.0,-620,熱容量,0,0,0,0,0,2026/04/01 20:36:25
翌日,20260401,更新後,阿南紀北直流幹線,2026/04/02,08:30,順方向,620.0,-620.0,0,0.0,0,安定度,0,0,0,0,0,2026/04/01 20:36:25
翌日,20260401,更新後,阿南紀北直流幹線,2026/04/02,08:30,逆方向,0.0,-620.0,0,0.0,-620,熱容量,0,0,0,0,0,2026/04/01 20:36:25
翌日,20260401,更新後,阿南紀北直流幹線,2026/04/02,09:00,順方向,620.0,-620.0,0,0.0,0,安定度,0,0,0,0,0,2026/04/01 20:36:25
翌日,20260401,更新後,阿南紀北直流幹線,2026/04/02,09:00,逆方向,0.0,-620.0,0,0.0,-620,熱容量,0,0,0,0,0,2026/04/01 20:36:25
翌日,20260401,更新後,阿南紀北直流幹線,2026/04/02,09:30,順方向,620.0,-620.0,0,0.0,0,安定度,0,0,0,0,0,2026/04/01 20:36:25
翌日,20260401,更新後,阿南紀北直流幹線,2026/04/02,09:30,逆方向,0.0,-620.0,0,0.0,-620,熱容量,0,0,0,0,0,2026/04/01 20:36:25
翌日,20260401,更新後,阿南紀北直流幹線,2026/04/02,10:00,順方向,620.0,-620.0,0,0.0,0,安定度,0,0,0,0,0,2026/04/01 20:36:25
翌日,20260401,更新後,阿南紀北直流幹線,2026/04/02,10:00,逆方向,0.0,-620.0,0,0.0,-620,熱容量,0,0,0,0,0,2026/04/01 20:36:25
翌日,20260401,更新後,阿南紀北直流幹線,2026/04/02,10:30,順方向,620.0,-620.0,0,0.0,0,安定度,0,0,0,0,0,2026/04/01 20:36:25
翌日,20260401,更新後,阿南紀北直流幹線,2026/04/02,10:30,逆方向,0.0,-620.0,0,0.0,-620,熱容量,0,0,0,0,0,2026/04/01 20:36:25
翌日,20260401,更新後,阿南紀北直流幹線,2026/04/02,11:00,順方向,620.0,-620.0,0,0.0,0,安定度,0,0,0,0,0,2026/04/01 20:36:25
翌日,20260401,更新後,阿南紀北直流幹線,2026/04/02,11:00,逆方向,0.0,-620.0,0,0.0,-620,熱容量,0,0,0,0,0,2026/04/01 20:36:25
翌日,20260401,更新後,阿南紀北直流幹線,2026/04/02,11:30,順方向,620.0,-620.0,0,0.0,0,安定度,0,0,0,0,0,2026/04/01 20:36:25
翌日,20260401,更新後,阿南紀北直流幹線,2026/04/02,11:30,逆方向,0.0,-620.0,0,0.0,-620,熱容量,0,0,0,0,0,2026/04/01 20:36:25
翌日,20260401,更新後,阿南紀北直流幹線,2026/04/02,12:00,順方向,620.0,-620.0,0,0.0,0,安定度,0,0,0,0,0,2026/04/01 20:36:25
翌日,20260401,更新後,阿南紀北直流幹線,2026/04/02,12:00,逆方向,0.0,-620.0,0,0.0,-620,熱容量,0,0,0,0,0,2026/04/01 20:36:25
翌日,20260401,更新後,阿南紀北直流幹線,2026/04/02,12:30,順方向,620.0,-620.0,0,0.0,0,安定度,0,0,0,0,0,2026/04/01 20:36:25
翌日,20260401,更新後,阿南紀北直流幹線,2026/04/02,12:30,逆方向,0.0,-620.0,0,0.0,-620,熱容量,0,0,0,0,0,2026/04/01 20:36:25
翌日,20260401,更新後,阿南紀北直流幹線,2026/04/02,13:00,順方向,620.0,-620.0,0,0.0,0,安定度,0,0,0,0,0,2026/04/01 20:36:25
翌日,20260401,更新後,阿南紀北直流幹線,2026/04/02,13:00,逆方向,0.0,-620.0,0,0.0,-620,熱容量,0,0,0,0,0,2026/04/01 20:36:25
翌日,20260401,更新後,阿南紀北直流幹線,2026/04/02,13:30,順方向,620.0,-620.0,0,0.0,0,安定度,0,0,0,0,0,2026/04/01 20:36:25
翌日,20260401,更新後,阿南紀北直流幹線,2026/04/02,13:30,逆方向,0.0,-620.0,0,0.0,-620,熱容量,0,0,0,0,0,2026/04/01 20:36:25
翌日,20260401,更新後,阿南紀北直流幹線,2026/04/02,14:00,順方向,620.0,-620.0,0,0.0,0,安定度,0,0,0,0,0,2026/04/01 20:36:25
翌日,20260401,更新後,阿南紀北直流幹線,2026/04/02,14:00,逆方向,0.0,-620.0,0,0.0,-620,熱容量,0,0,0,0,0,2026/04/01 20:36:25
翌日,20260401,更新後,阿南紀北直流幹線,2026/04/02,14:30,順方向,620.0,-620.0,0,0.0,0,安定度,0,0,0,0,0,2026/04/01 20:36:25
翌日,20260401,更新後,阿南紀北直流幹線,2026/04/02,14:30,逆方向,0.0,-620.0,0,0.0,-620,熱容量,0,0,0,0,0,2026/04/01 20:36:25
翌日,20260401,更新後,阿南紀北直流幹線,2026/04/02,15:00,順方向,620.0,-620.0,0,0.0,0,安定度,0,0,0,0,0,2026/04/01 20:36:25
翌日,20260401,更新後,阿南紀北直流幹線,2026/04/02,15:00,逆方向,0.0,-620.0,0,0.0,-620,熱容量,0,0,0,0,0,2026/04/01 20:36:25
翌日,20260401,更新後,阿南紀北直流幹線,2026/04/02,15:30,順方向,620.0,-620.0,0,0.0,0,安定度,0,0,0,0,0,2026/04/01 20:36:25
翌日,20260401,更新後,阿南紀北直流幹線,2026/04/02,15:30,逆方向,0.0,-620.0,0,0.0,-620,熱容量,0,0,0,0,0,2026/04/01 20:36:25
翌日,20260401,更新後,阿南紀北直流幹線,2026/04/02,16:00,順方向,620.0,-620.0,0,0.0,0,安定度,0,0,0,0,0,2026/04/01 20:36:25
翌日,20260401,更新後,阿南紀北直流幹線,2026/04/02,16:00,逆方向,0.0,-620.0,0,0.0,-620,熱容量,0,0,0,0,0,2026/04/01 20:36:25
翌日,20260401,更新後,阿南紀北直流幹線,2026/04/02,16:30,順方向,620.0,-620.0,0,0.0,0,安定度,0,0,0,0,0,2026/04/01 20:36:25
翌日,20260401,更新後,阿南紀北直流幹線,2026/04/02,16:30,逆方向,0.0,-620.0,0,0.0,-620,熱容量,0,0,0,0,0,2026/04/01 20:36:25
翌日,20260401,更新後,阿南紀北直流幹線,2026/04/02,17:00,順方向,620.0,-620.0,0,0.0,0,安定度,0,0,0,0,0,2026/04/01 20:36:25
翌日,20260401,更新後,阿南紀北直流幹線,2026/04/02,17:00,逆方向,0.0,-620.0,0,0.0,-620,熱容量,0,0,0,0,0,2026/04/01 20:36:25
翌日,20260401,更新後,阿南紀北直流幹線,2026/04/02,17:30,順方向,620.0,-620.0,0,0.0,0,安定度,0,0,0,0,0,2026/04/01 20:36:25
翌日,20260401,更新後,阿南紀北直流幹線,2026/04/02,17:30,逆方向,0.0,-620.0,0,0.0,-620,熱容量,0,0,0,0,0,2026/04/01 20:36:25
翌日,20260401,更新後,阿南紀北直流幹線,2026/04/02,18:00,順方向,620.0,-620.0,0,0.0,0,安定度,0,0,0,0,0,2026/04/01 20:36:25
翌日,20260401,更新後,阿南紀北直流幹線,2026/04/02,18:00,逆方向,0.0,-620.0,0,0.0,-620,熱容量,0,0,0,0,0,2026/04/01 20:36:25
翌日,20260401,更新後,阿南紀北直流幹線,2026/04/02,18:30,順方向,620.0,-620.0,0,0.0,0,安定度,0,0,0,0,0,2026/04/01 20:36:25
翌日,20260401,更新後,阿南紀北直流幹線,2026/04/02,18:30,逆方向,0.0,-620.0,0,0.0,-620,熱容量,0,0,0,0,0,2026/04/01 20:36:25
翌日,20260401,更新後,阿南紀北直流幹線,2026/04/02,19:00,順方向,620.0,-620.0,0,0.0,0,安定度,0,0,0,0,0,2026/04/01 20:36:25
翌日,20260401,更新後,阿南紀北直流幹線,2026/04/02,19:00,逆方向,0.0,-620.0,0,0.0,-620,熱容量,0,0,0,0,0,2026/04/01 20:36:25
翌日,20260401,更新後,阿南紀北直流幹線,2026/04/02,19:30,順方向,620.0,-620.0,0,0.0,0,安定度,0,0,0,0,0,2026/04/01 20:36:25
翌日,20260401,更新後,阿南紀北直流幹線,2026/04/02,19:30,逆方向,0.0,-620.0,0,0.0,-620,熱容量,0,0,0,0,0,2026/04/01 20:36:25
翌日,20260401,更新後,阿南紀北直流幹線,2026/04/02,20:00,順方向,620.0,-620.0,0,0.0,0,安定度,0,0,0,0,0,2026/04/01 20:36:25
翌日,20260401,更新後,阿南紀北直流幹線,2026/04/02,20:00,逆方向,0.0,-620.0,0,0.0,-620,熱容量,0,0,0,0,0,2026/04/01 20:36:25
翌日,20260401,更新後,阿南紀北直流幹線,2026/04/02,20:30,順方向,620.0,-620.0,0,0.0,0,安定度,0,0,0,0,0,2026/04/01 20:36:25
翌日,20260401,更新後,阿南紀北直流幹線,2026/04/02,20:30,逆方向,0.0,-620.0,0,0.0,-620,熱容量,0,0,0,0,0,2026/04/01 20:36:25
翌日,20260401,更新後,阿南紀北直流幹線,2026/04/02,21:00,順方向,620.0,-620.0,0,0.0,0,安定度,0,0,0,0,0,2026/04/01 20:36:25
翌日,20260401,更新後,阿南紀北直流幹線,2026/04/02,21:00,逆方向,0.0,-620.0,0,0.0,-620,熱容量,0,0,0,0,0,2026/04/01 20:36:25
翌日,20260401,更新後,阿南紀北直流幹線,2026/04/02,21:30,順方向,620.0,-620.0,0,0.0,0,安定度,0,0,0,0,0,2026/04/01 20:36:25
翌日,20260401,更新後,阿南紀北直流幹線,2026/04/02,21:30,逆方向,0.0,-620.0,0,0.0,-620,熱容量,0,0,0,0,0,2026/04/01 20:36:25
翌日,20260401,更新後,阿南紀北直流幹線,2026/04/02,22:00,順方向,620.0,-620.0,0,0.0,0,安定度,0,0,0,0,0,2026/04/01 20:36:25
翌日,20260401,更新後,阿南紀北直流幹線,2026/04/02,22:00,逆方向,0.0,-620.0,0,0.0,-620,熱容量,0,0,0,0,0,2026/04/01 20:36:25
翌日,20260401,更新後,阿南紀北直流幹線,2026/04/02,22:30,順方向,620.0,-620.0,0,0.0,0,安定度,0,0,0,0,0,2026/04/01 20:36:25
翌日,20260401,更新後,阿南紀北直流幹線,2026/04/02,22:30,逆方向,0.0,-620.0,0,0.0,-620,熱容量,0,0,0,0,0,2026/04/01 20:36:25
翌日,20260401,更新後,阿南紀北直流幹線,2026/04/02,23:00,順方向,620.0,-620.0,0,0.0,0,安定度,0,0,0,0,0,2026/04/01 20:36:25
翌日,20260401,更新後,阿南紀北直流幹線,2026/04/02,23:00,逆方向,0.0,-620.0,0,0.0,-620,熱容量,0,0,0,0,0,2026/04/01 20:36:25
翌日,20260401,更新後,阿南紀北直流幹線,2026/04/02,23:30,順方向,620.0,-620.0,0,0.0,0,安定度,0,0,0,0,0,2026/04/01 20:36:25
翌日,20260401,更新後,阿南紀北直流幹線,2026/04/02,23:30,逆方向,0.0,-620.0,0,0.0,-620,熱容量,0,0,0,0,0,2026/04/01 20:36:25
翌日,20260401,更新後,阿南紀北直流幹線,2026/04/02,24:00,順方向,620.0,-620.0,0,0.0,0,安定度,0,0,0,0,0,2026/04/01 20:36:25
翌日,20260401,更新後,阿南紀北直流幹線,2026/04/02,24:00,逆方向,0.0,-620.0,0,0.0,-620,熱容量,0,0,0,0,0,2026/04/01 20:36:25
翌日,20260401,更新後,本四連系線,2026/04/02,00:30,順方向,1946.2,-746.2,0,0.0,1200,熱容量（作業）,0,0,0,0,0,2026/04/01 20:36:25
翌日,20260401,更新後,本四連系線,2026/04/02,00:30,逆方向,-453.8,-746.2,0,0.0,-1200,熱容量（作業）,0,0,0,0,0,2026/04/01 20:36:25
翌日,20260401,更新後,本四連系線,2026/04/02,01:00,順方向,1962.5,-807.5,0,45.0,1200,熱容量（作業）,0,0,0,0,0,2026/04/01 20:36:25
翌日,20260401,更新後,本四連系線,2026/04/02,01:00,逆方向,-392.5,-807.5,0,0.0,-1200,熱容量（作業）,0,0,0,0,0,2026/04/01 20:36:25
翌日,20260401,更新後,本四連系線,2026/04/02,01:30,順方向,1911.9,-756.9,0,45.0,1200,熱容量（作業）,0,0,0,0,0,2026/04/01 20:36:25
翌日,20260401,更新後,本四連系線,2026/04/02,01:30,逆方向,-443.1,-756.9,0,0.0,-1200,熱容量（作業）,0,0,0,0,0,2026/04/01 20:36:25
翌日,20260401,更新後,本四連系線,2026/04/02,02:00,順方向,2033.9,-877.9,0,44.0,1200,熱容量（作業）,0,0,0,0,0,2026/04/01 20:36:25
翌日,20260401,更新後,本四連系線,2026/04/02,02:00,逆方向,-322.1,-877.9,0,0.0,-1200,熱容量（作業）,0,0,0,0,0,2026/04/01 20:36:25
翌日,20260401,更新後,本四連系線,2026/04/02,02:30,順方向,2066.4,-909.4,0,43.0,1200,熱容量（作業）,0,0,0,0,0,2026/04/01 20:36:25
翌日,20260401,更新後,本四連系線,2026/04/02,02:30,逆方向,-290.6,-909.4,0,0.0,-1200,熱容量（作業）,0,0,0,0,0,2026/04/01 20:36:25
翌日,20260401,更新後,本四連系線,2026/04/02,03:00,順方向,2090.1,-935.1,0,45.0,1200,熱容量（作業）,0,0,0,0,0,2026/04/01 20:36:25
翌日,20260401,更新後,本四連系線,2026/04/02,03:00,逆方向,-264.9,-935.1,0,0.0,-1200,熱容量（作業）,0,0,0,0,0,2026/04/01 20:36:25
翌日,20260401,更新後,本四連系線,2026/04/02,03:30,順方向,2056.3,-905.3,0,49.0,1200,熱容量（作業）,0,0,0,0,0,2026/04/01 20:36:25
翌日,20260401,更新後,本四連系線,2026/04/02,03:30,逆方向,-294.7,-905.3,0,0.0,-1200,熱容量（作業）,0,0,0,0,0,2026/04/01 20:36:25
翌日,20260401,更新後,本四連系線,2026/04/02,04:00,順方向,2352.0,-1200.0,0,48.0,1200,熱容量（作業）,0,0,0,0,0,2026/04/01 20:36:25
翌日,20260401,更新後,本四連系線,2026/04/02,04:00,逆方向,0.0,-1200.0,0,0.0,-1200,熱容量（作業）,0,0,0,0,0,2026/04/01 20:36:25
翌日,20260401,更新後,本四連系線,2026/04/02,04:30,順方向,2400.0,-1200.0,0,0.0,1200,熱容量（作業）,0,0,0,0,0,2026/04/01 20:36:25
翌日,20260401,更新後,本四連系線,2026/04/02,04:30,逆方向,0.0,-1200.0,0,0.0,-1200,熱容量（作業）,0,0,0,0,0,2026/04/01 20:36:25
翌日,20260401,更新後,本四連系線,2026/04/02,05:00,順方向,2350.0,-1200.0,0,50.0,1200,熱容量（作業）,0,0,0,0,0,2026/04/01 20:36:25
翌日,20260401,更新後,本四連系線,2026/04/02,05:00,逆方向,0.0,-1200.0,0,0.0,-1200,熱容量（作業）,0,0,0,0,0,2026/04/01 20:36:25
翌日,20260401,更新後,本四連系線,2026/04/02,05:30,順方向,2350.0,-1200.0,0,50.0,1200,熱容量（作業）,0,0,0,0,0,2026/04/01 20:36:25
翌日,20260401,更新後,本四連系線,2026/04/02,05:30,逆方向,0.0,-1200.0,0,0.0,-1200,熱容量（作業）,0,0,0,0,0,2026/04/01 20:36:25
翌日,20260401,更新後,本四連系線,2026/04/02,06:00,順方向,2350.0,-1200.0,0,50.0,1200,熱容量（作業）,0,0,0,0,0,2026/04/01 20:36:25
翌日,20260401,更新後,本四連系線,2026/04/02,06:00,逆方向,0.0,-1200.0,0,0.0,-1200,熱容量（作業）,0,0,0,0,0,2026/04/01 20:36:25
翌日,20260401,更新後,本四連系線,2026/04/02,06:30,順方向,2392.0,-1195.0,0,3.0,1200,熱容量（作業）,0,0,0,0,0,2026/04/01 20:36:25
翌日,20260401,更新後,本四連系線,2026/04/02,06:30,逆方向,-5.0,-1195.0,0,0.0,-1200,熱容量（作業）,0,0,0,0,0,2026/04/01 20:36:25
翌日,20260401,更新後,本四連系線,2026/04/02,07:00,順方向,2128.3,-945.3,0,17.0,1200,熱容量（作業）,0,0,0,0,0,2026/04/01 20:36:25
翌日,20260401,更新後,本四連系線,2026/04/02,07:00,逆方向,-254.7,-945.3,0,0.0,-1200,熱容量（作業）,0,0,0,0,0,2026/04/01 20:36:25
翌日,20260401,更新後,本四連系線,2026/04/02,07:30,順方向,2395.0,-1195.0,0,0.0,1200,熱容量（作業）,0,0,0,0,0,2026/04/01 20:36:25
翌日,20260401,更新後,本四連系線,2026/04/02,07:30,逆方向,-5.0,-1195.0,0,0.0,-1200,熱容量（作業）,0,0,0,0,0,2026/04/01 20:36:25
翌日,20260401,更新後,本四連系線,2026/04/02,08:00,順方向,2400.0,-1200.0,0,0.0,1200,熱容量（作業）,0,0,0,0,0,2026/04/01 20:36:25
翌日,20260401,更新後,本四連系線,2026/04/02,08:00,逆方向,0.0,-1200.0,0,0.0,-1200,熱容量（作業）,0,0,0,0,0,2026/04/01 20:36:25
翌日,20260401,更新後,本四連系線,2026/04/02,08:30,順方向,2385.7,-1195.7,0,10.0,1200,熱容量（作業）,0,0,0,0,0,2026/04/01 20:36:25
翌日,20260401,更新後,本四連系線,2026/04/02,08:30,逆方向,-4.3,-1195.7,0,0.0,-1200,熱容量（作業）,0,0,0,0,0,2026/04/01 20:36:25
翌日,20260401,更新後,本四連系線,2026/04/02,09:00,順方向,2345.726,-1200.0,0,54.274,1200,熱容量（作業）,0,0,0,0,0,2026/04/01 20:36:25
翌日,20260401,更新後,本四連系線,2026/04/02,09:00,逆方向,0.0,-1200.0,0,0.0,-1200,熱容量（作業）,0,0,0,0,0,2026/04/01 20:36:25
翌日,20260401,更新後,本四連系線,2026/04/02,09:30,順方向,2259.0,-1200.0,0,141.0,1200,熱容量（作業）,0,0,0,0,0,2026/04/01 20:36:25
翌日,20260401,更新後,本四連系線,2026/04/02,09:30,逆方向,0.0,-1200.0,0,0.0,-1200,熱容量（作業）,0,0,0,0,0,2026/04/01 20:36:25
翌日,20260401,更新後,本四連系線,2026/04/02,10:00,順方向,2181.0,-1200.0,0,219.0,1200,熱容量（作業）,0,0,0,0,0,2026/04/01 20:36:25
翌日,20260401,更新後,本四連系線,2026/04/02,10:00,逆方向,0.0,-1200.0,0,0.0,-1200,熱容量（作業）,0,0,0,0,0,2026/04/01 20:36:25
翌日,20260401,更新後,本四連系線,2026/04/02,10:30,順方向,2136.0,-1200.0,0,264.0,1200,熱容量（作業）,0,0,0,0,0,2026/04/01 20:36:25
翌日,20260401,更新後,本四連系線,2026/04/02,10:30,逆方向,0.0,-1200.0,0,0.0,-1200,熱容量（作業）,0,0,0,0,0,2026/04/01 20:36:25
翌日,20260401,更新後,本四連系線,2026/04/02,11:00,順方向,2117.0,-1200.0,0,283.0,1200,熱容量（作業）,0,0,0,0,0,2026/04/01 20:36:25
翌日,20260401,更新後,本四連系線,2026/04/02,11:00,逆方向,0.0,-1200.0,0,0.0,-1200,熱容量（作業）,0,0,0,0,0,2026/04/01 20:36:25
翌日,20260401,更新後,本四連系線,2026/04/02,11:30,順方向,2313.0,-1200.0,0,87.0,1200,熱容量（作業）,0,0,0,0,0,2026/04/01 20:36:25
翌日,20260401,更新後,本四連系線,2026/04/02,11:30,逆方向,0.0,-1200.0,0,0.0,-1200,熱容量（作業）,0,0,0,0,0,2026/04/01 20:36:25
翌日,20260401,更新後,本四連系線,2026/04/02,12:00,順方向,2283.719,-1200.0,0,116.281,1200,熱容量（作業）,0,0,0,0,0,2026/04/01 20:36:25
翌日,20260401,更新後,本四連系線,2026/04/02,12:00,逆方向,0.0,-1200.0,0,0.0,-1200,熱容量（作業）,0,0,0,0,0,2026/04/01 20:36:25
翌日,20260401,更新後,本四連系線,2026/04/02,12:30,順方向,2400.0,-1200.0,0,0.0,1200,熱容量（作業）,0,0,0,0,0,2026/04/01 20:36:25
翌日,20260401,更新後,本四連系線,2026/04/02,12:30,逆方向,0.0,-1200.0,0,0.0,-1200,熱容量（作業）,0,0,0,0,0,2026/04/01 20:36:25
翌日,20260401,更新後,本四連系線,2026/04/02,13:00,順方向,2400.0,-1200.0,0,0.0,1200,熱容量（作業）,0,0,0,0,0,2026/04/01 20:36:25
翌日,20260401,更新後,本四連系線,2026/04/02,13:00,逆方向,0.0,-1200.0,0,0.0,-1200,熱容量（作業）,0,0,0,0,0,2026/04/01 20:36:25
翌日,20260401,更新後,本四連系線,2026/04/02,13:30,順方向,2400.0,-1200.0,0,0.0,1200,熱容量（作業）,0,0,0,0,0,2026/04/01 20:36:25
翌日,20260401,更新後,本四連系線,2026/04/02,13:30,逆方向,0.0,-1200.0,0,0.0,-1200,熱容量（作業）,0,0,0,0,0,2026/04/01 20:36:25
翌日,20260401,更新後,本四連系線,2026/04/02,14:00,順方向,2400.0,-1200.0,0,0.0,1200,熱容量（作業）,0,0,0,0,0,2026/04/01 20:36:25
翌日,20260401,更新後,本四連系線,2026/04/02,14:00,逆方向,0.0,-1200.0,0,0.0,-1200,熱容量（作業）,0,0,0,0,0,2026/04/01 20:36:25
翌日,20260401,更新後,本四連系線,2026/04/02,14:30,順方向,2400.0,-1200.0,0,0.0,1200,熱容量（作業）,0,0,0,0,0,2026/04/01 20:36:25
翌日,20260401,更新後,本四連系線,2026/04/02,14:30,逆方向,0.0,-1200.0,0,0.0,-1200,熱容量（作業）,0,0,0,0,0,2026/04/01 20:36:25
翌日,20260401,更新後,本四連系線,2026/04/02,15:00,順方向,2400.0,-1200.0,0,0.0,1200,熱容量（作業）,0,0,0,0,0,2026/04/01 20:36:25
翌日,20260401,更新後,本四連系線,2026/04/02,15:00,逆方向,0.0,-1200.0,0,0.0,-1200,熱容量（作業）,0,0,0,0,0,2026/04/01 20:36:25
翌日,20260401,更新後,本四連系線,2026/04/02,15:30,順方向,2309.3,-1109.3,0,0.0,1200,熱容量（作業）,0,0,0,0,0,2026/04/01 20:36:25
翌日,20260401,更新後,本四連系線,2026/04/02,15:30,逆方向,-90.7,-1109.3,0,0.0,-1200,熱容量（作業）,0,0,0,0,0,2026/04/01 20:36:25
翌日,20260401,更新後,本四連系線,2026/04/02,16:00,順方向,2100.0,-900.0,0,0.0,1200,熱容量（作業）,0,0,0,0,0,2026/04/01 20:36:25
翌日,20260401,更新後,本四連系線,2026/04/02,16:00,逆方向,-300.0,-900.0,0,0.0,-1200,熱容量（作業）,0,0,0,0,0,2026/04/01 20:36:25
翌日,20260401,更新後,本四連系線,2026/04/02,16:30,順方向,2304.3,-1104.3,0,0.0,1200,熱容量（作業）,0,0,0,0,0,2026/04/01 20:36:25
翌日,20260401,更新後,本四連系線,2026/04/02,16:30,逆方向,-95.7,-1104.3,0,0.0,-1200,熱容量（作業）,0,0,0,0,0,2026/04/01 20:36:25
翌日,20260401,更新後,本四連系線,2026/04/02,17:00,順方向,2243.9,-1043.9,0,0.0,1200,熱容量（作業）,0,0,0,0,0,2026/04/01 20:36:25
翌日,20260401,更新後,本四連系線,2026/04/02,17:00,逆方向,-156.1,-1043.9,0,0.0,-1200,熱容量（作業）,0,0,0,0,0,2026/04/01 20:36:25
翌日,20260401,更新後,本四連系線,2026/04/02,17:30,順方向,2351.9,-1151.9,0,0.0,1200,熱容量（作業）,0,0,0,0,0,2026/04/01 20:36:25
翌日,20260401,更新後,本四連系線,2026/04/02,17:30,逆方向,-48.1,-1151.9,0,0.0,-1200,熱容量（作業）,0,0,0,0,0,2026/04/01 20:36:25
翌日,20260401,更新後,本四連系線,2026/04/02,18:00,順方向,2395.6,-1195.6,0,0.0,1200,熱容量（作業）,0,0,0,0,0,2026/04/01 20:36:25
翌日,20260401,更新後,本四連系線,2026/04/02,18:00,逆方向,-4.4,-1195.6,0,0.0,-1200,熱容量（作業）,0,0,0,0,0,2026/04/01 20:36:25
翌日,20260401,更新後,本四連系線,2026/04/02,18:30,順方向,2258.0,-1058.0,0,0.0,1200,熱容量（作業）,0,0,0,0,0,2026/04/01 20:36:25
翌日,20260401,更新後,本四連系線,2026/04/02,18:30,逆方向,-142.0,-1058.0,0,0.0,-1200,熱容量（作業）,0,0,0,0,0,2026/04/01 20:36:25
翌日,20260401,更新後,本四連系線,2026/04/02,19:00,順方向,2194.3,-994.3,0,0.0,1200,熱容量（作業）,0,0,0,0,0,2026/04/01 20:36:25
翌日,20260401,更新後,本四連系線,2026/04/02,19:00,逆方向,-205.7,-994.3,0,0.0,-1200,熱容量（作業）,0,0,0,0,0,2026/04/01 20:36:25
翌日,20260401,更新後,本四連系線,2026/04/02,19:30,順方向,2184.0,-984.0,0,0.0,1200,熱容量（作業）,0,0,0,0,0,2026/04/01 20:36:25
翌日,20260401,更新後,本四連系線,2026/04/02,19:30,逆方向,-216.0,-984.0,0,0.0,-1200,熱容量（作業）,0,0,0,0,0,2026/04/01 20:36:25
翌日,20260401,更新後,本四連系線,2026/04/02,20:00,順方向,2400.0,-1200.0,0,0.0,1200,熱容量（作業）,0,0,0,0,0,2026/04/01 20:36:25
翌日,20260401,更新後,本四連系線,2026/04/02,20:00,逆方向,0.0,-1200.0,0,0.0,-1200,熱容量（作業）,0,0,0,0,0,2026/04/01 20:36:25
翌日,20260401,更新後,本四連系線,2026/04/02,20:30,順方向,2400.0,-1200.0,0,0.0,1200,熱容量（作業）,0,0,0,0,0,2026/04/01 20:36:25
翌日,20260401,更新後,本四連系線,2026/04/02,20:30,逆方向,0.0,-1200.0,0,0.0,-1200,熱容量（作業）,0,0,0,0,0,2026/04/01 20:36:25
翌日,20260401,更新後,本四連系線,2026/04/02,21:00,順方向,2400.0,-1200.0,0,0.0,1200,熱容量（作業）,0,0,0,0,0,2026/04/01 20:36:25
翌日,20260401,更新後,本四連系線,2026/04/02,21:00,逆方向,0.0,-1200.0,0,0.0,-1200,熱容量（作業）,0,0,0,0,0,2026/04/01 20:36:25
翌日,20260401,更新後,本四連系線,2026/04/02,21:30,順方向,2392.0,-1200.0,0,8.0,1200,熱容量（作業）,0,0,0,0,0,2026/04/01 20:36:25
翌日,20260401,更新後,本四連系線,2026/04/02,21:30,逆方向,0.0,-1200.0,0,0.0,-1200,熱容量（作業）,0,0,0,0,0,2026/04/01 20:36:25
翌日,20260401,更新後,本四連系線,2026/04/02,22:00,順方向,2267.8,-1067.8,0,0.0,1200,熱容量（作業）,0,0,0,0,0,2026/04/01 20:36:25
翌日,20260401,更新後,本四連系線,2026/04/02,22:00,逆方向,-132.2,-1067.8,0,0.0,-1200,熱容量（作業）,0,0,0,0,0,2026/04/01 20:36:25
翌日,20260401,更新後,本四連系線,2026/04/02,22:30,順方向,2257.7,-1057.7,0,0.0,1200,熱容量（作業）,0,0,0,0,0,2026/04/01 20:36:25
翌日,20260401,更新後,本四連系線,2026/04/02,22:30,逆方向,-142.3,-1057.7,0,0.0,-1200,熱容量（作業）,0,0,0,0,0,2026/04/01 20:36:25
翌日,20260401,更新後,本四連系線,2026/04/02,23:00,順方向,2316.7,-1116.7,0,0.0,1200,熱容量（作業）,0,0,0,0,0,2026/04/01 20:36:25
翌日,20260401,更新後,本四連系線,2026/04/02,23:00,逆方向,-83.3,-1116.7,0,0.0,-1200,熱容量（作業）,0,0,0,0,0,2026/04/01 20:36:25
翌日,20260401,更新後,本四連系線,2026/04/02,23:30,順方向,2348.0,-1148.0,0,0.0,1200,熱容量（作業）,0,0,0,0,0,2026/04/01 20:36:25
翌日,20260401,更新後,本四連系線,2026/04/02,23:30,逆方向,-52.0,-1148.0,0,0.0,-1200,熱容量（作業）,0,0,0,0,0,2026/04/01 20:36:25
翌日,20260401,更新後,本四連系線,2026/04/02,24:00,順方向,2271.4,-1071.4,0,0.0,1200,熱容量（作業）,0,0,0,0,0,2026/04/01 20:36:25
翌日,20260401,更新後,本四連系線,2026/04/02,24:00,逆方向,-128.6,-1071.4,0,0.0,-1200,熱容量（作業）,0,0,0,0,0,2026/04/01 20:36:25
翌日,20260401,更新後,関門連系線,2026/04/02,00:30,順方向,1769.3,-1192.3,0,183.0,760,周波数,0,0,0,0,0,2026/04/01 20:36:25
翌日,20260401,更新後,関門連系線,2026/04/02,00:30,逆方向,-637.7,-1192.3,0,0.0,-1830,周波数,0,0,0,0,0,2026/04/01 20:36:25
翌日,20260401,更新後,関門連系線,2026/04/02,01:00,順方向,1461.173,-892.4,0,191.227,760,周波数,0,0,0,0,0,2026/04/01 20:36:25
翌日,20260401,更新後,関門連系線,2026/04/02,01:00,逆方向,-917.6,-892.4,0,0.0,-1810,周波数,0,0,0,0,0,2026/04/01 20:36:25
翌日,20260401,更新後,関門連系線,2026/04/02,01:30,順方向,1357.5,-778.5,0,181.0,760,周波数,0,0,0,0,0,2026/04/01 20:36:25
翌日,20260401,更新後,関門連系線,2026/04/02,01:30,逆方向,-1011.5,-778.5,0,0.0,-1790,周波数,0,0,0,0,0,2026/04/01 20:36:25
翌日,20260401,更新後,関門連系線,2026/04/02,02:00,順方向,1397.9,-818.9,0,181.0,760,周波数,0,0,0,0,0,2026/04/01 20:36:25
翌日,20260401,更新後,関門連系線,2026/04/02,02:00,逆方向,-971.1,-818.9,0,0.0,-1790,周波数,0,0,0,0,0,2026/04/01 20:36:25
翌日,20260401,更新後,関門連系線,2026/04/02,02:30,順方向,1653.2,-1074.2,0,181.0,760,周波数,0,0,0,0,0,2026/04/01 20:36:25
翌日,20260401,更新後,関門連系線,2026/04/02,02:30,逆方向,-745.8,-1074.2,0,0.0,-1820,周波数,0,0,0,0,0,2026/04/01 20:36:25
翌日,20260401,更新後,関門連系線,2026/04/02,03:00,順方向,1845.773,-1264.0,0,188.227,770,周波数,0,0,0,0,0,2026/04/01 20:36:25
翌日,20260401,更新後,関門連系線,2026/04/02,03:00,逆方向,-586.0,-1264.0,0,0.0,-1850,周波数,0,0,0,0,0,2026/04/01 20:36:25
翌日,20260401,更新後,関門連系線,2026/04/02,03:30,順方向,1981.187,-1336.9,0,135.713,780,周波数,0,0,0,0,0,2026/04/01 20:36:25
翌日,20260401,更新後,関門連系線,2026/04/02,03:30,逆方向,-563.1,-1336.9,0,0.0,-1900,周波数,0,0,0,0,0,2026/04/01 20:36:25
翌日,20260401,更新後,関門連系線,2026/04/02,04:00,順方向,2002.4,-1202.4,0,0.0,800,周波数,0,0,0,0,0,2026/04/01 20:36:25
翌日,20260401,更新後,関門連系線,2026/04/02,04:00,逆方向,-747.6,-1202.4,0,0.0,-1950,周波数,0,0,0,0,0,2026/04/01 20:36:25
翌日,20260401,更新後,関門連系線,2026/04/02,04:30,順方向,1920.3,-1295.3,0,185.0,810,周波数,0,0,0,0,0,2026/04/01 20:36:25
翌日,20260401,更新後,関門連系線,2026/04/02,04:30,逆方向,-596.724,-1295.3,0,-77.976,-1970,周波数,0,0,0,0,0,2026/04/01 20:36:25
翌日,20260401,更新後,関門連系線,2026/04/02,05:00,順方向,1891.1,-1276.1,0,205.0,820,周波数,0,0,0,0,0,2026/04/01 20:36:25
翌日,20260401,更新後,関門連系線,2026/04/02,05:00,逆方向,-703.9,-1276.1,0,0.0,-1980,周波数,0,0,0,0,0,2026/04/01 20:36:25
翌日,20260401,更新後,関門連系線,2026/04/02,05:30,順方向,1919.0,-1304.0,0,205.0,820,周波数,0,0,0,0,0,2026/04/01 20:36:25
翌日,20260401,更新後,関門連系線,2026/04/02,05:30,逆方向,-661.764,-1304.0,0,-4.236,-1970,周波数,0,0,0,0,0,2026/04/01 20:36:25
翌日,20260401,更新後,関門連系線,2026/04/02,06:00,順方向,1890.187,-1222.7,0,42.513,710,周波数,0,0,0,0,0,2026/04/01 20:36:25
翌日,20260401,更新後,関門連系線,2026/04/02,06:00,逆方向,-737.283,-1222.7,0,-0.017,-1960,周波数,0,0,0,0,0,2026/04/01 20:36:25
翌日,20260401,更新後,関門連系線,2026/04/02,06:30,順方向,1491.361,-1170.3,0,278.939,600,周波数,0,0,0,0,0,2026/04/01 20:36:25
翌日,20260401,更新後,関門連系線,2026/04/02,06:30,逆方向,-772.7,-1170.3,0,-7.0,-1950,周波数,0,0,0,0,0,2026/04/01 20:36:25
翌日,20260401,更新後,関門連系線,2026/04/02,07:00,順方向,1573.961,-1316.4,0,292.439,550,周波数,0,0,0,0,0,2026/04/01 20:36:25
翌日,20260401,更新後,関門連系線,2026/04/02,07:00,逆方向,-613.6,-1316.4,0,-20.0,-1950,周波数,0,0,0,0,0,2026/04/01 20:36:25
翌日,20260401,更新後,関門連系線,2026/04/02,07:30,順方向,1604.588,-1515.2,0,420.612,510,周波数,0,0,0,0,0,2026/04/01 20:36:25
翌日,20260401,更新後,関門連系線,2026/04/02,07:30,逆方向,-462.624,-1515.2,0,-2.176,-1980,周波数,0,0,0,0,0,2026/04/01 20:36:25
翌日,20260401,更新後,関門連系線,2026/04/02,08:00,順方向,1551.1,-1551.1,0,510.0,510,周波数,0,0,0,0,0,2026/04/01 20:36:25
翌日,20260401,更新後,関門連系線,2026/04/02,08:00,逆方向,-457.724,-1551.1,0,-1.176,-2010,周波数,0,0,0,0,0,2026/04/01 20:36:25
翌日,20260401,更新後,関門連系線,2026/04/02,08:30,順方向,1691.0,-1671.3,0,400.3,420,周波数,0,0,0,0,0,2026/04/01 20:36:25
翌日,20260401,更新後,関門連系線,2026/04/02,08:30,逆方向,-538.7,-1671.3,0,0.0,-2210,周波数,0,0,0,0,0,2026/04/01 20:36:25
翌日,20260401,更新後,関門連系線,2026/04/02,09:00,順方向,1921.8,-1921.8,0,360.0,360,周波数,0,0,0,0,0,2026/04/01 20:36:25
翌日,20260401,更新後,関門連系線,2026/04/02,09:00,逆方向,-125.2,-1921.8,0,0.0,-2047,周波数,0,0,0,0,0,2026/04/01 20:36:25
翌日,20260401,更新後,関門連系線,2026/04/02,09:30,順方向,2194.0,-2194.0,0,300.0,300,周波数,0,0,0,0,0,2026/04/01 20:36:25
翌日,20260401,更新後,関門連系線,2026/04/02,09:30,逆方向,0.0,-2194.0,0,0.0,-2194,周波数,0,0,0,0,0,2026/04/01 20:36:25
翌日,20260401,更新後,関門連系線,2026/04/02,10:00,順方向,2229.0,-2229.0,0,290.0,290,周波数,0,0,0,0,0,2026/04/01 20:36:25
翌日,20260401,更新後,関門連系線,2026/04/02,10:00,逆方向,0.0,-2229.0,0,0.0,-2229,周波数,0,0,0,0,0,2026/04/01 20:36:25
翌日,20260401,更新後,関門連系線,2026/04/02,10:30,順方向,2354.52,-2241.0,0,176.48,290,周波数,0,0,0,0,0,2026/04/01 20:36:25
翌日,20260401,更新後,関門連系線,2026/04/02,10:30,逆方向,0.0,-2241.0,0,0.0,-2241,周波数,0,0,0,0,0,2026/04/01 20:36:25
翌日,20260401,更新後,関門連系線,2026/04/02,11:00,順方向,2328.0,-2260.0,0,222.0,290,周波数,0,0,0,0,0,2026/04/01 20:36:25
翌日,20260401,更新後,関門連系線,2026/04/02,11:00,逆方向,0.0,-2260.0,0,0.0,-2260,周波数,0,0,0,0,0,2026/04/01 20:36:25
翌日,20260401,更新後,関門連系線,2026/04/02,11:30,順方向,2284.0,-2275.0,0,281.0,290,周波数,0,0,0,0,0,2026/04/01 20:36:25
翌日,20260401,更新後,関門連系線,2026/04/02,11:30,逆方向,0.0,-2275.0,0,0.0,-2275,周波数,0,0,0,0,0,2026/04/01 20:36:25
翌日,20260401,更新後,関門連系線,2026/04/02,12:00,順方向,2272.0,-2272.0,0,300.0,300,周波数,0,0,0,0,0,2026/04/01 20:36:25
翌日,20260401,更新後,関門連系線,2026/04/02,12:00,逆方向,0.0,-2272.0,0,0.0,-2272,周波数,0,0,0,0,0,2026/04/01 20:36:25
翌日,20260401,更新後,関門連系線,2026/04/02,12:30,順方向,2261.108,-2250.0,0,288.892,300,周波数,0,0,0,0,0,2026/04/01 20:36:25
翌日,20260401,更新後,関門連系線,2026/04/02,12:30,逆方向,0.0,-2250.0,0,0.0,-2250,周波数,0,0,0,0,0,2026/04/01 20:36:25
翌日,20260401,更新後,関門連系線,2026/04/02,13:00,順方向,2250.0,-2250.0,0,290.0,290,周波数,0,0,0,0,0,2026/04/01 20:36:25
翌日,20260401,更新後,関門連系線,2026/04/02,13:00,逆方向,0.0,-2250.0,0,0.0,-2250,周波数,0,0,0,0,0,2026/04/01 20:36:25
翌日,20260401,更新後,関門連系線,2026/04/02,13:30,順方向,2473.602,-2273.0,0,89.398,290,周波数,0,0,0,0,0,2026/04/01 20:36:25
翌日,20260401,更新後,関門連系線,2026/04/02,13:30,逆方向,0.0,-2273.0,0,0.0,-2273,周波数,0,0,0,0,0,2026/04/01 20:36:25
翌日,20260401,更新後,関門連系線,2026/04/02,14:00,順方向,2268.0,-2268.0,0,280.0,280,周波数,0,0,0,0,0,2026/04/01 20:36:25
翌日,20260401,更新後,関門連系線,2026/04/02,14:00,逆方向,0.0,-2268.0,0,0.0,-2268,周波数,0,0,0,0,0,2026/04/01 20:36:25
翌日,20260401,更新後,関門連系線,2026/04/02,14:30,順方向,2262.0,-2262.0,0,280.0,280,周波数,0,0,0,0,0,2026/04/01 20:36:25
翌日,20260401,更新後,関門連系線,2026/04/02,14:30,逆方向,0.0,-2262.0,0,0.0,-2262,周波数,0,0,0,0,0,2026/04/01 20:36:25
翌日,20260401,更新後,関門連系線,2026/04/02,15:00,順方向,2242.0,-2242.0,0,280.0,280,周波数,0,0,0,0,0,2026/04/01 20:36:25
翌日,20260401,更新後,関門連系線,2026/04/02,15:00,逆方向,0.0,-2242.0,0,0.0,-2242,周波数,0,0,0,0,0,2026/04/01 20:36:25
翌日,20260401,更新後,関門連系線,2026/04/02,15:30,順方向,2281.802,-2232.0,0,300.198,350,周波数,0,0,0,0,0,2026/04/01 20:36:25
翌日,20260401,更新後,関門連系線,2026/04/02,15:30,逆方向,0.0,-2232.0,0,0.0,-2232,周波数,0,0,0,0,0,2026/04/01 20:36:25
翌日,20260401,更新後,関門連系線,2026/04/02,16:00,順方向,2383.457,-2218.0,0,264.543,430,周波数,0,0,0,0,0,2026/04/01 20:36:25
翌日,20260401,更新後,関門連系線,2026/04/02,16:00,逆方向,0.0,-2218.0,0,0.0,-2218,周波数,0,0,0,0,0,2026/04/01 20:36:25
翌日,20260401,更新後,関門連系線,2026/04/02,16:30,順方向,2395.152,-2119.8,0,204.648,480,周波数,0,0,0,0,0,2026/04/01 20:36:25
翌日,20260401,更新後,関門連系線,2026/04/02,16:30,逆方向,-111.2,-2119.8,0,0.0,-2231,周波数,0,0,0,0,0,2026/04/01 20:36:25
翌日,20260401,更新後,関門連系線,2026/04/02,17:00,順方向,2240.0,-2240.0,0,530.0,530,周波数,0,0,0,0,0,2026/04/01 20:36:25
翌日,20260401,更新後,関門連系線,2026/04/02,17:00,逆方向,0.0,-2240.0,0,0.0,-2240,周波数,0,0,0,0,0,2026/04/01 20:36:25
翌日,20260401,更新後,関門連系線,2026/04/02,17:30,順方向,2213.738,-1764.0,0,130.262,580,周波数,0,0,0,0,0,2026/04/01 20:36:25
翌日,20260401,更新後,関門連系線,2026/04/02,17:30,逆方向,-446.0,-1764.0,0,0.0,-2210,周波数,0,0,0,0,0,2026/04/01 20:36:25
翌日,20260401,更新後,関門連系線,2026/04/02,18:00,順方向,2214.5,-1746.6,0,162.1,630,周波数,0,0,0,0,0,2026/04/01 20:36:25
翌日,20260401,更新後,関門連系線,2026/04/02,18:00,逆方向,-435.396,-1746.6,0,-28.004,-2210,周波数,0,0,0,0,0,2026/04/01 20:36:25
翌日,20260401,更新後,関門連系線,2026/04/02,18:30,順方向,2279.7,-1549.7,0,0.0,730,周波数,0,0,0,0,0,2026/04/01 20:36:25
翌日,20260401,更新後,関門連系線,2026/04/02,18:30,逆方向,-660.3,-1549.7,0,0.0,-2210,周波数,0,0,0,0,0,2026/04/01 20:36:25
翌日,20260401,更新後,関門連系線,2026/04/02,19:00,順方向,2478.1,-1638.1,0,0.0,840,周波数,0,0,0,0,0,2026/04/01 20:36:25
翌日,20260401,更新後,関門連系線,2026/04/02,19:00,逆方向,-551.9,-1638.1,0,0.0,-2190,周波数,0,0,0,0,0,2026/04/01 20:36:25
翌日,20260401,更新後,関門連系線,2026/04/02,19:30,順方向,2429.1,-1579.1,0,0.0,850,周波数,0,0,0,0,0,2026/04/01 20:36:25
翌日,20260401,更新後,関門連系線,2026/04/02,19:30,逆方向,-600.9,-1579.1,0,0.0,-2180,周波数,0,0,0,0,0,2026/04/01 20:36:25
翌日,20260401,更新後,関門連系線,2026/04/02,20:00,順方向,2330.5,-1480.5,0,0.0,850,周波数,0,0,0,0,0,2026/04/01 20:36:25
翌日,20260401,更新後,関門連系線,2026/04/02,20:00,逆方向,-659.5,-1480.5,0,0.0,-2140,周波数,0,0,0,0,0,2026/04/01 20:36:25
翌日,20260401,更新後,関門連系線,2026/04/02,20:30,順方向,2408.7,-1568.7,0,0.0,840,周波数,0,0,0,0,0,2026/04/01 20:36:25
翌日,20260401,更新後,関門連系線,2026/04/02,20:30,逆方向,-531.3,-1568.7,0,0.0,-2100,周波数,0,0,0,0,0,2026/04/01 20:36:25
翌日,20260401,更新後,関門連系線,2026/04/02,21:00,順方向,2504.7,-1674.7,0,0.0,830,周波数,0,0,0,0,0,2026/04/01 20:36:25
翌日,20260401,更新後,関門連系線,2026/04/02,21:00,逆方向,-385.3,-1674.7,0,0.0,-2060,周波数,0,0,0,0,0,2026/04/01 20:36:25
翌日,20260401,更新後,関門連系線,2026/04/02,21:30,順方向,2306.2,-1491.2,0,5.0,820,周波数,0,0,0,0,0,2026/04/01 20:36:25
翌日,20260401,更新後,関門連系線,2026/04/02,21:30,逆方向,-504.624,-1491.2,0,-24.176,-2020,周波数,0,0,0,0,0,2026/04/01 20:36:25
翌日,20260401,更新後,関門連系線,2026/04/02,22:00,順方向,2443.9,-1627.9,0,4.0,820,周波数,0,0,0,0,0,2026/04/01 20:36:25
翌日,20260401,更新後,関門連系線,2026/04/02,22:00,逆方向,-392.1,-1627.9,0,0.0,-2020,周波数,0,0,0,0,0,2026/04/01 20:36:25
翌日,20260401,更新後,関門連系線,2026/04/02,22:30,順方向,2115.0,-1320.0,0,5.0,800,周波数,0,0,0,0,0,2026/04/01 20:36:25
翌日,20260401,更新後,関門連系線,2026/04/02,22:30,逆方向,-595.824,-1320.0,0,-24.176,-1940,周波数,0,0,0,0,0,2026/04/01 20:36:25
翌日,20260401,更新後,関門連系線,2026/04/02,23:00,順方向,2385.71,-1603.0,0,7.29,790,周波数,0,0,0,0,0,2026/04/01 20:36:25
翌日,20260401,更新後,関門連系線,2026/04/02,23:00,逆方向,-307.0,-1603.0,0,0.0,-1910,周波数,0,0,0,0,0,2026/04/01 20:36:25
翌日,20260401,更新後,関門連系線,2026/04/02,23:30,順方向,2371.31,-1612.6,0,21.29,780,周波数,0,0,0,0,0,2026/04/01 20:36:25
翌日,20260401,更新後,関門連系線,2026/04/02,23:30,逆方向,-267.4,-1612.6,0,0.0,-1880,周波数,0,0,0,0,0,2026/04/01 20:36:25
翌日,20260401,更新後,関門連系線,2026/04/02,24:00,順方向,2117.3,-1352.3,0,5.0,770,周波数,0,0,0,0,0,2026/04/01 20:36:25
翌日,20260401,更新後,関門連系線,2026/04/02,24:00,逆方向,-476.924,-1352.3,0,-20.776,-1850,周波数,0,0,0,0,0,2026/04/01 20:36:25
翌日,20260401,更新後,中部フェンス,2026/04/02,00:30,順方向,4179.35,-2830.0,0,640.65,1990,安定度（作業）,0,0,0,0,0,2026/04/01 20:36:25
翌日,20260401,更新後,中部フェンス,2026/04/02,00:30,逆方向,0.0,-2830.0,0,0.0,-2830,電圧（作業）,0,0,0,0,0,2026/04/01 20:36:25
翌日,20260401,更新後,中部フェンス,2026/04/02,01:00,順方向,3896.701,-2830.0,0,923.299,1990,安定度（作業）,0,0,0,0,0,2026/04/01 20:36:25
翌日,20260401,更新後,中部フェンス,2026/04/02,01:00,逆方向,0.0,-2830.0,0,0.0,-2830,電圧（作業）,0,0,0,0,0,2026/04/01 20:36:25
翌日,20260401,更新後,中部フェンス,2026/04/02,01:30,順方向,3923.518,-2830.0,0,896.482,1990,安定度（作業）,0,0,0,0,0,2026/04/01 20:36:25
翌日,20260401,更新後,中部フェンス,2026/04/02,01:30,逆方向,0.0,-2830.0,0,0.0,-2830,電圧（作業）,0,0,0,0,0,2026/04/01 20:36:25
翌日,20260401,更新後,中部フェンス,2026/04/02,02:00,順方向,3919.498,-2830.0,0,900.502,1990,安定度（作業）,0,0,0,0,0,2026/04/01 20:36:25
翌日,20260401,更新後,中部フェンス,2026/04/02,02:00,逆方向,0.0,-2830.0,0,0.0,-2830,電圧（作業）,0,0,0,0,0,2026/04/01 20:36:25
翌日,20260401,更新後,中部フェンス,2026/04/02,02:30,順方向,3943.414,-2830.0,0,876.586,1990,安定度（作業）,0,0,0,0,0,2026/04/01 20:36:25
翌日,20260401,更新後,中部フェンス,2026/04/02,02:30,逆方向,0.0,-2830.0,0,0.0,-2830,電圧（作業）,0,0,0,0,0,2026/04/01 20:36:25
翌日,20260401,更新後,中部フェンス,2026/04/02,03:00,順方向,3953.033,-2830.0,0,866.967,1990,安定度（作業）,0,0,0,0,0,2026/04/01 20:36:25
翌日,20260401,更新後,中部フェンス,2026/04/02,03:00,逆方向,0.0,-2830.0,0,0.0,-2830,電圧（作業）,0,0,0,0,0,2026/04/01 20:36:25
翌日,20260401,更新後,中部フェンス,2026/04/02,03:30,順方向,3987.013,-2830.0,0,832.987,1990,安定度（作業）,0,0,0,0,0,2026/04/01 20:36:25
翌日,20260401,更新後,中部フェンス,2026/04/02,03:30,逆方向,0.0,-2830.0,0,0.0,-2830,電圧（作業）,0,0,0,0,0,2026/04/01 20:36:25
翌日,20260401,更新後,中部フェンス,2026/04/02,04:00,順方向,4094.769,-2830.0,0,725.231,1990,安定度（作業）,0,0,0,0,0,2026/04/01 20:36:25
翌日,20260401,更新後,中部フェンス,2026/04/02,04:00,逆方向,0.0,-2830.0,0,0.0,-2830,電圧（作業）,0,0,0,0,0,2026/04/01 20:36:25
翌日,20260401,更新後,中部フェンス,2026/04/02,04:30,順方向,4240.873,-2830.0,0,579.127,1990,安定度（作業）,0,0,0,0,0,2026/04/01 20:36:25
翌日,20260401,更新後,中部フェンス,2026/04/02,04:30,逆方向,0.0,-2830.0,0,0.0,-2830,電圧（作業）,0,0,0,0,0,2026/04/01 20:36:25
翌日,20260401,更新後,中部フェンス,2026/04/02,05:00,順方向,3877.935,-2830.0,0,942.065,1990,安定度（作業）,0,0,0,0,0,2026/04/01 20:36:25
翌日,20260401,更新後,中部フェンス,2026/04/02,05:00,逆方向,0.0,-2830.0,0,0.0,-2830,電圧（作業）,0,0,0,0,0,2026/04/01 20:36:25
翌日,20260401,更新後,中部フェンス,2026/04/02,05:30,順方向,3880.702,-2830.0,0,939.298,1990,安定度（作業）,0,0,0,0,0,2026/04/01 20:36:25
翌日,20260401,更新後,中部フェンス,2026/04/02,05:30,逆方向,0.0,-2830.0,0,0.0,-2830,電圧（作業）,0,0,0,0,0,2026/04/01 20:36:25
翌日,20260401,更新後,中部フェンス,2026/04/02,06:00,順方向,4040.117,-2830.0,0,779.883,1990,安定度（作業）,0,0,0,0,0,2026/04/01 20:36:25
翌日,20260401,更新後,中部フェンス,2026/04/02,06:00,逆方向,0.0,-2830.0,0,0.0,-2830,電圧（作業）,0,0,0,0,0,2026/04/01 20:36:25
翌日,20260401,更新後,中部フェンス,2026/04/02,06:30,順方向,3939.295,-2830.0,0,880.705,1990,安定度（作業）,0,0,0,0,0,2026/04/01 20:36:25
翌日,20260401,更新後,中部フェンス,2026/04/02,06:30,逆方向,0.0,-2830.0,0,0.0,-2830,電圧（作業）,0,0,0,0,0,2026/04/01 20:36:25
翌日,20260401,更新後,中部フェンス,2026/04/02,07:00,順方向,3940.406,-2830.0,0,879.594,1990,安定度（作業）,0,0,0,0,0,2026/04/01 20:36:25
翌日,20260401,更新後,中部フェンス,2026/04/02,07:00,逆方向,0.0,-2830.0,0,0.0,-2830,電圧（作業）,0,0,0,0,0,2026/04/01 20:36:25
翌日,20260401,更新後,中部フェンス,2026/04/02,07:30,順方向,3716.126,-2830.0,0,1103.874,1990,安定度（作業）,0,0,0,0,0,2026/04/01 20:36:25
翌日,20260401,更新後,中部フェンス,2026/04/02,07:30,逆方向,0.0,-2830.0,0,0.0,-2830,電圧（作業）,0,0,0,0,0,2026/04/01 20:36:25
翌日,20260401,更新後,中部フェンス,2026/04/02,08:00,順方向,3605.959,-2830.0,0,1214.041,1990,安定度（作業）,0,0,0,0,0,2026/04/01 20:36:25
翌日,20260401,更新後,中部フェンス,2026/04/02,08:00,逆方向,0.0,-2830.0,0,0.0,-2830,電圧（作業）,0,0,0,0,0,2026/04/01 20:36:25
翌日,20260401,更新後,中部フェンス,2026/04/02,08:30,順方向,3770.97,-2830.0,0,1189.03,2130,安定度（作業）,0,0,0,0,0,2026/04/01 20:36:25
翌日,20260401,更新後,中部フェンス,2026/04/02,08:30,逆方向,0.0,-2830.0,0,0.0,-2830,電圧（作業）,0,0,0,0,0,2026/04/01 20:36:25
翌日,20260401,更新後,中部フェンス,2026/04/02,09:00,順方向,3502.998,-2830.0,0,1457.002,2130,安定度（作業）,0,0,0,0,0,2026/04/01 20:36:25
翌日,20260401,更新後,中部フェンス,2026/04/02,09:00,逆方向,0.0,-2830.0,0,0.0,-2830,電圧（作業）,0,0,0,0,0,2026/04/01 20:36:25
翌日,20260401,更新後,中部フェンス,2026/04/02,09:30,順方向,5097.508,-3480.8,0,1013.292,2630,安定度（作業）,0,0,0,0,0,2026/04/01 20:36:25
翌日,20260401,更新後,中部フェンス,2026/04/02,09:30,逆方向,-49.2,-3480.8,0,0.0,-3530,電圧（作業）,0,0,0,0,0,2026/04/01 20:36:25
翌日,20260401,更新後,中部フェンス,2026/04/02,10:00,順方向,5269.818,-3473.2,0,833.382,2630,安定度（作業）,0,0,0,0,0,2026/04/01 20:36:25
翌日,20260401,更新後,中部フェンス,2026/04/02,10:00,逆方向,-56.8,-3473.2,0,0.0,-3530,電圧（作業）,0,0,0,0,0,2026/04/01 20:36:25
翌日,20260401,更新後,中部フェンス,2026/04/02,10:30,順方向,5457.508,-3467.5,0,639.992,2630,安定度（作業）,0,0,0,0,0,2026/04/01 20:36:25
翌日,20260401,更新後,中部フェンス,2026/04/02,10:30,逆方向,-62.5,-3467.5,0,0.0,-3530,電圧（作業）,0,0,0,0,0,2026/04/01 20:36:25
翌日,20260401,更新後,中部フェンス,2026/04/02,11:00,順方向,4805.671,-3202.6,0,1026.929,2630,安定度（作業）,0,0,0,0,0,2026/04/01 20:36:25
翌日,20260401,更新後,中部フェンス,2026/04/02,11:00,逆方向,-327.4,-3202.6,0,0.0,-3530,電圧（作業）,0,0,0,0,0,2026/04/01 20:36:25
翌日,20260401,更新後,中部フェンス,2026/04/02,11:30,順方向,4684.119,-3033.4,0,979.281,2630,安定度（作業）,0,0,0,0,0,2026/04/01 20:36:25
翌日,20260401,更新後,中部フェンス,2026/04/02,11:30,逆方向,-496.6,-3033.4,0,0.0,-3530,電圧（作業）,0,0,0,0,0,2026/04/01 20:36:25
翌日,20260401,更新後,中部フェンス,2026/04/02,12:00,順方向,4527.708,-2801.2,0,903.492,2630,安定度（作業）,0,0,0,0,0,2026/04/01 20:36:25
翌日,20260401,更新後,中部フェンス,2026/04/02,12:00,逆方向,-728.8,-2801.2,0,0.0,-3530,電圧（作業）,0,0,0,0,0,2026/04/01 20:36:25
翌日,20260401,更新後,中部フェンス,2026/04/02,12:30,順方向,3934.508,-2212.5,0,907.992,2630,安定度（作業）,0,0,0,0,0,2026/04/01 20:36:25
翌日,20260401,更新後,中部フェンス,2026/04/02,12:30,逆方向,-1219.073,-2212.5,0,-98.427,-3530,電圧（作業）,0,0,0,0,0,2026/04/01 20:36:25
翌日,20260401,更新後,中部フェンス,2026/04/02,13:00,順方向,3675.758,-1945.5,0,899.742,2630,安定度（作業）,0,0,0,0,0,2026/04/01 20:36:25
翌日,20260401,更新後,中部フェンス,2026/04/02,13:00,逆方向,-1382.441,-1945.5,0,-202.059,-3530,電圧（作業）,0,0,0,0,0,2026/04/01 20:36:25
翌日,20260401,更新後,中部フェンス,2026/04/02,13:30,順方向,3770.408,-2224.4,0,1083.992,2630,安定度（作業）,0,0,0,0,0,2026/04/01 20:36:25
翌日,20260401,更新後,中部フェンス,2026/04/02,13:30,逆方向,-1103.411,-2224.4,0,-202.189,-3530,電圧（作業）,0,0,0,0,0,2026/04/01 20:36:25
翌日,20260401,更新後,中部フェンス,2026/04/02,14:00,順方向,4290.908,-2695.3,0,1034.392,2630,安定度（作業）,0,0,0,0,0,2026/04/01 20:36:25
翌日,20260401,更新後,中部フェンス,2026/04/02,14:00,逆方向,-806.617,-2695.3,0,-28.083,-3530,電圧（作業）,0,0,0,0,0,2026/04/01 20:36:25
翌日,20260401,更新後,中部フェンス,2026/04/02,14:30,順方向,4771.88,-3097.2,0,955.32,2630,安定度（作業）,0,0,0,0,0,2026/04/01 20:36:25
翌日,20260401,更新後,中部フェンス,2026/04/02,14:30,逆方向,-432.8,-3097.2,0,0.0,-3530,電圧（作業）,0,0,0,0,0,2026/04/01 20:36:25
翌日,20260401,更新後,中部フェンス,2026/04/02,15:00,順方向,4765.308,-2996.3,0,860.992,2630,安定度（作業）,0,0,0,0,0,2026/04/01 20:36:25
翌日,20260401,更新後,中部フェンス,2026/04/02,15:00,逆方向,-533.7,-2996.3,0,0.0,-3530,電圧（作業）,0,0,0,0,0,2026/04/01 20:36:25
翌日,20260401,更新後,中部フェンス,2026/04/02,15:30,順方向,5155.036,-3453.4,0,928.364,2630,安定度（作業）,0,0,0,0,0,2026/04/01 20:36:25
翌日,20260401,更新後,中部フェンス,2026/04/02,15:30,逆方向,-76.6,-3453.4,0,0.0,-3530,電圧（作業）,0,0,0,0,0,2026/04/01 20:36:25
翌日,20260401,更新後,中部フェンス,2026/04/02,16:00,順方向,5333.76,-3490.8,0,787.04,2630,安定度（作業）,0,0,0,0,0,2026/04/01 20:36:25
翌日,20260401,更新後,中部フェンス,2026/04/02,16:00,逆方向,-39.2,-3490.8,0,0.0,-3530,電圧（作業）,0,0,0,0,0,2026/04/01 20:36:25
翌日,20260401,更新後,中部フェンス,2026/04/02,16:30,順方向,5405.798,-3460.5,0,684.702,2630,安定度（作業）,0,0,0,0,0,2026/04/01 20:36:25
翌日,20260401,更新後,中部フェンス,2026/04/02,16:30,逆方向,-69.5,-3460.5,0,0.0,-3530,電圧（作業）,0,0,0,0,0,2026/04/01 20:36:25
翌日,20260401,更新後,中部フェンス,2026/04/02,17:00,順方向,4938.349,-3530.0,0,1221.651,2630,安定度（作業）,0,0,0,0,0,2026/04/01 20:36:25
翌日,20260401,更新後,中部フェンス,2026/04/02,17:00,逆方向,0.0,-3530.0,0,0.0,-3530,電圧（作業）,0,0,0,0,0,2026/04/01 20:36:25
翌日,20260401,更新後,中部フェンス,2026/04/02,17:30,順方向,5754.104,-3507.4,0,383.296,2630,安定度（作業）,0,0,0,0,0,2026/04/01 20:36:25
翌日,20260401,更新後,中部フェンス,2026/04/02,17:30,逆方向,-22.6,-3507.4,0,0.0,-3530,電圧（作業）,0,0,0,0,0,2026/04/01 20:36:25
翌日,20260401,更新後,中部フェンス,2026/04/02,18:00,順方向,5654.416,-3530.0,0,505.584,2630,安定度（作業）,0,0,0,0,0,2026/04/01 20:36:25
翌日,20260401,更新後,中部フェンス,2026/04/02,18:00,逆方向,0.0,-3530.0,0,0.0,-3530,電圧（作業）,0,0,0,0,0,2026/04/01 20:36:25
翌日,20260401,更新後,中部フェンス,2026/04/02,18:30,順方向,5564.846,-3530.0,0,595.154,2630,安定度（作業）,0,0,0,0,0,2026/04/01 20:36:25
翌日,20260401,更新後,中部フェンス,2026/04/02,18:30,逆方向,0.0,-3530.0,0,0.0,-3530,電圧（作業）,0,0,0,0,0,2026/04/01 20:36:25
翌日,20260401,更新後,中部フェンス,2026/04/02,19:00,順方向,5674.67,-3530.0,0,485.33,2630,安定度（作業）,0,0,0,0,0,2026/04/01 20:36:25
翌日,20260401,更新後,中部フェンス,2026/04/02,19:00,逆方向,0.0,-3530.0,0,0.0,-3530,電圧（作業）,0,0,0,0,0,2026/04/01 20:36:25
翌日,20260401,更新後,中部フェンス,2026/04/02,19:30,順方向,5593.244,-3530.0,0,566.756,2630,安定度（作業）,0,0,0,0,0,2026/04/01 20:36:25
翌日,20260401,更新後,中部フェンス,2026/04/02,19:30,逆方向,0.0,-3530.0,0,0.0,-3530,電圧（作業）,0,0,0,0,0,2026/04/01 20:36:25
翌日,20260401,更新後,中部フェンス,2026/04/02,20:00,順方向,5863.339,-3530.0,0,296.661,2630,安定度（作業）,0,0,0,0,0,2026/04/01 20:36:25
翌日,20260401,更新後,中部フェンス,2026/04/02,20:00,逆方向,0.0,-3530.0,0,0.0,-3530,電圧（作業）,0,0,0,0,0,2026/04/01 20:36:25
翌日,20260401,更新後,中部フェンス,2026/04/02,20:30,順方向,5876.177,-3530.0,0,283.823,2630,安定度（作業）,0,0,0,0,0,2026/04/01 20:36:25
翌日,20260401,更新後,中部フェンス,2026/04/02,20:30,逆方向,0.0,-3530.0,0,0.0,-3530,電圧（作業）,0,0,0,0,0,2026/04/01 20:36:25
翌日,20260401,更新後,中部フェンス,2026/04/02,21:00,順方向,5817.29,-3530.0,0,342.71,2630,安定度（作業）,0,0,0,0,0,2026/04/01 20:36:25
翌日,20260401,更新後,中部フェンス,2026/04/02,21:00,逆方向,0.0,-3530.0,0,0.0,-3530,電圧（作業）,0,0,0,0,0,2026/04/01 20:36:25
翌日,20260401,更新後,中部フェンス,2026/04/02,21:30,順方向,5891.604,-3530.0,0,268.396,2630,安定度（作業）,0,0,0,0,0,2026/04/01 20:36:25
翌日,20260401,更新後,中部フェンス,2026/04/02,21:30,逆方向,0.0,-3530.0,0,0.0,-3530,電圧（作業）,0,0,0,0,0,2026/04/01 20:36:25
翌日,20260401,更新後,中部フェンス,2026/04/02,22:00,順方向,5783.279,-3530.0,0,376.721,2630,安定度（作業）,0,0,0,0,0,2026/04/01 20:36:25
翌日,20260401,更新後,中部フェンス,2026/04/02,22:00,逆方向,0.0,-3530.0,0,0.0,-3530,電圧（作業）,0,0,0,0,0,2026/04/01 20:36:25
翌日,20260401,更新後,中部フェンス,2026/04/02,22:30,順方向,5179.801,-3530.0,0,540.199,2190,安定度（作業）,0,0,0,0,0,2026/04/01 20:36:25
翌日,20260401,更新後,中部フェンス,2026/04/02,22:30,逆方向,0.0,-3530.0,0,0.0,-3530,電圧（作業）,0,0,0,0,0,2026/04/01 20:36:25
翌日,20260401,更新後,中部フェンス,2026/04/02,23:00,順方向,5488.843,-3530.0,0,231.157,2190,安定度（作業）,0,0,0,0,0,2026/04/01 20:36:25
翌日,20260401,更新後,中部フェンス,2026/04/02,23:00,逆方向,0.0,-3530.0,0,0.0,-3530,電圧（作業）,0,0,0,0,0,2026/04/01 20:36:25
翌日,20260401,更新後,中部フェンス,2026/04/02,23:30,順方向,5536.838,-3530.0,0,183.162,2190,安定度（作業）,0,0,0,0,0,2026/04/01 20:36:25
翌日,20260401,更新後,中部フェンス,2026/04/02,23:30,逆方向,0.0,-3530.0,0,0.0,-3530,電圧（作業）,0,0,0,0,0,2026/04/01 20:36:25
翌日,20260401,更新後,中部フェンス,2026/04/02,24:00,順方向,5537.514,-3530.0,0,182.486,2190,安定度（作業）,0,0,0,0,0,2026/04/01 20:36:25
翌日,20260401,更新後,中部フェンス,2026/04/02,24:00,逆方向,0.0,-3530.0,0,0.0,-3530,電圧（作業）,0,0,0,0,0,2026/04/01 20:36:25
翌日,20260401,更新後,北陸フェンス,2026/04/02,00:30,順方向,2675.4,-555.4,0,0.0,2120,電圧（作業）,0,0,0,0,0,2026/04/01 20:36:25
翌日,20260401,更新後,北陸フェンス,2026/04/02,00:30,逆方向,-2374.39,-555.4,0,-40.21,-2970,安定度（作業）,0,0,0,0,0,2026/04/01 20:36:25
翌日,20260401,更新後,北陸フェンス,2026/04/02,01:00,順方向,2566.2,-489.2,0,43.0,2120,電圧（作業）,0,0,0,0,0,2026/04/01 20:36:25
翌日,20260401,更新後,北陸フェンス,2026/04/02,01:00,逆方向,-2458.8,-489.2,0,-22.0,-2970,安定度（作業）,0,0,0,0,0,2026/04/01 20:36:25
翌日,20260401,更新後,北陸フェンス,2026/04/02,01:30,順方向,2616.9,-539.9,0,43.0,2120,電圧（作業）,0,0,0,0,0,2026/04/01 20:36:25
翌日,20260401,更新後,北陸フェンス,2026/04/02,01:30,逆方向,-2408.1,-539.9,0,-22.0,-2970,安定度（作業）,0,0,0,0,0,2026/04/01 20:36:25
翌日,20260401,更新後,北陸フェンス,2026/04/02,02:00,順方向,2671.2,-594.2,0,43.0,2120,電圧（作業）,0,0,0,0,0,2026/04/01 20:36:25
翌日,20260401,更新後,北陸フェンス,2026/04/02,02:00,逆方向,-2353.8,-594.2,0,-22.0,-2970,安定度（作業）,0,0,0,0,0,2026/04/01 20:36:25
翌日,20260401,更新後,北陸フェンス,2026/04/02,02:30,順方向,2785.4,-708.4,0,43.0,2120,電圧（作業）,0,0,0,0,0,2026/04/01 20:36:25
翌日,20260401,更新後,北陸フェンス,2026/04/02,02:30,逆方向,-2243.22,-708.4,0,-18.38,-2970,安定度（作業）,0,0,0,0,0,2026/04/01 20:36:25
翌日,20260401,更新後,北陸フェンス,2026/04/02,03:00,順方向,2577.4,-500.4,0,43.0,2120,電圧（作業）,0,0,0,0,0,2026/04/01 20:36:25
翌日,20260401,更新後,北陸フェンス,2026/04/02,03:00,逆方向,-2447.6,-500.4,0,-22.0,-2970,安定度（作業）,0,0,0,0,0,2026/04/01 20:36:25
翌日,20260401,更新後,北陸フェンス,2026/04/02,03:30,順方向,2534.1,-456.1,0,42.0,2120,電圧（作業）,0,0,0,0,0,2026/04/01 20:36:25
翌日,20260401,更新後,北陸フェンス,2026/04/02,03:30,逆方向,-2491.9,-456.1,0,-22.0,-2970,安定度（作業）,0,0,0,0,0,2026/04/01 20:36:25
翌日,20260401,更新後,北陸フェンス,2026/04/02,04:00,順方向,2454.6,-375.6,0,41.0,2120,電圧（作業）,0,0,0,0,0,2026/04/01 20:36:25
翌日,20260401,更新後,北陸フェンス,2026/04/02,04:00,逆方向,-2572.4,-375.6,0,-22.0,-2970,安定度（作業）,0,0,0,0,0,2026/04/01 20:36:25
翌日,20260401,更新後,北陸フェンス,2026/04/02,04:30,順方向,2556.3,-436.3,0,0.0,2120,電圧（作業）,0,0,0,0,0,2026/04/01 20:36:25
翌日,20260401,更新後,北陸フェンス,2026/04/02,04:30,逆方向,-2480.139,-436.3,0,-53.561,-2970,安定度（作業）,0,0,0,0,0,2026/04/01 20:36:25
翌日,20260401,更新後,北陸フェンス,2026/04/02,05:00,順方向,2447.0,-372.0,0,45.0,2120,電圧（作業）,0,0,0,0,0,2026/04/01 20:36:25
翌日,20260401,更新後,北陸フェンス,2026/04/02,05:00,逆方向,-2578.952,-372.0,0,-19.048,-2970,安定度（作業）,0,0,0,0,0,2026/04/01 20:36:25
翌日,20260401,更新後,北陸フェンス,2026/04/02,05:30,順方向,2539.7,-464.7,0,45.0,2120,電圧（作業）,0,0,0,0,0,2026/04/01 20:36:25
翌日,20260401,更新後,北陸フェンス,2026/04/02,05:30,逆方向,-2491.736,-464.7,0,-13.564,-2970,安定度（作業）,0,0,0,0,0,2026/04/01 20:36:25
翌日,20260401,更新後,北陸フェンス,2026/04/02,06:00,順方向,2545.4,-470.4,0,45.0,2120,電圧（作業）,0,0,0,0,0,2026/04/01 20:36:25
翌日,20260401,更新後,北陸フェンス,2026/04/02,06:00,逆方向,-2484.472,-470.4,0,-15.128,-2970,安定度（作業）,0,0,0,0,0,2026/04/01 20:36:25
翌日,20260401,更新後,北陸フェンス,2026/04/02,06:30,順方向,2478.5,-435.5,0,77.0,2120,電圧（作業）,0,0,0,0,0,2026/04/01 20:36:25
翌日,20260401,更新後,北陸フェンス,2026/04/02,06:30,逆方向,-2528.312,-435.5,0,-6.188,-2970,安定度（作業）,0,0,0,0,0,2026/04/01 20:36:25
翌日,20260401,更新後,北陸フェンス,2026/04/02,07:00,順方向,2470.8,-441.8,0,91.0,2120,電圧（作業）,0,0,0,0,0,2026/04/01 20:36:25
翌日,20260401,更新後,北陸フェンス,2026/04/02,07:00,逆方向,-2514.524,-441.8,0,-13.676,-2970,安定度（作業）,0,0,0,0,0,2026/04/01 20:36:25
翌日,20260401,更新後,北陸フェンス,2026/04/02,07:30,順方向,2406.316,-352.6,0,66.284,2120,電圧（作業）,0,0,0,0,0,2026/04/01 20:36:25
翌日,20260401,更新後,北陸フェンス,2026/04/02,07:30,逆方向,-2584.272,-352.6,0,-33.128,-2970,安定度（作業）,0,0,0,0,0,2026/04/01 20:36:25
翌日,20260401,更新後,北陸フェンス,2026/04/02,08:00,順方向,2205.065,-131.7,0,46.635,2120,電圧（作業）,0,0,0,0,0,2026/04/01 20:36:25
翌日,20260401,更新後,北陸フェンス,2026/04/02,08:00,逆方向,-2815.242,-131.7,0,-23.058,-2970,安定度（作業）,0,0,0,0,0,2026/04/01 20:36:25
翌日,20260401,更新後,北陸フェンス,2026/04/02,08:30,順方向,2000.798,-3.0,0,122.202,2120,電圧（作業）,0,0,0,0,0,2026/04/01 20:36:25
翌日,20260401,更新後,北陸フェンス,2026/04/02,08:30,逆方向,-2963.0,-3.0,0,-4.0,-2970,安定度（作業）,0,0,0,0,0,2026/04/01 20:36:25
翌日,20260401,更新後,北陸フェンス,2026/04/02,09:00,順方向,1979.224,-5.5,0,146.276,2120,電圧（作業）,0,0,0,0,0,2026/04/01 20:36:25
翌日,20260401,更新後,北陸フェンス,2026/04/02,09:00,逆方向,-2964.5,-5.5,0,0.0,-2970,安定度（作業）,0,0,0,0,0,2026/04/01 20:36:25
翌日,20260401,更新後,北陸フェンス,2026/04/02,09:30,順方向,2585.191,-78.3,0,213.109,2720,電圧（作業）,0,0,0,0,0,2026/04/01 20:36:25
翌日,20260401,更新後,北陸フェンス,2026/04/02,09:30,逆方向,-3891.7,-78.3,0,0.0,-3970,安定度（作業）,0,0,0,0,0,2026/04/01 20:36:25
翌日,20260401,更新後,北陸フェンス,2026/04/02,10:00,順方向,2554.758,-54.4,0,219.642,2720,電圧（作業）,0,0,0,0,0,2026/04/01 20:36:25
翌日,20260401,更新後,北陸フェンス,2026/04/02,10:00,逆方向,-3915.6,-54.4,0,0.0,-3970,安定度（作業）,0,0,0,0,0,2026/04/01 20:36:25
翌日,20260401,更新後,北陸フェンス,2026/04/02,10:30,順方向,2495.89,0.3,0,223.81,2720,電圧（作業）,0,0,0,0,0,2026/04/01 20:36:25
翌日,20260401,更新後,北陸フェンス,2026/04/02,10:30,逆方向,-3970.3,0.3,0,0.0,-3970,安定度（作業）,0,0,0,0,0,2026/04/01 20:36:25
翌日,20260401,更新後,北陸フェンス,2026/04/02,11:00,順方向,2406.243,156.0,0,157.757,2720,電圧（作業）,0,0,0,0,0,2026/04/01 20:36:25
翌日,20260401,更新後,北陸フェンス,2026/04/02,11:00,逆方向,-4126.0,156.0,0,0.0,-3970,安定度（作業）,0,0,0,0,0,2026/04/01 20:36:25
翌日,20260401,更新後,北陸フェンス,2026/04/02,11:30,順方向,2385.408,147.2,0,187.392,2720,電圧（作業）,0,0,0,0,0,2026/04/01 20:36:25
翌日,20260401,更新後,北陸フェンス,2026/04/02,11:30,逆方向,-4117.2,147.2,0,0.0,-3970,安定度（作業）,0,0,0,0,0,2026/04/01 20:36:25
翌日,20260401,更新後,北陸フェンス,2026/04/02,12:00,順方向,2580.1,139.9,0,0.0,2720,電圧（作業）,0,0,0,0,0,2026/04/01 20:36:25
翌日,20260401,更新後,北陸フェンス,2026/04/02,12:00,逆方向,-4076.873,139.9,0,-33.027,-3970,安定度（作業）,0,0,0,0,0,2026/04/01 20:36:25
翌日,20260401,更新後,北陸フェンス,2026/04/02,12:30,順方向,2589.2,130.8,0,0.0,2720,電圧（作業）,0,0,0,0,0,2026/04/01 20:36:25
翌日,20260401,更新後,北陸フェンス,2026/04/02,12:30,逆方向,-3928.212,130.8,0,-172.588,-3970,安定度（作業）,0,0,0,0,0,2026/04/01 20:36:25
翌日,20260401,更新後,北陸フェンス,2026/04/02,13:00,順方向,2632.2,87.8,0,0.0,2720,電圧（作業）,0,0,0,0,0,2026/04/01 20:36:25
翌日,20260401,更新後,北陸フェンス,2026/04/02,13:00,逆方向,-3827.428,87.8,0,-230.372,-3970,安定度（作業）,0,0,0,0,0,2026/04/01 20:36:25
翌日,20260401,更新後,北陸フェンス,2026/04/02,13:30,順方向,2930.118,-277.9,0,67.782,2720,電圧（作業）,0,0,0,0,0,2026/04/01 20:36:25
翌日,20260401,更新後,北陸フェンス,2026/04/02,13:30,逆方向,-3692.1,-277.9,0,0.0,-3970,安定度（作業）,0,0,0,0,0,2026/04/01 20:36:25
翌日,20260401,更新後,北陸フェンス,2026/04/02,14:00,順方向,2950.707,-283.9,0,53.193,2720,電圧（作業）,0,0,0,0,0,2026/04/01 20:36:25
翌日,20260401,更新後,北陸フェンス,2026/04/02,14:00,逆方向,-3685.1,-283.9,0,-1.0,-3970,安定度（作業）,0,0,0,0,0,2026/04/01 20:36:25
翌日,20260401,更新後,北陸フェンス,2026/04/02,14:30,順方向,2828.0,-108.0,0,0.0,2720,電圧（作業）,0,0,0,0,0,2026/04/01 20:36:25
翌日,20260401,更新後,北陸フェンス,2026/04/02,14:30,逆方向,-3774.798,-108.0,0,-87.202,-3970,安定度（作業）,0,0,0,0,0,2026/04/01 20:36:25
翌日,20260401,更新後,北陸フェンス,2026/04/02,15:00,順方向,2856.802,-263.1,0,126.298,2720,電圧（作業）,0,0,0,0,0,2026/04/01 20:36:25
翌日,20260401,更新後,北陸フェンス,2026/04/02,15:00,逆方向,-3705.9,-263.1,0,-1.0,-3970,安定度（作業）,0,0,0,0,0,2026/04/01 20:36:25
翌日,20260401,更新後,北陸フェンス,2026/04/02,15:30,順方向,2851.3,-284.3,0,153.0,2720,電圧（作業）,0,0,0,0,0,2026/04/01 20:36:25
翌日,20260401,更新後,北陸フェンス,2026/04/02,15:30,逆方向,-3623.7,-284.3,0,-62.0,-3970,安定度（作業）,0,0,0,0,0,2026/04/01 20:36:25
翌日,20260401,更新後,北陸フェンス,2026/04/02,16:00,順方向,2883.61,-261.0,0,97.39,2720,電圧（作業）,0,0,0,0,0,2026/04/01 20:36:25
翌日,20260401,更新後,北陸フェンス,2026/04/02,16:00,逆方向,-3698.0,-261.0,0,-11.0,-3970,安定度（作業）,0,0,0,0,0,2026/04/01 20:36:25
翌日,20260401,更新後,北陸フェンス,2026/04/02,16:30,順方向,2848.734,-275.0,0,146.266,2720,電圧（作業）,0,0,0,0,0,2026/04/01 20:36:25
翌日,20260401,更新後,北陸フェンス,2026/04/02,16:30,逆方向,-3686.316,-275.0,0,-8.684,-3970,安定度（作業）,0,0,0,0,0,2026/04/01 20:36:25
翌日,20260401,更新後,北陸フェンス,2026/04/02,17:00,順方向,2847.6,-240.6,0,113.0,2720,電圧（作業）,0,0,0,0,0,2026/04/01 20:36:25
翌日,20260401,更新後,北陸フェンス,2026/04/02,17:00,逆方向,-3695.978,-240.6,0,-33.422,-3970,安定度（作業）,0,0,0,0,0,2026/04/01 20:36:25
翌日,20260401,更新後,北陸フェンス,2026/04/02,17:30,順方向,3271.3,-578.3,0,27.0,2720,電圧（作業）,0,0,0,0,0,2026/04/01 20:36:25
翌日,20260401,更新後,北陸フェンス,2026/04/02,17:30,逆方向,-3385.34,-578.3,0,-6.36,-3970,安定度（作業）,0,0,0,0,0,2026/04/01 20:36:25
翌日,20260401,更新後,北陸フェンス,2026/04/02,18:00,順方向,3179.024,-487.3,0,28.276,2720,電圧（作業）,0,0,0,0,0,2026/04/01 20:36:25
翌日,20260401,更新後,北陸フェンス,2026/04/02,18:00,逆方向,-3482.7,-487.3,0,0.0,-3970,安定度（作業）,0,0,0,0,0,2026/04/01 20:36:25
翌日,20260401,更新後,北陸フェンス,2026/04/02,18:30,順方向,3096.6,-380.6,0,4.0,2720,電圧（作業）,0,0,0,0,0,2026/04/01 20:36:25
翌日,20260401,更新後,北陸フェンス,2026/04/02,18:30,逆方向,-3589.4,-380.6,0,0.0,-3970,安定度（作業）,0,0,0,0,0,2026/04/01 20:36:25
翌日,20260401,更新後,北陸フェンス,2026/04/02,19:00,順方向,3069.23,-361.4,0,12.17,2720,電圧（作業）,0,0,0,0,0,2026/04/01 20:36:25
翌日,20260401,更新後,北陸フェンス,2026/04/02,19:00,逆方向,-3608.6,-361.4,0,0.0,-3970,安定度（作業）,0,0,0,0,0,2026/04/01 20:36:25
翌日,20260401,更新後,北陸フェンス,2026/04/02,19:30,順方向,3040.372,-359.1,0,38.728,2720,電圧（作業）,0,0,0,0,0,2026/04/01 20:36:25
翌日,20260401,更新後,北陸フェンス,2026/04/02,19:30,逆方向,-3610.9,-359.1,0,0.0,-3970,安定度（作業）,0,0,0,0,0,2026/04/01 20:36:25
翌日,20260401,更新後,北陸フェンス,2026/04/02,20:00,順方向,3112.4,-396.4,0,4.0,2720,電圧（作業）,0,0,0,0,0,2026/04/01 20:36:25
翌日,20260401,更新後,北陸フェンス,2026/04/02,20:00,逆方向,-3567.988,-396.4,0,-5.612,-3970,安定度（作業）,0,0,0,0,0,2026/04/01 20:36:25
翌日,20260401,更新後,北陸フェンス,2026/04/02,20:30,順方向,3110.3,-390.3,0,0.0,2720,電圧（作業）,0,0,0,0,0,2026/04/01 20:36:25
翌日,20260401,更新後,北陸フェンス,2026/04/02,20:30,逆方向,-3579.7,-390.3,0,0.0,-3970,安定度（作業）,0,0,0,0,0,2026/04/01 20:36:25
翌日,20260401,更新後,北陸フェンス,2026/04/02,21:00,順方向,3138.1,-418.1,0,0.0,2720,電圧（作業）,0,0,0,0,0,2026/04/01 20:36:25
翌日,20260401,更新後,北陸フェンス,2026/04/02,21:00,逆方向,-3546.61,-418.1,0,-5.29,-3970,安定度（作業）,0,0,0,0,0,2026/04/01 20:36:25
翌日,20260401,更新後,北陸フェンス,2026/04/02,21:30,順方向,3134.7,-414.7,0,0.0,2720,電圧（作業）,0,0,0,0,0,2026/04/01 20:36:25
翌日,20260401,更新後,北陸フェンス,2026/04/02,21:30,逆方向,-3550.462,-414.7,0,-4.838,-3970,安定度（作業）,0,0,0,0,0,2026/04/01 20:36:25
翌日,20260401,更新後,北陸フェンス,2026/04/02,22:00,順方向,3126.0,-410.0,0,4.0,2720,電圧（作業）,0,0,0,0,0,2026/04/01 20:36:25
翌日,20260401,更新後,北陸フェンス,2026/04/02,22:00,逆方向,-3535.136,-410.0,0,-24.864,-3970,安定度（作業）,0,0,0,0,0,2026/04/01 20:36:25
翌日,20260401,更新後,北陸フェンス,2026/04/02,22:30,順方向,2857.954,-258.1,0,10.146,2610,熱容量（作業）,0,0,0,0,0,2026/04/01 20:36:25
翌日,20260401,更新後,北陸フェンス,2026/04/02,22:30,逆方向,-3683.614,-258.1,0,-28.286,-3970,安定度（作業）,0,0,0,0,0,2026/04/01 20:36:25
翌日,20260401,更新後,北陸フェンス,2026/04/02,23:00,順方向,2918.5,-308.5,0,0.0,2610,熱容量（作業）,0,0,0,0,0,2026/04/01 20:36:25
翌日,20260401,更新後,北陸フェンス,2026/04/02,23:00,逆方向,-3569.632,-308.5,0,-91.868,-3970,安定度（作業）,0,0,0,0,0,2026/04/01 20:36:25
翌日,20260401,更新後,北陸フェンス,2026/04/02,23:30,順方向,2876.815,-278.4,0,11.585,2610,熱容量（作業）,0,0,0,0,0,2026/04/01 20:36:25
翌日,20260401,更新後,北陸フェンス,2026/04/02,23:30,逆方向,-3565.366,-278.4,0,-126.234,-3970,安定度（作業）,0,0,0,0,0,2026/04/01 20:36:25
翌日,20260401,更新後,北陸フェンス,2026/04/02,24:00,順方向,2955.5,-345.5,0,0.0,2610,熱容量（作業）,0,0,0,0,0,2026/04/01 20:36:25
翌日,20260401,更新後,北陸フェンス,2026/04/02,24:00,逆方向,-3521.326,-345.5,0,-103.174,-3970,安定度（作業）,0,0,0,0,0,2026/04/01 20:36:25
翌日,20260401,更新後,関西フェンス,2026/04/02,00:30,順方向,3583.74,-2274.6,0,680.86,1990,安定度（作業）,0,0,0,0,0,2026/04/01 20:36:25
翌日,20260401,更新後,関西フェンス,2026/04/02,00:30,逆方向,-555.4,-2274.6,0,0.0,-2830,電圧（作業）,0,0,0,0,0,2026/04/01 20:36:25
翌日,20260401,更新後,関西フェンス,2026/04/02,01:00,順方向,3428.501,-2340.8,0,902.299,1990,安定度（作業）,0,0,0,0,0,2026/04/01 20:36:25
翌日,20260401,更新後,関西フェンス,2026/04/02,01:00,逆方向,-489.2,-2340.8,0,0.0,-2830,電圧（作業）,0,0,0,0,0,2026/04/01 20:36:25
翌日,20260401,更新後,関西フェンス,2026/04/02,01:30,順方向,3404.618,-2290.1,0,875.482,1990,安定度（作業）,0,0,0,0,0,2026/04/01 20:36:25
翌日,20260401,更新後,関西フェンス,2026/04/02,01:30,逆方向,-539.9,-2290.1,0,0.0,-2830,電圧（作業）,0,0,0,0,0,2026/04/01 20:36:25
翌日,20260401,更新後,関西フェンス,2026/04/02,02:00,順方向,3346.298,-2235.8,0,879.502,1990,安定度（作業）,0,0,0,0,0,2026/04/01 20:36:25
翌日,20260401,更新後,関西フェンス,2026/04/02,02:00,逆方向,-594.2,-2235.8,0,0.0,-2830,電圧（作業）,0,0,0,0,0,2026/04/01 20:36:25
翌日,20260401,更新後,関西フェンス,2026/04/02,02:30,順方向,3259.634,-2121.6,0,851.966,1990,安定度（作業）,0,0,0,0,0,2026/04/01 20:36:25
翌日,20260401,更新後,関西フェンス,2026/04/02,02:30,逆方向,-708.4,-2121.6,0,0.0,-2830,電圧（作業）,0,0,0,0,0,2026/04/01 20:36:25
翌日,20260401,更新後,関西フェンス,2026/04/02,03:00,順方向,3473.633,-2329.6,0,845.967,1990,安定度（作業）,0,0,0,0,0,2026/04/01 20:36:25
翌日,20260401,更新後,関西フェンス,2026/04/02,03:00,逆方向,-500.4,-2329.6,0,0.0,-2830,電圧（作業）,0,0,0,0,0,2026/04/01 20:36:25
翌日,20260401,更新後,関西フェンス,2026/04/02,03:30,順方向,3550.913,-2373.9,0,812.987,1990,安定度（作業）,0,0,0,0,0,2026/04/01 20:36:25
翌日,20260401,更新後,関西フェンス,2026/04/02,03:30,逆方向,-456.1,-2373.9,0,0.0,-2830,電圧（作業）,0,0,0,0,0,2026/04/01 20:36:25
翌日,20260401,更新後,関西フェンス,2026/04/02,04:00,順方向,3738.169,-2454.4,0,706.231,1990,安定度（作業）,0,0,0,0,0,2026/04/01 20:36:25
翌日,20260401,更新後,関西フェンス,2026/04/02,04:00,逆方向,-375.6,-2454.4,0,0.0,-2830,電圧（作業）,0,0,0,0,0,2026/04/01 20:36:25
翌日,20260401,更新後,関西フェンス,2026/04/02,04:30,順方向,3751.012,-2393.7,0,632.688,1990,安定度（作業）,0,0,0,0,0,2026/04/01 20:36:25
翌日,20260401,更新後,関西フェンス,2026/04/02,04:30,逆方向,-436.3,-2393.7,0,0.0,-2830,電圧（作業）,0,0,0,0,0,2026/04/01 20:36:25
翌日,20260401,更新後,関西フェンス,2026/04/02,05:00,順方向,3531.887,-2458.0,0,916.113,1990,安定度（作業）,0,0,0,0,0,2026/04/01 20:36:25
翌日,20260401,更新後,関西フェンス,2026/04/02,05:00,逆方向,-372.0,-2458.0,0,0.0,-2830,電圧（作業）,0,0,0,0,0,2026/04/01 20:36:25
翌日,20260401,更新後,関西フェンス,2026/04/02,05:30,順方向,3447.438,-2365.3,0,907.862,1990,安定度（作業）,0,0,0,0,0,2026/04/01 20:36:25
翌日,20260401,更新後,関西フェンス,2026/04/02,05:30,逆方向,-464.7,-2365.3,0,0.0,-2830,電圧（作業）,0,0,0,0,0,2026/04/01 20:36:25
翌日,20260401,更新後,関西フェンス,2026/04/02,06:00,順方向,3599.589,-2359.6,0,750.011,1990,安定度（作業）,0,0,0,0,0,2026/04/01 20:36:25
翌日,20260401,更新後,関西フェンス,2026/04/02,06:00,逆方向,-470.4,-2359.6,0,0.0,-2830,電圧（作業）,0,0,0,0,0,2026/04/01 20:36:25
翌日,20260401,更新後,関西フェンス,2026/04/02,06:30,順方向,3574.607,-2394.5,0,809.893,1990,安定度（作業）,0,0,0,0,0,2026/04/01 20:36:25
翌日,20260401,更新後,関西フェンス,2026/04/02,06:30,逆方向,-435.5,-2394.5,0,0.0,-2830,電圧（作業）,0,0,0,0,0,2026/04/01 20:36:25
翌日,20260401,更新後,関西フェンス,2026/04/02,07:00,順方向,3575.93,-2388.2,0,802.27,1990,安定度（作業）,0,0,0,0,0,2026/04/01 20:36:25
翌日,20260401,更新後,関西フェンス,2026/04/02,07:00,逆方向,-441.8,-2388.2,0,0.0,-2830,電圧（作業）,0,0,0,0,0,2026/04/01 20:36:25
翌日,20260401,更新後,関西フェンス,2026/04/02,07:30,順方向,3396.682,-2477.4,0,1070.718,1990,安定度（作業）,0,0,0,0,0,2026/04/01 20:36:25
翌日,20260401,更新後,関西フェンス,2026/04/02,07:30,逆方向,-352.6,-2477.4,0,0.0,-2830,電圧（作業）,0,0,0,0,0,2026/04/01 20:36:25
翌日,20260401,更新後,関西フェンス,2026/04/02,08:00,順方向,3497.836,-2698.3,0,1190.464,1990,安定度（作業）,0,0,0,0,0,2026/04/01 20:36:25
翌日,20260401,更新後,関西フェンス,2026/04/02,08:00,逆方向,-131.7,-2698.3,0,0.0,-2830,電圧（作業）,0,0,0,0,0,2026/04/01 20:36:25
翌日,20260401,更新後,関西フェンス,2026/04/02,08:30,順方向,3886.172,-2827.0,0,1070.828,2130,安定度（作業）,0,0,0,0,0,2026/04/01 20:36:25
翌日,20260401,更新後,関西フェンス,2026/04/02,08:30,逆方向,-3.0,-2827.0,0,0.0,-2830,電圧（作業）,0,0,0,0,0,2026/04/01 20:36:25
翌日,20260401,更新後,関西フェンス,2026/04/02,09:00,順方向,3643.774,-2824.5,0,1310.726,2130,安定度（作業）,0,0,0,0,0,2026/04/01 20:36:25
翌日,20260401,更新後,関西フェンス,2026/04/02,09:00,逆方向,-5.5,-2824.5,0,0.0,-2830,電圧（作業）,0,0,0,0,0,2026/04/01 20:36:25
翌日,20260401,更新後,関西フェンス,2026/04/02,09:30,順方向,5232.317,-3402.5,0,800.183,2630,安定度（作業）,0,0,0,0,0,2026/04/01 20:36:25
翌日,20260401,更新後,関西フェンス,2026/04/02,09:30,逆方向,-127.5,-3402.5,0,0.0,-3530,電圧（作業）,0,0,0,0,0,2026/04/01 20:36:25
翌日,20260401,更新後,関西フェンス,2026/04/02,10:00,順方向,5435.06,-3418.8,0,613.74,2630,安定度（作業）,0,0,0,0,0,2026/04/01 20:36:25
翌日,20260401,更新後,関西フェンス,2026/04/02,10:00,逆方向,-111.2,-3418.8,0,0.0,-3530,電圧（作業）,0,0,0,0,0,2026/04/01 20:36:25
翌日,20260401,更新後,関西フェンス,2026/04/02,10:30,順方向,5681.618,-3467.8,0,416.182,2630,安定度（作業）,0,0,0,0,0,2026/04/01 20:36:25
翌日,20260401,更新後,関西フェンス,2026/04/02,10:30,逆方向,-62.2,-3467.8,0,0.0,-3530,電圧（作業）,0,0,0,0,0,2026/04/01 20:36:25
翌日,20260401,更新後,関西フェンス,2026/04/02,11:00,順方向,5119.428,-3358.6,0,869.172,2630,安定度（作業）,0,0,0,0,0,2026/04/01 20:36:25
翌日,20260401,更新後,関西フェンス,2026/04/02,11:00,逆方向,-171.4,-3358.6,0,0.0,-3530,電圧（作業）,0,0,0,0,0,2026/04/01 20:36:25
翌日,20260401,更新後,関西フェンス,2026/04/02,11:30,順方向,5018.711,-3180.6,0,791.889,2630,安定度（作業）,0,0,0,0,0,2026/04/01 20:36:25
翌日,20260401,更新後,関西フェンス,2026/04/02,11:30,逆方向,-349.4,-3180.6,0,0.0,-3530,電圧（作業）,0,0,0,0,0,2026/04/01 20:36:25
翌日,20260401,更新後,関西フェンス,2026/04/02,12:00,順方向,4634.581,-2941.1,0,936.519,2630,安定度（作業）,0,0,0,0,0,2026/04/01 20:36:25
翌日,20260401,更新後,関西フェンス,2026/04/02,12:00,逆方向,-588.9,-2941.1,0,0.0,-3530,電圧（作業）,0,0,0,0,0,2026/04/01 20:36:25
翌日,20260401,更新後,関西フェンス,2026/04/02,12:30,順方向,3991.147,-2343.3,0,982.153,2630,安定度（作業）,0,0,0,0,0,2026/04/01 20:36:25
翌日,20260401,更新後,関西フェンス,2026/04/02,12:30,逆方向,-1186.7,-2343.3,0,0.0,-3530,電圧（作業）,0,0,0,0,0,2026/04/01 20:36:25
翌日,20260401,更新後,関西フェンス,2026/04/02,13:00,順方向,3710.558,-2033.3,0,952.742,2630,安定度（作業）,0,0,0,0,0,2026/04/01 20:36:25
翌日,20260401,更新後,関西フェンス,2026/04/02,13:00,逆方向,-1472.013,-2033.3,0,-24.687,-3530,電圧（作業）,0,0,0,0,0,2026/04/01 20:36:25
翌日,20260401,更新後,関西フェンス,2026/04/02,13:30,順方向,3519.421,-1946.5,0,1057.079,2630,安定度（作業）,0,0,0,0,0,2026/04/01 20:36:25
翌日,20260401,更新後,関西フェンス,2026/04/02,13:30,逆方向,-1340.442,-1946.5,0,-243.058,-3530,電圧（作業）,0,0,0,0,0,2026/04/01 20:36:25
翌日,20260401,更新後,関西フェンス,2026/04/02,14:00,順方向,4059.201,-2411.4,0,982.199,2630,安定度（作業）,0,0,0,0,0,2026/04/01 20:36:25
翌日,20260401,更新後,関西フェンス,2026/04/02,14:00,逆方向,-1090.517,-2411.4,0,-28.083,-3530,電圧（作業）,0,0,0,0,0,2026/04/01 20:36:25
翌日,20260401,更新後,関西フェンス,2026/04/02,14:30,順方向,4576.678,-2989.2,0,1042.522,2630,安定度（作業）,0,0,0,0,0,2026/04/01 20:36:25
翌日,20260401,更新後,関西フェンス,2026/04/02,14:30,逆方向,-540.8,-2989.2,0,0.0,-3530,電圧（作業）,0,0,0,0,0,2026/04/01 20:36:25
翌日,20260401,更新後,関西フェンス,2026/04/02,15:00,順方向,4627.506,-2733.2,0,735.694,2630,安定度（作業）,0,0,0,0,0,2026/04/01 20:36:25
翌日,20260401,更新後,関西フェンス,2026/04/02,15:00,逆方向,-796.8,-2733.2,0,0.0,-3530,電圧（作業）,0,0,0,0,0,2026/04/01 20:36:25
翌日,20260401,更新後,関西フェンス,2026/04/02,15:30,順方向,4961.736,-3169.1,0,837.364,2630,安定度（作業）,0,0,0,0,0,2026/04/01 20:36:25
翌日,20260401,更新後,関西フェンス,2026/04/02,15:30,逆方向,-360.9,-3169.1,0,0.0,-3530,電圧（作業）,0,0,0,0,0,2026/04/01 20:36:25
翌日,20260401,更新後,関西フェンス,2026/04/02,16:00,順方向,5159.15,-3229.8,0,700.65,2630,安定度（作業）,0,0,0,0,0,2026/04/01 20:36:25
翌日,20260401,更新後,関西フェンス,2026/04/02,16:00,逆方向,-300.2,-3229.8,0,0.0,-3530,電圧（作業）,0,0,0,0,0,2026/04/01 20:36:25
翌日,20260401,更新後,関西フェンス,2026/04/02,16:30,順方向,5268.38,-3185.5,0,547.12,2630,安定度（作業）,0,0,0,0,0,2026/04/01 20:36:25
翌日,20260401,更新後,関西フェンス,2026/04/02,16:30,逆方向,-344.5,-3185.5,0,0.0,-3530,電圧（作業）,0,0,0,0,0,2026/04/01 20:36:25
翌日,20260401,更新後,関西フェンス,2026/04/02,17:00,順方向,4777.327,-3289.4,0,1142.073,2630,安定度（作業）,0,0,0,0,0,2026/04/01 20:36:25
翌日,20260401,更新後,関西フェンス,2026/04/02,17:00,逆方向,-240.6,-3289.4,0,0.0,-3530,電圧（作業）,0,0,0,0,0,2026/04/01 20:36:25
翌日,20260401,更新後,関西フェンス,2026/04/02,17:30,順方向,5196.444,-2929.1,0,362.656,2630,安定度（作業）,0,0,0,0,0,2026/04/01 20:36:25
翌日,20260401,更新後,関西フェンス,2026/04/02,17:30,逆方向,-600.9,-2929.1,0,0.0,-3530,電圧（作業）,0,0,0,0,0,2026/04/01 20:36:25
翌日,20260401,更新後,関西フェンス,2026/04/02,18:00,順方向,5195.392,-3042.7,0,477.308,2630,安定度（作業）,0,0,0,0,0,2026/04/01 20:36:25
翌日,20260401,更新後,関西フェンス,2026/04/02,18:00,逆方向,-487.3,-3042.7,0,0.0,-3530,電圧（作業）,0,0,0,0,0,2026/04/01 20:36:25
翌日,20260401,更新後,関西フェンス,2026/04/02,18:30,順方向,5188.246,-3149.4,0,591.154,2630,安定度（作業）,0,0,0,0,0,2026/04/01 20:36:25
翌日,20260401,更新後,関西フェンス,2026/04/02,18:30,逆方向,-380.6,-3149.4,0,0.0,-3530,電圧（作業）,0,0,0,0,0,2026/04/01 20:36:25
翌日,20260401,更新後,関西フェンス,2026/04/02,19:00,順方向,5325.44,-3168.6,0,473.16,2630,安定度（作業）,0,0,0,0,0,2026/04/01 20:36:25
翌日,20260401,更新後,関西フェンス,2026/04/02,19:00,逆方向,-361.4,-3168.6,0,0.0,-3530,電圧（作業）,0,0,0,0,0,2026/04/01 20:36:25
翌日,20260401,更新後,関西フェンス,2026/04/02,19:30,順方向,5272.872,-3170.9,0,528.028,2630,安定度（作業）,0,0,0,0,0,2026/04/01 20:36:25
翌日,20260401,更新後,関西フェンス,2026/04/02,19:30,逆方向,-359.1,-3170.9,0,0.0,-3530,電圧（作業）,0,0,0,0,0,2026/04/01 20:36:25
翌日,20260401,更新後,関西フェンス,2026/04/02,20:00,順方向,5465.327,-3133.6,0,298.273,2630,安定度（作業）,0,0,0,0,0,2026/04/01 20:36:25
翌日,20260401,更新後,関西フェンス,2026/04/02,20:00,逆方向,-396.4,-3133.6,0,0.0,-3530,電圧（作業）,0,0,0,0,0,2026/04/01 20:36:25
翌日,20260401,更新後,関西フェンス,2026/04/02,20:30,順方向,5485.877,-3139.7,0,283.823,2630,安定度（作業）,0,0,0,0,0,2026/04/01 20:36:25
翌日,20260401,更新後,関西フェンス,2026/04/02,20:30,逆方向,-390.3,-3139.7,0,0.0,-3530,電圧（作業）,0,0,0,0,0,2026/04/01 20:36:25
翌日,20260401,更新後,関西フェンス,2026/04/02,21:00,順方向,5393.9,-3111.9,0,348.0,2630,安定度（作業）,0,0,0,0,0,2026/04/01 20:36:25
翌日,20260401,更新後,関西フェンス,2026/04/02,21:00,逆方向,-418.1,-3111.9,0,0.0,-3530,電圧（作業）,0,0,0,0,0,2026/04/01 20:36:25
翌日,20260401,更新後,関西フェンス,2026/04/02,21:30,順方向,5472.066,-3115.3,0,273.234,2630,安定度（作業）,0,0,0,0,0,2026/04/01 20:36:25
翌日,20260401,更新後,関西フェンス,2026/04/02,21:30,逆方向,-414.7,-3115.3,0,0.0,-3530,電圧（作業）,0,0,0,0,0,2026/04/01 20:36:25
翌日,20260401,更新後,関西フェンス,2026/04/02,22:00,順方向,5352.415,-3120.0,0,397.585,2630,安定度（作業）,0,0,0,0,0,2026/04/01 20:36:25
翌日,20260401,更新後,関西フェンス,2026/04/02,22:00,逆方向,-410.0,-3120.0,0,0.0,-3530,電圧（作業）,0,0,0,0,0,2026/04/01 20:36:25
翌日,20260401,更新後,関西フェンス,2026/04/02,22:30,順方向,4903.561,-3271.9,0,558.339,2190,安定度（作業）,0,0,0,0,0,2026/04/01 20:36:25
翌日,20260401,更新後,関西フェンス,2026/04/02,22:30,逆方向,-258.1,-3271.9,0,0.0,-3530,電圧（作業）,0,0,0,0,0,2026/04/01 20:36:25
翌日,20260401,更新後,関西フェンス,2026/04/02,23:00,順方向,5088.475,-3221.5,0,323.025,2190,安定度（作業）,0,0,0,0,0,2026/04/01 20:36:25
翌日,20260401,更新後,関西フェンス,2026/04/02,23:00,逆方向,-308.5,-3221.5,0,0.0,-3530,電圧（作業）,0,0,0,0,0,2026/04/01 20:36:25
翌日,20260401,更新後,関西フェンス,2026/04/02,23:30,順方向,5143.789,-3251.6,0,297.811,2190,安定度（作業）,0,0,0,0,0,2026/04/01 20:36:25
翌日,20260401,更新後,関西フェンス,2026/04/02,23:30,逆方向,-278.4,-3251.6,0,0.0,-3530,電圧（作業）,0,0,0,0,0,2026/04/01 20:36:25
翌日,20260401,更新後,関西フェンス,2026/04/02,24:00,順方向,5088.84,-3184.5,0,285.66,2190,安定度（作業）,0,0,0,0,0,2026/04/01 20:36:25
翌日,20260401,更新後,関西フェンス,2026/04/02,24:00,逆方向,-345.5,-3184.5,0,0.0,-3530,電圧（作業）,0,0,0,0,0,2026/04/01 20:36:25
翌日,20260401,更新後,関西-中国（東）,2026/04/02,00:30,順方向,6748.775,-2452.758,0,303.983,4600,電圧,0,0,0,0,0,2026/04/01 20:36:25
翌日,20260401,更新後,関西-中国（東）,2026/04/02,00:30,逆方向,-2047.242,-2452.758,0,0.0,-4500,電圧,0,0,0,0,0,2026/04/01 20:36:25
翌日,20260401,更新後,関西-中国（東）,2026/04/02,01:00,順方向,6406.303,-2210.56,0,404.257,4600,電圧,0,0,0,0,0,2026/04/01 20:36:25
翌日,20260401,更新後,関西-中国（東）,2026/04/02,01:00,逆方向,-2289.44,-2210.56,0,0.0,-4500,電圧,0,0,0,0,0,2026/04/01 20:36:25
翌日,20260401,更新後,関西-中国（東）,2026/04/02,01:30,順方向,6268.941,-2052.79,0,383.849,4600,電圧,0,0,0,0,0,2026/04/01 20:36:25
翌日,20260401,更新後,関西-中国（東）,2026/04/02,01:30,逆方向,-2447.152,-2052.848,0,0.0,-4500,電圧,0,0,0,0,0,2026/04/01 20:36:25
翌日,20260401,更新後,関西-中国（東）,2026/04/02,02:00,順方向,6345.418,-2125.734,0,380.316,4600,電圧,0,0,0,0,0,2026/04/01 20:36:25
翌日,20260401,更新後,関西-中国（東）,2026/04/02,02:00,逆方向,-2374.266,-2125.734,0,0.0,-4500,電圧,0,0,0,0,0,2026/04/01 20:36:25
翌日,20260401,更新後,関西-中国（東）,2026/04/02,02:30,順方向,6487.122,-2251.184,0,364.062,4600,電圧,0,0,0,0,0,2026/04/01 20:36:25
翌日,20260401,更新後,関西-中国（東）,2026/04/02,02:30,逆方向,-2248.756,-2251.244,0,0.0,-4500,電圧,0,0,0,0,0,2026/04/01 20:36:25
翌日,20260401,更新後,関西-中国（東）,2026/04/02,03:00,順方向,6954.747,-2716.814,0,362.067,4600,電圧,0,0,0,0,0,2026/04/01 20:36:25
翌日,20260401,更新後,関西-中国（東）,2026/04/02,03:00,逆方向,-1783.186,-2716.814,0,0.0,-4500,電圧,0,0,0,0,0,2026/04/01 20:36:25
翌日,20260401,更新後,関西-中国（東）,2026/04/02,03:30,順方向,6879.808,-2587.65,0,307.842,4600,電圧,0,0,0,0,0,2026/04/01 20:36:25
翌日,20260401,更新後,関西-中国（東）,2026/04/02,03:30,逆方向,-1912.35,-2587.65,0,0.0,-4500,電圧,0,0,0,0,0,2026/04/01 20:36:25
翌日,20260401,更新後,関西-中国（東）,2026/04/02,04:00,順方向,7069.302,-2668.704,0,199.402,4600,電圧,0,0,0,0,0,2026/04/01 20:36:25
翌日,20260401,更新後,関西-中国（東）,2026/04/02,04:00,逆方向,-1831.296,-2668.704,0,0.0,-4500,電圧,0,0,0,0,0,2026/04/01 20:36:25
翌日,20260401,更新後,関西-中国（東）,2026/04/02,04:30,順方向,7224.39,-2786.928,0,162.538,4600,電圧,0,0,0,0,0,2026/04/01 20:36:25
翌日,20260401,更新後,関西-中国（東）,2026/04/02,04:30,逆方向,-1666.497,-2786.928,0,-46.575,-4500,電圧,0,0,0,0,0,2026/04/01 20:36:25
翌日,20260401,更新後,関西-中国（東）,2026/04/02,05:00,順方向,6940.444,-2748.846,0,408.402,4600,電圧,0,0,0,0,0,2026/04/01 20:36:25
翌日,20260401,更新後,関西-中国（東）,2026/04/02,05:00,逆方向,-1751.154,-2748.846,0,0.0,-4500,電圧,0,0,0,0,0,2026/04/01 20:36:25
翌日,20260401,更新後,関西-中国（東）,2026/04/02,05:30,順方向,6915.634,-2719.8,0,404.166,4600,電圧,0,0,0,0,0,2026/04/01 20:36:25
翌日,20260401,更新後,関西-中国（東）,2026/04/02,05:30,逆方向,-1780.2,-2719.8,0,0.0,-4500,電圧,0,0,0,0,0,2026/04/01 20:36:25
翌日,20260401,更新後,関西-中国（東）,2026/04/02,06:00,順方向,6967.13,-2613.028,0,245.898,4600,電圧,0,0,0,0,0,2026/04/01 20:36:25
翌日,20260401,更新後,関西-中国（東）,2026/04/02,06:00,逆方向,-1886.972,-2613.028,0,0.0,-4500,電圧,0,0,0,0,0,2026/04/01 20:36:25
翌日,20260401,更新後,関西-中国（東）,2026/04/02,06:30,順方向,6738.133,-2540.184,0,402.051,4600,電圧,0,0,0,0,0,2026/04/01 20:36:25
翌日,20260401,更新後,関西-中国（東）,2026/04/02,06:30,逆方向,-1920.668,-2540.184,0,-39.148,-4500,電圧,0,0,0,0,0,2026/04/01 20:36:25
翌日,20260401,更新後,関西-中国（東）,2026/04/02,07:00,順方向,6750.752,-2520.692,0,369.94,4600,電圧,0,0,0,0,0,2026/04/01 20:36:25
翌日,20260401,更新後,関西-中国（東）,2026/04/02,07:00,逆方向,-1938.913,-2520.692,0,-40.395,-4500,電圧,0,0,0,0,0,2026/04/01 20:36:25
翌日,20260401,更新後,関西-中国（東）,2026/04/02,07:30,順方向,7259.571,-3217.738,0,558.167,4600,電圧,0,0,0,0,0,2026/04/01 20:36:25
翌日,20260401,更新後,関西-中国（東）,2026/04/02,07:30,逆方向,-1282.262,-3217.738,0,0.0,-4500,電圧,0,0,0,0,0,2026/04/01 20:36:25
翌日,20260401,更新後,関西-中国（東）,2026/04/02,08:00,順方向,7245.392,-3392.728,0,747.336,4600,電圧,0,0,0,0,0,2026/04/01 20:36:25
翌日,20260401,更新後,関西-中国（東）,2026/04/02,08:00,逆方向,-1107.272,-3392.728,0,0.0,-4500,電圧,0,0,0,0,0,2026/04/01 20:36:25
翌日,20260401,更新後,関西-中国（東）,2026/04/02,08:30,順方向,7850.54,-3893.368,0,642.828,4600,電圧,0,0,0,0,0,2026/04/01 20:36:25
翌日,20260401,更新後,関西-中国（東）,2026/04/02,08:30,逆方向,-606.572,-3893.428,0,0.0,-4500,電圧,0,0,0,0,0,2026/04/01 20:36:25
翌日,20260401,更新後,関西-中国（東）,2026/04/02,09:00,順方向,7812.904,-3980.63,0,767.726,4600,電圧,0,0,0,0,0,2026/04/01 20:36:25
翌日,20260401,更新後,関西-中国（東）,2026/04/02,09:00,逆方向,-519.37,-3980.63,0,0.0,-4500,電圧,0,0,0,0,0,2026/04/01 20:36:25
翌日,20260401,更新後,関西-中国（東）,2026/04/02,09:30,順方向,8529.086,-4499.962,0,570.876,4600,電圧,0,0,0,0,0,2026/04/01 20:36:25
翌日,20260401,更新後,関西-中国（東）,2026/04/02,09:30,逆方向,-0.038,-4499.962,0,0.0,-4500,電圧,0,0,0,0,0,2026/04/01 20:36:25
翌日,20260401,更新後,関西-中国（東）,2026/04/02,10:00,順方向,8524.688,-4499.94,0,575.252,4600,電圧,0,0,0,0,0,2026/04/01 20:36:25
翌日,20260401,更新後,関西-中国（東）,2026/04/02,10:00,逆方向,0.0,-4500.0,0,0.0,-4500,電圧,0,0,0,0,0,2026/04/01 20:36:25
翌日,20260401,更新後,関西-中国（東）,2026/04/02,10:30,順方向,8323.684,-4162.284,0,438.6,4600,電圧,0,0,0,0,0,2026/04/01 20:36:25
翌日,20260401,更新後,関西-中国（東）,2026/04/02,10:30,逆方向,-337.716,-4162.284,0,0.0,-4500,電圧,0,0,0,0,0,2026/04/01 20:36:25
翌日,20260401,更新後,関西-中国（東）,2026/04/02,11:00,順方向,8305.71,-4257.198,0,551.488,4600,電圧,0,0,0,0,0,2026/04/01 20:36:25
翌日,20260401,更新後,関西-中国（東）,2026/04/02,11:00,逆方向,-242.742,-4257.258,0,0.0,-4500,電圧,0,0,0,0,0,2026/04/01 20:36:25
翌日,20260401,更新後,関西-中国（東）,2026/04/02,11:30,順方向,8374.866,-4319.776,0,544.91,4600,電圧,0,0,0,0,0,2026/04/01 20:36:25
翌日,20260401,更新後,関西-中国（東）,2026/04/02,11:30,逆方向,-180.224,-4319.776,0,0.0,-4500,電圧,0,0,0,0,0,2026/04/01 20:36:25
翌日,20260401,更新後,関西-中国（東）,2026/04/02,12:00,順方向,8220.606,-4133.654,0,513.048,4600,電圧,0,0,0,0,0,2026/04/01 20:36:25
翌日,20260401,更新後,関西-中国（東）,2026/04/02,12:00,逆方向,-366.286,-4133.714,0,0.0,-4500,電圧,0,0,0,0,0,2026/04/01 20:36:25
翌日,20260401,更新後,関西-中国（東）,2026/04/02,12:30,順方向,7940.219,-4002.624,0,662.405,4600,電圧,0,0,0,0,0,2026/04/01 20:36:25
翌日,20260401,更新後,関西-中国（東）,2026/04/02,12:30,逆方向,-497.316,-4002.684,0,0.0,-4500,電圧,0,0,0,0,0,2026/04/01 20:36:25
翌日,20260401,更新後,関西-中国（東）,2026/04/02,13:00,順方向,8165.557,-4160.566,0,595.009,4600,電圧,0,0,0,0,0,2026/04/01 20:36:25
翌日,20260401,更新後,関西-中国（東）,2026/04/02,13:00,逆方向,-339.434,-4160.566,0,0.0,-4500,電圧,0,0,0,0,0,2026/04/01 20:36:25
翌日,20260401,更新後,関西-中国（東）,2026/04/02,13:30,順方向,8550.991,-4471.264,0,520.273,4600,電圧,0,0,0,0,0,2026/04/01 20:36:25
翌日,20260401,更新後,関西-中国（東）,2026/04/02,13:30,逆方向,-28.676,-4471.324,0,0.0,-4500,電圧,0,0,0,0,0,2026/04/01 20:36:25
翌日,20260401,更新後,関西-中国（東）,2026/04/02,14:00,順方向,8390.173,-4432.812,0,642.639,4600,電圧,0,0,0,0,0,2026/04/01 20:36:25
翌日,20260401,更新後,関西-中国（東）,2026/04/02,14:00,逆方向,-67.128,-4432.872,0,0.0,-4500,電圧,0,0,0,0,0,2026/04/01 20:36:25
翌日,20260401,更新後,関西-中国（東）,2026/04/02,14:30,順方向,8497.418,-4499.94,0,602.522,4600,電圧,0,0,0,0,0,2026/04/01 20:36:25
翌日,20260401,更新後,関西-中国（東）,2026/04/02,14:30,逆方向,0.0,-4500.0,0,0.0,-4500,電圧,0,0,0,0,0,2026/04/01 20:36:25
翌日,20260401,更新後,関西-中国（東）,2026/04/02,15:00,順方向,8527.978,-4499.976,0,571.998,4600,電圧,0,0,0,0,0,2026/04/01 20:36:25
翌日,20260401,更新後,関西-中国（東）,2026/04/02,15:00,逆方向,-0.024,-4499.976,0,0.0,-4500,電圧,0,0,0,0,0,2026/04/01 20:36:25
翌日,20260401,更新後,関西-中国（東）,2026/04/02,15:30,順方向,8618.576,-4499.94,0,481.364,4600,電圧,0,0,0,0,0,2026/04/01 20:36:25
翌日,20260401,更新後,関西-中国（東）,2026/04/02,15:30,逆方向,0.0,-4500.0,0,0.0,-4500,電圧,0,0,0,0,0,2026/04/01 20:36:25
翌日,20260401,更新後,関西-中国（東）,2026/04/02,16:00,順方向,8767.094,-4499.98,0,332.886,4600,電圧,0,0,0,0,0,2026/04/01 20:36:25
翌日,20260401,更新後,関西-中国（東）,2026/04/02,16:00,逆方向,-0.02,-4499.98,0,0.0,-4500,電圧,0,0,0,0,0,2026/04/01 20:36:25
翌日,20260401,更新後,関西-中国（東）,2026/04/02,16:30,順方向,8820.98,-4499.94,0,278.96,4600,電圧,0,0,0,0,0,2026/04/01 20:36:25
翌日,20260401,更新後,関西-中国（東）,2026/04/02,16:30,逆方向,0.0,-4500.0,0,0.0,-4500,電圧,0,0,0,0,0,2026/04/01 20:36:25
翌日,20260401,更新後,関西-中国（東）,2026/04/02,17:00,順方向,8467.687,-4499.16,0,631.473,4600,電圧,0,0,0,0,0,2026/04/01 20:36:25
翌日,20260401,更新後,関西-中国（東）,2026/04/02,17:00,逆方向,-0.78,-4499.22,0,0.0,-4500,電圧,0,0,0,0,0,2026/04/01 20:36:25
翌日,20260401,更新後,関西-中国（東）,2026/04/02,17:30,順方向,8942.425,-4500.0,0,157.575,4600,電圧,0,0,0,0,0,2026/04/01 20:36:25
翌日,20260401,更新後,関西-中国（東）,2026/04/02,17:30,逆方向,0.0,-4500.0,0,0.0,-4500,電圧,0,0,0,0,0,2026/04/01 20:36:25
翌日,20260401,更新後,関西-中国（東）,2026/04/02,18:00,順方向,8766.529,-4371.89,0,205.361,4600,電圧,0,0,0,0,0,2026/04/01 20:36:25
翌日,20260401,更新後,関西-中国（東）,2026/04/02,18:00,逆方向,-128.11,-4371.89,0,0.0,-4500,電圧,0,0,0,0,0,2026/04/01 20:36:25
翌日,20260401,更新後,関西-中国（東）,2026/04/02,18:30,順方向,8532.518,-3932.518,0,0.0,4600,電圧,0,0,0,0,0,2026/04/01 20:36:25
翌日,20260401,更新後,関西-中国（東）,2026/04/02,18:30,逆方向,-567.422,-3932.578,0,0.0,-4500,電圧,0,0,0,0,0,2026/04/01 20:36:25
翌日,20260401,更新後,関西-中国（東）,2026/04/02,19:00,順方向,8514.966,-3914.966,0,0.0,4600,電圧,0,0,0,0,0,2026/04/01 20:36:25
翌日,20260401,更新後,関西-中国（東）,2026/04/02,19:00,逆方向,-585.034,-3914.966,0,0.0,-4500,電圧,0,0,0,0,0,2026/04/01 20:36:25
翌日,20260401,更新後,関西-中国（東）,2026/04/02,19:30,順方向,8552.41,-3963.896,0,11.486,4600,電圧,0,0,0,0,0,2026/04/01 20:36:25
翌日,20260401,更新後,関西-中国（東）,2026/04/02,19:30,逆方向,-536.104,-3963.896,0,0.0,-4500,電圧,0,0,0,0,0,2026/04/01 20:36:25
翌日,20260401,更新後,関西-中国（東）,2026/04/02,20:00,順方向,8702.834,-4102.834,0,0.0,4600,電圧,0,0,0,0,0,2026/04/01 20:36:25
翌日,20260401,更新後,関西-中国（東）,2026/04/02,20:00,逆方向,-397.166,-4102.834,0,0.0,-4500,電圧,0,0,0,0,0,2026/04/01 20:36:25
翌日,20260401,更新後,関西-中国（東）,2026/04/02,20:30,順方向,8808.92,-4208.92,0,0.0,4600,電圧,0,0,0,0,0,2026/04/01 20:36:25
翌日,20260401,更新後,関西-中国（東）,2026/04/02,20:30,逆方向,-291.08,-4208.92,0,0.0,-4500,電圧,0,0,0,0,0,2026/04/01 20:36:25
翌日,20260401,更新後,関西-中国（東）,2026/04/02,21:00,順方向,8864.76,-4264.76,0,0.0,4600,電圧,0,0,0,0,0,2026/04/01 20:36:25
翌日,20260401,更新後,関西-中国（東）,2026/04/02,21:00,逆方向,-235.24,-4264.76,0,0.0,-4500,電圧,0,0,0,0,0,2026/04/01 20:36:25
翌日,20260401,更新後,関西-中国（東）,2026/04/02,21:30,順方向,8310.56,-3723.56,0,13.0,4600,電圧,0,0,0,0,0,2026/04/01 20:36:25
翌日,20260401,更新後,関西-中国（東）,2026/04/02,21:30,逆方向,-776.44,-3723.56,0,0.0,-4500,電圧,0,0,0,0,0,2026/04/01 20:36:25
翌日,20260401,更新後,関西-中国（東）,2026/04/02,22:00,順方向,7995.801,-3467.108,0,71.307,4600,電圧,0,0,0,0,0,2026/04/01 20:36:25
翌日,20260401,更新後,関西-中国（東）,2026/04/02,22:00,逆方向,-1032.892,-3467.108,0,0.0,-4500,電圧,0,0,0,0,0,2026/04/01 20:36:25
翌日,20260401,更新後,関西-中国（東）,2026/04/02,22:30,順方向,7340.69,-2767.916,0,27.226,4600,電圧,0,0,0,0,0,2026/04/01 20:36:25
翌日,20260401,更新後,関西-中国（東）,2026/04/02,22:30,逆方向,-1730.084,-2767.916,0,-2.0,-4500,電圧,0,0,0,0,0,2026/04/01 20:36:25
翌日,20260401,更新後,関西-中国（東）,2026/04/02,23:00,順方向,7796.484,-3196.484,0,0.0,4600,電圧,0,0,0,0,0,2026/04/01 20:36:25
翌日,20260401,更新後,関西-中国（東）,2026/04/02,23:00,逆方向,-1303.456,-3196.544,0,0.0,-4500,電圧,0,0,0,0,0,2026/04/01 20:36:25
翌日,20260401,更新後,関西-中国（東）,2026/04/02,23:30,順方向,7926.868,-3326.868,0,0.0,4600,電圧,0,0,0,0,0,2026/04/01 20:36:25
翌日,20260401,更新後,関西-中国（東）,2026/04/02,23:30,逆方向,-1173.072,-3326.928,0,0.0,-4500,電圧,0,0,0,0,0,2026/04/01 20:36:25
翌日,20260401,更新後,関西-中国（東）,2026/04/02,24:00,順方向,7589.236,-2989.236,0,0.0,4600,電圧,0,0,0,0,0,2026/04/01 20:36:25
翌日,20260401,更新後,関西-中国（東）,2026/04/02,24:00,逆方向,-1470.262,-2989.236,0,-40.502,-4500,電圧,0,0,0,0,0,2026/04/01 20:36:25
翌日,20260401,更新後,関西-中国（西）,2026/04/02,00:30,順方向,6572.217,-2276.2,0,303.983,4600,電圧,0,0,0,0,0,2026/04/01 20:36:25
翌日,20260401,更新後,関西-中国（西）,2026/04/02,00:30,逆方向,-2223.8,-2276.2,0,0.0,-4500,電圧,0,0,0,0,0,2026/04/01 20:36:25
翌日,20260401,更新後,関西-中国（西）,2026/04/02,01:00,順方向,6175.607,-1979.864,0,404.257,4600,電圧,0,0,0,0,0,2026/04/01 20:36:25
翌日,20260401,更新後,関西-中国（西）,2026/04/02,01:00,逆方向,-2520.136,-1979.864,0,0.0,-4500,電圧,0,0,0,0,0,2026/04/01 20:36:25
翌日,20260401,更新後,関西-中国（西）,2026/04/02,01:30,順方向,6098.685,-1882.534,0,383.849,4600,電圧,0,0,0,0,0,2026/04/01 20:36:25
翌日,20260401,更新後,関西-中国（西）,2026/04/02,01:30,逆方向,-2617.408,-1882.592,0,0.0,-4500,電圧,0,0,0,0,0,2026/04/01 20:36:25
翌日,20260401,更新後,関西-中国（西）,2026/04/02,02:00,順方向,6064.556,-1844.872,0,380.316,4600,電圧,0,0,0,0,0,2026/04/01 20:36:25
翌日,20260401,更新後,関西-中国（西）,2026/04/02,02:00,逆方向,-2655.128,-1844.872,0,0.0,-4500,電圧,0,0,0,0,0,2026/04/01 20:36:25
翌日,20260401,更新後,関西-中国（西）,2026/04/02,02:30,順方向,6195.384,-1959.446,0,364.062,4600,電圧,0,0,0,0,0,2026/04/01 20:36:25
翌日,20260401,更新後,関西-中国（西）,2026/04/02,02:30,逆方向,-2540.494,-1959.506,0,0.0,-4500,電圧,0,0,0,0,0,2026/04/01 20:36:25
翌日,20260401,更新後,関西-中国（西）,2026/04/02,03:00,順方向,6669.353,-2431.42,0,362.067,4600,電圧,0,0,0,0,0,2026/04/01 20:36:25
翌日,20260401,更新後,関西-中国（西）,2026/04/02,03:00,逆方向,-2068.58,-2431.42,0,0.0,-4500,電圧,0,0,0,0,0,2026/04/01 20:36:25
翌日,20260401,更新後,関西-中国（西）,2026/04/02,03:30,順方向,6651.896,-2359.738,0,307.842,4600,電圧,0,0,0,0,0,2026/04/01 20:36:25
翌日,20260401,更新後,関西-中国（西）,2026/04/02,03:30,逆方向,-2140.262,-2359.738,0,0.0,-4500,電圧,0,0,0,0,0,2026/04/01 20:36:25
翌日,20260401,更新後,関西-中国（西）,2026/04/02,04:00,順方向,6593.724,-2193.126,0,199.402,4600,電圧,0,0,0,0,0,2026/04/01 20:36:25
翌日,20260401,更新後,関西-中国（西）,2026/04/02,04:00,逆方向,-2306.874,-2193.126,0,0.0,-4500,電圧,0,0,0,0,0,2026/04/01 20:36:25
翌日,20260401,更新後,関西-中国（西）,2026/04/02,04:30,順方向,6769.428,-2331.966,0,162.538,4600,電圧,0,0,0,0,0,2026/04/01 20:36:25
翌日,20260401,更新後,関西-中国（西）,2026/04/02,04:30,逆方向,-2121.459,-2331.966,0,-46.575,-4500,電圧,0,0,0,0,0,2026/04/01 20:36:25
翌日,20260401,更新後,関西-中国（西）,2026/04/02,05:00,順方向,6471.892,-2280.294,0,408.402,4600,電圧,0,0,0,0,0,2026/04/01 20:36:25
翌日,20260401,更新後,関西-中国（西）,2026/04/02,05:00,逆方向,-2219.706,-2280.294,0,0.0,-4500,電圧,0,0,0,0,0,2026/04/01 20:36:25
翌日,20260401,更新後,関西-中国（西）,2026/04/02,05:30,順方向,6442.016,-2246.182,0,404.166,4600,電圧,0,0,0,0,0,2026/04/01 20:36:25
翌日,20260401,更新後,関西-中国（西）,2026/04/02,05:30,逆方向,-2253.818,-2246.182,0,0.0,-4500,電圧,0,0,0,0,0,2026/04/01 20:36:25
翌日,20260401,更新後,関西-中国（西）,2026/04/02,06:00,順方向,6522.122,-2168.02,0,245.898,4600,電圧,0,0,0,0,0,2026/04/01 20:36:25
翌日,20260401,更新後,関西-中国（西）,2026/04/02,06:00,逆方向,-2331.98,-2168.02,0,0.0,-4500,電圧,0,0,0,0,0,2026/04/01 20:36:25
翌日,20260401,更新後,関西-中国（西）,2026/04/02,06:30,順方向,6296.089,-2098.14,0,402.051,4600,電圧,0,0,0,0,0,2026/04/01 20:36:25
翌日,20260401,更新後,関西-中国（西）,2026/04/02,06:30,逆方向,-2362.712,-2098.14,0,-39.148,-4500,電圧,0,0,0,0,0,2026/04/01 20:36:25
翌日,20260401,更新後,関西-中国（西）,2026/04/02,07:00,順方向,6461.426,-2231.366,0,369.94,4600,電圧,0,0,0,0,0,2026/04/01 20:36:25
翌日,20260401,更新後,関西-中国（西）,2026/04/02,07:00,逆方向,-2228.239,-2231.366,0,-40.395,-4500,電圧,0,0,0,0,0,2026/04/01 20:36:25
翌日,20260401,更新後,関西-中国（西）,2026/04/02,07:30,順方向,6562.173,-2520.34,0,558.167,4600,電圧,0,0,0,0,0,2026/04/01 20:36:25
翌日,20260401,更新後,関西-中国（西）,2026/04/02,07:30,逆方向,-1979.66,-2520.34,0,0.0,-4500,電圧,0,0,0,0,0,2026/04/01 20:36:25
翌日,20260401,更新後,関西-中国（西）,2026/04/02,08:00,順方向,6440.372,-2587.708,0,747.336,4600,電圧,0,0,0,0,0,2026/04/01 20:36:25
翌日,20260401,更新後,関西-中国（西）,2026/04/02,08:00,逆方向,-1912.292,-2587.708,0,0.0,-4500,電圧,0,0,0,0,0,2026/04/01 20:36:25
翌日,20260401,更新後,関西-中国（西）,2026/04/02,08:30,順方向,6892.528,-2935.356,0,642.828,4600,電圧,0,0,0,0,0,2026/04/01 20:36:25
翌日,20260401,更新後,関西-中国（西）,2026/04/02,08:30,逆方向,-1564.584,-2935.416,0,0.0,-4500,電圧,0,0,0,0,0,2026/04/01 20:36:25
翌日,20260401,更新後,関西-中国（西）,2026/04/02,09:00,順方向,6733.876,-2901.602,0,767.726,4600,電圧,0,0,0,0,0,2026/04/01 20:36:25
翌日,20260401,更新後,関西-中国（西）,2026/04/02,09:00,逆方向,-1598.398,-2901.602,0,0.0,-4500,電圧,0,0,0,0,0,2026/04/01 20:36:25
翌日,20260401,更新後,関西-中国（西）,2026/04/02,09:30,順方向,7340.102,-3310.978,0,570.876,4600,電圧,0,0,0,0,0,2026/04/01 20:36:25
翌日,20260401,更新後,関西-中国（西）,2026/04/02,09:30,逆方向,-1189.022,-3310.978,0,0.0,-4500,電圧,0,0,0,0,0,2026/04/01 20:36:25
翌日,20260401,更新後,関西-中国（西）,2026/04/02,10:00,順方向,7237.498,-3212.75,0,575.252,4600,電圧,0,0,0,0,0,2026/04/01 20:36:25
翌日,20260401,更新後,関西-中国（西）,2026/04/02,10:00,逆方向,-1287.19,-3212.81,0,0.0,-4500,電圧,0,0,0,0,0,2026/04/01 20:36:25
翌日,20260401,更新後,関西-中国（西）,2026/04/02,10:30,順方向,7017.394,-2855.994,0,438.6,4600,電圧,0,0,0,0,0,2026/04/01 20:36:25
翌日,20260401,更新後,関西-中国（西）,2026/04/02,10:30,逆方向,-1644.006,-2855.994,0,0.0,-4500,電圧,0,0,0,0,0,2026/04/01 20:36:25
翌日,20260401,更新後,関西-中国（西）,2026/04/02,11:00,順方向,6970.808,-2922.296,0,551.488,4600,電圧,0,0,0,0,0,2026/04/01 20:36:25
翌日,20260401,更新後,関西-中国（西）,2026/04/02,11:00,逆方向,-1577.644,-2922.356,0,0.0,-4500,電圧,0,0,0,0,0,2026/04/01 20:36:25
翌日,20260401,更新後,関西-中国（西）,2026/04/02,11:30,順方向,6981.658,-2926.568,0,544.91,4600,電圧,0,0,0,0,0,2026/04/01 20:36:25
翌日,20260401,更新後,関西-中国（西）,2026/04/02,11:30,逆方向,-1573.432,-2926.568,0,0.0,-4500,電圧,0,0,0,0,0,2026/04/01 20:36:25
翌日,20260401,更新後,関西-中国（西）,2026/04/02,12:00,順方向,6833.718,-2746.766,0,513.048,4600,電圧,0,0,0,0,0,2026/04/01 20:36:25
翌日,20260401,更新後,関西-中国（西）,2026/04/02,12:00,逆方向,-1753.174,-2746.826,0,0.0,-4500,電圧,0,0,0,0,0,2026/04/01 20:36:25
翌日,20260401,更新後,関西-中国（西）,2026/04/02,12:30,順方向,6497.077,-2559.482,0,662.405,4600,電圧,0,0,0,0,0,2026/04/01 20:36:25
翌日,20260401,更新後,関西-中国（西）,2026/04/02,12:30,逆方向,-1940.458,-2559.542,0,0.0,-4500,電圧,0,0,0,0,0,2026/04/01 20:36:25
翌日,20260401,更新後,関西-中国（西）,2026/04/02,13:00,順方向,6717.049,-2712.058,0,595.009,4600,電圧,0,0,0,0,0,2026/04/01 20:36:25
翌日,20260401,更新後,関西-中国（西）,2026/04/02,13:00,逆方向,-1787.942,-2712.058,0,0.0,-4500,電圧,0,0,0,0,0,2026/04/01 20:36:25
翌日,20260401,更新後,関西-中国（西）,2026/04/02,13:30,順方向,7141.035,-3061.308,0,520.273,4600,電圧,0,0,0,0,0,2026/04/01 20:36:25
翌日,20260401,更新後,関西-中国（西）,2026/04/02,13:30,逆方向,-1438.632,-3061.368,0,0.0,-4500,電圧,0,0,0,0,0,2026/04/01 20:36:25
翌日,20260401,更新後,関西-中国（西）,2026/04/02,14:00,順方向,7012.939,-3055.578,0,642.639,4600,電圧,0,0,0,0,0,2026/04/01 20:36:25
翌日,20260401,更新後,関西-中国（西）,2026/04/02,14:00,逆方向,-1444.362,-3055.638,0,0.0,-4500,電圧,0,0,0,0,0,2026/04/01 20:36:25
翌日,20260401,更新後,関西-中国（西）,2026/04/02,14:30,順方向,7165.464,-3167.986,0,602.522,4600,電圧,0,0,0,0,0,2026/04/01 20:36:25
翌日,20260401,更新後,関西-中国（西）,2026/04/02,14:30,逆方向,-1331.954,-3168.046,0,0.0,-4500,電圧,0,0,0,0,0,2026/04/01 20:36:25
翌日,20260401,更新後,関西-中国（西）,2026/04/02,15:00,順方向,7229.904,-3201.902,0,571.998,4600,電圧,0,0,0,0,0,2026/04/01 20:36:25
翌日,20260401,更新後,関西-中国（西）,2026/04/02,15:00,逆方向,-1298.098,-3201.902,0,0.0,-4500,電圧,0,0,0,0,0,2026/04/01 20:36:25
翌日,20260401,更新後,関西-中国（西）,2026/04/02,15:30,順方向,7457.206,-3338.57,0,481.364,4600,電圧,0,0,0,0,0,2026/04/01 20:36:25
翌日,20260401,更新後,関西-中国（西）,2026/04/02,15:30,逆方向,-1161.37,-3338.63,0,0.0,-4500,電圧,0,0,0,0,0,2026/04/01 20:36:25
翌日,20260401,更新後,関西-中国（西）,2026/04/02,16:00,順方向,7918.474,-3651.36,0,332.886,4600,電圧,0,0,0,0,0,2026/04/01 20:36:25
翌日,20260401,更新後,関西-中国（西）,2026/04/02,16:00,逆方向,-848.64,-3651.36,0,0.0,-4500,電圧,0,0,0,0,0,2026/04/01 20:36:25
翌日,20260401,更新後,関西-中国（西）,2026/04/02,16:30,順方向,7903.282,-3582.242,0,278.96,4600,電圧,0,0,0,0,0,2026/04/01 20:36:25
翌日,20260401,更新後,関西-中国（西）,2026/04/02,16:30,逆方向,-917.698,-3582.302,0,0.0,-4500,電圧,0,0,0,0,0,2026/04/01 20:36:25
翌日,20260401,更新後,関西-中国（西）,2026/04/02,17:00,順方向,7729.349,-3760.822,0,631.473,4600,電圧,0,0,0,0,0,2026/04/01 20:36:25
翌日,20260401,更新後,関西-中国（西）,2026/04/02,17:00,逆方向,-739.118,-3760.882,0,0.0,-4500,電圧,0,0,0,0,0,2026/04/01 20:36:25
翌日,20260401,更新後,関西-中国（西）,2026/04/02,17:30,順方向,8242.255,-3799.83,0,157.575,4600,電圧,0,0,0,0,0,2026/04/01 20:36:25
翌日,20260401,更新後,関西-中国（西）,2026/04/02,17:30,逆方向,-700.17,-3799.83,0,0.0,-4500,電圧,0,0,0,0,0,2026/04/01 20:36:25
翌日,20260401,更新後,関西-中国（西）,2026/04/02,18:00,順方向,8130.117,-3735.478,0,205.361,4600,電圧,0,0,0,0,0,2026/04/01 20:36:25
翌日,20260401,更新後,関西-中国（西）,2026/04/02,18:00,逆方向,-764.522,-3735.478,0,0.0,-4500,電圧,0,0,0,0,0,2026/04/01 20:36:25
翌日,20260401,更新後,関西-中国（西）,2026/04/02,18:30,順方向,8101.56,-3501.56,0,0.0,4600,電圧,0,0,0,0,0,2026/04/01 20:36:25
翌日,20260401,更新後,関西-中国（西）,2026/04/02,18:30,逆方向,-998.38,-3501.62,0,0.0,-4500,電圧,0,0,0,0,0,2026/04/01 20:36:25
翌日,20260401,更新後,関西-中国（西）,2026/04/02,19:00,順方向,8154.742,-3554.742,0,0.0,4600,電圧,0,0,0,0,0,2026/04/01 20:36:25
翌日,20260401,更新後,関西-中国（西）,2026/04/02,19:00,逆方向,-945.258,-3554.742,0,0.0,-4500,電圧,0,0,0,0,0,2026/04/01 20:36:25
翌日,20260401,更新後,関西-中国（西）,2026/04/02,19:30,順方向,8210.354,-3621.84,0,11.486,4600,電圧,0,0,0,0,0,2026/04/01 20:36:25
翌日,20260401,更新後,関西-中国（西）,2026/04/02,19:30,逆方向,-878.16,-3621.84,0,0.0,-4500,電圧,0,0,0,0,0,2026/04/01 20:36:25
翌日,20260401,更新後,関西-中国（西）,2026/04/02,20:00,順方向,8147.082,-3547.082,0,0.0,4600,電圧,0,0,0,0,0,2026/04/01 20:36:25
翌日,20260401,更新後,関西-中国（西）,2026/04/02,20:00,逆方向,-952.918,-3547.082,0,0.0,-4500,電圧,0,0,0,0,0,2026/04/01 20:36:25
翌日,20260401,更新後,関西-中国（西）,2026/04/02,20:30,順方向,8241.236,-3641.236,0,0.0,4600,電圧,0,0,0,0,0,2026/04/01 20:36:25
翌日,20260401,更新後,関西-中国（西）,2026/04/02,20:30,逆方向,-858.764,-3641.236,0,0.0,-4500,電圧,0,0,0,0,0,2026/04/01 20:36:25
翌日,20260401,更新後,関西-中国（西）,2026/04/02,21:00,順方向,8282.312,-3682.312,0,0.0,4600,電圧,0,0,0,0,0,2026/04/01 20:36:25
翌日,20260401,更新後,関西-中国（西）,2026/04/02,21:00,逆方向,-817.688,-3682.312,0,0.0,-4500,電圧,0,0,0,0,0,2026/04/01 20:36:25
翌日,20260401,更新後,関西-中国（西）,2026/04/02,21:30,順方向,7742.11,-3155.11,0,13.0,4600,電圧,0,0,0,0,0,2026/04/01 20:36:25
翌日,20260401,更新後,関西-中国（西）,2026/04/02,21:30,逆方向,-1344.89,-3155.11,0,0.0,-4500,電圧,0,0,0,0,0,2026/04/01 20:36:25
翌日,20260401,更新後,関西-中国（西）,2026/04/02,22:00,順方向,7562.595,-3033.902,0,71.307,4600,電圧,0,0,0,0,0,2026/04/01 20:36:25
翌日,20260401,更新後,関西-中国（西）,2026/04/02,22:00,逆方向,-1466.098,-3033.902,0,0.0,-4500,電圧,0,0,0,0,0,2026/04/01 20:36:25
翌日,20260401,更新後,関西-中国（西）,2026/04/02,22:30,順方向,6902.494,-2329.72,0,27.226,4600,電圧,0,0,0,0,0,2026/04/01 20:36:25
翌日,20260401,更新後,関西-中国（西）,2026/04/02,22:30,逆方向,-2168.28,-2329.72,0,-2.0,-4500,電圧,0,0,0,0,0,2026/04/01 20:36:25
翌日,20260401,更新後,関西-中国（西）,2026/04/02,23:00,順方向,7272.23,-2672.23,0,0.0,4600,電圧,0,0,0,0,0,2026/04/01 20:36:25
翌日,20260401,更新後,関西-中国（西）,2026/04/02,23:00,逆方向,-1827.71,-2672.29,0,0.0,-4500,電圧,0,0,0,0,0,2026/04/01 20:36:25
翌日,20260401,更新後,関西-中国（西）,2026/04/02,23:30,順方向,7367.826,-2767.826,0,0.0,4600,電圧,0,0,0,0,0,2026/04/01 20:36:25
翌日,20260401,更新後,関西-中国（西）,2026/04/02,23:30,逆方向,-1732.114,-2767.886,0,0.0,-4500,電圧,0,0,0,0,0,2026/04/01 20:36:25
翌日,20260401,更新後,関西-中国（西）,2026/04/02,24:00,順方向,7111.15,-2511.15,0,0.0,4600,電圧,0,0,0,0,0,2026/04/01 20:36:25
翌日,20260401,更新後,関西-中国（西）,2026/04/02,24:00,逆方向,-1948.348,-2511.15,0,-40.502,-4500,電圧,0,0,0,0,0,2026/04/01 20:36:25
翌日,20260401,更新後,北海道・本州間電力連系設備,2026/04/02,00:30,順方向,483.1,176.9,0,240.0,900,熱容量,0,0,0,0,0,2026/04/01 21:46:23
翌日,20260401,更新後,北海道・本州間電力連系設備,2026/04/02,00:30,逆方向,-451.9,176.9,0,-625.0,-900,熱容量,0,0,0,0,0,2026/04/01 21:46:23
翌日,20260401,更新後,北海道・本州間電力連系設備,2026/04/02,01:00,順方向,330.0,330.0,0,240.0,900,熱容量,0,0,0,0,0,2026/04/01 21:46:23
翌日,20260401,更新後,北海道・本州間電力連系設備,2026/04/02,01:00,逆方向,-605.0,330.0,0,-625.0,-900,熱容量,0,0,0,0,0,2026/04/01 21:46:23
翌日,20260401,更新後,北海道・本州間電力連系設備,2026/04/02,01:30,順方向,329.6,340.4,0,230.0,900,熱容量,0,0,0,0,0,2026/04/01 21:46:23
翌日,20260401,更新後,北海道・本州間電力連系設備,2026/04/02,01:30,逆方向,-615.4,340.4,0,-625.0,-900,熱容量,0,0,0,0,0,2026/04/01 21:46:23
翌日,20260401,更新後,北海道・本州間電力連系設備,2026/04/02,02:00,順方向,371.5,298.5,0,230.0,900,熱容量,0,0,0,0,0,2026/04/01 21:46:23
翌日,20260401,更新後,北海道・本州間電力連系設備,2026/04/02,02:00,逆方向,-573.5,298.5,0,-625.0,-900,熱容量,0,0,0,0,0,2026/04/01 21:46:23
翌日,20260401,更新後,北海道・本州間電力連系設備,2026/04/02,02:30,順方向,483.3,196.7,0,220.0,900,熱容量,0,0,0,0,0,2026/04/01 21:46:23
翌日,20260401,更新後,北海道・本州間電力連系設備,2026/04/02,02:30,逆方向,-471.7,196.7,0,-625.0,-900,熱容量,0,0,0,0,0,2026/04/01 21:46:23
翌日,20260401,更新後,北海道・本州間電力連系設備,2026/04/02,03:00,順方向,467.7,212.3,0,220.0,900,熱容量,0,0,0,0,0,2026/04/01 21:46:23
翌日,20260401,更新後,北海道・本州間電力連系設備,2026/04/02,03:00,逆方向,-487.3,212.3,0,-625.0,-900,熱容量,0,0,0,0,0,2026/04/01 21:46:23
翌日,20260401,更新後,北海道・本州間電力連系設備,2026/04/02,03:30,順方向,503.0,187.0,0,210.0,900,熱容量,0,0,0,0,0,2026/04/01 21:46:23
翌日,20260401,更新後,北海道・本州間電力連系設備,2026/04/02,03:30,逆方向,-472.0,187.0,0,-615.0,-900,熱容量,0,0,0,0,0,2026/04/01 21:46:23
翌日,20260401,更新後,北海道・本州間電力連系設備,2026/04/02,04:00,順方向,458.2,231.8,0,210.0,900,熱容量,0,0,0,0,0,2026/04/01 21:46:23
翌日,20260401,更新後,北海道・本州間電力連系設備,2026/04/02,04:00,逆方向,-516.8,231.8,0,-615.0,-900,熱容量,0,0,0,0,0,2026/04/01 21:46:23
翌日,20260401,更新後,北海道・本州間電力連系設備,2026/04/02,04:30,順方向,404.5,295.5,0,200.0,900,熱容量,0,0,0,0,0,2026/04/01 21:46:23
翌日,20260401,更新後,北海道・本州間電力連系設備,2026/04/02,04:30,逆方向,-580.5,295.5,0,-615.0,-900,熱容量,0,0,0,0,0,2026/04/01 21:46:23
翌日,20260401,更新後,北海道・本州間電力連系設備,2026/04/02,05:00,順方向,341.1,358.9,0,200.0,900,熱容量,0,0,0,0,0,2026/04/01 21:46:23
翌日,20260401,更新後,北海道・本州間電力連系設備,2026/04/02,05:00,逆方向,-643.9,358.9,0,-615.0,-900,熱容量,0,0,0,0,0,2026/04/01 21:46:23
翌日,20260401,更新後,北海道・本州間電力連系設備,2026/04/02,05:30,順方向,398.1,301.9,0,200.0,900,熱容量,0,0,0,0,0,2026/04/01 21:46:23
翌日,20260401,更新後,北海道・本州間電力連系設備,2026/04/02,05:30,逆方向,-596.9,301.9,0,-605.0,-900,熱容量,0,0,0,0,0,2026/04/01 21:46:23
翌日,20260401,更新後,北海道・本州間電力連系設備,2026/04/02,06:00,順方向,386.3,313.7,0,200.0,900,熱容量,0,0,0,0,0,2026/04/01 21:46:23
翌日,20260401,更新後,北海道・本州間電力連系設備,2026/04/02,06:00,逆方向,-608.7,313.7,0,-605.0,-900,熱容量,0,0,0,0,0,2026/04/01 21:46:23
翌日,20260401,更新後,北海道・本州間電力連系設備,2026/04/02,06:30,順方向,382.4,317.6,0,200.0,900,熱容量,0,0,0,0,0,2026/04/01 21:46:23
翌日,20260401,更新後,北海道・本州間電力連系設備,2026/04/02,06:30,逆方向,-612.6,317.6,0,-605.0,-900,熱容量,0,0,0,0,0,2026/04/01 21:46:23
翌日,20260401,更新後,北海道・本州間電力連系設備,2026/04/02,07:00,順方向,342.0,358.0,0,200.0,900,熱容量,0,0,0,0,0,2026/04/01 21:46:23
翌日,20260401,更新後,北海道・本州間電力連系設備,2026/04/02,07:00,逆方向,-653.0,358.0,0,-605.0,-900,熱容量,0,0,0,0,0,2026/04/01 21:46:23
翌日,20260401,更新後,北海道・本州間電力連系設備,2026/04/02,07:30,順方向,334.2,365.8,0,200.0,900,熱容量,0,0,0,0,0,2026/04/01 21:46:23
翌日,20260401,更新後,北海道・本州間電力連系設備,2026/04/02,07:30,逆方向,-650.8,365.8,0,-615.0,-900,熱容量,0,0,0,0,0,2026/04/01 21:46:23
翌日,20260401,更新後,北海道・本州間電力連系設備,2026/04/02,08:00,順方向,320.7,379.3,0,200.0,900,熱容量,0,0,0,0,0,2026/04/01 21:46:23
翌日,20260401,更新後,北海道・本州間電力連系設備,2026/04/02,08:00,逆方向,-664.3,379.3,0,-615.0,-900,熱容量,0,0,0,0,0,2026/04/01 21:46:23
翌日,20260401,更新後,北海道・本州間電力連系設備,2026/04/02,08:30,順方向,289.2,420.8,0,190.0,900,熱容量,0,0,0,0,0,2026/04/01 21:46:23
翌日,20260401,更新後,北海道・本州間電力連系設備,2026/04/02,08:30,逆方向,-715.8,420.8,0,-605.0,-900,熱容量,0,0,0,0,0,2026/04/01 21:46:23
翌日,20260401,更新後,北海道・本州間電力連系設備,2026/04/02,09:00,順方向,226.3,483.7,0,190.0,900,熱容量,0,0,0,0,0,2026/04/01 21:46:23
翌日,20260401,更新後,北海道・本州間電力連系設備,2026/04/02,09:00,逆方向,-778.7,483.7,0,-605.0,-900,熱容量,0,0,0,0,0,2026/04/01 21:46:23
翌日,20260401,更新後,北海道・本州間電力連系設備,2026/04/02,09:30,順方向,245.8,474.2,0,180.0,900,熱容量,0,0,0,0,0,2026/04/01 21:46:23
翌日,20260401,更新後,北海道・本州間電力連系設備,2026/04/02,09:30,逆方向,-698.2,474.2,0,-676.0,-900,熱容量,0,0,0,0,0,2026/04/01 21:46:23
翌日,20260401,更新後,北海道・本州間電力連系設備,2026/04/02,10:00,順方向,183.5,536.5,0,180.0,900,熱容量,0,0,0,0,0,2026/04/01 21:46:23
翌日,20260401,更新後,北海道・本州間電力連系設備,2026/04/02,10:00,逆方向,-756.5,536.5,0,-680.0,-900,熱容量,0,0,0,0,0,2026/04/01 21:46:23
翌日,20260401,更新後,北海道・本州間電力連系設備,2026/04/02,10:30,順方向,125.7,594.3,0,180.0,900,熱容量,0,0,0,0,0,2026/04/01 21:46:23
翌日,20260401,更新後,北海道・本州間電力連系設備,2026/04/02,10:30,逆方向,-814.3,594.3,0,-680.0,-900,熱容量,0,0,0,0,0,2026/04/01 21:46:23
翌日,20260401,更新後,北海道・本州間電力連系設備,2026/04/02,11:00,順方向,78.8,641.2,0,180.0,900,熱容量,0,0,0,0,0,2026/04/01 21:46:23
翌日,20260401,更新後,北海道・本州間電力連系設備,2026/04/02,11:00,逆方向,-861.2,641.2,0,-680.0,-900,熱容量,0,0,0,0,0,2026/04/01 21:46:23
翌日,20260401,更新後,北海道・本州間電力連系設備,2026/04/02,11:30,順方向,69.6,640.4,0,190.0,900,熱容量,0,0,0,0,0,2026/04/01 21:46:23
翌日,20260401,更新後,北海道・本州間電力連系設備,2026/04/02,11:30,逆方向,-860.4,640.4,0,-680.0,-900,熱容量,0,0,0,0,0,2026/04/01 21:46:23
翌日,20260401,更新後,北海道・本州間電力連系設備,2026/04/02,12:00,順方向,85.5,624.5,0,190.0,900,熱容量,0,0,0,0,0,2026/04/01 21:46:23
翌日,20260401,更新後,北海道・本州間電力連系設備,2026/04/02,12:00,逆方向,-844.5,624.5,0,-680.0,-900,熱容量,0,0,0,0,0,2026/04/01 21:46:23
翌日,20260401,更新後,北海道・本州間電力連系設備,2026/04/02,12:30,順方向,216.1,473.9,0,210.0,900,熱容量,0,0,0,0,0,2026/04/01 21:46:23
翌日,20260401,更新後,北海道・本州間電力連系設備,2026/04/02,12:30,逆方向,-703.9,473.9,0,-670.0,-900,熱容量,0,0,0,0,0,2026/04/01 21:46:23
翌日,20260401,更新後,北海道・本州間電力連系設備,2026/04/02,13:00,順方向,279.8,410.2,0,210.0,900,熱容量,0,0,0,0,0,2026/04/01 21:46:23
翌日,20260401,更新後,北海道・本州間電力連系設備,2026/04/02,13:00,逆方向,-680.118,410.2,0,-630.082,-900,熱容量,0,0,0,0,0,2026/04/01 21:46:23
翌日,20260401,更新後,北海道・本州間電力連系設備,2026/04/02,13:30,順方向,125.0,565.0,0,210.0,900,熱容量,0,0,0,0,0,2026/04/01 21:46:23
翌日,20260401,更新後,北海道・本州間電力連系設備,2026/04/02,13:30,逆方向,-775.0,565.0,0,-690.0,-900,熱容量,0,0,0,0,0,2026/04/01 21:46:23
翌日,20260401,更新後,北海道・本州間電力連系設備,2026/04/02,14:00,順方向,162.7,527.3,0,210.0,900,熱容量,0,0,0,0,0,2026/04/01 21:46:23
翌日,20260401,更新後,北海道・本州間電力連系設備,2026/04/02,14:00,逆方向,-737.3,527.3,0,-690.0,-900,熱容量,0,0,0,0,0,2026/04/01 21:46:23
翌日,20260401,更新後,北海道・本州間電力連系設備,2026/04/02,14:30,順方向,167.0,513.0,0,220.0,900,熱容量,0,0,0,0,0,2026/04/01 21:46:23
翌日,20260401,更新後,北海道・本州間電力連系設備,2026/04/02,14:30,逆方向,-713.0,513.0,0,-700.0,-900,熱容量,0,0,0,0,0,2026/04/01 21:46:23
翌日,20260401,更新後,北海道・本州間電力連系設備,2026/04/02,15:00,順方向,242.4,437.6,0,220.0,900,熱容量,0,0,0,0,0,2026/04/01 21:46:23
翌日,20260401,更新後,北海道・本州間電力連系設備,2026/04/02,15:00,逆方向,-637.6,437.6,0,-700.0,-900,熱容量,0,0,0,0,0,2026/04/01 21:46:23
翌日,20260401,更新後,北海道・本州間電力連系設備,2026/04/02,15:30,順方向,290.8,379.2,0,230.0,900,熱容量,0,0,0,0,0,2026/04/01 21:46:23
翌日,20260401,更新後,北海道・本州間電力連系設備,2026/04/02,15:30,逆方向,-654.2,379.2,0,-625.0,-900,熱容量,0,0,0,0,0,2026/04/01 21:46:23
翌日,20260401,更新後,北海道・本州間電力連系設備,2026/04/02,16:00,順方向,392.5,277.5,0,230.0,900,熱容量,0,0,0,0,0,2026/04/01 21:46:23
翌日,20260401,更新後,北海道・本州間電力連系設備,2026/04/02,16:00,逆方向,-555.5,277.5,0,-622.0,-900,熱容量,0,0,0,0,0,2026/04/01 21:46:23
翌日,20260401,更新後,北海道・本州間電力連系設備,2026/04/02,16:30,順方向,462.2,227.8,0,210.0,900,熱容量,0,0,0,0,0,2026/04/01 21:46:23
翌日,20260401,更新後,北海道・本州間電力連系設備,2026/04/02,16:30,逆方向,-455.8,227.8,0,-672.0,-900,熱容量,0,0,0,0,0,2026/04/01 21:46:23
翌日,20260401,更新後,北海道・本州間電力連系設備,2026/04/02,17:00,順方向,548.9,141.1,0,210.0,900,熱容量,0,0,0,0,0,2026/04/01 21:46:23
翌日,20260401,更新後,北海道・本州間電力連系設備,2026/04/02,17:00,逆方向,-465.1,141.1,0,-576.0,-900,熱容量,0,0,0,0,0,2026/04/01 21:46:23
翌日,20260401,更新後,北海道・本州間電力連系設備,2026/04/02,17:30,順方向,610.7,89.3,0,200.0,900,熱容量,0,0,0,0,0,2026/04/01 21:46:23
翌日,20260401,更新後,北海道・本州間電力連系設備,2026/04/02,17:30,逆方向,-451.3,89.3,0,-538.0,-900,熱容量,0,0,0,0,0,2026/04/01 21:46:23
翌日,20260401,更新後,北海道・本州間電力連系設備,2026/04/02,18:00,順方向,601.2,98.8,0,200.0,900,熱容量,0,0,0,0,0,2026/04/01 21:46:23
翌日,20260401,更新後,北海道・本州間電力連系設備,2026/04/02,18:00,逆方向,-390.8,98.8,0,-608.0,-900,熱容量,0,0,0,0,0,2026/04/01 21:46:23
翌日,20260401,更新後,北海道・本州間電力連系設備,2026/04/02,18:30,順方向,637.8,82.2,0,180.0,900,熱容量,0,0,0,0,0,2026/04/01 21:46:23
翌日,20260401,更新後,北海道・本州間電力連系設備,2026/04/02,18:30,逆方向,-377.2,82.2,0,-605.0,-900,熱容量,0,0,0,0,0,2026/04/01 21:46:23
翌日,20260401,更新後,北海道・本州間電力連系設備,2026/04/02,19:00,順方向,643.9,76.1,0,180.0,900,熱容量,0,0,0,0,0,2026/04/01 21:46:23
翌日,20260401,更新後,北海道・本州間電力連系設備,2026/04/02,19:00,逆方向,-371.1,76.1,0,-605.0,-900,熱容量,0,0,0,0,0,2026/04/01 21:46:23
翌日,20260401,更新後,北海道・本州間電力連系設備,2026/04/02,19:30,順方向,582.4,127.6,0,190.0,900,熱容量,0,0,0,0,0,2026/04/01 21:46:23
翌日,20260401,更新後,北海道・本州間電力連系設備,2026/04/02,19:30,逆方向,-440.24,127.6,0,-587.36,-900,熱容量,0,0,0,0,0,2026/04/01 21:46:23
翌日,20260401,更新後,北海道・本州間電力連系設備,2026/04/02,20:00,順方向,565.8,144.2,0,190.0,900,熱容量,0,0,0,0,0,2026/04/01 21:46:23
翌日,20260401,更新後,北海道・本州間電力連系設備,2026/04/02,20:00,逆方向,-457.2,144.2,0,-587.0,-900,熱容量,0,0,0,0,0,2026/04/01 21:46:23
翌日,20260401,更新後,北海道・本州間電力連系設備,2026/04/02,20:30,順方向,529.4,170.6,0,200.0,900,熱容量,0,0,0,0,0,2026/04/01 21:46:23
翌日,20260401,更新後,北海道・本州間電力連系設備,2026/04/02,20:30,逆方向,-465.6,170.6,0,-605.0,-900,熱容量,0,0,0,0,0,2026/04/01 21:46:23
翌日,20260401,更新後,北海道・本州間電力連系設備,2026/04/02,21:00,順方向,545.4,154.6,0,200.0,900,熱容量,0,0,0,0,0,2026/04/01 21:46:23
翌日,20260401,更新後,北海道・本州間電力連系設備,2026/04/02,21:00,逆方向,-449.6,154.6,0,-605.0,-900,熱容量,0,0,0,0,0,2026/04/01 21:46:23
翌日,20260401,更新後,北海道・本州間電力連系設備,2026/04/02,21:30,順方向,476.8,203.2,0,220.0,900,熱容量,0,0,0,0,0,2026/04/01 21:46:23
翌日,20260401,更新後,北海道・本州間電力連系設備,2026/04/02,21:30,逆方向,-488.2,203.2,0,-615.0,-900,熱容量,0,0,0,0,0,2026/04/01 21:46:23
翌日,20260401,更新後,北海道・本州間電力連系設備,2026/04/02,22:00,順方向,499.1,180.9,0,220.0,900,熱容量,0,0,0,0,0,2026/04/01 21:46:23
翌日,20260401,更新後,北海道・本州間電力連系設備,2026/04/02,22:00,逆方向,-465.9,180.9,0,-615.0,-900,熱容量,0,0,0,0,0,2026/04/01 21:46:23
翌日,20260401,更新後,北海道・本州間電力連系設備,2026/04/02,22:30,順方向,500.6,169.4,0,230.0,900,熱容量,0,0,0,0,0,2026/04/01 21:46:23
翌日,20260401,更新後,北海道・本州間電力連系設備,2026/04/02,22:30,逆方向,-462.4,169.4,0,-607.0,-900,熱容量,0,0,0,0,0,2026/04/01 21:46:23
翌日,20260401,更新後,北海道・本州間電力連系設備,2026/04/02,23:00,順方向,479.9,190.1,0,230.0,900,熱容量,0,0,0,0,0,2026/04/01 21:46:23
翌日,20260401,更新後,北海道・本州間電力連系設備,2026/04/02,23:00,逆方向,-487.1,190.1,0,-603.0,-900,熱容量,0,0,0,0,0,2026/04/01 21:46:23
翌日,20260401,更新後,北海道・本州間電力連系設備,2026/04/02,23:30,順方向,416.5,253.5,0,230.0,900,熱容量,0,0,0,0,0,2026/04/01 21:46:23
翌日,20260401,更新後,北海道・本州間電力連系設備,2026/04/02,23:30,逆方向,-528.5,253.5,0,-625.0,-900,熱容量,0,0,0,0,0,2026/04/01 21:46:23
翌日,20260401,更新後,北海道・本州間電力連系設備,2026/04/02,24:00,順方向,432.4,237.6,0,230.0,900,熱容量,0,0,0,0,0,2026/04/01 21:46:23
翌日,20260401,更新後,北海道・本州間電力連系設備,2026/04/02,24:00,逆方向,-512.6,237.6,0,-625.0,-900,熱容量,0,0,0,0,0,2026/04/01 21:46:23
翌日,20260401,更新後,相馬双葉幹線,2026/04/02,00:30,順方向,377.4,3072.6,0,0.0,3450,熱容量（作業）,0,0,0,0,0,2026/04/01 21:46:23
翌日,20260401,更新後,相馬双葉幹線,2026/04/02,00:30,逆方向,-5292.6,3072.6,0,-140.0,-2360,熱容量,0,0,0,0,0,2026/04/01 21:46:23
翌日,20260401,更新後,相馬双葉幹線,2026/04/02,01:00,順方向,54.7,3395.3,0,0.0,3450,熱容量（作業）,0,0,0,0,0,2026/04/01 21:46:23
翌日,20260401,更新後,相馬双葉幹線,2026/04/02,01:00,逆方向,-5615.3,3395.3,0,-140.0,-2360,熱容量,0,0,0,0,0,2026/04/01 21:46:23
翌日,20260401,更新後,相馬双葉幹線,2026/04/02,01:30,順方向,20.2,3429.8,0,0.0,3450,熱容量（作業）,0,0,0,0,0,2026/04/01 21:46:23
翌日,20260401,更新後,相馬双葉幹線,2026/04/02,01:30,逆方向,-5649.8,3429.8,0,-140.0,-2360,熱容量,0,0,0,0,0,2026/04/01 21:46:23
翌日,20260401,更新後,相馬双葉幹線,2026/04/02,02:00,順方向,118.7,3331.3,0,0.0,3450,熱容量（作業）,0,0,0,0,0,2026/04/01 21:46:23
翌日,20260401,更新後,相馬双葉幹線,2026/04/02,02:00,逆方向,-5551.3,3331.3,0,-140.0,-2360,熱容量,0,0,0,0,0,2026/04/01 21:46:23
翌日,20260401,更新後,相馬双葉幹線,2026/04/02,02:30,順方向,342.1,3107.9,0,0.0,3450,熱容量（作業）,0,0,0,0,0,2026/04/01 21:46:23
翌日,20260401,更新後,相馬双葉幹線,2026/04/02,02:30,逆方向,-5332.9,3107.9,0,-135.0,-2360,熱容量,0,0,0,0,0,2026/04/01 21:46:23
翌日,20260401,更新後,相馬双葉幹線,2026/04/02,03:00,順方向,424.8,3025.2,0,0.0,3450,熱容量（作業）,0,0,0,0,0,2026/04/01 21:46:23
翌日,20260401,更新後,相馬双葉幹線,2026/04/02,03:00,逆方向,-5255.2,3025.2,0,-130.0,-2360,熱容量,0,0,0,0,0,2026/04/01 21:46:23
翌日,20260401,更新後,相馬双葉幹線,2026/04/02,03:30,順方向,339.3,3110.7,0,0.0,3450,熱容量（作業）,0,0,0,0,0,2026/04/01 21:46:23
翌日,20260401,更新後,相馬双葉幹線,2026/04/02,03:30,逆方向,-5341.7,3110.7,0,-129.0,-2360,熱容量,0,0,0,0,0,2026/04/01 21:46:23
翌日,20260401,更新後,相馬双葉幹線,2026/04/02,04:00,順方向,201.7,3248.3,0,0.0,3450,熱容量（作業）,0,0,0,0,0,2026/04/01 21:46:23
翌日,20260401,更新後,相馬双葉幹線,2026/04/02,04:00,逆方向,-5478.3,3248.3,0,-130.0,-2360,熱容量,0,0,0,0,0,2026/04/01 21:46:23
翌日,20260401,更新後,相馬双葉幹線,2026/04/02,04:30,順方向,357.0,3093.0,0,0.0,3450,熱容量（作業）,0,0,0,0,0,2026/04/01 21:46:23
翌日,20260401,更新後,相馬双葉幹線,2026/04/02,04:30,逆方向,-5319.0,3093.0,0,-134.0,-2360,熱容量,0,0,0,0,0,2026/04/01 21:46:23
翌日,20260401,更新後,相馬双葉幹線,2026/04/02,05:00,順方向,19.0,3431.0,0,0.0,3450,熱容量（作業）,0,0,0,0,0,2026/04/01 21:46:23
翌日,20260401,更新後,相馬双葉幹線,2026/04/02,05:00,逆方向,-5657.0,3431.0,0,-134.0,-2360,熱容量,0,0,0,0,0,2026/04/01 21:46:23
翌日,20260401,更新後,相馬双葉幹線,2026/04/02,05:30,順方向,179.4,3270.6,0,0.0,3450,熱容量（作業）,0,0,0,0,0,2026/04/01 21:46:23
翌日,20260401,更新後,相馬双葉幹線,2026/04/02,05:30,逆方向,-5496.6,3270.6,0,-134.0,-2360,熱容量,0,0,0,0,0,2026/04/01 21:46:23
翌日,20260401,更新後,相馬双葉幹線,2026/04/02,06:00,順方向,145.6,3304.4,0,0.0,3450,熱容量（作業）,0,0,0,0,0,2026/04/01 21:46:23
翌日,20260401,更新後,相馬双葉幹線,2026/04/02,06:00,逆方向,-5523.4,3304.4,0,-141.0,-2360,熱容量,0,0,0,0,0,2026/04/01 21:46:23
翌日,20260401,更新後,相馬双葉幹線,2026/04/02,06:30,順方向,64.7,3385.3,0,0.0,3450,熱容量（作業）,0,0,0,0,0,2026/04/01 21:46:23
翌日,20260401,更新後,相馬双葉幹線,2026/04/02,06:30,逆方向,-5541.3,3385.3,0,-204.0,-2360,熱容量,0,0,0,0,0,2026/04/01 21:46:23
翌日,20260401,更新後,相馬双葉幹線,2026/04/02,07:00,順方向,92.8,3357.2,0,0.0,3450,熱容量（作業）,0,0,0,0,0,2026/04/01 21:46:23
翌日,20260401,更新後,相馬双葉幹線,2026/04/02,07:00,逆方向,-5561.2,3357.2,0,-156.0,-2360,熱容量,0,0,0,0,0,2026/04/01 21:46:23
翌日,20260401,更新後,相馬双葉幹線,2026/04/02,07:30,順方向,183.2,3266.8,0,0.0,3450,熱容量（作業）,0,0,0,0,0,2026/04/01 21:46:23
翌日,20260401,更新後,相馬双葉幹線,2026/04/02,07:30,逆方向,-5552.198,3266.8,0,-74.602,-2360,熱容量,0,0,0,0,0,2026/04/01 21:46:23
翌日,20260401,更新後,相馬双葉幹線,2026/04/02,08:00,順方向,89.2,3360.8,0,0.0,3450,熱容量（作業）,0,0,0,0,0,2026/04/01 21:46:23
翌日,20260401,更新後,相馬双葉幹線,2026/04/02,08:00,逆方向,-5720.8,3360.8,0,0.0,-2360,熱容量,0,0,0,0,0,2026/04/01 21:46:23
翌日,20260401,更新後,相馬双葉幹線,2026/04/02,08:30,順方向,0.0,3550.0,0,0.0,3550,熱容量（作業）,0,0,0,0,0,2026/04/01 21:46:23
翌日,20260401,更新後,相馬双葉幹線,2026/04/02,08:30,逆方向,-5910.0,3550.0,0,0.0,-2360,熱容量,0,0,0,0,0,2026/04/01 21:46:23
翌日,20260401,更新後,相馬双葉幹線,2026/04/02,09:00,順方向,22.4,3527.6,0,0.0,3550,熱容量（作業）,0,0,0,0,0,2026/04/01 21:46:23
翌日,20260401,更新後,相馬双葉幹線,2026/04/02,09:00,逆方向,-5887.6,3527.6,0,0.0,-2360,熱容量,0,0,0,0,0,2026/04/01 21:46:23
翌日,20260401,更新後,相馬双葉幹線,2026/04/02,09:30,順方向,327.8,3222.2,0,0.0,3550,熱容量（作業）,0,0,0,0,0,2026/04/01 21:46:23
翌日,20260401,更新後,相馬双葉幹線,2026/04/02,09:30,逆方向,-5582.2,3222.2,0,0.0,-2360,熱容量,0,0,0,0,0,2026/04/01 21:46:23
翌日,20260401,更新後,相馬双葉幹線,2026/04/02,10:00,順方向,155.9,3394.1,0,0.0,3550,熱容量（作業）,0,0,0,0,0,2026/04/01 21:46:23
翌日,20260401,更新後,相馬双葉幹線,2026/04/02,10:00,逆方向,-5754.1,3394.1,0,0.0,-2360,熱容量,0,0,0,0,0,2026/04/01 21:46:23
翌日,20260401,更新後,相馬双葉幹線,2026/04/02,10:30,順方向,0.0,3550.0,0,0.0,3550,熱容量（作業）,0,0,0,0,0,2026/04/01 21:46:23
翌日,20260401,更新後,相馬双葉幹線,2026/04/02,10:30,逆方向,-5779.0,3550.0,0,-131.0,-2360,熱容量,0,0,0,0,0,2026/04/01 21:46:23
翌日,20260401,更新後,相馬双葉幹線,2026/04/02,11:00,順方向,13.8,3536.2,0,0.0,3550,熱容量（作業）,0,0,0,0,0,2026/04/01 21:46:23
翌日,20260401,更新後,相馬双葉幹線,2026/04/02,11:00,逆方向,-5896.2,3536.2,0,0.0,-2360,熱容量,0,0,0,0,0,2026/04/01 21:46:23
翌日,20260401,更新後,相馬双葉幹線,2026/04/02,11:30,順方向,0.0,3550.0,0,0.0,3550,熱容量（作業）,0,0,0,0,0,2026/04/01 21:46:23
翌日,20260401,更新後,相馬双葉幹線,2026/04/02,11:30,逆方向,-5905.2,3550.0,0,-4.8,-2360,熱容量,0,0,0,0,0,2026/04/01 21:46:23
翌日,20260401,更新後,相馬双葉幹線,2026/04/02,12:00,順方向,0.0,3550.0,0,0.0,3550,熱容量（作業）,0,0,0,0,0,2026/04/01 21:46:23
翌日,20260401,更新後,相馬双葉幹線,2026/04/02,12:00,逆方向,-5910.0,3550.0,0,0.0,-2360,熱容量,0,0,0,0,0,2026/04/01 21:46:23
翌日,20260401,更新後,相馬双葉幹線,2026/04/02,12:30,順方向,0.0,3550.0,0,0.0,3550,熱容量（作業）,0,0,0,0,0,2026/04/01 21:46:23
翌日,20260401,更新後,相馬双葉幹線,2026/04/02,12:30,逆方向,-5910.0,3550.0,0,0.0,-2360,熱容量,0,0,0,0,0,2026/04/01 21:46:23
翌日,20260401,更新後,相馬双葉幹線,2026/04/02,13:00,順方向,0.0,3550.0,0,0.0,3550,熱容量（作業）,0,0,0,0,0,2026/04/01 21:46:23
翌日,20260401,更新後,相馬双葉幹線,2026/04/02,13:00,逆方向,-5908.5,3550.0,0,-1.5,-2360,熱容量,0,0,0,0,0,2026/04/01 21:46:23
翌日,20260401,更新後,相馬双葉幹線,2026/04/02,13:30,順方向,0.0,3550.0,0,0.0,3550,熱容量（作業）,0,0,0,0,0,2026/04/01 21:46:23
翌日,20260401,更新後,相馬双葉幹線,2026/04/02,13:30,逆方向,-5910.0,3550.0,0,0.0,-2360,熱容量,0,0,0,0,0,2026/04/01 21:46:23
翌日,20260401,更新後,相馬双葉幹線,2026/04/02,14:00,順方向,0.0,3550.0,0,0.0,3550,熱容量（作業）,0,0,0,0,0,2026/04/01 21:46:23
翌日,20260401,更新後,相馬双葉幹線,2026/04/02,14:00,逆方向,-5910.0,3550.0,0,0.0,-2360,熱容量,0,0,0,0,0,2026/04/01 21:46:23
翌日,20260401,更新後,相馬双葉幹線,2026/04/02,14:30,順方向,106.0,3444.0,0,0.0,3550,熱容量（作業）,0,0,0,0,0,2026/04/01 21:46:23
翌日,20260401,更新後,相馬双葉幹線,2026/04/02,14:30,逆方向,-5740.044,3444.0,0,-63.956,-2360,熱容量,0,0,0,0,0,2026/04/01 21:46:23
翌日,20260401,更新後,相馬双葉幹線,2026/04/02,15:00,順方向,472.6,3077.4,0,0.0,3550,熱容量（作業）,0,0,0,0,0,2026/04/01 21:46:23
翌日,20260401,更新後,相馬双葉幹線,2026/04/02,15:00,逆方向,-5437.4,3077.4,0,0.0,-2360,熱容量,0,0,0,0,0,2026/04/01 21:46:23
翌日,20260401,更新後,相馬双葉幹線,2026/04/02,15:30,順方向,0.0,3550.0,0,0.0,3550,熱容量（作業）,0,0,0,0,0,2026/04/01 21:46:23
翌日,20260401,更新後,相馬双葉幹線,2026/04/02,15:30,逆方向,-5751.534,3550.0,0,-158.466,-2360,熱容量,0,0,0,0,0,2026/04/01 21:46:23
翌日,20260401,更新後,相馬双葉幹線,2026/04/02,16:00,順方向,348.5,3201.5,0,0.0,3550,熱容量（作業）,0,0,0,0,0,2026/04/01 21:46:23
翌日,20260401,更新後,相馬双葉幹線,2026/04/02,16:00,逆方向,-5420.978,3201.5,0,-140.522,-2360,熱容量,0,0,0,0,0,2026/04/01 21:46:23
翌日,20260401,更新後,相馬双葉幹線,2026/04/02,16:30,順方向,636.9,2913.1,0,0.0,3550,熱容量（作業）,0,0,0,0,0,2026/04/01 21:46:23
翌日,20260401,更新後,相馬双葉幹線,2026/04/02,16:30,逆方向,-5273.1,2913.1,0,0.0,-2360,熱容量,0,0,0,0,0,2026/04/01 21:46:23
翌日,20260401,更新後,相馬双葉幹線,2026/04/02,17:00,順方向,268.3,3281.7,0,0.0,3550,熱容量（作業）,0,0,0,0,0,2026/04/01 21:46:23
翌日,20260401,更新後,相馬双葉幹線,2026/04/02,17:00,逆方向,-5602.7,3281.7,0,-39.0,-2360,熱容量,0,0,0,0,0,2026/04/01 21:46:23
翌日,20260401,更新後,相馬双葉幹線,2026/04/02,17:30,順方向,396.0,3154.0,0,0.0,3550,熱容量（作業）,0,0,0,0,0,2026/04/01 21:46:23
翌日,20260401,更新後,相馬双葉幹線,2026/04/02,17:30,逆方向,-5359.0,3154.0,0,-155.0,-2360,熱容量,0,0,0,0,0,2026/04/01 21:46:23
翌日,20260401,更新後,相馬双葉幹線,2026/04/02,18:00,順方向,952.6,2597.4,0,0.0,3550,熱容量（作業）,0,0,0,0,0,2026/04/01 21:46:23
翌日,20260401,更新後,相馬双葉幹線,2026/04/02,18:00,逆方向,-4847.316,2597.4,0,-110.084,-2360,熱容量,0,0,0,0,0,2026/04/01 21:46:23
翌日,20260401,更新後,相馬双葉幹線,2026/04/02,18:30,順方向,990.2,2559.8,0,0.0,3550,熱容量（作業）,0,0,0,0,0,2026/04/01 21:46:23
翌日,20260401,更新後,相馬双葉幹線,2026/04/02,18:30,逆方向,-4834.8,2559.8,0,-85.0,-2360,熱容量,0,0,0,0,0,2026/04/01 21:46:23
翌日,20260401,更新後,相馬双葉幹線,2026/04/02,19:00,順方向,927.9,2622.1,0,0.0,3550,熱容量（作業）,0,0,0,0,0,2026/04/01 21:46:23
翌日,20260401,更新後,相馬双葉幹線,2026/04/02,19:00,逆方向,-4897.1,2622.1,0,-85.0,-2360,熱容量,0,0,0,0,0,2026/04/01 21:46:23
翌日,20260401,更新後,相馬双葉幹線,2026/04/02,19:30,順方向,374.2,3175.8,0,0.0,3550,熱容量（作業）,0,0,0,0,0,2026/04/01 21:46:23
翌日,20260401,更新後,相馬双葉幹線,2026/04/02,19:30,逆方向,-5360.44,3175.8,0,-175.36,-2360,熱容量,0,0,0,0,0,2026/04/01 21:46:23
翌日,20260401,更新後,相馬双葉幹線,2026/04/02,20:00,順方向,391.7,3158.3,0,0.0,3550,熱容量（作業）,0,0,0,0,0,2026/04/01 21:46:23
翌日,20260401,更新後,相馬双葉幹線,2026/04/02,20:00,逆方向,-5413.3,3158.3,0,-105.0,-2360,熱容量,0,0,0,0,0,2026/04/01 21:46:23
翌日,20260401,更新後,相馬双葉幹線,2026/04/02,20:30,順方向,389.4,3160.6,0,0.0,3550,熱容量（作業）,0,0,0,0,0,2026/04/01 21:46:23
翌日,20260401,更新後,相馬双葉幹線,2026/04/02,20:30,逆方向,-5432.6,3160.6,0,-88.0,-2360,熱容量,0,0,0,0,0,2026/04/01 21:46:23
翌日,20260401,更新後,相馬双葉幹線,2026/04/02,21:00,順方向,586.0,2964.0,0,0.0,3550,熱容量（作業）,0,0,0,0,0,2026/04/01 21:46:23
翌日,20260401,更新後,相馬双葉幹線,2026/04/02,21:00,逆方向,-5308.0,2964.0,0,-16.0,-2360,熱容量,0,0,0,0,0,2026/04/01 21:46:23
翌日,20260401,更新後,相馬双葉幹線,2026/04/02,21:30,順方向,0.0,3550.0,0,0.0,3550,熱容量（作業）,0,0,0,0,0,2026/04/01 21:46:23
翌日,20260401,更新後,相馬双葉幹線,2026/04/02,21:30,逆方向,-5910.0,3550.0,0,0.0,-2360,熱容量,0,0,0,0,0,2026/04/01 21:46:23
翌日,20260401,更新後,相馬双葉幹線,2026/04/02,22:00,順方向,0.0,3550.0,0,0.0,3550,熱容量（作業）,0,0,0,0,0,2026/04/01 21:46:23
翌日,20260401,更新後,相馬双葉幹線,2026/04/02,22:00,逆方向,-5901.0,3550.0,0,-9.0,-2360,熱容量,0,0,0,0,0,2026/04/01 21:46:23
翌日,20260401,更新後,相馬双葉幹線,2026/04/02,22:30,順方向,0.0,3450.0,0,0.0,3450,熱容量（作業）,0,0,0,0,0,2026/04/01 21:46:23
翌日,20260401,更新後,相馬双葉幹線,2026/04/02,22:30,逆方向,-5713.0,3450.0,0,-97.0,-2360,熱容量,0,0,0,0,0,2026/04/01 21:46:23
翌日,20260401,更新後,相馬双葉幹線,2026/04/02,23:00,順方向,0.0,3450.0,0,0.0,3450,熱容量（作業）,0,0,0,0,0,2026/04/01 21:46:23
翌日,20260401,更新後,相馬双葉幹線,2026/04/02,23:00,逆方向,-5799.649,3450.0,0,-10.351,-2360,熱容量,0,0,0,0,0,2026/04/01 21:46:23
翌日,20260401,更新後,相馬双葉幹線,2026/04/02,23:30,順方向,11.6,3438.4,0,0.0,3450,熱容量（作業）,0,0,0,0,0,2026/04/01 21:46:23
翌日,20260401,更新後,相馬双葉幹線,2026/04/02,23:30,逆方向,-5695.4,3438.4,0,-103.0,-2360,熱容量,0,0,0,0,0,2026/04/01 21:46:23
翌日,20260401,更新後,相馬双葉幹線,2026/04/02,24:00,順方向,717.5,2732.5,0,0.0,3450,熱容量（作業）,0,0,0,0,0,2026/04/01 21:46:23
翌日,20260401,更新後,相馬双葉幹線,2026/04/02,24:00,逆方向,-4875.5,2732.5,0,-217.0,-2360,熱容量,0,0,0,0,0,2026/04/01 21:46:23
翌日,20260401,更新後,周波数変換設備,2026/04/02,00:30,順方向,14.0,886.0,0,600.0,1500,熱容量（作業）,0,0,0,0,0,2026/04/01 21:46:23
翌日,20260401,更新後,周波数変換設備,2026/04/02,00:30,逆方向,-1695.663,886.0,0,-690.337,-1500,熱容量（作業）,0,0,0,0,0,2026/04/01 21:46:23
翌日,20260401,更新後,周波数変換設備,2026/04/02,01:00,順方向,14.3,885.7,0,600.0,1500,熱容量（作業）,0,0,0,0,0,2026/04/01 21:46:23
翌日,20260401,更新後,周波数変換設備,2026/04/02,01:00,逆方向,-1690.648,885.7,0,-695.052,-1500,熱容量（作業）,0,0,0,0,0,2026/04/01 21:46:23
翌日,20260401,更新後,周波数変換設備,2026/04/02,01:30,順方向,0.8,899.2,0,600.0,1500,熱容量（作業）,0,0,0,0,0,2026/04/01 21:46:23
翌日,20260401,更新後,周波数変換設備,2026/04/02,01:30,逆方向,-1700.132,899.2,0,-699.068,-1500,熱容量（作業）,0,0,0,0,0,2026/04/01 21:46:23
翌日,20260401,更新後,周波数変換設備,2026/04/02,02:00,順方向,2.2,897.8,0,600.0,1500,熱容量（作業）,0,0,0,0,0,2026/04/01 21:46:23
翌日,20260401,更新後,周波数変換設備,2026/04/02,02:00,逆方向,-1673.102,897.8,0,-724.698,-1500,熱容量（作業）,0,0,0,0,0,2026/04/01 21:46:23
翌日,20260401,更新後,周波数変換設備,2026/04/02,02:30,順方向,0.0,900.0,0,600.0,1500,熱容量（作業）,0,0,0,0,0,2026/04/01 21:46:23
翌日,20260401,更新後,周波数変換設備,2026/04/02,02:30,逆方向,-1694.45,900.0,0,-705.55,-1500,熱容量（作業）,0,0,0,0,0,2026/04/01 21:46:23
翌日,20260401,更新後,周波数変換設備,2026/04/02,03:00,順方向,0.0,900.0,0,600.0,1500,熱容量（作業）,0,0,0,0,0,2026/04/01 21:46:23
翌日,20260401,更新後,周波数変換設備,2026/04/02,03:00,逆方向,-1700.468,900.0,0,-699.532,-1500,熱容量（作業）,0,0,0,0,0,2026/04/01 21:46:23
翌日,20260401,更新後,周波数変換設備,2026/04/02,03:30,順方向,0.0,900.0,0,600.0,1500,熱容量（作業）,0,0,0,0,0,2026/04/01 21:46:23
翌日,20260401,更新後,周波数変換設備,2026/04/02,03:30,逆方向,-1742.962,900.0,0,-657.038,-1500,熱容量（作業）,0,0,0,0,0,2026/04/01 21:46:23
翌日,20260401,更新後,周波数変換設備,2026/04/02,04:00,順方向,0.0,900.0,0,600.0,1500,熱容量（作業）,0,0,0,0,0,2026/04/01 21:46:23
翌日,20260401,更新後,周波数変換設備,2026/04/02,04:00,逆方向,-1745.826,900.0,0,-654.174,-1500,熱容量（作業）,0,0,0,0,0,2026/04/01 21:46:23
翌日,20260401,更新後,周波数変換設備,2026/04/02,04:30,順方向,0.0,900.0,0,600.0,1500,熱容量（作業）,0,0,0,0,0,2026/04/01 21:46:23
翌日,20260401,更新後,周波数変換設備,2026/04/02,04:30,逆方向,-1800.0,900.0,0,-600.0,-1500,熱容量（作業）,0,0,0,0,0,2026/04/01 21:46:23
翌日,20260401,更新後,周波数変換設備,2026/04/02,05:00,順方向,0.0,900.0,0,600.0,1500,熱容量（作業）,0,0,0,0,0,2026/04/01 21:46:23
翌日,20260401,更新後,周波数変換設備,2026/04/02,05:00,逆方向,-1733.8,900.0,0,-666.2,-1500,熱容量（作業）,0,0,0,0,0,2026/04/01 21:46:23
翌日,20260401,更新後,周波数変換設備,2026/04/02,05:30,順方向,0.0,900.0,0,600.0,1500,熱容量（作業）,0,0,0,0,0,2026/04/01 21:46:23
翌日,20260401,更新後,周波数変換設備,2026/04/02,05:30,逆方向,-1719.881,900.0,0,-680.119,-1500,熱容量（作業）,0,0,0,0,0,2026/04/01 21:46:23
翌日,20260401,更新後,周波数変換設備,2026/04/02,06:00,順方向,0.0,900.0,0,600.0,1500,熱容量（作業）,0,0,0,0,0,2026/04/01 21:46:23
翌日,20260401,更新後,周波数変換設備,2026/04/02,06:00,逆方向,-1624.466,900.0,0,-775.534,-1500,熱容量（作業）,0,0,0,0,0,2026/04/01 21:46:23
翌日,20260401,更新後,周波数変換設備,2026/04/02,06:30,順方向,208.1,691.9,0,600.0,1500,熱容量（作業）,0,0,0,0,0,2026/04/01 21:46:23
翌日,20260401,更新後,周波数変換設備,2026/04/02,06:30,逆方向,-1415.943,691.9,0,-775.957,-1500,熱容量（作業）,0,0,0,0,0,2026/04/01 21:46:23
翌日,20260401,更新後,周波数変換設備,2026/04/02,07:00,順方向,280.4,619.6,0,600.0,1500,熱容量（作業）,0,0,0,0,0,2026/04/01 21:46:23
翌日,20260401,更新後,周波数変換設備,2026/04/02,07:00,逆方向,-891.632,619.6,0,-1227.968,-1500,熱容量（作業）,0,0,0,0,0,2026/04/01 21:46:23
翌日,20260401,更新後,周波数変換設備,2026/04/02,07:30,順方向,1068.0,-168.0,0,600.0,1500,熱容量（作業）,0,0,0,0,0,2026/04/01 21:46:23
翌日,20260401,更新後,周波数変換設備,2026/04/02,07:30,逆方向,-528.457,-168.0,0,-803.543,-1500,熱容量（作業）,0,0,0,0,0,2026/04/01 21:46:23
翌日,20260401,更新後,周波数変換設備,2026/04/02,08:00,順方向,1527.8,-645.5,0,617.7,1500,熱容量（作業）,0,0,0,0,0,2026/04/01 21:46:23
翌日,20260401,更新後,周波数変換設備,2026/04/02,08:00,逆方向,-254.5,-645.5,0,-600.0,-1500,熱容量（作業）,0,0,0,0,0,2026/04/01 21:46:23
翌日,20260401,更新後,周波数変換設備,2026/04/02,08:30,順方向,1800.0,-900.0,0,600.0,1500,熱容量（作業）,0,0,0,0,0,2026/04/01 21:46:23
翌日,20260401,更新後,周波数変換設備,2026/04/02,08:30,逆方向,0.0,-900.0,0,-600.0,-1500,熱容量（作業）,0,0,0,0,0,2026/04/01 21:46:23
翌日,20260401,更新後,周波数変換設備,2026/04/02,09:00,順方向,1800.0,-900.0,0,600.0,1500,熱容量（作業）,0,0,0,0,0,2026/04/01 21:46:23
翌日,20260401,更新後,周波数変換設備,2026/04/02,09:00,逆方向,0.0,-900.0,0,-600.0,-1500,熱容量（作業）,0,0,0,0,0,2026/04/01 21:46:23
翌日,20260401,更新後,周波数変換設備,2026/04/02,09:30,順方向,1800.0,-900.0,0,600.0,1500,熱容量（作業）,0,0,0,0,0,2026/04/01 21:46:23
翌日,20260401,更新後,周波数変換設備,2026/04/02,09:30,逆方向,0.0,-900.0,0,-600.0,-1500,熱容量（作業）,0,0,0,0,0,2026/04/01 21:46:23
翌日,20260401,更新後,周波数変換設備,2026/04/02,10:00,順方向,1665.672,-900.0,0,734.328,1500,熱容量（作業）,0,0,0,0,0,2026/04/01 21:46:23
翌日,20260401,更新後,周波数変換設備,2026/04/02,10:00,逆方向,0.0,-900.0,0,-600.0,-1500,熱容量（作業）,0,0,0,0,0,2026/04/01 21:46:23
翌日,20260401,更新後,周波数変換設備,2026/04/02,10:30,順方向,1672.0,-900.0,0,728.0,1500,熱容量（作業）,0,0,0,0,0,2026/04/01 21:46:23
翌日,20260401,更新後,周波数変換設備,2026/04/02,10:30,逆方向,0.0,-900.0,0,-600.0,-1500,熱容量（作業）,0,0,0,0,0,2026/04/01 21:46:23
翌日,20260401,更新後,周波数変換設備,2026/04/02,11:00,順方向,1597.281,-900.0,0,802.719,1500,熱容量（作業）,0,0,0,0,0,2026/04/01 21:46:23
翌日,20260401,更新後,周波数変換設備,2026/04/02,11:00,逆方向,0.0,-900.0,0,-600.0,-1500,熱容量（作業）,0,0,0,0,0,2026/04/01 21:46:23
翌日,20260401,更新後,周波数変換設備,2026/04/02,11:30,順方向,1643.0,-900.0,0,757.0,1500,熱容量（作業）,0,0,0,0,0,2026/04/01 21:46:23
翌日,20260401,更新後,周波数変換設備,2026/04/02,11:30,逆方向,0.0,-900.0,0,-600.0,-1500,熱容量（作業）,0,0,0,0,0,2026/04/01 21:46:23
翌日,20260401,更新後,周波数変換設備,2026/04/02,12:00,順方向,1752.001,-900.0,0,647.999,1500,熱容量（作業）,0,0,0,0,0,2026/04/01 21:46:23
翌日,20260401,更新後,周波数変換設備,2026/04/02,12:00,逆方向,0.0,-900.0,0,-600.0,-1500,熱容量（作業）,0,0,0,0,0,2026/04/01 21:46:23
翌日,20260401,更新後,周波数変換設備,2026/04/02,12:30,順方向,1633.427,-900.0,0,766.573,1500,熱容量（作業）,0,0,0,0,0,2026/04/01 21:46:23
翌日,20260401,更新後,周波数変換設備,2026/04/02,12:30,逆方向,0.0,-900.0,0,-600.0,-1500,熱容量（作業）,0,0,0,0,0,2026/04/01 21:46:23
翌日,20260401,更新後,周波数変換設備,2026/04/02,13:00,順方向,1681.559,-900.0,0,718.441,1500,熱容量（作業）,0,0,0,0,0,2026/04/01 21:46:23
翌日,20260401,更新後,周波数変換設備,2026/04/02,13:00,逆方向,0.0,-900.0,0,-600.0,-1500,熱容量（作業）,0,0,0,0,0,2026/04/01 21:46:23
翌日,20260401,更新後,周波数変換設備,2026/04/02,13:30,順方向,1665.189,-900.0,0,734.811,1500,熱容量（作業）,0,0,0,0,0,2026/04/01 21:46:23
翌日,20260401,更新後,周波数変換設備,2026/04/02,13:30,逆方向,0.0,-900.0,0,-600.0,-1500,熱容量（作業）,0,0,0,0,0,2026/04/01 21:46:23
翌日,20260401,更新後,周波数変換設備,2026/04/02,14:00,順方向,1655.299,-900.0,0,744.701,1500,熱容量（作業）,0,0,0,0,0,2026/04/01 21:46:23
翌日,20260401,更新後,周波数変換設備,2026/04/02,14:00,逆方向,0.0,-900.0,0,-600.0,-1500,熱容量（作業）,0,0,0,0,0,2026/04/01 21:46:23
翌日,20260401,更新後,周波数変換設備,2026/04/02,14:30,順方向,1797.5,-900.0,0,602.5,1500,熱容量（作業）,0,0,0,0,0,2026/04/01 21:46:23
翌日,20260401,更新後,周波数変換設備,2026/04/02,14:30,逆方向,0.0,-900.0,0,-600.0,-1500,熱容量（作業）,0,0,0,0,0,2026/04/01 21:46:23
翌日,20260401,更新後,周波数変換設備,2026/04/02,15:00,順方向,1764.748,-900.0,0,635.252,1500,熱容量（作業）,0,0,0,0,0,2026/04/01 21:46:23
翌日,20260401,更新後,周波数変換設備,2026/04/02,15:00,逆方向,0.0,-900.0,0,-600.0,-1500,熱容量（作業）,0,0,0,0,0,2026/04/01 21:46:23
翌日,20260401,更新後,周波数変換設備,2026/04/02,15:30,順方向,1800.0,-900.0,0,600.0,1500,熱容量（作業）,0,0,0,0,0,2026/04/01 21:46:23
翌日,20260401,更新後,周波数変換設備,2026/04/02,15:30,逆方向,0.0,-900.0,0,-600.0,-1500,熱容量（作業）,0,0,0,0,0,2026/04/01 21:46:23
翌日,20260401,更新後,周波数変換設備,2026/04/02,16:00,順方向,1771.746,-900.0,0,628.254,1500,熱容量（作業）,0,0,0,0,0,2026/04/01 21:46:23
翌日,20260401,更新後,周波数変換設備,2026/04/02,16:00,逆方向,0.0,-900.0,0,-600.0,-1500,熱容量（作業）,0,0,0,0,0,2026/04/01 21:46:23
翌日,20260401,更新後,周波数変換設備,2026/04/02,16:30,順方向,1668.672,-900.0,0,731.328,1500,熱容量（作業）,0,0,0,0,0,2026/04/01 21:46:23
翌日,20260401,更新後,周波数変換設備,2026/04/02,16:30,逆方向,0.0,-900.0,0,-600.0,-1500,熱容量（作業）,0,0,0,0,0,2026/04/01 21:46:23
翌日,20260401,更新後,周波数変換設備,2026/04/02,17:00,順方向,1554.573,-803.0,0,748.427,1500,熱容量（作業）,0,0,0,0,0,2026/04/01 21:46:23
翌日,20260401,更新後,周波数変換設備,2026/04/02,17:00,逆方向,-97.0,-803.0,0,-600.0,-1500,熱容量（作業）,0,0,0,0,0,2026/04/01 21:46:23
翌日,20260401,更新後,周波数変換設備,2026/04/02,17:30,順方向,512.6,387.4,0,600.0,1500,熱容量（作業）,0,0,0,0,0,2026/04/01 21:46:23
翌日,20260401,更新後,周波数変換設備,2026/04/02,17:30,逆方向,-1023.096,387.4,0,-864.304,-1500,熱容量（作業）,0,0,0,0,0,2026/04/01 21:46:23
翌日,20260401,更新後,周波数変換設備,2026/04/02,18:00,順方向,1596.4,-467.4,0,671.0,1800,熱容量（作業）,0,0,0,0,0,2026/04/01 21:46:23
翌日,20260401,更新後,周波数変換設備,2026/04/02,18:00,逆方向,-614.534,-467.4,0,-718.066,-1800,熱容量（作業）,0,0,0,0,0,2026/04/01 21:46:23
翌日,20260401,更新後,周波数変換設備,2026/04/02,18:30,順方向,1603.9,-403.9,0,600.0,1800,熱容量（作業）,0,0,0,0,0,2026/04/01 21:46:23
翌日,20260401,更新後,周波数変換設備,2026/04/02,18:30,逆方向,-707.704,-403.9,0,-688.396,-1800,熱容量（作業）,0,0,0,0,0,2026/04/01 21:46:23
翌日,20260401,更新後,周波数変換設備,2026/04/02,19:00,順方向,1432.6,-232.6,0,600.0,1800,熱容量（作業）,0,0,0,0,0,2026/04/01 21:46:23
翌日,20260401,更新後,周波数変換設備,2026/04/02,19:00,逆方向,-770.63,-232.6,0,-796.77,-1800,熱容量（作業）,0,0,0,0,0,2026/04/01 21:46:23
翌日,20260401,更新後,周波数変換設備,2026/04/02,19:30,順方向,420.5,779.5,0,600.0,1800,熱容量（作業）,0,0,0,0,0,2026/04/01 21:46:23
翌日,20260401,更新後,周波数変換設備,2026/04/02,19:30,逆方向,-1687.424,779.5,0,-892.076,-1800,熱容量（作業）,0,0,0,0,0,2026/04/01 21:46:23
翌日,20260401,更新後,周波数変換設備,2026/04/02,20:00,順方向,100.1,1099.9,0,600.0,1800,熱容量（作業）,0,0,0,0,0,2026/04/01 21:46:23
翌日,20260401,更新後,周波数変換設備,2026/04/02,20:00,逆方向,-1990.8,1099.9,0,-909.1,-1800,熱容量（作業）,0,0,0,0,0,2026/04/01 21:46:23
翌日,20260401,更新後,周波数変換設備,2026/04/02,20:30,順方向,118.4,1081.6,0,600.0,1800,熱容量（作業）,0,0,0,0,0,2026/04/01 21:46:23
翌日,20260401,更新後,周波数変換設備,2026/04/02,20:30,逆方向,-1958.623,1081.6,0,-922.977,-1800,熱容量（作業）,0,0,0,0,0,2026/04/01 21:46:23
翌日,20260401,更新後,周波数変換設備,2026/04/02,21:00,順方向,160.7,1039.3,0,600.0,1800,熱容量（作業）,0,0,0,0,0,2026/04/01 21:46:23
翌日,20260401,更新後,周波数変換設備,2026/04/02,21:00,逆方向,-1930.21,1039.3,0,-909.09,-1800,熱容量（作業）,0,0,0,0,0,2026/04/01 21:46:23
翌日,20260401,更新後,周波数変換設備,2026/04/02,21:30,順方向,607.9,592.1,0,600.0,1800,熱容量（作業）,0,0,0,0,0,2026/04/01 21:46:23
翌日,20260401,更新後,周波数変換設備,2026/04/02,21:30,逆方向,-1494.496,592.1,0,-897.604,-1800,熱容量（作業）,0,0,0,0,0,2026/04/01 21:46:23
翌日,20260401,更新後,周波数変換設備,2026/04/02,22:00,順方向,1256.7,-56.7,0,600.0,1800,熱容量（作業）,0,0,0,0,0,2026/04/01 21:46:23
翌日,20260401,更新後,周波数変換設備,2026/04/02,22:00,逆方向,-808.323,-56.7,0,-934.977,-1800,熱容量（作業）,0,0,0,0,0,2026/04/01 21:46:23
翌日,20260401,更新後,周波数変換設備,2026/04/02,22:30,順方向,1027.6,172.4,0,600.0,1800,熱容量（作業）,0,0,0,0,0,2026/04/01 21:46:23
翌日,20260401,更新後,周波数変換設備,2026/04/02,22:30,逆方向,-881.342,172.4,0,-1091.058,-1800,熱容量（作業）,0,0,0,0,0,2026/04/01 21:46:23
翌日,20260401,更新後,周波数変換設備,2026/04/02,23:00,順方向,776.5,423.5,0,600.0,1800,熱容量（作業）,0,0,0,0,0,2026/04/01 21:46:23
翌日,20260401,更新後,周波数変換設備,2026/04/02,23:00,逆方向,-1290.757,423.5,0,-932.743,-1800,熱容量（作業）,0,0,0,0,0,2026/04/01 21:46:23
翌日,20260401,更新後,周波数変換設備,2026/04/02,23:30,順方向,441.6,758.4,0,600.0,1800,熱容量（作業）,0,0,0,0,0,2026/04/01 21:46:23
翌日,20260401,更新後,周波数変換設備,2026/04/02,23:30,逆方向,-1587.423,758.4,0,-970.977,-1800,熱容量（作業）,0,0,0,0,0,2026/04/01 21:46:23
翌日,20260401,更新後,周波数変換設備,2026/04/02,24:00,順方向,481.2,718.8,0,600.0,1800,熱容量（作業）,0,0,0,0,0,2026/04/01 21:46:23
翌日,20260401,更新後,周波数変換設備,2026/04/02,24:00,逆方向,-1497.686,718.8,0,-1021.114,-1800,熱容量（作業）,0,0,0,0,0,2026/04/01 21:46:23
翌日,20260401,更新後,西播東岡山線・山崎智頭線,2026/04/02,00:30,順方向,6559.917,-2263.9,0,303.983,4600,電圧,0,0,0,0,0,2026/04/01 21:46:23
翌日,20260401,更新後,西播東岡山線・山崎智頭線,2026/04/02,00:30,逆方向,-2059.542,-2440.458,0,0.0,-4500,電圧,0,0,0,0,0,2026/04/01 21:46:23
翌日,20260401,更新後,西播東岡山線・山崎智頭線,2026/04/02,01:00,順方向,6175.407,-1979.664,0,404.257,4600,電圧,0,0,0,0,0,2026/04/01 21:46:23
翌日,20260401,更新後,西播東岡山線・山崎智頭線,2026/04/02,01:00,逆方向,-2289.64,-2210.36,0,0.0,-4500,電圧,0,0,0,0,0,2026/04/01 21:46:23
翌日,20260401,更新後,西播東岡山線・山崎智頭線,2026/04/02,01:30,順方向,6101.685,-1885.534,0,383.849,4600,電圧,0,0,0,0,0,2026/04/01 21:46:23
翌日,20260401,更新後,西播東岡山線・山崎智頭線,2026/04/02,01:30,逆方向,-2447.352,-2052.648,0,0.0,-4500,電圧,0,0,0,0,0,2026/04/01 21:46:23
翌日,20260401,更新後,西播東岡山線・山崎智頭線,2026/04/02,02:00,順方向,6074.756,-1855.072,0,380.316,4600,電圧,0,0,0,0,0,2026/04/01 21:46:23
翌日,20260401,更新後,西播東岡山線・山崎智頭線,2026/04/02,02:00,逆方向,-2364.066,-2135.934,0,0.0,-4500,電圧,0,0,0,0,0,2026/04/01 21:46:23
翌日,20260401,更新後,西播東岡山線・山崎智頭線,2026/04/02,02:30,順方向,6195.384,-1959.446,0,364.062,4600,電圧,0,0,0,0,0,2026/04/01 21:46:23
翌日,20260401,更新後,西播東岡山線・山崎智頭線,2026/04/02,02:30,逆方向,-2248.756,-2251.244,0,0.0,-4500,電圧,0,0,0,0,0,2026/04/01 21:46:23
翌日,20260401,更新後,西播東岡山線・山崎智頭線,2026/04/02,03:00,順方向,6647.353,-2409.42,0,362.067,4600,電圧,0,0,0,0,0,2026/04/01 21:46:23
翌日,20260401,更新後,西播東岡山線・山崎智頭線,2026/04/02,03:00,逆方向,-1829.586,-2670.414,0,0.0,-4500,電圧,0,0,0,0,0,2026/04/01 21:46:23
翌日,20260401,更新後,西播東岡山線・山崎智頭線,2026/04/02,03:30,順方向,6650.496,-2358.338,0,307.842,4600,電圧,0,0,0,0,0,2026/04/01 21:46:23
翌日,20260401,更新後,西播東岡山線・山崎智頭線,2026/04/02,03:30,逆方向,-1933.75,-2566.25,0,0.0,-4500,電圧,0,0,0,0,0,2026/04/01 21:46:23
翌日,20260401,更新後,西播東岡山線・山崎智頭線,2026/04/02,04:00,順方向,6577.224,-2176.626,0,199.402,4600,電圧,0,0,0,0,0,2026/04/01 21:46:23
翌日,20260401,更新後,西播東岡山線・山崎智頭線,2026/04/02,04:00,逆方向,-1847.796,-2652.204,0,0.0,-4500,電圧,0,0,0,0,0,2026/04/01 21:46:23
翌日,20260401,更新後,西播東岡山線・山崎智頭線,2026/04/02,04:30,順方向,6721.528,-2284.066,0,162.538,4600,電圧,0,0,0,0,0,2026/04/01 21:46:23
翌日,20260401,更新後,西播東岡山線・山崎智頭線,2026/04/02,04:30,逆方向,-1714.397,-2739.028,0,-46.575,-4500,電圧,0,0,0,0,0,2026/04/01 21:46:23
翌日,20260401,更新後,西播東岡山線・山崎智頭線,2026/04/02,05:00,順方向,6399.892,-2208.294,0,408.402,4600,電圧,0,0,0,0,0,2026/04/01 21:46:23
翌日,20260401,更新後,西播東岡山線・山崎智頭線,2026/04/02,05:00,逆方向,-1823.154,-2676.846,0,0.0,-4500,電圧,0,0,0,0,0,2026/04/01 21:46:23
翌日,20260401,更新後,西播東岡山線・山崎智頭線,2026/04/02,05:30,順方向,6441.616,-2245.782,0,404.166,4600,電圧,0,0,0,0,0,2026/04/01 21:46:23
翌日,20260401,更新後,西播東岡山線・山崎智頭線,2026/04/02,05:30,逆方向,-1780.6,-2719.4,0,0.0,-4500,電圧,0,0,0,0,0,2026/04/01 21:46:23
翌日,20260401,更新後,西播東岡山線・山崎智頭線,2026/04/02,06:00,順方向,6486.122,-2132.02,0,245.898,4600,電圧,0,0,0,0,0,2026/04/01 21:46:23
翌日,20260401,更新後,西播東岡山線・山崎智頭線,2026/04/02,06:00,逆方向,-1922.972,-2577.028,0,0.0,-4500,電圧,0,0,0,0,0,2026/04/01 21:46:23
翌日,20260401,更新後,西播東岡山線・山崎智頭線,2026/04/02,06:30,順方向,6297.989,-2100.04,0,402.051,4600,電圧,0,0,0,0,0,2026/04/01 21:46:23
翌日,20260401,更新後,西播東岡山線・山崎智頭線,2026/04/02,06:30,逆方向,-1918.768,-2542.084,0,-39.148,-4500,電圧,0,0,0,0,0,2026/04/01 21:46:23
翌日,20260401,更新後,西播東岡山線・山崎智頭線,2026/04/02,07:00,順方向,6490.226,-2260.166,0,369.94,4600,電圧,0,0,0,0,0,2026/04/01 21:46:23
翌日,20260401,更新後,西播東岡山線・山崎智頭線,2026/04/02,07:00,逆方向,-1910.113,-2549.492,0,-40.395,-4500,電圧,0,0,0,0,0,2026/04/01 21:46:23
翌日,20260401,更新後,西播東岡山線・山崎智頭線,2026/04/02,07:30,順方向,6562.173,-2520.34,0,558.167,4600,電圧,0,0,0,0,0,2026/04/01 21:46:23
翌日,20260401,更新後,西播東岡山線・山崎智頭線,2026/04/02,07:30,逆方向,-1282.262,-3217.738,0,0.0,-4500,電圧,0,0,0,0,0,2026/04/01 21:46:23
翌日,20260401,更新後,西播東岡山線・山崎智頭線,2026/04/02,08:00,順方向,6440.472,-2587.808,0,747.336,4600,電圧,0,0,0,0,0,2026/04/01 21:46:23
翌日,20260401,更新後,西播東岡山線・山崎智頭線,2026/04/02,08:00,逆方向,-1109.972,-3390.028,0,0.0,-4500,電圧,0,0,0,0,0,2026/04/01 21:46:23
翌日,20260401,更新後,西播東岡山線・山崎智頭線,2026/04/02,08:30,順方向,6892.528,-2935.356,0,642.828,4600,電圧,0,0,0,0,0,2026/04/01 21:46:23
翌日,20260401,更新後,西播東岡山線・山崎智頭線,2026/04/02,08:30,逆方向,-606.572,-3893.428,0,0.0,-4500,電圧,0,0,0,0,0,2026/04/01 21:46:23
翌日,20260401,更新後,西播東岡山線・山崎智頭線,2026/04/02,09:00,順方向,6733.876,-2901.602,0,767.726,4600,電圧,0,0,0,0,0,2026/04/01 21:46:23
翌日,20260401,更新後,西播東岡山線・山崎智頭線,2026/04/02,09:00,逆方向,-519.37,-3980.63,0,0.0,-4500,電圧,0,0,0,0,0,2026/04/01 21:46:23
翌日,20260401,更新後,西播東岡山線・山崎智頭線,2026/04/02,09:30,順方向,7340.102,-3310.978,0,570.876,4600,電圧,0,0,0,0,0,2026/04/01 21:46:23
翌日,20260401,更新後,西播東岡山線・山崎智頭線,2026/04/02,09:30,逆方向,-0.038,-4499.962,0,0.0,-4500,電圧,0,0,0,0,0,2026/04/01 21:46:23
翌日,20260401,更新後,西播東岡山線・山崎智頭線,2026/04/02,10:00,順方向,7237.458,-3212.71,0,575.252,4600,電圧,0,0,0,0,0,2026/04/01 21:46:23
翌日,20260401,更新後,西播東岡山線・山崎智頭線,2026/04/02,10:00,逆方向,0.0,-4500.0,0,0.0,-4500,電圧,0,0,0,0,0,2026/04/01 21:46:23
翌日,20260401,更新後,西播東岡山線・山崎智頭線,2026/04/02,10:30,順方向,7017.894,-2856.494,0,438.6,4600,電圧,0,0,0,0,0,2026/04/01 21:46:23
翌日,20260401,更新後,西播東岡山線・山崎智頭線,2026/04/02,10:30,逆方向,-337.216,-4162.784,0,0.0,-4500,電圧,0,0,0,0,0,2026/04/01 21:46:23
翌日,20260401,更新後,西播東岡山線・山崎智頭線,2026/04/02,11:00,順方向,6971.208,-2922.696,0,551.488,4600,電圧,0,0,0,0,0,2026/04/01 21:46:23
翌日,20260401,更新後,西播東岡山線・山崎智頭線,2026/04/02,11:00,逆方向,-242.342,-4257.658,0,0.0,-4500,電圧,0,0,0,0,0,2026/04/01 21:46:23
翌日,20260401,更新後,西播東岡山線・山崎智頭線,2026/04/02,11:30,順方向,6981.858,-2926.768,0,544.91,4600,電圧,0,0,0,0,0,2026/04/01 21:46:23
翌日,20260401,更新後,西播東岡山線・山崎智頭線,2026/04/02,11:30,逆方向,-180.024,-4319.976,0,0.0,-4500,電圧,0,0,0,0,0,2026/04/01 21:46:23
翌日,20260401,更新後,西播東岡山線・山崎智頭線,2026/04/02,12:00,順方向,6833.718,-2746.766,0,513.048,4600,電圧,0,0,0,0,0,2026/04/01 21:46:23
翌日,20260401,更新後,西播東岡山線・山崎智頭線,2026/04/02,12:00,逆方向,-366.286,-4133.714,0,0.0,-4500,電圧,0,0,0,0,0,2026/04/01 21:46:23
翌日,20260401,更新後,西播東岡山線・山崎智頭線,2026/04/02,12:30,順方向,6496.877,-2559.282,0,662.405,4600,電圧,0,0,0,0,0,2026/04/01 21:46:23
翌日,20260401,更新後,西播東岡山線・山崎智頭線,2026/04/02,12:30,逆方向,-497.516,-4002.484,0,0.0,-4500,電圧,0,0,0,0,0,2026/04/01 21:46:23
翌日,20260401,更新後,西播東岡山線・山崎智頭線,2026/04/02,13:00,順方向,6708.149,-2703.158,0,595.009,4600,電圧,0,0,0,0,0,2026/04/01 21:46:23
翌日,20260401,更新後,西播東岡山線・山崎智頭線,2026/04/02,13:00,逆方向,-348.334,-4151.666,0,0.0,-4500,電圧,0,0,0,0,0,2026/04/01 21:46:23
翌日,20260401,更新後,西播東岡山線・山崎智頭線,2026/04/02,13:30,順方向,7145.335,-3065.608,0,520.273,4600,電圧,0,0,0,0,0,2026/04/01 21:46:23
翌日,20260401,更新後,西播東岡山線・山崎智頭線,2026/04/02,13:30,逆方向,-24.376,-4475.624,0,0.0,-4500,電圧,0,0,0,0,0,2026/04/01 21:46:23
翌日,20260401,更新後,西播東岡山線・山崎智頭線,2026/04/02,14:00,順方向,7016.239,-3058.878,0,642.639,4600,電圧,0,0,0,0,0,2026/04/01 21:46:23
翌日,20260401,更新後,西播東岡山線・山崎智頭線,2026/04/02,14:00,逆方向,-63.828,-4436.172,0,0.0,-4500,電圧,0,0,0,0,0,2026/04/01 21:46:23
翌日,20260401,更新後,西播東岡山線・山崎智頭線,2026/04/02,14:30,順方向,7165.43,-3167.952,0,602.522,4600,電圧,0,0,0,0,0,2026/04/01 21:46:23
翌日,20260401,更新後,西播東岡山線・山崎智頭線,2026/04/02,14:30,逆方向,0.0,-4500.0,0,0.0,-4500,電圧,0,0,0,0,0,2026/04/01 21:46:23
翌日,20260401,更新後,西播東岡山線・山崎智頭線,2026/04/02,15:00,順方向,7229.904,-3201.902,0,571.998,4600,電圧,0,0,0,0,0,2026/04/01 21:46:23
翌日,20260401,更新後,西播東岡山線・山崎智頭線,2026/04/02,15:00,逆方向,-0.024,-4499.976,0,0.0,-4500,電圧,0,0,0,0,0,2026/04/01 21:46:23
翌日,20260401,更新後,西播東岡山線・山崎智頭線,2026/04/02,15:30,順方向,7455.712,-3337.076,0,481.364,4600,電圧,0,0,0,0,0,2026/04/01 21:46:23
翌日,20260401,更新後,西播東岡山線・山崎智頭線,2026/04/02,15:30,逆方向,0.0,-4500.0,0,0.0,-4500,電圧,0,0,0,0,0,2026/04/01 21:46:23
翌日,20260401,更新後,西播東岡山線・山崎智頭線,2026/04/02,16:00,順方向,7918.474,-3651.36,0,332.886,4600,電圧,0,0,0,0,0,2026/04/01 21:46:23
翌日,20260401,更新後,西播東岡山線・山崎智頭線,2026/04/02,16:00,逆方向,-0.02,-4499.98,0,0.0,-4500,電圧,0,0,0,0,0,2026/04/01 21:46:23
翌日,20260401,更新後,西播東岡山線・山崎智頭線,2026/04/02,16:30,順方向,7903.258,-3582.218,0,278.96,4600,電圧,0,0,0,0,0,2026/04/01 21:46:23
翌日,20260401,更新後,西播東岡山線・山崎智頭線,2026/04/02,16:30,逆方向,0.0,-4500.0,0,0.0,-4500,電圧,0,0,0,0,0,2026/04/01 21:46:23
翌日,20260401,更新後,西播東岡山線・山崎智頭線,2026/04/02,17:00,順方向,7729.449,-3760.922,0,631.473,4600,電圧,0,0,0,0,0,2026/04/01 21:46:23
翌日,20260401,更新後,西播東岡山線・山崎智頭線,2026/04/02,17:00,逆方向,-0.68,-4499.32,0,0.0,-4500,電圧,0,0,0,0,0,2026/04/01 21:46:23
翌日,20260401,更新後,西播東岡山線・山崎智頭線,2026/04/02,17:30,順方向,8242.235,-3799.81,0,157.575,4600,電圧,0,0,0,0,0,2026/04/01 21:46:23
翌日,20260401,更新後,西播東岡山線・山崎智頭線,2026/04/02,17:30,逆方向,0.0,-4500.0,0,0.0,-4500,電圧,0,0,0,0,0,2026/04/01 21:46:23
翌日,20260401,更新後,西播東岡山線・山崎智頭線,2026/04/02,18:00,順方向,8149.617,-3754.978,0,205.361,4600,電圧,0,0,0,0,0,2026/04/01 21:46:23
翌日,20260401,更新後,西播東岡山線・山崎智頭線,2026/04/02,18:00,逆方向,-109.11,-4390.89,0,0.0,-4500,電圧,0,0,0,0,0,2026/04/01 21:46:23
翌日,20260401,更新後,西播東岡山線・山崎智頭線,2026/04/02,18:30,順方向,8139.56,-3539.56,0,0.0,4600,電圧,0,0,0,0,0,2026/04/01 21:46:23
翌日,20260401,更新後,西播東岡山線・山崎智頭線,2026/04/02,18:30,逆方向,-529.422,-3970.578,0,0.0,-4500,電圧,0,0,0,0,0,2026/04/01 21:46:23
翌日,20260401,更新後,西播東岡山線・山崎智頭線,2026/04/02,19:00,順方向,8173.642,-3573.642,0,0.0,4600,電圧,0,0,0,0,0,2026/04/01 21:46:23
翌日,20260401,更新後,西播東岡山線・山崎智頭線,2026/04/02,19:00,逆方向,-566.134,-3933.866,0,0.0,-4500,電圧,0,0,0,0,0,2026/04/01 21:46:23
翌日,20260401,更新後,西播東岡山線・山崎智頭線,2026/04/02,19:30,順方向,8210.354,-3621.84,0,11.486,4600,電圧,0,0,0,0,0,2026/04/01 21:46:23
翌日,20260401,更新後,西播東岡山線・山崎智頭線,2026/04/02,19:30,逆方向,-536.104,-3963.896,0,0.0,-4500,電圧,0,0,0,0,0,2026/04/01 21:46:23
翌日,20260401,更新後,西播東岡山線・山崎智頭線,2026/04/02,20:00,順方向,8147.082,-3547.082,0,0.0,4600,電圧,0,0,0,0,0,2026/04/01 21:46:23
翌日,20260401,更新後,西播東岡山線・山崎智頭線,2026/04/02,20:00,逆方向,-397.166,-4102.834,0,0.0,-4500,電圧,0,0,0,0,0,2026/04/01 21:46:23
翌日,20260401,更新後,西播東岡山線・山崎智頭線,2026/04/02,20:30,順方向,8261.236,-3661.236,0,0.0,4600,電圧,0,0,0,0,0,2026/04/01 21:46:23
翌日,20260401,更新後,西播東岡山線・山崎智頭線,2026/04/02,20:30,逆方向,-271.08,-4228.92,0,0.0,-4500,電圧,0,0,0,0,0,2026/04/01 21:46:23
翌日,20260401,更新後,西播東岡山線・山崎智頭線,2026/04/02,21:00,順方向,8282.312,-3682.312,0,0.0,4600,電圧,0,0,0,0,0,2026/04/01 21:46:23
翌日,20260401,更新後,西播東岡山線・山崎智頭線,2026/04/02,21:00,逆方向,-235.24,-4264.76,0,0.0,-4500,電圧,0,0,0,0,0,2026/04/01 21:46:23
翌日,20260401,更新後,西播東岡山線・山崎智頭線,2026/04/02,21:30,順方向,7742.11,-3155.11,0,13.0,4600,電圧,0,0,0,0,0,2026/04/01 21:46:23
翌日,20260401,更新後,西播東岡山線・山崎智頭線,2026/04/02,21:30,逆方向,-776.44,-3723.56,0,0.0,-4500,電圧,0,0,0,0,0,2026/04/01 21:46:23
翌日,20260401,更新後,西播東岡山線・山崎智頭線,2026/04/02,22:00,順方向,7562.595,-3033.902,0,71.307,4600,電圧,0,0,0,0,0,2026/04/01 21:46:23
翌日,20260401,更新後,西播東岡山線・山崎智頭線,2026/04/02,22:00,逆方向,-1032.892,-3467.108,0,0.0,-4500,電圧,0,0,0,0,0,2026/04/01 21:46:23
翌日,20260401,更新後,西播東岡山線・山崎智頭線,2026/04/02,22:30,順方向,6902.494,-2329.72,0,27.226,4600,電圧,0,0,0,0,0,2026/04/01 21:46:23
翌日,20260401,更新後,西播東岡山線・山崎智頭線,2026/04/02,22:30,逆方向,-1730.084,-2767.916,0,-2.0,-4500,電圧,0,0,0,0,0,2026/04/01 21:46:23
翌日,20260401,更新後,西播東岡山線・山崎智頭線,2026/04/02,23:00,順方向,7312.23,-2712.23,0,0.0,4600,電圧,0,0,0,0,0,2026/04/01 21:46:23
翌日,20260401,更新後,西播東岡山線・山崎智頭線,2026/04/02,23:00,逆方向,-1263.456,-3236.544,0,0.0,-4500,電圧,0,0,0,0,0,2026/04/01 21:46:23
翌日,20260401,更新後,西播東岡山線・山崎智頭線,2026/04/02,23:30,順方向,7387.826,-2787.826,0,0.0,4600,電圧,0,0,0,0,0,2026/04/01 21:46:23
翌日,20260401,更新後,西播東岡山線・山崎智頭線,2026/04/02,23:30,逆方向,-1153.072,-3346.928,0,0.0,-4500,電圧,0,0,0,0,0,2026/04/01 21:46:23
翌日,20260401,更新後,西播東岡山線・山崎智頭線,2026/04/02,24:00,順方向,7120.15,-2520.15,0,0.0,4600,電圧,0,0,0,0,0,2026/04/01 21:46:23
翌日,20260401,更新後,西播東岡山線・山崎智頭線,2026/04/02,24:00,逆方向,-1461.262,-2998.236,0,-40.502,-4500,電圧,0,0,0,0,0,2026/04/01 21:46:23
翌日,20260401,更新後,阿南紀北直流幹線,2026/04/02,00:30,順方向,620.0,-620.0,0,0.0,0,安定度,0,0,0,0,0,2026/04/01 21:46:23
翌日,20260401,更新後,阿南紀北直流幹線,2026/04/02,00:30,逆方向,0.0,-620.0,0,0.0,-620,熱容量,0,0,0,0,0,2026/04/01 21:46:23
翌日,20260401,更新後,阿南紀北直流幹線,2026/04/02,01:00,順方向,620.0,-620.0,0,0.0,0,安定度,0,0,0,0,0,2026/04/01 21:46:23
翌日,20260401,更新後,阿南紀北直流幹線,2026/04/02,01:00,逆方向,0.0,-620.0,0,0.0,-620,熱容量,0,0,0,0,0,2026/04/01 21:46:23
翌日,20260401,更新後,阿南紀北直流幹線,2026/04/02,01:30,順方向,620.0,-620.0,0,0.0,0,安定度,0,0,0,0,0,2026/04/01 21:46:23
翌日,20260401,更新後,阿南紀北直流幹線,2026/04/02,01:30,逆方向,0.0,-620.0,0,0.0,-620,熱容量,0,0,0,0,0,2026/04/01 21:46:23
翌日,20260401,更新後,阿南紀北直流幹線,2026/04/02,02:00,順方向,620.0,-620.0,0,0.0,0,安定度,0,0,0,0,0,2026/04/01 21:46:23
翌日,20260401,更新後,阿南紀北直流幹線,2026/04/02,02:00,逆方向,0.0,-620.0,0,0.0,-620,熱容量,0,0,0,0,0,2026/04/01 21:46:23
翌日,20260401,更新後,阿南紀北直流幹線,2026/04/02,02:30,順方向,620.0,-620.0,0,0.0,0,安定度,0,0,0,0,0,2026/04/01 21:46:23
翌日,20260401,更新後,阿南紀北直流幹線,2026/04/02,02:30,逆方向,0.0,-620.0,0,0.0,-620,熱容量,0,0,0,0,0,2026/04/01 21:46:23
翌日,20260401,更新後,阿南紀北直流幹線,2026/04/02,03:00,順方向,620.0,-620.0,0,0.0,0,安定度,0,0,0,0,0,2026/04/01 21:46:23
翌日,20260401,更新後,阿南紀北直流幹線,2026/04/02,03:00,逆方向,0.0,-620.0,0,0.0,-620,熱容量,0,0,0,0,0,2026/04/01 21:46:23
翌日,20260401,更新後,阿南紀北直流幹線,2026/04/02,03:30,順方向,620.0,-620.0,0,0.0,0,安定度,0,0,0,0,0,2026/04/01 21:46:23
翌日,20260401,更新後,阿南紀北直流幹線,2026/04/02,03:30,逆方向,0.0,-620.0,0,0.0,-620,熱容量,0,0,0,0,0,2026/04/01 21:46:23
翌日,20260401,更新後,阿南紀北直流幹線,2026/04/02,04:00,順方向,620.0,-620.0,0,0.0,0,安定度,0,0,0,0,0,2026/04/01 21:46:23
翌日,20260401,更新後,阿南紀北直流幹線,2026/04/02,04:00,逆方向,0.0,-620.0,0,0.0,-620,熱容量,0,0,0,0,0,2026/04/01 21:46:23
翌日,20260401,更新後,阿南紀北直流幹線,2026/04/02,04:30,順方向,620.0,-620.0,0,0.0,0,安定度,0,0,0,0,0,2026/04/01 21:46:23
翌日,20260401,更新後,阿南紀北直流幹線,2026/04/02,04:30,逆方向,0.0,-620.0,0,0.0,-620,熱容量,0,0,0,0,0,2026/04/01 21:46:23
翌日,20260401,更新後,阿南紀北直流幹線,2026/04/02,05:00,順方向,620.0,-620.0,0,0.0,0,安定度,0,0,0,0,0,2026/04/01 21:46:23
翌日,20260401,更新後,阿南紀北直流幹線,2026/04/02,05:00,逆方向,0.0,-620.0,0,0.0,-620,熱容量,0,0,0,0,0,2026/04/01 21:46:23
翌日,20260401,更新後,阿南紀北直流幹線,2026/04/02,05:30,順方向,620.0,-620.0,0,0.0,0,安定度,0,0,0,0,0,2026/04/01 21:46:23
翌日,20260401,更新後,阿南紀北直流幹線,2026/04/02,05:30,逆方向,0.0,-620.0,0,0.0,-620,熱容量,0,0,0,0,0,2026/04/01 21:46:23
翌日,20260401,更新後,阿南紀北直流幹線,2026/04/02,06:00,順方向,620.0,-620.0,0,0.0,0,安定度,0,0,0,0,0,2026/04/01 21:46:23
翌日,20260401,更新後,阿南紀北直流幹線,2026/04/02,06:00,逆方向,0.0,-620.0,0,0.0,-620,熱容量,0,0,0,0,0,2026/04/01 21:46:23
翌日,20260401,更新後,阿南紀北直流幹線,2026/04/02,06:30,順方向,620.0,-620.0,0,0.0,0,安定度,0,0,0,0,0,2026/04/01 21:46:23
翌日,20260401,更新後,阿南紀北直流幹線,2026/04/02,06:30,逆方向,0.0,-620.0,0,0.0,-620,熱容量,0,0,0,0,0,2026/04/01 21:46:23
翌日,20260401,更新後,阿南紀北直流幹線,2026/04/02,07:00,順方向,620.0,-620.0,0,0.0,0,安定度,0,0,0,0,0,2026/04/01 21:46:23
翌日,20260401,更新後,阿南紀北直流幹線,2026/04/02,07:00,逆方向,0.0,-620.0,0,0.0,-620,熱容量,0,0,0,0,0,2026/04/01 21:46:23
翌日,20260401,更新後,阿南紀北直流幹線,2026/04/02,07:30,順方向,620.0,-620.0,0,0.0,0,安定度,0,0,0,0,0,2026/04/01 21:46:23
翌日,20260401,更新後,阿南紀北直流幹線,2026/04/02,07:30,逆方向,0.0,-620.0,0,0.0,-620,熱容量,0,0,0,0,0,2026/04/01 21:46:23
翌日,20260401,更新後,阿南紀北直流幹線,2026/04/02,08:00,順方向,620.0,-620.0,0,0.0,0,安定度,0,0,0,0,0,2026/04/01 21:46:23
翌日,20260401,更新後,阿南紀北直流幹線,2026/04/02,08:00,逆方向,0.0,-620.0,0,0.0,-620,熱容量,0,0,0,0,0,2026/04/01 21:46:23
翌日,20260401,更新後,阿南紀北直流幹線,2026/04/02,08:30,順方向,620.0,-620.0,0,0.0,0,安定度,0,0,0,0,0,2026/04/01 21:46:23
翌日,20260401,更新後,阿南紀北直流幹線,2026/04/02,08:30,逆方向,0.0,-620.0,0,0.0,-620,熱容量,0,0,0,0,0,2026/04/01 21:46:23
翌日,20260401,更新後,阿南紀北直流幹線,2026/04/02,09:00,順方向,620.0,-620.0,0,0.0,0,安定度,0,0,0,0,0,2026/04/01 21:46:23
翌日,20260401,更新後,阿南紀北直流幹線,2026/04/02,09:00,逆方向,0.0,-620.0,0,0.0,-620,熱容量,0,0,0,0,0,2026/04/01 21:46:23
翌日,20260401,更新後,阿南紀北直流幹線,2026/04/02,09:30,順方向,620.0,-620.0,0,0.0,0,安定度,0,0,0,0,0,2026/04/01 21:46:23
翌日,20260401,更新後,阿南紀北直流幹線,2026/04/02,09:30,逆方向,0.0,-620.0,0,0.0,-620,熱容量,0,0,0,0,0,2026/04/01 21:46:23
翌日,20260401,更新後,阿南紀北直流幹線,2026/04/02,10:00,順方向,620.0,-620.0,0,0.0,0,安定度,0,0,0,0,0,2026/04/01 21:46:23
翌日,20260401,更新後,阿南紀北直流幹線,2026/04/02,10:00,逆方向,0.0,-620.0,0,0.0,-620,熱容量,0,0,0,0,0,2026/04/01 21:46:23
翌日,20260401,更新後,阿南紀北直流幹線,2026/04/02,10:30,順方向,620.0,-620.0,0,0.0,0,安定度,0,0,0,0,0,2026/04/01 21:46:23
翌日,20260401,更新後,阿南紀北直流幹線,2026/04/02,10:30,逆方向,0.0,-620.0,0,0.0,-620,熱容量,0,0,0,0,0,2026/04/01 21:46:23
翌日,20260401,更新後,阿南紀北直流幹線,2026/04/02,11:00,順方向,620.0,-620.0,0,0.0,0,安定度,0,0,0,0,0,2026/04/01 21:46:23
翌日,20260401,更新後,阿南紀北直流幹線,2026/04/02,11:00,逆方向,0.0,-620.0,0,0.0,-620,熱容量,0,0,0,0,0,2026/04/01 21:46:23
翌日,20260401,更新後,阿南紀北直流幹線,2026/04/02,11:30,順方向,620.0,-620.0,0,0.0,0,安定度,0,0,0,0,0,2026/04/01 21:46:23
翌日,20260401,更新後,阿南紀北直流幹線,2026/04/02,11:30,逆方向,0.0,-620.0,0,0.0,-620,熱容量,0,0,0,0,0,2026/04/01 21:46:23
翌日,20260401,更新後,阿南紀北直流幹線,2026/04/02,12:00,順方向,620.0,-620.0,0,0.0,0,安定度,0,0,0,0,0,2026/04/01 21:46:23
翌日,20260401,更新後,阿南紀北直流幹線,2026/04/02,12:00,逆方向,0.0,-620.0,0,0.0,-620,熱容量,0,0,0,0,0,2026/04/01 21:46:23
翌日,20260401,更新後,阿南紀北直流幹線,2026/04/02,12:30,順方向,620.0,-620.0,0,0.0,0,安定度,0,0,0,0,0,2026/04/01 21:46:23
翌日,20260401,更新後,阿南紀北直流幹線,2026/04/02,12:30,逆方向,0.0,-620.0,0,0.0,-620,熱容量,0,0,0,0,0,2026/04/01 21:46:23
翌日,20260401,更新後,阿南紀北直流幹線,2026/04/02,13:00,順方向,620.0,-620.0,0,0.0,0,安定度,0,0,0,0,0,2026/04/01 21:46:23
翌日,20260401,更新後,阿南紀北直流幹線,2026/04/02,13:00,逆方向,0.0,-620.0,0,0.0,-620,熱容量,0,0,0,0,0,2026/04/01 21:46:23
翌日,20260401,更新後,阿南紀北直流幹線,2026/04/02,13:30,順方向,620.0,-620.0,0,0.0,0,安定度,0,0,0,0,0,2026/04/01 21:46:23
翌日,20260401,更新後,阿南紀北直流幹線,2026/04/02,13:30,逆方向,0.0,-620.0,0,0.0,-620,熱容量,0,0,0,0,0,2026/04/01 21:46:23
翌日,20260401,更新後,阿南紀北直流幹線,2026/04/02,14:00,順方向,620.0,-620.0,0,0.0,0,安定度,0,0,0,0,0,2026/04/01 21:46:23
翌日,20260401,更新後,阿南紀北直流幹線,2026/04/02,14:00,逆方向,0.0,-620.0,0,0.0,-620,熱容量,0,0,0,0,0,2026/04/01 21:46:23
翌日,20260401,更新後,阿南紀北直流幹線,2026/04/02,14:30,順方向,620.0,-620.0,0,0.0,0,安定度,0,0,0,0,0,2026/04/01 21:46:23
翌日,20260401,更新後,阿南紀北直流幹線,2026/04/02,14:30,逆方向,0.0,-620.0,0,0.0,-620,熱容量,0,0,0,0,0,2026/04/01 21:46:23
翌日,20260401,更新後,阿南紀北直流幹線,2026/04/02,15:00,順方向,620.0,-620.0,0,0.0,0,安定度,0,0,0,0,0,2026/04/01 21:46:23
翌日,20260401,更新後,阿南紀北直流幹線,2026/04/02,15:00,逆方向,0.0,-620.0,0,0.0,-620,熱容量,0,0,0,0,0,2026/04/01 21:46:23
翌日,20260401,更新後,阿南紀北直流幹線,2026/04/02,15:30,順方向,620.0,-620.0,0,0.0,0,安定度,0,0,0,0,0,2026/04/01 21:46:23
翌日,20260401,更新後,阿南紀北直流幹線,2026/04/02,15:30,逆方向,0.0,-620.0,0,0.0,-620,熱容量,0,0,0,0,0,2026/04/01 21:46:23
翌日,20260401,更新後,阿南紀北直流幹線,2026/04/02,16:00,順方向,620.0,-620.0,0,0.0,0,安定度,0,0,0,0,0,2026/04/01 21:46:23
翌日,20260401,更新後,阿南紀北直流幹線,2026/04/02,16:00,逆方向,0.0,-620.0,0,0.0,-620,熱容量,0,0,0,0,0,2026/04/01 21:46:23
翌日,20260401,更新後,阿南紀北直流幹線,2026/04/02,16:30,順方向,620.0,-620.0,0,0.0,0,安定度,0,0,0,0,0,2026/04/01 21:46:23
翌日,20260401,更新後,阿南紀北直流幹線,2026/04/02,16:30,逆方向,0.0,-620.0,0,0.0,-620,熱容量,0,0,0,0,0,2026/04/01 21:46:23
翌日,20260401,更新後,阿南紀北直流幹線,2026/04/02,17:00,順方向,620.0,-620.0,0,0.0,0,安定度,0,0,0,0,0,2026/04/01 21:46:23
翌日,20260401,更新後,阿南紀北直流幹線,2026/04/02,17:00,逆方向,0.0,-620.0,0,0.0,-620,熱容量,0,0,0,0,0,2026/04/01 21:46:23
翌日,20260401,更新後,阿南紀北直流幹線,2026/04/02,17:30,順方向,620.0,-620.0,0,0.0,0,安定度,0,0,0,0,0,2026/04/01 21:46:23
翌日,20260401,更新後,阿南紀北直流幹線,2026/04/02,17:30,逆方向,0.0,-620.0,0,0.0,-620,熱容量,0,0,0,0,0,2026/04/01 21:46:23
翌日,20260401,更新後,阿南紀北直流幹線,2026/04/02,18:00,順方向,620.0,-620.0,0,0.0,0,安定度,0,0,0,0,0,2026/04/01 21:46:23
翌日,20260401,更新後,阿南紀北直流幹線,2026/04/02,18:00,逆方向,0.0,-620.0,0,0.0,-620,熱容量,0,0,0,0,0,2026/04/01 21:46:23
翌日,20260401,更新後,阿南紀北直流幹線,2026/04/02,18:30,順方向,620.0,-620.0,0,0.0,0,安定度,0,0,0,0,0,2026/04/01 21:46:23
翌日,20260401,更新後,阿南紀北直流幹線,2026/04/02,18:30,逆方向,0.0,-620.0,0,0.0,-620,熱容量,0,0,0,0,0,2026/04/01 21:46:23
翌日,20260401,更新後,阿南紀北直流幹線,2026/04/02,19:00,順方向,620.0,-620.0,0,0.0,0,安定度,0,0,0,0,0,2026/04/01 21:46:23
翌日,20260401,更新後,阿南紀北直流幹線,2026/04/02,19:00,逆方向,0.0,-620.0,0,0.0,-620,熱容量,0,0,0,0,0,2026/04/01 21:46:23
翌日,20260401,更新後,阿南紀北直流幹線,2026/04/02,19:30,順方向,620.0,-620.0,0,0.0,0,安定度,0,0,0,0,0,2026/04/01 21:46:23
翌日,20260401,更新後,阿南紀北直流幹線,2026/04/02,19:30,逆方向,0.0,-620.0,0,0.0,-620,熱容量,0,0,0,0,0,2026/04/01 21:46:23
翌日,20260401,更新後,阿南紀北直流幹線,2026/04/02,20:00,順方向,620.0,-620.0,0,0.0,0,安定度,0,0,0,0,0,2026/04/01 21:46:23
翌日,20260401,更新後,阿南紀北直流幹線,2026/04/02,20:00,逆方向,0.0,-620.0,0,0.0,-620,熱容量,0,0,0,0,0,2026/04/01 21:46:23
翌日,20260401,更新後,阿南紀北直流幹線,2026/04/02,20:30,順方向,620.0,-620.0,0,0.0,0,安定度,0,0,0,0,0,2026/04/01 21:46:23
翌日,20260401,更新後,阿南紀北直流幹線,2026/04/02,20:30,逆方向,0.0,-620.0,0,0.0,-620,熱容量,0,0,0,0,0,2026/04/01 21:46:23
翌日,20260401,更新後,阿南紀北直流幹線,2026/04/02,21:00,順方向,620.0,-620.0,0,0.0,0,安定度,0,0,0,0,0,2026/04/01 21:46:23
翌日,20260401,更新後,阿南紀北直流幹線,2026/04/02,21:00,逆方向,0.0,-620.0,0,0.0,-620,熱容量,0,0,0,0,0,2026/04/01 21:46:23
翌日,20260401,更新後,阿南紀北直流幹線,2026/04/02,21:30,順方向,620.0,-620.0,0,0.0,0,安定度,0,0,0,0,0,2026/04/01 21:46:23
翌日,20260401,更新後,阿南紀北直流幹線,2026/04/02,21:30,逆方向,0.0,-620.0,0,0.0,-620,熱容量,0,0,0,0,0,2026/04/01 21:46:23
翌日,20260401,更新後,阿南紀北直流幹線,2026/04/02,22:00,順方向,620.0,-620.0,0,0.0,0,安定度,0,0,0,0,0,2026/04/01 21:46:23
翌日,20260401,更新後,阿南紀北直流幹線,2026/04/02,22:00,逆方向,0.0,-620.0,0,0.0,-620,熱容量,0,0,0,0,0,2026/04/01 21:46:23
翌日,20260401,更新後,阿南紀北直流幹線,2026/04/02,22:30,順方向,620.0,-620.0,0,0.0,0,安定度,0,0,0,0,0,2026/04/01 21:46:23
翌日,20260401,更新後,阿南紀北直流幹線,2026/04/02,22:30,逆方向,0.0,-620.0,0,0.0,-620,熱容量,0,0,0,0,0,2026/04/01 21:46:23
翌日,20260401,更新後,阿南紀北直流幹線,2026/04/02,23:00,順方向,620.0,-620.0,0,0.0,0,安定度,0,0,0,0,0,2026/04/01 21:46:23
翌日,20260401,更新後,阿南紀北直流幹線,2026/04/02,23:00,逆方向,0.0,-620.0,0,0.0,-620,熱容量,0,0,0,0,0,2026/04/01 21:46:23
翌日,20260401,更新後,阿南紀北直流幹線,2026/04/02,23:30,順方向,620.0,-620.0,0,0.0,0,安定度,0,0,0,0,0,2026/04/01 21:46:23
翌日,20260401,更新後,阿南紀北直流幹線,2026/04/02,23:30,逆方向,0.0,-620.0,0,0.0,-620,熱容量,0,0,0,0,0,2026/04/01 21:46:23
翌日,20260401,更新後,阿南紀北直流幹線,2026/04/02,24:00,順方向,620.0,-620.0,0,0.0,0,安定度,0,0,0,0,0,2026/04/01 21:46:23
翌日,20260401,更新後,阿南紀北直流幹線,2026/04/02,24:00,逆方向,0.0,-620.0,0,0.0,-620,熱容量,0,0,0,0,0,2026/04/01 21:46:23
翌日,20260401,更新後,本四連系線,2026/04/02,00:30,順方向,1946.2,-746.2,0,0.0,1200,熱容量（作業）,0,0,0,0,0,2026/04/01 21:46:23
翌日,20260401,更新後,本四連系線,2026/04/02,00:30,逆方向,-453.8,-746.2,0,0.0,-1200,熱容量（作業）,0,0,0,0,0,2026/04/01 21:46:23
翌日,20260401,更新後,本四連系線,2026/04/02,01:00,順方向,1962.5,-807.5,0,45.0,1200,熱容量（作業）,0,0,0,0,0,2026/04/01 21:46:23
翌日,20260401,更新後,本四連系線,2026/04/02,01:00,逆方向,-392.5,-807.5,0,0.0,-1200,熱容量（作業）,0,0,0,0,0,2026/04/01 21:46:23
翌日,20260401,更新後,本四連系線,2026/04/02,01:30,順方向,1908.7,-753.7,0,45.0,1200,熱容量（作業）,0,0,0,0,0,2026/04/01 21:46:23
翌日,20260401,更新後,本四連系線,2026/04/02,01:30,逆方向,-446.3,-753.7,0,0.0,-1200,熱容量（作業）,0,0,0,0,0,2026/04/01 21:46:23
翌日,20260401,更新後,本四連系線,2026/04/02,02:00,順方向,2033.9,-877.9,0,44.0,1200,熱容量（作業）,0,0,0,0,0,2026/04/01 21:46:23
翌日,20260401,更新後,本四連系線,2026/04/02,02:00,逆方向,-322.1,-877.9,0,0.0,-1200,熱容量（作業）,0,0,0,0,0,2026/04/01 21:46:23
翌日,20260401,更新後,本四連系線,2026/04/02,02:30,順方向,2066.4,-909.4,0,43.0,1200,熱容量（作業）,0,0,0,0,0,2026/04/01 21:46:23
翌日,20260401,更新後,本四連系線,2026/04/02,02:30,逆方向,-290.6,-909.4,0,0.0,-1200,熱容量（作業）,0,0,0,0,0,2026/04/01 21:46:23
翌日,20260401,更新後,本四連系線,2026/04/02,03:00,順方向,2065.7,-910.7,0,45.0,1200,熱容量（作業）,0,0,0,0,0,2026/04/01 21:46:23
翌日,20260401,更新後,本四連系線,2026/04/02,03:00,逆方向,-289.3,-910.7,0,0.0,-1200,熱容量（作業）,0,0,0,0,0,2026/04/01 21:46:23
翌日,20260401,更新後,本四連系線,2026/04/02,03:30,順方向,2036.3,-885.3,0,49.0,1200,熱容量（作業）,0,0,0,0,0,2026/04/01 21:46:23
翌日,20260401,更新後,本四連系線,2026/04/02,03:30,逆方向,-314.7,-885.3,0,0.0,-1200,熱容量（作業）,0,0,0,0,0,2026/04/01 21:46:23
翌日,20260401,更新後,本四連系線,2026/04/02,04:00,順方向,2352.0,-1200.0,0,48.0,1200,熱容量（作業）,0,0,0,0,0,2026/04/01 21:46:23
翌日,20260401,更新後,本四連系線,2026/04/02,04:00,逆方向,0.0,-1200.0,0,0.0,-1200,熱容量（作業）,0,0,0,0,0,2026/04/01 21:46:23
翌日,20260401,更新後,本四連系線,2026/04/02,04:30,順方向,2400.0,-1200.0,0,0.0,1200,熱容量（作業）,0,0,0,0,0,2026/04/01 21:46:23
翌日,20260401,更新後,本四連系線,2026/04/02,04:30,逆方向,0.0,-1200.0,0,0.0,-1200,熱容量（作業）,0,0,0,0,0,2026/04/01 21:46:23
翌日,20260401,更新後,本四連系線,2026/04/02,05:00,順方向,2350.0,-1200.0,0,50.0,1200,熱容量（作業）,0,0,0,0,0,2026/04/01 21:46:23
翌日,20260401,更新後,本四連系線,2026/04/02,05:00,逆方向,0.0,-1200.0,0,0.0,-1200,熱容量（作業）,0,0,0,0,0,2026/04/01 21:46:23
翌日,20260401,更新後,本四連系線,2026/04/02,05:30,順方向,2350.0,-1200.0,0,50.0,1200,熱容量（作業）,0,0,0,0,0,2026/04/01 21:46:23
翌日,20260401,更新後,本四連系線,2026/04/02,05:30,逆方向,0.0,-1200.0,0,0.0,-1200,熱容量（作業）,0,0,0,0,0,2026/04/01 21:46:23
翌日,20260401,更新後,本四連系線,2026/04/02,06:00,順方向,2350.0,-1200.0,0,50.0,1200,熱容量（作業）,0,0,0,0,0,2026/04/01 21:46:23
翌日,20260401,更新後,本四連系線,2026/04/02,06:00,逆方向,0.0,-1200.0,0,0.0,-1200,熱容量（作業）,0,0,0,0,0,2026/04/01 21:46:23
翌日,20260401,更新後,本四連系線,2026/04/02,06:30,順方向,2392.0,-1195.0,0,3.0,1200,熱容量（作業）,0,0,0,0,0,2026/04/01 21:46:23
翌日,20260401,更新後,本四連系線,2026/04/02,06:30,逆方向,-5.0,-1195.0,0,0.0,-1200,熱容量（作業）,0,0,0,0,0,2026/04/01 21:46:23
翌日,20260401,更新後,本四連系線,2026/04/02,07:00,順方向,2128.3,-945.3,0,17.0,1200,熱容量（作業）,0,0,0,0,0,2026/04/01 21:46:23
翌日,20260401,更新後,本四連系線,2026/04/02,07:00,逆方向,-254.7,-945.3,0,0.0,-1200,熱容量（作業）,0,0,0,0,0,2026/04/01 21:46:23
翌日,20260401,更新後,本四連系線,2026/04/02,07:30,順方向,2395.0,-1195.0,0,0.0,1200,熱容量（作業）,0,0,0,0,0,2026/04/01 21:46:23
翌日,20260401,更新後,本四連系線,2026/04/02,07:30,逆方向,-5.0,-1195.0,0,0.0,-1200,熱容量（作業）,0,0,0,0,0,2026/04/01 21:46:23
翌日,20260401,更新後,本四連系線,2026/04/02,08:00,順方向,2397.2,-1197.2,0,0.0,1200,熱容量（作業）,0,0,0,0,0,2026/04/01 21:46:23
翌日,20260401,更新後,本四連系線,2026/04/02,08:00,逆方向,-2.8,-1197.2,0,0.0,-1200,熱容量（作業）,0,0,0,0,0,2026/04/01 21:46:23
翌日,20260401,更新後,本四連系線,2026/04/02,08:30,順方向,2385.7,-1195.7,0,10.0,1200,熱容量（作業）,0,0,0,0,0,2026/04/01 21:46:23
翌日,20260401,更新後,本四連系線,2026/04/02,08:30,逆方向,-4.3,-1195.7,0,0.0,-1200,熱容量（作業）,0,0,0,0,0,2026/04/01 21:46:23
翌日,20260401,更新後,本四連系線,2026/04/02,09:00,順方向,2345.726,-1200.0,0,54.274,1200,熱容量（作業）,0,0,0,0,0,2026/04/01 21:46:23
翌日,20260401,更新後,本四連系線,2026/04/02,09:00,逆方向,0.0,-1200.0,0,0.0,-1200,熱容量（作業）,0,0,0,0,0,2026/04/01 21:46:23
翌日,20260401,更新後,本四連系線,2026/04/02,09:30,順方向,2259.0,-1200.0,0,141.0,1200,熱容量（作業）,0,0,0,0,0,2026/04/01 21:46:23
翌日,20260401,更新後,本四連系線,2026/04/02,09:30,逆方向,0.0,-1200.0,0,0.0,-1200,熱容量（作業）,0,0,0,0,0,2026/04/01 21:46:23
翌日,20260401,更新後,本四連系線,2026/04/02,10:00,順方向,2181.0,-1200.0,0,219.0,1200,熱容量（作業）,0,0,0,0,0,2026/04/01 21:46:23
翌日,20260401,更新後,本四連系線,2026/04/02,10:00,逆方向,0.0,-1200.0,0,0.0,-1200,熱容量（作業）,0,0,0,0,0,2026/04/01 21:46:23
翌日,20260401,更新後,本四連系線,2026/04/02,10:30,順方向,2136.0,-1200.0,0,264.0,1200,熱容量（作業）,0,0,0,0,0,2026/04/01 21:46:23
翌日,20260401,更新後,本四連系線,2026/04/02,10:30,逆方向,0.0,-1200.0,0,0.0,-1200,熱容量（作業）,0,0,0,0,0,2026/04/01 21:46:23
翌日,20260401,更新後,本四連系線,2026/04/02,11:00,順方向,2117.0,-1200.0,0,283.0,1200,熱容量（作業）,0,0,0,0,0,2026/04/01 21:46:23
翌日,20260401,更新後,本四連系線,2026/04/02,11:00,逆方向,0.0,-1200.0,0,0.0,-1200,熱容量（作業）,0,0,0,0,0,2026/04/01 21:46:23
翌日,20260401,更新後,本四連系線,2026/04/02,11:30,順方向,2313.0,-1200.0,0,87.0,1200,熱容量（作業）,0,0,0,0,0,2026/04/01 21:46:23
翌日,20260401,更新後,本四連系線,2026/04/02,11:30,逆方向,0.0,-1200.0,0,0.0,-1200,熱容量（作業）,0,0,0,0,0,2026/04/01 21:46:23
翌日,20260401,更新後,本四連系線,2026/04/02,12:00,順方向,2283.719,-1200.0,0,116.281,1200,熱容量（作業）,0,0,0,0,0,2026/04/01 21:46:23
翌日,20260401,更新後,本四連系線,2026/04/02,12:00,逆方向,0.0,-1200.0,0,0.0,-1200,熱容量（作業）,0,0,0,0,0,2026/04/01 21:46:23
翌日,20260401,更新後,本四連系線,2026/04/02,12:30,順方向,2400.0,-1200.0,0,0.0,1200,熱容量（作業）,0,0,0,0,0,2026/04/01 21:46:23
翌日,20260401,更新後,本四連系線,2026/04/02,12:30,逆方向,0.0,-1200.0,0,0.0,-1200,熱容量（作業）,0,0,0,0,0,2026/04/01 21:46:23
翌日,20260401,更新後,本四連系線,2026/04/02,13:00,順方向,2400.0,-1200.0,0,0.0,1200,熱容量（作業）,0,0,0,0,0,2026/04/01 21:46:23
翌日,20260401,更新後,本四連系線,2026/04/02,13:00,逆方向,0.0,-1200.0,0,0.0,-1200,熱容量（作業）,0,0,0,0,0,2026/04/01 21:46:23
翌日,20260401,更新後,本四連系線,2026/04/02,13:30,順方向,2400.0,-1200.0,0,0.0,1200,熱容量（作業）,0,0,0,0,0,2026/04/01 21:46:23
翌日,20260401,更新後,本四連系線,2026/04/02,13:30,逆方向,0.0,-1200.0,0,0.0,-1200,熱容量（作業）,0,0,0,0,0,2026/04/01 21:46:23
翌日,20260401,更新後,本四連系線,2026/04/02,14:00,順方向,2400.0,-1200.0,0,0.0,1200,熱容量（作業）,0,0,0,0,0,2026/04/01 21:46:23
翌日,20260401,更新後,本四連系線,2026/04/02,14:00,逆方向,0.0,-1200.0,0,0.0,-1200,熱容量（作業）,0,0,0,0,0,2026/04/01 21:46:23
翌日,20260401,更新後,本四連系線,2026/04/02,14:30,順方向,2400.0,-1200.0,0,0.0,1200,熱容量（作業）,0,0,0,0,0,2026/04/01 21:46:23
翌日,20260401,更新後,本四連系線,2026/04/02,14:30,逆方向,0.0,-1200.0,0,0.0,-1200,熱容量（作業）,0,0,0,0,0,2026/04/01 21:46:23
翌日,20260401,更新後,本四連系線,2026/04/02,15:00,順方向,2400.0,-1200.0,0,0.0,1200,熱容量（作業）,0,0,0,0,0,2026/04/01 21:46:23
翌日,20260401,更新後,本四連系線,2026/04/02,15:00,逆方向,0.0,-1200.0,0,0.0,-1200,熱容量（作業）,0,0,0,0,0,2026/04/01 21:46:23
翌日,20260401,更新後,本四連系線,2026/04/02,15:30,順方向,2310.7,-1110.7,0,0.0,1200,熱容量（作業）,0,0,0,0,0,2026/04/01 21:46:23
翌日,20260401,更新後,本四連系線,2026/04/02,15:30,逆方向,-89.3,-1110.7,0,0.0,-1200,熱容量（作業）,0,0,0,0,0,2026/04/01 21:46:23
翌日,20260401,更新後,本四連系線,2026/04/02,16:00,順方向,2100.0,-900.0,0,0.0,1200,熱容量（作業）,0,0,0,0,0,2026/04/01 21:46:23
翌日,20260401,更新後,本四連系線,2026/04/02,16:00,逆方向,-300.0,-900.0,0,0.0,-1200,熱容量（作業）,0,0,0,0,0,2026/04/01 21:46:23
翌日,20260401,更新後,本四連系線,2026/04/02,16:30,順方向,2304.3,-1104.3,0,0.0,1200,熱容量（作業）,0,0,0,0,0,2026/04/01 21:46:23
翌日,20260401,更新後,本四連系線,2026/04/02,16:30,逆方向,-95.7,-1104.3,0,0.0,-1200,熱容量（作業）,0,0,0,0,0,2026/04/01 21:46:23
翌日,20260401,更新後,本四連系線,2026/04/02,17:00,順方向,2243.9,-1043.9,0,0.0,1200,熱容量（作業）,0,0,0,0,0,2026/04/01 21:46:23
翌日,20260401,更新後,本四連系線,2026/04/02,17:00,逆方向,-156.1,-1043.9,0,0.0,-1200,熱容量（作業）,0,0,0,0,0,2026/04/01 21:46:23
翌日,20260401,更新後,本四連系線,2026/04/02,17:30,順方向,2351.9,-1151.9,0,0.0,1200,熱容量（作業）,0,0,0,0,0,2026/04/01 21:46:23
翌日,20260401,更新後,本四連系線,2026/04/02,17:30,逆方向,-48.1,-1151.9,0,0.0,-1200,熱容量（作業）,0,0,0,0,0,2026/04/01 21:46:23
翌日,20260401,更新後,本四連系線,2026/04/02,18:00,順方向,2395.1,-1195.1,0,0.0,1200,熱容量（作業）,0,0,0,0,0,2026/04/01 21:46:23
翌日,20260401,更新後,本四連系線,2026/04/02,18:00,逆方向,-4.9,-1195.1,0,0.0,-1200,熱容量（作業）,0,0,0,0,0,2026/04/01 21:46:23
翌日,20260401,更新後,本四連系線,2026/04/02,18:30,順方向,2258.0,-1058.0,0,0.0,1200,熱容量（作業）,0,0,0,0,0,2026/04/01 21:46:23
翌日,20260401,更新後,本四連系線,2026/04/02,18:30,逆方向,-142.0,-1058.0,0,0.0,-1200,熱容量（作業）,0,0,0,0,0,2026/04/01 21:46:23
翌日,20260401,更新後,本四連系線,2026/04/02,19:00,順方向,2194.3,-994.3,0,0.0,1200,熱容量（作業）,0,0,0,0,0,2026/04/01 21:46:23
翌日,20260401,更新後,本四連系線,2026/04/02,19:00,逆方向,-205.7,-994.3,0,0.0,-1200,熱容量（作業）,0,0,0,0,0,2026/04/01 21:46:23
翌日,20260401,更新後,本四連系線,2026/04/02,19:30,順方向,2184.0,-984.0,0,0.0,1200,熱容量（作業）,0,0,0,0,0,2026/04/01 21:46:23
翌日,20260401,更新後,本四連系線,2026/04/02,19:30,逆方向,-216.0,-984.0,0,0.0,-1200,熱容量（作業）,0,0,0,0,0,2026/04/01 21:46:23
翌日,20260401,更新後,本四連系線,2026/04/02,20:00,順方向,2400.0,-1200.0,0,0.0,1200,熱容量（作業）,0,0,0,0,0,2026/04/01 21:46:23
翌日,20260401,更新後,本四連系線,2026/04/02,20:00,逆方向,0.0,-1200.0,0,0.0,-1200,熱容量（作業）,0,0,0,0,0,2026/04/01 21:46:23
翌日,20260401,更新後,本四連系線,2026/04/02,20:30,順方向,2400.0,-1200.0,0,0.0,1200,熱容量（作業）,0,0,0,0,0,2026/04/01 21:46:23
翌日,20260401,更新後,本四連系線,2026/04/02,20:30,逆方向,0.0,-1200.0,0,0.0,-1200,熱容量（作業）,0,0,0,0,0,2026/04/01 21:46:23
翌日,20260401,更新後,本四連系線,2026/04/02,21:00,順方向,2400.0,-1200.0,0,0.0,1200,熱容量（作業）,0,0,0,0,0,2026/04/01 21:46:23
翌日,20260401,更新後,本四連系線,2026/04/02,21:00,逆方向,0.0,-1200.0,0,0.0,-1200,熱容量（作業）,0,0,0,0,0,2026/04/01 21:46:23
翌日,20260401,更新後,本四連系線,2026/04/02,21:30,順方向,2392.0,-1200.0,0,8.0,1200,熱容量（作業）,0,0,0,0,0,2026/04/01 21:46:23
翌日,20260401,更新後,本四連系線,2026/04/02,21:30,逆方向,0.0,-1200.0,0,0.0,-1200,熱容量（作業）,0,0,0,0,0,2026/04/01 21:46:23
翌日,20260401,更新後,本四連系線,2026/04/02,22:00,順方向,2267.8,-1067.8,0,0.0,1200,熱容量（作業）,0,0,0,0,0,2026/04/01 21:46:23
翌日,20260401,更新後,本四連系線,2026/04/02,22:00,逆方向,-132.2,-1067.8,0,0.0,-1200,熱容量（作業）,0,0,0,0,0,2026/04/01 21:46:23
翌日,20260401,更新後,本四連系線,2026/04/02,22:30,順方向,2257.7,-1057.7,0,0.0,1200,熱容量（作業）,0,0,0,0,0,2026/04/01 21:46:23
翌日,20260401,更新後,本四連系線,2026/04/02,22:30,逆方向,-142.3,-1057.7,0,0.0,-1200,熱容量（作業）,0,0,0,0,0,2026/04/01 21:46:23
翌日,20260401,更新後,本四連系線,2026/04/02,23:00,順方向,2316.7,-1116.7,0,0.0,1200,熱容量（作業）,0,0,0,0,0,2026/04/01 21:46:23
翌日,20260401,更新後,本四連系線,2026/04/02,23:00,逆方向,-83.3,-1116.7,0,0.0,-1200,熱容量（作業）,0,0,0,0,0,2026/04/01 21:46:23
翌日,20260401,更新後,本四連系線,2026/04/02,23:30,順方向,2348.0,-1148.0,0,0.0,1200,熱容量（作業）,0,0,0,0,0,2026/04/01 21:46:23
翌日,20260401,更新後,本四連系線,2026/04/02,23:30,逆方向,-52.0,-1148.0,0,0.0,-1200,熱容量（作業）,0,0,0,0,0,2026/04/01 21:46:23
翌日,20260401,更新後,本四連系線,2026/04/02,24:00,順方向,2271.4,-1071.4,0,0.0,1200,熱容量（作業）,0,0,0,0,0,2026/04/01 21:46:23
翌日,20260401,更新後,本四連系線,2026/04/02,24:00,逆方向,-128.6,-1071.4,0,0.0,-1200,熱容量（作業）,0,0,0,0,0,2026/04/01 21:46:23
翌日,20260401,更新後,関門連系線,2026/04/02,00:30,順方向,1769.2,-1192.2,0,183.0,760,周波数,0,0,0,0,0,2026/04/01 21:46:23
翌日,20260401,更新後,関門連系線,2026/04/02,00:30,逆方向,-637.8,-1192.2,0,0.0,-1830,周波数,0,0,0,0,0,2026/04/01 21:46:23
翌日,20260401,更新後,関門連系線,2026/04/02,01:00,順方向,1460.973,-892.2,0,191.227,760,周波数,0,0,0,0,0,2026/04/01 21:46:23
翌日,20260401,更新後,関門連系線,2026/04/02,01:00,逆方向,-917.8,-892.2,0,0.0,-1810,周波数,0,0,0,0,0,2026/04/01 21:46:23
翌日,20260401,更新後,関門連系線,2026/04/02,01:30,順方向,1357.0,-778.0,0,181.0,760,周波数,0,0,0,0,0,2026/04/01 21:46:23
翌日,20260401,更新後,関門連系線,2026/04/02,01:30,逆方向,-1012.0,-778.0,0,0.0,-1790,周波数,0,0,0,0,0,2026/04/01 21:46:23
翌日,20260401,更新後,関門連系線,2026/04/02,02:00,順方向,1397.8,-818.8,0,181.0,760,周波数,0,0,0,0,0,2026/04/01 21:46:23
翌日,20260401,更新後,関門連系線,2026/04/02,02:00,逆方向,-971.2,-818.8,0,0.0,-1790,周波数,0,0,0,0,0,2026/04/01 21:46:23
翌日,20260401,更新後,関門連系線,2026/04/02,02:30,順方向,1653.2,-1074.2,0,181.0,760,周波数,0,0,0,0,0,2026/04/01 21:46:23
翌日,20260401,更新後,関門連系線,2026/04/02,02:30,逆方向,-745.8,-1074.2,0,0.0,-1820,周波数,0,0,0,0,0,2026/04/01 21:46:23
翌日,20260401,更新後,関門連系線,2026/04/02,03:00,順方向,1845.573,-1263.8,0,188.227,770,周波数,0,0,0,0,0,2026/04/01 21:46:23
翌日,20260401,更新後,関門連系線,2026/04/02,03:00,逆方向,-586.2,-1263.8,0,0.0,-1850,周波数,0,0,0,0,0,2026/04/01 21:46:23
翌日,20260401,更新後,関門連系線,2026/04/02,03:30,順方向,1980.887,-1336.6,0,135.713,780,周波数,0,0,0,0,0,2026/04/01 21:46:23
翌日,20260401,更新後,関門連系線,2026/04/02,03:30,逆方向,-563.4,-1336.6,0,0.0,-1900,周波数,0,0,0,0,0,2026/04/01 21:46:23
翌日,20260401,更新後,関門連系線,2026/04/02,04:00,順方向,2002.4,-1202.4,0,0.0,800,周波数,0,0,0,0,0,2026/04/01 21:46:23
翌日,20260401,更新後,関門連系線,2026/04/02,04:00,逆方向,-747.6,-1202.4,0,0.0,-1950,周波数,0,0,0,0,0,2026/04/01 21:46:23
翌日,20260401,更新後,関門連系線,2026/04/02,04:30,順方向,1879.8,-1254.8,0,185.0,810,周波数,0,0,0,0,0,2026/04/01 21:46:23
翌日,20260401,更新後,関門連系線,2026/04/02,04:30,逆方向,-637.224,-1254.8,0,-77.976,-1970,周波数,0,0,0,0,0,2026/04/01 21:46:23
翌日,20260401,更新後,関門連系線,2026/04/02,05:00,順方向,1850.4,-1235.4,0,205.0,820,周波数,0,0,0,0,0,2026/04/01 21:46:23
翌日,20260401,更新後,関門連系線,2026/04/02,05:00,逆方向,-744.6,-1235.4,0,0.0,-1980,周波数,0,0,0,0,0,2026/04/01 21:46:23
翌日,20260401,更新後,関門連系線,2026/04/02,05:30,順方向,1918.7,-1303.7,0,205.0,820,周波数,0,0,0,0,0,2026/04/01 21:46:23
翌日,20260401,更新後,関門連系線,2026/04/02,05:30,逆方向,-662.064,-1303.7,0,-4.236,-1970,周波数,0,0,0,0,0,2026/04/01 21:46:23
翌日,20260401,更新後,関門連系線,2026/04/02,06:00,順方向,1860.187,-1192.7,0,42.513,710,周波数,0,0,0,0,0,2026/04/01 21:46:23
翌日,20260401,更新後,関門連系線,2026/04/02,06:00,逆方向,-767.283,-1192.7,0,-0.017,-1960,周波数,0,0,0,0,0,2026/04/01 21:46:23
翌日,20260401,更新後,関門連系線,2026/04/02,06:30,順方向,1506.161,-1185.1,0,278.939,600,周波数,0,0,0,0,0,2026/04/01 21:46:23
翌日,20260401,更新後,関門連系線,2026/04/02,06:30,逆方向,-757.9,-1185.1,0,-7.0,-1950,周波数,0,0,0,0,0,2026/04/01 21:46:23
翌日,20260401,更新後,関門連系線,2026/04/02,07:00,順方向,1603.761,-1346.2,0,292.439,550,周波数,0,0,0,0,0,2026/04/01 21:46:23
翌日,20260401,更新後,関門連系線,2026/04/02,07:00,逆方向,-583.8,-1346.2,0,-20.0,-1950,周波数,0,0,0,0,0,2026/04/01 21:46:23
翌日,20260401,更新後,関門連系線,2026/04/02,07:30,順方向,1604.588,-1515.2,0,420.612,510,周波数,0,0,0,0,0,2026/04/01 21:46:23
翌日,20260401,更新後,関門連系線,2026/04/02,07:30,逆方向,-462.624,-1515.2,0,-2.176,-1980,周波数,0,0,0,0,0,2026/04/01 21:46:23
翌日,20260401,更新後,関門連系線,2026/04/02,08:00,順方向,1551.1,-1551.1,0,510.0,510,周波数,0,0,0,0,0,2026/04/01 21:46:23
翌日,20260401,更新後,関門連系線,2026/04/02,08:00,逆方向,-457.724,-1551.1,0,-1.176,-2010,周波数,0,0,0,0,0,2026/04/01 21:46:23
翌日,20260401,更新後,関門連系線,2026/04/02,08:30,順方向,1691.0,-1671.3,0,400.3,420,周波数,0,0,0,0,0,2026/04/01 21:46:23
翌日,20260401,更新後,関門連系線,2026/04/02,08:30,逆方向,-538.7,-1671.3,0,0.0,-2210,周波数,0,0,0,0,0,2026/04/01 21:46:23
翌日,20260401,更新後,関門連系線,2026/04/02,09:00,順方向,1921.8,-1921.8,0,360.0,360,周波数,0,0,0,0,0,2026/04/01 21:46:23
翌日,20260401,更新後,関門連系線,2026/04/02,09:00,逆方向,-125.2,-1921.8,0,0.0,-2047,周波数,0,0,0,0,0,2026/04/01 21:46:23
翌日,20260401,更新後,関門連系線,2026/04/02,09:30,順方向,2194.0,-2194.0,0,300.0,300,周波数,0,0,0,0,0,2026/04/01 21:46:23
翌日,20260401,更新後,関門連系線,2026/04/02,09:30,逆方向,0.0,-2194.0,0,0.0,-2194,周波数,0,0,0,0,0,2026/04/01 21:46:23
翌日,20260401,更新後,関門連系線,2026/04/02,10:00,順方向,2229.0,-2229.0,0,290.0,290,周波数,0,0,0,0,0,2026/04/01 21:46:23
翌日,20260401,更新後,関門連系線,2026/04/02,10:00,逆方向,0.0,-2229.0,0,0.0,-2229,周波数,0,0,0,0,0,2026/04/01 21:46:23
翌日,20260401,更新後,関門連系線,2026/04/02,10:30,順方向,2354.52,-2241.0,0,176.48,290,周波数,0,0,0,0,0,2026/04/01 21:46:23
翌日,20260401,更新後,関門連系線,2026/04/02,10:30,逆方向,0.0,-2241.0,0,0.0,-2241,周波数,0,0,0,0,0,2026/04/01 21:46:23
翌日,20260401,更新後,関門連系線,2026/04/02,11:00,順方向,2328.0,-2260.0,0,222.0,290,周波数,0,0,0,0,0,2026/04/01 21:46:23
翌日,20260401,更新後,関門連系線,2026/04/02,11:00,逆方向,0.0,-2260.0,0,0.0,-2260,周波数,0,0,0,0,0,2026/04/01 21:46:23
翌日,20260401,更新後,関門連系線,2026/04/02,11:30,順方向,2284.0,-2275.0,0,281.0,290,周波数,0,0,0,0,0,2026/04/01 21:46:23
翌日,20260401,更新後,関門連系線,2026/04/02,11:30,逆方向,0.0,-2275.0,0,0.0,-2275,周波数,0,0,0,0,0,2026/04/01 21:46:23
翌日,20260401,更新後,関門連系線,2026/04/02,12:00,順方向,2272.0,-2272.0,0,300.0,300,周波数,0,0,0,0,0,2026/04/01 21:46:23
翌日,20260401,更新後,関門連系線,2026/04/02,12:00,逆方向,0.0,-2272.0,0,0.0,-2272,周波数,0,0,0,0,0,2026/04/01 21:46:23
翌日,20260401,更新後,関門連系線,2026/04/02,12:30,順方向,2261.108,-2250.0,0,288.892,300,周波数,0,0,0,0,0,2026/04/01 21:46:23
翌日,20260401,更新後,関門連系線,2026/04/02,12:30,逆方向,0.0,-2250.0,0,0.0,-2250,周波数,0,0,0,0,0,2026/04/01 21:46:23
翌日,20260401,更新後,関門連系線,2026/04/02,13:00,順方向,2250.0,-2250.0,0,290.0,290,周波数,0,0,0,0,0,2026/04/01 21:46:23
翌日,20260401,更新後,関門連系線,2026/04/02,13:00,逆方向,0.0,-2250.0,0,0.0,-2250,周波数,0,0,0,0,0,2026/04/01 21:46:23
翌日,20260401,更新後,関門連系線,2026/04/02,13:30,順方向,2473.602,-2273.0,0,89.398,290,周波数,0,0,0,0,0,2026/04/01 21:46:23
翌日,20260401,更新後,関門連系線,2026/04/02,13:30,逆方向,0.0,-2273.0,0,0.0,-2273,周波数,0,0,0,0,0,2026/04/01 21:46:23
翌日,20260401,更新後,関門連系線,2026/04/02,14:00,順方向,2268.0,-2268.0,0,280.0,280,周波数,0,0,0,0,0,2026/04/01 21:46:23
翌日,20260401,更新後,関門連系線,2026/04/02,14:00,逆方向,0.0,-2268.0,0,0.0,-2268,周波数,0,0,0,0,0,2026/04/01 21:46:23
翌日,20260401,更新後,関門連系線,2026/04/02,14:30,順方向,2262.0,-2262.0,0,280.0,280,周波数,0,0,0,0,0,2026/04/01 21:46:23
翌日,20260401,更新後,関門連系線,2026/04/02,14:30,逆方向,0.0,-2262.0,0,0.0,-2262,周波数,0,0,0,0,0,2026/04/01 21:46:23
翌日,20260401,更新後,関門連系線,2026/04/02,15:00,順方向,2242.0,-2242.0,0,280.0,280,周波数,0,0,0,0,0,2026/04/01 21:46:23
翌日,20260401,更新後,関門連系線,2026/04/02,15:00,逆方向,0.0,-2242.0,0,0.0,-2242,周波数,0,0,0,0,0,2026/04/01 21:46:23
翌日,20260401,更新後,関門連系線,2026/04/02,15:30,順方向,2281.802,-2232.0,0,300.198,350,周波数,0,0,0,0,0,2026/04/01 21:46:23
翌日,20260401,更新後,関門連系線,2026/04/02,15:30,逆方向,0.0,-2232.0,0,0.0,-2232,周波数,0,0,0,0,0,2026/04/01 21:46:23
翌日,20260401,更新後,関門連系線,2026/04/02,16:00,順方向,2383.457,-2218.0,0,264.543,430,周波数,0,0,0,0,0,2026/04/01 21:46:23
翌日,20260401,更新後,関門連系線,2026/04/02,16:00,逆方向,0.0,-2218.0,0,0.0,-2218,周波数,0,0,0,0,0,2026/04/01 21:46:23
翌日,20260401,更新後,関門連系線,2026/04/02,16:30,順方向,2395.152,-2119.8,0,204.648,480,周波数,0,0,0,0,0,2026/04/01 21:46:23
翌日,20260401,更新後,関門連系線,2026/04/02,16:30,逆方向,-111.2,-2119.8,0,0.0,-2231,周波数,0,0,0,0,0,2026/04/01 21:46:23
翌日,20260401,更新後,関門連系線,2026/04/02,17:00,順方向,2240.0,-2240.0,0,530.0,530,周波数,0,0,0,0,0,2026/04/01 21:46:23
翌日,20260401,更新後,関門連系線,2026/04/02,17:00,逆方向,0.0,-2240.0,0,0.0,-2240,周波数,0,0,0,0,0,2026/04/01 21:46:23
翌日,20260401,更新後,関門連系線,2026/04/02,17:30,順方向,2213.738,-1764.0,0,130.262,580,周波数,0,0,0,0,0,2026/04/01 21:46:23
翌日,20260401,更新後,関門連系線,2026/04/02,17:30,逆方向,-446.0,-1764.0,0,0.0,-2210,周波数,0,0,0,0,0,2026/04/01 21:46:23
翌日,20260401,更新後,関門連系線,2026/04/02,18:00,順方向,2234.5,-1766.6,0,162.1,630,周波数,0,0,0,0,0,2026/04/01 21:46:23
翌日,20260401,更新後,関門連系線,2026/04/02,18:00,逆方向,-415.396,-1766.6,0,-28.004,-2210,周波数,0,0,0,0,0,2026/04/01 21:46:23
翌日,20260401,更新後,関門連系線,2026/04/02,18:30,順方向,2317.7,-1587.7,0,0.0,730,周波数,0,0,0,0,0,2026/04/01 21:46:23
翌日,20260401,更新後,関門連系線,2026/04/02,18:30,逆方向,-622.3,-1587.7,0,0.0,-2210,周波数,0,0,0,0,0,2026/04/01 21:46:23
翌日,20260401,更新後,関門連系線,2026/04/02,19:00,順方向,2497.0,-1657.0,0,0.0,840,周波数,0,0,0,0,0,2026/04/01 21:46:23
翌日,20260401,更新後,関門連系線,2026/04/02,19:00,逆方向,-533.0,-1657.0,0,0.0,-2190,周波数,0,0,0,0,0,2026/04/01 21:46:23
翌日,20260401,更新後,関門連系線,2026/04/02,19:30,順方向,2429.1,-1579.1,0,0.0,850,周波数,0,0,0,0,0,2026/04/01 21:46:23
翌日,20260401,更新後,関門連系線,2026/04/02,19:30,逆方向,-600.9,-1579.1,0,0.0,-2180,周波数,0,0,0,0,0,2026/04/01 21:46:23
翌日,20260401,更新後,関門連系線,2026/04/02,20:00,順方向,2330.5,-1480.5,0,0.0,850,周波数,0,0,0,0,0,2026/04/01 21:46:23
翌日,20260401,更新後,関門連系線,2026/04/02,20:00,逆方向,-659.5,-1480.5,0,0.0,-2140,周波数,0,0,0,0,0,2026/04/01 21:46:23
翌日,20260401,更新後,関門連系線,2026/04/02,20:30,順方向,2428.7,-1588.7,0,0.0,840,周波数,0,0,0,0,0,2026/04/01 21:46:23
翌日,20260401,更新後,関門連系線,2026/04/02,20:30,逆方向,-511.3,-1588.7,0,0.0,-2100,周波数,0,0,0,0,0,2026/04/01 21:46:23
翌日,20260401,更新後,関門連系線,2026/04/02,21:00,順方向,2504.7,-1674.7,0,0.0,830,周波数,0,0,0,0,0,2026/04/01 21:46:23
翌日,20260401,更新後,関門連系線,2026/04/02,21:00,逆方向,-385.3,-1674.7,0,0.0,-2060,周波数,0,0,0,0,0,2026/04/01 21:46:23
翌日,20260401,更新後,関門連系線,2026/04/02,21:30,順方向,2306.2,-1491.2,0,5.0,820,周波数,0,0,0,0,0,2026/04/01 21:46:23
翌日,20260401,更新後,関門連系線,2026/04/02,21:30,逆方向,-504.624,-1491.2,0,-24.176,-2020,周波数,0,0,0,0,0,2026/04/01 21:46:23
翌日,20260401,更新後,関門連系線,2026/04/02,22:00,順方向,2443.9,-1627.9,0,4.0,820,周波数,0,0,0,0,0,2026/04/01 21:46:23
翌日,20260401,更新後,関門連系線,2026/04/02,22:00,逆方向,-392.1,-1627.9,0,0.0,-2020,周波数,0,0,0,0,0,2026/04/01 21:46:23
翌日,20260401,更新後,関門連系線,2026/04/02,22:30,順方向,2115.0,-1320.0,0,5.0,800,周波数,0,0,0,0,0,2026/04/01 21:46:23
翌日,20260401,更新後,関門連系線,2026/04/02,22:30,逆方向,-595.824,-1320.0,0,-24.176,-1940,周波数,0,0,0,0,0,2026/04/01 21:46:23
翌日,20260401,更新後,関門連系線,2026/04/02,23:00,順方向,2425.71,-1643.0,0,7.29,790,周波数,0,0,0,0,0,2026/04/01 21:46:23
翌日,20260401,更新後,関門連系線,2026/04/02,23:00,逆方向,-267.0,-1643.0,0,0.0,-1910,周波数,0,0,0,0,0,2026/04/01 21:46:23
翌日,20260401,更新後,関門連系線,2026/04/02,23:30,順方向,2391.31,-1632.6,0,21.29,780,周波数,0,0,0,0,0,2026/04/01 21:46:23
翌日,20260401,更新後,関門連系線,2026/04/02,23:30,逆方向,-247.4,-1632.6,0,0.0,-1880,周波数,0,0,0,0,0,2026/04/01 21:46:23
翌日,20260401,更新後,関門連系線,2026/04/02,24:00,順方向,2128.3,-1363.3,0,5.0,770,周波数,0,0,0,0,0,2026/04/01 21:46:23
翌日,20260401,更新後,関門連系線,2026/04/02,24:00,逆方向,-465.924,-1363.3,0,-20.776,-1850,周波数,0,0,0,0,0,2026/04/01 21:46:23
翌日,20260401,更新後,中部フェンス,2026/04/02,00:30,順方向,4179.35,-2830.0,0,640.65,1990,安定度（作業）,0,0,0,0,0,2026/04/01 21:46:23
翌日,20260401,更新後,中部フェンス,2026/04/02,00:30,逆方向,0.0,-2830.0,0,0.0,-2830,電圧（作業）,0,0,0,0,0,2026/04/01 21:46:23
翌日,20260401,更新後,中部フェンス,2026/04/02,01:00,順方向,3896.701,-2830.0,0,923.299,1990,安定度（作業）,0,0,0,0,0,2026/04/01 21:46:23
翌日,20260401,更新後,中部フェンス,2026/04/02,01:00,逆方向,0.0,-2830.0,0,0.0,-2830,電圧（作業）,0,0,0,0,0,2026/04/01 21:46:23
翌日,20260401,更新後,中部フェンス,2026/04/02,01:30,順方向,3923.518,-2830.0,0,896.482,1990,安定度（作業）,0,0,0,0,0,2026/04/01 21:46:23
翌日,20260401,更新後,中部フェンス,2026/04/02,01:30,逆方向,0.0,-2830.0,0,0.0,-2830,電圧（作業）,0,0,0,0,0,2026/04/01 21:46:23
翌日,20260401,更新後,中部フェンス,2026/04/02,02:00,順方向,3919.498,-2830.0,0,900.502,1990,安定度（作業）,0,0,0,0,0,2026/04/01 21:46:23
翌日,20260401,更新後,中部フェンス,2026/04/02,02:00,逆方向,0.0,-2830.0,0,0.0,-2830,電圧（作業）,0,0,0,0,0,2026/04/01 21:46:23
翌日,20260401,更新後,中部フェンス,2026/04/02,02:30,順方向,3943.414,-2830.0,0,876.586,1990,安定度（作業）,0,0,0,0,0,2026/04/01 21:46:23
翌日,20260401,更新後,中部フェンス,2026/04/02,02:30,逆方向,0.0,-2830.0,0,0.0,-2830,電圧（作業）,0,0,0,0,0,2026/04/01 21:46:23
翌日,20260401,更新後,中部フェンス,2026/04/02,03:00,順方向,3953.033,-2830.0,0,866.967,1990,安定度（作業）,0,0,0,0,0,2026/04/01 21:46:23
翌日,20260401,更新後,中部フェンス,2026/04/02,03:00,逆方向,0.0,-2830.0,0,0.0,-2830,電圧（作業）,0,0,0,0,0,2026/04/01 21:46:23
翌日,20260401,更新後,中部フェンス,2026/04/02,03:30,順方向,3987.013,-2830.0,0,832.987,1990,安定度（作業）,0,0,0,0,0,2026/04/01 21:46:23
翌日,20260401,更新後,中部フェンス,2026/04/02,03:30,逆方向,0.0,-2830.0,0,0.0,-2830,電圧（作業）,0,0,0,0,0,2026/04/01 21:46:23
翌日,20260401,更新後,中部フェンス,2026/04/02,04:00,順方向,4094.769,-2830.0,0,725.231,1990,安定度（作業）,0,0,0,0,0,2026/04/01 21:46:23
翌日,20260401,更新後,中部フェンス,2026/04/02,04:00,逆方向,0.0,-2830.0,0,0.0,-2830,電圧（作業）,0,0,0,0,0,2026/04/01 21:46:23
翌日,20260401,更新後,中部フェンス,2026/04/02,04:30,順方向,4240.873,-2830.0,0,579.127,1990,安定度（作業）,0,0,0,0,0,2026/04/01 21:46:23
翌日,20260401,更新後,中部フェンス,2026/04/02,04:30,逆方向,0.0,-2830.0,0,0.0,-2830,電圧（作業）,0,0,0,0,0,2026/04/01 21:46:23
翌日,20260401,更新後,中部フェンス,2026/04/02,05:00,順方向,3877.935,-2830.0,0,942.065,1990,安定度（作業）,0,0,0,0,0,2026/04/01 21:46:23
翌日,20260401,更新後,中部フェンス,2026/04/02,05:00,逆方向,0.0,-2830.0,0,0.0,-2830,電圧（作業）,0,0,0,0,0,2026/04/01 21:46:23
翌日,20260401,更新後,中部フェンス,2026/04/02,05:30,順方向,3880.702,-2830.0,0,939.298,1990,安定度（作業）,0,0,0,0,0,2026/04/01 21:46:23
翌日,20260401,更新後,中部フェンス,2026/04/02,05:30,逆方向,0.0,-2830.0,0,0.0,-2830,電圧（作業）,0,0,0,0,0,2026/04/01 21:46:23
翌日,20260401,更新後,中部フェンス,2026/04/02,06:00,順方向,4040.117,-2830.0,0,779.883,1990,安定度（作業）,0,0,0,0,0,2026/04/01 21:46:23
翌日,20260401,更新後,中部フェンス,2026/04/02,06:00,逆方向,0.0,-2830.0,0,0.0,-2830,電圧（作業）,0,0,0,0,0,2026/04/01 21:46:23
翌日,20260401,更新後,中部フェンス,2026/04/02,06:30,順方向,3939.295,-2830.0,0,880.705,1990,安定度（作業）,0,0,0,0,0,2026/04/01 21:46:23
翌日,20260401,更新後,中部フェンス,2026/04/02,06:30,逆方向,0.0,-2830.0,0,0.0,-2830,電圧（作業）,0,0,0,0,0,2026/04/01 21:46:23
翌日,20260401,更新後,中部フェンス,2026/04/02,07:00,順方向,3940.406,-2830.0,0,879.594,1990,安定度（作業）,0,0,0,0,0,2026/04/01 21:46:23
翌日,20260401,更新後,中部フェンス,2026/04/02,07:00,逆方向,0.0,-2830.0,0,0.0,-2830,電圧（作業）,0,0,0,0,0,2026/04/01 21:46:23
翌日,20260401,更新後,中部フェンス,2026/04/02,07:30,順方向,3716.126,-2830.0,0,1103.874,1990,安定度（作業）,0,0,0,0,0,2026/04/01 21:46:23
翌日,20260401,更新後,中部フェンス,2026/04/02,07:30,逆方向,0.0,-2830.0,0,0.0,-2830,電圧（作業）,0,0,0,0,0,2026/04/01 21:46:23
翌日,20260401,更新後,中部フェンス,2026/04/02,08:00,順方向,3605.959,-2830.0,0,1214.041,1990,安定度（作業）,0,0,0,0,0,2026/04/01 21:46:23
翌日,20260401,更新後,中部フェンス,2026/04/02,08:00,逆方向,0.0,-2830.0,0,0.0,-2830,電圧（作業）,0,0,0,0,0,2026/04/01 21:46:23
翌日,20260401,更新後,中部フェンス,2026/04/02,08:30,順方向,3770.97,-2830.0,0,1189.03,2130,安定度（作業）,0,0,0,0,0,2026/04/01 21:46:23
翌日,20260401,更新後,中部フェンス,2026/04/02,08:30,逆方向,0.0,-2830.0,0,0.0,-2830,電圧（作業）,0,0,0,0,0,2026/04/01 21:46:23
翌日,20260401,更新後,中部フェンス,2026/04/02,09:00,順方向,3502.998,-2830.0,0,1457.002,2130,安定度（作業）,0,0,0,0,0,2026/04/01 21:46:23
翌日,20260401,更新後,中部フェンス,2026/04/02,09:00,逆方向,0.0,-2830.0,0,0.0,-2830,電圧（作業）,0,0,0,0,0,2026/04/01 21:46:23
翌日,20260401,更新後,中部フェンス,2026/04/02,09:30,順方向,5096.508,-3479.8,0,1013.292,2630,安定度（作業）,0,0,0,0,0,2026/04/01 21:46:23
翌日,20260401,更新後,中部フェンス,2026/04/02,09:30,逆方向,-50.2,-3479.8,0,0.0,-3530,電圧（作業）,0,0,0,0,0,2026/04/01 21:46:23
翌日,20260401,更新後,中部フェンス,2026/04/02,10:00,順方向,5272.318,-3475.7,0,833.382,2630,安定度（作業）,0,0,0,0,0,2026/04/01 21:46:23
翌日,20260401,更新後,中部フェンス,2026/04/02,10:00,逆方向,-54.3,-3475.7,0,0.0,-3530,電圧（作業）,0,0,0,0,0,2026/04/01 21:46:23
翌日,20260401,更新後,中部フェンス,2026/04/02,10:30,順方向,5458.708,-3468.7,0,639.992,2630,安定度（作業）,0,0,0,0,0,2026/04/01 21:46:23
翌日,20260401,更新後,中部フェンス,2026/04/02,10:30,逆方向,-61.3,-3468.7,0,0.0,-3530,電圧（作業）,0,0,0,0,0,2026/04/01 21:46:23
翌日,20260401,更新後,中部フェンス,2026/04/02,11:00,順方向,4807.371,-3204.3,0,1026.929,2630,安定度（作業）,0,0,0,0,0,2026/04/01 21:46:23
翌日,20260401,更新後,中部フェンス,2026/04/02,11:00,逆方向,-325.7,-3204.3,0,0.0,-3530,電圧（作業）,0,0,0,0,0,2026/04/01 21:46:23
翌日,20260401,更新後,中部フェンス,2026/04/02,11:30,順方向,4684.319,-3033.6,0,979.281,2630,安定度（作業）,0,0,0,0,0,2026/04/01 21:46:23
翌日,20260401,更新後,中部フェンス,2026/04/02,11:30,逆方向,-496.4,-3033.6,0,0.0,-3530,電圧（作業）,0,0,0,0,0,2026/04/01 21:46:23
翌日,20260401,更新後,中部フェンス,2026/04/02,12:00,順方向,4527.708,-2801.2,0,903.492,2630,安定度（作業）,0,0,0,0,0,2026/04/01 21:46:23
翌日,20260401,更新後,中部フェンス,2026/04/02,12:00,逆方向,-728.8,-2801.2,0,0.0,-3530,電圧（作業）,0,0,0,0,0,2026/04/01 21:46:23
翌日,20260401,更新後,中部フェンス,2026/04/02,12:30,順方向,3934.308,-2212.3,0,907.992,2630,安定度（作業）,0,0,0,0,0,2026/04/01 21:46:23
翌日,20260401,更新後,中部フェンス,2026/04/02,12:30,逆方向,-1219.273,-2212.3,0,-98.427,-3530,電圧（作業）,0,0,0,0,0,2026/04/01 21:46:23
翌日,20260401,更新後,中部フェンス,2026/04/02,13:00,順方向,3666.858,-1936.6,0,899.742,2630,安定度（作業）,0,0,0,0,0,2026/04/01 21:46:23
翌日,20260401,更新後,中部フェンス,2026/04/02,13:00,逆方向,-1391.341,-1936.6,0,-202.059,-3530,電圧（作業）,0,0,0,0,0,2026/04/01 21:46:23
翌日,20260401,更新後,中部フェンス,2026/04/02,13:30,順方向,3776.308,-2230.3,0,1083.992,2630,安定度（作業）,0,0,0,0,0,2026/04/01 21:46:23
翌日,20260401,更新後,中部フェンス,2026/04/02,13:30,逆方向,-1097.511,-2230.3,0,-202.189,-3530,電圧（作業）,0,0,0,0,0,2026/04/01 21:46:23
翌日,20260401,更新後,中部フェンス,2026/04/02,14:00,順方向,4294.208,-2698.6,0,1034.392,2630,安定度（作業）,0,0,0,0,0,2026/04/01 21:46:23
翌日,20260401,更新後,中部フェンス,2026/04/02,14:00,逆方向,-803.317,-2698.6,0,-28.083,-3530,電圧（作業）,0,0,0,0,0,2026/04/01 21:46:23
翌日,20260401,更新後,中部フェンス,2026/04/02,14:30,順方向,4771.88,-3097.2,0,955.32,2630,安定度（作業）,0,0,0,0,0,2026/04/01 21:46:23
翌日,20260401,更新後,中部フェンス,2026/04/02,14:30,逆方向,-432.8,-3097.2,0,0.0,-3530,電圧（作業）,0,0,0,0,0,2026/04/01 21:46:23
翌日,20260401,更新後,中部フェンス,2026/04/02,15:00,順方向,4765.308,-2996.3,0,860.992,2630,安定度（作業）,0,0,0,0,0,2026/04/01 21:46:23
翌日,20260401,更新後,中部フェンス,2026/04/02,15:00,逆方向,-533.7,-2996.3,0,0.0,-3530,電圧（作業）,0,0,0,0,0,2026/04/01 21:46:23
翌日,20260401,更新後,中部フェンス,2026/04/02,15:30,順方向,5155.736,-3454.1,0,928.364,2630,安定度（作業）,0,0,0,0,0,2026/04/01 21:46:23
翌日,20260401,更新後,中部フェンス,2026/04/02,15:30,逆方向,-75.9,-3454.1,0,0.0,-3530,電圧（作業）,0,0,0,0,0,2026/04/01 21:46:23
翌日,20260401,更新後,中部フェンス,2026/04/02,16:00,順方向,5334.26,-3491.3,0,787.04,2630,安定度（作業）,0,0,0,0,0,2026/04/01 21:46:23
翌日,20260401,更新後,中部フェンス,2026/04/02,16:00,逆方向,-38.7,-3491.3,0,0.0,-3530,電圧（作業）,0,0,0,0,0,2026/04/01 21:46:23
翌日,20260401,更新後,中部フェンス,2026/04/02,16:30,順方向,5407.998,-3462.7,0,684.702,2630,安定度（作業）,0,0,0,0,0,2026/04/01 21:46:23
翌日,20260401,更新後,中部フェンス,2026/04/02,16:30,逆方向,-67.3,-3462.7,0,0.0,-3530,電圧（作業）,0,0,0,0,0,2026/04/01 21:46:23
翌日,20260401,更新後,中部フェンス,2026/04/02,17:00,順方向,4938.349,-3530.0,0,1221.651,2630,安定度（作業）,0,0,0,0,0,2026/04/01 21:46:23
翌日,20260401,更新後,中部フェンス,2026/04/02,17:00,逆方向,0.0,-3530.0,0,0.0,-3530,電圧（作業）,0,0,0,0,0,2026/04/01 21:46:23
翌日,20260401,更新後,中部フェンス,2026/04/02,17:30,順方向,5754.104,-3507.4,0,383.296,2630,安定度（作業）,0,0,0,0,0,2026/04/01 21:46:23
翌日,20260401,更新後,中部フェンス,2026/04/02,17:30,逆方向,-22.6,-3507.4,0,0.0,-3530,電圧（作業）,0,0,0,0,0,2026/04/01 21:46:23
翌日,20260401,更新後,中部フェンス,2026/04/02,18:00,順方向,5654.416,-3530.0,0,505.584,2630,安定度（作業）,0,0,0,0,0,2026/04/01 21:46:23
翌日,20260401,更新後,中部フェンス,2026/04/02,18:00,逆方向,0.0,-3530.0,0,0.0,-3530,電圧（作業）,0,0,0,0,0,2026/04/01 21:46:23
翌日,20260401,更新後,中部フェンス,2026/04/02,18:30,順方向,5564.846,-3530.0,0,595.154,2630,安定度（作業）,0,0,0,0,0,2026/04/01 21:46:23
翌日,20260401,更新後,中部フェンス,2026/04/02,18:30,逆方向,0.0,-3530.0,0,0.0,-3530,電圧（作業）,0,0,0,0,0,2026/04/01 21:46:23
翌日,20260401,更新後,中部フェンス,2026/04/02,19:00,順方向,5674.67,-3530.0,0,485.33,2630,安定度（作業）,0,0,0,0,0,2026/04/01 21:46:23
翌日,20260401,更新後,中部フェンス,2026/04/02,19:00,逆方向,0.0,-3530.0,0,0.0,-3530,電圧（作業）,0,0,0,0,0,2026/04/01 21:46:23
翌日,20260401,更新後,中部フェンス,2026/04/02,19:30,順方向,5593.244,-3530.0,0,566.756,2630,安定度（作業）,0,0,0,0,0,2026/04/01 21:46:23
翌日,20260401,更新後,中部フェンス,2026/04/02,19:30,逆方向,0.0,-3530.0,0,0.0,-3530,電圧（作業）,0,0,0,0,0,2026/04/01 21:46:23
翌日,20260401,更新後,中部フェンス,2026/04/02,20:00,順方向,5863.339,-3530.0,0,296.661,2630,安定度（作業）,0,0,0,0,0,2026/04/01 21:46:23
翌日,20260401,更新後,中部フェンス,2026/04/02,20:00,逆方向,0.0,-3530.0,0,0.0,-3530,電圧（作業）,0,0,0,0,0,2026/04/01 21:46:23
翌日,20260401,更新後,中部フェンス,2026/04/02,20:30,順方向,5876.177,-3530.0,0,283.823,2630,安定度（作業）,0,0,0,0,0,2026/04/01 21:46:23
翌日,20260401,更新後,中部フェンス,2026/04/02,20:30,逆方向,0.0,-3530.0,0,0.0,-3530,電圧（作業）,0,0,0,0,0,2026/04/01 21:46:23
翌日,20260401,更新後,中部フェンス,2026/04/02,21:00,順方向,5817.29,-3530.0,0,342.71,2630,安定度（作業）,0,0,0,0,0,2026/04/01 21:46:23
翌日,20260401,更新後,中部フェンス,2026/04/02,21:00,逆方向,0.0,-3530.0,0,0.0,-3530,電圧（作業）,0,0,0,0,0,2026/04/01 21:46:23
翌日,20260401,更新後,中部フェンス,2026/04/02,21:30,順方向,5891.604,-3530.0,0,268.396,2630,安定度（作業）,0,0,0,0,0,2026/04/01 21:46:23
翌日,20260401,更新後,中部フェンス,2026/04/02,21:30,逆方向,0.0,-3530.0,0,0.0,-3530,電圧（作業）,0,0,0,0,0,2026/04/01 21:46:23
翌日,20260401,更新後,中部フェンス,2026/04/02,22:00,順方向,5783.279,-3530.0,0,376.721,2630,安定度（作業）,0,0,0,0,0,2026/04/01 21:46:23
翌日,20260401,更新後,中部フェンス,2026/04/02,22:00,逆方向,0.0,-3530.0,0,0.0,-3530,電圧（作業）,0,0,0,0,0,2026/04/01 21:46:23
翌日,20260401,更新後,中部フェンス,2026/04/02,22:30,順方向,5179.801,-3530.0,0,540.199,2190,安定度（作業）,0,0,0,0,0,2026/04/01 21:46:23
翌日,20260401,更新後,中部フェンス,2026/04/02,22:30,逆方向,0.0,-3530.0,0,0.0,-3530,電圧（作業）,0,0,0,0,0,2026/04/01 21:46:23
翌日,20260401,更新後,中部フェンス,2026/04/02,23:00,順方向,5488.843,-3530.0,0,231.157,2190,安定度（作業）,0,0,0,0,0,2026/04/01 21:46:23
翌日,20260401,更新後,中部フェンス,2026/04/02,23:00,逆方向,0.0,-3530.0,0,0.0,-3530,電圧（作業）,0,0,0,0,0,2026/04/01 21:46:23
翌日,20260401,更新後,中部フェンス,2026/04/02,23:30,順方向,5536.838,-3530.0,0,183.162,2190,安定度（作業）,0,0,0,0,0,2026/04/01 21:46:23
翌日,20260401,更新後,中部フェンス,2026/04/02,23:30,逆方向,0.0,-3530.0,0,0.0,-3530,電圧（作業）,0,0,0,0,0,2026/04/01 21:46:23
翌日,20260401,更新後,中部フェンス,2026/04/02,24:00,順方向,5537.514,-3530.0,0,182.486,2190,安定度（作業）,0,0,0,0,0,2026/04/01 21:46:23
翌日,20260401,更新後,中部フェンス,2026/04/02,24:00,逆方向,0.0,-3530.0,0,0.0,-3530,電圧（作業）,0,0,0,0,0,2026/04/01 21:46:23
翌日,20260401,更新後,北陸フェンス,2026/04/02,00:30,順方向,2784.3,-664.3,0,0.0,2120,電圧（作業）,0,0,0,0,0,2026/04/01 21:46:23
翌日,20260401,更新後,北陸フェンス,2026/04/02,00:30,逆方向,-2265.49,-664.3,0,-40.21,-2970,安定度（作業）,0,0,0,0,0,2026/04/01 21:46:23
翌日,20260401,更新後,北陸フェンス,2026/04/02,01:00,順方向,2566.1,-489.1,0,43.0,2120,電圧（作業）,0,0,0,0,0,2026/04/01 21:46:23
翌日,20260401,更新後,北陸フェンス,2026/04/02,01:00,逆方向,-2458.9,-489.1,0,-22.0,-2970,安定度（作業）,0,0,0,0,0,2026/04/01 21:46:23
翌日,20260401,更新後,北陸フェンス,2026/04/02,01:30,順方向,2616.8,-539.8,0,43.0,2120,電圧（作業）,0,0,0,0,0,2026/04/01 21:46:23
翌日,20260401,更新後,北陸フェンス,2026/04/02,01:30,逆方向,-2408.2,-539.8,0,-22.0,-2970,安定度（作業）,0,0,0,0,0,2026/04/01 21:46:23
翌日,20260401,更新後,北陸フェンス,2026/04/02,02:00,順方向,2761.8,-684.8,0,43.0,2120,電圧（作業）,0,0,0,0,0,2026/04/01 21:46:23
翌日,20260401,更新後,北陸フェンス,2026/04/02,02:00,逆方向,-2263.2,-684.8,0,-22.0,-2970,安定度（作業）,0,0,0,0,0,2026/04/01 21:46:23
翌日,20260401,更新後,北陸フェンス,2026/04/02,02:30,順方向,2811.4,-734.4,0,43.0,2120,電圧（作業）,0,0,0,0,0,2026/04/01 21:46:23
翌日,20260401,更新後,北陸フェンス,2026/04/02,02:30,逆方向,-2217.22,-734.4,0,-18.38,-2970,安定度（作業）,0,0,0,0,0,2026/04/01 21:46:23
翌日,20260401,更新後,北陸フェンス,2026/04/02,03:00,順方向,2654.1,-577.1,0,43.0,2120,電圧（作業）,0,0,0,0,0,2026/04/01 21:46:23
翌日,20260401,更新後,北陸フェンス,2026/04/02,03:00,逆方向,-2370.9,-577.1,0,-22.0,-2970,安定度（作業）,0,0,0,0,0,2026/04/01 21:46:23
翌日,20260401,更新後,北陸フェンス,2026/04/02,03:30,順方向,2649.1,-571.1,0,42.0,2120,電圧（作業）,0,0,0,0,0,2026/04/01 21:46:23
翌日,20260401,更新後,北陸フェンス,2026/04/02,03:30,逆方向,-2376.9,-571.1,0,-22.0,-2970,安定度（作業）,0,0,0,0,0,2026/04/01 21:46:23
翌日,20260401,更新後,北陸フェンス,2026/04/02,04:00,順方向,2607.3,-528.3,0,41.0,2120,電圧（作業）,0,0,0,0,0,2026/04/01 21:46:23
翌日,20260401,更新後,北陸フェンス,2026/04/02,04:00,逆方向,-2419.7,-528.3,0,-22.0,-2970,安定度（作業）,0,0,0,0,0,2026/04/01 21:46:23
翌日,20260401,更新後,北陸フェンス,2026/04/02,04:30,順方向,2658.4,-538.4,0,0.0,2120,電圧（作業）,0,0,0,0,0,2026/04/01 21:46:23
翌日,20260401,更新後,北陸フェンス,2026/04/02,04:30,逆方向,-2378.039,-538.4,0,-53.561,-2970,安定度（作業）,0,0,0,0,0,2026/04/01 21:46:23
翌日,20260401,更新後,北陸フェンス,2026/04/02,05:00,順方向,2594.0,-519.0,0,45.0,2120,電圧（作業）,0,0,0,0,0,2026/04/01 21:46:23
翌日,20260401,更新後,北陸フェンス,2026/04/02,05:00,逆方向,-2431.952,-519.0,0,-19.048,-2970,安定度（作業）,0,0,0,0,0,2026/04/01 21:46:23
翌日,20260401,更新後,北陸フェンス,2026/04/02,05:30,順方向,2583.7,-508.7,0,45.0,2120,電圧（作業）,0,0,0,0,0,2026/04/01 21:46:23
翌日,20260401,更新後,北陸フェンス,2026/04/02,05:30,逆方向,-2447.736,-508.7,0,-13.564,-2970,安定度（作業）,0,0,0,0,0,2026/04/01 21:46:23
翌日,20260401,更新後,北陸フェンス,2026/04/02,06:00,順方向,2631.4,-556.4,0,45.0,2120,電圧（作業）,0,0,0,0,0,2026/04/01 21:46:23
翌日,20260401,更新後,北陸フェンス,2026/04/02,06:00,逆方向,-2398.472,-556.4,0,-15.128,-2970,安定度（作業）,0,0,0,0,0,2026/04/01 21:46:23
翌日,20260401,更新後,北陸フェンス,2026/04/02,06:30,順方向,2611.5,-568.5,0,77.0,2120,電圧（作業）,0,0,0,0,0,2026/04/01 21:46:23
翌日,20260401,更新後,北陸フェンス,2026/04/02,06:30,逆方向,-2395.312,-568.5,0,-6.188,-2970,安定度（作業）,0,0,0,0,0,2026/04/01 21:46:23
翌日,20260401,更新後,北陸フェンス,2026/04/02,07:00,順方向,2603.8,-574.8,0,91.0,2120,電圧（作業）,0,0,0,0,0,2026/04/01 21:46:23
翌日,20260401,更新後,北陸フェンス,2026/04/02,07:00,逆方向,-2381.524,-574.8,0,-13.676,-2970,安定度（作業）,0,0,0,0,0,2026/04/01 21:46:23
翌日,20260401,更新後,北陸フェンス,2026/04/02,07:30,順方向,2406.316,-352.6,0,66.284,2120,電圧（作業）,0,0,0,0,0,2026/04/01 21:46:23
翌日,20260401,更新後,北陸フェンス,2026/04/02,07:30,逆方向,-2584.272,-352.6,0,-33.128,-2970,安定度（作業）,0,0,0,0,0,2026/04/01 21:46:23
翌日,20260401,更新後,北陸フェンス,2026/04/02,08:00,順方向,2206.765,-133.4,0,46.635,2120,電圧（作業）,0,0,0,0,0,2026/04/01 21:46:23
翌日,20260401,更新後,北陸フェンス,2026/04/02,08:00,逆方向,-2813.542,-133.4,0,-23.058,-2970,安定度（作業）,0,0,0,0,0,2026/04/01 21:46:23
翌日,20260401,更新後,北陸フェンス,2026/04/02,08:30,順方向,2000.798,-3.0,0,122.202,2120,電圧（作業）,0,0,0,0,0,2026/04/01 21:46:23
翌日,20260401,更新後,北陸フェンス,2026/04/02,08:30,逆方向,-2963.0,-3.0,0,-4.0,-2970,安定度（作業）,0,0,0,0,0,2026/04/01 21:46:23
翌日,20260401,更新後,北陸フェンス,2026/04/02,09:00,順方向,1979.224,-5.5,0,146.276,2120,電圧（作業）,0,0,0,0,0,2026/04/01 21:46:23
翌日,20260401,更新後,北陸フェンス,2026/04/02,09:00,逆方向,-2964.5,-5.5,0,0.0,-2970,安定度（作業）,0,0,0,0,0,2026/04/01 21:46:23
翌日,20260401,更新後,北陸フェンス,2026/04/02,09:30,順方向,2584.091,-77.2,0,213.109,2720,電圧（作業）,0,0,0,0,0,2026/04/01 21:46:23
翌日,20260401,更新後,北陸フェンス,2026/04/02,09:30,逆方向,-3892.8,-77.2,0,0.0,-3970,安定度（作業）,0,0,0,0,0,2026/04/01 21:46:23
翌日,20260401,更新後,北陸フェンス,2026/04/02,10:00,順方向,2554.958,-54.6,0,219.642,2720,電圧（作業）,0,0,0,0,0,2026/04/01 21:46:23
翌日,20260401,更新後,北陸フェンス,2026/04/02,10:00,逆方向,-3915.4,-54.6,0,0.0,-3970,安定度（作業）,0,0,0,0,0,2026/04/01 21:46:23
翌日,20260401,更新後,北陸フェンス,2026/04/02,10:30,順方向,2496.19,0.0,0,223.81,2720,電圧（作業）,0,0,0,0,0,2026/04/01 21:46:23
翌日,20260401,更新後,北陸フェンス,2026/04/02,10:30,逆方向,-3970.0,0.0,0,0.0,-3970,安定度（作業）,0,0,0,0,0,2026/04/01 21:46:23
翌日,20260401,更新後,北陸フェンス,2026/04/02,11:00,順方向,2406.243,156.0,0,157.757,2720,電圧（作業）,0,0,0,0,0,2026/04/01 21:46:23
翌日,20260401,更新後,北陸フェンス,2026/04/02,11:00,逆方向,-4126.0,156.0,0,0.0,-3970,安定度（作業）,0,0,0,0,0,2026/04/01 21:46:23
翌日,20260401,更新後,北陸フェンス,2026/04/02,11:30,順方向,2385.408,147.2,0,187.392,2720,電圧（作業）,0,0,0,0,0,2026/04/01 21:46:23
翌日,20260401,更新後,北陸フェンス,2026/04/02,11:30,逆方向,-4117.2,147.2,0,0.0,-3970,安定度（作業）,0,0,0,0,0,2026/04/01 21:46:23
翌日,20260401,更新後,北陸フェンス,2026/04/02,12:00,順方向,2580.1,139.9,0,0.0,2720,電圧（作業）,0,0,0,0,0,2026/04/01 21:46:23
翌日,20260401,更新後,北陸フェンス,2026/04/02,12:00,逆方向,-4076.873,139.9,0,-33.027,-3970,安定度（作業）,0,0,0,0,0,2026/04/01 21:46:23
翌日,20260401,更新後,北陸フェンス,2026/04/02,12:30,順方向,2589.2,130.8,0,0.0,2720,電圧（作業）,0,0,0,0,0,2026/04/01 21:46:23
翌日,20260401,更新後,北陸フェンス,2026/04/02,12:30,逆方向,-3928.212,130.8,0,-172.588,-3970,安定度（作業）,0,0,0,0,0,2026/04/01 21:46:23
翌日,20260401,更新後,北陸フェンス,2026/04/02,13:00,順方向,2632.2,87.8,0,0.0,2720,電圧（作業）,0,0,0,0,0,2026/04/01 21:46:23
翌日,20260401,更新後,北陸フェンス,2026/04/02,13:00,逆方向,-3827.428,87.8,0,-230.372,-3970,安定度（作業）,0,0,0,0,0,2026/04/01 21:46:23
翌日,20260401,更新後,北陸フェンス,2026/04/02,13:30,順方向,2930.118,-277.9,0,67.782,2720,電圧（作業）,0,0,0,0,0,2026/04/01 21:46:23
翌日,20260401,更新後,北陸フェンス,2026/04/02,13:30,逆方向,-3692.1,-277.9,0,0.0,-3970,安定度（作業）,0,0,0,0,0,2026/04/01 21:46:23
翌日,20260401,更新後,北陸フェンス,2026/04/02,14:00,順方向,2950.707,-283.9,0,53.193,2720,電圧（作業）,0,0,0,0,0,2026/04/01 21:46:23
翌日,20260401,更新後,北陸フェンス,2026/04/02,14:00,逆方向,-3685.1,-283.9,0,-1.0,-3970,安定度（作業）,0,0,0,0,0,2026/04/01 21:46:23
翌日,20260401,更新後,北陸フェンス,2026/04/02,14:30,順方向,2828.0,-108.0,0,0.0,2720,電圧（作業）,0,0,0,0,0,2026/04/01 21:46:23
翌日,20260401,更新後,北陸フェンス,2026/04/02,14:30,逆方向,-3774.798,-108.0,0,-87.202,-3970,安定度（作業）,0,0,0,0,0,2026/04/01 21:46:23
翌日,20260401,更新後,北陸フェンス,2026/04/02,15:00,順方向,2856.802,-263.1,0,126.298,2720,電圧（作業）,0,0,0,0,0,2026/04/01 21:46:23
翌日,20260401,更新後,北陸フェンス,2026/04/02,15:00,逆方向,-3705.9,-263.1,0,-1.0,-3970,安定度（作業）,0,0,0,0,0,2026/04/01 21:46:23
翌日,20260401,更新後,北陸フェンス,2026/04/02,15:30,順方向,2851.6,-284.6,0,153.0,2720,電圧（作業）,0,0,0,0,0,2026/04/01 21:46:23
翌日,20260401,更新後,北陸フェンス,2026/04/02,15:30,逆方向,-3623.4,-284.6,0,-62.0,-3970,安定度（作業）,0,0,0,0,0,2026/04/01 21:46:23
翌日,20260401,更新後,北陸フェンス,2026/04/02,16:00,順方向,2883.71,-261.1,0,97.39,2720,電圧（作業）,0,0,0,0,0,2026/04/01 21:46:23
翌日,20260401,更新後,北陸フェンス,2026/04/02,16:00,逆方向,-3697.9,-261.1,0,-11.0,-3970,安定度（作業）,0,0,0,0,0,2026/04/01 21:46:23
翌日,20260401,更新後,北陸フェンス,2026/04/02,16:30,順方向,2848.734,-275.0,0,146.266,2720,電圧（作業）,0,0,0,0,0,2026/04/01 21:46:23
翌日,20260401,更新後,北陸フェンス,2026/04/02,16:30,逆方向,-3686.316,-275.0,0,-8.684,-3970,安定度（作業）,0,0,0,0,0,2026/04/01 21:46:23
翌日,20260401,更新後,北陸フェンス,2026/04/02,17:00,順方向,2847.6,-240.6,0,113.0,2720,電圧（作業）,0,0,0,0,0,2026/04/01 21:46:23
翌日,20260401,更新後,北陸フェンス,2026/04/02,17:00,逆方向,-3695.978,-240.6,0,-33.422,-3970,安定度（作業）,0,0,0,0,0,2026/04/01 21:46:23
翌日,20260401,更新後,北陸フェンス,2026/04/02,17:30,順方向,3271.3,-578.3,0,27.0,2720,電圧（作業）,0,0,0,0,0,2026/04/01 21:46:23
翌日,20260401,更新後,北陸フェンス,2026/04/02,17:30,逆方向,-3385.34,-578.3,0,-6.36,-3970,安定度（作業）,0,0,0,0,0,2026/04/01 21:46:23
翌日,20260401,更新後,北陸フェンス,2026/04/02,18:00,順方向,3179.024,-487.3,0,28.276,2720,電圧（作業）,0,0,0,0,0,2026/04/01 21:46:23
翌日,20260401,更新後,北陸フェンス,2026/04/02,18:00,逆方向,-3482.7,-487.3,0,0.0,-3970,安定度（作業）,0,0,0,0,0,2026/04/01 21:46:23
翌日,20260401,更新後,北陸フェンス,2026/04/02,18:30,順方向,3096.6,-380.6,0,4.0,2720,電圧（作業）,0,0,0,0,0,2026/04/01 21:46:23
翌日,20260401,更新後,北陸フェンス,2026/04/02,18:30,逆方向,-3589.4,-380.6,0,0.0,-3970,安定度（作業）,0,0,0,0,0,2026/04/01 21:46:23
翌日,20260401,更新後,北陸フェンス,2026/04/02,19:00,順方向,3069.23,-361.4,0,12.17,2720,電圧（作業）,0,0,0,0,0,2026/04/01 21:46:23
翌日,20260401,更新後,北陸フェンス,2026/04/02,19:00,逆方向,-3608.6,-361.4,0,0.0,-3970,安定度（作業）,0,0,0,0,0,2026/04/01 21:46:23
翌日,20260401,更新後,北陸フェンス,2026/04/02,19:30,順方向,3040.372,-359.1,0,38.728,2720,電圧（作業）,0,0,0,0,0,2026/04/01 21:46:23
翌日,20260401,更新後,北陸フェンス,2026/04/02,19:30,逆方向,-3610.9,-359.1,0,0.0,-3970,安定度（作業）,0,0,0,0,0,2026/04/01 21:46:23
翌日,20260401,更新後,北陸フェンス,2026/04/02,20:00,順方向,3112.4,-396.4,0,4.0,2720,電圧（作業）,0,0,0,0,0,2026/04/01 21:46:23
翌日,20260401,更新後,北陸フェンス,2026/04/02,20:00,逆方向,-3567.988,-396.4,0,-5.612,-3970,安定度（作業）,0,0,0,0,0,2026/04/01 21:46:23
翌日,20260401,更新後,北陸フェンス,2026/04/02,20:30,順方向,3110.3,-390.3,0,0.0,2720,電圧（作業）,0,0,0,0,0,2026/04/01 21:46:23
翌日,20260401,更新後,北陸フェンス,2026/04/02,20:30,逆方向,-3579.7,-390.3,0,0.0,-3970,安定度（作業）,0,0,0,0,0,2026/04/01 21:46:23
翌日,20260401,更新後,北陸フェンス,2026/04/02,21:00,順方向,3138.1,-418.1,0,0.0,2720,電圧（作業）,0,0,0,0,0,2026/04/01 21:46:23
翌日,20260401,更新後,北陸フェンス,2026/04/02,21:00,逆方向,-3546.61,-418.1,0,-5.29,-3970,安定度（作業）,0,0,0,0,0,2026/04/01 21:46:23
翌日,20260401,更新後,北陸フェンス,2026/04/02,21:30,順方向,3134.7,-414.7,0,0.0,2720,電圧（作業）,0,0,0,0,0,2026/04/01 21:46:23
翌日,20260401,更新後,北陸フェンス,2026/04/02,21:30,逆方向,-3550.462,-414.7,0,-4.838,-3970,安定度（作業）,0,0,0,0,0,2026/04/01 21:46:23
翌日,20260401,更新後,北陸フェンス,2026/04/02,22:00,順方向,3126.0,-410.0,0,4.0,2720,電圧（作業）,0,0,0,0,0,2026/04/01 21:46:23
翌日,20260401,更新後,北陸フェンス,2026/04/02,22:00,逆方向,-3535.136,-410.0,0,-24.864,-3970,安定度（作業）,0,0,0,0,0,2026/04/01 21:46:23
翌日,20260401,更新後,北陸フェンス,2026/04/02,22:30,順方向,2857.954,-258.1,0,10.146,2610,熱容量（作業）,0,0,0,0,0,2026/04/01 21:46:23
翌日,20260401,更新後,北陸フェンス,2026/04/02,22:30,逆方向,-3683.614,-258.1,0,-28.286,-3970,安定度（作業）,0,0,0,0,0,2026/04/01 21:46:23
翌日,20260401,更新後,北陸フェンス,2026/04/02,23:00,順方向,2918.5,-308.5,0,0.0,2610,熱容量（作業）,0,0,0,0,0,2026/04/01 21:46:23
翌日,20260401,更新後,北陸フェンス,2026/04/02,23:00,逆方向,-3569.632,-308.5,0,-91.868,-3970,安定度（作業）,0,0,0,0,0,2026/04/01 21:46:23
翌日,20260401,更新後,北陸フェンス,2026/04/02,23:30,順方向,2876.815,-278.4,0,11.585,2610,熱容量（作業）,0,0,0,0,0,2026/04/01 21:46:23
翌日,20260401,更新後,北陸フェンス,2026/04/02,23:30,逆方向,-3565.366,-278.4,0,-126.234,-3970,安定度（作業）,0,0,0,0,0,2026/04/01 21:46:23
翌日,20260401,更新後,北陸フェンス,2026/04/02,24:00,順方向,2955.5,-345.5,0,0.0,2610,熱容量（作業）,0,0,0,0,0,2026/04/01 21:46:23
翌日,20260401,更新後,北陸フェンス,2026/04/02,24:00,逆方向,-3521.326,-345.5,0,-103.174,-3970,安定度（作業）,0,0,0,0,0,2026/04/01 21:46:23
翌日,20260401,更新後,関西フェンス,2026/04/02,00:30,順方向,3474.84,-2165.7,0,680.86,1990,安定度（作業）,0,0,0,0,0,2026/04/01 21:46:23
翌日,20260401,更新後,関西フェンス,2026/04/02,00:30,逆方向,-664.3,-2165.7,0,0.0,-2830,電圧（作業）,0,0,0,0,0,2026/04/01 21:46:23
翌日,20260401,更新後,関西フェンス,2026/04/02,01:00,順方向,3428.601,-2340.9,0,902.299,1990,安定度（作業）,0,0,0,0,0,2026/04/01 21:46:23
翌日,20260401,更新後,関西フェンス,2026/04/02,01:00,逆方向,-489.1,-2340.9,0,0.0,-2830,電圧（作業）,0,0,0,0,0,2026/04/01 21:46:23
翌日,20260401,更新後,関西フェンス,2026/04/02,01:30,順方向,3404.718,-2290.2,0,875.482,1990,安定度（作業）,0,0,0,0,0,2026/04/01 21:46:23
翌日,20260401,更新後,関西フェンス,2026/04/02,01:30,逆方向,-539.8,-2290.2,0,0.0,-2830,電圧（作業）,0,0,0,0,0,2026/04/01 21:46:23
翌日,20260401,更新後,関西フェンス,2026/04/02,02:00,順方向,3255.698,-2145.2,0,879.502,1990,安定度（作業）,0,0,0,0,0,2026/04/01 21:46:23
翌日,20260401,更新後,関西フェンス,2026/04/02,02:00,逆方向,-684.8,-2145.2,0,0.0,-2830,電圧（作業）,0,0,0,0,0,2026/04/01 21:46:23
翌日,20260401,更新後,関西フェンス,2026/04/02,02:30,順方向,3233.634,-2095.6,0,851.966,1990,安定度（作業）,0,0,0,0,0,2026/04/01 21:46:23
翌日,20260401,更新後,関西フェンス,2026/04/02,02:30,逆方向,-734.4,-2095.6,0,0.0,-2830,電圧（作業）,0,0,0,0,0,2026/04/01 21:46:23
翌日,20260401,更新後,関西フェンス,2026/04/02,03:00,順方向,3396.933,-2252.9,0,845.967,1990,安定度（作業）,0,0,0,0,0,2026/04/01 21:46:23
翌日,20260401,更新後,関西フェンス,2026/04/02,03:00,逆方向,-577.1,-2252.9,0,0.0,-2830,電圧（作業）,0,0,0,0,0,2026/04/01 21:46:23
翌日,20260401,更新後,関西フェンス,2026/04/02,03:30,順方向,3435.913,-2258.9,0,812.987,1990,安定度（作業）,0,0,0,0,0,2026/04/01 21:46:23
翌日,20260401,更新後,関西フェンス,2026/04/02,03:30,逆方向,-571.1,-2258.9,0,0.0,-2830,電圧（作業）,0,0,0,0,0,2026/04/01 21:46:23
翌日,20260401,更新後,関西フェンス,2026/04/02,04:00,順方向,3585.469,-2301.7,0,706.231,1990,安定度（作業）,0,0,0,0,0,2026/04/01 21:46:23
翌日,20260401,更新後,関西フェンス,2026/04/02,04:00,逆方向,-528.3,-2301.7,0,0.0,-2830,電圧（作業）,0,0,0,0,0,2026/04/01 21:46:23
翌日,20260401,更新後,関西フェンス,2026/04/02,04:30,順方向,3648.912,-2291.6,0,632.688,1990,安定度（作業）,0,0,0,0,0,2026/04/01 21:46:23
翌日,20260401,更新後,関西フェンス,2026/04/02,04:30,逆方向,-538.4,-2291.6,0,0.0,-2830,電圧（作業）,0,0,0,0,0,2026/04/01 21:46:23
翌日,20260401,更新後,関西フェンス,2026/04/02,05:00,順方向,3384.887,-2311.0,0,916.113,1990,安定度（作業）,0,0,0,0,0,2026/04/01 21:46:23
翌日,20260401,更新後,関西フェンス,2026/04/02,05:00,逆方向,-519.0,-2311.0,0,0.0,-2830,電圧（作業）,0,0,0,0,0,2026/04/01 21:46:23
翌日,20260401,更新後,関西フェンス,2026/04/02,05:30,順方向,3403.438,-2321.3,0,907.862,1990,安定度（作業）,0,0,0,0,0,2026/04/01 21:46:23
翌日,20260401,更新後,関西フェンス,2026/04/02,05:30,逆方向,-508.7,-2321.3,0,0.0,-2830,電圧（作業）,0,0,0,0,0,2026/04/01 21:46:23
翌日,20260401,更新後,関西フェンス,2026/04/02,06:00,順方向,3513.589,-2273.6,0,750.011,1990,安定度（作業）,0,0,0,0,0,2026/04/01 21:46:23
翌日,20260401,更新後,関西フェンス,2026/04/02,06:00,逆方向,-556.4,-2273.6,0,0.0,-2830,電圧（作業）,0,0,0,0,0,2026/04/01 21:46:23
翌日,20260401,更新後,関西フェンス,2026/04/02,06:30,順方向,3441.607,-2261.5,0,809.893,1990,安定度（作業）,0,0,0,0,0,2026/04/01 21:46:23
翌日,20260401,更新後,関西フェンス,2026/04/02,06:30,逆方向,-568.5,-2261.5,0,0.0,-2830,電圧（作業）,0,0,0,0,0,2026/04/01 21:46:23
翌日,20260401,更新後,関西フェンス,2026/04/02,07:00,順方向,3442.93,-2255.2,0,802.27,1990,安定度（作業）,0,0,0,0,0,2026/04/01 21:46:23
翌日,20260401,更新後,関西フェンス,2026/04/02,07:00,逆方向,-574.8,-2255.2,0,0.0,-2830,電圧（作業）,0,0,0,0,0,2026/04/01 21:46:23
翌日,20260401,更新後,関西フェンス,2026/04/02,07:30,順方向,3396.682,-2477.4,0,1070.718,1990,安定度（作業）,0,0,0,0,0,2026/04/01 21:46:23
翌日,20260401,更新後,関西フェンス,2026/04/02,07:30,逆方向,-352.6,-2477.4,0,0.0,-2830,電圧（作業）,0,0,0,0,0,2026/04/01 21:46:23
翌日,20260401,更新後,関西フェンス,2026/04/02,08:00,順方向,3496.136,-2696.6,0,1190.464,1990,安定度（作業）,0,0,0,0,0,2026/04/01 21:46:23
翌日,20260401,更新後,関西フェンス,2026/04/02,08:00,逆方向,-133.4,-2696.6,0,0.0,-2830,電圧（作業）,0,0,0,0,0,2026/04/01 21:46:23
翌日,20260401,更新後,関西フェンス,2026/04/02,08:30,順方向,3886.172,-2827.0,0,1070.828,2130,安定度（作業）,0,0,0,0,0,2026/04/01 21:46:23
翌日,20260401,更新後,関西フェンス,2026/04/02,08:30,逆方向,-3.0,-2827.0,0,0.0,-2830,電圧（作業）,0,0,0,0,0,2026/04/01 21:46:23
翌日,20260401,更新後,関西フェンス,2026/04/02,09:00,順方向,3643.774,-2824.5,0,1310.726,2130,安定度（作業）,0,0,0,0,0,2026/04/01 21:46:23
翌日,20260401,更新後,関西フェンス,2026/04/02,09:00,逆方向,-5.5,-2824.5,0,0.0,-2830,電圧（作業）,0,0,0,0,0,2026/04/01 21:46:23
翌日,20260401,更新後,関西フェンス,2026/04/02,09:30,順方向,5232.417,-3402.6,0,800.183,2630,安定度（作業）,0,0,0,0,0,2026/04/01 21:46:23
翌日,20260401,更新後,関西フェンス,2026/04/02,09:30,逆方向,-127.4,-3402.6,0,0.0,-3530,電圧（作業）,0,0,0,0,0,2026/04/01 21:46:23
翌日,20260401,更新後,関西フェンス,2026/04/02,10:00,順方向,5437.36,-3421.1,0,613.74,2630,安定度（作業）,0,0,0,0,0,2026/04/01 21:46:23
翌日,20260401,更新後,関西フェンス,2026/04/02,10:00,逆方向,-108.9,-3421.1,0,0.0,-3530,電圧（作業）,0,0,0,0,0,2026/04/01 21:46:23
翌日,20260401,更新後,関西フェンス,2026/04/02,10:30,順方向,5682.518,-3468.7,0,416.182,2630,安定度（作業）,0,0,0,0,0,2026/04/01 21:46:23
翌日,20260401,更新後,関西フェンス,2026/04/02,10:30,逆方向,-61.3,-3468.7,0,0.0,-3530,電圧（作業）,0,0,0,0,0,2026/04/01 21:46:23
翌日,20260401,更新後,関西フェンス,2026/04/02,11:00,順方向,5121.128,-3360.3,0,869.172,2630,安定度（作業）,0,0,0,0,0,2026/04/01 21:46:23
翌日,20260401,更新後,関西フェンス,2026/04/02,11:00,逆方向,-169.7,-3360.3,0,0.0,-3530,電圧（作業）,0,0,0,0,0,2026/04/01 21:46:23
翌日,20260401,更新後,関西フェンス,2026/04/02,11:30,順方向,5018.911,-3180.8,0,791.889,2630,安定度（作業）,0,0,0,0,0,2026/04/01 21:46:23
翌日,20260401,更新後,関西フェンス,2026/04/02,11:30,逆方向,-349.2,-3180.8,0,0.0,-3530,電圧（作業）,0,0,0,0,0,2026/04/01 21:46:23
翌日,20260401,更新後,関西フェンス,2026/04/02,12:00,順方向,4634.581,-2941.1,0,936.519,2630,安定度（作業）,0,0,0,0,0,2026/04/01 21:46:23
翌日,20260401,更新後,関西フェンス,2026/04/02,12:00,逆方向,-588.9,-2941.1,0,0.0,-3530,電圧（作業）,0,0,0,0,0,2026/04/01 21:46:23
翌日,20260401,更新後,関西フェンス,2026/04/02,12:30,順方向,3990.947,-2343.1,0,982.153,2630,安定度（作業）,0,0,0,0,0,2026/04/01 21:46:23
翌日,20260401,更新後,関西フェンス,2026/04/02,12:30,逆方向,-1186.9,-2343.1,0,0.0,-3530,電圧（作業）,0,0,0,0,0,2026/04/01 21:46:23
翌日,20260401,更新後,関西フェンス,2026/04/02,13:00,順方向,3701.658,-2024.4,0,952.742,2630,安定度（作業）,0,0,0,0,0,2026/04/01 21:46:23
翌日,20260401,更新後,関西フェンス,2026/04/02,13:00,逆方向,-1480.913,-2024.4,0,-24.687,-3530,電圧（作業）,0,0,0,0,0,2026/04/01 21:46:23
翌日,20260401,更新後,関西フェンス,2026/04/02,13:30,順方向,3525.321,-1952.4,0,1057.079,2630,安定度（作業）,0,0,0,0,0,2026/04/01 21:46:23
翌日,20260401,更新後,関西フェンス,2026/04/02,13:30,逆方向,-1334.542,-1952.4,0,-243.058,-3530,電圧（作業）,0,0,0,0,0,2026/04/01 21:46:23
翌日,20260401,更新後,関西フェンス,2026/04/02,14:00,順方向,4062.501,-2414.7,0,982.199,2630,安定度（作業）,0,0,0,0,0,2026/04/01 21:46:23
翌日,20260401,更新後,関西フェンス,2026/04/02,14:00,逆方向,-1087.217,-2414.7,0,-28.083,-3530,電圧（作業）,0,0,0,0,0,2026/04/01 21:46:23
翌日,20260401,更新後,関西フェンス,2026/04/02,14:30,順方向,4576.678,-2989.2,0,1042.522,2630,安定度（作業）,0,0,0,0,0,2026/04/01 21:46:23
翌日,20260401,更新後,関西フェンス,2026/04/02,14:30,逆方向,-540.8,-2989.2,0,0.0,-3530,電圧（作業）,0,0,0,0,0,2026/04/01 21:46:23
翌日,20260401,更新後,関西フェンス,2026/04/02,15:00,順方向,4627.506,-2733.2,0,735.694,2630,安定度（作業）,0,0,0,0,0,2026/04/01 21:46:23
翌日,20260401,更新後,関西フェンス,2026/04/02,15:00,逆方向,-796.8,-2733.2,0,0.0,-3530,電圧（作業）,0,0,0,0,0,2026/04/01 21:46:23
翌日,20260401,更新後,関西フェンス,2026/04/02,15:30,順方向,4962.136,-3169.5,0,837.364,2630,安定度（作業）,0,0,0,0,0,2026/04/01 21:46:23
翌日,20260401,更新後,関西フェンス,2026/04/02,15:30,逆方向,-360.5,-3169.5,0,0.0,-3530,電圧（作業）,0,0,0,0,0,2026/04/01 21:46:23
翌日,20260401,更新後,関西フェンス,2026/04/02,16:00,順方向,5159.55,-3230.2,0,700.65,2630,安定度（作業）,0,0,0,0,0,2026/04/01 21:46:23
翌日,20260401,更新後,関西フェンス,2026/04/02,16:00,逆方向,-299.8,-3230.2,0,0.0,-3530,電圧（作業）,0,0,0,0,0,2026/04/01 21:46:23
翌日,20260401,更新後,関西フェンス,2026/04/02,16:30,順方向,5270.58,-3187.7,0,547.12,2630,安定度（作業）,0,0,0,0,0,2026/04/01 21:46:23
翌日,20260401,更新後,関西フェンス,2026/04/02,16:30,逆方向,-342.3,-3187.7,0,0.0,-3530,電圧（作業）,0,0,0,0,0,2026/04/01 21:46:23
翌日,20260401,更新後,関西フェンス,2026/04/02,17:00,順方向,4777.327,-3289.4,0,1142.073,2630,安定度（作業）,0,0,0,0,0,2026/04/01 21:46:23
翌日,20260401,更新後,関西フェンス,2026/04/02,17:00,逆方向,-240.6,-3289.4,0,0.0,-3530,電圧（作業）,0,0,0,0,0,2026/04/01 21:46:23
翌日,20260401,更新後,関西フェンス,2026/04/02,17:30,順方向,5196.444,-2929.1,0,362.656,2630,安定度（作業）,0,0,0,0,0,2026/04/01 21:46:23
翌日,20260401,更新後,関西フェンス,2026/04/02,17:30,逆方向,-600.9,-2929.1,0,0.0,-3530,電圧（作業）,0,0,0,0,0,2026/04/01 21:46:23
翌日,20260401,更新後,関西フェンス,2026/04/02,18:00,順方向,5195.392,-3042.7,0,477.308,2630,安定度（作業）,0,0,0,0,0,2026/04/01 21:46:23
翌日,20260401,更新後,関西フェンス,2026/04/02,18:00,逆方向,-487.3,-3042.7,0,0.0,-3530,電圧（作業）,0,0,0,0,0,2026/04/01 21:46:23
翌日,20260401,更新後,関西フェンス,2026/04/02,18:30,順方向,5188.246,-3149.4,0,591.154,2630,安定度（作業）,0,0,0,0,0,2026/04/01 21:46:23
翌日,20260401,更新後,関西フェンス,2026/04/02,18:30,逆方向,-380.6,-3149.4,0,0.0,-3530,電圧（作業）,0,0,0,0,0,2026/04/01 21:46:23
翌日,20260401,更新後,関西フェンス,2026/04/02,19:00,順方向,5325.44,-3168.6,0,473.16,2630,安定度（作業）,0,0,0,0,0,2026/04/01 21:46:23
翌日,20260401,更新後,関西フェンス,2026/04/02,19:00,逆方向,-361.4,-3168.6,0,0.0,-3530,電圧（作業）,0,0,0,0,0,2026/04/01 21:46:23
翌日,20260401,更新後,関西フェンス,2026/04/02,19:30,順方向,5272.872,-3170.9,0,528.028,2630,安定度（作業）,0,0,0,0,0,2026/04/01 21:46:23
翌日,20260401,更新後,関西フェンス,2026/04/02,19:30,逆方向,-359.1,-3170.9,0,0.0,-3530,電圧（作業）,0,0,0,0,0,2026/04/01 21:46:23
翌日,20260401,更新後,関西フェンス,2026/04/02,20:00,順方向,5465.327,-3133.6,0,298.273,2630,安定度（作業）,0,0,0,0,0,2026/04/01 21:46:23
翌日,20260401,更新後,関西フェンス,2026/04/02,20:00,逆方向,-396.4,-3133.6,0,0.0,-3530,電圧（作業）,0,0,0,0,0,2026/04/01 21:46:23
翌日,20260401,更新後,関西フェンス,2026/04/02,20:30,順方向,5485.877,-3139.7,0,283.823,2630,安定度（作業）,0,0,0,0,0,2026/04/01 21:46:23
翌日,20260401,更新後,関西フェンス,2026/04/02,20:30,逆方向,-390.3,-3139.7,0,0.0,-3530,電圧（作業）,0,0,0,0,0,2026/04/01 21:46:23
翌日,20260401,更新後,関西フェンス,2026/04/02,21:00,順方向,5393.9,-3111.9,0,348.0,2630,安定度（作業）,0,0,0,0,0,2026/04/01 21:46:23
翌日,20260401,更新後,関西フェンス,2026/04/02,21:00,逆方向,-418.1,-3111.9,0,0.0,-3530,電圧（作業）,0,0,0,0,0,2026/04/01 21:46:23
翌日,20260401,更新後,関西フェンス,2026/04/02,21:30,順方向,5472.066,-3115.3,0,273.234,2630,安定度（作業）,0,0,0,0,0,2026/04/01 21:46:23
翌日,20260401,更新後,関西フェンス,2026/04/02,21:30,逆方向,-414.7,-3115.3,0,0.0,-3530,電圧（作業）,0,0,0,0,0,2026/04/01 21:46:23
翌日,20260401,更新後,関西フェンス,2026/04/02,22:00,順方向,5352.415,-3120.0,0,397.585,2630,安定度（作業）,0,0,0,0,0,2026/04/01 21:46:23
翌日,20260401,更新後,関西フェンス,2026/04/02,22:00,逆方向,-410.0,-3120.0,0,0.0,-3530,電圧（作業）,0,0,0,0,0,2026/04/01 21:46:23
翌日,20260401,更新後,関西フェンス,2026/04/02,22:30,順方向,4903.561,-3271.9,0,558.339,2190,安定度（作業）,0,0,0,0,0,2026/04/01 21:46:23
翌日,20260401,更新後,関西フェンス,2026/04/02,22:30,逆方向,-258.1,-3271.9,0,0.0,-3530,電圧（作業）,0,0,0,0,0,2026/04/01 21:46:23
翌日,20260401,更新後,関西フェンス,2026/04/02,23:00,順方向,5088.475,-3221.5,0,323.025,2190,安定度（作業）,0,0,0,0,0,2026/04/01 21:46:23
翌日,20260401,更新後,関西フェンス,2026/04/02,23:00,逆方向,-308.5,-3221.5,0,0.0,-3530,電圧（作業）,0,0,0,0,0,2026/04/01 21:46:23
翌日,20260401,更新後,関西フェンス,2026/04/02,23:30,順方向,5143.789,-3251.6,0,297.811,2190,安定度（作業）,0,0,0,0,0,2026/04/01 21:46:23
翌日,20260401,更新後,関西フェンス,2026/04/02,23:30,逆方向,-278.4,-3251.6,0,0.0,-3530,電圧（作業）,0,0,0,0,0,2026/04/01 21:46:23
翌日,20260401,更新後,関西フェンス,2026/04/02,24:00,順方向,5088.84,-3184.5,0,285.66,2190,安定度（作業）,0,0,0,0,0,2026/04/01 21:46:23
翌日,20260401,更新後,関西フェンス,2026/04/02,24:00,逆方向,-345.5,-3184.5,0,0.0,-3530,電圧（作業）,0,0,0,0,0,2026/04/01 21:46:23
翌日,20260401,更新後,関西-中国（東）,2026/04/02,00:30,順方向,6736.475,-2440.458,0,303.983,4600,電圧,0,0,0,0,0,2026/04/01 21:46:23
翌日,20260401,更新後,関西-中国（東）,2026/04/02,00:30,逆方向,-2059.542,-2440.458,0,0.0,-4500,電圧,0,0,0,0,0,2026/04/01 21:46:23
翌日,20260401,更新後,関西-中国（東）,2026/04/02,01:00,順方向,6406.103,-2210.36,0,404.257,4600,電圧,0,0,0,0,0,2026/04/01 21:46:23
翌日,20260401,更新後,関西-中国（東）,2026/04/02,01:00,逆方向,-2289.64,-2210.36,0,0.0,-4500,電圧,0,0,0,0,0,2026/04/01 21:46:23
翌日,20260401,更新後,関西-中国（東）,2026/04/02,01:30,順方向,6268.741,-2052.59,0,383.849,4600,電圧,0,0,0,0,0,2026/04/01 21:46:23
翌日,20260401,更新後,関西-中国（東）,2026/04/02,01:30,逆方向,-2447.352,-2052.648,0,0.0,-4500,電圧,0,0,0,0,0,2026/04/01 21:46:23
翌日,20260401,更新後,関西-中国（東）,2026/04/02,02:00,順方向,6355.618,-2135.934,0,380.316,4600,電圧,0,0,0,0,0,2026/04/01 21:46:23
翌日,20260401,更新後,関西-中国（東）,2026/04/02,02:00,逆方向,-2364.066,-2135.934,0,0.0,-4500,電圧,0,0,0,0,0,2026/04/01 21:46:23
翌日,20260401,更新後,関西-中国（東）,2026/04/02,02:30,順方向,6487.122,-2251.184,0,364.062,4600,電圧,0,0,0,0,0,2026/04/01 21:46:23
翌日,20260401,更新後,関西-中国（東）,2026/04/02,02:30,逆方向,-2248.756,-2251.244,0,0.0,-4500,電圧,0,0,0,0,0,2026/04/01 21:46:23
翌日,20260401,更新後,関西-中国（東）,2026/04/02,03:00,順方向,6908.347,-2670.414,0,362.067,4600,電圧,0,0,0,0,0,2026/04/01 21:46:23
翌日,20260401,更新後,関西-中国（東）,2026/04/02,03:00,逆方向,-1829.586,-2670.414,0,0.0,-4500,電圧,0,0,0,0,0,2026/04/01 21:46:23
翌日,20260401,更新後,関西-中国（東）,2026/04/02,03:30,順方向,6858.408,-2566.25,0,307.842,4600,電圧,0,0,0,0,0,2026/04/01 21:46:23
翌日,20260401,更新後,関西-中国（東）,2026/04/02,03:30,逆方向,-1933.75,-2566.25,0,0.0,-4500,電圧,0,0,0,0,0,2026/04/01 21:46:23
翌日,20260401,更新後,関西-中国（東）,2026/04/02,04:00,順方向,7052.802,-2652.204,0,199.402,4600,電圧,0,0,0,0,0,2026/04/01 21:46:23
翌日,20260401,更新後,関西-中国（東）,2026/04/02,04:00,逆方向,-1847.796,-2652.204,0,0.0,-4500,電圧,0,0,0,0,0,2026/04/01 21:46:23
翌日,20260401,更新後,関西-中国（東）,2026/04/02,04:30,順方向,7176.49,-2739.028,0,162.538,4600,電圧,0,0,0,0,0,2026/04/01 21:46:23
翌日,20260401,更新後,関西-中国（東）,2026/04/02,04:30,逆方向,-1714.397,-2739.028,0,-46.575,-4500,電圧,0,0,0,0,0,2026/04/01 21:46:23
翌日,20260401,更新後,関西-中国（東）,2026/04/02,05:00,順方向,6868.444,-2676.846,0,408.402,4600,電圧,0,0,0,0,0,2026/04/01 21:46:23
翌日,20260401,更新後,関西-中国（東）,2026/04/02,05:00,逆方向,-1823.154,-2676.846,0,0.0,-4500,電圧,0,0,0,0,0,2026/04/01 21:46:23
翌日,20260401,更新後,関西-中国（東）,2026/04/02,05:30,順方向,6915.234,-2719.4,0,404.166,4600,電圧,0,0,0,0,0,2026/04/01 21:46:23
翌日,20260401,更新後,関西-中国（東）,2026/04/02,05:30,逆方向,-1780.6,-2719.4,0,0.0,-4500,電圧,0,0,0,0,0,2026/04/01 21:46:23
翌日,20260401,更新後,関西-中国（東）,2026/04/02,06:00,順方向,6931.13,-2577.028,0,245.898,4600,電圧,0,0,0,0,0,2026/04/01 21:46:23
翌日,20260401,更新後,関西-中国（東）,2026/04/02,06:00,逆方向,-1922.972,-2577.028,0,0.0,-4500,電圧,0,0,0,0,0,2026/04/01 21:46:23
翌日,20260401,更新後,関西-中国（東）,2026/04/02,06:30,順方向,6740.033,-2542.084,0,402.051,4600,電圧,0,0,0,0,0,2026/04/01 21:46:23
翌日,20260401,更新後,関西-中国（東）,2026/04/02,06:30,逆方向,-1918.768,-2542.084,0,-39.148,-4500,電圧,0,0,0,0,0,2026/04/01 21:46:23
翌日,20260401,更新後,関西-中国（東）,2026/04/02,07:00,順方向,6779.552,-2549.492,0,369.94,4600,電圧,0,0,0,0,0,2026/04/01 21:46:23
翌日,20260401,更新後,関西-中国（東）,2026/04/02,07:00,逆方向,-1910.113,-2549.492,0,-40.395,-4500,電圧,0,0,0,0,0,2026/04/01 21:46:23
翌日,20260401,更新後,関西-中国（東）,2026/04/02,07:30,順方向,7259.571,-3217.738,0,558.167,4600,電圧,0,0,0,0,0,2026/04/01 21:46:23
翌日,20260401,更新後,関西-中国（東）,2026/04/02,07:30,逆方向,-1282.262,-3217.738,0,0.0,-4500,電圧,0,0,0,0,0,2026/04/01 21:46:23
翌日,20260401,更新後,関西-中国（東）,2026/04/02,08:00,順方向,7242.692,-3390.028,0,747.336,4600,電圧,0,0,0,0,0,2026/04/01 21:46:23
翌日,20260401,更新後,関西-中国（東）,2026/04/02,08:00,逆方向,-1109.972,-3390.028,0,0.0,-4500,電圧,0,0,0,0,0,2026/04/01 21:46:23
翌日,20260401,更新後,関西-中国（東）,2026/04/02,08:30,順方向,7850.54,-3893.368,0,642.828,4600,電圧,0,0,0,0,0,2026/04/01 21:46:23
翌日,20260401,更新後,関西-中国（東）,2026/04/02,08:30,逆方向,-606.572,-3893.428,0,0.0,-4500,電圧,0,0,0,0,0,2026/04/01 21:46:23
翌日,20260401,更新後,関西-中国（東）,2026/04/02,09:00,順方向,7812.904,-3980.63,0,767.726,4600,電圧,0,0,0,0,0,2026/04/01 21:46:23
翌日,20260401,更新後,関西-中国（東）,2026/04/02,09:00,逆方向,-519.37,-3980.63,0,0.0,-4500,電圧,0,0,0,0,0,2026/04/01 21:46:23
翌日,20260401,更新後,関西-中国（東）,2026/04/02,09:30,順方向,8529.086,-4499.962,0,570.876,4600,電圧,0,0,0,0,0,2026/04/01 21:46:23
翌日,20260401,更新後,関西-中国（東）,2026/04/02,09:30,逆方向,-0.038,-4499.962,0,0.0,-4500,電圧,0,0,0,0,0,2026/04/01 21:46:23
翌日,20260401,更新後,関西-中国（東）,2026/04/02,10:00,順方向,8524.688,-4499.94,0,575.252,4600,電圧,0,0,0,0,0,2026/04/01 21:46:23
翌日,20260401,更新後,関西-中国（東）,2026/04/02,10:00,逆方向,0.0,-4500.0,0,0.0,-4500,電圧,0,0,0,0,0,2026/04/01 21:46:23
翌日,20260401,更新後,関西-中国（東）,2026/04/02,10:30,順方向,8324.184,-4162.784,0,438.6,4600,電圧,0,0,0,0,0,2026/04/01 21:46:23
翌日,20260401,更新後,関西-中国（東）,2026/04/02,10:30,逆方向,-337.216,-4162.784,0,0.0,-4500,電圧,0,0,0,0,0,2026/04/01 21:46:23
翌日,20260401,更新後,関西-中国（東）,2026/04/02,11:00,順方向,8306.11,-4257.598,0,551.488,4600,電圧,0,0,0,0,0,2026/04/01 21:46:23
翌日,20260401,更新後,関西-中国（東）,2026/04/02,11:00,逆方向,-242.342,-4257.658,0,0.0,-4500,電圧,0,0,0,0,0,2026/04/01 21:46:23
翌日,20260401,更新後,関西-中国（東）,2026/04/02,11:30,順方向,8375.066,-4319.976,0,544.91,4600,電圧,0,0,0,0,0,2026/04/01 21:46:23
翌日,20260401,更新後,関西-中国（東）,2026/04/02,11:30,逆方向,-180.024,-4319.976,0,0.0,-4500,電圧,0,0,0,0,0,2026/04/01 21:46:23
翌日,20260401,更新後,関西-中国（東）,2026/04/02,12:00,順方向,8220.606,-4133.654,0,513.048,4600,電圧,0,0,0,0,0,2026/04/01 21:46:23
翌日,20260401,更新後,関西-中国（東）,2026/04/02,12:00,逆方向,-366.286,-4133.714,0,0.0,-4500,電圧,0,0,0,0,0,2026/04/01 21:46:23
翌日,20260401,更新後,関西-中国（東）,2026/04/02,12:30,順方向,7940.019,-4002.424,0,662.405,4600,電圧,0,0,0,0,0,2026/04/01 21:46:23
翌日,20260401,更新後,関西-中国（東）,2026/04/02,12:30,逆方向,-497.516,-4002.484,0,0.0,-4500,電圧,0,0,0,0,0,2026/04/01 21:46:23
翌日,20260401,更新後,関西-中国（東）,2026/04/02,13:00,順方向,8156.657,-4151.666,0,595.009,4600,電圧,0,0,0,0,0,2026/04/01 21:46:23
翌日,20260401,更新後,関西-中国（東）,2026/04/02,13:00,逆方向,-348.334,-4151.666,0,0.0,-4500,電圧,0,0,0,0,0,2026/04/01 21:46:23
翌日,20260401,更新後,関西-中国（東）,2026/04/02,13:30,順方向,8555.291,-4475.564,0,520.273,4600,電圧,0,0,0,0,0,2026/04/01 21:46:23
翌日,20260401,更新後,関西-中国（東）,2026/04/02,13:30,逆方向,-24.376,-4475.624,0,0.0,-4500,電圧,0,0,0,0,0,2026/04/01 21:46:23
翌日,20260401,更新後,関西-中国（東）,2026/04/02,14:00,順方向,8393.473,-4436.112,0,642.639,4600,電圧,0,0,0,0,0,2026/04/01 21:46:23
翌日,20260401,更新後,関西-中国（東）,2026/04/02,14:00,逆方向,-63.828,-4436.172,0,0.0,-4500,電圧,0,0,0,0,0,2026/04/01 21:46:23
翌日,20260401,更新後,関西-中国（東）,2026/04/02,14:30,順方向,8497.418,-4499.94,0,602.522,4600,電圧,0,0,0,0,0,2026/04/01 21:46:23
翌日,20260401,更新後,関西-中国（東）,2026/04/02,14:30,逆方向,0.0,-4500.0,0,0.0,-4500,電圧,0,0,0,0,0,2026/04/01 21:46:23
翌日,20260401,更新後,関西-中国（東）,2026/04/02,15:00,順方向,8527.978,-4499.976,0,571.998,4600,電圧,0,0,0,0,0,2026/04/01 21:46:23
翌日,20260401,更新後,関西-中国（東）,2026/04/02,15:00,逆方向,-0.024,-4499.976,0,0.0,-4500,電圧,0,0,0,0,0,2026/04/01 21:46:23
翌日,20260401,更新後,関西-中国（東）,2026/04/02,15:30,順方向,8618.576,-4499.94,0,481.364,4600,電圧,0,0,0,0,0,2026/04/01 21:46:23
翌日,20260401,更新後,関西-中国（東）,2026/04/02,15:30,逆方向,0.0,-4500.0,0,0.0,-4500,電圧,0,0,0,0,0,2026/04/01 21:46:23
翌日,20260401,更新後,関西-中国（東）,2026/04/02,16:00,順方向,8767.094,-4499.98,0,332.886,4600,電圧,0,0,0,0,0,2026/04/01 21:46:23
翌日,20260401,更新後,関西-中国（東）,2026/04/02,16:00,逆方向,-0.02,-4499.98,0,0.0,-4500,電圧,0,0,0,0,0,2026/04/01 21:46:23
翌日,20260401,更新後,関西-中国（東）,2026/04/02,16:30,順方向,8820.98,-4499.94,0,278.96,4600,電圧,0,0,0,0,0,2026/04/01 21:46:23
翌日,20260401,更新後,関西-中国（東）,2026/04/02,16:30,逆方向,0.0,-4500.0,0,0.0,-4500,電圧,0,0,0,0,0,2026/04/01 21:46:23
翌日,20260401,更新後,関西-中国（東）,2026/04/02,17:00,順方向,8467.787,-4499.26,0,631.473,4600,電圧,0,0,0,0,0,2026/04/01 21:46:23
翌日,20260401,更新後,関西-中国（東）,2026/04/02,17:00,逆方向,-0.68,-4499.32,0,0.0,-4500,電圧,0,0,0,0,0,2026/04/01 21:46:23
翌日,20260401,更新後,関西-中国（東）,2026/04/02,17:30,順方向,8942.425,-4500.0,0,157.575,4600,電圧,0,0,0,0,0,2026/04/01 21:46:23
翌日,20260401,更新後,関西-中国（東）,2026/04/02,17:30,逆方向,0.0,-4500.0,0,0.0,-4500,電圧,0,0,0,0,0,2026/04/01 21:46:23
翌日,20260401,更新後,関西-中国（東）,2026/04/02,18:00,順方向,8785.529,-4390.89,0,205.361,4600,電圧,0,0,0,0,0,2026/04/01 21:46:23
翌日,20260401,更新後,関西-中国（東）,2026/04/02,18:00,逆方向,-109.11,-4390.89,0,0.0,-4500,電圧,0,0,0,0,0,2026/04/01 21:46:23
翌日,20260401,更新後,関西-中国（東）,2026/04/02,18:30,順方向,8570.518,-3970.518,0,0.0,4600,電圧,0,0,0,0,0,2026/04/01 21:46:23
翌日,20260401,更新後,関西-中国（東）,2026/04/02,18:30,逆方向,-529.422,-3970.578,0,0.0,-4500,電圧,0,0,0,0,0,2026/04/01 21:46:23
翌日,20260401,更新後,関西-中国（東）,2026/04/02,19:00,順方向,8533.866,-3933.866,0,0.0,4600,電圧,0,0,0,0,0,2026/04/01 21:46:23
翌日,20260401,更新後,関西-中国（東）,2026/04/02,19:00,逆方向,-566.134,-3933.866,0,0.0,-4500,電圧,0,0,0,0,0,2026/04/01 21:46:23
翌日,20260401,更新後,関西-中国（東）,2026/04/02,19:30,順方向,8552.41,-3963.896,0,11.486,4600,電圧,0,0,0,0,0,2026/04/01 21:46:23
翌日,20260401,更新後,関西-中国（東）,2026/04/02,19:30,逆方向,-536.104,-3963.896,0,0.0,-4500,電圧,0,0,0,0,0,2026/04/01 21:46:23
翌日,20260401,更新後,関西-中国（東）,2026/04/02,20:00,順方向,8702.834,-4102.834,0,0.0,4600,電圧,0,0,0,0,0,2026/04/01 21:46:23
翌日,20260401,更新後,関西-中国（東）,2026/04/02,20:00,逆方向,-397.166,-4102.834,0,0.0,-4500,電圧,0,0,0,0,0,2026/04/01 21:46:23
翌日,20260401,更新後,関西-中国（東）,2026/04/02,20:30,順方向,8828.92,-4228.92,0,0.0,4600,電圧,0,0,0,0,0,2026/04/01 21:46:23
翌日,20260401,更新後,関西-中国（東）,2026/04/02,20:30,逆方向,-271.08,-4228.92,0,0.0,-4500,電圧,0,0,0,0,0,2026/04/01 21:46:23
翌日,20260401,更新後,関西-中国（東）,2026/04/02,21:00,順方向,8864.76,-4264.76,0,0.0,4600,電圧,0,0,0,0,0,2026/04/01 21:46:23
翌日,20260401,更新後,関西-中国（東）,2026/04/02,21:00,逆方向,-235.24,-4264.76,0,0.0,-4500,電圧,0,0,0,0,0,2026/04/01 21:46:23
翌日,20260401,更新後,関西-中国（東）,2026/04/02,21:30,順方向,8310.56,-3723.56,0,13.0,4600,電圧,0,0,0,0,0,2026/04/01 21:46:23
翌日,20260401,更新後,関西-中国（東）,2026/04/02,21:30,逆方向,-776.44,-3723.56,0,0.0,-4500,電圧,0,0,0,0,0,2026/04/01 21:46:23
翌日,20260401,更新後,関西-中国（東）,2026/04/02,22:00,順方向,7995.801,-3467.108,0,71.307,4600,電圧,0,0,0,0,0,2026/04/01 21:46:23
翌日,20260401,更新後,関西-中国（東）,2026/04/02,22:00,逆方向,-1032.892,-3467.108,0,0.0,-4500,電圧,0,0,0,0,0,2026/04/01 21:46:23
翌日,20260401,更新後,関西-中国（東）,2026/04/02,22:30,順方向,7340.69,-2767.916,0,27.226,4600,電圧,0,0,0,0,0,2026/04/01 21:46:23
翌日,20260401,更新後,関西-中国（東）,2026/04/02,22:30,逆方向,-1730.084,-2767.916,0,-2.0,-4500,電圧,0,0,0,0,0,2026/04/01 21:46:23
翌日,20260401,更新後,関西-中国（東）,2026/04/02,23:00,順方向,7836.484,-3236.484,0,0.0,4600,電圧,0,0,0,0,0,2026/04/01 21:46:23
翌日,20260401,更新後,関西-中国（東）,2026/04/02,23:00,逆方向,-1263.456,-3236.544,0,0.0,-4500,電圧,0,0,0,0,0,2026/04/01 21:46:23
翌日,20260401,更新後,関西-中国（東）,2026/04/02,23:30,順方向,7946.868,-3346.868,0,0.0,4600,電圧,0,0,0,0,0,2026/04/01 21:46:23
翌日,20260401,更新後,関西-中国（東）,2026/04/02,23:30,逆方向,-1153.072,-3346.928,0,0.0,-4500,電圧,0,0,0,0,0,2026/04/01 21:46:23
翌日,20260401,更新後,関西-中国（東）,2026/04/02,24:00,順方向,7598.236,-2998.236,0,0.0,4600,電圧,0,0,0,0,0,2026/04/01 21:46:23
翌日,20260401,更新後,関西-中国（東）,2026/04/02,24:00,逆方向,-1461.262,-2998.236,0,-40.502,-4500,電圧,0,0,0,0,0,2026/04/01 21:46:23
翌日,20260401,更新後,関西-中国（西）,2026/04/02,00:30,順方向,6559.917,-2263.9,0,303.983,4600,電圧,0,0,0,0,0,2026/04/01 21:46:23
翌日,20260401,更新後,関西-中国（西）,2026/04/02,00:30,逆方向,-2236.1,-2263.9,0,0.0,-4500,電圧,0,0,0,0,0,2026/04/01 21:46:23
翌日,20260401,更新後,関西-中国（西）,2026/04/02,01:00,順方向,6175.407,-1979.664,0,404.257,4600,電圧,0,0,0,0,0,2026/04/01 21:46:23
翌日,20260401,更新後,関西-中国（西）,2026/04/02,01:00,逆方向,-2520.336,-1979.664,0,0.0,-4500,電圧,0,0,0,0,0,2026/04/01 21:46:23
翌日,20260401,更新後,関西-中国（西）,2026/04/02,01:30,順方向,6101.685,-1885.534,0,383.849,4600,電圧,0,0,0,0,0,2026/04/01 21:46:23
翌日,20260401,更新後,関西-中国（西）,2026/04/02,01:30,逆方向,-2614.408,-1885.592,0,0.0,-4500,電圧,0,0,0,0,0,2026/04/01 21:46:23
翌日,20260401,更新後,関西-中国（西）,2026/04/02,02:00,順方向,6074.756,-1855.072,0,380.316,4600,電圧,0,0,0,0,0,2026/04/01 21:46:23
翌日,20260401,更新後,関西-中国（西）,2026/04/02,02:00,逆方向,-2644.928,-1855.072,0,0.0,-4500,電圧,0,0,0,0,0,2026/04/01 21:46:23
翌日,20260401,更新後,関西-中国（西）,2026/04/02,02:30,順方向,6195.384,-1959.446,0,364.062,4600,電圧,0,0,0,0,0,2026/04/01 21:46:23
翌日,20260401,更新後,関西-中国（西）,2026/04/02,02:30,逆方向,-2540.494,-1959.506,0,0.0,-4500,電圧,0,0,0,0,0,2026/04/01 21:46:23
翌日,20260401,更新後,関西-中国（西）,2026/04/02,03:00,順方向,6647.353,-2409.42,0,362.067,4600,電圧,0,0,0,0,0,2026/04/01 21:46:23
翌日,20260401,更新後,関西-中国（西）,2026/04/02,03:00,逆方向,-2090.58,-2409.42,0,0.0,-4500,電圧,0,0,0,0,0,2026/04/01 21:46:23
翌日,20260401,更新後,関西-中国（西）,2026/04/02,03:30,順方向,6650.496,-2358.338,0,307.842,4600,電圧,0,0,0,0,0,2026/04/01 21:46:23
翌日,20260401,更新後,関西-中国（西）,2026/04/02,03:30,逆方向,-2141.662,-2358.338,0,0.0,-4500,電圧,0,0,0,0,0,2026/04/01 21:46:23
翌日,20260401,更新後,関西-中国（西）,2026/04/02,04:00,順方向,6577.224,-2176.626,0,199.402,4600,電圧,0,0,0,0,0,2026/04/01 21:46:23
翌日,20260401,更新後,関西-中国（西）,2026/04/02,04:00,逆方向,-2323.374,-2176.626,0,0.0,-4500,電圧,0,0,0,0,0,2026/04/01 21:46:23
翌日,20260401,更新後,関西-中国（西）,2026/04/02,04:30,順方向,6721.528,-2284.066,0,162.538,4600,電圧,0,0,0,0,0,2026/04/01 21:46:23
翌日,20260401,更新後,関西-中国（西）,2026/04/02,04:30,逆方向,-2169.359,-2284.066,0,-46.575,-4500,電圧,0,0,0,0,0,2026/04/01 21:46:23
翌日,20260401,更新後,関西-中国（西）,2026/04/02,05:00,順方向,6399.892,-2208.294,0,408.402,4600,電圧,0,0,0,0,0,2026/04/01 21:46:23
翌日,20260401,更新後,関西-中国（西）,2026/04/02,05:00,逆方向,-2291.706,-2208.294,0,0.0,-4500,電圧,0,0,0,0,0,2026/04/01 21:46:23
翌日,20260401,更新後,関西-中国（西）,2026/04/02,05:30,順方向,6441.616,-2245.782,0,404.166,4600,電圧,0,0,0,0,0,2026/04/01 21:46:23
翌日,20260401,更新後,関西-中国（西）,2026/04/02,05:30,逆方向,-2254.218,-2245.782,0,0.0,-4500,電圧,0,0,0,0,0,2026/04/01 21:46:23
翌日,20260401,更新後,関西-中国（西）,2026/04/02,06:00,順方向,6486.122,-2132.02,0,245.898,4600,電圧,0,0,0,0,0,2026/04/01 21:46:23
翌日,20260401,更新後,関西-中国（西）,2026/04/02,06:00,逆方向,-2367.98,-2132.02,0,0.0,-4500,電圧,0,0,0,0,0,2026/04/01 21:46:23
翌日,20260401,更新後,関西-中国（西）,2026/04/02,06:30,順方向,6297.989,-2100.04,0,402.051,4600,電圧,0,0,0,0,0,2026/04/01 21:46:23
翌日,20260401,更新後,関西-中国（西）,2026/04/02,06:30,逆方向,-2360.812,-2100.04,0,-39.148,-4500,電圧,0,0,0,0,0,2026/04/01 21:46:23
翌日,20260401,更新後,関西-中国（西）,2026/04/02,07:00,順方向,6490.226,-2260.166,0,369.94,4600,電圧,0,0,0,0,0,2026/04/01 21:46:23
翌日,20260401,更新後,関西-中国（西）,2026/04/02,07:00,逆方向,-2199.439,-2260.166,0,-40.395,-4500,電圧,0,0,0,0,0,2026/04/01 21:46:23
翌日,20260401,更新後,関西-中国（西）,2026/04/02,07:30,順方向,6562.173,-2520.34,0,558.167,4600,電圧,0,0,0,0,0,2026/04/01 21:46:23
翌日,20260401,更新後,関西-中国（西）,2026/04/02,07:30,逆方向,-1979.66,-2520.34,0,0.0,-4500,電圧,0,0,0,0,0,2026/04/01 21:46:23
翌日,20260401,更新後,関西-中国（西）,2026/04/02,08:00,順方向,6440.472,-2587.808,0,747.336,4600,電圧,0,0,0,0,0,2026/04/01 21:46:23
翌日,20260401,更新後,関西-中国（西）,2026/04/02,08:00,逆方向,-1912.192,-2587.808,0,0.0,-4500,電圧,0,0,0,0,0,2026/04/01 21:46:23
翌日,20260401,更新後,関西-中国（西）,2026/04/02,08:30,順方向,6892.528,-2935.356,0,642.828,4600,電圧,0,0,0,0,0,2026/04/01 21:46:23
翌日,20260401,更新後,関西-中国（西）,2026/04/02,08:30,逆方向,-1564.584,-2935.416,0,0.0,-4500,電圧,0,0,0,0,0,2026/04/01 21:46:23
翌日,20260401,更新後,関西-中国（西）,2026/04/02,09:00,順方向,6733.876,-2901.602,0,767.726,4600,電圧,0,0,0,0,0,2026/04/01 21:46:23
翌日,20260401,更新後,関西-中国（西）,2026/04/02,09:00,逆方向,-1598.398,-2901.602,0,0.0,-4500,電圧,0,0,0,0,0,2026/04/01 21:46:23
翌日,20260401,更新後,関西-中国（西）,2026/04/02,09:30,順方向,7340.102,-3310.978,0,570.876,4600,電圧,0,0,0,0,0,2026/04/01 21:46:23
翌日,20260401,更新後,関西-中国（西）,2026/04/02,09:30,逆方向,-1189.022,-3310.978,0,0.0,-4500,電圧,0,0,0,0,0,2026/04/01 21:46:23
翌日,20260401,更新後,関西-中国（西）,2026/04/02,10:00,順方向,7237.498,-3212.75,0,575.252,4600,電圧,0,0,0,0,0,2026/04/01 21:46:23
翌日,20260401,更新後,関西-中国（西）,2026/04/02,10:00,逆方向,-1287.19,-3212.81,0,0.0,-4500,電圧,0,0,0,0,0,2026/04/01 21:46:23
翌日,20260401,更新後,関西-中国（西）,2026/04/02,10:30,順方向,7017.894,-2856.494,0,438.6,4600,電圧,0,0,0,0,0,2026/04/01 21:46:23
翌日,20260401,更新後,関西-中国（西）,2026/04/02,10:30,逆方向,-1643.506,-2856.494,0,0.0,-4500,電圧,0,0,0,0,0,2026/04/01 21:46:23
翌日,20260401,更新後,関西-中国（西）,2026/04/02,11:00,順方向,6971.208,-2922.696,0,551.488,4600,電圧,0,0,0,0,0,2026/04/01 21:46:23
翌日,20260401,更新後,関西-中国（西）,2026/04/02,11:00,逆方向,-1577.244,-2922.756,0,0.0,-4500,電圧,0,0,0,0,0,2026/04/01 21:46:23
翌日,20260401,更新後,関西-中国（西）,2026/04/02,11:30,順方向,6981.858,-2926.768,0,544.91,4600,電圧,0,0,0,0,0,2026/04/01 21:46:23
翌日,20260401,更新後,関西-中国（西）,2026/04/02,11:30,逆方向,-1573.232,-2926.768,0,0.0,-4500,電圧,0,0,0,0,0,2026/04/01 21:46:23
翌日,20260401,更新後,関西-中国（西）,2026/04/02,12:00,順方向,6833.718,-2746.766,0,513.048,4600,電圧,0,0,0,0,0,2026/04/01 21:46:23
翌日,20260401,更新後,関西-中国（西）,2026/04/02,12:00,逆方向,-1753.174,-2746.826,0,0.0,-4500,電圧,0,0,0,0,0,2026/04/01 21:46:23
翌日,20260401,更新後,関西-中国（西）,2026/04/02,12:30,順方向,6496.877,-2559.282,0,662.405,4600,電圧,0,0,0,0,0,2026/04/01 21:46:23
翌日,20260401,更新後,関西-中国（西）,2026/04/02,12:30,逆方向,-1940.658,-2559.342,0,0.0,-4500,電圧,0,0,0,0,0,2026/04/01 21:46:23
翌日,20260401,更新後,関西-中国（西）,2026/04/02,13:00,順方向,6708.149,-2703.158,0,595.009,4600,電圧,0,0,0,0,0,2026/04/01 21:46:23
翌日,20260401,更新後,関西-中国（西）,2026/04/02,13:00,逆方向,-1796.842,-2703.158,0,0.0,-4500,電圧,0,0,0,0,0,2026/04/01 21:46:23
翌日,20260401,更新後,関西-中国（西）,2026/04/02,13:30,順方向,7145.335,-3065.608,0,520.273,4600,電圧,0,0,0,0,0,2026/04/01 21:46:23
翌日,20260401,更新後,関西-中国（西）,2026/04/02,13:30,逆方向,-1434.332,-3065.668,0,0.0,-4500,電圧,0,0,0,0,0,2026/04/01 21:46:23
翌日,20260401,更新後,関西-中国（西）,2026/04/02,14:00,順方向,7016.239,-3058.878,0,642.639,4600,電圧,0,0,0,0,0,2026/04/01 21:46:23
翌日,20260401,更新後,関西-中国（西）,2026/04/02,14:00,逆方向,-1441.062,-3058.938,0,0.0,-4500,電圧,0,0,0,0,0,2026/04/01 21:46:23
翌日,20260401,更新後,関西-中国（西）,2026/04/02,14:30,順方向,7165.464,-3167.986,0,602.522,4600,電圧,0,0,0,0,0,2026/04/01 21:46:23
翌日,20260401,更新後,関西-中国（西）,2026/04/02,14:30,逆方向,-1331.954,-3168.046,0,0.0,-4500,電圧,0,0,0,0,0,2026/04/01 21:46:23
翌日,20260401,更新後,関西-中国（西）,2026/04/02,15:00,順方向,7229.904,-3201.902,0,571.998,4600,電圧,0,0,0,0,0,2026/04/01 21:46:23
翌日,20260401,更新後,関西-中国（西）,2026/04/02,15:00,逆方向,-1298.098,-3201.902,0,0.0,-4500,電圧,0,0,0,0,0,2026/04/01 21:46:23
翌日,20260401,更新後,関西-中国（西）,2026/04/02,15:30,順方向,7455.806,-3337.17,0,481.364,4600,電圧,0,0,0,0,0,2026/04/01 21:46:23
翌日,20260401,更新後,関西-中国（西）,2026/04/02,15:30,逆方向,-1162.77,-3337.23,0,0.0,-4500,電圧,0,0,0,0,0,2026/04/01 21:46:23
翌日,20260401,更新後,関西-中国（西）,2026/04/02,16:00,順方向,7918.474,-3651.36,0,332.886,4600,電圧,0,0,0,0,0,2026/04/01 21:46:23
翌日,20260401,更新後,関西-中国（西）,2026/04/02,16:00,逆方向,-848.64,-3651.36,0,0.0,-4500,電圧,0,0,0,0,0,2026/04/01 21:46:23
翌日,20260401,更新後,関西-中国（西）,2026/04/02,16:30,順方向,7903.282,-3582.242,0,278.96,4600,電圧,0,0,0,0,0,2026/04/01 21:46:23
翌日,20260401,更新後,関西-中国（西）,2026/04/02,16:30,逆方向,-917.698,-3582.302,0,0.0,-4500,電圧,0,0,0,0,0,2026/04/01 21:46:23
翌日,20260401,更新後,関西-中国（西）,2026/04/02,17:00,順方向,7729.449,-3760.922,0,631.473,4600,電圧,0,0,0,0,0,2026/04/01 21:46:23
翌日,20260401,更新後,関西-中国（西）,2026/04/02,17:00,逆方向,-739.018,-3760.982,0,0.0,-4500,電圧,0,0,0,0,0,2026/04/01 21:46:23
翌日,20260401,更新後,関西-中国（西）,2026/04/02,17:30,順方向,8242.255,-3799.83,0,157.575,4600,電圧,0,0,0,0,0,2026/04/01 21:46:23
翌日,20260401,更新後,関西-中国（西）,2026/04/02,17:30,逆方向,-700.17,-3799.83,0,0.0,-4500,電圧,0,0,0,0,0,2026/04/01 21:46:23
翌日,20260401,更新後,関西-中国（西）,2026/04/02,18:00,順方向,8149.617,-3754.978,0,205.361,4600,電圧,0,0,0,0,0,2026/04/01 21:46:23
翌日,20260401,更新後,関西-中国（西）,2026/04/02,18:00,逆方向,-745.022,-3754.978,0,0.0,-4500,電圧,0,0,0,0,0,2026/04/01 21:46:23
翌日,20260401,更新後,関西-中国（西）,2026/04/02,18:30,順方向,8139.56,-3539.56,0,0.0,4600,電圧,0,0,0,0,0,2026/04/01 21:46:23
翌日,20260401,更新後,関西-中国（西）,2026/04/02,18:30,逆方向,-960.38,-3539.62,0,0.0,-4500,電圧,0,0,0,0,0,2026/04/01 21:46:23
翌日,20260401,更新後,関西-中国（西）,2026/04/02,19:00,順方向,8173.642,-3573.642,0,0.0,4600,電圧,0,0,0,0,0,2026/04/01 21:46:23
翌日,20260401,更新後,関西-中国（西）,2026/04/02,19:00,逆方向,-926.358,-3573.642,0,0.0,-4500,電圧,0,0,0,0,0,2026/04/01 21:46:23
翌日,20260401,更新後,関西-中国（西）,2026/04/02,19:30,順方向,8210.354,-3621.84,0,11.486,4600,電圧,0,0,0,0,0,2026/04/01 21:46:23
翌日,20260401,更新後,関西-中国（西）,2026/04/02,19:30,逆方向,-878.16,-3621.84,0,0.0,-4500,電圧,0,0,0,0,0,2026/04/01 21:46:23
翌日,20260401,更新後,関西-中国（西）,2026/04/02,20:00,順方向,8147.082,-3547.082,0,0.0,4600,電圧,0,0,0,0,0,2026/04/01 21:46:23
翌日,20260401,更新後,関西-中国（西）,2026/04/02,20:00,逆方向,-952.918,-3547.082,0,0.0,-4500,電圧,0,0,0,0,0,2026/04/01 21:46:23
翌日,20260401,更新後,関西-中国（西）,2026/04/02,20:30,順方向,8261.236,-3661.236,0,0.0,4600,電圧,0,0,0,0,0,2026/04/01 21:46:23
翌日,20260401,更新後,関西-中国（西）,2026/04/02,20:30,逆方向,-838.764,-3661.236,0,0.0,-4500,電圧,0,0,0,0,0,2026/04/01 21:46:23
翌日,20260401,更新後,関西-中国（西）,2026/04/02,21:00,順方向,8282.312,-3682.312,0,0.0,4600,電圧,0,0,0,0,0,2026/04/01 21:46:23
翌日,20260401,更新後,関西-中国（西）,2026/04/02,21:00,逆方向,-817.688,-3682.312,0,0.0,-4500,電圧,0,0,0,0,0,2026/04/01 21:46:23
翌日,20260401,更新後,関西-中国（西）,2026/04/02,21:30,順方向,7742.11,-3155.11,0,13.0,4600,電圧,0,0,0,0,0,2026/04/01 21:46:23
翌日,20260401,更新後,関西-中国（西）,2026/04/02,21:30,逆方向,-1344.89,-3155.11,0,0.0,-4500,電圧,0,0,0,0,0,2026/04/01 21:46:23
翌日,20260401,更新後,関西-中国（西）,2026/04/02,22:00,順方向,7562.595,-3033.902,0,71.307,4600,電圧,0,0,0,0,0,2026/04/01 21:46:23
翌日,20260401,更新後,関西-中国（西）,2026/04/02,22:00,逆方向,-1466.098,-3033.902,0,0.0,-4500,電圧,0,0,0,0,0,2026/04/01 21:46:23
翌日,20260401,更新後,関西-中国（西）,2026/04/02,22:30,順方向,6902.494,-2329.72,0,27.226,4600,電圧,0,0,0,0,0,2026/04/01 21:46:23
翌日,20260401,更新後,関西-中国（西）,2026/04/02,22:30,逆方向,-2168.28,-2329.72,0,-2.0,-4500,電圧,0,0,0,0,0,2026/04/01 21:46:23
翌日,20260401,更新後,関西-中国（西）,2026/04/02,23:00,順方向,7312.23,-2712.23,0,0.0,4600,電圧,0,0,0,0,0,2026/04/01 21:46:23
翌日,20260401,更新後,関西-中国（西）,2026/04/02,23:00,逆方向,-1787.71,-2712.29,0,0.0,-4500,電圧,0,0,0,0,0,2026/04/01 21:46:23
翌日,20260401,更新後,関西-中国（西）,2026/04/02,23:30,順方向,7387.826,-2787.826,0,0.0,4600,電圧,0,0,0,0,0,2026/04/01 21:46:23
翌日,20260401,更新後,関西-中国（西）,2026/04/02,23:30,逆方向,-1712.114,-2787.886,0,0.0,-4500,電圧,0,0,0,0,0,2026/04/01 21:46:23
翌日,20260401,更新後,関西-中国（西）,2026/04/02,24:00,順方向,7120.15,-2520.15,0,0.0,4600,電圧,0,0,0,0,0,2026/04/01 21:46:23
翌日,20260401,更新後,関西-中国（西）,2026/04/02,24:00,逆方向,-1939.348,-2520.15,0,-40.502,-4500,電圧,0,0,0,0,0,2026/04/01 21:46:23
翌日,20260401,更新後,北海道・本州間電力連系設備,2026/04/02,00:30,順方向,519.5,140.5,0,240.0,900,熱容量,0,0,0,0,0,2026/04/01 22:54:22
翌日,20260401,更新後,北海道・本州間電力連系設備,2026/04/02,00:30,逆方向,-415.5,140.5,0,-625.0,-900,熱容量,0,0,0,0,0,2026/04/01 22:54:22
翌日,20260401,更新後,北海道・本州間電力連系設備,2026/04/02,01:00,順方向,407.2,252.8,0,240.0,900,熱容量,0,0,0,0,0,2026/04/01 22:54:22
翌日,20260401,更新後,北海道・本州間電力連系設備,2026/04/02,01:00,逆方向,-527.8,252.8,0,-625.0,-900,熱容量,0,0,0,0,0,2026/04/01 22:54:22
翌日,20260401,更新後,北海道・本州間電力連系設備,2026/04/02,01:30,順方向,339.6,330.4,0,230.0,900,熱容量,0,0,0,0,0,2026/04/01 22:54:22
翌日,20260401,更新後,北海道・本州間電力連系設備,2026/04/02,01:30,逆方向,-605.4,330.4,0,-625.0,-900,熱容量,0,0,0,0,0,2026/04/01 22:54:22
翌日,20260401,更新後,北海道・本州間電力連系設備,2026/04/02,02:00,順方向,371.5,298.5,0,230.0,900,熱容量,0,0,0,0,0,2026/04/01 22:54:22
翌日,20260401,更新後,北海道・本州間電力連系設備,2026/04/02,02:00,逆方向,-573.5,298.5,0,-625.0,-900,熱容量,0,0,0,0,0,2026/04/01 22:54:22
翌日,20260401,更新後,北海道・本州間電力連系設備,2026/04/02,02:30,順方向,483.3,196.7,0,220.0,900,熱容量,0,0,0,0,0,2026/04/01 22:54:22
翌日,20260401,更新後,北海道・本州間電力連系設備,2026/04/02,02:30,逆方向,-471.7,196.7,0,-625.0,-900,熱容量,0,0,0,0,0,2026/04/01 22:54:22
翌日,20260401,更新後,北海道・本州間電力連系設備,2026/04/02,03:00,順方向,467.8,212.2,0,220.0,900,熱容量,0,0,0,0,0,2026/04/01 22:54:22
翌日,20260401,更新後,北海道・本州間電力連系設備,2026/04/02,03:00,逆方向,-487.2,212.2,0,-625.0,-900,熱容量,0,0,0,0,0,2026/04/01 22:54:22
翌日,20260401,更新後,北海道・本州間電力連系設備,2026/04/02,03:30,順方向,503.0,187.0,0,210.0,900,熱容量,0,0,0,0,0,2026/04/01 22:54:22
翌日,20260401,更新後,北海道・本州間電力連系設備,2026/04/02,03:30,逆方向,-472.0,187.0,0,-615.0,-900,熱容量,0,0,0,0,0,2026/04/01 22:54:22
翌日,20260401,更新後,北海道・本州間電力連系設備,2026/04/02,04:00,順方向,458.2,231.8,0,210.0,900,熱容量,0,0,0,0,0,2026/04/01 22:54:22
翌日,20260401,更新後,北海道・本州間電力連系設備,2026/04/02,04:00,逆方向,-516.8,231.8,0,-615.0,-900,熱容量,0,0,0,0,0,2026/04/01 22:54:22
翌日,20260401,更新後,北海道・本州間電力連系設備,2026/04/02,04:30,順方向,402.1,297.9,0,200.0,900,熱容量,0,0,0,0,0,2026/04/01 22:54:22
翌日,20260401,更新後,北海道・本州間電力連系設備,2026/04/02,04:30,逆方向,-582.9,297.9,0,-615.0,-900,熱容量,0,0,0,0,0,2026/04/01 22:54:22
翌日,20260401,更新後,北海道・本州間電力連系設備,2026/04/02,05:00,順方向,341.1,358.9,0,200.0,900,熱容量,0,0,0,0,0,2026/04/01 22:54:22
翌日,20260401,更新後,北海道・本州間電力連系設備,2026/04/02,05:00,逆方向,-643.9,358.9,0,-615.0,-900,熱容量,0,0,0,0,0,2026/04/01 22:54:22
翌日,20260401,更新後,北海道・本州間電力連系設備,2026/04/02,05:30,順方向,395.7,304.3,0,200.0,900,熱容量,0,0,0,0,0,2026/04/01 22:54:22
翌日,20260401,更新後,北海道・本州間電力連系設備,2026/04/02,05:30,逆方向,-599.3,304.3,0,-605.0,-900,熱容量,0,0,0,0,0,2026/04/01 22:54:22
翌日,20260401,更新後,北海道・本州間電力連系設備,2026/04/02,06:00,順方向,386.3,313.7,0,200.0,900,熱容量,0,0,0,0,0,2026/04/01 22:54:22
翌日,20260401,更新後,北海道・本州間電力連系設備,2026/04/02,06:00,逆方向,-608.7,313.7,0,-605.0,-900,熱容量,0,0,0,0,0,2026/04/01 22:54:22
翌日,20260401,更新後,北海道・本州間電力連系設備,2026/04/02,06:30,順方向,382.4,317.6,0,200.0,900,熱容量,0,0,0,0,0,2026/04/01 22:54:22
翌日,20260401,更新後,北海道・本州間電力連系設備,2026/04/02,06:30,逆方向,-612.6,317.6,0,-605.0,-900,熱容量,0,0,0,0,0,2026/04/01 22:54:22
翌日,20260401,更新後,北海道・本州間電力連系設備,2026/04/02,07:00,順方向,342.0,358.0,0,200.0,900,熱容量,0,0,0,0,0,2026/04/01 22:54:22
翌日,20260401,更新後,北海道・本州間電力連系設備,2026/04/02,07:00,逆方向,-653.0,358.0,0,-605.0,-900,熱容量,0,0,0,0,0,2026/04/01 22:54:22
翌日,20260401,更新後,北海道・本州間電力連系設備,2026/04/02,07:30,順方向,354.2,345.8,0,200.0,900,熱容量,0,0,0,0,0,2026/04/01 22:54:22
翌日,20260401,更新後,北海道・本州間電力連系設備,2026/04/02,07:30,逆方向,-630.8,345.8,0,-615.0,-900,熱容量,0,0,0,0,0,2026/04/01 22:54:22
翌日,20260401,更新後,北海道・本州間電力連系設備,2026/04/02,08:00,順方向,321.1,378.9,0,200.0,900,熱容量,0,0,0,0,0,2026/04/01 22:54:22
翌日,20260401,更新後,北海道・本州間電力連系設備,2026/04/02,08:00,逆方向,-663.9,378.9,0,-615.0,-900,熱容量,0,0,0,0,0,2026/04/01 22:54:22
翌日,20260401,更新後,北海道・本州間電力連系設備,2026/04/02,08:30,順方向,289.2,420.8,0,190.0,900,熱容量,0,0,0,0,0,2026/04/01 22:54:22
翌日,20260401,更新後,北海道・本州間電力連系設備,2026/04/02,08:30,逆方向,-715.8,420.8,0,-605.0,-900,熱容量,0,0,0,0,0,2026/04/01 22:54:22
翌日,20260401,更新後,北海道・本州間電力連系設備,2026/04/02,09:00,順方向,229.4,480.6,0,190.0,900,熱容量,0,0,0,0,0,2026/04/01 22:54:22
翌日,20260401,更新後,北海道・本州間電力連系設備,2026/04/02,09:00,逆方向,-775.6,480.6,0,-605.0,-900,熱容量,0,0,0,0,0,2026/04/01 22:54:22
翌日,20260401,更新後,北海道・本州間電力連系設備,2026/04/02,09:30,順方向,245.7,474.3,0,180.0,900,熱容量,0,0,0,0,0,2026/04/01 22:54:22
翌日,20260401,更新後,北海道・本州間電力連系設備,2026/04/02,09:30,逆方向,-698.3,474.3,0,-676.0,-900,熱容量,0,0,0,0,0,2026/04/01 22:54:22
翌日,20260401,更新後,北海道・本州間電力連系設備,2026/04/02,10:00,順方向,183.4,536.6,0,180.0,900,熱容量,0,0,0,0,0,2026/04/01 22:54:22
翌日,20260401,更新後,北海道・本州間電力連系設備,2026/04/02,10:00,逆方向,-756.6,536.6,0,-680.0,-900,熱容量,0,0,0,0,0,2026/04/01 22:54:22
翌日,20260401,更新後,北海道・本州間電力連系設備,2026/04/02,10:30,順方向,126.9,593.1,0,180.0,900,熱容量,0,0,0,0,0,2026/04/01 22:54:22
翌日,20260401,更新後,北海道・本州間電力連系設備,2026/04/02,10:30,逆方向,-813.1,593.1,0,-680.0,-900,熱容量,0,0,0,0,0,2026/04/01 22:54:22
翌日,20260401,更新後,北海道・本州間電力連系設備,2026/04/02,11:00,順方向,78.8,641.2,0,180.0,900,熱容量,0,0,0,0,0,2026/04/01 22:54:22
翌日,20260401,更新後,北海道・本州間電力連系設備,2026/04/02,11:00,逆方向,-861.2,641.2,0,-680.0,-900,熱容量,0,0,0,0,0,2026/04/01 22:54:22
翌日,20260401,更新後,北海道・本州間電力連系設備,2026/04/02,11:30,順方向,69.6,640.4,0,190.0,900,熱容量,0,0,0,0,0,2026/04/01 22:54:22
翌日,20260401,更新後,北海道・本州間電力連系設備,2026/04/02,11:30,逆方向,-860.4,640.4,0,-680.0,-900,熱容量,0,0,0,0,0,2026/04/01 22:54:22
翌日,20260401,更新後,北海道・本州間電力連系設備,2026/04/02,12:00,順方向,85.5,624.5,0,190.0,900,熱容量,0,0,0,0,0,2026/04/01 22:54:22
翌日,20260401,更新後,北海道・本州間電力連系設備,2026/04/02,12:00,逆方向,-844.5,624.5,0,-680.0,-900,熱容量,0,0,0,0,0,2026/04/01 22:54:22
翌日,20260401,更新後,北海道・本州間電力連系設備,2026/04/02,12:30,順方向,216.1,473.9,0,210.0,900,熱容量,0,0,0,0,0,2026/04/01 22:54:22
翌日,20260401,更新後,北海道・本州間電力連系設備,2026/04/02,12:30,逆方向,-703.9,473.9,0,-670.0,-900,熱容量,0,0,0,0,0,2026/04/01 22:54:22
翌日,20260401,更新後,北海道・本州間電力連系設備,2026/04/02,13:00,順方向,279.8,410.2,0,210.0,900,熱容量,0,0,0,0,0,2026/04/01 22:54:22
翌日,20260401,更新後,北海道・本州間電力連系設備,2026/04/02,13:00,逆方向,-680.118,410.2,0,-630.082,-900,熱容量,0,0,0,0,0,2026/04/01 22:54:22
翌日,20260401,更新後,北海道・本州間電力連系設備,2026/04/02,13:30,順方向,125.0,565.0,0,210.0,900,熱容量,0,0,0,0,0,2026/04/01 22:54:22
翌日,20260401,更新後,北海道・本州間電力連系設備,2026/04/02,13:30,逆方向,-775.0,565.0,0,-690.0,-900,熱容量,0,0,0,0,0,2026/04/01 22:54:22
翌日,20260401,更新後,北海道・本州間電力連系設備,2026/04/02,14:00,順方向,162.7,527.3,0,210.0,900,熱容量,0,0,0,0,0,2026/04/01 22:54:22
翌日,20260401,更新後,北海道・本州間電力連系設備,2026/04/02,14:00,逆方向,-737.3,527.3,0,-690.0,-900,熱容量,0,0,0,0,0,2026/04/01 22:54:22
翌日,20260401,更新後,北海道・本州間電力連系設備,2026/04/02,14:30,順方向,167.0,513.0,0,220.0,900,熱容量,0,0,0,0,0,2026/04/01 22:54:22
翌日,20260401,更新後,北海道・本州間電力連系設備,2026/04/02,14:30,逆方向,-713.0,513.0,0,-700.0,-900,熱容量,0,0,0,0,0,2026/04/01 22:54:22
翌日,20260401,更新後,北海道・本州間電力連系設備,2026/04/02,15:00,順方向,242.4,437.6,0,220.0,900,熱容量,0,0,0,0,0,2026/04/01 22:54:22
翌日,20260401,更新後,北海道・本州間電力連系設備,2026/04/02,15:00,逆方向,-637.6,437.6,0,-700.0,-900,熱容量,0,0,0,0,0,2026/04/01 22:54:22
翌日,20260401,更新後,北海道・本州間電力連系設備,2026/04/02,15:30,順方向,290.8,379.2,0,230.0,900,熱容量,0,0,0,0,0,2026/04/01 22:54:22
翌日,20260401,更新後,北海道・本州間電力連系設備,2026/04/02,15:30,逆方向,-654.2,379.2,0,-625.0,-900,熱容量,0,0,0,0,0,2026/04/01 22:54:22
翌日,20260401,更新後,北海道・本州間電力連系設備,2026/04/02,16:00,順方向,392.5,277.5,0,230.0,900,熱容量,0,0,0,0,0,2026/04/01 22:54:22
翌日,20260401,更新後,北海道・本州間電力連系設備,2026/04/02,16:00,逆方向,-555.5,277.5,0,-622.0,-900,熱容量,0,0,0,0,0,2026/04/01 22:54:22
翌日,20260401,更新後,北海道・本州間電力連系設備,2026/04/02,16:30,順方向,462.2,227.8,0,210.0,900,熱容量,0,0,0,0,0,2026/04/01 22:54:22
翌日,20260401,更新後,北海道・本州間電力連系設備,2026/04/02,16:30,逆方向,-455.8,227.8,0,-672.0,-900,熱容量,0,0,0,0,0,2026/04/01 22:54:22
翌日,20260401,更新後,北海道・本州間電力連系設備,2026/04/02,17:00,順方向,548.9,141.1,0,210.0,900,熱容量,0,0,0,0,0,2026/04/01 22:54:22
翌日,20260401,更新後,北海道・本州間電力連系設備,2026/04/02,17:00,逆方向,-465.1,141.1,0,-576.0,-900,熱容量,0,0,0,0,0,2026/04/01 22:54:22
翌日,20260401,更新後,北海道・本州間電力連系設備,2026/04/02,17:30,順方向,611.8,88.2,0,200.0,900,熱容量,0,0,0,0,0,2026/04/01 22:54:22
翌日,20260401,更新後,北海道・本州間電力連系設備,2026/04/02,17:30,逆方向,-450.2,88.2,0,-538.0,-900,熱容量,0,0,0,0,0,2026/04/01 22:54:22
翌日,20260401,更新後,北海道・本州間電力連系設備,2026/04/02,18:00,順方向,601.2,98.8,0,200.0,900,熱容量,0,0,0,0,0,2026/04/01 22:54:22
翌日,20260401,更新後,北海道・本州間電力連系設備,2026/04/02,18:00,逆方向,-390.8,98.8,0,-608.0,-900,熱容量,0,0,0,0,0,2026/04/01 22:54:22
翌日,20260401,更新後,北海道・本州間電力連系設備,2026/04/02,18:30,順方向,637.8,82.2,0,180.0,900,熱容量,0,0,0,0,0,2026/04/01 22:54:22
翌日,20260401,更新後,北海道・本州間電力連系設備,2026/04/02,18:30,逆方向,-377.2,82.2,0,-605.0,-900,熱容量,0,0,0,0,0,2026/04/01 22:54:22
翌日,20260401,更新後,北海道・本州間電力連系設備,2026/04/02,19:00,順方向,643.9,76.1,0,180.0,900,熱容量,0,0,0,0,0,2026/04/01 22:54:22
翌日,20260401,更新後,北海道・本州間電力連系設備,2026/04/02,19:00,逆方向,-371.1,76.1,0,-605.0,-900,熱容量,0,0,0,0,0,2026/04/01 22:54:22
翌日,20260401,更新後,北海道・本州間電力連系設備,2026/04/02,19:30,順方向,582.4,127.6,0,190.0,900,熱容量,0,0,0,0,0,2026/04/01 22:54:22
翌日,20260401,更新後,北海道・本州間電力連系設備,2026/04/02,19:30,逆方向,-440.24,127.6,0,-587.36,-900,熱容量,0,0,0,0,0,2026/04/01 22:54:22
翌日,20260401,更新後,北海道・本州間電力連系設備,2026/04/02,20:00,順方向,567.5,142.5,0,190.0,900,熱容量,0,0,0,0,0,2026/04/01 22:54:22
翌日,20260401,更新後,北海道・本州間電力連系設備,2026/04/02,20:00,逆方向,-455.5,142.5,0,-587.0,-900,熱容量,0,0,0,0,0,2026/04/01 22:54:22
翌日,20260401,更新後,北海道・本州間電力連系設備,2026/04/02,20:30,順方向,529.4,170.6,0,200.0,900,熱容量,0,0,0,0,0,2026/04/01 22:54:22
翌日,20260401,更新後,北海道・本州間電力連系設備,2026/04/02,20:30,逆方向,-465.6,170.6,0,-605.0,-900,熱容量,0,0,0,0,0,2026/04/01 22:54:22
翌日,20260401,更新後,北海道・本州間電力連系設備,2026/04/02,21:00,順方向,545.4,154.6,0,200.0,900,熱容量,0,0,0,0,0,2026/04/01 22:54:22
翌日,20260401,更新後,北海道・本州間電力連系設備,2026/04/02,21:00,逆方向,-449.6,154.6,0,-605.0,-900,熱容量,0,0,0,0,0,2026/04/01 22:54:22
翌日,20260401,更新後,北海道・本州間電力連系設備,2026/04/02,21:30,順方向,476.8,203.2,0,220.0,900,熱容量,0,0,0,0,0,2026/04/01 22:54:22
翌日,20260401,更新後,北海道・本州間電力連系設備,2026/04/02,21:30,逆方向,-488.2,203.2,0,-615.0,-900,熱容量,0,0,0,0,0,2026/04/01 22:54:22
翌日,20260401,更新後,北海道・本州間電力連系設備,2026/04/02,22:00,順方向,499.1,180.9,0,220.0,900,熱容量,0,0,0,0,0,2026/04/01 22:54:22
翌日,20260401,更新後,北海道・本州間電力連系設備,2026/04/02,22:00,逆方向,-465.9,180.9,0,-615.0,-900,熱容量,0,0,0,0,0,2026/04/01 22:54:22
翌日,20260401,更新後,北海道・本州間電力連系設備,2026/04/02,22:30,順方向,500.6,169.4,0,230.0,900,熱容量,0,0,0,0,0,2026/04/01 22:54:22
翌日,20260401,更新後,北海道・本州間電力連系設備,2026/04/02,22:30,逆方向,-462.4,169.4,0,-607.0,-900,熱容量,0,0,0,0,0,2026/04/01 22:54:22
翌日,20260401,更新後,北海道・本州間電力連系設備,2026/04/02,23:00,順方向,479.9,190.1,0,230.0,900,熱容量,0,0,0,0,0,2026/04/01 22:54:22
翌日,20260401,更新後,北海道・本州間電力連系設備,2026/04/02,23:00,逆方向,-487.1,190.1,0,-603.0,-900,熱容量,0,0,0,0,0,2026/04/01 22:54:22
翌日,20260401,更新後,北海道・本州間電力連系設備,2026/04/02,23:30,順方向,416.5,253.5,0,230.0,900,熱容量,0,0,0,0,0,2026/04/01 22:54:22
翌日,20260401,更新後,北海道・本州間電力連系設備,2026/04/02,23:30,逆方向,-528.5,253.5,0,-625.0,-900,熱容量,0,0,0,0,0,2026/04/01 22:54:22
翌日,20260401,更新後,北海道・本州間電力連系設備,2026/04/02,24:00,順方向,432.4,237.6,0,230.0,900,熱容量,0,0,0,0,0,2026/04/01 22:54:22
翌日,20260401,更新後,北海道・本州間電力連系設備,2026/04/02,24:00,逆方向,-512.6,237.6,0,-625.0,-900,熱容量,0,0,0,0,0,2026/04/01 22:54:22
翌日,20260401,更新後,相馬双葉幹線,2026/04/02,00:30,順方向,464.2,2985.8,0,0.0,3450,熱容量（作業）,0,0,0,0,0,2026/04/01 22:54:22
翌日,20260401,更新後,相馬双葉幹線,2026/04/02,00:30,逆方向,-5205.8,2985.8,0,-140.0,-2360,熱容量,0,0,0,0,0,2026/04/01 22:54:22
翌日,20260401,更新後,相馬双葉幹線,2026/04/02,01:00,順方向,134.4,3315.6,0,0.0,3450,熱容量（作業）,0,0,0,0,0,2026/04/01 22:54:22
翌日,20260401,更新後,相馬双葉幹線,2026/04/02,01:00,逆方向,-5535.6,3315.6,0,-140.0,-2360,熱容量,0,0,0,0,0,2026/04/01 22:54:22
翌日,20260401,更新後,相馬双葉幹線,2026/04/02,01:30,順方向,32.2,3417.8,0,0.0,3450,熱容量（作業）,0,0,0,0,0,2026/04/01 22:54:22
翌日,20260401,更新後,相馬双葉幹線,2026/04/02,01:30,逆方向,-5637.8,3417.8,0,-140.0,-2360,熱容量,0,0,0,0,0,2026/04/01 22:54:22
翌日,20260401,更新後,相馬双葉幹線,2026/04/02,02:00,順方向,118.7,3331.3,0,0.0,3450,熱容量（作業）,0,0,0,0,0,2026/04/01 22:54:22
翌日,20260401,更新後,相馬双葉幹線,2026/04/02,02:00,逆方向,-5551.3,3331.3,0,-140.0,-2360,熱容量,0,0,0,0,0,2026/04/01 22:54:22
翌日,20260401,更新後,相馬双葉幹線,2026/04/02,02:30,順方向,342.0,3108.0,0,0.0,3450,熱容量（作業）,0,0,0,0,0,2026/04/01 22:54:22
翌日,20260401,更新後,相馬双葉幹線,2026/04/02,02:30,逆方向,-5333.0,3108.0,0,-135.0,-2360,熱容量,0,0,0,0,0,2026/04/01 22:54:22
翌日,20260401,更新後,相馬双葉幹線,2026/04/02,03:00,順方向,424.8,3025.2,0,0.0,3450,熱容量（作業）,0,0,0,0,0,2026/04/01 22:54:22
翌日,20260401,更新後,相馬双葉幹線,2026/04/02,03:00,逆方向,-5255.2,3025.2,0,-130.0,-2360,熱容量,0,0,0,0,0,2026/04/01 22:54:22
翌日,20260401,更新後,相馬双葉幹線,2026/04/02,03:30,順方向,339.7,3110.3,0,0.0,3450,熱容量（作業）,0,0,0,0,0,2026/04/01 22:54:22
翌日,20260401,更新後,相馬双葉幹線,2026/04/02,03:30,逆方向,-5341.3,3110.3,0,-129.0,-2360,熱容量,0,0,0,0,0,2026/04/01 22:54:22
翌日,20260401,更新後,相馬双葉幹線,2026/04/02,04:00,順方向,204.7,3245.3,0,0.0,3450,熱容量（作業）,0,0,0,0,0,2026/04/01 22:54:22
翌日,20260401,更新後,相馬双葉幹線,2026/04/02,04:00,逆方向,-5475.3,3245.3,0,-130.0,-2360,熱容量,0,0,0,0,0,2026/04/01 22:54:22
翌日,20260401,更新後,相馬双葉幹線,2026/04/02,04:30,順方向,357.0,3093.0,0,0.0,3450,熱容量（作業）,0,0,0,0,0,2026/04/01 22:54:22
翌日,20260401,更新後,相馬双葉幹線,2026/04/02,04:30,逆方向,-5319.0,3093.0,0,-134.0,-2360,熱容量,0,0,0,0,0,2026/04/01 22:54:22
翌日,20260401,更新後,相馬双葉幹線,2026/04/02,05:00,順方向,22.5,3427.5,0,0.0,3450,熱容量（作業）,0,0,0,0,0,2026/04/01 22:54:22
翌日,20260401,更新後,相馬双葉幹線,2026/04/02,05:00,逆方向,-5653.5,3427.5,0,-134.0,-2360,熱容量,0,0,0,0,0,2026/04/01 22:54:22
翌日,20260401,更新後,相馬双葉幹線,2026/04/02,05:30,順方向,181.8,3268.2,0,0.0,3450,熱容量（作業）,0,0,0,0,0,2026/04/01 22:54:22
翌日,20260401,更新後,相馬双葉幹線,2026/04/02,05:30,逆方向,-5494.2,3268.2,0,-134.0,-2360,熱容量,0,0,0,0,0,2026/04/01 22:54:22
翌日,20260401,更新後,相馬双葉幹線,2026/04/02,06:00,順方向,145.6,3304.4,0,0.0,3450,熱容量（作業）,0,0,0,0,0,2026/04/01 22:54:22
翌日,20260401,更新後,相馬双葉幹線,2026/04/02,06:00,逆方向,-5523.4,3304.4,0,-141.0,-2360,熱容量,0,0,0,0,0,2026/04/01 22:54:22
翌日,20260401,更新後,相馬双葉幹線,2026/04/02,06:30,順方向,64.7,3385.3,0,0.0,3450,熱容量（作業）,0,0,0,0,0,2026/04/01 22:54:22
翌日,20260401,更新後,相馬双葉幹線,2026/04/02,06:30,逆方向,-5541.3,3385.3,0,-204.0,-2360,熱容量,0,0,0,0,0,2026/04/01 22:54:22
翌日,20260401,更新後,相馬双葉幹線,2026/04/02,07:00,順方向,93.1,3356.9,0,0.0,3450,熱容量（作業）,0,0,0,0,0,2026/04/01 22:54:22
翌日,20260401,更新後,相馬双葉幹線,2026/04/02,07:00,逆方向,-5560.9,3356.9,0,-156.0,-2360,熱容量,0,0,0,0,0,2026/04/01 22:54:22
翌日,20260401,更新後,相馬双葉幹線,2026/04/02,07:30,順方向,203.2,3246.8,0,0.0,3450,熱容量（作業）,0,0,0,0,0,2026/04/01 22:54:22
翌日,20260401,更新後,相馬双葉幹線,2026/04/02,07:30,逆方向,-5532.198,3246.8,0,-74.602,-2360,熱容量,0,0,0,0,0,2026/04/01 22:54:22
翌日,20260401,更新後,相馬双葉幹線,2026/04/02,08:00,順方向,94.7,3355.3,0,0.0,3450,熱容量（作業）,0,0,0,0,0,2026/04/01 22:54:22
翌日,20260401,更新後,相馬双葉幹線,2026/04/02,08:00,逆方向,-5715.3,3355.3,0,0.0,-2360,熱容量,0,0,0,0,0,2026/04/01 22:54:22
翌日,20260401,更新後,相馬双葉幹線,2026/04/02,08:30,順方向,0.0,3550.0,0,0.0,3550,熱容量（作業）,0,0,0,0,0,2026/04/01 22:54:22
翌日,20260401,更新後,相馬双葉幹線,2026/04/02,08:30,逆方向,-5910.0,3550.0,0,0.0,-2360,熱容量,0,0,0,0,0,2026/04/01 22:54:22
翌日,20260401,更新後,相馬双葉幹線,2026/04/02,09:00,順方向,25.5,3524.5,0,0.0,3550,熱容量（作業）,0,0,0,0,0,2026/04/01 22:54:22
翌日,20260401,更新後,相馬双葉幹線,2026/04/02,09:00,逆方向,-5884.5,3524.5,0,0.0,-2360,熱容量,0,0,0,0,0,2026/04/01 22:54:22
翌日,20260401,更新後,相馬双葉幹線,2026/04/02,09:30,順方向,329.3,3220.7,0,0.0,3550,熱容量（作業）,0,0,0,0,0,2026/04/01 22:54:22
翌日,20260401,更新後,相馬双葉幹線,2026/04/02,09:30,逆方向,-5580.7,3220.7,0,0.0,-2360,熱容量,0,0,0,0,0,2026/04/01 22:54:22
翌日,20260401,更新後,相馬双葉幹線,2026/04/02,10:00,順方向,159.8,3390.2,0,0.0,3550,熱容量（作業）,0,0,0,0,0,2026/04/01 22:54:22
翌日,20260401,更新後,相馬双葉幹線,2026/04/02,10:00,逆方向,-5750.2,3390.2,0,0.0,-2360,熱容量,0,0,0,0,0,2026/04/01 22:54:22
翌日,20260401,更新後,相馬双葉幹線,2026/04/02,10:30,順方向,0.0,3550.0,0,0.0,3550,熱容量（作業）,0,0,0,0,0,2026/04/01 22:54:22
翌日,20260401,更新後,相馬双葉幹線,2026/04/02,10:30,逆方向,-5779.0,3550.0,0,-131.0,-2360,熱容量,0,0,0,0,0,2026/04/01 22:54:22
翌日,20260401,更新後,相馬双葉幹線,2026/04/02,11:00,順方向,17.8,3532.2,0,0.0,3550,熱容量（作業）,0,0,0,0,0,2026/04/01 22:54:22
翌日,20260401,更新後,相馬双葉幹線,2026/04/02,11:00,逆方向,-5892.2,3532.2,0,0.0,-2360,熱容量,0,0,0,0,0,2026/04/01 22:54:22
翌日,20260401,更新後,相馬双葉幹線,2026/04/02,11:30,順方向,0.0,3550.0,0,0.0,3550,熱容量（作業）,0,0,0,0,0,2026/04/01 22:54:22
翌日,20260401,更新後,相馬双葉幹線,2026/04/02,11:30,逆方向,-5905.2,3550.0,0,-4.8,-2360,熱容量,0,0,0,0,0,2026/04/01 22:54:22
翌日,20260401,更新後,相馬双葉幹線,2026/04/02,12:00,順方向,0.0,3550.0,0,0.0,3550,熱容量（作業）,0,0,0,0,0,2026/04/01 22:54:22
翌日,20260401,更新後,相馬双葉幹線,2026/04/02,12:00,逆方向,-5910.0,3550.0,0,0.0,-2360,熱容量,0,0,0,0,0,2026/04/01 22:54:22
翌日,20260401,更新後,相馬双葉幹線,2026/04/02,12:30,順方向,0.0,3550.0,0,0.0,3550,熱容量（作業）,0,0,0,0,0,2026/04/01 22:54:22
翌日,20260401,更新後,相馬双葉幹線,2026/04/02,12:30,逆方向,-5910.0,3550.0,0,0.0,-2360,熱容量,0,0,0,0,0,2026/04/01 22:54:22
翌日,20260401,更新後,相馬双葉幹線,2026/04/02,13:00,順方向,0.0,3550.0,0,0.0,3550,熱容量（作業）,0,0,0,0,0,2026/04/01 22:54:22
翌日,20260401,更新後,相馬双葉幹線,2026/04/02,13:00,逆方向,-5908.5,3550.0,0,-1.5,-2360,熱容量,0,0,0,0,0,2026/04/01 22:54:22
翌日,20260401,更新後,相馬双葉幹線,2026/04/02,13:30,順方向,10.2,3539.8,0,0.0,3550,熱容量（作業）,0,0,0,0,0,2026/04/01 22:54:22
翌日,20260401,更新後,相馬双葉幹線,2026/04/02,13:30,逆方向,-5899.8,3539.8,0,0.0,-2360,熱容量,0,0,0,0,0,2026/04/01 22:54:22
翌日,20260401,更新後,相馬双葉幹線,2026/04/02,14:00,順方向,8.9,3541.1,0,0.0,3550,熱容量（作業）,0,0,0,0,0,2026/04/01 22:54:22
翌日,20260401,更新後,相馬双葉幹線,2026/04/02,14:00,逆方向,-5901.1,3541.1,0,0.0,-2360,熱容量,0,0,0,0,0,2026/04/01 22:54:22
翌日,20260401,更新後,相馬双葉幹線,2026/04/02,14:30,順方向,110.0,3440.0,0,0.0,3550,熱容量（作業）,0,0,0,0,0,2026/04/01 22:54:22
翌日,20260401,更新後,相馬双葉幹線,2026/04/02,14:30,逆方向,-5736.044,3440.0,0,-63.956,-2360,熱容量,0,0,0,0,0,2026/04/01 22:54:22
翌日,20260401,更新後,相馬双葉幹線,2026/04/02,15:00,順方向,476.9,3073.1,0,0.0,3550,熱容量（作業）,0,0,0,0,0,2026/04/01 22:54:22
翌日,20260401,更新後,相馬双葉幹線,2026/04/02,15:00,逆方向,-5433.1,3073.1,0,0.0,-2360,熱容量,0,0,0,0,0,2026/04/01 22:54:22
翌日,20260401,更新後,相馬双葉幹線,2026/04/02,15:30,順方向,0.0,3550.0,0,0.0,3550,熱容量（作業）,0,0,0,0,0,2026/04/01 22:54:22
翌日,20260401,更新後,相馬双葉幹線,2026/04/02,15:30,逆方向,-5751.534,3550.0,0,-158.466,-2360,熱容量,0,0,0,0,0,2026/04/01 22:54:22
翌日,20260401,更新後,相馬双葉幹線,2026/04/02,16:00,順方向,353.3,3196.7,0,0.0,3550,熱容量（作業）,0,0,0,0,0,2026/04/01 22:54:22
翌日,20260401,更新後,相馬双葉幹線,2026/04/02,16:00,逆方向,-5416.178,3196.7,0,-140.522,-2360,熱容量,0,0,0,0,0,2026/04/01 22:54:22
翌日,20260401,更新後,相馬双葉幹線,2026/04/02,16:30,順方向,641.0,2909.0,0,0.0,3550,熱容量（作業）,0,0,0,0,0,2026/04/01 22:54:22
翌日,20260401,更新後,相馬双葉幹線,2026/04/02,16:30,逆方向,-5269.0,2909.0,0,0.0,-2360,熱容量,0,0,0,0,0,2026/04/01 22:54:22
翌日,20260401,更新後,相馬双葉幹線,2026/04/02,17:00,順方向,268.9,3281.1,0,0.0,3550,熱容量（作業）,0,0,0,0,0,2026/04/01 22:54:22
翌日,20260401,更新後,相馬双葉幹線,2026/04/02,17:00,逆方向,-5602.1,3281.1,0,-39.0,-2360,熱容量,0,0,0,0,0,2026/04/01 22:54:22
翌日,20260401,更新後,相馬双葉幹線,2026/04/02,17:30,順方向,399.0,3151.0,0,0.0,3550,熱容量（作業）,0,0,0,0,0,2026/04/01 22:54:22
翌日,20260401,更新後,相馬双葉幹線,2026/04/02,17:30,逆方向,-5356.0,3151.0,0,-155.0,-2360,熱容量,0,0,0,0,0,2026/04/01 22:54:22
翌日,20260401,更新後,相馬双葉幹線,2026/04/02,18:00,順方向,955.5,2594.5,0,0.0,3550,熱容量（作業）,0,0,0,0,0,2026/04/01 22:54:22
翌日,20260401,更新後,相馬双葉幹線,2026/04/02,18:00,逆方向,-4844.416,2594.5,0,-110.084,-2360,熱容量,0,0,0,0,0,2026/04/01 22:54:22
翌日,20260401,更新後,相馬双葉幹線,2026/04/02,18:30,順方向,994.2,2555.8,0,0.0,3550,熱容量（作業）,0,0,0,0,0,2026/04/01 22:54:22
翌日,20260401,更新後,相馬双葉幹線,2026/04/02,18:30,逆方向,-4830.8,2555.8,0,-85.0,-2360,熱容量,0,0,0,0,0,2026/04/01 22:54:22
翌日,20260401,更新後,相馬双葉幹線,2026/04/02,19:00,順方向,927.9,2622.1,0,0.0,3550,熱容量（作業）,0,0,0,0,0,2026/04/01 22:54:22
翌日,20260401,更新後,相馬双葉幹線,2026/04/02,19:00,逆方向,-4897.1,2622.1,0,-85.0,-2360,熱容量,0,0,0,0,0,2026/04/01 22:54:22
翌日,20260401,更新後,相馬双葉幹線,2026/04/02,19:30,順方向,376.5,3173.5,0,0.0,3550,熱容量（作業）,0,0,0,0,0,2026/04/01 22:54:22
翌日,20260401,更新後,相馬双葉幹線,2026/04/02,19:30,逆方向,-5358.14,3173.5,0,-175.36,-2360,熱容量,0,0,0,0,0,2026/04/01 22:54:22
翌日,20260401,更新後,相馬双葉幹線,2026/04/02,20:00,順方向,419.7,3130.3,0,0.0,3550,熱容量（作業）,0,0,0,0,0,2026/04/01 22:54:22
翌日,20260401,更新後,相馬双葉幹線,2026/04/02,20:00,逆方向,-5385.3,3130.3,0,-105.0,-2360,熱容量,0,0,0,0,0,2026/04/01 22:54:22
翌日,20260401,更新後,相馬双葉幹線,2026/04/02,20:30,順方向,414.7,3135.3,0,0.0,3550,熱容量（作業）,0,0,0,0,0,2026/04/01 22:54:22
翌日,20260401,更新後,相馬双葉幹線,2026/04/02,20:30,逆方向,-5407.3,3135.3,0,-88.0,-2360,熱容量,0,0,0,0,0,2026/04/01 22:54:22
翌日,20260401,更新後,相馬双葉幹線,2026/04/02,21:00,順方向,616.7,2933.3,0,0.0,3550,熱容量（作業）,0,0,0,0,0,2026/04/01 22:54:22
翌日,20260401,更新後,相馬双葉幹線,2026/04/02,21:00,逆方向,-5277.3,2933.3,0,-16.0,-2360,熱容量,0,0,0,0,0,2026/04/01 22:54:22
翌日,20260401,更新後,相馬双葉幹線,2026/04/02,21:30,順方向,0.0,3550.0,0,0.0,3550,熱容量（作業）,0,0,0,0,0,2026/04/01 22:54:22
翌日,20260401,更新後,相馬双葉幹線,2026/04/02,21:30,逆方向,-5910.0,3550.0,0,0.0,-2360,熱容量,0,0,0,0,0,2026/04/01 22:54:22
翌日,20260401,更新後,相馬双葉幹線,2026/04/02,22:00,順方向,0.0,3550.0,0,0.0,3550,熱容量（作業）,0,0,0,0,0,2026/04/01 22:54:22
翌日,20260401,更新後,相馬双葉幹線,2026/04/02,22:00,逆方向,-5901.0,3550.0,0,-9.0,-2360,熱容量,0,0,0,0,0,2026/04/01 22:54:22
翌日,20260401,更新後,相馬双葉幹線,2026/04/02,22:30,順方向,0.0,3450.0,0,0.0,3450,熱容量（作業）,0,0,0,0,0,2026/04/01 22:54:22
翌日,20260401,更新後,相馬双葉幹線,2026/04/02,22:30,逆方向,-5713.0,3450.0,0,-97.0,-2360,熱容量,0,0,0,0,0,2026/04/01 22:54:22
翌日,20260401,更新後,相馬双葉幹線,2026/04/02,23:00,順方向,0.0,3450.0,0,0.0,3450,熱容量（作業）,0,0,0,0,0,2026/04/01 22:54:22
翌日,20260401,更新後,相馬双葉幹線,2026/04/02,23:00,逆方向,-5799.649,3450.0,0,-10.351,-2360,熱容量,0,0,0,0,0,2026/04/01 22:54:22
翌日,20260401,更新後,相馬双葉幹線,2026/04/02,23:30,順方向,11.6,3438.4,0,0.0,3450,熱容量（作業）,0,0,0,0,0,2026/04/01 22:54:22
翌日,20260401,更新後,相馬双葉幹線,2026/04/02,23:30,逆方向,-5695.4,3438.4,0,-103.0,-2360,熱容量,0,0,0,0,0,2026/04/01 22:54:22
翌日,20260401,更新後,相馬双葉幹線,2026/04/02,24:00,順方向,717.5,2732.5,0,0.0,3450,熱容量（作業）,0,0,0,0,0,2026/04/01 22:54:22
翌日,20260401,更新後,相馬双葉幹線,2026/04/02,24:00,逆方向,-4875.5,2732.5,0,-217.0,-2360,熱容量,0,0,0,0,0,2026/04/01 22:54:22
翌日,20260401,更新後,周波数変換設備,2026/04/02,00:30,順方向,173.6,726.4,0,600.0,1500,熱容量（作業）,0,0,0,0,0,2026/04/01 22:54:22
翌日,20260401,更新後,周波数変換設備,2026/04/02,00:30,逆方向,-1536.063,726.4,0,-690.337,-1500,熱容量（作業）,0,0,0,0,0,2026/04/01 22:54:22
翌日,20260401,更新後,周波数変換設備,2026/04/02,01:00,順方向,195.3,704.7,0,600.0,1500,熱容量（作業）,0,0,0,0,0,2026/04/01 22:54:22
翌日,20260401,更新後,周波数変換設備,2026/04/02,01:00,逆方向,-1509.648,704.7,0,-695.052,-1500,熱容量（作業）,0,0,0,0,0,2026/04/01 22:54:22
翌日,20260401,更新後,周波数変換設備,2026/04/02,01:30,順方向,12.8,887.2,0,600.0,1500,熱容量（作業）,0,0,0,0,0,2026/04/01 22:54:22
翌日,20260401,更新後,周波数変換設備,2026/04/02,01:30,逆方向,-1688.132,887.2,0,-699.068,-1500,熱容量（作業）,0,0,0,0,0,2026/04/01 22:54:22
翌日,20260401,更新後,周波数変換設備,2026/04/02,02:00,順方向,2.2,897.8,0,600.0,1500,熱容量（作業）,0,0,0,0,0,2026/04/01 22:54:22
翌日,20260401,更新後,周波数変換設備,2026/04/02,02:00,逆方向,-1673.102,897.8,0,-724.698,-1500,熱容量（作業）,0,0,0,0,0,2026/04/01 22:54:22
翌日,20260401,更新後,周波数変換設備,2026/04/02,02:30,順方向,0.0,900.0,0,600.0,1500,熱容量（作業）,0,0,0,0,0,2026/04/01 22:54:22
翌日,20260401,更新後,周波数変換設備,2026/04/02,02:30,逆方向,-1694.45,900.0,0,-705.55,-1500,熱容量（作業）,0,0,0,0,0,2026/04/01 22:54:22
翌日,20260401,更新後,周波数変換設備,2026/04/02,03:00,順方向,0.0,900.0,0,600.0,1500,熱容量（作業）,0,0,0,0,0,2026/04/01 22:54:22
翌日,20260401,更新後,周波数変換設備,2026/04/02,03:00,逆方向,-1700.468,900.0,0,-699.532,-1500,熱容量（作業）,0,0,0,0,0,2026/04/01 22:54:22
翌日,20260401,更新後,周波数変換設備,2026/04/02,03:30,順方向,0.0,900.0,0,600.0,1500,熱容量（作業）,0,0,0,0,0,2026/04/01 22:54:22
翌日,20260401,更新後,周波数変換設備,2026/04/02,03:30,逆方向,-1742.962,900.0,0,-657.038,-1500,熱容量（作業）,0,0,0,0,0,2026/04/01 22:54:22
翌日,20260401,更新後,周波数変換設備,2026/04/02,04:00,順方向,0.0,900.0,0,600.0,1500,熱容量（作業）,0,0,0,0,0,2026/04/01 22:54:22
翌日,20260401,更新後,周波数変換設備,2026/04/02,04:00,逆方向,-1745.826,900.0,0,-654.174,-1500,熱容量（作業）,0,0,0,0,0,2026/04/01 22:54:22
翌日,20260401,更新後,周波数変換設備,2026/04/02,04:30,順方向,0.0,900.0,0,600.0,1500,熱容量（作業）,0,0,0,0,0,2026/04/01 22:54:22
翌日,20260401,更新後,周波数変換設備,2026/04/02,04:30,逆方向,-1800.0,900.0,0,-600.0,-1500,熱容量（作業）,0,0,0,0,0,2026/04/01 22:54:22
翌日,20260401,更新後,周波数変換設備,2026/04/02,05:00,順方向,0.0,900.0,0,600.0,1500,熱容量（作業）,0,0,0,0,0,2026/04/01 22:54:22
翌日,20260401,更新後,周波数変換設備,2026/04/02,05:00,逆方向,-1733.8,900.0,0,-666.2,-1500,熱容量（作業）,0,0,0,0,0,2026/04/01 22:54:22
翌日,20260401,更新後,周波数変換設備,2026/04/02,05:30,順方向,0.0,900.0,0,600.0,1500,熱容量（作業）,0,0,0,0,0,2026/04/01 22:54:22
翌日,20260401,更新後,周波数変換設備,2026/04/02,05:30,逆方向,-1719.881,900.0,0,-680.119,-1500,熱容量（作業）,0,0,0,0,0,2026/04/01 22:54:22
翌日,20260401,更新後,周波数変換設備,2026/04/02,06:00,順方向,0.0,900.0,0,600.0,1500,熱容量（作業）,0,0,0,0,0,2026/04/01 22:54:22
翌日,20260401,更新後,周波数変換設備,2026/04/02,06:00,逆方向,-1624.466,900.0,0,-775.534,-1500,熱容量（作業）,0,0,0,0,0,2026/04/01 22:54:22
翌日,20260401,更新後,周波数変換設備,2026/04/02,06:30,順方向,288.1,611.9,0,600.0,1500,熱容量（作業）,0,0,0,0,0,2026/04/01 22:54:22
翌日,20260401,更新後,周波数変換設備,2026/04/02,06:30,逆方向,-1335.943,611.9,0,-775.957,-1500,熱容量（作業）,0,0,0,0,0,2026/04/01 22:54:22
翌日,20260401,更新後,周波数変換設備,2026/04/02,07:00,順方向,360.4,539.6,0,600.0,1500,熱容量（作業）,0,0,0,0,0,2026/04/01 22:54:22
翌日,20260401,更新後,周波数変換設備,2026/04/02,07:00,逆方向,-811.632,539.6,0,-1227.968,-1500,熱容量（作業）,0,0,0,0,0,2026/04/01 22:54:22
翌日,20260401,更新後,周波数変換設備,2026/04/02,07:30,順方向,1102.1,-202.1,0,600.0,1500,熱容量（作業）,0,0,0,0,0,2026/04/01 22:54:22
翌日,20260401,更新後,周波数変換設備,2026/04/02,07:30,逆方向,-494.357,-202.1,0,-803.543,-1500,熱容量（作業）,0,0,0,0,0,2026/04/01 22:54:22
翌日,20260401,更新後,周波数変換設備,2026/04/02,08:00,順方向,1625.2,-742.9,0,617.7,1500,熱容量（作業）,0,0,0,0,0,2026/04/01 22:54:22
翌日,20260401,更新後,周波数変換設備,2026/04/02,08:00,逆方向,-157.1,-742.9,0,-600.0,-1500,熱容量（作業）,0,0,0,0,0,2026/04/01 22:54:22
翌日,20260401,更新後,周波数変換設備,2026/04/02,08:30,順方向,1800.0,-900.0,0,600.0,1500,熱容量（作業）,0,0,0,0,0,2026/04/01 22:54:22
翌日,20260401,更新後,周波数変換設備,2026/04/02,08:30,逆方向,0.0,-900.0,0,-600.0,-1500,熱容量（作業）,0,0,0,0,0,2026/04/01 22:54:22
翌日,20260401,更新後,周波数変換設備,2026/04/02,09:00,順方向,1800.0,-900.0,0,600.0,1500,熱容量（作業）,0,0,0,0,0,2026/04/01 22:54:22
翌日,20260401,更新後,周波数変換設備,2026/04/02,09:00,逆方向,0.0,-900.0,0,-600.0,-1500,熱容量（作業）,0,0,0,0,0,2026/04/01 22:54:22
翌日,20260401,更新後,周波数変換設備,2026/04/02,09:30,順方向,1800.0,-900.0,0,600.0,1500,熱容量（作業）,0,0,0,0,0,2026/04/01 22:54:22
翌日,20260401,更新後,周波数変換設備,2026/04/02,09:30,逆方向,0.0,-900.0,0,-600.0,-1500,熱容量（作業）,0,0,0,0,0,2026/04/01 22:54:22
翌日,20260401,更新後,周波数変換設備,2026/04/02,10:00,順方向,1665.672,-900.0,0,734.328,1500,熱容量（作業）,0,0,0,0,0,2026/04/01 22:54:22
翌日,20260401,更新後,周波数変換設備,2026/04/02,10:00,逆方向,0.0,-900.0,0,-600.0,-1500,熱容量（作業）,0,0,0,0,0,2026/04/01 22:54:22
翌日,20260401,更新後,周波数変換設備,2026/04/02,10:30,順方向,1672.0,-900.0,0,728.0,1500,熱容量（作業）,0,0,0,0,0,2026/04/01 22:54:22
翌日,20260401,更新後,周波数変換設備,2026/04/02,10:30,逆方向,0.0,-900.0,0,-600.0,-1500,熱容量（作業）,0,0,0,0,0,2026/04/01 22:54:22
翌日,20260401,更新後,周波数変換設備,2026/04/02,11:00,順方向,1597.281,-900.0,0,802.719,1500,熱容量（作業）,0,0,0,0,0,2026/04/01 22:54:22
翌日,20260401,更新後,周波数変換設備,2026/04/02,11:00,逆方向,0.0,-900.0,0,-600.0,-1500,熱容量（作業）,0,0,0,0,0,2026/04/01 22:54:22
翌日,20260401,更新後,周波数変換設備,2026/04/02,11:30,順方向,1643.0,-900.0,0,757.0,1500,熱容量（作業）,0,0,0,0,0,2026/04/01 22:54:22
翌日,20260401,更新後,周波数変換設備,2026/04/02,11:30,逆方向,0.0,-900.0,0,-600.0,-1500,熱容量（作業）,0,0,0,0,0,2026/04/01 22:54:22
翌日,20260401,更新後,周波数変換設備,2026/04/02,12:00,順方向,1752.001,-900.0,0,647.999,1500,熱容量（作業）,0,0,0,0,0,2026/04/01 22:54:22
翌日,20260401,更新後,周波数変換設備,2026/04/02,12:00,逆方向,0.0,-900.0,0,-600.0,-1500,熱容量（作業）,0,0,0,0,0,2026/04/01 22:54:22
翌日,20260401,更新後,周波数変換設備,2026/04/02,12:30,順方向,1633.427,-900.0,0,766.573,1500,熱容量（作業）,0,0,0,0,0,2026/04/01 22:54:22
翌日,20260401,更新後,周波数変換設備,2026/04/02,12:30,逆方向,0.0,-900.0,0,-600.0,-1500,熱容量（作業）,0,0,0,0,0,2026/04/01 22:54:22
翌日,20260401,更新後,周波数変換設備,2026/04/02,13:00,順方向,1681.559,-900.0,0,718.441,1500,熱容量（作業）,0,0,0,0,0,2026/04/01 22:54:22
翌日,20260401,更新後,周波数変換設備,2026/04/02,13:00,逆方向,0.0,-900.0,0,-600.0,-1500,熱容量（作業）,0,0,0,0,0,2026/04/01 22:54:22
翌日,20260401,更新後,周波数変換設備,2026/04/02,13:30,順方向,1665.189,-900.0,0,734.811,1500,熱容量（作業）,0,0,0,0,0,2026/04/01 22:54:22
翌日,20260401,更新後,周波数変換設備,2026/04/02,13:30,逆方向,0.0,-900.0,0,-600.0,-1500,熱容量（作業）,0,0,0,0,0,2026/04/01 22:54:22
翌日,20260401,更新後,周波数変換設備,2026/04/02,14:00,順方向,1655.299,-900.0,0,744.701,1500,熱容量（作業）,0,0,0,0,0,2026/04/01 22:54:22
翌日,20260401,更新後,周波数変換設備,2026/04/02,14:00,逆方向,0.0,-900.0,0,-600.0,-1500,熱容量（作業）,0,0,0,0,0,2026/04/01 22:54:22
翌日,20260401,更新後,周波数変換設備,2026/04/02,14:30,順方向,1797.5,-900.0,0,602.5,1500,熱容量（作業）,0,0,0,0,0,2026/04/01 22:54:22
翌日,20260401,更新後,周波数変換設備,2026/04/02,14:30,逆方向,0.0,-900.0,0,-600.0,-1500,熱容量（作業）,0,0,0,0,0,2026/04/01 22:54:22
翌日,20260401,更新後,周波数変換設備,2026/04/02,15:00,順方向,1764.748,-900.0,0,635.252,1500,熱容量（作業）,0,0,0,0,0,2026/04/01 22:54:22
翌日,20260401,更新後,周波数変換設備,2026/04/02,15:00,逆方向,0.0,-900.0,0,-600.0,-1500,熱容量（作業）,0,0,0,0,0,2026/04/01 22:54:22
翌日,20260401,更新後,周波数変換設備,2026/04/02,15:30,順方向,1800.0,-900.0,0,600.0,1500,熱容量（作業）,0,0,0,0,0,2026/04/01 22:54:22
翌日,20260401,更新後,周波数変換設備,2026/04/02,15:30,逆方向,0.0,-900.0,0,-600.0,-1500,熱容量（作業）,0,0,0,0,0,2026/04/01 22:54:22
翌日,20260401,更新後,周波数変換設備,2026/04/02,16:00,順方向,1771.746,-900.0,0,628.254,1500,熱容量（作業）,0,0,0,0,0,2026/04/01 22:54:22
翌日,20260401,更新後,周波数変換設備,2026/04/02,16:00,逆方向,0.0,-900.0,0,-600.0,-1500,熱容量（作業）,0,0,0,0,0,2026/04/01 22:54:22
翌日,20260401,更新後,周波数変換設備,2026/04/02,16:30,順方向,1668.672,-900.0,0,731.328,1500,熱容量（作業）,0,0,0,0,0,2026/04/01 22:54:22
翌日,20260401,更新後,周波数変換設備,2026/04/02,16:30,逆方向,0.0,-900.0,0,-600.0,-1500,熱容量（作業）,0,0,0,0,0,2026/04/01 22:54:22
翌日,20260401,更新後,周波数変換設備,2026/04/02,17:00,順方向,1552.273,-800.7,0,748.427,1500,熱容量（作業）,0,0,0,0,0,2026/04/01 22:54:22
翌日,20260401,更新後,周波数変換設備,2026/04/02,17:00,逆方向,-99.3,-800.7,0,-600.0,-1500,熱容量（作業）,0,0,0,0,0,2026/04/01 22:54:22
翌日,20260401,更新後,周波数変換設備,2026/04/02,17:30,順方向,513.1,386.9,0,600.0,1500,熱容量（作業）,0,0,0,0,0,2026/04/01 22:54:22
翌日,20260401,更新後,周波数変換設備,2026/04/02,17:30,逆方向,-1022.596,386.9,0,-864.304,-1500,熱容量（作業）,0,0,0,0,0,2026/04/01 22:54:22
翌日,20260401,更新後,周波数変換設備,2026/04/02,18:00,順方向,1595.5,-466.5,0,671.0,1800,熱容量（作業）,0,0,0,0,0,2026/04/01 22:54:22
翌日,20260401,更新後,周波数変換設備,2026/04/02,18:00,逆方向,-615.434,-466.5,0,-718.066,-1800,熱容量（作業）,0,0,0,0,0,2026/04/01 22:54:22
翌日,20260401,更新後,周波数変換設備,2026/04/02,18:30,順方向,1603.9,-403.9,0,600.0,1800,熱容量（作業）,0,0,0,0,0,2026/04/01 22:54:22
翌日,20260401,更新後,周波数変換設備,2026/04/02,18:30,逆方向,-707.704,-403.9,0,-688.396,-1800,熱容量（作業）,0,0,0,0,0,2026/04/01 22:54:22
翌日,20260401,更新後,周波数変換設備,2026/04/02,19:00,順方向,1432.6,-232.6,0,600.0,1800,熱容量（作業）,0,0,0,0,0,2026/04/01 22:54:22
翌日,20260401,更新後,周波数変換設備,2026/04/02,19:00,逆方向,-770.63,-232.6,0,-796.77,-1800,熱容量（作業）,0,0,0,0,0,2026/04/01 22:54:22
翌日,20260401,更新後,周波数変換設備,2026/04/02,19:30,順方向,418.8,781.2,0,600.0,1800,熱容量（作業）,0,0,0,0,0,2026/04/01 22:54:22
翌日,20260401,更新後,周波数変換設備,2026/04/02,19:30,逆方向,-1689.124,781.2,0,-892.076,-1800,熱容量（作業）,0,0,0,0,0,2026/04/01 22:54:22
翌日,20260401,更新後,周波数変換設備,2026/04/02,20:00,順方向,148.9,1051.1,0,600.0,1800,熱容量（作業）,0,0,0,0,0,2026/04/01 22:54:22
翌日,20260401,更新後,周波数変換設備,2026/04/02,20:00,逆方向,-1942.0,1051.1,0,-909.1,-1800,熱容量（作業）,0,0,0,0,0,2026/04/01 22:54:22
翌日,20260401,更新後,周波数変換設備,2026/04/02,20:30,順方向,158.9,1041.1,0,600.0,1800,熱容量（作業）,0,0,0,0,0,2026/04/01 22:54:22
翌日,20260401,更新後,周波数変換設備,2026/04/02,20:30,逆方向,-1918.123,1041.1,0,-922.977,-1800,熱容量（作業）,0,0,0,0,0,2026/04/01 22:54:22
翌日,20260401,更新後,周波数変換設備,2026/04/02,21:00,順方向,220.7,979.3,0,600.0,1800,熱容量（作業）,0,0,0,0,0,2026/04/01 22:54:22
翌日,20260401,更新後,周波数変換設備,2026/04/02,21:00,逆方向,-1870.21,979.3,0,-909.09,-1800,熱容量（作業）,0,0,0,0,0,2026/04/01 22:54:22
翌日,20260401,更新後,周波数変換設備,2026/04/02,21:30,順方向,640.4,559.6,0,600.0,1800,熱容量（作業）,0,0,0,0,0,2026/04/01 22:54:22
翌日,20260401,更新後,周波数変換設備,2026/04/02,21:30,逆方向,-1461.996,559.6,0,-897.604,-1800,熱容量（作業）,0,0,0,0,0,2026/04/01 22:54:22
翌日,20260401,更新後,周波数変換設備,2026/04/02,22:00,順方向,1256.7,-56.7,0,600.0,1800,熱容量（作業）,0,0,0,0,0,2026/04/01 22:54:22
翌日,20260401,更新後,周波数変換設備,2026/04/02,22:00,逆方向,-808.323,-56.7,0,-934.977,-1800,熱容量（作業）,0,0,0,0,0,2026/04/01 22:54:22
翌日,20260401,更新後,周波数変換設備,2026/04/02,22:30,順方向,1027.6,172.4,0,600.0,1800,熱容量（作業）,0,0,0,0,0,2026/04/01 22:54:22
翌日,20260401,更新後,周波数変換設備,2026/04/02,22:30,逆方向,-881.342,172.4,0,-1091.058,-1800,熱容量（作業）,0,0,0,0,0,2026/04/01 22:54:22
翌日,20260401,更新後,周波数変換設備,2026/04/02,23:00,順方向,776.5,423.5,0,600.0,1800,熱容量（作業）,0,0,0,0,0,2026/04/01 22:54:22
翌日,20260401,更新後,周波数変換設備,2026/04/02,23:00,逆方向,-1290.757,423.5,0,-932.743,-1800,熱容量（作業）,0,0,0,0,0,2026/04/01 22:54:22
翌日,20260401,更新後,周波数変換設備,2026/04/02,23:30,順方向,441.6,758.4,0,600.0,1800,熱容量（作業）,0,0,0,0,0,2026/04/01 22:54:22
翌日,20260401,更新後,周波数変換設備,2026/04/02,23:30,逆方向,-1587.423,758.4,0,-970.977,-1800,熱容量（作業）,0,0,0,0,0,2026/04/01 22:54:22
翌日,20260401,更新後,周波数変換設備,2026/04/02,24:00,順方向,481.2,718.8,0,600.0,1800,熱容量（作業）,0,0,0,0,0,2026/04/01 22:54:22
翌日,20260401,更新後,周波数変換設備,2026/04/02,24:00,逆方向,-1497.686,718.8,0,-1021.114,-1800,熱容量（作業）,0,0,0,0,0,2026/04/01 22:54:22
翌日,20260401,更新後,西播東岡山線・山崎智頭線,2026/04/02,00:30,順方向,6519.917,-2223.9,0,303.983,4600,電圧,0,0,0,0,0,2026/04/01 22:54:22
翌日,20260401,更新後,西播東岡山線・山崎智頭線,2026/04/02,00:30,逆方向,-2087.342,-2412.658,0,0.0,-4500,電圧,0,0,0,0,0,2026/04/01 22:54:22
翌日,20260401,更新後,西播東岡山線・山崎智頭線,2026/04/02,01:00,順方向,6175.507,-1979.764,0,404.257,4600,電圧,0,0,0,0,0,2026/04/01 22:54:22
翌日,20260401,更新後,西播東岡山線・山崎智頭線,2026/04/02,01:00,逆方向,-2289.54,-2210.46,0,0.0,-4500,電圧,0,0,0,0,0,2026/04/01 22:54:22
翌日,20260401,更新後,西播東岡山線・山崎智頭線,2026/04/02,01:30,順方向,6101.685,-1885.534,0,383.849,4600,電圧,0,0,0,0,0,2026/04/01 22:54:22
翌日,20260401,更新後,西播東岡山線・山崎智頭線,2026/04/02,01:30,逆方向,-2447.352,-2052.648,0,0.0,-4500,電圧,0,0,0,0,0,2026/04/01 22:54:22
翌日,20260401,更新後,西播東岡山線・山崎智頭線,2026/04/02,02:00,順方向,6077.456,-1857.772,0,380.316,4600,電圧,0,0,0,0,0,2026/04/01 22:54:22
翌日,20260401,更新後,西播東岡山線・山崎智頭線,2026/04/02,02:00,逆方向,-2361.366,-2138.634,0,0.0,-4500,電圧,0,0,0,0,0,2026/04/01 22:54:22
翌日,20260401,更新後,西播東岡山線・山崎智頭線,2026/04/02,02:30,順方向,6221.484,-1985.546,0,364.062,4600,電圧,0,0,0,0,0,2026/04/01 22:54:22
翌日,20260401,更新後,西播東岡山線・山崎智頭線,2026/04/02,02:30,逆方向,-2222.656,-2277.344,0,0.0,-4500,電圧,0,0,0,0,0,2026/04/01 22:54:22
翌日,20260401,更新後,西播東岡山線・山崎智頭線,2026/04/02,03:00,順方向,6647.253,-2409.32,0,362.067,4600,電圧,0,0,0,0,0,2026/04/01 22:54:22
翌日,20260401,更新後,西播東岡山線・山崎智頭線,2026/04/02,03:00,逆方向,-1889.686,-2610.314,0,0.0,-4500,電圧,0,0,0,0,0,2026/04/01 22:54:22
翌日,20260401,更新後,西播東岡山線・山崎智頭線,2026/04/02,03:30,順方向,6650.496,-2358.338,0,307.842,4600,電圧,0,0,0,0,0,2026/04/01 22:54:22
翌日,20260401,更新後,西播東岡山線・山崎智頭線,2026/04/02,03:30,逆方向,-1933.75,-2566.25,0,0.0,-4500,電圧,0,0,0,0,0,2026/04/01 22:54:22
翌日,20260401,更新後,西播東岡山線・山崎智頭線,2026/04/02,04:00,順方向,6577.224,-2176.626,0,199.402,4600,電圧,0,0,0,0,0,2026/04/01 22:54:22
翌日,20260401,更新後,西播東岡山線・山崎智頭線,2026/04/02,04:00,逆方向,-1847.796,-2652.204,0,0.0,-4500,電圧,0,0,0,0,0,2026/04/01 22:54:22
翌日,20260401,更新後,西播東岡山線・山崎智頭線,2026/04/02,04:30,順方向,6720.528,-2283.066,0,162.538,4600,電圧,0,0,0,0,0,2026/04/01 22:54:22
翌日,20260401,更新後,西播東岡山線・山崎智頭線,2026/04/02,04:30,逆方向,-1715.397,-2738.028,0,-46.575,-4500,電圧,0,0,0,0,0,2026/04/01 22:54:22
翌日,20260401,更新後,西播東岡山線・山崎智頭線,2026/04/02,05:00,順方向,6399.892,-2208.294,0,408.402,4600,電圧,0,0,0,0,0,2026/04/01 22:54:22
翌日,20260401,更新後,西播東岡山線・山崎智頭線,2026/04/02,05:00,逆方向,-1823.154,-2676.846,0,0.0,-4500,電圧,0,0,0,0,0,2026/04/01 22:54:22
翌日,20260401,更新後,西播東岡山線・山崎智頭線,2026/04/02,05:30,順方向,6441.616,-2245.782,0,404.166,4600,電圧,0,0,0,0,0,2026/04/01 22:54:22
翌日,20260401,更新後,西播東岡山線・山崎智頭線,2026/04/02,05:30,逆方向,-1780.6,-2719.4,0,0.0,-4500,電圧,0,0,0,0,0,2026/04/01 22:54:22
翌日,20260401,更新後,西播東岡山線・山崎智頭線,2026/04/02,06:00,順方向,6486.122,-2132.02,0,245.898,4600,電圧,0,0,0,0,0,2026/04/01 22:54:22
翌日,20260401,更新後,西播東岡山線・山崎智頭線,2026/04/02,06:00,逆方向,-1922.972,-2577.028,0,0.0,-4500,電圧,0,0,0,0,0,2026/04/01 22:54:22
翌日,20260401,更新後,西播東岡山線・山崎智頭線,2026/04/02,06:30,順方向,6307.989,-2110.04,0,402.051,4600,電圧,0,0,0,0,0,2026/04/01 22:54:22
翌日,20260401,更新後,西播東岡山線・山崎智頭線,2026/04/02,06:30,逆方向,-1908.768,-2552.084,0,-39.148,-4500,電圧,0,0,0,0,0,2026/04/01 22:54:22
翌日,20260401,更新後,西播東岡山線・山崎智頭線,2026/04/02,07:00,順方向,6500.226,-2270.166,0,369.94,4600,電圧,0,0,0,0,0,2026/04/01 22:54:22
翌日,20260401,更新後,西播東岡山線・山崎智頭線,2026/04/02,07:00,逆方向,-1900.113,-2559.492,0,-40.395,-4500,電圧,0,0,0,0,0,2026/04/01 22:54:22
翌日,20260401,更新後,西播東岡山線・山崎智頭線,2026/04/02,07:30,順方向,6562.173,-2520.34,0,558.167,4600,電圧,0,0,0,0,0,2026/04/01 22:54:22
翌日,20260401,更新後,西播東岡山線・山崎智頭線,2026/04/02,07:30,逆方向,-1282.262,-3217.738,0,0.0,-4500,電圧,0,0,0,0,0,2026/04/01 22:54:22
翌日,20260401,更新後,西播東岡山線・山崎智頭線,2026/04/02,08:00,順方向,6440.272,-2587.608,0,747.336,4600,電圧,0,0,0,0,0,2026/04/01 22:54:22
翌日,20260401,更新後,西播東岡山線・山崎智頭線,2026/04/02,08:00,逆方向,-1110.172,-3389.828,0,0.0,-4500,電圧,0,0,0,0,0,2026/04/01 22:54:22
翌日,20260401,更新後,西播東岡山線・山崎智頭線,2026/04/02,08:30,順方向,6892.528,-2935.356,0,642.828,4600,電圧,0,0,0,0,0,2026/04/01 22:54:22
翌日,20260401,更新後,西播東岡山線・山崎智頭線,2026/04/02,08:30,逆方向,-606.572,-3893.428,0,0.0,-4500,電圧,0,0,0,0,0,2026/04/01 22:54:22
翌日,20260401,更新後,西播東岡山線・山崎智頭線,2026/04/02,09:00,順方向,6737.976,-2905.702,0,767.726,4600,電圧,0,0,0,0,0,2026/04/01 22:54:22
翌日,20260401,更新後,西播東岡山線・山崎智頭線,2026/04/02,09:00,逆方向,-519.57,-3980.43,0,0.0,-4500,電圧,0,0,0,0,0,2026/04/01 22:54:22
翌日,20260401,更新後,西播東岡山線・山崎智頭線,2026/04/02,09:30,順方向,7340.102,-3310.978,0,570.876,4600,電圧,0,0,0,0,0,2026/04/01 22:54:22
翌日,20260401,更新後,西播東岡山線・山崎智頭線,2026/04/02,09:30,逆方向,-0.038,-4499.962,0,0.0,-4500,電圧,0,0,0,0,0,2026/04/01 22:54:22
翌日,20260401,更新後,西播東岡山線・山崎智頭線,2026/04/02,10:00,順方向,7237.458,-3212.71,0,575.252,4600,電圧,0,0,0,0,0,2026/04/01 22:54:22
翌日,20260401,更新後,西播東岡山線・山崎智頭線,2026/04/02,10:00,逆方向,0.0,-4500.0,0,0.0,-4500,電圧,0,0,0,0,0,2026/04/01 22:54:22
翌日,20260401,更新後,西播東岡山線・山崎智頭線,2026/04/02,10:30,順方向,7017.894,-2856.494,0,438.6,4600,電圧,0,0,0,0,0,2026/04/01 22:54:22
翌日,20260401,更新後,西播東岡山線・山崎智頭線,2026/04/02,10:30,逆方向,-337.216,-4162.784,0,0.0,-4500,電圧,0,0,0,0,0,2026/04/01 22:54:22
翌日,20260401,更新後,西播東岡山線・山崎智頭線,2026/04/02,11:00,順方向,6971.208,-2922.696,0,551.488,4600,電圧,0,0,0,0,0,2026/04/01 22:54:22
翌日,20260401,更新後,西播東岡山線・山崎智頭線,2026/04/02,11:00,逆方向,-242.342,-4257.658,0,0.0,-4500,電圧,0,0,0,0,0,2026/04/01 22:54:22
翌日,20260401,更新後,西播東岡山線・山崎智頭線,2026/04/02,11:30,順方向,6981.858,-2926.768,0,544.91,4600,電圧,0,0,0,0,0,2026/04/01 22:54:22
翌日,20260401,更新後,西播東岡山線・山崎智頭線,2026/04/02,11:30,逆方向,-180.024,-4319.976,0,0.0,-4500,電圧,0,0,0,0,0,2026/04/01 22:54:22
翌日,20260401,更新後,西播東岡山線・山崎智頭線,2026/04/02,12:00,順方向,6833.718,-2746.766,0,513.048,4600,電圧,0,0,0,0,0,2026/04/01 22:54:22
翌日,20260401,更新後,西播東岡山線・山崎智頭線,2026/04/02,12:00,逆方向,-366.286,-4133.714,0,0.0,-4500,電圧,0,0,0,0,0,2026/04/01 22:54:22
翌日,20260401,更新後,西播東岡山線・山崎智頭線,2026/04/02,12:30,順方向,6467.077,-2529.482,0,662.405,4600,電圧,0,0,0,0,0,2026/04/01 22:54:22
翌日,20260401,更新後,西播東岡山線・山崎智頭線,2026/04/02,12:30,逆方向,-527.316,-3972.684,0,0.0,-4500,電圧,0,0,0,0,0,2026/04/01 22:54:22
翌日,20260401,更新後,西播東岡山線・山崎智頭線,2026/04/02,13:00,順方向,6690.449,-2685.458,0,595.009,4600,電圧,0,0,0,0,0,2026/04/01 22:54:22
翌日,20260401,更新後,西播東岡山線・山崎智頭線,2026/04/02,13:00,逆方向,-366.034,-4133.966,0,0.0,-4500,電圧,0,0,0,0,0,2026/04/01 22:54:22
翌日,20260401,更新後,西播東岡山線・山崎智頭線,2026/04/02,13:30,順方向,7129.435,-3049.708,0,520.273,4600,電圧,0,0,0,0,0,2026/04/01 22:54:22
翌日,20260401,更新後,西播東岡山線・山崎智頭線,2026/04/02,13:30,逆方向,-40.276,-4459.724,0,0.0,-4500,電圧,0,0,0,0,0,2026/04/01 22:54:22
翌日,20260401,更新後,西播東岡山線・山崎智頭線,2026/04/02,14:00,順方向,7009.439,-3052.078,0,642.639,4600,電圧,0,0,0,0,0,2026/04/01 22:54:22
翌日,20260401,更新後,西播東岡山線・山崎智頭線,2026/04/02,14:00,逆方向,-70.628,-4429.372,0,0.0,-4500,電圧,0,0,0,0,0,2026/04/01 22:54:22
翌日,20260401,更新後,西播東岡山線・山崎智頭線,2026/04/02,14:30,順方向,7165.364,-3167.886,0,602.522,4600,電圧,0,0,0,0,0,2026/04/01 22:54:22
翌日,20260401,更新後,西播東岡山線・山崎智頭線,2026/04/02,14:30,逆方向,-0.066,-4499.934,0,0.0,-4500,電圧,0,0,0,0,0,2026/04/01 22:54:22
翌日,20260401,更新後,西播東岡山線・山崎智頭線,2026/04/02,15:00,順方向,7229.904,-3201.902,0,571.998,4600,電圧,0,0,0,0,0,2026/04/01 22:54:22
翌日,20260401,更新後,西播東岡山線・山崎智頭線,2026/04/02,15:00,逆方向,-0.024,-4499.976,0,0.0,-4500,電圧,0,0,0,0,0,2026/04/01 22:54:22
翌日,20260401,更新後,西播東岡山線・山崎智頭線,2026/04/02,15:30,順方向,7453.712,-3335.076,0,481.364,4600,電圧,0,0,0,0,0,2026/04/01 22:54:22
翌日,20260401,更新後,西播東岡山線・山崎智頭線,2026/04/02,15:30,逆方向,0.0,-4500.0,0,0.0,-4500,電圧,0,0,0,0,0,2026/04/01 22:54:22
翌日,20260401,更新後,西播東岡山線・山崎智頭線,2026/04/02,16:00,順方向,7918.474,-3651.36,0,332.886,4600,電圧,0,0,0,0,0,2026/04/01 22:54:22
翌日,20260401,更新後,西播東岡山線・山崎智頭線,2026/04/02,16:00,逆方向,-0.02,-4499.98,0,0.0,-4500,電圧,0,0,0,0,0,2026/04/01 22:54:22
翌日,20260401,更新後,西播東岡山線・山崎智頭線,2026/04/02,16:30,順方向,7903.258,-3582.218,0,278.96,4600,電圧,0,0,0,0,0,2026/04/01 22:54:22
翌日,20260401,更新後,西播東岡山線・山崎智頭線,2026/04/02,16:30,逆方向,0.0,-4500.0,0,0.0,-4500,電圧,0,0,0,0,0,2026/04/01 22:54:22
翌日,20260401,更新後,西播東岡山線・山崎智頭線,2026/04/02,17:00,順方向,7729.349,-3760.822,0,631.473,4600,電圧,0,0,0,0,0,2026/04/01 22:54:22
翌日,20260401,更新後,西播東岡山線・山崎智頭線,2026/04/02,17:00,逆方向,-0.78,-4499.22,0,0.0,-4500,電圧,0,0,0,0,0,2026/04/01 22:54:22
翌日,20260401,更新後,西播東岡山線・山崎智頭線,2026/04/02,17:30,順方向,8242.235,-3799.81,0,157.575,4600,電圧,0,0,0,0,0,2026/04/01 22:54:22
翌日,20260401,更新後,西播東岡山線・山崎智頭線,2026/04/02,17:30,逆方向,0.0,-4500.0,0,0.0,-4500,電圧,0,0,0,0,0,2026/04/01 22:54:22
翌日,20260401,更新後,西播東岡山線・山崎智頭線,2026/04/02,18:00,順方向,8169.617,-3774.978,0,205.361,4600,電圧,0,0,0,0,0,2026/04/01 22:54:22
翌日,20260401,更新後,西播東岡山線・山崎智頭線,2026/04/02,18:00,逆方向,-89.11,-4410.89,0,0.0,-4500,電圧,0,0,0,0,0,2026/04/01 22:54:22
翌日,20260401,更新後,西播東岡山線・山崎智頭線,2026/04/02,18:30,順方向,8159.56,-3559.56,0,0.0,4600,電圧,0,0,0,0,0,2026/04/01 22:54:22
翌日,20260401,更新後,西播東岡山線・山崎智頭線,2026/04/02,18:30,逆方向,-509.422,-3990.578,0,0.0,-4500,電圧,0,0,0,0,0,2026/04/01 22:54:22
翌日,20260401,更新後,西播東岡山線・山崎智頭線,2026/04/02,19:00,順方向,8193.642,-3593.642,0,0.0,4600,電圧,0,0,0,0,0,2026/04/01 22:54:22
翌日,20260401,更新後,西播東岡山線・山崎智頭線,2026/04/02,19:00,逆方向,-546.134,-3953.866,0,0.0,-4500,電圧,0,0,0,0,0,2026/04/01 22:54:22
翌日,20260401,更新後,西播東岡山線・山崎智頭線,2026/04/02,19:30,順方向,8227.854,-3639.34,0,11.486,4600,電圧,0,0,0,0,0,2026/04/01 22:54:22
翌日,20260401,更新後,西播東岡山線・山崎智頭線,2026/04/02,19:30,逆方向,-518.604,-3981.396,0,0.0,-4500,電圧,0,0,0,0,0,2026/04/01 22:54:22
翌日,20260401,更新後,西播東岡山線・山崎智頭線,2026/04/02,20:00,順方向,8147.082,-3547.082,0,0.0,4600,電圧,0,0,0,0,0,2026/04/01 22:54:22
翌日,20260401,更新後,西播東岡山線・山崎智頭線,2026/04/02,20:00,逆方向,-397.166,-4102.834,0,0.0,-4500,電圧,0,0,0,0,0,2026/04/01 22:54:22
翌日,20260401,更新後,西播東岡山線・山崎智頭線,2026/04/02,20:30,順方向,8261.236,-3661.236,0,0.0,4600,電圧,0,0,0,0,0,2026/04/01 22:54:22
翌日,20260401,更新後,西播東岡山線・山崎智頭線,2026/04/02,20:30,逆方向,-271.08,-4228.92,0,0.0,-4500,電圧,0,0,0,0,0,2026/04/01 22:54:22
翌日,20260401,更新後,西播東岡山線・山崎智頭線,2026/04/02,21:00,順方向,8282.312,-3682.312,0,0.0,4600,電圧,0,0,0,0,0,2026/04/01 22:54:22
翌日,20260401,更新後,西播東岡山線・山崎智頭線,2026/04/02,21:00,逆方向,-235.24,-4264.76,0,0.0,-4500,電圧,0,0,0,0,0,2026/04/01 22:54:22
翌日,20260401,更新後,西播東岡山線・山崎智頭線,2026/04/02,21:30,順方向,7742.11,-3155.11,0,13.0,4600,電圧,0,0,0,0,0,2026/04/01 22:54:22
翌日,20260401,更新後,西播東岡山線・山崎智頭線,2026/04/02,21:30,逆方向,-776.44,-3723.56,0,0.0,-4500,電圧,0,0,0,0,0,2026/04/01 22:54:22
翌日,20260401,更新後,西播東岡山線・山崎智頭線,2026/04/02,22:00,順方向,7553.095,-3024.402,0,71.307,4600,電圧,0,0,0,0,0,2026/04/01 22:54:22
翌日,20260401,更新後,西播東岡山線・山崎智頭線,2026/04/02,22:00,逆方向,-1001.192,-3498.808,0,0.0,-4500,電圧,0,0,0,0,0,2026/04/01 22:54:22
翌日,20260401,更新後,西播東岡山線・山崎智頭線,2026/04/02,22:30,順方向,6902.494,-2329.72,0,27.226,4600,電圧,0,0,0,0,0,2026/04/01 22:54:22
翌日,20260401,更新後,西播東岡山線・山崎智頭線,2026/04/02,22:30,逆方向,-1730.084,-2767.916,0,-2.0,-4500,電圧,0,0,0,0,0,2026/04/01 22:54:22
翌日,20260401,更新後,西播東岡山線・山崎智頭線,2026/04/02,23:00,順方向,7312.23,-2712.23,0,0.0,4600,電圧,0,0,0,0,0,2026/04/01 22:54:22
翌日,20260401,更新後,西播東岡山線・山崎智頭線,2026/04/02,23:00,逆方向,-1263.456,-3236.544,0,0.0,-4500,電圧,0,0,0,0,0,2026/04/01 22:54:22
翌日,20260401,更新後,西播東岡山線・山崎智頭線,2026/04/02,23:30,順方向,7387.826,-2787.826,0,0.0,4600,電圧,0,0,0,0,0,2026/04/01 22:54:22
翌日,20260401,更新後,西播東岡山線・山崎智頭線,2026/04/02,23:30,逆方向,-1153.072,-3346.928,0,0.0,-4500,電圧,0,0,0,0,0,2026/04/01 22:54:22
翌日,20260401,更新後,西播東岡山線・山崎智頭線,2026/04/02,24:00,順方向,7120.15,-2520.15,0,0.0,4600,電圧,0,0,0,0,0,2026/04/01 22:54:22
翌日,20260401,更新後,西播東岡山線・山崎智頭線,2026/04/02,24:00,逆方向,-1461.262,-2998.236,0,-40.502,-4500,電圧,0,0,0,0,0,2026/04/01 22:54:22
翌日,20260401,更新後,阿南紀北直流幹線,2026/04/02,00:30,順方向,620.0,-620.0,0,0.0,0,安定度,0,0,0,0,0,2026/04/01 22:54:22
翌日,20260401,更新後,阿南紀北直流幹線,2026/04/02,00:30,逆方向,0.0,-620.0,0,0.0,-620,熱容量,0,0,0,0,0,2026/04/01 22:54:22
翌日,20260401,更新後,阿南紀北直流幹線,2026/04/02,01:00,順方向,620.0,-620.0,0,0.0,0,安定度,0,0,0,0,0,2026/04/01 22:54:22
翌日,20260401,更新後,阿南紀北直流幹線,2026/04/02,01:00,逆方向,0.0,-620.0,0,0.0,-620,熱容量,0,0,0,0,0,2026/04/01 22:54:22
翌日,20260401,更新後,阿南紀北直流幹線,2026/04/02,01:30,順方向,620.0,-620.0,0,0.0,0,安定度,0,0,0,0,0,2026/04/01 22:54:22
翌日,20260401,更新後,阿南紀北直流幹線,2026/04/02,01:30,逆方向,0.0,-620.0,0,0.0,-620,熱容量,0,0,0,0,0,2026/04/01 22:54:22
翌日,20260401,更新後,阿南紀北直流幹線,2026/04/02,02:00,順方向,620.0,-620.0,0,0.0,0,安定度,0,0,0,0,0,2026/04/01 22:54:22
翌日,20260401,更新後,阿南紀北直流幹線,2026/04/02,02:00,逆方向,0.0,-620.0,0,0.0,-620,熱容量,0,0,0,0,0,2026/04/01 22:54:22
翌日,20260401,更新後,阿南紀北直流幹線,2026/04/02,02:30,順方向,620.0,-620.0,0,0.0,0,安定度,0,0,0,0,0,2026/04/01 22:54:22
翌日,20260401,更新後,阿南紀北直流幹線,2026/04/02,02:30,逆方向,0.0,-620.0,0,0.0,-620,熱容量,0,0,0,0,0,2026/04/01 22:54:22
翌日,20260401,更新後,阿南紀北直流幹線,2026/04/02,03:00,順方向,620.0,-620.0,0,0.0,0,安定度,0,0,0,0,0,2026/04/01 22:54:22
翌日,20260401,更新後,阿南紀北直流幹線,2026/04/02,03:00,逆方向,0.0,-620.0,0,0.0,-620,熱容量,0,0,0,0,0,2026/04/01 22:54:22
翌日,20260401,更新後,阿南紀北直流幹線,2026/04/02,03:30,順方向,620.0,-620.0,0,0.0,0,安定度,0,0,0,0,0,2026/04/01 22:54:22
翌日,20260401,更新後,阿南紀北直流幹線,2026/04/02,03:30,逆方向,0.0,-620.0,0,0.0,-620,熱容量,0,0,0,0,0,2026/04/01 22:54:22
翌日,20260401,更新後,阿南紀北直流幹線,2026/04/02,04:00,順方向,620.0,-620.0,0,0.0,0,安定度,0,0,0,0,0,2026/04/01 22:54:22
翌日,20260401,更新後,阿南紀北直流幹線,2026/04/02,04:00,逆方向,0.0,-620.0,0,0.0,-620,熱容量,0,0,0,0,0,2026/04/01 22:54:22
翌日,20260401,更新後,阿南紀北直流幹線,2026/04/02,04:30,順方向,620.0,-620.0,0,0.0,0,安定度,0,0,0,0,0,2026/04/01 22:54:22
翌日,20260401,更新後,阿南紀北直流幹線,2026/04/02,04:30,逆方向,0.0,-620.0,0,0.0,-620,熱容量,0,0,0,0,0,2026/04/01 22:54:22
翌日,20260401,更新後,阿南紀北直流幹線,2026/04/02,05:00,順方向,620.0,-620.0,0,0.0,0,安定度,0,0,0,0,0,2026/04/01 22:54:22
翌日,20260401,更新後,阿南紀北直流幹線,2026/04/02,05:00,逆方向,0.0,-620.0,0,0.0,-620,熱容量,0,0,0,0,0,2026/04/01 22:54:22
翌日,20260401,更新後,阿南紀北直流幹線,2026/04/02,05:30,順方向,620.0,-620.0,0,0.0,0,安定度,0,0,0,0,0,2026/04/01 22:54:22
翌日,20260401,更新後,阿南紀北直流幹線,2026/04/02,05:30,逆方向,0.0,-620.0,0,0.0,-620,熱容量,0,0,0,0,0,2026/04/01 22:54:22
翌日,20260401,更新後,阿南紀北直流幹線,2026/04/02,06:00,順方向,620.0,-620.0,0,0.0,0,安定度,0,0,0,0,0,2026/04/01 22:54:22
翌日,20260401,更新後,阿南紀北直流幹線,2026/04/02,06:00,逆方向,0.0,-620.0,0,0.0,-620,熱容量,0,0,0,0,0,2026/04/01 22:54:22
翌日,20260401,更新後,阿南紀北直流幹線,2026/04/02,06:30,順方向,620.0,-620.0,0,0.0,0,安定度,0,0,0,0,0,2026/04/01 22:54:22
翌日,20260401,更新後,阿南紀北直流幹線,2026/04/02,06:30,逆方向,0.0,-620.0,0,0.0,-620,熱容量,0,0,0,0,0,2026/04/01 22:54:22
翌日,20260401,更新後,阿南紀北直流幹線,2026/04/02,07:00,順方向,620.0,-620.0,0,0.0,0,安定度,0,0,0,0,0,2026/04/01 22:54:22
翌日,20260401,更新後,阿南紀北直流幹線,2026/04/02,07:00,逆方向,0.0,-620.0,0,0.0,-620,熱容量,0,0,0,0,0,2026/04/01 22:54:22
翌日,20260401,更新後,阿南紀北直流幹線,2026/04/02,07:30,順方向,620.0,-620.0,0,0.0,0,安定度,0,0,0,0,0,2026/04/01 22:54:22
翌日,20260401,更新後,阿南紀北直流幹線,2026/04/02,07:30,逆方向,0.0,-620.0,0,0.0,-620,熱容量,0,0,0,0,0,2026/04/01 22:54:22
翌日,20260401,更新後,阿南紀北直流幹線,2026/04/02,08:00,順方向,620.0,-620.0,0,0.0,0,安定度,0,0,0,0,0,2026/04/01 22:54:22
翌日,20260401,更新後,阿南紀北直流幹線,2026/04/02,08:00,逆方向,0.0,-620.0,0,0.0,-620,熱容量,0,0,0,0,0,2026/04/01 22:54:22
翌日,20260401,更新後,阿南紀北直流幹線,2026/04/02,08:30,順方向,620.0,-620.0,0,0.0,0,安定度,0,0,0,0,0,2026/04/01 22:54:22
翌日,20260401,更新後,阿南紀北直流幹線,2026/04/02,08:30,逆方向,0.0,-620.0,0,0.0,-620,熱容量,0,0,0,0,0,2026/04/01 22:54:22
翌日,20260401,更新後,阿南紀北直流幹線,2026/04/02,09:00,順方向,620.0,-620.0,0,0.0,0,安定度,0,0,0,0,0,2026/04/01 22:54:22
翌日,20260401,更新後,阿南紀北直流幹線,2026/04/02,09:00,逆方向,0.0,-620.0,0,0.0,-620,熱容量,0,0,0,0,0,2026/04/01 22:54:22
翌日,20260401,更新後,阿南紀北直流幹線,2026/04/02,09:30,順方向,620.0,-620.0,0,0.0,0,安定度,0,0,0,0,0,2026/04/01 22:54:22
翌日,20260401,更新後,阿南紀北直流幹線,2026/04/02,09:30,逆方向,0.0,-620.0,0,0.0,-620,熱容量,0,0,0,0,0,2026/04/01 22:54:22
翌日,20260401,更新後,阿南紀北直流幹線,2026/04/02,10:00,順方向,620.0,-620.0,0,0.0,0,安定度,0,0,0,0,0,2026/04/01 22:54:22
翌日,20260401,更新後,阿南紀北直流幹線,2026/04/02,10:00,逆方向,0.0,-620.0,0,0.0,-620,熱容量,0,0,0,0,0,2026/04/01 22:54:22
翌日,20260401,更新後,阿南紀北直流幹線,2026/04/02,10:30,順方向,620.0,-620.0,0,0.0,0,安定度,0,0,0,0,0,2026/04/01 22:54:22
翌日,20260401,更新後,阿南紀北直流幹線,2026/04/02,10:30,逆方向,0.0,-620.0,0,0.0,-620,熱容量,0,0,0,0,0,2026/04/01 22:54:22
翌日,20260401,更新後,阿南紀北直流幹線,2026/04/02,11:00,順方向,620.0,-620.0,0,0.0,0,安定度,0,0,0,0,0,2026/04/01 22:54:22
翌日,20260401,更新後,阿南紀北直流幹線,2026/04/02,11:00,逆方向,0.0,-620.0,0,0.0,-620,熱容量,0,0,0,0,0,2026/04/01 22:54:22
翌日,20260401,更新後,阿南紀北直流幹線,2026/04/02,11:30,順方向,620.0,-620.0,0,0.0,0,安定度,0,0,0,0,0,2026/04/01 22:54:22
翌日,20260401,更新後,阿南紀北直流幹線,2026/04/02,11:30,逆方向,0.0,-620.0,0,0.0,-620,熱容量,0,0,0,0,0,2026/04/01 22:54:22
翌日,20260401,更新後,阿南紀北直流幹線,2026/04/02,12:00,順方向,620.0,-620.0,0,0.0,0,安定度,0,0,0,0,0,2026/04/01 22:54:22
翌日,20260401,更新後,阿南紀北直流幹線,2026/04/02,12:00,逆方向,0.0,-620.0,0,0.0,-620,熱容量,0,0,0,0,0,2026/04/01 22:54:22
翌日,20260401,更新後,阿南紀北直流幹線,2026/04/02,12:30,順方向,620.0,-620.0,0,0.0,0,安定度,0,0,0,0,0,2026/04/01 22:54:22
翌日,20260401,更新後,阿南紀北直流幹線,2026/04/02,12:30,逆方向,0.0,-620.0,0,0.0,-620,熱容量,0,0,0,0,0,2026/04/01 22:54:22
翌日,20260401,更新後,阿南紀北直流幹線,2026/04/02,13:00,順方向,620.0,-620.0,0,0.0,0,安定度,0,0,0,0,0,2026/04/01 22:54:22
翌日,20260401,更新後,阿南紀北直流幹線,2026/04/02,13:00,逆方向,0.0,-620.0,0,0.0,-620,熱容量,0,0,0,0,0,2026/04/01 22:54:22
翌日,20260401,更新後,阿南紀北直流幹線,2026/04/02,13:30,順方向,620.0,-620.0,0,0.0,0,安定度,0,0,0,0,0,2026/04/01 22:54:22
翌日,20260401,更新後,阿南紀北直流幹線,2026/04/02,13:30,逆方向,0.0,-620.0,0,0.0,-620,熱容量,0,0,0,0,0,2026/04/01 22:54:22
翌日,20260401,更新後,阿南紀北直流幹線,2026/04/02,14:00,順方向,620.0,-620.0,0,0.0,0,安定度,0,0,0,0,0,2026/04/01 22:54:22
翌日,20260401,更新後,阿南紀北直流幹線,2026/04/02,14:00,逆方向,0.0,-620.0,0,0.0,-620,熱容量,0,0,0,0,0,2026/04/01 22:54:22
翌日,20260401,更新後,阿南紀北直流幹線,2026/04/02,14:30,順方向,620.0,-620.0,0,0.0,0,安定度,0,0,0,0,0,2026/04/01 22:54:22
翌日,20260401,更新後,阿南紀北直流幹線,2026/04/02,14:30,逆方向,0.0,-620.0,0,0.0,-620,熱容量,0,0,0,0,0,2026/04/01 22:54:22
翌日,20260401,更新後,阿南紀北直流幹線,2026/04/02,15:00,順方向,620.0,-620.0,0,0.0,0,安定度,0,0,0,0,0,2026/04/01 22:54:22
翌日,20260401,更新後,阿南紀北直流幹線,2026/04/02,15:00,逆方向,0.0,-620.0,0,0.0,-620,熱容量,0,0,0,0,0,2026/04/01 22:54:22
翌日,20260401,更新後,阿南紀北直流幹線,2026/04/02,15:30,順方向,620.0,-620.0,0,0.0,0,安定度,0,0,0,0,0,2026/04/01 22:54:22
翌日,20260401,更新後,阿南紀北直流幹線,2026/04/02,15:30,逆方向,0.0,-620.0,0,0.0,-620,熱容量,0,0,0,0,0,2026/04/01 22:54:22
翌日,20260401,更新後,阿南紀北直流幹線,2026/04/02,16:00,順方向,620.0,-620.0,0,0.0,0,安定度,0,0,0,0,0,2026/04/01 22:54:22
翌日,20260401,更新後,阿南紀北直流幹線,2026/04/02,16:00,逆方向,0.0,-620.0,0,0.0,-620,熱容量,0,0,0,0,0,2026/04/01 22:54:22
翌日,20260401,更新後,阿南紀北直流幹線,2026/04/02,16:30,順方向,620.0,-620.0,0,0.0,0,安定度,0,0,0,0,0,2026/04/01 22:54:22
翌日,20260401,更新後,阿南紀北直流幹線,2026/04/02,16:30,逆方向,0.0,-620.0,0,0.0,-620,熱容量,0,0,0,0,0,2026/04/01 22:54:22
翌日,20260401,更新後,阿南紀北直流幹線,2026/04/02,17:00,順方向,620.0,-620.0,0,0.0,0,安定度,0,0,0,0,0,2026/04/01 22:54:22
翌日,20260401,更新後,阿南紀北直流幹線,2026/04/02,17:00,逆方向,0.0,-620.0,0,0.0,-620,熱容量,0,0,0,0,0,2026/04/01 22:54:22
翌日,20260401,更新後,阿南紀北直流幹線,2026/04/02,17:30,順方向,620.0,-620.0,0,0.0,0,安定度,0,0,0,0,0,2026/04/01 22:54:22
翌日,20260401,更新後,阿南紀北直流幹線,2026/04/02,17:30,逆方向,0.0,-620.0,0,0.0,-620,熱容量,0,0,0,0,0,2026/04/01 22:54:22
翌日,20260401,更新後,阿南紀北直流幹線,2026/04/02,18:00,順方向,620.0,-620.0,0,0.0,0,安定度,0,0,0,0,0,2026/04/01 22:54:22
翌日,20260401,更新後,阿南紀北直流幹線,2026/04/02,18:00,逆方向,0.0,-620.0,0,0.0,-620,熱容量,0,0,0,0,0,2026/04/01 22:54:22
翌日,20260401,更新後,阿南紀北直流幹線,2026/04/02,18:30,順方向,620.0,-620.0,0,0.0,0,安定度,0,0,0,0,0,2026/04/01 22:54:22
翌日,20260401,更新後,阿南紀北直流幹線,2026/04/02,18:30,逆方向,0.0,-620.0,0,0.0,-620,熱容量,0,0,0,0,0,2026/04/01 22:54:22
翌日,20260401,更新後,阿南紀北直流幹線,2026/04/02,19:00,順方向,620.0,-620.0,0,0.0,0,安定度,0,0,0,0,0,2026/04/01 22:54:22
翌日,20260401,更新後,阿南紀北直流幹線,2026/04/02,19:00,逆方向,0.0,-620.0,0,0.0,-620,熱容量,0,0,0,0,0,2026/04/01 22:54:22
翌日,20260401,更新後,阿南紀北直流幹線,2026/04/02,19:30,順方向,620.0,-620.0,0,0.0,0,安定度,0,0,0,0,0,2026/04/01 22:54:22
翌日,20260401,更新後,阿南紀北直流幹線,2026/04/02,19:30,逆方向,0.0,-620.0,0,0.0,-620,熱容量,0,0,0,0,0,2026/04/01 22:54:22
翌日,20260401,更新後,阿南紀北直流幹線,2026/04/02,20:00,順方向,620.0,-620.0,0,0.0,0,安定度,0,0,0,0,0,2026/04/01 22:54:22
翌日,20260401,更新後,阿南紀北直流幹線,2026/04/02,20:00,逆方向,0.0,-620.0,0,0.0,-620,熱容量,0,0,0,0,0,2026/04/01 22:54:22
翌日,20260401,更新後,阿南紀北直流幹線,2026/04/02,20:30,順方向,620.0,-620.0,0,0.0,0,安定度,0,0,0,0,0,2026/04/01 22:54:22
翌日,20260401,更新後,阿南紀北直流幹線,2026/04/02,20:30,逆方向,0.0,-620.0,0,0.0,-620,熱容量,0,0,0,0,0,2026/04/01 22:54:22
翌日,20260401,更新後,阿南紀北直流幹線,2026/04/02,21:00,順方向,620.0,-620.0,0,0.0,0,安定度,0,0,0,0,0,2026/04/01 22:54:22
翌日,20260401,更新後,阿南紀北直流幹線,2026/04/02,21:00,逆方向,0.0,-620.0,0,0.0,-620,熱容量,0,0,0,0,0,2026/04/01 22:54:22
翌日,20260401,更新後,阿南紀北直流幹線,2026/04/02,21:30,順方向,620.0,-620.0,0,0.0,0,安定度,0,0,0,0,0,2026/04/01 22:54:22
翌日,20260401,更新後,阿南紀北直流幹線,2026/04/02,21:30,逆方向,0.0,-620.0,0,0.0,-620,熱容量,0,0,0,0,0,2026/04/01 22:54:22
翌日,20260401,更新後,阿南紀北直流幹線,2026/04/02,22:00,順方向,620.0,-620.0,0,0.0,0,安定度,0,0,0,0,0,2026/04/01 22:54:22
翌日,20260401,更新後,阿南紀北直流幹線,2026/04/02,22:00,逆方向,0.0,-620.0,0,0.0,-620,熱容量,0,0,0,0,0,2026/04/01 22:54:22
翌日,20260401,更新後,阿南紀北直流幹線,2026/04/02,22:30,順方向,620.0,-620.0,0,0.0,0,安定度,0,0,0,0,0,2026/04/01 22:54:22
翌日,20260401,更新後,阿南紀北直流幹線,2026/04/02,22:30,逆方向,0.0,-620.0,0,0.0,-620,熱容量,0,0,0,0,0,2026/04/01 22:54:22
翌日,20260401,更新後,阿南紀北直流幹線,2026/04/02,23:00,順方向,620.0,-620.0,0,0.0,0,安定度,0,0,0,0,0,2026/04/01 22:54:22
翌日,20260401,更新後,阿南紀北直流幹線,2026/04/02,23:00,逆方向,0.0,-620.0,0,0.0,-620,熱容量,0,0,0,0,0,2026/04/01 22:54:22
翌日,20260401,更新後,阿南紀北直流幹線,2026/04/02,23:30,順方向,620.0,-620.0,0,0.0,0,安定度,0,0,0,0,0,2026/04/01 22:54:22
翌日,20260401,更新後,阿南紀北直流幹線,2026/04/02,23:30,逆方向,0.0,-620.0,0,0.0,-620,熱容量,0,0,0,0,0,2026/04/01 22:54:22
翌日,20260401,更新後,阿南紀北直流幹線,2026/04/02,24:00,順方向,620.0,-620.0,0,0.0,0,安定度,0,0,0,0,0,2026/04/01 22:54:22
翌日,20260401,更新後,阿南紀北直流幹線,2026/04/02,24:00,逆方向,0.0,-620.0,0,0.0,-620,熱容量,0,0,0,0,0,2026/04/01 22:54:22
翌日,20260401,更新後,本四連系線,2026/04/02,00:30,順方向,1958.4,-758.4,0,0.0,1200,熱容量（作業）,0,0,0,0,0,2026/04/01 22:54:22
翌日,20260401,更新後,本四連系線,2026/04/02,00:30,逆方向,-441.6,-758.4,0,0.0,-1200,熱容量（作業）,0,0,0,0,0,2026/04/01 22:54:22
翌日,20260401,更新後,本四連系線,2026/04/02,01:00,順方向,1962.5,-807.5,0,45.0,1200,熱容量（作業）,0,0,0,0,0,2026/04/01 22:54:22
翌日,20260401,更新後,本四連系線,2026/04/02,01:00,逆方向,-392.5,-807.5,0,0.0,-1200,熱容量（作業）,0,0,0,0,0,2026/04/01 22:54:22
翌日,20260401,更新後,本四連系線,2026/04/02,01:30,順方向,1908.7,-753.7,0,45.0,1200,熱容量（作業）,0,0,0,0,0,2026/04/01 22:54:22
翌日,20260401,更新後,本四連系線,2026/04/02,01:30,逆方向,-446.3,-753.7,0,0.0,-1200,熱容量（作業）,0,0,0,0,0,2026/04/01 22:54:22
翌日,20260401,更新後,本四連系線,2026/04/02,02:00,順方向,2033.9,-877.9,0,44.0,1200,熱容量（作業）,0,0,0,0,0,2026/04/01 22:54:22
翌日,20260401,更新後,本四連系線,2026/04/02,02:00,逆方向,-322.1,-877.9,0,0.0,-1200,熱容量（作業）,0,0,0,0,0,2026/04/01 22:54:22
翌日,20260401,更新後,本四連系線,2026/04/02,02:30,順方向,2066.4,-909.4,0,43.0,1200,熱容量（作業）,0,0,0,0,0,2026/04/01 22:54:22
翌日,20260401,更新後,本四連系線,2026/04/02,02:30,逆方向,-290.6,-909.4,0,0.0,-1200,熱容量（作業）,0,0,0,0,0,2026/04/01 22:54:22
翌日,20260401,更新後,本四連系線,2026/04/02,03:00,順方向,2005.7,-850.7,0,45.0,1200,熱容量（作業）,0,0,0,0,0,2026/04/01 22:54:22
翌日,20260401,更新後,本四連系線,2026/04/02,03:00,逆方向,-349.3,-850.7,0,0.0,-1200,熱容量（作業）,0,0,0,0,0,2026/04/01 22:54:22
翌日,20260401,更新後,本四連系線,2026/04/02,03:30,順方向,2036.3,-885.3,0,49.0,1200,熱容量（作業）,0,0,0,0,0,2026/04/01 22:54:22
翌日,20260401,更新後,本四連系線,2026/04/02,03:30,逆方向,-314.7,-885.3,0,0.0,-1200,熱容量（作業）,0,0,0,0,0,2026/04/01 22:54:22
翌日,20260401,更新後,本四連系線,2026/04/02,04:00,順方向,2352.0,-1200.0,0,48.0,1200,熱容量（作業）,0,0,0,0,0,2026/04/01 22:54:22
翌日,20260401,更新後,本四連系線,2026/04/02,04:00,逆方向,0.0,-1200.0,0,0.0,-1200,熱容量（作業）,0,0,0,0,0,2026/04/01 22:54:22
翌日,20260401,更新後,本四連系線,2026/04/02,04:30,順方向,2400.0,-1200.0,0,0.0,1200,熱容量（作業）,0,0,0,0,0,2026/04/01 22:54:22
翌日,20260401,更新後,本四連系線,2026/04/02,04:30,逆方向,0.0,-1200.0,0,0.0,-1200,熱容量（作業）,0,0,0,0,0,2026/04/01 22:54:22
翌日,20260401,更新後,本四連系線,2026/04/02,05:00,順方向,2350.0,-1200.0,0,50.0,1200,熱容量（作業）,0,0,0,0,0,2026/04/01 22:54:22
翌日,20260401,更新後,本四連系線,2026/04/02,05:00,逆方向,0.0,-1200.0,0,0.0,-1200,熱容量（作業）,0,0,0,0,0,2026/04/01 22:54:22
翌日,20260401,更新後,本四連系線,2026/04/02,05:30,順方向,2350.0,-1200.0,0,50.0,1200,熱容量（作業）,0,0,0,0,0,2026/04/01 22:54:22
翌日,20260401,更新後,本四連系線,2026/04/02,05:30,逆方向,0.0,-1200.0,0,0.0,-1200,熱容量（作業）,0,0,0,0,0,2026/04/01 22:54:22
翌日,20260401,更新後,本四連系線,2026/04/02,06:00,順方向,2350.0,-1200.0,0,50.0,1200,熱容量（作業）,0,0,0,0,0,2026/04/01 22:54:22
翌日,20260401,更新後,本四連系線,2026/04/02,06:00,逆方向,0.0,-1200.0,0,0.0,-1200,熱容量（作業）,0,0,0,0,0,2026/04/01 22:54:22
翌日,20260401,更新後,本四連系線,2026/04/02,06:30,順方向,2392.0,-1195.0,0,3.0,1200,熱容量（作業）,0,0,0,0,0,2026/04/01 22:54:22
翌日,20260401,更新後,本四連系線,2026/04/02,06:30,逆方向,-5.0,-1195.0,0,0.0,-1200,熱容量（作業）,0,0,0,0,0,2026/04/01 22:54:22
翌日,20260401,更新後,本四連系線,2026/04/02,07:00,順方向,2128.3,-945.3,0,17.0,1200,熱容量（作業）,0,0,0,0,0,2026/04/01 22:54:22
翌日,20260401,更新後,本四連系線,2026/04/02,07:00,逆方向,-254.7,-945.3,0,0.0,-1200,熱容量（作業）,0,0,0,0,0,2026/04/01 22:54:22
翌日,20260401,更新後,本四連系線,2026/04/02,07:30,順方向,2395.0,-1195.0,0,0.0,1200,熱容量（作業）,0,0,0,0,0,2026/04/01 22:54:22
翌日,20260401,更新後,本四連系線,2026/04/02,07:30,逆方向,-5.0,-1195.0,0,0.0,-1200,熱容量（作業）,0,0,0,0,0,2026/04/01 22:54:22
翌日,20260401,更新後,本四連系線,2026/04/02,08:00,順方向,2397.2,-1197.2,0,0.0,1200,熱容量（作業）,0,0,0,0,0,2026/04/01 22:54:22
翌日,20260401,更新後,本四連系線,2026/04/02,08:00,逆方向,-2.8,-1197.2,0,0.0,-1200,熱容量（作業）,0,0,0,0,0,2026/04/01 22:54:22
翌日,20260401,更新後,本四連系線,2026/04/02,08:30,順方向,2385.7,-1195.7,0,10.0,1200,熱容量（作業）,0,0,0,0,0,2026/04/01 22:54:22
翌日,20260401,更新後,本四連系線,2026/04/02,08:30,逆方向,-4.3,-1195.7,0,0.0,-1200,熱容量（作業）,0,0,0,0,0,2026/04/01 22:54:22
翌日,20260401,更新後,本四連系線,2026/04/02,09:00,順方向,2341.426,-1195.7,0,54.274,1200,熱容量（作業）,0,0,0,0,0,2026/04/01 22:54:22
翌日,20260401,更新後,本四連系線,2026/04/02,09:00,逆方向,-4.3,-1195.7,0,0.0,-1200,熱容量（作業）,0,0,0,0,0,2026/04/01 22:54:22
翌日,20260401,更新後,本四連系線,2026/04/02,09:30,順方向,2259.0,-1200.0,0,141.0,1200,熱容量（作業）,0,0,0,0,0,2026/04/01 22:54:22
翌日,20260401,更新後,本四連系線,2026/04/02,09:30,逆方向,0.0,-1200.0,0,0.0,-1200,熱容量（作業）,0,0,0,0,0,2026/04/01 22:54:22
翌日,20260401,更新後,本四連系線,2026/04/02,10:00,順方向,2181.0,-1200.0,0,219.0,1200,熱容量（作業）,0,0,0,0,0,2026/04/01 22:54:22
翌日,20260401,更新後,本四連系線,2026/04/02,10:00,逆方向,0.0,-1200.0,0,0.0,-1200,熱容量（作業）,0,0,0,0,0,2026/04/01 22:54:22
翌日,20260401,更新後,本四連系線,2026/04/02,10:30,順方向,2136.0,-1200.0,0,264.0,1200,熱容量（作業）,0,0,0,0,0,2026/04/01 22:54:22
翌日,20260401,更新後,本四連系線,2026/04/02,10:30,逆方向,0.0,-1200.0,0,0.0,-1200,熱容量（作業）,0,0,0,0,0,2026/04/01 22:54:22
翌日,20260401,更新後,本四連系線,2026/04/02,11:00,順方向,2117.0,-1200.0,0,283.0,1200,熱容量（作業）,0,0,0,0,0,2026/04/01 22:54:22
翌日,20260401,更新後,本四連系線,2026/04/02,11:00,逆方向,0.0,-1200.0,0,0.0,-1200,熱容量（作業）,0,0,0,0,0,2026/04/01 22:54:22
翌日,20260401,更新後,本四連系線,2026/04/02,11:30,順方向,2313.0,-1200.0,0,87.0,1200,熱容量（作業）,0,0,0,0,0,2026/04/01 22:54:22
翌日,20260401,更新後,本四連系線,2026/04/02,11:30,逆方向,0.0,-1200.0,0,0.0,-1200,熱容量（作業）,0,0,0,0,0,2026/04/01 22:54:22
翌日,20260401,更新後,本四連系線,2026/04/02,12:00,順方向,2283.719,-1200.0,0,116.281,1200,熱容量（作業）,0,0,0,0,0,2026/04/01 22:54:22
翌日,20260401,更新後,本四連系線,2026/04/02,12:00,逆方向,0.0,-1200.0,0,0.0,-1200,熱容量（作業）,0,0,0,0,0,2026/04/01 22:54:22
翌日,20260401,更新後,本四連系線,2026/04/02,12:30,順方向,2400.0,-1200.0,0,0.0,1200,熱容量（作業）,0,0,0,0,0,2026/04/01 22:54:22
翌日,20260401,更新後,本四連系線,2026/04/02,12:30,逆方向,0.0,-1200.0,0,0.0,-1200,熱容量（作業）,0,0,0,0,0,2026/04/01 22:54:22
翌日,20260401,更新後,本四連系線,2026/04/02,13:00,順方向,2400.0,-1200.0,0,0.0,1200,熱容量（作業）,0,0,0,0,0,2026/04/01 22:54:22
翌日,20260401,更新後,本四連系線,2026/04/02,13:00,逆方向,0.0,-1200.0,0,0.0,-1200,熱容量（作業）,0,0,0,0,0,2026/04/01 22:54:22
翌日,20260401,更新後,本四連系線,2026/04/02,13:30,順方向,2400.0,-1200.0,0,0.0,1200,熱容量（作業）,0,0,0,0,0,2026/04/01 22:54:22
翌日,20260401,更新後,本四連系線,2026/04/02,13:30,逆方向,0.0,-1200.0,0,0.0,-1200,熱容量（作業）,0,0,0,0,0,2026/04/01 22:54:22
翌日,20260401,更新後,本四連系線,2026/04/02,14:00,順方向,2400.0,-1200.0,0,0.0,1200,熱容量（作業）,0,0,0,0,0,2026/04/01 22:54:22
翌日,20260401,更新後,本四連系線,2026/04/02,14:00,逆方向,0.0,-1200.0,0,0.0,-1200,熱容量（作業）,0,0,0,0,0,2026/04/01 22:54:22
翌日,20260401,更新後,本四連系線,2026/04/02,14:30,順方向,2400.0,-1200.0,0,0.0,1200,熱容量（作業）,0,0,0,0,0,2026/04/01 22:54:22
翌日,20260401,更新後,本四連系線,2026/04/02,14:30,逆方向,0.0,-1200.0,0,0.0,-1200,熱容量（作業）,0,0,0,0,0,2026/04/01 22:54:22
翌日,20260401,更新後,本四連系線,2026/04/02,15:00,順方向,2400.0,-1200.0,0,0.0,1200,熱容量（作業）,0,0,0,0,0,2026/04/01 22:54:22
翌日,20260401,更新後,本四連系線,2026/04/02,15:00,逆方向,0.0,-1200.0,0,0.0,-1200,熱容量（作業）,0,0,0,0,0,2026/04/01 22:54:22
翌日,20260401,更新後,本四連系線,2026/04/02,15:30,順方向,2312.7,-1112.7,0,0.0,1200,熱容量（作業）,0,0,0,0,0,2026/04/01 22:54:22
翌日,20260401,更新後,本四連系線,2026/04/02,15:30,逆方向,-87.3,-1112.7,0,0.0,-1200,熱容量（作業）,0,0,0,0,0,2026/04/01 22:54:22
翌日,20260401,更新後,本四連系線,2026/04/02,16:00,順方向,2100.0,-900.0,0,0.0,1200,熱容量（作業）,0,0,0,0,0,2026/04/01 22:54:22
翌日,20260401,更新後,本四連系線,2026/04/02,16:00,逆方向,-300.0,-900.0,0,0.0,-1200,熱容量（作業）,0,0,0,0,0,2026/04/01 22:54:22
翌日,20260401,更新後,本四連系線,2026/04/02,16:30,順方向,2304.3,-1104.3,0,0.0,1200,熱容量（作業）,0,0,0,0,0,2026/04/01 22:54:22
翌日,20260401,更新後,本四連系線,2026/04/02,16:30,逆方向,-95.7,-1104.3,0,0.0,-1200,熱容量（作業）,0,0,0,0,0,2026/04/01 22:54:22
翌日,20260401,更新後,本四連系線,2026/04/02,17:00,順方向,2243.9,-1043.9,0,0.0,1200,熱容量（作業）,0,0,0,0,0,2026/04/01 22:54:22
翌日,20260401,更新後,本四連系線,2026/04/02,17:00,逆方向,-156.1,-1043.9,0,0.0,-1200,熱容量（作業）,0,0,0,0,0,2026/04/01 22:54:22
翌日,20260401,更新後,本四連系線,2026/04/02,17:30,順方向,2351.9,-1151.9,0,0.0,1200,熱容量（作業）,0,0,0,0,0,2026/04/01 22:54:22
翌日,20260401,更新後,本四連系線,2026/04/02,17:30,逆方向,-48.1,-1151.9,0,0.0,-1200,熱容量（作業）,0,0,0,0,0,2026/04/01 22:54:22
翌日,20260401,更新後,本四連系線,2026/04/02,18:00,順方向,2395.1,-1195.1,0,0.0,1200,熱容量（作業）,0,0,0,0,0,2026/04/01 22:54:22
翌日,20260401,更新後,本四連系線,2026/04/02,18:00,逆方向,-4.9,-1195.1,0,0.0,-1200,熱容量（作業）,0,0,0,0,0,2026/04/01 22:54:22
翌日,20260401,更新後,本四連系線,2026/04/02,18:30,順方向,2258.0,-1058.0,0,0.0,1200,熱容量（作業）,0,0,0,0,0,2026/04/01 22:54:22
翌日,20260401,更新後,本四連系線,2026/04/02,18:30,逆方向,-142.0,-1058.0,0,0.0,-1200,熱容量（作業）,0,0,0,0,0,2026/04/01 22:54:22
翌日,20260401,更新後,本四連系線,2026/04/02,19:00,順方向,2194.3,-994.3,0,0.0,1200,熱容量（作業）,0,0,0,0,0,2026/04/01 22:54:22
翌日,20260401,更新後,本四連系線,2026/04/02,19:00,逆方向,-205.7,-994.3,0,0.0,-1200,熱容量（作業）,0,0,0,0,0,2026/04/01 22:54:22
翌日,20260401,更新後,本四連系線,2026/04/02,19:30,順方向,2184.0,-984.0,0,0.0,1200,熱容量（作業）,0,0,0,0,0,2026/04/01 22:54:22
翌日,20260401,更新後,本四連系線,2026/04/02,19:30,逆方向,-216.0,-984.0,0,0.0,-1200,熱容量（作業）,0,0,0,0,0,2026/04/01 22:54:22
翌日,20260401,更新後,本四連系線,2026/04/02,20:00,順方向,2400.0,-1200.0,0,0.0,1200,熱容量（作業）,0,0,0,0,0,2026/04/01 22:54:22
翌日,20260401,更新後,本四連系線,2026/04/02,20:00,逆方向,0.0,-1200.0,0,0.0,-1200,熱容量（作業）,0,0,0,0,0,2026/04/01 22:54:22
翌日,20260401,更新後,本四連系線,2026/04/02,20:30,順方向,2400.0,-1200.0,0,0.0,1200,熱容量（作業）,0,0,0,0,0,2026/04/01 22:54:22
翌日,20260401,更新後,本四連系線,2026/04/02,20:30,逆方向,0.0,-1200.0,0,0.0,-1200,熱容量（作業）,0,0,0,0,0,2026/04/01 22:54:22
翌日,20260401,更新後,本四連系線,2026/04/02,21:00,順方向,2400.0,-1200.0,0,0.0,1200,熱容量（作業）,0,0,0,0,0,2026/04/01 22:54:22
翌日,20260401,更新後,本四連系線,2026/04/02,21:00,逆方向,0.0,-1200.0,0,0.0,-1200,熱容量（作業）,0,0,0,0,0,2026/04/01 22:54:22
翌日,20260401,更新後,本四連系線,2026/04/02,21:30,順方向,2392.0,-1200.0,0,8.0,1200,熱容量（作業）,0,0,0,0,0,2026/04/01 22:54:22
翌日,20260401,更新後,本四連系線,2026/04/02,21:30,逆方向,0.0,-1200.0,0,0.0,-1200,熱容量（作業）,0,0,0,0,0,2026/04/01 22:54:22
翌日,20260401,更新後,本四連系線,2026/04/02,22:00,順方向,2309.0,-1109.0,0,0.0,1200,熱容量（作業）,0,0,0,0,0,2026/04/01 22:54:22
翌日,20260401,更新後,本四連系線,2026/04/02,22:00,逆方向,-91.0,-1109.0,0,0.0,-1200,熱容量（作業）,0,0,0,0,0,2026/04/01 22:54:22
翌日,20260401,更新後,本四連系線,2026/04/02,22:30,順方向,2257.7,-1057.7,0,0.0,1200,熱容量（作業）,0,0,0,0,0,2026/04/01 22:54:22
翌日,20260401,更新後,本四連系線,2026/04/02,22:30,逆方向,-142.3,-1057.7,0,0.0,-1200,熱容量（作業）,0,0,0,0,0,2026/04/01 22:54:22
翌日,20260401,更新後,本四連系線,2026/04/02,23:00,順方向,2316.7,-1116.7,0,0.0,1200,熱容量（作業）,0,0,0,0,0,2026/04/01 22:54:22
翌日,20260401,更新後,本四連系線,2026/04/02,23:00,逆方向,-83.3,-1116.7,0,0.0,-1200,熱容量（作業）,0,0,0,0,0,2026/04/01 22:54:22
翌日,20260401,更新後,本四連系線,2026/04/02,23:30,順方向,2348.0,-1148.0,0,0.0,1200,熱容量（作業）,0,0,0,0,0,2026/04/01 22:54:22
翌日,20260401,更新後,本四連系線,2026/04/02,23:30,逆方向,-52.0,-1148.0,0,0.0,-1200,熱容量（作業）,0,0,0,0,0,2026/04/01 22:54:22
翌日,20260401,更新後,本四連系線,2026/04/02,24:00,順方向,2271.4,-1071.4,0,0.0,1200,熱容量（作業）,0,0,0,0,0,2026/04/01 22:54:22
翌日,20260401,更新後,本四連系線,2026/04/02,24:00,逆方向,-128.6,-1071.4,0,0.0,-1200,熱容量（作業）,0,0,0,0,0,2026/04/01 22:54:22
翌日,20260401,更新後,関門連系線,2026/04/02,00:30,順方向,1729.2,-1152.2,0,183.0,760,周波数,0,0,0,0,0,2026/04/01 22:54:22
翌日,20260401,更新後,関門連系線,2026/04/02,00:30,逆方向,-677.8,-1152.2,0,0.0,-1830,周波数,0,0,0,0,0,2026/04/01 22:54:22
翌日,20260401,更新後,関門連系線,2026/04/02,01:00,順方向,1460.773,-892.0,0,191.227,760,周波数,0,0,0,0,0,2026/04/01 22:54:22
翌日,20260401,更新後,関門連系線,2026/04/02,01:00,逆方向,-918.0,-892.0,0,0.0,-1810,周波数,0,0,0,0,0,2026/04/01 22:54:22
翌日,20260401,更新後,関門連系線,2026/04/02,01:30,順方向,1357.0,-778.0,0,181.0,760,周波数,0,0,0,0,0,2026/04/01 22:54:22
翌日,20260401,更新後,関門連系線,2026/04/02,01:30,逆方向,-1012.0,-778.0,0,0.0,-1790,周波数,0,0,0,0,0,2026/04/01 22:54:22
翌日,20260401,更新後,関門連系線,2026/04/02,02:00,順方向,1397.8,-818.8,0,181.0,760,周波数,0,0,0,0,0,2026/04/01 22:54:22
翌日,20260401,更新後,関門連系線,2026/04/02,02:00,逆方向,-971.2,-818.8,0,0.0,-1790,周波数,0,0,0,0,0,2026/04/01 22:54:22
翌日,20260401,更新後,関門連系線,2026/04/02,02:30,順方向,1652.9,-1073.9,0,181.0,760,周波数,0,0,0,0,0,2026/04/01 22:54:22
翌日,20260401,更新後,関門連系線,2026/04/02,02:30,逆方向,-746.1,-1073.9,0,0.0,-1820,周波数,0,0,0,0,0,2026/04/01 22:54:22
翌日,20260401,更新後,関門連系線,2026/04/02,03:00,順方向,1845.573,-1263.8,0,188.227,770,周波数,0,0,0,0,0,2026/04/01 22:54:22
翌日,20260401,更新後,関門連系線,2026/04/02,03:00,逆方向,-586.2,-1263.8,0,0.0,-1850,周波数,0,0,0,0,0,2026/04/01 22:54:22
翌日,20260401,更新後,関門連系線,2026/04/02,03:30,順方向,1980.887,-1336.6,0,135.713,780,周波数,0,0,0,0,0,2026/04/01 22:54:22
翌日,20260401,更新後,関門連系線,2026/04/02,03:30,逆方向,-563.4,-1336.6,0,0.0,-1900,周波数,0,0,0,0,0,2026/04/01 22:54:22
翌日,20260401,更新後,関門連系線,2026/04/02,04:00,順方向,2002.4,-1202.4,0,0.0,800,周波数,0,0,0,0,0,2026/04/01 22:54:22
翌日,20260401,更新後,関門連系線,2026/04/02,04:00,逆方向,-747.6,-1202.4,0,0.0,-1950,周波数,0,0,0,0,0,2026/04/01 22:54:22
翌日,20260401,更新後,関門連系線,2026/04/02,04:30,順方向,1879.8,-1254.8,0,185.0,810,周波数,0,0,0,0,0,2026/04/01 22:54:22
翌日,20260401,更新後,関門連系線,2026/04/02,04:30,逆方向,-637.224,-1254.8,0,-77.976,-1970,周波数,0,0,0,0,0,2026/04/01 22:54:22
翌日,20260401,更新後,関門連系線,2026/04/02,05:00,順方向,1850.4,-1235.4,0,205.0,820,周波数,0,0,0,0,0,2026/04/01 22:54:22
翌日,20260401,更新後,関門連系線,2026/04/02,05:00,逆方向,-744.6,-1235.4,0,0.0,-1980,周波数,0,0,0,0,0,2026/04/01 22:54:22
翌日,20260401,更新後,関門連系線,2026/04/02,05:30,順方向,1918.7,-1303.7,0,205.0,820,周波数,0,0,0,0,0,2026/04/01 22:54:22
翌日,20260401,更新後,関門連系線,2026/04/02,05:30,逆方向,-662.064,-1303.7,0,-4.236,-1970,周波数,0,0,0,0,0,2026/04/01 22:54:22
翌日,20260401,更新後,関門連系線,2026/04/02,06:00,順方向,1860.187,-1192.7,0,42.513,710,周波数,0,0,0,0,0,2026/04/01 22:54:22
翌日,20260401,更新後,関門連系線,2026/04/02,06:00,逆方向,-767.283,-1192.7,0,-0.017,-1960,周波数,0,0,0,0,0,2026/04/01 22:54:22
翌日,20260401,更新後,関門連系線,2026/04/02,06:30,順方向,1516.161,-1195.1,0,278.939,600,周波数,0,0,0,0,0,2026/04/01 22:54:22
翌日,20260401,更新後,関門連系線,2026/04/02,06:30,逆方向,-747.9,-1195.1,0,-7.0,-1950,周波数,0,0,0,0,0,2026/04/01 22:54:22
翌日,20260401,更新後,関門連系線,2026/04/02,07:00,順方向,1613.761,-1356.2,0,292.439,550,周波数,0,0,0,0,0,2026/04/01 22:54:22
翌日,20260401,更新後,関門連系線,2026/04/02,07:00,逆方向,-573.8,-1356.2,0,-20.0,-1950,周波数,0,0,0,0,0,2026/04/01 22:54:22
翌日,20260401,更新後,関門連系線,2026/04/02,07:30,順方向,1604.588,-1515.2,0,420.612,510,周波数,0,0,0,0,0,2026/04/01 22:54:22
翌日,20260401,更新後,関門連系線,2026/04/02,07:30,逆方向,-462.624,-1515.2,0,-2.176,-1980,周波数,0,0,0,0,0,2026/04/01 22:54:22
翌日,20260401,更新後,関門連系線,2026/04/02,08:00,順方向,1551.1,-1551.1,0,510.0,510,周波数,0,0,0,0,0,2026/04/01 22:54:22
翌日,20260401,更新後,関門連系線,2026/04/02,08:00,逆方向,-457.724,-1551.1,0,-1.176,-2010,周波数,0,0,0,0,0,2026/04/01 22:54:22
翌日,20260401,更新後,関門連系線,2026/04/02,08:30,順方向,1690.7,-1671.0,0,400.3,420,周波数,0,0,0,0,0,2026/04/01 22:54:22
翌日,20260401,更新後,関門連系線,2026/04/02,08:30,逆方向,-539.0,-1671.0,0,0.0,-2210,周波数,0,0,0,0,0,2026/04/01 22:54:22
翌日,20260401,更新後,関門連系線,2026/04/02,09:00,順方向,1921.8,-1921.8,0,360.0,360,周波数,0,0,0,0,0,2026/04/01 22:54:22
翌日,20260401,更新後,関門連系線,2026/04/02,09:00,逆方向,-125.2,-1921.8,0,0.0,-2047,周波数,0,0,0,0,0,2026/04/01 22:54:22
翌日,20260401,更新後,関門連系線,2026/04/02,09:30,順方向,2194.0,-2194.0,0,300.0,300,周波数,0,0,0,0,0,2026/04/01 22:54:22
翌日,20260401,更新後,関門連系線,2026/04/02,09:30,逆方向,0.0,-2194.0,0,0.0,-2194,周波数,0,0,0,0,0,2026/04/01 22:54:22
翌日,20260401,更新後,関門連系線,2026/04/02,10:00,順方向,2229.0,-2229.0,0,290.0,290,周波数,0,0,0,0,0,2026/04/01 22:54:22
翌日,20260401,更新後,関門連系線,2026/04/02,10:00,逆方向,0.0,-2229.0,0,0.0,-2229,周波数,0,0,0,0,0,2026/04/01 22:54:22
翌日,20260401,更新後,関門連系線,2026/04/02,10:30,順方向,2354.52,-2241.0,0,176.48,290,周波数,0,0,0,0,0,2026/04/01 22:54:22
翌日,20260401,更新後,関門連系線,2026/04/02,10:30,逆方向,0.0,-2241.0,0,0.0,-2241,周波数,0,0,0,0,0,2026/04/01 22:54:22
翌日,20260401,更新後,関門連系線,2026/04/02,11:00,順方向,2328.0,-2260.0,0,222.0,290,周波数,0,0,0,0,0,2026/04/01 22:54:22
翌日,20260401,更新後,関門連系線,2026/04/02,11:00,逆方向,0.0,-2260.0,0,0.0,-2260,周波数,0,0,0,0,0,2026/04/01 22:54:22
翌日,20260401,更新後,関門連系線,2026/04/02,11:30,順方向,2284.0,-2275.0,0,281.0,290,周波数,0,0,0,0,0,2026/04/01 22:54:22
翌日,20260401,更新後,関門連系線,2026/04/02,11:30,逆方向,0.0,-2275.0,0,0.0,-2275,周波数,0,0,0,0,0,2026/04/01 22:54:22
翌日,20260401,更新後,関門連系線,2026/04/02,12:00,順方向,2272.0,-2272.0,0,300.0,300,周波数,0,0,0,0,0,2026/04/01 22:54:22
翌日,20260401,更新後,関門連系線,2026/04/02,12:00,逆方向,0.0,-2272.0,0,0.0,-2272,周波数,0,0,0,0,0,2026/04/01 22:54:22
翌日,20260401,更新後,関門連系線,2026/04/02,12:30,順方向,2261.108,-2250.0,0,288.892,300,周波数,0,0,0,0,0,2026/04/01 22:54:22
翌日,20260401,更新後,関門連系線,2026/04/02,12:30,逆方向,0.0,-2250.0,0,0.0,-2250,周波数,0,0,0,0,0,2026/04/01 22:54:22
翌日,20260401,更新後,関門連系線,2026/04/02,13:00,順方向,2250.0,-2250.0,0,290.0,290,周波数,0,0,0,0,0,2026/04/01 22:54:22
翌日,20260401,更新後,関門連系線,2026/04/02,13:00,逆方向,0.0,-2250.0,0,0.0,-2250,周波数,0,0,0,0,0,2026/04/01 22:54:22
翌日,20260401,更新後,関門連系線,2026/04/02,13:30,順方向,2473.602,-2273.0,0,89.398,290,周波数,0,0,0,0,0,2026/04/01 22:54:22
翌日,20260401,更新後,関門連系線,2026/04/02,13:30,逆方向,0.0,-2273.0,0,0.0,-2273,周波数,0,0,0,0,0,2026/04/01 22:54:22
翌日,20260401,更新後,関門連系線,2026/04/02,14:00,順方向,2268.0,-2268.0,0,280.0,280,周波数,0,0,0,0,0,2026/04/01 22:54:22
翌日,20260401,更新後,関門連系線,2026/04/02,14:00,逆方向,0.0,-2268.0,0,0.0,-2268,周波数,0,0,0,0,0,2026/04/01 22:54:22
翌日,20260401,更新後,関門連系線,2026/04/02,14:30,順方向,2262.0,-2262.0,0,280.0,280,周波数,0,0,0,0,0,2026/04/01 22:54:22
翌日,20260401,更新後,関門連系線,2026/04/02,14:30,逆方向,0.0,-2262.0,0,0.0,-2262,周波数,0,0,0,0,0,2026/04/01 22:54:22
翌日,20260401,更新後,関門連系線,2026/04/02,15:00,順方向,2242.0,-2242.0,0,280.0,280,周波数,0,0,0,0,0,2026/04/01 22:54:22
翌日,20260401,更新後,関門連系線,2026/04/02,15:00,逆方向,0.0,-2242.0,0,0.0,-2242,周波数,0,0,0,0,0,2026/04/01 22:54:22
翌日,20260401,更新後,関門連系線,2026/04/02,15:30,順方向,2281.802,-2232.0,0,300.198,350,周波数,0,0,0,0,0,2026/04/01 22:54:22
翌日,20260401,更新後,関門連系線,2026/04/02,15:30,逆方向,0.0,-2232.0,0,0.0,-2232,周波数,0,0,0,0,0,2026/04/01 22:54:22
翌日,20260401,更新後,関門連系線,2026/04/02,16:00,順方向,2383.457,-2218.0,0,264.543,430,周波数,0,0,0,0,0,2026/04/01 22:54:22
翌日,20260401,更新後,関門連系線,2026/04/02,16:00,逆方向,0.0,-2218.0,0,0.0,-2218,周波数,0,0,0,0,0,2026/04/01 22:54:22
翌日,20260401,更新後,関門連系線,2026/04/02,16:30,順方向,2395.152,-2119.8,0,204.648,480,周波数,0,0,0,0,0,2026/04/01 22:54:22
翌日,20260401,更新後,関門連系線,2026/04/02,16:30,逆方向,-111.2,-2119.8,0,0.0,-2231,周波数,0,0,0,0,0,2026/04/01 22:54:22
翌日,20260401,更新後,関門連系線,2026/04/02,17:00,順方向,2240.0,-2240.0,0,530.0,530,周波数,0,0,0,0,0,2026/04/01 22:54:22
翌日,20260401,更新後,関門連系線,2026/04/02,17:00,逆方向,0.0,-2240.0,0,0.0,-2240,周波数,0,0,0,0,0,2026/04/01 22:54:22
翌日,20260401,更新後,関門連系線,2026/04/02,17:30,順方向,2213.738,-1764.0,0,130.262,580,周波数,0,0,0,0,0,2026/04/01 22:54:22
翌日,20260401,更新後,関門連系線,2026/04/02,17:30,逆方向,-446.0,-1764.0,0,0.0,-2210,周波数,0,0,0,0,0,2026/04/01 22:54:22
翌日,20260401,更新後,関門連系線,2026/04/02,18:00,順方向,2254.5,-1786.6,0,162.1,630,周波数,0,0,0,0,0,2026/04/01 22:54:22
翌日,20260401,更新後,関門連系線,2026/04/02,18:00,逆方向,-395.396,-1786.6,0,-28.004,-2210,周波数,0,0,0,0,0,2026/04/01 22:54:22
翌日,20260401,更新後,関門連系線,2026/04/02,18:30,順方向,2337.7,-1607.7,0,0.0,730,周波数,0,0,0,0,0,2026/04/01 22:54:22
翌日,20260401,更新後,関門連系線,2026/04/02,18:30,逆方向,-602.3,-1607.7,0,0.0,-2210,周波数,0,0,0,0,0,2026/04/01 22:54:22
翌日,20260401,更新後,関門連系線,2026/04/02,19:00,順方向,2517.0,-1677.0,0,0.0,840,周波数,0,0,0,0,0,2026/04/01 22:54:22
翌日,20260401,更新後,関門連系線,2026/04/02,19:00,逆方向,-513.0,-1677.0,0,0.0,-2190,周波数,0,0,0,0,0,2026/04/01 22:54:22
翌日,20260401,更新後,関門連系線,2026/04/02,19:30,順方向,2446.6,-1596.6,0,0.0,850,周波数,0,0,0,0,0,2026/04/01 22:54:22
翌日,20260401,更新後,関門連系線,2026/04/02,19:30,逆方向,-583.4,-1596.6,0,0.0,-2180,周波数,0,0,0,0,0,2026/04/01 22:54:22
翌日,20260401,更新後,関門連系線,2026/04/02,20:00,順方向,2330.5,-1480.5,0,0.0,850,周波数,0,0,0,0,0,2026/04/01 22:54:22
翌日,20260401,更新後,関門連系線,2026/04/02,20:00,逆方向,-659.5,-1480.5,0,0.0,-2140,周波数,0,0,0,0,0,2026/04/01 22:54:22
翌日,20260401,更新後,関門連系線,2026/04/02,20:30,順方向,2428.7,-1588.7,0,0.0,840,周波数,0,0,0,0,0,2026/04/01 22:54:22
翌日,20260401,更新後,関門連系線,2026/04/02,20:30,逆方向,-511.3,-1588.7,0,0.0,-2100,周波数,0,0,0,0,0,2026/04/01 22:54:22
翌日,20260401,更新後,関門連系線,2026/04/02,21:00,順方向,2504.7,-1674.7,0,0.0,830,周波数,0,0,0,0,0,2026/04/01 22:54:22
翌日,20260401,更新後,関門連系線,2026/04/02,21:00,逆方向,-385.3,-1674.7,0,0.0,-2060,周波数,0,0,0,0,0,2026/04/01 22:54:22
翌日,20260401,更新後,関門連系線,2026/04/02,21:30,順方向,2306.2,-1491.2,0,5.0,820,周波数,0,0,0,0,0,2026/04/01 22:54:22
翌日,20260401,更新後,関門連系線,2026/04/02,21:30,逆方向,-504.624,-1491.2,0,-24.176,-2020,周波数,0,0,0,0,0,2026/04/01 22:54:22
翌日,20260401,更新後,関門連系線,2026/04/02,22:00,順方向,2443.9,-1627.9,0,4.0,820,周波数,0,0,0,0,0,2026/04/01 22:54:22
翌日,20260401,更新後,関門連系線,2026/04/02,22:00,逆方向,-392.1,-1627.9,0,0.0,-2020,周波数,0,0,0,0,0,2026/04/01 22:54:22
翌日,20260401,更新後,関門連系線,2026/04/02,22:30,順方向,2115.0,-1320.0,0,5.0,800,周波数,0,0,0,0,0,2026/04/01 22:54:22
翌日,20260401,更新後,関門連系線,2026/04/02,22:30,逆方向,-595.824,-1320.0,0,-24.176,-1940,周波数,0,0,0,0,0,2026/04/01 22:54:22
翌日,20260401,更新後,関門連系線,2026/04/02,23:00,順方向,2425.71,-1643.0,0,7.29,790,周波数,0,0,0,0,0,2026/04/01 22:54:22
翌日,20260401,更新後,関門連系線,2026/04/02,23:00,逆方向,-267.0,-1643.0,0,0.0,-1910,周波数,0,0,0,0,0,2026/04/01 22:54:22
翌日,20260401,更新後,関門連系線,2026/04/02,23:30,順方向,2391.31,-1632.6,0,21.29,780,周波数,0,0,0,0,0,2026/04/01 22:54:22
翌日,20260401,更新後,関門連系線,2026/04/02,23:30,逆方向,-247.4,-1632.6,0,0.0,-1880,周波数,0,0,0,0,0,2026/04/01 22:54:22
翌日,20260401,更新後,関門連系線,2026/04/02,24:00,順方向,2128.3,-1363.3,0,5.0,770,周波数,0,0,0,0,0,2026/04/01 22:54:22
翌日,20260401,更新後,関門連系線,2026/04/02,24:00,逆方向,-465.924,-1363.3,0,-20.776,-1850,周波数,0,0,0,0,0,2026/04/01 22:54:22
翌日,20260401,更新後,中部フェンス,2026/04/02,00:30,順方向,4153.95,-2804.6,0,640.65,1990,安定度（作業）,0,0,0,0,0,2026/04/01 22:54:22
翌日,20260401,更新後,中部フェンス,2026/04/02,00:30,逆方向,-25.4,-2804.6,0,0.0,-2830,電圧（作業）,0,0,0,0,0,2026/04/01 22:54:22
翌日,20260401,更新後,中部フェンス,2026/04/02,01:00,順方向,3896.701,-2830.0,0,923.299,1990,安定度（作業）,0,0,0,0,0,2026/04/01 22:54:22
翌日,20260401,更新後,中部フェンス,2026/04/02,01:00,逆方向,0.0,-2830.0,0,0.0,-2830,電圧（作業）,0,0,0,0,0,2026/04/01 22:54:22
翌日,20260401,更新後,中部フェンス,2026/04/02,01:30,順方向,3923.518,-2830.0,0,896.482,1990,安定度（作業）,0,0,0,0,0,2026/04/01 22:54:22
翌日,20260401,更新後,中部フェンス,2026/04/02,01:30,逆方向,0.0,-2830.0,0,0.0,-2830,電圧（作業）,0,0,0,0,0,2026/04/01 22:54:22
翌日,20260401,更新後,中部フェンス,2026/04/02,02:00,順方向,3919.498,-2830.0,0,900.502,1990,安定度（作業）,0,0,0,0,0,2026/04/01 22:54:22
翌日,20260401,更新後,中部フェンス,2026/04/02,02:00,逆方向,0.0,-2830.0,0,0.0,-2830,電圧（作業）,0,0,0,0,0,2026/04/01 22:54:22
翌日,20260401,更新後,中部フェンス,2026/04/02,02:30,順方向,3943.414,-2830.0,0,876.586,1990,安定度（作業）,0,0,0,0,0,2026/04/01 22:54:22
翌日,20260401,更新後,中部フェンス,2026/04/02,02:30,逆方向,0.0,-2830.0,0,0.0,-2830,電圧（作業）,0,0,0,0,0,2026/04/01 22:54:22
翌日,20260401,更新後,中部フェンス,2026/04/02,03:00,順方向,3953.033,-2830.0,0,866.967,1990,安定度（作業）,0,0,0,0,0,2026/04/01 22:54:22
翌日,20260401,更新後,中部フェンス,2026/04/02,03:00,逆方向,0.0,-2830.0,0,0.0,-2830,電圧（作業）,0,0,0,0,0,2026/04/01 22:54:22
翌日,20260401,更新後,中部フェンス,2026/04/02,03:30,順方向,3987.013,-2830.0,0,832.987,1990,安定度（作業）,0,0,0,0,0,2026/04/01 22:54:22
翌日,20260401,更新後,中部フェンス,2026/04/02,03:30,逆方向,0.0,-2830.0,0,0.0,-2830,電圧（作業）,0,0,0,0,0,2026/04/01 22:54:22
翌日,20260401,更新後,中部フェンス,2026/04/02,04:00,順方向,4094.769,-2830.0,0,725.231,1990,安定度（作業）,0,0,0,0,0,2026/04/01 22:54:22
翌日,20260401,更新後,中部フェンス,2026/04/02,04:00,逆方向,0.0,-2830.0,0,0.0,-2830,電圧（作業）,0,0,0,0,0,2026/04/01 22:54:22
翌日,20260401,更新後,中部フェンス,2026/04/02,04:30,順方向,4240.873,-2830.0,0,579.127,1990,安定度（作業）,0,0,0,0,0,2026/04/01 22:54:22
翌日,20260401,更新後,中部フェンス,2026/04/02,04:30,逆方向,0.0,-2830.0,0,0.0,-2830,電圧（作業）,0,0,0,0,0,2026/04/01 22:54:22
翌日,20260401,更新後,中部フェンス,2026/04/02,05:00,順方向,3877.935,-2830.0,0,942.065,1990,安定度（作業）,0,0,0,0,0,2026/04/01 22:54:22
翌日,20260401,更新後,中部フェンス,2026/04/02,05:00,逆方向,0.0,-2830.0,0,0.0,-2830,電圧（作業）,0,0,0,0,0,2026/04/01 22:54:22
翌日,20260401,更新後,中部フェンス,2026/04/02,05:30,順方向,3880.702,-2830.0,0,939.298,1990,安定度（作業）,0,0,0,0,0,2026/04/01 22:54:22
翌日,20260401,更新後,中部フェンス,2026/04/02,05:30,逆方向,0.0,-2830.0,0,0.0,-2830,電圧（作業）,0,0,0,0,0,2026/04/01 22:54:22
翌日,20260401,更新後,中部フェンス,2026/04/02,06:00,順方向,4040.117,-2830.0,0,779.883,1990,安定度（作業）,0,0,0,0,0,2026/04/01 22:54:22
翌日,20260401,更新後,中部フェンス,2026/04/02,06:00,逆方向,0.0,-2830.0,0,0.0,-2830,電圧（作業）,0,0,0,0,0,2026/04/01 22:54:22
翌日,20260401,更新後,中部フェンス,2026/04/02,06:30,順方向,3939.295,-2830.0,0,880.705,1990,安定度（作業）,0,0,0,0,0,2026/04/01 22:54:22
翌日,20260401,更新後,中部フェンス,2026/04/02,06:30,逆方向,0.0,-2830.0,0,0.0,-2830,電圧（作業）,0,0,0,0,0,2026/04/01 22:54:22
翌日,20260401,更新後,中部フェンス,2026/04/02,07:00,順方向,3940.406,-2830.0,0,879.594,1990,安定度（作業）,0,0,0,0,0,2026/04/01 22:54:22
翌日,20260401,更新後,中部フェンス,2026/04/02,07:00,逆方向,0.0,-2830.0,0,0.0,-2830,電圧（作業）,0,0,0,0,0,2026/04/01 22:54:22
翌日,20260401,更新後,中部フェンス,2026/04/02,07:30,順方向,3716.126,-2830.0,0,1103.874,1990,安定度（作業）,0,0,0,0,0,2026/04/01 22:54:22
翌日,20260401,更新後,中部フェンス,2026/04/02,07:30,逆方向,0.0,-2830.0,0,0.0,-2830,電圧（作業）,0,0,0,0,0,2026/04/01 22:54:22
翌日,20260401,更新後,中部フェンス,2026/04/02,08:00,順方向,3605.959,-2830.0,0,1214.041,1990,安定度（作業）,0,0,0,0,0,2026/04/01 22:54:22
翌日,20260401,更新後,中部フェンス,2026/04/02,08:00,逆方向,0.0,-2830.0,0,0.0,-2830,電圧（作業）,0,0,0,0,0,2026/04/01 22:54:22
翌日,20260401,更新後,中部フェンス,2026/04/02,08:30,順方向,3770.97,-2830.0,0,1189.03,2130,安定度（作業）,0,0,0,0,0,2026/04/01 22:54:22
翌日,20260401,更新後,中部フェンス,2026/04/02,08:30,逆方向,0.0,-2830.0,0,0.0,-2830,電圧（作業）,0,0,0,0,0,2026/04/01 22:54:22
翌日,20260401,更新後,中部フェンス,2026/04/02,09:00,順方向,3502.998,-2830.0,0,1457.002,2130,安定度（作業）,0,0,0,0,0,2026/04/01 22:54:22
翌日,20260401,更新後,中部フェンス,2026/04/02,09:00,逆方向,0.0,-2830.0,0,0.0,-2830,電圧（作業）,0,0,0,0,0,2026/04/01 22:54:22
翌日,20260401,更新後,中部フェンス,2026/04/02,09:30,順方向,5006.508,-3389.8,0,1013.292,2630,安定度（作業）,0,0,0,0,0,2026/04/01 22:54:22
翌日,20260401,更新後,中部フェンス,2026/04/02,09:30,逆方向,-140.2,-3389.8,0,0.0,-3530,電圧（作業）,0,0,0,0,0,2026/04/01 22:54:22
翌日,20260401,更新後,中部フェンス,2026/04/02,10:00,順方向,5272.318,-3475.7,0,833.382,2630,安定度（作業）,0,0,0,0,0,2026/04/01 22:54:22
翌日,20260401,更新後,中部フェンス,2026/04/02,10:00,逆方向,-54.3,-3475.7,0,0.0,-3530,電圧（作業）,0,0,0,0,0,2026/04/01 22:54:22
翌日,20260401,更新後,中部フェンス,2026/04/02,10:30,順方向,5458.708,-3468.7,0,639.992,2630,安定度（作業）,0,0,0,0,0,2026/04/01 22:54:22
翌日,20260401,更新後,中部フェンス,2026/04/02,10:30,逆方向,-61.3,-3468.7,0,0.0,-3530,電圧（作業）,0,0,0,0,0,2026/04/01 22:54:22
翌日,20260401,更新後,中部フェンス,2026/04/02,11:00,順方向,4810.371,-3207.3,0,1026.929,2630,安定度（作業）,0,0,0,0,0,2026/04/01 22:54:22
翌日,20260401,更新後,中部フェンス,2026/04/02,11:00,逆方向,-322.7,-3207.3,0,0.0,-3530,電圧（作業）,0,0,0,0,0,2026/04/01 22:54:22
翌日,20260401,更新後,中部フェンス,2026/04/02,11:30,順方向,4684.319,-3033.6,0,979.281,2630,安定度（作業）,0,0,0,0,0,2026/04/01 22:54:22
翌日,20260401,更新後,中部フェンス,2026/04/02,11:30,逆方向,-496.4,-3033.6,0,0.0,-3530,電圧（作業）,0,0,0,0,0,2026/04/01 22:54:22
翌日,20260401,更新後,中部フェンス,2026/04/02,12:00,順方向,4505.908,-2779.4,0,903.492,2630,安定度（作業）,0,0,0,0,0,2026/04/01 22:54:22
翌日,20260401,更新後,中部フェンス,2026/04/02,12:00,逆方向,-750.6,-2779.4,0,0.0,-3530,電圧（作業）,0,0,0,0,0,2026/04/01 22:54:22
翌日,20260401,更新後,中部フェンス,2026/04/02,12:30,順方向,3904.708,-2182.7,0,907.992,2630,安定度（作業）,0,0,0,0,0,2026/04/01 22:54:22
翌日,20260401,更新後,中部フェンス,2026/04/02,12:30,逆方向,-1248.873,-2182.7,0,-98.427,-3530,電圧（作業）,0,0,0,0,0,2026/04/01 22:54:22
翌日,20260401,更新後,中部フェンス,2026/04/02,13:00,順方向,3649.358,-1919.1,0,899.742,2630,安定度（作業）,0,0,0,0,0,2026/04/01 22:54:22
翌日,20260401,更新後,中部フェンス,2026/04/02,13:00,逆方向,-1408.841,-1919.1,0,-202.059,-3530,電圧（作業）,0,0,0,0,0,2026/04/01 22:54:22
翌日,20260401,更新後,中部フェンス,2026/04/02,13:30,順方向,3760.408,-2214.4,0,1083.992,2630,安定度（作業）,0,0,0,0,0,2026/04/01 22:54:22
翌日,20260401,更新後,中部フェンス,2026/04/02,13:30,逆方向,-1113.411,-2214.4,0,-202.189,-3530,電圧（作業）,0,0,0,0,0,2026/04/01 22:54:22
翌日,20260401,更新後,中部フェンス,2026/04/02,14:00,順方向,4287.408,-2691.8,0,1034.392,2630,安定度（作業）,0,0,0,0,0,2026/04/01 22:54:22
翌日,20260401,更新後,中部フェンス,2026/04/02,14:00,逆方向,-810.117,-2691.8,0,-28.083,-3530,電圧（作業）,0,0,0,0,0,2026/04/01 22:54:22
翌日,20260401,更新後,中部フェンス,2026/04/02,14:30,順方向,4712.88,-3038.2,0,955.32,2630,安定度（作業）,0,0,0,0,0,2026/04/01 22:54:22
翌日,20260401,更新後,中部フェンス,2026/04/02,14:30,逆方向,-491.8,-3038.2,0,0.0,-3530,電圧（作業）,0,0,0,0,0,2026/04/01 22:54:22
翌日,20260401,更新後,中部フェンス,2026/04/02,15:00,順方向,4739.408,-2970.4,0,860.992,2630,安定度（作業）,0,0,0,0,0,2026/04/01 22:54:22
翌日,20260401,更新後,中部フェンス,2026/04/02,15:00,逆方向,-559.6,-2970.4,0,0.0,-3530,電圧（作業）,0,0,0,0,0,2026/04/01 22:54:22
翌日,20260401,更新後,中部フェンス,2026/04/02,15:30,順方向,5155.936,-3454.3,0,928.364,2630,安定度（作業）,0,0,0,0,0,2026/04/01 22:54:22
翌日,20260401,更新後,中部フェンス,2026/04/02,15:30,逆方向,-75.7,-3454.3,0,0.0,-3530,電圧（作業）,0,0,0,0,0,2026/04/01 22:54:22
翌日,20260401,更新後,中部フェンス,2026/04/02,16:00,順方向,5334.46,-3491.5,0,787.04,2630,安定度（作業）,0,0,0,0,0,2026/04/01 22:54:22
翌日,20260401,更新後,中部フェンス,2026/04/02,16:00,逆方向,-38.5,-3491.5,0,0.0,-3530,電圧（作業）,0,0,0,0,0,2026/04/01 22:54:22
翌日,20260401,更新後,中部フェンス,2026/04/02,16:30,順方向,5408.198,-3462.9,0,684.702,2630,安定度（作業）,0,0,0,0,0,2026/04/01 22:54:22
翌日,20260401,更新後,中部フェンス,2026/04/02,16:30,逆方向,-67.1,-3462.9,0,0.0,-3530,電圧（作業）,0,0,0,0,0,2026/04/01 22:54:22
翌日,20260401,更新後,中部フェンス,2026/04/02,17:00,順方向,4938.349,-3530.0,0,1221.651,2630,安定度（作業）,0,0,0,0,0,2026/04/01 22:54:22
翌日,20260401,更新後,中部フェンス,2026/04/02,17:00,逆方向,0.0,-3530.0,0,0.0,-3530,電圧（作業）,0,0,0,0,0,2026/04/01 22:54:22
翌日,20260401,更新後,中部フェンス,2026/04/02,17:30,順方向,5754.104,-3507.4,0,383.296,2630,安定度（作業）,0,0,0,0,0,2026/04/01 22:54:22
翌日,20260401,更新後,中部フェンス,2026/04/02,17:30,逆方向,-22.6,-3507.4,0,0.0,-3530,電圧（作業）,0,0,0,0,0,2026/04/01 22:54:22
翌日,20260401,更新後,中部フェンス,2026/04/02,18:00,順方向,5654.416,-3530.0,0,505.584,2630,安定度（作業）,0,0,0,0,0,2026/04/01 22:54:22
翌日,20260401,更新後,中部フェンス,2026/04/02,18:00,逆方向,0.0,-3530.0,0,0.0,-3530,電圧（作業）,0,0,0,0,0,2026/04/01 22:54:22
翌日,20260401,更新後,中部フェンス,2026/04/02,18:30,順方向,5564.846,-3530.0,0,595.154,2630,安定度（作業）,0,0,0,0,0,2026/04/01 22:54:22
翌日,20260401,更新後,中部フェンス,2026/04/02,18:30,逆方向,0.0,-3530.0,0,0.0,-3530,電圧（作業）,0,0,0,0,0,2026/04/01 22:54:22
翌日,20260401,更新後,中部フェンス,2026/04/02,19:00,順方向,5674.67,-3530.0,0,485.33,2630,安定度（作業）,0,0,0,0,0,2026/04/01 22:54:22
翌日,20260401,更新後,中部フェンス,2026/04/02,19:00,逆方向,0.0,-3530.0,0,0.0,-3530,電圧（作業）,0,0,0,0,0,2026/04/01 22:54:22
翌日,20260401,更新後,中部フェンス,2026/04/02,19:30,順方向,5593.244,-3530.0,0,566.756,2630,安定度（作業）,0,0,0,0,0,2026/04/01 22:54:22
翌日,20260401,更新後,中部フェンス,2026/04/02,19:30,逆方向,0.0,-3530.0,0,0.0,-3530,電圧（作業）,0,0,0,0,0,2026/04/01 22:54:22
翌日,20260401,更新後,中部フェンス,2026/04/02,20:00,順方向,5863.339,-3530.0,0,296.661,2630,安定度（作業）,0,0,0,0,0,2026/04/01 22:54:22
翌日,20260401,更新後,中部フェンス,2026/04/02,20:00,逆方向,0.0,-3530.0,0,0.0,-3530,電圧（作業）,0,0,0,0,0,2026/04/01 22:54:22
翌日,20260401,更新後,中部フェンス,2026/04/02,20:30,順方向,5876.177,-3530.0,0,283.823,2630,安定度（作業）,0,0,0,0,0,2026/04/01 22:54:22
翌日,20260401,更新後,中部フェンス,2026/04/02,20:30,逆方向,0.0,-3530.0,0,0.0,-3530,電圧（作業）,0,0,0,0,0,2026/04/01 22:54:22
翌日,20260401,更新後,中部フェンス,2026/04/02,21:00,順方向,5817.29,-3530.0,0,342.71,2630,安定度（作業）,0,0,0,0,0,2026/04/01 22:54:22
翌日,20260401,更新後,中部フェンス,2026/04/02,21:00,逆方向,0.0,-3530.0,0,0.0,-3530,電圧（作業）,0,0,0,0,0,2026/04/01 22:54:22
翌日,20260401,更新後,中部フェンス,2026/04/02,21:30,順方向,5891.604,-3530.0,0,268.396,2630,安定度（作業）,0,0,0,0,0,2026/04/01 22:54:22
翌日,20260401,更新後,中部フェンス,2026/04/02,21:30,逆方向,0.0,-3530.0,0,0.0,-3530,電圧（作業）,0,0,0,0,0,2026/04/01 22:54:22
翌日,20260401,更新後,中部フェンス,2026/04/02,22:00,順方向,5783.279,-3530.0,0,376.721,2630,安定度（作業）,0,0,0,0,0,2026/04/01 22:54:22
翌日,20260401,更新後,中部フェンス,2026/04/02,22:00,逆方向,0.0,-3530.0,0,0.0,-3530,電圧（作業）,0,0,0,0,0,2026/04/01 22:54:22
翌日,20260401,更新後,中部フェンス,2026/04/02,22:30,順方向,5179.801,-3530.0,0,540.199,2190,安定度（作業）,0,0,0,0,0,2026/04/01 22:54:22
翌日,20260401,更新後,中部フェンス,2026/04/02,22:30,逆方向,0.0,-3530.0,0,0.0,-3530,電圧（作業）,0,0,0,0,0,2026/04/01 22:54:22
翌日,20260401,更新後,中部フェンス,2026/04/02,23:00,順方向,5488.843,-3530.0,0,231.157,2190,安定度（作業）,0,0,0,0,0,2026/04/01 22:54:22
翌日,20260401,更新後,中部フェンス,2026/04/02,23:00,逆方向,0.0,-3530.0,0,0.0,-3530,電圧（作業）,0,0,0,0,0,2026/04/01 22:54:22
翌日,20260401,更新後,中部フェンス,2026/04/02,23:30,順方向,5536.838,-3530.0,0,183.162,2190,安定度（作業）,0,0,0,0,0,2026/04/01 22:54:22
翌日,20260401,更新後,中部フェンス,2026/04/02,23:30,逆方向,0.0,-3530.0,0,0.0,-3530,電圧（作業）,0,0,0,0,0,2026/04/01 22:54:22
翌日,20260401,更新後,中部フェンス,2026/04/02,24:00,順方向,5537.514,-3530.0,0,182.486,2190,安定度（作業）,0,0,0,0,0,2026/04/01 22:54:22
翌日,20260401,更新後,中部フェンス,2026/04/02,24:00,逆方向,0.0,-3530.0,0,0.0,-3530,電圧（作業）,0,0,0,0,0,2026/04/01 22:54:22
翌日,20260401,更新後,北陸フェンス,2026/04/02,00:30,順方向,2786.7,-666.7,0,0.0,2120,電圧（作業）,0,0,0,0,0,2026/04/01 22:54:22
翌日,20260401,更新後,北陸フェンス,2026/04/02,00:30,逆方向,-2263.09,-666.7,0,-40.21,-2970,安定度（作業）,0,0,0,0,0,2026/04/01 22:54:22
翌日,20260401,更新後,北陸フェンス,2026/04/02,01:00,順方向,2566.0,-489.0,0,43.0,2120,電圧（作業）,0,0,0,0,0,2026/04/01 22:54:22
翌日,20260401,更新後,北陸フェンス,2026/04/02,01:00,逆方向,-2459.0,-489.0,0,-22.0,-2970,安定度（作業）,0,0,0,0,0,2026/04/01 22:54:22
翌日,20260401,更新後,北陸フェンス,2026/04/02,01:30,順方向,2616.8,-539.8,0,43.0,2120,電圧（作業）,0,0,0,0,0,2026/04/01 22:54:22
翌日,20260401,更新後,北陸フェンス,2026/04/02,01:30,逆方向,-2408.2,-539.8,0,-22.0,-2970,安定度（作業）,0,0,0,0,0,2026/04/01 22:54:22
翌日,20260401,更新後,北陸フェンス,2026/04/02,02:00,順方向,2761.8,-684.8,0,43.0,2120,電圧（作業）,0,0,0,0,0,2026/04/01 22:54:22
翌日,20260401,更新後,北陸フェンス,2026/04/02,02:00,逆方向,-2263.2,-684.8,0,-22.0,-2970,安定度（作業）,0,0,0,0,0,2026/04/01 22:54:22
翌日,20260401,更新後,北陸フェンス,2026/04/02,02:30,順方向,2811.3,-734.3,0,43.0,2120,電圧（作業）,0,0,0,0,0,2026/04/01 22:54:22
翌日,20260401,更新後,北陸フェンス,2026/04/02,02:30,逆方向,-2217.32,-734.3,0,-18.38,-2970,安定度（作業）,0,0,0,0,0,2026/04/01 22:54:22
翌日,20260401,更新後,北陸フェンス,2026/04/02,03:00,順方向,2714.2,-637.2,0,43.0,2120,電圧（作業）,0,0,0,0,0,2026/04/01 22:54:22
翌日,20260401,更新後,北陸フェンス,2026/04/02,03:00,逆方向,-2310.8,-637.2,0,-22.0,-2970,安定度（作業）,0,0,0,0,0,2026/04/01 22:54:22
翌日,20260401,更新後,北陸フェンス,2026/04/02,03:30,順方向,2649.1,-571.1,0,42.0,2120,電圧（作業）,0,0,0,0,0,2026/04/01 22:54:22
翌日,20260401,更新後,北陸フェンス,2026/04/02,03:30,逆方向,-2376.9,-571.1,0,-22.0,-2970,安定度（作業）,0,0,0,0,0,2026/04/01 22:54:22
翌日,20260401,更新後,北陸フェンス,2026/04/02,04:00,順方向,2607.3,-528.3,0,41.0,2120,電圧（作業）,0,0,0,0,0,2026/04/01 22:54:22
翌日,20260401,更新後,北陸フェンス,2026/04/02,04:00,逆方向,-2419.7,-528.3,0,-22.0,-2970,安定度（作業）,0,0,0,0,0,2026/04/01 22:54:22
翌日,20260401,更新後,北陸フェンス,2026/04/02,04:30,順方向,2658.4,-538.4,0,0.0,2120,電圧（作業）,0,0,0,0,0,2026/04/01 22:54:22
翌日,20260401,更新後,北陸フェンス,2026/04/02,04:30,逆方向,-2378.039,-538.4,0,-53.561,-2970,安定度（作業）,0,0,0,0,0,2026/04/01 22:54:22
翌日,20260401,更新後,北陸フェンス,2026/04/02,05:00,順方向,2594.0,-519.0,0,45.0,2120,電圧（作業）,0,0,0,0,0,2026/04/01 22:54:22
翌日,20260401,更新後,北陸フェンス,2026/04/02,05:00,逆方向,-2431.952,-519.0,0,-19.048,-2970,安定度（作業）,0,0,0,0,0,2026/04/01 22:54:22
翌日,20260401,更新後,北陸フェンス,2026/04/02,05:30,順方向,2583.7,-508.7,0,45.0,2120,電圧（作業）,0,0,0,0,0,2026/04/01 22:54:22
翌日,20260401,更新後,北陸フェンス,2026/04/02,05:30,逆方向,-2447.736,-508.7,0,-13.564,-2970,安定度（作業）,0,0,0,0,0,2026/04/01 22:54:22
翌日,20260401,更新後,北陸フェンス,2026/04/02,06:00,順方向,2631.4,-556.4,0,45.0,2120,電圧（作業）,0,0,0,0,0,2026/04/01 22:54:22
翌日,20260401,更新後,北陸フェンス,2026/04/02,06:00,逆方向,-2398.472,-556.4,0,-15.128,-2970,安定度（作業）,0,0,0,0,0,2026/04/01 22:54:22
翌日,20260401,更新後,北陸フェンス,2026/04/02,06:30,順方向,2611.5,-568.5,0,77.0,2120,電圧（作業）,0,0,0,0,0,2026/04/01 22:54:22
翌日,20260401,更新後,北陸フェンス,2026/04/02,06:30,逆方向,-2395.312,-568.5,0,-6.188,-2970,安定度（作業）,0,0,0,0,0,2026/04/01 22:54:22
翌日,20260401,更新後,北陸フェンス,2026/04/02,07:00,順方向,2603.8,-574.8,0,91.0,2120,電圧（作業）,0,0,0,0,0,2026/04/01 22:54:22
翌日,20260401,更新後,北陸フェンス,2026/04/02,07:00,逆方向,-2381.524,-574.8,0,-13.676,-2970,安定度（作業）,0,0,0,0,0,2026/04/01 22:54:22
翌日,20260401,更新後,北陸フェンス,2026/04/02,07:30,順方向,2406.316,-352.6,0,66.284,2120,電圧（作業）,0,0,0,0,0,2026/04/01 22:54:22
翌日,20260401,更新後,北陸フェンス,2026/04/02,07:30,逆方向,-2584.272,-352.6,0,-33.128,-2970,安定度（作業）,0,0,0,0,0,2026/04/01 22:54:22
翌日,20260401,更新後,北陸フェンス,2026/04/02,08:00,順方向,2206.765,-133.4,0,46.635,2120,電圧（作業）,0,0,0,0,0,2026/04/01 22:54:22
翌日,20260401,更新後,北陸フェンス,2026/04/02,08:00,逆方向,-2813.542,-133.4,0,-23.058,-2970,安定度（作業）,0,0,0,0,0,2026/04/01 22:54:22
翌日,20260401,更新後,北陸フェンス,2026/04/02,08:30,順方向,2000.798,-3.0,0,122.202,2120,電圧（作業）,0,0,0,0,0,2026/04/01 22:54:22
翌日,20260401,更新後,北陸フェンス,2026/04/02,08:30,逆方向,-2963.0,-3.0,0,-4.0,-2970,安定度（作業）,0,0,0,0,0,2026/04/01 22:54:22
翌日,20260401,更新後,北陸フェンス,2026/04/02,09:00,順方向,1979.224,-5.5,0,146.276,2120,電圧（作業）,0,0,0,0,0,2026/04/01 22:54:22
翌日,20260401,更新後,北陸フェンス,2026/04/02,09:00,逆方向,-2964.5,-5.5,0,0.0,-2970,安定度（作業）,0,0,0,0,0,2026/04/01 22:54:22
翌日,20260401,更新後,北陸フェンス,2026/04/02,09:30,順方向,2584.091,-77.2,0,213.109,2720,電圧（作業）,0,0,0,0,0,2026/04/01 22:54:22
翌日,20260401,更新後,北陸フェンス,2026/04/02,09:30,逆方向,-3892.8,-77.2,0,0.0,-3970,安定度（作業）,0,0,0,0,0,2026/04/01 22:54:22
翌日,20260401,更新後,北陸フェンス,2026/04/02,10:00,順方向,2554.958,-54.6,0,219.642,2720,電圧（作業）,0,0,0,0,0,2026/04/01 22:54:22
翌日,20260401,更新後,北陸フェンス,2026/04/02,10:00,逆方向,-3915.4,-54.6,0,0.0,-3970,安定度（作業）,0,0,0,0,0,2026/04/01 22:54:22
翌日,20260401,更新後,北陸フェンス,2026/04/02,10:30,順方向,2496.19,0.0,0,223.81,2720,電圧（作業）,0,0,0,0,0,2026/04/01 22:54:22
翌日,20260401,更新後,北陸フェンス,2026/04/02,10:30,逆方向,-3970.0,0.0,0,0.0,-3970,安定度（作業）,0,0,0,0,0,2026/04/01 22:54:22
翌日,20260401,更新後,北陸フェンス,2026/04/02,11:00,順方向,2406.243,156.0,0,157.757,2720,電圧（作業）,0,0,0,0,0,2026/04/01 22:54:22
翌日,20260401,更新後,北陸フェンス,2026/04/02,11:00,逆方向,-4126.0,156.0,0,0.0,-3970,安定度（作業）,0,0,0,0,0,2026/04/01 22:54:22
翌日,20260401,更新後,北陸フェンス,2026/04/02,11:30,順方向,2385.408,147.2,0,187.392,2720,電圧（作業）,0,0,0,0,0,2026/04/01 22:54:22
翌日,20260401,更新後,北陸フェンス,2026/04/02,11:30,逆方向,-4117.2,147.2,0,0.0,-3970,安定度（作業）,0,0,0,0,0,2026/04/01 22:54:22
翌日,20260401,更新後,北陸フェンス,2026/04/02,12:00,順方向,2580.1,139.9,0,0.0,2720,電圧（作業）,0,0,0,0,0,2026/04/01 22:54:22
翌日,20260401,更新後,北陸フェンス,2026/04/02,12:00,逆方向,-4076.873,139.9,0,-33.027,-3970,安定度（作業）,0,0,0,0,0,2026/04/01 22:54:22
翌日,20260401,更新後,北陸フェンス,2026/04/02,12:30,順方向,2589.2,130.8,0,0.0,2720,電圧（作業）,0,0,0,0,0,2026/04/01 22:54:22
翌日,20260401,更新後,北陸フェンス,2026/04/02,12:30,逆方向,-3928.212,130.8,0,-172.588,-3970,安定度（作業）,0,0,0,0,0,2026/04/01 22:54:22
翌日,20260401,更新後,北陸フェンス,2026/04/02,13:00,順方向,2632.2,87.8,0,0.0,2720,電圧（作業）,0,0,0,0,0,2026/04/01 22:54:22
翌日,20260401,更新後,北陸フェンス,2026/04/02,13:00,逆方向,-3827.428,87.8,0,-230.372,-3970,安定度（作業）,0,0,0,0,0,2026/04/01 22:54:22
翌日,20260401,更新後,北陸フェンス,2026/04/02,13:30,順方向,2930.118,-277.9,0,67.782,2720,電圧（作業）,0,0,0,0,0,2026/04/01 22:54:22
翌日,20260401,更新後,北陸フェンス,2026/04/02,13:30,逆方向,-3692.1,-277.9,0,0.0,-3970,安定度（作業）,0,0,0,0,0,2026/04/01 22:54:22
翌日,20260401,更新後,北陸フェンス,2026/04/02,14:00,順方向,2950.707,-283.9,0,53.193,2720,電圧（作業）,0,0,0,0,0,2026/04/01 22:54:22
翌日,20260401,更新後,北陸フェンス,2026/04/02,14:00,逆方向,-3685.1,-283.9,0,-1.0,-3970,安定度（作業）,0,0,0,0,0,2026/04/01 22:54:22
翌日,20260401,更新後,北陸フェンス,2026/04/02,14:30,順方向,2828.0,-108.0,0,0.0,2720,電圧（作業）,0,0,0,0,0,2026/04/01 22:54:22
翌日,20260401,更新後,北陸フェンス,2026/04/02,14:30,逆方向,-3774.798,-108.0,0,-87.202,-3970,安定度（作業）,0,0,0,0,0,2026/04/01 22:54:22
翌日,20260401,更新後,北陸フェンス,2026/04/02,15:00,順方向,2856.802,-263.1,0,126.298,2720,電圧（作業）,0,0,0,0,0,2026/04/01 22:54:22
翌日,20260401,更新後,北陸フェンス,2026/04/02,15:00,逆方向,-3705.9,-263.1,0,-1.0,-3970,安定度（作業）,0,0,0,0,0,2026/04/01 22:54:22
翌日,20260401,更新後,北陸フェンス,2026/04/02,15:30,順方向,2851.6,-284.6,0,153.0,2720,電圧（作業）,0,0,0,0,0,2026/04/01 22:54:22
翌日,20260401,更新後,北陸フェンス,2026/04/02,15:30,逆方向,-3623.4,-284.6,0,-62.0,-3970,安定度（作業）,0,0,0,0,0,2026/04/01 22:54:22
翌日,20260401,更新後,北陸フェンス,2026/04/02,16:00,順方向,2883.71,-261.1,0,97.39,2720,電圧（作業）,0,0,0,0,0,2026/04/01 22:54:22
翌日,20260401,更新後,北陸フェンス,2026/04/02,16:00,逆方向,-3697.9,-261.1,0,-11.0,-3970,安定度（作業）,0,0,0,0,0,2026/04/01 22:54:22
翌日,20260401,更新後,北陸フェンス,2026/04/02,16:30,順方向,2848.734,-275.0,0,146.266,2720,電圧（作業）,0,0,0,0,0,2026/04/01 22:54:22
翌日,20260401,更新後,北陸フェンス,2026/04/02,16:30,逆方向,-3686.316,-275.0,0,-8.684,-3970,安定度（作業）,0,0,0,0,0,2026/04/01 22:54:22
翌日,20260401,更新後,北陸フェンス,2026/04/02,17:00,順方向,2847.6,-240.6,0,113.0,2720,電圧（作業）,0,0,0,0,0,2026/04/01 22:54:22
翌日,20260401,更新後,北陸フェンス,2026/04/02,17:00,逆方向,-3695.978,-240.6,0,-33.422,-3970,安定度（作業）,0,0,0,0,0,2026/04/01 22:54:22
翌日,20260401,更新後,北陸フェンス,2026/04/02,17:30,順方向,3271.3,-578.3,0,27.0,2720,電圧（作業）,0,0,0,0,0,2026/04/01 22:54:22
翌日,20260401,更新後,北陸フェンス,2026/04/02,17:30,逆方向,-3385.34,-578.3,0,-6.36,-3970,安定度（作業）,0,0,0,0,0,2026/04/01 22:54:22
翌日,20260401,更新後,北陸フェンス,2026/04/02,18:00,順方向,3179.024,-487.3,0,28.276,2720,電圧（作業）,0,0,0,0,0,2026/04/01 22:54:22
翌日,20260401,更新後,北陸フェンス,2026/04/02,18:00,逆方向,-3482.7,-487.3,0,0.0,-3970,安定度（作業）,0,0,0,0,0,2026/04/01 22:54:22
翌日,20260401,更新後,北陸フェンス,2026/04/02,18:30,順方向,3096.6,-380.6,0,4.0,2720,電圧（作業）,0,0,0,0,0,2026/04/01 22:54:22
翌日,20260401,更新後,北陸フェンス,2026/04/02,18:30,逆方向,-3589.4,-380.6,0,0.0,-3970,安定度（作業）,0,0,0,0,0,2026/04/01 22:54:22
翌日,20260401,更新後,北陸フェンス,2026/04/02,19:00,順方向,3069.23,-361.4,0,12.17,2720,電圧（作業）,0,0,0,0,0,2026/04/01 22:54:22
翌日,20260401,更新後,北陸フェンス,2026/04/02,19:00,逆方向,-3608.6,-361.4,0,0.0,-3970,安定度（作業）,0,0,0,0,0,2026/04/01 22:54:22
翌日,20260401,更新後,北陸フェンス,2026/04/02,19:30,順方向,3040.372,-359.1,0,38.728,2720,電圧（作業）,0,0,0,0,0,2026/04/01 22:54:22
翌日,20260401,更新後,北陸フェンス,2026/04/02,19:30,逆方向,-3610.9,-359.1,0,0.0,-3970,安定度（作業）,0,0,0,0,0,2026/04/01 22:54:22
翌日,20260401,更新後,北陸フェンス,2026/04/02,20:00,順方向,3112.4,-396.4,0,4.0,2720,電圧（作業）,0,0,0,0,0,2026/04/01 22:54:22
翌日,20260401,更新後,北陸フェンス,2026/04/02,20:00,逆方向,-3567.988,-396.4,0,-5.612,-3970,安定度（作業）,0,0,0,0,0,2026/04/01 22:54:22
翌日,20260401,更新後,北陸フェンス,2026/04/02,20:30,順方向,3110.3,-390.3,0,0.0,2720,電圧（作業）,0,0,0,0,0,2026/04/01 22:54:22
翌日,20260401,更新後,北陸フェンス,2026/04/02,20:30,逆方向,-3579.7,-390.3,0,0.0,-3970,安定度（作業）,0,0,0,0,0,2026/04/01 22:54:22
翌日,20260401,更新後,北陸フェンス,2026/04/02,21:00,順方向,3138.1,-418.1,0,0.0,2720,電圧（作業）,0,0,0,0,0,2026/04/01 22:54:22
翌日,20260401,更新後,北陸フェンス,2026/04/02,21:00,逆方向,-3546.61,-418.1,0,-5.29,-3970,安定度（作業）,0,0,0,0,0,2026/04/01 22:54:22
翌日,20260401,更新後,北陸フェンス,2026/04/02,21:30,順方向,3134.7,-414.7,0,0.0,2720,電圧（作業）,0,0,0,0,0,2026/04/01 22:54:22
翌日,20260401,更新後,北陸フェンス,2026/04/02,21:30,逆方向,-3550.462,-414.7,0,-4.838,-3970,安定度（作業）,0,0,0,0,0,2026/04/01 22:54:22
翌日,20260401,更新後,北陸フェンス,2026/04/02,22:00,順方向,3126.0,-410.0,0,4.0,2720,電圧（作業）,0,0,0,0,0,2026/04/01 22:54:22
翌日,20260401,更新後,北陸フェンス,2026/04/02,22:00,逆方向,-3535.136,-410.0,0,-24.864,-3970,安定度（作業）,0,0,0,0,0,2026/04/01 22:54:22
翌日,20260401,更新後,北陸フェンス,2026/04/02,22:30,順方向,2857.954,-258.1,0,10.146,2610,熱容量（作業）,0,0,0,0,0,2026/04/01 22:54:22
翌日,20260401,更新後,北陸フェンス,2026/04/02,22:30,逆方向,-3683.614,-258.1,0,-28.286,-3970,安定度（作業）,0,0,0,0,0,2026/04/01 22:54:22
翌日,20260401,更新後,北陸フェンス,2026/04/02,23:00,順方向,2918.5,-308.5,0,0.0,2610,熱容量（作業）,0,0,0,0,0,2026/04/01 22:54:22
翌日,20260401,更新後,北陸フェンス,2026/04/02,23:00,逆方向,-3569.632,-308.5,0,-91.868,-3970,安定度（作業）,0,0,0,0,0,2026/04/01 22:54:22
翌日,20260401,更新後,北陸フェンス,2026/04/02,23:30,順方向,2876.815,-278.4,0,11.585,2610,熱容量（作業）,0,0,0,0,0,2026/04/01 22:54:22
翌日,20260401,更新後,北陸フェンス,2026/04/02,23:30,逆方向,-3565.366,-278.4,0,-126.234,-3970,安定度（作業）,0,0,0,0,0,2026/04/01 22:54:22
翌日,20260401,更新後,北陸フェンス,2026/04/02,24:00,順方向,2955.5,-345.5,0,0.0,2610,熱容量（作業）,0,0,0,0,0,2026/04/01 22:54:22
翌日,20260401,更新後,北陸フェンス,2026/04/02,24:00,逆方向,-3521.326,-345.5,0,-103.174,-3970,安定度（作業）,0,0,0,0,0,2026/04/01 22:54:22
翌日,20260401,更新後,関西フェンス,2026/04/02,00:30,順方向,3447.04,-2137.9,0,680.86,1990,安定度（作業）,0,0,0,0,0,2026/04/01 22:54:22
翌日,20260401,更新後,関西フェンス,2026/04/02,00:30,逆方向,-692.1,-2137.9,0,0.0,-2830,電圧（作業）,0,0,0,0,0,2026/04/01 22:54:22
翌日,20260401,更新後,関西フェンス,2026/04/02,01:00,順方向,3428.701,-2341.0,0,902.299,1990,安定度（作業）,0,0,0,0,0,2026/04/01 22:54:22
翌日,20260401,更新後,関西フェンス,2026/04/02,01:00,逆方向,-489.0,-2341.0,0,0.0,-2830,電圧（作業）,0,0,0,0,0,2026/04/01 22:54:22
翌日,20260401,更新後,関西フェンス,2026/04/02,01:30,順方向,3404.718,-2290.2,0,875.482,1990,安定度（作業）,0,0,0,0,0,2026/04/01 22:54:22
翌日,20260401,更新後,関西フェンス,2026/04/02,01:30,逆方向,-539.8,-2290.2,0,0.0,-2830,電圧（作業）,0,0,0,0,0,2026/04/01 22:54:22
翌日,20260401,更新後,関西フェンス,2026/04/02,02:00,順方向,3255.698,-2145.2,0,879.502,1990,安定度（作業）,0,0,0,0,0,2026/04/01 22:54:22
翌日,20260401,更新後,関西フェンス,2026/04/02,02:00,逆方向,-684.8,-2145.2,0,0.0,-2830,電圧（作業）,0,0,0,0,0,2026/04/01 22:54:22
翌日,20260401,更新後,関西フェンス,2026/04/02,02:30,順方向,3233.734,-2095.7,0,851.966,1990,安定度（作業）,0,0,0,0,0,2026/04/01 22:54:22
翌日,20260401,更新後,関西フェンス,2026/04/02,02:30,逆方向,-734.3,-2095.7,0,0.0,-2830,電圧（作業）,0,0,0,0,0,2026/04/01 22:54:22
翌日,20260401,更新後,関西フェンス,2026/04/02,03:00,順方向,3336.833,-2192.8,0,845.967,1990,安定度（作業）,0,0,0,0,0,2026/04/01 22:54:22
翌日,20260401,更新後,関西フェンス,2026/04/02,03:00,逆方向,-637.2,-2192.8,0,0.0,-2830,電圧（作業）,0,0,0,0,0,2026/04/01 22:54:22
翌日,20260401,更新後,関西フェンス,2026/04/02,03:30,順方向,3435.913,-2258.9,0,812.987,1990,安定度（作業）,0,0,0,0,0,2026/04/01 22:54:22
翌日,20260401,更新後,関西フェンス,2026/04/02,03:30,逆方向,-571.1,-2258.9,0,0.0,-2830,電圧（作業）,0,0,0,0,0,2026/04/01 22:54:22
翌日,20260401,更新後,関西フェンス,2026/04/02,04:00,順方向,3585.469,-2301.7,0,706.231,1990,安定度（作業）,0,0,0,0,0,2026/04/01 22:54:22
翌日,20260401,更新後,関西フェンス,2026/04/02,04:00,逆方向,-528.3,-2301.7,0,0.0,-2830,電圧（作業）,0,0,0,0,0,2026/04/01 22:54:22
翌日,20260401,更新後,関西フェンス,2026/04/02,04:30,順方向,3648.912,-2291.6,0,632.688,1990,安定度（作業）,0,0,0,0,0,2026/04/01 22:54:22
翌日,20260401,更新後,関西フェンス,2026/04/02,04:30,逆方向,-538.4,-2291.6,0,0.0,-2830,電圧（作業）,0,0,0,0,0,2026/04/01 22:54:22
翌日,20260401,更新後,関西フェンス,2026/04/02,05:00,順方向,3384.887,-2311.0,0,916.113,1990,安定度（作業）,0,0,0,0,0,2026/04/01 22:54:22
翌日,20260401,更新後,関西フェンス,2026/04/02,05:00,逆方向,-519.0,-2311.0,0,0.0,-2830,電圧（作業）,0,0,0,0,0,2026/04/01 22:54:22
翌日,20260401,更新後,関西フェンス,2026/04/02,05:30,順方向,3403.438,-2321.3,0,907.862,1990,安定度（作業）,0,0,0,0,0,2026/04/01 22:54:22
翌日,20260401,更新後,関西フェンス,2026/04/02,05:30,逆方向,-508.7,-2321.3,0,0.0,-2830,電圧（作業）,0,0,0,0,0,2026/04/01 22:54:22
翌日,20260401,更新後,関西フェンス,2026/04/02,06:00,順方向,3513.589,-2273.6,0,750.011,1990,安定度（作業）,0,0,0,0,0,2026/04/01 22:54:22
翌日,20260401,更新後,関西フェンス,2026/04/02,06:00,逆方向,-556.4,-2273.6,0,0.0,-2830,電圧（作業）,0,0,0,0,0,2026/04/01 22:54:22
翌日,20260401,更新後,関西フェンス,2026/04/02,06:30,順方向,3441.607,-2261.5,0,809.893,1990,安定度（作業）,0,0,0,0,0,2026/04/01 22:54:22
翌日,20260401,更新後,関西フェンス,2026/04/02,06:30,逆方向,-568.5,-2261.5,0,0.0,-2830,電圧（作業）,0,0,0,0,0,2026/04/01 22:54:22
翌日,20260401,更新後,関西フェンス,2026/04/02,07:00,順方向,3442.93,-2255.2,0,802.27,1990,安定度（作業）,0,0,0,0,0,2026/04/01 22:54:22
翌日,20260401,更新後,関西フェンス,2026/04/02,07:00,逆方向,-574.8,-2255.2,0,0.0,-2830,電圧（作業）,0,0,0,0,0,2026/04/01 22:54:22
翌日,20260401,更新後,関西フェンス,2026/04/02,07:30,順方向,3396.682,-2477.4,0,1070.718,1990,安定度（作業）,0,0,0,0,0,2026/04/01 22:54:22
翌日,20260401,更新後,関西フェンス,2026/04/02,07:30,逆方向,-352.6,-2477.4,0,0.0,-2830,電圧（作業）,0,0,0,0,0,2026/04/01 22:54:22
翌日,20260401,更新後,関西フェンス,2026/04/02,08:00,順方向,3496.136,-2696.6,0,1190.464,1990,安定度（作業）,0,0,0,0,0,2026/04/01 22:54:22
翌日,20260401,更新後,関西フェンス,2026/04/02,08:00,逆方向,-133.4,-2696.6,0,0.0,-2830,電圧（作業）,0,0,0,0,0,2026/04/01 22:54:22
翌日,20260401,更新後,関西フェンス,2026/04/02,08:30,順方向,3886.172,-2827.0,0,1070.828,2130,安定度（作業）,0,0,0,0,0,2026/04/01 22:54:22
翌日,20260401,更新後,関西フェンス,2026/04/02,08:30,逆方向,-3.0,-2827.0,0,0.0,-2830,電圧（作業）,0,0,0,0,0,2026/04/01 22:54:22
翌日,20260401,更新後,関西フェンス,2026/04/02,09:00,順方向,3643.774,-2824.5,0,1310.726,2130,安定度（作業）,0,0,0,0,0,2026/04/01 22:54:22
翌日,20260401,更新後,関西フェンス,2026/04/02,09:00,逆方向,-5.5,-2824.5,0,0.0,-2830,電圧（作業）,0,0,0,0,0,2026/04/01 22:54:22
翌日,20260401,更新後,関西フェンス,2026/04/02,09:30,順方向,5142.417,-3312.6,0,800.183,2630,安定度（作業）,0,0,0,0,0,2026/04/01 22:54:22
翌日,20260401,更新後,関西フェンス,2026/04/02,09:30,逆方向,-217.4,-3312.6,0,0.0,-3530,電圧（作業）,0,0,0,0,0,2026/04/01 22:54:22
翌日,20260401,更新後,関西フェンス,2026/04/02,10:00,順方向,5437.36,-3421.1,0,613.74,2630,安定度（作業）,0,0,0,0,0,2026/04/01 22:54:22
翌日,20260401,更新後,関西フェンス,2026/04/02,10:00,逆方向,-108.9,-3421.1,0,0.0,-3530,電圧（作業）,0,0,0,0,0,2026/04/01 22:54:22
翌日,20260401,更新後,関西フェンス,2026/04/02,10:30,順方向,5682.518,-3468.7,0,416.182,2630,安定度（作業）,0,0,0,0,0,2026/04/01 22:54:22
翌日,20260401,更新後,関西フェンス,2026/04/02,10:30,逆方向,-61.3,-3468.7,0,0.0,-3530,電圧（作業）,0,0,0,0,0,2026/04/01 22:54:22
翌日,20260401,更新後,関西フェンス,2026/04/02,11:00,順方向,5124.128,-3363.3,0,869.172,2630,安定度（作業）,0,0,0,0,0,2026/04/01 22:54:22
翌日,20260401,更新後,関西フェンス,2026/04/02,11:00,逆方向,-166.7,-3363.3,0,0.0,-3530,電圧（作業）,0,0,0,0,0,2026/04/01 22:54:22
翌日,20260401,更新後,関西フェンス,2026/04/02,11:30,順方向,5018.911,-3180.8,0,791.889,2630,安定度（作業）,0,0,0,0,0,2026/04/01 22:54:22
翌日,20260401,更新後,関西フェンス,2026/04/02,11:30,逆方向,-349.2,-3180.8,0,0.0,-3530,電圧（作業）,0,0,0,0,0,2026/04/01 22:54:22
翌日,20260401,更新後,関西フェンス,2026/04/02,12:00,順方向,4612.781,-2919.3,0,936.519,2630,安定度（作業）,0,0,0,0,0,2026/04/01 22:54:22
翌日,20260401,更新後,関西フェンス,2026/04/02,12:00,逆方向,-610.7,-2919.3,0,0.0,-3530,電圧（作業）,0,0,0,0,0,2026/04/01 22:54:22
翌日,20260401,更新後,関西フェンス,2026/04/02,12:30,順方向,3961.347,-2313.5,0,982.153,2630,安定度（作業）,0,0,0,0,0,2026/04/01 22:54:22
翌日,20260401,更新後,関西フェンス,2026/04/02,12:30,逆方向,-1216.5,-2313.5,0,0.0,-3530,電圧（作業）,0,0,0,0,0,2026/04/01 22:54:22
翌日,20260401,更新後,関西フェンス,2026/04/02,13:00,順方向,3684.158,-2006.9,0,952.742,2630,安定度（作業）,0,0,0,0,0,2026/04/01 22:54:22
翌日,20260401,更新後,関西フェンス,2026/04/02,13:00,逆方向,-1498.413,-2006.9,0,-24.687,-3530,電圧（作業）,0,0,0,0,0,2026/04/01 22:54:22
翌日,20260401,更新後,関西フェンス,2026/04/02,13:30,順方向,3509.421,-1936.5,0,1057.079,2630,安定度（作業）,0,0,0,0,0,2026/04/01 22:54:22
翌日,20260401,更新後,関西フェンス,2026/04/02,13:30,逆方向,-1350.442,-1936.5,0,-243.058,-3530,電圧（作業）,0,0,0,0,0,2026/04/01 22:54:22
翌日,20260401,更新後,関西フェンス,2026/04/02,14:00,順方向,4055.701,-2407.9,0,982.199,2630,安定度（作業）,0,0,0,0,0,2026/04/01 22:54:22
翌日,20260401,更新後,関西フェンス,2026/04/02,14:00,逆方向,-1094.017,-2407.9,0,-28.083,-3530,電圧（作業）,0,0,0,0,0,2026/04/01 22:54:22
翌日,20260401,更新後,関西フェンス,2026/04/02,14:30,順方向,4517.678,-2930.2,0,1042.522,2630,安定度（作業）,0,0,0,0,0,2026/04/01 22:54:22
翌日,20260401,更新後,関西フェンス,2026/04/02,14:30,逆方向,-599.8,-2930.2,0,0.0,-3530,電圧（作業）,0,0,0,0,0,2026/04/01 22:54:22
翌日,20260401,更新後,関西フェンス,2026/04/02,15:00,順方向,4601.606,-2707.3,0,735.694,2630,安定度（作業）,0,0,0,0,0,2026/04/01 22:54:22
翌日,20260401,更新後,関西フェンス,2026/04/02,15:00,逆方向,-822.7,-2707.3,0,0.0,-3530,電圧（作業）,0,0,0,0,0,2026/04/01 22:54:22
翌日,20260401,更新後,関西フェンス,2026/04/02,15:30,順方向,4962.336,-3169.7,0,837.364,2630,安定度（作業）,0,0,0,0,0,2026/04/01 22:54:22
翌日,20260401,更新後,関西フェンス,2026/04/02,15:30,逆方向,-360.3,-3169.7,0,0.0,-3530,電圧（作業）,0,0,0,0,0,2026/04/01 22:54:22
翌日,20260401,更新後,関西フェンス,2026/04/02,16:00,順方向,5159.75,-3230.4,0,700.65,2630,安定度（作業）,0,0,0,0,0,2026/04/01 22:54:22
翌日,20260401,更新後,関西フェンス,2026/04/02,16:00,逆方向,-299.6,-3230.4,0,0.0,-3530,電圧（作業）,0,0,0,0,0,2026/04/01 22:54:22
翌日,20260401,更新後,関西フェンス,2026/04/02,16:30,順方向,5270.78,-3187.9,0,547.12,2630,安定度（作業）,0,0,0,0,0,2026/04/01 22:54:22
翌日,20260401,更新後,関西フェンス,2026/04/02,16:30,逆方向,-342.1,-3187.9,0,0.0,-3530,電圧（作業）,0,0,0,0,0,2026/04/01 22:54:22
翌日,20260401,更新後,関西フェンス,2026/04/02,17:00,順方向,4777.327,-3289.4,0,1142.073,2630,安定度（作業）,0,0,0,0,0,2026/04/01 22:54:22
翌日,20260401,更新後,関西フェンス,2026/04/02,17:00,逆方向,-240.6,-3289.4,0,0.0,-3530,電圧（作業）,0,0,0,0,0,2026/04/01 22:54:22
翌日,20260401,更新後,関西フェンス,2026/04/02,17:30,順方向,5196.444,-2929.1,0,362.656,2630,安定度（作業）,0,0,0,0,0,2026/04/01 22:54:22
翌日,20260401,更新後,関西フェンス,2026/04/02,17:30,逆方向,-600.9,-2929.1,0,0.0,-3530,電圧（作業）,0,0,0,0,0,2026/04/01 22:54:22
翌日,20260401,更新後,関西フェンス,2026/04/02,18:00,順方向,5195.392,-3042.7,0,477.308,2630,安定度（作業）,0,0,0,0,0,2026/04/01 22:54:22
翌日,20260401,更新後,関西フェンス,2026/04/02,18:00,逆方向,-487.3,-3042.7,0,0.0,-3530,電圧（作業）,0,0,0,0,0,2026/04/01 22:54:22
翌日,20260401,更新後,関西フェンス,2026/04/02,18:30,順方向,5188.246,-3149.4,0,591.154,2630,安定度（作業）,0,0,0,0,0,2026/04/01 22:54:22
翌日,20260401,更新後,関西フェンス,2026/04/02,18:30,逆方向,-380.6,-3149.4,0,0.0,-3530,電圧（作業）,0,0,0,0,0,2026/04/01 22:54:22
翌日,20260401,更新後,関西フェンス,2026/04/02,19:00,順方向,5325.44,-3168.6,0,473.16,2630,安定度（作業）,0,0,0,0,0,2026/04/01 22:54:22
翌日,20260401,更新後,関西フェンス,2026/04/02,19:00,逆方向,-361.4,-3168.6,0,0.0,-3530,電圧（作業）,0,0,0,0,0,2026/04/01 22:54:22
翌日,20260401,更新後,関西フェンス,2026/04/02,19:30,順方向,5272.872,-3170.9,0,528.028,2630,安定度（作業）,0,0,0,0,0,2026/04/01 22:54:22
翌日,20260401,更新後,関西フェンス,2026/04/02,19:30,逆方向,-359.1,-3170.9,0,0.0,-3530,電圧（作業）,0,0,0,0,0,2026/04/01 22:54:22
翌日,20260401,更新後,関西フェンス,2026/04/02,20:00,順方向,5465.327,-3133.6,0,298.273,2630,安定度（作業）,0,0,0,0,0,2026/04/01 22:54:22
翌日,20260401,更新後,関西フェンス,2026/04/02,20:00,逆方向,-396.4,-3133.6,0,0.0,-3530,電圧（作業）,0,0,0,0,0,2026/04/01 22:54:22
翌日,20260401,更新後,関西フェンス,2026/04/02,20:30,順方向,5485.877,-3139.7,0,283.823,2630,安定度（作業）,0,0,0,0,0,2026/04/01 22:54:22
翌日,20260401,更新後,関西フェンス,2026/04/02,20:30,逆方向,-390.3,-3139.7,0,0.0,-3530,電圧（作業）,0,0,0,0,0,2026/04/01 22:54:22
翌日,20260401,更新後,関西フェンス,2026/04/02,21:00,順方向,5393.9,-3111.9,0,348.0,2630,安定度（作業）,0,0,0,0,0,2026/04/01 22:54:22
翌日,20260401,更新後,関西フェンス,2026/04/02,21:00,逆方向,-418.1,-3111.9,0,0.0,-3530,電圧（作業）,0,0,0,0,0,2026/04/01 22:54:22
翌日,20260401,更新後,関西フェンス,2026/04/02,21:30,順方向,5472.066,-3115.3,0,273.234,2630,安定度（作業）,0,0,0,0,0,2026/04/01 22:54:22
翌日,20260401,更新後,関西フェンス,2026/04/02,21:30,逆方向,-414.7,-3115.3,0,0.0,-3530,電圧（作業）,0,0,0,0,0,2026/04/01 22:54:22
翌日,20260401,更新後,関西フェンス,2026/04/02,22:00,順方向,5352.415,-3120.0,0,397.585,2630,安定度（作業）,0,0,0,0,0,2026/04/01 22:54:22
翌日,20260401,更新後,関西フェンス,2026/04/02,22:00,逆方向,-410.0,-3120.0,0,0.0,-3530,電圧（作業）,0,0,0,0,0,2026/04/01 22:54:22
翌日,20260401,更新後,関西フェンス,2026/04/02,22:30,順方向,4903.561,-3271.9,0,558.339,2190,安定度（作業）,0,0,0,0,0,2026/04/01 22:54:22
翌日,20260401,更新後,関西フェンス,2026/04/02,22:30,逆方向,-258.1,-3271.9,0,0.0,-3530,電圧（作業）,0,0,0,0,0,2026/04/01 22:54:22
翌日,20260401,更新後,関西フェンス,2026/04/02,23:00,順方向,5088.475,-3221.5,0,323.025,2190,安定度（作業）,0,0,0,0,0,2026/04/01 22:54:22
翌日,20260401,更新後,関西フェンス,2026/04/02,23:00,逆方向,-308.5,-3221.5,0,0.0,-3530,電圧（作業）,0,0,0,0,0,2026/04/01 22:54:22
翌日,20260401,更新後,関西フェンス,2026/04/02,23:30,順方向,5143.789,-3251.6,0,297.811,2190,安定度（作業）,0,0,0,0,0,2026/04/01 22:54:22
翌日,20260401,更新後,関西フェンス,2026/04/02,23:30,逆方向,-278.4,-3251.6,0,0.0,-3530,電圧（作業）,0,0,0,0,0,2026/04/01 22:54:22
翌日,20260401,更新後,関西フェンス,2026/04/02,24:00,順方向,5088.84,-3184.5,0,285.66,2190,安定度（作業）,0,0,0,0,0,2026/04/01 22:54:22
翌日,20260401,更新後,関西フェンス,2026/04/02,24:00,逆方向,-345.5,-3184.5,0,0.0,-3530,電圧（作業）,0,0,0,0,0,2026/04/01 22:54:22
翌日,20260401,更新後,関西-中国（東）,2026/04/02,00:30,順方向,6708.675,-2412.658,0,303.983,4600,電圧,0,0,0,0,0,2026/04/01 22:54:22
翌日,20260401,更新後,関西-中国（東）,2026/04/02,00:30,逆方向,-2087.342,-2412.658,0,0.0,-4500,電圧,0,0,0,0,0,2026/04/01 22:54:22
翌日,20260401,更新後,関西-中国（東）,2026/04/02,01:00,順方向,6406.203,-2210.46,0,404.257,4600,電圧,0,0,0,0,0,2026/04/01 22:54:22
翌日,20260401,更新後,関西-中国（東）,2026/04/02,01:00,逆方向,-2289.54,-2210.46,0,0.0,-4500,電圧,0,0,0,0,0,2026/04/01 22:54:22
翌日,20260401,更新後,関西-中国（東）,2026/04/02,01:30,順方向,6268.741,-2052.59,0,383.849,4600,電圧,0,0,0,0,0,2026/04/01 22:54:22
翌日,20260401,更新後,関西-中国（東）,2026/04/02,01:30,逆方向,-2447.352,-2052.648,0,0.0,-4500,電圧,0,0,0,0,0,2026/04/01 22:54:22
翌日,20260401,更新後,関西-中国（東）,2026/04/02,02:00,順方向,6358.318,-2138.634,0,380.316,4600,電圧,0,0,0,0,0,2026/04/01 22:54:22
翌日,20260401,更新後,関西-中国（東）,2026/04/02,02:00,逆方向,-2361.366,-2138.634,0,0.0,-4500,電圧,0,0,0,0,0,2026/04/01 22:54:22
翌日,20260401,更新後,関西-中国（東）,2026/04/02,02:30,順方向,6513.222,-2277.284,0,364.062,4600,電圧,0,0,0,0,0,2026/04/01 22:54:22
翌日,20260401,更新後,関西-中国（東）,2026/04/02,02:30,逆方向,-2222.656,-2277.344,0,0.0,-4500,電圧,0,0,0,0,0,2026/04/01 22:54:22
翌日,20260401,更新後,関西-中国（東）,2026/04/02,03:00,順方向,6848.247,-2610.314,0,362.067,4600,電圧,0,0,0,0,0,2026/04/01 22:54:22
翌日,20260401,更新後,関西-中国（東）,2026/04/02,03:00,逆方向,-1889.686,-2610.314,0,0.0,-4500,電圧,0,0,0,0,0,2026/04/01 22:54:22
翌日,20260401,更新後,関西-中国（東）,2026/04/02,03:30,順方向,6858.408,-2566.25,0,307.842,4600,電圧,0,0,0,0,0,2026/04/01 22:54:22
翌日,20260401,更新後,関西-中国（東）,2026/04/02,03:30,逆方向,-1933.75,-2566.25,0,0.0,-4500,電圧,0,0,0,0,0,2026/04/01 22:54:22
翌日,20260401,更新後,関西-中国（東）,2026/04/02,04:00,順方向,7052.802,-2652.204,0,199.402,4600,電圧,0,0,0,0,0,2026/04/01 22:54:22
翌日,20260401,更新後,関西-中国（東）,2026/04/02,04:00,逆方向,-1847.796,-2652.204,0,0.0,-4500,電圧,0,0,0,0,0,2026/04/01 22:54:22
翌日,20260401,更新後,関西-中国（東）,2026/04/02,04:30,順方向,7175.49,-2738.028,0,162.538,4600,電圧,0,0,0,0,0,2026/04/01 22:54:22
翌日,20260401,更新後,関西-中国（東）,2026/04/02,04:30,逆方向,-1715.397,-2738.028,0,-46.575,-4500,電圧,0,0,0,0,0,2026/04/01 22:54:22
翌日,20260401,更新後,関西-中国（東）,2026/04/02,05:00,順方向,6868.444,-2676.846,0,408.402,4600,電圧,0,0,0,0,0,2026/04/01 22:54:22
翌日,20260401,更新後,関西-中国（東）,2026/04/02,05:00,逆方向,-1823.154,-2676.846,0,0.0,-4500,電圧,0,0,0,0,0,2026/04/01 22:54:22
翌日,20260401,更新後,関西-中国（東）,2026/04/02,05:30,順方向,6915.234,-2719.4,0,404.166,4600,電圧,0,0,0,0,0,2026/04/01 22:54:22
翌日,20260401,更新後,関西-中国（東）,2026/04/02,05:30,逆方向,-1780.6,-2719.4,0,0.0,-4500,電圧,0,0,0,0,0,2026/04/01 22:54:22
翌日,20260401,更新後,関西-中国（東）,2026/04/02,06:00,順方向,6931.13,-2577.028,0,245.898,4600,電圧,0,0,0,0,0,2026/04/01 22:54:22
翌日,20260401,更新後,関西-中国（東）,2026/04/02,06:00,逆方向,-1922.972,-2577.028,0,0.0,-4500,電圧,0,0,0,0,0,2026/04/01 22:54:22
翌日,20260401,更新後,関西-中国（東）,2026/04/02,06:30,順方向,6750.033,-2552.084,0,402.051,4600,電圧,0,0,0,0,0,2026/04/01 22:54:22
翌日,20260401,更新後,関西-中国（東）,2026/04/02,06:30,逆方向,-1908.768,-2552.084,0,-39.148,-4500,電圧,0,0,0,0,0,2026/04/01 22:54:22
翌日,20260401,更新後,関西-中国（東）,2026/04/02,07:00,順方向,6789.552,-2559.492,0,369.94,4600,電圧,0,0,0,0,0,2026/04/01 22:54:22
翌日,20260401,更新後,関西-中国（東）,2026/04/02,07:00,逆方向,-1900.113,-2559.492,0,-40.395,-4500,電圧,0,0,0,0,0,2026/04/01 22:54:22
翌日,20260401,更新後,関西-中国（東）,2026/04/02,07:30,順方向,7259.571,-3217.738,0,558.167,4600,電圧,0,0,0,0,0,2026/04/01 22:54:22
翌日,20260401,更新後,関西-中国（東）,2026/04/02,07:30,逆方向,-1282.262,-3217.738,0,0.0,-4500,電圧,0,0,0,0,0,2026/04/01 22:54:22
翌日,20260401,更新後,関西-中国（東）,2026/04/02,08:00,順方向,7242.492,-3389.828,0,747.336,4600,電圧,0,0,0,0,0,2026/04/01 22:54:22
翌日,20260401,更新後,関西-中国（東）,2026/04/02,08:00,逆方向,-1110.172,-3389.828,0,0.0,-4500,電圧,0,0,0,0,0,2026/04/01 22:54:22
翌日,20260401,更新後,関西-中国（東）,2026/04/02,08:30,順方向,7850.54,-3893.368,0,642.828,4600,電圧,0,0,0,0,0,2026/04/01 22:54:22
翌日,20260401,更新後,関西-中国（東）,2026/04/02,08:30,逆方向,-606.572,-3893.428,0,0.0,-4500,電圧,0,0,0,0,0,2026/04/01 22:54:22
翌日,20260401,更新後,関西-中国（東）,2026/04/02,09:00,順方向,7812.704,-3980.43,0,767.726,4600,電圧,0,0,0,0,0,2026/04/01 22:54:22
翌日,20260401,更新後,関西-中国（東）,2026/04/02,09:00,逆方向,-519.57,-3980.43,0,0.0,-4500,電圧,0,0,0,0,0,2026/04/01 22:54:22
翌日,20260401,更新後,関西-中国（東）,2026/04/02,09:30,順方向,8529.086,-4499.962,0,570.876,4600,電圧,0,0,0,0,0,2026/04/01 22:54:22
翌日,20260401,更新後,関西-中国（東）,2026/04/02,09:30,逆方向,-0.038,-4499.962,0,0.0,-4500,電圧,0,0,0,0,0,2026/04/01 22:54:22
翌日,20260401,更新後,関西-中国（東）,2026/04/02,10:00,順方向,8524.688,-4499.94,0,575.252,4600,電圧,0,0,0,0,0,2026/04/01 22:54:22
翌日,20260401,更新後,関西-中国（東）,2026/04/02,10:00,逆方向,0.0,-4500.0,0,0.0,-4500,電圧,0,0,0,0,0,2026/04/01 22:54:22
翌日,20260401,更新後,関西-中国（東）,2026/04/02,10:30,順方向,8324.184,-4162.784,0,438.6,4600,電圧,0,0,0,0,0,2026/04/01 22:54:22
翌日,20260401,更新後,関西-中国（東）,2026/04/02,10:30,逆方向,-337.216,-4162.784,0,0.0,-4500,電圧,0,0,0,0,0,2026/04/01 22:54:22
翌日,20260401,更新後,関西-中国（東）,2026/04/02,11:00,順方向,8306.11,-4257.598,0,551.488,4600,電圧,0,0,0,0,0,2026/04/01 22:54:22
翌日,20260401,更新後,関西-中国（東）,2026/04/02,11:00,逆方向,-242.342,-4257.658,0,0.0,-4500,電圧,0,0,0,0,0,2026/04/01 22:54:22
翌日,20260401,更新後,関西-中国（東）,2026/04/02,11:30,順方向,8375.066,-4319.976,0,544.91,4600,電圧,0,0,0,0,0,2026/04/01 22:54:22
翌日,20260401,更新後,関西-中国（東）,2026/04/02,11:30,逆方向,-180.024,-4319.976,0,0.0,-4500,電圧,0,0,0,0,0,2026/04/01 22:54:22
翌日,20260401,更新後,関西-中国（東）,2026/04/02,12:00,順方向,8220.606,-4133.654,0,513.048,4600,電圧,0,0,0,0,0,2026/04/01 22:54:22
翌日,20260401,更新後,関西-中国（東）,2026/04/02,12:00,逆方向,-366.286,-4133.714,0,0.0,-4500,電圧,0,0,0,0,0,2026/04/01 22:54:22
翌日,20260401,更新後,関西-中国（東）,2026/04/02,12:30,順方向,7910.219,-3972.624,0,662.405,4600,電圧,0,0,0,0,0,2026/04/01 22:54:22
翌日,20260401,更新後,関西-中国（東）,2026/04/02,12:30,逆方向,-527.316,-3972.684,0,0.0,-4500,電圧,0,0,0,0,0,2026/04/01 22:54:22
翌日,20260401,更新後,関西-中国（東）,2026/04/02,13:00,順方向,8138.957,-4133.966,0,595.009,4600,電圧,0,0,0,0,0,2026/04/01 22:54:22
翌日,20260401,更新後,関西-中国（東）,2026/04/02,13:00,逆方向,-366.034,-4133.966,0,0.0,-4500,電圧,0,0,0,0,0,2026/04/01 22:54:22
翌日,20260401,更新後,関西-中国（東）,2026/04/02,13:30,順方向,8539.391,-4459.664,0,520.273,4600,電圧,0,0,0,0,0,2026/04/01 22:54:22
翌日,20260401,更新後,関西-中国（東）,2026/04/02,13:30,逆方向,-40.276,-4459.724,0,0.0,-4500,電圧,0,0,0,0,0,2026/04/01 22:54:22
翌日,20260401,更新後,関西-中国（東）,2026/04/02,14:00,順方向,8386.673,-4429.312,0,642.639,4600,電圧,0,0,0,0,0,2026/04/01 22:54:22
翌日,20260401,更新後,関西-中国（東）,2026/04/02,14:00,逆方向,-70.628,-4429.372,0,0.0,-4500,電圧,0,0,0,0,0,2026/04/01 22:54:22
翌日,20260401,更新後,関西-中国（東）,2026/04/02,14:30,順方向,8497.352,-4499.874,0,602.522,4600,電圧,0,0,0,0,0,2026/04/01 22:54:22
翌日,20260401,更新後,関西-中国（東）,2026/04/02,14:30,逆方向,-0.066,-4499.934,0,0.0,-4500,電圧,0,0,0,0,0,2026/04/01 22:54:22
翌日,20260401,更新後,関西-中国（東）,2026/04/02,15:00,順方向,8527.978,-4499.976,0,571.998,4600,電圧,0,0,0,0,0,2026/04/01 22:54:22
翌日,20260401,更新後,関西-中国（東）,2026/04/02,15:00,逆方向,-0.024,-4499.976,0,0.0,-4500,電圧,0,0,0,0,0,2026/04/01 22:54:22
翌日,20260401,更新後,関西-中国（東）,2026/04/02,15:30,順方向,8618.576,-4499.94,0,481.364,4600,電圧,0,0,0,0,0,2026/04/01 22:54:22
翌日,20260401,更新後,関西-中国（東）,2026/04/02,15:30,逆方向,0.0,-4500.0,0,0.0,-4500,電圧,0,0,0,0,0,2026/04/01 22:54:22
翌日,20260401,更新後,関西-中国（東）,2026/04/02,16:00,順方向,8767.094,-4499.98,0,332.886,4600,電圧,0,0,0,0,0,2026/04/01 22:54:22
翌日,20260401,更新後,関西-中国（東）,2026/04/02,16:00,逆方向,-0.02,-4499.98,0,0.0,-4500,電圧,0,0,0,0,0,2026/04/01 22:54:22
翌日,20260401,更新後,関西-中国（東）,2026/04/02,16:30,順方向,8820.98,-4499.94,0,278.96,4600,電圧,0,0,0,0,0,2026/04/01 22:54:22
翌日,20260401,更新後,関西-中国（東）,2026/04/02,16:30,逆方向,0.0,-4500.0,0,0.0,-4500,電圧,0,0,0,0,0,2026/04/01 22:54:22
翌日,20260401,更新後,関西-中国（東）,2026/04/02,17:00,順方向,8467.687,-4499.16,0,631.473,4600,電圧,0,0,0,0,0,2026/04/01 22:54:22
翌日,20260401,更新後,関西-中国（東）,2026/04/02,17:00,逆方向,-0.78,-4499.22,0,0.0,-4500,電圧,0,0,0,0,0,2026/04/01 22:54:22
翌日,20260401,更新後,関西-中国（東）,2026/04/02,17:30,順方向,8942.425,-4500.0,0,157.575,4600,電圧,0,0,0,0,0,2026/04/01 22:54:22
翌日,20260401,更新後,関西-中国（東）,2026/04/02,17:30,逆方向,0.0,-4500.0,0,0.0,-4500,電圧,0,0,0,0,0,2026/04/01 22:54:22
翌日,20260401,更新後,関西-中国（東）,2026/04/02,18:00,順方向,8805.529,-4410.89,0,205.361,4600,電圧,0,0,0,0,0,2026/04/01 22:54:22
翌日,20260401,更新後,関西-中国（東）,2026/04/02,18:00,逆方向,-89.11,-4410.89,0,0.0,-4500,電圧,0,0,0,0,0,2026/04/01 22:54:22
翌日,20260401,更新後,関西-中国（東）,2026/04/02,18:30,順方向,8590.518,-3990.518,0,0.0,4600,電圧,0,0,0,0,0,2026/04/01 22:54:22
翌日,20260401,更新後,関西-中国（東）,2026/04/02,18:30,逆方向,-509.422,-3990.578,0,0.0,-4500,電圧,0,0,0,0,0,2026/04/01 22:54:22
翌日,20260401,更新後,関西-中国（東）,2026/04/02,19:00,順方向,8553.866,-3953.866,0,0.0,4600,電圧,0,0,0,0,0,2026/04/01 22:54:22
翌日,20260401,更新後,関西-中国（東）,2026/04/02,19:00,逆方向,-546.134,-3953.866,0,0.0,-4500,電圧,0,0,0,0,0,2026/04/01 22:54:22
翌日,20260401,更新後,関西-中国（東）,2026/04/02,19:30,順方向,8569.91,-3981.396,0,11.486,4600,電圧,0,0,0,0,0,2026/04/01 22:54:22
翌日,20260401,更新後,関西-中国（東）,2026/04/02,19:30,逆方向,-518.604,-3981.396,0,0.0,-4500,電圧,0,0,0,0,0,2026/04/01 22:54:22
翌日,20260401,更新後,関西-中国（東）,2026/04/02,20:00,順方向,8702.834,-4102.834,0,0.0,4600,電圧,0,0,0,0,0,2026/04/01 22:54:22
翌日,20260401,更新後,関西-中国（東）,2026/04/02,20:00,逆方向,-397.166,-4102.834,0,0.0,-4500,電圧,0,0,0,0,0,2026/04/01 22:54:22
翌日,20260401,更新後,関西-中国（東）,2026/04/02,20:30,順方向,8828.92,-4228.92,0,0.0,4600,電圧,0,0,0,0,0,2026/04/01 22:54:22
翌日,20260401,更新後,関西-中国（東）,2026/04/02,20:30,逆方向,-271.08,-4228.92,0,0.0,-4500,電圧,0,0,0,0,0,2026/04/01 22:54:22
翌日,20260401,更新後,関西-中国（東）,2026/04/02,21:00,順方向,8864.76,-4264.76,0,0.0,4600,電圧,0,0,0,0,0,2026/04/01 22:54:22
翌日,20260401,更新後,関西-中国（東）,2026/04/02,21:00,逆方向,-235.24,-4264.76,0,0.0,-4500,電圧,0,0,0,0,0,2026/04/01 22:54:22
翌日,20260401,更新後,関西-中国（東）,2026/04/02,21:30,順方向,8310.56,-3723.56,0,13.0,4600,電圧,0,0,0,0,0,2026/04/01 22:54:22
翌日,20260401,更新後,関西-中国（東）,2026/04/02,21:30,逆方向,-776.44,-3723.56,0,0.0,-4500,電圧,0,0,0,0,0,2026/04/01 22:54:22
翌日,20260401,更新後,関西-中国（東）,2026/04/02,22:00,順方向,8027.501,-3498.808,0,71.307,4600,電圧,0,0,0,0,0,2026/04/01 22:54:22
翌日,20260401,更新後,関西-中国（東）,2026/04/02,22:00,逆方向,-1001.192,-3498.808,0,0.0,-4500,電圧,0,0,0,0,0,2026/04/01 22:54:22
翌日,20260401,更新後,関西-中国（東）,2026/04/02,22:30,順方向,7340.69,-2767.916,0,27.226,4600,電圧,0,0,0,0,0,2026/04/01 22:54:22
翌日,20260401,更新後,関西-中国（東）,2026/04/02,22:30,逆方向,-1730.084,-2767.916,0,-2.0,-4500,電圧,0,0,0,0,0,2026/04/01 22:54:22
翌日,20260401,更新後,関西-中国（東）,2026/04/02,23:00,順方向,7836.484,-3236.484,0,0.0,4600,電圧,0,0,0,0,0,2026/04/01 22:54:22
翌日,20260401,更新後,関西-中国（東）,2026/04/02,23:00,逆方向,-1263.456,-3236.544,0,0.0,-4500,電圧,0,0,0,0,0,2026/04/01 22:54:22
翌日,20260401,更新後,関西-中国（東）,2026/04/02,23:30,順方向,7946.868,-3346.868,0,0.0,4600,電圧,0,0,0,0,0,2026/04/01 22:54:22
翌日,20260401,更新後,関西-中国（東）,2026/04/02,23:30,逆方向,-1153.072,-3346.928,0,0.0,-4500,電圧,0,0,0,0,0,2026/04/01 22:54:22
翌日,20260401,更新後,関西-中国（東）,2026/04/02,24:00,順方向,7598.236,-2998.236,0,0.0,4600,電圧,0,0,0,0,0,2026/04/01 22:54:22
翌日,20260401,更新後,関西-中国（東）,2026/04/02,24:00,逆方向,-1461.262,-2998.236,0,-40.502,-4500,電圧,0,0,0,0,0,2026/04/01 22:54:22
翌日,20260401,更新後,関西-中国（西）,2026/04/02,00:30,順方向,6519.917,-2223.9,0,303.983,4600,電圧,0,0,0,0,0,2026/04/01 22:54:22
翌日,20260401,更新後,関西-中国（西）,2026/04/02,00:30,逆方向,-2276.1,-2223.9,0,0.0,-4500,電圧,0,0,0,0,0,2026/04/01 22:54:22
翌日,20260401,更新後,関西-中国（西）,2026/04/02,01:00,順方向,6175.507,-1979.764,0,404.257,4600,電圧,0,0,0,0,0,2026/04/01 22:54:22
翌日,20260401,更新後,関西-中国（西）,2026/04/02,01:00,逆方向,-2520.236,-1979.764,0,0.0,-4500,電圧,0,0,0,0,0,2026/04/01 22:54:22
翌日,20260401,更新後,関西-中国（西）,2026/04/02,01:30,順方向,6101.685,-1885.534,0,383.849,4600,電圧,0,0,0,0,0,2026/04/01 22:54:22
翌日,20260401,更新後,関西-中国（西）,2026/04/02,01:30,逆方向,-2614.408,-1885.592,0,0.0,-4500,電圧,0,0,0,0,0,2026/04/01 22:54:22
翌日,20260401,更新後,関西-中国（西）,2026/04/02,02:00,順方向,6077.456,-1857.772,0,380.316,4600,電圧,0,0,0,0,0,2026/04/01 22:54:22
翌日,20260401,更新後,関西-中国（西）,2026/04/02,02:00,逆方向,-2642.228,-1857.772,0,0.0,-4500,電圧,0,0,0,0,0,2026/04/01 22:54:22
翌日,20260401,更新後,関西-中国（西）,2026/04/02,02:30,順方向,6221.484,-1985.546,0,364.062,4600,電圧,0,0,0,0,0,2026/04/01 22:54:22
翌日,20260401,更新後,関西-中国（西）,2026/04/02,02:30,逆方向,-2514.394,-1985.606,0,0.0,-4500,電圧,0,0,0,0,0,2026/04/01 22:54:22
翌日,20260401,更新後,関西-中国（西）,2026/04/02,03:00,順方向,6647.253,-2409.32,0,362.067,4600,電圧,0,0,0,0,0,2026/04/01 22:54:22
翌日,20260401,更新後,関西-中国（西）,2026/04/02,03:00,逆方向,-2090.68,-2409.32,0,0.0,-4500,電圧,0,0,0,0,0,2026/04/01 22:54:22
翌日,20260401,更新後,関西-中国（西）,2026/04/02,03:30,順方向,6650.496,-2358.338,0,307.842,4600,電圧,0,0,0,0,0,2026/04/01 22:54:22
翌日,20260401,更新後,関西-中国（西）,2026/04/02,03:30,逆方向,-2141.662,-2358.338,0,0.0,-4500,電圧,0,0,0,0,0,2026/04/01 22:54:22
翌日,20260401,更新後,関西-中国（西）,2026/04/02,04:00,順方向,6577.224,-2176.626,0,199.402,4600,電圧,0,0,0,0,0,2026/04/01 22:54:22
翌日,20260401,更新後,関西-中国（西）,2026/04/02,04:00,逆方向,-2323.374,-2176.626,0,0.0,-4500,電圧,0,0,0,0,0,2026/04/01 22:54:22
翌日,20260401,更新後,関西-中国（西）,2026/04/02,04:30,順方向,6720.528,-2283.066,0,162.538,4600,電圧,0,0,0,0,0,2026/04/01 22:54:22
翌日,20260401,更新後,関西-中国（西）,2026/04/02,04:30,逆方向,-2170.359,-2283.066,0,-46.575,-4500,電圧,0,0,0,0,0,2026/04/01 22:54:22
翌日,20260401,更新後,関西-中国（西）,2026/04/02,05:00,順方向,6399.892,-2208.294,0,408.402,4600,電圧,0,0,0,0,0,2026/04/01 22:54:22
翌日,20260401,更新後,関西-中国（西）,2026/04/02,05:00,逆方向,-2291.706,-2208.294,0,0.0,-4500,電圧,0,0,0,0,0,2026/04/01 22:54:22
翌日,20260401,更新後,関西-中国（西）,2026/04/02,05:30,順方向,6441.616,-2245.782,0,404.166,4600,電圧,0,0,0,0,0,2026/04/01 22:54:22
翌日,20260401,更新後,関西-中国（西）,2026/04/02,05:30,逆方向,-2254.218,-2245.782,0,0.0,-4500,電圧,0,0,0,0,0,2026/04/01 22:54:22
翌日,20260401,更新後,関西-中国（西）,2026/04/02,06:00,順方向,6486.122,-2132.02,0,245.898,4600,電圧,0,0,0,0,0,2026/04/01 22:54:22
翌日,20260401,更新後,関西-中国（西）,2026/04/02,06:00,逆方向,-2367.98,-2132.02,0,0.0,-4500,電圧,0,0,0,0,0,2026/04/01 22:54:22
翌日,20260401,更新後,関西-中国（西）,2026/04/02,06:30,順方向,6307.989,-2110.04,0,402.051,4600,電圧,0,0,0,0,0,2026/04/01 22:54:22
翌日,20260401,更新後,関西-中国（西）,2026/04/02,06:30,逆方向,-2350.812,-2110.04,0,-39.148,-4500,電圧,0,0,0,0,0,2026/04/01 22:54:22
翌日,20260401,更新後,関西-中国（西）,2026/04/02,07:00,順方向,6500.226,-2270.166,0,369.94,4600,電圧,0,0,0,0,0,2026/04/01 22:54:22
翌日,20260401,更新後,関西-中国（西）,2026/04/02,07:00,逆方向,-2189.439,-2270.166,0,-40.395,-4500,電圧,0,0,0,0,0,2026/04/01 22:54:22
翌日,20260401,更新後,関西-中国（西）,2026/04/02,07:30,順方向,6562.173,-2520.34,0,558.167,4600,電圧,0,0,0,0,0,2026/04/01 22:54:22
翌日,20260401,更新後,関西-中国（西）,2026/04/02,07:30,逆方向,-1979.66,-2520.34,0,0.0,-4500,電圧,0,0,0,0,0,2026/04/01 22:54:22
翌日,20260401,更新後,関西-中国（西）,2026/04/02,08:00,順方向,6440.272,-2587.608,0,747.336,4600,電圧,0,0,0,0,0,2026/04/01 22:54:22
翌日,20260401,更新後,関西-中国（西）,2026/04/02,08:00,逆方向,-1912.392,-2587.608,0,0.0,-4500,電圧,0,0,0,0,0,2026/04/01 22:54:22
翌日,20260401,更新後,関西-中国（西）,2026/04/02,08:30,順方向,6892.528,-2935.356,0,642.828,4600,電圧,0,0,0,0,0,2026/04/01 22:54:22
翌日,20260401,更新後,関西-中国（西）,2026/04/02,08:30,逆方向,-1564.584,-2935.416,0,0.0,-4500,電圧,0,0,0,0,0,2026/04/01 22:54:22
翌日,20260401,更新後,関西-中国（西）,2026/04/02,09:00,順方向,6737.976,-2905.702,0,767.726,4600,電圧,0,0,0,0,0,2026/04/01 22:54:22
翌日,20260401,更新後,関西-中国（西）,2026/04/02,09:00,逆方向,-1594.298,-2905.702,0,0.0,-4500,電圧,0,0,0,0,0,2026/04/01 22:54:22
翌日,20260401,更新後,関西-中国（西）,2026/04/02,09:30,順方向,7340.102,-3310.978,0,570.876,4600,電圧,0,0,0,0,0,2026/04/01 22:54:22
翌日,20260401,更新後,関西-中国（西）,2026/04/02,09:30,逆方向,-1189.022,-3310.978,0,0.0,-4500,電圧,0,0,0,0,0,2026/04/01 22:54:22
翌日,20260401,更新後,関西-中国（西）,2026/04/02,10:00,順方向,7237.498,-3212.75,0,575.252,4600,電圧,0,0,0,0,0,2026/04/01 22:54:22
翌日,20260401,更新後,関西-中国（西）,2026/04/02,10:00,逆方向,-1287.19,-3212.81,0,0.0,-4500,電圧,0,0,0,0,0,2026/04/01 22:54:22
翌日,20260401,更新後,関西-中国（西）,2026/04/02,10:30,順方向,7017.894,-2856.494,0,438.6,4600,電圧,0,0,0,0,0,2026/04/01 22:54:22
翌日,20260401,更新後,関西-中国（西）,2026/04/02,10:30,逆方向,-1643.506,-2856.494,0,0.0,-4500,電圧,0,0,0,0,0,2026/04/01 22:54:22
翌日,20260401,更新後,関西-中国（西）,2026/04/02,11:00,順方向,6971.208,-2922.696,0,551.488,4600,電圧,0,0,0,0,0,2026/04/01 22:54:22
翌日,20260401,更新後,関西-中国（西）,2026/04/02,11:00,逆方向,-1577.244,-2922.756,0,0.0,-4500,電圧,0,0,0,0,0,2026/04/01 22:54:22
翌日,20260401,更新後,関西-中国（西）,2026/04/02,11:30,順方向,6981.858,-2926.768,0,544.91,4600,電圧,0,0,0,0,0,2026/04/01 22:54:22
翌日,20260401,更新後,関西-中国（西）,2026/04/02,11:30,逆方向,-1573.232,-2926.768,0,0.0,-4500,電圧,0,0,0,0,0,2026/04/01 22:54:22
翌日,20260401,更新後,関西-中国（西）,2026/04/02,12:00,順方向,6833.718,-2746.766,0,513.048,4600,電圧,0,0,0,0,0,2026/04/01 22:54:22
翌日,20260401,更新後,関西-中国（西）,2026/04/02,12:00,逆方向,-1753.174,-2746.826,0,0.0,-4500,電圧,0,0,0,0,0,2026/04/01 22:54:22
翌日,20260401,更新後,関西-中国（西）,2026/04/02,12:30,順方向,6467.077,-2529.482,0,662.405,4600,電圧,0,0,0,0,0,2026/04/01 22:54:22
翌日,20260401,更新後,関西-中国（西）,2026/04/02,12:30,逆方向,-1970.458,-2529.542,0,0.0,-4500,電圧,0,0,0,0,0,2026/04/01 22:54:22
翌日,20260401,更新後,関西-中国（西）,2026/04/02,13:00,順方向,6690.449,-2685.458,0,595.009,4600,電圧,0,0,0,0,0,2026/04/01 22:54:22
翌日,20260401,更新後,関西-中国（西）,2026/04/02,13:00,逆方向,-1814.542,-2685.458,0,0.0,-4500,電圧,0,0,0,0,0,2026/04/01 22:54:22
翌日,20260401,更新後,関西-中国（西）,2026/04/02,13:30,順方向,7129.435,-3049.708,0,520.273,4600,電圧,0,0,0,0,0,2026/04/01 22:54:22
翌日,20260401,更新後,関西-中国（西）,2026/04/02,13:30,逆方向,-1450.232,-3049.768,0,0.0,-4500,電圧,0,0,0,0,0,2026/04/01 22:54:22
翌日,20260401,更新後,関西-中国（西）,2026/04/02,14:00,順方向,7009.439,-3052.078,0,642.639,4600,電圧,0,0,0,0,0,2026/04/01 22:54:22
翌日,20260401,更新後,関西-中国（西）,2026/04/02,14:00,逆方向,-1447.862,-3052.138,0,0.0,-4500,電圧,0,0,0,0,0,2026/04/01 22:54:22
翌日,20260401,更新後,関西-中国（西）,2026/04/02,14:30,順方向,7165.364,-3167.886,0,602.522,4600,電圧,0,0,0,0,0,2026/04/01 22:54:22
翌日,20260401,更新後,関西-中国（西）,2026/04/02,14:30,逆方向,-1332.054,-3167.946,0,0.0,-4500,電圧,0,0,0,0,0,2026/04/01 22:54:22
翌日,20260401,更新後,関西-中国（西）,2026/04/02,15:00,順方向,7229.904,-3201.902,0,571.998,4600,電圧,0,0,0,0,0,2026/04/01 22:54:22
翌日,20260401,更新後,関西-中国（西）,2026/04/02,15:00,逆方向,-1298.098,-3201.902,0,0.0,-4500,電圧,0,0,0,0,0,2026/04/01 22:54:22
翌日,20260401,更新後,関西-中国（西）,2026/04/02,15:30,順方向,7453.806,-3335.17,0,481.364,4600,電圧,0,0,0,0,0,2026/04/01 22:54:22
翌日,20260401,更新後,関西-中国（西）,2026/04/02,15:30,逆方向,-1164.77,-3335.23,0,0.0,-4500,電圧,0,0,0,0,0,2026/04/01 22:54:22
翌日,20260401,更新後,関西-中国（西）,2026/04/02,16:00,順方向,7918.474,-3651.36,0,332.886,4600,電圧,0,0,0,0,0,2026/04/01 22:54:22
翌日,20260401,更新後,関西-中国（西）,2026/04/02,16:00,逆方向,-848.64,-3651.36,0,0.0,-4500,電圧,0,0,0,0,0,2026/04/01 22:54:22
翌日,20260401,更新後,関西-中国（西）,2026/04/02,16:30,順方向,7903.282,-3582.242,0,278.96,4600,電圧,0,0,0,0,0,2026/04/01 22:54:22
翌日,20260401,更新後,関西-中国（西）,2026/04/02,16:30,逆方向,-917.698,-3582.302,0,0.0,-4500,電圧,0,0,0,0,0,2026/04/01 22:54:22
翌日,20260401,更新後,関西-中国（西）,2026/04/02,17:00,順方向,7729.349,-3760.822,0,631.473,4600,電圧,0,0,0,0,0,2026/04/01 22:54:22
翌日,20260401,更新後,関西-中国（西）,2026/04/02,17:00,逆方向,-739.118,-3760.882,0,0.0,-4500,電圧,0,0,0,0,0,2026/04/01 22:54:22
翌日,20260401,更新後,関西-中国（西）,2026/04/02,17:30,順方向,8242.255,-3799.83,0,157.575,4600,電圧,0,0,0,0,0,2026/04/01 22:54:22
翌日,20260401,更新後,関西-中国（西）,2026/04/02,17:30,逆方向,-700.17,-3799.83,0,0.0,-4500,電圧,0,0,0,0,0,2026/04/01 22:54:22
翌日,20260401,更新後,関西-中国（西）,2026/04/02,18:00,順方向,8169.617,-3774.978,0,205.361,4600,電圧,0,0,0,0,0,2026/04/01 22:54:22
翌日,20260401,更新後,関西-中国（西）,2026/04/02,18:00,逆方向,-725.022,-3774.978,0,0.0,-4500,電圧,0,0,0,0,0,2026/04/01 22:54:22
翌日,20260401,更新後,関西-中国（西）,2026/04/02,18:30,順方向,8159.56,-3559.56,0,0.0,4600,電圧,0,0,0,0,0,2026/04/01 22:54:22
翌日,20260401,更新後,関西-中国（西）,2026/04/02,18:30,逆方向,-940.38,-3559.62,0,0.0,-4500,電圧,0,0,0,0,0,2026/04/01 22:54:22
翌日,20260401,更新後,関西-中国（西）,2026/04/02,19:00,順方向,8193.642,-3593.642,0,0.0,4600,電圧,0,0,0,0,0,2026/04/01 22:54:22
翌日,20260401,更新後,関西-中国（西）,2026/04/02,19:00,逆方向,-906.358,-3593.642,0,0.0,-4500,電圧,0,0,0,0,0,2026/04/01 22:54:22
翌日,20260401,更新後,関西-中国（西）,2026/04/02,19:30,順方向,8227.854,-3639.34,0,11.486,4600,電圧,0,0,0,0,0,2026/04/01 22:54:22
翌日,20260401,更新後,関西-中国（西）,2026/04/02,19:30,逆方向,-860.66,-3639.34,0,0.0,-4500,電圧,0,0,0,0,0,2026/04/01 22:54:22
翌日,20260401,更新後,関西-中国（西）,2026/04/02,20:00,順方向,8147.082,-3547.082,0,0.0,4600,電圧,0,0,0,0,0,2026/04/01 22:54:22
翌日,20260401,更新後,関西-中国（西）,2026/04/02,20:00,逆方向,-952.918,-3547.082,0,0.0,-4500,電圧,0,0,0,0,0,2026/04/01 22:54:22
翌日,20260401,更新後,関西-中国（西）,2026/04/02,20:30,順方向,8261.236,-3661.236,0,0.0,4600,電圧,0,0,0,0,0,2026/04/01 22:54:22
翌日,20260401,更新後,関西-中国（西）,2026/04/02,20:30,逆方向,-838.764,-3661.236,0,0.0,-4500,電圧,0,0,0,0,0,2026/04/01 22:54:22
翌日,20260401,更新後,関西-中国（西）,2026/04/02,21:00,順方向,8282.312,-3682.312,0,0.0,4600,電圧,0,0,0,0,0,2026/04/01 22:54:22
翌日,20260401,更新後,関西-中国（西）,2026/04/02,21:00,逆方向,-817.688,-3682.312,0,0.0,-4500,電圧,0,0,0,0,0,2026/04/01 22:54:22
翌日,20260401,更新後,関西-中国（西）,2026/04/02,21:30,順方向,7742.11,-3155.11,0,13.0,4600,電圧,0,0,0,0,0,2026/04/01 22:54:22
翌日,20260401,更新後,関西-中国（西）,2026/04/02,21:30,逆方向,-1344.89,-3155.11,0,0.0,-4500,電圧,0,0,0,0,0,2026/04/01 22:54:22
翌日,20260401,更新後,関西-中国（西）,2026/04/02,22:00,順方向,7553.095,-3024.402,0,71.307,4600,電圧,0,0,0,0,0,2026/04/01 22:54:22
翌日,20260401,更新後,関西-中国（西）,2026/04/02,22:00,逆方向,-1475.598,-3024.402,0,0.0,-4500,電圧,0,0,0,0,0,2026/04/01 22:54:22
翌日,20260401,更新後,関西-中国（西）,2026/04/02,22:30,順方向,6902.494,-2329.72,0,27.226,4600,電圧,0,0,0,0,0,2026/04/01 22:54:22
翌日,20260401,更新後,関西-中国（西）,2026/04/02,22:30,逆方向,-2168.28,-2329.72,0,-2.0,-4500,電圧,0,0,0,0,0,2026/04/01 22:54:22
翌日,20260401,更新後,関西-中国（西）,2026/04/02,23:00,順方向,7312.23,-2712.23,0,0.0,4600,電圧,0,0,0,0,0,2026/04/01 22:54:22
翌日,20260401,更新後,関西-中国（西）,2026/04/02,23:00,逆方向,-1787.71,-2712.29,0,0.0,-4500,電圧,0,0,0,0,0,2026/04/01 22:54:22
翌日,20260401,更新後,関西-中国（西）,2026/04/02,23:30,順方向,7387.826,-2787.826,0,0.0,4600,電圧,0,0,0,0,0,2026/04/01 22:54:22
翌日,20260401,更新後,関西-中国（西）,2026/04/02,23:30,逆方向,-1712.114,-2787.886,0,0.0,-4500,電圧,0,0,0,0,0,2026/04/01 22:54:22
翌日,20260401,更新後,関西-中国（西）,2026/04/02,24:00,順方向,7120.15,-2520.15,0,0.0,4600,電圧,0,0,0,0,0,2026/04/01 22:54:22
翌日,20260401,更新後,関西-中国（西）,2026/04/02,24:00,逆方向,-1939.348,-2520.15,0,-40.502,-4500,電圧,0,0,0,0,0,2026/04/01 22:54:22
翌日,20260402,更新後,北海道・本州間電力連系設備,2026/04/03,00:30,順方向,234.7,425.3,0,40.0,700,電圧,0,0,0,0,0,2026/04/02 18:44:24
翌日,20260402,更新後,北海道・本州間電力連系設備,2026/04/03,00:30,逆方向,-700.3,425.3,0,-625.0,-900,熱容量,0,0,0,0,0,2026/04/02 18:44:24
翌日,20260402,更新後,北海道・本州間電力連系設備,2026/04/03,01:00,順方向,259.5,400.5,0,40.0,700,電圧,0,0,0,0,0,2026/04/02 18:44:24
翌日,20260402,更新後,北海道・本州間電力連系設備,2026/04/03,01:00,逆方向,-675.5,400.5,0,-625.0,-900,熱容量,0,0,0,0,0,2026/04/02 18:44:24
翌日,20260402,更新後,北海道・本州間電力連系設備,2026/04/03,01:30,順方向,579.0,91.0,0,30.0,700,電圧,0,0,0,0,0,2026/04/02 18:44:24
翌日,20260402,更新後,北海道・本州間電力連系設備,2026/04/03,01:30,逆方向,-371.0,91.0,0,-620.0,-900,熱容量,0,0,0,0,0,2026/04/02 18:44:24
翌日,20260402,更新後,北海道・本州間電力連系設備,2026/04/03,02:00,順方向,281.8,388.2,0,30.0,700,電圧,0,0,0,0,0,2026/04/02 18:44:24
翌日,20260402,更新後,北海道・本州間電力連系設備,2026/04/03,02:00,逆方向,-663.2,388.2,0,-625.0,-900,熱容量,0,0,0,0,0,2026/04/02 18:44:24
翌日,20260402,更新後,北海道・本州間電力連系設備,2026/04/03,02:30,順方向,310.4,369.6,0,20.0,700,電圧,0,0,0,0,0,2026/04/02 18:44:24
翌日,20260402,更新後,北海道・本州間電力連系設備,2026/04/03,02:30,逆方向,-654.6,369.6,0,-615.0,-900,熱容量,0,0,0,0,0,2026/04/02 18:44:24
翌日,20260402,更新後,北海道・本州間電力連系設備,2026/04/03,03:00,順方向,312.1,367.9,0,20.0,700,電圧,0,0,0,0,0,2026/04/02 18:44:24
翌日,20260402,更新後,北海道・本州間電力連系設備,2026/04/03,03:00,逆方向,-652.9,367.9,0,-615.0,-900,熱容量,0,0,0,0,0,2026/04/02 18:44:24
翌日,20260402,更新後,北海道・本州間電力連系設備,2026/04/03,03:30,順方向,310.7,379.3,0,10.0,700,電圧,0,0,0,0,0,2026/04/02 18:44:24
翌日,20260402,更新後,北海道・本州間電力連系設備,2026/04/03,03:30,逆方向,-664.3,379.3,0,-615.0,-900,熱容量,0,0,0,0,0,2026/04/02 18:44:24
翌日,20260402,更新後,北海道・本州間電力連系設備,2026/04/03,04:00,順方向,309.0,381.0,0,10.0,700,電圧,0,0,0,0,0,2026/04/02 18:44:24
翌日,20260402,更新後,北海道・本州間電力連系設備,2026/04/03,04:00,逆方向,-666.0,381.0,0,-615.0,-900,熱容量,0,0,0,0,0,2026/04/02 18:44:24
翌日,20260402,更新後,北海道・本州間電力連系設備,2026/04/03,04:30,順方向,309.7,390.3,0,0.0,700,電圧,0,0,0,0,0,2026/04/02 18:44:24
翌日,20260402,更新後,北海道・本州間電力連系設備,2026/04/03,04:30,逆方向,-685.3,390.3,0,-605.0,-900,熱容量,0,0,0,0,0,2026/04/02 18:44:24
翌日,20260402,更新後,北海道・本州間電力連系設備,2026/04/03,05:00,順方向,333.9,366.1,0,0.0,700,電圧,0,0,0,0,0,2026/04/02 18:44:24
翌日,20260402,更新後,北海道・本州間電力連系設備,2026/04/03,05:00,逆方向,-661.1,366.1,0,-605.0,-900,熱容量,0,0,0,0,0,2026/04/02 18:44:24
翌日,20260402,更新後,北海道・本州間電力連系設備,2026/04/03,05:30,順方向,371.2,328.8,0,0.0,700,電圧,0,0,0,0,0,2026/04/02 18:44:24
翌日,20260402,更新後,北海道・本州間電力連系設備,2026/04/03,05:30,逆方向,-623.8,328.8,0,-605.0,-900,熱容量,0,0,0,0,0,2026/04/02 18:44:24
翌日,20260402,更新後,北海道・本州間電力連系設備,2026/04/03,06:00,順方向,364.6,335.4,0,0.0,700,電圧,0,0,0,0,0,2026/04/02 18:44:24
翌日,20260402,更新後,北海道・本州間電力連系設備,2026/04/03,06:00,逆方向,-630.4,335.4,0,-605.0,-900,熱容量,0,0,0,0,0,2026/04/02 18:44:24
翌日,20260402,更新後,北海道・本州間電力連系設備,2026/04/03,06:30,順方向,460.4,239.6,0,0.0,700,電圧,0,0,0,0,0,2026/04/02 18:44:24
翌日,20260402,更新後,北海道・本州間電力連系設備,2026/04/03,06:30,逆方向,-534.6,239.6,0,-605.0,-900,熱容量,0,0,0,0,0,2026/04/02 18:44:24
翌日,20260402,更新後,北海道・本州間電力連系設備,2026/04/03,07:00,順方向,625.2,74.8,0,0.0,700,電圧,0,0,0,0,0,2026/04/02 18:44:24
翌日,20260402,更新後,北海道・本州間電力連系設備,2026/04/03,07:00,逆方向,-369.8,74.8,0,-605.0,-900,熱容量,0,0,0,0,0,2026/04/02 18:44:24
翌日,20260402,更新後,北海道・本州間電力連系設備,2026/04/03,07:30,順方向,553.2,146.8,0,0.0,700,電圧,0,0,0,0,0,2026/04/02 18:44:24
翌日,20260402,更新後,北海道・本州間電力連系設備,2026/04/03,07:30,逆方向,-441.8,146.8,0,-605.0,-900,熱容量,0,0,0,0,0,2026/04/02 18:44:24
翌日,20260402,更新後,北海道・本州間電力連系設備,2026/04/03,08:00,順方向,786.985,-96.0,0,9.015,700,電圧,0,0,0,0,0,2026/04/02 18:44:24
翌日,20260402,更新後,北海道・本州間電力連系設備,2026/04/03,08:00,逆方向,-226.0,-96.0,0,-578.0,-900,熱容量,0,0,0,0,0,2026/04/02 18:44:24
翌日,20260402,更新後,北海道・本州間電力連系設備,2026/04/03,08:30,順方向,778.5,-78.5,0,0.0,700,電圧,0,0,0,0,0,2026/04/02 18:44:24
翌日,20260402,更新後,北海道・本州間電力連系設備,2026/04/03,08:30,逆方向,-272.5,-78.5,0,-549.0,-900,熱容量,0,0,0,0,0,2026/04/02 18:44:24
翌日,20260402,更新後,北海道・本州間電力連系設備,2026/04/03,09:00,順方向,895.6,-195.6,0,0.0,700,電圧,0,0,0,0,0,2026/04/02 18:44:24
翌日,20260402,更新後,北海道・本州間電力連系設備,2026/04/03,09:00,逆方向,-133.468,-195.6,0,-570.932,-900,熱容量,0,0,0,0,0,2026/04/02 18:44:24
翌日,20260402,更新後,北海道・本州間電力連系設備,2026/04/03,09:30,順方向,977.9,-277.9,0,0.0,700,電圧,0,0,0,0,0,2026/04/02 18:44:24
翌日,20260402,更新後,北海道・本州間電力連系設備,2026/04/03,09:30,逆方向,-102.1,-277.9,0,-520.0,-900,熱容量,0,0,0,0,0,2026/04/02 18:44:24
翌日,20260402,更新後,北海道・本州間電力連系設備,2026/04/03,10:00,順方向,970.7,-270.7,0,0.0,700,電圧,0,0,0,0,0,2026/04/02 18:44:24
翌日,20260402,更新後,北海道・本州間電力連系設備,2026/04/03,10:00,逆方向,-109.3,-270.7,0,-520.0,-900,熱容量,0,0,0,0,0,2026/04/02 18:44:24
翌日,20260402,更新後,北海道・本州間電力連系設備,2026/04/03,10:30,順方向,843.3,-143.3,0,0.0,700,電圧,0,0,0,0,0,2026/04/02 18:44:24
翌日,20260402,更新後,北海道・本州間電力連系設備,2026/04/03,10:30,逆方向,-236.7,-143.3,0,-520.0,-900,熱容量,0,0,0,0,0,2026/04/02 18:44:24
翌日,20260402,更新後,北海道・本州間電力連系設備,2026/04/03,11:00,順方向,836.8,-136.8,0,0.0,700,電圧,0,0,0,0,0,2026/04/02 18:44:24
翌日,20260402,更新後,北海道・本州間電力連系設備,2026/04/03,11:00,逆方向,-243.2,-136.8,0,-520.0,-900,熱容量,0,0,0,0,0,2026/04/02 18:44:24
翌日,20260402,更新後,北海道・本州間電力連系設備,2026/04/03,11:30,順方向,847.9,-147.9,0,0.0,700,電圧,0,0,0,0,0,2026/04/02 18:44:24
翌日,20260402,更新後,北海道・本州間電力連系設備,2026/04/03,11:30,逆方向,-222.1,-147.9,0,-530.0,-900,熱容量,0,0,0,0,0,2026/04/02 18:44:24
翌日,20260402,更新後,北海道・本州間電力連系設備,2026/04/03,12:00,順方向,801.5,-101.5,0,0.0,700,電圧,0,0,0,0,0,2026/04/02 18:44:24
翌日,20260402,更新後,北海道・本州間電力連系設備,2026/04/03,12:00,逆方向,-241.417,-101.5,0,-557.083,-900,熱容量,0,0,0,0,0,2026/04/02 18:44:24
翌日,20260402,更新後,北海道・本州間電力連系設備,2026/04/03,12:30,順方向,789.6,-91.9,0,2.3,700,電圧,0,0,0,0,0,2026/04/02 18:44:24
翌日,20260402,更新後,北海道・本州間電力連系設備,2026/04/03,12:30,逆方向,-193.1,-91.9,0,-615.0,-900,熱容量,0,0,0,0,0,2026/04/02 18:44:24
翌日,20260402,更新後,北海道・本州間電力連系設備,2026/04/03,13:00,順方向,778.8,-78.8,0,0.0,700,電圧,0,0,0,0,0,2026/04/02 18:44:24
翌日,20260402,更新後,北海道・本州間電力連系設備,2026/04/03,13:00,逆方向,-178.677,-78.8,0,-642.523,-900,熱容量,0,0,0,0,0,2026/04/02 18:44:24
翌日,20260402,更新後,北海道・本州間電力連系設備,2026/04/03,13:30,順方向,718.51,-23.8,0,5.29,700,電圧,0,0,0,0,0,2026/04/02 18:44:24
翌日,20260402,更新後,北海道・本州間電力連系設備,2026/04/03,13:30,逆方向,-271.2,-23.8,0,-605.0,-900,熱容量,0,0,0,0,0,2026/04/02 18:44:24
翌日,20260402,更新後,北海道・本州間電力連系設備,2026/04/03,14:00,順方向,660.8,39.2,0,0.0,700,電圧,0,0,0,0,0,2026/04/02 18:44:24
翌日,20260402,更新後,北海道・本州間電力連系設備,2026/04/03,14:00,逆方向,-380.19,39.2,0,-559.01,-900,熱容量,0,0,0,0,0,2026/04/02 18:44:24
翌日,20260402,更新後,北海道・本州間電力連系設備,2026/04/03,14:30,順方向,530.91,129.8,0,39.29,700,電圧,0,0,0,0,0,2026/04/02 18:44:24
翌日,20260402,更新後,北海道・本州間電力連系設備,2026/04/03,14:30,逆方向,-454.8,129.8,0,-575.0,-900,熱容量,0,0,0,0,0,2026/04/02 18:44:24
翌日,20260402,更新後,北海道・本州間電力連系設備,2026/04/03,15:00,順方向,622.2,67.8,0,10.0,700,電圧,0,0,0,0,0,2026/04/02 18:44:24
翌日,20260402,更新後,北海道・本州間電力連系設備,2026/04/03,15:00,逆方向,-409.79,67.8,0,-558.01,-900,熱容量,0,0,0,0,0,2026/04/02 18:44:24
翌日,20260402,更新後,北海道・本州間電力連系設備,2026/04/03,15:30,順方向,598.8,91.2,0,10.0,700,電圧,0,0,0,0,0,2026/04/02 18:44:24
翌日,20260402,更新後,北海道・本州間電力連系設備,2026/04/03,15:30,逆方向,-411.2,91.2,0,-580.0,-900,熱容量,0,0,0,0,0,2026/04/02 18:44:24
翌日,20260402,更新後,北海道・本州間電力連系設備,2026/04/03,16:00,順方向,691.796,-34.3,0,42.504,700,電圧,0,0,0,0,0,2026/04/02 18:44:24
翌日,20260402,更新後,北海道・本州間電力連系設備,2026/04/03,16:00,逆方向,-229.7,-34.3,0,-636.0,-900,熱容量,0,0,0,0,0,2026/04/02 18:44:24
翌日,20260402,更新後,北海道・本州間電力連系設備,2026/04/03,16:30,順方向,683.796,-16.9,0,33.104,700,電圧,0,0,0,0,0,2026/04/02 18:44:24
翌日,20260402,更新後,北海道・本州間電力連系設備,2026/04/03,16:30,逆方向,-282.006,-16.9,0,-601.094,-900,熱容量,0,0,0,0,0,2026/04/02 18:44:24
翌日,20260402,更新後,北海道・本州間電力連系設備,2026/04/03,17:00,順方向,450.0,250.0,0,0.0,700,電圧,0,0,0,0,0,2026/04/02 18:44:24
翌日,20260402,更新後,北海道・本州間電力連系設備,2026/04/03,17:00,逆方向,-522.0,250.0,0,-628.0,-900,熱容量,0,0,0,0,0,2026/04/02 18:44:24
翌日,20260402,更新後,北海道・本州間電力連系設備,2026/04/03,17:30,順方向,390.0,310.0,0,0.0,700,電圧,0,0,0,0,0,2026/04/02 18:44:24
翌日,20260402,更新後,北海道・本州間電力連系設備,2026/04/03,17:30,逆方向,-595.0,310.0,0,-615.0,-900,熱容量,0,0,0,0,0,2026/04/02 18:44:24
翌日,20260402,更新後,北海道・本州間電力連系設備,2026/04/03,18:00,順方向,387.0,313.0,0,0.0,700,電圧,0,0,0,0,0,2026/04/02 18:44:24
翌日,20260402,更新後,北海道・本州間電力連系設備,2026/04/03,18:00,逆方向,-605.0,313.0,0,-608.0,-900,熱容量,0,0,0,0,0,2026/04/02 18:44:24
翌日,20260402,更新後,北海道・本州間電力連系設備,2026/04/03,18:30,順方向,331.1,368.9,0,0.0,700,電圧,0,0,0,0,0,2026/04/02 18:44:24
翌日,20260402,更新後,北海道・本州間電力連系設備,2026/04/03,18:30,逆方向,-622.9,368.9,0,-646.0,-900,熱容量,0,0,0,0,0,2026/04/02 18:44:24
翌日,20260402,更新後,北海道・本州間電力連系設備,2026/04/03,19:00,順方向,402.9,297.1,0,0.0,700,電圧,0,0,0,0,0,2026/04/02 18:44:24
翌日,20260402,更新後,北海道・本州間電力連系設備,2026/04/03,19:00,逆方向,-547.1,297.1,0,-650.0,-900,熱容量,0,0,0,0,0,2026/04/02 18:44:24
翌日,20260402,更新後,北海道・本州間電力連系設備,2026/04/03,19:30,順方向,34.5,665.5,0,0.0,700,電圧,0,0,0,0,0,2026/04/02 18:44:24
翌日,20260402,更新後,北海道・本州間電力連系設備,2026/04/03,19:30,逆方向,-911.5,665.5,0,-654.0,-900,熱容量,0,0,0,0,0,2026/04/02 18:44:24
翌日,20260402,更新後,北海道・本州間電力連系設備,2026/04/03,20:00,順方向,18.8,681.2,0,0.0,700,電圧,0,0,0,0,0,2026/04/02 18:44:24
翌日,20260402,更新後,北海道・本州間電力連系設備,2026/04/03,20:00,逆方向,-920.2,681.2,0,-661.0,-900,熱容量,0,0,0,0,0,2026/04/02 18:44:24
翌日,20260402,更新後,北海道・本州間電力連系設備,2026/04/03,20:30,順方向,0.0,700.0,0,0.0,700,電圧,0,0,0,0,0,2026/04/02 18:44:24
翌日,20260402,更新後,北海道・本州間電力連系設備,2026/04/03,20:30,逆方向,-929.0,700.0,0,-671.0,-900,熱容量,0,0,0,0,0,2026/04/02 18:44:24
翌日,20260402,更新後,北海道・本州間電力連系設備,2026/04/03,21:00,順方向,60.7,639.3,0,0.0,700,電圧,0,0,0,0,0,2026/04/02 18:44:24
翌日,20260402,更新後,北海道・本州間電力連系設備,2026/04/03,21:00,逆方向,-867.3,639.3,0,-672.0,-900,熱容量,0,0,0,0,0,2026/04/02 18:44:24
翌日,20260402,更新後,北海道・本州間電力連系設備,2026/04/03,21:30,順方向,134.7,545.3,0,20.0,700,電圧,0,0,0,0,0,2026/04/02 18:44:24
翌日,20260402,更新後,北海道・本州間電力連系設備,2026/04/03,21:30,逆方向,-781.3,545.3,0,-664.0,-900,熱容量,0,0,0,0,0,2026/04/02 18:44:24
翌日,20260402,更新後,北海道・本州間電力連系設備,2026/04/03,22:00,順方向,202.9,477.1,0,20.0,700,電圧,0,0,0,0,0,2026/04/02 18:44:24
翌日,20260402,更新後,北海道・本州間電力連系設備,2026/04/03,22:00,逆方向,-712.1,477.1,0,-665.0,-900,熱容量,0,0,0,0,0,2026/04/02 18:44:24
翌日,20260402,更新後,北海道・本州間電力連系設備,2026/04/03,22:30,順方向,170.5,499.5,0,30.0,700,電圧,0,0,0,0,0,2026/04/02 18:44:24
翌日,20260402,更新後,北海道・本州間電力連系設備,2026/04/03,22:30,逆方向,-735.5,499.5,0,-664.0,-900,熱容量,0,0,0,0,0,2026/04/02 18:44:24
翌日,20260402,更新後,北海道・本州間電力連系設備,2026/04/03,23:00,順方向,138.6,531.4,0,30.0,700,電圧,0,0,0,0,0,2026/04/02 18:44:24
翌日,20260402,更新後,北海道・本州間電力連系設備,2026/04/03,23:00,逆方向,-768.4,531.4,0,-663.0,-900,熱容量,0,0,0,0,0,2026/04/02 18:44:24
翌日,20260402,更新後,北海道・本州間電力連系設備,2026/04/03,23:30,順方向,90.9,579.1,0,30.0,700,電圧,0,0,0,0,0,2026/04/02 18:44:24
翌日,20260402,更新後,北海道・本州間電力連系設備,2026/04/03,23:30,逆方向,-816.1,579.1,0,-663.0,-900,熱容量,0,0,0,0,0,2026/04/02 18:44:24
翌日,20260402,更新後,北海道・本州間電力連系設備,2026/04/03,24:00,順方向,101.7,568.3,0,30.0,700,電圧,0,0,0,0,0,2026/04/02 18:44:24
翌日,20260402,更新後,北海道・本州間電力連系設備,2026/04/03,24:00,逆方向,-803.3,568.3,0,-665.0,-900,熱容量,0,0,0,0,0,2026/04/02 18:44:24
翌日,20260402,更新後,相馬双葉幹線,2026/04/03,00:30,順方向,431.8,3018.2,0,0.0,3450,熱容量（作業）,0,0,0,0,0,2026/04/02 18:44:24
翌日,20260402,更新後,相馬双葉幹線,2026/04/03,00:30,逆方向,-5287.2,3018.2,0,-91.0,-2360,熱容量,0,0,0,0,0,2026/04/02 18:44:24
翌日,20260402,更新後,相馬双葉幹線,2026/04/03,01:00,順方向,212.3,3237.7,0,0.0,3450,熱容量（作業）,0,0,0,0,0,2026/04/02 18:44:24
翌日,20260402,更新後,相馬双葉幹線,2026/04/03,01:00,逆方向,-5465.8,3237.7,0,-131.9,-2360,熱容量,0,0,0,0,0,2026/04/02 18:44:24
翌日,20260402,更新後,相馬双葉幹線,2026/04/03,01:30,順方向,609.4,2840.6,0,0.0,3450,熱容量（作業）,0,0,0,0,0,2026/04/02 18:44:24
翌日,20260402,更新後,相馬双葉幹線,2026/04/03,01:30,逆方向,-5020.6,2840.6,0,-180.0,-2360,熱容量,0,0,0,0,0,2026/04/02 18:44:24
翌日,20260402,更新後,相馬双葉幹線,2026/04/03,02:00,順方向,223.6,3226.4,0,0.0,3450,熱容量（作業）,0,0,0,0,0,2026/04/02 18:44:24
翌日,20260402,更新後,相馬双葉幹線,2026/04/03,02:00,逆方向,-5464.5,3226.4,0,-121.9,-2360,熱容量,0,0,0,0,0,2026/04/02 18:44:24
翌日,20260402,更新後,相馬双葉幹線,2026/04/03,02:30,順方向,240.0,3210.0,0,0.0,3450,熱容量（作業）,0,0,0,0,0,2026/04/02 18:44:24
翌日,20260402,更新後,相馬双葉幹線,2026/04/03,02:30,逆方向,-5447.99,3210.0,0,-122.01,-2360,熱容量,0,0,0,0,0,2026/04/02 18:44:24
翌日,20260402,更新後,相馬双葉幹線,2026/04/03,03:00,順方向,209.0,3241.0,0,0.0,3450,熱容量（作業）,0,0,0,0,0,2026/04/02 18:44:24
翌日,20260402,更新後,相馬双葉幹線,2026/04/03,03:00,逆方向,-5489.824,3241.0,0,-111.176,-2360,熱容量,0,0,0,0,0,2026/04/02 18:44:24
翌日,20260402,更新後,相馬双葉幹線,2026/04/03,03:30,順方向,127.5,3322.5,0,0.0,3450,熱容量（作業）,0,0,0,0,0,2026/04/02 18:44:24
翌日,20260402,更新後,相馬双葉幹線,2026/04/03,03:30,逆方向,-5665.25,3322.5,0,-17.25,-2360,熱容量,0,0,0,0,0,2026/04/02 18:44:24
翌日,20260402,更新後,相馬双葉幹線,2026/04/03,04:00,順方向,186.8,3263.2,0,0.0,3450,熱容量（作業）,0,0,0,0,0,2026/04/02 18:44:24
翌日,20260402,更新後,相馬双葉幹線,2026/04/03,04:00,逆方向,-5606.2,3263.2,0,-17.0,-2360,熱容量,0,0,0,0,0,2026/04/02 18:44:24
翌日,20260402,更新後,相馬双葉幹線,2026/04/03,04:30,順方向,331.6,3118.4,0,0.0,3450,熱容量（作業）,0,0,0,0,0,2026/04/02 18:44:24
翌日,20260402,更新後,相馬双葉幹線,2026/04/03,04:30,逆方向,-5431.092,3118.4,0,-47.308,-2360,熱容量,0,0,0,0,0,2026/04/02 18:44:24
翌日,20260402,更新後,相馬双葉幹線,2026/04/03,05:00,順方向,586.4,2863.6,0,0.0,3450,熱容量（作業）,0,0,0,0,0,2026/04/02 18:44:24
翌日,20260402,更新後,相馬双葉幹線,2026/04/03,05:00,逆方向,-5157.937,2863.6,0,-65.663,-2360,熱容量,0,0,0,0,0,2026/04/02 18:44:24
翌日,20260402,更新後,相馬双葉幹線,2026/04/03,05:30,順方向,778.4,2671.6,0,0.0,3450,熱容量（作業）,0,0,0,0,0,2026/04/02 18:44:24
翌日,20260402,更新後,相馬双葉幹線,2026/04/03,05:30,逆方向,-4908.6,2671.6,0,-123.0,-2360,熱容量,0,0,0,0,0,2026/04/02 18:44:24
翌日,20260402,更新後,相馬双葉幹線,2026/04/03,06:00,順方向,783.8,2666.2,0,0.0,3450,熱容量（作業）,0,0,0,0,0,2026/04/02 18:44:24
翌日,20260402,更新後,相馬双葉幹線,2026/04/03,06:00,逆方向,-4908.482,2666.2,0,-117.718,-2360,熱容量,0,0,0,0,0,2026/04/02 18:44:24
翌日,20260402,更新後,相馬双葉幹線,2026/04/03,06:30,順方向,156.7,3293.3,0,0.0,3450,熱容量（作業）,0,0,0,0,0,2026/04/02 18:44:24
翌日,20260402,更新後,相馬双葉幹線,2026/04/03,06:30,逆方向,-5625.266,3293.3,0,-28.034,-2360,熱容量,0,0,0,0,0,2026/04/02 18:44:24
翌日,20260402,更新後,相馬双葉幹線,2026/04/03,07:00,順方向,0.0,3450.0,0,0.0,3450,熱容量（作業）,0,0,0,0,0,2026/04/02 18:44:24
翌日,20260402,更新後,相馬双葉幹線,2026/04/03,07:00,逆方向,-5648.634,3450.0,0,-161.366,-2360,熱容量,0,0,0,0,0,2026/04/02 18:44:24
翌日,20260402,更新後,相馬双葉幹線,2026/04/03,07:30,順方向,0.0,3450.0,0,0.0,3450,熱容量（作業）,0,0,0,0,0,2026/04/02 18:44:24
翌日,20260402,更新後,相馬双葉幹線,2026/04/03,07:30,逆方向,-5509.0,3450.0,0,-301.0,-2360,熱容量,0,0,0,0,0,2026/04/02 18:44:24
翌日,20260402,更新後,相馬双葉幹線,2026/04/03,08:00,順方向,0.0,3450.0,0,0.0,3450,熱容量（作業）,0,0,0,0,0,2026/04/02 18:44:24
翌日,20260402,更新後,相馬双葉幹線,2026/04/03,08:00,逆方向,-5416.015,3450.0,0,-393.985,-2360,熱容量,0,0,0,0,0,2026/04/02 18:44:24
翌日,20260402,更新後,相馬双葉幹線,2026/04/03,08:30,順方向,0.0,3550.0,0,0.0,3550,熱容量（作業）,0,0,0,0,0,2026/04/02 18:44:24
翌日,20260402,更新後,相馬双葉幹線,2026/04/03,08:30,逆方向,-5277.0,3550.0,0,-633.0,-2360,熱容量,0,0,0,0,0,2026/04/02 18:44:24
翌日,20260402,更新後,相馬双葉幹線,2026/04/03,09:00,順方向,0.0,3550.0,0,0.0,3550,熱容量（作業）,0,0,0,0,0,2026/04/02 18:44:24
翌日,20260402,更新後,相馬双葉幹線,2026/04/03,09:00,逆方向,-5243.068,3550.0,0,-666.932,-2360,熱容量,0,0,0,0,0,2026/04/02 18:44:24
翌日,20260402,更新後,相馬双葉幹線,2026/04/03,09:30,順方向,0.0,3550.0,0,0.0,3550,熱容量（作業）,0,0,0,0,0,2026/04/02 18:44:24
翌日,20260402,更新後,相馬双葉幹線,2026/04/03,09:30,逆方向,-5183.0,3550.0,0,-727.0,-2360,熱容量,0,0,0,0,0,2026/04/02 18:44:24
翌日,20260402,更新後,相馬双葉幹線,2026/04/03,10:00,順方向,0.0,3550.0,0,0.0,3550,熱容量（作業）,0,0,0,0,0,2026/04/02 18:44:24
翌日,20260402,更新後,相馬双葉幹線,2026/04/03,10:00,逆方向,-5140.917,3550.0,0,-769.083,-2360,熱容量,0,0,0,0,0,2026/04/02 18:44:24
翌日,20260402,更新後,相馬双葉幹線,2026/04/03,10:30,順方向,0.0,3550.0,0,0.0,3550,熱容量（作業）,0,0,0,0,0,2026/04/02 18:44:24
翌日,20260402,更新後,相馬双葉幹線,2026/04/03,10:30,逆方向,-5106.685,3550.0,0,-803.315,-2360,熱容量,0,0,0,0,0,2026/04/02 18:44:24
翌日,20260402,更新後,相馬双葉幹線,2026/04/03,11:00,順方向,0.0,3550.0,0,0.0,3550,熱容量（作業）,0,0,0,0,0,2026/04/02 18:44:24
翌日,20260402,更新後,相馬双葉幹線,2026/04/03,11:00,逆方向,-5095.391,3550.0,0,-814.609,-2360,熱容量,0,0,0,0,0,2026/04/02 18:44:24
翌日,20260402,更新後,相馬双葉幹線,2026/04/03,11:30,順方向,0.0,3550.0,0,0.0,3550,熱容量（作業）,0,0,0,0,0,2026/04/02 18:44:24
翌日,20260402,更新後,相馬双葉幹線,2026/04/03,11:30,逆方向,-5092.885,3550.0,0,-817.115,-2360,熱容量,0,0,0,0,0,2026/04/02 18:44:24
翌日,20260402,更新後,相馬双葉幹線,2026/04/03,12:00,順方向,0.0,3550.0,0,0.0,3550,熱容量（作業）,0,0,0,0,0,2026/04/02 18:44:24
翌日,20260402,更新後,相馬双葉幹線,2026/04/03,12:00,逆方向,-5095.936,3550.0,0,-814.064,-2360,熱容量,0,0,0,0,0,2026/04/02 18:44:24
翌日,20260402,更新後,相馬双葉幹線,2026/04/03,12:30,順方向,0.0,3550.0,0,0.0,3550,熱容量（作業）,0,0,0,0,0,2026/04/02 18:44:24
翌日,20260402,更新後,相馬双葉幹線,2026/04/03,12:30,逆方向,-5341.181,3550.0,0,-568.819,-2360,熱容量,0,0,0,0,0,2026/04/02 18:44:24
翌日,20260402,更新後,相馬双葉幹線,2026/04/03,13:00,順方向,0.0,3550.0,0,0.0,3550,熱容量（作業）,0,0,0,0,0,2026/04/02 18:44:24
翌日,20260402,更新後,相馬双葉幹線,2026/04/03,13:00,逆方向,-5202.822,3550.0,0,-707.178,-2360,熱容量,0,0,0,0,0,2026/04/02 18:44:24
翌日,20260402,更新後,相馬双葉幹線,2026/04/03,13:30,順方向,0.0,3550.0,0,0.0,3550,熱容量（作業）,0,0,0,0,0,2026/04/02 18:44:24
翌日,20260402,更新後,相馬双葉幹線,2026/04/03,13:30,逆方向,-5295.383,3550.0,0,-614.617,-2360,熱容量,0,0,0,0,0,2026/04/02 18:44:24
翌日,20260402,更新後,相馬双葉幹線,2026/04/03,14:00,順方向,0.0,3550.0,0,0.0,3550,熱容量（作業）,0,0,0,0,0,2026/04/02 18:44:24
翌日,20260402,更新後,相馬双葉幹線,2026/04/03,14:00,逆方向,-5393.167,3550.0,0,-516.833,-2360,熱容量,0,0,0,0,0,2026/04/02 18:44:24
翌日,20260402,更新後,相馬双葉幹線,2026/04/03,14:30,順方向,0.0,3550.0,0,0.0,3550,熱容量（作業）,0,0,0,0,0,2026/04/02 18:44:24
翌日,20260402,更新後,相馬双葉幹線,2026/04/03,14:30,逆方向,-5379.29,3550.0,0,-530.71,-2360,熱容量,0,0,0,0,0,2026/04/02 18:44:24
翌日,20260402,更新後,相馬双葉幹線,2026/04/03,15:00,順方向,0.0,3550.0,0,0.0,3550,熱容量（作業）,0,0,0,0,0,2026/04/02 18:44:24
翌日,20260402,更新後,相馬双葉幹線,2026/04/03,15:00,逆方向,-5466.99,3550.0,0,-443.01,-2360,熱容量,0,0,0,0,0,2026/04/02 18:44:24
翌日,20260402,更新後,相馬双葉幹線,2026/04/03,15:30,順方向,0.0,3550.0,0,0.0,3550,熱容量（作業）,0,0,0,0,0,2026/04/02 18:44:24
翌日,20260402,更新後,相馬双葉幹線,2026/04/03,15:30,逆方向,-5411.674,3550.0,0,-498.326,-2360,熱容量,0,0,0,0,0,2026/04/02 18:44:24
翌日,20260402,更新後,相馬双葉幹線,2026/04/03,16:00,順方向,0.0,3550.0,0,0.0,3550,熱容量（作業）,0,0,0,0,0,2026/04/02 18:44:24
翌日,20260402,更新後,相馬双葉幹線,2026/04/03,16:00,逆方向,-5295.504,3550.0,0,-614.496,-2360,熱容量,0,0,0,0,0,2026/04/02 18:44:24
翌日,20260402,更新後,相馬双葉幹線,2026/04/03,16:30,順方向,0.0,3550.0,0,0.0,3550,熱容量（作業）,0,0,0,0,0,2026/04/02 18:44:24
翌日,20260402,更新後,相馬双葉幹線,2026/04/03,16:30,逆方向,-5503.906,3550.0,0,-406.094,-2360,熱容量,0,0,0,0,0,2026/04/02 18:44:24
翌日,20260402,更新後,相馬双葉幹線,2026/04/03,17:00,順方向,56.8,3493.2,0,0.0,3550,熱容量（作業）,0,0,0,0,0,2026/04/02 18:44:24
翌日,20260402,更新後,相馬双葉幹線,2026/04/03,17:00,逆方向,-5644.2,3493.2,0,-209.0,-2360,熱容量,0,0,0,0,0,2026/04/02 18:44:24
翌日,20260402,更新後,相馬双葉幹線,2026/04/03,17:30,順方向,434.4,3115.6,0,0.0,3550,熱容量（作業）,0,0,0,0,0,2026/04/02 18:44:24
翌日,20260402,更新後,相馬双葉幹線,2026/04/03,17:30,逆方向,-5316.6,3115.6,0,-159.0,-2360,熱容量,0,0,0,0,0,2026/04/02 18:44:24
翌日,20260402,更新後,相馬双葉幹線,2026/04/03,18:00,順方向,502.5,3047.5,0,0.0,3550,熱容量（作業）,0,0,0,0,0,2026/04/02 18:44:24
翌日,20260402,更新後,相馬双葉幹線,2026/04/03,18:00,逆方向,-5025.5,3047.5,0,-382.0,-2360,熱容量,0,0,0,0,0,2026/04/02 18:44:24
翌日,20260402,更新後,相馬双葉幹線,2026/04/03,18:30,順方向,197.2,3352.8,0,0.0,3550,熱容量（作業）,0,0,0,0,0,2026/04/02 18:44:24
翌日,20260402,更新後,相馬双葉幹線,2026/04/03,18:30,逆方向,-5368.8,3352.8,0,-344.0,-2360,熱容量,0,0,0,0,0,2026/04/02 18:44:24
翌日,20260402,更新後,相馬双葉幹線,2026/04/03,19:00,順方向,397.0,3153.0,0,0.0,3550,熱容量（作業）,0,0,0,0,0,2026/04/02 18:44:24
翌日,20260402,更新後,相馬双葉幹線,2026/04/03,19:00,逆方向,-5165.0,3153.0,0,-348.0,-2360,熱容量,0,0,0,0,0,2026/04/02 18:44:24
翌日,20260402,更新後,相馬双葉幹線,2026/04/03,19:30,順方向,0.0,3550.0,0,0.0,3550,熱容量（作業）,0,0,0,0,0,2026/04/02 18:44:24
翌日,20260402,更新後,相馬双葉幹線,2026/04/03,19:30,逆方向,-5631.066,3550.0,0,-278.934,-2360,熱容量,0,0,0,0,0,2026/04/02 18:44:24
翌日,20260402,更新後,相馬双葉幹線,2026/04/03,20:00,順方向,0.0,3550.0,0,0.0,3550,熱容量（作業）,0,0,0,0,0,2026/04/02 18:44:24
翌日,20260402,更新後,相馬双葉幹線,2026/04/03,20:00,逆方向,-5607.0,3550.0,0,-303.0,-2360,熱容量,0,0,0,0,0,2026/04/02 18:44:24
翌日,20260402,更新後,相馬双葉幹線,2026/04/03,20:30,順方向,0.0,3550.0,0,0.0,3550,熱容量（作業）,0,0,0,0,0,2026/04/02 18:44:24
翌日,20260402,更新後,相馬双葉幹線,2026/04/03,20:30,逆方向,-5564.0,3550.0,0,-346.0,-2360,熱容量,0,0,0,0,0,2026/04/02 18:44:24
翌日,20260402,更新後,相馬双葉幹線,2026/04/03,21:00,順方向,0.0,3550.0,0,0.0,3550,熱容量（作業）,0,0,0,0,0,2026/04/02 18:44:24
翌日,20260402,更新後,相馬双葉幹線,2026/04/03,21:00,逆方向,-5572.0,3550.0,0,-338.0,-2360,熱容量,0,0,0,0,0,2026/04/02 18:44:24
翌日,20260402,更新後,相馬双葉幹線,2026/04/03,21:30,順方向,0.0,3550.0,0,0.0,3550,熱容量（作業）,0,0,0,0,0,2026/04/02 18:44:24
翌日,20260402,更新後,相馬双葉幹線,2026/04/03,21:30,逆方向,-5717.0,3550.0,0,-193.0,-2360,熱容量,0,0,0,0,0,2026/04/02 18:44:24
翌日,20260402,更新後,相馬双葉幹線,2026/04/03,22:00,順方向,660.7,2889.3,0,0.0,3550,熱容量（作業）,0,0,0,0,0,2026/04/02 18:44:24
翌日,20260402,更新後,相馬双葉幹線,2026/04/03,22:00,逆方向,-5055.3,2889.3,0,-194.0,-2360,熱容量,0,0,0,0,0,2026/04/02 18:44:24
翌日,20260402,更新後,相馬双葉幹線,2026/04/03,22:30,順方向,639.0,2811.0,0,0.0,3450,熱容量（作業）,0,0,0,0,0,2026/04/02 18:44:24
翌日,20260402,更新後,相馬双葉幹線,2026/04/03,22:30,逆方向,-4978.0,2811.0,0,-193.0,-2360,熱容量,0,0,0,0,0,2026/04/02 18:44:24
翌日,20260402,更新後,相馬双葉幹線,2026/04/03,23:00,順方向,492.7,2957.3,0,0.0,3450,熱容量（作業）,0,0,0,0,0,2026/04/02 18:44:24
翌日,20260402,更新後,相馬双葉幹線,2026/04/03,23:00,逆方向,-5124.3,2957.3,0,-193.0,-2360,熱容量,0,0,0,0,0,2026/04/02 18:44:24
翌日,20260402,更新後,相馬双葉幹線,2026/04/03,23:30,順方向,41.3,3408.7,0,0.0,3450,熱容量（作業）,0,0,0,0,0,2026/04/02 18:44:24
翌日,20260402,更新後,相馬双葉幹線,2026/04/03,23:30,逆方向,-5580.7,3408.7,0,-188.0,-2360,熱容量,0,0,0,0,0,2026/04/02 18:44:24
翌日,20260402,更新後,相馬双葉幹線,2026/04/03,24:00,順方向,639.8,2810.2,0,0.0,3450,熱容量（作業）,0,0,0,0,0,2026/04/02 18:44:24
翌日,20260402,更新後,相馬双葉幹線,2026/04/03,24:00,逆方向,-4989.2,2810.2,0,-181.0,-2360,熱容量,0,0,0,0,0,2026/04/02 18:44:24
翌日,20260402,更新後,周波数変換設備,2026/04/03,00:30,順方向,327.0,873.0,0,600.0,1800,熱容量（作業）,0,0,0,0,0,2026/04/02 18:44:24
翌日,20260402,更新後,周波数変換設備,2026/04/03,00:30,逆方向,-1917.514,873.0,0,-755.486,-1800,熱容量（作業）,0,0,0,0,0,2026/04/02 18:44:24
翌日,20260402,更新後,周波数変換設備,2026/04/03,01:00,順方向,1.6,1198.4,0,600.0,1800,熱容量（作業）,0,0,0,0,0,2026/04/02 18:44:24
翌日,20260402,更新後,周波数変換設備,2026/04/03,01:00,逆方向,-2297.316,1198.4,0,-701.084,-1800,熱容量（作業）,0,0,0,0,0,2026/04/02 18:44:24
翌日,20260402,更新後,周波数変換設備,2026/04/03,01:30,順方向,0.0,1200.0,0,600.0,1800,熱容量（作業）,0,0,0,0,0,2026/04/02 18:44:24
翌日,20260402,更新後,周波数変換設備,2026/04/03,01:30,逆方向,-2220.108,1200.0,0,-779.892,-1800,熱容量（作業）,0,0,0,0,0,2026/04/02 18:44:24
翌日,20260402,更新後,周波数変換設備,2026/04/03,02:00,順方向,0.0,1200.0,0,600.0,1800,熱容量（作業）,0,0,0,0,0,2026/04/02 18:44:24
翌日,20260402,更新後,周波数変換設備,2026/04/03,02:00,逆方向,-2374.623,1200.0,0,-625.377,-1800,熱容量（作業）,0,0,0,0,0,2026/04/02 18:44:24
翌日,20260402,更新後,周波数変換設備,2026/04/03,02:30,順方向,89.2,1110.8,0,600.0,1800,熱容量（作業）,0,0,0,0,0,2026/04/02 18:44:24
翌日,20260402,更新後,周波数変換設備,2026/04/03,02:30,逆方向,-2254.99,1110.8,0,-655.81,-1800,熱容量（作業）,0,0,0,0,0,2026/04/02 18:44:24
翌日,20260402,更新後,周波数変換設備,2026/04/03,03:00,順方向,49.0,1151.0,0,600.0,1800,熱容量（作業）,0,0,0,0,0,2026/04/02 18:44:24
翌日,20260402,更新後,周波数変換設備,2026/04/03,03:00,逆方向,-2346.044,1151.0,0,-604.956,-1800,熱容量（作業）,0,0,0,0,0,2026/04/02 18:44:24
翌日,20260402,更新後,周波数変換設備,2026/04/03,03:30,順方向,39.2,1160.8,0,600.0,1800,熱容量（作業）,0,0,0,0,0,2026/04/02 18:44:24
翌日,20260402,更新後,周波数変換設備,2026/04/03,03:30,逆方向,-2360.8,1160.8,0,-600.0,-1800,熱容量（作業）,0,0,0,0,0,2026/04/02 18:44:24
翌日,20260402,更新後,周波数変換設備,2026/04/03,04:00,順方向,0.0,1200.0,0,600.0,1800,熱容量（作業）,0,0,0,0,0,2026/04/02 18:44:24
翌日,20260402,更新後,周波数変換設備,2026/04/03,04:00,逆方向,-2400.0,1200.0,0,-600.0,-1800,熱容量（作業）,0,0,0,0,0,2026/04/02 18:44:24
翌日,20260402,更新後,周波数変換設備,2026/04/03,04:30,順方向,213.3,986.7,0,600.0,1800,熱容量（作業）,0,0,0,0,0,2026/04/02 18:44:24
翌日,20260402,更新後,周波数変換設備,2026/04/03,04:30,逆方向,-2186.7,986.7,0,-600.0,-1800,熱容量（作業）,0,0,0,0,0,2026/04/02 18:44:24
翌日,20260402,更新後,周波数変換設備,2026/04/03,05:00,順方向,164.9,1035.1,0,600.0,1800,熱容量（作業）,0,0,0,0,0,2026/04/02 18:44:24
翌日,20260402,更新後,周波数変換設備,2026/04/03,05:00,逆方向,-2235.1,1035.1,0,-600.0,-1800,熱容量（作業）,0,0,0,0,0,2026/04/02 18:44:24
翌日,20260402,更新後,周波数変換設備,2026/04/03,05:30,順方向,435.6,764.4,0,600.0,1800,熱容量（作業）,0,0,0,0,0,2026/04/02 18:44:24
翌日,20260402,更新後,周波数変換設備,2026/04/03,05:30,逆方向,-1964.4,764.4,0,-600.0,-1800,熱容量（作業）,0,0,0,0,0,2026/04/02 18:44:24
翌日,20260402,更新後,周波数変換設備,2026/04/03,06:00,順方向,854.0,346.0,0,600.0,1800,熱容量（作業）,0,0,0,0,0,2026/04/02 18:44:24
翌日,20260402,更新後,周波数変換設備,2026/04/03,06:00,逆方向,-1546.0,346.0,0,-600.0,-1800,熱容量（作業）,0,0,0,0,0,2026/04/02 18:44:24
翌日,20260402,更新後,周波数変換設備,2026/04/03,06:30,順方向,317.9,882.1,0,600.0,1800,熱容量（作業）,0,0,0,0,0,2026/04/02 18:44:24
翌日,20260402,更新後,周波数変換設備,2026/04/03,06:30,逆方向,-2075.1,882.1,0,-607.0,-1800,熱容量（作業）,0,0,0,0,0,2026/04/02 18:44:24
翌日,20260402,更新後,周波数変換設備,2026/04/03,07:00,順方向,879.7,320.3,0,600.0,1800,熱容量（作業）,0,0,0,0,0,2026/04/02 18:44:24
翌日,20260402,更新後,周波数変換設備,2026/04/03,07:00,逆方向,-1492.77,320.3,0,-627.53,-1800,熱容量（作業）,0,0,0,0,0,2026/04/02 18:44:24
翌日,20260402,更新後,周波数変換設備,2026/04/03,07:30,順方向,661.5,538.5,0,600.0,1800,熱容量（作業）,0,0,0,0,0,2026/04/02 18:44:24
翌日,20260402,更新後,周波数変換設備,2026/04/03,07:30,逆方向,-1333.894,538.5,0,-1004.606,-1800,熱容量（作業）,0,0,0,0,0,2026/04/02 18:44:24
翌日,20260402,更新後,周波数変換設備,2026/04/03,08:00,順方向,9.9,290.1,0,600.0,900,熱容量（作業）,0,0,0,0,0,2026/04/02 18:44:24
翌日,20260402,更新後,周波数変換設備,2026/04/03,08:00,逆方向,-590.1,290.1,0,-600.0,-900,熱容量（作業）,0,0,0,0,0,2026/04/02 18:44:24
翌日,20260402,更新後,周波数変換設備,2026/04/03,08:30,順方向,0.0,300.0,0,600.0,900,熱容量（作業）,0,0,0,0,0,2026/04/02 18:44:24
翌日,20260402,更新後,周波数変換設備,2026/04/03,08:30,逆方向,-600.0,300.0,0,-600.0,-900,熱容量（作業）,0,0,0,0,0,2026/04/02 18:44:24
翌日,20260402,更新後,周波数変換設備,2026/04/03,09:00,順方向,495.3,254.7,0,600.0,1350,熱容量（作業）,0,0,0,0,0,2026/04/02 18:44:24
翌日,20260402,更新後,周波数変換設備,2026/04/03,09:00,逆方向,-702.771,254.7,0,-901.929,-1350,熱容量（作業）,0,0,0,0,0,2026/04/02 18:44:24
翌日,20260402,更新後,周波数変換設備,2026/04/03,09:30,順方向,402.2,347.8,0,600.0,1350,熱容量（作業）,0,0,0,0,0,2026/04/02 18:44:24
翌日,20260402,更新後,周波数変換設備,2026/04/03,09:30,逆方向,-924.694,347.8,0,-773.106,-1350,熱容量（作業）,0,0,0,0,0,2026/04/02 18:44:24
翌日,20260402,更新後,周波数変換設備,2026/04/03,10:00,順方向,1482.6,-732.6,0,600.0,1350,熱容量（作業）,0,0,0,0,0,2026/04/02 18:44:24
翌日,20260402,更新後,周波数変換設備,2026/04/03,10:00,逆方向,-17.4,-732.6,0,-600.0,-1350,熱容量（作業）,0,0,0,0,0,2026/04/02 18:44:24
翌日,20260402,更新後,周波数変換設備,2026/04/03,10:30,順方向,1373.75,-712.1,0,688.35,1350,熱容量（作業）,0,0,0,0,0,2026/04/02 18:44:24
翌日,20260402,更新後,周波数変換設備,2026/04/03,10:30,逆方向,-37.9,-712.1,0,-600.0,-1350,熱容量（作業）,0,0,0,0,0,2026/04/02 18:44:24
翌日,20260402,更新後,周波数変換設備,2026/04/03,11:00,順方向,1499.9,-749.9,0,600.0,1350,熱容量（作業）,0,0,0,0,0,2026/04/02 18:44:24
翌日,20260402,更新後,周波数変換設備,2026/04/03,11:00,逆方向,-0.1,-749.9,0,-600.0,-1350,熱容量（作業）,0,0,0,0,0,2026/04/02 18:44:24
翌日,20260402,更新後,周波数変換設備,2026/04/03,11:30,順方向,1500.0,-750.0,0,600.0,1350,熱容量（作業）,0,0,0,0,0,2026/04/02 18:44:24
翌日,20260402,更新後,周波数変換設備,2026/04/03,11:30,逆方向,0.0,-750.0,0,-600.0,-1350,熱容量（作業）,0,0,0,0,0,2026/04/02 18:44:24
翌日,20260402,更新後,周波数変換設備,2026/04/03,12:00,順方向,1278.121,-528.2,0,600.079,1350,熱容量（作業）,0,0,0,0,0,2026/04/02 18:44:24
翌日,20260402,更新後,周波数変換設備,2026/04/03,12:00,逆方向,-221.8,-528.2,0,-600.0,-1350,熱容量（作業）,0,0,0,0,0,2026/04/02 18:44:24
翌日,20260402,更新後,周波数変換設備,2026/04/03,12:30,順方向,667.9,82.1,0,600.0,1350,熱容量（作業）,0,0,0,0,0,2026/04/02 18:44:24
翌日,20260402,更新後,周波数変換設備,2026/04/03,12:30,逆方向,-832.1,82.1,0,-600.0,-1350,熱容量（作業）,0,0,0,0,0,2026/04/02 18:44:24
翌日,20260402,更新後,周波数変換設備,2026/04/03,13:00,順方向,952.038,-202.038,0,600.0,1350,熱容量（作業）,0,0,0,0,0,2026/04/02 18:44:24
翌日,20260402,更新後,周波数変換設備,2026/04/03,13:00,逆方向,-232.098,-202.038,0,-915.864,-1350,熱容量（作業）,0,0,0,0,0,2026/04/02 18:44:24
翌日,20260402,更新後,周波数変換設備,2026/04/03,13:30,順方向,478.3,271.7,0,600.0,1350,熱容量（作業）,0,0,0,0,0,2026/04/02 18:44:24
翌日,20260402,更新後,周波数変換設備,2026/04/03,13:30,逆方向,-647.621,271.7,0,-974.079,-1350,熱容量（作業）,0,0,0,0,0,2026/04/02 18:44:24
翌日,20260402,更新後,周波数変換設備,2026/04/03,14:00,順方向,489.2,260.8,0,600.0,1350,熱容量（作業）,0,0,0,0,0,2026/04/02 18:44:24
翌日,20260402,更新後,周波数変換設備,2026/04/03,14:00,逆方向,-1010.8,260.8,0,-600.0,-1350,熱容量（作業）,0,0,0,0,0,2026/04/02 18:44:24
翌日,20260402,更新後,周波数変換設備,2026/04/03,14:30,順方向,0.0,750.0,0,600.0,1350,熱容量（作業）,0,0,0,0,0,2026/04/02 18:44:24
翌日,20260402,更新後,周波数変換設備,2026/04/03,14:30,逆方向,-1500.0,750.0,0,-600.0,-1350,熱容量（作業）,0,0,0,0,0,2026/04/02 18:44:24
翌日,20260402,更新後,周波数変換設備,2026/04/03,15:00,順方向,679.6,70.4,0,600.0,1350,熱容量（作業）,0,0,0,0,0,2026/04/02 18:44:24
翌日,20260402,更新後,周波数変換設備,2026/04/03,15:00,逆方向,-820.4,70.4,0,-600.0,-1350,熱容量（作業）,0,0,0,0,0,2026/04/02 18:44:24
翌日,20260402,更新後,周波数変換設備,2026/04/03,15:30,順方向,1293.3,-543.3,0,600.0,1350,熱容量（作業）,0,0,0,0,0,2026/04/02 18:44:24
翌日,20260402,更新後,周波数変換設備,2026/04/03,15:30,逆方向,-206.7,-543.3,0,-600.0,-1350,熱容量（作業）,0,0,0,0,0,2026/04/02 18:44:24
翌日,20260402,更新後,周波数変換設備,2026/04/03,16:00,順方向,1192.9,-442.9,0,600.0,1350,熱容量（作業）,0,0,0,0,0,2026/04/02 18:44:24
翌日,20260402,更新後,周波数変換設備,2026/04/03,16:00,逆方向,-307.1,-442.9,0,-600.0,-1350,熱容量（作業）,0,0,0,0,0,2026/04/02 18:44:24
翌日,20260402,更新後,周波数変換設備,2026/04/03,16:30,順方向,1424.5,-674.5,0,600.0,1350,熱容量（作業）,0,0,0,0,0,2026/04/02 18:44:24
翌日,20260402,更新後,周波数変換設備,2026/04/03,16:30,逆方向,-75.5,-674.5,0,-600.0,-1350,熱容量（作業）,0,0,0,0,0,2026/04/02 18:44:24
翌日,20260402,更新後,周波数変換設備,2026/04/03,17:00,順方向,404.7,345.3,0,600.0,1350,熱容量（作業）,0,0,0,0,0,2026/04/02 18:44:24
翌日,20260402,更新後,周波数変換設備,2026/04/03,17:00,逆方向,-898.344,345.3,0,-796.956,-1350,熱容量（作業）,0,0,0,0,0,2026/04/02 18:44:24
翌日,20260402,更新後,周波数変換設備,2026/04/03,17:30,順方向,0.0,750.0,0,600.0,1350,熱容量（作業）,0,0,0,0,0,2026/04/02 18:44:24
翌日,20260402,更新後,周波数変換設備,2026/04/03,17:30,逆方向,-1265.484,750.0,0,-834.516,-1350,熱容量（作業）,0,0,0,0,0,2026/04/02 18:44:24
翌日,20260402,更新後,周波数変換設備,2026/04/03,18:00,順方向,413.5,336.5,0,600.0,1350,熱容量（作業）,0,0,0,0,0,2026/04/02 18:44:24
翌日,20260402,更新後,周波数変換設備,2026/04/03,18:00,逆方向,-962.121,336.5,0,-724.379,-1350,熱容量（作業）,0,0,0,0,0,2026/04/02 18:44:24
翌日,20260402,更新後,周波数変換設備,2026/04/03,18:30,順方向,461.6,288.4,0,600.0,1350,熱容量（作業）,0,0,0,0,0,2026/04/02 18:44:24
翌日,20260402,更新後,周波数変換設備,2026/04/03,18:30,逆方向,-842.775,288.4,0,-795.625,-1350,熱容量（作業）,0,0,0,0,0,2026/04/02 18:44:24
翌日,20260402,更新後,周波数変換設備,2026/04/03,19:00,順方向,170.6,579.4,0,600.0,1350,熱容量（作業）,0,0,0,0,0,2026/04/02 18:44:24
翌日,20260402,更新後,周波数変換設備,2026/04/03,19:00,逆方向,-938.064,579.4,0,-991.336,-1350,熱容量（作業）,0,0,0,0,0,2026/04/02 18:44:24
翌日,20260402,更新後,周波数変換設備,2026/04/03,19:30,順方向,1467.3,-717.3,0,600.0,1350,熱容量（作業）,0,0,0,0,0,2026/04/02 18:44:24
翌日,20260402,更新後,周波数変換設備,2026/04/03,19:30,逆方向,-32.7,-717.3,0,-600.0,-1350,熱容量（作業）,0,0,0,0,0,2026/04/02 18:44:24
翌日,20260402,更新後,周波数変換設備,2026/04/03,20:00,順方向,1500.0,-750.0,0,600.0,1350,熱容量（作業）,0,0,0,0,0,2026/04/02 18:44:24
翌日,20260402,更新後,周波数変換設備,2026/04/03,20:00,逆方向,0.0,-750.0,0,-600.0,-1350,熱容量（作業）,0,0,0,0,0,2026/04/02 18:44:24
翌日,20260402,更新後,周波数変換設備,2026/04/03,20:30,順方向,1435.5,-685.5,0,600.0,1350,熱容量（作業）,0,0,0,0,0,2026/04/02 18:44:24
翌日,20260402,更新後,周波数変換設備,2026/04/03,20:30,逆方向,-64.5,-685.5,0,-600.0,-1350,熱容量（作業）,0,0,0,0,0,2026/04/02 18:44:24
翌日,20260402,更新後,周波数変換設備,2026/04/03,21:00,順方向,1447.8,-697.8,0,600.0,1350,熱容量（作業）,0,0,0,0,0,2026/04/02 18:44:24
翌日,20260402,更新後,周波数変換設備,2026/04/03,21:00,逆方向,-52.2,-697.8,0,-600.0,-1350,熱容量（作業）,0,0,0,0,0,2026/04/02 18:44:24
翌日,20260402,更新後,周波数変換設備,2026/04/03,21:30,順方向,581.1,168.9,0,600.0,1350,熱容量（作業）,0,0,0,0,0,2026/04/02 18:44:24
翌日,20260402,更新後,周波数変換設備,2026/04/03,21:30,逆方向,-918.9,168.9,0,-600.0,-1350,熱容量（作業）,0,0,0,0,0,2026/04/02 18:44:24
翌日,20260402,更新後,周波数変換設備,2026/04/03,22:00,順方向,0.0,750.0,0,600.0,1350,熱容量（作業）,0,0,0,0,0,2026/04/02 18:44:24
翌日,20260402,更新後,周波数変換設備,2026/04/03,22:00,逆方向,-1362.54,750.0,0,-737.46,-1350,熱容量（作業）,0,0,0,0,0,2026/04/02 18:44:24
翌日,20260402,更新後,周波数変換設備,2026/04/03,22:30,順方向,0.0,750.0,0,600.0,1350,熱容量（作業）,0,0,0,0,0,2026/04/02 18:44:24
翌日,20260402,更新後,周波数変換設備,2026/04/03,22:30,逆方向,-1463.63,750.0,0,-636.37,-1350,熱容量（作業）,0,0,0,0,0,2026/04/02 18:44:24
翌日,20260402,更新後,周波数変換設備,2026/04/03,23:00,順方向,0.0,750.0,0,600.0,1350,熱容量（作業）,0,0,0,0,0,2026/04/02 18:44:24
翌日,20260402,更新後,周波数変換設備,2026/04/03,23:00,逆方向,-1471.617,750.0,0,-628.383,-1350,熱容量（作業）,0,0,0,0,0,2026/04/02 18:44:24
翌日,20260402,更新後,周波数変換設備,2026/04/03,23:30,順方向,631.4,118.6,0,600.0,1350,熱容量（作業）,0,0,0,0,0,2026/04/02 18:44:24
翌日,20260402,更新後,周波数変換設備,2026/04/03,23:30,逆方向,-868.6,118.6,0,-600.0,-1350,熱容量（作業）,0,0,0,0,0,2026/04/02 18:44:24
翌日,20260402,更新後,周波数変換設備,2026/04/03,24:00,順方向,930.4,-180.4,0,600.0,1350,熱容量（作業）,0,0,0,0,0,2026/04/02 18:44:24
翌日,20260402,更新後,周波数変換設備,2026/04/03,24:00,逆方向,-569.6,-180.4,0,-600.0,-1350,熱容量（作業）,0,0,0,0,0,2026/04/02 18:44:24
翌日,20260402,更新後,西播東岡山線・山崎智頭線,2026/04/03,00:30,順方向,7163.316,-2745.678,0,182.362,4600,電圧,0,0,0,0,0,2026/04/02 18:44:24
翌日,20260402,更新後,西播東岡山線・山崎智頭線,2026/04/03,00:30,逆方向,-1116.492,-3383.508,0,0.0,-4500,電圧,0,0,0,0,0,2026/04/02 18:44:24
翌日,20260402,更新後,西播東岡山線・山崎智頭線,2026/04/03,01:00,順方向,6956.802,-2585.192,0,228.39,4600,電圧,0,0,0,0,0,2026/04/02 18:44:24
翌日,20260402,更新後,西播東岡山線・山崎智頭線,2026/04/03,01:00,逆方向,-1273.164,-3226.836,0,0.0,-4500,電圧,0,0,0,0,0,2026/04/02 18:44:24
翌日,20260402,更新後,西播東岡山線・山崎智頭線,2026/04/03,01:30,順方向,7000.129,-2573.496,0,173.367,4600,電圧,0,0,0,0,0,2026/04/02 18:44:24
翌日,20260402,更新後,西播東岡山線・山崎智頭線,2026/04/03,01:30,逆方向,-1300.914,-3194.874,0,-4.212,-4500,電圧,0,0,0,0,0,2026/04/02 18:44:24
翌日,20260402,更新後,西播東岡山線・山崎智頭線,2026/04/03,02:00,順方向,6972.45,-2599.052,0,226.602,4600,電圧,0,0,0,0,0,2026/04/02 18:44:24
翌日,20260402,更新後,西播東岡山線・山崎智頭線,2026/04/03,02:00,逆方向,-1290.358,-3209.642,0,0.0,-4500,電圧,0,0,0,0,0,2026/04/02 18:44:24
翌日,20260402,更新後,西播東岡山線・山崎智頭線,2026/04/03,02:30,順方向,7079.934,-2686.66,0,206.726,4600,電圧,0,0,0,0,0,2026/04/02 18:44:24
翌日,20260402,更新後,西播東岡山線・山崎智頭線,2026/04/03,02:30,逆方向,-1215.864,-3284.136,0,0.0,-4500,電圧,0,0,0,0,0,2026/04/02 18:44:24
翌日,20260402,更新後,西播東岡山線・山崎智頭線,2026/04/03,03:00,順方向,7212.094,-2733.946,0,121.852,4600,電圧,0,0,0,0,0,2026/04/02 18:44:24
翌日,20260402,更新後,西播東岡山線・山崎智頭線,2026/04/03,03:00,逆方向,-1196.71,-3303.29,0,0.0,-4500,電圧,0,0,0,0,0,2026/04/02 18:44:24
翌日,20260402,更新後,西播東岡山線・山崎智頭線,2026/04/03,03:30,順方向,7325.106,-2725.106,0,0.0,4600,電圧,0,0,0,0,0,2026/04/02 18:44:24
翌日,20260402,更新後,西播東岡山線・山崎智頭線,2026/04/03,03:30,逆方向,-1236.544,-3263.456,0,0.0,-4500,電圧,0,0,0,0,0,2026/04/02 18:44:24
翌日,20260402,更新後,西播東岡山線・山崎智頭線,2026/04/03,04:00,順方向,7395.118,-2795.118,0,0.0,4600,電圧,0,0,0,0,0,2026/04/02 18:44:24
翌日,20260402,更新後,西播東岡山線・山崎智頭線,2026/04/03,04:00,逆方向,-1189.422,-3310.578,0,0.0,-4500,電圧,0,0,0,0,0,2026/04/02 18:44:24
翌日,20260402,更新後,西播東岡山線・山崎智頭線,2026/04/03,04:30,順方向,7442.938,-2842.938,0,0.0,4600,電圧,0,0,0,0,0,2026/04/02 18:44:24
翌日,20260402,更新後,西播東岡山線・山崎智頭線,2026/04/03,04:30,逆方向,-1140.468,-3359.532,0,0.0,-4500,電圧,0,0,0,0,0,2026/04/02 18:44:24
翌日,20260402,更新後,西播東岡山線・山崎智頭線,2026/04/03,05:00,順方向,7462.806,-2862.806,0,0.0,4600,電圧,0,0,0,0,0,2026/04/02 18:44:24
翌日,20260402,更新後,西播東岡山線・山崎智頭線,2026/04/03,05:00,逆方向,-1131.568,-3368.432,0,0.0,-4500,電圧,0,0,0,0,0,2026/04/02 18:44:24
翌日,20260402,更新後,西播東岡山線・山崎智頭線,2026/04/03,05:30,順方向,7458.678,-2858.678,0,0.0,4600,電圧,0,0,0,0,0,2026/04/02 18:44:24
翌日,20260402,更新後,西播東岡山線・山崎智頭線,2026/04/03,05:30,逆方向,-1154.888,-3345.112,0,0.0,-4500,電圧,0,0,0,0,0,2026/04/02 18:44:24
翌日,20260402,更新後,西播東岡山線・山崎智頭線,2026/04/03,06:00,順方向,7424.286,-2824.286,0,0.0,4600,電圧,0,0,0,0,0,2026/04/02 18:44:24
翌日,20260402,更新後,西播東岡山線・山崎智頭線,2026/04/03,06:00,逆方向,-1196.076,-3303.924,0,0.0,-4500,電圧,0,0,0,0,0,2026/04/02 18:44:24
翌日,20260402,更新後,西播東岡山線・山崎智頭線,2026/04/03,06:30,順方向,7376.802,-2777.802,0,1.0,4600,電圧,0,0,0,0,0,2026/04/02 18:44:24
翌日,20260402,更新後,西播東岡山線・山崎智頭線,2026/04/03,06:30,逆方向,-1223.962,-3276.038,0,0.0,-4500,電圧,0,0,0,0,0,2026/04/02 18:44:24
翌日,20260402,更新後,西播東岡山線・山崎智頭線,2026/04/03,07:00,順方向,7073.695,-2587.302,0,113.607,4600,電圧,0,0,0,0,0,2026/04/02 18:44:24
翌日,20260402,更新後,西播東岡山線・山崎智頭線,2026/04/03,07:00,逆方向,-1324.34,-3175.66,0,0.0,-4500,電圧,0,0,0,0,0,2026/04/02 18:44:24
翌日,20260402,更新後,西播東岡山線・山崎智頭線,2026/04/03,07:30,順方向,7243.62,-2966.012,0,322.392,4600,電圧,0,0,0,0,0,2026/04/02 18:44:24
翌日,20260402,更新後,西播東岡山線・山崎智頭線,2026/04/03,07:30,逆方向,-774.09,-3725.91,0,0.0,-4500,電圧,0,0,0,0,0,2026/04/02 18:44:24
翌日,20260402,更新後,西播東岡山線・山崎智頭線,2026/04/03,08:00,順方向,6848.894,-2582.362,0,333.468,4600,電圧,0,0,0,0,0,2026/04/02 18:44:24
翌日,20260402,更新後,西播東岡山線・山崎智頭線,2026/04/03,08:00,逆方向,-1049.318,-3450.682,0,0.0,-4500,電圧,0,0,0,0,0,2026/04/02 18:44:24
翌日,20260402,更新後,西播東岡山線・山崎智頭線,2026/04/03,08:30,順方向,7241.181,-3173.178,0,531.997,4600,電圧,0,0,0,0,0,2026/04/02 18:44:24
翌日,20260402,更新後,西播東岡山線・山崎智頭線,2026/04/03,08:30,逆方向,-295.952,-4204.048,0,0.0,-4500,電圧,0,0,0,0,0,2026/04/02 18:44:24
翌日,20260402,更新後,西播東岡山線・山崎智頭線,2026/04/03,09:00,順方向,7403.79,-3309.582,0,505.792,4600,電圧,0,0,0,0,0,2026/04/02 18:44:24
翌日,20260402,更新後,西播東岡山線・山崎智頭線,2026/04/03,09:00,逆方向,-9.718,-4490.282,0,0.0,-4500,電圧,0,0,0,0,0,2026/04/02 18:44:24
翌日,20260402,更新後,西播東岡山線・山崎智頭線,2026/04/03,09:30,順方向,7785.724,-3185.724,0,0.0,4600,電圧,0,0,0,0,0,2026/04/02 18:44:24
翌日,20260402,更新後,西播東岡山線・山崎智頭線,2026/04/03,09:30,逆方向,0.0,-4500.0,0,0.0,-4500,電圧,0,0,0,0,0,2026/04/02 18:44:24
翌日,20260402,更新後,西播東岡山線・山崎智頭線,2026/04/03,10:00,順方向,7537.392,-3062.878,0,125.486,4600,電圧,0,0,0,0,0,2026/04/02 18:44:24
翌日,20260402,更新後,西播東岡山線・山崎智頭線,2026/04/03,10:00,逆方向,0.0,-4500.0,0,0.0,-4500,電圧,0,0,0,0,0,2026/04/02 18:44:24
翌日,20260402,更新後,西播東岡山線・山崎智頭線,2026/04/03,10:30,順方向,7584.51,-2984.51,0,0.0,4600,電圧,0,0,0,0,0,2026/04/02 18:44:24
翌日,20260402,更新後,西播東岡山線・山崎智頭線,2026/04/03,10:30,逆方向,0.0,-4500.0,0,0.0,-4500,電圧,0,0,0,0,0,2026/04/02 18:44:24
翌日,20260402,更新後,西播東岡山線・山崎智頭線,2026/04/03,11:00,順方向,7503.242,-2903.242,0,0.0,4600,電圧,0,0,0,0,0,2026/04/02 18:44:24
翌日,20260402,更新後,西播東岡山線・山崎智頭線,2026/04/03,11:00,逆方向,0.0,-4500.0,0,0.0,-4500,電圧,0,0,0,0,0,2026/04/02 18:44:24
翌日,20260402,更新後,西播東岡山線・山崎智頭線,2026/04/03,11:30,順方向,7442.764,-2842.764,0,0.0,4600,電圧,0,0,0,0,0,2026/04/02 18:44:24
翌日,20260402,更新後,西播東岡山線・山崎智頭線,2026/04/03,11:30,逆方向,0.0,-4500.0,0,0.0,-4500,電圧,0,0,0,0,0,2026/04/02 18:44:24
翌日,20260402,更新後,西播東岡山線・山崎智頭線,2026/04/03,12:00,順方向,7371.932,-2771.932,0,0.0,4600,電圧,0,0,0,0,0,2026/04/02 18:44:24
翌日,20260402,更新後,西播東岡山線・山崎智頭線,2026/04/03,12:00,逆方向,-0.074,-4499.926,0,0.0,-4500,電圧,0,0,0,0,0,2026/04/02 18:44:24
翌日,20260402,更新後,西播東岡山線・山崎智頭線,2026/04/03,12:30,順方向,7291.044,-2708.46,0,17.416,4600,電圧,0,0,0,0,0,2026/04/02 18:44:24
翌日,20260402,更新後,西播東岡山線・山崎智頭線,2026/04/03,12:30,逆方向,0.0,-4500.0,0,0.0,-4500,電圧,0,0,0,0,0,2026/04/02 18:44:24
翌日,20260402,更新後,西播東岡山線・山崎智頭線,2026/04/03,13:00,順方向,7288.3,-2698.576,0,10.276,4600,電圧,0,0,0,0,0,2026/04/02 18:44:24
翌日,20260402,更新後,西播東岡山線・山崎智頭線,2026/04/03,13:00,逆方向,-0.002,-4499.998,0,0.0,-4500,電圧,0,0,0,0,0,2026/04/02 18:44:24
翌日,20260402,更新後,西播東岡山線・山崎智頭線,2026/04/03,13:30,順方向,7274.146,-2734.422,0,60.276,4600,電圧,0,0,0,0,0,2026/04/02 18:44:24
翌日,20260402,更新後,西播東岡山線・山崎智頭線,2026/04/03,13:30,逆方向,-0.022,-4499.978,0,0.0,-4500,電圧,0,0,0,0,0,2026/04/02 18:44:24
翌日,20260402,更新後,西播東岡山線・山崎智頭線,2026/04/03,14:00,順方向,7289.556,-2786.278,0,96.722,4600,電圧,0,0,0,0,0,2026/04/02 18:44:24
翌日,20260402,更新後,西播東岡山線・山崎智頭線,2026/04/03,14:00,逆方向,-0.038,-4499.962,0,0.0,-4500,電圧,0,0,0,0,0,2026/04/02 18:44:24
翌日,20260402,更新後,西播東岡山線・山崎智頭線,2026/04/03,14:30,順方向,7137.292,-2824.048,0,286.756,4600,電圧,0,0,0,0,0,2026/04/02 18:44:24
翌日,20260402,更新後,西播東岡山線・山崎智頭線,2026/04/03,14:30,逆方向,-60.778,-4439.222,0,0.0,-4500,電圧,0,0,0,0,0,2026/04/02 18:44:24
翌日,20260402,更新後,西播東岡山線・山崎智頭線,2026/04/03,15:00,順方向,7339.237,-2980.184,0,240.947,4600,電圧,0,0,0,0,0,2026/04/02 18:44:24
翌日,20260402,更新後,西播東岡山線・山崎智頭線,2026/04/03,15:00,逆方向,-1.274,-4498.726,0,0.0,-4500,電圧,0,0,0,0,0,2026/04/02 18:44:24
翌日,20260402,更新後,西播東岡山線・山崎智頭線,2026/04/03,15:30,順方向,7710.768,-3111.68,0,0.912,4600,電圧,0,0,0,0,0,2026/04/02 18:44:24
翌日,20260402,更新後,西播東岡山線・山崎智頭線,2026/04/03,15:30,逆方向,0.0,-4500.0,0,0.0,-4500,電圧,0,0,0,0,0,2026/04/02 18:44:24
翌日,20260402,更新後,西播東岡山線・山崎智頭線,2026/04/03,16:00,順方向,7303.094,-3257.056,0,553.962,4600,電圧,0,0,0,0,0,2026/04/02 18:44:24
翌日,20260402,更新後,西播東岡山線・山崎智頭線,2026/04/03,16:00,逆方向,-0.07,-4499.93,0,0.0,-4500,電圧,0,0,0,0,0,2026/04/02 18:44:24
翌日,20260402,更新後,西播東岡山線・山崎智頭線,2026/04/03,16:30,順方向,7795.361,-3440.796,0,245.435,4600,電圧,0,0,0,0,0,2026/04/02 18:44:24
翌日,20260402,更新後,西播東岡山線・山崎智頭線,2026/04/03,16:30,逆方向,-0.02,-4499.98,0,0.0,-4500,電圧,0,0,0,0,0,2026/04/02 18:44:24
翌日,20260402,更新後,西播東岡山線・山崎智頭線,2026/04/03,17:00,順方向,7724.549,-3599.662,0,475.113,4600,電圧,0,0,0,0,0,2026/04/02 18:44:24
翌日,20260402,更新後,西播東岡山線・山崎智頭線,2026/04/03,17:00,逆方向,0.0,-4500.0,0,0.0,-4500,電圧,0,0,0,0,0,2026/04/02 18:44:24
翌日,20260402,更新後,西播東岡山線・山崎智頭線,2026/04/03,17:30,順方向,7479.452,-3414.536,0,535.084,4600,電圧,0,0,0,0,0,2026/04/02 18:44:24
翌日,20260402,更新後,西播東岡山線・山崎智頭線,2026/04/03,17:30,逆方向,-358.104,-4141.896,0,0.0,-4500,電圧,0,0,0,0,0,2026/04/02 18:44:24
翌日,20260402,更新後,西播東岡山線・山崎智頭線,2026/04/03,18:00,順方向,7506.707,-3389.328,0,482.621,4600,電圧,0,0,0,0,0,2026/04/02 18:44:24
翌日,20260402,更新後,西播東岡山線・山崎智頭線,2026/04/03,18:00,逆方向,-510.264,-3989.736,0,0.0,-4500,電圧,0,0,0,0,0,2026/04/02 18:44:24
翌日,20260402,更新後,西播東岡山線・山崎智頭線,2026/04/03,18:30,順方向,7840.831,-3654.198,0,413.367,4600,電圧,0,0,0,0,0,2026/04/02 18:44:24
翌日,20260402,更新後,西播東岡山線・山崎智頭線,2026/04/03,18:30,逆方向,-320.32,-4179.68,0,0.0,-4500,電圧,0,0,0,0,0,2026/04/02 18:44:24
翌日,20260402,更新後,西播東岡山線・山崎智頭線,2026/04/03,19:00,順方向,7927.226,-3724.226,0,397.0,4600,電圧,0,0,0,0,0,2026/04/02 18:44:24
翌日,20260402,更新後,西播東岡山線・山崎智頭線,2026/04/03,19:00,逆方向,-261.08,-4238.92,0,0.0,-4500,電圧,0,0,0,0,0,2026/04/02 18:44:24
翌日,20260402,更新後,西播東岡山線・山崎智頭線,2026/04/03,19:30,順方向,7921.745,-3765.82,0,444.075,4600,電圧,0,0,0,0,0,2026/04/02 18:44:24
翌日,20260402,更新後,西播東岡山線・山崎智頭線,2026/04/03,19:30,逆方向,-221.1,-4278.9,0,0.0,-4500,電圧,0,0,0,0,0,2026/04/02 18:44:24
翌日,20260402,更新後,西播東岡山線・山崎智頭線,2026/04/03,20:00,順方向,7807.778,-3660.778,0,453.0,4600,電圧,0,0,0,0,0,2026/04/02 18:44:24
翌日,20260402,更新後,西播東岡山線・山崎智頭線,2026/04/03,20:00,逆方向,-321.56,-4178.44,0,0.0,-4500,電圧,0,0,0,0,0,2026/04/02 18:44:24
翌日,20260402,更新後,西播東岡山線・山崎智頭線,2026/04/03,20:30,順方向,8040.166,-3932.166,0,492.0,4600,電圧,0,0,0,0,0,2026/04/02 18:44:24
翌日,20260402,更新後,西播東岡山線・山崎智頭線,2026/04/03,20:30,逆方向,-26.86,-4473.14,0,0.0,-4500,電圧,0,0,0,0,0,2026/04/02 18:44:24
翌日,20260402,更新後,西播東岡山線・山崎智頭線,2026/04/03,21:00,順方向,7655.955,-3615.71,0,559.755,4600,電圧,0,0,0,0,0,2026/04/02 18:44:24
翌日,20260402,更新後,西播東岡山線・山崎智頭線,2026/04/03,21:00,逆方向,-344.164,-4155.836,0,0.0,-4500,電圧,0,0,0,0,0,2026/04/02 18:44:24
翌日,20260402,更新後,西播東岡山線・山崎智頭線,2026/04/03,21:30,順方向,7816.516,-3707.516,0,491.0,4600,電圧,0,0,0,0,0,2026/04/02 18:44:24
翌日,20260402,更新後,西播東岡山線・山崎智頭線,2026/04/03,21:30,逆方向,-236.38,-4263.62,0,0.0,-4500,電圧,0,0,0,0,0,2026/04/02 18:44:24
翌日,20260402,更新後,西播東岡山線・山崎智頭線,2026/04/03,22:00,順方向,7709.426,-3500.278,0,390.852,4600,電圧,0,0,0,0,0,2026/04/02 18:44:24
翌日,20260402,更新後,西播東岡山線・山崎智頭線,2026/04/03,22:00,逆方向,-409.69,-4090.31,0,0.0,-4500,電圧,0,0,0,0,0,2026/04/02 18:44:24
翌日,20260402,更新後,西播東岡山線・山崎智頭線,2026/04/03,22:30,順方向,7616.413,-3397.242,0,380.829,4600,電圧,0,0,0,0,0,2026/04/02 18:44:24
翌日,20260402,更新後,西播東岡山線・山崎智頭線,2026/04/03,22:30,逆方向,-515.292,-3984.708,0,0.0,-4500,電圧,0,0,0,0,0,2026/04/02 18:44:24
翌日,20260402,更新後,西播東岡山線・山崎智頭線,2026/04/03,23:00,順方向,7182.892,-2982.8,0,399.908,4600,電圧,0,0,0,0,0,2026/04/02 18:44:24
翌日,20260402,更新後,西播東岡山線・山崎智頭線,2026/04/03,23:00,逆方向,-913.046,-3586.954,0,0.0,-4500,電圧,0,0,0,0,0,2026/04/02 18:44:24
翌日,20260402,更新後,西播東岡山線・山崎智頭線,2026/04/03,23:30,順方向,7190.175,-2953.592,0,363.417,4600,電圧,0,0,0,0,0,2026/04/02 18:44:24
翌日,20260402,更新後,西播東岡山線・山崎智頭線,2026/04/03,23:30,逆方向,-907.206,-3592.794,0,0.0,-4500,電圧,0,0,0,0,0,2026/04/02 18:44:24
翌日,20260402,更新後,西播東岡山線・山崎智頭線,2026/04/03,24:00,順方向,6702.494,-2443.484,0,340.99,4600,電圧,0,0,0,0,0,2026/04/02 18:44:24
翌日,20260402,更新後,西播東岡山線・山崎智頭線,2026/04/03,24:00,逆方向,-1432.05,-3066.95,0,-1.0,-4500,電圧,0,0,0,0,0,2026/04/02 18:44:24
翌日,20260402,更新後,阿南紀北直流幹線,2026/04/03,00:30,順方向,620.0,-620.0,0,0.0,0,安定度,0,0,0,0,0,2026/04/02 18:44:24
翌日,20260402,更新後,阿南紀北直流幹線,2026/04/03,00:30,逆方向,0.0,-620.0,0,0.0,-620,熱容量,0,0,0,0,0,2026/04/02 18:44:24
翌日,20260402,更新後,阿南紀北直流幹線,2026/04/03,01:00,順方向,620.0,-620.0,0,0.0,0,安定度,0,0,0,0,0,2026/04/02 18:44:24
翌日,20260402,更新後,阿南紀北直流幹線,2026/04/03,01:00,逆方向,0.0,-620.0,0,0.0,-620,熱容量,0,0,0,0,0,2026/04/02 18:44:24
翌日,20260402,更新後,阿南紀北直流幹線,2026/04/03,01:30,順方向,620.0,-620.0,0,0.0,0,安定度,0,0,0,0,0,2026/04/02 18:44:24
翌日,20260402,更新後,阿南紀北直流幹線,2026/04/03,01:30,逆方向,0.0,-620.0,0,0.0,-620,熱容量,0,0,0,0,0,2026/04/02 18:44:24
翌日,20260402,更新後,阿南紀北直流幹線,2026/04/03,02:00,順方向,620.0,-620.0,0,0.0,0,安定度,0,0,0,0,0,2026/04/02 18:44:24
翌日,20260402,更新後,阿南紀北直流幹線,2026/04/03,02:00,逆方向,0.0,-620.0,0,0.0,-620,熱容量,0,0,0,0,0,2026/04/02 18:44:24
翌日,20260402,更新後,阿南紀北直流幹線,2026/04/03,02:30,順方向,620.0,-620.0,0,0.0,0,安定度,0,0,0,0,0,2026/04/02 18:44:24
翌日,20260402,更新後,阿南紀北直流幹線,2026/04/03,02:30,逆方向,0.0,-620.0,0,0.0,-620,熱容量,0,0,0,0,0,2026/04/02 18:44:24
翌日,20260402,更新後,阿南紀北直流幹線,2026/04/03,03:00,順方向,620.0,-620.0,0,0.0,0,安定度,0,0,0,0,0,2026/04/02 18:44:24
翌日,20260402,更新後,阿南紀北直流幹線,2026/04/03,03:00,逆方向,0.0,-620.0,0,0.0,-620,熱容量,0,0,0,0,0,2026/04/02 18:44:24
翌日,20260402,更新後,阿南紀北直流幹線,2026/04/03,03:30,順方向,620.0,-620.0,0,0.0,0,安定度,0,0,0,0,0,2026/04/02 18:44:24
翌日,20260402,更新後,阿南紀北直流幹線,2026/04/03,03:30,逆方向,0.0,-620.0,0,0.0,-620,熱容量,0,0,0,0,0,2026/04/02 18:44:24
翌日,20260402,更新後,阿南紀北直流幹線,2026/04/03,04:00,順方向,620.0,-620.0,0,0.0,0,安定度,0,0,0,0,0,2026/04/02 18:44:24
翌日,20260402,更新後,阿南紀北直流幹線,2026/04/03,04:00,逆方向,0.0,-620.0,0,0.0,-620,熱容量,0,0,0,0,0,2026/04/02 18:44:24
翌日,20260402,更新後,阿南紀北直流幹線,2026/04/03,04:30,順方向,620.0,-620.0,0,0.0,0,安定度,0,0,0,0,0,2026/04/02 18:44:24
翌日,20260402,更新後,阿南紀北直流幹線,2026/04/03,04:30,逆方向,0.0,-620.0,0,0.0,-620,熱容量,0,0,0,0,0,2026/04/02 18:44:24
翌日,20260402,更新後,阿南紀北直流幹線,2026/04/03,05:00,順方向,620.0,-620.0,0,0.0,0,安定度,0,0,0,0,0,2026/04/02 18:44:24
翌日,20260402,更新後,阿南紀北直流幹線,2026/04/03,05:00,逆方向,0.0,-620.0,0,0.0,-620,熱容量,0,0,0,0,0,2026/04/02 18:44:24
翌日,20260402,更新後,阿南紀北直流幹線,2026/04/03,05:30,順方向,620.0,-620.0,0,0.0,0,安定度,0,0,0,0,0,2026/04/02 18:44:24
翌日,20260402,更新後,阿南紀北直流幹線,2026/04/03,05:30,逆方向,0.0,-620.0,0,0.0,-620,熱容量,0,0,0,0,0,2026/04/02 18:44:24
翌日,20260402,更新後,阿南紀北直流幹線,2026/04/03,06:00,順方向,620.0,-620.0,0,0.0,0,安定度,0,0,0,0,0,2026/04/02 18:44:24
翌日,20260402,更新後,阿南紀北直流幹線,2026/04/03,06:00,逆方向,0.0,-620.0,0,0.0,-620,熱容量,0,0,0,0,0,2026/04/02 18:44:24
翌日,20260402,更新後,阿南紀北直流幹線,2026/04/03,06:30,順方向,620.0,-620.0,0,0.0,0,安定度,0,0,0,0,0,2026/04/02 18:44:24
翌日,20260402,更新後,阿南紀北直流幹線,2026/04/03,06:30,逆方向,0.0,-620.0,0,0.0,-620,熱容量,0,0,0,0,0,2026/04/02 18:44:24
翌日,20260402,更新後,阿南紀北直流幹線,2026/04/03,07:00,順方向,620.0,-620.0,0,0.0,0,安定度,0,0,0,0,0,2026/04/02 18:44:24
翌日,20260402,更新後,阿南紀北直流幹線,2026/04/03,07:00,逆方向,0.0,-620.0,0,0.0,-620,熱容量,0,0,0,0,0,2026/04/02 18:44:24
翌日,20260402,更新後,阿南紀北直流幹線,2026/04/03,07:30,順方向,620.0,-620.0,0,0.0,0,安定度,0,0,0,0,0,2026/04/02 18:44:24
翌日,20260402,更新後,阿南紀北直流幹線,2026/04/03,07:30,逆方向,0.0,-620.0,0,0.0,-620,熱容量,0,0,0,0,0,2026/04/02 18:44:24
翌日,20260402,更新後,阿南紀北直流幹線,2026/04/03,08:00,順方向,620.0,-620.0,0,0.0,0,安定度,0,0,0,0,0,2026/04/02 18:44:24
翌日,20260402,更新後,阿南紀北直流幹線,2026/04/03,08:00,逆方向,0.0,-620.0,0,0.0,-620,熱容量,0,0,0,0,0,2026/04/02 18:44:24
翌日,20260402,更新後,阿南紀北直流幹線,2026/04/03,08:30,順方向,620.0,-620.0,0,0.0,0,安定度,0,0,0,0,0,2026/04/02 18:44:24
翌日,20260402,更新後,阿南紀北直流幹線,2026/04/03,08:30,逆方向,0.0,-620.0,0,0.0,-620,熱容量,0,0,0,0,0,2026/04/02 18:44:24
翌日,20260402,更新後,阿南紀北直流幹線,2026/04/03,09:00,順方向,620.0,-620.0,0,0.0,0,安定度,0,0,0,0,0,2026/04/02 18:44:24
翌日,20260402,更新後,阿南紀北直流幹線,2026/04/03,09:00,逆方向,0.0,-620.0,0,0.0,-620,熱容量,0,0,0,0,0,2026/04/02 18:44:24
翌日,20260402,更新後,阿南紀北直流幹線,2026/04/03,09:30,順方向,620.0,-620.0,0,0.0,0,安定度,0,0,0,0,0,2026/04/02 18:44:24
翌日,20260402,更新後,阿南紀北直流幹線,2026/04/03,09:30,逆方向,0.0,-620.0,0,0.0,-620,熱容量,0,0,0,0,0,2026/04/02 18:44:24
翌日,20260402,更新後,阿南紀北直流幹線,2026/04/03,10:00,順方向,620.0,-620.0,0,0.0,0,安定度,0,0,0,0,0,2026/04/02 18:44:24
翌日,20260402,更新後,阿南紀北直流幹線,2026/04/03,10:00,逆方向,0.0,-620.0,0,0.0,-620,熱容量,0,0,0,0,0,2026/04/02 18:44:24
翌日,20260402,更新後,阿南紀北直流幹線,2026/04/03,10:30,順方向,620.0,-620.0,0,0.0,0,安定度,0,0,0,0,0,2026/04/02 18:44:24
翌日,20260402,更新後,阿南紀北直流幹線,2026/04/03,10:30,逆方向,0.0,-620.0,0,0.0,-620,熱容量,0,0,0,0,0,2026/04/02 18:44:24
翌日,20260402,更新後,阿南紀北直流幹線,2026/04/03,11:00,順方向,620.0,-620.0,0,0.0,0,安定度,0,0,0,0,0,2026/04/02 18:44:24
翌日,20260402,更新後,阿南紀北直流幹線,2026/04/03,11:00,逆方向,0.0,-620.0,0,0.0,-620,熱容量,0,0,0,0,0,2026/04/02 18:44:24
翌日,20260402,更新後,阿南紀北直流幹線,2026/04/03,11:30,順方向,620.0,-620.0,0,0.0,0,安定度,0,0,0,0,0,2026/04/02 18:44:24
翌日,20260402,更新後,阿南紀北直流幹線,2026/04/03,11:30,逆方向,0.0,-620.0,0,0.0,-620,熱容量,0,0,0,0,0,2026/04/02 18:44:24
翌日,20260402,更新後,阿南紀北直流幹線,2026/04/03,12:00,順方向,620.0,-620.0,0,0.0,0,安定度,0,0,0,0,0,2026/04/02 18:44:24
翌日,20260402,更新後,阿南紀北直流幹線,2026/04/03,12:00,逆方向,0.0,-620.0,0,0.0,-620,熱容量,0,0,0,0,0,2026/04/02 18:44:24
翌日,20260402,更新後,阿南紀北直流幹線,2026/04/03,12:30,順方向,620.0,-620.0,0,0.0,0,安定度,0,0,0,0,0,2026/04/02 18:44:24
翌日,20260402,更新後,阿南紀北直流幹線,2026/04/03,12:30,逆方向,0.0,-620.0,0,0.0,-620,熱容量,0,0,0,0,0,2026/04/02 18:44:24
翌日,20260402,更新後,阿南紀北直流幹線,2026/04/03,13:00,順方向,620.0,-620.0,0,0.0,0,安定度,0,0,0,0,0,2026/04/02 18:44:24
翌日,20260402,更新後,阿南紀北直流幹線,2026/04/03,13:00,逆方向,0.0,-620.0,0,0.0,-620,熱容量,0,0,0,0,0,2026/04/02 18:44:24
翌日,20260402,更新後,阿南紀北直流幹線,2026/04/03,13:30,順方向,620.0,-620.0,0,0.0,0,安定度,0,0,0,0,0,2026/04/02 18:44:24
翌日,20260402,更新後,阿南紀北直流幹線,2026/04/03,13:30,逆方向,0.0,-620.0,0,0.0,-620,熱容量,0,0,0,0,0,2026/04/02 18:44:24
翌日,20260402,更新後,阿南紀北直流幹線,2026/04/03,14:00,順方向,620.0,-620.0,0,0.0,0,安定度,0,0,0,0,0,2026/04/02 18:44:24
翌日,20260402,更新後,阿南紀北直流幹線,2026/04/03,14:00,逆方向,0.0,-620.0,0,0.0,-620,熱容量,0,0,0,0,0,2026/04/02 18:44:24
翌日,20260402,更新後,阿南紀北直流幹線,2026/04/03,14:30,順方向,620.0,-620.0,0,0.0,0,安定度,0,0,0,0,0,2026/04/02 18:44:24
翌日,20260402,更新後,阿南紀北直流幹線,2026/04/03,14:30,逆方向,0.0,-620.0,0,0.0,-620,熱容量,0,0,0,0,0,2026/04/02 18:44:24
翌日,20260402,更新後,阿南紀北直流幹線,2026/04/03,15:00,順方向,620.0,-620.0,0,0.0,0,安定度,0,0,0,0,0,2026/04/02 18:44:24
翌日,20260402,更新後,阿南紀北直流幹線,2026/04/03,15:00,逆方向,0.0,-620.0,0,0.0,-620,熱容量,0,0,0,0,0,2026/04/02 18:44:24
翌日,20260402,更新後,阿南紀北直流幹線,2026/04/03,15:30,順方向,620.0,-620.0,0,0.0,0,安定度,0,0,0,0,0,2026/04/02 18:44:24
翌日,20260402,更新後,阿南紀北直流幹線,2026/04/03,15:30,逆方向,0.0,-620.0,0,0.0,-620,熱容量,0,0,0,0,0,2026/04/02 18:44:24
翌日,20260402,更新後,阿南紀北直流幹線,2026/04/03,16:00,順方向,620.0,-620.0,0,0.0,0,安定度,0,0,0,0,0,2026/04/02 18:44:24
翌日,20260402,更新後,阿南紀北直流幹線,2026/04/03,16:00,逆方向,0.0,-620.0,0,0.0,-620,熱容量,0,0,0,0,0,2026/04/02 18:44:24
翌日,20260402,更新後,阿南紀北直流幹線,2026/04/03,16:30,順方向,620.0,-620.0,0,0.0,0,安定度,0,0,0,0,0,2026/04/02 18:44:24
翌日,20260402,更新後,阿南紀北直流幹線,2026/04/03,16:30,逆方向,0.0,-620.0,0,0.0,-620,熱容量,0,0,0,0,0,2026/04/02 18:44:24
翌日,20260402,更新後,阿南紀北直流幹線,2026/04/03,17:00,順方向,620.0,-620.0,0,0.0,0,安定度,0,0,0,0,0,2026/04/02 18:44:24
翌日,20260402,更新後,阿南紀北直流幹線,2026/04/03,17:00,逆方向,0.0,-620.0,0,0.0,-620,熱容量,0,0,0,0,0,2026/04/02 18:44:24
翌日,20260402,更新後,阿南紀北直流幹線,2026/04/03,17:30,順方向,620.0,-620.0,0,0.0,0,安定度,0,0,0,0,0,2026/04/02 18:44:24
翌日,20260402,更新後,阿南紀北直流幹線,2026/04/03,17:30,逆方向,0.0,-620.0,0,0.0,-620,熱容量,0,0,0,0,0,2026/04/02 18:44:24
翌日,20260402,更新後,阿南紀北直流幹線,2026/04/03,18:00,順方向,620.0,-620.0,0,0.0,0,安定度,0,0,0,0,0,2026/04/02 18:44:24
翌日,20260402,更新後,阿南紀北直流幹線,2026/04/03,18:00,逆方向,0.0,-620.0,0,0.0,-620,熱容量,0,0,0,0,0,2026/04/02 18:44:24
翌日,20260402,更新後,阿南紀北直流幹線,2026/04/03,18:30,順方向,620.0,-620.0,0,0.0,0,安定度,0,0,0,0,0,2026/04/02 18:44:24
翌日,20260402,更新後,阿南紀北直流幹線,2026/04/03,18:30,逆方向,0.0,-620.0,0,0.0,-620,熱容量,0,0,0,0,0,2026/04/02 18:44:24
翌日,20260402,更新後,阿南紀北直流幹線,2026/04/03,19:00,順方向,620.0,-620.0,0,0.0,0,安定度,0,0,0,0,0,2026/04/02 18:44:24
翌日,20260402,更新後,阿南紀北直流幹線,2026/04/03,19:00,逆方向,0.0,-620.0,0,0.0,-620,熱容量,0,0,0,0,0,2026/04/02 18:44:24
翌日,20260402,更新後,阿南紀北直流幹線,2026/04/03,19:30,順方向,620.0,-620.0,0,0.0,0,安定度,0,0,0,0,0,2026/04/02 18:44:24
翌日,20260402,更新後,阿南紀北直流幹線,2026/04/03,19:30,逆方向,0.0,-620.0,0,0.0,-620,熱容量,0,0,0,0,0,2026/04/02 18:44:24
翌日,20260402,更新後,阿南紀北直流幹線,2026/04/03,20:00,順方向,620.0,-620.0,0,0.0,0,安定度,0,0,0,0,0,2026/04/02 18:44:24
翌日,20260402,更新後,阿南紀北直流幹線,2026/04/03,20:00,逆方向,0.0,-620.0,0,0.0,-620,熱容量,0,0,0,0,0,2026/04/02 18:44:24
翌日,20260402,更新後,阿南紀北直流幹線,2026/04/03,20:30,順方向,620.0,-620.0,0,0.0,0,安定度,0,0,0,0,0,2026/04/02 18:44:24
翌日,20260402,更新後,阿南紀北直流幹線,2026/04/03,20:30,逆方向,0.0,-620.0,0,0.0,-620,熱容量,0,0,0,0,0,2026/04/02 18:44:24
翌日,20260402,更新後,阿南紀北直流幹線,2026/04/03,21:00,順方向,620.0,-620.0,0,0.0,0,安定度,0,0,0,0,0,2026/04/02 18:44:24
翌日,20260402,更新後,阿南紀北直流幹線,2026/04/03,21:00,逆方向,0.0,-620.0,0,0.0,-620,熱容量,0,0,0,0,0,2026/04/02 18:44:24
翌日,20260402,更新後,阿南紀北直流幹線,2026/04/03,21:30,順方向,620.0,-620.0,0,0.0,0,安定度,0,0,0,0,0,2026/04/02 18:44:24
翌日,20260402,更新後,阿南紀北直流幹線,2026/04/03,21:30,逆方向,0.0,-620.0,0,0.0,-620,熱容量,0,0,0,0,0,2026/04/02 18:44:24
翌日,20260402,更新後,阿南紀北直流幹線,2026/04/03,22:00,順方向,620.0,-620.0,0,0.0,0,安定度,0,0,0,0,0,2026/04/02 18:44:24
翌日,20260402,更新後,阿南紀北直流幹線,2026/04/03,22:00,逆方向,0.0,-620.0,0,0.0,-620,熱容量,0,0,0,0,0,2026/04/02 18:44:24
翌日,20260402,更新後,阿南紀北直流幹線,2026/04/03,22:30,順方向,620.0,-620.0,0,0.0,0,安定度,0,0,0,0,0,2026/04/02 18:44:24
翌日,20260402,更新後,阿南紀北直流幹線,2026/04/03,22:30,逆方向,0.0,-620.0,0,0.0,-620,熱容量,0,0,0,0,0,2026/04/02 18:44:24
翌日,20260402,更新後,阿南紀北直流幹線,2026/04/03,23:00,順方向,620.0,-620.0,0,0.0,0,安定度,0,0,0,0,0,2026/04/02 18:44:24
翌日,20260402,更新後,阿南紀北直流幹線,2026/04/03,23:00,逆方向,0.0,-620.0,0,0.0,-620,熱容量,0,0,0,0,0,2026/04/02 18:44:24
翌日,20260402,更新後,阿南紀北直流幹線,2026/04/03,23:30,順方向,620.0,-620.0,0,0.0,0,安定度,0,0,0,0,0,2026/04/02 18:44:24
翌日,20260402,更新後,阿南紀北直流幹線,2026/04/03,23:30,逆方向,0.0,-620.0,0,0.0,-620,熱容量,0,0,0,0,0,2026/04/02 18:44:24
翌日,20260402,更新後,阿南紀北直流幹線,2026/04/03,24:00,順方向,620.0,-620.0,0,0.0,0,安定度,0,0,0,0,0,2026/04/02 18:44:24
翌日,20260402,更新後,阿南紀北直流幹線,2026/04/03,24:00,逆方向,0.0,-620.0,0,0.0,-620,熱容量,0,0,0,0,0,2026/04/02 18:44:24
翌日,20260402,更新後,本四連系線,2026/04/03,00:30,順方向,2400.0,-1200.0,0,0.0,1200,熱容量（作業）,0,0,0,0,0,2026/04/02 18:44:24
翌日,20260402,更新後,本四連系線,2026/04/03,00:30,逆方向,0.0,-1200.0,0,0.0,-1200,熱容量（作業）,0,0,0,0,0,2026/04/02 18:44:24
翌日,20260402,更新後,本四連系線,2026/04/03,01:00,順方向,2400.0,-1200.0,0,0.0,1200,熱容量（作業）,0,0,0,0,0,2026/04/02 18:44:24
翌日,20260402,更新後,本四連系線,2026/04/03,01:00,逆方向,0.0,-1200.0,0,0.0,-1200,熱容量（作業）,0,0,0,0,0,2026/04/02 18:44:24
翌日,20260402,更新後,本四連系線,2026/04/03,01:30,順方向,2400.0,-1200.0,0,0.0,1200,熱容量（作業）,0,0,0,0,0,2026/04/02 18:44:24
翌日,20260402,更新後,本四連系線,2026/04/03,01:30,逆方向,0.0,-1200.0,0,0.0,-1200,熱容量（作業）,0,0,0,0,0,2026/04/02 18:44:24
翌日,20260402,更新後,本四連系線,2026/04/03,02:00,順方向,2400.0,-1200.0,0,0.0,1200,熱容量（作業）,0,0,0,0,0,2026/04/02 18:44:24
翌日,20260402,更新後,本四連系線,2026/04/03,02:00,逆方向,0.0,-1200.0,0,0.0,-1200,熱容量（作業）,0,0,0,0,0,2026/04/02 18:44:24
翌日,20260402,更新後,本四連系線,2026/04/03,02:30,順方向,2400.0,-1200.0,0,0.0,1200,熱容量（作業）,0,0,0,0,0,2026/04/02 18:44:24
翌日,20260402,更新後,本四連系線,2026/04/03,02:30,逆方向,0.0,-1200.0,0,0.0,-1200,熱容量（作業）,0,0,0,0,0,2026/04/02 18:44:24
翌日,20260402,更新後,本四連系線,2026/04/03,03:00,順方向,2400.0,-1200.0,0,0.0,1200,熱容量（作業）,0,0,0,0,0,2026/04/02 18:44:24
翌日,20260402,更新後,本四連系線,2026/04/03,03:00,逆方向,0.0,-1200.0,0,0.0,-1200,熱容量（作業）,0,0,0,0,0,2026/04/02 18:44:24
翌日,20260402,更新後,本四連系線,2026/04/03,03:30,順方向,2400.0,-1200.0,0,0.0,1200,熱容量（作業）,0,0,0,0,0,2026/04/02 18:44:24
翌日,20260402,更新後,本四連系線,2026/04/03,03:30,逆方向,0.0,-1200.0,0,0.0,-1200,熱容量（作業）,0,0,0,0,0,2026/04/02 18:44:24
翌日,20260402,更新後,本四連系線,2026/04/03,04:00,順方向,2400.0,-1200.0,0,0.0,1200,熱容量（作業）,0,0,0,0,0,2026/04/02 18:44:24
翌日,20260402,更新後,本四連系線,2026/04/03,04:00,逆方向,0.0,-1200.0,0,0.0,-1200,熱容量（作業）,0,0,0,0,0,2026/04/02 18:44:24
翌日,20260402,更新後,本四連系線,2026/04/03,04:30,順方向,2400.0,-1200.0,0,0.0,1200,熱容量（作業）,0,0,0,0,0,2026/04/02 18:44:24
翌日,20260402,更新後,本四連系線,2026/04/03,04:30,逆方向,0.0,-1200.0,0,0.0,-1200,熱容量（作業）,0,0,0,0,0,2026/04/02 18:44:24
翌日,20260402,更新後,本四連系線,2026/04/03,05:00,順方向,2400.0,-1200.0,0,0.0,1200,熱容量（作業）,0,0,0,0,0,2026/04/02 18:44:24
翌日,20260402,更新後,本四連系線,2026/04/03,05:00,逆方向,0.0,-1200.0,0,0.0,-1200,熱容量（作業）,0,0,0,0,0,2026/04/02 18:44:24
翌日,20260402,更新後,本四連系線,2026/04/03,05:30,順方向,2400.0,-1200.0,0,0.0,1200,熱容量（作業）,0,0,0,0,0,2026/04/02 18:44:24
翌日,20260402,更新後,本四連系線,2026/04/03,05:30,逆方向,0.0,-1200.0,0,0.0,-1200,熱容量（作業）,0,0,0,0,0,2026/04/02 18:44:24
翌日,20260402,更新後,本四連系線,2026/04/03,06:00,順方向,2400.0,-1200.0,0,0.0,1200,熱容量（作業）,0,0,0,0,0,2026/04/02 18:44:24
翌日,20260402,更新後,本四連系線,2026/04/03,06:00,逆方向,0.0,-1200.0,0,0.0,-1200,熱容量（作業）,0,0,0,0,0,2026/04/02 18:44:24
翌日,20260402,更新後,本四連系線,2026/04/03,06:30,順方向,2400.0,-1200.0,0,0.0,1200,熱容量（作業）,0,0,0,0,0,2026/04/02 18:44:24
翌日,20260402,更新後,本四連系線,2026/04/03,06:30,逆方向,0.0,-1200.0,0,0.0,-1200,熱容量（作業）,0,0,0,0,0,2026/04/02 18:44:24
翌日,20260402,更新後,本四連系線,2026/04/03,07:00,順方向,2400.0,-1200.0,0,0.0,1200,熱容量（作業）,0,0,0,0,0,2026/04/02 18:44:24
翌日,20260402,更新後,本四連系線,2026/04/03,07:00,逆方向,0.0,-1200.0,0,0.0,-1200,熱容量（作業）,0,0,0,0,0,2026/04/02 18:44:24
翌日,20260402,更新後,本四連系線,2026/04/03,07:30,順方向,2400.0,-1200.0,0,0.0,1200,熱容量（作業）,0,0,0,0,0,2026/04/02 18:44:24
翌日,20260402,更新後,本四連系線,2026/04/03,07:30,逆方向,0.0,-1200.0,0,0.0,-1200,熱容量（作業）,0,0,0,0,0,2026/04/02 18:44:24
翌日,20260402,更新後,本四連系線,2026/04/03,08:00,順方向,2400.0,-1200.0,0,0.0,1200,熱容量（作業）,0,0,0,0,0,2026/04/02 18:44:24
翌日,20260402,更新後,本四連系線,2026/04/03,08:00,逆方向,0.0,-1200.0,0,0.0,-1200,熱容量（作業）,0,0,0,0,0,2026/04/02 18:44:24
翌日,20260402,更新後,本四連系線,2026/04/03,08:30,順方向,2400.0,-1200.0,0,0.0,1200,熱容量（作業）,0,0,0,0,0,2026/04/02 18:44:24
翌日,20260402,更新後,本四連系線,2026/04/03,08:30,逆方向,0.0,-1200.0,0,0.0,-1200,熱容量（作業）,0,0,0,0,0,2026/04/02 18:44:24
翌日,20260402,更新後,本四連系線,2026/04/03,09:00,順方向,2400.0,-1200.0,0,0.0,1200,熱容量（作業）,0,0,0,0,0,2026/04/02 18:44:24
翌日,20260402,更新後,本四連系線,2026/04/03,09:00,逆方向,0.0,-1200.0,0,0.0,-1200,熱容量（作業）,0,0,0,0,0,2026/04/02 18:44:24
翌日,20260402,更新後,本四連系線,2026/04/03,09:30,順方向,2400.0,-1200.0,0,0.0,1200,熱容量（作業）,0,0,0,0,0,2026/04/02 18:44:24
翌日,20260402,更新後,本四連系線,2026/04/03,09:30,逆方向,0.0,-1200.0,0,0.0,-1200,熱容量（作業）,0,0,0,0,0,2026/04/02 18:44:24
翌日,20260402,更新後,本四連系線,2026/04/03,10:00,順方向,2400.0,-1200.0,0,0.0,1200,熱容量（作業）,0,0,0,0,0,2026/04/02 18:44:24
翌日,20260402,更新後,本四連系線,2026/04/03,10:00,逆方向,0.0,-1200.0,0,0.0,-1200,熱容量（作業）,0,0,0,0,0,2026/04/02 18:44:24
翌日,20260402,更新後,本四連系線,2026/04/03,10:30,順方向,2400.0,-1200.0,0,0.0,1200,熱容量（作業）,0,0,0,0,0,2026/04/02 18:44:24
翌日,20260402,更新後,本四連系線,2026/04/03,10:30,逆方向,0.0,-1200.0,0,0.0,-1200,熱容量（作業）,0,0,0,0,0,2026/04/02 18:44:24
翌日,20260402,更新後,本四連系線,2026/04/03,11:00,順方向,2400.0,-1200.0,0,0.0,1200,熱容量（作業）,0,0,0,0,0,2026/04/02 18:44:24
翌日,20260402,更新後,本四連系線,2026/04/03,11:00,逆方向,0.0,-1200.0,0,0.0,-1200,熱容量（作業）,0,0,0,0,0,2026/04/02 18:44:24
翌日,20260402,更新後,本四連系線,2026/04/03,11:30,順方向,2394.0,-1194.0,0,0.0,1200,熱容量（作業）,0,0,0,0,0,2026/04/02 18:44:24
翌日,20260402,更新後,本四連系線,2026/04/03,11:30,逆方向,-6.0,-1194.0,0,0.0,-1200,熱容量（作業）,0,0,0,0,0,2026/04/02 18:44:24
翌日,20260402,更新後,本四連系線,2026/04/03,12:00,順方向,2400.0,-1200.0,0,0.0,1200,熱容量（作業）,0,0,0,0,0,2026/04/02 18:44:24
翌日,20260402,更新後,本四連系線,2026/04/03,12:00,逆方向,0.0,-1200.0,0,0.0,-1200,熱容量（作業）,0,0,0,0,0,2026/04/02 18:44:24
翌日,20260402,更新後,本四連系線,2026/04/03,12:30,順方向,2400.0,-1200.0,0,0.0,1200,熱容量（作業）,0,0,0,0,0,2026/04/02 18:44:24
翌日,20260402,更新後,本四連系線,2026/04/03,12:30,逆方向,0.0,-1200.0,0,0.0,-1200,熱容量（作業）,0,0,0,0,0,2026/04/02 18:44:24
翌日,20260402,更新後,本四連系線,2026/04/03,13:00,順方向,2400.0,-1200.0,0,0.0,1200,熱容量（作業）,0,0,0,0,0,2026/04/02 18:44:24
翌日,20260402,更新後,本四連系線,2026/04/03,13:00,逆方向,0.0,-1200.0,0,0.0,-1200,熱容量（作業）,0,0,0,0,0,2026/04/02 18:44:24
翌日,20260402,更新後,本四連系線,2026/04/03,13:30,順方向,2400.0,-1200.0,0,0.0,1200,熱容量（作業）,0,0,0,0,0,2026/04/02 18:44:24
翌日,20260402,更新後,本四連系線,2026/04/03,13:30,逆方向,0.0,-1200.0,0,0.0,-1200,熱容量（作業）,0,0,0,0,0,2026/04/02 18:44:24
翌日,20260402,更新後,本四連系線,2026/04/03,14:00,順方向,2400.0,-1200.0,0,0.0,1200,熱容量（作業）,0,0,0,0,0,2026/04/02 18:44:24
翌日,20260402,更新後,本四連系線,2026/04/03,14:00,逆方向,0.0,-1200.0,0,0.0,-1200,熱容量（作業）,0,0,0,0,0,2026/04/02 18:44:24
翌日,20260402,更新後,本四連系線,2026/04/03,14:30,順方向,2400.0,-1200.0,0,0.0,1200,熱容量（作業）,0,0,0,0,0,2026/04/02 18:44:24
翌日,20260402,更新後,本四連系線,2026/04/03,14:30,逆方向,0.0,-1200.0,0,0.0,-1200,熱容量（作業）,0,0,0,0,0,2026/04/02 18:44:24
翌日,20260402,更新後,本四連系線,2026/04/03,15:00,順方向,2400.0,-1200.0,0,0.0,1200,熱容量（作業）,0,0,0,0,0,2026/04/02 18:44:24
翌日,20260402,更新後,本四連系線,2026/04/03,15:00,逆方向,0.0,-1200.0,0,0.0,-1200,熱容量（作業）,0,0,0,0,0,2026/04/02 18:44:24
翌日,20260402,更新後,本四連系線,2026/04/03,15:30,順方向,2400.0,-1200.0,0,0.0,1200,熱容量（作業）,0,0,0,0,0,2026/04/02 18:44:24
翌日,20260402,更新後,本四連系線,2026/04/03,15:30,逆方向,0.0,-1200.0,0,0.0,-1200,熱容量（作業）,0,0,0,0,0,2026/04/02 18:44:24
翌日,20260402,更新後,本四連系線,2026/04/03,16:00,順方向,2400.0,-1200.0,0,0.0,1200,熱容量（作業）,0,0,0,0,0,2026/04/02 18:44:24
翌日,20260402,更新後,本四連系線,2026/04/03,16:00,逆方向,0.0,-1200.0,0,0.0,-1200,熱容量（作業）,0,0,0,0,0,2026/04/02 18:44:24
翌日,20260402,更新後,本四連系線,2026/04/03,16:30,順方向,2400.0,-1200.0,0,0.0,1200,熱容量（作業）,0,0,0,0,0,2026/04/02 18:44:24
翌日,20260402,更新後,本四連系線,2026/04/03,16:30,逆方向,0.0,-1200.0,0,0.0,-1200,熱容量（作業）,0,0,0,0,0,2026/04/02 18:44:24
翌日,20260402,更新後,本四連系線,2026/04/03,17:00,順方向,2400.0,-1200.0,0,0.0,1200,熱容量（作業）,0,0,0,0,0,2026/04/02 18:44:24
翌日,20260402,更新後,本四連系線,2026/04/03,17:00,逆方向,0.0,-1200.0,0,0.0,-1200,熱容量（作業）,0,0,0,0,0,2026/04/02 18:44:24
翌日,20260402,更新後,本四連系線,2026/04/03,17:30,順方向,2400.0,-1200.0,0,0.0,1200,熱容量（作業）,0,0,0,0,0,2026/04/02 18:44:24
翌日,20260402,更新後,本四連系線,2026/04/03,17:30,逆方向,0.0,-1200.0,0,0.0,-1200,熱容量（作業）,0,0,0,0,0,2026/04/02 18:44:24
翌日,20260402,更新後,本四連系線,2026/04/03,18:00,順方向,2400.0,-1200.0,0,0.0,1200,熱容量（作業）,0,0,0,0,0,2026/04/02 18:44:24
翌日,20260402,更新後,本四連系線,2026/04/03,18:00,逆方向,0.0,-1200.0,0,0.0,-1200,熱容量（作業）,0,0,0,0,0,2026/04/02 18:44:24
翌日,20260402,更新後,本四連系線,2026/04/03,18:30,順方向,2383.633,-1200.0,0,16.367,1200,熱容量（作業）,0,0,0,0,0,2026/04/02 18:44:24
翌日,20260402,更新後,本四連系線,2026/04/03,18:30,逆方向,0.0,-1200.0,0,0.0,-1200,熱容量（作業）,0,0,0,0,0,2026/04/02 18:44:24
翌日,20260402,更新後,本四連系線,2026/04/03,19:00,順方向,2400.0,-1200.0,0,0.0,1200,熱容量（作業）,0,0,0,0,0,2026/04/02 18:44:24
翌日,20260402,更新後,本四連系線,2026/04/03,19:00,逆方向,0.0,-1200.0,0,0.0,-1200,熱容量（作業）,0,0,0,0,0,2026/04/02 18:44:24
翌日,20260402,更新後,本四連系線,2026/04/03,19:30,順方向,2352.925,-1200.0,0,47.075,1200,熱容量（作業）,0,0,0,0,0,2026/04/02 18:44:24
翌日,20260402,更新後,本四連系線,2026/04/03,19:30,逆方向,0.0,-1200.0,0,0.0,-1200,熱容量（作業）,0,0,0,0,0,2026/04/02 18:44:24
翌日,20260402,更新後,本四連系線,2026/04/03,20:00,順方向,2343.0,-1200.0,0,57.0,1200,熱容量（作業）,0,0,0,0,0,2026/04/02 18:44:24
翌日,20260402,更新後,本四連系線,2026/04/03,20:00,逆方向,0.0,-1200.0,0,0.0,-1200,熱容量（作業）,0,0,0,0,0,2026/04/02 18:44:24
翌日,20260402,更新後,本四連系線,2026/04/03,20:30,順方向,2398.0,-1200.0,0,2.0,1200,熱容量（作業）,0,0,0,0,0,2026/04/02 18:44:24
翌日,20260402,更新後,本四連系線,2026/04/03,20:30,逆方向,0.0,-1200.0,0,0.0,-1200,熱容量（作業）,0,0,0,0,0,2026/04/02 18:44:24
翌日,20260402,更新後,本四連系線,2026/04/03,21:00,順方向,2342.0,-1200.0,0,58.0,1200,熱容量（作業）,0,0,0,0,0,2026/04/02 18:44:24
翌日,20260402,更新後,本四連系線,2026/04/03,21:00,逆方向,0.0,-1200.0,0,0.0,-1200,熱容量（作業）,0,0,0,0,0,2026/04/02 18:44:24
翌日,20260402,更新後,本四連系線,2026/04/03,21:30,順方向,2345.0,-1200.0,0,55.0,1200,熱容量（作業）,0,0,0,0,0,2026/04/02 18:44:24
翌日,20260402,更新後,本四連系線,2026/04/03,21:30,逆方向,0.0,-1200.0,0,0.0,-1200,熱容量（作業）,0,0,0,0,0,2026/04/02 18:44:24
翌日,20260402,更新後,本四連系線,2026/04/03,22:00,順方向,2347.0,-1200.0,0,53.0,1200,熱容量（作業）,0,0,0,0,0,2026/04/02 18:44:24
翌日,20260402,更新後,本四連系線,2026/04/03,22:00,逆方向,0.0,-1200.0,0,0.0,-1200,熱容量（作業）,0,0,0,0,0,2026/04/02 18:44:24
翌日,20260402,更新後,本四連系線,2026/04/03,22:30,順方向,2365.058,-1200.0,0,34.942,1200,熱容量（作業）,0,0,0,0,0,2026/04/02 18:44:24
翌日,20260402,更新後,本四連系線,2026/04/03,22:30,逆方向,0.0,-1200.0,0,0.0,-1200,熱容量（作業）,0,0,0,0,0,2026/04/02 18:44:24
翌日,20260402,更新後,本四連系線,2026/04/03,23:00,順方向,2349.0,-1200.0,0,51.0,1200,熱容量（作業）,0,0,0,0,0,2026/04/02 18:44:24
翌日,20260402,更新後,本四連系線,2026/04/03,23:00,逆方向,0.0,-1200.0,0,0.0,-1200,熱容量（作業）,0,0,0,0,0,2026/04/02 18:44:24
翌日,20260402,更新後,本四連系線,2026/04/03,23:30,順方向,2351.0,-1200.0,0,49.0,1200,熱容量（作業）,0,0,0,0,0,2026/04/02 18:44:24
翌日,20260402,更新後,本四連系線,2026/04/03,23:30,逆方向,0.0,-1200.0,0,0.0,-1200,熱容量（作業）,0,0,0,0,0,2026/04/02 18:44:24
翌日,20260402,更新後,本四連系線,2026/04/03,24:00,順方向,2354.0,-1200.0,0,46.0,1200,熱容量（作業）,0,0,0,0,0,2026/04/02 18:44:24
翌日,20260402,更新後,本四連系線,2026/04/03,24:00,逆方向,0.0,-1200.0,0,0.0,-1200,熱容量（作業）,0,0,0,0,0,2026/04/02 18:44:24
翌日,20260402,更新後,関門連系線,2026/04/03,00:30,順方向,1994.822,-1422.3,0,187.478,760,周波数,0,0,0,0,0,2026/04/02 18:44:24
翌日,20260402,更新後,関門連系線,2026/04/03,00:30,逆方向,-407.7,-1422.3,0,0.0,-1830,周波数,0,0,0,0,0,2026/04/02 18:44:24
翌日,20260402,更新後,関門連系線,2026/04/03,01:00,順方向,1950.1,-1378.1,0,188.0,760,周波数,0,0,0,0,0,2026/04/02 18:44:24
翌日,20260402,更新後,関門連系線,2026/04/03,01:00,逆方向,-431.9,-1378.1,0,0.0,-1810,周波数,0,0,0,0,0,2026/04/02 18:44:24
翌日,20260402,更新後,関門連系線,2026/04/03,01:30,順方向,1993.647,-1364.9,0,131.253,760,周波数,0,0,0,0,0,2026/04/02 18:44:24
翌日,20260402,更新後,関門連系線,2026/04/03,01:30,逆方向,-425.1,-1364.9,0,0.0,-1790,周波数,0,0,0,0,0,2026/04/02 18:44:24
翌日,20260402,更新後,関門連系線,2026/04/03,02:00,順方向,2009.7,-1429.7,0,180.0,760,周波数,0,0,0,0,0,2026/04/02 18:44:24
翌日,20260402,更新後,関門連系線,2026/04/03,02:00,逆方向,-360.3,-1429.7,0,0.0,-1790,周波数,0,0,0,0,0,2026/04/02 18:44:24
翌日,20260402,更新後,関門連系線,2026/04/03,02:30,順方向,2117.2,-1536.2,0,179.0,760,周波数,0,0,0,0,0,2026/04/02 18:44:24
翌日,20260402,更新後,関門連系線,2026/04/03,02:30,逆方向,-283.8,-1536.2,0,0.0,-1820,周波数,0,0,0,0,0,2026/04/02 18:44:24
翌日,20260402,更新後,関門連系線,2026/04/03,03:00,順方向,2193.8,-1517.8,0,94.0,770,周波数,0,0,0,0,0,2026/04/02 18:44:24
翌日,20260402,更新後,関門連系線,2026/04/03,03:00,逆方向,-332.2,-1517.8,0,0.0,-1850,周波数,0,0,0,0,0,2026/04/02 18:44:24
翌日,20260402,更新後,関門連系線,2026/04/03,03:30,順方向,2317.836,-1540.1,0,2.264,780,周波数,0,0,0,0,0,2026/04/02 18:44:24
翌日,20260402,更新後,関門連系線,2026/04/03,03:30,逆方向,-332.877,-1540.1,0,-27.023,-1900,周波数,0,0,0,0,0,2026/04/02 18:44:24
翌日,20260402,更新後,関門連系線,2026/04/03,04:00,順方向,2430.7,-1630.7,0,0.0,800,周波数,0,0,0,0,0,2026/04/02 18:44:24
翌日,20260402,更新後,関門連系線,2026/04/03,04:00,逆方向,-319.3,-1630.7,0,0.0,-1950,周波数,0,0,0,0,0,2026/04/02 18:44:24
翌日,20260402,更新後,関門連系線,2026/04/03,04:30,順方向,2553.156,-1782.8,0,39.644,810,周波数,0,0,0,0,0,2026/04/02 18:44:24
翌日,20260402,更新後,関門連系線,2026/04/03,04:30,逆方向,-187.2,-1782.8,0,0.0,-1970,周波数,0,0,0,0,0,2026/04/02 18:44:24
翌日,20260402,更新後,関門連系線,2026/04/03,05:00,順方向,2583.329,-1794.3,0,30.971,820,周波数,0,0,0,0,0,2026/04/02 18:44:24
翌日,20260402,更新後,関門連系線,2026/04/03,05:00,逆方向,-185.7,-1794.3,0,0.0,-1980,周波数,0,0,0,0,0,2026/04/02 18:44:24
翌日,20260402,更新後,関門連系線,2026/04/03,05:30,順方向,2594.13,-1781.6,0,7.47,820,周波数,0,0,0,0,0,2026/04/02 18:44:24
翌日,20260402,更新後,関門連系線,2026/04/03,05:30,逆方向,-188.4,-1781.6,0,0.0,-1970,周波数,0,0,0,0,0,2026/04/02 18:44:24
翌日,20260402,更新後,関門連系線,2026/04/03,06:00,順方向,2473.3,-1763.3,0,0.0,710,周波数,0,0,0,0,0,2026/04/02 18:44:24
翌日,20260402,更新後,関門連系線,2026/04/03,06:00,逆方向,-196.7,-1763.3,0,0.0,-1960,周波数,0,0,0,0,0,2026/04/02 18:44:24
翌日,20260402,更新後,関門連系線,2026/04/03,06:30,順方向,2367.3,-1768.3,0,1.0,600,周波数,0,0,0,0,0,2026/04/02 18:44:24
翌日,20260402,更新後,関門連系線,2026/04/03,06:30,逆方向,-181.7,-1768.3,0,0.0,-1950,周波数,0,0,0,0,0,2026/04/02 18:44:24
翌日,20260402,更新後,関門連系線,2026/04/03,07:00,順方向,2149.276,-1672.6,0,73.324,550,周波数,0,0,0,0,0,2026/04/02 18:44:24
翌日,20260402,更新後,関門連系線,2026/04/03,07:00,逆方向,-277.4,-1672.6,0,0.0,-1950,周波数,0,0,0,0,0,2026/04/02 18:44:24
翌日,20260402,更新後,関門連系線,2026/04/03,07:30,順方向,1981.515,-1814.0,0,342.485,510,周波数,0,0,0,0,0,2026/04/02 18:44:24
翌日,20260402,更新後,関門連系線,2026/04/03,07:30,逆方向,-166.0,-1814.0,0,0.0,-1980,周波数,0,0,0,0,0,2026/04/02 18:44:24
翌日,20260402,更新後,関門連系線,2026/04/03,08:00,順方向,1397.61,-1249.8,0,362.19,510,周波数,0,0,0,0,0,2026/04/02 18:44:24
翌日,20260402,更新後,関門連系線,2026/04/03,08:00,逆方向,-760.2,-1249.8,0,0.0,-2010,周波数,0,0,0,0,0,2026/04/02 18:44:24
翌日,20260402,更新後,関門連系線,2026/04/03,08:30,順方向,1631.8,-1631.8,0,420.0,420,周波数,0,0,0,0,0,2026/04/02 18:44:24
翌日,20260402,更新後,関門連系線,2026/04/03,08:30,逆方向,-578.2,-1631.8,0,0.0,-2210,周波数,0,0,0,0,0,2026/04/02 18:44:24
翌日,20260402,更新後,関門連系線,2026/04/03,09:00,順方向,1628.086,-1624.4,0,356.314,360,周波数,0,0,0,0,0,2026/04/02 18:44:24
翌日,20260402,更新後,関門連系線,2026/04/03,09:00,逆方向,-457.6,-1624.4,0,0.0,-2082,周波数,0,0,0,0,0,2026/04/02 18:44:24
翌日,20260402,更新後,関門連系線,2026/04/03,09:30,順方向,1475.234,-1175.234,0,0.0,300,周波数,0,0,0,0,0,2026/04/02 18:44:24
翌日,20260402,更新後,関門連系線,2026/04/03,09:30,逆方向,-762.766,-1175.234,0,-215.0,-2153,周波数,0,0,0,0,0,2026/04/02 18:44:24
翌日,20260402,更新後,関門連系線,2026/04/03,10:00,順方向,1655.5,-1365.5,0,0.0,290,周波数,0,0,0,0,0,2026/04/02 18:44:24
翌日,20260402,更新後,関門連系線,2026/04/03,10:00,逆方向,-622.9,-1365.5,0,-189.6,-2178,周波数,0,0,0,0,0,2026/04/02 18:44:24
翌日,20260402,更新後,関門連系線,2026/04/03,10:30,順方向,1894.0,-1604.0,0,0.0,290,周波数,0,0,0,0,0,2026/04/02 18:44:24
翌日,20260402,更新後,関門連系線,2026/04/03,10:30,逆方向,-398.0,-1604.0,0,-179.0,-2181,周波数,0,0,0,0,0,2026/04/02 18:44:24
翌日,20260402,更新後,関門連系線,2026/04/03,11:00,順方向,2299.8,-2009.8,0,0.0,290,周波数,0,0,0,0,0,2026/04/02 18:44:24
翌日,20260402,更新後,関門連系線,2026/04/03,11:00,逆方向,-191.2,-2009.8,0,0.0,-2201,周波数,0,0,0,0,0,2026/04/02 18:44:24
翌日,20260402,更新後,関門連系線,2026/04/03,11:30,順方向,2497.0,-2207.0,0,0.0,290,周波数,0,0,0,0,0,2026/04/02 18:44:24
翌日,20260402,更新後,関門連系線,2026/04/03,11:30,逆方向,0.0,-2207.0,0,0.0,-2207,周波数,0,0,0,0,0,2026/04/02 18:44:24
翌日,20260402,更新後,関門連系線,2026/04/03,12:00,順方向,2490.0,-2190.0,0,0.0,300,周波数,0,0,0,0,0,2026/04/02 18:44:24
翌日,20260402,更新後,関門連系線,2026/04/03,12:00,逆方向,0.0,-2190.0,0,0.0,-2190,周波数,0,0,0,0,0,2026/04/02 18:44:24
翌日,20260402,更新後,関門連系線,2026/04/03,12:30,順方向,2470.0,-2170.0,0,0.0,300,周波数,0,0,0,0,0,2026/04/02 18:44:24
翌日,20260402,更新後,関門連系線,2026/04/03,12:30,逆方向,0.0,-2170.0,0,0.0,-2170,周波数,0,0,0,0,0,2026/04/02 18:44:24
翌日,20260402,更新後,関門連系線,2026/04/03,13:00,順方向,2447.934,-2157.934,0,0.0,290,周波数,0,0,0,0,0,2026/04/02 18:44:24
翌日,20260402,更新後,関門連系線,2026/04/03,13:00,逆方向,-0.066,-2157.934,0,0.0,-2158,周波数,0,0,0,0,0,2026/04/02 18:44:24
翌日,20260402,更新後,関門連系線,2026/04/03,13:30,順方向,2442.0,-2152.0,0,0.0,290,周波数,0,0,0,0,0,2026/04/02 18:44:24
翌日,20260402,更新後,関門連系線,2026/04/03,13:30,逆方向,0.0,-2152.0,0,0.0,-2152,周波数,0,0,0,0,0,2026/04/02 18:44:24
翌日,20260402,更新後,関門連系線,2026/04/03,14:00,順方向,2426.0,-2146.0,0,0.0,280,周波数,0,0,0,0,0,2026/04/02 18:44:24
翌日,20260402,更新後,関門連系線,2026/04/03,14:00,逆方向,0.0,-2146.0,0,0.0,-2146,周波数,0,0,0,0,0,2026/04/02 18:44:24
翌日,20260402,更新後,関門連系線,2026/04/03,14:30,順方向,2431.0,-2151.0,0,0.0,280,周波数,0,0,0,0,0,2026/04/02 18:44:24
翌日,20260402,更新後,関門連系線,2026/04/03,14:30,逆方向,0.0,-2151.0,0,0.0,-2151,周波数,0,0,0,0,0,2026/04/02 18:44:24
翌日,20260402,更新後,関門連系線,2026/04/03,15:00,順方向,2376.014,-2149.0,0,52.986,280,周波数,0,0,0,0,0,2026/04/02 18:44:24
翌日,20260402,更新後,関門連系線,2026/04/03,15:00,逆方向,0.0,-2149.0,0,0.0,-2149,周波数,0,0,0,0,0,2026/04/02 18:44:24
翌日,20260402,更新後,関門連系線,2026/04/03,15:30,順方向,2328.225,-1985.3,0,7.075,350,周波数,0,0,0,0,0,2026/04/02 18:44:24
翌日,20260402,更新後,関門連系線,2026/04/03,15:30,逆方向,-159.7,-1985.3,0,0.0,-2145,周波数,0,0,0,0,0,2026/04/02 18:44:24
翌日,20260402,更新後,関門連系線,2026/04/03,16:00,順方向,2028.974,-1884.1,0,285.126,430,周波数,0,0,0,0,0,2026/04/02 18:44:24
翌日,20260402,更新後,関門連系線,2026/04/03,16:00,逆方向,-395.9,-1884.1,0,0.0,-2280,周波数,0,0,0,0,0,2026/04/02 18:44:24
翌日,20260402,更新後,関門連系線,2026/04/03,16:30,順方向,1973.134,-1788.9,0,295.766,480,周波数,0,0,0,0,0,2026/04/02 18:44:24
翌日,20260402,更新後,関門連系線,2026/04/03,16:30,逆方向,-491.1,-1788.9,0,0.0,-2280,周波数,0,0,0,0,0,2026/04/02 18:44:24
翌日,20260402,更新後,関門連系線,2026/04/03,17:00,順方向,2182.3,-2148.3,0,496.0,530,周波数,0,0,0,0,0,2026/04/02 18:44:24
翌日,20260402,更新後,関門連系線,2026/04/03,17:00,逆方向,-91.7,-2148.3,0,0.0,-2240,周波数,0,0,0,0,0,2026/04/02 18:44:24
翌日,20260402,更新後,関門連系線,2026/04/03,17:30,順方向,2267.15,-2210.0,0,522.85,580,周波数,0,0,0,0,0,2026/04/02 18:44:24
翌日,20260402,更新後,関門連系線,2026/04/03,17:30,逆方向,0.0,-2210.0,0,0.0,-2210,周波数,0,0,0,0,0,2026/04/02 18:44:24
翌日,20260402,更新後,関門連系線,2026/04/03,18:00,順方向,2368.0,-2210.0,0,472.0,630,周波数,0,0,0,0,0,2026/04/02 18:44:24
翌日,20260402,更新後,関門連系線,2026/04/03,18:00,逆方向,0.0,-2210.0,0,0.0,-2210,周波数,0,0,0,0,0,2026/04/02 18:44:24
翌日,20260402,更新後,関門連系線,2026/04/03,18:30,順方向,2703.614,-2210.0,0,236.386,730,周波数,0,0,0,0,0,2026/04/02 18:44:24
翌日,20260402,更新後,関門連系線,2026/04/03,18:30,逆方向,0.0,-2210.0,0,0.0,-2210,周波数,0,0,0,0,0,2026/04/02 18:44:24
翌日,20260402,更新後,関門連系線,2026/04/03,19:00,順方向,2794.676,-2190.0,0,235.324,840,周波数,0,0,0,0,0,2026/04/02 18:44:24
翌日,20260402,更新後,関門連系線,2026/04/03,19:00,逆方向,0.0,-2190.0,0,0.0,-2190,周波数,0,0,0,0,0,2026/04/02 18:44:24
翌日,20260402,更新後,関門連系線,2026/04/03,19:30,順方向,2788.736,-2180.0,0,241.264,850,周波数,0,0,0,0,0,2026/04/02 18:44:24
翌日,20260402,更新後,関門連系線,2026/04/03,19:30,逆方向,0.0,-2180.0,0,0.0,-2180,周波数,0,0,0,0,0,2026/04/02 18:44:24
翌日,20260402,更新後,関門連系線,2026/04/03,20:00,順方向,2756.838,-2140.0,0,233.162,850,周波数,0,0,0,0,0,2026/04/02 18:44:24
翌日,20260402,更新後,関門連系線,2026/04/03,20:00,逆方向,0.0,-2140.0,0,0.0,-2140,周波数,0,0,0,0,0,2026/04/02 18:44:24
翌日,20260402,更新後,関門連系線,2026/04/03,20:30,順方向,2503.2,-1882.2,0,219.0,840,周波数,0,0,0,0,0,2026/04/02 18:44:24
翌日,20260402,更新後,関門連系線,2026/04/03,20:30,逆方向,-217.8,-1882.2,0,0.0,-2100,周波数,0,0,0,0,0,2026/04/02 18:44:24
翌日,20260402,更新後,関門連系線,2026/04/03,21:00,順方向,2081.245,-1471.0,0,219.755,830,周波数,0,0,0,0,0,2026/04/02 18:44:24
翌日,20260402,更新後,関門連系線,2026/04/03,21:00,逆方向,-589.0,-1471.0,0,0.0,-2060,周波数,0,0,0,0,0,2026/04/02 18:44:24
翌日,20260402,更新後,関門連系線,2026/04/03,21:30,順方向,2054.3,-1419.3,0,185.0,820,周波数,0,0,0,0,0,2026/04/02 18:44:24
翌日,20260402,更新後,関門連系線,2026/04/03,21:30,逆方向,-574.524,-1419.3,0,-26.176,-2020,周波数,0,0,0,0,0,2026/04/02 18:44:24
翌日,20260402,更新後,関門連系線,2026/04/03,22:00,順方向,1980.4,-1341.4,0,181.0,820,周波数,0,0,0,0,0,2026/04/02 18:44:24
翌日,20260402,更新後,関門連系線,2026/04/03,22:00,逆方向,-652.424,-1341.4,0,-26.176,-2020,周波数,0,0,0,0,0,2026/04/02 18:44:24
翌日,20260402,更新後,関門連系線,2026/04/03,22:30,順方向,2257.3,-1646.3,0,189.0,800,周波数,0,0,0,0,0,2026/04/02 18:44:24
翌日,20260402,更新後,関門連系線,2026/04/03,22:30,逆方向,-293.7,-1646.3,0,0.0,-1940,周波数,0,0,0,0,0,2026/04/02 18:44:24
翌日,20260402,更新後,関門連系線,2026/04/03,23:00,順方向,2282.771,-1676.7,0,183.929,790,周波数,0,0,0,0,0,2026/04/02 18:44:24
翌日,20260402,更新後,関門連系線,2026/04/03,23:00,逆方向,-233.3,-1676.7,0,0.0,-1910,周波数,0,0,0,0,0,2026/04/02 18:44:24
翌日,20260402,更新後,関門連系線,2026/04/03,23:30,順方向,2279.673,-1683.1,0,183.427,780,周波数,0,0,0,0,0,2026/04/02 18:44:24
翌日,20260402,更新後,関門連系線,2026/04/03,23:30,逆方向,-196.9,-1683.1,0,0.0,-1880,周波数,0,0,0,0,0,2026/04/02 18:44:24
翌日,20260402,更新後,関門連系線,2026/04/03,24:00,順方向,1906.1,-1316.1,0,180.0,770,周波数,0,0,0,0,0,2026/04/02 18:44:24
翌日,20260402,更新後,関門連系線,2026/04/03,24:00,逆方向,-513.124,-1316.1,0,-20.776,-1850,周波数,0,0,0,0,0,2026/04/02 18:44:24
翌日,20260402,更新後,中部フェンス,2026/04/03,00:30,順方向,4548.486,-2830.0,0,271.514,1990,安定度（作業）,0,0,0,0,0,2026/04/02 18:44:24
翌日,20260402,更新後,中部フェンス,2026/04/03,00:30,逆方向,0.0,-2830.0,0,0.0,-2830,電圧（作業）,0,0,0,0,0,2026/04/02 18:44:24
翌日,20260402,更新後,中部フェンス,2026/04/03,01:00,順方向,4441.082,-2830.0,0,378.918,1990,安定度（作業）,0,0,0,0,0,2026/04/02 18:44:24
翌日,20260402,更新後,中部フェンス,2026/04/03,01:00,逆方向,0.0,-2830.0,0,0.0,-2830,電圧（作業）,0,0,0,0,0,2026/04/02 18:44:24
翌日,20260402,更新後,中部フェンス,2026/04/03,01:30,順方向,4525.423,-2830.0,0,294.577,1990,安定度（作業）,0,0,0,0,0,2026/04/02 18:44:24
翌日,20260402,更新後,中部フェンス,2026/04/03,01:30,逆方向,0.0,-2830.0,0,0.0,-2830,電圧（作業）,0,0,0,0,0,2026/04/02 18:44:24
翌日,20260402,更新後,中部フェンス,2026/04/03,02:00,順方向,4369.696,-2830.0,0,450.304,1990,安定度（作業）,0,0,0,0,0,2026/04/02 18:44:24
翌日,20260402,更新後,中部フェンス,2026/04/03,02:00,逆方向,0.0,-2830.0,0,0.0,-2830,電圧（作業）,0,0,0,0,0,2026/04/02 18:44:24
翌日,20260402,更新後,中部フェンス,2026/04/03,02:30,順方向,4304.6,-2830.0,0,515.4,1990,安定度（作業）,0,0,0,0,0,2026/04/02 18:44:24
翌日,20260402,更新後,中部フェンス,2026/04/03,02:30,逆方向,0.0,-2830.0,0,0.0,-2830,電圧（作業）,0,0,0,0,0,2026/04/02 18:44:24
翌日,20260402,更新後,中部フェンス,2026/04/03,03:00,順方向,4277.956,-2830.0,0,542.044,1990,安定度（作業）,0,0,0,0,0,2026/04/02 18:44:24
翌日,20260402,更新後,中部フェンス,2026/04/03,03:00,逆方向,0.0,-2830.0,0,0.0,-2830,電圧（作業）,0,0,0,0,0,2026/04/02 18:44:24
翌日,20260402,更新後,中部フェンス,2026/04/03,03:30,順方向,4311.194,-2830.0,0,508.806,1990,安定度（作業）,0,0,0,0,0,2026/04/02 18:44:24
翌日,20260402,更新後,中部フェンス,2026/04/03,03:30,逆方向,0.0,-2830.0,0,0.0,-2830,電圧（作業）,0,0,0,0,0,2026/04/02 18:44:24
翌日,20260402,更新後,中部フェンス,2026/04/03,04:00,順方向,4332.194,-2830.0,0,487.806,1990,安定度（作業）,0,0,0,0,0,2026/04/02 18:44:24
翌日,20260402,更新後,中部フェンス,2026/04/03,04:00,逆方向,0.0,-2830.0,0,0.0,-2830,電圧（作業）,0,0,0,0,0,2026/04/02 18:44:24
翌日,20260402,更新後,中部フェンス,2026/04/03,04:30,順方向,4401.194,-2830.0,0,418.806,1990,安定度（作業）,0,0,0,0,0,2026/04/02 18:44:24
翌日,20260402,更新後,中部フェンス,2026/04/03,04:30,逆方向,0.0,-2830.0,0,0.0,-2830,電圧（作業）,0,0,0,0,0,2026/04/02 18:44:24
翌日,20260402,更新後,中部フェンス,2026/04/03,05:00,順方向,4406.194,-2830.0,0,413.806,1990,安定度（作業）,0,0,0,0,0,2026/04/02 18:44:24
翌日,20260402,更新後,中部フェンス,2026/04/03,05:00,逆方向,0.0,-2830.0,0,0.0,-2830,電圧（作業）,0,0,0,0,0,2026/04/02 18:44:24
翌日,20260402,更新後,中部フェンス,2026/04/03,05:30,順方向,4406.194,-2830.0,0,413.806,1990,安定度（作業）,0,0,0,0,0,2026/04/02 18:44:24
翌日,20260402,更新後,中部フェンス,2026/04/03,05:30,逆方向,0.0,-2830.0,0,0.0,-2830,電圧（作業）,0,0,0,0,0,2026/04/02 18:44:24
翌日,20260402,更新後,中部フェンス,2026/04/03,06:00,順方向,4406.194,-2830.0,0,413.806,1990,安定度（作業）,0,0,0,0,0,2026/04/02 18:44:24
翌日,20260402,更新後,中部フェンス,2026/04/03,06:00,逆方向,0.0,-2830.0,0,0.0,-2830,電圧（作業）,0,0,0,0,0,2026/04/02 18:44:24
翌日,20260402,更新後,中部フェンス,2026/04/03,06:30,順方向,4519.931,-2830.0,0,300.069,1990,安定度（作業）,0,0,0,0,0,2026/04/02 18:44:24
翌日,20260402,更新後,中部フェンス,2026/04/03,06:30,逆方向,0.0,-2830.0,0,0.0,-2830,電圧（作業）,0,0,0,0,0,2026/04/02 18:44:24
翌日,20260402,更新後,中部フェンス,2026/04/03,07:00,順方向,4450.089,-2830.0,0,369.911,1990,安定度（作業）,0,0,0,0,0,2026/04/02 18:44:24
翌日,20260402,更新後,中部フェンス,2026/04/03,07:00,逆方向,0.0,-2830.0,0,0.0,-2830,電圧（作業）,0,0,0,0,0,2026/04/02 18:44:24
翌日,20260402,更新後,中部フェンス,2026/04/03,07:30,順方向,4271.8,-2830.0,0,548.2,1990,安定度（作業）,0,0,0,0,0,2026/04/02 18:44:24
翌日,20260402,更新後,中部フェンス,2026/04/03,07:30,逆方向,0.0,-2830.0,0,0.0,-2830,電圧（作業）,0,0,0,0,0,2026/04/02 18:44:24
翌日,20260402,更新後,中部フェンス,2026/04/03,08:00,順方向,4139.671,-2830.0,0,680.329,1990,安定度（作業）,0,0,0,0,0,2026/04/02 18:44:24
翌日,20260402,更新後,中部フェンス,2026/04/03,08:00,逆方向,0.0,-2830.0,0,0.0,-2830,電圧（作業）,0,0,0,0,0,2026/04/02 18:44:24
翌日,20260402,更新後,中部フェンス,2026/04/03,08:30,順方向,3873.825,-2730.0,0,886.175,2030,安定度（作業）,0,0,0,0,0,2026/04/02 18:44:24
翌日,20260402,更新後,中部フェンス,2026/04/03,08:30,逆方向,0.0,-2730.0,0,0.0,-2730,電圧（作業）,0,0,0,0,0,2026/04/02 18:44:24
翌日,20260402,更新後,中部フェンス,2026/04/03,09:00,順方向,3903.198,-2730.0,0,856.802,2030,安定度（作業）,0,0,0,0,0,2026/04/02 18:44:24
翌日,20260402,更新後,中部フェンス,2026/04/03,09:00,逆方向,0.0,-2730.0,0,0.0,-2730,電圧（作業）,0,0,0,0,0,2026/04/02 18:44:24
翌日,20260402,更新後,中部フェンス,2026/04/03,09:30,順方向,4157.0,-2486.0,0,859.0,2530,安定度（作業）,0,0,0,0,0,2026/04/02 18:44:24
翌日,20260402,更新後,中部フェンス,2026/04/03,09:30,逆方向,-893.38,-2486.0,0,-50.62,-3430,電圧（作業）,0,0,0,0,0,2026/04/02 18:44:24
翌日,20260402,更新後,中部フェンス,2026/04/03,10:00,順方向,3878.294,-2364.9,0,1016.606,2530,安定度（作業）,0,0,0,0,0,2026/04/02 18:44:24
翌日,20260402,更新後,中部フェンス,2026/04/03,10:00,逆方向,-807.1,-2364.9,0,-258.0,-3430,電圧（作業）,0,0,0,0,0,2026/04/02 18:44:24
翌日,20260402,更新後,中部フェンス,2026/04/03,10:30,順方向,4012.494,-2573.3,0,1090.806,2530,安定度（作業）,0,0,0,0,0,2026/04/02 18:44:24
翌日,20260402,更新後,中部フェンス,2026/04/03,10:30,逆方向,-709.05,-2573.3,0,-147.65,-3430,電圧（作業）,0,0,0,0,0,2026/04/02 18:44:24
翌日,20260402,更新後,中部フェンス,2026/04/03,11:00,順方向,3848.594,-2335.4,0,1016.806,2530,安定度（作業）,0,0,0,0,0,2026/04/02 18:44:24
翌日,20260402,更新後,中部フェンス,2026/04/03,11:00,逆方向,-863.6,-2335.4,0,-231.0,-3430,電圧（作業）,0,0,0,0,0,2026/04/02 18:44:24
翌日,20260402,更新後,中部フェンス,2026/04/03,11:30,順方向,3792.9,-2087.9,0,825.0,2530,安定度（作業）,0,0,0,0,0,2026/04/02 18:44:24
翌日,20260402,更新後,中部フェンス,2026/04/03,11:30,逆方向,-1205.1,-2087.9,0,-137.0,-3430,電圧（作業）,0,0,0,0,0,2026/04/02 18:44:24
翌日,20260402,更新後,中部フェンス,2026/04/03,12:00,順方向,3595.421,-1891.5,0,826.079,2530,安定度（作業）,0,0,0,0,0,2026/04/02 18:44:24
翌日,20260402,更新後,中部フェンス,2026/04/03,12:00,逆方向,-1346.5,-1891.5,0,-192.0,-3430,電圧（作業）,0,0,0,0,0,2026/04/02 18:44:24
翌日,20260402,更新後,中部フェンス,2026/04/03,12:30,順方向,3331.201,-1609.7,0,808.499,2530,安定度（作業）,0,0,0,0,0,2026/04/02 18:44:24
翌日,20260402,更新後,中部フェンス,2026/04/03,12:30,逆方向,-1818.68,-1609.7,0,-1.62,-3430,電圧（作業）,0,0,0,0,0,2026/04/02 18:44:24
翌日,20260402,更新後,中部フェンス,2026/04/03,13:00,順方向,4137.473,-1817.936,0,210.463,2530,安定度（作業）,0,0,0,0,0,2026/04/02 18:44:24
翌日,20260402,更新後,中部フェンス,2026/04/03,13:00,逆方向,-1612.064,-1817.936,0,0.0,-3430,電圧（作業）,0,0,0,0,0,2026/04/02 18:44:24
翌日,20260402,更新後,中部フェンス,2026/04/03,13:30,順方向,3699.723,-1558.9,0,389.177,2530,安定度（作業）,0,0,0,0,0,2026/04/02 18:44:24
翌日,20260402,更新後,中部フェンス,2026/04/03,13:30,逆方向,-1844.48,-1558.9,0,-26.62,-3430,電圧（作業）,0,0,0,0,0,2026/04/02 18:44:24
翌日,20260402,更新後,中部フェンス,2026/04/03,14:00,順方向,3261.414,-1591.8,0,860.386,2530,安定度（作業）,0,0,0,0,0,2026/04/02 18:44:24
翌日,20260402,更新後,中部フェンス,2026/04/03,14:00,逆方向,-1815.58,-1591.8,0,-22.62,-3430,電圧（作業）,0,0,0,0,0,2026/04/02 18:44:24
翌日,20260402,更新後,中部フェンス,2026/04/03,14:30,順方向,3624.56,-1906.5,0,811.94,2530,安定度（作業）,0,0,0,0,0,2026/04/02 18:44:24
翌日,20260402,更新後,中部フェンス,2026/04/03,14:30,逆方向,-1517.88,-1906.5,0,-5.62,-3430,電圧（作業）,0,0,0,0,0,2026/04/02 18:44:24
翌日,20260402,更新後,中部フェンス,2026/04/03,15:00,順方向,4830.069,-3176.2,0,876.131,2530,安定度（作業）,0,0,0,0,0,2026/04/02 18:44:24
翌日,20260402,更新後,中部フェンス,2026/04/03,15:00,逆方向,-253.8,-3176.2,0,0.0,-3430,電圧（作業）,0,0,0,0,0,2026/04/02 18:44:24
翌日,20260402,更新後,中部フェンス,2026/04/03,15:30,順方向,5419.304,-3430.0,0,540.696,2530,安定度（作業）,0,0,0,0,0,2026/04/02 18:44:24
翌日,20260402,更新後,中部フェンス,2026/04/03,15:30,逆方向,0.0,-3430.0,0,0.0,-3430,電圧（作業）,0,0,0,0,0,2026/04/02 18:44:24
翌日,20260402,更新後,中部フェンス,2026/04/03,16:00,順方向,5155.754,-3430.0,0,804.246,2530,安定度（作業）,0,0,0,0,0,2026/04/02 18:44:24
翌日,20260402,更新後,中部フェンス,2026/04/03,16:00,逆方向,0.0,-3430.0,0,0.0,-3430,電圧（作業）,0,0,0,0,0,2026/04/02 18:44:24
翌日,20260402,更新後,中部フェンス,2026/04/03,16:30,順方向,5049.0,-3430.0,0,911.0,2530,安定度（作業）,0,0,0,0,0,2026/04/02 18:44:24
翌日,20260402,更新後,中部フェンス,2026/04/03,16:30,逆方向,0.0,-3430.0,0,0.0,-3430,電圧（作業）,0,0,0,0,0,2026/04/02 18:44:24
翌日,20260402,更新後,中部フェンス,2026/04/03,17:00,順方向,4994.956,-3430.0,0,965.044,2530,安定度（作業）,0,0,0,0,0,2026/04/02 18:44:24
翌日,20260402,更新後,中部フェンス,2026/04/03,17:00,逆方向,0.0,-3430.0,0,0.0,-3430,電圧（作業）,0,0,0,0,0,2026/04/02 18:44:24
翌日,20260402,更新後,中部フェンス,2026/04/03,17:30,順方向,4765.516,-3430.0,0,1194.484,2530,安定度（作業）,0,0,0,0,0,2026/04/02 18:44:24
翌日,20260402,更新後,中部フェンス,2026/04/03,17:30,逆方向,0.0,-3430.0,0,0.0,-3430,電圧（作業）,0,0,0,0,0,2026/04/02 18:44:24
翌日,20260402,更新後,中部フェンス,2026/04/03,18:00,順方向,4836.379,-3430.0,0,1123.621,2530,安定度（作業）,0,0,0,0,0,2026/04/02 18:44:24
翌日,20260402,更新後,中部フェンス,2026/04/03,18:00,逆方向,0.0,-3430.0,0,0.0,-3430,電圧（作業）,0,0,0,0,0,2026/04/02 18:44:24
翌日,20260402,更新後,中部フェンス,2026/04/03,18:30,順方向,5103.435,-3530.0,0,1056.565,2630,安定度（作業）,0,0,0,0,0,2026/04/02 18:44:24
翌日,20260402,更新後,中部フェンス,2026/04/03,18:30,逆方向,0.0,-3530.0,0,0.0,-3530,電圧（作業）,0,0,0,0,0,2026/04/02 18:44:24
翌日,20260402,更新後,中部フェンス,2026/04/03,19:00,順方向,5145.626,-3479.4,0,963.774,2630,安定度（作業）,0,0,0,0,0,2026/04/02 18:44:24
翌日,20260402,更新後,中部フェンス,2026/04/03,19:00,逆方向,-50.6,-3479.4,0,0.0,-3530,電圧（作業）,0,0,0,0,0,2026/04/02 18:44:24
翌日,20260402,更新後,中部フェンス,2026/04/03,19:30,順方向,5070.883,-3530.0,0,1089.117,2630,安定度（作業）,0,0,0,0,0,2026/04/02 18:44:24
翌日,20260402,更新後,中部フェンス,2026/04/03,19:30,逆方向,0.0,-3530.0,0,0.0,-3530,電圧（作業）,0,0,0,0,0,2026/04/02 18:44:24
翌日,20260402,更新後,中部フェンス,2026/04/03,20:00,順方向,5076.0,-3530.0,0,1084.0,2630,安定度（作業）,0,0,0,0,0,2026/04/02 18:44:24
翌日,20260402,更新後,中部フェンス,2026/04/03,20:00,逆方向,0.0,-3530.0,0,0.0,-3530,電圧（作業）,0,0,0,0,0,2026/04/02 18:44:24
翌日,20260402,更新後,中部フェンス,2026/04/03,20:30,順方向,3849.0,-2830.0,0,1111.0,2130,安定度（作業）,0,0,0,0,0,2026/04/02 18:44:24
翌日,20260402,更新後,中部フェンス,2026/04/03,20:30,逆方向,0.0,-2830.0,0,0.0,-2830,電圧（作業）,0,0,0,0,0,2026/04/02 18:44:24
翌日,20260402,更新後,中部フェンス,2026/04/03,21:00,順方向,3791.245,-2830.0,0,1168.755,2130,安定度（作業）,0,0,0,0,0,2026/04/02 18:44:24
翌日,20260402,更新後,中部フェンス,2026/04/03,21:00,逆方向,0.0,-2830.0,0,0.0,-2830,電圧（作業）,0,0,0,0,0,2026/04/02 18:44:24
翌日,20260402,更新後,中部フェンス,2026/04/03,21:30,順方向,3901.0,-2830.0,0,1059.0,2130,安定度（作業）,0,0,0,0,0,2026/04/02 18:44:24
翌日,20260402,更新後,中部フェンス,2026/04/03,21:30,逆方向,0.0,-2830.0,0,0.0,-2830,電圧（作業）,0,0,0,0,0,2026/04/02 18:44:24
翌日,20260402,更新後,中部フェンス,2026/04/03,22:00,順方向,4008.035,-2830.0,0,951.965,2130,安定度（作業）,0,0,0,0,0,2026/04/02 18:44:24
翌日,20260402,更新後,中部フェンス,2026/04/03,22:00,逆方向,0.0,-2830.0,0,0.0,-2830,電圧（作業）,0,0,0,0,0,2026/04/02 18:44:24
翌日,20260402,更新後,中部フェンス,2026/04/03,22:30,順方向,3860.526,-2830.0,0,959.474,1990,安定度（作業）,0,0,0,0,0,2026/04/02 18:44:24
翌日,20260402,更新後,中部フェンス,2026/04/03,22:30,逆方向,0.0,-2830.0,0,0.0,-2830,電圧（作業）,0,0,0,0,0,2026/04/02 18:44:24
翌日,20260402,更新後,中部フェンス,2026/04/03,23:00,順方向,3856.979,-2830.0,0,963.021,1990,安定度（作業）,0,0,0,0,0,2026/04/02 18:44:24
翌日,20260402,更新後,中部フェンス,2026/04/03,23:00,逆方向,0.0,-2830.0,0,0.0,-2830,電圧（作業）,0,0,0,0,0,2026/04/02 18:44:24
翌日,20260402,更新後,中部フェンス,2026/04/03,23:30,順方向,3893.082,-2830.0,0,926.918,1990,安定度（作業）,0,0,0,0,0,2026/04/02 18:44:24
翌日,20260402,更新後,中部フェンス,2026/04/03,23:30,逆方向,0.0,-2830.0,0,0.0,-2830,電圧（作業）,0,0,0,0,0,2026/04/02 18:44:24
翌日,20260402,更新後,中部フェンス,2026/04/03,24:00,順方向,3917.509,-2830.0,0,902.491,1990,安定度（作業）,0,0,0,0,0,2026/04/02 18:44:24
翌日,20260402,更新後,中部フェンス,2026/04/03,24:00,逆方向,0.0,-2830.0,0,0.0,-2830,電圧（作業）,0,0,0,0,0,2026/04/02 18:44:24
翌日,20260402,更新後,北陸フェンス,2026/04/03,00:30,順方向,2584.5,-464.5,0,0.0,2120,電圧（作業）,0,0,0,0,0,2026/04/02 18:44:24
翌日,20260402,更新後,北陸フェンス,2026/04/03,00:30,逆方向,-2255.718,-464.5,0,-249.782,-2970,安定度（作業）,0,0,0,0,0,2026/04/02 18:44:24
翌日,20260402,更新後,北陸フェンス,2026/04/03,01:00,順方向,2642.9,-522.9,0,0.0,2120,電圧（作業）,0,0,0,0,0,2026/04/02 18:44:24
翌日,20260402,更新後,北陸フェンス,2026/04/03,01:00,逆方向,-2254.62,-522.9,0,-192.48,-2970,安定度（作業）,0,0,0,0,0,2026/04/02 18:44:24
翌日,20260402,更新後,北陸フェンス,2026/04/03,01:30,順方向,2589.2,-469.2,0,0.0,2120,電圧（作業）,0,0,0,0,0,2026/04/02 18:44:24
翌日,20260402,更新後,北陸フェンス,2026/04/03,01:30,逆方向,-2275.564,-469.2,0,-225.236,-2970,安定度（作業）,0,0,0,0,0,2026/04/02 18:44:24
翌日,20260402,更新後,北陸フェンス,2026/04/03,02:00,順方向,2619.1,-499.1,0,0.0,2120,電圧（作業）,0,0,0,0,0,2026/04/02 18:44:24
翌日,20260402,更新後,北陸フェンス,2026/04/03,02:00,逆方向,-2348.152,-499.1,0,-122.748,-2970,安定度（作業）,0,0,0,0,0,2026/04/02 18:44:24
翌日,20260402,更新後,北陸フェンス,2026/04/03,02:30,順方向,2636.5,-516.5,0,0.0,2120,電圧（作業）,0,0,0,0,0,2026/04/02 18:44:24
翌日,20260402,更新後,北陸フェンス,2026/04/03,02:30,逆方向,-2412.116,-516.5,0,-41.384,-2970,安定度（作業）,0,0,0,0,0,2026/04/02 18:44:24
翌日,20260402,更新後,北陸フェンス,2026/04/03,03:00,順方向,2544.6,-424.6,0,0.0,2120,電圧（作業）,0,0,0,0,0,2026/04/02 18:44:24
翌日,20260402,更新後,北陸フェンス,2026/04/03,03:00,逆方向,-2540.274,-424.6,0,-5.126,-2970,安定度（作業）,0,0,0,0,0,2026/04/02 18:44:24
翌日,20260402,更新後,北陸フェンス,2026/04/03,03:30,順方向,2556.302,-466.7,0,30.398,2120,電圧（作業）,0,0,0,0,0,2026/04/02 18:44:24
翌日,20260402,更新後,北陸フェンス,2026/04/03,03:30,逆方向,-2503.3,-466.7,0,0.0,-2970,安定度（作業）,0,0,0,0,0,2026/04/02 18:44:24
翌日,20260402,更新後,北陸フェンス,2026/04/03,04:00,順方向,2485.58,-406.2,0,40.62,2120,電圧（作業）,0,0,0,0,0,2026/04/02 18:44:24
翌日,20260402,更新後,北陸フェンス,2026/04/03,04:00,逆方向,-2563.8,-406.2,0,0.0,-2970,安定度（作業）,0,0,0,0,0,2026/04/02 18:44:24
翌日,20260402,更新後,北陸フェンス,2026/04/03,04:30,順方向,2487.2,-367.2,0,0.0,2120,電圧（作業）,0,0,0,0,0,2026/04/02 18:44:24
翌日,20260402,更新後,北陸フェンス,2026/04/03,04:30,逆方向,-2531.374,-367.2,0,-71.426,-2970,安定度（作業）,0,0,0,0,0,2026/04/02 18:44:24
翌日,20260402,更新後,北陸フェンス,2026/04/03,05:00,順方向,2444.6,-324.6,0,0.0,2120,電圧（作業）,0,0,0,0,0,2026/04/02 18:44:24
翌日,20260402,更新後,北陸フェンス,2026/04/03,05:00,逆方向,-2573.548,-324.6,0,-71.852,-2970,安定度（作業）,0,0,0,0,0,2026/04/02 18:44:24
翌日,20260402,更新後,北陸フェンス,2026/04/03,05:30,順方向,2435.8,-315.8,0,0.0,2120,電圧（作業）,0,0,0,0,0,2026/04/02 18:44:24
翌日,20260402,更新後,北陸フェンス,2026/04/03,05:30,逆方向,-2589.676,-315.8,0,-64.524,-2970,安定度（作業）,0,0,0,0,0,2026/04/02 18:44:24
翌日,20260402,更新後,北陸フェンス,2026/04/03,06:00,順方向,2475.5,-355.5,0,0.0,2120,電圧（作業）,0,0,0,0,0,2026/04/02 18:44:24
翌日,20260402,更新後,北陸フェンス,2026/04/03,06:00,逆方向,-2567.416,-355.5,0,-47.084,-2970,安定度（作業）,0,0,0,0,0,2026/04/02 18:44:24
翌日,20260402,更新後,北陸フェンス,2026/04/03,06:30,順方向,2482.7,-402.7,0,40.0,2120,電圧（作業）,0,0,0,0,0,2026/04/02 18:44:24
翌日,20260402,更新後,北陸フェンス,2026/04/03,06:30,逆方向,-2527.8,-402.7,0,-39.5,-2970,安定度（作業）,0,0,0,0,0,2026/04/02 18:44:24
翌日,20260402,更新後,北陸フェンス,2026/04/03,07:00,順方向,2664.1,-544.1,0,0.0,2120,電圧（作業）,0,0,0,0,0,2026/04/02 18:44:24
翌日,20260402,更新後,北陸フェンス,2026/04/03,07:00,逆方向,-2391.042,-544.1,0,-34.858,-2970,安定度（作業）,0,0,0,0,0,2026/04/02 18:44:24
翌日,20260402,更新後,北陸フェンス,2026/04/03,07:30,順方向,2448.8,-328.8,0,0.0,2120,電圧（作業）,0,0,0,0,0,2026/04/02 18:44:24
翌日,20260402,更新後,北陸フェンス,2026/04/03,07:30,逆方向,-2422.008,-328.8,0,-219.192,-2970,安定度（作業）,0,0,0,0,0,2026/04/02 18:44:24
翌日,20260402,更新後,北陸フェンス,2026/04/03,08:00,順方向,2547.3,-427.3,0,0.0,2120,電圧（作業）,0,0,0,0,0,2026/04/02 18:44:24
翌日,20260402,更新後,北陸フェンス,2026/04/03,08:00,逆方向,-2359.114,-427.3,0,-183.586,-2970,安定度（作業）,0,0,0,0,0,2026/04/02 18:44:24
翌日,20260402,更新後,北陸フェンス,2026/04/03,08:30,順方向,2263.6,-186.6,0,43.0,2120,電圧（作業）,0,0,0,0,0,2026/04/02 18:44:24
翌日,20260402,更新後,北陸フェンス,2026/04/03,08:30,逆方向,-2560.578,-186.6,0,-122.822,-2870,安定度（作業）,0,0,0,0,0,2026/04/02 18:44:24
翌日,20260402,更新後,北陸フェンス,2026/04/03,09:00,順方向,2264.5,-187.5,0,43.0,2120,電圧（作業）,0,0,0,0,0,2026/04/02 18:44:24
翌日,20260402,更新後,北陸フェンス,2026/04/03,09:00,逆方向,-2577.51,-187.5,0,-104.99,-2870,安定度（作業）,0,0,0,0,0,2026/04/02 18:44:24
翌日,20260402,更新後,北陸フェンス,2026/04/03,09:30,順方向,3162.466,-543.466,0,101.0,2720,電圧（作業）,0,0,0,0,0,2026/04/02 18:44:24
翌日,20260402,更新後,北陸フェンス,2026/04/03,09:30,逆方向,-3326.534,-543.466,0,0.0,-3870,安定度（作業）,0,0,0,0,0,2026/04/02 18:44:24
翌日,20260402,更新後,北陸フェンス,2026/04/03,10:00,順方向,3117.136,-549.1,0,151.964,2720,電圧（作業）,0,0,0,0,0,2026/04/02 18:44:24
翌日,20260402,更新後,北陸フェンス,2026/04/03,10:00,逆方向,-3320.9,-549.1,0,0.0,-3870,安定度（作業）,0,0,0,0,0,2026/04/02 18:44:24
翌日,20260402,更新後,北陸フェンス,2026/04/03,10:30,順方向,2939.4,-463.4,0,244.0,2720,電圧（作業）,0,0,0,0,0,2026/04/02 18:44:24
翌日,20260402,更新後,北陸フェンス,2026/04/03,10:30,逆方向,-3406.6,-463.4,0,0.0,-3870,安定度（作業）,0,0,0,0,0,2026/04/02 18:44:24
翌日,20260402,更新後,北陸フェンス,2026/04/03,11:00,順方向,2861.244,-327.4,0,186.156,2720,電圧（作業）,0,0,0,0,0,2026/04/02 18:44:24
翌日,20260402,更新後,北陸フェンス,2026/04/03,11:00,逆方向,-3542.6,-327.4,0,0.0,-3870,安定度（作業）,0,0,0,0,0,2026/04/02 18:44:24
翌日,20260402,更新後,北陸フェンス,2026/04/03,11:30,順方向,2489.122,13.4,0,217.478,2720,電圧（作業）,0,0,0,0,0,2026/04/02 18:44:24
翌日,20260402,更新後,北陸フェンス,2026/04/03,11:30,逆方向,-3883.4,13.4,0,0.0,-3870,安定度（作業）,0,0,0,0,0,2026/04/02 18:44:24
翌日,20260402,更新後,北陸フェンス,2026/04/03,12:00,順方向,2501.705,21.8,0,196.495,2720,電圧（作業）,0,0,0,0,0,2026/04/02 18:44:24
翌日,20260402,更新後,北陸フェンス,2026/04/03,12:00,逆方向,-3891.8,21.8,0,0.0,-3870,安定度（作業）,0,0,0,0,0,2026/04/02 18:44:24
翌日,20260402,更新後,北陸フェンス,2026/04/03,12:30,順方向,2582.721,48.2,0,89.079,2720,電圧（作業）,0,0,0,0,0,2026/04/02 18:44:24
翌日,20260402,更新後,北陸フェンス,2026/04/03,12:30,逆方向,-3918.2,48.2,0,0.0,-3870,安定度（作業）,0,0,0,0,0,2026/04/02 18:44:24
翌日,20260402,更新後,北陸フェンス,2026/04/03,13:00,順方向,2533.414,14.8,0,171.786,2720,電圧（作業）,0,0,0,0,0,2026/04/02 18:44:24
翌日,20260402,更新後,北陸フェンス,2026/04/03,13:00,逆方向,-3884.8,14.8,0,0.0,-3870,安定度（作業）,0,0,0,0,0,2026/04/02 18:44:24
翌日,20260402,更新後,北陸フェンス,2026/04/03,13:30,順方向,2842.3,-338.3,0,216.0,2720,電圧（作業）,0,0,0,0,0,2026/04/02 18:44:24
翌日,20260402,更新後,北陸フェンス,2026/04/03,13:30,逆方向,-3531.7,-338.3,0,0.0,-3870,安定度（作業）,0,0,0,0,0,2026/04/02 18:44:24
翌日,20260402,更新後,北陸フェンス,2026/04/03,14:00,順方向,2883.1,-334.1,0,171.0,2720,電圧（作業）,0,0,0,0,0,2026/04/02 18:44:24
翌日,20260402,更新後,北陸フェンス,2026/04/03,14:00,逆方向,-3535.9,-334.1,0,0.0,-3870,安定度（作業）,0,0,0,0,0,2026/04/02 18:44:24
翌日,20260402,更新後,北陸フェンス,2026/04/03,14:30,順方向,2719.016,-120.2,0,121.184,2720,電圧（作業）,0,0,0,0,0,2026/04/02 18:44:24
翌日,20260402,更新後,北陸フェンス,2026/04/03,14:30,逆方向,-3749.8,-120.2,0,0.0,-3870,安定度（作業）,0,0,0,0,0,2026/04/02 18:44:24
翌日,20260402,更新後,北陸フェンス,2026/04/03,15:00,順方向,3226.5,-570.1,0,63.6,2720,電圧（作業）,0,0,0,0,0,2026/04/02 18:44:24
翌日,20260402,更新後,北陸フェンス,2026/04/03,15:00,逆方向,-3299.9,-570.1,0,0.0,-3870,安定度（作業）,0,0,0,0,0,2026/04/02 18:44:24
翌日,20260402,更新後,北陸フェンス,2026/04/03,15:30,順方向,2969.6,-331.2,0,81.6,2720,電圧（作業）,0,0,0,0,0,2026/04/02 18:44:24
翌日,20260402,更新後,北陸フェンス,2026/04/03,15:30,逆方向,-3538.8,-331.2,0,0.0,-3870,安定度（作業）,0,0,0,0,0,2026/04/02 18:44:24
翌日,20260402,更新後,北陸フェンス,2026/04/03,16:00,順方向,3078.3,-536.9,0,178.6,2720,電圧（作業）,0,0,0,0,0,2026/04/02 18:44:24
翌日,20260402,更新後,北陸フェンス,2026/04/03,16:00,逆方向,-3333.1,-536.9,0,0.0,-3870,安定度（作業）,0,0,0,0,0,2026/04/02 18:44:24
翌日,20260402,更新後,北陸フェンス,2026/04/03,16:30,順方向,3303.335,-660.9,0,77.565,2720,電圧（作業）,0,0,0,0,0,2026/04/02 18:44:24
翌日,20260402,更新後,北陸フェンス,2026/04/03,16:30,逆方向,-3199.1,-660.9,0,-10.0,-3870,安定度（作業）,0,0,0,0,0,2026/04/02 18:44:24
翌日,20260402,更新後,北陸フェンス,2026/04/03,17:00,順方向,3185.869,-533.8,0,67.931,2720,電圧（作業）,0,0,0,0,0,2026/04/02 18:44:24
翌日,20260402,更新後,北陸フェンス,2026/04/03,17:00,逆方向,-3330.2,-533.8,0,-6.0,-3870,安定度（作業）,0,0,0,0,0,2026/04/02 18:44:24
翌日,20260402,更新後,北陸フェンス,2026/04/03,17:30,順方向,3467.5,-859.5,0,112.0,2720,電圧（作業）,0,0,0,0,0,2026/04/02 18:44:24
翌日,20260402,更新後,北陸フェンス,2026/04/03,17:30,逆方向,-3010.5,-859.5,0,0.0,-3870,安定度（作業）,0,0,0,0,0,2026/04/02 18:44:24
翌日,20260402,更新後,北陸フェンス,2026/04/03,18:00,順方向,3372.209,-755.3,0,103.091,2720,電圧（作業）,0,0,0,0,0,2026/04/02 18:44:24
翌日,20260402,更新後,北陸フェンス,2026/04/03,18:00,逆方向,-3114.7,-755.3,0,0.0,-3870,安定度（作業）,0,0,0,0,0,2026/04/02 18:44:24
翌日,20260402,更新後,北陸フェンス,2026/04/03,18:30,順方向,3368.702,-699.9,0,51.198,2720,電圧（作業）,0,0,0,0,0,2026/04/02 18:44:24
翌日,20260402,更新後,北陸フェンス,2026/04/03,18:30,逆方向,-3270.1,-699.9,0,0.0,-3970,安定度（作業）,0,0,0,0,0,2026/04/02 18:44:24
翌日,20260402,更新後,北陸フェンス,2026/04/03,19:00,順方向,3369.782,-705.9,0,56.118,2720,電圧（作業）,0,0,0,0,0,2026/04/02 18:44:24
翌日,20260402,更新後,北陸フェンス,2026/04/03,19:00,逆方向,-3264.1,-705.9,0,0.0,-3970,安定度（作業）,0,0,0,0,0,2026/04/02 18:44:24
翌日,20260402,更新後,北陸フェンス,2026/04/03,19:30,順方向,3396.158,-729.2,0,53.042,2720,電圧（作業）,0,0,0,0,0,2026/04/02 18:44:24
翌日,20260402,更新後,北陸フェンス,2026/04/03,19:30,逆方向,-3240.8,-729.2,0,0.0,-3970,安定度（作業）,0,0,0,0,0,2026/04/02 18:44:24
翌日,20260402,更新後,北陸フェンス,2026/04/03,20:00,順方向,3366.8,-686.8,0,40.0,2720,電圧（作業）,0,0,0,0,0,2026/04/02 18:44:24
翌日,20260402,更新後,北陸フェンス,2026/04/03,20:00,逆方向,-3283.2,-686.8,0,0.0,-3970,安定度（作業）,0,0,0,0,0,2026/04/02 18:44:24
翌日,20260402,更新後,北陸フェンス,2026/04/03,20:30,順方向,2764.2,-679.2,0,35.0,2120,電圧（作業）,0,0,0,0,0,2026/04/02 18:44:24
翌日,20260402,更新後,北陸フェンス,2026/04/03,20:30,逆方向,-2290.8,-679.2,0,0.0,-2970,安定度（作業）,0,0,0,0,0,2026/04/02 18:44:24
翌日,20260402,更新後,北陸フェンス,2026/04/03,21:00,順方向,2802.1,-722.1,0,40.0,2120,電圧（作業）,0,0,0,0,0,2026/04/02 18:44:24
翌日,20260402,更新後,北陸フェンス,2026/04/03,21:00,逆方向,-2247.9,-722.1,0,0.0,-2970,安定度（作業）,0,0,0,0,0,2026/04/02 18:44:24
翌日,20260402,更新後,北陸フェンス,2026/04/03,21:30,順方向,2696.2,-623.2,0,47.0,2120,電圧（作業）,0,0,0,0,0,2026/04/02 18:44:24
翌日,20260402,更新後,北陸フェンス,2026/04/03,21:30,逆方向,-2329.8,-623.2,0,-17.0,-2970,安定度（作業）,0,0,0,0,0,2026/04/02 18:44:24
翌日,20260402,更新後,北陸フェンス,2026/04/03,22:00,順方向,2764.8,-691.8,0,47.0,2120,電圧（作業）,0,0,0,0,0,2026/04/02 18:44:24
翌日,20260402,更新後,北陸フェンス,2026/04/03,22:00,逆方向,-2261.2,-691.8,0,-17.0,-2970,安定度（作業）,0,0,0,0,0,2026/04/02 18:44:24
翌日,20260402,更新後,北陸フェンス,2026/04/03,22:30,順方向,2663.1,-592.1,0,49.0,2120,電圧（作業）,0,0,0,0,0,2026/04/02 18:44:24
翌日,20260402,更新後,北陸フェンス,2026/04/03,22:30,逆方向,-2374.432,-592.1,0,-3.468,-2970,安定度（作業）,0,0,0,0,0,2026/04/02 18:44:24
翌日,20260402,更新後,北陸フェンス,2026/04/03,23:00,順方向,2668.9,-596.9,0,48.0,2120,電圧（作業）,0,0,0,0,0,2026/04/02 18:44:24
翌日,20260402,更新後,北陸フェンス,2026/04/03,23:00,逆方向,-2356.1,-596.9,0,-17.0,-2970,安定度（作業）,0,0,0,0,0,2026/04/02 18:44:24
翌日,20260402,更新後,北陸フェンス,2026/04/03,23:30,順方向,2550.0,-480.0,0,50.0,2120,電圧（作業）,0,0,0,0,0,2026/04/02 18:44:24
翌日,20260402,更新後,北陸フェンス,2026/04/03,23:30,逆方向,-2472.0,-480.0,0,-18.0,-2970,安定度（作業）,0,0,0,0,0,2026/04/02 18:44:24
翌日,20260402,更新後,北陸フェンス,2026/04/03,24:00,順方向,2630.3,-559.3,0,49.0,2120,電圧（作業）,0,0,0,0,0,2026/04/02 18:44:24
翌日,20260402,更新後,北陸フェンス,2026/04/03,24:00,逆方向,-2392.7,-559.3,0,-18.0,-2970,安定度（作業）,0,0,0,0,0,2026/04/02 18:44:24
翌日,20260402,更新後,関西フェンス,2026/04/03,00:30,順方向,3834.204,-2365.5,0,521.296,1990,安定度（作業）,0,0,0,0,0,2026/04/02 18:44:24
翌日,20260402,更新後,関西フェンス,2026/04/03,00:30,逆方向,-464.5,-2365.5,0,0.0,-2830,電圧（作業）,0,0,0,0,0,2026/04/02 18:44:24
翌日,20260402,更新後,関西フェンス,2026/04/03,01:00,順方向,3725.702,-2307.1,0,571.398,1990,安定度（作業）,0,0,0,0,0,2026/04/02 18:44:24
翌日,20260402,更新後,関西フェンス,2026/04/03,01:00,逆方向,-522.9,-2307.1,0,0.0,-2830,電圧（作業）,0,0,0,0,0,2026/04/02 18:44:24
翌日,20260402,更新後,関西フェンス,2026/04/03,01:30,順方向,3830.987,-2360.8,0,519.813,1990,安定度（作業）,0,0,0,0,0,2026/04/02 18:44:24
翌日,20260402,更新後,関西フェンス,2026/04/03,01:30,逆方向,-469.2,-2360.8,0,0.0,-2830,電圧（作業）,0,0,0,0,0,2026/04/02 18:44:24
翌日,20260402,更新後,関西フェンス,2026/04/03,02:00,順方向,3747.848,-2330.9,0,573.052,1990,安定度（作業）,0,0,0,0,0,2026/04/02 18:44:24
翌日,20260402,更新後,関西フェンス,2026/04/03,02:00,逆方向,-499.1,-2330.9,0,0.0,-2830,電圧（作業）,0,0,0,0,0,2026/04/02 18:44:24
翌日,20260402,更新後,関西フェンス,2026/04/03,02:30,順方向,3746.716,-2313.5,0,556.784,1990,安定度（作業）,0,0,0,0,0,2026/04/02 18:44:24
翌日,20260402,更新後,関西フェンス,2026/04/03,02:30,逆方向,-516.5,-2313.5,0,0.0,-2830,電圧（作業）,0,0,0,0,0,2026/04/02 18:44:24
翌日,20260402,更新後,関西フェンス,2026/04/03,03:00,順方向,3848.23,-2405.4,0,547.17,1990,安定度（作業）,0,0,0,0,0,2026/04/02 18:44:24
翌日,20260402,更新後,関西フェンス,2026/04/03,03:00,逆方向,-424.6,-2405.4,0,0.0,-2830,電圧（作業）,0,0,0,0,0,2026/04/02 18:44:24
翌日,20260402,更新後,関西フェンス,2026/04/03,03:30,順方向,3874.892,-2363.3,0,478.408,1990,安定度（作業）,0,0,0,0,0,2026/04/02 18:44:24
翌日,20260402,更新後,関西フェンス,2026/04/03,03:30,逆方向,-466.7,-2363.3,0,0.0,-2830,電圧（作業）,0,0,0,0,0,2026/04/02 18:44:24
翌日,20260402,更新後,関西フェンス,2026/04/03,04:00,順方向,3966.614,-2423.8,0,447.186,1990,安定度（作業）,0,0,0,0,0,2026/04/02 18:44:24
翌日,20260402,更新後,関西フェンス,2026/04/03,04:00,逆方向,-406.2,-2423.8,0,0.0,-2830,電圧（作業）,0,0,0,0,0,2026/04/02 18:44:24
翌日,20260402,更新後,関西フェンス,2026/04/03,04:30,順方向,3962.568,-2462.8,0,490.232,1990,安定度（作業）,0,0,0,0,0,2026/04/02 18:44:24
翌日,20260402,更新後,関西フェンス,2026/04/03,04:30,逆方向,-367.2,-2462.8,0,0.0,-2830,電圧（作業）,0,0,0,0,0,2026/04/02 18:44:24
翌日,20260402,更新後,関西フェンス,2026/04/03,05:00,順方向,4009.742,-2505.4,0,485.658,1990,安定度（作業）,0,0,0,0,0,2026/04/02 18:44:24
翌日,20260402,更新後,関西フェンス,2026/04/03,05:00,逆方向,-324.6,-2505.4,0,0.0,-2830,電圧（作業）,0,0,0,0,0,2026/04/02 18:44:24
翌日,20260402,更新後,関西フェンス,2026/04/03,05:30,順方向,4025.87,-2514.2,0,478.33,1990,安定度（作業）,0,0,0,0,0,2026/04/02 18:44:24
翌日,20260402,更新後,関西フェンス,2026/04/03,05:30,逆方向,-315.8,-2514.2,0,0.0,-2830,電圧（作業）,0,0,0,0,0,2026/04/02 18:44:24
翌日,20260402,更新後,関西フェンス,2026/04/03,06:00,順方向,4003.61,-2474.5,0,460.89,1990,安定度（作業）,0,0,0,0,0,2026/04/02 18:44:24
翌日,20260402,更新後,関西フェンス,2026/04/03,06:00,逆方向,-355.5,-2474.5,0,0.0,-2830,電圧（作業）,0,0,0,0,0,2026/04/02 18:44:24
翌日,20260402,更新後,関西フェンス,2026/04/03,06:30,順方向,4117.731,-2427.3,0,299.569,1990,安定度（作業）,0,0,0,0,0,2026/04/02 18:44:24
翌日,20260402,更新後,関西フェンス,2026/04/03,06:30,逆方向,-402.7,-2427.3,0,0.0,-2830,電圧（作業）,0,0,0,0,0,2026/04/02 18:44:24
翌日,20260402,更新後,関西フェンス,2026/04/03,07:00,順方向,3871.131,-2285.9,0,404.769,1990,安定度（作業）,0,0,0,0,0,2026/04/02 18:44:24
翌日,20260402,更新後,関西フェンス,2026/04/03,07:00,逆方向,-544.1,-2285.9,0,0.0,-2830,電圧（作業）,0,0,0,0,0,2026/04/02 18:44:24
翌日,20260402,更新後,関西フェンス,2026/04/03,07:30,順方向,3723.808,-2501.2,0,767.392,1990,安定度（作業）,0,0,0,0,0,2026/04/02 18:44:24
翌日,20260402,更新後,関西フェンス,2026/04/03,07:30,逆方向,-328.8,-2501.2,0,0.0,-2830,電圧（作業）,0,0,0,0,0,2026/04/02 18:44:24
翌日,20260402,更新後,関西フェンス,2026/04/03,08:00,順方向,3528.785,-2402.7,0,863.915,1990,安定度（作業）,0,0,0,0,0,2026/04/02 18:44:24
翌日,20260402,更新後,関西フェンス,2026/04/03,08:00,逆方向,-427.3,-2402.7,0,0.0,-2830,電圧（作業）,0,0,0,0,0,2026/04/02 18:44:24
翌日,20260402,更新後,関西フェンス,2026/04/03,08:30,順方向,3607.403,-2543.4,0,965.997,2030,安定度（作業）,0,0,0,0,0,2026/04/02 18:44:24
翌日,20260402,更新後,関西フェンス,2026/04/03,08:30,逆方向,-186.6,-2543.4,0,0.0,-2730,電圧（作業）,0,0,0,0,0,2026/04/02 18:44:24
翌日,20260402,更新後,関西フェンス,2026/04/03,09:00,順方向,3653.708,-2542.5,0,918.792,2030,安定度（作業）,0,0,0,0,0,2026/04/02 18:44:24
翌日,20260402,更新後,関西フェンス,2026/04/03,09:00,逆方向,-187.5,-2542.5,0,0.0,-2730,電圧（作業）,0,0,0,0,0,2026/04/02 18:44:24
翌日,20260402,更新後,関西フェンス,2026/04/03,09:30,順方向,3714.534,-1942.534,0,758.0,2530,安定度（作業）,0,0,0,0,0,2026/04/02 18:44:24
翌日,20260402,更新後,関西フェンス,2026/04/03,09:30,逆方向,-1436.846,-1942.534,0,-50.62,-3430,電圧（作業）,0,0,0,0,0,2026/04/02 18:44:24
翌日,20260402,更新後,関西フェンス,2026/04/03,10:00,順方向,3481.158,-1815.8,0,864.642,2530,安定度（作業）,0,0,0,0,0,2026/04/02 18:44:24
翌日,20260402,更新後,関西フェンス,2026/04/03,10:00,逆方向,-1356.2,-1815.8,0,-258.0,-3430,電圧（作業）,0,0,0,0,0,2026/04/02 18:44:24
翌日,20260402,更新後,関西フェンス,2026/04/03,10:30,順方向,3793.094,-2109.9,0,846.806,2530,安定度（作業）,0,0,0,0,0,2026/04/02 18:44:24
翌日,20260402,更新後,関西フェンス,2026/04/03,10:30,逆方向,-1172.45,-2109.9,0,-147.65,-3430,電圧（作業）,0,0,0,0,0,2026/04/02 18:44:24
翌日,20260402,更新後,関西フェンス,2026/04/03,11:00,順方向,3707.35,-2008.0,0,830.65,2530,安定度（作業）,0,0,0,0,0,2026/04/02 18:44:24
翌日,20260402,更新後,関西フェンス,2026/04/03,11:00,逆方向,-1191.0,-2008.0,0,-231.0,-3430,電圧（作業）,0,0,0,0,0,2026/04/02 18:44:24
翌日,20260402,更新後,関西フェンス,2026/04/03,11:30,順方向,4023.778,-2101.3,0,607.522,2530,安定度（作業）,0,0,0,0,0,2026/04/02 18:44:24
翌日,20260402,更新後,関西フェンス,2026/04/03,11:30,逆方向,-1191.7,-2101.3,0,-137.0,-3430,電圧（作業）,0,0,0,0,0,2026/04/02 18:44:24
翌日,20260402,更新後,関西フェンス,2026/04/03,12:00,順方向,3813.716,-1913.3,0,629.584,2530,安定度（作業）,0,0,0,0,0,2026/04/02 18:44:24
翌日,20260402,更新後,関西フェンス,2026/04/03,12:00,逆方向,-1324.7,-1913.3,0,-192.0,-3430,電圧（作業）,0,0,0,0,0,2026/04/02 18:44:24
翌日,20260402,更新後,関西フェンス,2026/04/03,12:30,順方向,3468.48,-1657.9,0,719.42,2530,安定度（作業）,0,0,0,0,0,2026/04/02 18:44:24
翌日,20260402,更新後,関西フェンス,2026/04/03,12:30,逆方向,-1770.48,-1657.9,0,-1.62,-3430,電圧（作業）,0,0,0,0,0,2026/04/02 18:44:24
翌日,20260402,更新後,関西フェンス,2026/04/03,13:00,順方向,4324.059,-1832.736,0,38.677,2530,安定度（作業）,0,0,0,0,0,2026/04/02 18:44:24
翌日,20260402,更新後,関西フェンス,2026/04/03,13:00,逆方向,-1597.264,-1832.736,0,0.0,-3430,電圧（作業）,0,0,0,0,0,2026/04/02 18:44:24
翌日,20260402,更新後,関西フェンス,2026/04/03,13:30,順方向,3577.423,-1220.6,0,173.177,2530,安定度（作業）,0,0,0,0,0,2026/04/02 18:44:24
翌日,20260402,更新後,関西フェンス,2026/04/03,13:30,逆方向,-2182.78,-1220.6,0,-26.62,-3430,電圧（作業）,0,0,0,0,0,2026/04/02 18:44:24
翌日,20260402,更新後,関西フェンス,2026/04/03,14:00,順方向,3098.314,-1257.7,0,689.386,2530,安定度（作業）,0,0,0,0,0,2026/04/02 18:44:24
翌日,20260402,更新後,関西フェンス,2026/04/03,14:00,逆方向,-2149.68,-1257.7,0,-22.62,-3430,電圧（作業）,0,0,0,0,0,2026/04/02 18:44:24
翌日,20260402,更新後,関西フェンス,2026/04/03,14:30,順方向,3625.544,-1786.3,0,690.756,2530,安定度（作業）,0,0,0,0,0,2026/04/02 18:44:24
翌日,20260402,更新後,関西フェンス,2026/04/03,14:30,逆方向,-1638.08,-1786.3,0,-5.62,-3430,電圧（作業）,0,0,0,0,0,2026/04/02 18:44:24
翌日,20260402,更新後,関西フェンス,2026/04/03,15:00,順方向,4323.569,-2606.1,0,812.531,2530,安定度（作業）,0,0,0,0,0,2026/04/02 18:44:24
翌日,20260402,更新後,関西フェンス,2026/04/03,15:00,逆方向,-823.9,-2606.1,0,0.0,-3430,電圧（作業）,0,0,0,0,0,2026/04/02 18:44:24
翌日,20260402,更新後,関西フェンス,2026/04/03,15:30,順方向,5169.704,-3098.8,0,459.096,2530,安定度（作業）,0,0,0,0,0,2026/04/02 18:44:24
翌日,20260402,更新後,関西フェンス,2026/04/03,15:30,逆方向,-331.2,-3098.8,0,0.0,-3430,電圧（作業）,0,0,0,0,0,2026/04/02 18:44:24
翌日,20260402,更新後,関西フェンス,2026/04/03,16:00,順方向,4797.454,-2893.1,0,625.646,2530,安定度（作業）,0,0,0,0,0,2026/04/02 18:44:24
翌日,20260402,更新後,関西フェンス,2026/04/03,16:00,逆方向,-536.9,-2893.1,0,0.0,-3430,電圧（作業）,0,0,0,0,0,2026/04/02 18:44:24
翌日,20260402,更新後,関西フェンス,2026/04/03,16:30,順方向,4455.665,-2769.1,0,843.435,2530,安定度（作業）,0,0,0,0,0,2026/04/02 18:44:24
翌日,20260402,更新後,関西フェンス,2026/04/03,16:30,逆方向,-660.9,-2769.1,0,0.0,-3430,電圧（作業）,0,0,0,0,0,2026/04/02 18:44:24
翌日,20260402,更新後,関西フェンス,2026/04/03,17:00,順方向,4523.087,-2896.2,0,903.113,2530,安定度（作業）,0,0,0,0,0,2026/04/02 18:44:24
翌日,20260402,更新後,関西フェンス,2026/04/03,17:00,逆方向,-533.8,-2896.2,0,0.0,-3430,電圧（作業）,0,0,0,0,0,2026/04/02 18:44:24
翌日,20260402,更新後,関西フェンス,2026/04/03,17:30,順方向,4018.016,-2570.5,0,1082.484,2530,安定度（作業）,0,0,0,0,0,2026/04/02 18:44:24
翌日,20260402,更新後,関西フェンス,2026/04/03,17:30,逆方向,-859.5,-2570.5,0,0.0,-3430,電圧（作業）,0,0,0,0,0,2026/04/02 18:44:24
翌日,20260402,更新後,関西フェンス,2026/04/03,18:00,順方向,4180.079,-2674.7,0,1024.621,2530,安定度（作業）,0,0,0,0,0,2026/04/02 18:44:24
翌日,20260402,更新後,関西フェンス,2026/04/03,18:00,逆方向,-751.209,-2674.7,0,-4.091,-3430,電圧（作業）,0,0,0,0,0,2026/04/02 18:44:24
翌日,20260402,更新後,関西フェンス,2026/04/03,18:30,順方向,4454.733,-2830.1,0,1005.367,2630,安定度（作業）,0,0,0,0,0,2026/04/02 18:44:24
翌日,20260402,更新後,関西フェンス,2026/04/03,18:30,逆方向,-699.9,-2830.1,0,0.0,-3530,電圧（作業）,0,0,0,0,0,2026/04/02 18:44:24
翌日,20260402,更新後,関西フェンス,2026/04/03,19:00,順方向,4495.844,-2773.5,0,907.656,2630,安定度（作業）,0,0,0,0,0,2026/04/02 18:44:24
翌日,20260402,更新後,関西フェンス,2026/04/03,19:00,逆方向,-756.5,-2773.5,0,0.0,-3530,電圧（作業）,0,0,0,0,0,2026/04/02 18:44:24
翌日,20260402,更新後,関西フェンス,2026/04/03,19:30,順方向,4394.725,-2800.8,0,1036.075,2630,安定度（作業）,0,0,0,0,0,2026/04/02 18:44:24
翌日,20260402,更新後,関西フェンス,2026/04/03,19:30,逆方向,-729.2,-2800.8,0,0.0,-3530,電圧（作業）,0,0,0,0,0,2026/04/02 18:44:24
翌日,20260402,更新後,関西フェンス,2026/04/03,20:00,順方向,4429.2,-2843.2,0,1044.0,2630,安定度（作業）,0,0,0,0,0,2026/04/02 18:44:24
翌日,20260402,更新後,関西フェンス,2026/04/03,20:00,逆方向,-686.8,-2843.2,0,0.0,-3530,電圧（作業）,0,0,0,0,0,2026/04/02 18:44:24
翌日,20260402,更新後,関西フェンス,2026/04/03,20:30,順方向,3204.8,-2150.8,0,1076.0,2130,安定度（作業）,0,0,0,0,0,2026/04/02 18:44:24
翌日,20260402,更新後,関西フェンス,2026/04/03,20:30,逆方向,-679.2,-2150.8,0,0.0,-2830,電圧（作業）,0,0,0,0,0,2026/04/02 18:44:24
翌日,20260402,更新後,関西フェンス,2026/04/03,21:00,順方向,3109.145,-2107.9,0,1128.755,2130,安定度（作業）,0,0,0,0,0,2026/04/02 18:44:24
翌日,20260402,更新後,関西フェンス,2026/04/03,21:00,逆方向,-722.1,-2107.9,0,0.0,-2830,電圧（作業）,0,0,0,0,0,2026/04/02 18:44:24
翌日,20260402,更新後,関西フェンス,2026/04/03,21:30,順方向,3307.8,-2206.8,0,1029.0,2130,安定度（作業）,0,0,0,0,0,2026/04/02 18:44:24
翌日,20260402,更新後,関西フェンス,2026/04/03,21:30,逆方向,-623.2,-2206.8,0,0.0,-2830,電圧（作業）,0,0,0,0,0,2026/04/02 18:44:24
翌日,20260402,更新後,関西フェンス,2026/04/03,22:00,順方向,3346.235,-2138.2,0,921.965,2130,安定度（作業）,0,0,0,0,0,2026/04/02 18:44:24
翌日,20260402,更新後,関西フェンス,2026/04/03,22:00,逆方向,-691.8,-2138.2,0,0.0,-2830,電圧（作業）,0,0,0,0,0,2026/04/02 18:44:24
翌日,20260402,更新後,関西フェンス,2026/04/03,22:30,順方向,3313.958,-2237.9,0,913.942,1990,安定度（作業）,0,0,0,0,0,2026/04/02 18:44:24
翌日,20260402,更新後,関西フェンス,2026/04/03,22:30,逆方向,-592.1,-2237.9,0,0.0,-2830,電圧（作業）,0,0,0,0,0,2026/04/02 18:44:24
翌日,20260402,更新後,関西フェンス,2026/04/03,23:00,順方向,3291.079,-2233.1,0,932.021,1990,安定度（作業）,0,0,0,0,0,2026/04/02 18:44:24
翌日,20260402,更新後,関西フェンス,2026/04/03,23:00,逆方向,-596.9,-2233.1,0,0.0,-2830,電圧（作業）,0,0,0,0,0,2026/04/02 18:44:24
翌日,20260402,更新後,関西フェンス,2026/04/03,23:30,順方向,3445.082,-2350.0,0,894.918,1990,安定度（作業）,0,0,0,0,0,2026/04/02 18:44:24
翌日,20260402,更新後,関西フェンス,2026/04/03,23:30,逆方向,-480.0,-2350.0,0,0.0,-2830,電圧（作業）,0,0,0,0,0,2026/04/02 18:44:24
翌日,20260402,更新後,関西フェンス,2026/04/03,24:00,順方向,3389.209,-2270.7,0,871.491,1990,安定度（作業）,0,0,0,0,0,2026/04/02 18:44:24
翌日,20260402,更新後,関西フェンス,2026/04/03,24:00,逆方向,-559.3,-2270.7,0,0.0,-2830,電圧（作業）,0,0,0,0,0,2026/04/02 18:44:24
翌日,20260402,更新後,関西-中国（東）,2026/04/03,00:30,順方向,7801.146,-3383.508,0,182.362,4600,電圧,0,0,0,0,0,2026/04/02 18:44:24
翌日,20260402,更新後,関西-中国（東）,2026/04/03,00:30,逆方向,-1116.492,-3383.508,0,0.0,-4500,電圧,0,0,0,0,0,2026/04/02 18:44:24
翌日,20260402,更新後,関西-中国（東）,2026/04/03,01:00,順方向,7598.446,-3226.836,0,228.39,4600,電圧,0,0,0,0,0,2026/04/02 18:44:24
翌日,20260402,更新後,関西-中国（東）,2026/04/03,01:00,逆方向,-1273.164,-3226.836,0,0.0,-4500,電圧,0,0,0,0,0,2026/04/02 18:44:24
翌日,20260402,更新後,関西-中国（東）,2026/04/03,01:30,順方向,7621.507,-3194.874,0,173.367,4600,電圧,0,0,0,0,0,2026/04/02 18:44:24
翌日,20260402,更新後,関西-中国（東）,2026/04/03,01:30,逆方向,-1300.914,-3194.874,0,-4.212,-4500,電圧,0,0,0,0,0,2026/04/02 18:44:24
翌日,20260402,更新後,関西-中国（東）,2026/04/03,02:00,順方向,7583.04,-3209.642,0,226.602,4600,電圧,0,0,0,0,0,2026/04/02 18:44:24
翌日,20260402,更新後,関西-中国（東）,2026/04/03,02:00,逆方向,-1290.358,-3209.642,0,0.0,-4500,電圧,0,0,0,0,0,2026/04/02 18:44:24
翌日,20260402,更新後,関西-中国（東）,2026/04/03,02:30,順方向,7677.35,-3284.076,0,206.726,4600,電圧,0,0,0,0,0,2026/04/02 18:44:24
翌日,20260402,更新後,関西-中国（東）,2026/04/03,02:30,逆方向,-1215.864,-3284.136,0,0.0,-4500,電圧,0,0,0,0,0,2026/04/02 18:44:24
翌日,20260402,更新後,関西-中国（東）,2026/04/03,03:00,順方向,7781.438,-3303.29,0,121.852,4600,電圧,0,0,0,0,0,2026/04/02 18:44:24
翌日,20260402,更新後,関西-中国（東）,2026/04/03,03:00,逆方向,-1196.71,-3303.29,0,0.0,-4500,電圧,0,0,0,0,0,2026/04/02 18:44:24
翌日,20260402,更新後,関西-中国（東）,2026/04/03,03:30,順方向,7863.396,-3263.396,0,0.0,4600,電圧,0,0,0,0,0,2026/04/02 18:44:24
翌日,20260402,更新後,関西-中国（東）,2026/04/03,03:30,逆方向,-1236.544,-3263.456,0,0.0,-4500,電圧,0,0,0,0,0,2026/04/02 18:44:24
翌日,20260402,更新後,関西-中国（東）,2026/04/03,04:00,順方向,7910.578,-3310.578,0,0.0,4600,電圧,0,0,0,0,0,2026/04/02 18:44:24
翌日,20260402,更新後,関西-中国（東）,2026/04/03,04:00,逆方向,-1189.422,-3310.578,0,0.0,-4500,電圧,0,0,0,0,0,2026/04/02 18:44:24
翌日,20260402,更新後,関西-中国（東）,2026/04/03,04:30,順方向,7959.532,-3359.532,0,0.0,4600,電圧,0,0,0,0,0,2026/04/02 18:44:24
翌日,20260402,更新後,関西-中国（東）,2026/04/03,04:30,逆方向,-1140.468,-3359.532,0,0.0,-4500,電圧,0,0,0,0,0,2026/04/02 18:44:24
翌日,20260402,更新後,関西-中国（東）,2026/04/03,05:00,順方向,7968.432,-3368.432,0,0.0,4600,電圧,0,0,0,0,0,2026/04/02 18:44:24
翌日,20260402,更新後,関西-中国（東）,2026/04/03,05:00,逆方向,-1131.568,-3368.432,0,0.0,-4500,電圧,0,0,0,0,0,2026/04/02 18:44:24
翌日,20260402,更新後,関西-中国（東）,2026/04/03,05:30,順方向,7945.052,-3345.052,0,0.0,4600,電圧,0,0,0,0,0,2026/04/02 18:44:24
翌日,20260402,更新後,関西-中国（東）,2026/04/03,05:30,逆方向,-1154.888,-3345.112,0,0.0,-4500,電圧,0,0,0,0,0,2026/04/02 18:44:24
翌日,20260402,更新後,関西-中国（東）,2026/04/03,06:00,順方向,7903.864,-3303.864,0,0.0,4600,電圧,0,0,0,0,0,2026/04/02 18:44:24
翌日,20260402,更新後,関西-中国（東）,2026/04/03,06:00,逆方向,-1196.076,-3303.924,0,0.0,-4500,電圧,0,0,0,0,0,2026/04/02 18:44:24
翌日,20260402,更新後,関西-中国（東）,2026/04/03,06:30,順方向,7875.038,-3276.038,0,1.0,4600,電圧,0,0,0,0,0,2026/04/02 18:44:24
翌日,20260402,更新後,関西-中国（東）,2026/04/03,06:30,逆方向,-1223.962,-3276.038,0,0.0,-4500,電圧,0,0,0,0,0,2026/04/02 18:44:24
翌日,20260402,更新後,関西-中国（東）,2026/04/03,07:00,順方向,7662.053,-3175.66,0,113.607,4600,電圧,0,0,0,0,0,2026/04/02 18:44:24
翌日,20260402,更新後,関西-中国（東）,2026/04/03,07:00,逆方向,-1324.34,-3175.66,0,0.0,-4500,電圧,0,0,0,0,0,2026/04/02 18:44:24
翌日,20260402,更新後,関西-中国（東）,2026/04/03,07:30,順方向,8003.518,-3725.91,0,322.392,4600,電圧,0,0,0,0,0,2026/04/02 18:44:24
翌日,20260402,更新後,関西-中国（東）,2026/04/03,07:30,逆方向,-774.09,-3725.91,0,0.0,-4500,電圧,0,0,0,0,0,2026/04/02 18:44:24
翌日,20260402,更新後,関西-中国（東）,2026/04/03,08:00,順方向,7717.214,-3450.682,0,333.468,4600,電圧,0,0,0,0,0,2026/04/02 18:44:24
翌日,20260402,更新後,関西-中国（東）,2026/04/03,08:00,逆方向,-1049.318,-3450.682,0,0.0,-4500,電圧,0,0,0,0,0,2026/04/02 18:44:24
翌日,20260402,更新後,関西-中国（東）,2026/04/03,08:30,順方向,8271.991,-4203.988,0,531.997,4600,電圧,0,0,0,0,0,2026/04/02 18:44:24
翌日,20260402,更新後,関西-中国（東）,2026/04/03,08:30,逆方向,-295.952,-4204.048,0,0.0,-4500,電圧,0,0,0,0,0,2026/04/02 18:44:24
翌日,20260402,更新後,関西-中国（東）,2026/04/03,09:00,順方向,8584.49,-4490.282,0,505.792,4600,電圧,0,0,0,0,0,2026/04/02 18:44:24
翌日,20260402,更新後,関西-中国（東）,2026/04/03,09:00,逆方向,-9.718,-4490.282,0,0.0,-4500,電圧,0,0,0,0,0,2026/04/02 18:44:24
翌日,20260402,更新後,関西-中国（東）,2026/04/03,09:30,順方向,9100.0,-4500.0,0,0.0,4600,電圧,0,0,0,0,0,2026/04/02 18:44:24
翌日,20260402,更新後,関西-中国（東）,2026/04/03,09:30,逆方向,0.0,-4500.0,0,0.0,-4500,電圧,0,0,0,0,0,2026/04/02 18:44:24
翌日,20260402,更新後,関西-中国（東）,2026/04/03,10:00,順方向,8974.456,-4499.942,0,125.486,4600,電圧,0,0,0,0,0,2026/04/02 18:44:24
翌日,20260402,更新後,関西-中国（東）,2026/04/03,10:00,逆方向,0.0,-4500.0,0,0.0,-4500,電圧,0,0,0,0,0,2026/04/02 18:44:24
翌日,20260402,更新後,関西-中国（東）,2026/04/03,10:30,順方向,9099.94,-4499.94,0,0.0,4600,電圧,0,0,0,0,0,2026/04/02 18:44:24
翌日,20260402,更新後,関西-中国（東）,2026/04/03,10:30,逆方向,0.0,-4500.0,0,0.0,-4500,電圧,0,0,0,0,0,2026/04/02 18:44:24
翌日,20260402,更新後,関西-中国（東）,2026/04/03,11:00,順方向,9100.0,-4500.0,0,0.0,4600,電圧,0,0,0,0,0,2026/04/02 18:44:24
翌日,20260402,更新後,関西-中国（東）,2026/04/03,11:00,逆方向,0.0,-4500.0,0,0.0,-4500,電圧,0,0,0,0,0,2026/04/02 18:44:24
翌日,20260402,更新後,関西-中国（東）,2026/04/03,11:30,順方向,9099.94,-4499.94,0,0.0,4600,電圧,0,0,0,0,0,2026/04/02 18:44:24
翌日,20260402,更新後,関西-中国（東）,2026/04/03,11:30,逆方向,0.0,-4500.0,0,0.0,-4500,電圧,0,0,0,0,0,2026/04/02 18:44:24
翌日,20260402,更新後,関西-中国（東）,2026/04/03,12:00,順方向,9099.926,-4499.926,0,0.0,4600,電圧,0,0,0,0,0,2026/04/02 18:44:24
翌日,20260402,更新後,関西-中国（東）,2026/04/03,12:00,逆方向,-0.074,-4499.926,0,0.0,-4500,電圧,0,0,0,0,0,2026/04/02 18:44:24
翌日,20260402,更新後,関西-中国（東）,2026/04/03,12:30,順方向,9082.524,-4499.94,0,17.416,4600,電圧,0,0,0,0,0,2026/04/02 18:44:24
翌日,20260402,更新後,関西-中国（東）,2026/04/03,12:30,逆方向,0.0,-4500.0,0,0.0,-4500,電圧,0,0,0,0,0,2026/04/02 18:44:24
翌日,20260402,更新後,関西-中国（東）,2026/04/03,13:00,順方向,9089.722,-4499.998,0,10.276,4600,電圧,0,0,0,0,0,2026/04/02 18:44:24
翌日,20260402,更新後,関西-中国（東）,2026/04/03,13:00,逆方向,-0.002,-4499.998,0,0.0,-4500,電圧,0,0,0,0,0,2026/04/02 18:44:24
翌日,20260402,更新後,関西-中国（東）,2026/04/03,13:30,順方向,9039.702,-4499.978,0,60.276,4600,電圧,0,0,0,0,0,2026/04/02 18:44:24
翌日,20260402,更新後,関西-中国（東）,2026/04/03,13:30,逆方向,-0.022,-4499.978,0,0.0,-4500,電圧,0,0,0,0,0,2026/04/02 18:44:24
翌日,20260402,更新後,関西-中国（東）,2026/04/03,14:00,順方向,9003.24,-4499.962,0,96.722,4600,電圧,0,0,0,0,0,2026/04/02 18:44:24
翌日,20260402,更新後,関西-中国（東）,2026/04/03,14:00,逆方向,-0.038,-4499.962,0,0.0,-4500,電圧,0,0,0,0,0,2026/04/02 18:44:24
翌日,20260402,更新後,関西-中国（東）,2026/04/03,14:30,順方向,8752.466,-4439.222,0,286.756,4600,電圧,0,0,0,0,0,2026/04/02 18:44:24
翌日,20260402,更新後,関西-中国（東）,2026/04/03,14:30,逆方向,-60.778,-4439.222,0,0.0,-4500,電圧,0,0,0,0,0,2026/04/02 18:44:24
翌日,20260402,更新後,関西-中国（東）,2026/04/03,15:00,順方向,8857.721,-4498.668,0,240.947,4600,電圧,0,0,0,0,0,2026/04/02 18:44:24
翌日,20260402,更新後,関西-中国（東）,2026/04/03,15:00,逆方向,-1.274,-4498.726,0,0.0,-4500,電圧,0,0,0,0,0,2026/04/02 18:44:24
翌日,20260402,更新後,関西-中国（東）,2026/04/03,15:30,順方向,9099.088,-4500.0,0,0.912,4600,電圧,0,0,0,0,0,2026/04/02 18:44:24
翌日,20260402,更新後,関西-中国（東）,2026/04/03,15:30,逆方向,0.0,-4500.0,0,0.0,-4500,電圧,0,0,0,0,0,2026/04/02 18:44:24
翌日,20260402,更新後,関西-中国（東）,2026/04/03,16:00,順方向,8545.968,-4499.93,0,553.962,4600,電圧,0,0,0,0,0,2026/04/02 18:44:24
翌日,20260402,更新後,関西-中国（東）,2026/04/03,16:00,逆方向,-0.07,-4499.93,0,0.0,-4500,電圧,0,0,0,0,0,2026/04/02 18:44:24
翌日,20260402,更新後,関西-中国（東）,2026/04/03,16:30,順方向,8854.545,-4499.98,0,245.435,4600,電圧,0,0,0,0,0,2026/04/02 18:44:24
翌日,20260402,更新後,関西-中国（東）,2026/04/03,16:30,逆方向,-0.02,-4499.98,0,0.0,-4500,電圧,0,0,0,0,0,2026/04/02 18:44:24
翌日,20260402,更新後,関西-中国（東）,2026/04/03,17:00,順方向,8624.827,-4499.94,0,475.113,4600,電圧,0,0,0,0,0,2026/04/02 18:44:24
翌日,20260402,更新後,関西-中国（東）,2026/04/03,17:00,逆方向,0.0,-4500.0,0,0.0,-4500,電圧,0,0,0,0,0,2026/04/02 18:44:24
翌日,20260402,更新後,関西-中国（東）,2026/04/03,17:30,順方向,8206.812,-4141.896,0,535.084,4600,電圧,0,0,0,0,0,2026/04/02 18:44:24
翌日,20260402,更新後,関西-中国（東）,2026/04/03,17:30,逆方向,-358.104,-4141.896,0,0.0,-4500,電圧,0,0,0,0,0,2026/04/02 18:44:24
翌日,20260402,更新後,関西-中国（東）,2026/04/03,18:00,順方向,8107.055,-3989.676,0,482.621,4600,電圧,0,0,0,0,0,2026/04/02 18:44:24
翌日,20260402,更新後,関西-中国（東）,2026/04/03,18:00,逆方向,-510.264,-3989.736,0,0.0,-4500,電圧,0,0,0,0,0,2026/04/02 18:44:24
翌日,20260402,更新後,関西-中国（東）,2026/04/03,18:30,順方向,8366.313,-4179.68,0,413.367,4600,電圧,0,0,0,0,0,2026/04/02 18:44:24
翌日,20260402,更新後,関西-中国（東）,2026/04/03,18:30,逆方向,-320.32,-4179.68,0,0.0,-4500,電圧,0,0,0,0,0,2026/04/02 18:44:24
翌日,20260402,更新後,関西-中国（東）,2026/04/03,19:00,順方向,8441.92,-4238.92,0,397.0,4600,電圧,0,0,0,0,0,2026/04/02 18:44:24
翌日,20260402,更新後,関西-中国（東）,2026/04/03,19:00,逆方向,-261.08,-4238.92,0,0.0,-4500,電圧,0,0,0,0,0,2026/04/02 18:44:24
翌日,20260402,更新後,関西-中国（東）,2026/04/03,19:30,順方向,8434.825,-4278.9,0,444.075,4600,電圧,0,0,0,0,0,2026/04/02 18:44:24
翌日,20260402,更新後,関西-中国（東）,2026/04/03,19:30,逆方向,-221.1,-4278.9,0,0.0,-4500,電圧,0,0,0,0,0,2026/04/02 18:44:24
翌日,20260402,更新後,関西-中国（東）,2026/04/03,20:00,順方向,8325.44,-4178.44,0,453.0,4600,電圧,0,0,0,0,0,2026/04/02 18:44:24
翌日,20260402,更新後,関西-中国（東）,2026/04/03,20:00,逆方向,-321.56,-4178.44,0,0.0,-4500,電圧,0,0,0,0,0,2026/04/02 18:44:24
翌日,20260402,更新後,関西-中国（東）,2026/04/03,20:30,順方向,8581.08,-4473.08,0,492.0,4600,電圧,0,0,0,0,0,2026/04/02 18:44:24
翌日,20260402,更新後,関西-中国（東）,2026/04/03,20:30,逆方向,-26.86,-4473.14,0,0.0,-4500,電圧,0,0,0,0,0,2026/04/02 18:44:24
翌日,20260402,更新後,関西-中国（東）,2026/04/03,21:00,順方向,8196.023,-4155.778,0,559.755,4600,電圧,0,0,0,0,0,2026/04/02 18:44:24
翌日,20260402,更新後,関西-中国（東）,2026/04/03,21:00,逆方向,-344.164,-4155.836,0,0.0,-4500,電圧,0,0,0,0,0,2026/04/02 18:44:24
翌日,20260402,更新後,関西-中国（東）,2026/04/03,21:30,順方向,8372.56,-4263.56,0,491.0,4600,電圧,0,0,0,0,0,2026/04/02 18:44:24
翌日,20260402,更新後,関西-中国（東）,2026/04/03,21:30,逆方向,-236.38,-4263.62,0,0.0,-4500,電圧,0,0,0,0,0,2026/04/02 18:44:24
翌日,20260402,更新後,関西-中国（東）,2026/04/03,22:00,順方向,8299.458,-4090.31,0,390.852,4600,電圧,0,0,0,0,0,2026/04/02 18:44:24
翌日,20260402,更新後,関西-中国（東）,2026/04/03,22:00,逆方向,-409.69,-4090.31,0,0.0,-4500,電圧,0,0,0,0,0,2026/04/02 18:44:24
翌日,20260402,更新後,関西-中国（東）,2026/04/03,22:30,順方向,8203.879,-3984.708,0,380.829,4600,電圧,0,0,0,0,0,2026/04/02 18:44:24
翌日,20260402,更新後,関西-中国（東）,2026/04/03,22:30,逆方向,-515.292,-3984.708,0,0.0,-4500,電圧,0,0,0,0,0,2026/04/02 18:44:24
翌日,20260402,更新後,関西-中国（東）,2026/04/03,23:00,順方向,7787.046,-3586.954,0,399.908,4600,電圧,0,0,0,0,0,2026/04/02 18:44:24
翌日,20260402,更新後,関西-中国（東）,2026/04/03,23:00,逆方向,-913.046,-3586.954,0,0.0,-4500,電圧,0,0,0,0,0,2026/04/02 18:44:24
翌日,20260402,更新後,関西-中国（東）,2026/04/03,23:30,順方向,7829.377,-3592.794,0,363.417,4600,電圧,0,0,0,0,0,2026/04/02 18:44:24
翌日,20260402,更新後,関西-中国（東）,2026/04/03,23:30,逆方向,-907.206,-3592.794,0,0.0,-4500,電圧,0,0,0,0,0,2026/04/02 18:44:24
翌日,20260402,更新後,関西-中国（東）,2026/04/03,24:00,順方向,7325.96,-3066.95,0,340.99,4600,電圧,0,0,0,0,0,2026/04/02 18:44:24
翌日,20260402,更新後,関西-中国（東）,2026/04/03,24:00,逆方向,-1432.05,-3066.95,0,-1.0,-4500,電圧,0,0,0,0,0,2026/04/02 18:44:24
翌日,20260402,更新後,関西-中国（西）,2026/04/03,00:30,順方向,7163.316,-2745.678,0,182.362,4600,電圧,0,0,0,0,0,2026/04/02 18:44:24
翌日,20260402,更新後,関西-中国（西）,2026/04/03,00:30,逆方向,-1754.322,-2745.678,0,0.0,-4500,電圧,0,0,0,0,0,2026/04/02 18:44:24
翌日,20260402,更新後,関西-中国（西）,2026/04/03,01:00,順方向,6956.802,-2585.192,0,228.39,4600,電圧,0,0,0,0,0,2026/04/02 18:44:24
翌日,20260402,更新後,関西-中国（西）,2026/04/03,01:00,逆方向,-1914.808,-2585.192,0,0.0,-4500,電圧,0,0,0,0,0,2026/04/02 18:44:24
翌日,20260402,更新後,関西-中国（西）,2026/04/03,01:30,順方向,7000.129,-2573.496,0,173.367,4600,電圧,0,0,0,0,0,2026/04/02 18:44:24
翌日,20260402,更新後,関西-中国（西）,2026/04/03,01:30,逆方向,-1922.292,-2573.496,0,-4.212,-4500,電圧,0,0,0,0,0,2026/04/02 18:44:24
翌日,20260402,更新後,関西-中国（西）,2026/04/03,02:00,順方向,6972.45,-2599.052,0,226.602,4600,電圧,0,0,0,0,0,2026/04/02 18:44:24
翌日,20260402,更新後,関西-中国（西）,2026/04/03,02:00,逆方向,-1900.948,-2599.052,0,0.0,-4500,電圧,0,0,0,0,0,2026/04/02 18:44:24
翌日,20260402,更新後,関西-中国（西）,2026/04/03,02:30,順方向,7079.934,-2686.66,0,206.726,4600,電圧,0,0,0,0,0,2026/04/02 18:44:24
翌日,20260402,更新後,関西-中国（西）,2026/04/03,02:30,逆方向,-1813.28,-2686.72,0,0.0,-4500,電圧,0,0,0,0,0,2026/04/02 18:44:24
翌日,20260402,更新後,関西-中国（西）,2026/04/03,03:00,順方向,7212.094,-2733.946,0,121.852,4600,電圧,0,0,0,0,0,2026/04/02 18:44:24
翌日,20260402,更新後,関西-中国（西）,2026/04/03,03:00,逆方向,-1766.054,-2733.946,0,0.0,-4500,電圧,0,0,0,0,0,2026/04/02 18:44:24
翌日,20260402,更新後,関西-中国（西）,2026/04/03,03:30,順方向,7325.106,-2725.106,0,0.0,4600,電圧,0,0,0,0,0,2026/04/02 18:44:24
翌日,20260402,更新後,関西-中国（西）,2026/04/03,03:30,逆方向,-1774.834,-2725.166,0,0.0,-4500,電圧,0,0,0,0,0,2026/04/02 18:44:24
翌日,20260402,更新後,関西-中国（西）,2026/04/03,04:00,順方向,7395.118,-2795.118,0,0.0,4600,電圧,0,0,0,0,0,2026/04/02 18:44:24
翌日,20260402,更新後,関西-中国（西）,2026/04/03,04:00,逆方向,-1704.882,-2795.118,0,0.0,-4500,電圧,0,0,0,0,0,2026/04/02 18:44:24
翌日,20260402,更新後,関西-中国（西）,2026/04/03,04:30,順方向,7442.938,-2842.938,0,0.0,4600,電圧,0,0,0,0,0,2026/04/02 18:44:24
翌日,20260402,更新後,関西-中国（西）,2026/04/03,04:30,逆方向,-1657.062,-2842.938,0,0.0,-4500,電圧,0,0,0,0,0,2026/04/02 18:44:24
翌日,20260402,更新後,関西-中国（西）,2026/04/03,05:00,順方向,7462.806,-2862.806,0,0.0,4600,電圧,0,0,0,0,0,2026/04/02 18:44:24
翌日,20260402,更新後,関西-中国（西）,2026/04/03,05:00,逆方向,-1637.194,-2862.806,0,0.0,-4500,電圧,0,0,0,0,0,2026/04/02 18:44:24
翌日,20260402,更新後,関西-中国（西）,2026/04/03,05:30,順方向,7458.678,-2858.678,0,0.0,4600,電圧,0,0,0,0,0,2026/04/02 18:44:24
翌日,20260402,更新後,関西-中国（西）,2026/04/03,05:30,逆方向,-1641.262,-2858.738,0,0.0,-4500,電圧,0,0,0,0,0,2026/04/02 18:44:24
翌日,20260402,更新後,関西-中国（西）,2026/04/03,06:00,順方向,7424.286,-2824.286,0,0.0,4600,電圧,0,0,0,0,0,2026/04/02 18:44:24
翌日,20260402,更新後,関西-中国（西）,2026/04/03,06:00,逆方向,-1675.654,-2824.346,0,0.0,-4500,電圧,0,0,0,0,0,2026/04/02 18:44:24
翌日,20260402,更新後,関西-中国（西）,2026/04/03,06:30,順方向,7376.802,-2777.802,0,1.0,4600,電圧,0,0,0,0,0,2026/04/02 18:44:24
翌日,20260402,更新後,関西-中国（西）,2026/04/03,06:30,逆方向,-1722.198,-2777.802,0,0.0,-4500,電圧,0,0,0,0,0,2026/04/02 18:44:24
翌日,20260402,更新後,関西-中国（西）,2026/04/03,07:00,順方向,7073.695,-2587.302,0,113.607,4600,電圧,0,0,0,0,0,2026/04/02 18:44:24
翌日,20260402,更新後,関西-中国（西）,2026/04/03,07:00,逆方向,-1912.698,-2587.302,0,0.0,-4500,電圧,0,0,0,0,0,2026/04/02 18:44:24
翌日,20260402,更新後,関西-中国（西）,2026/04/03,07:30,順方向,7243.62,-2966.012,0,322.392,4600,電圧,0,0,0,0,0,2026/04/02 18:44:24
翌日,20260402,更新後,関西-中国（西）,2026/04/03,07:30,逆方向,-1533.988,-2966.012,0,0.0,-4500,電圧,0,0,0,0,0,2026/04/02 18:44:24
翌日,20260402,更新後,関西-中国（西）,2026/04/03,08:00,順方向,6848.894,-2582.362,0,333.468,4600,電圧,0,0,0,0,0,2026/04/02 18:44:24
翌日,20260402,更新後,関西-中国（西）,2026/04/03,08:00,逆方向,-1917.638,-2582.362,0,0.0,-4500,電圧,0,0,0,0,0,2026/04/02 18:44:24
翌日,20260402,更新後,関西-中国（西）,2026/04/03,08:30,順方向,7241.181,-3173.178,0,531.997,4600,電圧,0,0,0,0,0,2026/04/02 18:44:24
翌日,20260402,更新後,関西-中国（西）,2026/04/03,08:30,逆方向,-1326.762,-3173.238,0,0.0,-4500,電圧,0,0,0,0,0,2026/04/02 18:44:24
翌日,20260402,更新後,関西-中国（西）,2026/04/03,09:00,順方向,7403.79,-3309.582,0,505.792,4600,電圧,0,0,0,0,0,2026/04/02 18:44:24
翌日,20260402,更新後,関西-中国（西）,2026/04/03,09:00,逆方向,-1190.418,-3309.582,0,0.0,-4500,電圧,0,0,0,0,0,2026/04/02 18:44:24
翌日,20260402,更新後,関西-中国（西）,2026/04/03,09:30,順方向,7785.724,-3185.724,0,0.0,4600,電圧,0,0,0,0,0,2026/04/02 18:44:24
翌日,20260402,更新後,関西-中国（西）,2026/04/03,09:30,逆方向,-1314.276,-3185.724,0,0.0,-4500,電圧,0,0,0,0,0,2026/04/02 18:44:24
翌日,20260402,更新後,関西-中国（西）,2026/04/03,10:00,順方向,7537.418,-3062.904,0,125.486,4600,電圧,0,0,0,0,0,2026/04/02 18:44:24
翌日,20260402,更新後,関西-中国（西）,2026/04/03,10:00,逆方向,-1437.038,-3062.962,0,0.0,-4500,電圧,0,0,0,0,0,2026/04/02 18:44:24
翌日,20260402,更新後,関西-中国（西）,2026/04/03,10:30,順方向,7584.542,-2984.542,0,0.0,4600,電圧,0,0,0,0,0,2026/04/02 18:44:24
翌日,20260402,更新後,関西-中国（西）,2026/04/03,10:30,逆方向,-1515.398,-2984.602,0,0.0,-4500,電圧,0,0,0,0,0,2026/04/02 18:44:24
翌日,20260402,更新後,関西-中国（西）,2026/04/03,11:00,順方向,7503.282,-2903.282,0,0.0,4600,電圧,0,0,0,0,0,2026/04/02 18:44:24
翌日,20260402,更新後,関西-中国（西）,2026/04/03,11:00,逆方向,-1596.718,-2903.282,0,0.0,-4500,電圧,0,0,0,0,0,2026/04/02 18:44:24
翌日,20260402,更新後,関西-中国（西）,2026/04/03,11:30,順方向,7442.802,-2842.802,0,0.0,4600,電圧,0,0,0,0,0,2026/04/02 18:44:24
翌日,20260402,更新後,関西-中国（西）,2026/04/03,11:30,逆方向,-1657.138,-2842.862,0,0.0,-4500,電圧,0,0,0,0,0,2026/04/02 18:44:24
翌日,20260402,更新後,関西-中国（西）,2026/04/03,12:00,順方向,7371.932,-2771.932,0,0.0,4600,電圧,0,0,0,0,0,2026/04/02 18:44:24
翌日,20260402,更新後,関西-中国（西）,2026/04/03,12:00,逆方向,-1728.068,-2771.932,0,0.0,-4500,電圧,0,0,0,0,0,2026/04/02 18:44:24
翌日,20260402,更新後,関西-中国（西）,2026/04/03,12:30,順方向,7291.078,-2708.494,0,17.416,4600,電圧,0,0,0,0,0,2026/04/02 18:44:24
翌日,20260402,更新後,関西-中国（西）,2026/04/03,12:30,逆方向,-1791.446,-2708.554,0,0.0,-4500,電圧,0,0,0,0,0,2026/04/02 18:44:24
翌日,20260402,更新後,関西-中国（西）,2026/04/03,13:00,順方向,7288.3,-2698.576,0,10.276,4600,電圧,0,0,0,0,0,2026/04/02 18:44:24
翌日,20260402,更新後,関西-中国（西）,2026/04/03,13:00,逆方向,-1801.424,-2698.576,0,0.0,-4500,電圧,0,0,0,0,0,2026/04/02 18:44:24
翌日,20260402,更新後,関西-中国（西）,2026/04/03,13:30,順方向,7274.146,-2734.422,0,60.276,4600,電圧,0,0,0,0,0,2026/04/02 18:44:24
翌日,20260402,更新後,関西-中国（西）,2026/04/03,13:30,逆方向,-1765.578,-2734.422,0,0.0,-4500,電圧,0,0,0,0,0,2026/04/02 18:44:24
翌日,20260402,更新後,関西-中国（西）,2026/04/03,14:00,順方向,7289.556,-2786.278,0,96.722,4600,電圧,0,0,0,0,0,2026/04/02 18:44:24
翌日,20260402,更新後,関西-中国（西）,2026/04/03,14:00,逆方向,-1713.722,-2786.278,0,0.0,-4500,電圧,0,0,0,0,0,2026/04/02 18:44:24
翌日,20260402,更新後,関西-中国（西）,2026/04/03,14:30,順方向,7137.292,-2824.048,0,286.756,4600,電圧,0,0,0,0,0,2026/04/02 18:44:24
翌日,20260402,更新後,関西-中国（西）,2026/04/03,14:30,逆方向,-1675.952,-2824.048,0,0.0,-4500,電圧,0,0,0,0,0,2026/04/02 18:44:24
翌日,20260402,更新後,関西-中国（西）,2026/04/03,15:00,順方向,7339.237,-2980.184,0,240.947,4600,電圧,0,0,0,0,0,2026/04/02 18:44:24
翌日,20260402,更新後,関西-中国（西）,2026/04/03,15:00,逆方向,-1519.758,-2980.242,0,0.0,-4500,電圧,0,0,0,0,0,2026/04/02 18:44:24
翌日,20260402,更新後,関西-中国（西）,2026/04/03,15:30,順方向,7710.808,-3111.72,0,0.912,4600,電圧,0,0,0,0,0,2026/04/02 18:44:24
翌日,20260402,更新後,関西-中国（西）,2026/04/03,15:30,逆方向,-1388.28,-3111.72,0,0.0,-4500,電圧,0,0,0,0,0,2026/04/02 18:44:24
翌日,20260402,更新後,関西-中国（西）,2026/04/03,16:00,順方向,7303.094,-3257.056,0,553.962,4600,電圧,0,0,0,0,0,2026/04/02 18:44:24
翌日,20260402,更新後,関西-中国（西）,2026/04/03,16:00,逆方向,-1242.944,-3257.056,0,0.0,-4500,電圧,0,0,0,0,0,2026/04/02 18:44:24
翌日,20260402,更新後,関西-中国（西）,2026/04/03,16:30,順方向,7795.361,-3440.796,0,245.435,4600,電圧,0,0,0,0,0,2026/04/02 18:44:24
翌日,20260402,更新後,関西-中国（西）,2026/04/03,16:30,逆方向,-1059.204,-3440.796,0,0.0,-4500,電圧,0,0,0,0,0,2026/04/02 18:44:24
翌日,20260402,更新後,関西-中国（西）,2026/04/03,17:00,順方向,7724.589,-3599.702,0,475.113,4600,電圧,0,0,0,0,0,2026/04/02 18:44:24
翌日,20260402,更新後,関西-中国（西）,2026/04/03,17:00,逆方向,-900.238,-3599.762,0,0.0,-4500,電圧,0,0,0,0,0,2026/04/02 18:44:24
翌日,20260402,更新後,関西-中国（西）,2026/04/03,17:30,順方向,7479.452,-3414.536,0,535.084,4600,電圧,0,0,0,0,0,2026/04/02 18:44:24
翌日,20260402,更新後,関西-中国（西）,2026/04/03,17:30,逆方向,-1085.464,-3414.536,0,0.0,-4500,電圧,0,0,0,0,0,2026/04/02 18:44:24
翌日,20260402,更新後,関西-中国（西）,2026/04/03,18:00,順方向,7506.707,-3389.328,0,482.621,4600,電圧,0,0,0,0,0,2026/04/02 18:44:24
翌日,20260402,更新後,関西-中国（西）,2026/04/03,18:00,逆方向,-1110.612,-3389.388,0,0.0,-4500,電圧,0,0,0,0,0,2026/04/02 18:44:24
翌日,20260402,更新後,関西-中国（西）,2026/04/03,18:30,順方向,7840.831,-3654.198,0,413.367,4600,電圧,0,0,0,0,0,2026/04/02 18:44:24
翌日,20260402,更新後,関西-中国（西）,2026/04/03,18:30,逆方向,-845.802,-3654.198,0,0.0,-4500,電圧,0,0,0,0,0,2026/04/02 18:44:24
翌日,20260402,更新後,関西-中国（西）,2026/04/03,19:00,順方向,7927.226,-3724.226,0,397.0,4600,電圧,0,0,0,0,0,2026/04/02 18:44:24
翌日,20260402,更新後,関西-中国（西）,2026/04/03,19:00,逆方向,-775.774,-3724.226,0,0.0,-4500,電圧,0,0,0,0,0,2026/04/02 18:44:24
翌日,20260402,更新後,関西-中国（西）,2026/04/03,19:30,順方向,7921.745,-3765.82,0,444.075,4600,電圧,0,0,0,0,0,2026/04/02 18:44:24
翌日,20260402,更新後,関西-中国（西）,2026/04/03,19:30,逆方向,-734.18,-3765.82,0,0.0,-4500,電圧,0,0,0,0,0,2026/04/02 18:44:24
翌日,20260402,更新後,関西-中国（西）,2026/04/03,20:00,順方向,7807.778,-3660.778,0,453.0,4600,電圧,0,0,0,0,0,2026/04/02 18:44:24
翌日,20260402,更新後,関西-中国（西）,2026/04/03,20:00,逆方向,-839.222,-3660.778,0,0.0,-4500,電圧,0,0,0,0,0,2026/04/02 18:44:24
翌日,20260402,更新後,関西-中国（西）,2026/04/03,20:30,順方向,8040.166,-3932.166,0,492.0,4600,電圧,0,0,0,0,0,2026/04/02 18:44:24
翌日,20260402,更新後,関西-中国（西）,2026/04/03,20:30,逆方向,-567.774,-3932.226,0,0.0,-4500,電圧,0,0,0,0,0,2026/04/02 18:44:24
翌日,20260402,更新後,関西-中国（西）,2026/04/03,21:00,順方向,7655.955,-3615.71,0,559.755,4600,電圧,0,0,0,0,0,2026/04/02 18:44:24
翌日,20260402,更新後,関西-中国（西）,2026/04/03,21:00,逆方向,-884.232,-3615.768,0,0.0,-4500,電圧,0,0,0,0,0,2026/04/02 18:44:24
翌日,20260402,更新後,関西-中国（西）,2026/04/03,21:30,順方向,7816.516,-3707.516,0,491.0,4600,電圧,0,0,0,0,0,2026/04/02 18:44:24
翌日,20260402,更新後,関西-中国（西）,2026/04/03,21:30,逆方向,-792.424,-3707.576,0,0.0,-4500,電圧,0,0,0,0,0,2026/04/02 18:44:24
翌日,20260402,更新後,関西-中国（西）,2026/04/03,22:00,順方向,7709.426,-3500.278,0,390.852,4600,電圧,0,0,0,0,0,2026/04/02 18:44:24
翌日,20260402,更新後,関西-中国（西）,2026/04/03,22:00,逆方向,-999.722,-3500.278,0,0.0,-4500,電圧,0,0,0,0,0,2026/04/02 18:44:24
翌日,20260402,更新後,関西-中国（西）,2026/04/03,22:30,順方向,7616.413,-3397.242,0,380.829,4600,電圧,0,0,0,0,0,2026/04/02 18:44:24
翌日,20260402,更新後,関西-中国（西）,2026/04/03,22:30,逆方向,-1102.758,-3397.242,0,0.0,-4500,電圧,0,0,0,0,0,2026/04/02 18:44:24
翌日,20260402,更新後,関西-中国（西）,2026/04/03,23:00,順方向,7182.892,-2982.8,0,399.908,4600,電圧,0,0,0,0,0,2026/04/02 18:44:24
翌日,20260402,更新後,関西-中国（西）,2026/04/03,23:00,逆方向,-1517.2,-2982.8,0,0.0,-4500,電圧,0,0,0,0,0,2026/04/02 18:44:24
翌日,20260402,更新後,関西-中国（西）,2026/04/03,23:30,順方向,7190.175,-2953.592,0,363.417,4600,電圧,0,0,0,0,0,2026/04/02 18:44:24
翌日,20260402,更新後,関西-中国（西）,2026/04/03,23:30,逆方向,-1546.408,-2953.592,0,0.0,-4500,電圧,0,0,0,0,0,2026/04/02 18:44:24
翌日,20260402,更新後,関西-中国（西）,2026/04/03,24:00,順方向,6702.494,-2443.484,0,340.99,4600,電圧,0,0,0,0,0,2026/04/02 18:44:24
翌日,20260402,更新後,関西-中国（西）,2026/04/03,24:00,逆方向,-2055.516,-2443.484,0,-1.0,-4500,電圧,0,0,0,0,0,2026/04/02 18:44:24
