対象断面,策定年度／年月,策定／更新後,連系線,年月日,昼／夜,方向,空容量最小,空容量最大,計画潮流,マージンA最大,マージンA最小,マージンB,運用容量,運用容量決定要因,運用容量拡大分空容量,運用容量拡大分運用容量,送電NG情報件数,送電NG情報延べ容量,最新更新年月日時刻
月間,202209,策定,北海道・本州間電力連系設備,2022/11/01,昼間帯,順方向,621,621,0,279,279,0,900,熱容量,0,0,0,0,2022/09/20 17:05:03
月間,202209,策定,北海道・本州間電力連系設備,2022/11/01,昼間帯,逆方向,-331,-331,0,-569,-569,0,-900,熱容量,0,0,0,0,2022/09/20 17:05:03
月間,202209,策定,北海道・本州間電力連系設備,2022/11/01,夜間帯,順方向,571,571,0,329,329,0,900,熱容量,0,0,0,0,2022/09/20 17:05:03
月間,202209,策定,北海道・本州間電力連系設備,2022/11/01,夜間帯,逆方向,-311,-311,0,-589,-589,0,-900,熱容量,0,0,0,0,2022/09/20 17:05:03
月間,202209,策定,北海道・本州間電力連系設備,2022/11/02,昼間帯,順方向,621,621,0,279,279,0,900,熱容量,0,0,0,0,2022/09/20 17:05:03
月間,202209,策定,北海道・本州間電力連系設備,2022/11/02,昼間帯,逆方向,-331,-331,0,-569,-569,0,-900,熱容量,0,0,0,0,2022/09/20 17:05:03
月間,202209,策定,北海道・本州間電力連系設備,2022/11/02,夜間帯,順方向,571,571,0,329,329,0,900,熱容量,0,0,0,0,2022/09/20 17:05:03
月間,202209,策定,北海道・本州間電力連系設備,2022/11/02,夜間帯,逆方向,-311,-311,0,-589,-589,0,-900,熱容量,0,0,0,0,2022/09/20 17:05:03
月間,202209,策定,北海道・本州間電力連系設備,2022/11/03,昼間帯,順方向,561,561,0,339,339,0,900,熱容量,0,0,0,0,2022/09/20 17:05:03
月間,202209,策定,北海道・本州間電力連系設備,2022/11/03,昼間帯,逆方向,-311,-311,0,-589,-589,0,-900,熱容量,0,0,0,0,2022/09/20 17:05:03
月間,202209,策定,北海道・本州間電力連系設備,2022/11/03,夜間帯,順方向,571,571,0,329,329,0,900,熱容量,0,0,0,0,2022/09/20 17:05:03
月間,202209,策定,北海道・本州間電力連系設備,2022/11/03,夜間帯,逆方向,-311,-311,0,-589,-589,0,-900,熱容量,0,0,0,0,2022/09/20 17:05:03
月間,202209,策定,北海道・本州間電力連系設備,2022/11/04,昼間帯,順方向,621,621,0,279,279,0,900,熱容量,0,0,0,0,2022/09/20 17:05:03
月間,202209,策定,北海道・本州間電力連系設備,2022/11/04,昼間帯,逆方向,-331,-331,0,-569,-569,0,-900,熱容量,0,0,0,0,2022/09/20 17:05:03
月間,202209,策定,北海道・本州間電力連系設備,2022/11/04,夜間帯,順方向,571,571,0,329,329,0,900,熱容量,0,0,0,0,2022/09/20 17:05:03
月間,202209,策定,北海道・本州間電力連系設備,2022/11/04,夜間帯,逆方向,-311,-311,0,-589,-589,0,-900,熱容量,0,0,0,0,2022/09/20 17:05:03
月間,202209,策定,北海道・本州間電力連系設備,2022/11/05,昼間帯,順方向,561,561,0,339,339,0,900,熱容量,0,0,0,0,2022/09/20 17:05:03
月間,202209,策定,北海道・本州間電力連系設備,2022/11/05,昼間帯,逆方向,-311,-311,0,-589,-589,0,-900,熱容量,0,0,0,0,2022/09/20 17:05:03
月間,202209,策定,北海道・本州間電力連系設備,2022/11/05,夜間帯,順方向,571,571,0,329,329,0,900,熱容量,0,0,0,0,2022/09/20 17:05:03
月間,202209,策定,北海道・本州間電力連系設備,2022/11/05,夜間帯,逆方向,-311,-311,0,-589,-589,0,-900,熱容量,0,0,0,0,2022/09/20 17:05:03
月間,202210,策定,北海道・本州間電力連系設備,2022/11/05,昼間帯,順方向,570,570,0,330,330,0,900,熱容量,0,0,0,0,2022/10/20 17:05:04
月間,202210,策定,北海道・本州間電力連系設備,2022/11/05,昼間帯,逆方向,-320,-320,0,-580,-580,0,-900,熱容量,0,0,0,0,2022/10/20 17:05:04
月間,202210,策定,北海道・本州間電力連系設備,2022/11/05,夜間帯,順方向,580,580,0,320,320,0,900,熱容量,0,0,0,0,2022/10/20 17:05:04
月間,202210,策定,北海道・本州間電力連系設備,2022/11/05,夜間帯,逆方向,-320,-320,0,-580,-580,0,-900,熱容量,0,0,0,0,2022/10/20 17:05:04
月間,202209,策定,北海道・本州間電力連系設備,2022/11/06,昼間帯,順方向,561,561,0,339,339,0,900,熱容量,0,0,0,0,2022/09/20 17:05:03
月間,202209,策定,北海道・本州間電力連系設備,2022/11/06,昼間帯,逆方向,-311,-311,0,-589,-589,0,-900,熱容量,0,0,0,0,2022/09/20 17:05:03
月間,202209,策定,北海道・本州間電力連系設備,2022/11/06,夜間帯,順方向,571,571,0,329,329,0,900,熱容量,0,0,0,0,2022/09/20 17:05:03
月間,202209,策定,北海道・本州間電力連系設備,2022/11/06,夜間帯,逆方向,-311,-311,0,-589,-589,0,-900,熱容量,0,0,0,0,2022/09/20 17:05:03
月間,202210,策定,北海道・本州間電力連系設備,2022/11/06,昼間帯,順方向,570,570,0,330,330,0,900,熱容量,0,0,0,0,2022/10/20 17:05:04
月間,202210,策定,北海道・本州間電力連系設備,2022/11/06,昼間帯,逆方向,-320,-320,0,-580,-580,0,-900,熱容量,0,0,0,0,2022/10/20 17:05:04
月間,202210,策定,北海道・本州間電力連系設備,2022/11/06,夜間帯,順方向,580,580,0,320,320,0,900,熱容量,0,0,0,0,2022/10/20 17:05:04
月間,202210,策定,北海道・本州間電力連系設備,2022/11/06,夜間帯,逆方向,-320,-320,0,-580,-580,0,-900,熱容量,0,0,0,0,2022/10/20 17:05:04
月間,202209,策定,北海道・本州間電力連系設備,2022/11/07,昼間帯,順方向,621,621,0,279,279,0,900,熱容量,0,0,0,0,2022/09/20 17:05:03
月間,202209,策定,北海道・本州間電力連系設備,2022/11/07,昼間帯,逆方向,-331,-331,0,-569,-569,0,-900,熱容量,0,0,0,0,2022/09/20 17:05:03
月間,202209,策定,北海道・本州間電力連系設備,2022/11/07,夜間帯,順方向,571,571,0,329,329,0,900,熱容量,0,0,0,0,2022/09/20 17:05:03
月間,202209,策定,北海道・本州間電力連系設備,2022/11/07,夜間帯,逆方向,-311,-311,0,-589,-589,0,-900,熱容量,0,0,0,0,2022/09/20 17:05:03
月間,202210,策定,北海道・本州間電力連系設備,2022/11/07,昼間帯,順方向,630,630,0,270,270,0,900,熱容量,0,0,0,0,2022/10/20 17:05:04
月間,202210,策定,北海道・本州間電力連系設備,2022/11/07,昼間帯,逆方向,-340,-340,0,-560,-560,0,-900,熱容量,0,0,0,0,2022/10/20 17:05:04
月間,202210,策定,北海道・本州間電力連系設備,2022/11/07,夜間帯,順方向,580,580,0,320,320,0,900,熱容量,0,0,0,0,2022/10/20 17:05:04
月間,202210,策定,北海道・本州間電力連系設備,2022/11/07,夜間帯,逆方向,-320,-320,0,-580,-580,0,-900,熱容量,0,0,0,0,2022/10/20 17:05:04
月間,202209,策定,北海道・本州間電力連系設備,2022/11/08,昼間帯,順方向,621,621,0,279,279,0,900,熱容量,0,0,0,0,2022/09/20 17:05:03
月間,202209,策定,北海道・本州間電力連系設備,2022/11/08,昼間帯,逆方向,-331,-331,0,-569,-569,0,-900,熱容量,0,0,0,0,2022/09/20 17:05:03
月間,202209,策定,北海道・本州間電力連系設備,2022/11/08,夜間帯,順方向,571,571,0,329,329,0,900,熱容量,0,0,0,0,2022/09/20 17:05:03
月間,202209,策定,北海道・本州間電力連系設備,2022/11/08,夜間帯,逆方向,-311,-311,0,-589,-589,0,-900,熱容量,0,0,0,0,2022/09/20 17:05:03
月間,202210,策定,北海道・本州間電力連系設備,2022/11/08,昼間帯,順方向,630,630,0,270,270,0,900,熱容量,0,0,0,0,2022/10/20 17:05:04
月間,202210,策定,北海道・本州間電力連系設備,2022/11/08,昼間帯,逆方向,-340,-340,0,-560,-560,0,-900,熱容量,0,0,0,0,2022/10/20 17:05:04
月間,202210,策定,北海道・本州間電力連系設備,2022/11/08,夜間帯,順方向,580,580,0,320,320,0,900,熱容量,0,0,0,0,2022/10/20 17:05:04
月間,202210,策定,北海道・本州間電力連系設備,2022/11/08,夜間帯,逆方向,-320,-320,0,-580,-580,0,-900,熱容量,0,0,0,0,2022/10/20 17:05:04
月間,202209,策定,北海道・本州間電力連系設備,2022/11/09,昼間帯,順方向,621,621,0,279,279,0,900,熱容量,0,0,0,0,2022/09/20 17:05:03
月間,202209,策定,北海道・本州間電力連系設備,2022/11/09,昼間帯,逆方向,-331,-331,0,-569,-569,0,-900,熱容量,0,0,0,0,2022/09/20 17:05:03
月間,202209,策定,北海道・本州間電力連系設備,2022/11/09,夜間帯,順方向,571,571,0,329,329,0,900,熱容量,0,0,0,0,2022/09/20 17:05:03
月間,202209,策定,北海道・本州間電力連系設備,2022/11/09,夜間帯,逆方向,-311,-311,0,-589,-589,0,-900,熱容量,0,0,0,0,2022/09/20 17:05:03
月間,202210,策定,北海道・本州間電力連系設備,2022/11/09,昼間帯,順方向,630,630,0,270,270,0,900,熱容量,0,0,0,0,2022/10/20 17:05:04
月間,202210,策定,北海道・本州間電力連系設備,2022/11/09,昼間帯,逆方向,-340,-340,0,-560,-560,0,-900,熱容量,0,0,0,0,2022/10/20 17:05:04
月間,202210,策定,北海道・本州間電力連系設備,2022/11/09,夜間帯,順方向,580,580,0,320,320,0,900,熱容量,0,0,0,0,2022/10/20 17:05:04
月間,202210,策定,北海道・本州間電力連系設備,2022/11/09,夜間帯,逆方向,-320,-320,0,-580,-580,0,-900,熱容量,0,0,0,0,2022/10/20 17:05:04
月間,202209,策定,北海道・本州間電力連系設備,2022/11/10,昼間帯,順方向,621,621,0,279,279,0,900,熱容量,0,0,0,0,2022/09/20 17:05:03
月間,202209,策定,北海道・本州間電力連系設備,2022/11/10,昼間帯,逆方向,-331,-331,0,-569,-569,0,-900,熱容量,0,0,0,0,2022/09/20 17:05:03
月間,202209,策定,北海道・本州間電力連系設備,2022/11/10,夜間帯,順方向,571,571,0,329,329,0,900,熱容量,0,0,0,0,2022/09/20 17:05:03
月間,202209,策定,北海道・本州間電力連系設備,2022/11/10,夜間帯,逆方向,-311,-311,0,-589,-589,0,-900,熱容量,0,0,0,0,2022/09/20 17:05:03
月間,202210,策定,北海道・本州間電力連系設備,2022/11/10,昼間帯,順方向,630,630,0,270,270,0,900,熱容量,0,0,0,0,2022/10/20 17:05:04
月間,202210,策定,北海道・本州間電力連系設備,2022/11/10,昼間帯,逆方向,-340,-340,0,-560,-560,0,-900,熱容量,0,0,0,0,2022/10/20 17:05:04
月間,202210,策定,北海道・本州間電力連系設備,2022/11/10,夜間帯,順方向,580,580,0,320,320,0,900,熱容量,0,0,0,0,2022/10/20 17:05:04
月間,202210,策定,北海道・本州間電力連系設備,2022/11/10,夜間帯,逆方向,-320,-320,0,-580,-580,0,-900,熱容量,0,0,0,0,2022/10/20 17:05:04
月間,202209,策定,北海道・本州間電力連系設備,2022/11/11,昼間帯,順方向,621,621,0,279,279,0,900,熱容量,0,0,0,0,2022/09/20 17:05:03
月間,202209,策定,北海道・本州間電力連系設備,2022/11/11,昼間帯,逆方向,-331,-331,0,-569,-569,0,-900,熱容量,0,0,0,0,2022/09/20 17:05:03
月間,202209,策定,北海道・本州間電力連系設備,2022/11/11,夜間帯,順方向,571,571,0,329,329,0,900,熱容量,0,0,0,0,2022/09/20 17:05:03
月間,202209,策定,北海道・本州間電力連系設備,2022/11/11,夜間帯,逆方向,-311,-311,0,-589,-589,0,-900,熱容量,0,0,0,0,2022/09/20 17:05:03
月間,202210,策定,北海道・本州間電力連系設備,2022/11/11,昼間帯,順方向,630,630,0,270,270,0,900,熱容量,0,0,0,0,2022/10/20 17:05:04
月間,202210,策定,北海道・本州間電力連系設備,2022/11/11,昼間帯,逆方向,-340,-340,0,-560,-560,0,-900,熱容量,0,0,0,0,2022/10/20 17:05:04
月間,202210,策定,北海道・本州間電力連系設備,2022/11/11,夜間帯,順方向,580,580,0,320,320,0,900,熱容量,0,0,0,0,2022/10/20 17:05:04
月間,202210,策定,北海道・本州間電力連系設備,2022/11/11,夜間帯,逆方向,-320,-320,0,-580,-580,0,-900,熱容量,0,0,0,0,2022/10/20 17:05:04
月間,202209,策定,北海道・本州間電力連系設備,2022/11/12,昼間帯,順方向,561,561,0,339,339,0,900,熱容量,0,0,0,0,2022/09/20 17:05:03
月間,202209,策定,北海道・本州間電力連系設備,2022/11/12,昼間帯,逆方向,-311,-311,0,-589,-589,0,-900,熱容量,0,0,0,0,2022/09/20 17:05:03
月間,202209,策定,北海道・本州間電力連系設備,2022/11/12,夜間帯,順方向,571,571,0,329,329,0,900,熱容量,0,0,0,0,2022/09/20 17:05:03
月間,202209,策定,北海道・本州間電力連系設備,2022/11/12,夜間帯,逆方向,-311,-311,0,-589,-589,0,-900,熱容量,0,0,0,0,2022/09/20 17:05:03
月間,202210,策定,北海道・本州間電力連系設備,2022/11/12,昼間帯,順方向,570,570,0,330,330,0,900,熱容量,0,0,0,0,2022/10/20 17:05:04
月間,202210,策定,北海道・本州間電力連系設備,2022/11/12,昼間帯,逆方向,-320,-320,0,-580,-580,0,-900,熱容量,0,0,0,0,2022/10/20 17:05:04
月間,202210,策定,北海道・本州間電力連系設備,2022/11/12,夜間帯,順方向,580,580,0,320,320,0,900,熱容量,0,0,0,0,2022/10/20 17:05:04
月間,202210,策定,北海道・本州間電力連系設備,2022/11/12,夜間帯,逆方向,-320,-320,0,-580,-580,0,-900,熱容量,0,0,0,0,2022/10/20 17:05:04
月間,202209,策定,北海道・本州間電力連系設備,2022/11/13,昼間帯,順方向,561,561,0,339,339,0,900,熱容量,0,0,0,0,2022/09/20 17:05:03
月間,202209,策定,北海道・本州間電力連系設備,2022/11/13,昼間帯,逆方向,-311,-311,0,-589,-589,0,-900,熱容量,0,0,0,0,2022/09/20 17:05:03
月間,202209,策定,北海道・本州間電力連系設備,2022/11/13,夜間帯,順方向,571,571,0,329,329,0,900,熱容量,0,0,0,0,2022/09/20 17:05:03
月間,202209,策定,北海道・本州間電力連系設備,2022/11/13,夜間帯,逆方向,-311,-311,0,-589,-589,0,-900,熱容量,0,0,0,0,2022/09/20 17:05:03
月間,202210,策定,北海道・本州間電力連系設備,2022/11/13,昼間帯,順方向,570,570,0,330,330,0,900,熱容量,0,0,0,0,2022/10/20 17:05:04
月間,202210,策定,北海道・本州間電力連系設備,2022/11/13,昼間帯,逆方向,-320,-320,0,-580,-580,0,-900,熱容量,0,0,0,0,2022/10/20 17:05:04
月間,202210,策定,北海道・本州間電力連系設備,2022/11/13,夜間帯,順方向,580,580,0,320,320,0,900,熱容量,0,0,0,0,2022/10/20 17:05:04
月間,202210,策定,北海道・本州間電力連系設備,2022/11/13,夜間帯,逆方向,-320,-320,0,-580,-580,0,-900,熱容量,0,0,0,0,2022/10/20 17:05:04
月間,202209,策定,北海道・本州間電力連系設備,2022/11/14,昼間帯,順方向,621,621,0,279,279,0,900,熱容量,0,0,0,0,2022/09/20 17:05:03
月間,202209,策定,北海道・本州間電力連系設備,2022/11/14,昼間帯,逆方向,-331,-331,0,-569,-569,0,-900,熱容量,0,0,0,0,2022/09/20 17:05:03
月間,202209,策定,北海道・本州間電力連系設備,2022/11/14,夜間帯,順方向,571,571,0,329,329,0,900,熱容量,0,0,0,0,2022/09/20 17:05:03
月間,202209,策定,北海道・本州間電力連系設備,2022/11/14,夜間帯,逆方向,-311,-311,0,-589,-589,0,-900,熱容量,0,0,0,0,2022/09/20 17:05:03
月間,202210,策定,北海道・本州間電力連系設備,2022/11/14,昼間帯,順方向,630,630,0,270,270,0,900,熱容量,0,0,0,0,2022/10/20 17:05:04
月間,202210,策定,北海道・本州間電力連系設備,2022/11/14,昼間帯,逆方向,-340,-340,0,-560,-560,0,-900,熱容量,0,0,0,0,2022/10/20 17:05:04
月間,202210,策定,北海道・本州間電力連系設備,2022/11/14,夜間帯,順方向,580,580,0,320,320,0,900,熱容量,0,0,0,0,2022/10/20 17:05:04
月間,202210,策定,北海道・本州間電力連系設備,2022/11/14,夜間帯,逆方向,-320,-320,0,-580,-580,0,-900,熱容量,0,0,0,0,2022/10/20 17:05:04
月間,202209,策定,北海道・本州間電力連系設備,2022/11/15,昼間帯,順方向,621,621,0,279,279,0,900,熱容量,0,0,0,0,2022/09/20 17:05:03
月間,202209,策定,北海道・本州間電力連系設備,2022/11/15,昼間帯,逆方向,-331,-331,0,-569,-569,0,-900,熱容量,0,0,0,0,2022/09/20 17:05:03
月間,202209,策定,北海道・本州間電力連系設備,2022/11/15,夜間帯,順方向,571,571,0,329,329,0,900,熱容量,0,0,0,0,2022/09/20 17:05:03
月間,202209,策定,北海道・本州間電力連系設備,2022/11/15,夜間帯,逆方向,-311,-311,0,-589,-589,0,-900,熱容量,0,0,0,0,2022/09/20 17:05:03
月間,202210,策定,北海道・本州間電力連系設備,2022/11/15,昼間帯,順方向,630,630,0,270,270,0,900,熱容量,0,0,0,0,2022/10/20 17:05:04
月間,202210,策定,北海道・本州間電力連系設備,2022/11/15,昼間帯,逆方向,-340,-340,0,-560,-560,0,-900,熱容量,0,0,0,0,2022/10/20 17:05:04
月間,202210,策定,北海道・本州間電力連系設備,2022/11/15,夜間帯,順方向,580,580,0,320,320,0,900,熱容量,0,0,0,0,2022/10/20 17:05:04
月間,202210,策定,北海道・本州間電力連系設備,2022/11/15,夜間帯,逆方向,-320,-320,0,-580,-580,0,-900,熱容量,0,0,0,0,2022/10/20 17:05:04
月間,202209,策定,北海道・本州間電力連系設備,2022/11/16,昼間帯,順方向,621,621,0,279,279,0,900,熱容量,0,0,0,0,2022/09/20 17:05:03
月間,202209,策定,北海道・本州間電力連系設備,2022/11/16,昼間帯,逆方向,-331,-331,0,-569,-569,0,-900,熱容量,0,0,0,0,2022/09/20 17:05:03
月間,202209,策定,北海道・本州間電力連系設備,2022/11/16,夜間帯,順方向,571,571,0,329,329,0,900,熱容量,0,0,0,0,2022/09/20 17:05:03
月間,202209,策定,北海道・本州間電力連系設備,2022/11/16,夜間帯,逆方向,-311,-311,0,-589,-589,0,-900,熱容量,0,0,0,0,2022/09/20 17:05:03
月間,202210,策定,北海道・本州間電力連系設備,2022/11/16,昼間帯,順方向,630,630,0,270,270,0,900,熱容量,0,0,0,0,2022/10/20 17:05:04
月間,202210,策定,北海道・本州間電力連系設備,2022/11/16,昼間帯,逆方向,-340,-340,0,-560,-560,0,-900,熱容量,0,0,0,0,2022/10/20 17:05:04
月間,202210,策定,北海道・本州間電力連系設備,2022/11/16,夜間帯,順方向,580,580,0,320,320,0,900,熱容量,0,0,0,0,2022/10/20 17:05:04
月間,202210,策定,北海道・本州間電力連系設備,2022/11/16,夜間帯,逆方向,-320,-320,0,-580,-580,0,-900,熱容量,0,0,0,0,2022/10/20 17:05:04
月間,202209,策定,北海道・本州間電力連系設備,2022/11/17,昼間帯,順方向,621,621,0,279,279,0,900,熱容量,0,0,0,0,2022/09/20 17:05:03
月間,202209,策定,北海道・本州間電力連系設備,2022/11/17,昼間帯,逆方向,-331,-331,0,-569,-569,0,-900,熱容量,0,0,0,0,2022/09/20 17:05:03
月間,202209,策定,北海道・本州間電力連系設備,2022/11/17,夜間帯,順方向,571,571,0,329,329,0,900,熱容量,0,0,0,0,2022/09/20 17:05:03
月間,202209,策定,北海道・本州間電力連系設備,2022/11/17,夜間帯,逆方向,-311,-311,0,-589,-589,0,-900,熱容量,0,0,0,0,2022/09/20 17:05:03
月間,202210,策定,北海道・本州間電力連系設備,2022/11/17,昼間帯,順方向,630,630,0,270,270,0,900,熱容量,0,0,0,0,2022/10/20 17:05:04
月間,202210,策定,北海道・本州間電力連系設備,2022/11/17,昼間帯,逆方向,-340,-340,0,-560,-560,0,-900,熱容量,0,0,0,0,2022/10/20 17:05:04
月間,202210,策定,北海道・本州間電力連系設備,2022/11/17,夜間帯,順方向,580,580,0,320,320,0,900,熱容量,0,0,0,0,2022/10/20 17:05:04
月間,202210,策定,北海道・本州間電力連系設備,2022/11/17,夜間帯,逆方向,-320,-320,0,-580,-580,0,-900,熱容量,0,0,0,0,2022/10/20 17:05:04
月間,202209,策定,北海道・本州間電力連系設備,2022/11/18,昼間帯,順方向,621,621,0,279,279,0,900,熱容量,0,0,0,0,2022/09/20 17:05:03
月間,202209,策定,北海道・本州間電力連系設備,2022/11/18,昼間帯,逆方向,-331,-331,0,-569,-569,0,-900,熱容量,0,0,0,0,2022/09/20 17:05:03
月間,202209,策定,北海道・本州間電力連系設備,2022/11/18,夜間帯,順方向,571,571,0,329,329,0,900,熱容量,0,0,0,0,2022/09/20 17:05:03
月間,202209,策定,北海道・本州間電力連系設備,2022/11/18,夜間帯,逆方向,-311,-311,0,-589,-589,0,-900,熱容量,0,0,0,0,2022/09/20 17:05:03
月間,202210,策定,北海道・本州間電力連系設備,2022/11/18,昼間帯,順方向,630,630,0,270,270,0,900,熱容量,0,0,0,0,2022/10/20 17:05:04
月間,202210,策定,北海道・本州間電力連系設備,2022/11/18,昼間帯,逆方向,-340,-340,0,-560,-560,0,-900,熱容量,0,0,0,0,2022/10/20 17:05:04
月間,202210,策定,北海道・本州間電力連系設備,2022/11/18,夜間帯,順方向,580,580,0,320,320,0,900,熱容量,0,0,0,0,2022/10/20 17:05:04
月間,202210,策定,北海道・本州間電力連系設備,2022/11/18,夜間帯,逆方向,-320,-320,0,-580,-580,0,-900,熱容量,0,0,0,0,2022/10/20 17:05:04
月間,202209,策定,北海道・本州間電力連系設備,2022/11/19,昼間帯,順方向,561,561,0,339,339,0,900,熱容量,0,0,0,0,2022/09/20 17:05:03
月間,202209,策定,北海道・本州間電力連系設備,2022/11/19,昼間帯,逆方向,-311,-311,0,-589,-589,0,-900,熱容量,0,0,0,0,2022/09/20 17:05:03
月間,202209,策定,北海道・本州間電力連系設備,2022/11/19,夜間帯,順方向,571,571,0,329,329,0,900,熱容量,0,0,0,0,2022/09/20 17:05:03
月間,202209,策定,北海道・本州間電力連系設備,2022/11/19,夜間帯,逆方向,-311,-311,0,-589,-589,0,-900,熱容量,0,0,0,0,2022/09/20 17:05:03
月間,202210,策定,北海道・本州間電力連系設備,2022/11/19,昼間帯,順方向,570,570,0,330,330,0,900,熱容量,0,0,0,0,2022/10/20 17:05:04
月間,202210,策定,北海道・本州間電力連系設備,2022/11/19,昼間帯,逆方向,-320,-320,0,-580,-580,0,-900,熱容量,0,0,0,0,2022/10/20 17:05:04
月間,202210,策定,北海道・本州間電力連系設備,2022/11/19,夜間帯,順方向,580,580,0,320,320,0,900,熱容量,0,0,0,0,2022/10/20 17:05:04
月間,202210,策定,北海道・本州間電力連系設備,2022/11/19,夜間帯,逆方向,-320,-320,0,-580,-580,0,-900,熱容量,0,0,0,0,2022/10/20 17:05:04
月間,202209,策定,北海道・本州間電力連系設備,2022/11/20,昼間帯,順方向,561,561,0,339,339,0,900,熱容量,0,0,0,0,2022/09/20 17:05:03
月間,202209,策定,北海道・本州間電力連系設備,2022/11/20,昼間帯,逆方向,-311,-311,0,-589,-589,0,-900,熱容量,0,0,0,0,2022/09/20 17:05:03
月間,202209,策定,北海道・本州間電力連系設備,2022/11/20,夜間帯,順方向,571,571,0,329,329,0,900,熱容量,0,0,0,0,2022/09/20 17:05:03
月間,202209,策定,北海道・本州間電力連系設備,2022/11/20,夜間帯,逆方向,-311,-311,0,-589,-589,0,-900,熱容量,0,0,0,0,2022/09/20 17:05:03
月間,202210,策定,北海道・本州間電力連系設備,2022/11/20,昼間帯,順方向,570,570,0,330,330,0,900,熱容量,0,0,0,0,2022/10/20 17:05:04
月間,202210,策定,北海道・本州間電力連系設備,2022/11/20,昼間帯,逆方向,-320,-320,0,-580,-580,0,-900,熱容量,0,0,0,0,2022/10/20 17:05:04
月間,202210,策定,北海道・本州間電力連系設備,2022/11/20,夜間帯,順方向,580,580,0,320,320,0,900,熱容量,0,0,0,0,2022/10/20 17:05:04
月間,202210,策定,北海道・本州間電力連系設備,2022/11/20,夜間帯,逆方向,-320,-320,0,-580,-580,0,-900,熱容量,0,0,0,0,2022/10/20 17:05:04
月間,202209,策定,北海道・本州間電力連系設備,2022/11/21,昼間帯,順方向,621,621,0,279,279,0,900,熱容量,0,0,0,0,2022/09/20 17:05:03
月間,202209,策定,北海道・本州間電力連系設備,2022/11/21,昼間帯,逆方向,-331,-331,0,-569,-569,0,-900,熱容量,0,0,0,0,2022/09/20 17:05:03
月間,202209,策定,北海道・本州間電力連系設備,2022/11/21,夜間帯,順方向,571,571,0,329,329,0,900,熱容量,0,0,0,0,2022/09/20 17:05:03
月間,202209,策定,北海道・本州間電力連系設備,2022/11/21,夜間帯,逆方向,-311,-311,0,-589,-589,0,-900,熱容量,0,0,0,0,2022/09/20 17:05:03
月間,202210,策定,北海道・本州間電力連系設備,2022/11/21,昼間帯,順方向,630,630,0,270,270,0,900,熱容量,0,0,0,0,2022/10/20 17:05:04
月間,202210,策定,北海道・本州間電力連系設備,2022/11/21,昼間帯,逆方向,-340,-340,0,-560,-560,0,-900,熱容量,0,0,0,0,2022/10/20 17:05:04
月間,202210,策定,北海道・本州間電力連系設備,2022/11/21,夜間帯,順方向,580,580,0,320,320,0,900,熱容量,0,0,0,0,2022/10/20 17:05:04
月間,202210,策定,北海道・本州間電力連系設備,2022/11/21,夜間帯,逆方向,-320,-320,0,-580,-580,0,-900,熱容量,0,0,0,0,2022/10/20 17:05:04
月間,202209,策定,北海道・本州間電力連系設備,2022/11/22,昼間帯,順方向,621,621,0,279,279,0,900,熱容量,0,0,0,0,2022/09/20 17:05:03
月間,202209,策定,北海道・本州間電力連系設備,2022/11/22,昼間帯,逆方向,-331,-331,0,-569,-569,0,-900,熱容量,0,0,0,0,2022/09/20 17:05:03
月間,202209,策定,北海道・本州間電力連系設備,2022/11/22,夜間帯,順方向,571,571,0,329,329,0,900,熱容量,0,0,0,0,2022/09/20 17:05:03
月間,202209,策定,北海道・本州間電力連系設備,2022/11/22,夜間帯,逆方向,-311,-311,0,-589,-589,0,-900,熱容量,0,0,0,0,2022/09/20 17:05:03
月間,202210,策定,北海道・本州間電力連系設備,2022/11/22,昼間帯,順方向,630,630,0,270,270,0,900,熱容量,0,0,0,0,2022/10/20 17:05:04
月間,202210,策定,北海道・本州間電力連系設備,2022/11/22,昼間帯,逆方向,-340,-340,0,-560,-560,0,-900,熱容量,0,0,0,0,2022/10/20 17:05:04
月間,202210,策定,北海道・本州間電力連系設備,2022/11/22,夜間帯,順方向,580,580,0,320,320,0,900,熱容量,0,0,0,0,2022/10/20 17:05:04
月間,202210,策定,北海道・本州間電力連系設備,2022/11/22,夜間帯,逆方向,-320,-320,0,-580,-580,0,-900,熱容量,0,0,0,0,2022/10/20 17:05:04
月間,202209,策定,北海道・本州間電力連系設備,2022/11/23,昼間帯,順方向,561,561,0,339,339,0,900,熱容量,0,0,0,0,2022/09/20 17:05:03
月間,202209,策定,北海道・本州間電力連系設備,2022/11/23,昼間帯,逆方向,-311,-311,0,-589,-589,0,-900,熱容量,0,0,0,0,2022/09/20 17:05:03
月間,202209,策定,北海道・本州間電力連系設備,2022/11/23,夜間帯,順方向,571,571,0,329,329,0,900,熱容量,0,0,0,0,2022/09/20 17:05:03
月間,202209,策定,北海道・本州間電力連系設備,2022/11/23,夜間帯,逆方向,-311,-311,0,-589,-589,0,-900,熱容量,0,0,0,0,2022/09/20 17:05:03
月間,202210,策定,北海道・本州間電力連系設備,2022/11/23,昼間帯,順方向,570,570,0,330,330,0,900,熱容量,0,0,0,0,2022/10/20 17:05:04
月間,202210,策定,北海道・本州間電力連系設備,2022/11/23,昼間帯,逆方向,-320,-320,0,-580,-580,0,-900,熱容量,0,0,0,0,2022/10/20 17:05:04
月間,202210,策定,北海道・本州間電力連系設備,2022/11/23,夜間帯,順方向,580,580,0,320,320,0,900,熱容量,0,0,0,0,2022/10/20 17:05:04
月間,202210,策定,北海道・本州間電力連系設備,2022/11/23,夜間帯,逆方向,-320,-320,0,-580,-580,0,-900,熱容量,0,0,0,0,2022/10/20 17:05:04
月間,202209,策定,北海道・本州間電力連系設備,2022/11/24,昼間帯,順方向,621,621,0,279,279,0,900,熱容量,0,0,0,0,2022/09/20 17:05:03
月間,202209,策定,北海道・本州間電力連系設備,2022/11/24,昼間帯,逆方向,-331,-331,0,-569,-569,0,-900,熱容量,0,0,0,0,2022/09/20 17:05:03
月間,202209,策定,北海道・本州間電力連系設備,2022/11/24,夜間帯,順方向,571,571,0,329,329,0,900,熱容量,0,0,0,0,2022/09/20 17:05:03
月間,202209,策定,北海道・本州間電力連系設備,2022/11/24,夜間帯,逆方向,-311,-311,0,-589,-589,0,-900,熱容量,0,0,0,0,2022/09/20 17:05:03
月間,202210,策定,北海道・本州間電力連系設備,2022/11/24,昼間帯,順方向,630,630,0,270,270,0,900,熱容量,0,0,0,0,2022/10/20 17:05:04
月間,202210,策定,北海道・本州間電力連系設備,2022/11/24,昼間帯,逆方向,-340,-340,0,-560,-560,0,-900,熱容量,0,0,0,0,2022/10/20 17:05:04
月間,202210,策定,北海道・本州間電力連系設備,2022/11/24,夜間帯,順方向,580,580,0,320,320,0,900,熱容量,0,0,0,0,2022/10/20 17:05:04
月間,202210,策定,北海道・本州間電力連系設備,2022/11/24,夜間帯,逆方向,-320,-320,0,-580,-580,0,-900,熱容量,0,0,0,0,2022/10/20 17:05:04
月間,202209,策定,北海道・本州間電力連系設備,2022/11/25,昼間帯,順方向,621,621,0,279,279,0,900,熱容量,0,0,0,0,2022/09/20 17:05:03
月間,202209,策定,北海道・本州間電力連系設備,2022/11/25,昼間帯,逆方向,-331,-331,0,-569,-569,0,-900,熱容量,0,0,0,0,2022/09/20 17:05:03
月間,202209,策定,北海道・本州間電力連系設備,2022/11/25,夜間帯,順方向,571,571,0,329,329,0,900,熱容量,0,0,0,0,2022/09/20 17:05:03
月間,202209,策定,北海道・本州間電力連系設備,2022/11/25,夜間帯,逆方向,-311,-311,0,-589,-589,0,-900,熱容量,0,0,0,0,2022/09/20 17:05:03
月間,202210,策定,北海道・本州間電力連系設備,2022/11/25,昼間帯,順方向,630,630,0,270,270,0,900,熱容量,0,0,0,0,2022/10/20 17:05:04
月間,202210,策定,北海道・本州間電力連系設備,2022/11/25,昼間帯,逆方向,-340,-340,0,-560,-560,0,-900,熱容量,0,0,0,0,2022/10/20 17:05:04
月間,202210,策定,北海道・本州間電力連系設備,2022/11/25,夜間帯,順方向,580,580,0,320,320,0,900,熱容量,0,0,0,0,2022/10/20 17:05:04
月間,202210,策定,北海道・本州間電力連系設備,2022/11/25,夜間帯,逆方向,-320,-320,0,-580,-580,0,-900,熱容量,0,0,0,0,2022/10/20 17:05:04
月間,202209,策定,北海道・本州間電力連系設備,2022/11/26,昼間帯,順方向,561,561,0,339,339,0,900,熱容量,0,0,0,0,2022/09/20 17:05:03
月間,202209,策定,北海道・本州間電力連系設備,2022/11/26,昼間帯,逆方向,-311,-311,0,-589,-589,0,-900,熱容量,0,0,0,0,2022/09/20 17:05:03
月間,202209,策定,北海道・本州間電力連系設備,2022/11/26,夜間帯,順方向,571,571,0,329,329,0,900,熱容量,0,0,0,0,2022/09/20 17:05:03
月間,202209,策定,北海道・本州間電力連系設備,2022/11/26,夜間帯,逆方向,-311,-311,0,-589,-589,0,-900,熱容量,0,0,0,0,2022/09/20 17:05:03
月間,202210,策定,北海道・本州間電力連系設備,2022/11/26,昼間帯,順方向,570,570,0,330,330,0,900,熱容量,0,0,0,0,2022/10/20 17:05:04
月間,202210,策定,北海道・本州間電力連系設備,2022/11/26,昼間帯,逆方向,-320,-320,0,-580,-580,0,-900,熱容量,0,0,0,0,2022/10/20 17:05:04
月間,202210,策定,北海道・本州間電力連系設備,2022/11/26,夜間帯,順方向,580,580,0,320,320,0,900,熱容量,0,0,0,0,2022/10/20 17:05:04
月間,202210,策定,北海道・本州間電力連系設備,2022/11/26,夜間帯,逆方向,-320,-320,0,-580,-580,0,-900,熱容量,0,0,0,0,2022/10/20 17:05:04
月間,202209,策定,北海道・本州間電力連系設備,2022/11/27,昼間帯,順方向,561,561,0,339,339,0,900,熱容量,0,0,0,0,2022/09/20 17:05:03
月間,202209,策定,北海道・本州間電力連系設備,2022/11/27,昼間帯,逆方向,-311,-311,0,-589,-589,0,-900,熱容量,0,0,0,0,2022/09/20 17:05:03
月間,202209,策定,北海道・本州間電力連系設備,2022/11/27,夜間帯,順方向,571,571,0,329,329,0,900,熱容量,0,0,0,0,2022/09/20 17:05:03
月間,202209,策定,北海道・本州間電力連系設備,2022/11/27,夜間帯,逆方向,-311,-311,0,-589,-589,0,-900,熱容量,0,0,0,0,2022/09/20 17:05:03
月間,202210,策定,北海道・本州間電力連系設備,2022/11/27,昼間帯,順方向,570,570,0,330,330,0,900,熱容量,0,0,0,0,2022/10/20 17:05:04
月間,202210,策定,北海道・本州間電力連系設備,2022/11/27,昼間帯,逆方向,-320,-320,0,-580,-580,0,-900,熱容量,0,0,0,0,2022/10/20 17:05:04
月間,202210,策定,北海道・本州間電力連系設備,2022/11/27,夜間帯,順方向,580,580,0,320,320,0,900,熱容量,0,0,0,0,2022/10/20 17:05:04
月間,202210,策定,北海道・本州間電力連系設備,2022/11/27,夜間帯,逆方向,-320,-320,0,-580,-580,0,-900,熱容量,0,0,0,0,2022/10/20 17:05:04
月間,202209,策定,北海道・本州間電力連系設備,2022/11/28,昼間帯,順方向,621,621,0,279,279,0,900,熱容量,0,0,0,0,2022/09/20 17:05:03
月間,202209,策定,北海道・本州間電力連系設備,2022/11/28,昼間帯,逆方向,-331,-331,0,-569,-569,0,-900,熱容量,0,0,0,0,2022/09/20 17:05:03
月間,202209,策定,北海道・本州間電力連系設備,2022/11/28,夜間帯,順方向,571,571,0,329,329,0,900,熱容量,0,0,0,0,2022/09/20 17:05:03
月間,202209,策定,北海道・本州間電力連系設備,2022/11/28,夜間帯,逆方向,-311,-311,0,-589,-589,0,-900,熱容量,0,0,0,0,2022/09/20 17:05:03
月間,202210,策定,北海道・本州間電力連系設備,2022/11/28,昼間帯,順方向,630,630,0,270,270,0,900,熱容量,0,0,0,0,2022/10/20 17:05:04
月間,202210,策定,北海道・本州間電力連系設備,2022/11/28,昼間帯,逆方向,-340,-340,0,-560,-560,0,-900,熱容量,0,0,0,0,2022/10/20 17:05:04
月間,202210,策定,北海道・本州間電力連系設備,2022/11/28,夜間帯,順方向,580,580,0,320,320,0,900,熱容量,0,0,0,0,2022/10/20 17:05:04
月間,202210,策定,北海道・本州間電力連系設備,2022/11/28,夜間帯,逆方向,-320,-320,0,-580,-580,0,-900,熱容量,0,0,0,0,2022/10/20 17:05:04
月間,202209,策定,北海道・本州間電力連系設備,2022/11/29,昼間帯,順方向,621,621,0,279,279,0,900,熱容量,0,0,0,0,2022/09/20 17:05:03
月間,202209,策定,北海道・本州間電力連系設備,2022/11/29,昼間帯,逆方向,-331,-331,0,-569,-569,0,-900,熱容量,0,0,0,0,2022/09/20 17:05:03
月間,202209,策定,北海道・本州間電力連系設備,2022/11/29,夜間帯,順方向,571,571,0,329,329,0,900,熱容量,0,0,0,0,2022/09/20 17:05:03
月間,202209,策定,北海道・本州間電力連系設備,2022/11/29,夜間帯,逆方向,-311,-311,0,-589,-589,0,-900,熱容量,0,0,0,0,2022/09/20 17:05:03
月間,202210,策定,北海道・本州間電力連系設備,2022/11/29,昼間帯,順方向,630,630,0,270,270,0,900,熱容量,0,0,0,0,2022/10/20 17:05:04
月間,202210,策定,北海道・本州間電力連系設備,2022/11/29,昼間帯,逆方向,-340,-340,0,-560,-560,0,-900,熱容量,0,0,0,0,2022/10/20 17:05:04
月間,202210,策定,北海道・本州間電力連系設備,2022/11/29,夜間帯,順方向,580,580,0,320,320,0,900,熱容量,0,0,0,0,2022/10/20 17:05:04
月間,202210,策定,北海道・本州間電力連系設備,2022/11/29,夜間帯,逆方向,-320,-320,0,-580,-580,0,-900,熱容量,0,0,0,0,2022/10/20 17:05:04
月間,202209,策定,北海道・本州間電力連系設備,2022/11/30,昼間帯,順方向,621,621,0,279,279,0,900,熱容量,0,0,0,0,2022/09/20 17:05:03
月間,202209,策定,北海道・本州間電力連系設備,2022/11/30,昼間帯,逆方向,-331,-331,0,-569,-569,0,-900,熱容量,0,0,0,0,2022/09/20 17:05:03
月間,202209,策定,北海道・本州間電力連系設備,2022/11/30,夜間帯,順方向,571,571,0,329,329,0,900,熱容量,0,0,0,0,2022/09/20 17:05:03
月間,202209,策定,北海道・本州間電力連系設備,2022/11/30,夜間帯,逆方向,-311,-311,0,-589,-589,0,-900,熱容量,0,0,0,0,2022/09/20 17:05:03
月間,202210,策定,北海道・本州間電力連系設備,2022/11/30,昼間帯,順方向,630,630,0,270,270,0,900,熱容量,0,0,0,0,2022/10/20 17:05:04
月間,202210,策定,北海道・本州間電力連系設備,2022/11/30,昼間帯,逆方向,-340,-340,0,-560,-560,0,-900,熱容量,0,0,0,0,2022/10/20 17:05:04
月間,202210,策定,北海道・本州間電力連系設備,2022/11/30,夜間帯,順方向,580,580,0,320,320,0,900,熱容量,0,0,0,0,2022/10/20 17:05:04
月間,202210,策定,北海道・本州間電力連系設備,2022/11/30,夜間帯,逆方向,-320,-320,0,-580,-580,0,-900,熱容量,0,0,0,0,2022/10/20 17:05:04
月間,202210,策定,北海道・本州間電力連系設備,2022/12/01,昼間帯,順方向,680,680,0,220,220,0,900,熱容量,0,0,0,0,2022/10/20 17:05:04
月間,202210,策定,北海道・本州間電力連系設備,2022/12/01,昼間帯,逆方向,-360,-360,0,-540,-540,0,-900,熱容量,0,0,0,0,2022/10/20 17:05:04
月間,202210,策定,北海道・本州間電力連系設備,2022/12/01,夜間帯,順方向,660,660,0,240,240,0,900,熱容量,0,0,0,0,2022/10/20 17:05:04
月間,202210,策定,北海道・本州間電力連系設備,2022/12/01,夜間帯,逆方向,-360,-360,0,-540,-540,0,-900,熱容量,0,0,0,0,2022/10/20 17:05:04
月間,202210,策定,北海道・本州間電力連系設備,2022/12/02,昼間帯,順方向,680,680,0,220,220,0,900,熱容量,0,0,0,0,2022/10/20 17:05:04
月間,202210,策定,北海道・本州間電力連系設備,2022/12/02,昼間帯,逆方向,-360,-360,0,-540,-540,0,-900,熱容量,0,0,0,0,2022/10/20 17:05:04
月間,202210,策定,北海道・本州間電力連系設備,2022/12/02,夜間帯,順方向,660,660,0,240,240,0,900,熱容量,0,0,0,0,2022/10/20 17:05:04
月間,202210,策定,北海道・本州間電力連系設備,2022/12/02,夜間帯,逆方向,-360,-360,0,-540,-540,0,-900,熱容量,0,0,0,0,2022/10/20 17:05:04
月間,202210,策定,北海道・本州間電力連系設備,2022/12/03,昼間帯,順方向,630,630,0,270,270,0,900,熱容量,0,0,0,0,2022/10/20 17:05:04
月間,202210,策定,北海道・本州間電力連系設備,2022/12/03,昼間帯,逆方向,-340,-340,0,-560,-560,0,-900,熱容量,0,0,0,0,2022/10/20 17:05:04
月間,202210,策定,北海道・本州間電力連系設備,2022/12/03,夜間帯,順方向,670,670,0,230,230,0,900,熱容量,0,0,0,0,2022/10/20 17:05:04
月間,202210,策定,北海道・本州間電力連系設備,2022/12/03,夜間帯,逆方向,-360,-360,0,-540,-540,0,-900,熱容量,0,0,0,0,2022/10/20 17:05:04
月間,202211,策定,北海道・本州間電力連系設備,2022/12/03,昼間帯,順方向,628,628,0,272,272,0,900,熱容量,0,0,0,0,2022/11/18 17:05:04
月間,202211,策定,北海道・本州間電力連系設備,2022/12/03,昼間帯,逆方向,-338,-338,0,-562,-562,0,-900,熱容量,0,0,0,0,2022/11/18 17:05:04
月間,202211,策定,北海道・本州間電力連系設備,2022/12/03,夜間帯,順方向,668,668,0,232,232,0,900,熱容量,0,0,0,0,2022/11/18 17:05:04
月間,202211,策定,北海道・本州間電力連系設備,2022/12/03,夜間帯,逆方向,-358,-358,0,-542,-542,0,-900,熱容量,0,0,0,0,2022/11/18 17:05:04
月間,202210,策定,北海道・本州間電力連系設備,2022/12/04,昼間帯,順方向,630,630,0,270,270,0,900,熱容量,0,0,0,0,2022/10/20 17:05:04
月間,202210,策定,北海道・本州間電力連系設備,2022/12/04,昼間帯,逆方向,-340,-340,0,-560,-560,0,-900,熱容量,0,0,0,0,2022/10/20 17:05:04
月間,202210,策定,北海道・本州間電力連系設備,2022/12/04,夜間帯,順方向,670,670,0,230,230,0,900,熱容量,0,0,0,0,2022/10/20 17:05:04
月間,202210,策定,北海道・本州間電力連系設備,2022/12/04,夜間帯,逆方向,-360,-360,0,-540,-540,0,-900,熱容量,0,0,0,0,2022/10/20 17:05:04
月間,202211,策定,北海道・本州間電力連系設備,2022/12/04,昼間帯,順方向,628,628,0,272,272,0,900,熱容量,0,0,0,0,2022/11/18 17:05:04
月間,202211,策定,北海道・本州間電力連系設備,2022/12/04,昼間帯,逆方向,-338,-338,0,-562,-562,0,-900,熱容量,0,0,0,0,2022/11/18 17:05:04
月間,202211,策定,北海道・本州間電力連系設備,2022/12/04,夜間帯,順方向,668,668,0,232,232,0,900,熱容量,0,0,0,0,2022/11/18 17:05:04
月間,202211,策定,北海道・本州間電力連系設備,2022/12/04,夜間帯,逆方向,-358,-358,0,-542,-542,0,-900,熱容量,0,0,0,0,2022/11/18 17:05:04
月間,202210,策定,北海道・本州間電力連系設備,2022/12/05,昼間帯,順方向,680,680,0,220,220,0,900,熱容量,0,0,0,0,2022/10/20 17:05:04
月間,202210,策定,北海道・本州間電力連系設備,2022/12/05,昼間帯,逆方向,-360,-360,0,-540,-540,0,-900,熱容量,0,0,0,0,2022/10/20 17:05:04
月間,202210,策定,北海道・本州間電力連系設備,2022/12/05,夜間帯,順方向,660,660,0,240,240,0,900,熱容量,0,0,0,0,2022/10/20 17:05:04
月間,202210,策定,北海道・本州間電力連系設備,2022/12/05,夜間帯,逆方向,-360,-360,0,-540,-540,0,-900,熱容量,0,0,0,0,2022/10/20 17:05:04
月間,202211,策定,北海道・本州間電力連系設備,2022/12/05,昼間帯,順方向,678,678,0,222,222,0,900,熱容量,0,0,0,0,2022/11/18 17:05:04
月間,202211,策定,北海道・本州間電力連系設備,2022/12/05,昼間帯,逆方向,-358,-358,0,-542,-542,0,-900,熱容量,0,0,0,0,2022/11/18 17:05:04
月間,202211,策定,北海道・本州間電力連系設備,2022/12/05,夜間帯,順方向,658,658,0,242,242,0,900,熱容量,0,0,0,0,2022/11/18 17:05:04
月間,202211,策定,北海道・本州間電力連系設備,2022/12/05,夜間帯,逆方向,-358,-358,0,-542,-542,0,-900,熱容量,0,0,0,0,2022/11/18 17:05:04
月間,202210,策定,北海道・本州間電力連系設備,2022/12/06,昼間帯,順方向,680,680,0,220,220,0,900,熱容量,0,0,0,0,2022/10/20 17:05:04
月間,202210,策定,北海道・本州間電力連系設備,2022/12/06,昼間帯,逆方向,-360,-360,0,-540,-540,0,-900,熱容量,0,0,0,0,2022/10/20 17:05:04
月間,202210,策定,北海道・本州間電力連系設備,2022/12/06,夜間帯,順方向,660,660,0,240,240,0,900,熱容量,0,0,0,0,2022/10/20 17:05:04
月間,202210,策定,北海道・本州間電力連系設備,2022/12/06,夜間帯,逆方向,-360,-360,0,-540,-540,0,-900,熱容量,0,0,0,0,2022/10/20 17:05:04
月間,202211,策定,北海道・本州間電力連系設備,2022/12/06,昼間帯,順方向,678,678,0,222,222,0,900,熱容量,0,0,0,0,2022/11/18 17:05:04
月間,202211,策定,北海道・本州間電力連系設備,2022/12/06,昼間帯,逆方向,-358,-358,0,-542,-542,0,-900,熱容量,0,0,0,0,2022/11/18 17:05:04
月間,202211,策定,北海道・本州間電力連系設備,2022/12/06,夜間帯,順方向,658,658,0,242,242,0,900,熱容量,0,0,0,0,2022/11/18 17:05:04
月間,202211,策定,北海道・本州間電力連系設備,2022/12/06,夜間帯,逆方向,-358,-358,0,-542,-542,0,-900,熱容量,0,0,0,0,2022/11/18 17:05:04
月間,202210,策定,北海道・本州間電力連系設備,2022/12/07,昼間帯,順方向,680,680,0,220,220,0,900,熱容量,0,0,0,0,2022/10/20 17:05:04
月間,202210,策定,北海道・本州間電力連系設備,2022/12/07,昼間帯,逆方向,-360,-360,0,-540,-540,0,-900,熱容量,0,0,0,0,2022/10/20 17:05:04
月間,202210,策定,北海道・本州間電力連系設備,2022/12/07,夜間帯,順方向,660,660,0,240,240,0,900,熱容量,0,0,0,0,2022/10/20 17:05:04
月間,202210,策定,北海道・本州間電力連系設備,2022/12/07,夜間帯,逆方向,-360,-360,0,-540,-540,0,-900,熱容量,0,0,0,0,2022/10/20 17:05:04
月間,202211,策定,北海道・本州間電力連系設備,2022/12/07,昼間帯,順方向,678,678,0,222,222,0,900,熱容量,0,0,0,0,2022/11/18 17:05:04
月間,202211,策定,北海道・本州間電力連系設備,2022/12/07,昼間帯,逆方向,-358,-358,0,-542,-542,0,-900,熱容量,0,0,0,0,2022/11/18 17:05:04
月間,202211,策定,北海道・本州間電力連系設備,2022/12/07,夜間帯,順方向,658,658,0,242,242,0,900,熱容量,0,0,0,0,2022/11/18 17:05:04
月間,202211,策定,北海道・本州間電力連系設備,2022/12/07,夜間帯,逆方向,-358,-358,0,-542,-542,0,-900,熱容量,0,0,0,0,2022/11/18 17:05:04
月間,202210,策定,北海道・本州間電力連系設備,2022/12/08,昼間帯,順方向,680,680,0,220,220,0,900,熱容量,0,0,0,0,2022/10/20 17:05:04
月間,202210,策定,北海道・本州間電力連系設備,2022/12/08,昼間帯,逆方向,-360,-360,0,-540,-540,0,-900,熱容量,0,0,0,0,2022/10/20 17:05:04
月間,202210,策定,北海道・本州間電力連系設備,2022/12/08,夜間帯,順方向,660,660,0,240,240,0,900,熱容量,0,0,0,0,2022/10/20 17:05:04
月間,202210,策定,北海道・本州間電力連系設備,2022/12/08,夜間帯,逆方向,-360,-360,0,-540,-540,0,-900,熱容量,0,0,0,0,2022/10/20 17:05:04
月間,202211,策定,北海道・本州間電力連系設備,2022/12/08,昼間帯,順方向,678,678,0,222,222,0,900,熱容量,0,0,0,0,2022/11/18 17:05:04
月間,202211,策定,北海道・本州間電力連系設備,2022/12/08,昼間帯,逆方向,-358,-358,0,-542,-542,0,-900,熱容量,0,0,0,0,2022/11/18 17:05:04
月間,202211,策定,北海道・本州間電力連系設備,2022/12/08,夜間帯,順方向,658,658,0,242,242,0,900,熱容量,0,0,0,0,2022/11/18 17:05:04
月間,202211,策定,北海道・本州間電力連系設備,2022/12/08,夜間帯,逆方向,-358,-358,0,-542,-542,0,-900,熱容量,0,0,0,0,2022/11/18 17:05:04
月間,202210,策定,北海道・本州間電力連系設備,2022/12/09,昼間帯,順方向,680,680,0,220,220,0,900,熱容量,0,0,0,0,2022/10/20 17:05:04
月間,202210,策定,北海道・本州間電力連系設備,2022/12/09,昼間帯,逆方向,-360,-360,0,-540,-540,0,-900,熱容量,0,0,0,0,2022/10/20 17:05:04
月間,202210,策定,北海道・本州間電力連系設備,2022/12/09,夜間帯,順方向,660,660,0,240,240,0,900,熱容量,0,0,0,0,2022/10/20 17:05:04
月間,202210,策定,北海道・本州間電力連系設備,2022/12/09,夜間帯,逆方向,-360,-360,0,-540,-540,0,-900,熱容量,0,0,0,0,2022/10/20 17:05:04
月間,202211,策定,北海道・本州間電力連系設備,2022/12/09,昼間帯,順方向,678,678,0,222,222,0,900,熱容量,0,0,0,0,2022/11/18 17:05:04
月間,202211,策定,北海道・本州間電力連系設備,2022/12/09,昼間帯,逆方向,-358,-358,0,-542,-542,0,-900,熱容量,0,0,0,0,2022/11/18 17:05:04
月間,202211,策定,北海道・本州間電力連系設備,2022/12/09,夜間帯,順方向,658,658,0,242,242,0,900,熱容量,0,0,0,0,2022/11/18 17:05:04
月間,202211,策定,北海道・本州間電力連系設備,2022/12/09,夜間帯,逆方向,-358,-358,0,-542,-542,0,-900,熱容量,0,0,0,0,2022/11/18 17:05:04
月間,202210,策定,北海道・本州間電力連系設備,2022/12/10,昼間帯,順方向,630,630,0,270,270,0,900,熱容量,0,0,0,0,2022/10/20 17:05:04
月間,202210,策定,北海道・本州間電力連系設備,2022/12/10,昼間帯,逆方向,-340,-340,0,-560,-560,0,-900,熱容量,0,0,0,0,2022/10/20 17:05:04
月間,202210,策定,北海道・本州間電力連系設備,2022/12/10,夜間帯,順方向,670,670,0,230,230,0,900,熱容量,0,0,0,0,2022/10/20 17:05:04
月間,202210,策定,北海道・本州間電力連系設備,2022/12/10,夜間帯,逆方向,-360,-360,0,-540,-540,0,-900,熱容量,0,0,0,0,2022/10/20 17:05:04
月間,202211,策定,北海道・本州間電力連系設備,2022/12/10,昼間帯,順方向,628,628,0,272,272,0,900,熱容量,0,0,0,0,2022/11/18 17:05:04
月間,202211,策定,北海道・本州間電力連系設備,2022/12/10,昼間帯,逆方向,-338,-338,0,-562,-562,0,-900,熱容量,0,0,0,0,2022/11/18 17:05:04
月間,202211,策定,北海道・本州間電力連系設備,2022/12/10,夜間帯,順方向,668,668,0,232,232,0,900,熱容量,0,0,0,0,2022/11/18 17:05:04
月間,202211,策定,北海道・本州間電力連系設備,2022/12/10,夜間帯,逆方向,-358,-358,0,-542,-542,0,-900,熱容量,0,0,0,0,2022/11/18 17:05:04
月間,202210,策定,北海道・本州間電力連系設備,2022/12/11,昼間帯,順方向,630,630,0,270,270,0,900,熱容量,0,0,0,0,2022/10/20 17:05:04
月間,202210,策定,北海道・本州間電力連系設備,2022/12/11,昼間帯,逆方向,-340,-340,0,-560,-560,0,-900,熱容量,0,0,0,0,2022/10/20 17:05:04
月間,202210,策定,北海道・本州間電力連系設備,2022/12/11,夜間帯,順方向,670,670,0,230,230,0,900,熱容量,0,0,0,0,2022/10/20 17:05:04
月間,202210,策定,北海道・本州間電力連系設備,2022/12/11,夜間帯,逆方向,-360,-360,0,-540,-540,0,-900,熱容量,0,0,0,0,2022/10/20 17:05:04
月間,202211,策定,北海道・本州間電力連系設備,2022/12/11,昼間帯,順方向,628,628,0,272,272,0,900,熱容量,0,0,0,0,2022/11/18 17:05:04
月間,202211,策定,北海道・本州間電力連系設備,2022/12/11,昼間帯,逆方向,-338,-338,0,-562,-562,0,-900,熱容量,0,0,0,0,2022/11/18 17:05:04
月間,202211,策定,北海道・本州間電力連系設備,2022/12/11,夜間帯,順方向,668,668,0,232,232,0,900,熱容量,0,0,0,0,2022/11/18 17:05:04
月間,202211,策定,北海道・本州間電力連系設備,2022/12/11,夜間帯,逆方向,-358,-358,0,-542,-542,0,-900,熱容量,0,0,0,0,2022/11/18 17:05:04
月間,202210,策定,北海道・本州間電力連系設備,2022/12/12,昼間帯,順方向,680,680,0,220,220,0,900,熱容量,0,0,0,0,2022/10/20 17:05:04
月間,202210,策定,北海道・本州間電力連系設備,2022/12/12,昼間帯,逆方向,-360,-360,0,-540,-540,0,-900,熱容量,0,0,0,0,2022/10/20 17:05:04
月間,202210,策定,北海道・本州間電力連系設備,2022/12/12,夜間帯,順方向,660,660,0,240,240,0,900,熱容量,0,0,0,0,2022/10/20 17:05:04
月間,202210,策定,北海道・本州間電力連系設備,2022/12/12,夜間帯,逆方向,-360,-360,0,-540,-540,0,-900,熱容量,0,0,0,0,2022/10/20 17:05:04
月間,202211,策定,北海道・本州間電力連系設備,2022/12/12,昼間帯,順方向,678,678,0,222,222,0,900,熱容量,0,0,0,0,2022/11/18 17:05:04
月間,202211,策定,北海道・本州間電力連系設備,2022/12/12,昼間帯,逆方向,-358,-358,0,-542,-542,0,-900,熱容量,0,0,0,0,2022/11/18 17:05:04
月間,202211,策定,北海道・本州間電力連系設備,2022/12/12,夜間帯,順方向,658,658,0,242,242,0,900,熱容量,0,0,0,0,2022/11/18 17:05:04
月間,202211,策定,北海道・本州間電力連系設備,2022/12/12,夜間帯,逆方向,-358,-358,0,-542,-542,0,-900,熱容量,0,0,0,0,2022/11/18 17:05:04
月間,202210,策定,北海道・本州間電力連系設備,2022/12/13,昼間帯,順方向,680,680,0,220,220,0,900,熱容量,0,0,0,0,2022/10/20 17:05:04
月間,202210,策定,北海道・本州間電力連系設備,2022/12/13,昼間帯,逆方向,-360,-360,0,-540,-540,0,-900,熱容量,0,0,0,0,2022/10/20 17:05:04
月間,202210,策定,北海道・本州間電力連系設備,2022/12/13,夜間帯,順方向,660,660,0,240,240,0,900,熱容量,0,0,0,0,2022/10/20 17:05:04
月間,202210,策定,北海道・本州間電力連系設備,2022/12/13,夜間帯,逆方向,-360,-360,0,-540,-540,0,-900,熱容量,0,0,0,0,2022/10/20 17:05:04
月間,202211,策定,北海道・本州間電力連系設備,2022/12/13,昼間帯,順方向,678,678,0,222,222,0,900,熱容量,0,0,0,0,2022/11/18 17:05:04
月間,202211,策定,北海道・本州間電力連系設備,2022/12/13,昼間帯,逆方向,-358,-358,0,-542,-542,0,-900,熱容量,0,0,0,0,2022/11/18 17:05:04
月間,202211,策定,北海道・本州間電力連系設備,2022/12/13,夜間帯,順方向,658,658,0,242,242,0,900,熱容量,0,0,0,0,2022/11/18 17:05:04
月間,202211,策定,北海道・本州間電力連系設備,2022/12/13,夜間帯,逆方向,-358,-358,0,-542,-542,0,-900,熱容量,0,0,0,0,2022/11/18 17:05:04
月間,202210,策定,北海道・本州間電力連系設備,2022/12/14,昼間帯,順方向,680,680,0,220,220,0,900,熱容量,0,0,0,0,2022/10/20 17:05:04
月間,202210,策定,北海道・本州間電力連系設備,2022/12/14,昼間帯,逆方向,-360,-360,0,-540,-540,0,-900,熱容量,0,0,0,0,2022/10/20 17:05:04
月間,202210,策定,北海道・本州間電力連系設備,2022/12/14,夜間帯,順方向,660,660,0,240,240,0,900,熱容量,0,0,0,0,2022/10/20 17:05:04
月間,202210,策定,北海道・本州間電力連系設備,2022/12/14,夜間帯,逆方向,-360,-360,0,-540,-540,0,-900,熱容量,0,0,0,0,2022/10/20 17:05:04
月間,202211,策定,北海道・本州間電力連系設備,2022/12/14,昼間帯,順方向,678,678,0,222,222,0,900,熱容量,0,0,0,0,2022/11/18 17:05:04
月間,202211,策定,北海道・本州間電力連系設備,2022/12/14,昼間帯,逆方向,-358,-358,0,-542,-542,0,-900,熱容量,0,0,0,0,2022/11/18 17:05:04
月間,202211,策定,北海道・本州間電力連系設備,2022/12/14,夜間帯,順方向,658,658,0,242,242,0,900,熱容量,0,0,0,0,2022/11/18 17:05:04
月間,202211,策定,北海道・本州間電力連系設備,2022/12/14,夜間帯,逆方向,-358,-358,0,-542,-542,0,-900,熱容量,0,0,0,0,2022/11/18 17:05:04
月間,202210,策定,北海道・本州間電力連系設備,2022/12/15,昼間帯,順方向,680,680,0,220,220,0,900,熱容量,0,0,0,0,2022/10/20 17:05:04
月間,202210,策定,北海道・本州間電力連系設備,2022/12/15,昼間帯,逆方向,-360,-360,0,-540,-540,0,-900,熱容量,0,0,0,0,2022/10/20 17:05:04
月間,202210,策定,北海道・本州間電力連系設備,2022/12/15,夜間帯,順方向,660,660,0,240,240,0,900,熱容量,0,0,0,0,2022/10/20 17:05:04
月間,202210,策定,北海道・本州間電力連系設備,2022/12/15,夜間帯,逆方向,-360,-360,0,-540,-540,0,-900,熱容量,0,0,0,0,2022/10/20 17:05:04
月間,202211,策定,北海道・本州間電力連系設備,2022/12/15,昼間帯,順方向,678,678,0,222,222,0,900,熱容量,0,0,0,0,2022/11/18 17:05:04
月間,202211,策定,北海道・本州間電力連系設備,2022/12/15,昼間帯,逆方向,-358,-358,0,-542,-542,0,-900,熱容量,0,0,0,0,2022/11/18 17:05:04
月間,202211,策定,北海道・本州間電力連系設備,2022/12/15,夜間帯,順方向,658,658,0,242,242,0,900,熱容量,0,0,0,0,2022/11/18 17:05:04
月間,202211,策定,北海道・本州間電力連系設備,2022/12/15,夜間帯,逆方向,-358,-358,0,-542,-542,0,-900,熱容量,0,0,0,0,2022/11/18 17:05:04
月間,202210,策定,北海道・本州間電力連系設備,2022/12/16,昼間帯,順方向,680,680,0,220,220,0,900,熱容量,0,0,0,0,2022/10/20 17:05:04
月間,202210,策定,北海道・本州間電力連系設備,2022/12/16,昼間帯,逆方向,-360,-360,0,-540,-540,0,-900,熱容量,0,0,0,0,2022/10/20 17:05:04
月間,202210,策定,北海道・本州間電力連系設備,2022/12/16,夜間帯,順方向,660,660,0,240,240,0,900,熱容量,0,0,0,0,2022/10/20 17:05:04
月間,202210,策定,北海道・本州間電力連系設備,2022/12/16,夜間帯,逆方向,-360,-360,0,-540,-540,0,-900,熱容量,0,0,0,0,2022/10/20 17:05:04
月間,202211,策定,北海道・本州間電力連系設備,2022/12/16,昼間帯,順方向,678,678,0,222,222,0,900,熱容量,0,0,0,0,2022/11/18 17:05:04
月間,202211,策定,北海道・本州間電力連系設備,2022/12/16,昼間帯,逆方向,-358,-358,0,-542,-542,0,-900,熱容量,0,0,0,0,2022/11/18 17:05:04
月間,202211,策定,北海道・本州間電力連系設備,2022/12/16,夜間帯,順方向,658,658,0,242,242,0,900,熱容量,0,0,0,0,2022/11/18 17:05:04
月間,202211,策定,北海道・本州間電力連系設備,2022/12/16,夜間帯,逆方向,-358,-358,0,-542,-542,0,-900,熱容量,0,0,0,0,2022/11/18 17:05:04
月間,202210,策定,北海道・本州間電力連系設備,2022/12/17,昼間帯,順方向,630,630,0,270,270,0,900,熱容量,0,0,0,0,2022/10/20 17:05:04
月間,202210,策定,北海道・本州間電力連系設備,2022/12/17,昼間帯,逆方向,-340,-340,0,-560,-560,0,-900,熱容量,0,0,0,0,2022/10/20 17:05:04
月間,202210,策定,北海道・本州間電力連系設備,2022/12/17,夜間帯,順方向,670,670,0,230,230,0,900,熱容量,0,0,0,0,2022/10/20 17:05:04
月間,202210,策定,北海道・本州間電力連系設備,2022/12/17,夜間帯,逆方向,-360,-360,0,-540,-540,0,-900,熱容量,0,0,0,0,2022/10/20 17:05:04
月間,202211,策定,北海道・本州間電力連系設備,2022/12/17,昼間帯,順方向,628,628,0,272,272,0,900,熱容量,0,0,0,0,2022/11/18 17:05:04
月間,202211,策定,北海道・本州間電力連系設備,2022/12/17,昼間帯,逆方向,-338,-338,0,-562,-562,0,-900,熱容量,0,0,0,0,2022/11/18 17:05:04
月間,202211,策定,北海道・本州間電力連系設備,2022/12/17,夜間帯,順方向,668,668,0,232,232,0,900,熱容量,0,0,0,0,2022/11/18 17:05:04
月間,202211,策定,北海道・本州間電力連系設備,2022/12/17,夜間帯,逆方向,-358,-358,0,-542,-542,0,-900,熱容量,0,0,0,0,2022/11/18 17:05:04
月間,202210,策定,北海道・本州間電力連系設備,2022/12/18,昼間帯,順方向,630,630,0,270,270,0,900,熱容量,0,0,0,0,2022/10/20 17:05:04
月間,202210,策定,北海道・本州間電力連系設備,2022/12/18,昼間帯,逆方向,-340,-340,0,-560,-560,0,-900,熱容量,0,0,0,0,2022/10/20 17:05:04
月間,202210,策定,北海道・本州間電力連系設備,2022/12/18,夜間帯,順方向,670,670,0,230,230,0,900,熱容量,0,0,0,0,2022/10/20 17:05:04
月間,202210,策定,北海道・本州間電力連系設備,2022/12/18,夜間帯,逆方向,-360,-360,0,-540,-540,0,-900,熱容量,0,0,0,0,2022/10/20 17:05:04
月間,202211,策定,北海道・本州間電力連系設備,2022/12/18,昼間帯,順方向,628,628,0,272,272,0,900,熱容量,0,0,0,0,2022/11/18 17:05:04
月間,202211,策定,北海道・本州間電力連系設備,2022/12/18,昼間帯,逆方向,-338,-338,0,-562,-562,0,-900,熱容量,0,0,0,0,2022/11/18 17:05:04
月間,202211,策定,北海道・本州間電力連系設備,2022/12/18,夜間帯,順方向,668,668,0,232,232,0,900,熱容量,0,0,0,0,2022/11/18 17:05:04
月間,202211,策定,北海道・本州間電力連系設備,2022/12/18,夜間帯,逆方向,-358,-358,0,-542,-542,0,-900,熱容量,0,0,0,0,2022/11/18 17:05:04
月間,202210,策定,北海道・本州間電力連系設備,2022/12/19,昼間帯,順方向,680,680,0,220,220,0,900,熱容量,0,0,0,0,2022/10/20 17:05:04
月間,202210,策定,北海道・本州間電力連系設備,2022/12/19,昼間帯,逆方向,-360,-360,0,-540,-540,0,-900,熱容量,0,0,0,0,2022/10/20 17:05:04
月間,202210,策定,北海道・本州間電力連系設備,2022/12/19,夜間帯,順方向,660,660,0,240,240,0,900,熱容量,0,0,0,0,2022/10/20 17:05:04
月間,202210,策定,北海道・本州間電力連系設備,2022/12/19,夜間帯,逆方向,-360,-360,0,-540,-540,0,-900,熱容量,0,0,0,0,2022/10/20 17:05:04
月間,202211,策定,北海道・本州間電力連系設備,2022/12/19,昼間帯,順方向,678,678,0,222,222,0,900,熱容量,0,0,0,0,2022/11/18 17:05:04
月間,202211,策定,北海道・本州間電力連系設備,2022/12/19,昼間帯,逆方向,-358,-358,0,-542,-542,0,-900,熱容量,0,0,0,0,2022/11/18 17:05:04
月間,202211,策定,北海道・本州間電力連系設備,2022/12/19,夜間帯,順方向,658,658,0,242,242,0,900,熱容量,0,0,0,0,2022/11/18 17:05:04
月間,202211,策定,北海道・本州間電力連系設備,2022/12/19,夜間帯,逆方向,-358,-358,0,-542,-542,0,-900,熱容量,0,0,0,0,2022/11/18 17:05:04
月間,202210,策定,北海道・本州間電力連系設備,2022/12/20,昼間帯,順方向,680,680,0,220,220,0,900,熱容量,0,0,0,0,2022/10/20 17:05:04
月間,202210,策定,北海道・本州間電力連系設備,2022/12/20,昼間帯,逆方向,-360,-360,0,-540,-540,0,-900,熱容量,0,0,0,0,2022/10/20 17:05:04
月間,202210,策定,北海道・本州間電力連系設備,2022/12/20,夜間帯,順方向,660,660,0,240,240,0,900,熱容量,0,0,0,0,2022/10/20 17:05:04
月間,202210,策定,北海道・本州間電力連系設備,2022/12/20,夜間帯,逆方向,-360,-360,0,-540,-540,0,-900,熱容量,0,0,0,0,2022/10/20 17:05:04
月間,202211,策定,北海道・本州間電力連系設備,2022/12/20,昼間帯,順方向,678,678,0,222,222,0,900,熱容量,0,0,0,0,2022/11/18 17:05:04
月間,202211,策定,北海道・本州間電力連系設備,2022/12/20,昼間帯,逆方向,-358,-358,0,-542,-542,0,-900,熱容量,0,0,0,0,2022/11/18 17:05:04
月間,202211,策定,北海道・本州間電力連系設備,2022/12/20,夜間帯,順方向,658,658,0,242,242,0,900,熱容量,0,0,0,0,2022/11/18 17:05:04
月間,202211,策定,北海道・本州間電力連系設備,2022/12/20,夜間帯,逆方向,-358,-358,0,-542,-542,0,-900,熱容量,0,0,0,0,2022/11/18 17:05:04
月間,202210,策定,北海道・本州間電力連系設備,2022/12/21,昼間帯,順方向,680,680,0,220,220,0,900,熱容量,0,0,0,0,2022/10/20 17:05:04
月間,202210,策定,北海道・本州間電力連系設備,2022/12/21,昼間帯,逆方向,-360,-360,0,-540,-540,0,-900,熱容量,0,0,0,0,2022/10/20 17:05:04
月間,202210,策定,北海道・本州間電力連系設備,2022/12/21,夜間帯,順方向,660,660,0,240,240,0,900,熱容量,0,0,0,0,2022/10/20 17:05:04
月間,202210,策定,北海道・本州間電力連系設備,2022/12/21,夜間帯,逆方向,-360,-360,0,-540,-540,0,-900,熱容量,0,0,0,0,2022/10/20 17:05:04
月間,202211,策定,北海道・本州間電力連系設備,2022/12/21,昼間帯,順方向,678,678,0,222,222,0,900,熱容量,0,0,0,0,2022/11/18 17:05:04
月間,202211,策定,北海道・本州間電力連系設備,2022/12/21,昼間帯,逆方向,-358,-358,0,-542,-542,0,-900,熱容量,0,0,0,0,2022/11/18 17:05:04
月間,202211,策定,北海道・本州間電力連系設備,2022/12/21,夜間帯,順方向,658,658,0,242,242,0,900,熱容量,0,0,0,0,2022/11/18 17:05:04
月間,202211,策定,北海道・本州間電力連系設備,2022/12/21,夜間帯,逆方向,-358,-358,0,-542,-542,0,-900,熱容量,0,0,0,0,2022/11/18 17:05:04
月間,202210,策定,北海道・本州間電力連系設備,2022/12/22,昼間帯,順方向,680,680,0,220,220,0,900,熱容量,0,0,0,0,2022/10/20 17:05:04
月間,202210,策定,北海道・本州間電力連系設備,2022/12/22,昼間帯,逆方向,-360,-360,0,-540,-540,0,-900,熱容量,0,0,0,0,2022/10/20 17:05:04
月間,202210,策定,北海道・本州間電力連系設備,2022/12/22,夜間帯,順方向,660,660,0,240,240,0,900,熱容量,0,0,0,0,2022/10/20 17:05:04
月間,202210,策定,北海道・本州間電力連系設備,2022/12/22,夜間帯,逆方向,-360,-360,0,-540,-540,0,-900,熱容量,0,0,0,0,2022/10/20 17:05:04
月間,202211,策定,北海道・本州間電力連系設備,2022/12/22,昼間帯,順方向,678,678,0,222,222,0,900,熱容量,0,0,0,0,2022/11/18 17:05:04
月間,202211,策定,北海道・本州間電力連系設備,2022/12/22,昼間帯,逆方向,-358,-358,0,-542,-542,0,-900,熱容量,0,0,0,0,2022/11/18 17:05:04
月間,202211,策定,北海道・本州間電力連系設備,2022/12/22,夜間帯,順方向,658,658,0,242,242,0,900,熱容量,0,0,0,0,2022/11/18 17:05:04
月間,202211,策定,北海道・本州間電力連系設備,2022/12/22,夜間帯,逆方向,-358,-358,0,-542,-542,0,-900,熱容量,0,0,0,0,2022/11/18 17:05:04
月間,202210,策定,北海道・本州間電力連系設備,2022/12/23,昼間帯,順方向,680,680,0,220,220,0,900,熱容量,0,0,0,0,2022/10/20 17:05:04
月間,202210,策定,北海道・本州間電力連系設備,2022/12/23,昼間帯,逆方向,-360,-360,0,-540,-540,0,-900,熱容量,0,0,0,0,2022/10/20 17:05:04
月間,202210,策定,北海道・本州間電力連系設備,2022/12/23,夜間帯,順方向,660,660,0,240,240,0,900,熱容量,0,0,0,0,2022/10/20 17:05:04
月間,202210,策定,北海道・本州間電力連系設備,2022/12/23,夜間帯,逆方向,-360,-360,0,-540,-540,0,-900,熱容量,0,0,0,0,2022/10/20 17:05:04
月間,202211,策定,北海道・本州間電力連系設備,2022/12/23,昼間帯,順方向,678,678,0,222,222,0,900,熱容量,0,0,0,0,2022/11/18 17:05:04
月間,202211,策定,北海道・本州間電力連系設備,2022/12/23,昼間帯,逆方向,-358,-358,0,-542,-542,0,-900,熱容量,0,0,0,0,2022/11/18 17:05:04
月間,202211,策定,北海道・本州間電力連系設備,2022/12/23,夜間帯,順方向,658,658,0,242,242,0,900,熱容量,0,0,0,0,2022/11/18 17:05:04
月間,202211,策定,北海道・本州間電力連系設備,2022/12/23,夜間帯,逆方向,-358,-358,0,-542,-542,0,-900,熱容量,0,0,0,0,2022/11/18 17:05:04
月間,202210,策定,北海道・本州間電力連系設備,2022/12/24,昼間帯,順方向,630,630,0,270,270,0,900,熱容量,0,0,0,0,2022/10/20 17:05:04
月間,202210,策定,北海道・本州間電力連系設備,2022/12/24,昼間帯,逆方向,-340,-340,0,-560,-560,0,-900,熱容量,0,0,0,0,2022/10/20 17:05:04
月間,202210,策定,北海道・本州間電力連系設備,2022/12/24,夜間帯,順方向,670,670,0,230,230,0,900,熱容量,0,0,0,0,2022/10/20 17:05:04
月間,202210,策定,北海道・本州間電力連系設備,2022/12/24,夜間帯,逆方向,-360,-360,0,-540,-540,0,-900,熱容量,0,0,0,0,2022/10/20 17:05:04
月間,202211,策定,北海道・本州間電力連系設備,2022/12/24,昼間帯,順方向,628,628,0,272,272,0,900,熱容量,0,0,0,0,2022/11/18 17:05:04
月間,202211,策定,北海道・本州間電力連系設備,2022/12/24,昼間帯,逆方向,-338,-338,0,-562,-562,0,-900,熱容量,0,0,0,0,2022/11/18 17:05:04
月間,202211,策定,北海道・本州間電力連系設備,2022/12/24,夜間帯,順方向,668,668,0,232,232,0,900,熱容量,0,0,0,0,2022/11/18 17:05:04
月間,202211,策定,北海道・本州間電力連系設備,2022/12/24,夜間帯,逆方向,-358,-358,0,-542,-542,0,-900,熱容量,0,0,0,0,2022/11/18 17:05:04
月間,202210,策定,北海道・本州間電力連系設備,2022/12/25,昼間帯,順方向,630,630,0,270,270,0,900,熱容量,0,0,0,0,2022/10/20 17:05:04
月間,202210,策定,北海道・本州間電力連系設備,2022/12/25,昼間帯,逆方向,-340,-340,0,-560,-560,0,-900,熱容量,0,0,0,0,2022/10/20 17:05:04
月間,202210,策定,北海道・本州間電力連系設備,2022/12/25,夜間帯,順方向,670,670,0,230,230,0,900,熱容量,0,0,0,0,2022/10/20 17:05:04
月間,202210,策定,北海道・本州間電力連系設備,2022/12/25,夜間帯,逆方向,-360,-360,0,-540,-540,0,-900,熱容量,0,0,0,0,2022/10/20 17:05:04
月間,202211,策定,北海道・本州間電力連系設備,2022/12/25,昼間帯,順方向,628,628,0,272,272,0,900,熱容量,0,0,0,0,2022/11/18 17:05:04
月間,202211,策定,北海道・本州間電力連系設備,2022/12/25,昼間帯,逆方向,-338,-338,0,-562,-562,0,-900,熱容量,0,0,0,0,2022/11/18 17:05:04
月間,202211,策定,北海道・本州間電力連系設備,2022/12/25,夜間帯,順方向,668,668,0,232,232,0,900,熱容量,0,0,0,0,2022/11/18 17:05:04
月間,202211,策定,北海道・本州間電力連系設備,2022/12/25,夜間帯,逆方向,-358,-358,0,-542,-542,0,-900,熱容量,0,0,0,0,2022/11/18 17:05:04
月間,202210,策定,北海道・本州間電力連系設備,2022/12/26,昼間帯,順方向,680,680,0,220,220,0,900,熱容量,0,0,0,0,2022/10/20 17:05:04
月間,202210,策定,北海道・本州間電力連系設備,2022/12/26,昼間帯,逆方向,-360,-360,0,-540,-540,0,-900,熱容量,0,0,0,0,2022/10/20 17:05:04
月間,202210,策定,北海道・本州間電力連系設備,2022/12/26,夜間帯,順方向,660,660,0,240,240,0,900,熱容量,0,0,0,0,2022/10/20 17:05:04
月間,202210,策定,北海道・本州間電力連系設備,2022/12/26,夜間帯,逆方向,-360,-360,0,-540,-540,0,-900,熱容量,0,0,0,0,2022/10/20 17:05:04
月間,202211,策定,北海道・本州間電力連系設備,2022/12/26,昼間帯,順方向,678,678,0,222,222,0,900,熱容量,0,0,0,0,2022/11/18 17:05:04
月間,202211,策定,北海道・本州間電力連系設備,2022/12/26,昼間帯,逆方向,-358,-358,0,-542,-542,0,-900,熱容量,0,0,0,0,2022/11/18 17:05:04
月間,202211,策定,北海道・本州間電力連系設備,2022/12/26,夜間帯,順方向,658,658,0,242,242,0,900,熱容量,0,0,0,0,2022/11/18 17:05:04
月間,202211,策定,北海道・本州間電力連系設備,2022/12/26,夜間帯,逆方向,-358,-358,0,-542,-542,0,-900,熱容量,0,0,0,0,2022/11/18 17:05:04
月間,202210,策定,北海道・本州間電力連系設備,2022/12/27,昼間帯,順方向,680,680,0,220,220,0,900,熱容量,0,0,0,0,2022/10/20 17:05:04
月間,202210,策定,北海道・本州間電力連系設備,2022/12/27,昼間帯,逆方向,-360,-360,0,-540,-540,0,-900,熱容量,0,0,0,0,2022/10/20 17:05:04
月間,202210,策定,北海道・本州間電力連系設備,2022/12/27,夜間帯,順方向,660,660,0,240,240,0,900,熱容量,0,0,0,0,2022/10/20 17:05:04
月間,202210,策定,北海道・本州間電力連系設備,2022/12/27,夜間帯,逆方向,-360,-360,0,-540,-540,0,-900,熱容量,0,0,0,0,2022/10/20 17:05:04
月間,202211,策定,北海道・本州間電力連系設備,2022/12/27,昼間帯,順方向,678,678,0,222,222,0,900,熱容量,0,0,0,0,2022/11/18 17:05:04
月間,202211,策定,北海道・本州間電力連系設備,2022/12/27,昼間帯,逆方向,-358,-358,0,-542,-542,0,-900,熱容量,0,0,0,0,2022/11/18 17:05:04
月間,202211,策定,北海道・本州間電力連系設備,2022/12/27,夜間帯,順方向,658,658,0,242,242,0,900,熱容量,0,0,0,0,2022/11/18 17:05:04
月間,202211,策定,北海道・本州間電力連系設備,2022/12/27,夜間帯,逆方向,-358,-358,0,-542,-542,0,-900,熱容量,0,0,0,0,2022/11/18 17:05:04
月間,202210,策定,北海道・本州間電力連系設備,2022/12/28,昼間帯,順方向,680,680,0,220,220,0,900,熱容量,0,0,0,0,2022/10/20 17:05:04
月間,202210,策定,北海道・本州間電力連系設備,2022/12/28,昼間帯,逆方向,-360,-360,0,-540,-540,0,-900,熱容量,0,0,0,0,2022/10/20 17:05:04
月間,202210,策定,北海道・本州間電力連系設備,2022/12/28,夜間帯,順方向,660,660,0,240,240,0,900,熱容量,0,0,0,0,2022/10/20 17:05:04
月間,202210,策定,北海道・本州間電力連系設備,2022/12/28,夜間帯,逆方向,-360,-360,0,-540,-540,0,-900,熱容量,0,0,0,0,2022/10/20 17:05:04
月間,202211,策定,北海道・本州間電力連系設備,2022/12/28,昼間帯,順方向,678,678,0,222,222,0,900,熱容量,0,0,0,0,2022/11/18 17:05:04
月間,202211,策定,北海道・本州間電力連系設備,2022/12/28,昼間帯,逆方向,-358,-358,0,-542,-542,0,-900,熱容量,0,0,0,0,2022/11/18 17:05:04
月間,202211,策定,北海道・本州間電力連系設備,2022/12/28,夜間帯,順方向,658,658,0,242,242,0,900,熱容量,0,0,0,0,2022/11/18 17:05:04
月間,202211,策定,北海道・本州間電力連系設備,2022/12/28,夜間帯,逆方向,-358,-358,0,-542,-542,0,-900,熱容量,0,0,0,0,2022/11/18 17:05:04
月間,202210,策定,北海道・本州間電力連系設備,2022/12/29,昼間帯,順方向,630,630,0,270,270,0,900,熱容量,0,0,0,0,2022/10/20 17:05:04
月間,202210,策定,北海道・本州間電力連系設備,2022/12/29,昼間帯,逆方向,-340,-340,0,-560,-560,0,-900,熱容量,0,0,0,0,2022/10/20 17:05:04
月間,202210,策定,北海道・本州間電力連系設備,2022/12/29,夜間帯,順方向,670,670,0,230,230,0,900,熱容量,0,0,0,0,2022/10/20 17:05:04
月間,202210,策定,北海道・本州間電力連系設備,2022/12/29,夜間帯,逆方向,-360,-360,0,-540,-540,0,-900,熱容量,0,0,0,0,2022/10/20 17:05:04
月間,202211,策定,北海道・本州間電力連系設備,2022/12/29,昼間帯,順方向,628,628,0,272,272,0,900,熱容量,0,0,0,0,2022/11/18 17:05:04
月間,202211,策定,北海道・本州間電力連系設備,2022/12/29,昼間帯,逆方向,-338,-338,0,-562,-562,0,-900,熱容量,0,0,0,0,2022/11/18 17:05:04
月間,202211,策定,北海道・本州間電力連系設備,2022/12/29,夜間帯,順方向,668,668,0,232,232,0,900,熱容量,0,0,0,0,2022/11/18 17:05:04
月間,202211,策定,北海道・本州間電力連系設備,2022/12/29,夜間帯,逆方向,-358,-358,0,-542,-542,0,-900,熱容量,0,0,0,0,2022/11/18 17:05:04
月間,202210,策定,北海道・本州間電力連系設備,2022/12/30,昼間帯,順方向,630,630,0,270,270,0,900,熱容量,0,0,0,0,2022/10/20 17:05:04
月間,202210,策定,北海道・本州間電力連系設備,2022/12/30,昼間帯,逆方向,-340,-340,0,-560,-560,0,-900,熱容量,0,0,0,0,2022/10/20 17:05:04
月間,202210,策定,北海道・本州間電力連系設備,2022/12/30,夜間帯,順方向,670,670,0,230,230,0,900,熱容量,0,0,0,0,2022/10/20 17:05:04
月間,202210,策定,北海道・本州間電力連系設備,2022/12/30,夜間帯,逆方向,-360,-360,0,-540,-540,0,-900,熱容量,0,0,0,0,2022/10/20 17:05:04
月間,202211,策定,北海道・本州間電力連系設備,2022/12/30,昼間帯,順方向,628,628,0,272,272,0,900,熱容量,0,0,0,0,2022/11/18 17:05:04
月間,202211,策定,北海道・本州間電力連系設備,2022/12/30,昼間帯,逆方向,-338,-338,0,-562,-562,0,-900,熱容量,0,0,0,0,2022/11/18 17:05:04
月間,202211,策定,北海道・本州間電力連系設備,2022/12/30,夜間帯,順方向,668,668,0,232,232,0,900,熱容量,0,0,0,0,2022/11/18 17:05:04
月間,202211,策定,北海道・本州間電力連系設備,2022/12/30,夜間帯,逆方向,-358,-358,0,-542,-542,0,-900,熱容量,0,0,0,0,2022/11/18 17:05:04
月間,202210,策定,北海道・本州間電力連系設備,2022/12/31,昼間帯,順方向,630,630,0,270,270,0,900,熱容量,0,0,0,0,2022/10/20 17:05:04
月間,202210,策定,北海道・本州間電力連系設備,2022/12/31,昼間帯,逆方向,-340,-340,0,-560,-560,0,-900,熱容量,0,0,0,0,2022/10/20 17:05:04
月間,202210,策定,北海道・本州間電力連系設備,2022/12/31,夜間帯,順方向,670,670,0,230,230,0,900,熱容量,0,0,0,0,2022/10/20 17:05:04
月間,202210,策定,北海道・本州間電力連系設備,2022/12/31,夜間帯,逆方向,-360,-360,0,-540,-540,0,-900,熱容量,0,0,0,0,2022/10/20 17:05:04
月間,202211,策定,北海道・本州間電力連系設備,2022/12/31,昼間帯,順方向,628,628,0,272,272,0,900,熱容量,0,0,0,0,2022/11/18 17:05:04
月間,202211,策定,北海道・本州間電力連系設備,2022/12/31,昼間帯,逆方向,-338,-338,0,-562,-562,0,-900,熱容量,0,0,0,0,2022/11/18 17:05:04
月間,202211,策定,北海道・本州間電力連系設備,2022/12/31,夜間帯,順方向,668,668,0,232,232,0,900,熱容量,0,0,0,0,2022/11/18 17:05:04
月間,202211,策定,北海道・本州間電力連系設備,2022/12/31,夜間帯,逆方向,-358,-358,0,-542,-542,0,-900,熱容量,0,0,0,0,2022/11/18 17:05:04
月間,202209,策定,相馬双葉幹線,2022/11/01,昼間帯,順方向,4371,4751,0,419,39,0,4790,安定度（作業）,0,0,0,0,2022/09/20 17:05:03
月間,202209,策定,相馬双葉幹線,2022/11/01,昼間帯,逆方向,-2321,-2321,0,-39,-39,0,-2360,熱容量,0,0,0,0,2022/09/20 17:05:03
月間,202209,策定,相馬双葉幹線,2022/11/01,夜間帯,順方向,4321,4701,0,419,39,0,4740,安定度（作業）,0,0,0,0,2022/09/20 17:05:03
月間,202209,策定,相馬双葉幹線,2022/11/01,夜間帯,逆方向,-2321,-2321,0,-39,-39,0,-2360,熱容量,0,0,0,0,2022/09/20 17:05:03
月間,202209,策定,相馬双葉幹線,2022/11/02,昼間帯,順方向,4371,4751,0,419,39,0,4790,安定度（作業）,0,0,0,0,2022/09/20 17:05:03
月間,202209,策定,相馬双葉幹線,2022/11/02,昼間帯,逆方向,-2321,-2321,0,-39,-39,0,-2360,熱容量,0,0,0,0,2022/09/20 17:05:03
月間,202209,策定,相馬双葉幹線,2022/11/02,夜間帯,順方向,4321,4701,0,419,39,0,4740,安定度（作業）,0,0,0,0,2022/09/20 17:05:03
月間,202209,策定,相馬双葉幹線,2022/11/02,夜間帯,逆方向,-2321,-2321,0,-39,-39,0,-2360,熱容量,0,0,0,0,2022/09/20 17:05:03
月間,202209,策定,相馬双葉幹線,2022/11/03,昼間帯,順方向,4271,4651,0,419,39,0,4690,安定度（作業）,0,0,0,0,2022/09/20 17:05:03
月間,202209,策定,相馬双葉幹線,2022/11/03,昼間帯,逆方向,-2321,-2321,0,-39,-39,0,-2360,熱容量,0,0,0,0,2022/09/20 17:05:03
月間,202209,策定,相馬双葉幹線,2022/11/03,夜間帯,順方向,4271,4651,0,419,39,0,4690,安定度（作業）,0,0,0,0,2022/09/20 17:05:03
月間,202209,策定,相馬双葉幹線,2022/11/03,夜間帯,逆方向,-2321,-2321,0,-39,-39,0,-2360,熱容量,0,0,0,0,2022/09/20 17:05:03
月間,202209,策定,相馬双葉幹線,2022/11/04,昼間帯,順方向,4121,4501,0,419,39,0,4540,安定度（作業）,0,0,0,0,2022/09/20 17:05:03
月間,202209,策定,相馬双葉幹線,2022/11/04,昼間帯,逆方向,-2321,-2321,0,-39,-39,0,-2360,熱容量,0,0,0,0,2022/09/20 17:05:03
月間,202209,策定,相馬双葉幹線,2022/11/04,夜間帯,順方向,4121,4501,0,419,39,0,4540,安定度（作業）,0,0,0,0,2022/09/20 17:05:03
月間,202209,策定,相馬双葉幹線,2022/11/04,夜間帯,逆方向,-2321,-2321,0,-39,-39,0,-2360,熱容量,0,0,0,0,2022/09/20 17:05:03
月間,202209,策定,相馬双葉幹線,2022/11/05,昼間帯,順方向,4121,4501,0,419,39,0,4540,安定度（作業）,0,0,0,0,2022/09/20 17:05:03
月間,202209,策定,相馬双葉幹線,2022/11/05,昼間帯,逆方向,-2321,-2321,0,-39,-39,0,-2360,熱容量,0,0,0,0,2022/09/20 17:05:03
月間,202209,策定,相馬双葉幹線,2022/11/05,夜間帯,順方向,4121,4501,0,419,39,0,4540,安定度（作業）,0,0,0,0,2022/09/20 17:05:03
月間,202209,策定,相馬双葉幹線,2022/11/05,夜間帯,逆方向,-2321,-2321,0,-39,-39,0,-2360,熱容量,0,0,0,0,2022/09/20 17:05:03
月間,202210,策定,相馬双葉幹線,2022/11/05,昼間帯,順方向,4190,4570,0,410,30,0,4600,熱容量（作業）,0,0,0,0,2022/10/20 17:05:04
月間,202210,策定,相馬双葉幹線,2022/11/05,昼間帯,逆方向,-2330,-2330,0,-30,-30,0,-2360,熱容量,0,0,0,0,2022/10/20 17:05:04
月間,202210,策定,相馬双葉幹線,2022/11/05,夜間帯,順方向,4280,4660,0,410,30,0,4690,安定度（作業）,0,0,0,0,2022/10/20 17:05:04
月間,202210,策定,相馬双葉幹線,2022/11/05,夜間帯,逆方向,-2330,-2330,0,-30,-30,0,-2360,熱容量,0,0,0,0,2022/10/20 17:05:04
月間,202209,策定,相馬双葉幹線,2022/11/06,昼間帯,順方向,4121,4501,0,419,39,0,4540,安定度（作業）,0,0,0,0,2022/09/20 17:05:03
月間,202209,策定,相馬双葉幹線,2022/11/06,昼間帯,逆方向,-2321,-2321,0,-39,-39,0,-2360,熱容量,0,0,0,0,2022/09/20 17:05:03
月間,202209,策定,相馬双葉幹線,2022/11/06,夜間帯,順方向,4121,4501,0,419,39,0,4540,安定度（作業）,0,0,0,0,2022/09/20 17:05:03
月間,202209,策定,相馬双葉幹線,2022/11/06,夜間帯,逆方向,-2321,-2321,0,-39,-39,0,-2360,熱容量,0,0,0,0,2022/09/20 17:05:03
月間,202210,策定,相馬双葉幹線,2022/11/06,昼間帯,順方向,4190,4570,0,410,30,0,4600,熱容量（作業）,0,0,0,0,2022/10/20 17:05:04
月間,202210,策定,相馬双葉幹線,2022/11/06,昼間帯,逆方向,-2330,-2330,0,-30,-30,0,-2360,熱容量,0,0,0,0,2022/10/20 17:05:04
月間,202210,策定,相馬双葉幹線,2022/11/06,夜間帯,順方向,4280,4660,0,410,30,0,4690,安定度（作業）,0,0,0,0,2022/10/20 17:05:04
月間,202210,策定,相馬双葉幹線,2022/11/06,夜間帯,逆方向,-2330,-2330,0,-30,-30,0,-2360,熱容量,0,0,0,0,2022/10/20 17:05:04
月間,202209,策定,相馬双葉幹線,2022/11/07,昼間帯,順方向,4121,4501,0,419,39,0,4540,安定度（作業）,0,0,0,0,2022/09/20 17:05:03
月間,202209,策定,相馬双葉幹線,2022/11/07,昼間帯,逆方向,-2321,-2321,0,-39,-39,0,-2360,熱容量,0,0,0,0,2022/09/20 17:05:03
月間,202209,策定,相馬双葉幹線,2022/11/07,夜間帯,順方向,4121,4501,0,419,39,0,4540,安定度（作業）,0,0,0,0,2022/09/20 17:05:03
月間,202209,策定,相馬双葉幹線,2022/11/07,夜間帯,逆方向,-2321,-2321,0,-39,-39,0,-2360,熱容量,0,0,0,0,2022/09/20 17:05:03
月間,202210,策定,相馬双葉幹線,2022/11/07,昼間帯,順方向,4190,4570,0,410,30,0,4600,熱容量（作業）,0,0,0,0,2022/10/20 17:05:04
月間,202210,策定,相馬双葉幹線,2022/11/07,昼間帯,逆方向,-2330,-2330,0,-30,-30,0,-2360,熱容量,0,0,0,0,2022/10/20 17:05:04
月間,202210,策定,相馬双葉幹線,2022/11/07,夜間帯,順方向,4280,4660,0,410,30,0,4690,安定度（作業）,0,0,0,0,2022/10/20 17:05:04
月間,202210,策定,相馬双葉幹線,2022/11/07,夜間帯,逆方向,-2330,-2330,0,-30,-30,0,-2360,熱容量,0,0,0,0,2022/10/20 17:05:04
月間,202209,策定,相馬双葉幹線,2022/11/08,昼間帯,順方向,4121,4501,0,419,39,0,4540,安定度（作業）,0,0,0,0,2022/09/20 17:05:03
月間,202209,策定,相馬双葉幹線,2022/11/08,昼間帯,逆方向,-2321,-2321,0,-39,-39,0,-2360,熱容量,0,0,0,0,2022/09/20 17:05:03
月間,202209,策定,相馬双葉幹線,2022/11/08,夜間帯,順方向,4121,4501,0,419,39,0,4540,安定度（作業）,0,0,0,0,2022/09/20 17:05:03
月間,202209,策定,相馬双葉幹線,2022/11/08,夜間帯,逆方向,-2321,-2321,0,-39,-39,0,-2360,熱容量,0,0,0,0,2022/09/20 17:05:03
月間,202210,策定,相馬双葉幹線,2022/11/08,昼間帯,順方向,4190,4570,0,410,30,0,4600,熱容量（作業）,0,0,0,0,2022/10/20 17:05:04
月間,202210,策定,相馬双葉幹線,2022/11/08,昼間帯,逆方向,-2330,-2330,0,-30,-30,0,-2360,熱容量,0,0,0,0,2022/10/20 17:05:04
月間,202210,策定,相馬双葉幹線,2022/11/08,夜間帯,順方向,4280,4660,0,410,30,0,4690,安定度（作業）,0,0,0,0,2022/10/20 17:05:04
月間,202210,策定,相馬双葉幹線,2022/11/08,夜間帯,逆方向,-2330,-2330,0,-30,-30,0,-2360,熱容量,0,0,0,0,2022/10/20 17:05:04
月間,202209,策定,相馬双葉幹線,2022/11/09,昼間帯,順方向,4121,4501,0,419,39,0,4540,安定度（作業）,0,0,0,0,2022/09/20 17:05:03
月間,202209,策定,相馬双葉幹線,2022/11/09,昼間帯,逆方向,-2321,-2321,0,-39,-39,0,-2360,熱容量,0,0,0,0,2022/09/20 17:05:03
月間,202209,策定,相馬双葉幹線,2022/11/09,夜間帯,順方向,4121,4501,0,419,39,0,4540,安定度（作業）,0,0,0,0,2022/09/20 17:05:03
月間,202209,策定,相馬双葉幹線,2022/11/09,夜間帯,逆方向,-2321,-2321,0,-39,-39,0,-2360,熱容量,0,0,0,0,2022/09/20 17:05:03
月間,202210,策定,相馬双葉幹線,2022/11/09,昼間帯,順方向,4190,4570,0,410,30,0,4600,熱容量（作業）,0,0,0,0,2022/10/20 17:05:04
月間,202210,策定,相馬双葉幹線,2022/11/09,昼間帯,逆方向,-2330,-2330,0,-30,-30,0,-2360,熱容量,0,0,0,0,2022/10/20 17:05:04
月間,202210,策定,相馬双葉幹線,2022/11/09,夜間帯,順方向,4280,4660,0,410,30,0,4690,安定度（作業）,0,0,0,0,2022/10/20 17:05:04
月間,202210,策定,相馬双葉幹線,2022/11/09,夜間帯,逆方向,-2330,-2330,0,-30,-30,0,-2360,熱容量,0,0,0,0,2022/10/20 17:05:04
月間,202209,策定,相馬双葉幹線,2022/11/10,昼間帯,順方向,4121,4501,0,419,39,0,4540,安定度（作業）,0,0,0,0,2022/09/20 17:05:03
月間,202209,策定,相馬双葉幹線,2022/11/10,昼間帯,逆方向,-2321,-2321,0,-39,-39,0,-2360,熱容量,0,0,0,0,2022/09/20 17:05:03
月間,202209,策定,相馬双葉幹線,2022/11/10,夜間帯,順方向,4121,4501,0,419,39,0,4540,安定度（作業）,0,0,0,0,2022/09/20 17:05:03
月間,202209,策定,相馬双葉幹線,2022/11/10,夜間帯,逆方向,-2321,-2321,0,-39,-39,0,-2360,熱容量,0,0,0,0,2022/09/20 17:05:03
月間,202210,策定,相馬双葉幹線,2022/11/10,昼間帯,順方向,4190,4570,0,410,30,0,4600,熱容量（作業）,0,0,0,0,2022/10/20 17:05:04
月間,202210,策定,相馬双葉幹線,2022/11/10,昼間帯,逆方向,-2330,-2330,0,-30,-30,0,-2360,熱容量,0,0,0,0,2022/10/20 17:05:04
月間,202210,策定,相馬双葉幹線,2022/11/10,夜間帯,順方向,4280,4660,0,410,30,0,4690,安定度（作業）,0,0,0,0,2022/10/20 17:05:04
月間,202210,策定,相馬双葉幹線,2022/11/10,夜間帯,逆方向,-2330,-2330,0,-30,-30,0,-2360,熱容量,0,0,0,0,2022/10/20 17:05:04
月間,202209,策定,相馬双葉幹線,2022/11/11,昼間帯,順方向,4121,4501,0,419,39,0,4540,安定度（作業）,0,0,0,0,2022/09/20 17:05:03
月間,202209,策定,相馬双葉幹線,2022/11/11,昼間帯,逆方向,-2321,-2321,0,-39,-39,0,-2360,熱容量,0,0,0,0,2022/09/20 17:05:03
月間,202209,策定,相馬双葉幹線,2022/11/11,夜間帯,順方向,4121,4501,0,419,39,0,4540,安定度（作業）,0,0,0,0,2022/09/20 17:05:03
月間,202209,策定,相馬双葉幹線,2022/11/11,夜間帯,逆方向,-2321,-2321,0,-39,-39,0,-2360,熱容量,0,0,0,0,2022/09/20 17:05:03
月間,202210,策定,相馬双葉幹線,2022/11/11,昼間帯,順方向,4190,4570,0,410,30,0,4600,熱容量（作業）,0,0,0,0,2022/10/20 17:05:04
月間,202210,策定,相馬双葉幹線,2022/11/11,昼間帯,逆方向,-2330,-2330,0,-30,-30,0,-2360,熱容量,0,0,0,0,2022/10/20 17:05:04
月間,202210,策定,相馬双葉幹線,2022/11/11,夜間帯,順方向,4280,4660,0,410,30,0,4690,安定度（作業）,0,0,0,0,2022/10/20 17:05:04
月間,202210,策定,相馬双葉幹線,2022/11/11,夜間帯,逆方向,-2330,-2330,0,-30,-30,0,-2360,熱容量,0,0,0,0,2022/10/20 17:05:04
月間,202209,策定,相馬双葉幹線,2022/11/12,昼間帯,順方向,4121,4501,0,419,39,0,4540,安定度（作業）,0,0,0,0,2022/09/20 17:05:03
月間,202209,策定,相馬双葉幹線,2022/11/12,昼間帯,逆方向,-2321,-2321,0,-39,-39,0,-2360,熱容量,0,0,0,0,2022/09/20 17:05:03
月間,202209,策定,相馬双葉幹線,2022/11/12,夜間帯,順方向,4121,4501,0,419,39,0,4540,安定度（作業）,0,0,0,0,2022/09/20 17:05:03
月間,202209,策定,相馬双葉幹線,2022/11/12,夜間帯,逆方向,-2321,-2321,0,-39,-39,0,-2360,熱容量,0,0,0,0,2022/09/20 17:05:03
月間,202210,策定,相馬双葉幹線,2022/11/12,昼間帯,順方向,4040,4420,0,410,30,0,4450,熱容量（作業）,0,0,0,0,2022/10/20 17:05:04
月間,202210,策定,相馬双葉幹線,2022/11/12,昼間帯,逆方向,-2330,-2330,0,-30,-30,0,-2360,熱容量,0,0,0,0,2022/10/20 17:05:04
月間,202210,策定,相馬双葉幹線,2022/11/12,夜間帯,順方向,4130,4510,0,410,30,0,4540,安定度（作業）,0,0,0,0,2022/10/20 17:05:04
月間,202210,策定,相馬双葉幹線,2022/11/12,夜間帯,逆方向,-2330,-2330,0,-30,-30,0,-2360,熱容量,0,0,0,0,2022/10/20 17:05:04
月間,202209,策定,相馬双葉幹線,2022/11/13,昼間帯,順方向,4121,4501,0,419,39,0,4540,安定度（作業）,0,0,0,0,2022/09/20 17:05:03
月間,202209,策定,相馬双葉幹線,2022/11/13,昼間帯,逆方向,-2321,-2321,0,-39,-39,0,-2360,熱容量,0,0,0,0,2022/09/20 17:05:03
月間,202209,策定,相馬双葉幹線,2022/11/13,夜間帯,順方向,4121,4501,0,419,39,0,4540,安定度（作業）,0,0,0,0,2022/09/20 17:05:03
月間,202209,策定,相馬双葉幹線,2022/11/13,夜間帯,逆方向,-2321,-2321,0,-39,-39,0,-2360,熱容量,0,0,0,0,2022/09/20 17:05:03
月間,202210,策定,相馬双葉幹線,2022/11/13,昼間帯,順方向,4040,4420,0,410,30,0,4450,熱容量（作業）,0,0,0,0,2022/10/20 17:05:04
月間,202210,策定,相馬双葉幹線,2022/11/13,昼間帯,逆方向,-2330,-2330,0,-30,-30,0,-2360,熱容量,0,0,0,0,2022/10/20 17:05:04
月間,202210,策定,相馬双葉幹線,2022/11/13,夜間帯,順方向,4130,4510,0,410,30,0,4540,安定度（作業）,0,0,0,0,2022/10/20 17:05:04
月間,202210,策定,相馬双葉幹線,2022/11/13,夜間帯,逆方向,-2330,-2330,0,-30,-30,0,-2360,熱容量,0,0,0,0,2022/10/20 17:05:04
月間,202209,策定,相馬双葉幹線,2022/11/14,昼間帯,順方向,4121,4501,0,419,39,0,4540,安定度（作業）,0,0,0,0,2022/09/20 17:05:03
月間,202209,策定,相馬双葉幹線,2022/11/14,昼間帯,逆方向,-2321,-2321,0,-39,-39,0,-2360,熱容量,0,0,0,0,2022/09/20 17:05:03
月間,202209,策定,相馬双葉幹線,2022/11/14,夜間帯,順方向,4121,4501,0,419,39,0,4540,安定度（作業）,0,0,0,0,2022/09/20 17:05:03
月間,202209,策定,相馬双葉幹線,2022/11/14,夜間帯,逆方向,-2321,-2321,0,-39,-39,0,-2360,熱容量,0,0,0,0,2022/09/20 17:05:03
月間,202210,策定,相馬双葉幹線,2022/11/14,昼間帯,順方向,4190,4570,0,410,30,0,4600,熱容量（作業）,0,0,0,0,2022/10/20 17:05:04
月間,202210,策定,相馬双葉幹線,2022/11/14,昼間帯,逆方向,-2330,-2330,0,-30,-30,0,-2360,熱容量,0,0,0,0,2022/10/20 17:05:04
月間,202210,策定,相馬双葉幹線,2022/11/14,夜間帯,順方向,4280,4660,0,410,30,0,4690,安定度（作業）,0,0,0,0,2022/10/20 17:05:04
月間,202210,策定,相馬双葉幹線,2022/11/14,夜間帯,逆方向,-2330,-2330,0,-30,-30,0,-2360,熱容量,0,0,0,0,2022/10/20 17:05:04
月間,202209,策定,相馬双葉幹線,2022/11/15,昼間帯,順方向,4221,4601,0,419,39,0,4640,安定度（作業）,0,0,0,0,2022/09/20 17:05:03
月間,202209,策定,相馬双葉幹線,2022/11/15,昼間帯,逆方向,-2321,-2321,0,-39,-39,0,-2360,熱容量,0,0,0,0,2022/09/20 17:05:03
月間,202209,策定,相馬双葉幹線,2022/11/15,夜間帯,順方向,4171,4551,0,419,39,0,4590,安定度（作業）,0,0,0,0,2022/09/20 17:05:03
月間,202209,策定,相馬双葉幹線,2022/11/15,夜間帯,逆方向,-2321,-2321,0,-39,-39,0,-2360,熱容量,0,0,0,0,2022/09/20 17:05:03
月間,202210,策定,相馬双葉幹線,2022/11/15,昼間帯,順方向,4190,4570,0,410,30,0,4600,熱容量（作業）,0,0,0,0,2022/10/20 17:05:04
月間,202210,策定,相馬双葉幹線,2022/11/15,昼間帯,逆方向,-2330,-2330,0,-30,-30,0,-2360,熱容量,0,0,0,0,2022/10/20 17:05:04
月間,202210,策定,相馬双葉幹線,2022/11/15,夜間帯,順方向,4280,4660,0,410,30,0,4690,安定度（作業）,0,0,0,0,2022/10/20 17:05:04
月間,202210,策定,相馬双葉幹線,2022/11/15,夜間帯,逆方向,-2330,-2330,0,-30,-30,0,-2360,熱容量,0,0,0,0,2022/10/20 17:05:04
月間,202209,策定,相馬双葉幹線,2022/11/16,昼間帯,順方向,4881,5261,0,419,39,0,5300,熱容量,0,0,0,0,2022/09/20 17:05:03
月間,202209,策定,相馬双葉幹線,2022/11/16,昼間帯,逆方向,-2321,-2321,0,-39,-39,0,-2360,熱容量,0,0,0,0,2022/09/20 17:05:03
月間,202209,策定,相馬双葉幹線,2022/11/16,夜間帯,順方向,4531,4911,0,419,39,0,4950,熱容量,0,0,0,0,2022/09/20 17:05:03
月間,202209,策定,相馬双葉幹線,2022/11/16,夜間帯,逆方向,-2321,-2321,0,-39,-39,0,-2360,熱容量,0,0,0,0,2022/09/20 17:05:03
月間,202210,策定,相馬双葉幹線,2022/11/16,昼間帯,順方向,4790,5170,0,410,30,0,5200,熱容量（作業）,0,0,0,0,2022/10/20 17:05:04
月間,202210,策定,相馬双葉幹線,2022/11/16,昼間帯,逆方向,-2330,-2330,0,-30,-30,0,-2360,熱容量,0,0,0,0,2022/10/20 17:05:04
月間,202210,策定,相馬双葉幹線,2022/11/16,夜間帯,順方向,4490,4870,0,410,30,0,4900,熱容量（作業）,0,0,0,0,2022/10/20 17:05:04
月間,202210,策定,相馬双葉幹線,2022/11/16,夜間帯,逆方向,-2330,-2330,0,-30,-30,0,-2360,熱容量,0,0,0,0,2022/10/20 17:05:04
月間,202209,策定,相馬双葉幹線,2022/11/17,昼間帯,順方向,4881,5261,0,419,39,0,5300,熱容量,0,0,0,0,2022/09/20 17:05:03
月間,202209,策定,相馬双葉幹線,2022/11/17,昼間帯,逆方向,-2321,-2321,0,-39,-39,0,-2360,熱容量,0,0,0,0,2022/09/20 17:05:03
月間,202209,策定,相馬双葉幹線,2022/11/17,夜間帯,順方向,4531,4911,0,419,39,0,4950,熱容量,0,0,0,0,2022/09/20 17:05:03
月間,202209,策定,相馬双葉幹線,2022/11/17,夜間帯,逆方向,-2321,-2321,0,-39,-39,0,-2360,熱容量,0,0,0,0,2022/09/20 17:05:03
月間,202210,策定,相馬双葉幹線,2022/11/17,昼間帯,順方向,4790,5170,0,410,30,0,5200,熱容量（作業）,0,0,0,0,2022/10/20 17:05:04
月間,202210,策定,相馬双葉幹線,2022/11/17,昼間帯,逆方向,-2330,-2330,0,-30,-30,0,-2360,熱容量,0,0,0,0,2022/10/20 17:05:04
月間,202210,策定,相馬双葉幹線,2022/11/17,夜間帯,順方向,4490,4870,0,410,30,0,4900,熱容量（作業）,0,0,0,0,2022/10/20 17:05:04
月間,202210,策定,相馬双葉幹線,2022/11/17,夜間帯,逆方向,-2330,-2330,0,-30,-30,0,-2360,熱容量,0,0,0,0,2022/10/20 17:05:04
月間,202209,策定,相馬双葉幹線,2022/11/18,昼間帯,順方向,4871,5251,0,419,39,0,5290,安定度,0,0,0,0,2022/09/20 17:05:03
月間,202209,策定,相馬双葉幹線,2022/11/18,昼間帯,逆方向,-2321,-2321,0,-39,-39,0,-2360,熱容量,0,0,0,0,2022/09/20 17:05:03
月間,202209,策定,相馬双葉幹線,2022/11/18,夜間帯,順方向,4671,5051,0,419,39,0,5090,安定度,0,0,0,0,2022/09/20 17:05:03
月間,202209,策定,相馬双葉幹線,2022/11/18,夜間帯,逆方向,-2321,-2321,0,-39,-39,0,-2360,熱容量,0,0,0,0,2022/09/20 17:05:03
月間,202210,策定,相馬双葉幹線,2022/11/18,昼間帯,順方向,4930,5310,0,410,30,0,5340,安定度（作業）,0,0,0,0,2022/10/20 17:05:04
月間,202210,策定,相馬双葉幹線,2022/11/18,昼間帯,逆方向,-2330,-2330,0,-30,-30,0,-2360,熱容量,0,0,0,0,2022/10/20 17:05:04
月間,202210,策定,相馬双葉幹線,2022/11/18,夜間帯,順方向,4590,4970,0,410,30,0,5000,熱容量（作業）,0,0,0,0,2022/10/20 17:05:04
月間,202210,策定,相馬双葉幹線,2022/11/18,夜間帯,逆方向,-2330,-2330,0,-30,-30,0,-2360,熱容量,0,0,0,0,2022/10/20 17:05:04
月間,202209,策定,相馬双葉幹線,2022/11/19,昼間帯,順方向,4871,5251,0,419,39,0,5290,安定度,0,0,0,0,2022/09/20 17:05:03
月間,202209,策定,相馬双葉幹線,2022/11/19,昼間帯,逆方向,-2321,-2321,0,-39,-39,0,-2360,熱容量,0,0,0,0,2022/09/20 17:05:03
月間,202209,策定,相馬双葉幹線,2022/11/19,夜間帯,順方向,4671,5051,0,419,39,0,5090,安定度,0,0,0,0,2022/09/20 17:05:03
月間,202209,策定,相馬双葉幹線,2022/11/19,夜間帯,逆方向,-2321,-2321,0,-39,-39,0,-2360,熱容量,0,0,0,0,2022/09/20 17:05:03
月間,202210,策定,相馬双葉幹線,2022/11/19,昼間帯,順方向,4930,5310,0,410,30,0,5340,安定度（作業）,0,0,0,0,2022/10/20 17:05:04
月間,202210,策定,相馬双葉幹線,2022/11/19,昼間帯,逆方向,-2330,-2330,0,-30,-30,0,-2360,熱容量,0,0,0,0,2022/10/20 17:05:04
月間,202210,策定,相馬双葉幹線,2022/11/19,夜間帯,順方向,4590,4970,0,410,30,0,5000,熱容量（作業）,0,0,0,0,2022/10/20 17:05:04
月間,202210,策定,相馬双葉幹線,2022/11/19,夜間帯,逆方向,-2330,-2330,0,-30,-30,0,-2360,熱容量,0,0,0,0,2022/10/20 17:05:04
月間,202209,策定,相馬双葉幹線,2022/11/20,昼間帯,順方向,4871,5251,0,419,39,0,5290,安定度,0,0,0,0,2022/09/20 17:05:03
月間,202209,策定,相馬双葉幹線,2022/11/20,昼間帯,逆方向,-2321,-2321,0,-39,-39,0,-2360,熱容量,0,0,0,0,2022/09/20 17:05:03
月間,202209,策定,相馬双葉幹線,2022/11/20,夜間帯,順方向,4671,5051,0,419,39,0,5090,安定度,0,0,0,0,2022/09/20 17:05:03
月間,202209,策定,相馬双葉幹線,2022/11/20,夜間帯,逆方向,-2321,-2321,0,-39,-39,0,-2360,熱容量,0,0,0,0,2022/09/20 17:05:03
月間,202210,策定,相馬双葉幹線,2022/11/20,昼間帯,順方向,4930,5310,0,410,30,0,5340,安定度（作業）,0,0,0,0,2022/10/20 17:05:04
月間,202210,策定,相馬双葉幹線,2022/11/20,昼間帯,逆方向,-2330,-2330,0,-30,-30,0,-2360,熱容量,0,0,0,0,2022/10/20 17:05:04
月間,202210,策定,相馬双葉幹線,2022/11/20,夜間帯,順方向,4590,4970,0,410,30,0,5000,熱容量（作業）,0,0,0,0,2022/10/20 17:05:04
月間,202210,策定,相馬双葉幹線,2022/11/20,夜間帯,逆方向,-2330,-2330,0,-30,-30,0,-2360,熱容量,0,0,0,0,2022/10/20 17:05:04
月間,202209,策定,相馬双葉幹線,2022/11/21,昼間帯,順方向,3181,3561,0,419,39,0,3600,熱容量（作業）,0,0,0,0,2022/09/20 17:05:03
月間,202209,策定,相馬双葉幹線,2022/11/21,昼間帯,逆方向,-1141,-1141,0,-39,-39,0,-1180,熱容量（作業）,0,0,0,0,2022/09/20 17:05:03
月間,202209,策定,相馬双葉幹線,2022/11/21,夜間帯,順方向,3031,3411,0,419,39,0,3450,熱容量（作業）,0,0,0,0,2022/09/20 17:05:03
月間,202209,策定,相馬双葉幹線,2022/11/21,夜間帯,逆方向,-1141,-1141,0,-39,-39,0,-1180,熱容量（作業）,0,0,0,0,2022/09/20 17:05:03
月間,202210,策定,相馬双葉幹線,2022/11/21,昼間帯,順方向,3190,3570,0,410,30,0,3600,熱容量（作業）,0,0,0,0,2022/10/20 17:05:04
月間,202210,策定,相馬双葉幹線,2022/11/21,昼間帯,逆方向,-1150,-1150,0,-30,-30,0,-1180,熱容量（作業）,0,0,0,0,2022/10/20 17:05:04
月間,202210,策定,相馬双葉幹線,2022/11/21,夜間帯,順方向,3140,3520,0,410,30,0,3550,熱容量（作業）,0,0,0,0,2022/10/20 17:05:04
月間,202210,策定,相馬双葉幹線,2022/11/21,夜間帯,逆方向,-1150,-1150,0,-30,-30,0,-1180,熱容量（作業）,0,0,0,0,2022/10/20 17:05:04
月間,202209,策定,相馬双葉幹線,2022/11/22,昼間帯,順方向,3181,3561,0,419,39,0,3600,熱容量（作業）,0,0,0,0,2022/09/20 17:05:03
月間,202209,策定,相馬双葉幹線,2022/11/22,昼間帯,逆方向,-1141,-1141,0,-39,-39,0,-1180,熱容量（作業）,0,0,0,0,2022/09/20 17:05:03
月間,202209,策定,相馬双葉幹線,2022/11/22,夜間帯,順方向,3031,3411,0,419,39,0,3450,熱容量（作業）,0,0,0,0,2022/09/20 17:05:03
月間,202209,策定,相馬双葉幹線,2022/11/22,夜間帯,逆方向,-1141,-1141,0,-39,-39,0,-1180,熱容量（作業）,0,0,0,0,2022/09/20 17:05:03
月間,202210,策定,相馬双葉幹線,2022/11/22,昼間帯,順方向,3190,3570,0,410,30,0,3600,熱容量（作業）,0,0,0,0,2022/10/20 17:05:04
月間,202210,策定,相馬双葉幹線,2022/11/22,昼間帯,逆方向,-1150,-1150,0,-30,-30,0,-1180,熱容量（作業）,0,0,0,0,2022/10/20 17:05:04
月間,202210,策定,相馬双葉幹線,2022/11/22,夜間帯,順方向,3140,3520,0,410,30,0,3550,熱容量（作業）,0,0,0,0,2022/10/20 17:05:04
月間,202210,策定,相馬双葉幹線,2022/11/22,夜間帯,逆方向,-1150,-1150,0,-30,-30,0,-1180,熱容量（作業）,0,0,0,0,2022/10/20 17:05:04
月間,202209,策定,相馬双葉幹線,2022/11/23,昼間帯,順方向,3181,3561,0,419,39,0,3600,熱容量（作業）,0,0,0,0,2022/09/20 17:05:03
月間,202209,策定,相馬双葉幹線,2022/11/23,昼間帯,逆方向,-1141,-1141,0,-39,-39,0,-1180,熱容量（作業）,0,0,0,0,2022/09/20 17:05:03
月間,202209,策定,相馬双葉幹線,2022/11/23,夜間帯,順方向,3031,3411,0,419,39,0,3450,熱容量（作業）,0,0,0,0,2022/09/20 17:05:03
月間,202209,策定,相馬双葉幹線,2022/11/23,夜間帯,逆方向,-1141,-1141,0,-39,-39,0,-1180,熱容量（作業）,0,0,0,0,2022/09/20 17:05:03
月間,202210,策定,相馬双葉幹線,2022/11/23,昼間帯,順方向,3190,3570,0,410,30,0,3600,熱容量（作業）,0,0,0,0,2022/10/20 17:05:04
月間,202210,策定,相馬双葉幹線,2022/11/23,昼間帯,逆方向,-1150,-1150,0,-30,-30,0,-1180,熱容量（作業）,0,0,0,0,2022/10/20 17:05:04
月間,202210,策定,相馬双葉幹線,2022/11/23,夜間帯,順方向,3140,3520,0,410,30,0,3550,熱容量（作業）,0,0,0,0,2022/10/20 17:05:04
月間,202210,策定,相馬双葉幹線,2022/11/23,夜間帯,逆方向,-1150,-1150,0,-30,-30,0,-1180,熱容量（作業）,0,0,0,0,2022/10/20 17:05:04
月間,202209,策定,相馬双葉幹線,2022/11/24,昼間帯,順方向,3181,3561,0,419,39,0,3600,熱容量（作業）,0,0,0,0,2022/09/20 17:05:03
月間,202209,策定,相馬双葉幹線,2022/11/24,昼間帯,逆方向,-1141,-1141,0,-39,-39,0,-1180,熱容量（作業）,0,0,0,0,2022/09/20 17:05:03
月間,202209,策定,相馬双葉幹線,2022/11/24,夜間帯,順方向,3031,3411,0,419,39,0,3450,熱容量（作業）,0,0,0,0,2022/09/20 17:05:03
月間,202209,策定,相馬双葉幹線,2022/11/24,夜間帯,逆方向,-1141,-1141,0,-39,-39,0,-1180,熱容量（作業）,0,0,0,0,2022/09/20 17:05:03
月間,202210,策定,相馬双葉幹線,2022/11/24,昼間帯,順方向,3190,3570,0,410,30,0,3600,熱容量（作業）,0,0,0,0,2022/10/20 17:05:04
月間,202210,策定,相馬双葉幹線,2022/11/24,昼間帯,逆方向,-1150,-1150,0,-30,-30,0,-1180,熱容量（作業）,0,0,0,0,2022/10/20 17:05:04
月間,202210,策定,相馬双葉幹線,2022/11/24,夜間帯,順方向,3140,3520,0,410,30,0,3550,熱容量（作業）,0,0,0,0,2022/10/20 17:05:04
月間,202210,策定,相馬双葉幹線,2022/11/24,夜間帯,逆方向,-1150,-1150,0,-30,-30,0,-1180,熱容量（作業）,0,0,0,0,2022/10/20 17:05:04
月間,202209,策定,相馬双葉幹線,2022/11/25,昼間帯,順方向,3181,3561,0,419,39,0,3600,熱容量（作業）,0,0,0,0,2022/09/20 17:05:03
月間,202209,策定,相馬双葉幹線,2022/11/25,昼間帯,逆方向,-1141,-1141,0,-39,-39,0,-1180,熱容量（作業）,0,0,0,0,2022/09/20 17:05:03
月間,202209,策定,相馬双葉幹線,2022/11/25,夜間帯,順方向,3031,3411,0,419,39,0,3450,熱容量（作業）,0,0,0,0,2022/09/20 17:05:03
月間,202209,策定,相馬双葉幹線,2022/11/25,夜間帯,逆方向,-1141,-1141,0,-39,-39,0,-1180,熱容量（作業）,0,0,0,0,2022/09/20 17:05:03
月間,202210,策定,相馬双葉幹線,2022/11/25,昼間帯,順方向,3190,3570,0,410,30,0,3600,熱容量（作業）,0,0,0,0,2022/10/20 17:05:04
月間,202210,策定,相馬双葉幹線,2022/11/25,昼間帯,逆方向,-1150,-1150,0,-30,-30,0,-1180,熱容量（作業）,0,0,0,0,2022/10/20 17:05:04
月間,202210,策定,相馬双葉幹線,2022/11/25,夜間帯,順方向,3140,3520,0,410,30,0,3550,熱容量（作業）,0,0,0,0,2022/10/20 17:05:04
月間,202210,策定,相馬双葉幹線,2022/11/25,夜間帯,逆方向,-1150,-1150,0,-30,-30,0,-1180,熱容量（作業）,0,0,0,0,2022/10/20 17:05:04
月間,202209,策定,相馬双葉幹線,2022/11/26,昼間帯,順方向,3181,3561,0,419,39,0,3600,熱容量（作業）,0,0,0,0,2022/09/20 17:05:03
月間,202209,策定,相馬双葉幹線,2022/11/26,昼間帯,逆方向,-1141,-1141,0,-39,-39,0,-1180,熱容量（作業）,0,0,0,0,2022/09/20 17:05:03
月間,202209,策定,相馬双葉幹線,2022/11/26,夜間帯,順方向,3031,3411,0,419,39,0,3450,熱容量（作業）,0,0,0,0,2022/09/20 17:05:03
月間,202209,策定,相馬双葉幹線,2022/11/26,夜間帯,逆方向,-1141,-1141,0,-39,-39,0,-1180,熱容量（作業）,0,0,0,0,2022/09/20 17:05:03
月間,202210,策定,相馬双葉幹線,2022/11/26,昼間帯,順方向,3190,3570,0,410,30,0,3600,熱容量（作業）,0,0,0,0,2022/10/20 17:05:04
月間,202210,策定,相馬双葉幹線,2022/11/26,昼間帯,逆方向,-1150,-1150,0,-30,-30,0,-1180,熱容量（作業）,0,0,0,0,2022/10/20 17:05:04
月間,202210,策定,相馬双葉幹線,2022/11/26,夜間帯,順方向,3140,3520,0,410,30,0,3550,熱容量（作業）,0,0,0,0,2022/10/20 17:05:04
月間,202210,策定,相馬双葉幹線,2022/11/26,夜間帯,逆方向,-1150,-1150,0,-30,-30,0,-1180,熱容量（作業）,0,0,0,0,2022/10/20 17:05:04
月間,202209,策定,相馬双葉幹線,2022/11/27,昼間帯,順方向,4881,5261,0,419,39,0,5300,熱容量,0,0,0,0,2022/09/20 17:05:03
月間,202209,策定,相馬双葉幹線,2022/11/27,昼間帯,逆方向,-2321,-2321,0,-39,-39,0,-2360,熱容量,0,0,0,0,2022/09/20 17:05:03
月間,202209,策定,相馬双葉幹線,2022/11/27,夜間帯,順方向,4531,4911,0,419,39,0,4950,熱容量,0,0,0,0,2022/09/20 17:05:03
月間,202209,策定,相馬双葉幹線,2022/11/27,夜間帯,逆方向,-2321,-2321,0,-39,-39,0,-2360,熱容量,0,0,0,0,2022/09/20 17:05:03
月間,202210,策定,相馬双葉幹線,2022/11/27,昼間帯,順方向,4990,5370,0,410,30,0,5400,熱容量,0,0,0,0,2022/10/20 17:05:04
月間,202210,策定,相馬双葉幹線,2022/11/27,昼間帯,逆方向,-2330,-2330,0,-30,-30,0,-2360,熱容量,0,0,0,0,2022/10/20 17:05:04
月間,202210,策定,相馬双葉幹線,2022/11/27,夜間帯,順方向,4640,5020,0,410,30,0,5050,熱容量,0,0,0,0,2022/10/20 17:05:04
月間,202210,策定,相馬双葉幹線,2022/11/27,夜間帯,逆方向,-2330,-2330,0,-30,-30,0,-2360,熱容量,0,0,0,0,2022/10/20 17:05:04
月間,202209,策定,相馬双葉幹線,2022/11/28,昼間帯,順方向,4221,4601,0,419,39,0,4640,安定度（作業）,0,0,0,0,2022/09/20 17:05:03
月間,202209,策定,相馬双葉幹線,2022/11/28,昼間帯,逆方向,-2321,-2321,0,-39,-39,0,-2360,熱容量,0,0,0,0,2022/09/20 17:05:03
月間,202209,策定,相馬双葉幹線,2022/11/28,夜間帯,順方向,4171,4551,0,419,39,0,4590,安定度（作業）,0,0,0,0,2022/09/20 17:05:03
月間,202209,策定,相馬双葉幹線,2022/11/28,夜間帯,逆方向,-2321,-2321,0,-39,-39,0,-2360,熱容量,0,0,0,0,2022/09/20 17:05:03
月間,202210,策定,相馬双葉幹線,2022/11/28,昼間帯,順方向,4830,5210,0,410,30,0,5240,安定度,0,0,0,0,2022/10/20 17:05:04
月間,202210,策定,相馬双葉幹線,2022/11/28,昼間帯,逆方向,-2330,-2330,0,-30,-30,0,-2360,熱容量,0,0,0,0,2022/10/20 17:05:04
月間,202210,策定,相馬双葉幹線,2022/11/28,夜間帯,順方向,4640,5020,0,410,30,0,5050,熱容量,0,0,0,0,2022/10/20 17:05:04
月間,202210,策定,相馬双葉幹線,2022/11/28,夜間帯,逆方向,-2330,-2330,0,-30,-30,0,-2360,熱容量,0,0,0,0,2022/10/20 17:05:04
月間,202209,策定,相馬双葉幹線,2022/11/29,昼間帯,順方向,4221,4601,0,419,39,0,4640,安定度（作業）,0,0,0,0,2022/09/20 17:05:03
月間,202209,策定,相馬双葉幹線,2022/11/29,昼間帯,逆方向,-2321,-2321,0,-39,-39,0,-2360,熱容量,0,0,0,0,2022/09/20 17:05:03
月間,202209,策定,相馬双葉幹線,2022/11/29,夜間帯,順方向,4171,4551,0,419,39,0,4590,安定度（作業）,0,0,0,0,2022/09/20 17:05:03
月間,202209,策定,相馬双葉幹線,2022/11/29,夜間帯,逆方向,-2321,-2321,0,-39,-39,0,-2360,熱容量,0,0,0,0,2022/09/20 17:05:03
月間,202210,策定,相馬双葉幹線,2022/11/29,昼間帯,順方向,4830,5210,0,410,30,0,5240,安定度,0,0,0,0,2022/10/20 17:05:04
月間,202210,策定,相馬双葉幹線,2022/11/29,昼間帯,逆方向,-2330,-2330,0,-30,-30,0,-2360,熱容量,0,0,0,0,2022/10/20 17:05:04
月間,202210,策定,相馬双葉幹線,2022/11/29,夜間帯,順方向,4640,5020,0,410,30,0,5050,熱容量,0,0,0,0,2022/10/20 17:05:04
月間,202210,策定,相馬双葉幹線,2022/11/29,夜間帯,逆方向,-2330,-2330,0,-30,-30,0,-2360,熱容量,0,0,0,0,2022/10/20 17:05:04
月間,202209,策定,相馬双葉幹線,2022/11/30,昼間帯,順方向,4221,4601,0,419,39,0,4640,安定度（作業）,0,0,0,0,2022/09/20 17:05:03
月間,202209,策定,相馬双葉幹線,2022/11/30,昼間帯,逆方向,-2321,-2321,0,-39,-39,0,-2360,熱容量,0,0,0,0,2022/09/20 17:05:03
月間,202209,策定,相馬双葉幹線,2022/11/30,夜間帯,順方向,4171,4551,0,419,39,0,4590,安定度（作業）,0,0,0,0,2022/09/20 17:05:03
月間,202209,策定,相馬双葉幹線,2022/11/30,夜間帯,逆方向,-2321,-2321,0,-39,-39,0,-2360,熱容量,0,0,0,0,2022/09/20 17:05:03
月間,202210,策定,相馬双葉幹線,2022/11/30,昼間帯,順方向,4830,5210,0,410,30,0,5240,安定度,0,0,0,0,2022/10/20 17:05:04
月間,202210,策定,相馬双葉幹線,2022/11/30,昼間帯,逆方向,-2330,-2330,0,-30,-30,0,-2360,熱容量,0,0,0,0,2022/10/20 17:05:04
月間,202210,策定,相馬双葉幹線,2022/11/30,夜間帯,順方向,4640,5020,0,410,30,0,5050,熱容量,0,0,0,0,2022/10/20 17:05:04
月間,202210,策定,相馬双葉幹線,2022/11/30,夜間帯,逆方向,-2330,-2330,0,-30,-30,0,-2360,熱容量,0,0,0,0,2022/10/20 17:05:04
月間,202210,策定,相馬双葉幹線,2022/12/01,昼間帯,順方向,4990,5370,0,410,30,0,5400,熱容量,0,0,0,0,2022/10/20 17:05:04
月間,202210,策定,相馬双葉幹線,2022/12/01,昼間帯,逆方向,-2330,-2330,0,-30,-30,0,-2360,熱容量,0,0,0,0,2022/10/20 17:05:04
月間,202210,策定,相馬双葉幹線,2022/12/01,夜間帯,順方向,4740,5120,0,410,30,0,5150,熱容量,0,0,0,0,2022/10/20 17:05:04
月間,202210,策定,相馬双葉幹線,2022/12/01,夜間帯,逆方向,-2330,-2330,0,-30,-30,0,-2360,熱容量,0,0,0,0,2022/10/20 17:05:04
月間,202210,策定,相馬双葉幹線,2022/12/02,昼間帯,順方向,4990,5370,0,410,30,0,5400,熱容量,0,0,0,0,2022/10/20 17:05:04
月間,202210,策定,相馬双葉幹線,2022/12/02,昼間帯,逆方向,-2330,-2330,0,-30,-30,0,-2360,熱容量,0,0,0,0,2022/10/20 17:05:04
月間,202210,策定,相馬双葉幹線,2022/12/02,夜間帯,順方向,4740,5120,0,410,30,0,5150,熱容量,0,0,0,0,2022/10/20 17:05:04
月間,202210,策定,相馬双葉幹線,2022/12/02,夜間帯,逆方向,-2330,-2330,0,-30,-30,0,-2360,熱容量,0,0,0,0,2022/10/20 17:05:04
月間,202210,策定,相馬双葉幹線,2022/12/03,昼間帯,順方向,4990,5370,0,410,30,0,5400,熱容量,0,0,0,0,2022/10/20 17:05:04
月間,202210,策定,相馬双葉幹線,2022/12/03,昼間帯,逆方向,-2330,-2330,0,-30,-30,0,-2360,熱容量,0,0,0,0,2022/10/20 17:05:04
月間,202210,策定,相馬双葉幹線,2022/12/03,夜間帯,順方向,4740,5120,0,410,30,0,5150,熱容量,0,0,0,0,2022/10/20 17:05:04
月間,202210,策定,相馬双葉幹線,2022/12/03,夜間帯,逆方向,-2330,-2330,0,-30,-30,0,-2360,熱容量,0,0,0,0,2022/10/20 17:05:04
月間,202211,策定,相馬双葉幹線,2022/12/03,昼間帯,順方向,4988,5368,0,412,32,0,5400,熱容量,0,0,0,0,2022/11/18 17:05:04
月間,202211,策定,相馬双葉幹線,2022/12/03,昼間帯,逆方向,-2328,-2328,0,-32,-32,0,-2360,熱容量,0,0,0,0,2022/11/18 17:05:04
月間,202211,策定,相馬双葉幹線,2022/12/03,夜間帯,順方向,4738,5118,0,412,32,0,5150,熱容量,0,0,0,0,2022/11/18 17:05:04
月間,202211,策定,相馬双葉幹線,2022/12/03,夜間帯,逆方向,-2328,-2328,0,-32,-32,0,-2360,熱容量,0,0,0,0,2022/11/18 17:05:04
月間,202210,策定,相馬双葉幹線,2022/12/04,昼間帯,順方向,4990,5370,0,410,30,0,5400,熱容量,0,0,0,0,2022/10/20 17:05:04
月間,202210,策定,相馬双葉幹線,2022/12/04,昼間帯,逆方向,-2330,-2330,0,-30,-30,0,-2360,熱容量,0,0,0,0,2022/10/20 17:05:04
月間,202210,策定,相馬双葉幹線,2022/12/04,夜間帯,順方向,4740,5120,0,410,30,0,5150,熱容量,0,0,0,0,2022/10/20 17:05:04
月間,202210,策定,相馬双葉幹線,2022/12/04,夜間帯,逆方向,-2330,-2330,0,-30,-30,0,-2360,熱容量,0,0,0,0,2022/10/20 17:05:04
月間,202211,策定,相馬双葉幹線,2022/12/04,昼間帯,順方向,4988,5368,0,412,32,0,5400,熱容量,0,0,0,0,2022/11/18 17:05:04
月間,202211,策定,相馬双葉幹線,2022/12/04,昼間帯,逆方向,-2328,-2328,0,-32,-32,0,-2360,熱容量,0,0,0,0,2022/11/18 17:05:04
月間,202211,策定,相馬双葉幹線,2022/12/04,夜間帯,順方向,4738,5118,0,412,32,0,5150,熱容量,0,0,0,0,2022/11/18 17:05:04
月間,202211,策定,相馬双葉幹線,2022/12/04,夜間帯,逆方向,-2328,-2328,0,-32,-32,0,-2360,熱容量,0,0,0,0,2022/11/18 17:05:04
月間,202210,策定,相馬双葉幹線,2022/12/05,昼間帯,順方向,4580,4960,0,410,30,0,4990,安定度（作業）,0,0,0,0,2022/10/20 17:05:04
月間,202210,策定,相馬双葉幹線,2022/12/05,昼間帯,逆方向,-2330,-2330,0,-30,-30,0,-2360,熱容量,0,0,0,0,2022/10/20 17:05:04
月間,202210,策定,相馬双葉幹線,2022/12/05,夜間帯,順方向,4130,4510,0,410,30,0,4540,安定度（作業）,0,0,0,0,2022/10/20 17:05:04
月間,202210,策定,相馬双葉幹線,2022/12/05,夜間帯,逆方向,-2330,-2330,0,-30,-30,0,-2360,熱容量,0,0,0,0,2022/10/20 17:05:04
月間,202211,策定,相馬双葉幹線,2022/12/05,昼間帯,順方向,4578,4958,0,412,32,0,4990,安定度（作業）,0,0,0,0,2022/11/18 17:05:04
月間,202211,策定,相馬双葉幹線,2022/12/05,昼間帯,逆方向,-2328,-2328,0,-32,-32,0,-2360,熱容量,0,0,0,0,2022/11/18 17:05:04
月間,202211,策定,相馬双葉幹線,2022/12/05,夜間帯,順方向,4128,4508,0,412,32,0,4540,安定度（作業）,0,0,0,0,2022/11/18 17:05:04
月間,202211,策定,相馬双葉幹線,2022/12/05,夜間帯,逆方向,-2328,-2328,0,-32,-32,0,-2360,熱容量,0,0,0,0,2022/11/18 17:05:04
月間,202210,策定,相馬双葉幹線,2022/12/06,昼間帯,順方向,4580,4960,0,410,30,0,4990,安定度（作業）,0,0,0,0,2022/10/20 17:05:04
月間,202210,策定,相馬双葉幹線,2022/12/06,昼間帯,逆方向,-2330,-2330,0,-30,-30,0,-2360,熱容量,0,0,0,0,2022/10/20 17:05:04
月間,202210,策定,相馬双葉幹線,2022/12/06,夜間帯,順方向,4130,4510,0,410,30,0,4540,安定度（作業）,0,0,0,0,2022/10/20 17:05:04
月間,202210,策定,相馬双葉幹線,2022/12/06,夜間帯,逆方向,-2330,-2330,0,-30,-30,0,-2360,熱容量,0,0,0,0,2022/10/20 17:05:04
月間,202211,策定,相馬双葉幹線,2022/12/06,昼間帯,順方向,4578,4958,0,412,32,0,4990,安定度（作業）,0,0,0,0,2022/11/18 17:05:04
月間,202211,策定,相馬双葉幹線,2022/12/06,昼間帯,逆方向,-2328,-2328,0,-32,-32,0,-2360,熱容量,0,0,0,0,2022/11/18 17:05:04
月間,202211,策定,相馬双葉幹線,2022/12/06,夜間帯,順方向,4128,4508,0,412,32,0,4540,安定度（作業）,0,0,0,0,2022/11/18 17:05:04
月間,202211,策定,相馬双葉幹線,2022/12/06,夜間帯,逆方向,-2328,-2328,0,-32,-32,0,-2360,熱容量,0,0,0,0,2022/11/18 17:05:04
月間,202210,策定,相馬双葉幹線,2022/12/07,昼間帯,順方向,4580,4960,0,410,30,0,4990,安定度（作業）,0,0,0,0,2022/10/20 17:05:04
月間,202210,策定,相馬双葉幹線,2022/12/07,昼間帯,逆方向,-2330,-2330,0,-30,-30,0,-2360,熱容量,0,0,0,0,2022/10/20 17:05:04
月間,202210,策定,相馬双葉幹線,2022/12/07,夜間帯,順方向,4130,4510,0,410,30,0,4540,安定度（作業）,0,0,0,0,2022/10/20 17:05:04
月間,202210,策定,相馬双葉幹線,2022/12/07,夜間帯,逆方向,-2330,-2330,0,-30,-30,0,-2360,熱容量,0,0,0,0,2022/10/20 17:05:04
月間,202211,策定,相馬双葉幹線,2022/12/07,昼間帯,順方向,4578,4958,0,412,32,0,4990,安定度（作業）,0,0,0,0,2022/11/18 17:05:04
月間,202211,策定,相馬双葉幹線,2022/12/07,昼間帯,逆方向,-2328,-2328,0,-32,-32,0,-2360,熱容量,0,0,0,0,2022/11/18 17:05:04
月間,202211,策定,相馬双葉幹線,2022/12/07,夜間帯,順方向,4128,4508,0,412,32,0,4540,安定度（作業）,0,0,0,0,2022/11/18 17:05:04
月間,202211,策定,相馬双葉幹線,2022/12/07,夜間帯,逆方向,-2328,-2328,0,-32,-32,0,-2360,熱容量,0,0,0,0,2022/11/18 17:05:04
月間,202210,策定,相馬双葉幹線,2022/12/08,昼間帯,順方向,4580,4960,0,410,30,0,4990,安定度（作業）,0,0,0,0,2022/10/20 17:05:04
月間,202210,策定,相馬双葉幹線,2022/12/08,昼間帯,逆方向,-2330,-2330,0,-30,-30,0,-2360,熱容量,0,0,0,0,2022/10/20 17:05:04
月間,202210,策定,相馬双葉幹線,2022/12/08,夜間帯,順方向,4130,4510,0,410,30,0,4540,安定度（作業）,0,0,0,0,2022/10/20 17:05:04
月間,202210,策定,相馬双葉幹線,2022/12/08,夜間帯,逆方向,-2330,-2330,0,-30,-30,0,-2360,熱容量,0,0,0,0,2022/10/20 17:05:04
月間,202211,策定,相馬双葉幹線,2022/12/08,昼間帯,順方向,4578,4958,0,412,32,0,4990,安定度（作業）,0,0,0,0,2022/11/18 17:05:04
月間,202211,策定,相馬双葉幹線,2022/12/08,昼間帯,逆方向,-2328,-2328,0,-32,-32,0,-2360,熱容量,0,0,0,0,2022/11/18 17:05:04
月間,202211,策定,相馬双葉幹線,2022/12/08,夜間帯,順方向,4128,4508,0,412,32,0,4540,安定度（作業）,0,0,0,0,2022/11/18 17:05:04
月間,202211,策定,相馬双葉幹線,2022/12/08,夜間帯,逆方向,-2328,-2328,0,-32,-32,0,-2360,熱容量,0,0,0,0,2022/11/18 17:05:04
月間,202210,策定,相馬双葉幹線,2022/12/09,昼間帯,順方向,4990,5370,0,410,30,0,5400,熱容量,0,0,0,0,2022/10/20 17:05:04
月間,202210,策定,相馬双葉幹線,2022/12/09,昼間帯,逆方向,-2330,-2330,0,-30,-30,0,-2360,熱容量,0,0,0,0,2022/10/20 17:05:04
月間,202210,策定,相馬双葉幹線,2022/12/09,夜間帯,順方向,4740,5120,0,410,30,0,5150,熱容量,0,0,0,0,2022/10/20 17:05:04
月間,202210,策定,相馬双葉幹線,2022/12/09,夜間帯,逆方向,-2330,-2330,0,-30,-30,0,-2360,熱容量,0,0,0,0,2022/10/20 17:05:04
月間,202211,策定,相馬双葉幹線,2022/12/09,昼間帯,順方向,4988,5368,0,412,32,0,5400,熱容量,0,0,0,0,2022/11/18 17:05:04
月間,202211,策定,相馬双葉幹線,2022/12/09,昼間帯,逆方向,-2328,-2328,0,-32,-32,0,-2360,熱容量,0,0,0,0,2022/11/18 17:05:04
月間,202211,策定,相馬双葉幹線,2022/12/09,夜間帯,順方向,4738,5118,0,412,32,0,5150,熱容量,0,0,0,0,2022/11/18 17:05:04
月間,202211,策定,相馬双葉幹線,2022/12/09,夜間帯,逆方向,-2328,-2328,0,-32,-32,0,-2360,熱容量,0,0,0,0,2022/11/18 17:05:04
月間,202210,策定,相馬双葉幹線,2022/12/10,昼間帯,順方向,4990,5370,0,410,30,0,5400,熱容量,0,0,0,0,2022/10/20 17:05:04
月間,202210,策定,相馬双葉幹線,2022/12/10,昼間帯,逆方向,-2330,-2330,0,-30,-30,0,-2360,熱容量,0,0,0,0,2022/10/20 17:05:04
月間,202210,策定,相馬双葉幹線,2022/12/10,夜間帯,順方向,4740,5120,0,410,30,0,5150,熱容量,0,0,0,0,2022/10/20 17:05:04
月間,202210,策定,相馬双葉幹線,2022/12/10,夜間帯,逆方向,-2330,-2330,0,-30,-30,0,-2360,熱容量,0,0,0,0,2022/10/20 17:05:04
月間,202211,策定,相馬双葉幹線,2022/12/10,昼間帯,順方向,4988,5368,0,412,32,0,5400,熱容量,0,0,0,0,2022/11/18 17:05:04
月間,202211,策定,相馬双葉幹線,2022/12/10,昼間帯,逆方向,-2328,-2328,0,-32,-32,0,-2360,熱容量,0,0,0,0,2022/11/18 17:05:04
月間,202211,策定,相馬双葉幹線,2022/12/10,夜間帯,順方向,4738,5118,0,412,32,0,5150,熱容量,0,0,0,0,2022/11/18 17:05:04
月間,202211,策定,相馬双葉幹線,2022/12/10,夜間帯,逆方向,-2328,-2328,0,-32,-32,0,-2360,熱容量,0,0,0,0,2022/11/18 17:05:04
月間,202210,策定,相馬双葉幹線,2022/12/11,昼間帯,順方向,4990,5370,0,410,30,0,5400,熱容量,0,0,0,0,2022/10/20 17:05:04
月間,202210,策定,相馬双葉幹線,2022/12/11,昼間帯,逆方向,-2330,-2330,0,-30,-30,0,-2360,熱容量,0,0,0,0,2022/10/20 17:05:04
月間,202210,策定,相馬双葉幹線,2022/12/11,夜間帯,順方向,4740,5120,0,410,30,0,5150,熱容量,0,0,0,0,2022/10/20 17:05:04
月間,202210,策定,相馬双葉幹線,2022/12/11,夜間帯,逆方向,-2330,-2330,0,-30,-30,0,-2360,熱容量,0,0,0,0,2022/10/20 17:05:04
月間,202211,策定,相馬双葉幹線,2022/12/11,昼間帯,順方向,4988,5368,0,412,32,0,5400,熱容量,0,0,0,0,2022/11/18 17:05:04
月間,202211,策定,相馬双葉幹線,2022/12/11,昼間帯,逆方向,-2328,-2328,0,-32,-32,0,-2360,熱容量,0,0,0,0,2022/11/18 17:05:04
月間,202211,策定,相馬双葉幹線,2022/12/11,夜間帯,順方向,4738,5118,0,412,32,0,5150,熱容量,0,0,0,0,2022/11/18 17:05:04
月間,202211,策定,相馬双葉幹線,2022/12/11,夜間帯,逆方向,-2328,-2328,0,-32,-32,0,-2360,熱容量,0,0,0,0,2022/11/18 17:05:04
月間,202210,策定,相馬双葉幹線,2022/12/12,昼間帯,順方向,4990,5370,0,410,30,0,5400,熱容量,0,0,0,0,2022/10/20 17:05:04
月間,202210,策定,相馬双葉幹線,2022/12/12,昼間帯,逆方向,-2330,-2330,0,-30,-30,0,-2360,熱容量,0,0,0,0,2022/10/20 17:05:04
月間,202210,策定,相馬双葉幹線,2022/12/12,夜間帯,順方向,4740,5120,0,410,30,0,5150,熱容量,0,0,0,0,2022/10/20 17:05:04
月間,202210,策定,相馬双葉幹線,2022/12/12,夜間帯,逆方向,-2330,-2330,0,-30,-30,0,-2360,熱容量,0,0,0,0,2022/10/20 17:05:04
月間,202211,策定,相馬双葉幹線,2022/12/12,昼間帯,順方向,4988,5368,0,412,32,0,5400,熱容量,0,0,0,0,2022/11/18 17:05:04
月間,202211,策定,相馬双葉幹線,2022/12/12,昼間帯,逆方向,-2328,-2328,0,-32,-32,0,-2360,熱容量,0,0,0,0,2022/11/18 17:05:04
月間,202211,策定,相馬双葉幹線,2022/12/12,夜間帯,順方向,4738,5118,0,412,32,0,5150,熱容量,0,0,0,0,2022/11/18 17:05:04
月間,202211,策定,相馬双葉幹線,2022/12/12,夜間帯,逆方向,-2328,-2328,0,-32,-32,0,-2360,熱容量,0,0,0,0,2022/11/18 17:05:04
月間,202210,策定,相馬双葉幹線,2022/12/13,昼間帯,順方向,4990,5370,0,410,30,0,5400,熱容量,0,0,0,0,2022/10/20 17:05:04
月間,202210,策定,相馬双葉幹線,2022/12/13,昼間帯,逆方向,-2330,-2330,0,-30,-30,0,-2360,熱容量,0,0,0,0,2022/10/20 17:05:04
月間,202210,策定,相馬双葉幹線,2022/12/13,夜間帯,順方向,4740,5120,0,410,30,0,5150,熱容量,0,0,0,0,2022/10/20 17:05:04
月間,202210,策定,相馬双葉幹線,2022/12/13,夜間帯,逆方向,-2330,-2330,0,-30,-30,0,-2360,熱容量,0,0,0,0,2022/10/20 17:05:04
月間,202211,策定,相馬双葉幹線,2022/12/13,昼間帯,順方向,4988,5368,0,412,32,0,5400,熱容量,0,0,0,0,2022/11/18 17:05:04
月間,202211,策定,相馬双葉幹線,2022/12/13,昼間帯,逆方向,-2328,-2328,0,-32,-32,0,-2360,熱容量,0,0,0,0,2022/11/18 17:05:04
月間,202211,策定,相馬双葉幹線,2022/12/13,夜間帯,順方向,4738,5118,0,412,32,0,5150,熱容量,0,0,0,0,2022/11/18 17:05:04
月間,202211,策定,相馬双葉幹線,2022/12/13,夜間帯,逆方向,-2328,-2328,0,-32,-32,0,-2360,熱容量,0,0,0,0,2022/11/18 17:05:04
月間,202210,策定,相馬双葉幹線,2022/12/14,昼間帯,順方向,4990,5370,0,410,30,0,5400,熱容量,0,0,0,0,2022/10/20 17:05:04
月間,202210,策定,相馬双葉幹線,2022/12/14,昼間帯,逆方向,-2330,-2330,0,-30,-30,0,-2360,熱容量,0,0,0,0,2022/10/20 17:05:04
月間,202210,策定,相馬双葉幹線,2022/12/14,夜間帯,順方向,4740,5120,0,410,30,0,5150,熱容量,0,0,0,0,2022/10/20 17:05:04
月間,202210,策定,相馬双葉幹線,2022/12/14,夜間帯,逆方向,-2330,-2330,0,-30,-30,0,-2360,熱容量,0,0,0,0,2022/10/20 17:05:04
月間,202211,策定,相馬双葉幹線,2022/12/14,昼間帯,順方向,4988,5368,0,412,32,0,5400,熱容量,0,0,0,0,2022/11/18 17:05:04
月間,202211,策定,相馬双葉幹線,2022/12/14,昼間帯,逆方向,-2328,-2328,0,-32,-32,0,-2360,熱容量,0,0,0,0,2022/11/18 17:05:04
月間,202211,策定,相馬双葉幹線,2022/12/14,夜間帯,順方向,4738,5118,0,412,32,0,5150,熱容量,0,0,0,0,2022/11/18 17:05:04
月間,202211,策定,相馬双葉幹線,2022/12/14,夜間帯,逆方向,-2328,-2328,0,-32,-32,0,-2360,熱容量,0,0,0,0,2022/11/18 17:05:04
月間,202210,策定,相馬双葉幹線,2022/12/15,昼間帯,順方向,4990,5370,0,410,30,0,5400,熱容量,0,0,0,0,2022/10/20 17:05:04
月間,202210,策定,相馬双葉幹線,2022/12/15,昼間帯,逆方向,-2330,-2330,0,-30,-30,0,-2360,熱容量,0,0,0,0,2022/10/20 17:05:04
月間,202210,策定,相馬双葉幹線,2022/12/15,夜間帯,順方向,4730,5110,0,410,30,0,5140,安定度,0,0,0,0,2022/10/20 17:05:04
月間,202210,策定,相馬双葉幹線,2022/12/15,夜間帯,逆方向,-2330,-2330,0,-30,-30,0,-2360,熱容量,0,0,0,0,2022/10/20 17:05:04
月間,202211,策定,相馬双葉幹線,2022/12/15,昼間帯,順方向,4988,5368,0,412,32,0,5400,熱容量,0,0,0,0,2022/11/18 17:05:04
月間,202211,策定,相馬双葉幹線,2022/12/15,昼間帯,逆方向,-2328,-2328,0,-32,-32,0,-2360,熱容量,0,0,0,0,2022/11/18 17:05:04
月間,202211,策定,相馬双葉幹線,2022/12/15,夜間帯,順方向,4728,5108,0,412,32,0,5140,安定度,0,0,0,0,2022/11/18 17:05:04
月間,202211,策定,相馬双葉幹線,2022/12/15,夜間帯,逆方向,-2328,-2328,0,-32,-32,0,-2360,熱容量,0,0,0,0,2022/11/18 17:05:04
月間,202210,策定,相馬双葉幹線,2022/12/16,昼間帯,順方向,4990,5370,0,410,30,0,5400,熱容量,0,0,0,0,2022/10/20 17:05:04
月間,202210,策定,相馬双葉幹線,2022/12/16,昼間帯,逆方向,-2330,-2330,0,-30,-30,0,-2360,熱容量,0,0,0,0,2022/10/20 17:05:04
月間,202210,策定,相馬双葉幹線,2022/12/16,夜間帯,順方向,4730,5110,0,410,30,0,5140,安定度,0,0,0,0,2022/10/20 17:05:04
月間,202210,策定,相馬双葉幹線,2022/12/16,夜間帯,逆方向,-2330,-2330,0,-30,-30,0,-2360,熱容量,0,0,0,0,2022/10/20 17:05:04
月間,202211,策定,相馬双葉幹線,2022/12/16,昼間帯,順方向,4988,5368,0,412,32,0,5400,熱容量,0,0,0,0,2022/11/18 17:05:04
月間,202211,策定,相馬双葉幹線,2022/12/16,昼間帯,逆方向,-2328,-2328,0,-32,-32,0,-2360,熱容量,0,0,0,0,2022/11/18 17:05:04
月間,202211,策定,相馬双葉幹線,2022/12/16,夜間帯,順方向,4728,5108,0,412,32,0,5140,安定度,0,0,0,0,2022/11/18 17:05:04
月間,202211,策定,相馬双葉幹線,2022/12/16,夜間帯,逆方向,-2328,-2328,0,-32,-32,0,-2360,熱容量,0,0,0,0,2022/11/18 17:05:04
月間,202210,策定,相馬双葉幹線,2022/12/17,昼間帯,順方向,4990,5370,0,410,30,0,5400,熱容量,0,0,0,0,2022/10/20 17:05:04
月間,202210,策定,相馬双葉幹線,2022/12/17,昼間帯,逆方向,-2330,-2330,0,-30,-30,0,-2360,熱容量,0,0,0,0,2022/10/20 17:05:04
月間,202210,策定,相馬双葉幹線,2022/12/17,夜間帯,順方向,4730,5110,0,410,30,0,5140,安定度,0,0,0,0,2022/10/20 17:05:04
月間,202210,策定,相馬双葉幹線,2022/12/17,夜間帯,逆方向,-2330,-2330,0,-30,-30,0,-2360,熱容量,0,0,0,0,2022/10/20 17:05:04
月間,202211,策定,相馬双葉幹線,2022/12/17,昼間帯,順方向,4988,5368,0,412,32,0,5400,熱容量,0,0,0,0,2022/11/18 17:05:04
月間,202211,策定,相馬双葉幹線,2022/12/17,昼間帯,逆方向,-2328,-2328,0,-32,-32,0,-2360,熱容量,0,0,0,0,2022/11/18 17:05:04
月間,202211,策定,相馬双葉幹線,2022/12/17,夜間帯,順方向,4728,5108,0,412,32,0,5140,安定度,0,0,0,0,2022/11/18 17:05:04
月間,202211,策定,相馬双葉幹線,2022/12/17,夜間帯,逆方向,-2328,-2328,0,-32,-32,0,-2360,熱容量,0,0,0,0,2022/11/18 17:05:04
月間,202210,策定,相馬双葉幹線,2022/12/18,昼間帯,順方向,4990,5370,0,410,30,0,5400,熱容量,0,0,0,0,2022/10/20 17:05:04
月間,202210,策定,相馬双葉幹線,2022/12/18,昼間帯,逆方向,-2330,-2330,0,-30,-30,0,-2360,熱容量,0,0,0,0,2022/10/20 17:05:04
月間,202210,策定,相馬双葉幹線,2022/12/18,夜間帯,順方向,4730,5110,0,410,30,0,5140,安定度,0,0,0,0,2022/10/20 17:05:04
月間,202210,策定,相馬双葉幹線,2022/12/18,夜間帯,逆方向,-2330,-2330,0,-30,-30,0,-2360,熱容量,0,0,0,0,2022/10/20 17:05:04
月間,202211,策定,相馬双葉幹線,2022/12/18,昼間帯,順方向,4988,5368,0,412,32,0,5400,熱容量,0,0,0,0,2022/11/18 17:05:04
月間,202211,策定,相馬双葉幹線,2022/12/18,昼間帯,逆方向,-2328,-2328,0,-32,-32,0,-2360,熱容量,0,0,0,0,2022/11/18 17:05:04
月間,202211,策定,相馬双葉幹線,2022/12/18,夜間帯,順方向,4728,5108,0,412,32,0,5140,安定度,0,0,0,0,2022/11/18 17:05:04
月間,202211,策定,相馬双葉幹線,2022/12/18,夜間帯,逆方向,-2328,-2328,0,-32,-32,0,-2360,熱容量,0,0,0,0,2022/11/18 17:05:04
月間,202210,策定,相馬双葉幹線,2022/12/19,昼間帯,順方向,4990,5370,0,410,30,0,5400,熱容量,0,0,0,0,2022/10/20 17:05:04
月間,202210,策定,相馬双葉幹線,2022/12/19,昼間帯,逆方向,-2330,-2330,0,-30,-30,0,-2360,熱容量,0,0,0,0,2022/10/20 17:05:04
月間,202210,策定,相馬双葉幹線,2022/12/19,夜間帯,順方向,4730,5110,0,410,30,0,5140,安定度,0,0,0,0,2022/10/20 17:05:04
月間,202210,策定,相馬双葉幹線,2022/12/19,夜間帯,逆方向,-2330,-2330,0,-30,-30,0,-2360,熱容量,0,0,0,0,2022/10/20 17:05:04
月間,202211,策定,相馬双葉幹線,2022/12/19,昼間帯,順方向,4988,5368,0,412,32,0,5400,熱容量,0,0,0,0,2022/11/18 17:05:04
月間,202211,策定,相馬双葉幹線,2022/12/19,昼間帯,逆方向,-2328,-2328,0,-32,-32,0,-2360,熱容量,0,0,0,0,2022/11/18 17:05:04
月間,202211,策定,相馬双葉幹線,2022/12/19,夜間帯,順方向,4728,5108,0,412,32,0,5140,安定度,0,0,0,0,2022/11/18 17:05:04
月間,202211,策定,相馬双葉幹線,2022/12/19,夜間帯,逆方向,-2328,-2328,0,-32,-32,0,-2360,熱容量,0,0,0,0,2022/11/18 17:05:04
月間,202210,策定,相馬双葉幹線,2022/12/20,昼間帯,順方向,4990,5370,0,410,30,0,5400,熱容量,0,0,0,0,2022/10/20 17:05:04
月間,202210,策定,相馬双葉幹線,2022/12/20,昼間帯,逆方向,-2330,-2330,0,-30,-30,0,-2360,熱容量,0,0,0,0,2022/10/20 17:05:04
月間,202210,策定,相馬双葉幹線,2022/12/20,夜間帯,順方向,4730,5110,0,410,30,0,5140,安定度,0,0,0,0,2022/10/20 17:05:04
月間,202210,策定,相馬双葉幹線,2022/12/20,夜間帯,逆方向,-2330,-2330,0,-30,-30,0,-2360,熱容量,0,0,0,0,2022/10/20 17:05:04
月間,202211,策定,相馬双葉幹線,2022/12/20,昼間帯,順方向,4988,5368,0,412,32,0,5400,熱容量,0,0,0,0,2022/11/18 17:05:04
月間,202211,策定,相馬双葉幹線,2022/12/20,昼間帯,逆方向,-2328,-2328,0,-32,-32,0,-2360,熱容量,0,0,0,0,2022/11/18 17:05:04
月間,202211,策定,相馬双葉幹線,2022/12/20,夜間帯,順方向,4728,5108,0,412,32,0,5140,安定度,0,0,0,0,2022/11/18 17:05:04
月間,202211,策定,相馬双葉幹線,2022/12/20,夜間帯,逆方向,-2328,-2328,0,-32,-32,0,-2360,熱容量,0,0,0,0,2022/11/18 17:05:04
月間,202210,策定,相馬双葉幹線,2022/12/21,昼間帯,順方向,4990,5370,0,410,30,0,5400,熱容量,0,0,0,0,2022/10/20 17:05:04
月間,202210,策定,相馬双葉幹線,2022/12/21,昼間帯,逆方向,-2330,-2330,0,-30,-30,0,-2360,熱容量,0,0,0,0,2022/10/20 17:05:04
月間,202210,策定,相馬双葉幹線,2022/12/21,夜間帯,順方向,4730,5110,0,410,30,0,5140,安定度,0,0,0,0,2022/10/20 17:05:04
月間,202210,策定,相馬双葉幹線,2022/12/21,夜間帯,逆方向,-2330,-2330,0,-30,-30,0,-2360,熱容量,0,0,0,0,2022/10/20 17:05:04
月間,202211,策定,相馬双葉幹線,2022/12/21,昼間帯,順方向,4988,5368,0,412,32,0,5400,熱容量,0,0,0,0,2022/11/18 17:05:04
月間,202211,策定,相馬双葉幹線,2022/12/21,昼間帯,逆方向,-2328,-2328,0,-32,-32,0,-2360,熱容量,0,0,0,0,2022/11/18 17:05:04
月間,202211,策定,相馬双葉幹線,2022/12/21,夜間帯,順方向,4728,5108,0,412,32,0,5140,安定度,0,0,0,0,2022/11/18 17:05:04
月間,202211,策定,相馬双葉幹線,2022/12/21,夜間帯,逆方向,-2328,-2328,0,-32,-32,0,-2360,熱容量,0,0,0,0,2022/11/18 17:05:04
月間,202210,策定,相馬双葉幹線,2022/12/22,昼間帯,順方向,4990,5370,0,410,30,0,5400,熱容量,0,0,0,0,2022/10/20 17:05:04
月間,202210,策定,相馬双葉幹線,2022/12/22,昼間帯,逆方向,-2330,-2330,0,-30,-30,0,-2360,熱容量,0,0,0,0,2022/10/20 17:05:04
月間,202210,策定,相馬双葉幹線,2022/12/22,夜間帯,順方向,4730,5110,0,410,30,0,5140,安定度,0,0,0,0,2022/10/20 17:05:04
月間,202210,策定,相馬双葉幹線,2022/12/22,夜間帯,逆方向,-2330,-2330,0,-30,-30,0,-2360,熱容量,0,0,0,0,2022/10/20 17:05:04
月間,202211,策定,相馬双葉幹線,2022/12/22,昼間帯,順方向,4988,5368,0,412,32,0,5400,熱容量,0,0,0,0,2022/11/18 17:05:04
月間,202211,策定,相馬双葉幹線,2022/12/22,昼間帯,逆方向,-2328,-2328,0,-32,-32,0,-2360,熱容量,0,0,0,0,2022/11/18 17:05:04
月間,202211,策定,相馬双葉幹線,2022/12/22,夜間帯,順方向,4728,5108,0,412,32,0,5140,安定度,0,0,0,0,2022/11/18 17:05:04
月間,202211,策定,相馬双葉幹線,2022/12/22,夜間帯,逆方向,-2328,-2328,0,-32,-32,0,-2360,熱容量,0,0,0,0,2022/11/18 17:05:04
月間,202210,策定,相馬双葉幹線,2022/12/23,昼間帯,順方向,4990,5370,0,410,30,0,5400,熱容量,0,0,0,0,2022/10/20 17:05:04
月間,202210,策定,相馬双葉幹線,2022/12/23,昼間帯,逆方向,-2330,-2330,0,-30,-30,0,-2360,熱容量,0,0,0,0,2022/10/20 17:05:04
月間,202210,策定,相馬双葉幹線,2022/12/23,夜間帯,順方向,4730,5110,0,410,30,0,5140,安定度,0,0,0,0,2022/10/20 17:05:04
月間,202210,策定,相馬双葉幹線,2022/12/23,夜間帯,逆方向,-2330,-2330,0,-30,-30,0,-2360,熱容量,0,0,0,0,2022/10/20 17:05:04
月間,202211,策定,相馬双葉幹線,2022/12/23,昼間帯,順方向,4988,5368,0,412,32,0,5400,熱容量,0,0,0,0,2022/11/18 17:05:04
月間,202211,策定,相馬双葉幹線,2022/12/23,昼間帯,逆方向,-2328,-2328,0,-32,-32,0,-2360,熱容量,0,0,0,0,2022/11/18 17:05:04
月間,202211,策定,相馬双葉幹線,2022/12/23,夜間帯,順方向,4728,5108,0,412,32,0,5140,安定度,0,0,0,0,2022/11/18 17:05:04
月間,202211,策定,相馬双葉幹線,2022/12/23,夜間帯,逆方向,-2328,-2328,0,-32,-32,0,-2360,熱容量,0,0,0,0,2022/11/18 17:05:04
月間,202210,策定,相馬双葉幹線,2022/12/24,昼間帯,順方向,4990,5370,0,410,30,0,5400,熱容量,0,0,0,0,2022/10/20 17:05:04
月間,202210,策定,相馬双葉幹線,2022/12/24,昼間帯,逆方向,-2330,-2330,0,-30,-30,0,-2360,熱容量,0,0,0,0,2022/10/20 17:05:04
月間,202210,策定,相馬双葉幹線,2022/12/24,夜間帯,順方向,4730,5110,0,410,30,0,5140,安定度,0,0,0,0,2022/10/20 17:05:04
月間,202210,策定,相馬双葉幹線,2022/12/24,夜間帯,逆方向,-2330,-2330,0,-30,-30,0,-2360,熱容量,0,0,0,0,2022/10/20 17:05:04
月間,202211,策定,相馬双葉幹線,2022/12/24,昼間帯,順方向,4988,5368,0,412,32,0,5400,熱容量,0,0,0,0,2022/11/18 17:05:04
月間,202211,策定,相馬双葉幹線,2022/12/24,昼間帯,逆方向,-2328,-2328,0,-32,-32,0,-2360,熱容量,0,0,0,0,2022/11/18 17:05:04
月間,202211,策定,相馬双葉幹線,2022/12/24,夜間帯,順方向,4728,5108,0,412,32,0,5140,安定度,0,0,0,0,2022/11/18 17:05:04
月間,202211,策定,相馬双葉幹線,2022/12/24,夜間帯,逆方向,-2328,-2328,0,-32,-32,0,-2360,熱容量,0,0,0,0,2022/11/18 17:05:04
月間,202210,策定,相馬双葉幹線,2022/12/25,昼間帯,順方向,4990,5370,0,410,30,0,5400,熱容量,0,0,0,0,2022/10/20 17:05:04
月間,202210,策定,相馬双葉幹線,2022/12/25,昼間帯,逆方向,-2330,-2330,0,-30,-30,0,-2360,熱容量,0,0,0,0,2022/10/20 17:05:04
月間,202210,策定,相馬双葉幹線,2022/12/25,夜間帯,順方向,4730,5110,0,410,30,0,5140,安定度,0,0,0,0,2022/10/20 17:05:04
月間,202210,策定,相馬双葉幹線,2022/12/25,夜間帯,逆方向,-2330,-2330,0,-30,-30,0,-2360,熱容量,0,0,0,0,2022/10/20 17:05:04
月間,202211,策定,相馬双葉幹線,2022/12/25,昼間帯,順方向,4988,5368,0,412,32,0,5400,熱容量,0,0,0,0,2022/11/18 17:05:04
月間,202211,策定,相馬双葉幹線,2022/12/25,昼間帯,逆方向,-2328,-2328,0,-32,-32,0,-2360,熱容量,0,0,0,0,2022/11/18 17:05:04
月間,202211,策定,相馬双葉幹線,2022/12/25,夜間帯,順方向,4728,5108,0,412,32,0,5140,安定度,0,0,0,0,2022/11/18 17:05:04
月間,202211,策定,相馬双葉幹線,2022/12/25,夜間帯,逆方向,-2328,-2328,0,-32,-32,0,-2360,熱容量,0,0,0,0,2022/11/18 17:05:04
月間,202210,策定,相馬双葉幹線,2022/12/26,昼間帯,順方向,4830,5210,0,410,30,0,5240,安定度,0,0,0,0,2022/10/20 17:05:04
月間,202210,策定,相馬双葉幹線,2022/12/26,昼間帯,逆方向,-2330,-2330,0,-30,-30,0,-2360,熱容量,0,0,0,0,2022/10/20 17:05:04
月間,202210,策定,相馬双葉幹線,2022/12/26,夜間帯,順方向,4730,5110,0,410,30,0,5140,安定度,0,0,0,0,2022/10/20 17:05:04
月間,202210,策定,相馬双葉幹線,2022/12/26,夜間帯,逆方向,-2330,-2330,0,-30,-30,0,-2360,熱容量,0,0,0,0,2022/10/20 17:05:04
月間,202211,策定,相馬双葉幹線,2022/12/26,昼間帯,順方向,4828,5208,0,412,32,0,5240,安定度,0,0,0,0,2022/11/18 17:05:04
月間,202211,策定,相馬双葉幹線,2022/12/26,昼間帯,逆方向,-2328,-2328,0,-32,-32,0,-2360,熱容量,0,0,0,0,2022/11/18 17:05:04
月間,202211,策定,相馬双葉幹線,2022/12/26,夜間帯,順方向,4728,5108,0,412,32,0,5140,安定度,0,0,0,0,2022/11/18 17:05:04
月間,202211,策定,相馬双葉幹線,2022/12/26,夜間帯,逆方向,-2328,-2328,0,-32,-32,0,-2360,熱容量,0,0,0,0,2022/11/18 17:05:04
月間,202210,策定,相馬双葉幹線,2022/12/27,昼間帯,順方向,4830,5210,0,410,30,0,5240,安定度,0,0,0,0,2022/10/20 17:05:04
月間,202210,策定,相馬双葉幹線,2022/12/27,昼間帯,逆方向,-2330,-2330,0,-30,-30,0,-2360,熱容量,0,0,0,0,2022/10/20 17:05:04
月間,202210,策定,相馬双葉幹線,2022/12/27,夜間帯,順方向,4730,5110,0,410,30,0,5140,安定度,0,0,0,0,2022/10/20 17:05:04
月間,202210,策定,相馬双葉幹線,2022/12/27,夜間帯,逆方向,-2330,-2330,0,-30,-30,0,-2360,熱容量,0,0,0,0,2022/10/20 17:05:04
月間,202211,策定,相馬双葉幹線,2022/12/27,昼間帯,順方向,4828,5208,0,412,32,0,5240,安定度,0,0,0,0,2022/11/18 17:05:04
月間,202211,策定,相馬双葉幹線,2022/12/27,昼間帯,逆方向,-2328,-2328,0,-32,-32,0,-2360,熱容量,0,0,0,0,2022/11/18 17:05:04
月間,202211,策定,相馬双葉幹線,2022/12/27,夜間帯,順方向,4728,5108,0,412,32,0,5140,安定度,0,0,0,0,2022/11/18 17:05:04
月間,202211,策定,相馬双葉幹線,2022/12/27,夜間帯,逆方向,-2328,-2328,0,-32,-32,0,-2360,熱容量,0,0,0,0,2022/11/18 17:05:04
月間,202210,策定,相馬双葉幹線,2022/12/28,昼間帯,順方向,4830,5210,0,410,30,0,5240,安定度,0,0,0,0,2022/10/20 17:05:04
月間,202210,策定,相馬双葉幹線,2022/12/28,昼間帯,逆方向,-2330,-2330,0,-30,-30,0,-2360,熱容量,0,0,0,0,2022/10/20 17:05:04
月間,202210,策定,相馬双葉幹線,2022/12/28,夜間帯,順方向,4730,5110,0,410,30,0,5140,安定度,0,0,0,0,2022/10/20 17:05:04
月間,202210,策定,相馬双葉幹線,2022/12/28,夜間帯,逆方向,-2330,-2330,0,-30,-30,0,-2360,熱容量,0,0,0,0,2022/10/20 17:05:04
月間,202211,策定,相馬双葉幹線,2022/12/28,昼間帯,順方向,4828,5208,0,412,32,0,5240,安定度,0,0,0,0,2022/11/18 17:05:04
月間,202211,策定,相馬双葉幹線,2022/12/28,昼間帯,逆方向,-2328,-2328,0,-32,-32,0,-2360,熱容量,0,0,0,0,2022/11/18 17:05:04
月間,202211,策定,相馬双葉幹線,2022/12/28,夜間帯,順方向,4728,5108,0,412,32,0,5140,安定度,0,0,0,0,2022/11/18 17:05:04
月間,202211,策定,相馬双葉幹線,2022/12/28,夜間帯,逆方向,-2328,-2328,0,-32,-32,0,-2360,熱容量,0,0,0,0,2022/11/18 17:05:04
月間,202210,策定,相馬双葉幹線,2022/12/29,昼間帯,順方向,4830,5210,0,410,30,0,5240,安定度,0,0,0,0,2022/10/20 17:05:04
月間,202210,策定,相馬双葉幹線,2022/12/29,昼間帯,逆方向,-2330,-2330,0,-30,-30,0,-2360,熱容量,0,0,0,0,2022/10/20 17:05:04
月間,202210,策定,相馬双葉幹線,2022/12/29,夜間帯,順方向,4730,5110,0,410,30,0,5140,安定度,0,0,0,0,2022/10/20 17:05:04
月間,202210,策定,相馬双葉幹線,2022/12/29,夜間帯,逆方向,-2330,-2330,0,-30,-30,0,-2360,熱容量,0,0,0,0,2022/10/20 17:05:04
月間,202211,策定,相馬双葉幹線,2022/12/29,昼間帯,順方向,4828,5208,0,412,32,0,5240,安定度,0,0,0,0,2022/11/18 17:05:04
月間,202211,策定,相馬双葉幹線,2022/12/29,昼間帯,逆方向,-2328,-2328,0,-32,-32,0,-2360,熱容量,0,0,0,0,2022/11/18 17:05:04
月間,202211,策定,相馬双葉幹線,2022/12/29,夜間帯,順方向,4728,5108,0,412,32,0,5140,安定度,0,0,0,0,2022/11/18 17:05:04
月間,202211,策定,相馬双葉幹線,2022/12/29,夜間帯,逆方向,-2328,-2328,0,-32,-32,0,-2360,熱容量,0,0,0,0,2022/11/18 17:05:04
月間,202210,策定,相馬双葉幹線,2022/12/30,昼間帯,順方向,4830,5210,0,410,30,0,5240,安定度,0,0,0,0,2022/10/20 17:05:04
月間,202210,策定,相馬双葉幹線,2022/12/30,昼間帯,逆方向,-2330,-2330,0,-30,-30,0,-2360,熱容量,0,0,0,0,2022/10/20 17:05:04
月間,202210,策定,相馬双葉幹線,2022/12/30,夜間帯,順方向,4730,5110,0,410,30,0,5140,安定度,0,0,0,0,2022/10/20 17:05:04
月間,202210,策定,相馬双葉幹線,2022/12/30,夜間帯,逆方向,-2330,-2330,0,-30,-30,0,-2360,熱容量,0,0,0,0,2022/10/20 17:05:04
月間,202211,策定,相馬双葉幹線,2022/12/30,昼間帯,順方向,4828,5208,0,412,32,0,5240,安定度,0,0,0,0,2022/11/18 17:05:04
月間,202211,策定,相馬双葉幹線,2022/12/30,昼間帯,逆方向,-2328,-2328,0,-32,-32,0,-2360,熱容量,0,0,0,0,2022/11/18 17:05:04
月間,202211,策定,相馬双葉幹線,2022/12/30,夜間帯,順方向,4728,5108,0,412,32,0,5140,安定度,0,0,0,0,2022/11/18 17:05:04
月間,202211,策定,相馬双葉幹線,2022/12/30,夜間帯,逆方向,-2328,-2328,0,-32,-32,0,-2360,熱容量,0,0,0,0,2022/11/18 17:05:04
月間,202210,策定,相馬双葉幹線,2022/12/31,昼間帯,順方向,4830,5210,0,410,30,0,5240,安定度,0,0,0,0,2022/10/20 17:05:04
月間,202210,策定,相馬双葉幹線,2022/12/31,昼間帯,逆方向,-2330,-2330,0,-30,-30,0,-2360,熱容量,0,0,0,0,2022/10/20 17:05:04
月間,202210,策定,相馬双葉幹線,2022/12/31,夜間帯,順方向,4730,5110,0,410,30,0,5140,安定度,0,0,0,0,2022/10/20 17:05:04
月間,202210,策定,相馬双葉幹線,2022/12/31,夜間帯,逆方向,-2330,-2330,0,-30,-30,0,-2360,熱容量,0,0,0,0,2022/10/20 17:05:04
月間,202211,策定,相馬双葉幹線,2022/12/31,昼間帯,順方向,4828,5208,0,412,32,0,5240,安定度,0,0,0,0,2022/11/18 17:05:04
月間,202211,策定,相馬双葉幹線,2022/12/31,昼間帯,逆方向,-2328,-2328,0,-32,-32,0,-2360,熱容量,0,0,0,0,2022/11/18 17:05:04
月間,202211,策定,相馬双葉幹線,2022/12/31,夜間帯,順方向,4728,5108,0,412,32,0,5140,安定度,0,0,0,0,2022/11/18 17:05:04
月間,202211,策定,相馬双葉幹線,2022/12/31,夜間帯,逆方向,-2328,-2328,0,-32,-32,0,-2360,熱容量,0,0,0,0,2022/11/18 17:05:04
月間,202209,策定,周波数変換設備,2022/11/01,昼間帯,順方向,1200,1200,0,600,600,0,1800,熱容量（作業）,0,0,0,0,2022/09/20 17:05:04
月間,202209,策定,周波数変換設備,2022/11/01,昼間帯,逆方向,-1200,-1200,0,-600,-600,0,-1800,熱容量（作業）,0,0,0,0,2022/09/20 17:05:04
月間,202209,策定,周波数変換設備,2022/11/01,夜間帯,順方向,1200,1200,0,600,600,0,1800,熱容量（作業）,0,0,0,0,2022/09/20 17:05:04
月間,202209,策定,周波数変換設備,2022/11/01,夜間帯,逆方向,-1200,-1200,0,-600,-600,0,-1800,熱容量（作業）,0,0,0,0,2022/09/20 17:05:04
月間,202209,策定,周波数変換設備,2022/11/02,昼間帯,順方向,1200,1200,0,600,600,0,1800,熱容量（作業）,0,0,0,0,2022/09/20 17:05:04
月間,202209,策定,周波数変換設備,2022/11/02,昼間帯,逆方向,-1200,-1200,0,-600,-600,0,-1800,熱容量（作業）,0,0,0,0,2022/09/20 17:05:04
月間,202209,策定,周波数変換設備,2022/11/02,夜間帯,順方向,1200,1200,0,600,600,0,1800,熱容量（作業）,0,0,0,0,2022/09/20 17:05:04
月間,202209,策定,周波数変換設備,2022/11/02,夜間帯,逆方向,-1200,-1200,0,-600,-600,0,-1800,熱容量（作業）,0,0,0,0,2022/09/20 17:05:04
月間,202209,策定,周波数変換設備,2022/11/03,昼間帯,順方向,1200,1200,0,600,600,0,1800,熱容量（作業）,0,0,0,0,2022/09/20 17:05:04
月間,202209,策定,周波数変換設備,2022/11/03,昼間帯,逆方向,-1200,-1200,0,-600,-600,0,-1800,熱容量（作業）,0,0,0,0,2022/09/20 17:05:04
月間,202209,策定,周波数変換設備,2022/11/03,夜間帯,順方向,1200,1200,0,600,600,0,1800,熱容量（作業）,0,0,0,0,2022/09/20 17:05:04
月間,202209,策定,周波数変換設備,2022/11/03,夜間帯,逆方向,-1200,-1200,0,-600,-600,0,-1800,熱容量（作業）,0,0,0,0,2022/09/20 17:05:04
月間,202209,策定,周波数変換設備,2022/11/04,昼間帯,順方向,1200,1200,0,600,600,0,1800,熱容量（作業）,0,0,0,0,2022/09/20 17:05:04
月間,202209,策定,周波数変換設備,2022/11/04,昼間帯,逆方向,-1200,-1200,0,-600,-600,0,-1800,熱容量（作業）,0,0,0,0,2022/09/20 17:05:04
月間,202209,策定,周波数変換設備,2022/11/04,夜間帯,順方向,1200,1200,0,600,600,0,1800,熱容量（作業）,0,0,0,0,2022/09/20 17:05:04
月間,202209,策定,周波数変換設備,2022/11/04,夜間帯,逆方向,-1200,-1200,0,-600,-600,0,-1800,熱容量（作業）,0,0,0,0,2022/09/20 17:05:04
月間,202209,策定,周波数変換設備,2022/11/05,昼間帯,順方向,1200,1200,0,600,600,0,1800,熱容量（作業）,0,0,0,0,2022/09/20 17:05:04
月間,202209,策定,周波数変換設備,2022/11/05,昼間帯,逆方向,-1200,-1200,0,-600,-600,0,-1800,熱容量（作業）,0,0,0,0,2022/09/20 17:05:04
月間,202209,策定,周波数変換設備,2022/11/05,夜間帯,順方向,1200,1200,0,600,600,0,1800,熱容量（作業）,0,0,0,0,2022/09/20 17:05:04
月間,202209,策定,周波数変換設備,2022/11/05,夜間帯,逆方向,-1200,-1200,0,-600,-600,0,-1800,熱容量（作業）,0,0,0,0,2022/09/20 17:05:04
月間,202210,策定,周波数変換設備,2022/11/05,昼間帯,順方向,1200,1200,0,600,600,0,1800,熱容量（作業）,0,0,0,0,2022/10/20 17:05:04
月間,202210,策定,周波数変換設備,2022/11/05,昼間帯,逆方向,-1200,-1200,0,-600,-600,0,-1800,熱容量（作業）,0,0,0,0,2022/10/20 17:05:04
月間,202210,策定,周波数変換設備,2022/11/05,夜間帯,順方向,1200,1200,0,600,600,0,1800,熱容量（作業）,0,0,0,0,2022/10/20 17:05:04
月間,202210,策定,周波数変換設備,2022/11/05,夜間帯,逆方向,-1200,-1200,0,-600,-600,0,-1800,熱容量（作業）,0,0,0,0,2022/10/20 17:05:04
月間,202209,策定,周波数変換設備,2022/11/06,昼間帯,順方向,1200,1200,0,600,600,0,1800,熱容量（作業）,0,0,0,0,2022/09/20 17:05:04
月間,202209,策定,周波数変換設備,2022/11/06,昼間帯,逆方向,-1200,-1200,0,-600,-600,0,-1800,熱容量（作業）,0,0,0,0,2022/09/20 17:05:04
月間,202209,策定,周波数変換設備,2022/11/06,夜間帯,順方向,1200,1200,0,600,600,0,1800,熱容量（作業）,0,0,0,0,2022/09/20 17:05:04
月間,202209,策定,周波数変換設備,2022/11/06,夜間帯,逆方向,-1200,-1200,0,-600,-600,0,-1800,熱容量（作業）,0,0,0,0,2022/09/20 17:05:04
月間,202210,策定,周波数変換設備,2022/11/06,昼間帯,順方向,1200,1200,0,600,600,0,1800,熱容量（作業）,0,0,0,0,2022/10/20 17:05:04
月間,202210,策定,周波数変換設備,2022/11/06,昼間帯,逆方向,-1200,-1200,0,-600,-600,0,-1800,熱容量（作業）,0,0,0,0,2022/10/20 17:05:04
月間,202210,策定,周波数変換設備,2022/11/06,夜間帯,順方向,1200,1200,0,600,600,0,1800,熱容量（作業）,0,0,0,0,2022/10/20 17:05:04
月間,202210,策定,周波数変換設備,2022/11/06,夜間帯,逆方向,-1200,-1200,0,-600,-600,0,-1800,熱容量（作業）,0,0,0,0,2022/10/20 17:05:04
月間,202209,策定,周波数変換設備,2022/11/07,昼間帯,順方向,1200,1200,0,600,600,0,1800,熱容量（作業）,0,0,0,0,2022/09/20 17:05:04
月間,202209,策定,周波数変換設備,2022/11/07,昼間帯,逆方向,-1200,-1200,0,-600,-600,0,-1800,熱容量（作業）,0,0,0,0,2022/09/20 17:05:04
月間,202209,策定,周波数変換設備,2022/11/07,夜間帯,順方向,1200,1200,0,600,600,0,1800,熱容量（作業）,0,0,0,0,2022/09/20 17:05:04
月間,202209,策定,周波数変換設備,2022/11/07,夜間帯,逆方向,-1200,-1200,0,-600,-600,0,-1800,熱容量（作業）,0,0,0,0,2022/09/20 17:05:04
月間,202210,策定,周波数変換設備,2022/11/07,昼間帯,順方向,1200,1200,0,600,600,0,1800,熱容量（作業）,0,0,0,0,2022/10/20 17:05:04
月間,202210,策定,周波数変換設備,2022/11/07,昼間帯,逆方向,-1200,-1200,0,-600,-600,0,-1800,熱容量（作業）,0,0,0,0,2022/10/20 17:05:04
月間,202210,策定,周波数変換設備,2022/11/07,夜間帯,順方向,1200,1200,0,600,600,0,1800,熱容量（作業）,0,0,0,0,2022/10/20 17:05:04
月間,202210,策定,周波数変換設備,2022/11/07,夜間帯,逆方向,-1200,-1200,0,-600,-600,0,-1800,熱容量（作業）,0,0,0,0,2022/10/20 17:05:04
月間,202209,策定,周波数変換設備,2022/11/08,昼間帯,順方向,1200,1200,0,600,600,0,1800,熱容量（作業）,0,0,0,0,2022/09/20 17:05:04
月間,202209,策定,周波数変換設備,2022/11/08,昼間帯,逆方向,-1200,-1200,0,-600,-600,0,-1800,熱容量（作業）,0,0,0,0,2022/09/20 17:05:04
月間,202209,策定,周波数変換設備,2022/11/08,夜間帯,順方向,1200,1200,0,600,600,0,1800,熱容量（作業）,0,0,0,0,2022/09/20 17:05:04
月間,202209,策定,周波数変換設備,2022/11/08,夜間帯,逆方向,-1200,-1200,0,-600,-600,0,-1800,熱容量（作業）,0,0,0,0,2022/09/20 17:05:04
月間,202210,策定,周波数変換設備,2022/11/08,昼間帯,順方向,1200,1200,0,600,600,0,1800,熱容量（作業）,0,0,0,0,2022/10/20 17:05:04
月間,202210,策定,周波数変換設備,2022/11/08,昼間帯,逆方向,-1200,-1200,0,-600,-600,0,-1800,熱容量（作業）,0,0,0,0,2022/10/20 17:05:04
月間,202210,策定,周波数変換設備,2022/11/08,夜間帯,順方向,1200,1200,0,600,600,0,1800,熱容量（作業）,0,0,0,0,2022/10/20 17:05:04
月間,202210,策定,周波数変換設備,2022/11/08,夜間帯,逆方向,-1200,-1200,0,-600,-600,0,-1800,熱容量（作業）,0,0,0,0,2022/10/20 17:05:04
月間,202209,策定,周波数変換設備,2022/11/09,昼間帯,順方向,1200,1200,0,600,600,0,1800,熱容量（作業）,0,0,0,0,2022/09/20 17:05:04
月間,202209,策定,周波数変換設備,2022/11/09,昼間帯,逆方向,-1200,-1200,0,-600,-600,0,-1800,熱容量（作業）,0,0,0,0,2022/09/20 17:05:04
月間,202209,策定,周波数変換設備,2022/11/09,夜間帯,順方向,1200,1200,0,600,600,0,1800,熱容量（作業）,0,0,0,0,2022/09/20 17:05:04
月間,202209,策定,周波数変換設備,2022/11/09,夜間帯,逆方向,-1200,-1200,0,-600,-600,0,-1800,熱容量（作業）,0,0,0,0,2022/09/20 17:05:04
月間,202210,策定,周波数変換設備,2022/11/09,昼間帯,順方向,1200,1200,0,600,600,0,1800,熱容量（作業）,0,0,0,0,2022/10/20 17:05:04
月間,202210,策定,周波数変換設備,2022/11/09,昼間帯,逆方向,-1200,-1200,0,-600,-600,0,-1800,熱容量（作業）,0,0,0,0,2022/10/20 17:05:04
月間,202210,策定,周波数変換設備,2022/11/09,夜間帯,順方向,1200,1200,0,600,600,0,1800,熱容量（作業）,0,0,0,0,2022/10/20 17:05:04
月間,202210,策定,周波数変換設備,2022/11/09,夜間帯,逆方向,-1200,-1200,0,-600,-600,0,-1800,熱容量（作業）,0,0,0,0,2022/10/20 17:05:04
月間,202209,策定,周波数変換設備,2022/11/10,昼間帯,順方向,1200,1200,0,600,600,0,1800,熱容量（作業）,0,0,0,0,2022/09/20 17:05:04
月間,202209,策定,周波数変換設備,2022/11/10,昼間帯,逆方向,-1200,-1200,0,-600,-600,0,-1800,熱容量（作業）,0,0,0,0,2022/09/20 17:05:04
月間,202209,策定,周波数変換設備,2022/11/10,夜間帯,順方向,1200,1200,0,600,600,0,1800,熱容量（作業）,0,0,0,0,2022/09/20 17:05:04
月間,202209,策定,周波数変換設備,2022/11/10,夜間帯,逆方向,-1200,-1200,0,-600,-600,0,-1800,熱容量（作業）,0,0,0,0,2022/09/20 17:05:04
月間,202210,策定,周波数変換設備,2022/11/10,昼間帯,順方向,1200,1200,0,600,600,0,1800,熱容量（作業）,0,0,0,0,2022/10/20 17:05:04
月間,202210,策定,周波数変換設備,2022/11/10,昼間帯,逆方向,-1200,-1200,0,-600,-600,0,-1800,熱容量（作業）,0,0,0,0,2022/10/20 17:05:04
月間,202210,策定,周波数変換設備,2022/11/10,夜間帯,順方向,1200,1200,0,600,600,0,1800,熱容量（作業）,0,0,0,0,2022/10/20 17:05:04
月間,202210,策定,周波数変換設備,2022/11/10,夜間帯,逆方向,-1200,-1200,0,-600,-600,0,-1800,熱容量（作業）,0,0,0,0,2022/10/20 17:05:04
月間,202209,策定,周波数変換設備,2022/11/11,昼間帯,順方向,1200,1200,0,600,600,0,1800,熱容量（作業）,0,0,0,0,2022/09/20 17:05:04
月間,202209,策定,周波数変換設備,2022/11/11,昼間帯,逆方向,-1200,-1200,0,-600,-600,0,-1800,熱容量（作業）,0,0,0,0,2022/09/20 17:05:04
月間,202209,策定,周波数変換設備,2022/11/11,夜間帯,順方向,1200,1200,0,600,600,0,1800,熱容量（作業）,0,0,0,0,2022/09/20 17:05:04
月間,202209,策定,周波数変換設備,2022/11/11,夜間帯,逆方向,-1200,-1200,0,-600,-600,0,-1800,熱容量（作業）,0,0,0,0,2022/09/20 17:05:04
月間,202210,策定,周波数変換設備,2022/11/11,昼間帯,順方向,1200,1200,0,600,600,0,1800,熱容量（作業）,0,0,0,0,2022/10/20 17:05:04
月間,202210,策定,周波数変換設備,2022/11/11,昼間帯,逆方向,-1200,-1200,0,-600,-600,0,-1800,熱容量（作業）,0,0,0,0,2022/10/20 17:05:04
月間,202210,策定,周波数変換設備,2022/11/11,夜間帯,順方向,1200,1200,0,600,600,0,1800,熱容量（作業）,0,0,0,0,2022/10/20 17:05:04
月間,202210,策定,周波数変換設備,2022/11/11,夜間帯,逆方向,-1200,-1200,0,-600,-600,0,-1800,熱容量（作業）,0,0,0,0,2022/10/20 17:05:04
月間,202209,策定,周波数変換設備,2022/11/12,昼間帯,順方向,1200,1200,0,600,600,0,1800,熱容量（作業）,0,0,0,0,2022/09/20 17:05:04
月間,202209,策定,周波数変換設備,2022/11/12,昼間帯,逆方向,-1200,-1200,0,-600,-600,0,-1800,熱容量（作業）,0,0,0,0,2022/09/20 17:05:04
月間,202209,策定,周波数変換設備,2022/11/12,夜間帯,順方向,1200,1200,0,600,600,0,1800,熱容量（作業）,0,0,0,0,2022/09/20 17:05:04
月間,202209,策定,周波数変換設備,2022/11/12,夜間帯,逆方向,-1200,-1200,0,-600,-600,0,-1800,熱容量（作業）,0,0,0,0,2022/09/20 17:05:04
月間,202210,策定,周波数変換設備,2022/11/12,昼間帯,順方向,1200,1200,0,600,600,0,1800,熱容量（作業）,0,0,0,0,2022/10/20 17:05:04
月間,202210,策定,周波数変換設備,2022/11/12,昼間帯,逆方向,-1200,-1200,0,-600,-600,0,-1800,熱容量（作業）,0,0,0,0,2022/10/20 17:05:04
月間,202210,策定,周波数変換設備,2022/11/12,夜間帯,順方向,1200,1200,0,600,600,0,1800,熱容量（作業）,0,0,0,0,2022/10/20 17:05:04
月間,202210,策定,周波数変換設備,2022/11/12,夜間帯,逆方向,-1200,-1200,0,-600,-600,0,-1800,熱容量（作業）,0,0,0,0,2022/10/20 17:05:04
月間,202209,策定,周波数変換設備,2022/11/13,昼間帯,順方向,1200,1200,0,600,600,0,1800,熱容量（作業）,0,0,0,0,2022/09/20 17:05:04
月間,202209,策定,周波数変換設備,2022/11/13,昼間帯,逆方向,-1200,-1200,0,-600,-600,0,-1800,熱容量（作業）,0,0,0,0,2022/09/20 17:05:04
月間,202209,策定,周波数変換設備,2022/11/13,夜間帯,順方向,1200,1200,0,600,600,0,1800,熱容量（作業）,0,0,0,0,2022/09/20 17:05:04
月間,202209,策定,周波数変換設備,2022/11/13,夜間帯,逆方向,-1200,-1200,0,-600,-600,0,-1800,熱容量（作業）,0,0,0,0,2022/09/20 17:05:04
月間,202210,策定,周波数変換設備,2022/11/13,昼間帯,順方向,1200,1200,0,600,600,0,1800,熱容量（作業）,0,0,0,0,2022/10/20 17:05:04
月間,202210,策定,周波数変換設備,2022/11/13,昼間帯,逆方向,-1200,-1200,0,-600,-600,0,-1800,熱容量（作業）,0,0,0,0,2022/10/20 17:05:04
月間,202210,策定,周波数変換設備,2022/11/13,夜間帯,順方向,1200,1200,0,600,600,0,1800,熱容量（作業）,0,0,0,0,2022/10/20 17:05:04
月間,202210,策定,周波数変換設備,2022/11/13,夜間帯,逆方向,-1200,-1200,0,-600,-600,0,-1800,熱容量（作業）,0,0,0,0,2022/10/20 17:05:04
月間,202209,策定,周波数変換設備,2022/11/14,昼間帯,順方向,1200,1200,0,600,600,0,1800,熱容量（作業）,0,0,0,0,2022/09/20 17:05:04
月間,202209,策定,周波数変換設備,2022/11/14,昼間帯,逆方向,-1200,-1200,0,-600,-600,0,-1800,熱容量（作業）,0,0,0,0,2022/09/20 17:05:04
月間,202209,策定,周波数変換設備,2022/11/14,夜間帯,順方向,1200,1200,0,600,600,0,1800,熱容量（作業）,0,0,0,0,2022/09/20 17:05:04
月間,202209,策定,周波数変換設備,2022/11/14,夜間帯,逆方向,-1200,-1200,0,-600,-600,0,-1800,熱容量（作業）,0,0,0,0,2022/09/20 17:05:04
月間,202210,策定,周波数変換設備,2022/11/14,昼間帯,順方向,1200,1200,0,600,600,0,1800,熱容量（作業）,0,0,0,0,2022/10/20 17:05:04
月間,202210,策定,周波数変換設備,2022/11/14,昼間帯,逆方向,-1200,-1200,0,-600,-600,0,-1800,熱容量（作業）,0,0,0,0,2022/10/20 17:05:04
月間,202210,策定,周波数変換設備,2022/11/14,夜間帯,順方向,1200,1200,0,600,600,0,1800,熱容量（作業）,0,0,0,0,2022/10/20 17:05:04
月間,202210,策定,周波数変換設備,2022/11/14,夜間帯,逆方向,-1200,-1200,0,-600,-600,0,-1800,熱容量（作業）,0,0,0,0,2022/10/20 17:05:04
月間,202209,策定,周波数変換設備,2022/11/15,昼間帯,順方向,1200,1200,0,600,600,0,1800,熱容量（作業）,0,0,0,0,2022/09/20 17:05:04
月間,202209,策定,周波数変換設備,2022/11/15,昼間帯,逆方向,-1200,-1200,0,-600,-600,0,-1800,熱容量（作業）,0,0,0,0,2022/09/20 17:05:04
月間,202209,策定,周波数変換設備,2022/11/15,夜間帯,順方向,1200,1200,0,600,600,0,1800,熱容量（作業）,0,0,0,0,2022/09/20 17:05:04
月間,202209,策定,周波数変換設備,2022/11/15,夜間帯,逆方向,-1200,-1200,0,-600,-600,0,-1800,熱容量（作業）,0,0,0,0,2022/09/20 17:05:04
月間,202210,策定,周波数変換設備,2022/11/15,昼間帯,順方向,1200,1200,0,600,600,0,1800,熱容量（作業）,0,0,0,0,2022/10/20 17:05:04
月間,202210,策定,周波数変換設備,2022/11/15,昼間帯,逆方向,-1200,-1200,0,-600,-600,0,-1800,熱容量（作業）,0,0,0,0,2022/10/20 17:05:04
月間,202210,策定,周波数変換設備,2022/11/15,夜間帯,順方向,1200,1200,0,600,600,0,1800,熱容量（作業）,0,0,0,0,2022/10/20 17:05:04
月間,202210,策定,周波数変換設備,2022/11/15,夜間帯,逆方向,-1200,-1200,0,-600,-600,0,-1800,熱容量（作業）,0,0,0,0,2022/10/20 17:05:04
月間,202209,策定,周波数変換設備,2022/11/16,昼間帯,順方向,1200,1200,0,600,600,0,1800,熱容量（作業）,0,0,0,0,2022/09/20 17:05:04
月間,202209,策定,周波数変換設備,2022/11/16,昼間帯,逆方向,-1200,-1200,0,-600,-600,0,-1800,熱容量（作業）,0,0,0,0,2022/09/20 17:05:04
月間,202209,策定,周波数変換設備,2022/11/16,夜間帯,順方向,1200,1200,0,600,600,0,1800,熱容量（作業）,0,0,0,0,2022/09/20 17:05:04
月間,202209,策定,周波数変換設備,2022/11/16,夜間帯,逆方向,-1200,-1200,0,-600,-600,0,-1800,熱容量（作業）,0,0,0,0,2022/09/20 17:05:04
月間,202210,策定,周波数変換設備,2022/11/16,昼間帯,順方向,1200,1200,0,600,600,0,1800,熱容量（作業）,0,0,0,0,2022/10/20 17:05:04
月間,202210,策定,周波数変換設備,2022/11/16,昼間帯,逆方向,-1200,-1200,0,-600,-600,0,-1800,熱容量（作業）,0,0,0,0,2022/10/20 17:05:04
月間,202210,策定,周波数変換設備,2022/11/16,夜間帯,順方向,1200,1200,0,600,600,0,1800,熱容量（作業）,0,0,0,0,2022/10/20 17:05:04
月間,202210,策定,周波数変換設備,2022/11/16,夜間帯,逆方向,-1200,-1200,0,-600,-600,0,-1800,熱容量（作業）,0,0,0,0,2022/10/20 17:05:04
月間,202209,策定,周波数変換設備,2022/11/17,昼間帯,順方向,1200,1200,0,600,600,0,1800,熱容量（作業）,0,0,0,0,2022/09/20 17:05:04
月間,202209,策定,周波数変換設備,2022/11/17,昼間帯,逆方向,-1200,-1200,0,-600,-600,0,-1800,熱容量（作業）,0,0,0,0,2022/09/20 17:05:04
月間,202209,策定,周波数変換設備,2022/11/17,夜間帯,順方向,1200,1200,0,600,600,0,1800,熱容量（作業）,0,0,0,0,2022/09/20 17:05:04
月間,202209,策定,周波数変換設備,2022/11/17,夜間帯,逆方向,-1200,-1200,0,-600,-600,0,-1800,熱容量（作業）,0,0,0,0,2022/09/20 17:05:04
月間,202210,策定,周波数変換設備,2022/11/17,昼間帯,順方向,1200,1200,0,600,600,0,1800,熱容量（作業）,0,0,0,0,2022/10/20 17:05:04
月間,202210,策定,周波数変換設備,2022/11/17,昼間帯,逆方向,-1200,-1200,0,-600,-600,0,-1800,熱容量（作業）,0,0,0,0,2022/10/20 17:05:04
月間,202210,策定,周波数変換設備,2022/11/17,夜間帯,順方向,1200,1200,0,600,600,0,1800,熱容量（作業）,0,0,0,0,2022/10/20 17:05:04
月間,202210,策定,周波数変換設備,2022/11/17,夜間帯,逆方向,-1200,-1200,0,-600,-600,0,-1800,熱容量（作業）,0,0,0,0,2022/10/20 17:05:04
月間,202209,策定,周波数変換設備,2022/11/18,昼間帯,順方向,1200,1200,0,600,600,0,1800,熱容量（作業）,0,0,0,0,2022/09/20 17:05:04
月間,202209,策定,周波数変換設備,2022/11/18,昼間帯,逆方向,-1200,-1200,0,-600,-600,0,-1800,熱容量（作業）,0,0,0,0,2022/09/20 17:05:04
月間,202209,策定,周波数変換設備,2022/11/18,夜間帯,順方向,300,300,0,600,600,0,900,熱容量（作業）,0,0,0,0,2022/09/20 17:05:04
月間,202209,策定,周波数変換設備,2022/11/18,夜間帯,逆方向,-300,-300,0,-600,-600,0,-900,熱容量（作業）,0,0,0,0,2022/09/20 17:05:04
月間,202210,策定,周波数変換設備,2022/11/18,昼間帯,順方向,1200,1200,0,600,600,0,1800,熱容量（作業）,0,0,0,0,2022/10/20 17:05:04
月間,202210,策定,周波数変換設備,2022/11/18,昼間帯,逆方向,-1200,-1200,0,-600,-600,0,-1800,熱容量（作業）,0,0,0,0,2022/10/20 17:05:04
月間,202210,策定,周波数変換設備,2022/11/18,夜間帯,順方向,300,300,0,600,600,0,900,熱容量（作業）,0,0,0,0,2022/10/20 17:05:04
月間,202210,策定,周波数変換設備,2022/11/18,夜間帯,逆方向,-300,-300,0,-600,-600,0,-900,熱容量（作業）,0,0,0,0,2022/10/20 17:05:04
月間,202209,策定,周波数変換設備,2022/11/19,昼間帯,順方向,1500,1500,0,600,600,0,2100,熱容量,0,0,0,0,2022/09/20 17:05:04
月間,202209,策定,周波数変換設備,2022/11/19,昼間帯,逆方向,-1440,-1440,0,-600,-600,0,-2040,熱容量,0,0,0,0,2022/09/20 17:05:04
月間,202209,策定,周波数変換設備,2022/11/19,夜間帯,順方向,600,600,0,600,600,0,1200,熱容量,0,0,0,0,2022/09/20 17:05:04
月間,202209,策定,周波数変換設備,2022/11/19,夜間帯,逆方向,-540,-540,0,-600,-600,0,-1140,熱容量,0,0,0,0,2022/09/20 17:05:04
月間,202210,策定,周波数変換設備,2022/11/19,昼間帯,順方向,1500,1500,0,600,600,0,2100,熱容量,0,0,0,0,2022/10/20 17:05:04
月間,202210,策定,周波数変換設備,2022/11/19,昼間帯,逆方向,-1440,-1440,0,-600,-600,0,-2040,電圧（作業）,0,0,0,0,2022/10/20 17:05:04
月間,202210,策定,周波数変換設備,2022/11/19,夜間帯,順方向,600,600,0,600,600,0,1200,熱容量（作業）,0,0,0,0,2022/10/20 17:05:04
月間,202210,策定,周波数変換設備,2022/11/19,夜間帯,逆方向,-540,-540,0,-600,-600,0,-1140,熱容量（作業）,0,0,0,0,2022/10/20 17:05:04
月間,202209,策定,周波数変換設備,2022/11/20,昼間帯,順方向,1500,1500,0,600,600,0,2100,熱容量,0,0,0,0,2022/09/20 17:05:04
月間,202209,策定,周波数変換設備,2022/11/20,昼間帯,逆方向,-1440,-1440,0,-600,-600,0,-2040,熱容量,0,0,0,0,2022/09/20 17:05:04
月間,202209,策定,周波数変換設備,2022/11/20,夜間帯,順方向,1500,1500,0,600,600,0,2100,熱容量,0,0,0,0,2022/09/20 17:05:04
月間,202209,策定,周波数変換設備,2022/11/20,夜間帯,逆方向,-1440,-1440,0,-600,-600,0,-2040,熱容量,0,0,0,0,2022/09/20 17:05:04
月間,202210,策定,周波数変換設備,2022/11/20,昼間帯,順方向,1500,1500,0,600,600,0,2100,熱容量,0,0,0,0,2022/10/20 17:05:04
月間,202210,策定,周波数変換設備,2022/11/20,昼間帯,逆方向,-1440,-1440,0,-600,-600,0,-2040,電圧（作業）,0,0,0,0,2022/10/20 17:05:04
月間,202210,策定,周波数変換設備,2022/11/20,夜間帯,順方向,1500,1500,0,600,600,0,2100,熱容量,0,0,0,0,2022/10/20 17:05:04
月間,202210,策定,周波数変換設備,2022/11/20,夜間帯,逆方向,-1440,-1440,0,-600,-600,0,-2040,電圧（作業）,0,0,0,0,2022/10/20 17:05:04
月間,202209,策定,周波数変換設備,2022/11/21,昼間帯,順方向,1500,1500,0,600,600,0,2100,熱容量,0,0,0,0,2022/09/20 17:05:04
月間,202209,策定,周波数変換設備,2022/11/21,昼間帯,逆方向,-1440,-1440,0,-600,-600,0,-2040,熱容量,0,0,0,0,2022/09/20 17:05:04
月間,202209,策定,周波数変換設備,2022/11/21,夜間帯,順方向,1500,1500,0,600,600,0,2100,熱容量,0,0,0,0,2022/09/20 17:05:04
月間,202209,策定,周波数変換設備,2022/11/21,夜間帯,逆方向,-1440,-1440,0,-600,-600,0,-2040,熱容量,0,0,0,0,2022/09/20 17:05:04
月間,202210,策定,周波数変換設備,2022/11/21,昼間帯,順方向,1500,1500,0,600,600,0,2100,熱容量,0,0,0,0,2022/10/20 17:05:04
月間,202210,策定,周波数変換設備,2022/11/21,昼間帯,逆方向,-1440,-1440,0,-600,-600,0,-2040,電圧（作業）,0,0,0,0,2022/10/20 17:05:04
月間,202210,策定,周波数変換設備,2022/11/21,夜間帯,順方向,1500,1500,0,600,600,0,2100,熱容量,0,0,0,0,2022/10/20 17:05:04
月間,202210,策定,周波数変換設備,2022/11/21,夜間帯,逆方向,-1440,-1440,0,-600,-600,0,-2040,電圧（作業）,0,0,0,0,2022/10/20 17:05:04
月間,202209,策定,周波数変換設備,2022/11/22,昼間帯,順方向,1500,1500,0,600,600,0,2100,熱容量,0,0,0,0,2022/09/20 17:05:04
月間,202209,策定,周波数変換設備,2022/11/22,昼間帯,逆方向,-1440,-1440,0,-600,-600,0,-2040,熱容量,0,0,0,0,2022/09/20 17:05:04
月間,202209,策定,周波数変換設備,2022/11/22,夜間帯,順方向,1500,1500,0,600,600,0,2100,熱容量,0,0,0,0,2022/09/20 17:05:04
月間,202209,策定,周波数変換設備,2022/11/22,夜間帯,逆方向,-1440,-1440,0,-600,-600,0,-2040,熱容量,0,0,0,0,2022/09/20 17:05:04
月間,202210,策定,周波数変換設備,2022/11/22,昼間帯,順方向,1500,1500,0,600,600,0,2100,熱容量,0,0,0,0,2022/10/20 17:05:04
月間,202210,策定,周波数変換設備,2022/11/22,昼間帯,逆方向,-1440,-1440,0,-600,-600,0,-2040,電圧（作業）,0,0,0,0,2022/10/20 17:05:04
月間,202210,策定,周波数変換設備,2022/11/22,夜間帯,順方向,1500,1500,0,600,600,0,2100,熱容量,0,0,0,0,2022/10/20 17:05:04
月間,202210,策定,周波数変換設備,2022/11/22,夜間帯,逆方向,-1440,-1440,0,-600,-600,0,-2040,電圧（作業）,0,0,0,0,2022/10/20 17:05:04
月間,202209,策定,周波数変換設備,2022/11/23,昼間帯,順方向,1500,1500,0,600,600,0,2100,熱容量,0,0,0,0,2022/09/20 17:05:04
月間,202209,策定,周波数変換設備,2022/11/23,昼間帯,逆方向,-1440,-1440,0,-600,-600,0,-2040,熱容量,0,0,0,0,2022/09/20 17:05:04
月間,202209,策定,周波数変換設備,2022/11/23,夜間帯,順方向,1500,1500,0,600,600,0,2100,熱容量,0,0,0,0,2022/09/20 17:05:04
月間,202209,策定,周波数変換設備,2022/11/23,夜間帯,逆方向,-1440,-1440,0,-600,-600,0,-2040,熱容量,0,0,0,0,2022/09/20 17:05:04
月間,202210,策定,周波数変換設備,2022/11/23,昼間帯,順方向,1500,1500,0,600,600,0,2100,熱容量,0,0,0,0,2022/10/20 17:05:04
月間,202210,策定,周波数変換設備,2022/11/23,昼間帯,逆方向,-1440,-1440,0,-600,-600,0,-2040,電圧（作業）,0,0,0,0,2022/10/20 17:05:04
月間,202210,策定,周波数変換設備,2022/11/23,夜間帯,順方向,1500,1500,0,600,600,0,2100,熱容量,0,0,0,0,2022/10/20 17:05:04
月間,202210,策定,周波数変換設備,2022/11/23,夜間帯,逆方向,-1440,-1440,0,-600,-600,0,-2040,電圧（作業）,0,0,0,0,2022/10/20 17:05:04
月間,202209,策定,周波数変換設備,2022/11/24,昼間帯,順方向,1500,1500,0,600,600,0,2100,熱容量,0,0,0,0,2022/09/20 17:05:04
月間,202209,策定,周波数変換設備,2022/11/24,昼間帯,逆方向,-1440,-1440,0,-600,-600,0,-2040,熱容量,0,0,0,0,2022/09/20 17:05:04
月間,202209,策定,周波数変換設備,2022/11/24,夜間帯,順方向,1500,1500,0,600,600,0,2100,熱容量,0,0,0,0,2022/09/20 17:05:04
月間,202209,策定,周波数変換設備,2022/11/24,夜間帯,逆方向,-1440,-1440,0,-600,-600,0,-2040,熱容量,0,0,0,0,2022/09/20 17:05:04
月間,202210,策定,周波数変換設備,2022/11/24,昼間帯,順方向,1500,1500,0,600,600,0,2100,熱容量,0,0,0,0,2022/10/20 17:05:04
月間,202210,策定,周波数変換設備,2022/11/24,昼間帯,逆方向,-1440,-1440,0,-600,-600,0,-2040,電圧（作業）,0,0,0,0,2022/10/20 17:05:04
月間,202210,策定,周波数変換設備,2022/11/24,夜間帯,順方向,1500,1500,0,600,600,0,2100,熱容量,0,0,0,0,2022/10/20 17:05:04
月間,202210,策定,周波数変換設備,2022/11/24,夜間帯,逆方向,-1440,-1440,0,-600,-600,0,-2040,電圧（作業）,0,0,0,0,2022/10/20 17:05:04
月間,202209,策定,周波数変換設備,2022/11/25,昼間帯,順方向,1500,1500,0,600,600,0,2100,熱容量,0,0,0,0,2022/09/20 17:05:04
月間,202209,策定,周波数変換設備,2022/11/25,昼間帯,逆方向,-1440,-1440,0,-600,-600,0,-2040,熱容量,0,0,0,0,2022/09/20 17:05:04
月間,202209,策定,周波数変換設備,2022/11/25,夜間帯,順方向,1500,1500,0,600,600,0,2100,熱容量,0,0,0,0,2022/09/20 17:05:04
月間,202209,策定,周波数変換設備,2022/11/25,夜間帯,逆方向,-1440,-1440,0,-600,-600,0,-2040,熱容量,0,0,0,0,2022/09/20 17:05:04
月間,202210,策定,周波数変換設備,2022/11/25,昼間帯,順方向,1500,1500,0,600,600,0,2100,熱容量,0,0,0,0,2022/10/20 17:05:04
月間,202210,策定,周波数変換設備,2022/11/25,昼間帯,逆方向,-1440,-1440,0,-600,-600,0,-2040,電圧（作業）,0,0,0,0,2022/10/20 17:05:04
月間,202210,策定,周波数変換設備,2022/11/25,夜間帯,順方向,1500,1500,0,600,600,0,2100,熱容量,0,0,0,0,2022/10/20 17:05:04
月間,202210,策定,周波数変換設備,2022/11/25,夜間帯,逆方向,-1440,-1440,0,-600,-600,0,-2040,電圧（作業）,0,0,0,0,2022/10/20 17:05:04
月間,202209,策定,周波数変換設備,2022/11/26,昼間帯,順方向,1500,1500,0,600,600,0,2100,熱容量,0,0,0,0,2022/09/20 17:05:04
月間,202209,策定,周波数変換設備,2022/11/26,昼間帯,逆方向,-1440,-1440,0,-600,-600,0,-2040,熱容量,0,0,0,0,2022/09/20 17:05:04
月間,202209,策定,周波数変換設備,2022/11/26,夜間帯,順方向,1500,1500,0,600,600,0,2100,熱容量,0,0,0,0,2022/09/20 17:05:04
月間,202209,策定,周波数変換設備,2022/11/26,夜間帯,逆方向,-1440,-1440,0,-600,-600,0,-2040,熱容量,0,0,0,0,2022/09/20 17:05:04
月間,202210,策定,周波数変換設備,2022/11/26,昼間帯,順方向,1500,1500,0,600,600,0,2100,熱容量,0,0,0,0,2022/10/20 17:05:04
月間,202210,策定,周波数変換設備,2022/11/26,昼間帯,逆方向,-1440,-1440,0,-600,-600,0,-2040,電圧（作業）,0,0,0,0,2022/10/20 17:05:04
月間,202210,策定,周波数変換設備,2022/11/26,夜間帯,順方向,1500,1500,0,600,600,0,2100,熱容量,0,0,0,0,2022/10/20 17:05:04
月間,202210,策定,周波数変換設備,2022/11/26,夜間帯,逆方向,-1440,-1440,0,-600,-600,0,-2040,電圧（作業）,0,0,0,0,2022/10/20 17:05:04
月間,202209,策定,周波数変換設備,2022/11/27,昼間帯,順方向,1500,1500,0,600,600,0,2100,熱容量,0,0,0,0,2022/09/20 17:05:04
月間,202209,策定,周波数変換設備,2022/11/27,昼間帯,逆方向,-1440,-1440,0,-600,-600,0,-2040,熱容量,0,0,0,0,2022/09/20 17:05:04
月間,202209,策定,周波数変換設備,2022/11/27,夜間帯,順方向,1500,1500,0,600,600,0,2100,熱容量,0,0,0,0,2022/09/20 17:05:04
月間,202209,策定,周波数変換設備,2022/11/27,夜間帯,逆方向,-1440,-1440,0,-600,-600,0,-2040,熱容量,0,0,0,0,2022/09/20 17:05:04
月間,202210,策定,周波数変換設備,2022/11/27,昼間帯,順方向,1500,1500,0,600,600,0,2100,熱容量,0,0,0,0,2022/10/20 17:05:04
月間,202210,策定,周波数変換設備,2022/11/27,昼間帯,逆方向,-1440,-1440,0,-600,-600,0,-2040,電圧（作業）,0,0,0,0,2022/10/20 17:05:04
月間,202210,策定,周波数変換設備,2022/11/27,夜間帯,順方向,1500,1500,0,600,600,0,2100,熱容量,0,0,0,0,2022/10/20 17:05:04
月間,202210,策定,周波数変換設備,2022/11/27,夜間帯,逆方向,-1440,-1440,0,-600,-600,0,-2040,電圧（作業）,0,0,0,0,2022/10/20 17:05:04
月間,202209,策定,周波数変換設備,2022/11/28,昼間帯,順方向,1500,1500,0,600,600,0,2100,熱容量,0,0,0,0,2022/09/20 17:05:04
月間,202209,策定,周波数変換設備,2022/11/28,昼間帯,逆方向,-1440,-1440,0,-600,-600,0,-2040,熱容量,0,0,0,0,2022/09/20 17:05:04
月間,202209,策定,周波数変換設備,2022/11/28,夜間帯,順方向,1500,1500,0,600,600,0,2100,熱容量,0,0,0,0,2022/09/20 17:05:04
月間,202209,策定,周波数変換設備,2022/11/28,夜間帯,逆方向,-1440,-1440,0,-600,-600,0,-2040,熱容量,0,0,0,0,2022/09/20 17:05:04
月間,202210,策定,周波数変換設備,2022/11/28,昼間帯,順方向,1500,1500,0,600,600,0,2100,熱容量,0,0,0,0,2022/10/20 17:05:04
月間,202210,策定,周波数変換設備,2022/11/28,昼間帯,逆方向,-1440,-1440,0,-600,-600,0,-2040,電圧（作業）,0,0,0,0,2022/10/20 17:05:04
月間,202210,策定,周波数変換設備,2022/11/28,夜間帯,順方向,1500,1500,0,600,600,0,2100,熱容量,0,0,0,0,2022/10/20 17:05:04
月間,202210,策定,周波数変換設備,2022/11/28,夜間帯,逆方向,-1440,-1440,0,-600,-600,0,-2040,電圧（作業）,0,0,0,0,2022/10/20 17:05:04
月間,202209,策定,周波数変換設備,2022/11/29,昼間帯,順方向,1500,1500,0,600,600,0,2100,熱容量,0,0,0,0,2022/09/20 17:05:04
月間,202209,策定,周波数変換設備,2022/11/29,昼間帯,逆方向,-1440,-1440,0,-600,-600,0,-2040,熱容量,0,0,0,0,2022/09/20 17:05:04
月間,202209,策定,周波数変換設備,2022/11/29,夜間帯,順方向,1500,1500,0,600,600,0,2100,熱容量,0,0,0,0,2022/09/20 17:05:04
月間,202209,策定,周波数変換設備,2022/11/29,夜間帯,逆方向,-1440,-1440,0,-600,-600,0,-2040,熱容量,0,0,0,0,2022/09/20 17:05:04
月間,202210,策定,周波数変換設備,2022/11/29,昼間帯,順方向,1500,1500,0,600,600,0,2100,熱容量,0,0,0,0,2022/10/20 17:05:04
月間,202210,策定,周波数変換設備,2022/11/29,昼間帯,逆方向,-1440,-1440,0,-600,-600,0,-2040,電圧（作業）,0,0,0,0,2022/10/20 17:05:04
月間,202210,策定,周波数変換設備,2022/11/29,夜間帯,順方向,1500,1500,0,600,600,0,2100,熱容量,0,0,0,0,2022/10/20 17:05:04
月間,202210,策定,周波数変換設備,2022/11/29,夜間帯,逆方向,-1440,-1440,0,-600,-600,0,-2040,電圧（作業）,0,0,0,0,2022/10/20 17:05:04
月間,202209,策定,周波数変換設備,2022/11/30,昼間帯,順方向,1500,1500,0,600,600,0,2100,熱容量,0,0,0,0,2022/09/20 17:05:04
月間,202209,策定,周波数変換設備,2022/11/30,昼間帯,逆方向,-1440,-1440,0,-600,-600,0,-2040,熱容量,0,0,0,0,2022/09/20 17:05:04
月間,202209,策定,周波数変換設備,2022/11/30,夜間帯,順方向,1500,1500,0,600,600,0,2100,熱容量,0,0,0,0,2022/09/20 17:05:04
月間,202209,策定,周波数変換設備,2022/11/30,夜間帯,逆方向,-1440,-1440,0,-600,-600,0,-2040,熱容量,0,0,0,0,2022/09/20 17:05:04
月間,202210,策定,周波数変換設備,2022/11/30,昼間帯,順方向,1500,1500,0,600,600,0,2100,熱容量,0,0,0,0,2022/10/20 17:05:04
月間,202210,策定,周波数変換設備,2022/11/30,昼間帯,逆方向,-1440,-1440,0,-600,-600,0,-2040,電圧（作業）,0,0,0,0,2022/10/20 17:05:04
月間,202210,策定,周波数変換設備,2022/11/30,夜間帯,順方向,1500,1500,0,600,600,0,2100,熱容量,0,0,0,0,2022/10/20 17:05:04
月間,202210,策定,周波数変換設備,2022/11/30,夜間帯,逆方向,-1440,-1440,0,-600,-600,0,-2040,電圧（作業）,0,0,0,0,2022/10/20 17:05:04
月間,202210,策定,周波数変換設備,2022/12/01,昼間帯,順方向,1500,1500,0,600,600,0,2100,熱容量,0,0,0,0,2022/10/20 17:05:04
月間,202210,策定,周波数変換設備,2022/12/01,昼間帯,逆方向,-1440,-1440,0,-600,-600,0,-2040,電圧（作業）,0,0,0,0,2022/10/20 17:05:04
月間,202210,策定,周波数変換設備,2022/12/01,夜間帯,順方向,1500,1500,0,600,600,0,2100,熱容量,0,0,0,0,2022/10/20 17:05:04
月間,202210,策定,周波数変換設備,2022/12/01,夜間帯,逆方向,-1440,-1440,0,-600,-600,0,-2040,電圧（作業）,0,0,0,0,2022/10/20 17:05:04
月間,202210,策定,周波数変換設備,2022/12/02,昼間帯,順方向,1500,1500,0,600,600,0,2100,熱容量,0,0,0,0,2022/10/20 17:05:04
月間,202210,策定,周波数変換設備,2022/12/02,昼間帯,逆方向,-1440,-1440,0,-600,-600,0,-2040,電圧（作業）,0,0,0,0,2022/10/20 17:05:04
月間,202210,策定,周波数変換設備,2022/12/02,夜間帯,順方向,1500,1500,0,600,600,0,2100,熱容量,0,0,0,0,2022/10/20 17:05:04
月間,202210,策定,周波数変換設備,2022/12/02,夜間帯,逆方向,-1440,-1440,0,-600,-600,0,-2040,電圧（作業）,0,0,0,0,2022/10/20 17:05:04
月間,202210,策定,周波数変換設備,2022/12/03,昼間帯,順方向,1500,1500,0,600,600,0,2100,熱容量,0,0,0,0,2022/10/20 17:05:04
月間,202210,策定,周波数変換設備,2022/12/03,昼間帯,逆方向,-1440,-1440,0,-600,-600,0,-2040,電圧（作業）,0,0,0,0,2022/10/20 17:05:04
月間,202210,策定,周波数変換設備,2022/12/03,夜間帯,順方向,1500,1500,0,600,600,0,2100,熱容量,0,0,0,0,2022/10/20 17:05:04
月間,202210,策定,周波数変換設備,2022/12/03,夜間帯,逆方向,-1440,-1440,0,-600,-600,0,-2040,電圧（作業）,0,0,0,0,2022/10/20 17:05:04
月間,202211,策定,周波数変換設備,2022/12/03,昼間帯,順方向,1500,1500,0,600,600,0,2100,熱容量,0,0,0,0,2022/11/18 17:05:04
月間,202211,策定,周波数変換設備,2022/12/03,昼間帯,逆方向,-1440,-1440,0,-600,-600,0,-2040,電圧（作業）,0,0,0,0,2022/11/18 17:05:04
月間,202211,策定,周波数変換設備,2022/12/03,夜間帯,順方向,1500,1500,0,600,600,0,2100,熱容量,0,0,0,0,2022/11/18 17:05:04
月間,202211,策定,周波数変換設備,2022/12/03,夜間帯,逆方向,-1440,-1440,0,-600,-600,0,-2040,電圧（作業）,0,0,0,0,2022/11/18 17:05:04
月間,202210,策定,周波数変換設備,2022/12/04,昼間帯,順方向,1500,1500,0,600,600,0,2100,熱容量,0,0,0,0,2022/10/20 17:05:04
月間,202210,策定,周波数変換設備,2022/12/04,昼間帯,逆方向,-1440,-1440,0,-600,-600,0,-2040,電圧（作業）,0,0,0,0,2022/10/20 17:05:04
月間,202210,策定,周波数変換設備,2022/12/04,夜間帯,順方向,1500,1500,0,600,600,0,2100,熱容量,0,0,0,0,2022/10/20 17:05:04
月間,202210,策定,周波数変換設備,2022/12/04,夜間帯,逆方向,-1440,-1440,0,-600,-600,0,-2040,電圧（作業）,0,0,0,0,2022/10/20 17:05:04
月間,202211,策定,周波数変換設備,2022/12/04,昼間帯,順方向,1500,1500,0,600,600,0,2100,熱容量,0,0,0,0,2022/11/18 17:05:04
月間,202211,策定,周波数変換設備,2022/12/04,昼間帯,逆方向,-1440,-1440,0,-600,-600,0,-2040,電圧（作業）,0,0,0,0,2022/11/18 17:05:04
月間,202211,策定,周波数変換設備,2022/12/04,夜間帯,順方向,1500,1500,0,600,600,0,2100,熱容量,0,0,0,0,2022/11/18 17:05:04
月間,202211,策定,周波数変換設備,2022/12/04,夜間帯,逆方向,-1440,-1440,0,-600,-600,0,-2040,電圧（作業）,0,0,0,0,2022/11/18 17:05:04
月間,202210,策定,周波数変換設備,2022/12/05,昼間帯,順方向,1500,1500,0,600,600,0,2100,熱容量,0,0,0,0,2022/10/20 17:05:04
月間,202210,策定,周波数変換設備,2022/12/05,昼間帯,逆方向,-1440,-1440,0,-600,-600,0,-2040,電圧（作業）,0,0,0,0,2022/10/20 17:05:04
月間,202210,策定,周波数変換設備,2022/12/05,夜間帯,順方向,1500,1500,0,600,600,0,2100,熱容量,0,0,0,0,2022/10/20 17:05:04
月間,202210,策定,周波数変換設備,2022/12/05,夜間帯,逆方向,-1440,-1440,0,-600,-600,0,-2040,電圧（作業）,0,0,0,0,2022/10/20 17:05:04
月間,202211,策定,周波数変換設備,2022/12/05,昼間帯,順方向,1500,1500,0,600,600,0,2100,熱容量,0,0,0,0,2022/11/18 17:05:04
月間,202211,策定,周波数変換設備,2022/12/05,昼間帯,逆方向,-1440,-1440,0,-600,-600,0,-2040,電圧（作業）,0,0,0,0,2022/11/18 17:05:04
月間,202211,策定,周波数変換設備,2022/12/05,夜間帯,順方向,1500,1500,0,600,600,0,2100,熱容量,0,0,0,0,2022/11/18 17:05:04
月間,202211,策定,周波数変換設備,2022/12/05,夜間帯,逆方向,-1440,-1440,0,-600,-600,0,-2040,電圧（作業）,0,0,0,0,2022/11/18 17:05:04
月間,202210,策定,周波数変換設備,2022/12/06,昼間帯,順方向,1500,1500,0,600,600,0,2100,熱容量,0,0,0,0,2022/10/20 17:05:04
月間,202210,策定,周波数変換設備,2022/12/06,昼間帯,逆方向,-1440,-1440,0,-600,-600,0,-2040,電圧（作業）,0,0,0,0,2022/10/20 17:05:04
月間,202210,策定,周波数変換設備,2022/12/06,夜間帯,順方向,1500,1500,0,600,600,0,2100,熱容量,0,0,0,0,2022/10/20 17:05:04
月間,202210,策定,周波数変換設備,2022/12/06,夜間帯,逆方向,-1440,-1440,0,-600,-600,0,-2040,電圧（作業）,0,0,0,0,2022/10/20 17:05:04
月間,202211,策定,周波数変換設備,2022/12/06,昼間帯,順方向,1500,1500,0,600,600,0,2100,熱容量,0,0,0,0,2022/11/18 17:05:04
月間,202211,策定,周波数変換設備,2022/12/06,昼間帯,逆方向,-1440,-1440,0,-600,-600,0,-2040,電圧（作業）,0,0,0,0,2022/11/18 17:05:04
月間,202211,策定,周波数変換設備,2022/12/06,夜間帯,順方向,1500,1500,0,600,600,0,2100,熱容量,0,0,0,0,2022/11/18 17:05:04
月間,202211,策定,周波数変換設備,2022/12/06,夜間帯,逆方向,-1440,-1440,0,-600,-600,0,-2040,電圧（作業）,0,0,0,0,2022/11/18 17:05:04
月間,202210,策定,周波数変換設備,2022/12/07,昼間帯,順方向,1500,1500,0,600,600,0,2100,熱容量,0,0,0,0,2022/10/20 17:05:04
月間,202210,策定,周波数変換設備,2022/12/07,昼間帯,逆方向,-1440,-1440,0,-600,-600,0,-2040,電圧（作業）,0,0,0,0,2022/10/20 17:05:04
月間,202210,策定,周波数変換設備,2022/12/07,夜間帯,順方向,1500,1500,0,600,600,0,2100,熱容量,0,0,0,0,2022/10/20 17:05:04
月間,202210,策定,周波数変換設備,2022/12/07,夜間帯,逆方向,-1440,-1440,0,-600,-600,0,-2040,電圧（作業）,0,0,0,0,2022/10/20 17:05:04
月間,202211,策定,周波数変換設備,2022/12/07,昼間帯,順方向,1500,1500,0,600,600,0,2100,熱容量,0,0,0,0,2022/11/18 17:05:04
月間,202211,策定,周波数変換設備,2022/12/07,昼間帯,逆方向,-1440,-1440,0,-600,-600,0,-2040,電圧（作業）,0,0,0,0,2022/11/18 17:05:04
月間,202211,策定,周波数変換設備,2022/12/07,夜間帯,順方向,1500,1500,0,600,600,0,2100,熱容量,0,0,0,0,2022/11/18 17:05:04
月間,202211,策定,周波数変換設備,2022/12/07,夜間帯,逆方向,-1440,-1440,0,-600,-600,0,-2040,電圧（作業）,0,0,0,0,2022/11/18 17:05:04
月間,202210,策定,周波数変換設備,2022/12/08,昼間帯,順方向,1500,1500,0,600,600,0,2100,熱容量,0,0,0,0,2022/10/20 17:05:04
月間,202210,策定,周波数変換設備,2022/12/08,昼間帯,逆方向,-1440,-1440,0,-600,-600,0,-2040,電圧（作業）,0,0,0,0,2022/10/20 17:05:04
月間,202210,策定,周波数変換設備,2022/12/08,夜間帯,順方向,1500,1500,0,600,600,0,2100,熱容量,0,0,0,0,2022/10/20 17:05:04
月間,202210,策定,周波数変換設備,2022/12/08,夜間帯,逆方向,-1440,-1440,0,-600,-600,0,-2040,電圧（作業）,0,0,0,0,2022/10/20 17:05:04
月間,202211,策定,周波数変換設備,2022/12/08,昼間帯,順方向,1500,1500,0,600,600,0,2100,熱容量,0,0,0,0,2022/11/18 17:05:04
月間,202211,策定,周波数変換設備,2022/12/08,昼間帯,逆方向,-1440,-1440,0,-600,-600,0,-2040,電圧（作業）,0,0,0,0,2022/11/18 17:05:04
月間,202211,策定,周波数変換設備,2022/12/08,夜間帯,順方向,1500,1500,0,600,600,0,2100,熱容量,0,0,0,0,2022/11/18 17:05:04
月間,202211,策定,周波数変換設備,2022/12/08,夜間帯,逆方向,-1440,-1440,0,-600,-600,0,-2040,電圧（作業）,0,0,0,0,2022/11/18 17:05:04
月間,202210,策定,周波数変換設備,2022/12/09,昼間帯,順方向,1500,1500,0,600,600,0,2100,熱容量,0,0,0,0,2022/10/20 17:05:04
月間,202210,策定,周波数変換設備,2022/12/09,昼間帯,逆方向,-1440,-1440,0,-600,-600,0,-2040,電圧（作業）,0,0,0,0,2022/10/20 17:05:04
月間,202210,策定,周波数変換設備,2022/12/09,夜間帯,順方向,1500,1500,0,600,600,0,2100,熱容量,0,0,0,0,2022/10/20 17:05:04
月間,202210,策定,周波数変換設備,2022/12/09,夜間帯,逆方向,-1440,-1440,0,-600,-600,0,-2040,電圧（作業）,0,0,0,0,2022/10/20 17:05:04
月間,202211,策定,周波数変換設備,2022/12/09,昼間帯,順方向,1500,1500,0,600,600,0,2100,熱容量,0,0,0,0,2022/11/18 17:05:04
月間,202211,策定,周波数変換設備,2022/12/09,昼間帯,逆方向,-1440,-1440,0,-600,-600,0,-2040,電圧（作業）,0,0,0,0,2022/11/18 17:05:04
月間,202211,策定,周波数変換設備,2022/12/09,夜間帯,順方向,1500,1500,0,600,600,0,2100,熱容量,0,0,0,0,2022/11/18 17:05:04
月間,202211,策定,周波数変換設備,2022/12/09,夜間帯,逆方向,-1440,-1440,0,-600,-600,0,-2040,電圧（作業）,0,0,0,0,2022/11/18 17:05:04
月間,202210,策定,周波数変換設備,2022/12/10,昼間帯,順方向,1500,1500,0,600,600,0,2100,熱容量,0,0,0,0,2022/10/20 17:05:04
月間,202210,策定,周波数変換設備,2022/12/10,昼間帯,逆方向,-1440,-1440,0,-600,-600,0,-2040,電圧（作業）,0,0,0,0,2022/10/20 17:05:04
月間,202210,策定,周波数変換設備,2022/12/10,夜間帯,順方向,1500,1500,0,600,600,0,2100,熱容量,0,0,0,0,2022/10/20 17:05:04
月間,202210,策定,周波数変換設備,2022/12/10,夜間帯,逆方向,-1440,-1440,0,-600,-600,0,-2040,電圧（作業）,0,0,0,0,2022/10/20 17:05:04
月間,202211,策定,周波数変換設備,2022/12/10,昼間帯,順方向,1500,1500,0,600,600,0,2100,熱容量,0,0,0,0,2022/11/18 17:05:04
月間,202211,策定,周波数変換設備,2022/12/10,昼間帯,逆方向,-1440,-1440,0,-600,-600,0,-2040,電圧（作業）,0,0,0,0,2022/11/18 17:05:04
月間,202211,策定,周波数変換設備,2022/12/10,夜間帯,順方向,1500,1500,0,600,600,0,2100,熱容量,0,0,0,0,2022/11/18 17:05:04
月間,202211,策定,周波数変換設備,2022/12/10,夜間帯,逆方向,-1440,-1440,0,-600,-600,0,-2040,電圧（作業）,0,0,0,0,2022/11/18 17:05:04
月間,202210,策定,周波数変換設備,2022/12/11,昼間帯,順方向,1500,1500,0,600,600,0,2100,熱容量,0,0,0,0,2022/10/20 17:05:04
月間,202210,策定,周波数変換設備,2022/12/11,昼間帯,逆方向,-1500,-1500,0,-600,-600,0,-2100,熱容量,0,0,0,0,2022/10/20 17:05:04
月間,202210,策定,周波数変換設備,2022/12/11,夜間帯,順方向,1500,1500,0,600,600,0,2100,熱容量,0,0,0,0,2022/10/20 17:05:04
月間,202210,策定,周波数変換設備,2022/12/11,夜間帯,逆方向,-1500,-1500,0,-600,-600,0,-2100,熱容量,0,0,0,0,2022/10/20 17:05:04
月間,202211,策定,周波数変換設備,2022/12/11,昼間帯,順方向,1500,1500,0,600,600,0,2100,熱容量,0,0,0,0,2022/11/18 17:05:04
月間,202211,策定,周波数変換設備,2022/12/11,昼間帯,逆方向,-1500,-1500,0,-600,-600,0,-2100,熱容量,0,0,0,0,2022/11/18 17:05:04
月間,202211,策定,周波数変換設備,2022/12/11,夜間帯,順方向,1500,1500,0,600,600,0,2100,熱容量,0,0,0,0,2022/11/18 17:05:04
月間,202211,策定,周波数変換設備,2022/12/11,夜間帯,逆方向,-1500,-1500,0,-600,-600,0,-2100,熱容量,0,0,0,0,2022/11/18 17:05:04
月間,202210,策定,周波数変換設備,2022/12/12,昼間帯,順方向,1500,1500,0,600,600,0,2100,熱容量,0,0,0,0,2022/10/20 17:05:04
月間,202210,策定,周波数変換設備,2022/12/12,昼間帯,逆方向,-1500,-1500,0,-600,-600,0,-2100,熱容量,0,0,0,0,2022/10/20 17:05:04
月間,202210,策定,周波数変換設備,2022/12/12,夜間帯,順方向,1500,1500,0,600,600,0,2100,熱容量,0,0,0,0,2022/10/20 17:05:04
月間,202210,策定,周波数変換設備,2022/12/12,夜間帯,逆方向,-1500,-1500,0,-600,-600,0,-2100,熱容量,0,0,0,0,2022/10/20 17:05:04
月間,202211,策定,周波数変換設備,2022/12/12,昼間帯,順方向,1500,1500,0,600,600,0,2100,熱容量,0,0,0,0,2022/11/18 17:05:04
月間,202211,策定,周波数変換設備,2022/12/12,昼間帯,逆方向,-1500,-1500,0,-600,-600,0,-2100,熱容量,0,0,0,0,2022/11/18 17:05:04
月間,202211,策定,周波数変換設備,2022/12/12,夜間帯,順方向,1500,1500,0,600,600,0,2100,熱容量,0,0,0,0,2022/11/18 17:05:04
月間,202211,策定,周波数変換設備,2022/12/12,夜間帯,逆方向,-1500,-1500,0,-600,-600,0,-2100,熱容量,0,0,0,0,2022/11/18 17:05:04
月間,202210,策定,周波数変換設備,2022/12/13,昼間帯,順方向,1500,1500,0,600,600,0,2100,熱容量,0,0,0,0,2022/10/20 17:05:04
月間,202210,策定,周波数変換設備,2022/12/13,昼間帯,逆方向,-1500,-1500,0,-600,-600,0,-2100,熱容量,0,0,0,0,2022/10/20 17:05:04
月間,202210,策定,周波数変換設備,2022/12/13,夜間帯,順方向,1500,1500,0,600,600,0,2100,熱容量,0,0,0,0,2022/10/20 17:05:04
月間,202210,策定,周波数変換設備,2022/12/13,夜間帯,逆方向,-1500,-1500,0,-600,-600,0,-2100,熱容量,0,0,0,0,2022/10/20 17:05:04
月間,202211,策定,周波数変換設備,2022/12/13,昼間帯,順方向,1500,1500,0,600,600,0,2100,熱容量,0,0,0,0,2022/11/18 17:05:04
月間,202211,策定,周波数変換設備,2022/12/13,昼間帯,逆方向,-1500,-1500,0,-600,-600,0,-2100,熱容量,0,0,0,0,2022/11/18 17:05:04
月間,202211,策定,周波数変換設備,2022/12/13,夜間帯,順方向,1500,1500,0,600,600,0,2100,熱容量,0,0,0,0,2022/11/18 17:05:04
月間,202211,策定,周波数変換設備,2022/12/13,夜間帯,逆方向,-1500,-1500,0,-600,-600,0,-2100,熱容量,0,0,0,0,2022/11/18 17:05:04
月間,202210,策定,周波数変換設備,2022/12/14,昼間帯,順方向,1500,1500,0,600,600,0,2100,熱容量,0,0,0,0,2022/10/20 17:05:04
月間,202210,策定,周波数変換設備,2022/12/14,昼間帯,逆方向,-1500,-1500,0,-600,-600,0,-2100,熱容量,0,0,0,0,2022/10/20 17:05:04
月間,202210,策定,周波数変換設備,2022/12/14,夜間帯,順方向,1500,1500,0,600,600,0,2100,熱容量,0,0,0,0,2022/10/20 17:05:04
月間,202210,策定,周波数変換設備,2022/12/14,夜間帯,逆方向,-1500,-1500,0,-600,-600,0,-2100,熱容量,0,0,0,0,2022/10/20 17:05:04
月間,202211,策定,周波数変換設備,2022/12/14,昼間帯,順方向,1500,1500,0,600,600,0,2100,熱容量,0,0,0,0,2022/11/18 17:05:04
月間,202211,策定,周波数変換設備,2022/12/14,昼間帯,逆方向,-1500,-1500,0,-600,-600,0,-2100,熱容量,0,0,0,0,2022/11/18 17:05:04
月間,202211,策定,周波数変換設備,2022/12/14,夜間帯,順方向,1500,1500,0,600,600,0,2100,熱容量,0,0,0,0,2022/11/18 17:05:04
月間,202211,策定,周波数変換設備,2022/12/14,夜間帯,逆方向,-1500,-1500,0,-600,-600,0,-2100,熱容量,0,0,0,0,2022/11/18 17:05:04
月間,202210,策定,周波数変換設備,2022/12/15,昼間帯,順方向,1500,1500,0,600,600,0,2100,熱容量,0,0,0,0,2022/10/20 17:05:04
月間,202210,策定,周波数変換設備,2022/12/15,昼間帯,逆方向,-1500,-1500,0,-600,-600,0,-2100,熱容量,0,0,0,0,2022/10/20 17:05:04
月間,202210,策定,周波数変換設備,2022/12/15,夜間帯,順方向,1500,1500,0,600,600,0,2100,熱容量,0,0,0,0,2022/10/20 17:05:04
月間,202210,策定,周波数変換設備,2022/12/15,夜間帯,逆方向,-1500,-1500,0,-600,-600,0,-2100,熱容量,0,0,0,0,2022/10/20 17:05:04
月間,202211,策定,周波数変換設備,2022/12/15,昼間帯,順方向,1500,1500,0,600,600,0,2100,熱容量,0,0,0,0,2022/11/18 17:05:04
月間,202211,策定,周波数変換設備,2022/12/15,昼間帯,逆方向,-1500,-1500,0,-600,-600,0,-2100,熱容量,0,0,0,0,2022/11/18 17:05:04
月間,202211,策定,周波数変換設備,2022/12/15,夜間帯,順方向,1500,1500,0,600,600,0,2100,熱容量,0,0,0,0,2022/11/18 17:05:04
月間,202211,策定,周波数変換設備,2022/12/15,夜間帯,逆方向,-1500,-1500,0,-600,-600,0,-2100,熱容量,0,0,0,0,2022/11/18 17:05:04
月間,202210,策定,周波数変換設備,2022/12/16,昼間帯,順方向,1500,1500,0,600,600,0,2100,熱容量,0,0,0,0,2022/10/20 17:05:04
月間,202210,策定,周波数変換設備,2022/12/16,昼間帯,逆方向,-1500,-1500,0,-600,-600,0,-2100,熱容量,0,0,0,0,2022/10/20 17:05:04
月間,202210,策定,周波数変換設備,2022/12/16,夜間帯,順方向,1500,1500,0,600,600,0,2100,熱容量,0,0,0,0,2022/10/20 17:05:04
月間,202210,策定,周波数変換設備,2022/12/16,夜間帯,逆方向,-1500,-1500,0,-600,-600,0,-2100,熱容量,0,0,0,0,2022/10/20 17:05:04
月間,202211,策定,周波数変換設備,2022/12/16,昼間帯,順方向,1500,1500,0,600,600,0,2100,熱容量,0,0,0,0,2022/11/18 17:05:04
月間,202211,策定,周波数変換設備,2022/12/16,昼間帯,逆方向,-1500,-1500,0,-600,-600,0,-2100,熱容量,0,0,0,0,2022/11/18 17:05:04
月間,202211,策定,周波数変換設備,2022/12/16,夜間帯,順方向,1500,1500,0,600,600,0,2100,熱容量,0,0,0,0,2022/11/18 17:05:04
月間,202211,策定,周波数変換設備,2022/12/16,夜間帯,逆方向,-1500,-1500,0,-600,-600,0,-2100,熱容量,0,0,0,0,2022/11/18 17:05:04
月間,202210,策定,周波数変換設備,2022/12/17,昼間帯,順方向,1500,1500,0,600,600,0,2100,熱容量,0,0,0,0,2022/10/20 17:05:04
月間,202210,策定,周波数変換設備,2022/12/17,昼間帯,逆方向,-1500,-1500,0,-600,-600,0,-2100,熱容量,0,0,0,0,2022/10/20 17:05:04
月間,202210,策定,周波数変換設備,2022/12/17,夜間帯,順方向,1500,1500,0,600,600,0,2100,熱容量,0,0,0,0,2022/10/20 17:05:04
月間,202210,策定,周波数変換設備,2022/12/17,夜間帯,逆方向,-1500,-1500,0,-600,-600,0,-2100,熱容量,0,0,0,0,2022/10/20 17:05:04
月間,202211,策定,周波数変換設備,2022/12/17,昼間帯,順方向,1500,1500,0,600,600,0,2100,熱容量,0,0,0,0,2022/11/18 17:05:04
月間,202211,策定,周波数変換設備,2022/12/17,昼間帯,逆方向,-1500,-1500,0,-600,-600,0,-2100,熱容量,0,0,0,0,2022/11/18 17:05:04
月間,202211,策定,周波数変換設備,2022/12/17,夜間帯,順方向,1500,1500,0,600,600,0,2100,熱容量,0,0,0,0,2022/11/18 17:05:04
月間,202211,策定,周波数変換設備,2022/12/17,夜間帯,逆方向,-1500,-1500,0,-600,-600,0,-2100,熱容量,0,0,0,0,2022/11/18 17:05:04
月間,202210,策定,周波数変換設備,2022/12/18,昼間帯,順方向,1500,1500,0,600,600,0,2100,熱容量,0,0,0,0,2022/10/20 17:05:04
月間,202210,策定,周波数変換設備,2022/12/18,昼間帯,逆方向,-1500,-1500,0,-600,-600,0,-2100,熱容量,0,0,0,0,2022/10/20 17:05:04
月間,202210,策定,周波数変換設備,2022/12/18,夜間帯,順方向,1500,1500,0,600,600,0,2100,熱容量,0,0,0,0,2022/10/20 17:05:04
月間,202210,策定,周波数変換設備,2022/12/18,夜間帯,逆方向,-1500,-1500,0,-600,-600,0,-2100,熱容量,0,0,0,0,2022/10/20 17:05:04
月間,202211,策定,周波数変換設備,2022/12/18,昼間帯,順方向,1500,1500,0,600,600,0,2100,熱容量,0,0,0,0,2022/11/18 17:05:04
月間,202211,策定,周波数変換設備,2022/12/18,昼間帯,逆方向,-1500,-1500,0,-600,-600,0,-2100,熱容量,0,0,0,0,2022/11/18 17:05:04
月間,202211,策定,周波数変換設備,2022/12/18,夜間帯,順方向,1500,1500,0,600,600,0,2100,熱容量,0,0,0,0,2022/11/18 17:05:04
月間,202211,策定,周波数変換設備,2022/12/18,夜間帯,逆方向,-1500,-1500,0,-600,-600,0,-2100,熱容量,0,0,0,0,2022/11/18 17:05:04
月間,202210,策定,周波数変換設備,2022/12/19,昼間帯,順方向,1500,1500,0,600,600,0,2100,熱容量,0,0,0,0,2022/10/20 17:05:04
月間,202210,策定,周波数変換設備,2022/12/19,昼間帯,逆方向,-1500,-1500,0,-600,-600,0,-2100,熱容量,0,0,0,0,2022/10/20 17:05:04
月間,202210,策定,周波数変換設備,2022/12/19,夜間帯,順方向,1500,1500,0,600,600,0,2100,熱容量,0,0,0,0,2022/10/20 17:05:04
月間,202210,策定,周波数変換設備,2022/12/19,夜間帯,逆方向,-1500,-1500,0,-600,-600,0,-2100,熱容量,0,0,0,0,2022/10/20 17:05:04
月間,202211,策定,周波数変換設備,2022/12/19,昼間帯,順方向,1500,1500,0,600,600,0,2100,熱容量,0,0,0,0,2022/11/18 17:05:04
月間,202211,策定,周波数変換設備,2022/12/19,昼間帯,逆方向,-1500,-1500,0,-600,-600,0,-2100,熱容量,0,0,0,0,2022/11/18 17:05:04
月間,202211,策定,周波数変換設備,2022/12/19,夜間帯,順方向,1500,1500,0,600,600,0,2100,熱容量,0,0,0,0,2022/11/18 17:05:04
月間,202211,策定,周波数変換設備,2022/12/19,夜間帯,逆方向,-1500,-1500,0,-600,-600,0,-2100,熱容量,0,0,0,0,2022/11/18 17:05:04
月間,202210,策定,周波数変換設備,2022/12/20,昼間帯,順方向,1500,1500,0,600,600,0,2100,熱容量,0,0,0,0,2022/10/20 17:05:04
月間,202210,策定,周波数変換設備,2022/12/20,昼間帯,逆方向,-1500,-1500,0,-600,-600,0,-2100,熱容量,0,0,0,0,2022/10/20 17:05:04
月間,202210,策定,周波数変換設備,2022/12/20,夜間帯,順方向,1500,1500,0,600,600,0,2100,熱容量,0,0,0,0,2022/10/20 17:05:04
月間,202210,策定,周波数変換設備,2022/12/20,夜間帯,逆方向,-1500,-1500,0,-600,-600,0,-2100,熱容量,0,0,0,0,2022/10/20 17:05:04
月間,202211,策定,周波数変換設備,2022/12/20,昼間帯,順方向,1500,1500,0,600,600,0,2100,熱容量,0,0,0,0,2022/11/18 17:05:04
月間,202211,策定,周波数変換設備,2022/12/20,昼間帯,逆方向,-1500,-1500,0,-600,-600,0,-2100,熱容量,0,0,0,0,2022/11/18 17:05:04
月間,202211,策定,周波数変換設備,2022/12/20,夜間帯,順方向,1500,1500,0,600,600,0,2100,熱容量,0,0,0,0,2022/11/18 17:05:04
月間,202211,策定,周波数変換設備,2022/12/20,夜間帯,逆方向,-1500,-1500,0,-600,-600,0,-2100,熱容量,0,0,0,0,2022/11/18 17:05:04
月間,202210,策定,周波数変換設備,2022/12/21,昼間帯,順方向,1500,1500,0,600,600,0,2100,熱容量,0,0,0,0,2022/10/20 17:05:04
月間,202210,策定,周波数変換設備,2022/12/21,昼間帯,逆方向,-1500,-1500,0,-600,-600,0,-2100,熱容量,0,0,0,0,2022/10/20 17:05:04
月間,202210,策定,周波数変換設備,2022/12/21,夜間帯,順方向,1500,1500,0,600,600,0,2100,熱容量,0,0,0,0,2022/10/20 17:05:04
月間,202210,策定,周波数変換設備,2022/12/21,夜間帯,逆方向,-1500,-1500,0,-600,-600,0,-2100,熱容量,0,0,0,0,2022/10/20 17:05:04
月間,202211,策定,周波数変換設備,2022/12/21,昼間帯,順方向,1500,1500,0,600,600,0,2100,熱容量,0,0,0,0,2022/11/18 17:05:04
月間,202211,策定,周波数変換設備,2022/12/21,昼間帯,逆方向,-1500,-1500,0,-600,-600,0,-2100,熱容量,0,0,0,0,2022/11/18 17:05:04
月間,202211,策定,周波数変換設備,2022/12/21,夜間帯,順方向,1500,1500,0,600,600,0,2100,熱容量,0,0,0,0,2022/11/18 17:05:04
月間,202211,策定,周波数変換設備,2022/12/21,夜間帯,逆方向,-1500,-1500,0,-600,-600,0,-2100,熱容量,0,0,0,0,2022/11/18 17:05:04
月間,202210,策定,周波数変換設備,2022/12/22,昼間帯,順方向,1500,1500,0,600,600,0,2100,熱容量,0,0,0,0,2022/10/20 17:05:04
月間,202210,策定,周波数変換設備,2022/12/22,昼間帯,逆方向,-1500,-1500,0,-600,-600,0,-2100,熱容量,0,0,0,0,2022/10/20 17:05:04
月間,202210,策定,周波数変換設備,2022/12/22,夜間帯,順方向,1500,1500,0,600,600,0,2100,熱容量,0,0,0,0,2022/10/20 17:05:04
月間,202210,策定,周波数変換設備,2022/12/22,夜間帯,逆方向,-1500,-1500,0,-600,-600,0,-2100,熱容量,0,0,0,0,2022/10/20 17:05:04
月間,202211,策定,周波数変換設備,2022/12/22,昼間帯,順方向,1500,1500,0,600,600,0,2100,熱容量,0,0,0,0,2022/11/18 17:05:04
月間,202211,策定,周波数変換設備,2022/12/22,昼間帯,逆方向,-1500,-1500,0,-600,-600,0,-2100,熱容量,0,0,0,0,2022/11/18 17:05:04
月間,202211,策定,周波数変換設備,2022/12/22,夜間帯,順方向,1500,1500,0,600,600,0,2100,熱容量,0,0,0,0,2022/11/18 17:05:04
月間,202211,策定,周波数変換設備,2022/12/22,夜間帯,逆方向,-1500,-1500,0,-600,-600,0,-2100,熱容量,0,0,0,0,2022/11/18 17:05:04
月間,202210,策定,周波数変換設備,2022/12/23,昼間帯,順方向,1500,1500,0,600,600,0,2100,熱容量,0,0,0,0,2022/10/20 17:05:04
月間,202210,策定,周波数変換設備,2022/12/23,昼間帯,逆方向,-1500,-1500,0,-600,-600,0,-2100,熱容量,0,0,0,0,2022/10/20 17:05:04
月間,202210,策定,周波数変換設備,2022/12/23,夜間帯,順方向,1500,1500,0,600,600,0,2100,熱容量,0,0,0,0,2022/10/20 17:05:04
月間,202210,策定,周波数変換設備,2022/12/23,夜間帯,逆方向,-1500,-1500,0,-600,-600,0,-2100,熱容量,0,0,0,0,2022/10/20 17:05:04
月間,202211,策定,周波数変換設備,2022/12/23,昼間帯,順方向,1500,1500,0,600,600,0,2100,熱容量,0,0,0,0,2022/11/18 17:05:04
月間,202211,策定,周波数変換設備,2022/12/23,昼間帯,逆方向,-1500,-1500,0,-600,-600,0,-2100,熱容量,0,0,0,0,2022/11/18 17:05:04
月間,202211,策定,周波数変換設備,2022/12/23,夜間帯,順方向,1500,1500,0,600,600,0,2100,熱容量,0,0,0,0,2022/11/18 17:05:04
月間,202211,策定,周波数変換設備,2022/12/23,夜間帯,逆方向,-1500,-1500,0,-600,-600,0,-2100,熱容量,0,0,0,0,2022/11/18 17:05:04
月間,202210,策定,周波数変換設備,2022/12/24,昼間帯,順方向,1500,1500,0,600,600,0,2100,熱容量,0,0,0,0,2022/10/20 17:05:04
月間,202210,策定,周波数変換設備,2022/12/24,昼間帯,逆方向,-1500,-1500,0,-600,-600,0,-2100,熱容量,0,0,0,0,2022/10/20 17:05:04
月間,202210,策定,周波数変換設備,2022/12/24,夜間帯,順方向,1500,1500,0,600,600,0,2100,熱容量,0,0,0,0,2022/10/20 17:05:04
月間,202210,策定,周波数変換設備,2022/12/24,夜間帯,逆方向,-1500,-1500,0,-600,-600,0,-2100,熱容量,0,0,0,0,2022/10/20 17:05:04
月間,202211,策定,周波数変換設備,2022/12/24,昼間帯,順方向,1500,1500,0,600,600,0,2100,熱容量,0,0,0,0,2022/11/18 17:05:04
月間,202211,策定,周波数変換設備,2022/12/24,昼間帯,逆方向,-1500,-1500,0,-600,-600,0,-2100,熱容量,0,0,0,0,2022/11/18 17:05:04
月間,202211,策定,周波数変換設備,2022/12/24,夜間帯,順方向,1500,1500,0,600,600,0,2100,熱容量,0,0,0,0,2022/11/18 17:05:04
月間,202211,策定,周波数変換設備,2022/12/24,夜間帯,逆方向,-1500,-1500,0,-600,-600,0,-2100,熱容量,0,0,0,0,2022/11/18 17:05:04
月間,202210,策定,周波数変換設備,2022/12/25,昼間帯,順方向,1500,1500,0,600,600,0,2100,熱容量,0,0,0,0,2022/10/20 17:05:04
月間,202210,策定,周波数変換設備,2022/12/25,昼間帯,逆方向,-1500,-1500,0,-600,-600,0,-2100,熱容量,0,0,0,0,2022/10/20 17:05:04
月間,202210,策定,周波数変換設備,2022/12/25,夜間帯,順方向,1500,1500,0,600,600,0,2100,熱容量,0,0,0,0,2022/10/20 17:05:04
月間,202210,策定,周波数変換設備,2022/12/25,夜間帯,逆方向,-1500,-1500,0,-600,-600,0,-2100,熱容量,0,0,0,0,2022/10/20 17:05:04
月間,202211,策定,周波数変換設備,2022/12/25,昼間帯,順方向,1500,1500,0,600,600,0,2100,熱容量,0,0,0,0,2022/11/18 17:05:04
月間,202211,策定,周波数変換設備,2022/12/25,昼間帯,逆方向,-1500,-1500,0,-600,-600,0,-2100,熱容量,0,0,0,0,2022/11/18 17:05:04
月間,202211,策定,周波数変換設備,2022/12/25,夜間帯,順方向,1500,1500,0,600,600,0,2100,熱容量,0,0,0,0,2022/11/18 17:05:04
月間,202211,策定,周波数変換設備,2022/12/25,夜間帯,逆方向,-1500,-1500,0,-600,-600,0,-2100,熱容量,0,0,0,0,2022/11/18 17:05:04
月間,202210,策定,周波数変換設備,2022/12/26,昼間帯,順方向,1500,1500,0,600,600,0,2100,熱容量,0,0,0,0,2022/10/20 17:05:04
月間,202210,策定,周波数変換設備,2022/12/26,昼間帯,逆方向,-1500,-1500,0,-600,-600,0,-2100,熱容量,0,0,0,0,2022/10/20 17:05:04
月間,202210,策定,周波数変換設備,2022/12/26,夜間帯,順方向,1500,1500,0,600,600,0,2100,熱容量,0,0,0,0,2022/10/20 17:05:04
月間,202210,策定,周波数変換設備,2022/12/26,夜間帯,逆方向,-1500,-1500,0,-600,-600,0,-2100,熱容量,0,0,0,0,2022/10/20 17:05:04
月間,202211,策定,周波数変換設備,2022/12/26,昼間帯,順方向,1500,1500,0,600,600,0,2100,熱容量,0,0,0,0,2022/11/18 17:05:04
月間,202211,策定,周波数変換設備,2022/12/26,昼間帯,逆方向,-1500,-1500,0,-600,-600,0,-2100,熱容量,0,0,0,0,2022/11/18 17:05:04
月間,202211,策定,周波数変換設備,2022/12/26,夜間帯,順方向,1500,1500,0,600,600,0,2100,熱容量,0,0,0,0,2022/11/18 17:05:04
月間,202211,策定,周波数変換設備,2022/12/26,夜間帯,逆方向,-1500,-1500,0,-600,-600,0,-2100,熱容量,0,0,0,0,2022/11/18 17:05:04
月間,202210,策定,周波数変換設備,2022/12/27,昼間帯,順方向,1500,1500,0,600,600,0,2100,熱容量,0,0,0,0,2022/10/20 17:05:04
月間,202210,策定,周波数変換設備,2022/12/27,昼間帯,逆方向,-1500,-1500,0,-600,-600,0,-2100,熱容量,0,0,0,0,2022/10/20 17:05:04
月間,202210,策定,周波数変換設備,2022/12/27,夜間帯,順方向,1500,1500,0,600,600,0,2100,熱容量,0,0,0,0,2022/10/20 17:05:04
月間,202210,策定,周波数変換設備,2022/12/27,夜間帯,逆方向,-1500,-1500,0,-600,-600,0,-2100,熱容量,0,0,0,0,2022/10/20 17:05:04
月間,202211,策定,周波数変換設備,2022/12/27,昼間帯,順方向,1500,1500,0,600,600,0,2100,熱容量,0,0,0,0,2022/11/18 17:05:04
月間,202211,策定,周波数変換設備,2022/12/27,昼間帯,逆方向,-1500,-1500,0,-600,-600,0,-2100,熱容量,0,0,0,0,2022/11/18 17:05:04
月間,202211,策定,周波数変換設備,2022/12/27,夜間帯,順方向,1500,1500,0,600,600,0,2100,熱容量,0,0,0,0,2022/11/18 17:05:04
月間,202211,策定,周波数変換設備,2022/12/27,夜間帯,逆方向,-1500,-1500,0,-600,-600,0,-2100,熱容量,0,0,0,0,2022/11/18 17:05:04
月間,202210,策定,周波数変換設備,2022/12/28,昼間帯,順方向,1500,1500,0,600,600,0,2100,熱容量,0,0,0,0,2022/10/20 17:05:04
月間,202210,策定,周波数変換設備,2022/12/28,昼間帯,逆方向,-1500,-1500,0,-600,-600,0,-2100,熱容量,0,0,0,0,2022/10/20 17:05:04
月間,202210,策定,周波数変換設備,2022/12/28,夜間帯,順方向,1500,1500,0,600,600,0,2100,熱容量,0,0,0,0,2022/10/20 17:05:04
月間,202210,策定,周波数変換設備,2022/12/28,夜間帯,逆方向,-1500,-1500,0,-600,-600,0,-2100,熱容量,0,0,0,0,2022/10/20 17:05:04
月間,202211,策定,周波数変換設備,2022/12/28,昼間帯,順方向,1500,1500,0,600,600,0,2100,熱容量,0,0,0,0,2022/11/18 17:05:04
月間,202211,策定,周波数変換設備,2022/12/28,昼間帯,逆方向,-1500,-1500,0,-600,-600,0,-2100,熱容量,0,0,0,0,2022/11/18 17:05:04
月間,202211,策定,周波数変換設備,2022/12/28,夜間帯,順方向,1500,1500,0,600,600,0,2100,熱容量,0,0,0,0,2022/11/18 17:05:04
月間,202211,策定,周波数変換設備,2022/12/28,夜間帯,逆方向,-1500,-1500,0,-600,-600,0,-2100,熱容量,0,0,0,0,2022/11/18 17:05:04
月間,202210,策定,周波数変換設備,2022/12/29,昼間帯,順方向,1500,1500,0,600,600,0,2100,熱容量,0,0,0,0,2022/10/20 17:05:04
月間,202210,策定,周波数変換設備,2022/12/29,昼間帯,逆方向,-1500,-1500,0,-600,-600,0,-2100,熱容量,0,0,0,0,2022/10/20 17:05:04
月間,202210,策定,周波数変換設備,2022/12/29,夜間帯,順方向,1500,1500,0,600,600,0,2100,熱容量,0,0,0,0,2022/10/20 17:05:04
月間,202210,策定,周波数変換設備,2022/12/29,夜間帯,逆方向,-1500,-1500,0,-600,-600,0,-2100,熱容量,0,0,0,0,2022/10/20 17:05:04
月間,202211,策定,周波数変換設備,2022/12/29,昼間帯,順方向,1500,1500,0,600,600,0,2100,熱容量,0,0,0,0,2022/11/18 17:05:04
月間,202211,策定,周波数変換設備,2022/12/29,昼間帯,逆方向,-1500,-1500,0,-600,-600,0,-2100,熱容量,0,0,0,0,2022/11/18 17:05:04
月間,202211,策定,周波数変換設備,2022/12/29,夜間帯,順方向,1500,1500,0,600,600,0,2100,熱容量,0,0,0,0,2022/11/18 17:05:04
月間,202211,策定,周波数変換設備,2022/12/29,夜間帯,逆方向,-1500,-1500,0,-600,-600,0,-2100,熱容量,0,0,0,0,2022/11/18 17:05:04
月間,202210,策定,周波数変換設備,2022/12/30,昼間帯,順方向,1500,1500,0,600,600,0,2100,熱容量,0,0,0,0,2022/10/20 17:05:04
月間,202210,策定,周波数変換設備,2022/12/30,昼間帯,逆方向,-1500,-1500,0,-600,-600,0,-2100,熱容量,0,0,0,0,2022/10/20 17:05:04
月間,202210,策定,周波数変換設備,2022/12/30,夜間帯,順方向,1500,1500,0,600,600,0,2100,熱容量,0,0,0,0,2022/10/20 17:05:04
月間,202210,策定,周波数変換設備,2022/12/30,夜間帯,逆方向,-1500,-1500,0,-600,-600,0,-2100,熱容量,0,0,0,0,2022/10/20 17:05:04
月間,202211,策定,周波数変換設備,2022/12/30,昼間帯,順方向,1500,1500,0,600,600,0,2100,熱容量,0,0,0,0,2022/11/18 17:05:04
月間,202211,策定,周波数変換設備,2022/12/30,昼間帯,逆方向,-1500,-1500,0,-600,-600,0,-2100,熱容量,0,0,0,0,2022/11/18 17:05:04
月間,202211,策定,周波数変換設備,2022/12/30,夜間帯,順方向,1500,1500,0,600,600,0,2100,熱容量,0,0,0,0,2022/11/18 17:05:04
月間,202211,策定,周波数変換設備,2022/12/30,夜間帯,逆方向,-1500,-1500,0,-600,-600,0,-2100,熱容量,0,0,0,0,2022/11/18 17:05:04
月間,202210,策定,周波数変換設備,2022/12/31,昼間帯,順方向,1500,1500,0,600,600,0,2100,熱容量,0,0,0,0,2022/10/20 17:05:04
月間,202210,策定,周波数変換設備,2022/12/31,昼間帯,逆方向,-1500,-1500,0,-600,-600,0,-2100,熱容量,0,0,0,0,2022/10/20 17:05:04
月間,202210,策定,周波数変換設備,2022/12/31,夜間帯,順方向,1500,1500,0,600,600,0,2100,熱容量,0,0,0,0,2022/10/20 17:05:04
月間,202210,策定,周波数変換設備,2022/12/31,夜間帯,逆方向,-1500,-1500,0,-600,-600,0,-2100,熱容量,0,0,0,0,2022/10/20 17:05:04
月間,202211,策定,周波数変換設備,2022/12/31,昼間帯,順方向,1500,1500,0,600,600,0,2100,熱容量,0,0,0,0,2022/11/18 17:05:04
月間,202211,策定,周波数変換設備,2022/12/31,昼間帯,逆方向,-1500,-1500,0,-600,-600,0,-2100,熱容量,0,0,0,0,2022/11/18 17:05:04
月間,202211,策定,周波数変換設備,2022/12/31,夜間帯,順方向,1500,1500,0,600,600,0,2100,熱容量,0,0,0,0,2022/11/18 17:05:04
月間,202211,策定,周波数変換設備,2022/12/31,夜間帯,逆方向,-1500,-1500,0,-600,-600,0,-2100,熱容量,0,0,0,0,2022/11/18 17:05:04
月間,202209,策定,三重東近江線,2022/11/01,昼間帯,順方向,770,770,0,0,0,0,770,周波数,0,0,0,0,2022/09/20 17:05:04
月間,202209,策定,三重東近江線,2022/11/01,昼間帯,逆方向,-2500,-2500,0,0,0,0,-2500,周波数,0,0,0,0,2022/09/20 17:05:04
月間,202209,策定,三重東近江線,2022/11/01,夜間帯,順方向,1070,1070,0,0,0,0,1070,周波数,0,0,0,0,2022/09/20 17:05:04
月間,202209,策定,三重東近江線,2022/11/01,夜間帯,逆方向,-2000,-2000,0,0,0,0,-2000,周波数,0,0,0,0,2022/09/20 17:05:04
月間,202209,策定,三重東近江線,2022/11/02,昼間帯,順方向,770,770,0,0,0,0,770,周波数,0,0,0,0,2022/09/20 17:05:04
月間,202209,策定,三重東近江線,2022/11/02,昼間帯,逆方向,-2500,-2500,0,0,0,0,-2500,周波数,0,0,0,0,2022/09/20 17:05:04
月間,202209,策定,三重東近江線,2022/11/02,夜間帯,順方向,1070,1070,0,0,0,0,1070,周波数,0,0,0,0,2022/09/20 17:05:04
月間,202209,策定,三重東近江線,2022/11/02,夜間帯,逆方向,-2000,-2000,0,0,0,0,-2000,周波数,0,0,0,0,2022/09/20 17:05:04
月間,202209,策定,三重東近江線,2022/11/03,昼間帯,順方向,470,470,0,0,0,0,470,周波数,0,0,0,0,2022/09/20 17:05:04
月間,202209,策定,三重東近江線,2022/11/03,昼間帯,逆方向,-2000,-2000,0,0,0,0,-2000,周波数,0,0,0,0,2022/09/20 17:05:04
月間,202209,策定,三重東近江線,2022/11/03,夜間帯,順方向,870,870,0,0,0,0,870,周波数,0,0,0,0,2022/09/20 17:05:04
月間,202209,策定,三重東近江線,2022/11/03,夜間帯,逆方向,-2000,-2000,0,0,0,0,-2000,周波数,0,0,0,0,2022/09/20 17:05:04
月間,202209,策定,三重東近江線,2022/11/04,昼間帯,順方向,770,770,0,0,0,0,770,周波数,0,0,0,0,2022/09/20 17:05:04
月間,202209,策定,三重東近江線,2022/11/04,昼間帯,逆方向,-2500,-2500,0,0,0,0,-2500,周波数,0,0,0,0,2022/09/20 17:05:04
月間,202209,策定,三重東近江線,2022/11/04,夜間帯,順方向,870,870,0,0,0,0,870,周波数,0,0,0,0,2022/09/20 17:05:04
月間,202209,策定,三重東近江線,2022/11/04,夜間帯,逆方向,-2000,-2000,0,0,0,0,-2000,周波数,0,0,0,0,2022/09/20 17:05:04
月間,202209,策定,三重東近江線,2022/11/05,昼間帯,順方向,470,470,0,0,0,0,470,周波数,0,0,0,0,2022/09/20 17:05:04
月間,202209,策定,三重東近江線,2022/11/05,昼間帯,逆方向,-2500,-2500,0,0,0,0,-2500,周波数,0,0,0,0,2022/09/20 17:05:04
月間,202209,策定,三重東近江線,2022/11/05,夜間帯,順方向,870,870,0,0,0,0,870,周波数,0,0,0,0,2022/09/20 17:05:04
月間,202209,策定,三重東近江線,2022/11/05,夜間帯,逆方向,-2000,-2000,0,0,0,0,-2000,周波数,0,0,0,0,2022/09/20 17:05:04
月間,202210,策定,三重東近江線,2022/11/05,昼間帯,順方向,470,470,0,0,0,0,470,周波数,0,0,0,0,2022/10/20 17:05:04
月間,202210,策定,三重東近江線,2022/11/05,昼間帯,逆方向,-2500,-2500,0,0,0,0,-2500,周波数,0,0,0,0,2022/10/20 17:05:04
月間,202210,策定,三重東近江線,2022/11/05,夜間帯,順方向,870,870,0,0,0,0,870,周波数,0,0,0,0,2022/10/20 17:05:04
月間,202210,策定,三重東近江線,2022/11/05,夜間帯,逆方向,-2000,-2000,0,0,0,0,-2000,周波数,0,0,0,0,2022/10/20 17:05:04
月間,202209,策定,三重東近江線,2022/11/06,昼間帯,順方向,470,470,0,0,0,0,470,周波数,0,0,0,0,2022/09/20 17:05:04
月間,202209,策定,三重東近江線,2022/11/06,昼間帯,逆方向,-2000,-2000,0,0,0,0,-2000,周波数,0,0,0,0,2022/09/20 17:05:04
月間,202209,策定,三重東近江線,2022/11/06,夜間帯,順方向,870,870,0,0,0,0,870,周波数,0,0,0,0,2022/09/20 17:05:04
月間,202209,策定,三重東近江線,2022/11/06,夜間帯,逆方向,-2000,-2000,0,0,0,0,-2000,周波数,0,0,0,0,2022/09/20 17:05:04
月間,202210,策定,三重東近江線,2022/11/06,昼間帯,順方向,470,470,0,0,0,0,470,周波数,0,0,0,0,2022/10/20 17:05:04
月間,202210,策定,三重東近江線,2022/11/06,昼間帯,逆方向,-2000,-2000,0,0,0,0,-2000,周波数,0,0,0,0,2022/10/20 17:05:04
月間,202210,策定,三重東近江線,2022/11/06,夜間帯,順方向,870,870,0,0,0,0,870,周波数,0,0,0,0,2022/10/20 17:05:04
月間,202210,策定,三重東近江線,2022/11/06,夜間帯,逆方向,-2000,-2000,0,0,0,0,-2000,周波数,0,0,0,0,2022/10/20 17:05:04
月間,202209,策定,三重東近江線,2022/11/07,昼間帯,順方向,770,770,0,0,0,0,770,周波数,0,0,0,0,2022/09/20 17:05:04
月間,202209,策定,三重東近江線,2022/11/07,昼間帯,逆方向,-2500,-2500,0,0,0,0,-2500,周波数,0,0,0,0,2022/09/20 17:05:04
月間,202209,策定,三重東近江線,2022/11/07,夜間帯,順方向,870,870,0,0,0,0,870,周波数,0,0,0,0,2022/09/20 17:05:04
月間,202209,策定,三重東近江線,2022/11/07,夜間帯,逆方向,-2000,-2000,0,0,0,0,-2000,周波数,0,0,0,0,2022/09/20 17:05:04
月間,202210,策定,三重東近江線,2022/11/07,昼間帯,順方向,770,770,0,0,0,0,770,周波数,0,0,0,0,2022/10/20 17:05:04
月間,202210,策定,三重東近江線,2022/11/07,昼間帯,逆方向,-2500,-2500,0,0,0,0,-2500,周波数,0,0,0,0,2022/10/20 17:05:04
月間,202210,策定,三重東近江線,2022/11/07,夜間帯,順方向,870,870,0,0,0,0,870,周波数,0,0,0,0,2022/10/20 17:05:04
月間,202210,策定,三重東近江線,2022/11/07,夜間帯,逆方向,-2000,-2000,0,0,0,0,-2000,周波数,0,0,0,0,2022/10/20 17:05:04
月間,202209,策定,三重東近江線,2022/11/08,昼間帯,順方向,770,770,0,0,0,0,770,周波数,0,0,0,0,2022/09/20 17:05:04
月間,202209,策定,三重東近江線,2022/11/08,昼間帯,逆方向,-2500,-2500,0,0,0,0,-2500,周波数,0,0,0,0,2022/09/20 17:05:04
月間,202209,策定,三重東近江線,2022/11/08,夜間帯,順方向,1070,1070,0,0,0,0,1070,周波数,0,0,0,0,2022/09/20 17:05:04
月間,202209,策定,三重東近江線,2022/11/08,夜間帯,逆方向,-2000,-2000,0,0,0,0,-2000,周波数,0,0,0,0,2022/09/20 17:05:04
月間,202210,策定,三重東近江線,2022/11/08,昼間帯,順方向,770,770,0,0,0,0,770,周波数,0,0,0,0,2022/10/20 17:05:04
月間,202210,策定,三重東近江線,2022/11/08,昼間帯,逆方向,-2500,-2500,0,0,0,0,-2500,周波数,0,0,0,0,2022/10/20 17:05:04
月間,202210,策定,三重東近江線,2022/11/08,夜間帯,順方向,1070,1070,0,0,0,0,1070,周波数,0,0,0,0,2022/10/20 17:05:04
月間,202210,策定,三重東近江線,2022/11/08,夜間帯,逆方向,-2000,-2000,0,0,0,0,-2000,周波数,0,0,0,0,2022/10/20 17:05:04
月間,202209,策定,三重東近江線,2022/11/09,昼間帯,順方向,770,770,0,0,0,0,770,周波数,0,0,0,0,2022/09/20 17:05:04
月間,202209,策定,三重東近江線,2022/11/09,昼間帯,逆方向,-2500,-2500,0,0,0,0,-2500,周波数,0,0,0,0,2022/09/20 17:05:04
月間,202209,策定,三重東近江線,2022/11/09,夜間帯,順方向,1070,1070,0,0,0,0,1070,周波数,0,0,0,0,2022/09/20 17:05:04
月間,202209,策定,三重東近江線,2022/11/09,夜間帯,逆方向,-2000,-2000,0,0,0,0,-2000,周波数,0,0,0,0,2022/09/20 17:05:04
月間,202210,策定,三重東近江線,2022/11/09,昼間帯,順方向,770,770,0,0,0,0,770,周波数,0,0,0,0,2022/10/20 17:05:04
月間,202210,策定,三重東近江線,2022/11/09,昼間帯,逆方向,-2500,-2500,0,0,0,0,-2500,周波数,0,0,0,0,2022/10/20 17:05:04
月間,202210,策定,三重東近江線,2022/11/09,夜間帯,順方向,1070,1070,0,0,0,0,1070,周波数,0,0,0,0,2022/10/20 17:05:04
月間,202210,策定,三重東近江線,2022/11/09,夜間帯,逆方向,-2000,-2000,0,0,0,0,-2000,周波数,0,0,0,0,2022/10/20 17:05:04
月間,202209,策定,三重東近江線,2022/11/10,昼間帯,順方向,770,770,0,0,0,0,770,周波数,0,0,0,0,2022/09/20 17:05:04
月間,202209,策定,三重東近江線,2022/11/10,昼間帯,逆方向,-2500,-2500,0,0,0,0,-2500,周波数,0,0,0,0,2022/09/20 17:05:04
月間,202209,策定,三重東近江線,2022/11/10,夜間帯,順方向,1070,1070,0,0,0,0,1070,周波数,0,0,0,0,2022/09/20 17:05:04
月間,202209,策定,三重東近江線,2022/11/10,夜間帯,逆方向,-2000,-2000,0,0,0,0,-2000,周波数,0,0,0,0,2022/09/20 17:05:04
月間,202210,策定,三重東近江線,2022/11/10,昼間帯,順方向,770,770,0,0,0,0,770,周波数,0,0,0,0,2022/10/20 17:05:04
月間,202210,策定,三重東近江線,2022/11/10,昼間帯,逆方向,-2500,-2500,0,0,0,0,-2500,周波数,0,0,0,0,2022/10/20 17:05:04
月間,202210,策定,三重東近江線,2022/11/10,夜間帯,順方向,1070,1070,0,0,0,0,1070,周波数,0,0,0,0,2022/10/20 17:05:04
月間,202210,策定,三重東近江線,2022/11/10,夜間帯,逆方向,-2000,-2000,0,0,0,0,-2000,周波数,0,0,0,0,2022/10/20 17:05:04
月間,202209,策定,三重東近江線,2022/11/11,昼間帯,順方向,770,770,0,0,0,0,770,周波数,0,0,0,0,2022/09/20 17:05:04
月間,202209,策定,三重東近江線,2022/11/11,昼間帯,逆方向,-2500,-2500,0,0,0,0,-2500,周波数,0,0,0,0,2022/09/20 17:05:04
月間,202209,策定,三重東近江線,2022/11/11,夜間帯,順方向,1070,1070,0,0,0,0,1070,周波数,0,0,0,0,2022/09/20 17:05:04
月間,202209,策定,三重東近江線,2022/11/11,夜間帯,逆方向,-2000,-2000,0,0,0,0,-2000,周波数,0,0,0,0,2022/09/20 17:05:04
月間,202210,策定,三重東近江線,2022/11/11,昼間帯,順方向,770,770,0,0,0,0,770,周波数,0,0,0,0,2022/10/20 17:05:04
月間,202210,策定,三重東近江線,2022/11/11,昼間帯,逆方向,-2500,-2500,0,0,0,0,-2500,周波数,0,0,0,0,2022/10/20 17:05:04
月間,202210,策定,三重東近江線,2022/11/11,夜間帯,順方向,1070,1070,0,0,0,0,1070,周波数,0,0,0,0,2022/10/20 17:05:04
月間,202210,策定,三重東近江線,2022/11/11,夜間帯,逆方向,-2000,-2000,0,0,0,0,-2000,周波数,0,0,0,0,2022/10/20 17:05:04
月間,202209,策定,三重東近江線,2022/11/12,昼間帯,順方向,470,470,0,0,0,0,470,周波数,0,0,0,0,2022/09/20 17:05:04
月間,202209,策定,三重東近江線,2022/11/12,昼間帯,逆方向,-2500,-2500,0,0,0,0,-2500,周波数,0,0,0,0,2022/09/20 17:05:04
月間,202209,策定,三重東近江線,2022/11/12,夜間帯,順方向,870,870,0,0,0,0,870,周波数,0,0,0,0,2022/09/20 17:05:04
月間,202209,策定,三重東近江線,2022/11/12,夜間帯,逆方向,-2000,-2000,0,0,0,0,-2000,周波数,0,0,0,0,2022/09/20 17:05:04
月間,202210,策定,三重東近江線,2022/11/12,昼間帯,順方向,470,470,0,0,0,0,470,周波数,0,0,0,0,2022/10/20 17:05:04
月間,202210,策定,三重東近江線,2022/11/12,昼間帯,逆方向,-2500,-2500,0,0,0,0,-2500,周波数,0,0,0,0,2022/10/20 17:05:04
月間,202210,策定,三重東近江線,2022/11/12,夜間帯,順方向,870,870,0,0,0,0,870,周波数,0,0,0,0,2022/10/20 17:05:04
月間,202210,策定,三重東近江線,2022/11/12,夜間帯,逆方向,-2000,-2000,0,0,0,0,-2000,周波数,0,0,0,0,2022/10/20 17:05:04
月間,202209,策定,三重東近江線,2022/11/13,昼間帯,順方向,470,470,0,0,0,0,470,周波数,0,0,0,0,2022/09/20 17:05:04
月間,202209,策定,三重東近江線,2022/11/13,昼間帯,逆方向,-2000,-2000,0,0,0,0,-2000,周波数,0,0,0,0,2022/09/20 17:05:04
月間,202209,策定,三重東近江線,2022/11/13,夜間帯,順方向,870,870,0,0,0,0,870,周波数,0,0,0,0,2022/09/20 17:05:04
月間,202209,策定,三重東近江線,2022/11/13,夜間帯,逆方向,-2000,-2000,0,0,0,0,-2000,周波数,0,0,0,0,2022/09/20 17:05:04
月間,202210,策定,三重東近江線,2022/11/13,昼間帯,順方向,470,470,0,0,0,0,470,周波数,0,0,0,0,2022/10/20 17:05:04
月間,202210,策定,三重東近江線,2022/11/13,昼間帯,逆方向,-2000,-2000,0,0,0,0,-2000,周波数,0,0,0,0,2022/10/20 17:05:04
月間,202210,策定,三重東近江線,2022/11/13,夜間帯,順方向,870,870,0,0,0,0,870,周波数,0,0,0,0,2022/10/20 17:05:04
月間,202210,策定,三重東近江線,2022/11/13,夜間帯,逆方向,-2000,-2000,0,0,0,0,-2000,周波数,0,0,0,0,2022/10/20 17:05:04
月間,202209,策定,三重東近江線,2022/11/14,昼間帯,順方向,770,770,0,0,0,0,770,周波数,0,0,0,0,2022/09/20 17:05:04
月間,202209,策定,三重東近江線,2022/11/14,昼間帯,逆方向,-2500,-2500,0,0,0,0,-2500,周波数,0,0,0,0,2022/09/20 17:05:04
月間,202209,策定,三重東近江線,2022/11/14,夜間帯,順方向,870,870,0,0,0,0,870,周波数,0,0,0,0,2022/09/20 17:05:04
月間,202209,策定,三重東近江線,2022/11/14,夜間帯,逆方向,-2000,-2000,0,0,0,0,-2000,周波数,0,0,0,0,2022/09/20 17:05:04
月間,202210,策定,三重東近江線,2022/11/14,昼間帯,順方向,770,770,0,0,0,0,770,周波数,0,0,0,0,2022/10/20 17:05:04
月間,202210,策定,三重東近江線,2022/11/14,昼間帯,逆方向,-2500,-2500,0,0,0,0,-2500,周波数,0,0,0,0,2022/10/20 17:05:04
月間,202210,策定,三重東近江線,2022/11/14,夜間帯,順方向,870,870,0,0,0,0,870,周波数,0,0,0,0,2022/10/20 17:05:04
月間,202210,策定,三重東近江線,2022/11/14,夜間帯,逆方向,-2000,-2000,0,0,0,0,-2000,周波数,0,0,0,0,2022/10/20 17:05:04
月間,202209,策定,三重東近江線,2022/11/15,昼間帯,順方向,770,770,0,0,0,0,770,周波数,0,0,0,0,2022/09/20 17:05:04
月間,202209,策定,三重東近江線,2022/11/15,昼間帯,逆方向,-2500,-2500,0,0,0,0,-2500,周波数,0,0,0,0,2022/09/20 17:05:04
月間,202209,策定,三重東近江線,2022/11/15,夜間帯,順方向,1070,1070,0,0,0,0,1070,周波数,0,0,0,0,2022/09/20 17:05:04
月間,202209,策定,三重東近江線,2022/11/15,夜間帯,逆方向,-2000,-2000,0,0,0,0,-2000,周波数,0,0,0,0,2022/09/20 17:05:04
月間,202210,策定,三重東近江線,2022/11/15,昼間帯,順方向,770,770,0,0,0,0,770,周波数,0,0,0,0,2022/10/20 17:05:04
月間,202210,策定,三重東近江線,2022/11/15,昼間帯,逆方向,-2500,-2500,0,0,0,0,-2500,周波数,0,0,0,0,2022/10/20 17:05:04
月間,202210,策定,三重東近江線,2022/11/15,夜間帯,順方向,1070,1070,0,0,0,0,1070,周波数,0,0,0,0,2022/10/20 17:05:04
月間,202210,策定,三重東近江線,2022/11/15,夜間帯,逆方向,-2000,-2000,0,0,0,0,-2000,周波数,0,0,0,0,2022/10/20 17:05:04
月間,202209,策定,三重東近江線,2022/11/16,昼間帯,順方向,830,830,0,0,0,0,830,周波数,0,0,0,0,2022/09/20 17:05:04
月間,202209,策定,三重東近江線,2022/11/16,昼間帯,逆方向,-2500,-2500,0,0,0,0,-2500,周波数,0,0,0,0,2022/09/20 17:05:04
月間,202209,策定,三重東近江線,2022/11/16,夜間帯,順方向,1080,1080,0,0,0,0,1080,周波数,0,0,0,0,2022/09/20 17:05:04
月間,202209,策定,三重東近江線,2022/11/16,夜間帯,逆方向,-2000,-2000,0,0,0,0,-2000,周波数,0,0,0,0,2022/09/20 17:05:04
月間,202210,策定,三重東近江線,2022/11/16,昼間帯,順方向,830,830,0,0,0,0,830,周波数,0,0,0,0,2022/10/20 17:05:04
月間,202210,策定,三重東近江線,2022/11/16,昼間帯,逆方向,-2500,-2500,0,0,0,0,-2500,周波数,0,0,0,0,2022/10/20 17:05:04
月間,202210,策定,三重東近江線,2022/11/16,夜間帯,順方向,1080,1080,0,0,0,0,1080,周波数,0,0,0,0,2022/10/20 17:05:04
月間,202210,策定,三重東近江線,2022/11/16,夜間帯,逆方向,-2000,-2000,0,0,0,0,-2000,周波数,0,0,0,0,2022/10/20 17:05:04
月間,202209,策定,三重東近江線,2022/11/17,昼間帯,順方向,830,830,0,0,0,0,830,周波数,0,0,0,0,2022/09/20 17:05:04
月間,202209,策定,三重東近江線,2022/11/17,昼間帯,逆方向,-2500,-2500,0,0,0,0,-2500,周波数,0,0,0,0,2022/09/20 17:05:04
月間,202209,策定,三重東近江線,2022/11/17,夜間帯,順方向,1080,1080,0,0,0,0,1080,周波数,0,0,0,0,2022/09/20 17:05:04
月間,202209,策定,三重東近江線,2022/11/17,夜間帯,逆方向,-2000,-2000,0,0,0,0,-2000,周波数,0,0,0,0,2022/09/20 17:05:04
月間,202210,策定,三重東近江線,2022/11/17,昼間帯,順方向,830,830,0,0,0,0,830,周波数,0,0,0,0,2022/10/20 17:05:04
月間,202210,策定,三重東近江線,2022/11/17,昼間帯,逆方向,-2500,-2500,0,0,0,0,-2500,周波数,0,0,0,0,2022/10/20 17:05:04
月間,202210,策定,三重東近江線,2022/11/17,夜間帯,順方向,1080,1080,0,0,0,0,1080,周波数,0,0,0,0,2022/10/20 17:05:04
月間,202210,策定,三重東近江線,2022/11/17,夜間帯,逆方向,-2000,-2000,0,0,0,0,-2000,周波数,0,0,0,0,2022/10/20 17:05:04
月間,202209,策定,三重東近江線,2022/11/18,昼間帯,順方向,830,830,0,0,0,0,830,周波数,0,0,0,0,2022/09/20 17:05:04
月間,202209,策定,三重東近江線,2022/11/18,昼間帯,逆方向,-2500,-2500,0,0,0,0,-2500,周波数,0,0,0,0,2022/09/20 17:05:04
月間,202209,策定,三重東近江線,2022/11/18,夜間帯,順方向,1080,1080,0,0,0,0,1080,周波数,0,0,0,0,2022/09/20 17:05:04
月間,202209,策定,三重東近江線,2022/11/18,夜間帯,逆方向,-2000,-2000,0,0,0,0,-2000,周波数,0,0,0,0,2022/09/20 17:05:04
月間,202210,策定,三重東近江線,2022/11/18,昼間帯,順方向,830,830,0,0,0,0,830,周波数,0,0,0,0,2022/10/20 17:05:04
月間,202210,策定,三重東近江線,2022/11/18,昼間帯,逆方向,-2500,-2500,0,0,0,0,-2500,周波数,0,0,0,0,2022/10/20 17:05:04
月間,202210,策定,三重東近江線,2022/11/18,夜間帯,順方向,1080,1080,0,0,0,0,1080,周波数,0,0,0,0,2022/10/20 17:05:04
月間,202210,策定,三重東近江線,2022/11/18,夜間帯,逆方向,-2000,-2000,0,0,0,0,-2000,周波数,0,0,0,0,2022/10/20 17:05:04
月間,202209,策定,三重東近江線,2022/11/19,昼間帯,順方向,540,540,0,0,0,0,540,周波数,0,0,0,0,2022/09/20 17:05:04
月間,202209,策定,三重東近江線,2022/11/19,昼間帯,逆方向,-2500,-2500,0,0,0,0,-2500,周波数,0,0,0,0,2022/09/20 17:05:04
月間,202209,策定,三重東近江線,2022/11/19,夜間帯,順方向,950,950,0,0,0,0,950,周波数,0,0,0,0,2022/09/20 17:05:04
月間,202209,策定,三重東近江線,2022/11/19,夜間帯,逆方向,-2000,-2000,0,0,0,0,-2000,周波数,0,0,0,0,2022/09/20 17:05:04
月間,202210,策定,三重東近江線,2022/11/19,昼間帯,順方向,540,540,0,0,0,0,540,周波数,0,0,0,0,2022/10/20 17:05:04
月間,202210,策定,三重東近江線,2022/11/19,昼間帯,逆方向,-2500,-2500,0,0,0,0,-2500,周波数,0,0,0,0,2022/10/20 17:05:04
月間,202210,策定,三重東近江線,2022/11/19,夜間帯,順方向,950,950,0,0,0,0,950,周波数,0,0,0,0,2022/10/20 17:05:04
月間,202210,策定,三重東近江線,2022/11/19,夜間帯,逆方向,-2000,-2000,0,0,0,0,-2000,周波数,0,0,0,0,2022/10/20 17:05:04
月間,202209,策定,三重東近江線,2022/11/20,昼間帯,順方向,540,540,0,0,0,0,540,周波数,0,0,0,0,2022/09/20 17:05:04
月間,202209,策定,三重東近江線,2022/11/20,昼間帯,逆方向,-2000,-2000,0,0,0,0,-2000,周波数,0,0,0,0,2022/09/20 17:05:04
月間,202209,策定,三重東近江線,2022/11/20,夜間帯,順方向,950,950,0,0,0,0,950,周波数,0,0,0,0,2022/09/20 17:05:04
月間,202209,策定,三重東近江線,2022/11/20,夜間帯,逆方向,-2000,-2000,0,0,0,0,-2000,周波数,0,0,0,0,2022/09/20 17:05:04
月間,202210,策定,三重東近江線,2022/11/20,昼間帯,順方向,540,540,0,0,0,0,540,周波数,0,0,0,0,2022/10/20 17:05:04
月間,202210,策定,三重東近江線,2022/11/20,昼間帯,逆方向,-2000,-2000,0,0,0,0,-2000,周波数,0,0,0,0,2022/10/20 17:05:04
月間,202210,策定,三重東近江線,2022/11/20,夜間帯,順方向,950,950,0,0,0,0,950,周波数,0,0,0,0,2022/10/20 17:05:04
月間,202210,策定,三重東近江線,2022/11/20,夜間帯,逆方向,-2000,-2000,0,0,0,0,-2000,周波数,0,0,0,0,2022/10/20 17:05:04
月間,202209,策定,三重東近江線,2022/11/21,昼間帯,順方向,830,830,0,0,0,0,830,周波数,0,0,0,0,2022/09/20 17:05:04
月間,202209,策定,三重東近江線,2022/11/21,昼間帯,逆方向,-2500,-2500,0,0,0,0,-2500,周波数,0,0,0,0,2022/09/20 17:05:04
月間,202209,策定,三重東近江線,2022/11/21,夜間帯,順方向,950,950,0,0,0,0,950,周波数,0,0,0,0,2022/09/20 17:05:04
月間,202209,策定,三重東近江線,2022/11/21,夜間帯,逆方向,-2000,-2000,0,0,0,0,-2000,周波数,0,0,0,0,2022/09/20 17:05:04
月間,202210,策定,三重東近江線,2022/11/21,昼間帯,順方向,830,830,0,0,0,0,830,周波数,0,0,0,0,2022/10/20 17:05:04
月間,202210,策定,三重東近江線,2022/11/21,昼間帯,逆方向,-2500,-2500,0,0,0,0,-2500,周波数,0,0,0,0,2022/10/20 17:05:04
月間,202210,策定,三重東近江線,2022/11/21,夜間帯,順方向,950,950,0,0,0,0,950,周波数,0,0,0,0,2022/10/20 17:05:04
月間,202210,策定,三重東近江線,2022/11/21,夜間帯,逆方向,-2000,-2000,0,0,0,0,-2000,周波数,0,0,0,0,2022/10/20 17:05:04
月間,202209,策定,三重東近江線,2022/11/22,昼間帯,順方向,830,830,0,0,0,0,830,周波数,0,0,0,0,2022/09/20 17:05:04
月間,202209,策定,三重東近江線,2022/11/22,昼間帯,逆方向,-2500,-2500,0,0,0,0,-2500,周波数,0,0,0,0,2022/09/20 17:05:04
月間,202209,策定,三重東近江線,2022/11/22,夜間帯,順方向,1080,1080,0,0,0,0,1080,周波数,0,0,0,0,2022/09/20 17:05:04
月間,202209,策定,三重東近江線,2022/11/22,夜間帯,逆方向,-2000,-2000,0,0,0,0,-2000,周波数,0,0,0,0,2022/09/20 17:05:04
月間,202210,策定,三重東近江線,2022/11/22,昼間帯,順方向,830,830,0,0,0,0,830,周波数,0,0,0,0,2022/10/20 17:05:04
月間,202210,策定,三重東近江線,2022/11/22,昼間帯,逆方向,-2500,-2500,0,0,0,0,-2500,周波数,0,0,0,0,2022/10/20 17:05:04
月間,202210,策定,三重東近江線,2022/11/22,夜間帯,順方向,1080,1080,0,0,0,0,1080,周波数,0,0,0,0,2022/10/20 17:05:04
月間,202210,策定,三重東近江線,2022/11/22,夜間帯,逆方向,-2000,-2000,0,0,0,0,-2000,周波数,0,0,0,0,2022/10/20 17:05:04
月間,202209,策定,三重東近江線,2022/11/23,昼間帯,順方向,540,540,0,0,0,0,540,周波数,0,0,0,0,2022/09/20 17:05:04
月間,202209,策定,三重東近江線,2022/11/23,昼間帯,逆方向,-2000,-2000,0,0,0,0,-2000,周波数,0,0,0,0,2022/09/20 17:05:04
月間,202209,策定,三重東近江線,2022/11/23,夜間帯,順方向,950,950,0,0,0,0,950,周波数,0,0,0,0,2022/09/20 17:05:04
月間,202209,策定,三重東近江線,2022/11/23,夜間帯,逆方向,-2000,-2000,0,0,0,0,-2000,周波数,0,0,0,0,2022/09/20 17:05:04
月間,202210,策定,三重東近江線,2022/11/23,昼間帯,順方向,540,540,0,0,0,0,540,周波数,0,0,0,0,2022/10/20 17:05:04
月間,202210,策定,三重東近江線,2022/11/23,昼間帯,逆方向,-2000,-2000,0,0,0,0,-2000,周波数,0,0,0,0,2022/10/20 17:05:04
月間,202210,策定,三重東近江線,2022/11/23,夜間帯,順方向,950,950,0,0,0,0,950,周波数,0,0,0,0,2022/10/20 17:05:04
月間,202210,策定,三重東近江線,2022/11/23,夜間帯,逆方向,-2000,-2000,0,0,0,0,-2000,周波数,0,0,0,0,2022/10/20 17:05:04
月間,202209,策定,三重東近江線,2022/11/24,昼間帯,順方向,830,830,0,0,0,0,830,周波数,0,0,0,0,2022/09/20 17:05:04
月間,202209,策定,三重東近江線,2022/11/24,昼間帯,逆方向,-2500,-2500,0,0,0,0,-2500,周波数,0,0,0,0,2022/09/20 17:05:04
月間,202209,策定,三重東近江線,2022/11/24,夜間帯,順方向,950,950,0,0,0,0,950,周波数,0,0,0,0,2022/09/20 17:05:04
月間,202209,策定,三重東近江線,2022/11/24,夜間帯,逆方向,-2000,-2000,0,0,0,0,-2000,周波数,0,0,0,0,2022/09/20 17:05:04
月間,202210,策定,三重東近江線,2022/11/24,昼間帯,順方向,830,830,0,0,0,0,830,周波数,0,0,0,0,2022/10/20 17:05:04
月間,202210,策定,三重東近江線,2022/11/24,昼間帯,逆方向,-2500,-2500,0,0,0,0,-2500,周波数,0,0,0,0,2022/10/20 17:05:04
月間,202210,策定,三重東近江線,2022/11/24,夜間帯,順方向,950,950,0,0,0,0,950,周波数,0,0,0,0,2022/10/20 17:05:04
月間,202210,策定,三重東近江線,2022/11/24,夜間帯,逆方向,-2000,-2000,0,0,0,0,-2000,周波数,0,0,0,0,2022/10/20 17:05:04
月間,202209,策定,三重東近江線,2022/11/25,昼間帯,順方向,830,830,0,0,0,0,830,周波数,0,0,0,0,2022/09/20 17:05:04
月間,202209,策定,三重東近江線,2022/11/25,昼間帯,逆方向,-2500,-2500,0,0,0,0,-2500,周波数,0,0,0,0,2022/09/20 17:05:04
月間,202209,策定,三重東近江線,2022/11/25,夜間帯,順方向,1080,1080,0,0,0,0,1080,周波数,0,0,0,0,2022/09/20 17:05:04
月間,202209,策定,三重東近江線,2022/11/25,夜間帯,逆方向,-2000,-2000,0,0,0,0,-2000,周波数,0,0,0,0,2022/09/20 17:05:04
月間,202210,策定,三重東近江線,2022/11/25,昼間帯,順方向,830,830,0,0,0,0,830,周波数,0,0,0,0,2022/10/20 17:05:04
月間,202210,策定,三重東近江線,2022/11/25,昼間帯,逆方向,-2500,-2500,0,0,0,0,-2500,周波数,0,0,0,0,2022/10/20 17:05:04
月間,202210,策定,三重東近江線,2022/11/25,夜間帯,順方向,1080,1080,0,0,0,0,1080,周波数,0,0,0,0,2022/10/20 17:05:04
月間,202210,策定,三重東近江線,2022/11/25,夜間帯,逆方向,-2000,-2000,0,0,0,0,-2000,周波数,0,0,0,0,2022/10/20 17:05:04
月間,202209,策定,三重東近江線,2022/11/26,昼間帯,順方向,540,540,0,0,0,0,540,周波数,0,0,0,0,2022/09/20 17:05:04
月間,202209,策定,三重東近江線,2022/11/26,昼間帯,逆方向,-2500,-2500,0,0,0,0,-2500,周波数,0,0,0,0,2022/09/20 17:05:04
月間,202209,策定,三重東近江線,2022/11/26,夜間帯,順方向,950,950,0,0,0,0,950,周波数,0,0,0,0,2022/09/20 17:05:04
月間,202209,策定,三重東近江線,2022/11/26,夜間帯,逆方向,-2000,-2000,0,0,0,0,-2000,周波数,0,0,0,0,2022/09/20 17:05:04
月間,202210,策定,三重東近江線,2022/11/26,昼間帯,順方向,540,540,0,0,0,0,540,周波数,0,0,0,0,2022/10/20 17:05:04
月間,202210,策定,三重東近江線,2022/11/26,昼間帯,逆方向,-2500,-2500,0,0,0,0,-2500,周波数,0,0,0,0,2022/10/20 17:05:04
月間,202210,策定,三重東近江線,2022/11/26,夜間帯,順方向,950,950,0,0,0,0,950,周波数,0,0,0,0,2022/10/20 17:05:04
月間,202210,策定,三重東近江線,2022/11/26,夜間帯,逆方向,-2000,-2000,0,0,0,0,-2000,周波数,0,0,0,0,2022/10/20 17:05:04
月間,202209,策定,三重東近江線,2022/11/27,昼間帯,順方向,540,540,0,0,0,0,540,周波数,0,0,0,0,2022/09/20 17:05:04
月間,202209,策定,三重東近江線,2022/11/27,昼間帯,逆方向,-2000,-2000,0,0,0,0,-2000,周波数,0,0,0,0,2022/09/20 17:05:04
月間,202209,策定,三重東近江線,2022/11/27,夜間帯,順方向,950,950,0,0,0,0,950,周波数,0,0,0,0,2022/09/20 17:05:04
月間,202209,策定,三重東近江線,2022/11/27,夜間帯,逆方向,-2000,-2000,0,0,0,0,-2000,周波数,0,0,0,0,2022/09/20 17:05:04
月間,202210,策定,三重東近江線,2022/11/27,昼間帯,順方向,540,540,0,0,0,0,540,周波数,0,0,0,0,2022/10/20 17:05:04
月間,202210,策定,三重東近江線,2022/11/27,昼間帯,逆方向,-2000,-2000,0,0,0,0,-2000,周波数,0,0,0,0,2022/10/20 17:05:04
月間,202210,策定,三重東近江線,2022/11/27,夜間帯,順方向,950,950,0,0,0,0,950,周波数,0,0,0,0,2022/10/20 17:05:04
月間,202210,策定,三重東近江線,2022/11/27,夜間帯,逆方向,-2000,-2000,0,0,0,0,-2000,周波数,0,0,0,0,2022/10/20 17:05:04
月間,202209,策定,三重東近江線,2022/11/28,昼間帯,順方向,830,830,0,0,0,0,830,周波数,0,0,0,0,2022/09/20 17:05:04
月間,202209,策定,三重東近江線,2022/11/28,昼間帯,逆方向,-2500,-2500,0,0,0,0,-2500,周波数,0,0,0,0,2022/09/20 17:05:04
月間,202209,策定,三重東近江線,2022/11/28,夜間帯,順方向,950,950,0,0,0,0,950,周波数,0,0,0,0,2022/09/20 17:05:04
月間,202209,策定,三重東近江線,2022/11/28,夜間帯,逆方向,-2000,-2000,0,0,0,0,-2000,周波数,0,0,0,0,2022/09/20 17:05:04
月間,202210,策定,三重東近江線,2022/11/28,昼間帯,順方向,830,830,0,0,0,0,830,周波数,0,0,0,0,2022/10/20 17:05:04
月間,202210,策定,三重東近江線,2022/11/28,昼間帯,逆方向,-2500,-2500,0,0,0,0,-2500,周波数,0,0,0,0,2022/10/20 17:05:04
月間,202210,策定,三重東近江線,2022/11/28,夜間帯,順方向,950,950,0,0,0,0,950,周波数,0,0,0,0,2022/10/20 17:05:04
月間,202210,策定,三重東近江線,2022/11/28,夜間帯,逆方向,-2000,-2000,0,0,0,0,-2000,周波数,0,0,0,0,2022/10/20 17:05:04
月間,202209,策定,三重東近江線,2022/11/29,昼間帯,順方向,830,830,0,0,0,0,830,周波数,0,0,0,0,2022/09/20 17:05:04
月間,202209,策定,三重東近江線,2022/11/29,昼間帯,逆方向,-2500,-2500,0,0,0,0,-2500,周波数,0,0,0,0,2022/09/20 17:05:04
月間,202209,策定,三重東近江線,2022/11/29,夜間帯,順方向,1080,1080,0,0,0,0,1080,周波数,0,0,0,0,2022/09/20 17:05:04
月間,202209,策定,三重東近江線,2022/11/29,夜間帯,逆方向,-2000,-2000,0,0,0,0,-2000,周波数,0,0,0,0,2022/09/20 17:05:04
月間,202210,策定,三重東近江線,2022/11/29,昼間帯,順方向,830,830,0,0,0,0,830,周波数,0,0,0,0,2022/10/20 17:05:04
月間,202210,策定,三重東近江線,2022/11/29,昼間帯,逆方向,-2500,-2500,0,0,0,0,-2500,周波数,0,0,0,0,2022/10/20 17:05:04
月間,202210,策定,三重東近江線,2022/11/29,夜間帯,順方向,1080,1080,0,0,0,0,1080,周波数,0,0,0,0,2022/10/20 17:05:04
月間,202210,策定,三重東近江線,2022/11/29,夜間帯,逆方向,-2000,-2000,0,0,0,0,-2000,周波数,0,0,0,0,2022/10/20 17:05:04
月間,202209,策定,三重東近江線,2022/11/30,昼間帯,順方向,830,830,0,0,0,0,830,周波数,0,0,0,0,2022/09/20 17:05:04
月間,202209,策定,三重東近江線,2022/11/30,昼間帯,逆方向,-2500,-2500,0,0,0,0,-2500,周波数,0,0,0,0,2022/09/20 17:05:04
月間,202209,策定,三重東近江線,2022/11/30,夜間帯,順方向,1080,1080,0,0,0,0,1080,周波数,0,0,0,0,2022/09/20 17:05:04
月間,202209,策定,三重東近江線,2022/11/30,夜間帯,逆方向,-2000,-2000,0,0,0,0,-2000,周波数,0,0,0,0,2022/09/20 17:05:04
月間,202210,策定,三重東近江線,2022/11/30,昼間帯,順方向,830,830,0,0,0,0,830,周波数,0,0,0,0,2022/10/20 17:05:04
月間,202210,策定,三重東近江線,2022/11/30,昼間帯,逆方向,-2500,-2500,0,0,0,0,-2500,周波数,0,0,0,0,2022/10/20 17:05:04
月間,202210,策定,三重東近江線,2022/11/30,夜間帯,順方向,1080,1080,0,0,0,0,1080,周波数,0,0,0,0,2022/10/20 17:05:04
月間,202210,策定,三重東近江線,2022/11/30,夜間帯,逆方向,-2000,-2000,0,0,0,0,-2000,周波数,0,0,0,0,2022/10/20 17:05:04
月間,202210,策定,三重東近江線,2022/12/01,昼間帯,順方向,960,960,0,0,0,0,960,周波数,0,0,0,0,2022/10/20 17:05:04
月間,202210,策定,三重東近江線,2022/12/01,昼間帯,逆方向,-2500,-2500,0,0,0,0,-2500,周波数,0,0,0,0,2022/10/20 17:05:04
月間,202210,策定,三重東近江線,2022/12/01,夜間帯,順方向,1170,1170,0,0,0,0,1170,周波数,0,0,0,0,2022/10/20 17:05:04
月間,202210,策定,三重東近江線,2022/12/01,夜間帯,逆方向,-2000,-2000,0,0,0,0,-2000,周波数,0,0,0,0,2022/10/20 17:05:04
月間,202210,策定,三重東近江線,2022/12/02,昼間帯,順方向,960,960,0,0,0,0,960,周波数,0,0,0,0,2022/10/20 17:05:04
月間,202210,策定,三重東近江線,2022/12/02,昼間帯,逆方向,-2500,-2500,0,0,0,0,-2500,周波数,0,0,0,0,2022/10/20 17:05:04
月間,202210,策定,三重東近江線,2022/12/02,夜間帯,順方向,1170,1170,0,0,0,0,1170,周波数,0,0,0,0,2022/10/20 17:05:04
月間,202210,策定,三重東近江線,2022/12/02,夜間帯,逆方向,-2000,-2000,0,0,0,0,-2000,周波数,0,0,0,0,2022/10/20 17:05:04
月間,202210,策定,三重東近江線,2022/12/03,昼間帯,順方向,710,710,0,0,0,0,710,周波数,0,0,0,0,2022/10/20 17:05:04
月間,202210,策定,三重東近江線,2022/12/03,昼間帯,逆方向,-2500,-2500,0,0,0,0,-2500,周波数,0,0,0,0,2022/10/20 17:05:04
月間,202210,策定,三重東近江線,2022/12/03,夜間帯,順方向,1080,1080,0,0,0,0,1080,周波数,0,0,0,0,2022/10/20 17:05:04
月間,202210,策定,三重東近江線,2022/12/03,夜間帯,逆方向,-2000,-2000,0,0,0,0,-2000,周波数,0,0,0,0,2022/10/20 17:05:04
月間,202211,策定,三重東近江線,2022/12/03,昼間帯,順方向,710,710,0,0,0,0,710,周波数,0,0,0,0,2022/11/18 17:05:04
月間,202211,策定,三重東近江線,2022/12/03,昼間帯,逆方向,-2500,-2500,0,0,0,0,-2500,周波数,0,0,0,0,2022/11/18 17:05:04
月間,202211,策定,三重東近江線,2022/12/03,夜間帯,順方向,1080,1080,0,0,0,0,1080,周波数,0,0,0,0,2022/11/18 17:05:04
月間,202211,策定,三重東近江線,2022/12/03,夜間帯,逆方向,-2000,-2000,0,0,0,0,-2000,周波数,0,0,0,0,2022/11/18 17:05:04
月間,202210,策定,三重東近江線,2022/12/04,昼間帯,順方向,710,710,0,0,0,0,710,周波数,0,0,0,0,2022/10/20 17:05:04
月間,202210,策定,三重東近江線,2022/12/04,昼間帯,逆方向,-2000,-2000,0,0,0,0,-2000,周波数,0,0,0,0,2022/10/20 17:05:04
月間,202210,策定,三重東近江線,2022/12/04,夜間帯,順方向,1080,1080,0,0,0,0,1080,周波数,0,0,0,0,2022/10/20 17:05:04
月間,202210,策定,三重東近江線,2022/12/04,夜間帯,逆方向,-2000,-2000,0,0,0,0,-2000,周波数,0,0,0,0,2022/10/20 17:05:04
月間,202211,策定,三重東近江線,2022/12/04,昼間帯,順方向,710,710,0,0,0,0,710,周波数,0,0,0,0,2022/11/18 17:05:04
月間,202211,策定,三重東近江線,2022/12/04,昼間帯,逆方向,-2000,-2000,0,0,0,0,-2000,周波数,0,0,0,0,2022/11/18 17:05:04
月間,202211,策定,三重東近江線,2022/12/04,夜間帯,順方向,1080,1080,0,0,0,0,1080,周波数,0,0,0,0,2022/11/18 17:05:04
月間,202211,策定,三重東近江線,2022/12/04,夜間帯,逆方向,-2000,-2000,0,0,0,0,-2000,周波数,0,0,0,0,2022/11/18 17:05:04
月間,202210,策定,三重東近江線,2022/12/05,昼間帯,順方向,960,960,0,0,0,0,960,周波数,0,0,0,0,2022/10/20 17:05:04
月間,202210,策定,三重東近江線,2022/12/05,昼間帯,逆方向,-2500,-2500,0,0,0,0,-2500,周波数,0,0,0,0,2022/10/20 17:05:04
月間,202210,策定,三重東近江線,2022/12/05,夜間帯,順方向,1080,1080,0,0,0,0,1080,周波数,0,0,0,0,2022/10/20 17:05:04
月間,202210,策定,三重東近江線,2022/12/05,夜間帯,逆方向,-2000,-2000,0,0,0,0,-2000,周波数,0,0,0,0,2022/10/20 17:05:04
月間,202211,策定,三重東近江線,2022/12/05,昼間帯,順方向,960,960,0,0,0,0,960,周波数,0,0,0,0,2022/11/18 17:05:04
月間,202211,策定,三重東近江線,2022/12/05,昼間帯,逆方向,-2500,-2500,0,0,0,0,-2500,周波数,0,0,0,0,2022/11/18 17:05:04
月間,202211,策定,三重東近江線,2022/12/05,夜間帯,順方向,1080,1080,0,0,0,0,1080,周波数,0,0,0,0,2022/11/18 17:05:04
月間,202211,策定,三重東近江線,2022/12/05,夜間帯,逆方向,-2000,-2000,0,0,0,0,-2000,周波数,0,0,0,0,2022/11/18 17:05:04
月間,202210,策定,三重東近江線,2022/12/06,昼間帯,順方向,960,960,0,0,0,0,960,周波数,0,0,0,0,2022/10/20 17:05:04
月間,202210,策定,三重東近江線,2022/12/06,昼間帯,逆方向,-2500,-2500,0,0,0,0,-2500,周波数,0,0,0,0,2022/10/20 17:05:04
月間,202210,策定,三重東近江線,2022/12/06,夜間帯,順方向,1170,1170,0,0,0,0,1170,周波数,0,0,0,0,2022/10/20 17:05:04
月間,202210,策定,三重東近江線,2022/12/06,夜間帯,逆方向,-2000,-2000,0,0,0,0,-2000,周波数,0,0,0,0,2022/10/20 17:05:04
月間,202211,策定,三重東近江線,2022/12/06,昼間帯,順方向,960,960,0,0,0,0,960,周波数,0,0,0,0,2022/11/18 17:05:04
月間,202211,策定,三重東近江線,2022/12/06,昼間帯,逆方向,-2500,-2500,0,0,0,0,-2500,周波数,0,0,0,0,2022/11/18 17:05:04
月間,202211,策定,三重東近江線,2022/12/06,夜間帯,順方向,1170,1170,0,0,0,0,1170,周波数,0,0,0,0,2022/11/18 17:05:04
月間,202211,策定,三重東近江線,2022/12/06,夜間帯,逆方向,-2000,-2000,0,0,0,0,-2000,周波数,0,0,0,0,2022/11/18 17:05:04
月間,202210,策定,三重東近江線,2022/12/07,昼間帯,順方向,960,960,0,0,0,0,960,周波数,0,0,0,0,2022/10/20 17:05:04
月間,202210,策定,三重東近江線,2022/12/07,昼間帯,逆方向,-2500,-2500,0,0,0,0,-2500,周波数,0,0,0,0,2022/10/20 17:05:04
月間,202210,策定,三重東近江線,2022/12/07,夜間帯,順方向,1170,1170,0,0,0,0,1170,周波数,0,0,0,0,2022/10/20 17:05:04
月間,202210,策定,三重東近江線,2022/12/07,夜間帯,逆方向,-2000,-2000,0,0,0,0,-2000,周波数,0,0,0,0,2022/10/20 17:05:04
月間,202211,策定,三重東近江線,2022/12/07,昼間帯,順方向,960,960,0,0,0,0,960,周波数,0,0,0,0,2022/11/18 17:05:04
月間,202211,策定,三重東近江線,2022/12/07,昼間帯,逆方向,-2500,-2500,0,0,0,0,-2500,周波数,0,0,0,0,2022/11/18 17:05:04
月間,202211,策定,三重東近江線,2022/12/07,夜間帯,順方向,1170,1170,0,0,0,0,1170,周波数,0,0,0,0,2022/11/18 17:05:04
月間,202211,策定,三重東近江線,2022/12/07,夜間帯,逆方向,-2000,-2000,0,0,0,0,-2000,周波数,0,0,0,0,2022/11/18 17:05:04
月間,202210,策定,三重東近江線,2022/12/08,昼間帯,順方向,960,960,0,0,0,0,960,周波数,0,0,0,0,2022/10/20 17:05:04
月間,202210,策定,三重東近江線,2022/12/08,昼間帯,逆方向,-2500,-2500,0,0,0,0,-2500,周波数,0,0,0,0,2022/10/20 17:05:04
月間,202210,策定,三重東近江線,2022/12/08,夜間帯,順方向,1170,1170,0,0,0,0,1170,周波数,0,0,0,0,2022/10/20 17:05:04
月間,202210,策定,三重東近江線,2022/12/08,夜間帯,逆方向,-2000,-2000,0,0,0,0,-2000,周波数,0,0,0,0,2022/10/20 17:05:04
月間,202211,策定,三重東近江線,2022/12/08,昼間帯,順方向,960,960,0,0,0,0,960,周波数,0,0,0,0,2022/11/18 17:05:04
月間,202211,策定,三重東近江線,2022/12/08,昼間帯,逆方向,-2500,-2500,0,0,0,0,-2500,周波数,0,0,0,0,2022/11/18 17:05:04
月間,202211,策定,三重東近江線,2022/12/08,夜間帯,順方向,1170,1170,0,0,0,0,1170,周波数,0,0,0,0,2022/11/18 17:05:04
月間,202211,策定,三重東近江線,2022/12/08,夜間帯,逆方向,-2000,-2000,0,0,0,0,-2000,周波数,0,0,0,0,2022/11/18 17:05:04
月間,202210,策定,三重東近江線,2022/12/09,昼間帯,順方向,960,960,0,0,0,0,960,周波数,0,0,0,0,2022/10/20 17:05:04
月間,202210,策定,三重東近江線,2022/12/09,昼間帯,逆方向,-2500,-2500,0,0,0,0,-2500,周波数,0,0,0,0,2022/10/20 17:05:04
月間,202210,策定,三重東近江線,2022/12/09,夜間帯,順方向,1170,1170,0,0,0,0,1170,周波数,0,0,0,0,2022/10/20 17:05:04
月間,202210,策定,三重東近江線,2022/12/09,夜間帯,逆方向,-2000,-2000,0,0,0,0,-2000,周波数,0,0,0,0,2022/10/20 17:05:04
月間,202211,策定,三重東近江線,2022/12/09,昼間帯,順方向,960,960,0,0,0,0,960,周波数,0,0,0,0,2022/11/18 17:05:04
月間,202211,策定,三重東近江線,2022/12/09,昼間帯,逆方向,-2500,-2500,0,0,0,0,-2500,周波数,0,0,0,0,2022/11/18 17:05:04
月間,202211,策定,三重東近江線,2022/12/09,夜間帯,順方向,1170,1170,0,0,0,0,1170,周波数,0,0,0,0,2022/11/18 17:05:04
月間,202211,策定,三重東近江線,2022/12/09,夜間帯,逆方向,-2000,-2000,0,0,0,0,-2000,周波数,0,0,0,0,2022/11/18 17:05:04
月間,202210,策定,三重東近江線,2022/12/10,昼間帯,順方向,710,710,0,0,0,0,710,周波数,0,0,0,0,2022/10/20 17:05:04
月間,202210,策定,三重東近江線,2022/12/10,昼間帯,逆方向,-2500,-2500,0,0,0,0,-2500,周波数,0,0,0,0,2022/10/20 17:05:04
月間,202210,策定,三重東近江線,2022/12/10,夜間帯,順方向,1080,1080,0,0,0,0,1080,周波数,0,0,0,0,2022/10/20 17:05:04
月間,202210,策定,三重東近江線,2022/12/10,夜間帯,逆方向,-2000,-2000,0,0,0,0,-2000,周波数,0,0,0,0,2022/10/20 17:05:04
月間,202211,策定,三重東近江線,2022/12/10,昼間帯,順方向,710,710,0,0,0,0,710,周波数,0,0,0,0,2022/11/18 17:05:04
月間,202211,策定,三重東近江線,2022/12/10,昼間帯,逆方向,-2500,-2500,0,0,0,0,-2500,周波数,0,0,0,0,2022/11/18 17:05:04
月間,202211,策定,三重東近江線,2022/12/10,夜間帯,順方向,1080,1080,0,0,0,0,1080,周波数,0,0,0,0,2022/11/18 17:05:04
月間,202211,策定,三重東近江線,2022/12/10,夜間帯,逆方向,-2000,-2000,0,0,0,0,-2000,周波数,0,0,0,0,2022/11/18 17:05:04
月間,202210,策定,三重東近江線,2022/12/11,昼間帯,順方向,710,710,0,0,0,0,710,周波数,0,0,0,0,2022/10/20 17:05:04
月間,202210,策定,三重東近江線,2022/12/11,昼間帯,逆方向,-2000,-2000,0,0,0,0,-2000,周波数,0,0,0,0,2022/10/20 17:05:04
月間,202210,策定,三重東近江線,2022/12/11,夜間帯,順方向,1080,1080,0,0,0,0,1080,周波数,0,0,0,0,2022/10/20 17:05:04
月間,202210,策定,三重東近江線,2022/12/11,夜間帯,逆方向,-2000,-2000,0,0,0,0,-2000,周波数,0,0,0,0,2022/10/20 17:05:04
月間,202211,策定,三重東近江線,2022/12/11,昼間帯,順方向,710,710,0,0,0,0,710,周波数,0,0,0,0,2022/11/18 17:05:04
月間,202211,策定,三重東近江線,2022/12/11,昼間帯,逆方向,-2000,-2000,0,0,0,0,-2000,周波数,0,0,0,0,2022/11/18 17:05:04
月間,202211,策定,三重東近江線,2022/12/11,夜間帯,順方向,1080,1080,0,0,0,0,1080,周波数,0,0,0,0,2022/11/18 17:05:04
月間,202211,策定,三重東近江線,2022/12/11,夜間帯,逆方向,-2000,-2000,0,0,0,0,-2000,周波数,0,0,0,0,2022/11/18 17:05:04
月間,202210,策定,三重東近江線,2022/12/12,昼間帯,順方向,960,960,0,0,0,0,960,周波数,0,0,0,0,2022/10/20 17:05:04
月間,202210,策定,三重東近江線,2022/12/12,昼間帯,逆方向,-2500,-2500,0,0,0,0,-2500,周波数,0,0,0,0,2022/10/20 17:05:04
月間,202210,策定,三重東近江線,2022/12/12,夜間帯,順方向,1080,1080,0,0,0,0,1080,周波数,0,0,0,0,2022/10/20 17:05:04
月間,202210,策定,三重東近江線,2022/12/12,夜間帯,逆方向,-2000,-2000,0,0,0,0,-2000,周波数,0,0,0,0,2022/10/20 17:05:04
月間,202211,策定,三重東近江線,2022/12/12,昼間帯,順方向,960,960,0,0,0,0,960,周波数,0,0,0,0,2022/11/18 17:05:04
月間,202211,策定,三重東近江線,2022/12/12,昼間帯,逆方向,-2500,-2500,0,0,0,0,-2500,周波数,0,0,0,0,2022/11/18 17:05:04
月間,202211,策定,三重東近江線,2022/12/12,夜間帯,順方向,1080,1080,0,0,0,0,1080,周波数,0,0,0,0,2022/11/18 17:05:04
月間,202211,策定,三重東近江線,2022/12/12,夜間帯,逆方向,-2000,-2000,0,0,0,0,-2000,周波数,0,0,0,0,2022/11/18 17:05:04
月間,202210,策定,三重東近江線,2022/12/13,昼間帯,順方向,960,960,0,0,0,0,960,周波数,0,0,0,0,2022/10/20 17:05:04
月間,202210,策定,三重東近江線,2022/12/13,昼間帯,逆方向,-2500,-2500,0,0,0,0,-2500,周波数,0,0,0,0,2022/10/20 17:05:04
月間,202210,策定,三重東近江線,2022/12/13,夜間帯,順方向,1170,1170,0,0,0,0,1170,周波数,0,0,0,0,2022/10/20 17:05:04
月間,202210,策定,三重東近江線,2022/12/13,夜間帯,逆方向,-2000,-2000,0,0,0,0,-2000,周波数,0,0,0,0,2022/10/20 17:05:04
月間,202211,策定,三重東近江線,2022/12/13,昼間帯,順方向,960,960,0,0,0,0,960,周波数,0,0,0,0,2022/11/18 17:05:04
月間,202211,策定,三重東近江線,2022/12/13,昼間帯,逆方向,-2500,-2500,0,0,0,0,-2500,周波数,0,0,0,0,2022/11/18 17:05:04
月間,202211,策定,三重東近江線,2022/12/13,夜間帯,順方向,1170,1170,0,0,0,0,1170,周波数,0,0,0,0,2022/11/18 17:05:04
月間,202211,策定,三重東近江線,2022/12/13,夜間帯,逆方向,-2000,-2000,0,0,0,0,-2000,周波数,0,0,0,0,2022/11/18 17:05:04
月間,202210,策定,三重東近江線,2022/12/14,昼間帯,順方向,960,960,0,0,0,0,960,周波数,0,0,0,0,2022/10/20 17:05:04
月間,202210,策定,三重東近江線,2022/12/14,昼間帯,逆方向,-2500,-2500,0,0,0,0,-2500,周波数,0,0,0,0,2022/10/20 17:05:04
月間,202210,策定,三重東近江線,2022/12/14,夜間帯,順方向,1170,1170,0,0,0,0,1170,周波数,0,0,0,0,2022/10/20 17:05:04
月間,202210,策定,三重東近江線,2022/12/14,夜間帯,逆方向,-2000,-2000,0,0,0,0,-2000,周波数,0,0,0,0,2022/10/20 17:05:04
月間,202211,策定,三重東近江線,2022/12/14,昼間帯,順方向,960,960,0,0,0,0,960,周波数,0,0,0,0,2022/11/18 17:05:04
月間,202211,策定,三重東近江線,2022/12/14,昼間帯,逆方向,-2500,-2500,0,0,0,0,-2500,周波数,0,0,0,0,2022/11/18 17:05:04
月間,202211,策定,三重東近江線,2022/12/14,夜間帯,順方向,1170,1170,0,0,0,0,1170,周波数,0,0,0,0,2022/11/18 17:05:04
月間,202211,策定,三重東近江線,2022/12/14,夜間帯,逆方向,-2000,-2000,0,0,0,0,-2000,周波数,0,0,0,0,2022/11/18 17:05:04
月間,202210,策定,三重東近江線,2022/12/15,昼間帯,順方向,960,960,0,0,0,0,960,周波数,0,0,0,0,2022/10/20 17:05:04
月間,202210,策定,三重東近江線,2022/12/15,昼間帯,逆方向,-2500,-2500,0,0,0,0,-2500,周波数,0,0,0,0,2022/10/20 17:05:04
月間,202210,策定,三重東近江線,2022/12/15,夜間帯,順方向,1170,1170,0,0,0,0,1170,周波数,0,0,0,0,2022/10/20 17:05:04
月間,202210,策定,三重東近江線,2022/12/15,夜間帯,逆方向,-2000,-2000,0,0,0,0,-2000,周波数,0,0,0,0,2022/10/20 17:05:04
月間,202211,策定,三重東近江線,2022/12/15,昼間帯,順方向,960,960,0,0,0,0,960,周波数,0,0,0,0,2022/11/18 17:05:04
月間,202211,策定,三重東近江線,2022/12/15,昼間帯,逆方向,-2500,-2500,0,0,0,0,-2500,周波数,0,0,0,0,2022/11/18 17:05:04
月間,202211,策定,三重東近江線,2022/12/15,夜間帯,順方向,1170,1170,0,0,0,0,1170,周波数,0,0,0,0,2022/11/18 17:05:04
月間,202211,策定,三重東近江線,2022/12/15,夜間帯,逆方向,-2000,-2000,0,0,0,0,-2000,周波数,0,0,0,0,2022/11/18 17:05:04
月間,202210,策定,三重東近江線,2022/12/16,昼間帯,順方向,960,960,0,0,0,0,960,周波数,0,0,0,0,2022/10/20 17:05:04
月間,202210,策定,三重東近江線,2022/12/16,昼間帯,逆方向,-2500,-2500,0,0,0,0,-2500,周波数,0,0,0,0,2022/10/20 17:05:04
月間,202210,策定,三重東近江線,2022/12/16,夜間帯,順方向,1170,1170,0,0,0,0,1170,周波数,0,0,0,0,2022/10/20 17:05:04
月間,202210,策定,三重東近江線,2022/12/16,夜間帯,逆方向,-2000,-2000,0,0,0,0,-2000,周波数,0,0,0,0,2022/10/20 17:05:04
月間,202211,策定,三重東近江線,2022/12/16,昼間帯,順方向,960,960,0,0,0,0,960,周波数,0,0,0,0,2022/11/18 17:05:04
月間,202211,策定,三重東近江線,2022/12/16,昼間帯,逆方向,-2500,-2500,0,0,0,0,-2500,周波数,0,0,0,0,2022/11/18 17:05:04
月間,202211,策定,三重東近江線,2022/12/16,夜間帯,順方向,1170,1170,0,0,0,0,1170,周波数,0,0,0,0,2022/11/18 17:05:04
月間,202211,策定,三重東近江線,2022/12/16,夜間帯,逆方向,-2000,-2000,0,0,0,0,-2000,周波数,0,0,0,0,2022/11/18 17:05:04
月間,202210,策定,三重東近江線,2022/12/17,昼間帯,順方向,710,710,0,0,0,0,710,周波数,0,0,0,0,2022/10/20 17:05:04
月間,202210,策定,三重東近江線,2022/12/17,昼間帯,逆方向,-2500,-2500,0,0,0,0,-2500,周波数,0,0,0,0,2022/10/20 17:05:04
月間,202210,策定,三重東近江線,2022/12/17,夜間帯,順方向,1080,1080,0,0,0,0,1080,周波数,0,0,0,0,2022/10/20 17:05:04
月間,202210,策定,三重東近江線,2022/12/17,夜間帯,逆方向,-2000,-2000,0,0,0,0,-2000,周波数,0,0,0,0,2022/10/20 17:05:04
月間,202211,策定,三重東近江線,2022/12/17,昼間帯,順方向,710,710,0,0,0,0,710,周波数,0,0,0,0,2022/11/18 17:05:04
月間,202211,策定,三重東近江線,2022/12/17,昼間帯,逆方向,-2500,-2500,0,0,0,0,-2500,周波数,0,0,0,0,2022/11/18 17:05:04
月間,202211,策定,三重東近江線,2022/12/17,夜間帯,順方向,1080,1080,0,0,0,0,1080,周波数,0,0,0,0,2022/11/18 17:05:04
月間,202211,策定,三重東近江線,2022/12/17,夜間帯,逆方向,-2000,-2000,0,0,0,0,-2000,周波数,0,0,0,0,2022/11/18 17:05:04
月間,202210,策定,三重東近江線,2022/12/18,昼間帯,順方向,710,710,0,0,0,0,710,周波数,0,0,0,0,2022/10/20 17:05:04
月間,202210,策定,三重東近江線,2022/12/18,昼間帯,逆方向,-2000,-2000,0,0,0,0,-2000,周波数,0,0,0,0,2022/10/20 17:05:04
月間,202210,策定,三重東近江線,2022/12/18,夜間帯,順方向,1080,1080,0,0,0,0,1080,周波数,0,0,0,0,2022/10/20 17:05:04
月間,202210,策定,三重東近江線,2022/12/18,夜間帯,逆方向,-2000,-2000,0,0,0,0,-2000,周波数,0,0,0,0,2022/10/20 17:05:04
月間,202211,策定,三重東近江線,2022/12/18,昼間帯,順方向,710,710,0,0,0,0,710,周波数,0,0,0,0,2022/11/18 17:05:04
月間,202211,策定,三重東近江線,2022/12/18,昼間帯,逆方向,-2000,-2000,0,0,0,0,-2000,周波数,0,0,0,0,2022/11/18 17:05:04
月間,202211,策定,三重東近江線,2022/12/18,夜間帯,順方向,1080,1080,0,0,0,0,1080,周波数,0,0,0,0,2022/11/18 17:05:04
月間,202211,策定,三重東近江線,2022/12/18,夜間帯,逆方向,-2000,-2000,0,0,0,0,-2000,周波数,0,0,0,0,2022/11/18 17:05:04
月間,202210,策定,三重東近江線,2022/12/19,昼間帯,順方向,960,960,0,0,0,0,960,周波数,0,0,0,0,2022/10/20 17:05:04
月間,202210,策定,三重東近江線,2022/12/19,昼間帯,逆方向,-2500,-2500,0,0,0,0,-2500,周波数,0,0,0,0,2022/10/20 17:05:04
月間,202210,策定,三重東近江線,2022/12/19,夜間帯,順方向,1080,1080,0,0,0,0,1080,周波数,0,0,0,0,2022/10/20 17:05:04
月間,202210,策定,三重東近江線,2022/12/19,夜間帯,逆方向,-2000,-2000,0,0,0,0,-2000,周波数,0,0,0,0,2022/10/20 17:05:04
月間,202211,策定,三重東近江線,2022/12/19,昼間帯,順方向,960,960,0,0,0,0,960,周波数,0,0,0,0,2022/11/18 17:05:04
月間,202211,策定,三重東近江線,2022/12/19,昼間帯,逆方向,-2500,-2500,0,0,0,0,-2500,周波数,0,0,0,0,2022/11/18 17:05:04
月間,202211,策定,三重東近江線,2022/12/19,夜間帯,順方向,1080,1080,0,0,0,0,1080,周波数,0,0,0,0,2022/11/18 17:05:04
月間,202211,策定,三重東近江線,2022/12/19,夜間帯,逆方向,-2000,-2000,0,0,0,0,-2000,周波数,0,0,0,0,2022/11/18 17:05:04
月間,202210,策定,三重東近江線,2022/12/20,昼間帯,順方向,960,960,0,0,0,0,960,周波数,0,0,0,0,2022/10/20 17:05:04
月間,202210,策定,三重東近江線,2022/12/20,昼間帯,逆方向,-2500,-2500,0,0,0,0,-2500,周波数,0,0,0,0,2022/10/20 17:05:04
月間,202210,策定,三重東近江線,2022/12/20,夜間帯,順方向,1170,1170,0,0,0,0,1170,周波数,0,0,0,0,2022/10/20 17:05:04
月間,202210,策定,三重東近江線,2022/12/20,夜間帯,逆方向,-2000,-2000,0,0,0,0,-2000,周波数,0,0,0,0,2022/10/20 17:05:04
月間,202211,策定,三重東近江線,2022/12/20,昼間帯,順方向,960,960,0,0,0,0,960,周波数,0,0,0,0,2022/11/18 17:05:04
月間,202211,策定,三重東近江線,2022/12/20,昼間帯,逆方向,-2500,-2500,0,0,0,0,-2500,周波数,0,0,0,0,2022/11/18 17:05:04
月間,202211,策定,三重東近江線,2022/12/20,夜間帯,順方向,1170,1170,0,0,0,0,1170,周波数,0,0,0,0,2022/11/18 17:05:04
月間,202211,策定,三重東近江線,2022/12/20,夜間帯,逆方向,-2000,-2000,0,0,0,0,-2000,周波数,0,0,0,0,2022/11/18 17:05:04
月間,202210,策定,三重東近江線,2022/12/21,昼間帯,順方向,960,960,0,0,0,0,960,周波数,0,0,0,0,2022/10/20 17:05:04
月間,202210,策定,三重東近江線,2022/12/21,昼間帯,逆方向,-2500,-2500,0,0,0,0,-2500,周波数,0,0,0,0,2022/10/20 17:05:04
月間,202210,策定,三重東近江線,2022/12/21,夜間帯,順方向,1170,1170,0,0,0,0,1170,周波数,0,0,0,0,2022/10/20 17:05:04
月間,202210,策定,三重東近江線,2022/12/21,夜間帯,逆方向,-2000,-2000,0,0,0,0,-2000,周波数,0,0,0,0,2022/10/20 17:05:04
月間,202211,策定,三重東近江線,2022/12/21,昼間帯,順方向,960,960,0,0,0,0,960,周波数,0,0,0,0,2022/11/18 17:05:04
月間,202211,策定,三重東近江線,2022/12/21,昼間帯,逆方向,-2500,-2500,0,0,0,0,-2500,周波数,0,0,0,0,2022/11/18 17:05:04
月間,202211,策定,三重東近江線,2022/12/21,夜間帯,順方向,1170,1170,0,0,0,0,1170,周波数,0,0,0,0,2022/11/18 17:05:04
月間,202211,策定,三重東近江線,2022/12/21,夜間帯,逆方向,-2000,-2000,0,0,0,0,-2000,周波数,0,0,0,0,2022/11/18 17:05:04
月間,202210,策定,三重東近江線,2022/12/22,昼間帯,順方向,960,960,0,0,0,0,960,周波数,0,0,0,0,2022/10/20 17:05:04
月間,202210,策定,三重東近江線,2022/12/22,昼間帯,逆方向,-2500,-2500,0,0,0,0,-2500,周波数,0,0,0,0,2022/10/20 17:05:04
月間,202210,策定,三重東近江線,2022/12/22,夜間帯,順方向,1170,1170,0,0,0,0,1170,周波数,0,0,0,0,2022/10/20 17:05:04
月間,202210,策定,三重東近江線,2022/12/22,夜間帯,逆方向,-2000,-2000,0,0,0,0,-2000,周波数,0,0,0,0,2022/10/20 17:05:04
月間,202211,策定,三重東近江線,2022/12/22,昼間帯,順方向,960,960,0,0,0,0,960,周波数,0,0,0,0,2022/11/18 17:05:04
月間,202211,策定,三重東近江線,2022/12/22,昼間帯,逆方向,-2500,-2500,0,0,0,0,-2500,周波数,0,0,0,0,2022/11/18 17:05:04
月間,202211,策定,三重東近江線,2022/12/22,夜間帯,順方向,1170,1170,0,0,0,0,1170,周波数,0,0,0,0,2022/11/18 17:05:04
月間,202211,策定,三重東近江線,2022/12/22,夜間帯,逆方向,-2000,-2000,0,0,0,0,-2000,周波数,0,0,0,0,2022/11/18 17:05:04
月間,202210,策定,三重東近江線,2022/12/23,昼間帯,順方向,960,960,0,0,0,0,960,周波数,0,0,0,0,2022/10/20 17:05:04
月間,202210,策定,三重東近江線,2022/12/23,昼間帯,逆方向,-2500,-2500,0,0,0,0,-2500,周波数,0,0,0,0,2022/10/20 17:05:04
月間,202210,策定,三重東近江線,2022/12/23,夜間帯,順方向,1170,1170,0,0,0,0,1170,周波数,0,0,0,0,2022/10/20 17:05:04
月間,202210,策定,三重東近江線,2022/12/23,夜間帯,逆方向,-2000,-2000,0,0,0,0,-2000,周波数,0,0,0,0,2022/10/20 17:05:04
月間,202211,策定,三重東近江線,2022/12/23,昼間帯,順方向,960,960,0,0,0,0,960,周波数,0,0,0,0,2022/11/18 17:05:04
月間,202211,策定,三重東近江線,2022/12/23,昼間帯,逆方向,-2500,-2500,0,0,0,0,-2500,周波数,0,0,0,0,2022/11/18 17:05:04
月間,202211,策定,三重東近江線,2022/12/23,夜間帯,順方向,1170,1170,0,0,0,0,1170,周波数,0,0,0,0,2022/11/18 17:05:04
月間,202211,策定,三重東近江線,2022/12/23,夜間帯,逆方向,-2000,-2000,0,0,0,0,-2000,周波数,0,0,0,0,2022/11/18 17:05:04
月間,202210,策定,三重東近江線,2022/12/24,昼間帯,順方向,710,710,0,0,0,0,710,周波数,0,0,0,0,2022/10/20 17:05:04
月間,202210,策定,三重東近江線,2022/12/24,昼間帯,逆方向,-2500,-2500,0,0,0,0,-2500,周波数,0,0,0,0,2022/10/20 17:05:04
月間,202210,策定,三重東近江線,2022/12/24,夜間帯,順方向,1080,1080,0,0,0,0,1080,周波数,0,0,0,0,2022/10/20 17:05:04
月間,202210,策定,三重東近江線,2022/12/24,夜間帯,逆方向,-2000,-2000,0,0,0,0,-2000,周波数,0,0,0,0,2022/10/20 17:05:04
月間,202211,策定,三重東近江線,2022/12/24,昼間帯,順方向,710,710,0,0,0,0,710,周波数,0,0,0,0,2022/11/18 17:05:04
月間,202211,策定,三重東近江線,2022/12/24,昼間帯,逆方向,-2500,-2500,0,0,0,0,-2500,周波数,0,0,0,0,2022/11/18 17:05:04
月間,202211,策定,三重東近江線,2022/12/24,夜間帯,順方向,1080,1080,0,0,0,0,1080,周波数,0,0,0,0,2022/11/18 17:05:04
月間,202211,策定,三重東近江線,2022/12/24,夜間帯,逆方向,-2000,-2000,0,0,0,0,-2000,周波数,0,0,0,0,2022/11/18 17:05:04
月間,202210,策定,三重東近江線,2022/12/25,昼間帯,順方向,710,710,0,0,0,0,710,周波数,0,0,0,0,2022/10/20 17:05:04
月間,202210,策定,三重東近江線,2022/12/25,昼間帯,逆方向,-2000,-2000,0,0,0,0,-2000,周波数,0,0,0,0,2022/10/20 17:05:04
月間,202210,策定,三重東近江線,2022/12/25,夜間帯,順方向,1080,1080,0,0,0,0,1080,周波数,0,0,0,0,2022/10/20 17:05:04
月間,202210,策定,三重東近江線,2022/12/25,夜間帯,逆方向,-2000,-2000,0,0,0,0,-2000,周波数,0,0,0,0,2022/10/20 17:05:04
月間,202211,策定,三重東近江線,2022/12/25,昼間帯,順方向,710,710,0,0,0,0,710,周波数,0,0,0,0,2022/11/18 17:05:04
月間,202211,策定,三重東近江線,2022/12/25,昼間帯,逆方向,-2000,-2000,0,0,0,0,-2000,周波数,0,0,0,0,2022/11/18 17:05:04
月間,202211,策定,三重東近江線,2022/12/25,夜間帯,順方向,1080,1080,0,0,0,0,1080,周波数,0,0,0,0,2022/11/18 17:05:04
月間,202211,策定,三重東近江線,2022/12/25,夜間帯,逆方向,-2000,-2000,0,0,0,0,-2000,周波数,0,0,0,0,2022/11/18 17:05:04
月間,202210,策定,三重東近江線,2022/12/26,昼間帯,順方向,960,960,0,0,0,0,960,周波数,0,0,0,0,2022/10/20 17:05:04
月間,202210,策定,三重東近江線,2022/12/26,昼間帯,逆方向,-2500,-2500,0,0,0,0,-2500,周波数,0,0,0,0,2022/10/20 17:05:04
月間,202210,策定,三重東近江線,2022/12/26,夜間帯,順方向,1080,1080,0,0,0,0,1080,周波数,0,0,0,0,2022/10/20 17:05:04
月間,202210,策定,三重東近江線,2022/12/26,夜間帯,逆方向,-2000,-2000,0,0,0,0,-2000,周波数,0,0,0,0,2022/10/20 17:05:04
月間,202211,策定,三重東近江線,2022/12/26,昼間帯,順方向,960,960,0,0,0,0,960,周波数,0,0,0,0,2022/11/18 17:05:04
月間,202211,策定,三重東近江線,2022/12/26,昼間帯,逆方向,-2500,-2500,0,0,0,0,-2500,周波数,0,0,0,0,2022/11/18 17:05:04
月間,202211,策定,三重東近江線,2022/12/26,夜間帯,順方向,1080,1080,0,0,0,0,1080,周波数,0,0,0,0,2022/11/18 17:05:04
月間,202211,策定,三重東近江線,2022/12/26,夜間帯,逆方向,-2000,-2000,0,0,0,0,-2000,周波数,0,0,0,0,2022/11/18 17:05:04
月間,202210,策定,三重東近江線,2022/12/27,昼間帯,順方向,960,960,0,0,0,0,960,周波数,0,0,0,0,2022/10/20 17:05:04
月間,202210,策定,三重東近江線,2022/12/27,昼間帯,逆方向,-2500,-2500,0,0,0,0,-2500,周波数,0,0,0,0,2022/10/20 17:05:04
月間,202210,策定,三重東近江線,2022/12/27,夜間帯,順方向,1170,1170,0,0,0,0,1170,周波数,0,0,0,0,2022/10/20 17:05:04
月間,202210,策定,三重東近江線,2022/12/27,夜間帯,逆方向,-2000,-2000,0,0,0,0,-2000,周波数,0,0,0,0,2022/10/20 17:05:04
月間,202211,策定,三重東近江線,2022/12/27,昼間帯,順方向,960,960,0,0,0,0,960,周波数,0,0,0,0,2022/11/18 17:05:04
月間,202211,策定,三重東近江線,2022/12/27,昼間帯,逆方向,-2500,-2500,0,0,0,0,-2500,周波数,0,0,0,0,2022/11/18 17:05:04
月間,202211,策定,三重東近江線,2022/12/27,夜間帯,順方向,1170,1170,0,0,0,0,1170,周波数,0,0,0,0,2022/11/18 17:05:04
月間,202211,策定,三重東近江線,2022/12/27,夜間帯,逆方向,-2000,-2000,0,0,0,0,-2000,周波数,0,0,0,0,2022/11/18 17:05:04
月間,202210,策定,三重東近江線,2022/12/28,昼間帯,順方向,960,960,0,0,0,0,960,周波数,0,0,0,0,2022/10/20 17:05:04
月間,202210,策定,三重東近江線,2022/12/28,昼間帯,逆方向,-2500,-2500,0,0,0,0,-2500,周波数,0,0,0,0,2022/10/20 17:05:04
月間,202210,策定,三重東近江線,2022/12/28,夜間帯,順方向,1170,1170,0,0,0,0,1170,周波数,0,0,0,0,2022/10/20 17:05:04
月間,202210,策定,三重東近江線,2022/12/28,夜間帯,逆方向,-2000,-2000,0,0,0,0,-2000,周波数,0,0,0,0,2022/10/20 17:05:04
月間,202211,策定,三重東近江線,2022/12/28,昼間帯,順方向,960,960,0,0,0,0,960,周波数,0,0,0,0,2022/11/18 17:05:04
月間,202211,策定,三重東近江線,2022/12/28,昼間帯,逆方向,-2500,-2500,0,0,0,0,-2500,周波数,0,0,0,0,2022/11/18 17:05:04
月間,202211,策定,三重東近江線,2022/12/28,夜間帯,順方向,1170,1170,0,0,0,0,1170,周波数,0,0,0,0,2022/11/18 17:05:04
月間,202211,策定,三重東近江線,2022/12/28,夜間帯,逆方向,-2000,-2000,0,0,0,0,-2000,周波数,0,0,0,0,2022/11/18 17:05:04
月間,202210,策定,三重東近江線,2022/12/29,昼間帯,順方向,710,710,0,0,0,0,710,周波数,0,0,0,0,2022/10/20 17:05:04
月間,202210,策定,三重東近江線,2022/12/29,昼間帯,逆方向,-2000,-2000,0,0,0,0,-2000,周波数,0,0,0,0,2022/10/20 17:05:04
月間,202210,策定,三重東近江線,2022/12/29,夜間帯,順方向,1080,1080,0,0,0,0,1080,周波数,0,0,0,0,2022/10/20 17:05:04
月間,202210,策定,三重東近江線,2022/12/29,夜間帯,逆方向,-2000,-2000,0,0,0,0,-2000,周波数,0,0,0,0,2022/10/20 17:05:04
月間,202211,策定,三重東近江線,2022/12/29,昼間帯,順方向,710,710,0,0,0,0,710,周波数,0,0,0,0,2022/11/18 17:05:04
月間,202211,策定,三重東近江線,2022/12/29,昼間帯,逆方向,-2000,-2000,0,0,0,0,-2000,周波数,0,0,0,0,2022/11/18 17:05:04
月間,202211,策定,三重東近江線,2022/12/29,夜間帯,順方向,1080,1080,0,0,0,0,1080,周波数,0,0,0,0,2022/11/18 17:05:04
月間,202211,策定,三重東近江線,2022/12/29,夜間帯,逆方向,-2000,-2000,0,0,0,0,-2000,周波数,0,0,0,0,2022/11/18 17:05:04
月間,202210,策定,三重東近江線,2022/12/30,昼間帯,順方向,710,710,0,0,0,0,710,周波数,0,0,0,0,2022/10/20 17:05:04
月間,202210,策定,三重東近江線,2022/12/30,昼間帯,逆方向,-2000,-2000,0,0,0,0,-2000,周波数,0,0,0,0,2022/10/20 17:05:04
月間,202210,策定,三重東近江線,2022/12/30,夜間帯,順方向,1080,1080,0,0,0,0,1080,周波数,0,0,0,0,2022/10/20 17:05:04
月間,202210,策定,三重東近江線,2022/12/30,夜間帯,逆方向,-2000,-2000,0,0,0,0,-2000,周波数,0,0,0,0,2022/10/20 17:05:04
月間,202211,策定,三重東近江線,2022/12/30,昼間帯,順方向,710,710,0,0,0,0,710,周波数,0,0,0,0,2022/11/18 17:05:04
月間,202211,策定,三重東近江線,2022/12/30,昼間帯,逆方向,-2000,-2000,0,0,0,0,-2000,周波数,0,0,0,0,2022/11/18 17:05:04
月間,202211,策定,三重東近江線,2022/12/30,夜間帯,順方向,1080,1080,0,0,0,0,1080,周波数,0,0,0,0,2022/11/18 17:05:04
月間,202211,策定,三重東近江線,2022/12/30,夜間帯,逆方向,-2000,-2000,0,0,0,0,-2000,周波数,0,0,0,0,2022/11/18 17:05:04
月間,202210,策定,三重東近江線,2022/12/31,昼間帯,順方向,570,570,0,0,0,0,570,周波数,0,0,0,0,2022/10/20 17:05:04
月間,202210,策定,三重東近江線,2022/12/31,昼間帯,逆方向,-2000,-2000,0,0,0,0,-2000,周波数,0,0,0,0,2022/10/20 17:05:04
月間,202210,策定,三重東近江線,2022/12/31,夜間帯,順方向,1070,1070,0,0,0,0,1070,周波数,0,0,0,0,2022/10/20 17:05:04
月間,202210,策定,三重東近江線,2022/12/31,夜間帯,逆方向,-2000,-2000,0,0,0,0,-2000,周波数,0,0,0,0,2022/10/20 17:05:04
月間,202211,策定,三重東近江線,2022/12/31,昼間帯,順方向,570,570,0,0,0,0,570,周波数,0,0,0,0,2022/11/18 17:05:04
月間,202211,策定,三重東近江線,2022/12/31,昼間帯,逆方向,-2000,-2000,0,0,0,0,-2000,周波数,0,0,0,0,2022/11/18 17:05:04
月間,202211,策定,三重東近江線,2022/12/31,夜間帯,順方向,1070,1070,0,0,0,0,1070,周波数,0,0,0,0,2022/11/18 17:05:04
月間,202211,策定,三重東近江線,2022/12/31,夜間帯,逆方向,-2000,-2000,0,0,0,0,-2000,周波数,0,0,0,0,2022/11/18 17:05:04
月間,202209,策定,南福光連系所・南福光変電所の連系設備,2022/11/01,昼間帯,順方向,300,300,0,0,0,0,300,熱容量,0,0,0,0,2022/09/20 17:05:04
月間,202209,策定,南福光連系所・南福光変電所の連系設備,2022/11/01,昼間帯,逆方向,-300,-300,0,0,0,0,-300,熱容量,0,0,0,0,2022/09/20 17:05:04
月間,202209,策定,南福光連系所・南福光変電所の連系設備,2022/11/01,夜間帯,順方向,300,300,0,0,0,0,300,熱容量,0,0,0,0,2022/09/20 17:05:04
月間,202209,策定,南福光連系所・南福光変電所の連系設備,2022/11/01,夜間帯,逆方向,-300,-300,0,0,0,0,-300,熱容量,0,0,0,0,2022/09/20 17:05:04
月間,202209,策定,南福光連系所・南福光変電所の連系設備,2022/11/02,昼間帯,順方向,300,300,0,0,0,0,300,熱容量,0,0,0,0,2022/09/20 17:05:04
月間,202209,策定,南福光連系所・南福光変電所の連系設備,2022/11/02,昼間帯,逆方向,-300,-300,0,0,0,0,-300,熱容量,0,0,0,0,2022/09/20 17:05:04
月間,202209,策定,南福光連系所・南福光変電所の連系設備,2022/11/02,夜間帯,順方向,300,300,0,0,0,0,300,熱容量,0,0,0,0,2022/09/20 17:05:04
月間,202209,策定,南福光連系所・南福光変電所の連系設備,2022/11/02,夜間帯,逆方向,-300,-300,0,0,0,0,-300,熱容量,0,0,0,0,2022/09/20 17:05:04
月間,202209,策定,南福光連系所・南福光変電所の連系設備,2022/11/03,昼間帯,順方向,300,300,0,0,0,0,300,熱容量,0,0,0,0,2022/09/20 17:05:04
月間,202209,策定,南福光連系所・南福光変電所の連系設備,2022/11/03,昼間帯,逆方向,-300,-300,0,0,0,0,-300,熱容量,0,0,0,0,2022/09/20 17:05:04
月間,202209,策定,南福光連系所・南福光変電所の連系設備,2022/11/03,夜間帯,順方向,300,300,0,0,0,0,300,熱容量,0,0,0,0,2022/09/20 17:05:04
月間,202209,策定,南福光連系所・南福光変電所の連系設備,2022/11/03,夜間帯,逆方向,-300,-300,0,0,0,0,-300,熱容量,0,0,0,0,2022/09/20 17:05:04
月間,202209,策定,南福光連系所・南福光変電所の連系設備,2022/11/04,昼間帯,順方向,300,300,0,0,0,0,300,熱容量,0,0,0,0,2022/09/20 17:05:04
月間,202209,策定,南福光連系所・南福光変電所の連系設備,2022/11/04,昼間帯,逆方向,-300,-300,0,0,0,0,-300,熱容量,0,0,0,0,2022/09/20 17:05:04
月間,202209,策定,南福光連系所・南福光変電所の連系設備,2022/11/04,夜間帯,順方向,300,300,0,0,0,0,300,熱容量,0,0,0,0,2022/09/20 17:05:04
月間,202209,策定,南福光連系所・南福光変電所の連系設備,2022/11/04,夜間帯,逆方向,-300,-300,0,0,0,0,-300,熱容量,0,0,0,0,2022/09/20 17:05:04
月間,202209,策定,南福光連系所・南福光変電所の連系設備,2022/11/05,昼間帯,順方向,300,300,0,0,0,0,300,熱容量,0,0,0,0,2022/09/20 17:05:04
月間,202209,策定,南福光連系所・南福光変電所の連系設備,2022/11/05,昼間帯,逆方向,-300,-300,0,0,0,0,-300,熱容量,0,0,0,0,2022/09/20 17:05:04
月間,202209,策定,南福光連系所・南福光変電所の連系設備,2022/11/05,夜間帯,順方向,300,300,0,0,0,0,300,熱容量,0,0,0,0,2022/09/20 17:05:04
月間,202209,策定,南福光連系所・南福光変電所の連系設備,2022/11/05,夜間帯,逆方向,-300,-300,0,0,0,0,-300,熱容量,0,0,0,0,2022/09/20 17:05:04
月間,202210,策定,南福光連系所・南福光変電所の連系設備,2022/11/05,昼間帯,順方向,300,300,0,0,0,0,300,熱容量,0,0,0,0,2022/10/20 17:05:04
月間,202210,策定,南福光連系所・南福光変電所の連系設備,2022/11/05,昼間帯,逆方向,-300,-300,0,0,0,0,-300,熱容量,0,0,0,0,2022/10/20 17:05:04
月間,202210,策定,南福光連系所・南福光変電所の連系設備,2022/11/05,夜間帯,順方向,300,300,0,0,0,0,300,熱容量,0,0,0,0,2022/10/20 17:05:04
月間,202210,策定,南福光連系所・南福光変電所の連系設備,2022/11/05,夜間帯,逆方向,-300,-300,0,0,0,0,-300,熱容量,0,0,0,0,2022/10/20 17:05:04
月間,202209,策定,南福光連系所・南福光変電所の連系設備,2022/11/06,昼間帯,順方向,300,300,0,0,0,0,300,熱容量,0,0,0,0,2022/09/20 17:05:04
月間,202209,策定,南福光連系所・南福光変電所の連系設備,2022/11/06,昼間帯,逆方向,-300,-300,0,0,0,0,-300,熱容量,0,0,0,0,2022/09/20 17:05:04
月間,202209,策定,南福光連系所・南福光変電所の連系設備,2022/11/06,夜間帯,順方向,300,300,0,0,0,0,300,熱容量,0,0,0,0,2022/09/20 17:05:04
月間,202209,策定,南福光連系所・南福光変電所の連系設備,2022/11/06,夜間帯,逆方向,-300,-300,0,0,0,0,-300,熱容量,0,0,0,0,2022/09/20 17:05:04
月間,202210,策定,南福光連系所・南福光変電所の連系設備,2022/11/06,昼間帯,順方向,300,300,0,0,0,0,300,熱容量,0,0,0,0,2022/10/20 17:05:04
月間,202210,策定,南福光連系所・南福光変電所の連系設備,2022/11/06,昼間帯,逆方向,-300,-300,0,0,0,0,-300,熱容量,0,0,0,0,2022/10/20 17:05:04
月間,202210,策定,南福光連系所・南福光変電所の連系設備,2022/11/06,夜間帯,順方向,300,300,0,0,0,0,300,熱容量,0,0,0,0,2022/10/20 17:05:04
月間,202210,策定,南福光連系所・南福光変電所の連系設備,2022/11/06,夜間帯,逆方向,-300,-300,0,0,0,0,-300,熱容量,0,0,0,0,2022/10/20 17:05:04
月間,202209,策定,南福光連系所・南福光変電所の連系設備,2022/11/07,昼間帯,順方向,300,300,0,0,0,0,300,熱容量,0,0,0,0,2022/09/20 17:05:04
月間,202209,策定,南福光連系所・南福光変電所の連系設備,2022/11/07,昼間帯,逆方向,-300,-300,0,0,0,0,-300,熱容量,0,0,0,0,2022/09/20 17:05:04
月間,202209,策定,南福光連系所・南福光変電所の連系設備,2022/11/07,夜間帯,順方向,300,300,0,0,0,0,300,熱容量,0,0,0,0,2022/09/20 17:05:04
月間,202209,策定,南福光連系所・南福光変電所の連系設備,2022/11/07,夜間帯,逆方向,-300,-300,0,0,0,0,-300,熱容量,0,0,0,0,2022/09/20 17:05:04
月間,202210,策定,南福光連系所・南福光変電所の連系設備,2022/11/07,昼間帯,順方向,300,300,0,0,0,0,300,熱容量,0,0,0,0,2022/10/20 17:05:04
月間,202210,策定,南福光連系所・南福光変電所の連系設備,2022/11/07,昼間帯,逆方向,-300,-300,0,0,0,0,-300,熱容量,0,0,0,0,2022/10/20 17:05:04
月間,202210,策定,南福光連系所・南福光変電所の連系設備,2022/11/07,夜間帯,順方向,300,300,0,0,0,0,300,熱容量,0,0,0,0,2022/10/20 17:05:04
月間,202210,策定,南福光連系所・南福光変電所の連系設備,2022/11/07,夜間帯,逆方向,-300,-300,0,0,0,0,-300,熱容量,0,0,0,0,2022/10/20 17:05:04
月間,202209,策定,南福光連系所・南福光変電所の連系設備,2022/11/08,昼間帯,順方向,300,300,0,0,0,0,300,熱容量,0,0,0,0,2022/09/20 17:05:04
月間,202209,策定,南福光連系所・南福光変電所の連系設備,2022/11/08,昼間帯,逆方向,-300,-300,0,0,0,0,-300,熱容量,0,0,0,0,2022/09/20 17:05:04
月間,202209,策定,南福光連系所・南福光変電所の連系設備,2022/11/08,夜間帯,順方向,300,300,0,0,0,0,300,熱容量,0,0,0,0,2022/09/20 17:05:04
月間,202209,策定,南福光連系所・南福光変電所の連系設備,2022/11/08,夜間帯,逆方向,-300,-300,0,0,0,0,-300,熱容量,0,0,0,0,2022/09/20 17:05:04
月間,202210,策定,南福光連系所・南福光変電所の連系設備,2022/11/08,昼間帯,順方向,300,300,0,0,0,0,300,熱容量,0,0,0,0,2022/10/20 17:05:04
月間,202210,策定,南福光連系所・南福光変電所の連系設備,2022/11/08,昼間帯,逆方向,-300,-300,0,0,0,0,-300,熱容量,0,0,0,0,2022/10/20 17:05:04
月間,202210,策定,南福光連系所・南福光変電所の連系設備,2022/11/08,夜間帯,順方向,300,300,0,0,0,0,300,熱容量,0,0,0,0,2022/10/20 17:05:04
月間,202210,策定,南福光連系所・南福光変電所の連系設備,2022/11/08,夜間帯,逆方向,-300,-300,0,0,0,0,-300,熱容量,0,0,0,0,2022/10/20 17:05:04
月間,202209,策定,南福光連系所・南福光変電所の連系設備,2022/11/09,昼間帯,順方向,300,300,0,0,0,0,300,熱容量,0,0,0,0,2022/09/20 17:05:04
月間,202209,策定,南福光連系所・南福光変電所の連系設備,2022/11/09,昼間帯,逆方向,-300,-300,0,0,0,0,-300,熱容量,0,0,0,0,2022/09/20 17:05:04
月間,202209,策定,南福光連系所・南福光変電所の連系設備,2022/11/09,夜間帯,順方向,300,300,0,0,0,0,300,熱容量,0,0,0,0,2022/09/20 17:05:04
月間,202209,策定,南福光連系所・南福光変電所の連系設備,2022/11/09,夜間帯,逆方向,-300,-300,0,0,0,0,-300,熱容量,0,0,0,0,2022/09/20 17:05:04
月間,202210,策定,南福光連系所・南福光変電所の連系設備,2022/11/09,昼間帯,順方向,300,300,0,0,0,0,300,熱容量,0,0,0,0,2022/10/20 17:05:04
月間,202210,策定,南福光連系所・南福光変電所の連系設備,2022/11/09,昼間帯,逆方向,-300,-300,0,0,0,0,-300,熱容量,0,0,0,0,2022/10/20 17:05:04
月間,202210,策定,南福光連系所・南福光変電所の連系設備,2022/11/09,夜間帯,順方向,300,300,0,0,0,0,300,熱容量,0,0,0,0,2022/10/20 17:05:04
月間,202210,策定,南福光連系所・南福光変電所の連系設備,2022/11/09,夜間帯,逆方向,-300,-300,0,0,0,0,-300,熱容量,0,0,0,0,2022/10/20 17:05:04
月間,202209,策定,南福光連系所・南福光変電所の連系設備,2022/11/10,昼間帯,順方向,300,300,0,0,0,0,300,熱容量,0,0,0,0,2022/09/20 17:05:04
月間,202209,策定,南福光連系所・南福光変電所の連系設備,2022/11/10,昼間帯,逆方向,-300,-300,0,0,0,0,-300,熱容量,0,0,0,0,2022/09/20 17:05:04
月間,202209,策定,南福光連系所・南福光変電所の連系設備,2022/11/10,夜間帯,順方向,300,300,0,0,0,0,300,熱容量,0,0,0,0,2022/09/20 17:05:04
月間,202209,策定,南福光連系所・南福光変電所の連系設備,2022/11/10,夜間帯,逆方向,-300,-300,0,0,0,0,-300,熱容量,0,0,0,0,2022/09/20 17:05:04
月間,202210,策定,南福光連系所・南福光変電所の連系設備,2022/11/10,昼間帯,順方向,300,300,0,0,0,0,300,熱容量,0,0,0,0,2022/10/20 17:05:04
月間,202210,策定,南福光連系所・南福光変電所の連系設備,2022/11/10,昼間帯,逆方向,-300,-300,0,0,0,0,-300,熱容量,0,0,0,0,2022/10/20 17:05:04
月間,202210,策定,南福光連系所・南福光変電所の連系設備,2022/11/10,夜間帯,順方向,300,300,0,0,0,0,300,熱容量,0,0,0,0,2022/10/20 17:05:04
月間,202210,策定,南福光連系所・南福光変電所の連系設備,2022/11/10,夜間帯,逆方向,-300,-300,0,0,0,0,-300,熱容量,0,0,0,0,2022/10/20 17:05:04
月間,202209,策定,南福光連系所・南福光変電所の連系設備,2022/11/11,昼間帯,順方向,300,300,0,0,0,0,300,熱容量,0,0,0,0,2022/09/20 17:05:04
月間,202209,策定,南福光連系所・南福光変電所の連系設備,2022/11/11,昼間帯,逆方向,-300,-300,0,0,0,0,-300,熱容量,0,0,0,0,2022/09/20 17:05:04
月間,202209,策定,南福光連系所・南福光変電所の連系設備,2022/11/11,夜間帯,順方向,300,300,0,0,0,0,300,熱容量,0,0,0,0,2022/09/20 17:05:04
月間,202209,策定,南福光連系所・南福光変電所の連系設備,2022/11/11,夜間帯,逆方向,-300,-300,0,0,0,0,-300,熱容量,0,0,0,0,2022/09/20 17:05:04
月間,202210,策定,南福光連系所・南福光変電所の連系設備,2022/11/11,昼間帯,順方向,300,300,0,0,0,0,300,熱容量,0,0,0,0,2022/10/20 17:05:04
月間,202210,策定,南福光連系所・南福光変電所の連系設備,2022/11/11,昼間帯,逆方向,-300,-300,0,0,0,0,-300,熱容量,0,0,0,0,2022/10/20 17:05:04
月間,202210,策定,南福光連系所・南福光変電所の連系設備,2022/11/11,夜間帯,順方向,300,300,0,0,0,0,300,熱容量,0,0,0,0,2022/10/20 17:05:04
月間,202210,策定,南福光連系所・南福光変電所の連系設備,2022/11/11,夜間帯,逆方向,-300,-300,0,0,0,0,-300,熱容量,0,0,0,0,2022/10/20 17:05:04
月間,202209,策定,南福光連系所・南福光変電所の連系設備,2022/11/12,昼間帯,順方向,300,300,0,0,0,0,300,熱容量,0,0,0,0,2022/09/20 17:05:04
月間,202209,策定,南福光連系所・南福光変電所の連系設備,2022/11/12,昼間帯,逆方向,-300,-300,0,0,0,0,-300,熱容量,0,0,0,0,2022/09/20 17:05:04
月間,202209,策定,南福光連系所・南福光変電所の連系設備,2022/11/12,夜間帯,順方向,300,300,0,0,0,0,300,熱容量,0,0,0,0,2022/09/20 17:05:04
月間,202209,策定,南福光連系所・南福光変電所の連系設備,2022/11/12,夜間帯,逆方向,-300,-300,0,0,0,0,-300,熱容量,0,0,0,0,2022/09/20 17:05:04
月間,202210,策定,南福光連系所・南福光変電所の連系設備,2022/11/12,昼間帯,順方向,300,300,0,0,0,0,300,熱容量,0,0,0,0,2022/10/20 17:05:04
月間,202210,策定,南福光連系所・南福光変電所の連系設備,2022/11/12,昼間帯,逆方向,-300,-300,0,0,0,0,-300,熱容量,0,0,0,0,2022/10/20 17:05:04
月間,202210,策定,南福光連系所・南福光変電所の連系設備,2022/11/12,夜間帯,順方向,300,300,0,0,0,0,300,熱容量,0,0,0,0,2022/10/20 17:05:04
月間,202210,策定,南福光連系所・南福光変電所の連系設備,2022/11/12,夜間帯,逆方向,-300,-300,0,0,0,0,-300,熱容量,0,0,0,0,2022/10/20 17:05:04
月間,202209,策定,南福光連系所・南福光変電所の連系設備,2022/11/13,昼間帯,順方向,300,300,0,0,0,0,300,熱容量,0,0,0,0,2022/09/20 17:05:04
月間,202209,策定,南福光連系所・南福光変電所の連系設備,2022/11/13,昼間帯,逆方向,-300,-300,0,0,0,0,-300,熱容量,0,0,0,0,2022/09/20 17:05:04
月間,202209,策定,南福光連系所・南福光変電所の連系設備,2022/11/13,夜間帯,順方向,300,300,0,0,0,0,300,熱容量,0,0,0,0,2022/09/20 17:05:04
月間,202209,策定,南福光連系所・南福光変電所の連系設備,2022/11/13,夜間帯,逆方向,-300,-300,0,0,0,0,-300,熱容量,0,0,0,0,2022/09/20 17:05:04
月間,202210,策定,南福光連系所・南福光変電所の連系設備,2022/11/13,昼間帯,順方向,300,300,0,0,0,0,300,熱容量,0,0,0,0,2022/10/20 17:05:04
月間,202210,策定,南福光連系所・南福光変電所の連系設備,2022/11/13,昼間帯,逆方向,-300,-300,0,0,0,0,-300,熱容量,0,0,0,0,2022/10/20 17:05:04
月間,202210,策定,南福光連系所・南福光変電所の連系設備,2022/11/13,夜間帯,順方向,300,300,0,0,0,0,300,熱容量,0,0,0,0,2022/10/20 17:05:04
月間,202210,策定,南福光連系所・南福光変電所の連系設備,2022/11/13,夜間帯,逆方向,-300,-300,0,0,0,0,-300,熱容量,0,0,0,0,2022/10/20 17:05:04
月間,202209,策定,南福光連系所・南福光変電所の連系設備,2022/11/14,昼間帯,順方向,0,0,0,0,0,0,0,熱容量（作業）,0,0,0,0,2022/09/20 17:05:04
月間,202209,策定,南福光連系所・南福光変電所の連系設備,2022/11/14,昼間帯,逆方向,0,0,0,0,0,0,0,熱容量（作業）,0,0,0,0,2022/09/20 17:05:04
月間,202209,策定,南福光連系所・南福光変電所の連系設備,2022/11/14,夜間帯,順方向,0,0,0,0,0,0,0,熱容量（作業）,0,0,0,0,2022/09/20 17:05:04
月間,202209,策定,南福光連系所・南福光変電所の連系設備,2022/11/14,夜間帯,逆方向,0,0,0,0,0,0,0,熱容量（作業）,0,0,0,0,2022/09/20 17:05:04
月間,202210,策定,南福光連系所・南福光変電所の連系設備,2022/11/14,昼間帯,順方向,0,0,0,0,0,0,0,熱容量（作業）,0,0,0,0,2022/10/20 17:05:04
月間,202210,策定,南福光連系所・南福光変電所の連系設備,2022/11/14,昼間帯,逆方向,0,0,0,0,0,0,0,熱容量（作業）,0,0,0,0,2022/10/20 17:05:04
月間,202210,策定,南福光連系所・南福光変電所の連系設備,2022/11/14,夜間帯,順方向,0,0,0,0,0,0,0,熱容量（作業）,0,0,0,0,2022/10/20 17:05:04
月間,202210,策定,南福光連系所・南福光変電所の連系設備,2022/11/14,夜間帯,逆方向,0,0,0,0,0,0,0,熱容量（作業）,0,0,0,0,2022/10/20 17:05:04
月間,202209,策定,南福光連系所・南福光変電所の連系設備,2022/11/15,昼間帯,順方向,0,0,0,0,0,0,0,熱容量（作業）,0,0,0,0,2022/09/20 17:05:04
月間,202209,策定,南福光連系所・南福光変電所の連系設備,2022/11/15,昼間帯,逆方向,0,0,0,0,0,0,0,熱容量（作業）,0,0,0,0,2022/09/20 17:05:04
月間,202209,策定,南福光連系所・南福光変電所の連系設備,2022/11/15,夜間帯,順方向,0,0,0,0,0,0,0,熱容量（作業）,0,0,0,0,2022/09/20 17:05:04
月間,202209,策定,南福光連系所・南福光変電所の連系設備,2022/11/15,夜間帯,逆方向,0,0,0,0,0,0,0,熱容量（作業）,0,0,0,0,2022/09/20 17:05:04
月間,202210,策定,南福光連系所・南福光変電所の連系設備,2022/11/15,昼間帯,順方向,0,0,0,0,0,0,0,熱容量（作業）,0,0,0,0,2022/10/20 17:05:04
月間,202210,策定,南福光連系所・南福光変電所の連系設備,2022/11/15,昼間帯,逆方向,0,0,0,0,0,0,0,熱容量（作業）,0,0,0,0,2022/10/20 17:05:04
月間,202210,策定,南福光連系所・南福光変電所の連系設備,2022/11/15,夜間帯,順方向,0,0,0,0,0,0,0,熱容量（作業）,0,0,0,0,2022/10/20 17:05:04
月間,202210,策定,南福光連系所・南福光変電所の連系設備,2022/11/15,夜間帯,逆方向,0,0,0,0,0,0,0,熱容量（作業）,0,0,0,0,2022/10/20 17:05:04
月間,202209,策定,南福光連系所・南福光変電所の連系設備,2022/11/16,昼間帯,順方向,0,0,0,0,0,0,0,熱容量（作業）,0,0,0,0,2022/09/20 17:05:04
月間,202209,策定,南福光連系所・南福光変電所の連系設備,2022/11/16,昼間帯,逆方向,0,0,0,0,0,0,0,熱容量（作業）,0,0,0,0,2022/09/20 17:05:04
月間,202209,策定,南福光連系所・南福光変電所の連系設備,2022/11/16,夜間帯,順方向,0,0,0,0,0,0,0,熱容量（作業）,0,0,0,0,2022/09/20 17:05:04
月間,202209,策定,南福光連系所・南福光変電所の連系設備,2022/11/16,夜間帯,逆方向,0,0,0,0,0,0,0,熱容量（作業）,0,0,0,0,2022/09/20 17:05:04
月間,202210,策定,南福光連系所・南福光変電所の連系設備,2022/11/16,昼間帯,順方向,0,0,0,0,0,0,0,熱容量（作業）,0,0,0,0,2022/10/20 17:05:04
月間,202210,策定,南福光連系所・南福光変電所の連系設備,2022/11/16,昼間帯,逆方向,0,0,0,0,0,0,0,熱容量（作業）,0,0,0,0,2022/10/20 17:05:04
月間,202210,策定,南福光連系所・南福光変電所の連系設備,2022/11/16,夜間帯,順方向,0,0,0,0,0,0,0,熱容量（作業）,0,0,0,0,2022/10/20 17:05:04
月間,202210,策定,南福光連系所・南福光変電所の連系設備,2022/11/16,夜間帯,逆方向,0,0,0,0,0,0,0,熱容量（作業）,0,0,0,0,2022/10/20 17:05:04
月間,202209,策定,南福光連系所・南福光変電所の連系設備,2022/11/17,昼間帯,順方向,0,0,0,0,0,0,0,熱容量（作業）,0,0,0,0,2022/09/20 17:05:04
月間,202209,策定,南福光連系所・南福光変電所の連系設備,2022/11/17,昼間帯,逆方向,0,0,0,0,0,0,0,熱容量（作業）,0,0,0,0,2022/09/20 17:05:04
月間,202209,策定,南福光連系所・南福光変電所の連系設備,2022/11/17,夜間帯,順方向,0,0,0,0,0,0,0,熱容量（作業）,0,0,0,0,2022/09/20 17:05:04
月間,202209,策定,南福光連系所・南福光変電所の連系設備,2022/11/17,夜間帯,逆方向,0,0,0,0,0,0,0,熱容量（作業）,0,0,0,0,2022/09/20 17:05:04
月間,202210,策定,南福光連系所・南福光変電所の連系設備,2022/11/17,昼間帯,順方向,0,0,0,0,0,0,0,熱容量（作業）,0,0,0,0,2022/10/20 17:05:04
月間,202210,策定,南福光連系所・南福光変電所の連系設備,2022/11/17,昼間帯,逆方向,0,0,0,0,0,0,0,熱容量（作業）,0,0,0,0,2022/10/20 17:05:04
月間,202210,策定,南福光連系所・南福光変電所の連系設備,2022/11/17,夜間帯,順方向,0,0,0,0,0,0,0,熱容量（作業）,0,0,0,0,2022/10/20 17:05:04
月間,202210,策定,南福光連系所・南福光変電所の連系設備,2022/11/17,夜間帯,逆方向,0,0,0,0,0,0,0,熱容量（作業）,0,0,0,0,2022/10/20 17:05:04
月間,202209,策定,南福光連系所・南福光変電所の連系設備,2022/11/18,昼間帯,順方向,0,0,0,0,0,0,0,熱容量（作業）,0,0,0,0,2022/09/20 17:05:04
月間,202209,策定,南福光連系所・南福光変電所の連系設備,2022/11/18,昼間帯,逆方向,0,0,0,0,0,0,0,熱容量（作業）,0,0,0,0,2022/09/20 17:05:04
月間,202209,策定,南福光連系所・南福光変電所の連系設備,2022/11/18,夜間帯,順方向,0,0,0,0,0,0,0,熱容量（作業）,0,0,0,0,2022/09/20 17:05:04
月間,202209,策定,南福光連系所・南福光変電所の連系設備,2022/11/18,夜間帯,逆方向,0,0,0,0,0,0,0,熱容量（作業）,0,0,0,0,2022/09/20 17:05:04
月間,202210,策定,南福光連系所・南福光変電所の連系設備,2022/11/18,昼間帯,順方向,0,0,0,0,0,0,0,熱容量（作業）,0,0,0,0,2022/10/20 17:05:04
月間,202210,策定,南福光連系所・南福光変電所の連系設備,2022/11/18,昼間帯,逆方向,0,0,0,0,0,0,0,熱容量（作業）,0,0,0,0,2022/10/20 17:05:04
月間,202210,策定,南福光連系所・南福光変電所の連系設備,2022/11/18,夜間帯,順方向,0,0,0,0,0,0,0,熱容量（作業）,0,0,0,0,2022/10/20 17:05:04
月間,202210,策定,南福光連系所・南福光変電所の連系設備,2022/11/18,夜間帯,逆方向,0,0,0,0,0,0,0,熱容量（作業）,0,0,0,0,2022/10/20 17:05:04
月間,202209,策定,南福光連系所・南福光変電所の連系設備,2022/11/19,昼間帯,順方向,0,0,0,0,0,0,0,熱容量（作業）,0,0,0,0,2022/09/20 17:05:04
月間,202209,策定,南福光連系所・南福光変電所の連系設備,2022/11/19,昼間帯,逆方向,0,0,0,0,0,0,0,熱容量（作業）,0,0,0,0,2022/09/20 17:05:04
月間,202209,策定,南福光連系所・南福光変電所の連系設備,2022/11/19,夜間帯,順方向,0,0,0,0,0,0,0,熱容量（作業）,0,0,0,0,2022/09/20 17:05:04
月間,202209,策定,南福光連系所・南福光変電所の連系設備,2022/11/19,夜間帯,逆方向,0,0,0,0,0,0,0,熱容量（作業）,0,0,0,0,2022/09/20 17:05:04
月間,202210,策定,南福光連系所・南福光変電所の連系設備,2022/11/19,昼間帯,順方向,0,0,0,0,0,0,0,熱容量（作業）,0,0,0,0,2022/10/20 17:05:04
月間,202210,策定,南福光連系所・南福光変電所の連系設備,2022/11/19,昼間帯,逆方向,0,0,0,0,0,0,0,熱容量（作業）,0,0,0,0,2022/10/20 17:05:04
月間,202210,策定,南福光連系所・南福光変電所の連系設備,2022/11/19,夜間帯,順方向,0,0,0,0,0,0,0,熱容量（作業）,0,0,0,0,2022/10/20 17:05:04
月間,202210,策定,南福光連系所・南福光変電所の連系設備,2022/11/19,夜間帯,逆方向,0,0,0,0,0,0,0,熱容量（作業）,0,0,0,0,2022/10/20 17:05:04
月間,202209,策定,南福光連系所・南福光変電所の連系設備,2022/11/20,昼間帯,順方向,0,0,0,0,0,0,0,熱容量（作業）,0,0,0,0,2022/09/20 17:05:04
月間,202209,策定,南福光連系所・南福光変電所の連系設備,2022/11/20,昼間帯,逆方向,0,0,0,0,0,0,0,熱容量（作業）,0,0,0,0,2022/09/20 17:05:04
月間,202209,策定,南福光連系所・南福光変電所の連系設備,2022/11/20,夜間帯,順方向,0,0,0,0,0,0,0,熱容量（作業）,0,0,0,0,2022/09/20 17:05:04
月間,202209,策定,南福光連系所・南福光変電所の連系設備,2022/11/20,夜間帯,逆方向,0,0,0,0,0,0,0,熱容量（作業）,0,0,0,0,2022/09/20 17:05:04
月間,202210,策定,南福光連系所・南福光変電所の連系設備,2022/11/20,昼間帯,順方向,0,0,0,0,0,0,0,熱容量（作業）,0,0,0,0,2022/10/20 17:05:04
月間,202210,策定,南福光連系所・南福光変電所の連系設備,2022/11/20,昼間帯,逆方向,0,0,0,0,0,0,0,熱容量（作業）,0,0,0,0,2022/10/20 17:05:04
月間,202210,策定,南福光連系所・南福光変電所の連系設備,2022/11/20,夜間帯,順方向,0,0,0,0,0,0,0,熱容量（作業）,0,0,0,0,2022/10/20 17:05:04
月間,202210,策定,南福光連系所・南福光変電所の連系設備,2022/11/20,夜間帯,逆方向,0,0,0,0,0,0,0,熱容量（作業）,0,0,0,0,2022/10/20 17:05:04
月間,202209,策定,南福光連系所・南福光変電所の連系設備,2022/11/21,昼間帯,順方向,0,0,0,0,0,0,0,熱容量（作業）,0,0,0,0,2022/09/20 17:05:04
月間,202209,策定,南福光連系所・南福光変電所の連系設備,2022/11/21,昼間帯,逆方向,0,0,0,0,0,0,0,熱容量（作業）,0,0,0,0,2022/09/20 17:05:04
月間,202209,策定,南福光連系所・南福光変電所の連系設備,2022/11/21,夜間帯,順方向,0,0,0,0,0,0,0,熱容量（作業）,0,0,0,0,2022/09/20 17:05:04
月間,202209,策定,南福光連系所・南福光変電所の連系設備,2022/11/21,夜間帯,逆方向,0,0,0,0,0,0,0,熱容量（作業）,0,0,0,0,2022/09/20 17:05:04
月間,202210,策定,南福光連系所・南福光変電所の連系設備,2022/11/21,昼間帯,順方向,0,0,0,0,0,0,0,熱容量（作業）,0,0,0,0,2022/10/20 17:05:04
月間,202210,策定,南福光連系所・南福光変電所の連系設備,2022/11/21,昼間帯,逆方向,0,0,0,0,0,0,0,熱容量（作業）,0,0,0,0,2022/10/20 17:05:04
月間,202210,策定,南福光連系所・南福光変電所の連系設備,2022/11/21,夜間帯,順方向,0,0,0,0,0,0,0,熱容量（作業）,0,0,0,0,2022/10/20 17:05:04
月間,202210,策定,南福光連系所・南福光変電所の連系設備,2022/11/21,夜間帯,逆方向,0,0,0,0,0,0,0,熱容量（作業）,0,0,0,0,2022/10/20 17:05:04
月間,202209,策定,南福光連系所・南福光変電所の連系設備,2022/11/22,昼間帯,順方向,0,0,0,0,0,0,0,熱容量（作業）,0,0,0,0,2022/09/20 17:05:04
月間,202209,策定,南福光連系所・南福光変電所の連系設備,2022/11/22,昼間帯,逆方向,0,0,0,0,0,0,0,熱容量（作業）,0,0,0,0,2022/09/20 17:05:04
月間,202209,策定,南福光連系所・南福光変電所の連系設備,2022/11/22,夜間帯,順方向,0,0,0,0,0,0,0,熱容量（作業）,0,0,0,0,2022/09/20 17:05:04
月間,202209,策定,南福光連系所・南福光変電所の連系設備,2022/11/22,夜間帯,逆方向,0,0,0,0,0,0,0,熱容量（作業）,0,0,0,0,2022/09/20 17:05:04
月間,202210,策定,南福光連系所・南福光変電所の連系設備,2022/11/22,昼間帯,順方向,0,0,0,0,0,0,0,熱容量（作業）,0,0,0,0,2022/10/20 17:05:04
月間,202210,策定,南福光連系所・南福光変電所の連系設備,2022/11/22,昼間帯,逆方向,0,0,0,0,0,0,0,熱容量（作業）,0,0,0,0,2022/10/20 17:05:04
月間,202210,策定,南福光連系所・南福光変電所の連系設備,2022/11/22,夜間帯,順方向,0,0,0,0,0,0,0,熱容量（作業）,0,0,0,0,2022/10/20 17:05:04
月間,202210,策定,南福光連系所・南福光変電所の連系設備,2022/11/22,夜間帯,逆方向,0,0,0,0,0,0,0,熱容量（作業）,0,0,0,0,2022/10/20 17:05:04
月間,202209,策定,南福光連系所・南福光変電所の連系設備,2022/11/23,昼間帯,順方向,0,0,0,0,0,0,0,熱容量（作業）,0,0,0,0,2022/09/20 17:05:04
月間,202209,策定,南福光連系所・南福光変電所の連系設備,2022/11/23,昼間帯,逆方向,0,0,0,0,0,0,0,熱容量（作業）,0,0,0,0,2022/09/20 17:05:04
月間,202209,策定,南福光連系所・南福光変電所の連系設備,2022/11/23,夜間帯,順方向,0,0,0,0,0,0,0,熱容量（作業）,0,0,0,0,2022/09/20 17:05:04
月間,202209,策定,南福光連系所・南福光変電所の連系設備,2022/11/23,夜間帯,逆方向,0,0,0,0,0,0,0,熱容量（作業）,0,0,0,0,2022/09/20 17:05:04
月間,202210,策定,南福光連系所・南福光変電所の連系設備,2022/11/23,昼間帯,順方向,0,0,0,0,0,0,0,熱容量（作業）,0,0,0,0,2022/10/20 17:05:04
月間,202210,策定,南福光連系所・南福光変電所の連系設備,2022/11/23,昼間帯,逆方向,0,0,0,0,0,0,0,熱容量（作業）,0,0,0,0,2022/10/20 17:05:04
月間,202210,策定,南福光連系所・南福光変電所の連系設備,2022/11/23,夜間帯,順方向,0,0,0,0,0,0,0,熱容量（作業）,0,0,0,0,2022/10/20 17:05:04
月間,202210,策定,南福光連系所・南福光変電所の連系設備,2022/11/23,夜間帯,逆方向,0,0,0,0,0,0,0,熱容量（作業）,0,0,0,0,2022/10/20 17:05:04
月間,202209,策定,南福光連系所・南福光変電所の連系設備,2022/11/24,昼間帯,順方向,0,0,0,0,0,0,0,熱容量（作業）,0,0,0,0,2022/09/20 17:05:04
月間,202209,策定,南福光連系所・南福光変電所の連系設備,2022/11/24,昼間帯,逆方向,0,0,0,0,0,0,0,熱容量（作業）,0,0,0,0,2022/09/20 17:05:04
月間,202209,策定,南福光連系所・南福光変電所の連系設備,2022/11/24,夜間帯,順方向,0,0,0,0,0,0,0,熱容量（作業）,0,0,0,0,2022/09/20 17:05:04
月間,202209,策定,南福光連系所・南福光変電所の連系設備,2022/11/24,夜間帯,逆方向,0,0,0,0,0,0,0,熱容量（作業）,0,0,0,0,2022/09/20 17:05:04
月間,202210,策定,南福光連系所・南福光変電所の連系設備,2022/11/24,昼間帯,順方向,0,0,0,0,0,0,0,熱容量（作業）,0,0,0,0,2022/10/20 17:05:04
月間,202210,策定,南福光連系所・南福光変電所の連系設備,2022/11/24,昼間帯,逆方向,0,0,0,0,0,0,0,熱容量（作業）,0,0,0,0,2022/10/20 17:05:04
月間,202210,策定,南福光連系所・南福光変電所の連系設備,2022/11/24,夜間帯,順方向,0,0,0,0,0,0,0,熱容量（作業）,0,0,0,0,2022/10/20 17:05:04
月間,202210,策定,南福光連系所・南福光変電所の連系設備,2022/11/24,夜間帯,逆方向,0,0,0,0,0,0,0,熱容量（作業）,0,0,0,0,2022/10/20 17:05:04
月間,202209,策定,南福光連系所・南福光変電所の連系設備,2022/11/25,昼間帯,順方向,0,0,0,0,0,0,0,熱容量（作業）,0,0,0,0,2022/09/20 17:05:04
月間,202209,策定,南福光連系所・南福光変電所の連系設備,2022/11/25,昼間帯,逆方向,0,0,0,0,0,0,0,熱容量（作業）,0,0,0,0,2022/09/20 17:05:04
月間,202209,策定,南福光連系所・南福光変電所の連系設備,2022/11/25,夜間帯,順方向,0,0,0,0,0,0,0,熱容量（作業）,0,0,0,0,2022/09/20 17:05:04
月間,202209,策定,南福光連系所・南福光変電所の連系設備,2022/11/25,夜間帯,逆方向,0,0,0,0,0,0,0,熱容量（作業）,0,0,0,0,2022/09/20 17:05:04
月間,202210,策定,南福光連系所・南福光変電所の連系設備,2022/11/25,昼間帯,順方向,0,0,0,0,0,0,0,熱容量（作業）,0,0,0,0,2022/10/20 17:05:04
月間,202210,策定,南福光連系所・南福光変電所の連系設備,2022/11/25,昼間帯,逆方向,0,0,0,0,0,0,0,熱容量（作業）,0,0,0,0,2022/10/20 17:05:04
月間,202210,策定,南福光連系所・南福光変電所の連系設備,2022/11/25,夜間帯,順方向,0,0,0,0,0,0,0,熱容量（作業）,0,0,0,0,2022/10/20 17:05:04
月間,202210,策定,南福光連系所・南福光変電所の連系設備,2022/11/25,夜間帯,逆方向,0,0,0,0,0,0,0,熱容量（作業）,0,0,0,0,2022/10/20 17:05:04
月間,202209,策定,南福光連系所・南福光変電所の連系設備,2022/11/26,昼間帯,順方向,0,0,0,0,0,0,0,熱容量（作業）,0,0,0,0,2022/09/20 17:05:04
月間,202209,策定,南福光連系所・南福光変電所の連系設備,2022/11/26,昼間帯,逆方向,0,0,0,0,0,0,0,熱容量（作業）,0,0,0,0,2022/09/20 17:05:04
月間,202209,策定,南福光連系所・南福光変電所の連系設備,2022/11/26,夜間帯,順方向,0,0,0,0,0,0,0,熱容量（作業）,0,0,0,0,2022/09/20 17:05:04
月間,202209,策定,南福光連系所・南福光変電所の連系設備,2022/11/26,夜間帯,逆方向,0,0,0,0,0,0,0,熱容量（作業）,0,0,0,0,2022/09/20 17:05:04
月間,202210,策定,南福光連系所・南福光変電所の連系設備,2022/11/26,昼間帯,順方向,0,0,0,0,0,0,0,熱容量（作業）,0,0,0,0,2022/10/20 17:05:04
月間,202210,策定,南福光連系所・南福光変電所の連系設備,2022/11/26,昼間帯,逆方向,0,0,0,0,0,0,0,熱容量（作業）,0,0,0,0,2022/10/20 17:05:04
月間,202210,策定,南福光連系所・南福光変電所の連系設備,2022/11/26,夜間帯,順方向,0,0,0,0,0,0,0,熱容量（作業）,0,0,0,0,2022/10/20 17:05:04
月間,202210,策定,南福光連系所・南福光変電所の連系設備,2022/11/26,夜間帯,逆方向,0,0,0,0,0,0,0,熱容量（作業）,0,0,0,0,2022/10/20 17:05:04
月間,202209,策定,南福光連系所・南福光変電所の連系設備,2022/11/27,昼間帯,順方向,0,0,0,0,0,0,0,熱容量（作業）,0,0,0,0,2022/09/20 17:05:04
月間,202209,策定,南福光連系所・南福光変電所の連系設備,2022/11/27,昼間帯,逆方向,0,0,0,0,0,0,0,熱容量（作業）,0,0,0,0,2022/09/20 17:05:04
月間,202209,策定,南福光連系所・南福光変電所の連系設備,2022/11/27,夜間帯,順方向,0,0,0,0,0,0,0,熱容量（作業）,0,0,0,0,2022/09/20 17:05:04
月間,202209,策定,南福光連系所・南福光変電所の連系設備,2022/11/27,夜間帯,逆方向,0,0,0,0,0,0,0,熱容量（作業）,0,0,0,0,2022/09/20 17:05:04
月間,202210,策定,南福光連系所・南福光変電所の連系設備,2022/11/27,昼間帯,順方向,0,0,0,0,0,0,0,熱容量（作業）,0,0,0,0,2022/10/20 17:05:04
月間,202210,策定,南福光連系所・南福光変電所の連系設備,2022/11/27,昼間帯,逆方向,0,0,0,0,0,0,0,熱容量（作業）,0,0,0,0,2022/10/20 17:05:04
月間,202210,策定,南福光連系所・南福光変電所の連系設備,2022/11/27,夜間帯,順方向,0,0,0,0,0,0,0,熱容量（作業）,0,0,0,0,2022/10/20 17:05:04
月間,202210,策定,南福光連系所・南福光変電所の連系設備,2022/11/27,夜間帯,逆方向,0,0,0,0,0,0,0,熱容量（作業）,0,0,0,0,2022/10/20 17:05:04
月間,202209,策定,南福光連系所・南福光変電所の連系設備,2022/11/28,昼間帯,順方向,300,300,0,0,0,0,300,熱容量,0,0,0,0,2022/09/20 17:05:04
月間,202209,策定,南福光連系所・南福光変電所の連系設備,2022/11/28,昼間帯,逆方向,-300,-300,0,0,0,0,-300,熱容量,0,0,0,0,2022/09/20 17:05:04
月間,202209,策定,南福光連系所・南福光変電所の連系設備,2022/11/28,夜間帯,順方向,300,300,0,0,0,0,300,熱容量,0,0,0,0,2022/09/20 17:05:04
月間,202209,策定,南福光連系所・南福光変電所の連系設備,2022/11/28,夜間帯,逆方向,-300,-300,0,0,0,0,-300,熱容量,0,0,0,0,2022/09/20 17:05:04
月間,202210,策定,南福光連系所・南福光変電所の連系設備,2022/11/28,昼間帯,順方向,300,300,0,0,0,0,300,熱容量,0,0,0,0,2022/10/20 17:05:04
月間,202210,策定,南福光連系所・南福光変電所の連系設備,2022/11/28,昼間帯,逆方向,-300,-300,0,0,0,0,-300,熱容量,0,0,0,0,2022/10/20 17:05:04
月間,202210,策定,南福光連系所・南福光変電所の連系設備,2022/11/28,夜間帯,順方向,300,300,0,0,0,0,300,熱容量,0,0,0,0,2022/10/20 17:05:04
月間,202210,策定,南福光連系所・南福光変電所の連系設備,2022/11/28,夜間帯,逆方向,-300,-300,0,0,0,0,-300,熱容量,0,0,0,0,2022/10/20 17:05:04
月間,202209,策定,南福光連系所・南福光変電所の連系設備,2022/11/29,昼間帯,順方向,300,300,0,0,0,0,300,熱容量,0,0,0,0,2022/09/20 17:05:04
月間,202209,策定,南福光連系所・南福光変電所の連系設備,2022/11/29,昼間帯,逆方向,-300,-300,0,0,0,0,-300,熱容量,0,0,0,0,2022/09/20 17:05:04
月間,202209,策定,南福光連系所・南福光変電所の連系設備,2022/11/29,夜間帯,順方向,300,300,0,0,0,0,300,熱容量,0,0,0,0,2022/09/20 17:05:04
月間,202209,策定,南福光連系所・南福光変電所の連系設備,2022/11/29,夜間帯,逆方向,-300,-300,0,0,0,0,-300,熱容量,0,0,0,0,2022/09/20 17:05:04
月間,202210,策定,南福光連系所・南福光変電所の連系設備,2022/11/29,昼間帯,順方向,300,300,0,0,0,0,300,熱容量,0,0,0,0,2022/10/20 17:05:04
月間,202210,策定,南福光連系所・南福光変電所の連系設備,2022/11/29,昼間帯,逆方向,-300,-300,0,0,0,0,-300,熱容量,0,0,0,0,2022/10/20 17:05:04
月間,202210,策定,南福光連系所・南福光変電所の連系設備,2022/11/29,夜間帯,順方向,300,300,0,0,0,0,300,熱容量,0,0,0,0,2022/10/20 17:05:04
月間,202210,策定,南福光連系所・南福光変電所の連系設備,2022/11/29,夜間帯,逆方向,-300,-300,0,0,0,0,-300,熱容量,0,0,0,0,2022/10/20 17:05:04
月間,202209,策定,南福光連系所・南福光変電所の連系設備,2022/11/30,昼間帯,順方向,300,300,0,0,0,0,300,熱容量,0,0,0,0,2022/09/20 17:05:04
月間,202209,策定,南福光連系所・南福光変電所の連系設備,2022/11/30,昼間帯,逆方向,-300,-300,0,0,0,0,-300,熱容量,0,0,0,0,2022/09/20 17:05:04
月間,202209,策定,南福光連系所・南福光変電所の連系設備,2022/11/30,夜間帯,順方向,300,300,0,0,0,0,300,熱容量,0,0,0,0,2022/09/20 17:05:04
月間,202209,策定,南福光連系所・南福光変電所の連系設備,2022/11/30,夜間帯,逆方向,-300,-300,0,0,0,0,-300,熱容量,0,0,0,0,2022/09/20 17:05:04
月間,202210,策定,南福光連系所・南福光変電所の連系設備,2022/11/30,昼間帯,順方向,300,300,0,0,0,0,300,熱容量,0,0,0,0,2022/10/20 17:05:04
月間,202210,策定,南福光連系所・南福光変電所の連系設備,2022/11/30,昼間帯,逆方向,-300,-300,0,0,0,0,-300,熱容量,0,0,0,0,2022/10/20 17:05:04
月間,202210,策定,南福光連系所・南福光変電所の連系設備,2022/11/30,夜間帯,順方向,300,300,0,0,0,0,300,熱容量,0,0,0,0,2022/10/20 17:05:04
月間,202210,策定,南福光連系所・南福光変電所の連系設備,2022/11/30,夜間帯,逆方向,-300,-300,0,0,0,0,-300,熱容量,0,0,0,0,2022/10/20 17:05:04
月間,202210,策定,南福光連系所・南福光変電所の連系設備,2022/12/01,昼間帯,順方向,300,300,0,0,0,0,300,熱容量,0,0,0,0,2022/10/20 17:05:04
月間,202210,策定,南福光連系所・南福光変電所の連系設備,2022/12/01,昼間帯,逆方向,-300,-300,0,0,0,0,-300,熱容量,0,0,0,0,2022/10/20 17:05:04
月間,202210,策定,南福光連系所・南福光変電所の連系設備,2022/12/01,夜間帯,順方向,300,300,0,0,0,0,300,熱容量,0,0,0,0,2022/10/20 17:05:04
月間,202210,策定,南福光連系所・南福光変電所の連系設備,2022/12/01,夜間帯,逆方向,-300,-300,0,0,0,0,-300,熱容量,0,0,0,0,2022/10/20 17:05:04
月間,202210,策定,南福光連系所・南福光変電所の連系設備,2022/12/02,昼間帯,順方向,300,300,0,0,0,0,300,熱容量,0,0,0,0,2022/10/20 17:05:04
月間,202210,策定,南福光連系所・南福光変電所の連系設備,2022/12/02,昼間帯,逆方向,-300,-300,0,0,0,0,-300,熱容量,0,0,0,0,2022/10/20 17:05:04
月間,202210,策定,南福光連系所・南福光変電所の連系設備,2022/12/02,夜間帯,順方向,300,300,0,0,0,0,300,熱容量,0,0,0,0,2022/10/20 17:05:04
月間,202210,策定,南福光連系所・南福光変電所の連系設備,2022/12/02,夜間帯,逆方向,-300,-300,0,0,0,0,-300,熱容量,0,0,0,0,2022/10/20 17:05:04
月間,202210,策定,南福光連系所・南福光変電所の連系設備,2022/12/03,昼間帯,順方向,300,300,0,0,0,0,300,熱容量,0,0,0,0,2022/10/20 17:05:04
月間,202210,策定,南福光連系所・南福光変電所の連系設備,2022/12/03,昼間帯,逆方向,-300,-300,0,0,0,0,-300,熱容量,0,0,0,0,2022/10/20 17:05:04
月間,202210,策定,南福光連系所・南福光変電所の連系設備,2022/12/03,夜間帯,順方向,300,300,0,0,0,0,300,熱容量,0,0,0,0,2022/10/20 17:05:04
月間,202210,策定,南福光連系所・南福光変電所の連系設備,2022/12/03,夜間帯,逆方向,-300,-300,0,0,0,0,-300,熱容量,0,0,0,0,2022/10/20 17:05:04
月間,202211,策定,南福光連系所・南福光変電所の連系設備,2022/12/03,昼間帯,順方向,300,300,0,0,0,0,300,熱容量,0,0,0,0,2022/11/18 17:05:04
月間,202211,策定,南福光連系所・南福光変電所の連系設備,2022/12/03,昼間帯,逆方向,-300,-300,0,0,0,0,-300,熱容量,0,0,0,0,2022/11/18 17:05:04
月間,202211,策定,南福光連系所・南福光変電所の連系設備,2022/12/03,夜間帯,順方向,300,300,0,0,0,0,300,熱容量,0,0,0,0,2022/11/18 17:05:04
月間,202211,策定,南福光連系所・南福光変電所の連系設備,2022/12/03,夜間帯,逆方向,-300,-300,0,0,0,0,-300,熱容量,0,0,0,0,2022/11/18 17:05:04
月間,202210,策定,南福光連系所・南福光変電所の連系設備,2022/12/04,昼間帯,順方向,300,300,0,0,0,0,300,熱容量,0,0,0,0,2022/10/20 17:05:04
月間,202210,策定,南福光連系所・南福光変電所の連系設備,2022/12/04,昼間帯,逆方向,-300,-300,0,0,0,0,-300,熱容量,0,0,0,0,2022/10/20 17:05:04
月間,202210,策定,南福光連系所・南福光変電所の連系設備,2022/12/04,夜間帯,順方向,300,300,0,0,0,0,300,熱容量,0,0,0,0,2022/10/20 17:05:04
月間,202210,策定,南福光連系所・南福光変電所の連系設備,2022/12/04,夜間帯,逆方向,-300,-300,0,0,0,0,-300,熱容量,0,0,0,0,2022/10/20 17:05:04
月間,202211,策定,南福光連系所・南福光変電所の連系設備,2022/12/04,昼間帯,順方向,300,300,0,0,0,0,300,熱容量,0,0,0,0,2022/11/18 17:05:04
月間,202211,策定,南福光連系所・南福光変電所の連系設備,2022/12/04,昼間帯,逆方向,-300,-300,0,0,0,0,-300,熱容量,0,0,0,0,2022/11/18 17:05:04
月間,202211,策定,南福光連系所・南福光変電所の連系設備,2022/12/04,夜間帯,順方向,300,300,0,0,0,0,300,熱容量,0,0,0,0,2022/11/18 17:05:04
月間,202211,策定,南福光連系所・南福光変電所の連系設備,2022/12/04,夜間帯,逆方向,-300,-300,0,0,0,0,-300,熱容量,0,0,0,0,2022/11/18 17:05:04
月間,202210,策定,南福光連系所・南福光変電所の連系設備,2022/12/05,昼間帯,順方向,300,300,0,0,0,0,300,熱容量,0,0,0,0,2022/10/20 17:05:04
月間,202210,策定,南福光連系所・南福光変電所の連系設備,2022/12/05,昼間帯,逆方向,-300,-300,0,0,0,0,-300,熱容量,0,0,0,0,2022/10/20 17:05:04
月間,202210,策定,南福光連系所・南福光変電所の連系設備,2022/12/05,夜間帯,順方向,300,300,0,0,0,0,300,熱容量,0,0,0,0,2022/10/20 17:05:04
月間,202210,策定,南福光連系所・南福光変電所の連系設備,2022/12/05,夜間帯,逆方向,-300,-300,0,0,0,0,-300,熱容量,0,0,0,0,2022/10/20 17:05:04
月間,202211,策定,南福光連系所・南福光変電所の連系設備,2022/12/05,昼間帯,順方向,300,300,0,0,0,0,300,熱容量,0,0,0,0,2022/11/18 17:05:04
月間,202211,策定,南福光連系所・南福光変電所の連系設備,2022/12/05,昼間帯,逆方向,-300,-300,0,0,0,0,-300,熱容量,0,0,0,0,2022/11/18 17:05:04
月間,202211,策定,南福光連系所・南福光変電所の連系設備,2022/12/05,夜間帯,順方向,300,300,0,0,0,0,300,熱容量,0,0,0,0,2022/11/18 17:05:04
月間,202211,策定,南福光連系所・南福光変電所の連系設備,2022/12/05,夜間帯,逆方向,-300,-300,0,0,0,0,-300,熱容量,0,0,0,0,2022/11/18 17:05:04
月間,202210,策定,南福光連系所・南福光変電所の連系設備,2022/12/06,昼間帯,順方向,300,300,0,0,0,0,300,熱容量,0,0,0,0,2022/10/20 17:05:04
月間,202210,策定,南福光連系所・南福光変電所の連系設備,2022/12/06,昼間帯,逆方向,-300,-300,0,0,0,0,-300,熱容量,0,0,0,0,2022/10/20 17:05:04
月間,202210,策定,南福光連系所・南福光変電所の連系設備,2022/12/06,夜間帯,順方向,300,300,0,0,0,0,300,熱容量,0,0,0,0,2022/10/20 17:05:04
月間,202210,策定,南福光連系所・南福光変電所の連系設備,2022/12/06,夜間帯,逆方向,-300,-300,0,0,0,0,-300,熱容量,0,0,0,0,2022/10/20 17:05:04
月間,202211,策定,南福光連系所・南福光変電所の連系設備,2022/12/06,昼間帯,順方向,300,300,0,0,0,0,300,熱容量,0,0,0,0,2022/11/18 17:05:04
月間,202211,策定,南福光連系所・南福光変電所の連系設備,2022/12/06,昼間帯,逆方向,-300,-300,0,0,0,0,-300,熱容量,0,0,0,0,2022/11/18 17:05:04
月間,202211,策定,南福光連系所・南福光変電所の連系設備,2022/12/06,夜間帯,順方向,300,300,0,0,0,0,300,熱容量,0,0,0,0,2022/11/18 17:05:04
月間,202211,策定,南福光連系所・南福光変電所の連系設備,2022/12/06,夜間帯,逆方向,-300,-300,0,0,0,0,-300,熱容量,0,0,0,0,2022/11/18 17:05:04
月間,202210,策定,南福光連系所・南福光変電所の連系設備,2022/12/07,昼間帯,順方向,300,300,0,0,0,0,300,熱容量,0,0,0,0,2022/10/20 17:05:04
月間,202210,策定,南福光連系所・南福光変電所の連系設備,2022/12/07,昼間帯,逆方向,-300,-300,0,0,0,0,-300,熱容量,0,0,0,0,2022/10/20 17:05:04
月間,202210,策定,南福光連系所・南福光変電所の連系設備,2022/12/07,夜間帯,順方向,300,300,0,0,0,0,300,熱容量,0,0,0,0,2022/10/20 17:05:04
月間,202210,策定,南福光連系所・南福光変電所の連系設備,2022/12/07,夜間帯,逆方向,-300,-300,0,0,0,0,-300,熱容量,0,0,0,0,2022/10/20 17:05:04
月間,202211,策定,南福光連系所・南福光変電所の連系設備,2022/12/07,昼間帯,順方向,300,300,0,0,0,0,300,熱容量,0,0,0,0,2022/11/18 17:05:04
月間,202211,策定,南福光連系所・南福光変電所の連系設備,2022/12/07,昼間帯,逆方向,-300,-300,0,0,0,0,-300,熱容量,0,0,0,0,2022/11/18 17:05:04
月間,202211,策定,南福光連系所・南福光変電所の連系設備,2022/12/07,夜間帯,順方向,300,300,0,0,0,0,300,熱容量,0,0,0,0,2022/11/18 17:05:04
月間,202211,策定,南福光連系所・南福光変電所の連系設備,2022/12/07,夜間帯,逆方向,-300,-300,0,0,0,0,-300,熱容量,0,0,0,0,2022/11/18 17:05:04
月間,202210,策定,南福光連系所・南福光変電所の連系設備,2022/12/08,昼間帯,順方向,300,300,0,0,0,0,300,熱容量,0,0,0,0,2022/10/20 17:05:04
月間,202210,策定,南福光連系所・南福光変電所の連系設備,2022/12/08,昼間帯,逆方向,-300,-300,0,0,0,0,-300,熱容量,0,0,0,0,2022/10/20 17:05:04
月間,202210,策定,南福光連系所・南福光変電所の連系設備,2022/12/08,夜間帯,順方向,300,300,0,0,0,0,300,熱容量,0,0,0,0,2022/10/20 17:05:04
月間,202210,策定,南福光連系所・南福光変電所の連系設備,2022/12/08,夜間帯,逆方向,-300,-300,0,0,0,0,-300,熱容量,0,0,0,0,2022/10/20 17:05:04
月間,202211,策定,南福光連系所・南福光変電所の連系設備,2022/12/08,昼間帯,順方向,300,300,0,0,0,0,300,熱容量,0,0,0,0,2022/11/18 17:05:04
月間,202211,策定,南福光連系所・南福光変電所の連系設備,2022/12/08,昼間帯,逆方向,-300,-300,0,0,0,0,-300,熱容量,0,0,0,0,2022/11/18 17:05:04
月間,202211,策定,南福光連系所・南福光変電所の連系設備,2022/12/08,夜間帯,順方向,300,300,0,0,0,0,300,熱容量,0,0,0,0,2022/11/18 17:05:04
月間,202211,策定,南福光連系所・南福光変電所の連系設備,2022/12/08,夜間帯,逆方向,-300,-300,0,0,0,0,-300,熱容量,0,0,0,0,2022/11/18 17:05:04
月間,202210,策定,南福光連系所・南福光変電所の連系設備,2022/12/09,昼間帯,順方向,300,300,0,0,0,0,300,熱容量,0,0,0,0,2022/10/20 17:05:04
月間,202210,策定,南福光連系所・南福光変電所の連系設備,2022/12/09,昼間帯,逆方向,-300,-300,0,0,0,0,-300,熱容量,0,0,0,0,2022/10/20 17:05:04
月間,202210,策定,南福光連系所・南福光変電所の連系設備,2022/12/09,夜間帯,順方向,300,300,0,0,0,0,300,熱容量,0,0,0,0,2022/10/20 17:05:04
月間,202210,策定,南福光連系所・南福光変電所の連系設備,2022/12/09,夜間帯,逆方向,-300,-300,0,0,0,0,-300,熱容量,0,0,0,0,2022/10/20 17:05:04
月間,202211,策定,南福光連系所・南福光変電所の連系設備,2022/12/09,昼間帯,順方向,300,300,0,0,0,0,300,熱容量,0,0,0,0,2022/11/18 17:05:04
月間,202211,策定,南福光連系所・南福光変電所の連系設備,2022/12/09,昼間帯,逆方向,-300,-300,0,0,0,0,-300,熱容量,0,0,0,0,2022/11/18 17:05:04
月間,202211,策定,南福光連系所・南福光変電所の連系設備,2022/12/09,夜間帯,順方向,300,300,0,0,0,0,300,熱容量,0,0,0,0,2022/11/18 17:05:04
月間,202211,策定,南福光連系所・南福光変電所の連系設備,2022/12/09,夜間帯,逆方向,-300,-300,0,0,0,0,-300,熱容量,0,0,0,0,2022/11/18 17:05:04
月間,202210,策定,南福光連系所・南福光変電所の連系設備,2022/12/10,昼間帯,順方向,300,300,0,0,0,0,300,熱容量,0,0,0,0,2022/10/20 17:05:04
月間,202210,策定,南福光連系所・南福光変電所の連系設備,2022/12/10,昼間帯,逆方向,-300,-300,0,0,0,0,-300,熱容量,0,0,0,0,2022/10/20 17:05:04
月間,202210,策定,南福光連系所・南福光変電所の連系設備,2022/12/10,夜間帯,順方向,300,300,0,0,0,0,300,熱容量,0,0,0,0,2022/10/20 17:05:04
月間,202210,策定,南福光連系所・南福光変電所の連系設備,2022/12/10,夜間帯,逆方向,-300,-300,0,0,0,0,-300,熱容量,0,0,0,0,2022/10/20 17:05:04
月間,202211,策定,南福光連系所・南福光変電所の連系設備,2022/12/10,昼間帯,順方向,300,300,0,0,0,0,300,熱容量,0,0,0,0,2022/11/18 17:05:04
月間,202211,策定,南福光連系所・南福光変電所の連系設備,2022/12/10,昼間帯,逆方向,-300,-300,0,0,0,0,-300,熱容量,0,0,0,0,2022/11/18 17:05:04
月間,202211,策定,南福光連系所・南福光変電所の連系設備,2022/12/10,夜間帯,順方向,300,300,0,0,0,0,300,熱容量,0,0,0,0,2022/11/18 17:05:04
月間,202211,策定,南福光連系所・南福光変電所の連系設備,2022/12/10,夜間帯,逆方向,-300,-300,0,0,0,0,-300,熱容量,0,0,0,0,2022/11/18 17:05:04
月間,202210,策定,南福光連系所・南福光変電所の連系設備,2022/12/11,昼間帯,順方向,300,300,0,0,0,0,300,熱容量,0,0,0,0,2022/10/20 17:05:04
月間,202210,策定,南福光連系所・南福光変電所の連系設備,2022/12/11,昼間帯,逆方向,-300,-300,0,0,0,0,-300,熱容量,0,0,0,0,2022/10/20 17:05:04
月間,202210,策定,南福光連系所・南福光変電所の連系設備,2022/12/11,夜間帯,順方向,300,300,0,0,0,0,300,熱容量,0,0,0,0,2022/10/20 17:05:04
月間,202210,策定,南福光連系所・南福光変電所の連系設備,2022/12/11,夜間帯,逆方向,-300,-300,0,0,0,0,-300,熱容量,0,0,0,0,2022/10/20 17:05:04
月間,202211,策定,南福光連系所・南福光変電所の連系設備,2022/12/11,昼間帯,順方向,300,300,0,0,0,0,300,熱容量,0,0,0,0,2022/11/18 17:05:04
月間,202211,策定,南福光連系所・南福光変電所の連系設備,2022/12/11,昼間帯,逆方向,-300,-300,0,0,0,0,-300,熱容量,0,0,0,0,2022/11/18 17:05:04
月間,202211,策定,南福光連系所・南福光変電所の連系設備,2022/12/11,夜間帯,順方向,300,300,0,0,0,0,300,熱容量,0,0,0,0,2022/11/18 17:05:04
月間,202211,策定,南福光連系所・南福光変電所の連系設備,2022/12/11,夜間帯,逆方向,-300,-300,0,0,0,0,-300,熱容量,0,0,0,0,2022/11/18 17:05:04
月間,202210,策定,南福光連系所・南福光変電所の連系設備,2022/12/12,昼間帯,順方向,300,300,0,0,0,0,300,熱容量,0,0,0,0,2022/10/20 17:05:04
月間,202210,策定,南福光連系所・南福光変電所の連系設備,2022/12/12,昼間帯,逆方向,-300,-300,0,0,0,0,-300,熱容量,0,0,0,0,2022/10/20 17:05:04
月間,202210,策定,南福光連系所・南福光変電所の連系設備,2022/12/12,夜間帯,順方向,300,300,0,0,0,0,300,熱容量,0,0,0,0,2022/10/20 17:05:04
月間,202210,策定,南福光連系所・南福光変電所の連系設備,2022/12/12,夜間帯,逆方向,-300,-300,0,0,0,0,-300,熱容量,0,0,0,0,2022/10/20 17:05:04
月間,202211,策定,南福光連系所・南福光変電所の連系設備,2022/12/12,昼間帯,順方向,300,300,0,0,0,0,300,熱容量,0,0,0,0,2022/11/18 17:05:04
月間,202211,策定,南福光連系所・南福光変電所の連系設備,2022/12/12,昼間帯,逆方向,-300,-300,0,0,0,0,-300,熱容量,0,0,0,0,2022/11/18 17:05:04
月間,202211,策定,南福光連系所・南福光変電所の連系設備,2022/12/12,夜間帯,順方向,300,300,0,0,0,0,300,熱容量,0,0,0,0,2022/11/18 17:05:04
月間,202211,策定,南福光連系所・南福光変電所の連系設備,2022/12/12,夜間帯,逆方向,-300,-300,0,0,0,0,-300,熱容量,0,0,0,0,2022/11/18 17:05:04
月間,202210,策定,南福光連系所・南福光変電所の連系設備,2022/12/13,昼間帯,順方向,300,300,0,0,0,0,300,熱容量,0,0,0,0,2022/10/20 17:05:04
月間,202210,策定,南福光連系所・南福光変電所の連系設備,2022/12/13,昼間帯,逆方向,-300,-300,0,0,0,0,-300,熱容量,0,0,0,0,2022/10/20 17:05:04
月間,202210,策定,南福光連系所・南福光変電所の連系設備,2022/12/13,夜間帯,順方向,300,300,0,0,0,0,300,熱容量,0,0,0,0,2022/10/20 17:05:04
月間,202210,策定,南福光連系所・南福光変電所の連系設備,2022/12/13,夜間帯,逆方向,-300,-300,0,0,0,0,-300,熱容量,0,0,0,0,2022/10/20 17:05:04
月間,202211,策定,南福光連系所・南福光変電所の連系設備,2022/12/13,昼間帯,順方向,300,300,0,0,0,0,300,熱容量,0,0,0,0,2022/11/18 17:05:04
月間,202211,策定,南福光連系所・南福光変電所の連系設備,2022/12/13,昼間帯,逆方向,-300,-300,0,0,0,0,-300,熱容量,0,0,0,0,2022/11/18 17:05:04
月間,202211,策定,南福光連系所・南福光変電所の連系設備,2022/12/13,夜間帯,順方向,300,300,0,0,0,0,300,熱容量,0,0,0,0,2022/11/18 17:05:04
月間,202211,策定,南福光連系所・南福光変電所の連系設備,2022/12/13,夜間帯,逆方向,-300,-300,0,0,0,0,-300,熱容量,0,0,0,0,2022/11/18 17:05:04
月間,202210,策定,南福光連系所・南福光変電所の連系設備,2022/12/14,昼間帯,順方向,300,300,0,0,0,0,300,熱容量,0,0,0,0,2022/10/20 17:05:04
月間,202210,策定,南福光連系所・南福光変電所の連系設備,2022/12/14,昼間帯,逆方向,-300,-300,0,0,0,0,-300,熱容量,0,0,0,0,2022/10/20 17:05:04
月間,202210,策定,南福光連系所・南福光変電所の連系設備,2022/12/14,夜間帯,順方向,300,300,0,0,0,0,300,熱容量,0,0,0,0,2022/10/20 17:05:04
月間,202210,策定,南福光連系所・南福光変電所の連系設備,2022/12/14,夜間帯,逆方向,-300,-300,0,0,0,0,-300,熱容量,0,0,0,0,2022/10/20 17:05:04
月間,202211,策定,南福光連系所・南福光変電所の連系設備,2022/12/14,昼間帯,順方向,300,300,0,0,0,0,300,熱容量,0,0,0,0,2022/11/18 17:05:04
月間,202211,策定,南福光連系所・南福光変電所の連系設備,2022/12/14,昼間帯,逆方向,-300,-300,0,0,0,0,-300,熱容量,0,0,0,0,2022/11/18 17:05:04
月間,202211,策定,南福光連系所・南福光変電所の連系設備,2022/12/14,夜間帯,順方向,300,300,0,0,0,0,300,熱容量,0,0,0,0,2022/11/18 17:05:04
月間,202211,策定,南福光連系所・南福光変電所の連系設備,2022/12/14,夜間帯,逆方向,-300,-300,0,0,0,0,-300,熱容量,0,0,0,0,2022/11/18 17:05:04
月間,202210,策定,南福光連系所・南福光変電所の連系設備,2022/12/15,昼間帯,順方向,300,300,0,0,0,0,300,熱容量,0,0,0,0,2022/10/20 17:05:04
月間,202210,策定,南福光連系所・南福光変電所の連系設備,2022/12/15,昼間帯,逆方向,-300,-300,0,0,0,0,-300,熱容量,0,0,0,0,2022/10/20 17:05:04
月間,202210,策定,南福光連系所・南福光変電所の連系設備,2022/12/15,夜間帯,順方向,300,300,0,0,0,0,300,熱容量,0,0,0,0,2022/10/20 17:05:04
月間,202210,策定,南福光連系所・南福光変電所の連系設備,2022/12/15,夜間帯,逆方向,-300,-300,0,0,0,0,-300,熱容量,0,0,0,0,2022/10/20 17:05:04
月間,202211,策定,南福光連系所・南福光変電所の連系設備,2022/12/15,昼間帯,順方向,300,300,0,0,0,0,300,熱容量,0,0,0,0,2022/11/18 17:05:04
月間,202211,策定,南福光連系所・南福光変電所の連系設備,2022/12/15,昼間帯,逆方向,-300,-300,0,0,0,0,-300,熱容量,0,0,0,0,2022/11/18 17:05:04
月間,202211,策定,南福光連系所・南福光変電所の連系設備,2022/12/15,夜間帯,順方向,300,300,0,0,0,0,300,熱容量,0,0,0,0,2022/11/18 17:05:04
月間,202211,策定,南福光連系所・南福光変電所の連系設備,2022/12/15,夜間帯,逆方向,-300,-300,0,0,0,0,-300,熱容量,0,0,0,0,2022/11/18 17:05:04
月間,202210,策定,南福光連系所・南福光変電所の連系設備,2022/12/16,昼間帯,順方向,300,300,0,0,0,0,300,熱容量,0,0,0,0,2022/10/20 17:05:04
月間,202210,策定,南福光連系所・南福光変電所の連系設備,2022/12/16,昼間帯,逆方向,-300,-300,0,0,0,0,-300,熱容量,0,0,0,0,2022/10/20 17:05:04
月間,202210,策定,南福光連系所・南福光変電所の連系設備,2022/12/16,夜間帯,順方向,300,300,0,0,0,0,300,熱容量,0,0,0,0,2022/10/20 17:05:04
月間,202210,策定,南福光連系所・南福光変電所の連系設備,2022/12/16,夜間帯,逆方向,-300,-300,0,0,0,0,-300,熱容量,0,0,0,0,2022/10/20 17:05:04
月間,202211,策定,南福光連系所・南福光変電所の連系設備,2022/12/16,昼間帯,順方向,300,300,0,0,0,0,300,熱容量,0,0,0,0,2022/11/18 17:05:04
月間,202211,策定,南福光連系所・南福光変電所の連系設備,2022/12/16,昼間帯,逆方向,-300,-300,0,0,0,0,-300,熱容量,0,0,0,0,2022/11/18 17:05:04
月間,202211,策定,南福光連系所・南福光変電所の連系設備,2022/12/16,夜間帯,順方向,300,300,0,0,0,0,300,熱容量,0,0,0,0,2022/11/18 17:05:04
月間,202211,策定,南福光連系所・南福光変電所の連系設備,2022/12/16,夜間帯,逆方向,-300,-300,0,0,0,0,-300,熱容量,0,0,0,0,2022/11/18 17:05:04
月間,202210,策定,南福光連系所・南福光変電所の連系設備,2022/12/17,昼間帯,順方向,300,300,0,0,0,0,300,熱容量,0,0,0,0,2022/10/20 17:05:04
月間,202210,策定,南福光連系所・南福光変電所の連系設備,2022/12/17,昼間帯,逆方向,-300,-300,0,0,0,0,-300,熱容量,0,0,0,0,2022/10/20 17:05:04
月間,202210,策定,南福光連系所・南福光変電所の連系設備,2022/12/17,夜間帯,順方向,300,300,0,0,0,0,300,熱容量,0,0,0,0,2022/10/20 17:05:04
月間,202210,策定,南福光連系所・南福光変電所の連系設備,2022/12/17,夜間帯,逆方向,-300,-300,0,0,0,0,-300,熱容量,0,0,0,0,2022/10/20 17:05:04
月間,202211,策定,南福光連系所・南福光変電所の連系設備,2022/12/17,昼間帯,順方向,300,300,0,0,0,0,300,熱容量,0,0,0,0,2022/11/18 17:05:04
月間,202211,策定,南福光連系所・南福光変電所の連系設備,2022/12/17,昼間帯,逆方向,-300,-300,0,0,0,0,-300,熱容量,0,0,0,0,2022/11/18 17:05:04
月間,202211,策定,南福光連系所・南福光変電所の連系設備,2022/12/17,夜間帯,順方向,300,300,0,0,0,0,300,熱容量,0,0,0,0,2022/11/18 17:05:04
月間,202211,策定,南福光連系所・南福光変電所の連系設備,2022/12/17,夜間帯,逆方向,-300,-300,0,0,0,0,-300,熱容量,0,0,0,0,2022/11/18 17:05:04
月間,202210,策定,南福光連系所・南福光変電所の連系設備,2022/12/18,昼間帯,順方向,300,300,0,0,0,0,300,熱容量,0,0,0,0,2022/10/20 17:05:04
月間,202210,策定,南福光連系所・南福光変電所の連系設備,2022/12/18,昼間帯,逆方向,-300,-300,0,0,0,0,-300,熱容量,0,0,0,0,2022/10/20 17:05:04
月間,202210,策定,南福光連系所・南福光変電所の連系設備,2022/12/18,夜間帯,順方向,300,300,0,0,0,0,300,熱容量,0,0,0,0,2022/10/20 17:05:04
月間,202210,策定,南福光連系所・南福光変電所の連系設備,2022/12/18,夜間帯,逆方向,-300,-300,0,0,0,0,-300,熱容量,0,0,0,0,2022/10/20 17:05:04
月間,202211,策定,南福光連系所・南福光変電所の連系設備,2022/12/18,昼間帯,順方向,300,300,0,0,0,0,300,熱容量,0,0,0,0,2022/11/18 17:05:04
月間,202211,策定,南福光連系所・南福光変電所の連系設備,2022/12/18,昼間帯,逆方向,-300,-300,0,0,0,0,-300,熱容量,0,0,0,0,2022/11/18 17:05:04
月間,202211,策定,南福光連系所・南福光変電所の連系設備,2022/12/18,夜間帯,順方向,300,300,0,0,0,0,300,熱容量,0,0,0,0,2022/11/18 17:05:04
月間,202211,策定,南福光連系所・南福光変電所の連系設備,2022/12/18,夜間帯,逆方向,-300,-300,0,0,0,0,-300,熱容量,0,0,0,0,2022/11/18 17:05:04
月間,202210,策定,南福光連系所・南福光変電所の連系設備,2022/12/19,昼間帯,順方向,300,300,0,0,0,0,300,熱容量,0,0,0,0,2022/10/20 17:05:04
月間,202210,策定,南福光連系所・南福光変電所の連系設備,2022/12/19,昼間帯,逆方向,-300,-300,0,0,0,0,-300,熱容量,0,0,0,0,2022/10/20 17:05:04
月間,202210,策定,南福光連系所・南福光変電所の連系設備,2022/12/19,夜間帯,順方向,300,300,0,0,0,0,300,熱容量,0,0,0,0,2022/10/20 17:05:04
月間,202210,策定,南福光連系所・南福光変電所の連系設備,2022/12/19,夜間帯,逆方向,-300,-300,0,0,0,0,-300,熱容量,0,0,0,0,2022/10/20 17:05:04
月間,202211,策定,南福光連系所・南福光変電所の連系設備,2022/12/19,昼間帯,順方向,300,300,0,0,0,0,300,熱容量,0,0,0,0,2022/11/18 17:05:04
月間,202211,策定,南福光連系所・南福光変電所の連系設備,2022/12/19,昼間帯,逆方向,-300,-300,0,0,0,0,-300,熱容量,0,0,0,0,2022/11/18 17:05:04
月間,202211,策定,南福光連系所・南福光変電所の連系設備,2022/12/19,夜間帯,順方向,300,300,0,0,0,0,300,熱容量,0,0,0,0,2022/11/18 17:05:04
月間,202211,策定,南福光連系所・南福光変電所の連系設備,2022/12/19,夜間帯,逆方向,-300,-300,0,0,0,0,-300,熱容量,0,0,0,0,2022/11/18 17:05:04
月間,202210,策定,南福光連系所・南福光変電所の連系設備,2022/12/20,昼間帯,順方向,300,300,0,0,0,0,300,熱容量,0,0,0,0,2022/10/20 17:05:04
月間,202210,策定,南福光連系所・南福光変電所の連系設備,2022/12/20,昼間帯,逆方向,-300,-300,0,0,0,0,-300,熱容量,0,0,0,0,2022/10/20 17:05:04
月間,202210,策定,南福光連系所・南福光変電所の連系設備,2022/12/20,夜間帯,順方向,300,300,0,0,0,0,300,熱容量,0,0,0,0,2022/10/20 17:05:04
月間,202210,策定,南福光連系所・南福光変電所の連系設備,2022/12/20,夜間帯,逆方向,-300,-300,0,0,0,0,-300,熱容量,0,0,0,0,2022/10/20 17:05:04
月間,202211,策定,南福光連系所・南福光変電所の連系設備,2022/12/20,昼間帯,順方向,300,300,0,0,0,0,300,熱容量,0,0,0,0,2022/11/18 17:05:04
月間,202211,策定,南福光連系所・南福光変電所の連系設備,2022/12/20,昼間帯,逆方向,-300,-300,0,0,0,0,-300,熱容量,0,0,0,0,2022/11/18 17:05:04
月間,202211,策定,南福光連系所・南福光変電所の連系設備,2022/12/20,夜間帯,順方向,300,300,0,0,0,0,300,熱容量,0,0,0,0,2022/11/18 17:05:04
月間,202211,策定,南福光連系所・南福光変電所の連系設備,2022/12/20,夜間帯,逆方向,-300,-300,0,0,0,0,-300,熱容量,0,0,0,0,2022/11/18 17:05:04
月間,202210,策定,南福光連系所・南福光変電所の連系設備,2022/12/21,昼間帯,順方向,300,300,0,0,0,0,300,熱容量,0,0,0,0,2022/10/20 17:05:04
月間,202210,策定,南福光連系所・南福光変電所の連系設備,2022/12/21,昼間帯,逆方向,-300,-300,0,0,0,0,-300,熱容量,0,0,0,0,2022/10/20 17:05:04
月間,202210,策定,南福光連系所・南福光変電所の連系設備,2022/12/21,夜間帯,順方向,300,300,0,0,0,0,300,熱容量,0,0,0,0,2022/10/20 17:05:04
月間,202210,策定,南福光連系所・南福光変電所の連系設備,2022/12/21,夜間帯,逆方向,-300,-300,0,0,0,0,-300,熱容量,0,0,0,0,2022/10/20 17:05:04
月間,202211,策定,南福光連系所・南福光変電所の連系設備,2022/12/21,昼間帯,順方向,300,300,0,0,0,0,300,熱容量,0,0,0,0,2022/11/18 17:05:04
月間,202211,策定,南福光連系所・南福光変電所の連系設備,2022/12/21,昼間帯,逆方向,-300,-300,0,0,0,0,-300,熱容量,0,0,0,0,2022/11/18 17:05:04
月間,202211,策定,南福光連系所・南福光変電所の連系設備,2022/12/21,夜間帯,順方向,300,300,0,0,0,0,300,熱容量,0,0,0,0,2022/11/18 17:05:04
月間,202211,策定,南福光連系所・南福光変電所の連系設備,2022/12/21,夜間帯,逆方向,-300,-300,0,0,0,0,-300,熱容量,0,0,0,0,2022/11/18 17:05:04
月間,202210,策定,南福光連系所・南福光変電所の連系設備,2022/12/22,昼間帯,順方向,300,300,0,0,0,0,300,熱容量,0,0,0,0,2022/10/20 17:05:04
月間,202210,策定,南福光連系所・南福光変電所の連系設備,2022/12/22,昼間帯,逆方向,-300,-300,0,0,0,0,-300,熱容量,0,0,0,0,2022/10/20 17:05:04
月間,202210,策定,南福光連系所・南福光変電所の連系設備,2022/12/22,夜間帯,順方向,300,300,0,0,0,0,300,熱容量,0,0,0,0,2022/10/20 17:05:04
月間,202210,策定,南福光連系所・南福光変電所の連系設備,2022/12/22,夜間帯,逆方向,-300,-300,0,0,0,0,-300,熱容量,0,0,0,0,2022/10/20 17:05:04
月間,202211,策定,南福光連系所・南福光変電所の連系設備,2022/12/22,昼間帯,順方向,300,300,0,0,0,0,300,熱容量,0,0,0,0,2022/11/18 17:05:04
月間,202211,策定,南福光連系所・南福光変電所の連系設備,2022/12/22,昼間帯,逆方向,-300,-300,0,0,0,0,-300,熱容量,0,0,0,0,2022/11/18 17:05:04
月間,202211,策定,南福光連系所・南福光変電所の連系設備,2022/12/22,夜間帯,順方向,300,300,0,0,0,0,300,熱容量,0,0,0,0,2022/11/18 17:05:04
月間,202211,策定,南福光連系所・南福光変電所の連系設備,2022/12/22,夜間帯,逆方向,-300,-300,0,0,0,0,-300,熱容量,0,0,0,0,2022/11/18 17:05:04
月間,202210,策定,南福光連系所・南福光変電所の連系設備,2022/12/23,昼間帯,順方向,300,300,0,0,0,0,300,熱容量,0,0,0,0,2022/10/20 17:05:04
月間,202210,策定,南福光連系所・南福光変電所の連系設備,2022/12/23,昼間帯,逆方向,-300,-300,0,0,0,0,-300,熱容量,0,0,0,0,2022/10/20 17:05:04
月間,202210,策定,南福光連系所・南福光変電所の連系設備,2022/12/23,夜間帯,順方向,300,300,0,0,0,0,300,熱容量,0,0,0,0,2022/10/20 17:05:04
月間,202210,策定,南福光連系所・南福光変電所の連系設備,2022/12/23,夜間帯,逆方向,-300,-300,0,0,0,0,-300,熱容量,0,0,0,0,2022/10/20 17:05:04
月間,202211,策定,南福光連系所・南福光変電所の連系設備,2022/12/23,昼間帯,順方向,300,300,0,0,0,0,300,熱容量,0,0,0,0,2022/11/18 17:05:04
月間,202211,策定,南福光連系所・南福光変電所の連系設備,2022/12/23,昼間帯,逆方向,-300,-300,0,0,0,0,-300,熱容量,0,0,0,0,2022/11/18 17:05:04
月間,202211,策定,南福光連系所・南福光変電所の連系設備,2022/12/23,夜間帯,順方向,300,300,0,0,0,0,300,熱容量,0,0,0,0,2022/11/18 17:05:04
月間,202211,策定,南福光連系所・南福光変電所の連系設備,2022/12/23,夜間帯,逆方向,-300,-300,0,0,0,0,-300,熱容量,0,0,0,0,2022/11/18 17:05:04
月間,202210,策定,南福光連系所・南福光変電所の連系設備,2022/12/24,昼間帯,順方向,300,300,0,0,0,0,300,熱容量,0,0,0,0,2022/10/20 17:05:04
月間,202210,策定,南福光連系所・南福光変電所の連系設備,2022/12/24,昼間帯,逆方向,-300,-300,0,0,0,0,-300,熱容量,0,0,0,0,2022/10/20 17:05:04
月間,202210,策定,南福光連系所・南福光変電所の連系設備,2022/12/24,夜間帯,順方向,300,300,0,0,0,0,300,熱容量,0,0,0,0,2022/10/20 17:05:04
月間,202210,策定,南福光連系所・南福光変電所の連系設備,2022/12/24,夜間帯,逆方向,-300,-300,0,0,0,0,-300,熱容量,0,0,0,0,2022/10/20 17:05:04
月間,202211,策定,南福光連系所・南福光変電所の連系設備,2022/12/24,昼間帯,順方向,300,300,0,0,0,0,300,熱容量,0,0,0,0,2022/11/18 17:05:04
月間,202211,策定,南福光連系所・南福光変電所の連系設備,2022/12/24,昼間帯,逆方向,-300,-300,0,0,0,0,-300,熱容量,0,0,0,0,2022/11/18 17:05:04
月間,202211,策定,南福光連系所・南福光変電所の連系設備,2022/12/24,夜間帯,順方向,300,300,0,0,0,0,300,熱容量,0,0,0,0,2022/11/18 17:05:04
月間,202211,策定,南福光連系所・南福光変電所の連系設備,2022/12/24,夜間帯,逆方向,-300,-300,0,0,0,0,-300,熱容量,0,0,0,0,2022/11/18 17:05:04
月間,202210,策定,南福光連系所・南福光変電所の連系設備,2022/12/25,昼間帯,順方向,300,300,0,0,0,0,300,熱容量,0,0,0,0,2022/10/20 17:05:04
月間,202210,策定,南福光連系所・南福光変電所の連系設備,2022/12/25,昼間帯,逆方向,-300,-300,0,0,0,0,-300,熱容量,0,0,0,0,2022/10/20 17:05:04
月間,202210,策定,南福光連系所・南福光変電所の連系設備,2022/12/25,夜間帯,順方向,300,300,0,0,0,0,300,熱容量,0,0,0,0,2022/10/20 17:05:04
月間,202210,策定,南福光連系所・南福光変電所の連系設備,2022/12/25,夜間帯,逆方向,-300,-300,0,0,0,0,-300,熱容量,0,0,0,0,2022/10/20 17:05:04
月間,202211,策定,南福光連系所・南福光変電所の連系設備,2022/12/25,昼間帯,順方向,300,300,0,0,0,0,300,熱容量,0,0,0,0,2022/11/18 17:05:04
月間,202211,策定,南福光連系所・南福光変電所の連系設備,2022/12/25,昼間帯,逆方向,-300,-300,0,0,0,0,-300,熱容量,0,0,0,0,2022/11/18 17:05:04
月間,202211,策定,南福光連系所・南福光変電所の連系設備,2022/12/25,夜間帯,順方向,300,300,0,0,0,0,300,熱容量,0,0,0,0,2022/11/18 17:05:04
月間,202211,策定,南福光連系所・南福光変電所の連系設備,2022/12/25,夜間帯,逆方向,-300,-300,0,0,0,0,-300,熱容量,0,0,0,0,2022/11/18 17:05:04
月間,202210,策定,南福光連系所・南福光変電所の連系設備,2022/12/26,昼間帯,順方向,300,300,0,0,0,0,300,熱容量,0,0,0,0,2022/10/20 17:05:04
月間,202210,策定,南福光連系所・南福光変電所の連系設備,2022/12/26,昼間帯,逆方向,-300,-300,0,0,0,0,-300,熱容量,0,0,0,0,2022/10/20 17:05:04
月間,202210,策定,南福光連系所・南福光変電所の連系設備,2022/12/26,夜間帯,順方向,300,300,0,0,0,0,300,熱容量,0,0,0,0,2022/10/20 17:05:04
月間,202210,策定,南福光連系所・南福光変電所の連系設備,2022/12/26,夜間帯,逆方向,-300,-300,0,0,0,0,-300,熱容量,0,0,0,0,2022/10/20 17:05:04
月間,202211,策定,南福光連系所・南福光変電所の連系設備,2022/12/26,昼間帯,順方向,300,300,0,0,0,0,300,熱容量,0,0,0,0,2022/11/18 17:05:04
月間,202211,策定,南福光連系所・南福光変電所の連系設備,2022/12/26,昼間帯,逆方向,-300,-300,0,0,0,0,-300,熱容量,0,0,0,0,2022/11/18 17:05:04
月間,202211,策定,南福光連系所・南福光変電所の連系設備,2022/12/26,夜間帯,順方向,300,300,0,0,0,0,300,熱容量,0,0,0,0,2022/11/18 17:05:04
月間,202211,策定,南福光連系所・南福光変電所の連系設備,2022/12/26,夜間帯,逆方向,-300,-300,0,0,0,0,-300,熱容量,0,0,0,0,2022/11/18 17:05:04
月間,202210,策定,南福光連系所・南福光変電所の連系設備,2022/12/27,昼間帯,順方向,300,300,0,0,0,0,300,熱容量,0,0,0,0,2022/10/20 17:05:04
月間,202210,策定,南福光連系所・南福光変電所の連系設備,2022/12/27,昼間帯,逆方向,-300,-300,0,0,0,0,-300,熱容量,0,0,0,0,2022/10/20 17:05:04
月間,202210,策定,南福光連系所・南福光変電所の連系設備,2022/12/27,夜間帯,順方向,300,300,0,0,0,0,300,熱容量,0,0,0,0,2022/10/20 17:05:04
月間,202210,策定,南福光連系所・南福光変電所の連系設備,2022/12/27,夜間帯,逆方向,-300,-300,0,0,0,0,-300,熱容量,0,0,0,0,2022/10/20 17:05:04
月間,202211,策定,南福光連系所・南福光変電所の連系設備,2022/12/27,昼間帯,順方向,300,300,0,0,0,0,300,熱容量,0,0,0,0,2022/11/18 17:05:04
月間,202211,策定,南福光連系所・南福光変電所の連系設備,2022/12/27,昼間帯,逆方向,-300,-300,0,0,0,0,-300,熱容量,0,0,0,0,2022/11/18 17:05:04
月間,202211,策定,南福光連系所・南福光変電所の連系設備,2022/12/27,夜間帯,順方向,300,300,0,0,0,0,300,熱容量,0,0,0,0,2022/11/18 17:05:04
月間,202211,策定,南福光連系所・南福光変電所の連系設備,2022/12/27,夜間帯,逆方向,-300,-300,0,0,0,0,-300,熱容量,0,0,0,0,2022/11/18 17:05:04
月間,202210,策定,南福光連系所・南福光変電所の連系設備,2022/12/28,昼間帯,順方向,300,300,0,0,0,0,300,熱容量,0,0,0,0,2022/10/20 17:05:04
月間,202210,策定,南福光連系所・南福光変電所の連系設備,2022/12/28,昼間帯,逆方向,-300,-300,0,0,0,0,-300,熱容量,0,0,0,0,2022/10/20 17:05:04
月間,202210,策定,南福光連系所・南福光変電所の連系設備,2022/12/28,夜間帯,順方向,300,300,0,0,0,0,300,熱容量,0,0,0,0,2022/10/20 17:05:04
月間,202210,策定,南福光連系所・南福光変電所の連系設備,2022/12/28,夜間帯,逆方向,-300,-300,0,0,0,0,-300,熱容量,0,0,0,0,2022/10/20 17:05:04
月間,202211,策定,南福光連系所・南福光変電所の連系設備,2022/12/28,昼間帯,順方向,300,300,0,0,0,0,300,熱容量,0,0,0,0,2022/11/18 17:05:04
月間,202211,策定,南福光連系所・南福光変電所の連系設備,2022/12/28,昼間帯,逆方向,-300,-300,0,0,0,0,-300,熱容量,0,0,0,0,2022/11/18 17:05:04
月間,202211,策定,南福光連系所・南福光変電所の連系設備,2022/12/28,夜間帯,順方向,300,300,0,0,0,0,300,熱容量,0,0,0,0,2022/11/18 17:05:04
月間,202211,策定,南福光連系所・南福光変電所の連系設備,2022/12/28,夜間帯,逆方向,-300,-300,0,0,0,0,-300,熱容量,0,0,0,0,2022/11/18 17:05:04
月間,202210,策定,南福光連系所・南福光変電所の連系設備,2022/12/29,昼間帯,順方向,300,300,0,0,0,0,300,熱容量,0,0,0,0,2022/10/20 17:05:04
月間,202210,策定,南福光連系所・南福光変電所の連系設備,2022/12/29,昼間帯,逆方向,-300,-300,0,0,0,0,-300,熱容量,0,0,0,0,2022/10/20 17:05:04
月間,202210,策定,南福光連系所・南福光変電所の連系設備,2022/12/29,夜間帯,順方向,300,300,0,0,0,0,300,熱容量,0,0,0,0,2022/10/20 17:05:04
月間,202210,策定,南福光連系所・南福光変電所の連系設備,2022/12/29,夜間帯,逆方向,-300,-300,0,0,0,0,-300,熱容量,0,0,0,0,2022/10/20 17:05:04
月間,202211,策定,南福光連系所・南福光変電所の連系設備,2022/12/29,昼間帯,順方向,300,300,0,0,0,0,300,熱容量,0,0,0,0,2022/11/18 17:05:04
月間,202211,策定,南福光連系所・南福光変電所の連系設備,2022/12/29,昼間帯,逆方向,-300,-300,0,0,0,0,-300,熱容量,0,0,0,0,2022/11/18 17:05:04
月間,202211,策定,南福光連系所・南福光変電所の連系設備,2022/12/29,夜間帯,順方向,300,300,0,0,0,0,300,熱容量,0,0,0,0,2022/11/18 17:05:04
月間,202211,策定,南福光連系所・南福光変電所の連系設備,2022/12/29,夜間帯,逆方向,-300,-300,0,0,0,0,-300,熱容量,0,0,0,0,2022/11/18 17:05:04
月間,202210,策定,南福光連系所・南福光変電所の連系設備,2022/12/30,昼間帯,順方向,300,300,0,0,0,0,300,熱容量,0,0,0,0,2022/10/20 17:05:04
月間,202210,策定,南福光連系所・南福光変電所の連系設備,2022/12/30,昼間帯,逆方向,-300,-300,0,0,0,0,-300,熱容量,0,0,0,0,2022/10/20 17:05:04
月間,202210,策定,南福光連系所・南福光変電所の連系設備,2022/12/30,夜間帯,順方向,300,300,0,0,0,0,300,熱容量,0,0,0,0,2022/10/20 17:05:04
月間,202210,策定,南福光連系所・南福光変電所の連系設備,2022/12/30,夜間帯,逆方向,-300,-300,0,0,0,0,-300,熱容量,0,0,0,0,2022/10/20 17:05:04
月間,202211,策定,南福光連系所・南福光変電所の連系設備,2022/12/30,昼間帯,順方向,300,300,0,0,0,0,300,熱容量,0,0,0,0,2022/11/18 17:05:04
月間,202211,策定,南福光連系所・南福光変電所の連系設備,2022/12/30,昼間帯,逆方向,-300,-300,0,0,0,0,-300,熱容量,0,0,0,0,2022/11/18 17:05:04
月間,202211,策定,南福光連系所・南福光変電所の連系設備,2022/12/30,夜間帯,順方向,300,300,0,0,0,0,300,熱容量,0,0,0,0,2022/11/18 17:05:04
月間,202211,策定,南福光連系所・南福光変電所の連系設備,2022/12/30,夜間帯,逆方向,-300,-300,0,0,0,0,-300,熱容量,0,0,0,0,2022/11/18 17:05:04
月間,202210,策定,南福光連系所・南福光変電所の連系設備,2022/12/31,昼間帯,順方向,300,300,0,0,0,0,300,熱容量,0,0,0,0,2022/10/20 17:05:04
月間,202210,策定,南福光連系所・南福光変電所の連系設備,2022/12/31,昼間帯,逆方向,-300,-300,0,0,0,0,-300,熱容量,0,0,0,0,2022/10/20 17:05:04
月間,202210,策定,南福光連系所・南福光変電所の連系設備,2022/12/31,夜間帯,順方向,300,300,0,0,0,0,300,熱容量,0,0,0,0,2022/10/20 17:05:04
月間,202210,策定,南福光連系所・南福光変電所の連系設備,2022/12/31,夜間帯,逆方向,-300,-300,0,0,0,0,-300,熱容量,0,0,0,0,2022/10/20 17:05:04
月間,202211,策定,南福光連系所・南福光変電所の連系設備,2022/12/31,昼間帯,順方向,300,300,0,0,0,0,300,熱容量,0,0,0,0,2022/11/18 17:05:04
月間,202211,策定,南福光連系所・南福光変電所の連系設備,2022/12/31,昼間帯,逆方向,-300,-300,0,0,0,0,-300,熱容量,0,0,0,0,2022/11/18 17:05:04
月間,202211,策定,南福光連系所・南福光変電所の連系設備,2022/12/31,夜間帯,順方向,300,300,0,0,0,0,300,熱容量,0,0,0,0,2022/11/18 17:05:04
月間,202211,策定,南福光連系所・南福光変電所の連系設備,2022/12/31,夜間帯,逆方向,-300,-300,0,0,0,0,-300,熱容量,0,0,0,0,2022/11/18 17:05:04
月間,202209,策定,越前嶺南線,2022/11/01,昼間帯,順方向,1900,1900,0,0,0,0,1900,安定度,0,0,0,0,2022/09/20 17:05:04
月間,202209,策定,越前嶺南線,2022/11/01,昼間帯,逆方向,-1300,-1300,0,0,0,0,-1300,周波数,0,0,0,0,2022/09/20 17:05:04
月間,202209,策定,越前嶺南線,2022/11/01,夜間帯,順方向,1900,1900,0,0,0,0,1900,安定度,0,0,0,0,2022/09/20 17:05:04
月間,202209,策定,越前嶺南線,2022/11/01,夜間帯,逆方向,-700,-700,0,0,0,0,-700,周波数,0,0,0,0,2022/09/20 17:05:04
月間,202209,策定,越前嶺南線,2022/11/02,昼間帯,順方向,1900,1900,0,0,0,0,1900,安定度,0,0,0,0,2022/09/20 17:05:04
月間,202209,策定,越前嶺南線,2022/11/02,昼間帯,逆方向,-1300,-1300,0,0,0,0,-1300,周波数,0,0,0,0,2022/09/20 17:05:04
月間,202209,策定,越前嶺南線,2022/11/02,夜間帯,順方向,1900,1900,0,0,0,0,1900,安定度,0,0,0,0,2022/09/20 17:05:04
月間,202209,策定,越前嶺南線,2022/11/02,夜間帯,逆方向,-700,-700,0,0,0,0,-700,周波数,0,0,0,0,2022/09/20 17:05:04
月間,202209,策定,越前嶺南線,2022/11/03,昼間帯,順方向,1580,1580,0,0,0,0,1580,周波数,0,0,0,0,2022/09/20 17:05:04
月間,202209,策定,越前嶺南線,2022/11/03,昼間帯,逆方向,-700,-700,0,0,0,0,-700,周波数,0,0,0,0,2022/09/20 17:05:04
月間,202209,策定,越前嶺南線,2022/11/03,夜間帯,順方向,1900,1900,0,0,0,0,1900,安定度,0,0,0,0,2022/09/20 17:05:04
月間,202209,策定,越前嶺南線,2022/11/03,夜間帯,逆方向,-700,-700,0,0,0,0,-700,周波数,0,0,0,0,2022/09/20 17:05:04
月間,202209,策定,越前嶺南線,2022/11/04,昼間帯,順方向,1900,1900,0,0,0,0,1900,安定度,0,0,0,0,2022/09/20 17:05:04
月間,202209,策定,越前嶺南線,2022/11/04,昼間帯,逆方向,-1300,-1300,0,0,0,0,-1300,周波数,0,0,0,0,2022/09/20 17:05:04
月間,202209,策定,越前嶺南線,2022/11/04,夜間帯,順方向,1900,1900,0,0,0,0,1900,安定度,0,0,0,0,2022/09/20 17:05:04
月間,202209,策定,越前嶺南線,2022/11/04,夜間帯,逆方向,-700,-700,0,0,0,0,-700,周波数,0,0,0,0,2022/09/20 17:05:04
月間,202209,策定,越前嶺南線,2022/11/05,昼間帯,順方向,1580,1580,0,0,0,0,1580,周波数,0,0,0,0,2022/09/20 17:05:04
月間,202209,策定,越前嶺南線,2022/11/05,昼間帯,逆方向,-700,-700,0,0,0,0,-700,周波数,0,0,0,0,2022/09/20 17:05:04
月間,202209,策定,越前嶺南線,2022/11/05,夜間帯,順方向,1900,1900,0,0,0,0,1900,安定度,0,0,0,0,2022/09/20 17:05:04
月間,202209,策定,越前嶺南線,2022/11/05,夜間帯,逆方向,-700,-700,0,0,0,0,-700,周波数,0,0,0,0,2022/09/20 17:05:04
月間,202210,策定,越前嶺南線,2022/11/05,昼間帯,順方向,1580,1580,0,0,0,0,1580,周波数,0,0,0,0,2022/10/20 17:05:04
月間,202210,策定,越前嶺南線,2022/11/05,昼間帯,逆方向,-700,-700,0,0,0,0,-700,周波数,0,0,0,0,2022/10/20 17:05:04
月間,202210,策定,越前嶺南線,2022/11/05,夜間帯,順方向,1900,1900,0,0,0,0,1900,安定度,0,0,0,0,2022/10/20 17:05:04
月間,202210,策定,越前嶺南線,2022/11/05,夜間帯,逆方向,-700,-700,0,0,0,0,-700,周波数,0,0,0,0,2022/10/20 17:05:04
月間,202209,策定,越前嶺南線,2022/11/06,昼間帯,順方向,1580,1580,0,0,0,0,1580,周波数,0,0,0,0,2022/09/20 17:05:04
月間,202209,策定,越前嶺南線,2022/11/06,昼間帯,逆方向,-700,-700,0,0,0,0,-700,周波数,0,0,0,0,2022/09/20 17:05:04
月間,202209,策定,越前嶺南線,2022/11/06,夜間帯,順方向,1900,1900,0,0,0,0,1900,安定度,0,0,0,0,2022/09/20 17:05:04
月間,202209,策定,越前嶺南線,2022/11/06,夜間帯,逆方向,-700,-700,0,0,0,0,-700,周波数,0,0,0,0,2022/09/20 17:05:04
月間,202210,策定,越前嶺南線,2022/11/06,昼間帯,順方向,1580,1580,0,0,0,0,1580,周波数,0,0,0,0,2022/10/20 17:05:04
月間,202210,策定,越前嶺南線,2022/11/06,昼間帯,逆方向,-700,-700,0,0,0,0,-700,周波数,0,0,0,0,2022/10/20 17:05:04
月間,202210,策定,越前嶺南線,2022/11/06,夜間帯,順方向,1900,1900,0,0,0,0,1900,安定度,0,0,0,0,2022/10/20 17:05:04
月間,202210,策定,越前嶺南線,2022/11/06,夜間帯,逆方向,-700,-700,0,0,0,0,-700,周波数,0,0,0,0,2022/10/20 17:05:04
月間,202209,策定,越前嶺南線,2022/11/07,昼間帯,順方向,1900,1900,0,0,0,0,1900,安定度,0,0,0,0,2022/09/20 17:05:04
月間,202209,策定,越前嶺南線,2022/11/07,昼間帯,逆方向,-1300,-1300,0,0,0,0,-1300,周波数,0,0,0,0,2022/09/20 17:05:04
月間,202209,策定,越前嶺南線,2022/11/07,夜間帯,順方向,1900,1900,0,0,0,0,1900,安定度,0,0,0,0,2022/09/20 17:05:04
月間,202209,策定,越前嶺南線,2022/11/07,夜間帯,逆方向,-700,-700,0,0,0,0,-700,周波数,0,0,0,0,2022/09/20 17:05:04
月間,202210,策定,越前嶺南線,2022/11/07,昼間帯,順方向,1900,1900,0,0,0,0,1900,安定度,0,0,0,0,2022/10/20 17:05:04
月間,202210,策定,越前嶺南線,2022/11/07,昼間帯,逆方向,-1300,-1300,0,0,0,0,-1300,周波数,0,0,0,0,2022/10/20 17:05:04
月間,202210,策定,越前嶺南線,2022/11/07,夜間帯,順方向,1900,1900,0,0,0,0,1900,安定度,0,0,0,0,2022/10/20 17:05:04
月間,202210,策定,越前嶺南線,2022/11/07,夜間帯,逆方向,-700,-700,0,0,0,0,-700,周波数,0,0,0,0,2022/10/20 17:05:04
月間,202209,策定,越前嶺南線,2022/11/08,昼間帯,順方向,1900,1900,0,0,0,0,1900,安定度,0,0,0,0,2022/09/20 17:05:04
月間,202209,策定,越前嶺南線,2022/11/08,昼間帯,逆方向,-1300,-1300,0,0,0,0,-1300,周波数,0,0,0,0,2022/09/20 17:05:04
月間,202209,策定,越前嶺南線,2022/11/08,夜間帯,順方向,1900,1900,0,0,0,0,1900,安定度,0,0,0,0,2022/09/20 17:05:04
月間,202209,策定,越前嶺南線,2022/11/08,夜間帯,逆方向,-700,-700,0,0,0,0,-700,周波数,0,0,0,0,2022/09/20 17:05:04
月間,202210,策定,越前嶺南線,2022/11/08,昼間帯,順方向,1900,1900,0,0,0,0,1900,安定度,0,0,0,0,2022/10/20 17:05:04
月間,202210,策定,越前嶺南線,2022/11/08,昼間帯,逆方向,-1300,-1300,0,0,0,0,-1300,周波数,0,0,0,0,2022/10/20 17:05:04
月間,202210,策定,越前嶺南線,2022/11/08,夜間帯,順方向,1900,1900,0,0,0,0,1900,安定度,0,0,0,0,2022/10/20 17:05:04
月間,202210,策定,越前嶺南線,2022/11/08,夜間帯,逆方向,-700,-700,0,0,0,0,-700,周波数,0,0,0,0,2022/10/20 17:05:04
月間,202209,策定,越前嶺南線,2022/11/09,昼間帯,順方向,1900,1900,0,0,0,0,1900,安定度,0,0,0,0,2022/09/20 17:05:04
月間,202209,策定,越前嶺南線,2022/11/09,昼間帯,逆方向,-1300,-1300,0,0,0,0,-1300,周波数,0,0,0,0,2022/09/20 17:05:04
月間,202209,策定,越前嶺南線,2022/11/09,夜間帯,順方向,1900,1900,0,0,0,0,1900,安定度,0,0,0,0,2022/09/20 17:05:04
月間,202209,策定,越前嶺南線,2022/11/09,夜間帯,逆方向,-700,-700,0,0,0,0,-700,周波数,0,0,0,0,2022/09/20 17:05:04
月間,202210,策定,越前嶺南線,2022/11/09,昼間帯,順方向,1900,1900,0,0,0,0,1900,安定度,0,0,0,0,2022/10/20 17:05:04
月間,202210,策定,越前嶺南線,2022/11/09,昼間帯,逆方向,-1300,-1300,0,0,0,0,-1300,周波数,0,0,0,0,2022/10/20 17:05:04
月間,202210,策定,越前嶺南線,2022/11/09,夜間帯,順方向,1900,1900,0,0,0,0,1900,安定度,0,0,0,0,2022/10/20 17:05:04
月間,202210,策定,越前嶺南線,2022/11/09,夜間帯,逆方向,-700,-700,0,0,0,0,-700,周波数,0,0,0,0,2022/10/20 17:05:04
月間,202209,策定,越前嶺南線,2022/11/10,昼間帯,順方向,1900,1900,0,0,0,0,1900,安定度,0,0,0,0,2022/09/20 17:05:04
月間,202209,策定,越前嶺南線,2022/11/10,昼間帯,逆方向,-1300,-1300,0,0,0,0,-1300,周波数,0,0,0,0,2022/09/20 17:05:04
月間,202209,策定,越前嶺南線,2022/11/10,夜間帯,順方向,1900,1900,0,0,0,0,1900,安定度,0,0,0,0,2022/09/20 17:05:04
月間,202209,策定,越前嶺南線,2022/11/10,夜間帯,逆方向,-700,-700,0,0,0,0,-700,周波数,0,0,0,0,2022/09/20 17:05:04
月間,202210,策定,越前嶺南線,2022/11/10,昼間帯,順方向,1900,1900,0,0,0,0,1900,安定度,0,0,0,0,2022/10/20 17:05:04
月間,202210,策定,越前嶺南線,2022/11/10,昼間帯,逆方向,-1300,-1300,0,0,0,0,-1300,周波数,0,0,0,0,2022/10/20 17:05:04
月間,202210,策定,越前嶺南線,2022/11/10,夜間帯,順方向,1900,1900,0,0,0,0,1900,安定度,0,0,0,0,2022/10/20 17:05:04
月間,202210,策定,越前嶺南線,2022/11/10,夜間帯,逆方向,-700,-700,0,0,0,0,-700,周波数,0,0,0,0,2022/10/20 17:05:04
月間,202209,策定,越前嶺南線,2022/11/11,昼間帯,順方向,1900,1900,0,0,0,0,1900,安定度,0,0,0,0,2022/09/20 17:05:04
月間,202209,策定,越前嶺南線,2022/11/11,昼間帯,逆方向,-1300,-1300,0,0,0,0,-1300,周波数,0,0,0,0,2022/09/20 17:05:04
月間,202209,策定,越前嶺南線,2022/11/11,夜間帯,順方向,1900,1900,0,0,0,0,1900,安定度,0,0,0,0,2022/09/20 17:05:04
月間,202209,策定,越前嶺南線,2022/11/11,夜間帯,逆方向,-700,-700,0,0,0,0,-700,周波数,0,0,0,0,2022/09/20 17:05:04
月間,202210,策定,越前嶺南線,2022/11/11,昼間帯,順方向,1900,1900,0,0,0,0,1900,安定度,0,0,0,0,2022/10/20 17:05:04
月間,202210,策定,越前嶺南線,2022/11/11,昼間帯,逆方向,-1300,-1300,0,0,0,0,-1300,周波数,0,0,0,0,2022/10/20 17:05:04
月間,202210,策定,越前嶺南線,2022/11/11,夜間帯,順方向,1900,1900,0,0,0,0,1900,安定度,0,0,0,0,2022/10/20 17:05:04
月間,202210,策定,越前嶺南線,2022/11/11,夜間帯,逆方向,-700,-700,0,0,0,0,-700,周波数,0,0,0,0,2022/10/20 17:05:04
月間,202209,策定,越前嶺南線,2022/11/12,昼間帯,順方向,1580,1580,0,0,0,0,1580,周波数,0,0,0,0,2022/09/20 17:05:04
月間,202209,策定,越前嶺南線,2022/11/12,昼間帯,逆方向,-700,-700,0,0,0,0,-700,周波数,0,0,0,0,2022/09/20 17:05:04
月間,202209,策定,越前嶺南線,2022/11/12,夜間帯,順方向,1900,1900,0,0,0,0,1900,安定度,0,0,0,0,2022/09/20 17:05:04
月間,202209,策定,越前嶺南線,2022/11/12,夜間帯,逆方向,-700,-700,0,0,0,0,-700,周波数,0,0,0,0,2022/09/20 17:05:04
月間,202210,策定,越前嶺南線,2022/11/12,昼間帯,順方向,1580,1580,0,0,0,0,1580,周波数,0,0,0,0,2022/10/20 17:05:04
月間,202210,策定,越前嶺南線,2022/11/12,昼間帯,逆方向,-700,-700,0,0,0,0,-700,周波数,0,0,0,0,2022/10/20 17:05:04
月間,202210,策定,越前嶺南線,2022/11/12,夜間帯,順方向,1900,1900,0,0,0,0,1900,安定度,0,0,0,0,2022/10/20 17:05:04
月間,202210,策定,越前嶺南線,2022/11/12,夜間帯,逆方向,-700,-700,0,0,0,0,-700,周波数,0,0,0,0,2022/10/20 17:05:04
月間,202209,策定,越前嶺南線,2022/11/13,昼間帯,順方向,1580,1580,0,0,0,0,1580,周波数,0,0,0,0,2022/09/20 17:05:04
月間,202209,策定,越前嶺南線,2022/11/13,昼間帯,逆方向,-700,-700,0,0,0,0,-700,周波数,0,0,0,0,2022/09/20 17:05:04
月間,202209,策定,越前嶺南線,2022/11/13,夜間帯,順方向,1900,1900,0,0,0,0,1900,安定度,0,0,0,0,2022/09/20 17:05:04
月間,202209,策定,越前嶺南線,2022/11/13,夜間帯,逆方向,-700,-700,0,0,0,0,-700,周波数,0,0,0,0,2022/09/20 17:05:04
月間,202210,策定,越前嶺南線,2022/11/13,昼間帯,順方向,1580,1580,0,0,0,0,1580,周波数,0,0,0,0,2022/10/20 17:05:04
月間,202210,策定,越前嶺南線,2022/11/13,昼間帯,逆方向,-700,-700,0,0,0,0,-700,周波数,0,0,0,0,2022/10/20 17:05:04
月間,202210,策定,越前嶺南線,2022/11/13,夜間帯,順方向,1900,1900,0,0,0,0,1900,安定度,0,0,0,0,2022/10/20 17:05:04
月間,202210,策定,越前嶺南線,2022/11/13,夜間帯,逆方向,-700,-700,0,0,0,0,-700,周波数,0,0,0,0,2022/10/20 17:05:04
月間,202209,策定,越前嶺南線,2022/11/14,昼間帯,順方向,1900,1900,0,0,0,0,1900,安定度,0,0,0,0,2022/09/20 17:05:04
月間,202209,策定,越前嶺南線,2022/11/14,昼間帯,逆方向,-1300,-1300,0,0,0,0,-1300,周波数,0,0,0,0,2022/09/20 17:05:04
月間,202209,策定,越前嶺南線,2022/11/14,夜間帯,順方向,1900,1900,0,0,0,0,1900,安定度,0,0,0,0,2022/09/20 17:05:04
月間,202209,策定,越前嶺南線,2022/11/14,夜間帯,逆方向,-700,-700,0,0,0,0,-700,周波数,0,0,0,0,2022/09/20 17:05:04
月間,202210,策定,越前嶺南線,2022/11/14,昼間帯,順方向,1900,1900,0,0,0,0,1900,安定度,0,0,0,0,2022/10/20 17:05:04
月間,202210,策定,越前嶺南線,2022/11/14,昼間帯,逆方向,-1300,-1300,0,0,0,0,-1300,周波数,0,0,0,0,2022/10/20 17:05:04
月間,202210,策定,越前嶺南線,2022/11/14,夜間帯,順方向,1900,1900,0,0,0,0,1900,安定度,0,0,0,0,2022/10/20 17:05:04
月間,202210,策定,越前嶺南線,2022/11/14,夜間帯,逆方向,-700,-700,0,0,0,0,-700,周波数,0,0,0,0,2022/10/20 17:05:04
月間,202209,策定,越前嶺南線,2022/11/15,昼間帯,順方向,1900,1900,0,0,0,0,1900,安定度,0,0,0,0,2022/09/20 17:05:04
月間,202209,策定,越前嶺南線,2022/11/15,昼間帯,逆方向,-1300,-1300,0,0,0,0,-1300,周波数,0,0,0,0,2022/09/20 17:05:04
月間,202209,策定,越前嶺南線,2022/11/15,夜間帯,順方向,1900,1900,0,0,0,0,1900,安定度,0,0,0,0,2022/09/20 17:05:04
月間,202209,策定,越前嶺南線,2022/11/15,夜間帯,逆方向,-700,-700,0,0,0,0,-700,周波数,0,0,0,0,2022/09/20 17:05:04
月間,202210,策定,越前嶺南線,2022/11/15,昼間帯,順方向,1900,1900,0,0,0,0,1900,安定度,0,0,0,0,2022/10/20 17:05:04
月間,202210,策定,越前嶺南線,2022/11/15,昼間帯,逆方向,-1300,-1300,0,0,0,0,-1300,周波数,0,0,0,0,2022/10/20 17:05:04
月間,202210,策定,越前嶺南線,2022/11/15,夜間帯,順方向,1900,1900,0,0,0,0,1900,安定度,0,0,0,0,2022/10/20 17:05:04
月間,202210,策定,越前嶺南線,2022/11/15,夜間帯,逆方向,-700,-700,0,0,0,0,-700,周波数,0,0,0,0,2022/10/20 17:05:04
月間,202209,策定,越前嶺南線,2022/11/16,昼間帯,順方向,1900,1900,0,0,0,0,1900,安定度,0,0,0,0,2022/09/20 17:05:04
月間,202209,策定,越前嶺南線,2022/11/16,昼間帯,逆方向,-1300,-1300,0,0,0,0,-1300,周波数,0,0,0,0,2022/09/20 17:05:04
月間,202209,策定,越前嶺南線,2022/11/16,夜間帯,順方向,1900,1900,0,0,0,0,1900,安定度,0,0,0,0,2022/09/20 17:05:04
月間,202209,策定,越前嶺南線,2022/11/16,夜間帯,逆方向,-700,-700,0,0,0,0,-700,周波数,0,0,0,0,2022/09/20 17:05:04
月間,202210,策定,越前嶺南線,2022/11/16,昼間帯,順方向,1900,1900,0,0,0,0,1900,安定度,0,0,0,0,2022/10/20 17:05:04
月間,202210,策定,越前嶺南線,2022/11/16,昼間帯,逆方向,-1300,-1300,0,0,0,0,-1300,周波数,0,0,0,0,2022/10/20 17:05:04
月間,202210,策定,越前嶺南線,2022/11/16,夜間帯,順方向,1900,1900,0,0,0,0,1900,安定度,0,0,0,0,2022/10/20 17:05:04
月間,202210,策定,越前嶺南線,2022/11/16,夜間帯,逆方向,-700,-700,0,0,0,0,-700,周波数,0,0,0,0,2022/10/20 17:05:04
月間,202209,策定,越前嶺南線,2022/11/17,昼間帯,順方向,1900,1900,0,0,0,0,1900,安定度,0,0,0,0,2022/09/20 17:05:04
月間,202209,策定,越前嶺南線,2022/11/17,昼間帯,逆方向,-1300,-1300,0,0,0,0,-1300,周波数,0,0,0,0,2022/09/20 17:05:04
月間,202209,策定,越前嶺南線,2022/11/17,夜間帯,順方向,1900,1900,0,0,0,0,1900,安定度,0,0,0,0,2022/09/20 17:05:04
月間,202209,策定,越前嶺南線,2022/11/17,夜間帯,逆方向,-700,-700,0,0,0,0,-700,周波数,0,0,0,0,2022/09/20 17:05:04
月間,202210,策定,越前嶺南線,2022/11/17,昼間帯,順方向,1900,1900,0,0,0,0,1900,安定度,0,0,0,0,2022/10/20 17:05:04
月間,202210,策定,越前嶺南線,2022/11/17,昼間帯,逆方向,-1300,-1300,0,0,0,0,-1300,周波数,0,0,0,0,2022/10/20 17:05:04
月間,202210,策定,越前嶺南線,2022/11/17,夜間帯,順方向,1900,1900,0,0,0,0,1900,安定度,0,0,0,0,2022/10/20 17:05:04
月間,202210,策定,越前嶺南線,2022/11/17,夜間帯,逆方向,-700,-700,0,0,0,0,-700,周波数,0,0,0,0,2022/10/20 17:05:04
月間,202209,策定,越前嶺南線,2022/11/18,昼間帯,順方向,1900,1900,0,0,0,0,1900,安定度,0,0,0,0,2022/09/20 17:05:04
月間,202209,策定,越前嶺南線,2022/11/18,昼間帯,逆方向,-1300,-1300,0,0,0,0,-1300,周波数,0,0,0,0,2022/09/20 17:05:04
月間,202209,策定,越前嶺南線,2022/11/18,夜間帯,順方向,1900,1900,0,0,0,0,1900,安定度,0,0,0,0,2022/09/20 17:05:04
月間,202209,策定,越前嶺南線,2022/11/18,夜間帯,逆方向,-700,-700,0,0,0,0,-700,周波数,0,0,0,0,2022/09/20 17:05:04
月間,202210,策定,越前嶺南線,2022/11/18,昼間帯,順方向,1900,1900,0,0,0,0,1900,安定度,0,0,0,0,2022/10/20 17:05:04
月間,202210,策定,越前嶺南線,2022/11/18,昼間帯,逆方向,-1300,-1300,0,0,0,0,-1300,周波数,0,0,0,0,2022/10/20 17:05:04
月間,202210,策定,越前嶺南線,2022/11/18,夜間帯,順方向,1900,1900,0,0,0,0,1900,安定度,0,0,0,0,2022/10/20 17:05:04
月間,202210,策定,越前嶺南線,2022/11/18,夜間帯,逆方向,-700,-700,0,0,0,0,-700,周波数,0,0,0,0,2022/10/20 17:05:04
月間,202209,策定,越前嶺南線,2022/11/19,昼間帯,順方向,1680,1680,0,0,0,0,1680,周波数,0,0,0,0,2022/09/20 17:05:04
月間,202209,策定,越前嶺南線,2022/11/19,昼間帯,逆方向,-700,-700,0,0,0,0,-700,周波数,0,0,0,0,2022/09/20 17:05:04
月間,202209,策定,越前嶺南線,2022/11/19,夜間帯,順方向,1900,1900,0,0,0,0,1900,安定度,0,0,0,0,2022/09/20 17:05:04
月間,202209,策定,越前嶺南線,2022/11/19,夜間帯,逆方向,-700,-700,0,0,0,0,-700,周波数,0,0,0,0,2022/09/20 17:05:04
月間,202210,策定,越前嶺南線,2022/11/19,昼間帯,順方向,1680,1680,0,0,0,0,1680,周波数,0,0,0,0,2022/10/20 17:05:04
月間,202210,策定,越前嶺南線,2022/11/19,昼間帯,逆方向,-700,-700,0,0,0,0,-700,周波数,0,0,0,0,2022/10/20 17:05:04
月間,202210,策定,越前嶺南線,2022/11/19,夜間帯,順方向,1900,1900,0,0,0,0,1900,安定度,0,0,0,0,2022/10/20 17:05:04
月間,202210,策定,越前嶺南線,2022/11/19,夜間帯,逆方向,-700,-700,0,0,0,0,-700,周波数,0,0,0,0,2022/10/20 17:05:04
月間,202209,策定,越前嶺南線,2022/11/20,昼間帯,順方向,1680,1680,0,0,0,0,1680,周波数,0,0,0,0,2022/09/20 17:05:04
月間,202209,策定,越前嶺南線,2022/11/20,昼間帯,逆方向,-700,-700,0,0,0,0,-700,周波数,0,0,0,0,2022/09/20 17:05:04
月間,202209,策定,越前嶺南線,2022/11/20,夜間帯,順方向,1900,1900,0,0,0,0,1900,安定度,0,0,0,0,2022/09/20 17:05:04
月間,202209,策定,越前嶺南線,2022/11/20,夜間帯,逆方向,-700,-700,0,0,0,0,-700,周波数,0,0,0,0,2022/09/20 17:05:04
月間,202210,策定,越前嶺南線,2022/11/20,昼間帯,順方向,1680,1680,0,0,0,0,1680,周波数,0,0,0,0,2022/10/20 17:05:04
月間,202210,策定,越前嶺南線,2022/11/20,昼間帯,逆方向,-700,-700,0,0,0,0,-700,周波数,0,0,0,0,2022/10/20 17:05:04
月間,202210,策定,越前嶺南線,2022/11/20,夜間帯,順方向,1900,1900,0,0,0,0,1900,安定度,0,0,0,0,2022/10/20 17:05:04
月間,202210,策定,越前嶺南線,2022/11/20,夜間帯,逆方向,-700,-700,0,0,0,0,-700,周波数,0,0,0,0,2022/10/20 17:05:04
月間,202209,策定,越前嶺南線,2022/11/21,昼間帯,順方向,1900,1900,0,0,0,0,1900,安定度,0,0,0,0,2022/09/20 17:05:04
月間,202209,策定,越前嶺南線,2022/11/21,昼間帯,逆方向,-1300,-1300,0,0,0,0,-1300,周波数,0,0,0,0,2022/09/20 17:05:04
月間,202209,策定,越前嶺南線,2022/11/21,夜間帯,順方向,1900,1900,0,0,0,0,1900,安定度,0,0,0,0,2022/09/20 17:05:04
月間,202209,策定,越前嶺南線,2022/11/21,夜間帯,逆方向,-700,-700,0,0,0,0,-700,周波数,0,0,0,0,2022/09/20 17:05:04
月間,202210,策定,越前嶺南線,2022/11/21,昼間帯,順方向,1900,1900,0,0,0,0,1900,安定度,0,0,0,0,2022/10/20 17:05:04
月間,202210,策定,越前嶺南線,2022/11/21,昼間帯,逆方向,-1300,-1300,0,0,0,0,-1300,周波数,0,0,0,0,2022/10/20 17:05:04
月間,202210,策定,越前嶺南線,2022/11/21,夜間帯,順方向,1900,1900,0,0,0,0,1900,安定度,0,0,0,0,2022/10/20 17:05:04
月間,202210,策定,越前嶺南線,2022/11/21,夜間帯,逆方向,-700,-700,0,0,0,0,-700,周波数,0,0,0,0,2022/10/20 17:05:04
月間,202209,策定,越前嶺南線,2022/11/22,昼間帯,順方向,1900,1900,0,0,0,0,1900,安定度,0,0,0,0,2022/09/20 17:05:04
月間,202209,策定,越前嶺南線,2022/11/22,昼間帯,逆方向,-1300,-1300,0,0,0,0,-1300,周波数,0,0,0,0,2022/09/20 17:05:04
月間,202209,策定,越前嶺南線,2022/11/22,夜間帯,順方向,1900,1900,0,0,0,0,1900,安定度,0,0,0,0,2022/09/20 17:05:04
月間,202209,策定,越前嶺南線,2022/11/22,夜間帯,逆方向,-700,-700,0,0,0,0,-700,周波数,0,0,0,0,2022/09/20 17:05:04
月間,202210,策定,越前嶺南線,2022/11/22,昼間帯,順方向,1900,1900,0,0,0,0,1900,安定度,0,0,0,0,2022/10/20 17:05:04
月間,202210,策定,越前嶺南線,2022/11/22,昼間帯,逆方向,-1300,-1300,0,0,0,0,-1300,周波数,0,0,0,0,2022/10/20 17:05:04
月間,202210,策定,越前嶺南線,2022/11/22,夜間帯,順方向,1900,1900,0,0,0,0,1900,安定度,0,0,0,0,2022/10/20 17:05:04
月間,202210,策定,越前嶺南線,2022/11/22,夜間帯,逆方向,-700,-700,0,0,0,0,-700,周波数,0,0,0,0,2022/10/20 17:05:04
月間,202209,策定,越前嶺南線,2022/11/23,昼間帯,順方向,1680,1680,0,0,0,0,1680,周波数,0,0,0,0,2022/09/20 17:05:04
月間,202209,策定,越前嶺南線,2022/11/23,昼間帯,逆方向,-700,-700,0,0,0,0,-700,周波数,0,0,0,0,2022/09/20 17:05:04
月間,202209,策定,越前嶺南線,2022/11/23,夜間帯,順方向,1900,1900,0,0,0,0,1900,安定度,0,0,0,0,2022/09/20 17:05:04
月間,202209,策定,越前嶺南線,2022/11/23,夜間帯,逆方向,-700,-700,0,0,0,0,-700,周波数,0,0,0,0,2022/09/20 17:05:04
月間,202210,策定,越前嶺南線,2022/11/23,昼間帯,順方向,1680,1680,0,0,0,0,1680,周波数,0,0,0,0,2022/10/20 17:05:04
月間,202210,策定,越前嶺南線,2022/11/23,昼間帯,逆方向,-700,-700,0,0,0,0,-700,周波数,0,0,0,0,2022/10/20 17:05:04
月間,202210,策定,越前嶺南線,2022/11/23,夜間帯,順方向,1900,1900,0,0,0,0,1900,安定度,0,0,0,0,2022/10/20 17:05:04
月間,202210,策定,越前嶺南線,2022/11/23,夜間帯,逆方向,-700,-700,0,0,0,0,-700,周波数,0,0,0,0,2022/10/20 17:05:04
月間,202209,策定,越前嶺南線,2022/11/24,昼間帯,順方向,1900,1900,0,0,0,0,1900,安定度,0,0,0,0,2022/09/20 17:05:04
月間,202209,策定,越前嶺南線,2022/11/24,昼間帯,逆方向,-1300,-1300,0,0,0,0,-1300,周波数,0,0,0,0,2022/09/20 17:05:04
月間,202209,策定,越前嶺南線,2022/11/24,夜間帯,順方向,1900,1900,0,0,0,0,1900,安定度,0,0,0,0,2022/09/20 17:05:04
月間,202209,策定,越前嶺南線,2022/11/24,夜間帯,逆方向,-700,-700,0,0,0,0,-700,周波数,0,0,0,0,2022/09/20 17:05:04
月間,202210,策定,越前嶺南線,2022/11/24,昼間帯,順方向,1900,1900,0,0,0,0,1900,安定度,0,0,0,0,2022/10/20 17:05:04
月間,202210,策定,越前嶺南線,2022/11/24,昼間帯,逆方向,-1300,-1300,0,0,0,0,-1300,周波数,0,0,0,0,2022/10/20 17:05:04
月間,202210,策定,越前嶺南線,2022/11/24,夜間帯,順方向,1900,1900,0,0,0,0,1900,安定度,0,0,0,0,2022/10/20 17:05:04
月間,202210,策定,越前嶺南線,2022/11/24,夜間帯,逆方向,-700,-700,0,0,0,0,-700,周波数,0,0,0,0,2022/10/20 17:05:04
月間,202209,策定,越前嶺南線,2022/11/25,昼間帯,順方向,1900,1900,0,0,0,0,1900,安定度,0,0,0,0,2022/09/20 17:05:04
月間,202209,策定,越前嶺南線,2022/11/25,昼間帯,逆方向,-1300,-1300,0,0,0,0,-1300,周波数,0,0,0,0,2022/09/20 17:05:04
月間,202209,策定,越前嶺南線,2022/11/25,夜間帯,順方向,1900,1900,0,0,0,0,1900,安定度,0,0,0,0,2022/09/20 17:05:04
月間,202209,策定,越前嶺南線,2022/11/25,夜間帯,逆方向,-700,-700,0,0,0,0,-700,周波数,0,0,0,0,2022/09/20 17:05:04
月間,202210,策定,越前嶺南線,2022/11/25,昼間帯,順方向,1900,1900,0,0,0,0,1900,安定度,0,0,0,0,2022/10/20 17:05:04
月間,202210,策定,越前嶺南線,2022/11/25,昼間帯,逆方向,-1300,-1300,0,0,0,0,-1300,周波数,0,0,0,0,2022/10/20 17:05:04
月間,202210,策定,越前嶺南線,2022/11/25,夜間帯,順方向,1900,1900,0,0,0,0,1900,安定度,0,0,0,0,2022/10/20 17:05:04
月間,202210,策定,越前嶺南線,2022/11/25,夜間帯,逆方向,-700,-700,0,0,0,0,-700,周波数,0,0,0,0,2022/10/20 17:05:04
月間,202209,策定,越前嶺南線,2022/11/26,昼間帯,順方向,1680,1680,0,0,0,0,1680,周波数,0,0,0,0,2022/09/20 17:05:04
月間,202209,策定,越前嶺南線,2022/11/26,昼間帯,逆方向,-700,-700,0,0,0,0,-700,周波数,0,0,0,0,2022/09/20 17:05:04
月間,202209,策定,越前嶺南線,2022/11/26,夜間帯,順方向,1900,1900,0,0,0,0,1900,安定度,0,0,0,0,2022/09/20 17:05:04
月間,202209,策定,越前嶺南線,2022/11/26,夜間帯,逆方向,-700,-700,0,0,0,0,-700,周波数,0,0,0,0,2022/09/20 17:05:04
月間,202210,策定,越前嶺南線,2022/11/26,昼間帯,順方向,1680,1680,0,0,0,0,1680,周波数,0,0,0,0,2022/10/20 17:05:04
月間,202210,策定,越前嶺南線,2022/11/26,昼間帯,逆方向,-700,-700,0,0,0,0,-700,周波数,0,0,0,0,2022/10/20 17:05:04
月間,202210,策定,越前嶺南線,2022/11/26,夜間帯,順方向,1900,1900,0,0,0,0,1900,安定度,0,0,0,0,2022/10/20 17:05:04
月間,202210,策定,越前嶺南線,2022/11/26,夜間帯,逆方向,-700,-700,0,0,0,0,-700,周波数,0,0,0,0,2022/10/20 17:05:04
月間,202209,策定,越前嶺南線,2022/11/27,昼間帯,順方向,1680,1680,0,0,0,0,1680,周波数,0,0,0,0,2022/09/20 17:05:04
月間,202209,策定,越前嶺南線,2022/11/27,昼間帯,逆方向,-700,-700,0,0,0,0,-700,周波数,0,0,0,0,2022/09/20 17:05:04
月間,202209,策定,越前嶺南線,2022/11/27,夜間帯,順方向,1900,1900,0,0,0,0,1900,安定度,0,0,0,0,2022/09/20 17:05:04
月間,202209,策定,越前嶺南線,2022/11/27,夜間帯,逆方向,-700,-700,0,0,0,0,-700,周波数,0,0,0,0,2022/09/20 17:05:04
月間,202210,策定,越前嶺南線,2022/11/27,昼間帯,順方向,1680,1680,0,0,0,0,1680,周波数,0,0,0,0,2022/10/20 17:05:04
月間,202210,策定,越前嶺南線,2022/11/27,昼間帯,逆方向,-700,-700,0,0,0,0,-700,周波数,0,0,0,0,2022/10/20 17:05:04
月間,202210,策定,越前嶺南線,2022/11/27,夜間帯,順方向,1900,1900,0,0,0,0,1900,安定度,0,0,0,0,2022/10/20 17:05:04
月間,202210,策定,越前嶺南線,2022/11/27,夜間帯,逆方向,-700,-700,0,0,0,0,-700,周波数,0,0,0,0,2022/10/20 17:05:04
月間,202209,策定,越前嶺南線,2022/11/28,昼間帯,順方向,1900,1900,0,0,0,0,1900,安定度,0,0,0,0,2022/09/20 17:05:04
月間,202209,策定,越前嶺南線,2022/11/28,昼間帯,逆方向,-1300,-1300,0,0,0,0,-1300,周波数,0,0,0,0,2022/09/20 17:05:04
月間,202209,策定,越前嶺南線,2022/11/28,夜間帯,順方向,1900,1900,0,0,0,0,1900,安定度,0,0,0,0,2022/09/20 17:05:04
月間,202209,策定,越前嶺南線,2022/11/28,夜間帯,逆方向,-700,-700,0,0,0,0,-700,周波数,0,0,0,0,2022/09/20 17:05:04
月間,202210,策定,越前嶺南線,2022/11/28,昼間帯,順方向,1900,1900,0,0,0,0,1900,安定度,0,0,0,0,2022/10/20 17:05:04
月間,202210,策定,越前嶺南線,2022/11/28,昼間帯,逆方向,-1300,-1300,0,0,0,0,-1300,周波数,0,0,0,0,2022/10/20 17:05:04
月間,202210,策定,越前嶺南線,2022/11/28,夜間帯,順方向,1900,1900,0,0,0,0,1900,安定度,0,0,0,0,2022/10/20 17:05:04
月間,202210,策定,越前嶺南線,2022/11/28,夜間帯,逆方向,-700,-700,0,0,0,0,-700,周波数,0,0,0,0,2022/10/20 17:05:04
月間,202209,策定,越前嶺南線,2022/11/29,昼間帯,順方向,1900,1900,0,0,0,0,1900,安定度,0,0,0,0,2022/09/20 17:05:04
月間,202209,策定,越前嶺南線,2022/11/29,昼間帯,逆方向,-1300,-1300,0,0,0,0,-1300,周波数,0,0,0,0,2022/09/20 17:05:04
月間,202209,策定,越前嶺南線,2022/11/29,夜間帯,順方向,1900,1900,0,0,0,0,1900,安定度,0,0,0,0,2022/09/20 17:05:04
月間,202209,策定,越前嶺南線,2022/11/29,夜間帯,逆方向,-700,-700,0,0,0,0,-700,周波数,0,0,0,0,2022/09/20 17:05:04
月間,202210,策定,越前嶺南線,2022/11/29,昼間帯,順方向,1900,1900,0,0,0,0,1900,安定度,0,0,0,0,2022/10/20 17:05:04
月間,202210,策定,越前嶺南線,2022/11/29,昼間帯,逆方向,-1300,-1300,0,0,0,0,-1300,周波数,0,0,0,0,2022/10/20 17:05:04
月間,202210,策定,越前嶺南線,2022/11/29,夜間帯,順方向,1900,1900,0,0,0,0,1900,安定度,0,0,0,0,2022/10/20 17:05:04
月間,202210,策定,越前嶺南線,2022/11/29,夜間帯,逆方向,-700,-700,0,0,0,0,-700,周波数,0,0,0,0,2022/10/20 17:05:04
月間,202209,策定,越前嶺南線,2022/11/30,昼間帯,順方向,1900,1900,0,0,0,0,1900,安定度,0,0,0,0,2022/09/20 17:05:04
月間,202209,策定,越前嶺南線,2022/11/30,昼間帯,逆方向,-1300,-1300,0,0,0,0,-1300,周波数,0,0,0,0,2022/09/20 17:05:04
月間,202209,策定,越前嶺南線,2022/11/30,夜間帯,順方向,1900,1900,0,0,0,0,1900,安定度,0,0,0,0,2022/09/20 17:05:04
月間,202209,策定,越前嶺南線,2022/11/30,夜間帯,逆方向,-700,-700,0,0,0,0,-700,周波数,0,0,0,0,2022/09/20 17:05:04
月間,202210,策定,越前嶺南線,2022/11/30,昼間帯,順方向,1900,1900,0,0,0,0,1900,安定度,0,0,0,0,2022/10/20 17:05:04
月間,202210,策定,越前嶺南線,2022/11/30,昼間帯,逆方向,-1300,-1300,0,0,0,0,-1300,周波数,0,0,0,0,2022/10/20 17:05:04
月間,202210,策定,越前嶺南線,2022/11/30,夜間帯,順方向,1900,1900,0,0,0,0,1900,安定度,0,0,0,0,2022/10/20 17:05:04
月間,202210,策定,越前嶺南線,2022/11/30,夜間帯,逆方向,-700,-700,0,0,0,0,-700,周波数,0,0,0,0,2022/10/20 17:05:04
月間,202210,策定,越前嶺南線,2022/12/01,昼間帯,順方向,1900,1900,0,0,0,0,1900,安定度,0,0,0,0,2022/10/20 17:05:04
月間,202210,策定,越前嶺南線,2022/12/01,昼間帯,逆方向,-1600,-1600,0,0,0,0,-1600,周波数,0,0,0,0,2022/10/20 17:05:04
月間,202210,策定,越前嶺南線,2022/12/01,夜間帯,順方向,1900,1900,0,0,0,0,1900,安定度,0,0,0,0,2022/10/20 17:05:04
月間,202210,策定,越前嶺南線,2022/12/01,夜間帯,逆方向,-900,-900,0,0,0,0,-900,周波数,0,0,0,0,2022/10/20 17:05:04
月間,202210,策定,越前嶺南線,2022/12/02,昼間帯,順方向,1900,1900,0,0,0,0,1900,安定度,0,0,0,0,2022/10/20 17:05:04
月間,202210,策定,越前嶺南線,2022/12/02,昼間帯,逆方向,-1600,-1600,0,0,0,0,-1600,周波数,0,0,0,0,2022/10/20 17:05:04
月間,202210,策定,越前嶺南線,2022/12/02,夜間帯,順方向,1900,1900,0,0,0,0,1900,安定度,0,0,0,0,2022/10/20 17:05:04
月間,202210,策定,越前嶺南線,2022/12/02,夜間帯,逆方向,-900,-900,0,0,0,0,-900,周波数,0,0,0,0,2022/10/20 17:05:04
月間,202210,策定,越前嶺南線,2022/12/03,昼間帯,順方向,1880,1880,0,0,0,0,1880,周波数,0,0,0,0,2022/10/20 17:05:04
月間,202210,策定,越前嶺南線,2022/12/03,昼間帯,逆方向,-900,-900,0,0,0,0,-900,周波数,0,0,0,0,2022/10/20 17:05:04
月間,202210,策定,越前嶺南線,2022/12/03,夜間帯,順方向,1900,1900,0,0,0,0,1900,安定度,0,0,0,0,2022/10/20 17:05:04
月間,202210,策定,越前嶺南線,2022/12/03,夜間帯,逆方向,-900,-900,0,0,0,0,-900,周波数,0,0,0,0,2022/10/20 17:05:04
月間,202211,策定,越前嶺南線,2022/12/03,昼間帯,順方向,1880,1880,0,0,0,0,1880,周波数,0,0,0,0,2022/11/18 17:05:04
月間,202211,策定,越前嶺南線,2022/12/03,昼間帯,逆方向,-900,-900,0,0,0,0,-900,周波数,0,0,0,0,2022/11/18 17:05:04
月間,202211,策定,越前嶺南線,2022/12/03,夜間帯,順方向,1900,1900,0,0,0,0,1900,安定度,0,0,0,0,2022/11/18 17:05:04
月間,202211,策定,越前嶺南線,2022/12/03,夜間帯,逆方向,-900,-900,0,0,0,0,-900,周波数,0,0,0,0,2022/11/18 17:05:04
月間,202210,策定,越前嶺南線,2022/12/04,昼間帯,順方向,1880,1880,0,0,0,0,1880,周波数,0,0,0,0,2022/10/20 17:05:04
月間,202210,策定,越前嶺南線,2022/12/04,昼間帯,逆方向,-900,-900,0,0,0,0,-900,周波数,0,0,0,0,2022/10/20 17:05:04
月間,202210,策定,越前嶺南線,2022/12/04,夜間帯,順方向,1900,1900,0,0,0,0,1900,安定度,0,0,0,0,2022/10/20 17:05:04
月間,202210,策定,越前嶺南線,2022/12/04,夜間帯,逆方向,-900,-900,0,0,0,0,-900,周波数,0,0,0,0,2022/10/20 17:05:04
月間,202211,策定,越前嶺南線,2022/12/04,昼間帯,順方向,1880,1880,0,0,0,0,1880,周波数,0,0,0,0,2022/11/18 17:05:04
月間,202211,策定,越前嶺南線,2022/12/04,昼間帯,逆方向,-900,-900,0,0,0,0,-900,周波数,0,0,0,0,2022/11/18 17:05:04
月間,202211,策定,越前嶺南線,2022/12/04,夜間帯,順方向,1900,1900,0,0,0,0,1900,安定度,0,0,0,0,2022/11/18 17:05:04
月間,202211,策定,越前嶺南線,2022/12/04,夜間帯,逆方向,-900,-900,0,0,0,0,-900,周波数,0,0,0,0,2022/11/18 17:05:04
月間,202210,策定,越前嶺南線,2022/12/05,昼間帯,順方向,1900,1900,0,0,0,0,1900,安定度,0,0,0,0,2022/10/20 17:05:04
月間,202210,策定,越前嶺南線,2022/12/05,昼間帯,逆方向,-1600,-1600,0,0,0,0,-1600,周波数,0,0,0,0,2022/10/20 17:05:04
月間,202210,策定,越前嶺南線,2022/12/05,夜間帯,順方向,1900,1900,0,0,0,0,1900,安定度,0,0,0,0,2022/10/20 17:05:04
月間,202210,策定,越前嶺南線,2022/12/05,夜間帯,逆方向,-900,-900,0,0,0,0,-900,周波数,0,0,0,0,2022/10/20 17:05:04
月間,202211,策定,越前嶺南線,2022/12/05,昼間帯,順方向,1900,1900,0,0,0,0,1900,安定度,0,0,0,0,2022/11/18 17:05:04
月間,202211,策定,越前嶺南線,2022/12/05,昼間帯,逆方向,-1600,-1600,0,0,0,0,-1600,周波数,0,0,0,0,2022/11/18 17:05:04
月間,202211,策定,越前嶺南線,2022/12/05,夜間帯,順方向,1900,1900,0,0,0,0,1900,安定度,0,0,0,0,2022/11/18 17:05:04
月間,202211,策定,越前嶺南線,2022/12/05,夜間帯,逆方向,-900,-900,0,0,0,0,-900,周波数,0,0,0,0,2022/11/18 17:05:04
月間,202210,策定,越前嶺南線,2022/12/06,昼間帯,順方向,1900,1900,0,0,0,0,1900,安定度,0,0,0,0,2022/10/20 17:05:04
月間,202210,策定,越前嶺南線,2022/12/06,昼間帯,逆方向,-1600,-1600,0,0,0,0,-1600,周波数,0,0,0,0,2022/10/20 17:05:04
月間,202210,策定,越前嶺南線,2022/12/06,夜間帯,順方向,1900,1900,0,0,0,0,1900,安定度,0,0,0,0,2022/10/20 17:05:04
月間,202210,策定,越前嶺南線,2022/12/06,夜間帯,逆方向,-900,-900,0,0,0,0,-900,周波数,0,0,0,0,2022/10/20 17:05:04
月間,202211,策定,越前嶺南線,2022/12/06,昼間帯,順方向,1900,1900,0,0,0,0,1900,安定度,0,0,0,0,2022/11/18 17:05:04
月間,202211,策定,越前嶺南線,2022/12/06,昼間帯,逆方向,-1600,-1600,0,0,0,0,-1600,周波数,0,0,0,0,2022/11/18 17:05:04
月間,202211,策定,越前嶺南線,2022/12/06,夜間帯,順方向,1900,1900,0,0,0,0,1900,安定度,0,0,0,0,2022/11/18 17:05:04
月間,202211,策定,越前嶺南線,2022/12/06,夜間帯,逆方向,-900,-900,0,0,0,0,-900,周波数,0,0,0,0,2022/11/18 17:05:04
月間,202210,策定,越前嶺南線,2022/12/07,昼間帯,順方向,1900,1900,0,0,0,0,1900,安定度,0,0,0,0,2022/10/20 17:05:04
月間,202210,策定,越前嶺南線,2022/12/07,昼間帯,逆方向,-1600,-1600,0,0,0,0,-1600,周波数,0,0,0,0,2022/10/20 17:05:04
月間,202210,策定,越前嶺南線,2022/12/07,夜間帯,順方向,1900,1900,0,0,0,0,1900,安定度,0,0,0,0,2022/10/20 17:05:04
月間,202210,策定,越前嶺南線,2022/12/07,夜間帯,逆方向,-900,-900,0,0,0,0,-900,周波数,0,0,0,0,2022/10/20 17:05:04
月間,202211,策定,越前嶺南線,2022/12/07,昼間帯,順方向,1900,1900,0,0,0,0,1900,安定度,0,0,0,0,2022/11/18 17:05:04
月間,202211,策定,越前嶺南線,2022/12/07,昼間帯,逆方向,-1600,-1600,0,0,0,0,-1600,周波数,0,0,0,0,2022/11/18 17:05:04
月間,202211,策定,越前嶺南線,2022/12/07,夜間帯,順方向,1900,1900,0,0,0,0,1900,安定度,0,0,0,0,2022/11/18 17:05:04
月間,202211,策定,越前嶺南線,2022/12/07,夜間帯,逆方向,-900,-900,0,0,0,0,-900,周波数,0,0,0,0,2022/11/18 17:05:04
月間,202210,策定,越前嶺南線,2022/12/08,昼間帯,順方向,1900,1900,0,0,0,0,1900,安定度,0,0,0,0,2022/10/20 17:05:04
月間,202210,策定,越前嶺南線,2022/12/08,昼間帯,逆方向,-1600,-1600,0,0,0,0,-1600,周波数,0,0,0,0,2022/10/20 17:05:04
月間,202210,策定,越前嶺南線,2022/12/08,夜間帯,順方向,1900,1900,0,0,0,0,1900,安定度,0,0,0,0,2022/10/20 17:05:04
月間,202210,策定,越前嶺南線,2022/12/08,夜間帯,逆方向,-900,-900,0,0,0,0,-900,周波数,0,0,0,0,2022/10/20 17:05:04
月間,202211,策定,越前嶺南線,2022/12/08,昼間帯,順方向,1900,1900,0,0,0,0,1900,安定度,0,0,0,0,2022/11/18 17:05:04
月間,202211,策定,越前嶺南線,2022/12/08,昼間帯,逆方向,-1600,-1600,0,0,0,0,-1600,周波数,0,0,0,0,2022/11/18 17:05:04
月間,202211,策定,越前嶺南線,2022/12/08,夜間帯,順方向,1900,1900,0,0,0,0,1900,安定度,0,0,0,0,2022/11/18 17:05:04
月間,202211,策定,越前嶺南線,2022/12/08,夜間帯,逆方向,-900,-900,0,0,0,0,-900,周波数,0,0,0,0,2022/11/18 17:05:04
月間,202210,策定,越前嶺南線,2022/12/09,昼間帯,順方向,1900,1900,0,0,0,0,1900,安定度,0,0,0,0,2022/10/20 17:05:04
月間,202210,策定,越前嶺南線,2022/12/09,昼間帯,逆方向,-1600,-1600,0,0,0,0,-1600,周波数,0,0,0,0,2022/10/20 17:05:04
月間,202210,策定,越前嶺南線,2022/12/09,夜間帯,順方向,1900,1900,0,0,0,0,1900,安定度,0,0,0,0,2022/10/20 17:05:04
月間,202210,策定,越前嶺南線,2022/12/09,夜間帯,逆方向,-900,-900,0,0,0,0,-900,周波数,0,0,0,0,2022/10/20 17:05:04
月間,202211,策定,越前嶺南線,2022/12/09,昼間帯,順方向,1900,1900,0,0,0,0,1900,安定度,0,0,0,0,2022/11/18 17:05:04
月間,202211,策定,越前嶺南線,2022/12/09,昼間帯,逆方向,-1600,-1600,0,0,0,0,-1600,周波数,0,0,0,0,2022/11/18 17:05:04
月間,202211,策定,越前嶺南線,2022/12/09,夜間帯,順方向,1900,1900,0,0,0,0,1900,安定度,0,0,0,0,2022/11/18 17:05:04
月間,202211,策定,越前嶺南線,2022/12/09,夜間帯,逆方向,-900,-900,0,0,0,0,-900,周波数,0,0,0,0,2022/11/18 17:05:04
月間,202210,策定,越前嶺南線,2022/12/10,昼間帯,順方向,1880,1880,0,0,0,0,1880,周波数,0,0,0,0,2022/10/20 17:05:04
月間,202210,策定,越前嶺南線,2022/12/10,昼間帯,逆方向,-900,-900,0,0,0,0,-900,周波数,0,0,0,0,2022/10/20 17:05:04
月間,202210,策定,越前嶺南線,2022/12/10,夜間帯,順方向,1900,1900,0,0,0,0,1900,安定度,0,0,0,0,2022/10/20 17:05:04
月間,202210,策定,越前嶺南線,2022/12/10,夜間帯,逆方向,-900,-900,0,0,0,0,-900,周波数,0,0,0,0,2022/10/20 17:05:04
月間,202211,策定,越前嶺南線,2022/12/10,昼間帯,順方向,1880,1880,0,0,0,0,1880,周波数,0,0,0,0,2022/11/18 17:05:04
月間,202211,策定,越前嶺南線,2022/12/10,昼間帯,逆方向,-900,-900,0,0,0,0,-900,周波数,0,0,0,0,2022/11/18 17:05:04
月間,202211,策定,越前嶺南線,2022/12/10,夜間帯,順方向,1900,1900,0,0,0,0,1900,安定度,0,0,0,0,2022/11/18 17:05:04
月間,202211,策定,越前嶺南線,2022/12/10,夜間帯,逆方向,-900,-900,0,0,0,0,-900,周波数,0,0,0,0,2022/11/18 17:05:04
月間,202210,策定,越前嶺南線,2022/12/11,昼間帯,順方向,1880,1880,0,0,0,0,1880,周波数,0,0,0,0,2022/10/20 17:05:04
月間,202210,策定,越前嶺南線,2022/12/11,昼間帯,逆方向,-900,-900,0,0,0,0,-900,周波数,0,0,0,0,2022/10/20 17:05:04
月間,202210,策定,越前嶺南線,2022/12/11,夜間帯,順方向,1900,1900,0,0,0,0,1900,安定度,0,0,0,0,2022/10/20 17:05:04
月間,202210,策定,越前嶺南線,2022/12/11,夜間帯,逆方向,-900,-900,0,0,0,0,-900,周波数,0,0,0,0,2022/10/20 17:05:04
月間,202211,策定,越前嶺南線,2022/12/11,昼間帯,順方向,1880,1880,0,0,0,0,1880,周波数,0,0,0,0,2022/11/18 17:05:04
月間,202211,策定,越前嶺南線,2022/12/11,昼間帯,逆方向,-900,-900,0,0,0,0,-900,周波数,0,0,0,0,2022/11/18 17:05:04
月間,202211,策定,越前嶺南線,2022/12/11,夜間帯,順方向,1900,1900,0,0,0,0,1900,安定度,0,0,0,0,2022/11/18 17:05:04
月間,202211,策定,越前嶺南線,2022/12/11,夜間帯,逆方向,-900,-900,0,0,0,0,-900,周波数,0,0,0,0,2022/11/18 17:05:04
月間,202210,策定,越前嶺南線,2022/12/12,昼間帯,順方向,1900,1900,0,0,0,0,1900,安定度,0,0,0,0,2022/10/20 17:05:04
月間,202210,策定,越前嶺南線,2022/12/12,昼間帯,逆方向,-1600,-1600,0,0,0,0,-1600,周波数,0,0,0,0,2022/10/20 17:05:04
月間,202210,策定,越前嶺南線,2022/12/12,夜間帯,順方向,1900,1900,0,0,0,0,1900,安定度,0,0,0,0,2022/10/20 17:05:04
月間,202210,策定,越前嶺南線,2022/12/12,夜間帯,逆方向,-900,-900,0,0,0,0,-900,周波数,0,0,0,0,2022/10/20 17:05:04
月間,202211,策定,越前嶺南線,2022/12/12,昼間帯,順方向,1900,1900,0,0,0,0,1900,安定度,0,0,0,0,2022/11/18 17:05:04
月間,202211,策定,越前嶺南線,2022/12/12,昼間帯,逆方向,-1600,-1600,0,0,0,0,-1600,周波数,0,0,0,0,2022/11/18 17:05:04
月間,202211,策定,越前嶺南線,2022/12/12,夜間帯,順方向,1900,1900,0,0,0,0,1900,安定度,0,0,0,0,2022/11/18 17:05:04
月間,202211,策定,越前嶺南線,2022/12/12,夜間帯,逆方向,-900,-900,0,0,0,0,-900,周波数,0,0,0,0,2022/11/18 17:05:04
月間,202210,策定,越前嶺南線,2022/12/13,昼間帯,順方向,1900,1900,0,0,0,0,1900,安定度,0,0,0,0,2022/10/20 17:05:04
月間,202210,策定,越前嶺南線,2022/12/13,昼間帯,逆方向,-1600,-1600,0,0,0,0,-1600,周波数,0,0,0,0,2022/10/20 17:05:04
月間,202210,策定,越前嶺南線,2022/12/13,夜間帯,順方向,1900,1900,0,0,0,0,1900,安定度,0,0,0,0,2022/10/20 17:05:04
月間,202210,策定,越前嶺南線,2022/12/13,夜間帯,逆方向,-900,-900,0,0,0,0,-900,周波数,0,0,0,0,2022/10/20 17:05:04
月間,202211,策定,越前嶺南線,2022/12/13,昼間帯,順方向,1900,1900,0,0,0,0,1900,安定度,0,0,0,0,2022/11/18 17:05:04
月間,202211,策定,越前嶺南線,2022/12/13,昼間帯,逆方向,-1600,-1600,0,0,0,0,-1600,周波数,0,0,0,0,2022/11/18 17:05:04
月間,202211,策定,越前嶺南線,2022/12/13,夜間帯,順方向,1900,1900,0,0,0,0,1900,安定度,0,0,0,0,2022/11/18 17:05:04
月間,202211,策定,越前嶺南線,2022/12/13,夜間帯,逆方向,-900,-900,0,0,0,0,-900,周波数,0,0,0,0,2022/11/18 17:05:04
月間,202210,策定,越前嶺南線,2022/12/14,昼間帯,順方向,1900,1900,0,0,0,0,1900,安定度,0,0,0,0,2022/10/20 17:05:04
月間,202210,策定,越前嶺南線,2022/12/14,昼間帯,逆方向,-1600,-1600,0,0,0,0,-1600,周波数,0,0,0,0,2022/10/20 17:05:04
月間,202210,策定,越前嶺南線,2022/12/14,夜間帯,順方向,1900,1900,0,0,0,0,1900,安定度,0,0,0,0,2022/10/20 17:05:04
月間,202210,策定,越前嶺南線,2022/12/14,夜間帯,逆方向,-900,-900,0,0,0,0,-900,周波数,0,0,0,0,2022/10/20 17:05:04
月間,202211,策定,越前嶺南線,2022/12/14,昼間帯,順方向,1900,1900,0,0,0,0,1900,安定度,0,0,0,0,2022/11/18 17:05:04
月間,202211,策定,越前嶺南線,2022/12/14,昼間帯,逆方向,-1600,-1600,0,0,0,0,-1600,周波数,0,0,0,0,2022/11/18 17:05:04
月間,202211,策定,越前嶺南線,2022/12/14,夜間帯,順方向,1900,1900,0,0,0,0,1900,安定度,0,0,0,0,2022/11/18 17:05:04
月間,202211,策定,越前嶺南線,2022/12/14,夜間帯,逆方向,-900,-900,0,0,0,0,-900,周波数,0,0,0,0,2022/11/18 17:05:04
月間,202210,策定,越前嶺南線,2022/12/15,昼間帯,順方向,1900,1900,0,0,0,0,1900,安定度,0,0,0,0,2022/10/20 17:05:04
月間,202210,策定,越前嶺南線,2022/12/15,昼間帯,逆方向,-1600,-1600,0,0,0,0,-1600,周波数,0,0,0,0,2022/10/20 17:05:04
月間,202210,策定,越前嶺南線,2022/12/15,夜間帯,順方向,1900,1900,0,0,0,0,1900,安定度,0,0,0,0,2022/10/20 17:05:04
月間,202210,策定,越前嶺南線,2022/12/15,夜間帯,逆方向,-900,-900,0,0,0,0,-900,周波数,0,0,0,0,2022/10/20 17:05:04
月間,202211,策定,越前嶺南線,2022/12/15,昼間帯,順方向,1900,1900,0,0,0,0,1900,安定度,0,0,0,0,2022/11/18 17:05:04
月間,202211,策定,越前嶺南線,2022/12/15,昼間帯,逆方向,-1600,-1600,0,0,0,0,-1600,周波数,0,0,0,0,2022/11/18 17:05:04
月間,202211,策定,越前嶺南線,2022/12/15,夜間帯,順方向,1900,1900,0,0,0,0,1900,安定度,0,0,0,0,2022/11/18 17:05:04
月間,202211,策定,越前嶺南線,2022/12/15,夜間帯,逆方向,-900,-900,0,0,0,0,-900,周波数,0,0,0,0,2022/11/18 17:05:04
月間,202210,策定,越前嶺南線,2022/12/16,昼間帯,順方向,1900,1900,0,0,0,0,1900,安定度,0,0,0,0,2022/10/20 17:05:04
月間,202210,策定,越前嶺南線,2022/12/16,昼間帯,逆方向,-1600,-1600,0,0,0,0,-1600,周波数,0,0,0,0,2022/10/20 17:05:04
月間,202210,策定,越前嶺南線,2022/12/16,夜間帯,順方向,1900,1900,0,0,0,0,1900,安定度,0,0,0,0,2022/10/20 17:05:04
月間,202210,策定,越前嶺南線,2022/12/16,夜間帯,逆方向,-900,-900,0,0,0,0,-900,周波数,0,0,0,0,2022/10/20 17:05:04
月間,202211,策定,越前嶺南線,2022/12/16,昼間帯,順方向,1900,1900,0,0,0,0,1900,安定度,0,0,0,0,2022/11/18 17:05:04
月間,202211,策定,越前嶺南線,2022/12/16,昼間帯,逆方向,-1600,-1600,0,0,0,0,-1600,周波数,0,0,0,0,2022/11/18 17:05:04
月間,202211,策定,越前嶺南線,2022/12/16,夜間帯,順方向,1900,1900,0,0,0,0,1900,安定度,0,0,0,0,2022/11/18 17:05:04
月間,202211,策定,越前嶺南線,2022/12/16,夜間帯,逆方向,-900,-900,0,0,0,0,-900,周波数,0,0,0,0,2022/11/18 17:05:04
月間,202210,策定,越前嶺南線,2022/12/17,昼間帯,順方向,1880,1880,0,0,0,0,1880,周波数,0,0,0,0,2022/10/20 17:05:04
月間,202210,策定,越前嶺南線,2022/12/17,昼間帯,逆方向,-900,-900,0,0,0,0,-900,周波数,0,0,0,0,2022/10/20 17:05:04
月間,202210,策定,越前嶺南線,2022/12/17,夜間帯,順方向,1900,1900,0,0,0,0,1900,安定度,0,0,0,0,2022/10/20 17:05:04
月間,202210,策定,越前嶺南線,2022/12/17,夜間帯,逆方向,-900,-900,0,0,0,0,-900,周波数,0,0,0,0,2022/10/20 17:05:04
月間,202211,策定,越前嶺南線,2022/12/17,昼間帯,順方向,1880,1880,0,0,0,0,1880,周波数,0,0,0,0,2022/11/18 17:05:04
月間,202211,策定,越前嶺南線,2022/12/17,昼間帯,逆方向,-900,-900,0,0,0,0,-900,周波数,0,0,0,0,2022/11/18 17:05:04
月間,202211,策定,越前嶺南線,2022/12/17,夜間帯,順方向,1900,1900,0,0,0,0,1900,安定度,0,0,0,0,2022/11/18 17:05:04
月間,202211,策定,越前嶺南線,2022/12/17,夜間帯,逆方向,-900,-900,0,0,0,0,-900,周波数,0,0,0,0,2022/11/18 17:05:04
月間,202210,策定,越前嶺南線,2022/12/18,昼間帯,順方向,1880,1880,0,0,0,0,1880,周波数,0,0,0,0,2022/10/20 17:05:04
月間,202210,策定,越前嶺南線,2022/12/18,昼間帯,逆方向,-900,-900,0,0,0,0,-900,周波数,0,0,0,0,2022/10/20 17:05:04
月間,202210,策定,越前嶺南線,2022/12/18,夜間帯,順方向,1900,1900,0,0,0,0,1900,安定度,0,0,0,0,2022/10/20 17:05:04
月間,202210,策定,越前嶺南線,2022/12/18,夜間帯,逆方向,-900,-900,0,0,0,0,-900,周波数,0,0,0,0,2022/10/20 17:05:04
月間,202211,策定,越前嶺南線,2022/12/18,昼間帯,順方向,1880,1880,0,0,0,0,1880,周波数,0,0,0,0,2022/11/18 17:05:04
月間,202211,策定,越前嶺南線,2022/12/18,昼間帯,逆方向,-900,-900,0,0,0,0,-900,周波数,0,0,0,0,2022/11/18 17:05:04
月間,202211,策定,越前嶺南線,2022/12/18,夜間帯,順方向,1900,1900,0,0,0,0,1900,安定度,0,0,0,0,2022/11/18 17:05:04
月間,202211,策定,越前嶺南線,2022/12/18,夜間帯,逆方向,-900,-900,0,0,0,0,-900,周波数,0,0,0,0,2022/11/18 17:05:04
月間,202210,策定,越前嶺南線,2022/12/19,昼間帯,順方向,1900,1900,0,0,0,0,1900,安定度,0,0,0,0,2022/10/20 17:05:04
月間,202210,策定,越前嶺南線,2022/12/19,昼間帯,逆方向,-1600,-1600,0,0,0,0,-1600,周波数,0,0,0,0,2022/10/20 17:05:04
月間,202210,策定,越前嶺南線,2022/12/19,夜間帯,順方向,1900,1900,0,0,0,0,1900,安定度,0,0,0,0,2022/10/20 17:05:04
月間,202210,策定,越前嶺南線,2022/12/19,夜間帯,逆方向,-900,-900,0,0,0,0,-900,周波数,0,0,0,0,2022/10/20 17:05:04
月間,202211,策定,越前嶺南線,2022/12/19,昼間帯,順方向,1900,1900,0,0,0,0,1900,安定度,0,0,0,0,2022/11/18 17:05:04
月間,202211,策定,越前嶺南線,2022/12/19,昼間帯,逆方向,-1600,-1600,0,0,0,0,-1600,周波数,0,0,0,0,2022/11/18 17:05:04
月間,202211,策定,越前嶺南線,2022/12/19,夜間帯,順方向,1900,1900,0,0,0,0,1900,安定度,0,0,0,0,2022/11/18 17:05:04
月間,202211,策定,越前嶺南線,2022/12/19,夜間帯,逆方向,-900,-900,0,0,0,0,-900,周波数,0,0,0,0,2022/11/18 17:05:04
月間,202210,策定,越前嶺南線,2022/12/20,昼間帯,順方向,1900,1900,0,0,0,0,1900,安定度,0,0,0,0,2022/10/20 17:05:04
月間,202210,策定,越前嶺南線,2022/12/20,昼間帯,逆方向,-1600,-1600,0,0,0,0,-1600,周波数,0,0,0,0,2022/10/20 17:05:04
月間,202210,策定,越前嶺南線,2022/12/20,夜間帯,順方向,1900,1900,0,0,0,0,1900,安定度,0,0,0,0,2022/10/20 17:05:04
月間,202210,策定,越前嶺南線,2022/12/20,夜間帯,逆方向,-900,-900,0,0,0,0,-900,周波数,0,0,0,0,2022/10/20 17:05:04
月間,202211,策定,越前嶺南線,2022/12/20,昼間帯,順方向,1900,1900,0,0,0,0,1900,安定度,0,0,0,0,2022/11/18 17:05:04
月間,202211,策定,越前嶺南線,2022/12/20,昼間帯,逆方向,-1600,-1600,0,0,0,0,-1600,周波数,0,0,0,0,2022/11/18 17:05:04
月間,202211,策定,越前嶺南線,2022/12/20,夜間帯,順方向,1900,1900,0,0,0,0,1900,安定度,0,0,0,0,2022/11/18 17:05:04
月間,202211,策定,越前嶺南線,2022/12/20,夜間帯,逆方向,-900,-900,0,0,0,0,-900,周波数,0,0,0,0,2022/11/18 17:05:04
月間,202210,策定,越前嶺南線,2022/12/21,昼間帯,順方向,1900,1900,0,0,0,0,1900,安定度,0,0,0,0,2022/10/20 17:05:04
月間,202210,策定,越前嶺南線,2022/12/21,昼間帯,逆方向,-1600,-1600,0,0,0,0,-1600,周波数,0,0,0,0,2022/10/20 17:05:04
月間,202210,策定,越前嶺南線,2022/12/21,夜間帯,順方向,1900,1900,0,0,0,0,1900,安定度,0,0,0,0,2022/10/20 17:05:04
月間,202210,策定,越前嶺南線,2022/12/21,夜間帯,逆方向,-900,-900,0,0,0,0,-900,周波数,0,0,0,0,2022/10/20 17:05:04
月間,202211,策定,越前嶺南線,2022/12/21,昼間帯,順方向,1900,1900,0,0,0,0,1900,安定度,0,0,0,0,2022/11/18 17:05:04
月間,202211,策定,越前嶺南線,2022/12/21,昼間帯,逆方向,-1600,-1600,0,0,0,0,-1600,周波数,0,0,0,0,2022/11/18 17:05:04
月間,202211,策定,越前嶺南線,2022/12/21,夜間帯,順方向,1900,1900,0,0,0,0,1900,安定度,0,0,0,0,2022/11/18 17:05:04
月間,202211,策定,越前嶺南線,2022/12/21,夜間帯,逆方向,-900,-900,0,0,0,0,-900,周波数,0,0,0,0,2022/11/18 17:05:04
月間,202210,策定,越前嶺南線,2022/12/22,昼間帯,順方向,1900,1900,0,0,0,0,1900,安定度,0,0,0,0,2022/10/20 17:05:04
月間,202210,策定,越前嶺南線,2022/12/22,昼間帯,逆方向,-1600,-1600,0,0,0,0,-1600,周波数,0,0,0,0,2022/10/20 17:05:04
月間,202210,策定,越前嶺南線,2022/12/22,夜間帯,順方向,1900,1900,0,0,0,0,1900,安定度,0,0,0,0,2022/10/20 17:05:04
月間,202210,策定,越前嶺南線,2022/12/22,夜間帯,逆方向,-900,-900,0,0,0,0,-900,周波数,0,0,0,0,2022/10/20 17:05:04
月間,202211,策定,越前嶺南線,2022/12/22,昼間帯,順方向,1900,1900,0,0,0,0,1900,安定度,0,0,0,0,2022/11/18 17:05:04
月間,202211,策定,越前嶺南線,2022/12/22,昼間帯,逆方向,-1600,-1600,0,0,0,0,-1600,周波数,0,0,0,0,2022/11/18 17:05:04
月間,202211,策定,越前嶺南線,2022/12/22,夜間帯,順方向,1900,1900,0,0,0,0,1900,安定度,0,0,0,0,2022/11/18 17:05:04
月間,202211,策定,越前嶺南線,2022/12/22,夜間帯,逆方向,-900,-900,0,0,0,0,-900,周波数,0,0,0,0,2022/11/18 17:05:04
月間,202210,策定,越前嶺南線,2022/12/23,昼間帯,順方向,1900,1900,0,0,0,0,1900,安定度,0,0,0,0,2022/10/20 17:05:04
月間,202210,策定,越前嶺南線,2022/12/23,昼間帯,逆方向,-1600,-1600,0,0,0,0,-1600,周波数,0,0,0,0,2022/10/20 17:05:04
月間,202210,策定,越前嶺南線,2022/12/23,夜間帯,順方向,1900,1900,0,0,0,0,1900,安定度,0,0,0,0,2022/10/20 17:05:04
月間,202210,策定,越前嶺南線,2022/12/23,夜間帯,逆方向,-900,-900,0,0,0,0,-900,周波数,0,0,0,0,2022/10/20 17:05:04
月間,202211,策定,越前嶺南線,2022/12/23,昼間帯,順方向,1900,1900,0,0,0,0,1900,安定度,0,0,0,0,2022/11/18 17:05:04
月間,202211,策定,越前嶺南線,2022/12/23,昼間帯,逆方向,-1600,-1600,0,0,0,0,-1600,周波数,0,0,0,0,2022/11/18 17:05:04
月間,202211,策定,越前嶺南線,2022/12/23,夜間帯,順方向,1900,1900,0,0,0,0,1900,安定度,0,0,0,0,2022/11/18 17:05:04
月間,202211,策定,越前嶺南線,2022/12/23,夜間帯,逆方向,-900,-900,0,0,0,0,-900,周波数,0,0,0,0,2022/11/18 17:05:04
月間,202210,策定,越前嶺南線,2022/12/24,昼間帯,順方向,1880,1880,0,0,0,0,1880,周波数,0,0,0,0,2022/10/20 17:05:04
月間,202210,策定,越前嶺南線,2022/12/24,昼間帯,逆方向,-900,-900,0,0,0,0,-900,周波数,0,0,0,0,2022/10/20 17:05:04
月間,202210,策定,越前嶺南線,2022/12/24,夜間帯,順方向,1900,1900,0,0,0,0,1900,安定度,0,0,0,0,2022/10/20 17:05:04
月間,202210,策定,越前嶺南線,2022/12/24,夜間帯,逆方向,-900,-900,0,0,0,0,-900,周波数,0,0,0,0,2022/10/20 17:05:04
月間,202211,策定,越前嶺南線,2022/12/24,昼間帯,順方向,1880,1880,0,0,0,0,1880,周波数,0,0,0,0,2022/11/18 17:05:04
月間,202211,策定,越前嶺南線,2022/12/24,昼間帯,逆方向,-900,-900,0,0,0,0,-900,周波数,0,0,0,0,2022/11/18 17:05:04
月間,202211,策定,越前嶺南線,2022/12/24,夜間帯,順方向,1900,1900,0,0,0,0,1900,安定度,0,0,0,0,2022/11/18 17:05:04
月間,202211,策定,越前嶺南線,2022/12/24,夜間帯,逆方向,-900,-900,0,0,0,0,-900,周波数,0,0,0,0,2022/11/18 17:05:04
月間,202210,策定,越前嶺南線,2022/12/25,昼間帯,順方向,1880,1880,0,0,0,0,1880,周波数,0,0,0,0,2022/10/20 17:05:04
月間,202210,策定,越前嶺南線,2022/12/25,昼間帯,逆方向,-900,-900,0,0,0,0,-900,周波数,0,0,0,0,2022/10/20 17:05:04
月間,202210,策定,越前嶺南線,2022/12/25,夜間帯,順方向,1900,1900,0,0,0,0,1900,安定度,0,0,0,0,2022/10/20 17:05:04
月間,202210,策定,越前嶺南線,2022/12/25,夜間帯,逆方向,-900,-900,0,0,0,0,-900,周波数,0,0,0,0,2022/10/20 17:05:04
月間,202211,策定,越前嶺南線,2022/12/25,昼間帯,順方向,1880,1880,0,0,0,0,1880,周波数,0,0,0,0,2022/11/18 17:05:04
月間,202211,策定,越前嶺南線,2022/12/25,昼間帯,逆方向,-900,-900,0,0,0,0,-900,周波数,0,0,0,0,2022/11/18 17:05:04
月間,202211,策定,越前嶺南線,2022/12/25,夜間帯,順方向,1900,1900,0,0,0,0,1900,安定度,0,0,0,0,2022/11/18 17:05:04
月間,202211,策定,越前嶺南線,2022/12/25,夜間帯,逆方向,-900,-900,0,0,0,0,-900,周波数,0,0,0,0,2022/11/18 17:05:04
月間,202210,策定,越前嶺南線,2022/12/26,昼間帯,順方向,1900,1900,0,0,0,0,1900,安定度,0,0,0,0,2022/10/20 17:05:04
月間,202210,策定,越前嶺南線,2022/12/26,昼間帯,逆方向,-1600,-1600,0,0,0,0,-1600,周波数,0,0,0,0,2022/10/20 17:05:04
月間,202210,策定,越前嶺南線,2022/12/26,夜間帯,順方向,1900,1900,0,0,0,0,1900,安定度,0,0,0,0,2022/10/20 17:05:04
月間,202210,策定,越前嶺南線,2022/12/26,夜間帯,逆方向,-900,-900,0,0,0,0,-900,周波数,0,0,0,0,2022/10/20 17:05:04
月間,202211,策定,越前嶺南線,2022/12/26,昼間帯,順方向,1900,1900,0,0,0,0,1900,安定度,0,0,0,0,2022/11/18 17:05:04
月間,202211,策定,越前嶺南線,2022/12/26,昼間帯,逆方向,-1600,-1600,0,0,0,0,-1600,周波数,0,0,0,0,2022/11/18 17:05:04
月間,202211,策定,越前嶺南線,2022/12/26,夜間帯,順方向,1900,1900,0,0,0,0,1900,安定度,0,0,0,0,2022/11/18 17:05:04
月間,202211,策定,越前嶺南線,2022/12/26,夜間帯,逆方向,-900,-900,0,0,0,0,-900,周波数,0,0,0,0,2022/11/18 17:05:04
月間,202210,策定,越前嶺南線,2022/12/27,昼間帯,順方向,1900,1900,0,0,0,0,1900,安定度,0,0,0,0,2022/10/20 17:05:04
月間,202210,策定,越前嶺南線,2022/12/27,昼間帯,逆方向,-1600,-1600,0,0,0,0,-1600,周波数,0,0,0,0,2022/10/20 17:05:04
月間,202210,策定,越前嶺南線,2022/12/27,夜間帯,順方向,1900,1900,0,0,0,0,1900,安定度,0,0,0,0,2022/10/20 17:05:04
月間,202210,策定,越前嶺南線,2022/12/27,夜間帯,逆方向,-900,-900,0,0,0,0,-900,周波数,0,0,0,0,2022/10/20 17:05:04
月間,202211,策定,越前嶺南線,2022/12/27,昼間帯,順方向,1900,1900,0,0,0,0,1900,安定度,0,0,0,0,2022/11/18 17:05:04
月間,202211,策定,越前嶺南線,2022/12/27,昼間帯,逆方向,-1600,-1600,0,0,0,0,-1600,周波数,0,0,0,0,2022/11/18 17:05:04
月間,202211,策定,越前嶺南線,2022/12/27,夜間帯,順方向,1900,1900,0,0,0,0,1900,安定度,0,0,0,0,2022/11/18 17:05:04
月間,202211,策定,越前嶺南線,2022/12/27,夜間帯,逆方向,-900,-900,0,0,0,0,-900,周波数,0,0,0,0,2022/11/18 17:05:04
月間,202210,策定,越前嶺南線,2022/12/28,昼間帯,順方向,1900,1900,0,0,0,0,1900,安定度,0,0,0,0,2022/10/20 17:05:04
月間,202210,策定,越前嶺南線,2022/12/28,昼間帯,逆方向,-1600,-1600,0,0,0,0,-1600,周波数,0,0,0,0,2022/10/20 17:05:04
月間,202210,策定,越前嶺南線,2022/12/28,夜間帯,順方向,1900,1900,0,0,0,0,1900,安定度,0,0,0,0,2022/10/20 17:05:04
月間,202210,策定,越前嶺南線,2022/12/28,夜間帯,逆方向,-900,-900,0,0,0,0,-900,周波数,0,0,0,0,2022/10/20 17:05:04
月間,202211,策定,越前嶺南線,2022/12/28,昼間帯,順方向,1900,1900,0,0,0,0,1900,安定度,0,0,0,0,2022/11/18 17:05:04
月間,202211,策定,越前嶺南線,2022/12/28,昼間帯,逆方向,-1600,-1600,0,0,0,0,-1600,周波数,0,0,0,0,2022/11/18 17:05:04
月間,202211,策定,越前嶺南線,2022/12/28,夜間帯,順方向,1900,1900,0,0,0,0,1900,安定度,0,0,0,0,2022/11/18 17:05:04
月間,202211,策定,越前嶺南線,2022/12/28,夜間帯,逆方向,-900,-900,0,0,0,0,-900,周波数,0,0,0,0,2022/11/18 17:05:04
月間,202210,策定,越前嶺南線,2022/12/29,昼間帯,順方向,1880,1880,0,0,0,0,1880,周波数,0,0,0,0,2022/10/20 17:05:04
月間,202210,策定,越前嶺南線,2022/12/29,昼間帯,逆方向,-900,-900,0,0,0,0,-900,周波数,0,0,0,0,2022/10/20 17:05:04
月間,202210,策定,越前嶺南線,2022/12/29,夜間帯,順方向,1900,1900,0,0,0,0,1900,安定度,0,0,0,0,2022/10/20 17:05:04
月間,202210,策定,越前嶺南線,2022/12/29,夜間帯,逆方向,-900,-900,0,0,0,0,-900,周波数,0,0,0,0,2022/10/20 17:05:04
月間,202211,策定,越前嶺南線,2022/12/29,昼間帯,順方向,1880,1880,0,0,0,0,1880,周波数,0,0,0,0,2022/11/18 17:05:04
月間,202211,策定,越前嶺南線,2022/12/29,昼間帯,逆方向,-900,-900,0,0,0,0,-900,周波数,0,0,0,0,2022/11/18 17:05:04
月間,202211,策定,越前嶺南線,2022/12/29,夜間帯,順方向,1900,1900,0,0,0,0,1900,安定度,0,0,0,0,2022/11/18 17:05:04
月間,202211,策定,越前嶺南線,2022/12/29,夜間帯,逆方向,-900,-900,0,0,0,0,-900,周波数,0,0,0,0,2022/11/18 17:05:04
月間,202210,策定,越前嶺南線,2022/12/30,昼間帯,順方向,1880,1880,0,0,0,0,1880,周波数,0,0,0,0,2022/10/20 17:05:04
月間,202210,策定,越前嶺南線,2022/12/30,昼間帯,逆方向,-900,-900,0,0,0,0,-900,周波数,0,0,0,0,2022/10/20 17:05:04
月間,202210,策定,越前嶺南線,2022/12/30,夜間帯,順方向,1900,1900,0,0,0,0,1900,安定度,0,0,0,0,2022/10/20 17:05:04
月間,202210,策定,越前嶺南線,2022/12/30,夜間帯,逆方向,-900,-900,0,0,0,0,-900,周波数,0,0,0,0,2022/10/20 17:05:04
月間,202211,策定,越前嶺南線,2022/12/30,昼間帯,順方向,1880,1880,0,0,0,0,1880,周波数,0,0,0,0,2022/11/18 17:05:04
月間,202211,策定,越前嶺南線,2022/12/30,昼間帯,逆方向,-900,-900,0,0,0,0,-900,周波数,0,0,0,0,2022/11/18 17:05:04
月間,202211,策定,越前嶺南線,2022/12/30,夜間帯,順方向,1900,1900,0,0,0,0,1900,安定度,0,0,0,0,2022/11/18 17:05:04
月間,202211,策定,越前嶺南線,2022/12/30,夜間帯,逆方向,-900,-900,0,0,0,0,-900,周波数,0,0,0,0,2022/11/18 17:05:04
月間,202210,策定,越前嶺南線,2022/12/31,昼間帯,順方向,1670,1670,0,0,0,0,1670,周波数,0,0,0,0,2022/10/20 17:05:04
月間,202210,策定,越前嶺南線,2022/12/31,昼間帯,逆方向,-900,-900,0,0,0,0,-900,周波数,0,0,0,0,2022/10/20 17:05:04
月間,202210,策定,越前嶺南線,2022/12/31,夜間帯,順方向,1900,1900,0,0,0,0,1900,安定度,0,0,0,0,2022/10/20 17:05:04
月間,202210,策定,越前嶺南線,2022/12/31,夜間帯,逆方向,-900,-900,0,0,0,0,-900,周波数,0,0,0,0,2022/10/20 17:05:04
月間,202211,策定,越前嶺南線,2022/12/31,昼間帯,順方向,1670,1670,0,0,0,0,1670,周波数,0,0,0,0,2022/11/18 17:05:04
月間,202211,策定,越前嶺南線,2022/12/31,昼間帯,逆方向,-900,-900,0,0,0,0,-900,周波数,0,0,0,0,2022/11/18 17:05:04
月間,202211,策定,越前嶺南線,2022/12/31,夜間帯,順方向,1900,1900,0,0,0,0,1900,安定度,0,0,0,0,2022/11/18 17:05:04
月間,202211,策定,越前嶺南線,2022/12/31,夜間帯,逆方向,-900,-900,0,0,0,0,-900,周波数,0,0,0,0,2022/11/18 17:05:04
月間,202209,策定,西播東岡山線・山崎智頭線,2022/11/01,昼間帯,順方向,3260,3260,0,0,0,0,3260,熱容量,0,0,0,0,2022/09/20 17:05:04
月間,202209,策定,西播東岡山線・山崎智頭線,2022/11/01,昼間帯,逆方向,-4400,-4400,0,0,0,0,-4400,電圧,0,0,0,0,2022/09/20 17:05:04
月間,202209,策定,西播東岡山線・山崎智頭線,2022/11/01,夜間帯,順方向,3260,3260,0,0,0,0,3260,熱容量,0,0,0,0,2022/09/20 17:05:04
月間,202209,策定,西播東岡山線・山崎智頭線,2022/11/01,夜間帯,逆方向,-4400,-4400,0,0,0,0,-4400,電圧,0,0,0,0,2022/09/20 17:05:04
月間,202209,策定,西播東岡山線・山崎智頭線,2022/11/02,昼間帯,順方向,3260,3260,0,0,0,0,3260,熱容量,0,0,0,0,2022/09/20 17:05:04
月間,202209,策定,西播東岡山線・山崎智頭線,2022/11/02,昼間帯,逆方向,-4450,-4450,0,0,0,0,-4450,電圧,0,0,0,0,2022/09/20 17:05:04
月間,202209,策定,西播東岡山線・山崎智頭線,2022/11/02,夜間帯,順方向,3260,3260,0,0,0,0,3260,熱容量,0,0,0,0,2022/09/20 17:05:04
月間,202209,策定,西播東岡山線・山崎智頭線,2022/11/02,夜間帯,逆方向,-4450,-4450,0,0,0,0,-4450,電圧,0,0,0,0,2022/09/20 17:05:04
月間,202209,策定,西播東岡山線・山崎智頭線,2022/11/03,昼間帯,順方向,3260,3260,0,0,0,0,3260,熱容量,0,0,0,0,2022/09/20 17:05:04
月間,202209,策定,西播東岡山線・山崎智頭線,2022/11/03,昼間帯,逆方向,-4450,-4450,0,0,0,0,-4450,電圧,0,0,0,0,2022/09/20 17:05:04
月間,202209,策定,西播東岡山線・山崎智頭線,2022/11/03,夜間帯,順方向,3260,3260,0,0,0,0,3260,熱容量,0,0,0,0,2022/09/20 17:05:04
月間,202209,策定,西播東岡山線・山崎智頭線,2022/11/03,夜間帯,逆方向,-4450,-4450,0,0,0,0,-4450,電圧,0,0,0,0,2022/09/20 17:05:04
月間,202209,策定,西播東岡山線・山崎智頭線,2022/11/04,昼間帯,順方向,3260,3260,0,0,0,0,3260,熱容量,0,0,0,0,2022/09/20 17:05:04
月間,202209,策定,西播東岡山線・山崎智頭線,2022/11/04,昼間帯,逆方向,-4450,-4450,0,0,0,0,-4450,電圧,0,0,0,0,2022/09/20 17:05:04
月間,202209,策定,西播東岡山線・山崎智頭線,2022/11/04,夜間帯,順方向,3260,3260,0,0,0,0,3260,熱容量,0,0,0,0,2022/09/20 17:05:04
月間,202209,策定,西播東岡山線・山崎智頭線,2022/11/04,夜間帯,逆方向,-4450,-4450,0,0,0,0,-4450,電圧,0,0,0,0,2022/09/20 17:05:04
月間,202209,策定,西播東岡山線・山崎智頭線,2022/11/05,昼間帯,順方向,3260,3260,0,0,0,0,3260,熱容量,0,0,0,0,2022/09/20 17:05:04
月間,202209,策定,西播東岡山線・山崎智頭線,2022/11/05,昼間帯,逆方向,-4450,-4450,0,0,0,0,-4450,電圧,0,0,0,0,2022/09/20 17:05:04
月間,202209,策定,西播東岡山線・山崎智頭線,2022/11/05,夜間帯,順方向,3260,3260,0,0,0,0,3260,熱容量,0,0,0,0,2022/09/20 17:05:04
月間,202209,策定,西播東岡山線・山崎智頭線,2022/11/05,夜間帯,逆方向,-4450,-4450,0,0,0,0,-4450,電圧,0,0,0,0,2022/09/20 17:05:04
月間,202210,策定,西播東岡山線・山崎智頭線,2022/11/05,昼間帯,順方向,3260,3260,0,0,0,0,3260,熱容量,0,0,0,0,2022/10/20 17:05:04
月間,202210,策定,西播東岡山線・山崎智頭線,2022/11/05,昼間帯,逆方向,-4450,-4450,0,0,0,0,-4450,電圧,0,0,0,0,2022/10/20 17:05:04
月間,202210,策定,西播東岡山線・山崎智頭線,2022/11/05,夜間帯,順方向,3260,3260,0,0,0,0,3260,熱容量,0,0,0,0,2022/10/20 17:05:04
月間,202210,策定,西播東岡山線・山崎智頭線,2022/11/05,夜間帯,逆方向,-4450,-4450,0,0,0,0,-4450,電圧,0,0,0,0,2022/10/20 17:05:04
月間,202209,策定,西播東岡山線・山崎智頭線,2022/11/06,昼間帯,順方向,3260,3260,0,0,0,0,3260,熱容量,0,0,0,0,2022/09/20 17:05:04
月間,202209,策定,西播東岡山線・山崎智頭線,2022/11/06,昼間帯,逆方向,-4450,-4450,0,0,0,0,-4450,電圧,0,0,0,0,2022/09/20 17:05:04
月間,202209,策定,西播東岡山線・山崎智頭線,2022/11/06,夜間帯,順方向,3260,3260,0,0,0,0,3260,熱容量,0,0,0,0,2022/09/20 17:05:04
月間,202209,策定,西播東岡山線・山崎智頭線,2022/11/06,夜間帯,逆方向,-4450,-4450,0,0,0,0,-4450,電圧,0,0,0,0,2022/09/20 17:05:04
月間,202210,策定,西播東岡山線・山崎智頭線,2022/11/06,昼間帯,順方向,3260,3260,0,0,0,0,3260,熱容量,0,0,0,0,2022/10/20 17:05:04
月間,202210,策定,西播東岡山線・山崎智頭線,2022/11/06,昼間帯,逆方向,-4450,-4450,0,0,0,0,-4450,電圧,0,0,0,0,2022/10/20 17:05:04
月間,202210,策定,西播東岡山線・山崎智頭線,2022/11/06,夜間帯,順方向,3260,3260,0,0,0,0,3260,熱容量,0,0,0,0,2022/10/20 17:05:04
月間,202210,策定,西播東岡山線・山崎智頭線,2022/11/06,夜間帯,逆方向,-4450,-4450,0,0,0,0,-4450,電圧,0,0,0,0,2022/10/20 17:05:04
月間,202209,策定,西播東岡山線・山崎智頭線,2022/11/07,昼間帯,順方向,3260,3260,0,0,0,0,3260,熱容量,0,0,0,0,2022/09/20 17:05:04
月間,202209,策定,西播東岡山線・山崎智頭線,2022/11/07,昼間帯,逆方向,-4450,-4450,0,0,0,0,-4450,電圧,0,0,0,0,2022/09/20 17:05:04
月間,202209,策定,西播東岡山線・山崎智頭線,2022/11/07,夜間帯,順方向,3260,3260,0,0,0,0,3260,熱容量,0,0,0,0,2022/09/20 17:05:04
月間,202209,策定,西播東岡山線・山崎智頭線,2022/11/07,夜間帯,逆方向,-4450,-4450,0,0,0,0,-4450,電圧,0,0,0,0,2022/09/20 17:05:04
月間,202210,策定,西播東岡山線・山崎智頭線,2022/11/07,昼間帯,順方向,3260,3260,0,0,0,0,3260,熱容量,0,0,0,0,2022/10/20 17:05:04
月間,202210,策定,西播東岡山線・山崎智頭線,2022/11/07,昼間帯,逆方向,-4450,-4450,0,0,0,0,-4450,電圧,0,0,0,0,2022/10/20 17:05:04
月間,202210,策定,西播東岡山線・山崎智頭線,2022/11/07,夜間帯,順方向,3260,3260,0,0,0,0,3260,熱容量,0,0,0,0,2022/10/20 17:05:04
月間,202210,策定,西播東岡山線・山崎智頭線,2022/11/07,夜間帯,逆方向,-4450,-4450,0,0,0,0,-4450,電圧,0,0,0,0,2022/10/20 17:05:04
月間,202209,策定,西播東岡山線・山崎智頭線,2022/11/08,昼間帯,順方向,3260,3260,0,0,0,0,3260,熱容量,0,0,0,0,2022/09/20 17:05:04
月間,202209,策定,西播東岡山線・山崎智頭線,2022/11/08,昼間帯,逆方向,-4450,-4450,0,0,0,0,-4450,電圧,0,0,0,0,2022/09/20 17:05:04
月間,202209,策定,西播東岡山線・山崎智頭線,2022/11/08,夜間帯,順方向,3260,3260,0,0,0,0,3260,熱容量,0,0,0,0,2022/09/20 17:05:04
月間,202209,策定,西播東岡山線・山崎智頭線,2022/11/08,夜間帯,逆方向,-4450,-4450,0,0,0,0,-4450,電圧,0,0,0,0,2022/09/20 17:05:04
月間,202210,策定,西播東岡山線・山崎智頭線,2022/11/08,昼間帯,順方向,3260,3260,0,0,0,0,3260,熱容量,0,0,0,0,2022/10/20 17:05:04
月間,202210,策定,西播東岡山線・山崎智頭線,2022/11/08,昼間帯,逆方向,-4450,-4450,0,0,0,0,-4450,電圧,0,0,0,0,2022/10/20 17:05:04
月間,202210,策定,西播東岡山線・山崎智頭線,2022/11/08,夜間帯,順方向,3260,3260,0,0,0,0,3260,熱容量,0,0,0,0,2022/10/20 17:05:04
月間,202210,策定,西播東岡山線・山崎智頭線,2022/11/08,夜間帯,逆方向,-4450,-4450,0,0,0,0,-4450,電圧,0,0,0,0,2022/10/20 17:05:04
月間,202209,策定,西播東岡山線・山崎智頭線,2022/11/09,昼間帯,順方向,3260,3260,0,0,0,0,3260,熱容量,0,0,0,0,2022/09/20 17:05:04
月間,202209,策定,西播東岡山線・山崎智頭線,2022/11/09,昼間帯,逆方向,-4450,-4450,0,0,0,0,-4450,電圧,0,0,0,0,2022/09/20 17:05:04
月間,202209,策定,西播東岡山線・山崎智頭線,2022/11/09,夜間帯,順方向,3260,3260,0,0,0,0,3260,熱容量,0,0,0,0,2022/09/20 17:05:04
月間,202209,策定,西播東岡山線・山崎智頭線,2022/11/09,夜間帯,逆方向,-4450,-4450,0,0,0,0,-4450,電圧,0,0,0,0,2022/09/20 17:05:04
月間,202210,策定,西播東岡山線・山崎智頭線,2022/11/09,昼間帯,順方向,3260,3260,0,0,0,0,3260,熱容量,0,0,0,0,2022/10/20 17:05:04
月間,202210,策定,西播東岡山線・山崎智頭線,2022/11/09,昼間帯,逆方向,-4450,-4450,0,0,0,0,-4450,電圧,0,0,0,0,2022/10/20 17:05:04
月間,202210,策定,西播東岡山線・山崎智頭線,2022/11/09,夜間帯,順方向,3260,3260,0,0,0,0,3260,熱容量,0,0,0,0,2022/10/20 17:05:04
月間,202210,策定,西播東岡山線・山崎智頭線,2022/11/09,夜間帯,逆方向,-4450,-4450,0,0,0,0,-4450,電圧,0,0,0,0,2022/10/20 17:05:04
月間,202209,策定,西播東岡山線・山崎智頭線,2022/11/10,昼間帯,順方向,3260,3260,0,0,0,0,3260,熱容量,0,0,0,0,2022/09/20 17:05:04
月間,202209,策定,西播東岡山線・山崎智頭線,2022/11/10,昼間帯,逆方向,-4450,-4450,0,0,0,0,-4450,電圧,0,0,0,0,2022/09/20 17:05:04
月間,202209,策定,西播東岡山線・山崎智頭線,2022/11/10,夜間帯,順方向,3260,3260,0,0,0,0,3260,熱容量,0,0,0,0,2022/09/20 17:05:04
月間,202209,策定,西播東岡山線・山崎智頭線,2022/11/10,夜間帯,逆方向,-4450,-4450,0,0,0,0,-4450,電圧,0,0,0,0,2022/09/20 17:05:04
月間,202210,策定,西播東岡山線・山崎智頭線,2022/11/10,昼間帯,順方向,3260,3260,0,0,0,0,3260,熱容量,0,0,0,0,2022/10/20 17:05:04
月間,202210,策定,西播東岡山線・山崎智頭線,2022/11/10,昼間帯,逆方向,-4450,-4450,0,0,0,0,-4450,電圧,0,0,0,0,2022/10/20 17:05:04
月間,202210,策定,西播東岡山線・山崎智頭線,2022/11/10,夜間帯,順方向,3260,3260,0,0,0,0,3260,熱容量,0,0,0,0,2022/10/20 17:05:04
月間,202210,策定,西播東岡山線・山崎智頭線,2022/11/10,夜間帯,逆方向,-4450,-4450,0,0,0,0,-4450,電圧,0,0,0,0,2022/10/20 17:05:04
月間,202209,策定,西播東岡山線・山崎智頭線,2022/11/11,昼間帯,順方向,3260,3260,0,0,0,0,3260,熱容量,0,0,0,0,2022/09/20 17:05:04
月間,202209,策定,西播東岡山線・山崎智頭線,2022/11/11,昼間帯,逆方向,-4450,-4450,0,0,0,0,-4450,電圧,0,0,0,0,2022/09/20 17:05:04
月間,202209,策定,西播東岡山線・山崎智頭線,2022/11/11,夜間帯,順方向,3260,3260,0,0,0,0,3260,熱容量,0,0,0,0,2022/09/20 17:05:04
月間,202209,策定,西播東岡山線・山崎智頭線,2022/11/11,夜間帯,逆方向,-4450,-4450,0,0,0,0,-4450,電圧,0,0,0,0,2022/09/20 17:05:04
月間,202210,策定,西播東岡山線・山崎智頭線,2022/11/11,昼間帯,順方向,3260,3260,0,0,0,0,3260,熱容量,0,0,0,0,2022/10/20 17:05:04
月間,202210,策定,西播東岡山線・山崎智頭線,2022/11/11,昼間帯,逆方向,-4450,-4450,0,0,0,0,-4450,電圧,0,0,0,0,2022/10/20 17:05:04
月間,202210,策定,西播東岡山線・山崎智頭線,2022/11/11,夜間帯,順方向,3260,3260,0,0,0,0,3260,熱容量,0,0,0,0,2022/10/20 17:05:04
月間,202210,策定,西播東岡山線・山崎智頭線,2022/11/11,夜間帯,逆方向,-4450,-4450,0,0,0,0,-4450,電圧,0,0,0,0,2022/10/20 17:05:04
月間,202209,策定,西播東岡山線・山崎智頭線,2022/11/12,昼間帯,順方向,3260,3260,0,0,0,0,3260,熱容量,0,0,0,0,2022/09/20 17:05:04
月間,202209,策定,西播東岡山線・山崎智頭線,2022/11/12,昼間帯,逆方向,-4450,-4450,0,0,0,0,-4450,電圧,0,0,0,0,2022/09/20 17:05:04
月間,202209,策定,西播東岡山線・山崎智頭線,2022/11/12,夜間帯,順方向,3260,3260,0,0,0,0,3260,熱容量,0,0,0,0,2022/09/20 17:05:04
月間,202209,策定,西播東岡山線・山崎智頭線,2022/11/12,夜間帯,逆方向,-4450,-4450,0,0,0,0,-4450,電圧,0,0,0,0,2022/09/20 17:05:04
月間,202210,策定,西播東岡山線・山崎智頭線,2022/11/12,昼間帯,順方向,3260,3260,0,0,0,0,3260,熱容量,0,0,0,0,2022/10/20 17:05:04
月間,202210,策定,西播東岡山線・山崎智頭線,2022/11/12,昼間帯,逆方向,-4450,-4450,0,0,0,0,-4450,電圧,0,0,0,0,2022/10/20 17:05:04
月間,202210,策定,西播東岡山線・山崎智頭線,2022/11/12,夜間帯,順方向,3260,3260,0,0,0,0,3260,熱容量,0,0,0,0,2022/10/20 17:05:04
月間,202210,策定,西播東岡山線・山崎智頭線,2022/11/12,夜間帯,逆方向,-4450,-4450,0,0,0,0,-4450,電圧,0,0,0,0,2022/10/20 17:05:04
月間,202209,策定,西播東岡山線・山崎智頭線,2022/11/13,昼間帯,順方向,3260,3260,0,0,0,0,3260,熱容量,0,0,0,0,2022/09/20 17:05:04
月間,202209,策定,西播東岡山線・山崎智頭線,2022/11/13,昼間帯,逆方向,-4450,-4450,0,0,0,0,-4450,電圧,0,0,0,0,2022/09/20 17:05:04
月間,202209,策定,西播東岡山線・山崎智頭線,2022/11/13,夜間帯,順方向,3260,3260,0,0,0,0,3260,熱容量,0,0,0,0,2022/09/20 17:05:04
月間,202209,策定,西播東岡山線・山崎智頭線,2022/11/13,夜間帯,逆方向,-4450,-4450,0,0,0,0,-4450,電圧,0,0,0,0,2022/09/20 17:05:04
月間,202210,策定,西播東岡山線・山崎智頭線,2022/11/13,昼間帯,順方向,3260,3260,0,0,0,0,3260,熱容量,0,0,0,0,2022/10/20 17:05:04
月間,202210,策定,西播東岡山線・山崎智頭線,2022/11/13,昼間帯,逆方向,-4450,-4450,0,0,0,0,-4450,電圧,0,0,0,0,2022/10/20 17:05:04
月間,202210,策定,西播東岡山線・山崎智頭線,2022/11/13,夜間帯,順方向,3260,3260,0,0,0,0,3260,熱容量,0,0,0,0,2022/10/20 17:05:04
月間,202210,策定,西播東岡山線・山崎智頭線,2022/11/13,夜間帯,逆方向,-4450,-4450,0,0,0,0,-4450,電圧,0,0,0,0,2022/10/20 17:05:04
月間,202209,策定,西播東岡山線・山崎智頭線,2022/11/14,昼間帯,順方向,3260,3260,0,0,0,0,3260,熱容量,0,0,0,0,2022/09/20 17:05:04
月間,202209,策定,西播東岡山線・山崎智頭線,2022/11/14,昼間帯,逆方向,-4450,-4450,0,0,0,0,-4450,電圧,0,0,0,0,2022/09/20 17:05:04
月間,202209,策定,西播東岡山線・山崎智頭線,2022/11/14,夜間帯,順方向,3260,3260,0,0,0,0,3260,熱容量,0,0,0,0,2022/09/20 17:05:04
月間,202209,策定,西播東岡山線・山崎智頭線,2022/11/14,夜間帯,逆方向,-4450,-4450,0,0,0,0,-4450,電圧,0,0,0,0,2022/09/20 17:05:04
月間,202210,策定,西播東岡山線・山崎智頭線,2022/11/14,昼間帯,順方向,3260,3260,0,0,0,0,3260,熱容量,0,0,0,0,2022/10/20 17:05:04
月間,202210,策定,西播東岡山線・山崎智頭線,2022/11/14,昼間帯,逆方向,-4450,-4450,0,0,0,0,-4450,電圧,0,0,0,0,2022/10/20 17:05:04
月間,202210,策定,西播東岡山線・山崎智頭線,2022/11/14,夜間帯,順方向,3260,3260,0,0,0,0,3260,熱容量,0,0,0,0,2022/10/20 17:05:04
月間,202210,策定,西播東岡山線・山崎智頭線,2022/11/14,夜間帯,逆方向,-4450,-4450,0,0,0,0,-4450,電圧,0,0,0,0,2022/10/20 17:05:04
月間,202209,策定,西播東岡山線・山崎智頭線,2022/11/15,昼間帯,順方向,3260,3260,0,0,0,0,3260,熱容量,0,0,0,0,2022/09/20 17:05:04
月間,202209,策定,西播東岡山線・山崎智頭線,2022/11/15,昼間帯,逆方向,-4450,-4450,0,0,0,0,-4450,電圧,0,0,0,0,2022/09/20 17:05:04
月間,202209,策定,西播東岡山線・山崎智頭線,2022/11/15,夜間帯,順方向,3260,3260,0,0,0,0,3260,熱容量,0,0,0,0,2022/09/20 17:05:04
月間,202209,策定,西播東岡山線・山崎智頭線,2022/11/15,夜間帯,逆方向,-4450,-4450,0,0,0,0,-4450,電圧,0,0,0,0,2022/09/20 17:05:04
月間,202210,策定,西播東岡山線・山崎智頭線,2022/11/15,昼間帯,順方向,3260,3260,0,0,0,0,3260,熱容量,0,0,0,0,2022/10/20 17:05:04
月間,202210,策定,西播東岡山線・山崎智頭線,2022/11/15,昼間帯,逆方向,-4450,-4450,0,0,0,0,-4450,電圧,0,0,0,0,2022/10/20 17:05:04
月間,202210,策定,西播東岡山線・山崎智頭線,2022/11/15,夜間帯,順方向,3260,3260,0,0,0,0,3260,熱容量,0,0,0,0,2022/10/20 17:05:04
月間,202210,策定,西播東岡山線・山崎智頭線,2022/11/15,夜間帯,逆方向,-4450,-4450,0,0,0,0,-4450,電圧,0,0,0,0,2022/10/20 17:05:04
月間,202209,策定,西播東岡山線・山崎智頭線,2022/11/16,昼間帯,順方向,3260,3260,0,0,0,0,3260,熱容量,0,0,0,0,2022/09/20 17:05:04
月間,202209,策定,西播東岡山線・山崎智頭線,2022/11/16,昼間帯,逆方向,-4450,-4450,0,0,0,0,-4450,電圧,0,0,0,0,2022/09/20 17:05:04
月間,202209,策定,西播東岡山線・山崎智頭線,2022/11/16,夜間帯,順方向,3260,3260,0,0,0,0,3260,熱容量,0,0,0,0,2022/09/20 17:05:04
月間,202209,策定,西播東岡山線・山崎智頭線,2022/11/16,夜間帯,逆方向,-4450,-4450,0,0,0,0,-4450,電圧,0,0,0,0,2022/09/20 17:05:04
月間,202210,策定,西播東岡山線・山崎智頭線,2022/11/16,昼間帯,順方向,3260,3260,0,0,0,0,3260,熱容量,0,0,0,0,2022/10/20 17:05:04
月間,202210,策定,西播東岡山線・山崎智頭線,2022/11/16,昼間帯,逆方向,-4450,-4450,0,0,0,0,-4450,電圧,0,0,0,0,2022/10/20 17:05:04
月間,202210,策定,西播東岡山線・山崎智頭線,2022/11/16,夜間帯,順方向,3260,3260,0,0,0,0,3260,熱容量,0,0,0,0,2022/10/20 17:05:04
月間,202210,策定,西播東岡山線・山崎智頭線,2022/11/16,夜間帯,逆方向,-4450,-4450,0,0,0,0,-4450,電圧,0,0,0,0,2022/10/20 17:05:04
月間,202209,策定,西播東岡山線・山崎智頭線,2022/11/17,昼間帯,順方向,3260,3260,0,0,0,0,3260,熱容量,0,0,0,0,2022/09/20 17:05:04
月間,202209,策定,西播東岡山線・山崎智頭線,2022/11/17,昼間帯,逆方向,-4450,-4450,0,0,0,0,-4450,電圧,0,0,0,0,2022/09/20 17:05:04
月間,202209,策定,西播東岡山線・山崎智頭線,2022/11/17,夜間帯,順方向,3260,3260,0,0,0,0,3260,熱容量,0,0,0,0,2022/09/20 17:05:04
月間,202209,策定,西播東岡山線・山崎智頭線,2022/11/17,夜間帯,逆方向,-4450,-4450,0,0,0,0,-4450,電圧,0,0,0,0,2022/09/20 17:05:04
月間,202210,策定,西播東岡山線・山崎智頭線,2022/11/17,昼間帯,順方向,3260,3260,0,0,0,0,3260,熱容量,0,0,0,0,2022/10/20 17:05:04
月間,202210,策定,西播東岡山線・山崎智頭線,2022/11/17,昼間帯,逆方向,-4400,-4400,0,0,0,0,-4400,電圧,0,0,0,0,2022/10/20 17:05:04
月間,202210,策定,西播東岡山線・山崎智頭線,2022/11/17,夜間帯,順方向,3260,3260,0,0,0,0,3260,熱容量,0,0,0,0,2022/10/20 17:05:04
月間,202210,策定,西播東岡山線・山崎智頭線,2022/11/17,夜間帯,逆方向,-4400,-4400,0,0,0,0,-4400,電圧,0,0,0,0,2022/10/20 17:05:04
月間,202209,策定,西播東岡山線・山崎智頭線,2022/11/18,昼間帯,順方向,3260,3260,0,0,0,0,3260,熱容量,0,0,0,0,2022/09/20 17:05:04
月間,202209,策定,西播東岡山線・山崎智頭線,2022/11/18,昼間帯,逆方向,-4450,-4450,0,0,0,0,-4450,電圧,0,0,0,0,2022/09/20 17:05:04
月間,202209,策定,西播東岡山線・山崎智頭線,2022/11/18,夜間帯,順方向,3260,3260,0,0,0,0,3260,熱容量,0,0,0,0,2022/09/20 17:05:04
月間,202209,策定,西播東岡山線・山崎智頭線,2022/11/18,夜間帯,逆方向,-4450,-4450,0,0,0,0,-4450,電圧,0,0,0,0,2022/09/20 17:05:04
月間,202210,策定,西播東岡山線・山崎智頭線,2022/11/18,昼間帯,順方向,3260,3260,0,0,0,0,3260,熱容量,0,0,0,0,2022/10/20 17:05:04
月間,202210,策定,西播東岡山線・山崎智頭線,2022/11/18,昼間帯,逆方向,-4400,-4400,0,0,0,0,-4400,電圧,0,0,0,0,2022/10/20 17:05:04
月間,202210,策定,西播東岡山線・山崎智頭線,2022/11/18,夜間帯,順方向,3260,3260,0,0,0,0,3260,熱容量,0,0,0,0,2022/10/20 17:05:04
月間,202210,策定,西播東岡山線・山崎智頭線,2022/11/18,夜間帯,逆方向,-4400,-4400,0,0,0,0,-4400,電圧,0,0,0,0,2022/10/20 17:05:04
月間,202209,策定,西播東岡山線・山崎智頭線,2022/11/19,昼間帯,順方向,3260,3260,0,0,0,0,3260,熱容量,0,0,0,0,2022/09/20 17:05:04
月間,202209,策定,西播東岡山線・山崎智頭線,2022/11/19,昼間帯,逆方向,-4450,-4450,0,0,0,0,-4450,電圧,0,0,0,0,2022/09/20 17:05:04
月間,202209,策定,西播東岡山線・山崎智頭線,2022/11/19,夜間帯,順方向,3260,3260,0,0,0,0,3260,熱容量,0,0,0,0,2022/09/20 17:05:04
月間,202209,策定,西播東岡山線・山崎智頭線,2022/11/19,夜間帯,逆方向,-4450,-4450,0,0,0,0,-4450,電圧,0,0,0,0,2022/09/20 17:05:04
月間,202210,策定,西播東岡山線・山崎智頭線,2022/11/19,昼間帯,順方向,3260,3260,0,0,0,0,3260,熱容量,0,0,0,0,2022/10/20 17:05:04
月間,202210,策定,西播東岡山線・山崎智頭線,2022/11/19,昼間帯,逆方向,-4450,-4450,0,0,0,0,-4450,電圧,0,0,0,0,2022/10/20 17:05:04
月間,202210,策定,西播東岡山線・山崎智頭線,2022/11/19,夜間帯,順方向,3260,3260,0,0,0,0,3260,熱容量,0,0,0,0,2022/10/20 17:05:04
月間,202210,策定,西播東岡山線・山崎智頭線,2022/11/19,夜間帯,逆方向,-4450,-4450,0,0,0,0,-4450,電圧,0,0,0,0,2022/10/20 17:05:04
月間,202209,策定,西播東岡山線・山崎智頭線,2022/11/20,昼間帯,順方向,3260,3260,0,0,0,0,3260,熱容量,0,0,0,0,2022/09/20 17:05:04
月間,202209,策定,西播東岡山線・山崎智頭線,2022/11/20,昼間帯,逆方向,-4450,-4450,0,0,0,0,-4450,電圧,0,0,0,0,2022/09/20 17:05:04
月間,202209,策定,西播東岡山線・山崎智頭線,2022/11/20,夜間帯,順方向,3260,3260,0,0,0,0,3260,熱容量,0,0,0,0,2022/09/20 17:05:04
月間,202209,策定,西播東岡山線・山崎智頭線,2022/11/20,夜間帯,逆方向,-4450,-4450,0,0,0,0,-4450,電圧,0,0,0,0,2022/09/20 17:05:04
月間,202210,策定,西播東岡山線・山崎智頭線,2022/11/20,昼間帯,順方向,3260,3260,0,0,0,0,3260,熱容量,0,0,0,0,2022/10/20 17:05:04
月間,202210,策定,西播東岡山線・山崎智頭線,2022/11/20,昼間帯,逆方向,-4450,-4450,0,0,0,0,-4450,電圧,0,0,0,0,2022/10/20 17:05:04
月間,202210,策定,西播東岡山線・山崎智頭線,2022/11/20,夜間帯,順方向,3260,3260,0,0,0,0,3260,熱容量,0,0,0,0,2022/10/20 17:05:04
月間,202210,策定,西播東岡山線・山崎智頭線,2022/11/20,夜間帯,逆方向,-4450,-4450,0,0,0,0,-4450,電圧,0,0,0,0,2022/10/20 17:05:04
月間,202209,策定,西播東岡山線・山崎智頭線,2022/11/21,昼間帯,順方向,3260,3260,0,0,0,0,3260,熱容量,0,0,0,0,2022/09/20 17:05:04
月間,202209,策定,西播東岡山線・山崎智頭線,2022/11/21,昼間帯,逆方向,-4450,-4450,0,0,0,0,-4450,電圧,0,0,0,0,2022/09/20 17:05:04
月間,202209,策定,西播東岡山線・山崎智頭線,2022/11/21,夜間帯,順方向,3260,3260,0,0,0,0,3260,熱容量,0,0,0,0,2022/09/20 17:05:04
月間,202209,策定,西播東岡山線・山崎智頭線,2022/11/21,夜間帯,逆方向,-4450,-4450,0,0,0,0,-4450,電圧,0,0,0,0,2022/09/20 17:05:04
月間,202210,策定,西播東岡山線・山崎智頭線,2022/11/21,昼間帯,順方向,3260,3260,0,0,0,0,3260,熱容量,0,0,0,0,2022/10/20 17:05:04
月間,202210,策定,西播東岡山線・山崎智頭線,2022/11/21,昼間帯,逆方向,-4450,-4450,0,0,0,0,-4450,電圧,0,0,0,0,2022/10/20 17:05:04
月間,202210,策定,西播東岡山線・山崎智頭線,2022/11/21,夜間帯,順方向,3260,3260,0,0,0,0,3260,熱容量,0,0,0,0,2022/10/20 17:05:04
月間,202210,策定,西播東岡山線・山崎智頭線,2022/11/21,夜間帯,逆方向,-4450,-4450,0,0,0,0,-4450,電圧,0,0,0,0,2022/10/20 17:05:04
月間,202209,策定,西播東岡山線・山崎智頭線,2022/11/22,昼間帯,順方向,3260,3260,0,0,0,0,3260,熱容量,0,0,0,0,2022/09/20 17:05:04
月間,202209,策定,西播東岡山線・山崎智頭線,2022/11/22,昼間帯,逆方向,-4450,-4450,0,0,0,0,-4450,電圧,0,0,0,0,2022/09/20 17:05:04
月間,202209,策定,西播東岡山線・山崎智頭線,2022/11/22,夜間帯,順方向,3260,3260,0,0,0,0,3260,熱容量,0,0,0,0,2022/09/20 17:05:04
月間,202209,策定,西播東岡山線・山崎智頭線,2022/11/22,夜間帯,逆方向,-4450,-4450,0,0,0,0,-4450,電圧,0,0,0,0,2022/09/20 17:05:04
月間,202210,策定,西播東岡山線・山崎智頭線,2022/11/22,昼間帯,順方向,3260,3260,0,0,0,0,3260,熱容量,0,0,0,0,2022/10/20 17:05:04
月間,202210,策定,西播東岡山線・山崎智頭線,2022/11/22,昼間帯,逆方向,-4450,-4450,0,0,0,0,-4450,電圧,0,0,0,0,2022/10/20 17:05:04
月間,202210,策定,西播東岡山線・山崎智頭線,2022/11/22,夜間帯,順方向,3260,3260,0,0,0,0,3260,熱容量,0,0,0,0,2022/10/20 17:05:04
月間,202210,策定,西播東岡山線・山崎智頭線,2022/11/22,夜間帯,逆方向,-4450,-4450,0,0,0,0,-4450,電圧,0,0,0,0,2022/10/20 17:05:04
月間,202209,策定,西播東岡山線・山崎智頭線,2022/11/23,昼間帯,順方向,3260,3260,0,0,0,0,3260,熱容量,0,0,0,0,2022/09/20 17:05:04
月間,202209,策定,西播東岡山線・山崎智頭線,2022/11/23,昼間帯,逆方向,-4450,-4450,0,0,0,0,-4450,電圧,0,0,0,0,2022/09/20 17:05:04
月間,202209,策定,西播東岡山線・山崎智頭線,2022/11/23,夜間帯,順方向,3260,3260,0,0,0,0,3260,熱容量,0,0,0,0,2022/09/20 17:05:04
月間,202209,策定,西播東岡山線・山崎智頭線,2022/11/23,夜間帯,逆方向,-4450,-4450,0,0,0,0,-4450,電圧,0,0,0,0,2022/09/20 17:05:04
月間,202210,策定,西播東岡山線・山崎智頭線,2022/11/23,昼間帯,順方向,3260,3260,0,0,0,0,3260,熱容量,0,0,0,0,2022/10/20 17:05:04
月間,202210,策定,西播東岡山線・山崎智頭線,2022/11/23,昼間帯,逆方向,-4450,-4450,0,0,0,0,-4450,電圧,0,0,0,0,2022/10/20 17:05:04
月間,202210,策定,西播東岡山線・山崎智頭線,2022/11/23,夜間帯,順方向,3260,3260,0,0,0,0,3260,熱容量,0,0,0,0,2022/10/20 17:05:04
月間,202210,策定,西播東岡山線・山崎智頭線,2022/11/23,夜間帯,逆方向,-4450,-4450,0,0,0,0,-4450,電圧,0,0,0,0,2022/10/20 17:05:04
月間,202209,策定,西播東岡山線・山崎智頭線,2022/11/24,昼間帯,順方向,3260,3260,0,0,0,0,3260,熱容量,0,0,0,0,2022/09/20 17:05:04
月間,202209,策定,西播東岡山線・山崎智頭線,2022/11/24,昼間帯,逆方向,-4450,-4450,0,0,0,0,-4450,電圧,0,0,0,0,2022/09/20 17:05:04
月間,202209,策定,西播東岡山線・山崎智頭線,2022/11/24,夜間帯,順方向,3260,3260,0,0,0,0,3260,熱容量,0,0,0,0,2022/09/20 17:05:04
月間,202209,策定,西播東岡山線・山崎智頭線,2022/11/24,夜間帯,逆方向,-4450,-4450,0,0,0,0,-4450,電圧,0,0,0,0,2022/09/20 17:05:04
月間,202210,策定,西播東岡山線・山崎智頭線,2022/11/24,昼間帯,順方向,3260,3260,0,0,0,0,3260,熱容量,0,0,0,0,2022/10/20 17:05:04
月間,202210,策定,西播東岡山線・山崎智頭線,2022/11/24,昼間帯,逆方向,-4450,-4450,0,0,0,0,-4450,電圧,0,0,0,0,2022/10/20 17:05:04
月間,202210,策定,西播東岡山線・山崎智頭線,2022/11/24,夜間帯,順方向,3260,3260,0,0,0,0,3260,熱容量,0,0,0,0,2022/10/20 17:05:04
月間,202210,策定,西播東岡山線・山崎智頭線,2022/11/24,夜間帯,逆方向,-4450,-4450,0,0,0,0,-4450,電圧,0,0,0,0,2022/10/20 17:05:04
月間,202209,策定,西播東岡山線・山崎智頭線,2022/11/25,昼間帯,順方向,3260,3260,0,0,0,0,3260,熱容量,0,0,0,0,2022/09/20 17:05:04
月間,202209,策定,西播東岡山線・山崎智頭線,2022/11/25,昼間帯,逆方向,-4450,-4450,0,0,0,0,-4450,電圧,0,0,0,0,2022/09/20 17:05:04
月間,202209,策定,西播東岡山線・山崎智頭線,2022/11/25,夜間帯,順方向,3260,3260,0,0,0,0,3260,熱容量,0,0,0,0,2022/09/20 17:05:04
月間,202209,策定,西播東岡山線・山崎智頭線,2022/11/25,夜間帯,逆方向,-4450,-4450,0,0,0,0,-4450,電圧,0,0,0,0,2022/09/20 17:05:04
月間,202210,策定,西播東岡山線・山崎智頭線,2022/11/25,昼間帯,順方向,3260,3260,0,0,0,0,3260,熱容量,0,0,0,0,2022/10/20 17:05:04
月間,202210,策定,西播東岡山線・山崎智頭線,2022/11/25,昼間帯,逆方向,-3290,-3290,0,0,0,0,-3290,熱容量（作業）,0,0,0,0,2022/10/20 17:05:04
月間,202210,策定,西播東岡山線・山崎智頭線,2022/11/25,夜間帯,順方向,3260,3260,0,0,0,0,3260,熱容量,0,0,0,0,2022/10/20 17:05:04
月間,202210,策定,西播東岡山線・山崎智頭線,2022/11/25,夜間帯,逆方向,-4450,-4450,0,0,0,0,-4450,電圧,0,0,0,0,2022/10/20 17:05:04
月間,202209,策定,西播東岡山線・山崎智頭線,2022/11/26,昼間帯,順方向,3260,3260,0,0,0,0,3260,熱容量,0,0,0,0,2022/09/20 17:05:04
月間,202209,策定,西播東岡山線・山崎智頭線,2022/11/26,昼間帯,逆方向,-3290,-3290,0,0,0,0,-3290,熱容量（作業）,0,0,0,0,2022/09/20 17:05:04
月間,202209,策定,西播東岡山線・山崎智頭線,2022/11/26,夜間帯,順方向,3260,3260,0,0,0,0,3260,熱容量,0,0,0,0,2022/09/20 17:05:04
月間,202209,策定,西播東岡山線・山崎智頭線,2022/11/26,夜間帯,逆方向,-3290,-3290,0,0,0,0,-3290,熱容量（作業）,0,0,0,0,2022/09/20 17:05:04
月間,202210,策定,西播東岡山線・山崎智頭線,2022/11/26,昼間帯,順方向,3260,3260,0,0,0,0,3260,熱容量,0,0,0,0,2022/10/20 17:05:04
月間,202210,策定,西播東岡山線・山崎智頭線,2022/11/26,昼間帯,逆方向,-4450,-4450,0,0,0,0,-4450,電圧,0,0,0,0,2022/10/20 17:05:04
月間,202210,策定,西播東岡山線・山崎智頭線,2022/11/26,夜間帯,順方向,3260,3260,0,0,0,0,3260,熱容量,0,0,0,0,2022/10/20 17:05:04
月間,202210,策定,西播東岡山線・山崎智頭線,2022/11/26,夜間帯,逆方向,-4450,-4450,0,0,0,0,-4450,電圧,0,0,0,0,2022/10/20 17:05:04
月間,202209,策定,西播東岡山線・山崎智頭線,2022/11/27,昼間帯,順方向,3260,3260,0,0,0,0,3260,熱容量,0,0,0,0,2022/09/20 17:05:04
月間,202209,策定,西播東岡山線・山崎智頭線,2022/11/27,昼間帯,逆方向,-3290,-3290,0,0,0,0,-3290,熱容量（作業）,0,0,0,0,2022/09/20 17:05:04
月間,202209,策定,西播東岡山線・山崎智頭線,2022/11/27,夜間帯,順方向,3260,3260,0,0,0,0,3260,熱容量,0,0,0,0,2022/09/20 17:05:04
月間,202209,策定,西播東岡山線・山崎智頭線,2022/11/27,夜間帯,逆方向,-3290,-3290,0,0,0,0,-3290,熱容量（作業）,0,0,0,0,2022/09/20 17:05:04
月間,202210,策定,西播東岡山線・山崎智頭線,2022/11/27,昼間帯,順方向,3260,3260,0,0,0,0,3260,熱容量,0,0,0,0,2022/10/20 17:05:04
月間,202210,策定,西播東岡山線・山崎智頭線,2022/11/27,昼間帯,逆方向,-4450,-4450,0,0,0,0,-4450,電圧,0,0,0,0,2022/10/20 17:05:04
月間,202210,策定,西播東岡山線・山崎智頭線,2022/11/27,夜間帯,順方向,3260,3260,0,0,0,0,3260,熱容量,0,0,0,0,2022/10/20 17:05:04
月間,202210,策定,西播東岡山線・山崎智頭線,2022/11/27,夜間帯,逆方向,-4450,-4450,0,0,0,0,-4450,電圧,0,0,0,0,2022/10/20 17:05:04
月間,202209,策定,西播東岡山線・山崎智頭線,2022/11/28,昼間帯,順方向,3260,3260,0,0,0,0,3260,熱容量,0,0,0,0,2022/09/20 17:05:04
月間,202209,策定,西播東岡山線・山崎智頭線,2022/11/28,昼間帯,逆方向,-4450,-4450,0,0,0,0,-4450,電圧,0,0,0,0,2022/09/20 17:05:04
月間,202209,策定,西播東岡山線・山崎智頭線,2022/11/28,夜間帯,順方向,3260,3260,0,0,0,0,3260,熱容量,0,0,0,0,2022/09/20 17:05:04
月間,202209,策定,西播東岡山線・山崎智頭線,2022/11/28,夜間帯,逆方向,-4450,-4450,0,0,0,0,-4450,電圧,0,0,0,0,2022/09/20 17:05:04
月間,202210,策定,西播東岡山線・山崎智頭線,2022/11/28,昼間帯,順方向,3260,3260,0,0,0,0,3260,熱容量,0,0,0,0,2022/10/20 17:05:04
月間,202210,策定,西播東岡山線・山崎智頭線,2022/11/28,昼間帯,逆方向,-4450,-4450,0,0,0,0,-4450,電圧,0,0,0,0,2022/10/20 17:05:04
月間,202210,策定,西播東岡山線・山崎智頭線,2022/11/28,夜間帯,順方向,3260,3260,0,0,0,0,3260,熱容量,0,0,0,0,2022/10/20 17:05:04
月間,202210,策定,西播東岡山線・山崎智頭線,2022/11/28,夜間帯,逆方向,-4450,-4450,0,0,0,0,-4450,電圧,0,0,0,0,2022/10/20 17:05:04
月間,202209,策定,西播東岡山線・山崎智頭線,2022/11/29,昼間帯,順方向,3260,3260,0,0,0,0,3260,熱容量,0,0,0,0,2022/09/20 17:05:04
月間,202209,策定,西播東岡山線・山崎智頭線,2022/11/29,昼間帯,逆方向,-4450,-4450,0,0,0,0,-4450,電圧,0,0,0,0,2022/09/20 17:05:04
月間,202209,策定,西播東岡山線・山崎智頭線,2022/11/29,夜間帯,順方向,3260,3260,0,0,0,0,3260,熱容量,0,0,0,0,2022/09/20 17:05:04
月間,202209,策定,西播東岡山線・山崎智頭線,2022/11/29,夜間帯,逆方向,-4450,-4450,0,0,0,0,-4450,電圧,0,0,0,0,2022/09/20 17:05:04
月間,202210,策定,西播東岡山線・山崎智頭線,2022/11/29,昼間帯,順方向,3260,3260,0,0,0,0,3260,熱容量,0,0,0,0,2022/10/20 17:05:04
月間,202210,策定,西播東岡山線・山崎智頭線,2022/11/29,昼間帯,逆方向,-4450,-4450,0,0,0,0,-4450,電圧,0,0,0,0,2022/10/20 17:05:04
月間,202210,策定,西播東岡山線・山崎智頭線,2022/11/29,夜間帯,順方向,3260,3260,0,0,0,0,3260,熱容量,0,0,0,0,2022/10/20 17:05:04
月間,202210,策定,西播東岡山線・山崎智頭線,2022/11/29,夜間帯,逆方向,-4450,-4450,0,0,0,0,-4450,電圧,0,0,0,0,2022/10/20 17:05:04
月間,202209,策定,西播東岡山線・山崎智頭線,2022/11/30,昼間帯,順方向,3260,3260,0,0,0,0,3260,熱容量,0,0,0,0,2022/09/20 17:05:04
月間,202209,策定,西播東岡山線・山崎智頭線,2022/11/30,昼間帯,逆方向,-4450,-4450,0,0,0,0,-4450,電圧,0,0,0,0,2022/09/20 17:05:04
月間,202209,策定,西播東岡山線・山崎智頭線,2022/11/30,夜間帯,順方向,3260,3260,0,0,0,0,3260,熱容量,0,0,0,0,2022/09/20 17:05:04
月間,202209,策定,西播東岡山線・山崎智頭線,2022/11/30,夜間帯,逆方向,-4450,-4450,0,0,0,0,-4450,電圧,0,0,0,0,2022/09/20 17:05:04
月間,202210,策定,西播東岡山線・山崎智頭線,2022/11/30,昼間帯,順方向,3260,3260,0,0,0,0,3260,熱容量,0,0,0,0,2022/10/20 17:05:04
月間,202210,策定,西播東岡山線・山崎智頭線,2022/11/30,昼間帯,逆方向,-4450,-4450,0,0,0,0,-4450,電圧,0,0,0,0,2022/10/20 17:05:04
月間,202210,策定,西播東岡山線・山崎智頭線,2022/11/30,夜間帯,順方向,3260,3260,0,0,0,0,3260,熱容量,0,0,0,0,2022/10/20 17:05:04
月間,202210,策定,西播東岡山線・山崎智頭線,2022/11/30,夜間帯,逆方向,-4450,-4450,0,0,0,0,-4450,電圧,0,0,0,0,2022/10/20 17:05:04
月間,202210,策定,西播東岡山線・山崎智頭線,2022/12/01,昼間帯,順方向,3260,3260,0,0,0,0,3260,熱容量,0,0,0,0,2022/10/20 17:05:04
月間,202210,策定,西播東岡山線・山崎智頭線,2022/12/01,昼間帯,逆方向,-3290,-3290,0,0,0,0,-3290,熱容量（作業）,0,0,0,0,2022/10/20 17:05:04
月間,202210,策定,西播東岡山線・山崎智頭線,2022/12/01,夜間帯,順方向,3260,3260,0,0,0,0,3260,熱容量,0,0,0,0,2022/10/20 17:05:04
月間,202210,策定,西播東岡山線・山崎智頭線,2022/12/01,夜間帯,逆方向,-4550,-4550,0,0,0,0,-4550,電圧,0,0,0,0,2022/10/20 17:05:04
月間,202210,策定,西播東岡山線・山崎智頭線,2022/12/02,昼間帯,順方向,3260,3260,0,0,0,0,3260,熱容量,0,0,0,0,2022/10/20 17:05:04
月間,202210,策定,西播東岡山線・山崎智頭線,2022/12/02,昼間帯,逆方向,-3290,-3290,0,0,0,0,-3290,熱容量（作業）,0,0,0,0,2022/10/20 17:05:04
月間,202210,策定,西播東岡山線・山崎智頭線,2022/12/02,夜間帯,順方向,3260,3260,0,0,0,0,3260,熱容量,0,0,0,0,2022/10/20 17:05:04
月間,202210,策定,西播東岡山線・山崎智頭線,2022/12/02,夜間帯,逆方向,-4550,-4550,0,0,0,0,-4550,電圧,0,0,0,0,2022/10/20 17:05:04
月間,202210,策定,西播東岡山線・山崎智頭線,2022/12/03,昼間帯,順方向,3260,3260,0,0,0,0,3260,熱容量,0,0,0,0,2022/10/20 17:05:04
月間,202210,策定,西播東岡山線・山崎智頭線,2022/12/03,昼間帯,逆方向,-4550,-4550,0,0,0,0,-4550,電圧,0,0,0,0,2022/10/20 17:05:04
月間,202210,策定,西播東岡山線・山崎智頭線,2022/12/03,夜間帯,順方向,3260,3260,0,0,0,0,3260,熱容量,0,0,0,0,2022/10/20 17:05:04
月間,202210,策定,西播東岡山線・山崎智頭線,2022/12/03,夜間帯,逆方向,-4550,-4550,0,0,0,0,-4550,電圧,0,0,0,0,2022/10/20 17:05:04
月間,202211,策定,西播東岡山線・山崎智頭線,2022/12/03,昼間帯,順方向,3260,3260,0,0,0,0,3260,熱容量,0,0,0,0,2022/11/18 17:05:04
月間,202211,策定,西播東岡山線・山崎智頭線,2022/12/03,昼間帯,逆方向,-4550,-4550,0,0,0,0,-4550,電圧,0,0,0,0,2022/11/18 17:05:04
月間,202211,策定,西播東岡山線・山崎智頭線,2022/12/03,夜間帯,順方向,3260,3260,0,0,0,0,3260,熱容量,0,0,0,0,2022/11/18 17:05:04
月間,202211,策定,西播東岡山線・山崎智頭線,2022/12/03,夜間帯,逆方向,-4550,-4550,0,0,0,0,-4550,電圧,0,0,0,0,2022/11/18 17:05:04
月間,202210,策定,西播東岡山線・山崎智頭線,2022/12/04,昼間帯,順方向,3260,3260,0,0,0,0,3260,熱容量,0,0,0,0,2022/10/20 17:05:04
月間,202210,策定,西播東岡山線・山崎智頭線,2022/12/04,昼間帯,逆方向,-4550,-4550,0,0,0,0,-4550,電圧,0,0,0,0,2022/10/20 17:05:04
月間,202210,策定,西播東岡山線・山崎智頭線,2022/12/04,夜間帯,順方向,3260,3260,0,0,0,0,3260,熱容量,0,0,0,0,2022/10/20 17:05:04
月間,202210,策定,西播東岡山線・山崎智頭線,2022/12/04,夜間帯,逆方向,-4550,-4550,0,0,0,0,-4550,電圧,0,0,0,0,2022/10/20 17:05:04
月間,202211,策定,西播東岡山線・山崎智頭線,2022/12/04,昼間帯,順方向,3260,3260,0,0,0,0,3260,熱容量,0,0,0,0,2022/11/18 17:05:04
月間,202211,策定,西播東岡山線・山崎智頭線,2022/12/04,昼間帯,逆方向,-4550,-4550,0,0,0,0,-4550,電圧,0,0,0,0,2022/11/18 17:05:04
月間,202211,策定,西播東岡山線・山崎智頭線,2022/12/04,夜間帯,順方向,3260,3260,0,0,0,0,3260,熱容量,0,0,0,0,2022/11/18 17:05:04
月間,202211,策定,西播東岡山線・山崎智頭線,2022/12/04,夜間帯,逆方向,-4550,-4550,0,0,0,0,-4550,電圧,0,0,0,0,2022/11/18 17:05:04
月間,202210,策定,西播東岡山線・山崎智頭線,2022/12/05,昼間帯,順方向,3260,3260,0,0,0,0,3260,熱容量,0,0,0,0,2022/10/20 17:05:04
月間,202210,策定,西播東岡山線・山崎智頭線,2022/12/05,昼間帯,逆方向,-4550,-4550,0,0,0,0,-4550,電圧,0,0,0,0,2022/10/20 17:05:04
月間,202210,策定,西播東岡山線・山崎智頭線,2022/12/05,夜間帯,順方向,3260,3260,0,0,0,0,3260,熱容量,0,0,0,0,2022/10/20 17:05:04
月間,202210,策定,西播東岡山線・山崎智頭線,2022/12/05,夜間帯,逆方向,-4550,-4550,0,0,0,0,-4550,電圧,0,0,0,0,2022/10/20 17:05:04
月間,202211,策定,西播東岡山線・山崎智頭線,2022/12/05,昼間帯,順方向,3260,3260,0,0,0,0,3260,熱容量,0,0,0,0,2022/11/18 17:05:04
月間,202211,策定,西播東岡山線・山崎智頭線,2022/12/05,昼間帯,逆方向,-4550,-4550,0,0,0,0,-4550,電圧,0,0,0,0,2022/11/18 17:05:04
月間,202211,策定,西播東岡山線・山崎智頭線,2022/12/05,夜間帯,順方向,3260,3260,0,0,0,0,3260,熱容量,0,0,0,0,2022/11/18 17:05:04
月間,202211,策定,西播東岡山線・山崎智頭線,2022/12/05,夜間帯,逆方向,-4550,-4550,0,0,0,0,-4550,電圧,0,0,0,0,2022/11/18 17:05:04
月間,202210,策定,西播東岡山線・山崎智頭線,2022/12/06,昼間帯,順方向,3260,3260,0,0,0,0,3260,熱容量,0,0,0,0,2022/10/20 17:05:04
月間,202210,策定,西播東岡山線・山崎智頭線,2022/12/06,昼間帯,逆方向,-4550,-4550,0,0,0,0,-4550,電圧,0,0,0,0,2022/10/20 17:05:04
月間,202210,策定,西播東岡山線・山崎智頭線,2022/12/06,夜間帯,順方向,3260,3260,0,0,0,0,3260,熱容量,0,0,0,0,2022/10/20 17:05:04
月間,202210,策定,西播東岡山線・山崎智頭線,2022/12/06,夜間帯,逆方向,-4450,-4450,0,0,0,0,-4450,電圧,0,0,0,0,2022/10/20 17:05:04
月間,202211,策定,西播東岡山線・山崎智頭線,2022/12/06,昼間帯,順方向,3260,3260,0,0,0,0,3260,熱容量,0,0,0,0,2022/11/18 17:05:04
月間,202211,策定,西播東岡山線・山崎智頭線,2022/12/06,昼間帯,逆方向,-4550,-4550,0,0,0,0,-4550,電圧,0,0,0,0,2022/11/18 17:05:04
月間,202211,策定,西播東岡山線・山崎智頭線,2022/12/06,夜間帯,順方向,3260,3260,0,0,0,0,3260,熱容量,0,0,0,0,2022/11/18 17:05:04
月間,202211,策定,西播東岡山線・山崎智頭線,2022/12/06,夜間帯,逆方向,-4550,-4550,0,0,0,0,-4550,電圧,0,0,0,0,2022/11/18 17:05:04
月間,202210,策定,西播東岡山線・山崎智頭線,2022/12/07,昼間帯,順方向,3260,3260,0,0,0,0,3260,熱容量,0,0,0,0,2022/10/20 17:05:04
月間,202210,策定,西播東岡山線・山崎智頭線,2022/12/07,昼間帯,逆方向,-4450,-4450,0,0,0,0,-4450,電圧,0,0,0,0,2022/10/20 17:05:04
月間,202210,策定,西播東岡山線・山崎智頭線,2022/12/07,夜間帯,順方向,3260,3260,0,0,0,0,3260,熱容量,0,0,0,0,2022/10/20 17:05:04
月間,202210,策定,西播東岡山線・山崎智頭線,2022/12/07,夜間帯,逆方向,-4450,-4450,0,0,0,0,-4450,電圧,0,0,0,0,2022/10/20 17:05:04
月間,202211,策定,西播東岡山線・山崎智頭線,2022/12/07,昼間帯,順方向,3260,3260,0,0,0,0,3260,熱容量,0,0,0,0,2022/11/18 17:05:04
月間,202211,策定,西播東岡山線・山崎智頭線,2022/12/07,昼間帯,逆方向,-4550,-4550,0,0,0,0,-4550,電圧,0,0,0,0,2022/11/18 17:05:04
月間,202211,策定,西播東岡山線・山崎智頭線,2022/12/07,夜間帯,順方向,3260,3260,0,0,0,0,3260,熱容量,0,0,0,0,2022/11/18 17:05:04
月間,202211,策定,西播東岡山線・山崎智頭線,2022/12/07,夜間帯,逆方向,-4550,-4550,0,0,0,0,-4550,電圧,0,0,0,0,2022/11/18 17:05:04
月間,202210,策定,西播東岡山線・山崎智頭線,2022/12/08,昼間帯,順方向,3260,3260,0,0,0,0,3260,熱容量,0,0,0,0,2022/10/20 17:05:04
月間,202210,策定,西播東岡山線・山崎智頭線,2022/12/08,昼間帯,逆方向,-4450,-4450,0,0,0,0,-4450,電圧,0,0,0,0,2022/10/20 17:05:04
月間,202210,策定,西播東岡山線・山崎智頭線,2022/12/08,夜間帯,順方向,3260,3260,0,0,0,0,3260,熱容量,0,0,0,0,2022/10/20 17:05:04
月間,202210,策定,西播東岡山線・山崎智頭線,2022/12/08,夜間帯,逆方向,-4450,-4450,0,0,0,0,-4450,電圧,0,0,0,0,2022/10/20 17:05:04
月間,202211,策定,西播東岡山線・山崎智頭線,2022/12/08,昼間帯,順方向,3260,3260,0,0,0,0,3260,熱容量,0,0,0,0,2022/11/18 17:05:04
月間,202211,策定,西播東岡山線・山崎智頭線,2022/12/08,昼間帯,逆方向,-4550,-4550,0,0,0,0,-4550,電圧,0,0,0,0,2022/11/18 17:05:04
月間,202211,策定,西播東岡山線・山崎智頭線,2022/12/08,夜間帯,順方向,3260,3260,0,0,0,0,3260,熱容量,0,0,0,0,2022/11/18 17:05:04
月間,202211,策定,西播東岡山線・山崎智頭線,2022/12/08,夜間帯,逆方向,-4550,-4550,0,0,0,0,-4550,電圧,0,0,0,0,2022/11/18 17:05:04
月間,202210,策定,西播東岡山線・山崎智頭線,2022/12/09,昼間帯,順方向,3260,3260,0,0,0,0,3260,熱容量,0,0,0,0,2022/10/20 17:05:04
月間,202210,策定,西播東岡山線・山崎智頭線,2022/12/09,昼間帯,逆方向,-4450,-4450,0,0,0,0,-4450,電圧,0,0,0,0,2022/10/20 17:05:04
月間,202210,策定,西播東岡山線・山崎智頭線,2022/12/09,夜間帯,順方向,3260,3260,0,0,0,0,3260,熱容量,0,0,0,0,2022/10/20 17:05:04
月間,202210,策定,西播東岡山線・山崎智頭線,2022/12/09,夜間帯,逆方向,-4450,-4450,0,0,0,0,-4450,電圧,0,0,0,0,2022/10/20 17:05:04
月間,202211,策定,西播東岡山線・山崎智頭線,2022/12/09,昼間帯,順方向,3260,3260,0,0,0,0,3260,熱容量,0,0,0,0,2022/11/18 17:05:04
月間,202211,策定,西播東岡山線・山崎智頭線,2022/12/09,昼間帯,逆方向,-4550,-4550,0,0,0,0,-4550,電圧,0,0,0,0,2022/11/18 17:05:04
月間,202211,策定,西播東岡山線・山崎智頭線,2022/12/09,夜間帯,順方向,3260,3260,0,0,0,0,3260,熱容量,0,0,0,0,2022/11/18 17:05:04
月間,202211,策定,西播東岡山線・山崎智頭線,2022/12/09,夜間帯,逆方向,-4550,-4550,0,0,0,0,-4550,電圧,0,0,0,0,2022/11/18 17:05:04
月間,202210,策定,西播東岡山線・山崎智頭線,2022/12/10,昼間帯,順方向,3260,3260,0,0,0,0,3260,熱容量,0,0,0,0,2022/10/20 17:05:04
月間,202210,策定,西播東岡山線・山崎智頭線,2022/12/10,昼間帯,逆方向,-4250,-4250,0,0,0,0,-4250,電圧（作業）,0,0,0,0,2022/10/20 17:05:04
月間,202210,策定,西播東岡山線・山崎智頭線,2022/12/10,夜間帯,順方向,3260,3260,0,0,0,0,3260,熱容量,0,0,0,0,2022/10/20 17:05:04
月間,202210,策定,西播東岡山線・山崎智頭線,2022/12/10,夜間帯,逆方向,-4550,-4550,0,0,0,0,-4550,電圧,0,0,0,0,2022/10/20 17:05:04
月間,202211,策定,西播東岡山線・山崎智頭線,2022/12/10,昼間帯,順方向,3260,3260,0,0,0,0,3260,熱容量,0,0,0,0,2022/11/18 17:05:04
月間,202211,策定,西播東岡山線・山崎智頭線,2022/12/10,昼間帯,逆方向,-4250,-4250,0,0,0,0,-4250,電圧（作業）,0,0,0,0,2022/11/18 17:05:04
月間,202211,策定,西播東岡山線・山崎智頭線,2022/12/10,夜間帯,順方向,3260,3260,0,0,0,0,3260,熱容量,0,0,0,0,2022/11/18 17:05:04
月間,202211,策定,西播東岡山線・山崎智頭線,2022/12/10,夜間帯,逆方向,-4550,-4550,0,0,0,0,-4550,電圧,0,0,0,0,2022/11/18 17:05:04
月間,202210,策定,西播東岡山線・山崎智頭線,2022/12/11,昼間帯,順方向,3260,3260,0,0,0,0,3260,熱容量,0,0,0,0,2022/10/20 17:05:04
月間,202210,策定,西播東岡山線・山崎智頭線,2022/12/11,昼間帯,逆方向,-4250,-4250,0,0,0,0,-4250,電圧（作業）,0,0,0,0,2022/10/20 17:05:04
月間,202210,策定,西播東岡山線・山崎智頭線,2022/12/11,夜間帯,順方向,3260,3260,0,0,0,0,3260,熱容量,0,0,0,0,2022/10/20 17:05:04
月間,202210,策定,西播東岡山線・山崎智頭線,2022/12/11,夜間帯,逆方向,-4550,-4550,0,0,0,0,-4550,電圧,0,0,0,0,2022/10/20 17:05:04
月間,202211,策定,西播東岡山線・山崎智頭線,2022/12/11,昼間帯,順方向,3260,3260,0,0,0,0,3260,熱容量,0,0,0,0,2022/11/18 17:05:04
月間,202211,策定,西播東岡山線・山崎智頭線,2022/12/11,昼間帯,逆方向,-4250,-4250,0,0,0,0,-4250,電圧（作業）,0,0,0,0,2022/11/18 17:05:04
月間,202211,策定,西播東岡山線・山崎智頭線,2022/12/11,夜間帯,順方向,3260,3260,0,0,0,0,3260,熱容量,0,0,0,0,2022/11/18 17:05:04
月間,202211,策定,西播東岡山線・山崎智頭線,2022/12/11,夜間帯,逆方向,-4550,-4550,0,0,0,0,-4550,電圧,0,0,0,0,2022/11/18 17:05:04
月間,202210,策定,西播東岡山線・山崎智頭線,2022/12/12,昼間帯,順方向,3260,3260,0,0,0,0,3260,熱容量,0,0,0,0,2022/10/20 17:05:04
月間,202210,策定,西播東岡山線・山崎智頭線,2022/12/12,昼間帯,逆方向,-4550,-4550,0,0,0,0,-4550,電圧,0,0,0,0,2022/10/20 17:05:04
月間,202210,策定,西播東岡山線・山崎智頭線,2022/12/12,夜間帯,順方向,3260,3260,0,0,0,0,3260,熱容量,0,0,0,0,2022/10/20 17:05:04
月間,202210,策定,西播東岡山線・山崎智頭線,2022/12/12,夜間帯,逆方向,-4550,-4550,0,0,0,0,-4550,電圧,0,0,0,0,2022/10/20 17:05:04
月間,202211,策定,西播東岡山線・山崎智頭線,2022/12/12,昼間帯,順方向,3260,3260,0,0,0,0,3260,熱容量,0,0,0,0,2022/11/18 17:05:04
月間,202211,策定,西播東岡山線・山崎智頭線,2022/12/12,昼間帯,逆方向,-4550,-4550,0,0,0,0,-4550,電圧,0,0,0,0,2022/11/18 17:05:04
月間,202211,策定,西播東岡山線・山崎智頭線,2022/12/12,夜間帯,順方向,3260,3260,0,0,0,0,3260,熱容量,0,0,0,0,2022/11/18 17:05:04
月間,202211,策定,西播東岡山線・山崎智頭線,2022/12/12,夜間帯,逆方向,-4550,-4550,0,0,0,0,-4550,電圧,0,0,0,0,2022/11/18 17:05:04
月間,202210,策定,西播東岡山線・山崎智頭線,2022/12/13,昼間帯,順方向,3260,3260,0,0,0,0,3260,熱容量,0,0,0,0,2022/10/20 17:05:04
月間,202210,策定,西播東岡山線・山崎智頭線,2022/12/13,昼間帯,逆方向,-4550,-4550,0,0,0,0,-4550,電圧,0,0,0,0,2022/10/20 17:05:04
月間,202210,策定,西播東岡山線・山崎智頭線,2022/12/13,夜間帯,順方向,3260,3260,0,0,0,0,3260,熱容量,0,0,0,0,2022/10/20 17:05:04
月間,202210,策定,西播東岡山線・山崎智頭線,2022/12/13,夜間帯,逆方向,-4550,-4550,0,0,0,0,-4550,電圧,0,0,0,0,2022/10/20 17:05:04
月間,202211,策定,西播東岡山線・山崎智頭線,2022/12/13,昼間帯,順方向,3260,3260,0,0,0,0,3260,熱容量,0,0,0,0,2022/11/18 17:05:04
月間,202211,策定,西播東岡山線・山崎智頭線,2022/12/13,昼間帯,逆方向,-4550,-4550,0,0,0,0,-4550,電圧,0,0,0,0,2022/11/18 17:05:04
月間,202211,策定,西播東岡山線・山崎智頭線,2022/12/13,夜間帯,順方向,3260,3260,0,0,0,0,3260,熱容量,0,0,0,0,2022/11/18 17:05:04
月間,202211,策定,西播東岡山線・山崎智頭線,2022/12/13,夜間帯,逆方向,-4550,-4550,0,0,0,0,-4550,電圧,0,0,0,0,2022/11/18 17:05:04
月間,202210,策定,西播東岡山線・山崎智頭線,2022/12/14,昼間帯,順方向,3260,3260,0,0,0,0,3260,熱容量,0,0,0,0,2022/10/20 17:05:04
月間,202210,策定,西播東岡山線・山崎智頭線,2022/12/14,昼間帯,逆方向,-4550,-4550,0,0,0,0,-4550,電圧,0,0,0,0,2022/10/20 17:05:04
月間,202210,策定,西播東岡山線・山崎智頭線,2022/12/14,夜間帯,順方向,3260,3260,0,0,0,0,3260,熱容量,0,0,0,0,2022/10/20 17:05:04
月間,202210,策定,西播東岡山線・山崎智頭線,2022/12/14,夜間帯,逆方向,-4550,-4550,0,0,0,0,-4550,電圧,0,0,0,0,2022/10/20 17:05:04
月間,202211,策定,西播東岡山線・山崎智頭線,2022/12/14,昼間帯,順方向,3260,3260,0,0,0,0,3260,熱容量,0,0,0,0,2022/11/18 17:05:04
月間,202211,策定,西播東岡山線・山崎智頭線,2022/12/14,昼間帯,逆方向,-4550,-4550,0,0,0,0,-4550,電圧,0,0,0,0,2022/11/18 17:05:04
月間,202211,策定,西播東岡山線・山崎智頭線,2022/12/14,夜間帯,順方向,3260,3260,0,0,0,0,3260,熱容量,0,0,0,0,2022/11/18 17:05:04
月間,202211,策定,西播東岡山線・山崎智頭線,2022/12/14,夜間帯,逆方向,-4550,-4550,0,0,0,0,-4550,電圧,0,0,0,0,2022/11/18 17:05:04
月間,202210,策定,西播東岡山線・山崎智頭線,2022/12/15,昼間帯,順方向,3260,3260,0,0,0,0,3260,熱容量,0,0,0,0,2022/10/20 17:05:04
月間,202210,策定,西播東岡山線・山崎智頭線,2022/12/15,昼間帯,逆方向,-4550,-4550,0,0,0,0,-4550,電圧,0,0,0,0,2022/10/20 17:05:04
月間,202210,策定,西播東岡山線・山崎智頭線,2022/12/15,夜間帯,順方向,3260,3260,0,0,0,0,3260,熱容量,0,0,0,0,2022/10/20 17:05:04
月間,202210,策定,西播東岡山線・山崎智頭線,2022/12/15,夜間帯,逆方向,-4550,-4550,0,0,0,0,-4550,電圧,0,0,0,0,2022/10/20 17:05:04
月間,202211,策定,西播東岡山線・山崎智頭線,2022/12/15,昼間帯,順方向,3260,3260,0,0,0,0,3260,熱容量,0,0,0,0,2022/11/18 17:05:04
月間,202211,策定,西播東岡山線・山崎智頭線,2022/12/15,昼間帯,逆方向,-4550,-4550,0,0,0,0,-4550,電圧,0,0,0,0,2022/11/18 17:05:04
月間,202211,策定,西播東岡山線・山崎智頭線,2022/12/15,夜間帯,順方向,3260,3260,0,0,0,0,3260,熱容量,0,0,0,0,2022/11/18 17:05:04
月間,202211,策定,西播東岡山線・山崎智頭線,2022/12/15,夜間帯,逆方向,-4550,-4550,0,0,0,0,-4550,電圧,0,0,0,0,2022/11/18 17:05:04
月間,202210,策定,西播東岡山線・山崎智頭線,2022/12/16,昼間帯,順方向,3260,3260,0,0,0,0,3260,熱容量,0,0,0,0,2022/10/20 17:05:04
月間,202210,策定,西播東岡山線・山崎智頭線,2022/12/16,昼間帯,逆方向,-4550,-4550,0,0,0,0,-4550,電圧,0,0,0,0,2022/10/20 17:05:04
月間,202210,策定,西播東岡山線・山崎智頭線,2022/12/16,夜間帯,順方向,3260,3260,0,0,0,0,3260,熱容量,0,0,0,0,2022/10/20 17:05:04
月間,202210,策定,西播東岡山線・山崎智頭線,2022/12/16,夜間帯,逆方向,-4550,-4550,0,0,0,0,-4550,電圧,0,0,0,0,2022/10/20 17:05:04
月間,202211,策定,西播東岡山線・山崎智頭線,2022/12/16,昼間帯,順方向,3260,3260,0,0,0,0,3260,熱容量,0,0,0,0,2022/11/18 17:05:04
月間,202211,策定,西播東岡山線・山崎智頭線,2022/12/16,昼間帯,逆方向,-4550,-4550,0,0,0,0,-4550,電圧,0,0,0,0,2022/11/18 17:05:04
月間,202211,策定,西播東岡山線・山崎智頭線,2022/12/16,夜間帯,順方向,3260,3260,0,0,0,0,3260,熱容量,0,0,0,0,2022/11/18 17:05:04
月間,202211,策定,西播東岡山線・山崎智頭線,2022/12/16,夜間帯,逆方向,-4550,-4550,0,0,0,0,-4550,電圧,0,0,0,0,2022/11/18 17:05:04
月間,202210,策定,西播東岡山線・山崎智頭線,2022/12/17,昼間帯,順方向,3260,3260,0,0,0,0,3260,熱容量,0,0,0,0,2022/10/20 17:05:04
月間,202210,策定,西播東岡山線・山崎智頭線,2022/12/17,昼間帯,逆方向,-4250,-4250,0,0,0,0,-4250,電圧（作業）,0,0,0,0,2022/10/20 17:05:04
月間,202210,策定,西播東岡山線・山崎智頭線,2022/12/17,夜間帯,順方向,3260,3260,0,0,0,0,3260,熱容量,0,0,0,0,2022/10/20 17:05:04
月間,202210,策定,西播東岡山線・山崎智頭線,2022/12/17,夜間帯,逆方向,-4550,-4550,0,0,0,0,-4550,電圧,0,0,0,0,2022/10/20 17:05:04
月間,202211,策定,西播東岡山線・山崎智頭線,2022/12/17,昼間帯,順方向,3260,3260,0,0,0,0,3260,熱容量,0,0,0,0,2022/11/18 17:05:04
月間,202211,策定,西播東岡山線・山崎智頭線,2022/12/17,昼間帯,逆方向,-4250,-4250,0,0,0,0,-4250,電圧（作業）,0,0,0,0,2022/11/18 17:05:04
月間,202211,策定,西播東岡山線・山崎智頭線,2022/12/17,夜間帯,順方向,3260,3260,0,0,0,0,3260,熱容量,0,0,0,0,2022/11/18 17:05:04
月間,202211,策定,西播東岡山線・山崎智頭線,2022/12/17,夜間帯,逆方向,-4550,-4550,0,0,0,0,-4550,電圧,0,0,0,0,2022/11/18 17:05:04
月間,202210,策定,西播東岡山線・山崎智頭線,2022/12/18,昼間帯,順方向,3260,3260,0,0,0,0,3260,熱容量,0,0,0,0,2022/10/20 17:05:04
月間,202210,策定,西播東岡山線・山崎智頭線,2022/12/18,昼間帯,逆方向,-4250,-4250,0,0,0,0,-4250,電圧（作業）,0,0,0,0,2022/10/20 17:05:04
月間,202210,策定,西播東岡山線・山崎智頭線,2022/12/18,夜間帯,順方向,3260,3260,0,0,0,0,3260,熱容量,0,0,0,0,2022/10/20 17:05:04
月間,202210,策定,西播東岡山線・山崎智頭線,2022/12/18,夜間帯,逆方向,-4550,-4550,0,0,0,0,-4550,電圧,0,0,0,0,2022/10/20 17:05:04
月間,202211,策定,西播東岡山線・山崎智頭線,2022/12/18,昼間帯,順方向,3260,3260,0,0,0,0,3260,熱容量,0,0,0,0,2022/11/18 17:05:04
月間,202211,策定,西播東岡山線・山崎智頭線,2022/12/18,昼間帯,逆方向,-4250,-4250,0,0,0,0,-4250,電圧（作業）,0,0,0,0,2022/11/18 17:05:04
月間,202211,策定,西播東岡山線・山崎智頭線,2022/12/18,夜間帯,順方向,3260,3260,0,0,0,0,3260,熱容量,0,0,0,0,2022/11/18 17:05:04
月間,202211,策定,西播東岡山線・山崎智頭線,2022/12/18,夜間帯,逆方向,-4550,-4550,0,0,0,0,-4550,電圧,0,0,0,0,2022/11/18 17:05:04
月間,202210,策定,西播東岡山線・山崎智頭線,2022/12/19,昼間帯,順方向,3260,3260,0,0,0,0,3260,熱容量,0,0,0,0,2022/10/20 17:05:04
月間,202210,策定,西播東岡山線・山崎智頭線,2022/12/19,昼間帯,逆方向,-4550,-4550,0,0,0,0,-4550,電圧,0,0,0,0,2022/10/20 17:05:04
月間,202210,策定,西播東岡山線・山崎智頭線,2022/12/19,夜間帯,順方向,3260,3260,0,0,0,0,3260,熱容量,0,0,0,0,2022/10/20 17:05:04
月間,202210,策定,西播東岡山線・山崎智頭線,2022/12/19,夜間帯,逆方向,-4550,-4550,0,0,0,0,-4550,電圧,0,0,0,0,2022/10/20 17:05:04
月間,202211,策定,西播東岡山線・山崎智頭線,2022/12/19,昼間帯,順方向,3260,3260,0,0,0,0,3260,熱容量,0,0,0,0,2022/11/18 17:05:04
月間,202211,策定,西播東岡山線・山崎智頭線,2022/12/19,昼間帯,逆方向,-4550,-4550,0,0,0,0,-4550,電圧,0,0,0,0,2022/11/18 17:05:04
月間,202211,策定,西播東岡山線・山崎智頭線,2022/12/19,夜間帯,順方向,3260,3260,0,0,0,0,3260,熱容量,0,0,0,0,2022/11/18 17:05:04
月間,202211,策定,西播東岡山線・山崎智頭線,2022/12/19,夜間帯,逆方向,-4550,-4550,0,0,0,0,-4550,電圧,0,0,0,0,2022/11/18 17:05:04
月間,202210,策定,西播東岡山線・山崎智頭線,2022/12/20,昼間帯,順方向,3260,3260,0,0,0,0,3260,熱容量,0,0,0,0,2022/10/20 17:05:04
月間,202210,策定,西播東岡山線・山崎智頭線,2022/12/20,昼間帯,逆方向,-4550,-4550,0,0,0,0,-4550,電圧,0,0,0,0,2022/10/20 17:05:04
月間,202210,策定,西播東岡山線・山崎智頭線,2022/12/20,夜間帯,順方向,3260,3260,0,0,0,0,3260,熱容量,0,0,0,0,2022/10/20 17:05:04
月間,202210,策定,西播東岡山線・山崎智頭線,2022/12/20,夜間帯,逆方向,-4550,-4550,0,0,0,0,-4550,電圧,0,0,0,0,2022/10/20 17:05:04
月間,202211,策定,西播東岡山線・山崎智頭線,2022/12/20,昼間帯,順方向,3260,3260,0,0,0,0,3260,熱容量,0,0,0,0,2022/11/18 17:05:04
月間,202211,策定,西播東岡山線・山崎智頭線,2022/12/20,昼間帯,逆方向,-4550,-4550,0,0,0,0,-4550,電圧,0,0,0,0,2022/11/18 17:05:04
月間,202211,策定,西播東岡山線・山崎智頭線,2022/12/20,夜間帯,順方向,3260,3260,0,0,0,0,3260,熱容量,0,0,0,0,2022/11/18 17:05:04
月間,202211,策定,西播東岡山線・山崎智頭線,2022/12/20,夜間帯,逆方向,-4550,-4550,0,0,0,0,-4550,電圧,0,0,0,0,2022/11/18 17:05:04
月間,202210,策定,西播東岡山線・山崎智頭線,2022/12/21,昼間帯,順方向,3260,3260,0,0,0,0,3260,熱容量,0,0,0,0,2022/10/20 17:05:04
月間,202210,策定,西播東岡山線・山崎智頭線,2022/12/21,昼間帯,逆方向,-4550,-4550,0,0,0,0,-4550,電圧,0,0,0,0,2022/10/20 17:05:04
月間,202210,策定,西播東岡山線・山崎智頭線,2022/12/21,夜間帯,順方向,3260,3260,0,0,0,0,3260,熱容量,0,0,0,0,2022/10/20 17:05:04
月間,202210,策定,西播東岡山線・山崎智頭線,2022/12/21,夜間帯,逆方向,-4550,-4550,0,0,0,0,-4550,電圧,0,0,0,0,2022/10/20 17:05:04
月間,202211,策定,西播東岡山線・山崎智頭線,2022/12/21,昼間帯,順方向,3260,3260,0,0,0,0,3260,熱容量,0,0,0,0,2022/11/18 17:05:04
月間,202211,策定,西播東岡山線・山崎智頭線,2022/12/21,昼間帯,逆方向,-4550,-4550,0,0,0,0,-4550,電圧,0,0,0,0,2022/11/18 17:05:04
月間,202211,策定,西播東岡山線・山崎智頭線,2022/12/21,夜間帯,順方向,3260,3260,0,0,0,0,3260,熱容量,0,0,0,0,2022/11/18 17:05:04
月間,202211,策定,西播東岡山線・山崎智頭線,2022/12/21,夜間帯,逆方向,-4550,-4550,0,0,0,0,-4550,電圧,0,0,0,0,2022/11/18 17:05:04
月間,202210,策定,西播東岡山線・山崎智頭線,2022/12/22,昼間帯,順方向,3260,3260,0,0,0,0,3260,熱容量,0,0,0,0,2022/10/20 17:05:04
月間,202210,策定,西播東岡山線・山崎智頭線,2022/12/22,昼間帯,逆方向,-4550,-4550,0,0,0,0,-4550,電圧,0,0,0,0,2022/10/20 17:05:04
月間,202210,策定,西播東岡山線・山崎智頭線,2022/12/22,夜間帯,順方向,3260,3260,0,0,0,0,3260,熱容量,0,0,0,0,2022/10/20 17:05:04
月間,202210,策定,西播東岡山線・山崎智頭線,2022/12/22,夜間帯,逆方向,-4550,-4550,0,0,0,0,-4550,電圧,0,0,0,0,2022/10/20 17:05:04
月間,202211,策定,西播東岡山線・山崎智頭線,2022/12/22,昼間帯,順方向,3260,3260,0,0,0,0,3260,熱容量,0,0,0,0,2022/11/18 17:05:04
月間,202211,策定,西播東岡山線・山崎智頭線,2022/12/22,昼間帯,逆方向,-4550,-4550,0,0,0,0,-4550,電圧,0,0,0,0,2022/11/18 17:05:04
月間,202211,策定,西播東岡山線・山崎智頭線,2022/12/22,夜間帯,順方向,3260,3260,0,0,0,0,3260,熱容量,0,0,0,0,2022/11/18 17:05:04
月間,202211,策定,西播東岡山線・山崎智頭線,2022/12/22,夜間帯,逆方向,-4550,-4550,0,0,0,0,-4550,電圧,0,0,0,0,2022/11/18 17:05:04
月間,202210,策定,西播東岡山線・山崎智頭線,2022/12/23,昼間帯,順方向,3260,3260,0,0,0,0,3260,熱容量,0,0,0,0,2022/10/20 17:05:04
月間,202210,策定,西播東岡山線・山崎智頭線,2022/12/23,昼間帯,逆方向,-4550,-4550,0,0,0,0,-4550,電圧,0,0,0,0,2022/10/20 17:05:04
月間,202210,策定,西播東岡山線・山崎智頭線,2022/12/23,夜間帯,順方向,3260,3260,0,0,0,0,3260,熱容量,0,0,0,0,2022/10/20 17:05:04
月間,202210,策定,西播東岡山線・山崎智頭線,2022/12/23,夜間帯,逆方向,-4550,-4550,0,0,0,0,-4550,電圧,0,0,0,0,2022/10/20 17:05:04
月間,202211,策定,西播東岡山線・山崎智頭線,2022/12/23,昼間帯,順方向,3260,3260,0,0,0,0,3260,熱容量,0,0,0,0,2022/11/18 17:05:04
月間,202211,策定,西播東岡山線・山崎智頭線,2022/12/23,昼間帯,逆方向,-4550,-4550,0,0,0,0,-4550,電圧,0,0,0,0,2022/11/18 17:05:04
月間,202211,策定,西播東岡山線・山崎智頭線,2022/12/23,夜間帯,順方向,3260,3260,0,0,0,0,3260,熱容量,0,0,0,0,2022/11/18 17:05:04
月間,202211,策定,西播東岡山線・山崎智頭線,2022/12/23,夜間帯,逆方向,-4550,-4550,0,0,0,0,-4550,電圧,0,0,0,0,2022/11/18 17:05:04
月間,202210,策定,西播東岡山線・山崎智頭線,2022/12/24,昼間帯,順方向,3260,3260,0,0,0,0,3260,熱容量,0,0,0,0,2022/10/20 17:05:04
月間,202210,策定,西播東岡山線・山崎智頭線,2022/12/24,昼間帯,逆方向,-4550,-4550,0,0,0,0,-4550,電圧,0,0,0,0,2022/10/20 17:05:04
月間,202210,策定,西播東岡山線・山崎智頭線,2022/12/24,夜間帯,順方向,3260,3260,0,0,0,0,3260,熱容量,0,0,0,0,2022/10/20 17:05:04
月間,202210,策定,西播東岡山線・山崎智頭線,2022/12/24,夜間帯,逆方向,-4550,-4550,0,0,0,0,-4550,電圧,0,0,0,0,2022/10/20 17:05:04
月間,202211,策定,西播東岡山線・山崎智頭線,2022/12/24,昼間帯,順方向,3260,3260,0,0,0,0,3260,熱容量,0,0,0,0,2022/11/18 17:05:04
月間,202211,策定,西播東岡山線・山崎智頭線,2022/12/24,昼間帯,逆方向,-4550,-4550,0,0,0,0,-4550,電圧,0,0,0,0,2022/11/18 17:05:04
月間,202211,策定,西播東岡山線・山崎智頭線,2022/12/24,夜間帯,順方向,3260,3260,0,0,0,0,3260,熱容量,0,0,0,0,2022/11/18 17:05:04
月間,202211,策定,西播東岡山線・山崎智頭線,2022/12/24,夜間帯,逆方向,-4550,-4550,0,0,0,0,-4550,電圧,0,0,0,0,2022/11/18 17:05:04
月間,202210,策定,西播東岡山線・山崎智頭線,2022/12/25,昼間帯,順方向,3260,3260,0,0,0,0,3260,熱容量,0,0,0,0,2022/10/20 17:05:04
月間,202210,策定,西播東岡山線・山崎智頭線,2022/12/25,昼間帯,逆方向,-4550,-4550,0,0,0,0,-4550,電圧,0,0,0,0,2022/10/20 17:05:04
月間,202210,策定,西播東岡山線・山崎智頭線,2022/12/25,夜間帯,順方向,3260,3260,0,0,0,0,3260,熱容量,0,0,0,0,2022/10/20 17:05:04
月間,202210,策定,西播東岡山線・山崎智頭線,2022/12/25,夜間帯,逆方向,-4550,-4550,0,0,0,0,-4550,電圧,0,0,0,0,2022/10/20 17:05:04
月間,202211,策定,西播東岡山線・山崎智頭線,2022/12/25,昼間帯,順方向,3260,3260,0,0,0,0,3260,熱容量,0,0,0,0,2022/11/18 17:05:04
月間,202211,策定,西播東岡山線・山崎智頭線,2022/12/25,昼間帯,逆方向,-4550,-4550,0,0,0,0,-4550,電圧,0,0,0,0,2022/11/18 17:05:04
月間,202211,策定,西播東岡山線・山崎智頭線,2022/12/25,夜間帯,順方向,3260,3260,0,0,0,0,3260,熱容量,0,0,0,0,2022/11/18 17:05:04
月間,202211,策定,西播東岡山線・山崎智頭線,2022/12/25,夜間帯,逆方向,-4550,-4550,0,0,0,0,-4550,電圧,0,0,0,0,2022/11/18 17:05:04
月間,202210,策定,西播東岡山線・山崎智頭線,2022/12/26,昼間帯,順方向,3260,3260,0,0,0,0,3260,熱容量,0,0,0,0,2022/10/20 17:05:04
月間,202210,策定,西播東岡山線・山崎智頭線,2022/12/26,昼間帯,逆方向,-4550,-4550,0,0,0,0,-4550,電圧,0,0,0,0,2022/10/20 17:05:04
月間,202210,策定,西播東岡山線・山崎智頭線,2022/12/26,夜間帯,順方向,3260,3260,0,0,0,0,3260,熱容量,0,0,0,0,2022/10/20 17:05:04
月間,202210,策定,西播東岡山線・山崎智頭線,2022/12/26,夜間帯,逆方向,-4550,-4550,0,0,0,0,-4550,電圧,0,0,0,0,2022/10/20 17:05:04
月間,202211,策定,西播東岡山線・山崎智頭線,2022/12/26,昼間帯,順方向,3260,3260,0,0,0,0,3260,熱容量,0,0,0,0,2022/11/18 17:05:04
月間,202211,策定,西播東岡山線・山崎智頭線,2022/12/26,昼間帯,逆方向,-4550,-4550,0,0,0,0,-4550,電圧,0,0,0,0,2022/11/18 17:05:04
月間,202211,策定,西播東岡山線・山崎智頭線,2022/12/26,夜間帯,順方向,3260,3260,0,0,0,0,3260,熱容量,0,0,0,0,2022/11/18 17:05:04
月間,202211,策定,西播東岡山線・山崎智頭線,2022/12/26,夜間帯,逆方向,-4550,-4550,0,0,0,0,-4550,電圧,0,0,0,0,2022/11/18 17:05:04
月間,202210,策定,西播東岡山線・山崎智頭線,2022/12/27,昼間帯,順方向,3260,3260,0,0,0,0,3260,熱容量,0,0,0,0,2022/10/20 17:05:04
月間,202210,策定,西播東岡山線・山崎智頭線,2022/12/27,昼間帯,逆方向,-4550,-4550,0,0,0,0,-4550,電圧,0,0,0,0,2022/10/20 17:05:04
月間,202210,策定,西播東岡山線・山崎智頭線,2022/12/27,夜間帯,順方向,3260,3260,0,0,0,0,3260,熱容量,0,0,0,0,2022/10/20 17:05:04
月間,202210,策定,西播東岡山線・山崎智頭線,2022/12/27,夜間帯,逆方向,-4550,-4550,0,0,0,0,-4550,電圧,0,0,0,0,2022/10/20 17:05:04
月間,202211,策定,西播東岡山線・山崎智頭線,2022/12/27,昼間帯,順方向,3260,3260,0,0,0,0,3260,熱容量,0,0,0,0,2022/11/18 17:05:04
月間,202211,策定,西播東岡山線・山崎智頭線,2022/12/27,昼間帯,逆方向,-4550,-4550,0,0,0,0,-4550,電圧,0,0,0,0,2022/11/18 17:05:04
月間,202211,策定,西播東岡山線・山崎智頭線,2022/12/27,夜間帯,順方向,3260,3260,0,0,0,0,3260,熱容量,0,0,0,0,2022/11/18 17:05:04
月間,202211,策定,西播東岡山線・山崎智頭線,2022/12/27,夜間帯,逆方向,-4550,-4550,0,0,0,0,-4550,電圧,0,0,0,0,2022/11/18 17:05:04
月間,202210,策定,西播東岡山線・山崎智頭線,2022/12/28,昼間帯,順方向,3260,3260,0,0,0,0,3260,熱容量,0,0,0,0,2022/10/20 17:05:04
月間,202210,策定,西播東岡山線・山崎智頭線,2022/12/28,昼間帯,逆方向,-4550,-4550,0,0,0,0,-4550,電圧,0,0,0,0,2022/10/20 17:05:04
月間,202210,策定,西播東岡山線・山崎智頭線,2022/12/28,夜間帯,順方向,3260,3260,0,0,0,0,3260,熱容量,0,0,0,0,2022/10/20 17:05:04
月間,202210,策定,西播東岡山線・山崎智頭線,2022/12/28,夜間帯,逆方向,-4550,-4550,0,0,0,0,-4550,電圧,0,0,0,0,2022/10/20 17:05:04
月間,202211,策定,西播東岡山線・山崎智頭線,2022/12/28,昼間帯,順方向,3260,3260,0,0,0,0,3260,熱容量,0,0,0,0,2022/11/18 17:05:04
月間,202211,策定,西播東岡山線・山崎智頭線,2022/12/28,昼間帯,逆方向,-4550,-4550,0,0,0,0,-4550,電圧,0,0,0,0,2022/11/18 17:05:04
月間,202211,策定,西播東岡山線・山崎智頭線,2022/12/28,夜間帯,順方向,3260,3260,0,0,0,0,3260,熱容量,0,0,0,0,2022/11/18 17:05:04
月間,202211,策定,西播東岡山線・山崎智頭線,2022/12/28,夜間帯,逆方向,-4550,-4550,0,0,0,0,-4550,電圧,0,0,0,0,2022/11/18 17:05:04
月間,202210,策定,西播東岡山線・山崎智頭線,2022/12/29,昼間帯,順方向,3260,3260,0,0,0,0,3260,熱容量,0,0,0,0,2022/10/20 17:05:04
月間,202210,策定,西播東岡山線・山崎智頭線,2022/12/29,昼間帯,逆方向,-4550,-4550,0,0,0,0,-4550,電圧,0,0,0,0,2022/10/20 17:05:04
月間,202210,策定,西播東岡山線・山崎智頭線,2022/12/29,夜間帯,順方向,3260,3260,0,0,0,0,3260,熱容量,0,0,0,0,2022/10/20 17:05:04
月間,202210,策定,西播東岡山線・山崎智頭線,2022/12/29,夜間帯,逆方向,-4550,-4550,0,0,0,0,-4550,電圧,0,0,0,0,2022/10/20 17:05:04
月間,202211,策定,西播東岡山線・山崎智頭線,2022/12/29,昼間帯,順方向,3260,3260,0,0,0,0,3260,熱容量,0,0,0,0,2022/11/18 17:05:04
月間,202211,策定,西播東岡山線・山崎智頭線,2022/12/29,昼間帯,逆方向,-4550,-4550,0,0,0,0,-4550,電圧,0,0,0,0,2022/11/18 17:05:04
月間,202211,策定,西播東岡山線・山崎智頭線,2022/12/29,夜間帯,順方向,3260,3260,0,0,0,0,3260,熱容量,0,0,0,0,2022/11/18 17:05:04
月間,202211,策定,西播東岡山線・山崎智頭線,2022/12/29,夜間帯,逆方向,-4550,-4550,0,0,0,0,-4550,電圧,0,0,0,0,2022/11/18 17:05:04
月間,202210,策定,西播東岡山線・山崎智頭線,2022/12/30,昼間帯,順方向,3260,3260,0,0,0,0,3260,熱容量,0,0,0,0,2022/10/20 17:05:04
月間,202210,策定,西播東岡山線・山崎智頭線,2022/12/30,昼間帯,逆方向,-4550,-4550,0,0,0,0,-4550,電圧,0,0,0,0,2022/10/20 17:05:04
月間,202210,策定,西播東岡山線・山崎智頭線,2022/12/30,夜間帯,順方向,3260,3260,0,0,0,0,3260,熱容量,0,0,0,0,2022/10/20 17:05:04
月間,202210,策定,西播東岡山線・山崎智頭線,2022/12/30,夜間帯,逆方向,-4550,-4550,0,0,0,0,-4550,電圧,0,0,0,0,2022/10/20 17:05:04
月間,202211,策定,西播東岡山線・山崎智頭線,2022/12/30,昼間帯,順方向,3260,3260,0,0,0,0,3260,熱容量,0,0,0,0,2022/11/18 17:05:04
月間,202211,策定,西播東岡山線・山崎智頭線,2022/12/30,昼間帯,逆方向,-4550,-4550,0,0,0,0,-4550,電圧,0,0,0,0,2022/11/18 17:05:04
月間,202211,策定,西播東岡山線・山崎智頭線,2022/12/30,夜間帯,順方向,3260,3260,0,0,0,0,3260,熱容量,0,0,0,0,2022/11/18 17:05:04
月間,202211,策定,西播東岡山線・山崎智頭線,2022/12/30,夜間帯,逆方向,-4550,-4550,0,0,0,0,-4550,電圧,0,0,0,0,2022/11/18 17:05:04
月間,202210,策定,西播東岡山線・山崎智頭線,2022/12/31,昼間帯,順方向,3260,3260,0,0,0,0,3260,熱容量,0,0,0,0,2022/10/20 17:05:04
月間,202210,策定,西播東岡山線・山崎智頭線,2022/12/31,昼間帯,逆方向,-4550,-4550,0,0,0,0,-4550,電圧,0,0,0,0,2022/10/20 17:05:04
月間,202210,策定,西播東岡山線・山崎智頭線,2022/12/31,夜間帯,順方向,3260,3260,0,0,0,0,3260,熱容量,0,0,0,0,2022/10/20 17:05:04
月間,202210,策定,西播東岡山線・山崎智頭線,2022/12/31,夜間帯,逆方向,-4550,-4550,0,0,0,0,-4550,電圧,0,0,0,0,2022/10/20 17:05:04
月間,202211,策定,西播東岡山線・山崎智頭線,2022/12/31,昼間帯,順方向,3260,3260,0,0,0,0,3260,熱容量,0,0,0,0,2022/11/18 17:05:04
月間,202211,策定,西播東岡山線・山崎智頭線,2022/12/31,昼間帯,逆方向,-4550,-4550,0,0,0,0,-4550,電圧,0,0,0,0,2022/11/18 17:05:04
月間,202211,策定,西播東岡山線・山崎智頭線,2022/12/31,夜間帯,順方向,3260,3260,0,0,0,0,3260,熱容量,0,0,0,0,2022/11/18 17:05:04
月間,202211,策定,西播東岡山線・山崎智頭線,2022/12/31,夜間帯,逆方向,-4550,-4550,0,0,0,0,-4550,電圧,0,0,0,0,2022/11/18 17:05:04
月間,202209,策定,阿南紀北直流幹線,2022/11/01,昼間帯,順方向,0,0,0,0,0,0,1400,熱容量,0,0,0,0,2022/09/20 17:05:04
月間,202209,策定,阿南紀北直流幹線,2022/11/01,昼間帯,逆方向,-1400,-1400,0,0,0,0,-1400,熱容量,0,0,0,0,2022/09/20 17:05:04
月間,202209,策定,阿南紀北直流幹線,2022/11/01,夜間帯,順方向,0,0,0,0,0,0,1400,熱容量,0,0,0,0,2022/09/20 17:05:04
月間,202209,策定,阿南紀北直流幹線,2022/11/01,夜間帯,逆方向,-1400,-1400,0,0,0,0,-1400,熱容量,0,0,0,0,2022/09/20 17:05:04
月間,202209,策定,阿南紀北直流幹線,2022/11/02,昼間帯,順方向,0,0,0,0,0,0,1400,熱容量,0,0,0,0,2022/09/20 17:05:04
月間,202209,策定,阿南紀北直流幹線,2022/11/02,昼間帯,逆方向,-1400,-1400,0,0,0,0,-1400,熱容量,0,0,0,0,2022/09/20 17:05:04
月間,202209,策定,阿南紀北直流幹線,2022/11/02,夜間帯,順方向,0,0,0,0,0,0,1400,熱容量,0,0,0,0,2022/09/20 17:05:04
月間,202209,策定,阿南紀北直流幹線,2022/11/02,夜間帯,逆方向,-1400,-1400,0,0,0,0,-1400,熱容量,0,0,0,0,2022/09/20 17:05:04
月間,202209,策定,阿南紀北直流幹線,2022/11/03,昼間帯,順方向,0,0,0,0,0,0,1400,熱容量,0,0,0,0,2022/09/20 17:05:04
月間,202209,策定,阿南紀北直流幹線,2022/11/03,昼間帯,逆方向,-1400,-1400,0,0,0,0,-1400,熱容量,0,0,0,0,2022/09/20 17:05:04
月間,202209,策定,阿南紀北直流幹線,2022/11/03,夜間帯,順方向,0,0,0,0,0,0,1400,熱容量,0,0,0,0,2022/09/20 17:05:04
月間,202209,策定,阿南紀北直流幹線,2022/11/03,夜間帯,逆方向,-1400,-1400,0,0,0,0,-1400,熱容量,0,0,0,0,2022/09/20 17:05:04
月間,202209,策定,阿南紀北直流幹線,2022/11/04,昼間帯,順方向,0,0,0,0,0,0,1400,熱容量,0,0,0,0,2022/09/20 17:05:04
月間,202209,策定,阿南紀北直流幹線,2022/11/04,昼間帯,逆方向,-1400,-1400,0,0,0,0,-1400,熱容量,0,0,0,0,2022/09/20 17:05:04
月間,202209,策定,阿南紀北直流幹線,2022/11/04,夜間帯,順方向,0,0,0,0,0,0,1400,熱容量,0,0,0,0,2022/09/20 17:05:04
月間,202209,策定,阿南紀北直流幹線,2022/11/04,夜間帯,逆方向,-1400,-1400,0,0,0,0,-1400,熱容量,0,0,0,0,2022/09/20 17:05:04
月間,202209,策定,阿南紀北直流幹線,2022/11/05,昼間帯,順方向,0,0,0,0,0,0,1400,熱容量,0,0,0,0,2022/09/20 17:05:04
月間,202209,策定,阿南紀北直流幹線,2022/11/05,昼間帯,逆方向,-1400,-1400,0,0,0,0,-1400,熱容量,0,0,0,0,2022/09/20 17:05:04
月間,202209,策定,阿南紀北直流幹線,2022/11/05,夜間帯,順方向,0,0,0,0,0,0,1400,熱容量,0,0,0,0,2022/09/20 17:05:04
月間,202209,策定,阿南紀北直流幹線,2022/11/05,夜間帯,逆方向,-1400,-1400,0,0,0,0,-1400,熱容量,0,0,0,0,2022/09/20 17:05:04
月間,202210,策定,阿南紀北直流幹線,2022/11/05,昼間帯,順方向,0,0,0,0,0,0,1400,熱容量,0,0,0,0,2022/10/20 17:05:04
月間,202210,策定,阿南紀北直流幹線,2022/11/05,昼間帯,逆方向,-1400,-1400,0,0,0,0,-1400,熱容量,0,0,0,0,2022/10/20 17:05:04
月間,202210,策定,阿南紀北直流幹線,2022/11/05,夜間帯,順方向,0,0,0,0,0,0,1400,熱容量,0,0,0,0,2022/10/20 17:05:04
月間,202210,策定,阿南紀北直流幹線,2022/11/05,夜間帯,逆方向,-1400,-1400,0,0,0,0,-1400,熱容量,0,0,0,0,2022/10/20 17:05:04
月間,202209,策定,阿南紀北直流幹線,2022/11/06,昼間帯,順方向,0,0,0,0,0,0,1400,熱容量,0,0,0,0,2022/09/20 17:05:04
月間,202209,策定,阿南紀北直流幹線,2022/11/06,昼間帯,逆方向,-1400,-1400,0,0,0,0,-1400,熱容量,0,0,0,0,2022/09/20 17:05:04
月間,202209,策定,阿南紀北直流幹線,2022/11/06,夜間帯,順方向,0,0,0,0,0,0,1400,熱容量,0,0,0,0,2022/09/20 17:05:04
月間,202209,策定,阿南紀北直流幹線,2022/11/06,夜間帯,逆方向,-1400,-1400,0,0,0,0,-1400,熱容量,0,0,0,0,2022/09/20 17:05:04
月間,202210,策定,阿南紀北直流幹線,2022/11/06,昼間帯,順方向,0,0,0,0,0,0,1400,熱容量,0,0,0,0,2022/10/20 17:05:04
月間,202210,策定,阿南紀北直流幹線,2022/11/06,昼間帯,逆方向,-1400,-1400,0,0,0,0,-1400,熱容量,0,0,0,0,2022/10/20 17:05:04
月間,202210,策定,阿南紀北直流幹線,2022/11/06,夜間帯,順方向,0,0,0,0,0,0,1400,熱容量,0,0,0,0,2022/10/20 17:05:04
月間,202210,策定,阿南紀北直流幹線,2022/11/06,夜間帯,逆方向,-1400,-1400,0,0,0,0,-1400,熱容量,0,0,0,0,2022/10/20 17:05:04
月間,202209,策定,阿南紀北直流幹線,2022/11/07,昼間帯,順方向,0,0,0,0,0,0,1400,熱容量,0,0,0,0,2022/09/20 17:05:04
月間,202209,策定,阿南紀北直流幹線,2022/11/07,昼間帯,逆方向,-1400,-1400,0,0,0,0,-1400,熱容量,0,0,0,0,2022/09/20 17:05:04
月間,202209,策定,阿南紀北直流幹線,2022/11/07,夜間帯,順方向,0,0,0,0,0,0,1400,熱容量,0,0,0,0,2022/09/20 17:05:04
月間,202209,策定,阿南紀北直流幹線,2022/11/07,夜間帯,逆方向,-1400,-1400,0,0,0,0,-1400,熱容量,0,0,0,0,2022/09/20 17:05:04
月間,202210,策定,阿南紀北直流幹線,2022/11/07,昼間帯,順方向,0,0,0,0,0,0,1400,熱容量,0,0,0,0,2022/10/20 17:05:04
月間,202210,策定,阿南紀北直流幹線,2022/11/07,昼間帯,逆方向,-1400,-1400,0,0,0,0,-1400,熱容量,0,0,0,0,2022/10/20 17:05:04
月間,202210,策定,阿南紀北直流幹線,2022/11/07,夜間帯,順方向,0,0,0,0,0,0,1400,熱容量,0,0,0,0,2022/10/20 17:05:04
月間,202210,策定,阿南紀北直流幹線,2022/11/07,夜間帯,逆方向,-1400,-1400,0,0,0,0,-1400,熱容量,0,0,0,0,2022/10/20 17:05:04
月間,202209,策定,阿南紀北直流幹線,2022/11/08,昼間帯,順方向,0,0,0,0,0,0,1400,熱容量,0,0,0,0,2022/09/20 17:05:04
月間,202209,策定,阿南紀北直流幹線,2022/11/08,昼間帯,逆方向,-1400,-1400,0,0,0,0,-1400,熱容量,0,0,0,0,2022/09/20 17:05:04
月間,202209,策定,阿南紀北直流幹線,2022/11/08,夜間帯,順方向,0,0,0,0,0,0,1400,熱容量,0,0,0,0,2022/09/20 17:05:04
月間,202209,策定,阿南紀北直流幹線,2022/11/08,夜間帯,逆方向,-1400,-1400,0,0,0,0,-1400,熱容量,0,0,0,0,2022/09/20 17:05:04
月間,202210,策定,阿南紀北直流幹線,2022/11/08,昼間帯,順方向,0,0,0,0,0,0,1400,熱容量,0,0,0,0,2022/10/20 17:05:04
月間,202210,策定,阿南紀北直流幹線,2022/11/08,昼間帯,逆方向,-1400,-1400,0,0,0,0,-1400,熱容量,0,0,0,0,2022/10/20 17:05:04
月間,202210,策定,阿南紀北直流幹線,2022/11/08,夜間帯,順方向,0,0,0,0,0,0,1400,熱容量,0,0,0,0,2022/10/20 17:05:04
月間,202210,策定,阿南紀北直流幹線,2022/11/08,夜間帯,逆方向,-1400,-1400,0,0,0,0,-1400,熱容量,0,0,0,0,2022/10/20 17:05:04
月間,202209,策定,阿南紀北直流幹線,2022/11/09,昼間帯,順方向,0,0,0,0,0,0,1400,熱容量,0,0,0,0,2022/09/20 17:05:04
月間,202209,策定,阿南紀北直流幹線,2022/11/09,昼間帯,逆方向,-1400,-1400,0,0,0,0,-1400,熱容量,0,0,0,0,2022/09/20 17:05:04
月間,202209,策定,阿南紀北直流幹線,2022/11/09,夜間帯,順方向,0,0,0,0,0,0,1400,熱容量,0,0,0,0,2022/09/20 17:05:04
月間,202209,策定,阿南紀北直流幹線,2022/11/09,夜間帯,逆方向,-1400,-1400,0,0,0,0,-1400,熱容量,0,0,0,0,2022/09/20 17:05:04
月間,202210,策定,阿南紀北直流幹線,2022/11/09,昼間帯,順方向,0,0,0,0,0,0,1400,熱容量,0,0,0,0,2022/10/20 17:05:04
月間,202210,策定,阿南紀北直流幹線,2022/11/09,昼間帯,逆方向,-1400,-1400,0,0,0,0,-1400,熱容量,0,0,0,0,2022/10/20 17:05:04
月間,202210,策定,阿南紀北直流幹線,2022/11/09,夜間帯,順方向,0,0,0,0,0,0,1400,熱容量,0,0,0,0,2022/10/20 17:05:04
月間,202210,策定,阿南紀北直流幹線,2022/11/09,夜間帯,逆方向,-1400,-1400,0,0,0,0,-1400,熱容量,0,0,0,0,2022/10/20 17:05:04
月間,202209,策定,阿南紀北直流幹線,2022/11/10,昼間帯,順方向,0,0,0,0,0,0,1400,熱容量,0,0,0,0,2022/09/20 17:05:04
月間,202209,策定,阿南紀北直流幹線,2022/11/10,昼間帯,逆方向,-1400,-1400,0,0,0,0,-1400,熱容量,0,0,0,0,2022/09/20 17:05:04
月間,202209,策定,阿南紀北直流幹線,2022/11/10,夜間帯,順方向,0,0,0,0,0,0,1400,熱容量,0,0,0,0,2022/09/20 17:05:04
月間,202209,策定,阿南紀北直流幹線,2022/11/10,夜間帯,逆方向,-1400,-1400,0,0,0,0,-1400,熱容量,0,0,0,0,2022/09/20 17:05:04
月間,202210,策定,阿南紀北直流幹線,2022/11/10,昼間帯,順方向,0,0,0,0,0,0,1400,熱容量,0,0,0,0,2022/10/20 17:05:04
月間,202210,策定,阿南紀北直流幹線,2022/11/10,昼間帯,逆方向,-1400,-1400,0,0,0,0,-1400,熱容量,0,0,0,0,2022/10/20 17:05:04
月間,202210,策定,阿南紀北直流幹線,2022/11/10,夜間帯,順方向,0,0,0,0,0,0,1400,熱容量,0,0,0,0,2022/10/20 17:05:04
月間,202210,策定,阿南紀北直流幹線,2022/11/10,夜間帯,逆方向,-1400,-1400,0,0,0,0,-1400,熱容量,0,0,0,0,2022/10/20 17:05:04
月間,202209,策定,阿南紀北直流幹線,2022/11/11,昼間帯,順方向,0,0,0,0,0,0,1400,熱容量,0,0,0,0,2022/09/20 17:05:04
月間,202209,策定,阿南紀北直流幹線,2022/11/11,昼間帯,逆方向,-1400,-1400,0,0,0,0,-1400,熱容量,0,0,0,0,2022/09/20 17:05:04
月間,202209,策定,阿南紀北直流幹線,2022/11/11,夜間帯,順方向,0,0,0,0,0,0,1400,熱容量,0,0,0,0,2022/09/20 17:05:04
月間,202209,策定,阿南紀北直流幹線,2022/11/11,夜間帯,逆方向,-1400,-1400,0,0,0,0,-1400,熱容量,0,0,0,0,2022/09/20 17:05:04
月間,202210,策定,阿南紀北直流幹線,2022/11/11,昼間帯,順方向,0,0,0,0,0,0,1400,熱容量,0,0,0,0,2022/10/20 17:05:04
月間,202210,策定,阿南紀北直流幹線,2022/11/11,昼間帯,逆方向,-1400,-1400,0,0,0,0,-1400,熱容量,0,0,0,0,2022/10/20 17:05:04
月間,202210,策定,阿南紀北直流幹線,2022/11/11,夜間帯,順方向,0,0,0,0,0,0,1400,熱容量,0,0,0,0,2022/10/20 17:05:04
月間,202210,策定,阿南紀北直流幹線,2022/11/11,夜間帯,逆方向,-1400,-1400,0,0,0,0,-1400,熱容量,0,0,0,0,2022/10/20 17:05:04
月間,202209,策定,阿南紀北直流幹線,2022/11/12,昼間帯,順方向,0,0,0,0,0,0,1400,熱容量,0,0,0,0,2022/09/20 17:05:04
月間,202209,策定,阿南紀北直流幹線,2022/11/12,昼間帯,逆方向,-1400,-1400,0,0,0,0,-1400,熱容量,0,0,0,0,2022/09/20 17:05:04
月間,202209,策定,阿南紀北直流幹線,2022/11/12,夜間帯,順方向,0,0,0,0,0,0,1400,熱容量,0,0,0,0,2022/09/20 17:05:04
月間,202209,策定,阿南紀北直流幹線,2022/11/12,夜間帯,逆方向,-1400,-1400,0,0,0,0,-1400,熱容量,0,0,0,0,2022/09/20 17:05:04
月間,202210,策定,阿南紀北直流幹線,2022/11/12,昼間帯,順方向,0,0,0,0,0,0,1400,熱容量,0,0,0,0,2022/10/20 17:05:04
月間,202210,策定,阿南紀北直流幹線,2022/11/12,昼間帯,逆方向,-1400,-1400,0,0,0,0,-1400,熱容量,0,0,0,0,2022/10/20 17:05:04
月間,202210,策定,阿南紀北直流幹線,2022/11/12,夜間帯,順方向,0,0,0,0,0,0,1400,熱容量,0,0,0,0,2022/10/20 17:05:04
月間,202210,策定,阿南紀北直流幹線,2022/11/12,夜間帯,逆方向,-1400,-1400,0,0,0,0,-1400,熱容量,0,0,0,0,2022/10/20 17:05:04
月間,202209,策定,阿南紀北直流幹線,2022/11/13,昼間帯,順方向,0,0,0,0,0,0,1400,熱容量,0,0,0,0,2022/09/20 17:05:04
月間,202209,策定,阿南紀北直流幹線,2022/11/13,昼間帯,逆方向,-1400,-1400,0,0,0,0,-1400,熱容量,0,0,0,0,2022/09/20 17:05:04
月間,202209,策定,阿南紀北直流幹線,2022/11/13,夜間帯,順方向,0,0,0,0,0,0,1400,熱容量,0,0,0,0,2022/09/20 17:05:04
月間,202209,策定,阿南紀北直流幹線,2022/11/13,夜間帯,逆方向,-1400,-1400,0,0,0,0,-1400,熱容量,0,0,0,0,2022/09/20 17:05:04
月間,202210,策定,阿南紀北直流幹線,2022/11/13,昼間帯,順方向,0,0,0,0,0,0,1400,熱容量,0,0,0,0,2022/10/20 17:05:04
月間,202210,策定,阿南紀北直流幹線,2022/11/13,昼間帯,逆方向,-1400,-1400,0,0,0,0,-1400,熱容量,0,0,0,0,2022/10/20 17:05:04
月間,202210,策定,阿南紀北直流幹線,2022/11/13,夜間帯,順方向,0,0,0,0,0,0,1400,熱容量,0,0,0,0,2022/10/20 17:05:04
月間,202210,策定,阿南紀北直流幹線,2022/11/13,夜間帯,逆方向,-1400,-1400,0,0,0,0,-1400,熱容量,0,0,0,0,2022/10/20 17:05:04
月間,202209,策定,阿南紀北直流幹線,2022/11/14,昼間帯,順方向,0,0,0,0,0,0,1400,熱容量,0,0,0,0,2022/09/20 17:05:04
月間,202209,策定,阿南紀北直流幹線,2022/11/14,昼間帯,逆方向,-1400,-1400,0,0,0,0,-1400,熱容量,0,0,0,0,2022/09/20 17:05:04
月間,202209,策定,阿南紀北直流幹線,2022/11/14,夜間帯,順方向,0,0,0,0,0,0,1400,熱容量,0,0,0,0,2022/09/20 17:05:04
月間,202209,策定,阿南紀北直流幹線,2022/11/14,夜間帯,逆方向,-1400,-1400,0,0,0,0,-1400,熱容量,0,0,0,0,2022/09/20 17:05:04
月間,202210,策定,阿南紀北直流幹線,2022/11/14,昼間帯,順方向,0,0,0,0,0,0,1400,熱容量,0,0,0,0,2022/10/20 17:05:04
月間,202210,策定,阿南紀北直流幹線,2022/11/14,昼間帯,逆方向,-1400,-1400,0,0,0,0,-1400,熱容量,0,0,0,0,2022/10/20 17:05:04
月間,202210,策定,阿南紀北直流幹線,2022/11/14,夜間帯,順方向,0,0,0,0,0,0,1400,熱容量,0,0,0,0,2022/10/20 17:05:04
月間,202210,策定,阿南紀北直流幹線,2022/11/14,夜間帯,逆方向,-1400,-1400,0,0,0,0,-1400,熱容量,0,0,0,0,2022/10/20 17:05:04
月間,202209,策定,阿南紀北直流幹線,2022/11/15,昼間帯,順方向,0,0,0,0,0,0,1400,熱容量,0,0,0,0,2022/09/20 17:05:04
月間,202209,策定,阿南紀北直流幹線,2022/11/15,昼間帯,逆方向,-1400,-1400,0,0,0,0,-1400,熱容量,0,0,0,0,2022/09/20 17:05:04
月間,202209,策定,阿南紀北直流幹線,2022/11/15,夜間帯,順方向,0,0,0,0,0,0,1400,熱容量,0,0,0,0,2022/09/20 17:05:04
月間,202209,策定,阿南紀北直流幹線,2022/11/15,夜間帯,逆方向,-1400,-1400,0,0,0,0,-1400,熱容量,0,0,0,0,2022/09/20 17:05:04
月間,202210,策定,阿南紀北直流幹線,2022/11/15,昼間帯,順方向,0,0,0,0,0,0,1400,熱容量,0,0,0,0,2022/10/20 17:05:04
月間,202210,策定,阿南紀北直流幹線,2022/11/15,昼間帯,逆方向,-1400,-1400,0,0,0,0,-1400,熱容量,0,0,0,0,2022/10/20 17:05:04
月間,202210,策定,阿南紀北直流幹線,2022/11/15,夜間帯,順方向,0,0,0,0,0,0,1400,熱容量,0,0,0,0,2022/10/20 17:05:04
月間,202210,策定,阿南紀北直流幹線,2022/11/15,夜間帯,逆方向,-1400,-1400,0,0,0,0,-1400,熱容量,0,0,0,0,2022/10/20 17:05:04
月間,202209,策定,阿南紀北直流幹線,2022/11/16,昼間帯,順方向,0,0,0,0,0,0,1400,熱容量,0,0,0,0,2022/09/20 17:05:04
月間,202209,策定,阿南紀北直流幹線,2022/11/16,昼間帯,逆方向,-1400,-1400,0,0,0,0,-1400,熱容量,0,0,0,0,2022/09/20 17:05:04
月間,202209,策定,阿南紀北直流幹線,2022/11/16,夜間帯,順方向,0,0,0,0,0,0,1400,熱容量,0,0,0,0,2022/09/20 17:05:04
月間,202209,策定,阿南紀北直流幹線,2022/11/16,夜間帯,逆方向,-1400,-1400,0,0,0,0,-1400,熱容量,0,0,0,0,2022/09/20 17:05:04
月間,202210,策定,阿南紀北直流幹線,2022/11/16,昼間帯,順方向,0,0,0,0,0,0,1400,熱容量,0,0,0,0,2022/10/20 17:05:04
月間,202210,策定,阿南紀北直流幹線,2022/11/16,昼間帯,逆方向,-1400,-1400,0,0,0,0,-1400,熱容量,0,0,0,0,2022/10/20 17:05:04
月間,202210,策定,阿南紀北直流幹線,2022/11/16,夜間帯,順方向,0,0,0,0,0,0,1400,熱容量,0,0,0,0,2022/10/20 17:05:04
月間,202210,策定,阿南紀北直流幹線,2022/11/16,夜間帯,逆方向,-1400,-1400,0,0,0,0,-1400,熱容量,0,0,0,0,2022/10/20 17:05:04
月間,202209,策定,阿南紀北直流幹線,2022/11/17,昼間帯,順方向,0,0,0,0,0,0,1400,熱容量,0,0,0,0,2022/09/20 17:05:04
月間,202209,策定,阿南紀北直流幹線,2022/11/17,昼間帯,逆方向,-1400,-1400,0,0,0,0,-1400,熱容量,0,0,0,0,2022/09/20 17:05:04
月間,202209,策定,阿南紀北直流幹線,2022/11/17,夜間帯,順方向,0,0,0,0,0,0,1400,熱容量,0,0,0,0,2022/09/20 17:05:04
月間,202209,策定,阿南紀北直流幹線,2022/11/17,夜間帯,逆方向,-1400,-1400,0,0,0,0,-1400,熱容量,0,0,0,0,2022/09/20 17:05:04
月間,202210,策定,阿南紀北直流幹線,2022/11/17,昼間帯,順方向,0,0,0,0,0,0,1400,熱容量,0,0,0,0,2022/10/20 17:05:04
月間,202210,策定,阿南紀北直流幹線,2022/11/17,昼間帯,逆方向,-1400,-1400,0,0,0,0,-1400,熱容量,0,0,0,0,2022/10/20 17:05:04
月間,202210,策定,阿南紀北直流幹線,2022/11/17,夜間帯,順方向,0,0,0,0,0,0,1400,熱容量,0,0,0,0,2022/10/20 17:05:04
月間,202210,策定,阿南紀北直流幹線,2022/11/17,夜間帯,逆方向,-1400,-1400,0,0,0,0,-1400,熱容量,0,0,0,0,2022/10/20 17:05:04
月間,202209,策定,阿南紀北直流幹線,2022/11/18,昼間帯,順方向,0,0,0,0,0,0,1400,熱容量,0,0,0,0,2022/09/20 17:05:04
月間,202209,策定,阿南紀北直流幹線,2022/11/18,昼間帯,逆方向,-1400,-1400,0,0,0,0,-1400,熱容量,0,0,0,0,2022/09/20 17:05:04
月間,202209,策定,阿南紀北直流幹線,2022/11/18,夜間帯,順方向,0,0,0,0,0,0,1400,熱容量,0,0,0,0,2022/09/20 17:05:04
月間,202209,策定,阿南紀北直流幹線,2022/11/18,夜間帯,逆方向,-1400,-1400,0,0,0,0,-1400,熱容量,0,0,0,0,2022/09/20 17:05:04
月間,202210,策定,阿南紀北直流幹線,2022/11/18,昼間帯,順方向,0,0,0,0,0,0,1400,熱容量,0,0,0,0,2022/10/20 17:05:04
月間,202210,策定,阿南紀北直流幹線,2022/11/18,昼間帯,逆方向,-1400,-1400,0,0,0,0,-1400,熱容量,0,0,0,0,2022/10/20 17:05:04
月間,202210,策定,阿南紀北直流幹線,2022/11/18,夜間帯,順方向,0,0,0,0,0,0,1400,熱容量,0,0,0,0,2022/10/20 17:05:04
月間,202210,策定,阿南紀北直流幹線,2022/11/18,夜間帯,逆方向,-1400,-1400,0,0,0,0,-1400,熱容量,0,0,0,0,2022/10/20 17:05:04
月間,202209,策定,阿南紀北直流幹線,2022/11/19,昼間帯,順方向,0,0,0,0,0,0,1400,熱容量,0,0,0,0,2022/09/20 17:05:04
月間,202209,策定,阿南紀北直流幹線,2022/11/19,昼間帯,逆方向,-1400,-1400,0,0,0,0,-1400,熱容量,0,0,0,0,2022/09/20 17:05:04
月間,202209,策定,阿南紀北直流幹線,2022/11/19,夜間帯,順方向,0,0,0,0,0,0,1400,熱容量,0,0,0,0,2022/09/20 17:05:04
月間,202209,策定,阿南紀北直流幹線,2022/11/19,夜間帯,逆方向,-1400,-1400,0,0,0,0,-1400,熱容量,0,0,0,0,2022/09/20 17:05:04
月間,202210,策定,阿南紀北直流幹線,2022/11/19,昼間帯,順方向,0,0,0,0,0,0,1400,熱容量,0,0,0,0,2022/10/20 17:05:04
月間,202210,策定,阿南紀北直流幹線,2022/11/19,昼間帯,逆方向,-1400,-1400,0,0,0,0,-1400,熱容量,0,0,0,0,2022/10/20 17:05:04
月間,202210,策定,阿南紀北直流幹線,2022/11/19,夜間帯,順方向,0,0,0,0,0,0,1400,熱容量,0,0,0,0,2022/10/20 17:05:04
月間,202210,策定,阿南紀北直流幹線,2022/11/19,夜間帯,逆方向,-1400,-1400,0,0,0,0,-1400,熱容量,0,0,0,0,2022/10/20 17:05:04
月間,202209,策定,阿南紀北直流幹線,2022/11/20,昼間帯,順方向,0,0,0,0,0,0,1400,熱容量,0,0,0,0,2022/09/20 17:05:04
月間,202209,策定,阿南紀北直流幹線,2022/11/20,昼間帯,逆方向,-1400,-1400,0,0,0,0,-1400,熱容量,0,0,0,0,2022/09/20 17:05:04
月間,202209,策定,阿南紀北直流幹線,2022/11/20,夜間帯,順方向,0,0,0,0,0,0,1400,熱容量,0,0,0,0,2022/09/20 17:05:04
月間,202209,策定,阿南紀北直流幹線,2022/11/20,夜間帯,逆方向,-1400,-1400,0,0,0,0,-1400,熱容量,0,0,0,0,2022/09/20 17:05:04
月間,202210,策定,阿南紀北直流幹線,2022/11/20,昼間帯,順方向,0,0,0,0,0,0,1400,熱容量,0,0,0,0,2022/10/20 17:05:04
月間,202210,策定,阿南紀北直流幹線,2022/11/20,昼間帯,逆方向,-1400,-1400,0,0,0,0,-1400,熱容量,0,0,0,0,2022/10/20 17:05:04
月間,202210,策定,阿南紀北直流幹線,2022/11/20,夜間帯,順方向,0,0,0,0,0,0,1400,熱容量,0,0,0,0,2022/10/20 17:05:04
月間,202210,策定,阿南紀北直流幹線,2022/11/20,夜間帯,逆方向,-1400,-1400,0,0,0,0,-1400,熱容量,0,0,0,0,2022/10/20 17:05:04
月間,202209,策定,阿南紀北直流幹線,2022/11/21,昼間帯,順方向,0,0,0,0,0,0,1400,熱容量,0,0,0,0,2022/09/20 17:05:04
月間,202209,策定,阿南紀北直流幹線,2022/11/21,昼間帯,逆方向,-1400,-1400,0,0,0,0,-1400,熱容量,0,0,0,0,2022/09/20 17:05:04
月間,202209,策定,阿南紀北直流幹線,2022/11/21,夜間帯,順方向,0,0,0,0,0,0,1400,熱容量,0,0,0,0,2022/09/20 17:05:04
月間,202209,策定,阿南紀北直流幹線,2022/11/21,夜間帯,逆方向,-1400,-1400,0,0,0,0,-1400,熱容量,0,0,0,0,2022/09/20 17:05:04
月間,202210,策定,阿南紀北直流幹線,2022/11/21,昼間帯,順方向,0,0,0,0,0,0,1400,熱容量,0,0,0,0,2022/10/20 17:05:04
月間,202210,策定,阿南紀北直流幹線,2022/11/21,昼間帯,逆方向,-1400,-1400,0,0,0,0,-1400,熱容量,0,0,0,0,2022/10/20 17:05:04
月間,202210,策定,阿南紀北直流幹線,2022/11/21,夜間帯,順方向,0,0,0,0,0,0,1400,熱容量,0,0,0,0,2022/10/20 17:05:04
月間,202210,策定,阿南紀北直流幹線,2022/11/21,夜間帯,逆方向,-1400,-1400,0,0,0,0,-1400,熱容量,0,0,0,0,2022/10/20 17:05:04
月間,202209,策定,阿南紀北直流幹線,2022/11/22,昼間帯,順方向,0,0,0,0,0,0,1400,熱容量,0,0,0,0,2022/09/20 17:05:04
月間,202209,策定,阿南紀北直流幹線,2022/11/22,昼間帯,逆方向,-1400,-1400,0,0,0,0,-1400,熱容量,0,0,0,0,2022/09/20 17:05:04
月間,202209,策定,阿南紀北直流幹線,2022/11/22,夜間帯,順方向,0,0,0,0,0,0,1400,熱容量,0,0,0,0,2022/09/20 17:05:04
月間,202209,策定,阿南紀北直流幹線,2022/11/22,夜間帯,逆方向,-1400,-1400,0,0,0,0,-1400,熱容量,0,0,0,0,2022/09/20 17:05:04
月間,202210,策定,阿南紀北直流幹線,2022/11/22,昼間帯,順方向,0,0,0,0,0,0,1400,熱容量,0,0,0,0,2022/10/20 17:05:04
月間,202210,策定,阿南紀北直流幹線,2022/11/22,昼間帯,逆方向,-1400,-1400,0,0,0,0,-1400,熱容量,0,0,0,0,2022/10/20 17:05:04
月間,202210,策定,阿南紀北直流幹線,2022/11/22,夜間帯,順方向,0,0,0,0,0,0,1400,熱容量,0,0,0,0,2022/10/20 17:05:04
月間,202210,策定,阿南紀北直流幹線,2022/11/22,夜間帯,逆方向,-1400,-1400,0,0,0,0,-1400,熱容量,0,0,0,0,2022/10/20 17:05:04
月間,202209,策定,阿南紀北直流幹線,2022/11/23,昼間帯,順方向,0,0,0,0,0,0,1400,熱容量,0,0,0,0,2022/09/20 17:05:04
月間,202209,策定,阿南紀北直流幹線,2022/11/23,昼間帯,逆方向,-1400,-1400,0,0,0,0,-1400,熱容量,0,0,0,0,2022/09/20 17:05:04
月間,202209,策定,阿南紀北直流幹線,2022/11/23,夜間帯,順方向,0,0,0,0,0,0,1400,熱容量,0,0,0,0,2022/09/20 17:05:04
月間,202209,策定,阿南紀北直流幹線,2022/11/23,夜間帯,逆方向,-1400,-1400,0,0,0,0,-1400,熱容量,0,0,0,0,2022/09/20 17:05:04
月間,202210,策定,阿南紀北直流幹線,2022/11/23,昼間帯,順方向,0,0,0,0,0,0,1400,熱容量,0,0,0,0,2022/10/20 17:05:04
月間,202210,策定,阿南紀北直流幹線,2022/11/23,昼間帯,逆方向,-1400,-1400,0,0,0,0,-1400,熱容量,0,0,0,0,2022/10/20 17:05:04
月間,202210,策定,阿南紀北直流幹線,2022/11/23,夜間帯,順方向,0,0,0,0,0,0,1400,熱容量,0,0,0,0,2022/10/20 17:05:04
月間,202210,策定,阿南紀北直流幹線,2022/11/23,夜間帯,逆方向,-1400,-1400,0,0,0,0,-1400,熱容量,0,0,0,0,2022/10/20 17:05:04
月間,202209,策定,阿南紀北直流幹線,2022/11/24,昼間帯,順方向,0,0,0,0,0,0,1400,熱容量,0,0,0,0,2022/09/20 17:05:04
月間,202209,策定,阿南紀北直流幹線,2022/11/24,昼間帯,逆方向,-1400,-1400,0,0,0,0,-1400,熱容量,0,0,0,0,2022/09/20 17:05:04
月間,202209,策定,阿南紀北直流幹線,2022/11/24,夜間帯,順方向,0,0,0,0,0,0,1400,熱容量,0,0,0,0,2022/09/20 17:05:04
月間,202209,策定,阿南紀北直流幹線,2022/11/24,夜間帯,逆方向,-1400,-1400,0,0,0,0,-1400,熱容量,0,0,0,0,2022/09/20 17:05:04
月間,202210,策定,阿南紀北直流幹線,2022/11/24,昼間帯,順方向,0,0,0,0,0,0,1400,熱容量,0,0,0,0,2022/10/20 17:05:04
月間,202210,策定,阿南紀北直流幹線,2022/11/24,昼間帯,逆方向,-1400,-1400,0,0,0,0,-1400,熱容量,0,0,0,0,2022/10/20 17:05:04
月間,202210,策定,阿南紀北直流幹線,2022/11/24,夜間帯,順方向,0,0,0,0,0,0,1400,熱容量,0,0,0,0,2022/10/20 17:05:04
月間,202210,策定,阿南紀北直流幹線,2022/11/24,夜間帯,逆方向,-1400,-1400,0,0,0,0,-1400,熱容量,0,0,0,0,2022/10/20 17:05:04
月間,202209,策定,阿南紀北直流幹線,2022/11/25,昼間帯,順方向,0,0,0,0,0,0,1400,熱容量,0,0,0,0,2022/09/20 17:05:04
月間,202209,策定,阿南紀北直流幹線,2022/11/25,昼間帯,逆方向,-1400,-1400,0,0,0,0,-1400,熱容量,0,0,0,0,2022/09/20 17:05:04
月間,202209,策定,阿南紀北直流幹線,2022/11/25,夜間帯,順方向,0,0,0,0,0,0,1400,熱容量,0,0,0,0,2022/09/20 17:05:04
月間,202209,策定,阿南紀北直流幹線,2022/11/25,夜間帯,逆方向,-1400,-1400,0,0,0,0,-1400,熱容量,0,0,0,0,2022/09/20 17:05:04
月間,202210,策定,阿南紀北直流幹線,2022/11/25,昼間帯,順方向,0,0,0,0,0,0,1400,熱容量,0,0,0,0,2022/10/20 17:05:04
月間,202210,策定,阿南紀北直流幹線,2022/11/25,昼間帯,逆方向,-1400,-1400,0,0,0,0,-1400,熱容量,0,0,0,0,2022/10/20 17:05:04
月間,202210,策定,阿南紀北直流幹線,2022/11/25,夜間帯,順方向,0,0,0,0,0,0,1400,熱容量,0,0,0,0,2022/10/20 17:05:04
月間,202210,策定,阿南紀北直流幹線,2022/11/25,夜間帯,逆方向,-1400,-1400,0,0,0,0,-1400,熱容量,0,0,0,0,2022/10/20 17:05:04
月間,202209,策定,阿南紀北直流幹線,2022/11/26,昼間帯,順方向,0,0,0,0,0,0,1400,熱容量,0,0,0,0,2022/09/20 17:05:04
月間,202209,策定,阿南紀北直流幹線,2022/11/26,昼間帯,逆方向,-1400,-1400,0,0,0,0,-1400,熱容量,0,0,0,0,2022/09/20 17:05:04
月間,202209,策定,阿南紀北直流幹線,2022/11/26,夜間帯,順方向,0,0,0,0,0,0,1400,熱容量,0,0,0,0,2022/09/20 17:05:04
月間,202209,策定,阿南紀北直流幹線,2022/11/26,夜間帯,逆方向,-1400,-1400,0,0,0,0,-1400,熱容量,0,0,0,0,2022/09/20 17:05:04
月間,202210,策定,阿南紀北直流幹線,2022/11/26,昼間帯,順方向,0,0,0,0,0,0,1400,熱容量,0,0,0,0,2022/10/20 17:05:04
月間,202210,策定,阿南紀北直流幹線,2022/11/26,昼間帯,逆方向,-1400,-1400,0,0,0,0,-1400,熱容量,0,0,0,0,2022/10/20 17:05:04
月間,202210,策定,阿南紀北直流幹線,2022/11/26,夜間帯,順方向,0,0,0,0,0,0,1400,熱容量,0,0,0,0,2022/10/20 17:05:04
月間,202210,策定,阿南紀北直流幹線,2022/11/26,夜間帯,逆方向,-1400,-1400,0,0,0,0,-1400,熱容量,0,0,0,0,2022/10/20 17:05:04
月間,202209,策定,阿南紀北直流幹線,2022/11/27,昼間帯,順方向,0,0,0,0,0,0,1400,熱容量,0,0,0,0,2022/09/20 17:05:04
月間,202209,策定,阿南紀北直流幹線,2022/11/27,昼間帯,逆方向,-1400,-1400,0,0,0,0,-1400,熱容量,0,0,0,0,2022/09/20 17:05:04
月間,202209,策定,阿南紀北直流幹線,2022/11/27,夜間帯,順方向,0,0,0,0,0,0,1400,熱容量,0,0,0,0,2022/09/20 17:05:04
月間,202209,策定,阿南紀北直流幹線,2022/11/27,夜間帯,逆方向,-1400,-1400,0,0,0,0,-1400,熱容量,0,0,0,0,2022/09/20 17:05:04
月間,202210,策定,阿南紀北直流幹線,2022/11/27,昼間帯,順方向,0,0,0,0,0,0,1400,熱容量,0,0,0,0,2022/10/20 17:05:04
月間,202210,策定,阿南紀北直流幹線,2022/11/27,昼間帯,逆方向,-1400,-1400,0,0,0,0,-1400,熱容量,0,0,0,0,2022/10/20 17:05:04
月間,202210,策定,阿南紀北直流幹線,2022/11/27,夜間帯,順方向,0,0,0,0,0,0,1400,熱容量,0,0,0,0,2022/10/20 17:05:04
月間,202210,策定,阿南紀北直流幹線,2022/11/27,夜間帯,逆方向,-1400,-1400,0,0,0,0,-1400,熱容量,0,0,0,0,2022/10/20 17:05:04
月間,202209,策定,阿南紀北直流幹線,2022/11/28,昼間帯,順方向,0,0,0,0,0,0,1400,熱容量,0,0,0,0,2022/09/20 17:05:04
月間,202209,策定,阿南紀北直流幹線,2022/11/28,昼間帯,逆方向,-1400,-1400,0,0,0,0,-1400,熱容量,0,0,0,0,2022/09/20 17:05:04
月間,202209,策定,阿南紀北直流幹線,2022/11/28,夜間帯,順方向,0,0,0,0,0,0,1400,熱容量,0,0,0,0,2022/09/20 17:05:04
月間,202209,策定,阿南紀北直流幹線,2022/11/28,夜間帯,逆方向,-1400,-1400,0,0,0,0,-1400,熱容量,0,0,0,0,2022/09/20 17:05:04
月間,202210,策定,阿南紀北直流幹線,2022/11/28,昼間帯,順方向,0,0,0,0,0,0,1400,熱容量,0,0,0,0,2022/10/20 17:05:04
月間,202210,策定,阿南紀北直流幹線,2022/11/28,昼間帯,逆方向,-1400,-1400,0,0,0,0,-1400,熱容量,0,0,0,0,2022/10/20 17:05:04
月間,202210,策定,阿南紀北直流幹線,2022/11/28,夜間帯,順方向,0,0,0,0,0,0,1400,熱容量,0,0,0,0,2022/10/20 17:05:04
月間,202210,策定,阿南紀北直流幹線,2022/11/28,夜間帯,逆方向,-1400,-1400,0,0,0,0,-1400,熱容量,0,0,0,0,2022/10/20 17:05:04
月間,202209,策定,阿南紀北直流幹線,2022/11/29,昼間帯,順方向,0,0,0,0,0,0,1400,熱容量,0,0,0,0,2022/09/20 17:05:04
月間,202209,策定,阿南紀北直流幹線,2022/11/29,昼間帯,逆方向,-1400,-1400,0,0,0,0,-1400,熱容量,0,0,0,0,2022/09/20 17:05:04
月間,202209,策定,阿南紀北直流幹線,2022/11/29,夜間帯,順方向,0,0,0,0,0,0,1400,熱容量,0,0,0,0,2022/09/20 17:05:04
月間,202209,策定,阿南紀北直流幹線,2022/11/29,夜間帯,逆方向,-1400,-1400,0,0,0,0,-1400,熱容量,0,0,0,0,2022/09/20 17:05:04
月間,202210,策定,阿南紀北直流幹線,2022/11/29,昼間帯,順方向,0,0,0,0,0,0,1400,熱容量,0,0,0,0,2022/10/20 17:05:04
月間,202210,策定,阿南紀北直流幹線,2022/11/29,昼間帯,逆方向,-1400,-1400,0,0,0,0,-1400,熱容量,0,0,0,0,2022/10/20 17:05:04
月間,202210,策定,阿南紀北直流幹線,2022/11/29,夜間帯,順方向,0,0,0,0,0,0,1400,熱容量,0,0,0,0,2022/10/20 17:05:04
月間,202210,策定,阿南紀北直流幹線,2022/11/29,夜間帯,逆方向,-1400,-1400,0,0,0,0,-1400,熱容量,0,0,0,0,2022/10/20 17:05:04
月間,202209,策定,阿南紀北直流幹線,2022/11/30,昼間帯,順方向,0,0,0,0,0,0,1400,熱容量,0,0,0,0,2022/09/20 17:05:04
月間,202209,策定,阿南紀北直流幹線,2022/11/30,昼間帯,逆方向,-1400,-1400,0,0,0,0,-1400,熱容量,0,0,0,0,2022/09/20 17:05:04
月間,202209,策定,阿南紀北直流幹線,2022/11/30,夜間帯,順方向,0,0,0,0,0,0,1400,熱容量,0,0,0,0,2022/09/20 17:05:04
月間,202209,策定,阿南紀北直流幹線,2022/11/30,夜間帯,逆方向,-1400,-1400,0,0,0,0,-1400,熱容量,0,0,0,0,2022/09/20 17:05:04
月間,202210,策定,阿南紀北直流幹線,2022/11/30,昼間帯,順方向,0,0,0,0,0,0,1400,熱容量,0,0,0,0,2022/10/20 17:05:04
月間,202210,策定,阿南紀北直流幹線,2022/11/30,昼間帯,逆方向,-1400,-1400,0,0,0,0,-1400,熱容量,0,0,0,0,2022/10/20 17:05:04
月間,202210,策定,阿南紀北直流幹線,2022/11/30,夜間帯,順方向,0,0,0,0,0,0,1400,熱容量,0,0,0,0,2022/10/20 17:05:04
月間,202210,策定,阿南紀北直流幹線,2022/11/30,夜間帯,逆方向,-1400,-1400,0,0,0,0,-1400,熱容量,0,0,0,0,2022/10/20 17:05:04
月間,202210,策定,阿南紀北直流幹線,2022/12/01,昼間帯,順方向,0,0,0,0,0,0,1400,熱容量,0,0,0,0,2022/10/20 17:05:04
月間,202210,策定,阿南紀北直流幹線,2022/12/01,昼間帯,逆方向,-1400,-1400,0,0,0,0,-1400,熱容量,0,0,0,0,2022/10/20 17:05:04
月間,202210,策定,阿南紀北直流幹線,2022/12/01,夜間帯,順方向,0,0,0,0,0,0,1400,熱容量,0,0,0,0,2022/10/20 17:05:04
月間,202210,策定,阿南紀北直流幹線,2022/12/01,夜間帯,逆方向,-1400,-1400,0,0,0,0,-1400,熱容量,0,0,0,0,2022/10/20 17:05:04
月間,202210,策定,阿南紀北直流幹線,2022/12/02,昼間帯,順方向,0,0,0,0,0,0,1400,熱容量,0,0,0,0,2022/10/20 17:05:04
月間,202210,策定,阿南紀北直流幹線,2022/12/02,昼間帯,逆方向,-1400,-1400,0,0,0,0,-1400,熱容量,0,0,0,0,2022/10/20 17:05:04
月間,202210,策定,阿南紀北直流幹線,2022/12/02,夜間帯,順方向,0,0,0,0,0,0,1400,熱容量,0,0,0,0,2022/10/20 17:05:04
月間,202210,策定,阿南紀北直流幹線,2022/12/02,夜間帯,逆方向,-1400,-1400,0,0,0,0,-1400,熱容量,0,0,0,0,2022/10/20 17:05:04
月間,202210,策定,阿南紀北直流幹線,2022/12/03,昼間帯,順方向,0,0,0,0,0,0,1400,熱容量,0,0,0,0,2022/10/20 17:05:04
月間,202210,策定,阿南紀北直流幹線,2022/12/03,昼間帯,逆方向,-1400,-1400,0,0,0,0,-1400,熱容量,0,0,0,0,2022/10/20 17:05:04
月間,202210,策定,阿南紀北直流幹線,2022/12/03,夜間帯,順方向,0,0,0,0,0,0,1400,熱容量,0,0,0,0,2022/10/20 17:05:04
月間,202210,策定,阿南紀北直流幹線,2022/12/03,夜間帯,逆方向,-1400,-1400,0,0,0,0,-1400,熱容量,0,0,0,0,2022/10/20 17:05:04
月間,202211,策定,阿南紀北直流幹線,2022/12/03,昼間帯,順方向,0,0,0,0,0,0,1400,熱容量,0,0,0,0,2022/11/18 17:05:04
月間,202211,策定,阿南紀北直流幹線,2022/12/03,昼間帯,逆方向,-1400,-1400,0,0,0,0,-1400,熱容量,0,0,0,0,2022/11/18 17:05:04
月間,202211,策定,阿南紀北直流幹線,2022/12/03,夜間帯,順方向,0,0,0,0,0,0,1400,熱容量,0,0,0,0,2022/11/18 17:05:04
月間,202211,策定,阿南紀北直流幹線,2022/12/03,夜間帯,逆方向,-1400,-1400,0,0,0,0,-1400,熱容量,0,0,0,0,2022/11/18 17:05:04
月間,202210,策定,阿南紀北直流幹線,2022/12/04,昼間帯,順方向,0,0,0,0,0,0,1400,熱容量,0,0,0,0,2022/10/20 17:05:04
月間,202210,策定,阿南紀北直流幹線,2022/12/04,昼間帯,逆方向,-1400,-1400,0,0,0,0,-1400,熱容量,0,0,0,0,2022/10/20 17:05:04
月間,202210,策定,阿南紀北直流幹線,2022/12/04,夜間帯,順方向,0,0,0,0,0,0,1400,熱容量,0,0,0,0,2022/10/20 17:05:04
月間,202210,策定,阿南紀北直流幹線,2022/12/04,夜間帯,逆方向,-1400,-1400,0,0,0,0,-1400,熱容量,0,0,0,0,2022/10/20 17:05:04
月間,202211,策定,阿南紀北直流幹線,2022/12/04,昼間帯,順方向,0,0,0,0,0,0,1400,熱容量,0,0,0,0,2022/11/18 17:05:04
月間,202211,策定,阿南紀北直流幹線,2022/12/04,昼間帯,逆方向,-1400,-1400,0,0,0,0,-1400,熱容量,0,0,0,0,2022/11/18 17:05:04
月間,202211,策定,阿南紀北直流幹線,2022/12/04,夜間帯,順方向,0,0,0,0,0,0,1400,熱容量,0,0,0,0,2022/11/18 17:05:04
月間,202211,策定,阿南紀北直流幹線,2022/12/04,夜間帯,逆方向,-1400,-1400,0,0,0,0,-1400,熱容量,0,0,0,0,2022/11/18 17:05:04
月間,202210,策定,阿南紀北直流幹線,2022/12/05,昼間帯,順方向,0,0,0,0,0,0,1400,熱容量,0,0,0,0,2022/10/20 17:05:04
月間,202210,策定,阿南紀北直流幹線,2022/12/05,昼間帯,逆方向,-1400,-1400,0,0,0,0,-1400,熱容量,0,0,0,0,2022/10/20 17:05:04
月間,202210,策定,阿南紀北直流幹線,2022/12/05,夜間帯,順方向,0,0,0,0,0,0,1400,熱容量,0,0,0,0,2022/10/20 17:05:04
月間,202210,策定,阿南紀北直流幹線,2022/12/05,夜間帯,逆方向,-1400,-1400,0,0,0,0,-1400,熱容量,0,0,0,0,2022/10/20 17:05:04
月間,202211,策定,阿南紀北直流幹線,2022/12/05,昼間帯,順方向,0,0,0,0,0,0,1400,熱容量,0,0,0,0,2022/11/18 17:05:04
月間,202211,策定,阿南紀北直流幹線,2022/12/05,昼間帯,逆方向,-1400,-1400,0,0,0,0,-1400,熱容量,0,0,0,0,2022/11/18 17:05:04
月間,202211,策定,阿南紀北直流幹線,2022/12/05,夜間帯,順方向,0,0,0,0,0,0,1400,熱容量,0,0,0,0,2022/11/18 17:05:04
月間,202211,策定,阿南紀北直流幹線,2022/12/05,夜間帯,逆方向,-1400,-1400,0,0,0,0,-1400,熱容量,0,0,0,0,2022/11/18 17:05:04
月間,202210,策定,阿南紀北直流幹線,2022/12/06,昼間帯,順方向,0,0,0,0,0,0,1400,熱容量,0,0,0,0,2022/10/20 17:05:04
月間,202210,策定,阿南紀北直流幹線,2022/12/06,昼間帯,逆方向,-1400,-1400,0,0,0,0,-1400,熱容量,0,0,0,0,2022/10/20 17:05:04
月間,202210,策定,阿南紀北直流幹線,2022/12/06,夜間帯,順方向,0,0,0,0,0,0,1400,熱容量,0,0,0,0,2022/10/20 17:05:04
月間,202210,策定,阿南紀北直流幹線,2022/12/06,夜間帯,逆方向,-1400,-1400,0,0,0,0,-1400,熱容量,0,0,0,0,2022/10/20 17:05:04
月間,202211,策定,阿南紀北直流幹線,2022/12/06,昼間帯,順方向,0,0,0,0,0,0,1400,熱容量,0,0,0,0,2022/11/18 17:05:04
月間,202211,策定,阿南紀北直流幹線,2022/12/06,昼間帯,逆方向,-1400,-1400,0,0,0,0,-1400,熱容量,0,0,0,0,2022/11/18 17:05:04
月間,202211,策定,阿南紀北直流幹線,2022/12/06,夜間帯,順方向,0,0,0,0,0,0,1400,熱容量,0,0,0,0,2022/11/18 17:05:04
月間,202211,策定,阿南紀北直流幹線,2022/12/06,夜間帯,逆方向,-1400,-1400,0,0,0,0,-1400,熱容量,0,0,0,0,2022/11/18 17:05:04
月間,202210,策定,阿南紀北直流幹線,2022/12/07,昼間帯,順方向,0,0,0,0,0,0,1400,熱容量,0,0,0,0,2022/10/20 17:05:04
月間,202210,策定,阿南紀北直流幹線,2022/12/07,昼間帯,逆方向,-1400,-1400,0,0,0,0,-1400,熱容量,0,0,0,0,2022/10/20 17:05:04
月間,202210,策定,阿南紀北直流幹線,2022/12/07,夜間帯,順方向,0,0,0,0,0,0,1400,熱容量,0,0,0,0,2022/10/20 17:05:04
月間,202210,策定,阿南紀北直流幹線,2022/12/07,夜間帯,逆方向,-1400,-1400,0,0,0,0,-1400,熱容量,0,0,0,0,2022/10/20 17:05:04
月間,202211,策定,阿南紀北直流幹線,2022/12/07,昼間帯,順方向,0,0,0,0,0,0,1400,熱容量,0,0,0,0,2022/11/18 17:05:04
月間,202211,策定,阿南紀北直流幹線,2022/12/07,昼間帯,逆方向,-1400,-1400,0,0,0,0,-1400,熱容量,0,0,0,0,2022/11/18 17:05:04
月間,202211,策定,阿南紀北直流幹線,2022/12/07,夜間帯,順方向,0,0,0,0,0,0,1400,熱容量,0,0,0,0,2022/11/18 17:05:04
月間,202211,策定,阿南紀北直流幹線,2022/12/07,夜間帯,逆方向,-1400,-1400,0,0,0,0,-1400,熱容量,0,0,0,0,2022/11/18 17:05:04
月間,202210,策定,阿南紀北直流幹線,2022/12/08,昼間帯,順方向,0,0,0,0,0,0,1400,熱容量,0,0,0,0,2022/10/20 17:05:04
月間,202210,策定,阿南紀北直流幹線,2022/12/08,昼間帯,逆方向,-1400,-1400,0,0,0,0,-1400,熱容量,0,0,0,0,2022/10/20 17:05:04
月間,202210,策定,阿南紀北直流幹線,2022/12/08,夜間帯,順方向,0,0,0,0,0,0,1400,熱容量,0,0,0,0,2022/10/20 17:05:04
月間,202210,策定,阿南紀北直流幹線,2022/12/08,夜間帯,逆方向,-1400,-1400,0,0,0,0,-1400,熱容量,0,0,0,0,2022/10/20 17:05:04
月間,202211,策定,阿南紀北直流幹線,2022/12/08,昼間帯,順方向,0,0,0,0,0,0,1400,熱容量,0,0,0,0,2022/11/18 17:05:04
月間,202211,策定,阿南紀北直流幹線,2022/12/08,昼間帯,逆方向,-1400,-1400,0,0,0,0,-1400,熱容量,0,0,0,0,2022/11/18 17:05:04
月間,202211,策定,阿南紀北直流幹線,2022/12/08,夜間帯,順方向,0,0,0,0,0,0,1400,熱容量,0,0,0,0,2022/11/18 17:05:04
月間,202211,策定,阿南紀北直流幹線,2022/12/08,夜間帯,逆方向,-1400,-1400,0,0,0,0,-1400,熱容量,0,0,0,0,2022/11/18 17:05:04
月間,202210,策定,阿南紀北直流幹線,2022/12/09,昼間帯,順方向,0,0,0,0,0,0,1400,熱容量,0,0,0,0,2022/10/20 17:05:04
月間,202210,策定,阿南紀北直流幹線,2022/12/09,昼間帯,逆方向,-1400,-1400,0,0,0,0,-1400,熱容量,0,0,0,0,2022/10/20 17:05:04
月間,202210,策定,阿南紀北直流幹線,2022/12/09,夜間帯,順方向,0,0,0,0,0,0,1400,熱容量,0,0,0,0,2022/10/20 17:05:04
月間,202210,策定,阿南紀北直流幹線,2022/12/09,夜間帯,逆方向,-1400,-1400,0,0,0,0,-1400,熱容量,0,0,0,0,2022/10/20 17:05:04
月間,202211,策定,阿南紀北直流幹線,2022/12/09,昼間帯,順方向,0,0,0,0,0,0,1400,熱容量,0,0,0,0,2022/11/18 17:05:04
月間,202211,策定,阿南紀北直流幹線,2022/12/09,昼間帯,逆方向,-1400,-1400,0,0,0,0,-1400,熱容量,0,0,0,0,2022/11/18 17:05:04
月間,202211,策定,阿南紀北直流幹線,2022/12/09,夜間帯,順方向,0,0,0,0,0,0,1400,熱容量,0,0,0,0,2022/11/18 17:05:04
月間,202211,策定,阿南紀北直流幹線,2022/12/09,夜間帯,逆方向,-1400,-1400,0,0,0,0,-1400,熱容量,0,0,0,0,2022/11/18 17:05:04
月間,202210,策定,阿南紀北直流幹線,2022/12/10,昼間帯,順方向,0,0,0,0,0,0,1400,熱容量,0,0,0,0,2022/10/20 17:05:04
月間,202210,策定,阿南紀北直流幹線,2022/12/10,昼間帯,逆方向,-1400,-1400,0,0,0,0,-1400,熱容量,0,0,0,0,2022/10/20 17:05:04
月間,202210,策定,阿南紀北直流幹線,2022/12/10,夜間帯,順方向,0,0,0,0,0,0,1400,熱容量,0,0,0,0,2022/10/20 17:05:04
月間,202210,策定,阿南紀北直流幹線,2022/12/10,夜間帯,逆方向,-1400,-1400,0,0,0,0,-1400,熱容量,0,0,0,0,2022/10/20 17:05:04
月間,202211,策定,阿南紀北直流幹線,2022/12/10,昼間帯,順方向,0,0,0,0,0,0,1400,熱容量,0,0,0,0,2022/11/18 17:05:04
月間,202211,策定,阿南紀北直流幹線,2022/12/10,昼間帯,逆方向,-1400,-1400,0,0,0,0,-1400,熱容量,0,0,0,0,2022/11/18 17:05:04
月間,202211,策定,阿南紀北直流幹線,2022/12/10,夜間帯,順方向,0,0,0,0,0,0,1400,熱容量,0,0,0,0,2022/11/18 17:05:04
月間,202211,策定,阿南紀北直流幹線,2022/12/10,夜間帯,逆方向,-1400,-1400,0,0,0,0,-1400,熱容量,0,0,0,0,2022/11/18 17:05:04
月間,202210,策定,阿南紀北直流幹線,2022/12/11,昼間帯,順方向,0,0,0,0,0,0,1400,熱容量,0,0,0,0,2022/10/20 17:05:04
月間,202210,策定,阿南紀北直流幹線,2022/12/11,昼間帯,逆方向,-1400,-1400,0,0,0,0,-1400,熱容量,0,0,0,0,2022/10/20 17:05:04
月間,202210,策定,阿南紀北直流幹線,2022/12/11,夜間帯,順方向,0,0,0,0,0,0,1400,熱容量,0,0,0,0,2022/10/20 17:05:04
月間,202210,策定,阿南紀北直流幹線,2022/12/11,夜間帯,逆方向,-1400,-1400,0,0,0,0,-1400,熱容量,0,0,0,0,2022/10/20 17:05:04
月間,202211,策定,阿南紀北直流幹線,2022/12/11,昼間帯,順方向,0,0,0,0,0,0,1400,熱容量,0,0,0,0,2022/11/18 17:05:04
月間,202211,策定,阿南紀北直流幹線,2022/12/11,昼間帯,逆方向,-1400,-1400,0,0,0,0,-1400,熱容量,0,0,0,0,2022/11/18 17:05:04
月間,202211,策定,阿南紀北直流幹線,2022/12/11,夜間帯,順方向,0,0,0,0,0,0,1400,熱容量,0,0,0,0,2022/11/18 17:05:04
月間,202211,策定,阿南紀北直流幹線,2022/12/11,夜間帯,逆方向,-1400,-1400,0,0,0,0,-1400,熱容量,0,0,0,0,2022/11/18 17:05:04
月間,202210,策定,阿南紀北直流幹線,2022/12/12,昼間帯,順方向,0,0,0,0,0,0,1400,熱容量,0,0,0,0,2022/10/20 17:05:04
月間,202210,策定,阿南紀北直流幹線,2022/12/12,昼間帯,逆方向,-1400,-1400,0,0,0,0,-1400,熱容量,0,0,0,0,2022/10/20 17:05:04
月間,202210,策定,阿南紀北直流幹線,2022/12/12,夜間帯,順方向,0,0,0,0,0,0,1400,熱容量,0,0,0,0,2022/10/20 17:05:04
月間,202210,策定,阿南紀北直流幹線,2022/12/12,夜間帯,逆方向,-1400,-1400,0,0,0,0,-1400,熱容量,0,0,0,0,2022/10/20 17:05:04
月間,202211,策定,阿南紀北直流幹線,2022/12/12,昼間帯,順方向,0,0,0,0,0,0,1400,熱容量,0,0,0,0,2022/11/18 17:05:04
月間,202211,策定,阿南紀北直流幹線,2022/12/12,昼間帯,逆方向,-1400,-1400,0,0,0,0,-1400,熱容量,0,0,0,0,2022/11/18 17:05:04
月間,202211,策定,阿南紀北直流幹線,2022/12/12,夜間帯,順方向,0,0,0,0,0,0,1400,熱容量,0,0,0,0,2022/11/18 17:05:04
月間,202211,策定,阿南紀北直流幹線,2022/12/12,夜間帯,逆方向,-1400,-1400,0,0,0,0,-1400,熱容量,0,0,0,0,2022/11/18 17:05:04
月間,202210,策定,阿南紀北直流幹線,2022/12/13,昼間帯,順方向,0,0,0,0,0,0,1400,熱容量,0,0,0,0,2022/10/20 17:05:04
月間,202210,策定,阿南紀北直流幹線,2022/12/13,昼間帯,逆方向,-1400,-1400,0,0,0,0,-1400,熱容量,0,0,0,0,2022/10/20 17:05:04
月間,202210,策定,阿南紀北直流幹線,2022/12/13,夜間帯,順方向,0,0,0,0,0,0,1400,熱容量,0,0,0,0,2022/10/20 17:05:04
月間,202210,策定,阿南紀北直流幹線,2022/12/13,夜間帯,逆方向,-1400,-1400,0,0,0,0,-1400,熱容量,0,0,0,0,2022/10/20 17:05:04
月間,202211,策定,阿南紀北直流幹線,2022/12/13,昼間帯,順方向,0,0,0,0,0,0,1400,熱容量,0,0,0,0,2022/11/18 17:05:04
月間,202211,策定,阿南紀北直流幹線,2022/12/13,昼間帯,逆方向,-1400,-1400,0,0,0,0,-1400,熱容量,0,0,0,0,2022/11/18 17:05:04
月間,202211,策定,阿南紀北直流幹線,2022/12/13,夜間帯,順方向,0,0,0,0,0,0,1400,熱容量,0,0,0,0,2022/11/18 17:05:04
月間,202211,策定,阿南紀北直流幹線,2022/12/13,夜間帯,逆方向,-1400,-1400,0,0,0,0,-1400,熱容量,0,0,0,0,2022/11/18 17:05:04
月間,202210,策定,阿南紀北直流幹線,2022/12/14,昼間帯,順方向,0,0,0,0,0,0,1400,熱容量,0,0,0,0,2022/10/20 17:05:04
月間,202210,策定,阿南紀北直流幹線,2022/12/14,昼間帯,逆方向,-1400,-1400,0,0,0,0,-1400,熱容量,0,0,0,0,2022/10/20 17:05:04
月間,202210,策定,阿南紀北直流幹線,2022/12/14,夜間帯,順方向,0,0,0,0,0,0,1400,熱容量,0,0,0,0,2022/10/20 17:05:04
月間,202210,策定,阿南紀北直流幹線,2022/12/14,夜間帯,逆方向,-1400,-1400,0,0,0,0,-1400,熱容量,0,0,0,0,2022/10/20 17:05:04
月間,202211,策定,阿南紀北直流幹線,2022/12/14,昼間帯,順方向,0,0,0,0,0,0,1400,熱容量,0,0,0,0,2022/11/18 17:05:04
月間,202211,策定,阿南紀北直流幹線,2022/12/14,昼間帯,逆方向,-1400,-1400,0,0,0,0,-1400,熱容量,0,0,0,0,2022/11/18 17:05:04
月間,202211,策定,阿南紀北直流幹線,2022/12/14,夜間帯,順方向,0,0,0,0,0,0,1400,熱容量,0,0,0,0,2022/11/18 17:05:04
月間,202211,策定,阿南紀北直流幹線,2022/12/14,夜間帯,逆方向,-1400,-1400,0,0,0,0,-1400,熱容量,0,0,0,0,2022/11/18 17:05:04
月間,202210,策定,阿南紀北直流幹線,2022/12/15,昼間帯,順方向,0,0,0,0,0,0,1400,熱容量,0,0,0,0,2022/10/20 17:05:04
月間,202210,策定,阿南紀北直流幹線,2022/12/15,昼間帯,逆方向,-1400,-1400,0,0,0,0,-1400,熱容量,0,0,0,0,2022/10/20 17:05:04
月間,202210,策定,阿南紀北直流幹線,2022/12/15,夜間帯,順方向,0,0,0,0,0,0,1400,熱容量,0,0,0,0,2022/10/20 17:05:04
月間,202210,策定,阿南紀北直流幹線,2022/12/15,夜間帯,逆方向,-1400,-1400,0,0,0,0,-1400,熱容量,0,0,0,0,2022/10/20 17:05:04
月間,202211,策定,阿南紀北直流幹線,2022/12/15,昼間帯,順方向,0,0,0,0,0,0,1400,熱容量,0,0,0,0,2022/11/18 17:05:04
月間,202211,策定,阿南紀北直流幹線,2022/12/15,昼間帯,逆方向,-1400,-1400,0,0,0,0,-1400,熱容量,0,0,0,0,2022/11/18 17:05:04
月間,202211,策定,阿南紀北直流幹線,2022/12/15,夜間帯,順方向,0,0,0,0,0,0,1400,熱容量,0,0,0,0,2022/11/18 17:05:04
月間,202211,策定,阿南紀北直流幹線,2022/12/15,夜間帯,逆方向,-1400,-1400,0,0,0,0,-1400,熱容量,0,0,0,0,2022/11/18 17:05:04
月間,202210,策定,阿南紀北直流幹線,2022/12/16,昼間帯,順方向,0,0,0,0,0,0,1400,熱容量,0,0,0,0,2022/10/20 17:05:04
月間,202210,策定,阿南紀北直流幹線,2022/12/16,昼間帯,逆方向,-1400,-1400,0,0,0,0,-1400,熱容量,0,0,0,0,2022/10/20 17:05:04
月間,202210,策定,阿南紀北直流幹線,2022/12/16,夜間帯,順方向,0,0,0,0,0,0,1400,熱容量,0,0,0,0,2022/10/20 17:05:04
月間,202210,策定,阿南紀北直流幹線,2022/12/16,夜間帯,逆方向,-1400,-1400,0,0,0,0,-1400,熱容量,0,0,0,0,2022/10/20 17:05:04
月間,202211,策定,阿南紀北直流幹線,2022/12/16,昼間帯,順方向,0,0,0,0,0,0,1400,熱容量,0,0,0,0,2022/11/18 17:05:04
月間,202211,策定,阿南紀北直流幹線,2022/12/16,昼間帯,逆方向,-1400,-1400,0,0,0,0,-1400,熱容量,0,0,0,0,2022/11/18 17:05:04
月間,202211,策定,阿南紀北直流幹線,2022/12/16,夜間帯,順方向,0,0,0,0,0,0,1400,熱容量,0,0,0,0,2022/11/18 17:05:04
月間,202211,策定,阿南紀北直流幹線,2022/12/16,夜間帯,逆方向,-1400,-1400,0,0,0,0,-1400,熱容量,0,0,0,0,2022/11/18 17:05:04
月間,202210,策定,阿南紀北直流幹線,2022/12/17,昼間帯,順方向,0,0,0,0,0,0,1400,熱容量,0,0,0,0,2022/10/20 17:05:04
月間,202210,策定,阿南紀北直流幹線,2022/12/17,昼間帯,逆方向,-1400,-1400,0,0,0,0,-1400,熱容量,0,0,0,0,2022/10/20 17:05:04
月間,202210,策定,阿南紀北直流幹線,2022/12/17,夜間帯,順方向,0,0,0,0,0,0,1400,熱容量,0,0,0,0,2022/10/20 17:05:04
月間,202210,策定,阿南紀北直流幹線,2022/12/17,夜間帯,逆方向,-1400,-1400,0,0,0,0,-1400,熱容量,0,0,0,0,2022/10/20 17:05:04
月間,202211,策定,阿南紀北直流幹線,2022/12/17,昼間帯,順方向,0,0,0,0,0,0,1400,熱容量,0,0,0,0,2022/11/18 17:05:04
月間,202211,策定,阿南紀北直流幹線,2022/12/17,昼間帯,逆方向,-1400,-1400,0,0,0,0,-1400,熱容量,0,0,0,0,2022/11/18 17:05:04
月間,202211,策定,阿南紀北直流幹線,2022/12/17,夜間帯,順方向,0,0,0,0,0,0,1400,熱容量,0,0,0,0,2022/11/18 17:05:04
月間,202211,策定,阿南紀北直流幹線,2022/12/17,夜間帯,逆方向,-1400,-1400,0,0,0,0,-1400,熱容量,0,0,0,0,2022/11/18 17:05:04
月間,202210,策定,阿南紀北直流幹線,2022/12/18,昼間帯,順方向,0,0,0,0,0,0,1400,熱容量,0,0,0,0,2022/10/20 17:05:04
月間,202210,策定,阿南紀北直流幹線,2022/12/18,昼間帯,逆方向,-1400,-1400,0,0,0,0,-1400,熱容量,0,0,0,0,2022/10/20 17:05:04
月間,202210,策定,阿南紀北直流幹線,2022/12/18,夜間帯,順方向,0,0,0,0,0,0,1400,熱容量,0,0,0,0,2022/10/20 17:05:04
月間,202210,策定,阿南紀北直流幹線,2022/12/18,夜間帯,逆方向,-1400,-1400,0,0,0,0,-1400,熱容量,0,0,0,0,2022/10/20 17:05:04
月間,202211,策定,阿南紀北直流幹線,2022/12/18,昼間帯,順方向,0,0,0,0,0,0,1400,熱容量,0,0,0,0,2022/11/18 17:05:04
月間,202211,策定,阿南紀北直流幹線,2022/12/18,昼間帯,逆方向,-1400,-1400,0,0,0,0,-1400,熱容量,0,0,0,0,2022/11/18 17:05:04
月間,202211,策定,阿南紀北直流幹線,2022/12/18,夜間帯,順方向,0,0,0,0,0,0,1400,熱容量,0,0,0,0,2022/11/18 17:05:04
月間,202211,策定,阿南紀北直流幹線,2022/12/18,夜間帯,逆方向,-1400,-1400,0,0,0,0,-1400,熱容量,0,0,0,0,2022/11/18 17:05:04
月間,202210,策定,阿南紀北直流幹線,2022/12/19,昼間帯,順方向,0,0,0,0,0,0,1400,熱容量,0,0,0,0,2022/10/20 17:05:04
月間,202210,策定,阿南紀北直流幹線,2022/12/19,昼間帯,逆方向,-1400,-1400,0,0,0,0,-1400,熱容量,0,0,0,0,2022/10/20 17:05:04
月間,202210,策定,阿南紀北直流幹線,2022/12/19,夜間帯,順方向,0,0,0,0,0,0,1400,熱容量,0,0,0,0,2022/10/20 17:05:04
月間,202210,策定,阿南紀北直流幹線,2022/12/19,夜間帯,逆方向,-1400,-1400,0,0,0,0,-1400,熱容量,0,0,0,0,2022/10/20 17:05:04
月間,202211,策定,阿南紀北直流幹線,2022/12/19,昼間帯,順方向,0,0,0,0,0,0,1400,熱容量,0,0,0,0,2022/11/18 17:05:04
月間,202211,策定,阿南紀北直流幹線,2022/12/19,昼間帯,逆方向,-1400,-1400,0,0,0,0,-1400,熱容量,0,0,0,0,2022/11/18 17:05:04
月間,202211,策定,阿南紀北直流幹線,2022/12/19,夜間帯,順方向,0,0,0,0,0,0,1400,熱容量,0,0,0,0,2022/11/18 17:05:04
月間,202211,策定,阿南紀北直流幹線,2022/12/19,夜間帯,逆方向,-1400,-1400,0,0,0,0,-1400,熱容量,0,0,0,0,2022/11/18 17:05:04
月間,202210,策定,阿南紀北直流幹線,2022/12/20,昼間帯,順方向,0,0,0,0,0,0,1400,熱容量,0,0,0,0,2022/10/20 17:05:04
月間,202210,策定,阿南紀北直流幹線,2022/12/20,昼間帯,逆方向,-1400,-1400,0,0,0,0,-1400,熱容量,0,0,0,0,2022/10/20 17:05:04
月間,202210,策定,阿南紀北直流幹線,2022/12/20,夜間帯,順方向,0,0,0,0,0,0,1400,熱容量,0,0,0,0,2022/10/20 17:05:04
月間,202210,策定,阿南紀北直流幹線,2022/12/20,夜間帯,逆方向,-1400,-1400,0,0,0,0,-1400,熱容量,0,0,0,0,2022/10/20 17:05:04
月間,202211,策定,阿南紀北直流幹線,2022/12/20,昼間帯,順方向,0,0,0,0,0,0,1400,熱容量,0,0,0,0,2022/11/18 17:05:04
月間,202211,策定,阿南紀北直流幹線,2022/12/20,昼間帯,逆方向,-1400,-1400,0,0,0,0,-1400,熱容量,0,0,0,0,2022/11/18 17:05:04
月間,202211,策定,阿南紀北直流幹線,2022/12/20,夜間帯,順方向,0,0,0,0,0,0,1400,熱容量,0,0,0,0,2022/11/18 17:05:04
月間,202211,策定,阿南紀北直流幹線,2022/12/20,夜間帯,逆方向,-1400,-1400,0,0,0,0,-1400,熱容量,0,0,0,0,2022/11/18 17:05:04
月間,202210,策定,阿南紀北直流幹線,2022/12/21,昼間帯,順方向,0,0,0,0,0,0,1400,熱容量,0,0,0,0,2022/10/20 17:05:04
月間,202210,策定,阿南紀北直流幹線,2022/12/21,昼間帯,逆方向,-1400,-1400,0,0,0,0,-1400,熱容量,0,0,0,0,2022/10/20 17:05:04
月間,202210,策定,阿南紀北直流幹線,2022/12/21,夜間帯,順方向,0,0,0,0,0,0,1400,熱容量,0,0,0,0,2022/10/20 17:05:04
月間,202210,策定,阿南紀北直流幹線,2022/12/21,夜間帯,逆方向,-1400,-1400,0,0,0,0,-1400,熱容量,0,0,0,0,2022/10/20 17:05:04
月間,202211,策定,阿南紀北直流幹線,2022/12/21,昼間帯,順方向,0,0,0,0,0,0,1400,熱容量,0,0,0,0,2022/11/18 17:05:04
月間,202211,策定,阿南紀北直流幹線,2022/12/21,昼間帯,逆方向,-1400,-1400,0,0,0,0,-1400,熱容量,0,0,0,0,2022/11/18 17:05:04
月間,202211,策定,阿南紀北直流幹線,2022/12/21,夜間帯,順方向,0,0,0,0,0,0,1400,熱容量,0,0,0,0,2022/11/18 17:05:04
月間,202211,策定,阿南紀北直流幹線,2022/12/21,夜間帯,逆方向,-1400,-1400,0,0,0,0,-1400,熱容量,0,0,0,0,2022/11/18 17:05:04
月間,202210,策定,阿南紀北直流幹線,2022/12/22,昼間帯,順方向,0,0,0,0,0,0,1400,熱容量,0,0,0,0,2022/10/20 17:05:04
月間,202210,策定,阿南紀北直流幹線,2022/12/22,昼間帯,逆方向,-1400,-1400,0,0,0,0,-1400,熱容量,0,0,0,0,2022/10/20 17:05:04
月間,202210,策定,阿南紀北直流幹線,2022/12/22,夜間帯,順方向,0,0,0,0,0,0,1400,熱容量,0,0,0,0,2022/10/20 17:05:04
月間,202210,策定,阿南紀北直流幹線,2022/12/22,夜間帯,逆方向,-1400,-1400,0,0,0,0,-1400,熱容量,0,0,0,0,2022/10/20 17:05:04
月間,202211,策定,阿南紀北直流幹線,2022/12/22,昼間帯,順方向,0,0,0,0,0,0,1400,熱容量,0,0,0,0,2022/11/18 17:05:04
月間,202211,策定,阿南紀北直流幹線,2022/12/22,昼間帯,逆方向,-1400,-1400,0,0,0,0,-1400,熱容量,0,0,0,0,2022/11/18 17:05:04
月間,202211,策定,阿南紀北直流幹線,2022/12/22,夜間帯,順方向,0,0,0,0,0,0,1400,熱容量,0,0,0,0,2022/11/18 17:05:04
月間,202211,策定,阿南紀北直流幹線,2022/12/22,夜間帯,逆方向,-1400,-1400,0,0,0,0,-1400,熱容量,0,0,0,0,2022/11/18 17:05:04
月間,202210,策定,阿南紀北直流幹線,2022/12/23,昼間帯,順方向,0,0,0,0,0,0,1400,熱容量,0,0,0,0,2022/10/20 17:05:04
月間,202210,策定,阿南紀北直流幹線,2022/12/23,昼間帯,逆方向,-1400,-1400,0,0,0,0,-1400,熱容量,0,0,0,0,2022/10/20 17:05:04
月間,202210,策定,阿南紀北直流幹線,2022/12/23,夜間帯,順方向,0,0,0,0,0,0,1400,熱容量,0,0,0,0,2022/10/20 17:05:04
月間,202210,策定,阿南紀北直流幹線,2022/12/23,夜間帯,逆方向,-1400,-1400,0,0,0,0,-1400,熱容量,0,0,0,0,2022/10/20 17:05:04
月間,202211,策定,阿南紀北直流幹線,2022/12/23,昼間帯,順方向,0,0,0,0,0,0,1400,熱容量,0,0,0,0,2022/11/18 17:05:04
月間,202211,策定,阿南紀北直流幹線,2022/12/23,昼間帯,逆方向,-1400,-1400,0,0,0,0,-1400,熱容量,0,0,0,0,2022/11/18 17:05:04
月間,202211,策定,阿南紀北直流幹線,2022/12/23,夜間帯,順方向,0,0,0,0,0,0,1400,熱容量,0,0,0,0,2022/11/18 17:05:04
月間,202211,策定,阿南紀北直流幹線,2022/12/23,夜間帯,逆方向,-1400,-1400,0,0,0,0,-1400,熱容量,0,0,0,0,2022/11/18 17:05:04
月間,202210,策定,阿南紀北直流幹線,2022/12/24,昼間帯,順方向,0,0,0,0,0,0,1400,熱容量,0,0,0,0,2022/10/20 17:05:04
月間,202210,策定,阿南紀北直流幹線,2022/12/24,昼間帯,逆方向,-1400,-1400,0,0,0,0,-1400,熱容量,0,0,0,0,2022/10/20 17:05:04
月間,202210,策定,阿南紀北直流幹線,2022/12/24,夜間帯,順方向,0,0,0,0,0,0,1400,熱容量,0,0,0,0,2022/10/20 17:05:04
月間,202210,策定,阿南紀北直流幹線,2022/12/24,夜間帯,逆方向,-1400,-1400,0,0,0,0,-1400,熱容量,0,0,0,0,2022/10/20 17:05:04
月間,202211,策定,阿南紀北直流幹線,2022/12/24,昼間帯,順方向,0,0,0,0,0,0,1400,熱容量,0,0,0,0,2022/11/18 17:05:04
月間,202211,策定,阿南紀北直流幹線,2022/12/24,昼間帯,逆方向,-1400,-1400,0,0,0,0,-1400,熱容量,0,0,0,0,2022/11/18 17:05:04
月間,202211,策定,阿南紀北直流幹線,2022/12/24,夜間帯,順方向,0,0,0,0,0,0,1400,熱容量,0,0,0,0,2022/11/18 17:05:04
月間,202211,策定,阿南紀北直流幹線,2022/12/24,夜間帯,逆方向,-1400,-1400,0,0,0,0,-1400,熱容量,0,0,0,0,2022/11/18 17:05:04
月間,202210,策定,阿南紀北直流幹線,2022/12/25,昼間帯,順方向,0,0,0,0,0,0,1400,熱容量,0,0,0,0,2022/10/20 17:05:04
月間,202210,策定,阿南紀北直流幹線,2022/12/25,昼間帯,逆方向,-1400,-1400,0,0,0,0,-1400,熱容量,0,0,0,0,2022/10/20 17:05:04
月間,202210,策定,阿南紀北直流幹線,2022/12/25,夜間帯,順方向,0,0,0,0,0,0,1400,熱容量,0,0,0,0,2022/10/20 17:05:04
月間,202210,策定,阿南紀北直流幹線,2022/12/25,夜間帯,逆方向,-1400,-1400,0,0,0,0,-1400,熱容量,0,0,0,0,2022/10/20 17:05:04
月間,202211,策定,阿南紀北直流幹線,2022/12/25,昼間帯,順方向,0,0,0,0,0,0,1400,熱容量,0,0,0,0,2022/11/18 17:05:04
月間,202211,策定,阿南紀北直流幹線,2022/12/25,昼間帯,逆方向,-1400,-1400,0,0,0,0,-1400,熱容量,0,0,0,0,2022/11/18 17:05:04
月間,202211,策定,阿南紀北直流幹線,2022/12/25,夜間帯,順方向,0,0,0,0,0,0,1400,熱容量,0,0,0,0,2022/11/18 17:05:04
月間,202211,策定,阿南紀北直流幹線,2022/12/25,夜間帯,逆方向,-1400,-1400,0,0,0,0,-1400,熱容量,0,0,0,0,2022/11/18 17:05:04
月間,202210,策定,阿南紀北直流幹線,2022/12/26,昼間帯,順方向,0,0,0,0,0,0,1400,熱容量,0,0,0,0,2022/10/20 17:05:04
月間,202210,策定,阿南紀北直流幹線,2022/12/26,昼間帯,逆方向,-1400,-1400,0,0,0,0,-1400,熱容量,0,0,0,0,2022/10/20 17:05:04
月間,202210,策定,阿南紀北直流幹線,2022/12/26,夜間帯,順方向,0,0,0,0,0,0,1400,熱容量,0,0,0,0,2022/10/20 17:05:04
月間,202210,策定,阿南紀北直流幹線,2022/12/26,夜間帯,逆方向,-1400,-1400,0,0,0,0,-1400,熱容量,0,0,0,0,2022/10/20 17:05:04
月間,202211,策定,阿南紀北直流幹線,2022/12/26,昼間帯,順方向,0,0,0,0,0,0,1400,熱容量,0,0,0,0,2022/11/18 17:05:04
月間,202211,策定,阿南紀北直流幹線,2022/12/26,昼間帯,逆方向,-1400,-1400,0,0,0,0,-1400,熱容量,0,0,0,0,2022/11/18 17:05:04
月間,202211,策定,阿南紀北直流幹線,2022/12/26,夜間帯,順方向,0,0,0,0,0,0,1400,熱容量,0,0,0,0,2022/11/18 17:05:04
月間,202211,策定,阿南紀北直流幹線,2022/12/26,夜間帯,逆方向,-1400,-1400,0,0,0,0,-1400,熱容量,0,0,0,0,2022/11/18 17:05:04
月間,202210,策定,阿南紀北直流幹線,2022/12/27,昼間帯,順方向,0,0,0,0,0,0,1400,熱容量,0,0,0,0,2022/10/20 17:05:04
月間,202210,策定,阿南紀北直流幹線,2022/12/27,昼間帯,逆方向,-1400,-1400,0,0,0,0,-1400,熱容量,0,0,0,0,2022/10/20 17:05:04
月間,202210,策定,阿南紀北直流幹線,2022/12/27,夜間帯,順方向,0,0,0,0,0,0,1400,熱容量,0,0,0,0,2022/10/20 17:05:04
月間,202210,策定,阿南紀北直流幹線,2022/12/27,夜間帯,逆方向,-1400,-1400,0,0,0,0,-1400,熱容量,0,0,0,0,2022/10/20 17:05:04
月間,202211,策定,阿南紀北直流幹線,2022/12/27,昼間帯,順方向,0,0,0,0,0,0,1400,熱容量,0,0,0,0,2022/11/18 17:05:04
月間,202211,策定,阿南紀北直流幹線,2022/12/27,昼間帯,逆方向,-1400,-1400,0,0,0,0,-1400,熱容量,0,0,0,0,2022/11/18 17:05:04
月間,202211,策定,阿南紀北直流幹線,2022/12/27,夜間帯,順方向,0,0,0,0,0,0,1400,熱容量,0,0,0,0,2022/11/18 17:05:04
月間,202211,策定,阿南紀北直流幹線,2022/12/27,夜間帯,逆方向,-1400,-1400,0,0,0,0,-1400,熱容量,0,0,0,0,2022/11/18 17:05:04
月間,202210,策定,阿南紀北直流幹線,2022/12/28,昼間帯,順方向,0,0,0,0,0,0,1400,熱容量,0,0,0,0,2022/10/20 17:05:04
月間,202210,策定,阿南紀北直流幹線,2022/12/28,昼間帯,逆方向,-1400,-1400,0,0,0,0,-1400,熱容量,0,0,0,0,2022/10/20 17:05:04
月間,202210,策定,阿南紀北直流幹線,2022/12/28,夜間帯,順方向,0,0,0,0,0,0,1400,熱容量,0,0,0,0,2022/10/20 17:05:04
月間,202210,策定,阿南紀北直流幹線,2022/12/28,夜間帯,逆方向,-1400,-1400,0,0,0,0,-1400,熱容量,0,0,0,0,2022/10/20 17:05:04
月間,202211,策定,阿南紀北直流幹線,2022/12/28,昼間帯,順方向,0,0,0,0,0,0,1400,熱容量,0,0,0,0,2022/11/18 17:05:04
月間,202211,策定,阿南紀北直流幹線,2022/12/28,昼間帯,逆方向,-1400,-1400,0,0,0,0,-1400,熱容量,0,0,0,0,2022/11/18 17:05:04
月間,202211,策定,阿南紀北直流幹線,2022/12/28,夜間帯,順方向,0,0,0,0,0,0,1400,熱容量,0,0,0,0,2022/11/18 17:05:04
月間,202211,策定,阿南紀北直流幹線,2022/12/28,夜間帯,逆方向,-1400,-1400,0,0,0,0,-1400,熱容量,0,0,0,0,2022/11/18 17:05:04
月間,202210,策定,阿南紀北直流幹線,2022/12/29,昼間帯,順方向,0,0,0,0,0,0,1400,熱容量,0,0,0,0,2022/10/20 17:05:04
月間,202210,策定,阿南紀北直流幹線,2022/12/29,昼間帯,逆方向,-1400,-1400,0,0,0,0,-1400,熱容量,0,0,0,0,2022/10/20 17:05:04
月間,202210,策定,阿南紀北直流幹線,2022/12/29,夜間帯,順方向,0,0,0,0,0,0,1400,熱容量,0,0,0,0,2022/10/20 17:05:04
月間,202210,策定,阿南紀北直流幹線,2022/12/29,夜間帯,逆方向,-1400,-1400,0,0,0,0,-1400,熱容量,0,0,0,0,2022/10/20 17:05:04
月間,202211,策定,阿南紀北直流幹線,2022/12/29,昼間帯,順方向,0,0,0,0,0,0,1400,熱容量,0,0,0,0,2022/11/18 17:05:04
月間,202211,策定,阿南紀北直流幹線,2022/12/29,昼間帯,逆方向,-1400,-1400,0,0,0,0,-1400,熱容量,0,0,0,0,2022/11/18 17:05:04
月間,202211,策定,阿南紀北直流幹線,2022/12/29,夜間帯,順方向,0,0,0,0,0,0,1400,熱容量,0,0,0,0,2022/11/18 17:05:04
月間,202211,策定,阿南紀北直流幹線,2022/12/29,夜間帯,逆方向,-1400,-1400,0,0,0,0,-1400,熱容量,0,0,0,0,2022/11/18 17:05:04
月間,202210,策定,阿南紀北直流幹線,2022/12/30,昼間帯,順方向,0,0,0,0,0,0,1400,熱容量,0,0,0,0,2022/10/20 17:05:04
月間,202210,策定,阿南紀北直流幹線,2022/12/30,昼間帯,逆方向,-1400,-1400,0,0,0,0,-1400,熱容量,0,0,0,0,2022/10/20 17:05:04
月間,202210,策定,阿南紀北直流幹線,2022/12/30,夜間帯,順方向,0,0,0,0,0,0,1400,熱容量,0,0,0,0,2022/10/20 17:05:04
月間,202210,策定,阿南紀北直流幹線,2022/12/30,夜間帯,逆方向,-1400,-1400,0,0,0,0,-1400,熱容量,0,0,0,0,2022/10/20 17:05:04
月間,202211,策定,阿南紀北直流幹線,2022/12/30,昼間帯,順方向,0,0,0,0,0,0,1400,熱容量,0,0,0,0,2022/11/18 17:05:04
月間,202211,策定,阿南紀北直流幹線,2022/12/30,昼間帯,逆方向,-1400,-1400,0,0,0,0,-1400,熱容量,0,0,0,0,2022/11/18 17:05:04
月間,202211,策定,阿南紀北直流幹線,2022/12/30,夜間帯,順方向,0,0,0,0,0,0,1400,熱容量,0,0,0,0,2022/11/18 17:05:04
月間,202211,策定,阿南紀北直流幹線,2022/12/30,夜間帯,逆方向,-1400,-1400,0,0,0,0,-1400,熱容量,0,0,0,0,2022/11/18 17:05:04
月間,202210,策定,阿南紀北直流幹線,2022/12/31,昼間帯,順方向,0,0,0,0,0,0,1400,熱容量,0,0,0,0,2022/10/20 17:05:04
月間,202210,策定,阿南紀北直流幹線,2022/12/31,昼間帯,逆方向,-1400,-1400,0,0,0,0,-1400,熱容量,0,0,0,0,2022/10/20 17:05:04
月間,202210,策定,阿南紀北直流幹線,2022/12/31,夜間帯,順方向,0,0,0,0,0,0,1400,熱容量,0,0,0,0,2022/10/20 17:05:04
月間,202210,策定,阿南紀北直流幹線,2022/12/31,夜間帯,逆方向,-1400,-1400,0,0,0,0,-1400,熱容量,0,0,0,0,2022/10/20 17:05:04
月間,202211,策定,阿南紀北直流幹線,2022/12/31,昼間帯,順方向,0,0,0,0,0,0,1400,熱容量,0,0,0,0,2022/11/18 17:05:04
月間,202211,策定,阿南紀北直流幹線,2022/12/31,昼間帯,逆方向,-1400,-1400,0,0,0,0,-1400,熱容量,0,0,0,0,2022/11/18 17:05:04
月間,202211,策定,阿南紀北直流幹線,2022/12/31,夜間帯,順方向,0,0,0,0,0,0,1400,熱容量,0,0,0,0,2022/11/18 17:05:04
月間,202211,策定,阿南紀北直流幹線,2022/12/31,夜間帯,逆方向,-1400,-1400,0,0,0,0,-1400,熱容量,0,0,0,0,2022/11/18 17:05:04
月間,202209,策定,本四連系線,2022/11/01,昼間帯,順方向,1200,1200,0,0,0,0,1200,熱容量,0,0,0,0,2022/09/20 17:05:04
月間,202209,策定,本四連系線,2022/11/01,昼間帯,逆方向,-1200,-1200,0,0,0,0,-1200,熱容量,0,0,0,0,2022/09/20 17:05:04
月間,202209,策定,本四連系線,2022/11/01,夜間帯,順方向,1200,1200,0,0,0,0,1200,熱容量,0,0,0,0,2022/09/20 17:05:04
月間,202209,策定,本四連系線,2022/11/01,夜間帯,逆方向,-1200,-1200,0,0,0,0,-1200,熱容量,0,0,0,0,2022/09/20 17:05:04
月間,202209,策定,本四連系線,2022/11/02,昼間帯,順方向,1200,1200,0,0,0,0,1200,熱容量,0,0,0,0,2022/09/20 17:05:04
月間,202209,策定,本四連系線,2022/11/02,昼間帯,逆方向,-1200,-1200,0,0,0,0,-1200,熱容量,0,0,0,0,2022/09/20 17:05:04
月間,202209,策定,本四連系線,2022/11/02,夜間帯,順方向,1200,1200,0,0,0,0,1200,熱容量,0,0,0,0,2022/09/20 17:05:04
月間,202209,策定,本四連系線,2022/11/02,夜間帯,逆方向,-1200,-1200,0,0,0,0,-1200,熱容量,0,0,0,0,2022/09/20 17:05:04
月間,202209,策定,本四連系線,2022/11/03,昼間帯,順方向,1200,1200,0,0,0,0,1200,熱容量,0,0,0,0,2022/09/20 17:05:04
月間,202209,策定,本四連系線,2022/11/03,昼間帯,逆方向,-1200,-1200,0,0,0,0,-1200,熱容量,0,0,0,0,2022/09/20 17:05:04
月間,202209,策定,本四連系線,2022/11/03,夜間帯,順方向,1200,1200,0,0,0,0,1200,熱容量,0,0,0,0,2022/09/20 17:05:04
月間,202209,策定,本四連系線,2022/11/03,夜間帯,逆方向,-1200,-1200,0,0,0,0,-1200,熱容量,0,0,0,0,2022/09/20 17:05:04
月間,202209,策定,本四連系線,2022/11/04,昼間帯,順方向,1200,1200,0,0,0,0,1200,熱容量,0,0,0,0,2022/09/20 17:05:04
月間,202209,策定,本四連系線,2022/11/04,昼間帯,逆方向,-1200,-1200,0,0,0,0,-1200,熱容量,0,0,0,0,2022/09/20 17:05:04
月間,202209,策定,本四連系線,2022/11/04,夜間帯,順方向,1200,1200,0,0,0,0,1200,熱容量,0,0,0,0,2022/09/20 17:05:04
月間,202209,策定,本四連系線,2022/11/04,夜間帯,逆方向,-1200,-1200,0,0,0,0,-1200,熱容量,0,0,0,0,2022/09/20 17:05:04
月間,202209,策定,本四連系線,2022/11/05,昼間帯,順方向,1200,1200,0,0,0,0,1200,熱容量,0,0,0,0,2022/09/20 17:05:04
月間,202209,策定,本四連系線,2022/11/05,昼間帯,逆方向,-1200,-1200,0,0,0,0,-1200,熱容量,0,0,0,0,2022/09/20 17:05:04
月間,202209,策定,本四連系線,2022/11/05,夜間帯,順方向,1200,1200,0,0,0,0,1200,熱容量,0,0,0,0,2022/09/20 17:05:04
月間,202209,策定,本四連系線,2022/11/05,夜間帯,逆方向,-1200,-1200,0,0,0,0,-1200,熱容量,0,0,0,0,2022/09/20 17:05:04
月間,202210,策定,本四連系線,2022/11/05,昼間帯,順方向,1200,1200,0,0,0,0,1200,熱容量,0,0,0,0,2022/10/20 17:05:04
月間,202210,策定,本四連系線,2022/11/05,昼間帯,逆方向,-1200,-1200,0,0,0,0,-1200,熱容量,0,0,0,0,2022/10/20 17:05:04
月間,202210,策定,本四連系線,2022/11/05,夜間帯,順方向,1200,1200,0,0,0,0,1200,熱容量,0,0,0,0,2022/10/20 17:05:04
月間,202210,策定,本四連系線,2022/11/05,夜間帯,逆方向,-1200,-1200,0,0,0,0,-1200,熱容量,0,0,0,0,2022/10/20 17:05:04
月間,202209,策定,本四連系線,2022/11/06,昼間帯,順方向,1200,1200,0,0,0,0,1200,熱容量,0,0,0,0,2022/09/20 17:05:04
月間,202209,策定,本四連系線,2022/11/06,昼間帯,逆方向,-1200,-1200,0,0,0,0,-1200,熱容量,0,0,0,0,2022/09/20 17:05:04
月間,202209,策定,本四連系線,2022/11/06,夜間帯,順方向,1200,1200,0,0,0,0,1200,熱容量,0,0,0,0,2022/09/20 17:05:04
月間,202209,策定,本四連系線,2022/11/06,夜間帯,逆方向,-1200,-1200,0,0,0,0,-1200,熱容量,0,0,0,0,2022/09/20 17:05:04
月間,202210,策定,本四連系線,2022/11/06,昼間帯,順方向,1200,1200,0,0,0,0,1200,熱容量,0,0,0,0,2022/10/20 17:05:04
月間,202210,策定,本四連系線,2022/11/06,昼間帯,逆方向,-1200,-1200,0,0,0,0,-1200,熱容量,0,0,0,0,2022/10/20 17:05:04
月間,202210,策定,本四連系線,2022/11/06,夜間帯,順方向,1200,1200,0,0,0,0,1200,熱容量,0,0,0,0,2022/10/20 17:05:04
月間,202210,策定,本四連系線,2022/11/06,夜間帯,逆方向,-1200,-1200,0,0,0,0,-1200,熱容量,0,0,0,0,2022/10/20 17:05:04
月間,202209,策定,本四連系線,2022/11/07,昼間帯,順方向,1200,1200,0,0,0,0,1200,熱容量,0,0,0,0,2022/09/20 17:05:04
月間,202209,策定,本四連系線,2022/11/07,昼間帯,逆方向,-1200,-1200,0,0,0,0,-1200,熱容量,0,0,0,0,2022/09/20 17:05:04
月間,202209,策定,本四連系線,2022/11/07,夜間帯,順方向,1200,1200,0,0,0,0,1200,熱容量,0,0,0,0,2022/09/20 17:05:04
月間,202209,策定,本四連系線,2022/11/07,夜間帯,逆方向,-1200,-1200,0,0,0,0,-1200,熱容量,0,0,0,0,2022/09/20 17:05:04
月間,202210,策定,本四連系線,2022/11/07,昼間帯,順方向,1200,1200,0,0,0,0,1200,熱容量,0,0,0,0,2022/10/20 17:05:04
月間,202210,策定,本四連系線,2022/11/07,昼間帯,逆方向,-1200,-1200,0,0,0,0,-1200,熱容量,0,0,0,0,2022/10/20 17:05:04
月間,202210,策定,本四連系線,2022/11/07,夜間帯,順方向,1200,1200,0,0,0,0,1200,熱容量,0,0,0,0,2022/10/20 17:05:04
月間,202210,策定,本四連系線,2022/11/07,夜間帯,逆方向,-1200,-1200,0,0,0,0,-1200,熱容量,0,0,0,0,2022/10/20 17:05:04
月間,202209,策定,本四連系線,2022/11/08,昼間帯,順方向,1200,1200,0,0,0,0,1200,熱容量,0,0,0,0,2022/09/20 17:05:04
月間,202209,策定,本四連系線,2022/11/08,昼間帯,逆方向,-1200,-1200,0,0,0,0,-1200,熱容量,0,0,0,0,2022/09/20 17:05:04
月間,202209,策定,本四連系線,2022/11/08,夜間帯,順方向,1200,1200,0,0,0,0,1200,熱容量,0,0,0,0,2022/09/20 17:05:04
月間,202209,策定,本四連系線,2022/11/08,夜間帯,逆方向,-1200,-1200,0,0,0,0,-1200,熱容量,0,0,0,0,2022/09/20 17:05:04
月間,202210,策定,本四連系線,2022/11/08,昼間帯,順方向,1200,1200,0,0,0,0,1200,熱容量,0,0,0,0,2022/10/20 17:05:04
月間,202210,策定,本四連系線,2022/11/08,昼間帯,逆方向,-1200,-1200,0,0,0,0,-1200,熱容量,0,0,0,0,2022/10/20 17:05:04
月間,202210,策定,本四連系線,2022/11/08,夜間帯,順方向,1200,1200,0,0,0,0,1200,熱容量,0,0,0,0,2022/10/20 17:05:04
月間,202210,策定,本四連系線,2022/11/08,夜間帯,逆方向,-1200,-1200,0,0,0,0,-1200,熱容量,0,0,0,0,2022/10/20 17:05:04
月間,202209,策定,本四連系線,2022/11/09,昼間帯,順方向,1200,1200,0,0,0,0,1200,熱容量,0,0,0,0,2022/09/20 17:05:04
月間,202209,策定,本四連系線,2022/11/09,昼間帯,逆方向,-1200,-1200,0,0,0,0,-1200,熱容量,0,0,0,0,2022/09/20 17:05:04
月間,202209,策定,本四連系線,2022/11/09,夜間帯,順方向,1200,1200,0,0,0,0,1200,熱容量,0,0,0,0,2022/09/20 17:05:04
月間,202209,策定,本四連系線,2022/11/09,夜間帯,逆方向,-1200,-1200,0,0,0,0,-1200,熱容量,0,0,0,0,2022/09/20 17:05:04
月間,202210,策定,本四連系線,2022/11/09,昼間帯,順方向,1200,1200,0,0,0,0,1200,熱容量,0,0,0,0,2022/10/20 17:05:04
月間,202210,策定,本四連系線,2022/11/09,昼間帯,逆方向,-1200,-1200,0,0,0,0,-1200,熱容量,0,0,0,0,2022/10/20 17:05:04
月間,202210,策定,本四連系線,2022/11/09,夜間帯,順方向,1200,1200,0,0,0,0,1200,熱容量,0,0,0,0,2022/10/20 17:05:04
月間,202210,策定,本四連系線,2022/11/09,夜間帯,逆方向,-1200,-1200,0,0,0,0,-1200,熱容量,0,0,0,0,2022/10/20 17:05:04
月間,202209,策定,本四連系線,2022/11/10,昼間帯,順方向,1200,1200,0,0,0,0,1200,熱容量（作業）,0,0,0,0,2022/09/20 17:05:04
月間,202209,策定,本四連系線,2022/11/10,昼間帯,逆方向,-1200,-1200,0,0,0,0,-1200,熱容量（作業）,0,0,0,0,2022/09/20 17:05:04
月間,202209,策定,本四連系線,2022/11/10,夜間帯,順方向,1200,1200,0,0,0,0,1200,熱容量（作業）,0,0,0,0,2022/09/20 17:05:04
月間,202209,策定,本四連系線,2022/11/10,夜間帯,逆方向,-1200,-1200,0,0,0,0,-1200,熱容量（作業）,0,0,0,0,2022/09/20 17:05:04
月間,202210,策定,本四連系線,2022/11/10,昼間帯,順方向,1200,1200,0,0,0,0,1200,熱容量（作業）,0,0,0,0,2022/10/20 17:05:04
月間,202210,策定,本四連系線,2022/11/10,昼間帯,逆方向,-1200,-1200,0,0,0,0,-1200,熱容量（作業）,0,0,0,0,2022/10/20 17:05:04
月間,202210,策定,本四連系線,2022/11/10,夜間帯,順方向,1200,1200,0,0,0,0,1200,熱容量（作業）,0,0,0,0,2022/10/20 17:05:04
月間,202210,策定,本四連系線,2022/11/10,夜間帯,逆方向,-1200,-1200,0,0,0,0,-1200,熱容量（作業）,0,0,0,0,2022/10/20 17:05:04
月間,202209,策定,本四連系線,2022/11/11,昼間帯,順方向,1200,1200,0,0,0,0,1200,熱容量（作業）,0,0,0,0,2022/09/20 17:05:04
月間,202209,策定,本四連系線,2022/11/11,昼間帯,逆方向,-1200,-1200,0,0,0,0,-1200,熱容量（作業）,0,0,0,0,2022/09/20 17:05:04
月間,202209,策定,本四連系線,2022/11/11,夜間帯,順方向,1200,1200,0,0,0,0,1200,熱容量（作業）,0,0,0,0,2022/09/20 17:05:04
月間,202209,策定,本四連系線,2022/11/11,夜間帯,逆方向,-1200,-1200,0,0,0,0,-1200,熱容量（作業）,0,0,0,0,2022/09/20 17:05:04
月間,202210,策定,本四連系線,2022/11/11,昼間帯,順方向,1200,1200,0,0,0,0,1200,熱容量（作業）,0,0,0,0,2022/10/20 17:05:04
月間,202210,策定,本四連系線,2022/11/11,昼間帯,逆方向,-1200,-1200,0,0,0,0,-1200,熱容量（作業）,0,0,0,0,2022/10/20 17:05:04
月間,202210,策定,本四連系線,2022/11/11,夜間帯,順方向,1200,1200,0,0,0,0,1200,熱容量（作業）,0,0,0,0,2022/10/20 17:05:04
月間,202210,策定,本四連系線,2022/11/11,夜間帯,逆方向,-1200,-1200,0,0,0,0,-1200,熱容量（作業）,0,0,0,0,2022/10/20 17:05:04
月間,202209,策定,本四連系線,2022/11/12,昼間帯,順方向,1200,1200,0,0,0,0,1200,熱容量,0,0,0,0,2022/09/20 17:05:04
月間,202209,策定,本四連系線,2022/11/12,昼間帯,逆方向,-1200,-1200,0,0,0,0,-1200,熱容量,0,0,0,0,2022/09/20 17:05:04
月間,202209,策定,本四連系線,2022/11/12,夜間帯,順方向,1200,1200,0,0,0,0,1200,熱容量,0,0,0,0,2022/09/20 17:05:04
月間,202209,策定,本四連系線,2022/11/12,夜間帯,逆方向,-1200,-1200,0,0,0,0,-1200,熱容量,0,0,0,0,2022/09/20 17:05:04
月間,202210,策定,本四連系線,2022/11/12,昼間帯,順方向,1200,1200,0,0,0,0,1200,熱容量,0,0,0,0,2022/10/20 17:05:04
月間,202210,策定,本四連系線,2022/11/12,昼間帯,逆方向,-1200,-1200,0,0,0,0,-1200,熱容量,0,0,0,0,2022/10/20 17:05:04
月間,202210,策定,本四連系線,2022/11/12,夜間帯,順方向,1200,1200,0,0,0,0,1200,熱容量,0,0,0,0,2022/10/20 17:05:04
月間,202210,策定,本四連系線,2022/11/12,夜間帯,逆方向,-1200,-1200,0,0,0,0,-1200,熱容量,0,0,0,0,2022/10/20 17:05:04
月間,202209,策定,本四連系線,2022/11/13,昼間帯,順方向,1200,1200,0,0,0,0,1200,熱容量,0,0,0,0,2022/09/20 17:05:04
月間,202209,策定,本四連系線,2022/11/13,昼間帯,逆方向,-1200,-1200,0,0,0,0,-1200,熱容量,0,0,0,0,2022/09/20 17:05:04
月間,202209,策定,本四連系線,2022/11/13,夜間帯,順方向,1200,1200,0,0,0,0,1200,熱容量,0,0,0,0,2022/09/20 17:05:04
月間,202209,策定,本四連系線,2022/11/13,夜間帯,逆方向,-1200,-1200,0,0,0,0,-1200,熱容量,0,0,0,0,2022/09/20 17:05:04
月間,202210,策定,本四連系線,2022/11/13,昼間帯,順方向,1200,1200,0,0,0,0,1200,熱容量,0,0,0,0,2022/10/20 17:05:04
月間,202210,策定,本四連系線,2022/11/13,昼間帯,逆方向,-1200,-1200,0,0,0,0,-1200,熱容量,0,0,0,0,2022/10/20 17:05:04
月間,202210,策定,本四連系線,2022/11/13,夜間帯,順方向,1200,1200,0,0,0,0,1200,熱容量,0,0,0,0,2022/10/20 17:05:04
月間,202210,策定,本四連系線,2022/11/13,夜間帯,逆方向,-1200,-1200,0,0,0,0,-1200,熱容量,0,0,0,0,2022/10/20 17:05:04
月間,202209,策定,本四連系線,2022/11/14,昼間帯,順方向,1200,1200,0,0,0,0,1200,熱容量,0,0,0,0,2022/09/20 17:05:04
月間,202209,策定,本四連系線,2022/11/14,昼間帯,逆方向,-1200,-1200,0,0,0,0,-1200,熱容量,0,0,0,0,2022/09/20 17:05:04
月間,202209,策定,本四連系線,2022/11/14,夜間帯,順方向,1200,1200,0,0,0,0,1200,熱容量,0,0,0,0,2022/09/20 17:05:04
月間,202209,策定,本四連系線,2022/11/14,夜間帯,逆方向,-1200,-1200,0,0,0,0,-1200,熱容量,0,0,0,0,2022/09/20 17:05:04
月間,202210,策定,本四連系線,2022/11/14,昼間帯,順方向,1200,1200,0,0,0,0,1200,熱容量,0,0,0,0,2022/10/20 17:05:04
月間,202210,策定,本四連系線,2022/11/14,昼間帯,逆方向,-1200,-1200,0,0,0,0,-1200,熱容量,0,0,0,0,2022/10/20 17:05:04
月間,202210,策定,本四連系線,2022/11/14,夜間帯,順方向,1200,1200,0,0,0,0,1200,熱容量,0,0,0,0,2022/10/20 17:05:04
月間,202210,策定,本四連系線,2022/11/14,夜間帯,逆方向,-1200,-1200,0,0,0,0,-1200,熱容量,0,0,0,0,2022/10/20 17:05:04
月間,202209,策定,本四連系線,2022/11/15,昼間帯,順方向,1200,1200,0,0,0,0,1200,熱容量,0,0,0,0,2022/09/20 17:05:04
月間,202209,策定,本四連系線,2022/11/15,昼間帯,逆方向,-1200,-1200,0,0,0,0,-1200,熱容量,0,0,0,0,2022/09/20 17:05:04
月間,202209,策定,本四連系線,2022/11/15,夜間帯,順方向,1200,1200,0,0,0,0,1200,熱容量,0,0,0,0,2022/09/20 17:05:04
月間,202209,策定,本四連系線,2022/11/15,夜間帯,逆方向,-1200,-1200,0,0,0,0,-1200,熱容量,0,0,0,0,2022/09/20 17:05:04
月間,202210,策定,本四連系線,2022/11/15,昼間帯,順方向,1200,1200,0,0,0,0,1200,熱容量,0,0,0,0,2022/10/20 17:05:04
月間,202210,策定,本四連系線,2022/11/15,昼間帯,逆方向,-1200,-1200,0,0,0,0,-1200,熱容量,0,0,0,0,2022/10/20 17:05:04
月間,202210,策定,本四連系線,2022/11/15,夜間帯,順方向,1200,1200,0,0,0,0,1200,熱容量,0,0,0,0,2022/10/20 17:05:04
月間,202210,策定,本四連系線,2022/11/15,夜間帯,逆方向,-1200,-1200,0,0,0,0,-1200,熱容量,0,0,0,0,2022/10/20 17:05:04
月間,202209,策定,本四連系線,2022/11/16,昼間帯,順方向,1200,1200,0,0,0,0,1200,熱容量,0,0,0,0,2022/09/20 17:05:04
月間,202209,策定,本四連系線,2022/11/16,昼間帯,逆方向,-1200,-1200,0,0,0,0,-1200,熱容量,0,0,0,0,2022/09/20 17:05:04
月間,202209,策定,本四連系線,2022/11/16,夜間帯,順方向,1200,1200,0,0,0,0,1200,熱容量,0,0,0,0,2022/09/20 17:05:04
月間,202209,策定,本四連系線,2022/11/16,夜間帯,逆方向,-1200,-1200,0,0,0,0,-1200,熱容量,0,0,0,0,2022/09/20 17:05:04
月間,202210,策定,本四連系線,2022/11/16,昼間帯,順方向,1200,1200,0,0,0,0,1200,熱容量,0,0,0,0,2022/10/20 17:05:04
月間,202210,策定,本四連系線,2022/11/16,昼間帯,逆方向,-1200,-1200,0,0,0,0,-1200,熱容量,0,0,0,0,2022/10/20 17:05:04
月間,202210,策定,本四連系線,2022/11/16,夜間帯,順方向,1200,1200,0,0,0,0,1200,熱容量,0,0,0,0,2022/10/20 17:05:04
月間,202210,策定,本四連系線,2022/11/16,夜間帯,逆方向,-1200,-1200,0,0,0,0,-1200,熱容量,0,0,0,0,2022/10/20 17:05:04
月間,202209,策定,本四連系線,2022/11/17,昼間帯,順方向,1200,1200,0,0,0,0,1200,熱容量,0,0,0,0,2022/09/20 17:05:04
月間,202209,策定,本四連系線,2022/11/17,昼間帯,逆方向,-1200,-1200,0,0,0,0,-1200,熱容量,0,0,0,0,2022/09/20 17:05:04
月間,202209,策定,本四連系線,2022/11/17,夜間帯,順方向,1200,1200,0,0,0,0,1200,熱容量,0,0,0,0,2022/09/20 17:05:04
月間,202209,策定,本四連系線,2022/11/17,夜間帯,逆方向,-1200,-1200,0,0,0,0,-1200,熱容量,0,0,0,0,2022/09/20 17:05:04
月間,202210,策定,本四連系線,2022/11/17,昼間帯,順方向,1200,1200,0,0,0,0,1200,熱容量,0,0,0,0,2022/10/20 17:05:04
月間,202210,策定,本四連系線,2022/11/17,昼間帯,逆方向,-1200,-1200,0,0,0,0,-1200,熱容量,0,0,0,0,2022/10/20 17:05:04
月間,202210,策定,本四連系線,2022/11/17,夜間帯,順方向,1200,1200,0,0,0,0,1200,熱容量,0,0,0,0,2022/10/20 17:05:04
月間,202210,策定,本四連系線,2022/11/17,夜間帯,逆方向,-1200,-1200,0,0,0,0,-1200,熱容量,0,0,0,0,2022/10/20 17:05:04
月間,202209,策定,本四連系線,2022/11/18,昼間帯,順方向,1200,1200,0,0,0,0,1200,熱容量,0,0,0,0,2022/09/20 17:05:04
月間,202209,策定,本四連系線,2022/11/18,昼間帯,逆方向,-1200,-1200,0,0,0,0,-1200,熱容量,0,0,0,0,2022/09/20 17:05:04
月間,202209,策定,本四連系線,2022/11/18,夜間帯,順方向,1200,1200,0,0,0,0,1200,熱容量,0,0,0,0,2022/09/20 17:05:04
月間,202209,策定,本四連系線,2022/11/18,夜間帯,逆方向,-1200,-1200,0,0,0,0,-1200,熱容量,0,0,0,0,2022/09/20 17:05:04
月間,202210,策定,本四連系線,2022/11/18,昼間帯,順方向,1200,1200,0,0,0,0,1200,熱容量,0,0,0,0,2022/10/20 17:05:04
月間,202210,策定,本四連系線,2022/11/18,昼間帯,逆方向,-1200,-1200,0,0,0,0,-1200,熱容量,0,0,0,0,2022/10/20 17:05:04
月間,202210,策定,本四連系線,2022/11/18,夜間帯,順方向,1200,1200,0,0,0,0,1200,熱容量,0,0,0,0,2022/10/20 17:05:04
月間,202210,策定,本四連系線,2022/11/18,夜間帯,逆方向,-1200,-1200,0,0,0,0,-1200,熱容量,0,0,0,0,2022/10/20 17:05:04
月間,202209,策定,本四連系線,2022/11/19,昼間帯,順方向,1200,1200,0,0,0,0,1200,熱容量,0,0,0,0,2022/09/20 17:05:04
月間,202209,策定,本四連系線,2022/11/19,昼間帯,逆方向,-1200,-1200,0,0,0,0,-1200,熱容量,0,0,0,0,2022/09/20 17:05:04
月間,202209,策定,本四連系線,2022/11/19,夜間帯,順方向,1200,1200,0,0,0,0,1200,熱容量,0,0,0,0,2022/09/20 17:05:04
月間,202209,策定,本四連系線,2022/11/19,夜間帯,逆方向,-1200,-1200,0,0,0,0,-1200,熱容量,0,0,0,0,2022/09/20 17:05:04
月間,202210,策定,本四連系線,2022/11/19,昼間帯,順方向,1200,1200,0,0,0,0,1200,熱容量,0,0,0,0,2022/10/20 17:05:04
月間,202210,策定,本四連系線,2022/11/19,昼間帯,逆方向,-1200,-1200,0,0,0,0,-1200,熱容量,0,0,0,0,2022/10/20 17:05:04
月間,202210,策定,本四連系線,2022/11/19,夜間帯,順方向,1200,1200,0,0,0,0,1200,熱容量,0,0,0,0,2022/10/20 17:05:04
月間,202210,策定,本四連系線,2022/11/19,夜間帯,逆方向,-1200,-1200,0,0,0,0,-1200,熱容量,0,0,0,0,2022/10/20 17:05:04
月間,202209,策定,本四連系線,2022/11/20,昼間帯,順方向,1200,1200,0,0,0,0,1200,熱容量,0,0,0,0,2022/09/20 17:05:04
月間,202209,策定,本四連系線,2022/11/20,昼間帯,逆方向,-1200,-1200,0,0,0,0,-1200,熱容量,0,0,0,0,2022/09/20 17:05:04
月間,202209,策定,本四連系線,2022/11/20,夜間帯,順方向,1200,1200,0,0,0,0,1200,熱容量,0,0,0,0,2022/09/20 17:05:04
月間,202209,策定,本四連系線,2022/11/20,夜間帯,逆方向,-1200,-1200,0,0,0,0,-1200,熱容量,0,0,0,0,2022/09/20 17:05:04
月間,202210,策定,本四連系線,2022/11/20,昼間帯,順方向,1200,1200,0,0,0,0,1200,熱容量,0,0,0,0,2022/10/20 17:05:04
月間,202210,策定,本四連系線,2022/11/20,昼間帯,逆方向,-1200,-1200,0,0,0,0,-1200,熱容量,0,0,0,0,2022/10/20 17:05:04
月間,202210,策定,本四連系線,2022/11/20,夜間帯,順方向,1200,1200,0,0,0,0,1200,熱容量,0,0,0,0,2022/10/20 17:05:04
月間,202210,策定,本四連系線,2022/11/20,夜間帯,逆方向,-1200,-1200,0,0,0,0,-1200,熱容量,0,0,0,0,2022/10/20 17:05:04
月間,202209,策定,本四連系線,2022/11/21,昼間帯,順方向,1200,1200,0,0,0,0,1200,熱容量,0,0,0,0,2022/09/20 17:05:04
月間,202209,策定,本四連系線,2022/11/21,昼間帯,逆方向,-1200,-1200,0,0,0,0,-1200,熱容量,0,0,0,0,2022/09/20 17:05:04
月間,202209,策定,本四連系線,2022/11/21,夜間帯,順方向,1200,1200,0,0,0,0,1200,熱容量,0,0,0,0,2022/09/20 17:05:04
月間,202209,策定,本四連系線,2022/11/21,夜間帯,逆方向,-1200,-1200,0,0,0,0,-1200,熱容量,0,0,0,0,2022/09/20 17:05:04
月間,202210,策定,本四連系線,2022/11/21,昼間帯,順方向,1200,1200,0,0,0,0,1200,熱容量,0,0,0,0,2022/10/20 17:05:04
月間,202210,策定,本四連系線,2022/11/21,昼間帯,逆方向,-1200,-1200,0,0,0,0,-1200,熱容量,0,0,0,0,2022/10/20 17:05:04
月間,202210,策定,本四連系線,2022/11/21,夜間帯,順方向,1200,1200,0,0,0,0,1200,熱容量,0,0,0,0,2022/10/20 17:05:04
月間,202210,策定,本四連系線,2022/11/21,夜間帯,逆方向,-1200,-1200,0,0,0,0,-1200,熱容量,0,0,0,0,2022/10/20 17:05:04
月間,202209,策定,本四連系線,2022/11/22,昼間帯,順方向,1200,1200,0,0,0,0,1200,熱容量,0,0,0,0,2022/09/20 17:05:04
月間,202209,策定,本四連系線,2022/11/22,昼間帯,逆方向,-1200,-1200,0,0,0,0,-1200,熱容量,0,0,0,0,2022/09/20 17:05:04
月間,202209,策定,本四連系線,2022/11/22,夜間帯,順方向,1200,1200,0,0,0,0,1200,熱容量,0,0,0,0,2022/09/20 17:05:04
月間,202209,策定,本四連系線,2022/11/22,夜間帯,逆方向,-1200,-1200,0,0,0,0,-1200,熱容量,0,0,0,0,2022/09/20 17:05:04
月間,202210,策定,本四連系線,2022/11/22,昼間帯,順方向,1200,1200,0,0,0,0,1200,熱容量,0,0,0,0,2022/10/20 17:05:04
月間,202210,策定,本四連系線,2022/11/22,昼間帯,逆方向,-1200,-1200,0,0,0,0,-1200,熱容量,0,0,0,0,2022/10/20 17:05:04
月間,202210,策定,本四連系線,2022/11/22,夜間帯,順方向,1200,1200,0,0,0,0,1200,熱容量,0,0,0,0,2022/10/20 17:05:04
月間,202210,策定,本四連系線,2022/11/22,夜間帯,逆方向,-1200,-1200,0,0,0,0,-1200,熱容量,0,0,0,0,2022/10/20 17:05:04
月間,202209,策定,本四連系線,2022/11/23,昼間帯,順方向,1200,1200,0,0,0,0,1200,熱容量,0,0,0,0,2022/09/20 17:05:04
月間,202209,策定,本四連系線,2022/11/23,昼間帯,逆方向,-1200,-1200,0,0,0,0,-1200,熱容量,0,0,0,0,2022/09/20 17:05:04
月間,202209,策定,本四連系線,2022/11/23,夜間帯,順方向,1200,1200,0,0,0,0,1200,熱容量,0,0,0,0,2022/09/20 17:05:04
月間,202209,策定,本四連系線,2022/11/23,夜間帯,逆方向,-1200,-1200,0,0,0,0,-1200,熱容量,0,0,0,0,2022/09/20 17:05:04
月間,202210,策定,本四連系線,2022/11/23,昼間帯,順方向,1200,1200,0,0,0,0,1200,熱容量,0,0,0,0,2022/10/20 17:05:04
月間,202210,策定,本四連系線,2022/11/23,昼間帯,逆方向,-1200,-1200,0,0,0,0,-1200,熱容量,0,0,0,0,2022/10/20 17:05:04
月間,202210,策定,本四連系線,2022/11/23,夜間帯,順方向,1200,1200,0,0,0,0,1200,熱容量,0,0,0,0,2022/10/20 17:05:04
月間,202210,策定,本四連系線,2022/11/23,夜間帯,逆方向,-1200,-1200,0,0,0,0,-1200,熱容量,0,0,0,0,2022/10/20 17:05:04
月間,202209,策定,本四連系線,2022/11/24,昼間帯,順方向,1200,1200,0,0,0,0,1200,熱容量,0,0,0,0,2022/09/20 17:05:04
月間,202209,策定,本四連系線,2022/11/24,昼間帯,逆方向,-1200,-1200,0,0,0,0,-1200,熱容量,0,0,0,0,2022/09/20 17:05:04
月間,202209,策定,本四連系線,2022/11/24,夜間帯,順方向,1200,1200,0,0,0,0,1200,熱容量,0,0,0,0,2022/09/20 17:05:04
月間,202209,策定,本四連系線,2022/11/24,夜間帯,逆方向,-1200,-1200,0,0,0,0,-1200,熱容量,0,0,0,0,2022/09/20 17:05:04
月間,202210,策定,本四連系線,2022/11/24,昼間帯,順方向,1200,1200,0,0,0,0,1200,熱容量,0,0,0,0,2022/10/20 17:05:04
月間,202210,策定,本四連系線,2022/11/24,昼間帯,逆方向,-1200,-1200,0,0,0,0,-1200,熱容量,0,0,0,0,2022/10/20 17:05:04
月間,202210,策定,本四連系線,2022/11/24,夜間帯,順方向,1200,1200,0,0,0,0,1200,熱容量,0,0,0,0,2022/10/20 17:05:04
月間,202210,策定,本四連系線,2022/11/24,夜間帯,逆方向,-1200,-1200,0,0,0,0,-1200,熱容量,0,0,0,0,2022/10/20 17:05:04
月間,202209,策定,本四連系線,2022/11/25,昼間帯,順方向,1200,1200,0,0,0,0,1200,熱容量,0,0,0,0,2022/09/20 17:05:04
月間,202209,策定,本四連系線,2022/11/25,昼間帯,逆方向,-1200,-1200,0,0,0,0,-1200,熱容量,0,0,0,0,2022/09/20 17:05:04
月間,202209,策定,本四連系線,2022/11/25,夜間帯,順方向,1200,1200,0,0,0,0,1200,熱容量,0,0,0,0,2022/09/20 17:05:04
月間,202209,策定,本四連系線,2022/11/25,夜間帯,逆方向,-1200,-1200,0,0,0,0,-1200,熱容量,0,0,0,0,2022/09/20 17:05:04
月間,202210,策定,本四連系線,2022/11/25,昼間帯,順方向,1200,1200,0,0,0,0,1200,熱容量,0,0,0,0,2022/10/20 17:05:04
月間,202210,策定,本四連系線,2022/11/25,昼間帯,逆方向,-1200,-1200,0,0,0,0,-1200,熱容量,0,0,0,0,2022/10/20 17:05:04
月間,202210,策定,本四連系線,2022/11/25,夜間帯,順方向,1200,1200,0,0,0,0,1200,熱容量,0,0,0,0,2022/10/20 17:05:04
月間,202210,策定,本四連系線,2022/11/25,夜間帯,逆方向,-1200,-1200,0,0,0,0,-1200,熱容量,0,0,0,0,2022/10/20 17:05:04
月間,202209,策定,本四連系線,2022/11/26,昼間帯,順方向,1200,1200,0,0,0,0,1200,熱容量,0,0,0,0,2022/09/20 17:05:04
月間,202209,策定,本四連系線,2022/11/26,昼間帯,逆方向,-1200,-1200,0,0,0,0,-1200,熱容量,0,0,0,0,2022/09/20 17:05:04
月間,202209,策定,本四連系線,2022/11/26,夜間帯,順方向,1200,1200,0,0,0,0,1200,熱容量,0,0,0,0,2022/09/20 17:05:04
月間,202209,策定,本四連系線,2022/11/26,夜間帯,逆方向,-1200,-1200,0,0,0,0,-1200,熱容量,0,0,0,0,2022/09/20 17:05:04
月間,202210,策定,本四連系線,2022/11/26,昼間帯,順方向,1200,1200,0,0,0,0,1200,熱容量,0,0,0,0,2022/10/20 17:05:04
月間,202210,策定,本四連系線,2022/11/26,昼間帯,逆方向,-1200,-1200,0,0,0,0,-1200,熱容量,0,0,0,0,2022/10/20 17:05:04
月間,202210,策定,本四連系線,2022/11/26,夜間帯,順方向,1200,1200,0,0,0,0,1200,熱容量,0,0,0,0,2022/10/20 17:05:04
月間,202210,策定,本四連系線,2022/11/26,夜間帯,逆方向,-1200,-1200,0,0,0,0,-1200,熱容量,0,0,0,0,2022/10/20 17:05:04
月間,202209,策定,本四連系線,2022/11/27,昼間帯,順方向,1200,1200,0,0,0,0,1200,熱容量,0,0,0,0,2022/09/20 17:05:04
月間,202209,策定,本四連系線,2022/11/27,昼間帯,逆方向,-1200,-1200,0,0,0,0,-1200,熱容量,0,0,0,0,2022/09/20 17:05:04
月間,202209,策定,本四連系線,2022/11/27,夜間帯,順方向,1200,1200,0,0,0,0,1200,熱容量,0,0,0,0,2022/09/20 17:05:04
月間,202209,策定,本四連系線,2022/11/27,夜間帯,逆方向,-1200,-1200,0,0,0,0,-1200,熱容量,0,0,0,0,2022/09/20 17:05:04
月間,202210,策定,本四連系線,2022/11/27,昼間帯,順方向,1200,1200,0,0,0,0,1200,熱容量,0,0,0,0,2022/10/20 17:05:04
月間,202210,策定,本四連系線,2022/11/27,昼間帯,逆方向,-1200,-1200,0,0,0,0,-1200,熱容量,0,0,0,0,2022/10/20 17:05:04
月間,202210,策定,本四連系線,2022/11/27,夜間帯,順方向,1200,1200,0,0,0,0,1200,熱容量,0,0,0,0,2022/10/20 17:05:04
月間,202210,策定,本四連系線,2022/11/27,夜間帯,逆方向,-1200,-1200,0,0,0,0,-1200,熱容量,0,0,0,0,2022/10/20 17:05:04
月間,202209,策定,本四連系線,2022/11/28,昼間帯,順方向,1200,1200,0,0,0,0,1200,熱容量,0,0,0,0,2022/09/20 17:05:04
月間,202209,策定,本四連系線,2022/11/28,昼間帯,逆方向,-1200,-1200,0,0,0,0,-1200,熱容量,0,0,0,0,2022/09/20 17:05:04
月間,202209,策定,本四連系線,2022/11/28,夜間帯,順方向,1200,1200,0,0,0,0,1200,熱容量,0,0,0,0,2022/09/20 17:05:04
月間,202209,策定,本四連系線,2022/11/28,夜間帯,逆方向,-1200,-1200,0,0,0,0,-1200,熱容量,0,0,0,0,2022/09/20 17:05:04
月間,202210,策定,本四連系線,2022/11/28,昼間帯,順方向,1200,1200,0,0,0,0,1200,熱容量,0,0,0,0,2022/10/20 17:05:04
月間,202210,策定,本四連系線,2022/11/28,昼間帯,逆方向,-1200,-1200,0,0,0,0,-1200,熱容量,0,0,0,0,2022/10/20 17:05:04
月間,202210,策定,本四連系線,2022/11/28,夜間帯,順方向,1200,1200,0,0,0,0,1200,熱容量,0,0,0,0,2022/10/20 17:05:04
月間,202210,策定,本四連系線,2022/11/28,夜間帯,逆方向,-1200,-1200,0,0,0,0,-1200,熱容量,0,0,0,0,2022/10/20 17:05:04
月間,202209,策定,本四連系線,2022/11/29,昼間帯,順方向,1200,1200,0,0,0,0,1200,熱容量,0,0,0,0,2022/09/20 17:05:04
月間,202209,策定,本四連系線,2022/11/29,昼間帯,逆方向,-1200,-1200,0,0,0,0,-1200,熱容量,0,0,0,0,2022/09/20 17:05:04
月間,202209,策定,本四連系線,2022/11/29,夜間帯,順方向,1200,1200,0,0,0,0,1200,熱容量,0,0,0,0,2022/09/20 17:05:04
月間,202209,策定,本四連系線,2022/11/29,夜間帯,逆方向,-1200,-1200,0,0,0,0,-1200,熱容量,0,0,0,0,2022/09/20 17:05:04
月間,202210,策定,本四連系線,2022/11/29,昼間帯,順方向,1200,1200,0,0,0,0,1200,熱容量,0,0,0,0,2022/10/20 17:05:04
月間,202210,策定,本四連系線,2022/11/29,昼間帯,逆方向,-1200,-1200,0,0,0,0,-1200,熱容量,0,0,0,0,2022/10/20 17:05:04
月間,202210,策定,本四連系線,2022/11/29,夜間帯,順方向,1200,1200,0,0,0,0,1200,熱容量,0,0,0,0,2022/10/20 17:05:04
月間,202210,策定,本四連系線,2022/11/29,夜間帯,逆方向,-1200,-1200,0,0,0,0,-1200,熱容量,0,0,0,0,2022/10/20 17:05:04
月間,202209,策定,本四連系線,2022/11/30,昼間帯,順方向,1200,1200,0,0,0,0,1200,熱容量,0,0,0,0,2022/09/20 17:05:04
月間,202209,策定,本四連系線,2022/11/30,昼間帯,逆方向,-1200,-1200,0,0,0,0,-1200,熱容量,0,0,0,0,2022/09/20 17:05:04
月間,202209,策定,本四連系線,2022/11/30,夜間帯,順方向,1200,1200,0,0,0,0,1200,熱容量,0,0,0,0,2022/09/20 17:05:04
月間,202209,策定,本四連系線,2022/11/30,夜間帯,逆方向,-1200,-1200,0,0,0,0,-1200,熱容量,0,0,0,0,2022/09/20 17:05:04
月間,202210,策定,本四連系線,2022/11/30,昼間帯,順方向,1200,1200,0,0,0,0,1200,熱容量,0,0,0,0,2022/10/20 17:05:04
月間,202210,策定,本四連系線,2022/11/30,昼間帯,逆方向,-1200,-1200,0,0,0,0,-1200,熱容量,0,0,0,0,2022/10/20 17:05:04
月間,202210,策定,本四連系線,2022/11/30,夜間帯,順方向,1200,1200,0,0,0,0,1200,熱容量,0,0,0,0,2022/10/20 17:05:04
月間,202210,策定,本四連系線,2022/11/30,夜間帯,逆方向,-1200,-1200,0,0,0,0,-1200,熱容量,0,0,0,0,2022/10/20 17:05:04
月間,202210,策定,本四連系線,2022/12/01,昼間帯,順方向,1200,1200,0,0,0,0,1200,熱容量,0,0,0,0,2022/10/20 17:05:04
月間,202210,策定,本四連系線,2022/12/01,昼間帯,逆方向,-1200,-1200,0,0,0,0,-1200,熱容量,0,0,0,0,2022/10/20 17:05:04
月間,202210,策定,本四連系線,2022/12/01,夜間帯,順方向,1200,1200,0,0,0,0,1200,熱容量,0,0,0,0,2022/10/20 17:05:04
月間,202210,策定,本四連系線,2022/12/01,夜間帯,逆方向,-1200,-1200,0,0,0,0,-1200,熱容量,0,0,0,0,2022/10/20 17:05:04
月間,202210,策定,本四連系線,2022/12/02,昼間帯,順方向,1200,1200,0,0,0,0,1200,熱容量,0,0,0,0,2022/10/20 17:05:04
月間,202210,策定,本四連系線,2022/12/02,昼間帯,逆方向,-1200,-1200,0,0,0,0,-1200,熱容量,0,0,0,0,2022/10/20 17:05:04
月間,202210,策定,本四連系線,2022/12/02,夜間帯,順方向,1200,1200,0,0,0,0,1200,熱容量,0,0,0,0,2022/10/20 17:05:04
月間,202210,策定,本四連系線,2022/12/02,夜間帯,逆方向,-1200,-1200,0,0,0,0,-1200,熱容量,0,0,0,0,2022/10/20 17:05:04
月間,202210,策定,本四連系線,2022/12/03,昼間帯,順方向,1200,1200,0,0,0,0,1200,熱容量,0,0,0,0,2022/10/20 17:05:04
月間,202210,策定,本四連系線,2022/12/03,昼間帯,逆方向,-1200,-1200,0,0,0,0,-1200,熱容量,0,0,0,0,2022/10/20 17:05:04
月間,202210,策定,本四連系線,2022/12/03,夜間帯,順方向,1200,1200,0,0,0,0,1200,熱容量,0,0,0,0,2022/10/20 17:05:04
月間,202210,策定,本四連系線,2022/12/03,夜間帯,逆方向,-1200,-1200,0,0,0,0,-1200,熱容量,0,0,0,0,2022/10/20 17:05:04
月間,202211,策定,本四連系線,2022/12/03,昼間帯,順方向,1200,1200,0,0,0,0,1200,熱容量,0,0,0,0,2022/11/18 17:05:04
月間,202211,策定,本四連系線,2022/12/03,昼間帯,逆方向,-1200,-1200,0,0,0,0,-1200,熱容量,0,0,0,0,2022/11/18 17:05:04
月間,202211,策定,本四連系線,2022/12/03,夜間帯,順方向,1200,1200,0,0,0,0,1200,熱容量,0,0,0,0,2022/11/18 17:05:04
月間,202211,策定,本四連系線,2022/12/03,夜間帯,逆方向,-1200,-1200,0,0,0,0,-1200,熱容量,0,0,0,0,2022/11/18 17:05:04
月間,202210,策定,本四連系線,2022/12/04,昼間帯,順方向,1200,1200,0,0,0,0,1200,熱容量,0,0,0,0,2022/10/20 17:05:04
月間,202210,策定,本四連系線,2022/12/04,昼間帯,逆方向,-1200,-1200,0,0,0,0,-1200,熱容量,0,0,0,0,2022/10/20 17:05:04
月間,202210,策定,本四連系線,2022/12/04,夜間帯,順方向,1200,1200,0,0,0,0,1200,熱容量,0,0,0,0,2022/10/20 17:05:04
月間,202210,策定,本四連系線,2022/12/04,夜間帯,逆方向,-1200,-1200,0,0,0,0,-1200,熱容量,0,0,0,0,2022/10/20 17:05:04
月間,202211,策定,本四連系線,2022/12/04,昼間帯,順方向,1200,1200,0,0,0,0,1200,熱容量,0,0,0,0,2022/11/18 17:05:04
月間,202211,策定,本四連系線,2022/12/04,昼間帯,逆方向,-1200,-1200,0,0,0,0,-1200,熱容量,0,0,0,0,2022/11/18 17:05:04
月間,202211,策定,本四連系線,2022/12/04,夜間帯,順方向,1200,1200,0,0,0,0,1200,熱容量,0,0,0,0,2022/11/18 17:05:04
月間,202211,策定,本四連系線,2022/12/04,夜間帯,逆方向,-1200,-1200,0,0,0,0,-1200,熱容量,0,0,0,0,2022/11/18 17:05:04
月間,202210,策定,本四連系線,2022/12/05,昼間帯,順方向,1200,1200,0,0,0,0,1200,熱容量,0,0,0,0,2022/10/20 17:05:04
月間,202210,策定,本四連系線,2022/12/05,昼間帯,逆方向,-1200,-1200,0,0,0,0,-1200,熱容量,0,0,0,0,2022/10/20 17:05:04
月間,202210,策定,本四連系線,2022/12/05,夜間帯,順方向,1200,1200,0,0,0,0,1200,熱容量,0,0,0,0,2022/10/20 17:05:04
月間,202210,策定,本四連系線,2022/12/05,夜間帯,逆方向,-1200,-1200,0,0,0,0,-1200,熱容量,0,0,0,0,2022/10/20 17:05:04
月間,202211,策定,本四連系線,2022/12/05,昼間帯,順方向,1200,1200,0,0,0,0,1200,熱容量,0,0,0,0,2022/11/18 17:05:04
月間,202211,策定,本四連系線,2022/12/05,昼間帯,逆方向,-1200,-1200,0,0,0,0,-1200,熱容量,0,0,0,0,2022/11/18 17:05:04
月間,202211,策定,本四連系線,2022/12/05,夜間帯,順方向,1200,1200,0,0,0,0,1200,熱容量,0,0,0,0,2022/11/18 17:05:04
月間,202211,策定,本四連系線,2022/12/05,夜間帯,逆方向,-1200,-1200,0,0,0,0,-1200,熱容量,0,0,0,0,2022/11/18 17:05:04
月間,202210,策定,本四連系線,2022/12/06,昼間帯,順方向,1200,1200,0,0,0,0,1200,熱容量,0,0,0,0,2022/10/20 17:05:04
月間,202210,策定,本四連系線,2022/12/06,昼間帯,逆方向,-1200,-1200,0,0,0,0,-1200,熱容量,0,0,0,0,2022/10/20 17:05:04
月間,202210,策定,本四連系線,2022/12/06,夜間帯,順方向,1200,1200,0,0,0,0,1200,熱容量,0,0,0,0,2022/10/20 17:05:04
月間,202210,策定,本四連系線,2022/12/06,夜間帯,逆方向,-1200,-1200,0,0,0,0,-1200,熱容量,0,0,0,0,2022/10/20 17:05:04
月間,202211,策定,本四連系線,2022/12/06,昼間帯,順方向,1200,1200,0,0,0,0,1200,熱容量,0,0,0,0,2022/11/18 17:05:04
月間,202211,策定,本四連系線,2022/12/06,昼間帯,逆方向,-1200,-1200,0,0,0,0,-1200,熱容量,0,0,0,0,2022/11/18 17:05:04
月間,202211,策定,本四連系線,2022/12/06,夜間帯,順方向,1200,1200,0,0,0,0,1200,熱容量,0,0,0,0,2022/11/18 17:05:04
月間,202211,策定,本四連系線,2022/12/06,夜間帯,逆方向,-1200,-1200,0,0,0,0,-1200,熱容量,0,0,0,0,2022/11/18 17:05:04
月間,202210,策定,本四連系線,2022/12/07,昼間帯,順方向,1200,1200,0,0,0,0,1200,熱容量,0,0,0,0,2022/10/20 17:05:04
月間,202210,策定,本四連系線,2022/12/07,昼間帯,逆方向,-1200,-1200,0,0,0,0,-1200,熱容量,0,0,0,0,2022/10/20 17:05:04
月間,202210,策定,本四連系線,2022/12/07,夜間帯,順方向,1200,1200,0,0,0,0,1200,熱容量,0,0,0,0,2022/10/20 17:05:04
月間,202210,策定,本四連系線,2022/12/07,夜間帯,逆方向,-1200,-1200,0,0,0,0,-1200,熱容量,0,0,0,0,2022/10/20 17:05:04
月間,202211,策定,本四連系線,2022/12/07,昼間帯,順方向,1200,1200,0,0,0,0,1200,熱容量,0,0,0,0,2022/11/18 17:05:04
月間,202211,策定,本四連系線,2022/12/07,昼間帯,逆方向,-1200,-1200,0,0,0,0,-1200,熱容量,0,0,0,0,2022/11/18 17:05:04
月間,202211,策定,本四連系線,2022/12/07,夜間帯,順方向,1200,1200,0,0,0,0,1200,熱容量,0,0,0,0,2022/11/18 17:05:04
月間,202211,策定,本四連系線,2022/12/07,夜間帯,逆方向,-1200,-1200,0,0,0,0,-1200,熱容量,0,0,0,0,2022/11/18 17:05:04
月間,202210,策定,本四連系線,2022/12/08,昼間帯,順方向,1200,1200,0,0,0,0,1200,熱容量,0,0,0,0,2022/10/20 17:05:04
月間,202210,策定,本四連系線,2022/12/08,昼間帯,逆方向,-1200,-1200,0,0,0,0,-1200,熱容量,0,0,0,0,2022/10/20 17:05:04
月間,202210,策定,本四連系線,2022/12/08,夜間帯,順方向,1200,1200,0,0,0,0,1200,熱容量,0,0,0,0,2022/10/20 17:05:04
月間,202210,策定,本四連系線,2022/12/08,夜間帯,逆方向,-1200,-1200,0,0,0,0,-1200,熱容量,0,0,0,0,2022/10/20 17:05:04
月間,202211,策定,本四連系線,2022/12/08,昼間帯,順方向,1200,1200,0,0,0,0,1200,熱容量,0,0,0,0,2022/11/18 17:05:04
月間,202211,策定,本四連系線,2022/12/08,昼間帯,逆方向,-1200,-1200,0,0,0,0,-1200,熱容量,0,0,0,0,2022/11/18 17:05:04
月間,202211,策定,本四連系線,2022/12/08,夜間帯,順方向,1200,1200,0,0,0,0,1200,熱容量,0,0,0,0,2022/11/18 17:05:04
月間,202211,策定,本四連系線,2022/12/08,夜間帯,逆方向,-1200,-1200,0,0,0,0,-1200,熱容量,0,0,0,0,2022/11/18 17:05:04
月間,202210,策定,本四連系線,2022/12/09,昼間帯,順方向,1200,1200,0,0,0,0,1200,熱容量,0,0,0,0,2022/10/20 17:05:04
月間,202210,策定,本四連系線,2022/12/09,昼間帯,逆方向,-1200,-1200,0,0,0,0,-1200,熱容量,0,0,0,0,2022/10/20 17:05:04
月間,202210,策定,本四連系線,2022/12/09,夜間帯,順方向,1200,1200,0,0,0,0,1200,熱容量,0,0,0,0,2022/10/20 17:05:04
月間,202210,策定,本四連系線,2022/12/09,夜間帯,逆方向,-1200,-1200,0,0,0,0,-1200,熱容量,0,0,0,0,2022/10/20 17:05:04
月間,202211,策定,本四連系線,2022/12/09,昼間帯,順方向,1200,1200,0,0,0,0,1200,熱容量,0,0,0,0,2022/11/18 17:05:04
月間,202211,策定,本四連系線,2022/12/09,昼間帯,逆方向,-1200,-1200,0,0,0,0,-1200,熱容量,0,0,0,0,2022/11/18 17:05:04
月間,202211,策定,本四連系線,2022/12/09,夜間帯,順方向,1200,1200,0,0,0,0,1200,熱容量,0,0,0,0,2022/11/18 17:05:04
月間,202211,策定,本四連系線,2022/12/09,夜間帯,逆方向,-1200,-1200,0,0,0,0,-1200,熱容量,0,0,0,0,2022/11/18 17:05:04
月間,202210,策定,本四連系線,2022/12/10,昼間帯,順方向,1200,1200,0,0,0,0,1200,熱容量,0,0,0,0,2022/10/20 17:05:04
月間,202210,策定,本四連系線,2022/12/10,昼間帯,逆方向,-1200,-1200,0,0,0,0,-1200,熱容量,0,0,0,0,2022/10/20 17:05:04
月間,202210,策定,本四連系線,2022/12/10,夜間帯,順方向,1200,1200,0,0,0,0,1200,熱容量,0,0,0,0,2022/10/20 17:05:04
月間,202210,策定,本四連系線,2022/12/10,夜間帯,逆方向,-1200,-1200,0,0,0,0,-1200,熱容量,0,0,0,0,2022/10/20 17:05:04
月間,202211,策定,本四連系線,2022/12/10,昼間帯,順方向,1200,1200,0,0,0,0,1200,熱容量,0,0,0,0,2022/11/18 17:05:04
月間,202211,策定,本四連系線,2022/12/10,昼間帯,逆方向,-1200,-1200,0,0,0,0,-1200,熱容量,0,0,0,0,2022/11/18 17:05:04
月間,202211,策定,本四連系線,2022/12/10,夜間帯,順方向,1200,1200,0,0,0,0,1200,熱容量,0,0,0,0,2022/11/18 17:05:04
月間,202211,策定,本四連系線,2022/12/10,夜間帯,逆方向,-1200,-1200,0,0,0,0,-1200,熱容量,0,0,0,0,2022/11/18 17:05:04
月間,202210,策定,本四連系線,2022/12/11,昼間帯,順方向,1200,1200,0,0,0,0,1200,熱容量,0,0,0,0,2022/10/20 17:05:04
月間,202210,策定,本四連系線,2022/12/11,昼間帯,逆方向,-1200,-1200,0,0,0,0,-1200,熱容量,0,0,0,0,2022/10/20 17:05:04
月間,202210,策定,本四連系線,2022/12/11,夜間帯,順方向,1200,1200,0,0,0,0,1200,熱容量,0,0,0,0,2022/10/20 17:05:04
月間,202210,策定,本四連系線,2022/12/11,夜間帯,逆方向,-1200,-1200,0,0,0,0,-1200,熱容量,0,0,0,0,2022/10/20 17:05:04
月間,202211,策定,本四連系線,2022/12/11,昼間帯,順方向,1200,1200,0,0,0,0,1200,熱容量,0,0,0,0,2022/11/18 17:05:04
月間,202211,策定,本四連系線,2022/12/11,昼間帯,逆方向,-1200,-1200,0,0,0,0,-1200,熱容量,0,0,0,0,2022/11/18 17:05:04
月間,202211,策定,本四連系線,2022/12/11,夜間帯,順方向,1200,1200,0,0,0,0,1200,熱容量,0,0,0,0,2022/11/18 17:05:04
月間,202211,策定,本四連系線,2022/12/11,夜間帯,逆方向,-1200,-1200,0,0,0,0,-1200,熱容量,0,0,0,0,2022/11/18 17:05:04
月間,202210,策定,本四連系線,2022/12/12,昼間帯,順方向,1200,1200,0,0,0,0,1200,熱容量,0,0,0,0,2022/10/20 17:05:04
月間,202210,策定,本四連系線,2022/12/12,昼間帯,逆方向,-1200,-1200,0,0,0,0,-1200,熱容量,0,0,0,0,2022/10/20 17:05:04
月間,202210,策定,本四連系線,2022/12/12,夜間帯,順方向,1200,1200,0,0,0,0,1200,熱容量,0,0,0,0,2022/10/20 17:05:04
月間,202210,策定,本四連系線,2022/12/12,夜間帯,逆方向,-1200,-1200,0,0,0,0,-1200,熱容量,0,0,0,0,2022/10/20 17:05:04
月間,202211,策定,本四連系線,2022/12/12,昼間帯,順方向,1200,1200,0,0,0,0,1200,熱容量,0,0,0,0,2022/11/18 17:05:04
月間,202211,策定,本四連系線,2022/12/12,昼間帯,逆方向,-1200,-1200,0,0,0,0,-1200,熱容量,0,0,0,0,2022/11/18 17:05:04
月間,202211,策定,本四連系線,2022/12/12,夜間帯,順方向,1200,1200,0,0,0,0,1200,熱容量,0,0,0,0,2022/11/18 17:05:04
月間,202211,策定,本四連系線,2022/12/12,夜間帯,逆方向,-1200,-1200,0,0,0,0,-1200,熱容量,0,0,0,0,2022/11/18 17:05:04
月間,202210,策定,本四連系線,2022/12/13,昼間帯,順方向,1200,1200,0,0,0,0,1200,熱容量,0,0,0,0,2022/10/20 17:05:04
月間,202210,策定,本四連系線,2022/12/13,昼間帯,逆方向,-1200,-1200,0,0,0,0,-1200,熱容量,0,0,0,0,2022/10/20 17:05:04
月間,202210,策定,本四連系線,2022/12/13,夜間帯,順方向,1200,1200,0,0,0,0,1200,熱容量,0,0,0,0,2022/10/20 17:05:04
月間,202210,策定,本四連系線,2022/12/13,夜間帯,逆方向,-1200,-1200,0,0,0,0,-1200,熱容量,0,0,0,0,2022/10/20 17:05:04
月間,202211,策定,本四連系線,2022/12/13,昼間帯,順方向,1200,1200,0,0,0,0,1200,熱容量,0,0,0,0,2022/11/18 17:05:04
月間,202211,策定,本四連系線,2022/12/13,昼間帯,逆方向,-1200,-1200,0,0,0,0,-1200,熱容量,0,0,0,0,2022/11/18 17:05:04
月間,202211,策定,本四連系線,2022/12/13,夜間帯,順方向,1200,1200,0,0,0,0,1200,熱容量,0,0,0,0,2022/11/18 17:05:04
月間,202211,策定,本四連系線,2022/12/13,夜間帯,逆方向,-1200,-1200,0,0,0,0,-1200,熱容量,0,0,0,0,2022/11/18 17:05:04
月間,202210,策定,本四連系線,2022/12/14,昼間帯,順方向,1200,1200,0,0,0,0,1200,熱容量,0,0,0,0,2022/10/20 17:05:04
月間,202210,策定,本四連系線,2022/12/14,昼間帯,逆方向,-1200,-1200,0,0,0,0,-1200,熱容量,0,0,0,0,2022/10/20 17:05:04
月間,202210,策定,本四連系線,2022/12/14,夜間帯,順方向,1200,1200,0,0,0,0,1200,熱容量,0,0,0,0,2022/10/20 17:05:04
月間,202210,策定,本四連系線,2022/12/14,夜間帯,逆方向,-1200,-1200,0,0,0,0,-1200,熱容量,0,0,0,0,2022/10/20 17:05:04
月間,202211,策定,本四連系線,2022/12/14,昼間帯,順方向,1200,1200,0,0,0,0,1200,熱容量,0,0,0,0,2022/11/18 17:05:04
月間,202211,策定,本四連系線,2022/12/14,昼間帯,逆方向,-1200,-1200,0,0,0,0,-1200,熱容量,0,0,0,0,2022/11/18 17:05:04
月間,202211,策定,本四連系線,2022/12/14,夜間帯,順方向,1200,1200,0,0,0,0,1200,熱容量,0,0,0,0,2022/11/18 17:05:04
月間,202211,策定,本四連系線,2022/12/14,夜間帯,逆方向,-1200,-1200,0,0,0,0,-1200,熱容量,0,0,0,0,2022/11/18 17:05:04
月間,202210,策定,本四連系線,2022/12/15,昼間帯,順方向,1200,1200,0,0,0,0,1200,熱容量,0,0,0,0,2022/10/20 17:05:04
月間,202210,策定,本四連系線,2022/12/15,昼間帯,逆方向,-1200,-1200,0,0,0,0,-1200,熱容量,0,0,0,0,2022/10/20 17:05:04
月間,202210,策定,本四連系線,2022/12/15,夜間帯,順方向,1200,1200,0,0,0,0,1200,熱容量,0,0,0,0,2022/10/20 17:05:04
月間,202210,策定,本四連系線,2022/12/15,夜間帯,逆方向,-1200,-1200,0,0,0,0,-1200,熱容量,0,0,0,0,2022/10/20 17:05:04
月間,202211,策定,本四連系線,2022/12/15,昼間帯,順方向,1200,1200,0,0,0,0,1200,熱容量,0,0,0,0,2022/11/18 17:05:04
月間,202211,策定,本四連系線,2022/12/15,昼間帯,逆方向,-1200,-1200,0,0,0,0,-1200,熱容量,0,0,0,0,2022/11/18 17:05:04
月間,202211,策定,本四連系線,2022/12/15,夜間帯,順方向,1200,1200,0,0,0,0,1200,熱容量,0,0,0,0,2022/11/18 17:05:04
月間,202211,策定,本四連系線,2022/12/15,夜間帯,逆方向,-1200,-1200,0,0,0,0,-1200,熱容量,0,0,0,0,2022/11/18 17:05:04
月間,202210,策定,本四連系線,2022/12/16,昼間帯,順方向,1200,1200,0,0,0,0,1200,熱容量,0,0,0,0,2022/10/20 17:05:04
月間,202210,策定,本四連系線,2022/12/16,昼間帯,逆方向,-1200,-1200,0,0,0,0,-1200,熱容量,0,0,0,0,2022/10/20 17:05:04
月間,202210,策定,本四連系線,2022/12/16,夜間帯,順方向,1200,1200,0,0,0,0,1200,熱容量,0,0,0,0,2022/10/20 17:05:04
月間,202210,策定,本四連系線,2022/12/16,夜間帯,逆方向,-1200,-1200,0,0,0,0,-1200,熱容量,0,0,0,0,2022/10/20 17:05:04
月間,202211,策定,本四連系線,2022/12/16,昼間帯,順方向,1200,1200,0,0,0,0,1200,熱容量,0,0,0,0,2022/11/18 17:05:04
月間,202211,策定,本四連系線,2022/12/16,昼間帯,逆方向,-1200,-1200,0,0,0,0,-1200,熱容量,0,0,0,0,2022/11/18 17:05:04
月間,202211,策定,本四連系線,2022/12/16,夜間帯,順方向,1200,1200,0,0,0,0,1200,熱容量,0,0,0,0,2022/11/18 17:05:04
月間,202211,策定,本四連系線,2022/12/16,夜間帯,逆方向,-1200,-1200,0,0,0,0,-1200,熱容量,0,0,0,0,2022/11/18 17:05:04
月間,202210,策定,本四連系線,2022/12/17,昼間帯,順方向,1200,1200,0,0,0,0,1200,熱容量,0,0,0,0,2022/10/20 17:05:04
月間,202210,策定,本四連系線,2022/12/17,昼間帯,逆方向,-1200,-1200,0,0,0,0,-1200,熱容量,0,0,0,0,2022/10/20 17:05:04
月間,202210,策定,本四連系線,2022/12/17,夜間帯,順方向,1200,1200,0,0,0,0,1200,熱容量,0,0,0,0,2022/10/20 17:05:04
月間,202210,策定,本四連系線,2022/12/17,夜間帯,逆方向,-1200,-1200,0,0,0,0,-1200,熱容量,0,0,0,0,2022/10/20 17:05:04
月間,202211,策定,本四連系線,2022/12/17,昼間帯,順方向,1200,1200,0,0,0,0,1200,熱容量,0,0,0,0,2022/11/18 17:05:04
月間,202211,策定,本四連系線,2022/12/17,昼間帯,逆方向,-1200,-1200,0,0,0,0,-1200,熱容量,0,0,0,0,2022/11/18 17:05:04
月間,202211,策定,本四連系線,2022/12/17,夜間帯,順方向,1200,1200,0,0,0,0,1200,熱容量,0,0,0,0,2022/11/18 17:05:04
月間,202211,策定,本四連系線,2022/12/17,夜間帯,逆方向,-1200,-1200,0,0,0,0,-1200,熱容量,0,0,0,0,2022/11/18 17:05:04
月間,202210,策定,本四連系線,2022/12/18,昼間帯,順方向,1200,1200,0,0,0,0,1200,熱容量,0,0,0,0,2022/10/20 17:05:04
月間,202210,策定,本四連系線,2022/12/18,昼間帯,逆方向,-1200,-1200,0,0,0,0,-1200,熱容量,0,0,0,0,2022/10/20 17:05:04
月間,202210,策定,本四連系線,2022/12/18,夜間帯,順方向,1200,1200,0,0,0,0,1200,熱容量,0,0,0,0,2022/10/20 17:05:04
月間,202210,策定,本四連系線,2022/12/18,夜間帯,逆方向,-1200,-1200,0,0,0,0,-1200,熱容量,0,0,0,0,2022/10/20 17:05:04
月間,202211,策定,本四連系線,2022/12/18,昼間帯,順方向,1200,1200,0,0,0,0,1200,熱容量,0,0,0,0,2022/11/18 17:05:04
月間,202211,策定,本四連系線,2022/12/18,昼間帯,逆方向,-1200,-1200,0,0,0,0,-1200,熱容量,0,0,0,0,2022/11/18 17:05:04
月間,202211,策定,本四連系線,2022/12/18,夜間帯,順方向,1200,1200,0,0,0,0,1200,熱容量,0,0,0,0,2022/11/18 17:05:04
月間,202211,策定,本四連系線,2022/12/18,夜間帯,逆方向,-1200,-1200,0,0,0,0,-1200,熱容量,0,0,0,0,2022/11/18 17:05:04
月間,202210,策定,本四連系線,2022/12/19,昼間帯,順方向,1200,1200,0,0,0,0,1200,熱容量,0,0,0,0,2022/10/20 17:05:04
月間,202210,策定,本四連系線,2022/12/19,昼間帯,逆方向,-1200,-1200,0,0,0,0,-1200,熱容量,0,0,0,0,2022/10/20 17:05:04
月間,202210,策定,本四連系線,2022/12/19,夜間帯,順方向,1200,1200,0,0,0,0,1200,熱容量,0,0,0,0,2022/10/20 17:05:04
月間,202210,策定,本四連系線,2022/12/19,夜間帯,逆方向,-1200,-1200,0,0,0,0,-1200,熱容量,0,0,0,0,2022/10/20 17:05:04
月間,202211,策定,本四連系線,2022/12/19,昼間帯,順方向,1200,1200,0,0,0,0,1200,熱容量,0,0,0,0,2022/11/18 17:05:04
月間,202211,策定,本四連系線,2022/12/19,昼間帯,逆方向,-1200,-1200,0,0,0,0,-1200,熱容量,0,0,0,0,2022/11/18 17:05:04
月間,202211,策定,本四連系線,2022/12/19,夜間帯,順方向,1200,1200,0,0,0,0,1200,熱容量,0,0,0,0,2022/11/18 17:05:04
月間,202211,策定,本四連系線,2022/12/19,夜間帯,逆方向,-1200,-1200,0,0,0,0,-1200,熱容量,0,0,0,0,2022/11/18 17:05:04
月間,202210,策定,本四連系線,2022/12/20,昼間帯,順方向,1200,1200,0,0,0,0,1200,熱容量,0,0,0,0,2022/10/20 17:05:04
月間,202210,策定,本四連系線,2022/12/20,昼間帯,逆方向,-1200,-1200,0,0,0,0,-1200,熱容量,0,0,0,0,2022/10/20 17:05:04
月間,202210,策定,本四連系線,2022/12/20,夜間帯,順方向,1200,1200,0,0,0,0,1200,熱容量,0,0,0,0,2022/10/20 17:05:04
月間,202210,策定,本四連系線,2022/12/20,夜間帯,逆方向,-1200,-1200,0,0,0,0,-1200,熱容量,0,0,0,0,2022/10/20 17:05:04
月間,202211,策定,本四連系線,2022/12/20,昼間帯,順方向,1200,1200,0,0,0,0,1200,熱容量,0,0,0,0,2022/11/18 17:05:04
月間,202211,策定,本四連系線,2022/12/20,昼間帯,逆方向,-1200,-1200,0,0,0,0,-1200,熱容量,0,0,0,0,2022/11/18 17:05:04
月間,202211,策定,本四連系線,2022/12/20,夜間帯,順方向,1200,1200,0,0,0,0,1200,熱容量,0,0,0,0,2022/11/18 17:05:04
月間,202211,策定,本四連系線,2022/12/20,夜間帯,逆方向,-1200,-1200,0,0,0,0,-1200,熱容量,0,0,0,0,2022/11/18 17:05:04
月間,202210,策定,本四連系線,2022/12/21,昼間帯,順方向,1200,1200,0,0,0,0,1200,熱容量,0,0,0,0,2022/10/20 17:05:04
月間,202210,策定,本四連系線,2022/12/21,昼間帯,逆方向,-1200,-1200,0,0,0,0,-1200,熱容量,0,0,0,0,2022/10/20 17:05:04
月間,202210,策定,本四連系線,2022/12/21,夜間帯,順方向,1200,1200,0,0,0,0,1200,熱容量,0,0,0,0,2022/10/20 17:05:04
月間,202210,策定,本四連系線,2022/12/21,夜間帯,逆方向,-1200,-1200,0,0,0,0,-1200,熱容量,0,0,0,0,2022/10/20 17:05:04
月間,202211,策定,本四連系線,2022/12/21,昼間帯,順方向,1200,1200,0,0,0,0,1200,熱容量,0,0,0,0,2022/11/18 17:05:04
月間,202211,策定,本四連系線,2022/12/21,昼間帯,逆方向,-1200,-1200,0,0,0,0,-1200,熱容量,0,0,0,0,2022/11/18 17:05:04
月間,202211,策定,本四連系線,2022/12/21,夜間帯,順方向,1200,1200,0,0,0,0,1200,熱容量,0,0,0,0,2022/11/18 17:05:04
月間,202211,策定,本四連系線,2022/12/21,夜間帯,逆方向,-1200,-1200,0,0,0,0,-1200,熱容量,0,0,0,0,2022/11/18 17:05:04
月間,202210,策定,本四連系線,2022/12/22,昼間帯,順方向,1200,1200,0,0,0,0,1200,熱容量,0,0,0,0,2022/10/20 17:05:04
月間,202210,策定,本四連系線,2022/12/22,昼間帯,逆方向,-1200,-1200,0,0,0,0,-1200,熱容量,0,0,0,0,2022/10/20 17:05:04
月間,202210,策定,本四連系線,2022/12/22,夜間帯,順方向,1200,1200,0,0,0,0,1200,熱容量,0,0,0,0,2022/10/20 17:05:04
月間,202210,策定,本四連系線,2022/12/22,夜間帯,逆方向,-1200,-1200,0,0,0,0,-1200,熱容量,0,0,0,0,2022/10/20 17:05:04
月間,202211,策定,本四連系線,2022/12/22,昼間帯,順方向,1200,1200,0,0,0,0,1200,熱容量,0,0,0,0,2022/11/18 17:05:04
月間,202211,策定,本四連系線,2022/12/22,昼間帯,逆方向,-1200,-1200,0,0,0,0,-1200,熱容量,0,0,0,0,2022/11/18 17:05:04
月間,202211,策定,本四連系線,2022/12/22,夜間帯,順方向,1200,1200,0,0,0,0,1200,熱容量,0,0,0,0,2022/11/18 17:05:04
月間,202211,策定,本四連系線,2022/12/22,夜間帯,逆方向,-1200,-1200,0,0,0,0,-1200,熱容量,0,0,0,0,2022/11/18 17:05:04
月間,202210,策定,本四連系線,2022/12/23,昼間帯,順方向,1200,1200,0,0,0,0,1200,熱容量,0,0,0,0,2022/10/20 17:05:04
月間,202210,策定,本四連系線,2022/12/23,昼間帯,逆方向,-1200,-1200,0,0,0,0,-1200,熱容量,0,0,0,0,2022/10/20 17:05:04
月間,202210,策定,本四連系線,2022/12/23,夜間帯,順方向,1200,1200,0,0,0,0,1200,熱容量,0,0,0,0,2022/10/20 17:05:04
月間,202210,策定,本四連系線,2022/12/23,夜間帯,逆方向,-1200,-1200,0,0,0,0,-1200,熱容量,0,0,0,0,2022/10/20 17:05:04
月間,202211,策定,本四連系線,2022/12/23,昼間帯,順方向,1200,1200,0,0,0,0,1200,熱容量,0,0,0,0,2022/11/18 17:05:04
月間,202211,策定,本四連系線,2022/12/23,昼間帯,逆方向,-1200,-1200,0,0,0,0,-1200,熱容量,0,0,0,0,2022/11/18 17:05:04
月間,202211,策定,本四連系線,2022/12/23,夜間帯,順方向,1200,1200,0,0,0,0,1200,熱容量,0,0,0,0,2022/11/18 17:05:04
月間,202211,策定,本四連系線,2022/12/23,夜間帯,逆方向,-1200,-1200,0,0,0,0,-1200,熱容量,0,0,0,0,2022/11/18 17:05:04
月間,202210,策定,本四連系線,2022/12/24,昼間帯,順方向,1200,1200,0,0,0,0,1200,熱容量,0,0,0,0,2022/10/20 17:05:04
月間,202210,策定,本四連系線,2022/12/24,昼間帯,逆方向,-1200,-1200,0,0,0,0,-1200,熱容量,0,0,0,0,2022/10/20 17:05:04
月間,202210,策定,本四連系線,2022/12/24,夜間帯,順方向,1200,1200,0,0,0,0,1200,熱容量,0,0,0,0,2022/10/20 17:05:04
月間,202210,策定,本四連系線,2022/12/24,夜間帯,逆方向,-1200,-1200,0,0,0,0,-1200,熱容量,0,0,0,0,2022/10/20 17:05:04
月間,202211,策定,本四連系線,2022/12/24,昼間帯,順方向,1200,1200,0,0,0,0,1200,熱容量,0,0,0,0,2022/11/18 17:05:04
月間,202211,策定,本四連系線,2022/12/24,昼間帯,逆方向,-1200,-1200,0,0,0,0,-1200,熱容量,0,0,0,0,2022/11/18 17:05:04
月間,202211,策定,本四連系線,2022/12/24,夜間帯,順方向,1200,1200,0,0,0,0,1200,熱容量,0,0,0,0,2022/11/18 17:05:04
月間,202211,策定,本四連系線,2022/12/24,夜間帯,逆方向,-1200,-1200,0,0,0,0,-1200,熱容量,0,0,0,0,2022/11/18 17:05:04
月間,202210,策定,本四連系線,2022/12/25,昼間帯,順方向,1200,1200,0,0,0,0,1200,熱容量,0,0,0,0,2022/10/20 17:05:04
月間,202210,策定,本四連系線,2022/12/25,昼間帯,逆方向,-1200,-1200,0,0,0,0,-1200,熱容量,0,0,0,0,2022/10/20 17:05:04
月間,202210,策定,本四連系線,2022/12/25,夜間帯,順方向,1200,1200,0,0,0,0,1200,熱容量,0,0,0,0,2022/10/20 17:05:04
月間,202210,策定,本四連系線,2022/12/25,夜間帯,逆方向,-1200,-1200,0,0,0,0,-1200,熱容量,0,0,0,0,2022/10/20 17:05:04
月間,202211,策定,本四連系線,2022/12/25,昼間帯,順方向,1200,1200,0,0,0,0,1200,熱容量,0,0,0,0,2022/11/18 17:05:04
月間,202211,策定,本四連系線,2022/12/25,昼間帯,逆方向,-1200,-1200,0,0,0,0,-1200,熱容量,0,0,0,0,2022/11/18 17:05:04
月間,202211,策定,本四連系線,2022/12/25,夜間帯,順方向,1200,1200,0,0,0,0,1200,熱容量,0,0,0,0,2022/11/18 17:05:04
月間,202211,策定,本四連系線,2022/12/25,夜間帯,逆方向,-1200,-1200,0,0,0,0,-1200,熱容量,0,0,0,0,2022/11/18 17:05:04
月間,202210,策定,本四連系線,2022/12/26,昼間帯,順方向,1200,1200,0,0,0,0,1200,熱容量,0,0,0,0,2022/10/20 17:05:04
月間,202210,策定,本四連系線,2022/12/26,昼間帯,逆方向,-1200,-1200,0,0,0,0,-1200,熱容量,0,0,0,0,2022/10/20 17:05:04
月間,202210,策定,本四連系線,2022/12/26,夜間帯,順方向,1200,1200,0,0,0,0,1200,熱容量,0,0,0,0,2022/10/20 17:05:04
月間,202210,策定,本四連系線,2022/12/26,夜間帯,逆方向,-1200,-1200,0,0,0,0,-1200,熱容量,0,0,0,0,2022/10/20 17:05:04
月間,202211,策定,本四連系線,2022/12/26,昼間帯,順方向,1200,1200,0,0,0,0,1200,熱容量,0,0,0,0,2022/11/18 17:05:04
月間,202211,策定,本四連系線,2022/12/26,昼間帯,逆方向,-1200,-1200,0,0,0,0,-1200,熱容量,0,0,0,0,2022/11/18 17:05:04
月間,202211,策定,本四連系線,2022/12/26,夜間帯,順方向,1200,1200,0,0,0,0,1200,熱容量,0,0,0,0,2022/11/18 17:05:04
月間,202211,策定,本四連系線,2022/12/26,夜間帯,逆方向,-1200,-1200,0,0,0,0,-1200,熱容量,0,0,0,0,2022/11/18 17:05:04
月間,202210,策定,本四連系線,2022/12/27,昼間帯,順方向,1200,1200,0,0,0,0,1200,熱容量,0,0,0,0,2022/10/20 17:05:04
月間,202210,策定,本四連系線,2022/12/27,昼間帯,逆方向,-1200,-1200,0,0,0,0,-1200,熱容量,0,0,0,0,2022/10/20 17:05:04
月間,202210,策定,本四連系線,2022/12/27,夜間帯,順方向,1200,1200,0,0,0,0,1200,熱容量,0,0,0,0,2022/10/20 17:05:04
月間,202210,策定,本四連系線,2022/12/27,夜間帯,逆方向,-1200,-1200,0,0,0,0,-1200,熱容量,0,0,0,0,2022/10/20 17:05:04
月間,202211,策定,本四連系線,2022/12/27,昼間帯,順方向,1200,1200,0,0,0,0,1200,熱容量,0,0,0,0,2022/11/18 17:05:04
月間,202211,策定,本四連系線,2022/12/27,昼間帯,逆方向,-1200,-1200,0,0,0,0,-1200,熱容量,0,0,0,0,2022/11/18 17:05:04
月間,202211,策定,本四連系線,2022/12/27,夜間帯,順方向,1200,1200,0,0,0,0,1200,熱容量,0,0,0,0,2022/11/18 17:05:04
月間,202211,策定,本四連系線,2022/12/27,夜間帯,逆方向,-1200,-1200,0,0,0,0,-1200,熱容量,0,0,0,0,2022/11/18 17:05:04
月間,202210,策定,本四連系線,2022/12/28,昼間帯,順方向,1200,1200,0,0,0,0,1200,熱容量,0,0,0,0,2022/10/20 17:05:04
月間,202210,策定,本四連系線,2022/12/28,昼間帯,逆方向,-1200,-1200,0,0,0,0,-1200,熱容量,0,0,0,0,2022/10/20 17:05:04
月間,202210,策定,本四連系線,2022/12/28,夜間帯,順方向,1200,1200,0,0,0,0,1200,熱容量,0,0,0,0,2022/10/20 17:05:04
月間,202210,策定,本四連系線,2022/12/28,夜間帯,逆方向,-1200,-1200,0,0,0,0,-1200,熱容量,0,0,0,0,2022/10/20 17:05:04
月間,202211,策定,本四連系線,2022/12/28,昼間帯,順方向,1200,1200,0,0,0,0,1200,熱容量,0,0,0,0,2022/11/18 17:05:04
月間,202211,策定,本四連系線,2022/12/28,昼間帯,逆方向,-1200,-1200,0,0,0,0,-1200,熱容量,0,0,0,0,2022/11/18 17:05:04
月間,202211,策定,本四連系線,2022/12/28,夜間帯,順方向,1200,1200,0,0,0,0,1200,熱容量,0,0,0,0,2022/11/18 17:05:04
月間,202211,策定,本四連系線,2022/12/28,夜間帯,逆方向,-1200,-1200,0,0,0,0,-1200,熱容量,0,0,0,0,2022/11/18 17:05:04
月間,202210,策定,本四連系線,2022/12/29,昼間帯,順方向,1200,1200,0,0,0,0,1200,熱容量,0,0,0,0,2022/10/20 17:05:04
月間,202210,策定,本四連系線,2022/12/29,昼間帯,逆方向,-1200,-1200,0,0,0,0,-1200,熱容量,0,0,0,0,2022/10/20 17:05:04
月間,202210,策定,本四連系線,2022/12/29,夜間帯,順方向,1200,1200,0,0,0,0,1200,熱容量,0,0,0,0,2022/10/20 17:05:04
月間,202210,策定,本四連系線,2022/12/29,夜間帯,逆方向,-1200,-1200,0,0,0,0,-1200,熱容量,0,0,0,0,2022/10/20 17:05:04
月間,202211,策定,本四連系線,2022/12/29,昼間帯,順方向,1200,1200,0,0,0,0,1200,熱容量,0,0,0,0,2022/11/18 17:05:04
月間,202211,策定,本四連系線,2022/12/29,昼間帯,逆方向,-1200,-1200,0,0,0,0,-1200,熱容量,0,0,0,0,2022/11/18 17:05:04
月間,202211,策定,本四連系線,2022/12/29,夜間帯,順方向,1200,1200,0,0,0,0,1200,熱容量,0,0,0,0,2022/11/18 17:05:04
月間,202211,策定,本四連系線,2022/12/29,夜間帯,逆方向,-1200,-1200,0,0,0,0,-1200,熱容量,0,0,0,0,2022/11/18 17:05:04
月間,202210,策定,本四連系線,2022/12/30,昼間帯,順方向,1200,1200,0,0,0,0,1200,熱容量,0,0,0,0,2022/10/20 17:05:04
月間,202210,策定,本四連系線,2022/12/30,昼間帯,逆方向,-1200,-1200,0,0,0,0,-1200,熱容量,0,0,0,0,2022/10/20 17:05:04
月間,202210,策定,本四連系線,2022/12/30,夜間帯,順方向,1200,1200,0,0,0,0,1200,熱容量,0,0,0,0,2022/10/20 17:05:04
月間,202210,策定,本四連系線,2022/12/30,夜間帯,逆方向,-1200,-1200,0,0,0,0,-1200,熱容量,0,0,0,0,2022/10/20 17:05:04
月間,202211,策定,本四連系線,2022/12/30,昼間帯,順方向,1200,1200,0,0,0,0,1200,熱容量,0,0,0,0,2022/11/18 17:05:04
月間,202211,策定,本四連系線,2022/12/30,昼間帯,逆方向,-1200,-1200,0,0,0,0,-1200,熱容量,0,0,0,0,2022/11/18 17:05:04
月間,202211,策定,本四連系線,2022/12/30,夜間帯,順方向,1200,1200,0,0,0,0,1200,熱容量,0,0,0,0,2022/11/18 17:05:04
月間,202211,策定,本四連系線,2022/12/30,夜間帯,逆方向,-1200,-1200,0,0,0,0,-1200,熱容量,0,0,0,0,2022/11/18 17:05:04
月間,202210,策定,本四連系線,2022/12/31,昼間帯,順方向,1200,1200,0,0,0,0,1200,熱容量,0,0,0,0,2022/10/20 17:05:04
月間,202210,策定,本四連系線,2022/12/31,昼間帯,逆方向,-1200,-1200,0,0,0,0,-1200,熱容量,0,0,0,0,2022/10/20 17:05:04
月間,202210,策定,本四連系線,2022/12/31,夜間帯,順方向,1200,1200,0,0,0,0,1200,熱容量,0,0,0,0,2022/10/20 17:05:04
月間,202210,策定,本四連系線,2022/12/31,夜間帯,逆方向,-1200,-1200,0,0,0,0,-1200,熱容量,0,0,0,0,2022/10/20 17:05:04
月間,202211,策定,本四連系線,2022/12/31,昼間帯,順方向,1200,1200,0,0,0,0,1200,熱容量,0,0,0,0,2022/11/18 17:05:04
月間,202211,策定,本四連系線,2022/12/31,昼間帯,逆方向,-1200,-1200,0,0,0,0,-1200,熱容量,0,0,0,0,2022/11/18 17:05:04
月間,202211,策定,本四連系線,2022/12/31,夜間帯,順方向,1200,1200,0,0,0,0,1200,熱容量,0,0,0,0,2022/11/18 17:05:04
月間,202211,策定,本四連系線,2022/12/31,夜間帯,逆方向,-1200,-1200,0,0,0,0,-1200,熱容量,0,0,0,0,2022/11/18 17:05:04
月間,202209,策定,関門連系線,2022/11/01,昼間帯,順方向,110,110,0,0,0,0,110,周波数,0,0,0,0,2022/09/20 17:05:04
月間,202209,策定,関門連系線,2022/11/01,昼間帯,逆方向,-2290,-2290,0,0,0,0,-2290,周波数,0,0,0,0,2022/09/20 17:05:04
月間,202209,策定,関門連系線,2022/11/01,夜間帯,順方向,390,390,0,0,0,0,390,周波数,0,0,0,0,2022/09/20 17:05:04
月間,202209,策定,関門連系線,2022/11/01,夜間帯,逆方向,-2030,-2030,0,0,0,0,-2030,周波数,0,0,0,0,2022/09/20 17:05:04
月間,202209,策定,関門連系線,2022/11/02,昼間帯,順方向,110,110,0,0,0,0,110,周波数,0,0,0,0,2022/09/20 17:05:04
月間,202209,策定,関門連系線,2022/11/02,昼間帯,逆方向,-2290,-2290,0,0,0,0,-2290,周波数,0,0,0,0,2022/09/20 17:05:04
月間,202209,策定,関門連系線,2022/11/02,夜間帯,順方向,390,390,0,0,0,0,390,周波数,0,0,0,0,2022/09/20 17:05:04
月間,202209,策定,関門連系線,2022/11/02,夜間帯,逆方向,-2030,-2030,0,0,0,0,-2030,周波数,0,0,0,0,2022/09/20 17:05:04
月間,202209,策定,関門連系線,2022/11/03,昼間帯,順方向,40,40,0,0,0,0,40,周波数,0,0,0,0,2022/09/20 17:05:04
月間,202209,策定,関門連系線,2022/11/03,昼間帯,逆方向,-1930,-1930,0,0,0,0,-1930,周波数,0,0,0,0,2022/09/20 17:05:04
月間,202209,策定,関門連系線,2022/11/03,夜間帯,順方向,340,340,0,0,0,0,340,周波数,0,0,0,0,2022/09/20 17:05:04
月間,202209,策定,関門連系線,2022/11/03,夜間帯,逆方向,-1750,-1750,0,0,0,0,-1750,周波数,0,0,0,0,2022/09/20 17:05:04
月間,202209,策定,関門連系線,2022/11/04,昼間帯,順方向,110,110,0,0,0,0,110,周波数,0,0,0,0,2022/09/20 17:05:04
月間,202209,策定,関門連系線,2022/11/04,昼間帯,逆方向,-2290,-2290,0,0,0,0,-2290,周波数,0,0,0,0,2022/09/20 17:05:04
月間,202209,策定,関門連系線,2022/11/04,夜間帯,順方向,340,340,0,0,0,0,340,周波数,0,0,0,0,2022/09/20 17:05:04
月間,202209,策定,関門連系線,2022/11/04,夜間帯,逆方向,-1750,-1750,0,0,0,0,-1750,周波数,0,0,0,0,2022/09/20 17:05:04
月間,202209,策定,関門連系線,2022/11/05,昼間帯,順方向,40,40,0,0,0,0,40,周波数,0,0,0,0,2022/09/20 17:05:04
月間,202209,策定,関門連系線,2022/11/05,昼間帯,逆方向,-1930,-1930,0,0,0,0,-1930,周波数,0,0,0,0,2022/09/20 17:05:04
月間,202209,策定,関門連系線,2022/11/05,夜間帯,順方向,340,340,0,0,0,0,340,周波数,0,0,0,0,2022/09/20 17:05:04
月間,202209,策定,関門連系線,2022/11/05,夜間帯,逆方向,-1750,-1750,0,0,0,0,-1750,周波数,0,0,0,0,2022/09/20 17:05:04
月間,202210,策定,関門連系線,2022/11/05,昼間帯,順方向,40,40,0,0,0,0,40,周波数,0,0,0,0,2022/10/20 17:05:04
月間,202210,策定,関門連系線,2022/11/05,昼間帯,逆方向,-1930,-1930,0,0,0,0,-1930,周波数,0,0,0,0,2022/10/20 17:05:04
月間,202210,策定,関門連系線,2022/11/05,夜間帯,順方向,340,340,0,0,0,0,340,周波数,0,0,0,0,2022/10/20 17:05:04
月間,202210,策定,関門連系線,2022/11/05,夜間帯,逆方向,-1750,-1750,0,0,0,0,-1750,周波数,0,0,0,0,2022/10/20 17:05:04
月間,202209,策定,関門連系線,2022/11/06,昼間帯,順方向,40,40,0,0,0,0,40,周波数,0,0,0,0,2022/09/20 17:05:04
月間,202209,策定,関門連系線,2022/11/06,昼間帯,逆方向,-1930,-1930,0,0,0,0,-1930,周波数,0,0,0,0,2022/09/20 17:05:04
月間,202209,策定,関門連系線,2022/11/06,夜間帯,順方向,340,340,0,0,0,0,340,周波数,0,0,0,0,2022/09/20 17:05:04
月間,202209,策定,関門連系線,2022/11/06,夜間帯,逆方向,-1750,-1750,0,0,0,0,-1750,周波数,0,0,0,0,2022/09/20 17:05:04
月間,202210,策定,関門連系線,2022/11/06,昼間帯,順方向,40,40,0,0,0,0,40,周波数,0,0,0,0,2022/10/20 17:05:04
月間,202210,策定,関門連系線,2022/11/06,昼間帯,逆方向,-1930,-1930,0,0,0,0,-1930,周波数,0,0,0,0,2022/10/20 17:05:04
月間,202210,策定,関門連系線,2022/11/06,夜間帯,順方向,340,340,0,0,0,0,340,周波数,0,0,0,0,2022/10/20 17:05:04
月間,202210,策定,関門連系線,2022/11/06,夜間帯,逆方向,-1750,-1750,0,0,0,0,-1750,周波数,0,0,0,0,2022/10/20 17:05:04
月間,202209,策定,関門連系線,2022/11/07,昼間帯,順方向,110,110,0,0,0,0,110,周波数,0,0,0,0,2022/09/20 17:05:04
月間,202209,策定,関門連系線,2022/11/07,昼間帯,逆方向,-2290,-2290,0,0,0,0,-2290,周波数,0,0,0,0,2022/09/20 17:05:04
月間,202209,策定,関門連系線,2022/11/07,夜間帯,順方向,340,340,0,0,0,0,340,周波数,0,0,0,0,2022/09/20 17:05:04
月間,202209,策定,関門連系線,2022/11/07,夜間帯,逆方向,-1750,-1750,0,0,0,0,-1750,周波数,0,0,0,0,2022/09/20 17:05:04
月間,202210,策定,関門連系線,2022/11/07,昼間帯,順方向,110,110,0,0,0,0,110,周波数,0,0,0,0,2022/10/20 17:05:04
月間,202210,策定,関門連系線,2022/11/07,昼間帯,逆方向,-2290,-2290,0,0,0,0,-2290,周波数,0,0,0,0,2022/10/20 17:05:04
月間,202210,策定,関門連系線,2022/11/07,夜間帯,順方向,340,340,0,0,0,0,340,周波数,0,0,0,0,2022/10/20 17:05:04
月間,202210,策定,関門連系線,2022/11/07,夜間帯,逆方向,-1750,-1750,0,0,0,0,-1750,周波数,0,0,0,0,2022/10/20 17:05:04
月間,202209,策定,関門連系線,2022/11/08,昼間帯,順方向,110,110,0,0,0,0,110,周波数,0,0,0,0,2022/09/20 17:05:04
月間,202209,策定,関門連系線,2022/11/08,昼間帯,逆方向,-2290,-2290,0,0,0,0,-2290,周波数,0,0,0,0,2022/09/20 17:05:04
月間,202209,策定,関門連系線,2022/11/08,夜間帯,順方向,390,390,0,0,0,0,390,周波数,0,0,0,0,2022/09/20 17:05:04
月間,202209,策定,関門連系線,2022/11/08,夜間帯,逆方向,-2030,-2030,0,0,0,0,-2030,周波数,0,0,0,0,2022/09/20 17:05:04
月間,202210,策定,関門連系線,2022/11/08,昼間帯,順方向,110,110,0,0,0,0,110,周波数,0,0,0,0,2022/10/20 17:05:04
月間,202210,策定,関門連系線,2022/11/08,昼間帯,逆方向,-2290,-2290,0,0,0,0,-2290,周波数,0,0,0,0,2022/10/20 17:05:04
月間,202210,策定,関門連系線,2022/11/08,夜間帯,順方向,390,390,0,0,0,0,390,周波数,0,0,0,0,2022/10/20 17:05:04
月間,202210,策定,関門連系線,2022/11/08,夜間帯,逆方向,-2030,-2030,0,0,0,0,-2030,周波数,0,0,0,0,2022/10/20 17:05:04
月間,202209,策定,関門連系線,2022/11/09,昼間帯,順方向,110,110,0,0,0,0,110,周波数,0,0,0,0,2022/09/20 17:05:04
月間,202209,策定,関門連系線,2022/11/09,昼間帯,逆方向,-2290,-2290,0,0,0,0,-2290,周波数,0,0,0,0,2022/09/20 17:05:04
月間,202209,策定,関門連系線,2022/11/09,夜間帯,順方向,390,390,0,0,0,0,390,周波数,0,0,0,0,2022/09/20 17:05:04
月間,202209,策定,関門連系線,2022/11/09,夜間帯,逆方向,-2030,-2030,0,0,0,0,-2030,周波数,0,0,0,0,2022/09/20 17:05:04
月間,202210,策定,関門連系線,2022/11/09,昼間帯,順方向,110,110,0,0,0,0,110,周波数,0,0,0,0,2022/10/20 17:05:04
月間,202210,策定,関門連系線,2022/11/09,昼間帯,逆方向,-2290,-2290,0,0,0,0,-2290,周波数,0,0,0,0,2022/10/20 17:05:04
月間,202210,策定,関門連系線,2022/11/09,夜間帯,順方向,390,390,0,0,0,0,390,周波数,0,0,0,0,2022/10/20 17:05:04
月間,202210,策定,関門連系線,2022/11/09,夜間帯,逆方向,-2030,-2030,0,0,0,0,-2030,周波数,0,0,0,0,2022/10/20 17:05:04
月間,202209,策定,関門連系線,2022/11/10,昼間帯,順方向,110,110,0,0,0,0,110,周波数,0,0,0,0,2022/09/20 17:05:04
月間,202209,策定,関門連系線,2022/11/10,昼間帯,逆方向,-2290,-2290,0,0,0,0,-2290,周波数,0,0,0,0,2022/09/20 17:05:04
月間,202209,策定,関門連系線,2022/11/10,夜間帯,順方向,390,390,0,0,0,0,390,周波数,0,0,0,0,2022/09/20 17:05:04
月間,202209,策定,関門連系線,2022/11/10,夜間帯,逆方向,-2030,-2030,0,0,0,0,-2030,周波数,0,0,0,0,2022/09/20 17:05:04
月間,202210,策定,関門連系線,2022/11/10,昼間帯,順方向,110,110,0,0,0,0,110,周波数,0,0,0,0,2022/10/20 17:05:04
月間,202210,策定,関門連系線,2022/11/10,昼間帯,逆方向,-2290,-2290,0,0,0,0,-2290,周波数,0,0,0,0,2022/10/20 17:05:04
月間,202210,策定,関門連系線,2022/11/10,夜間帯,順方向,390,390,0,0,0,0,390,周波数,0,0,0,0,2022/10/20 17:05:04
月間,202210,策定,関門連系線,2022/11/10,夜間帯,逆方向,-2030,-2030,0,0,0,0,-2030,周波数,0,0,0,0,2022/10/20 17:05:04
月間,202209,策定,関門連系線,2022/11/11,昼間帯,順方向,110,110,0,0,0,0,110,周波数,0,0,0,0,2022/09/20 17:05:04
月間,202209,策定,関門連系線,2022/11/11,昼間帯,逆方向,-2290,-2290,0,0,0,0,-2290,周波数,0,0,0,0,2022/09/20 17:05:04
月間,202209,策定,関門連系線,2022/11/11,夜間帯,順方向,390,390,0,0,0,0,390,周波数,0,0,0,0,2022/09/20 17:05:04
月間,202209,策定,関門連系線,2022/11/11,夜間帯,逆方向,-2030,-2030,0,0,0,0,-2030,周波数,0,0,0,0,2022/09/20 17:05:04
月間,202210,策定,関門連系線,2022/11/11,昼間帯,順方向,110,110,0,0,0,0,110,周波数,0,0,0,0,2022/10/20 17:05:04
月間,202210,策定,関門連系線,2022/11/11,昼間帯,逆方向,-2290,-2290,0,0,0,0,-2290,周波数,0,0,0,0,2022/10/20 17:05:04
月間,202210,策定,関門連系線,2022/11/11,夜間帯,順方向,390,390,0,0,0,0,390,周波数,0,0,0,0,2022/10/20 17:05:04
月間,202210,策定,関門連系線,2022/11/11,夜間帯,逆方向,-2030,-2030,0,0,0,0,-2030,周波数,0,0,0,0,2022/10/20 17:05:04
月間,202209,策定,関門連系線,2022/11/12,昼間帯,順方向,40,40,0,0,0,0,40,周波数,0,0,0,0,2022/09/20 17:05:04
月間,202209,策定,関門連系線,2022/11/12,昼間帯,逆方向,-1930,-1930,0,0,0,0,-1930,周波数,0,0,0,0,2022/09/20 17:05:04
月間,202209,策定,関門連系線,2022/11/12,夜間帯,順方向,340,340,0,0,0,0,340,周波数,0,0,0,0,2022/09/20 17:05:04
月間,202209,策定,関門連系線,2022/11/12,夜間帯,逆方向,-1750,-1750,0,0,0,0,-1750,周波数,0,0,0,0,2022/09/20 17:05:04
月間,202210,策定,関門連系線,2022/11/12,昼間帯,順方向,40,40,0,0,0,0,40,周波数,0,0,0,0,2022/10/20 17:05:04
月間,202210,策定,関門連系線,2022/11/12,昼間帯,逆方向,-1930,-1930,0,0,0,0,-1930,周波数,0,0,0,0,2022/10/20 17:05:04
月間,202210,策定,関門連系線,2022/11/12,夜間帯,順方向,340,340,0,0,0,0,340,周波数,0,0,0,0,2022/10/20 17:05:04
月間,202210,策定,関門連系線,2022/11/12,夜間帯,逆方向,-1750,-1750,0,0,0,0,-1750,周波数,0,0,0,0,2022/10/20 17:05:04
月間,202209,策定,関門連系線,2022/11/13,昼間帯,順方向,40,40,0,0,0,0,40,周波数,0,0,0,0,2022/09/20 17:05:04
月間,202209,策定,関門連系線,2022/11/13,昼間帯,逆方向,-1930,-1930,0,0,0,0,-1930,周波数,0,0,0,0,2022/09/20 17:05:04
月間,202209,策定,関門連系線,2022/11/13,夜間帯,順方向,340,340,0,0,0,0,340,周波数,0,0,0,0,2022/09/20 17:05:04
月間,202209,策定,関門連系線,2022/11/13,夜間帯,逆方向,-1750,-1750,0,0,0,0,-1750,周波数,0,0,0,0,2022/09/20 17:05:04
月間,202210,策定,関門連系線,2022/11/13,昼間帯,順方向,40,40,0,0,0,0,40,周波数,0,0,0,0,2022/10/20 17:05:04
月間,202210,策定,関門連系線,2022/11/13,昼間帯,逆方向,-1930,-1930,0,0,0,0,-1930,周波数,0,0,0,0,2022/10/20 17:05:04
月間,202210,策定,関門連系線,2022/11/13,夜間帯,順方向,340,340,0,0,0,0,340,周波数,0,0,0,0,2022/10/20 17:05:04
月間,202210,策定,関門連系線,2022/11/13,夜間帯,逆方向,-1750,-1750,0,0,0,0,-1750,周波数,0,0,0,0,2022/10/20 17:05:04
月間,202209,策定,関門連系線,2022/11/14,昼間帯,順方向,110,110,0,0,0,0,110,周波数,0,0,0,0,2022/09/20 17:05:04
月間,202209,策定,関門連系線,2022/11/14,昼間帯,逆方向,-2290,-2290,0,0,0,0,-2290,周波数,0,0,0,0,2022/09/20 17:05:04
月間,202209,策定,関門連系線,2022/11/14,夜間帯,順方向,340,340,0,0,0,0,340,周波数,0,0,0,0,2022/09/20 17:05:04
月間,202209,策定,関門連系線,2022/11/14,夜間帯,逆方向,-1750,-1750,0,0,0,0,-1750,周波数,0,0,0,0,2022/09/20 17:05:04
月間,202210,策定,関門連系線,2022/11/14,昼間帯,順方向,110,110,0,0,0,0,110,周波数,0,0,0,0,2022/10/20 17:05:04
月間,202210,策定,関門連系線,2022/11/14,昼間帯,逆方向,-2290,-2290,0,0,0,0,-2290,周波数,0,0,0,0,2022/10/20 17:05:04
月間,202210,策定,関門連系線,2022/11/14,夜間帯,順方向,340,340,0,0,0,0,340,周波数,0,0,0,0,2022/10/20 17:05:04
月間,202210,策定,関門連系線,2022/11/14,夜間帯,逆方向,-1750,-1750,0,0,0,0,-1750,周波数,0,0,0,0,2022/10/20 17:05:04
月間,202209,策定,関門連系線,2022/11/15,昼間帯,順方向,110,110,0,0,0,0,110,周波数,0,0,0,0,2022/09/20 17:05:04
月間,202209,策定,関門連系線,2022/11/15,昼間帯,逆方向,-2290,-2290,0,0,0,0,-2290,周波数,0,0,0,0,2022/09/20 17:05:04
月間,202209,策定,関門連系線,2022/11/15,夜間帯,順方向,390,390,0,0,0,0,390,周波数,0,0,0,0,2022/09/20 17:05:04
月間,202209,策定,関門連系線,2022/11/15,夜間帯,逆方向,-2030,-2030,0,0,0,0,-2030,周波数,0,0,0,0,2022/09/20 17:05:04
月間,202210,策定,関門連系線,2022/11/15,昼間帯,順方向,110,110,0,0,0,0,110,周波数,0,0,0,0,2022/10/20 17:05:04
月間,202210,策定,関門連系線,2022/11/15,昼間帯,逆方向,-2290,-2290,0,0,0,0,-2290,周波数,0,0,0,0,2022/10/20 17:05:04
月間,202210,策定,関門連系線,2022/11/15,夜間帯,順方向,390,390,0,0,0,0,390,周波数,0,0,0,0,2022/10/20 17:05:04
月間,202210,策定,関門連系線,2022/11/15,夜間帯,逆方向,-2030,-2030,0,0,0,0,-2030,周波数,0,0,0,0,2022/10/20 17:05:04
月間,202209,策定,関門連系線,2022/11/16,昼間帯,順方向,120,120,0,0,0,0,120,周波数,0,0,0,0,2022/09/20 17:05:04
月間,202209,策定,関門連系線,2022/11/16,昼間帯,逆方向,-2330,-2330,0,0,0,0,-2330,周波数,0,0,0,0,2022/09/20 17:05:04
月間,202209,策定,関門連系線,2022/11/16,夜間帯,順方向,400,400,0,0,0,0,400,周波数,0,0,0,0,2022/09/20 17:05:04
月間,202209,策定,関門連系線,2022/11/16,夜間帯,逆方向,-2020,-2020,0,0,0,0,-2020,周波数,0,0,0,0,2022/09/20 17:05:04
月間,202210,策定,関門連系線,2022/11/16,昼間帯,順方向,120,120,0,0,0,0,120,周波数,0,0,0,0,2022/10/20 17:05:04
月間,202210,策定,関門連系線,2022/11/16,昼間帯,逆方向,-2330,-2330,0,0,0,0,-2330,周波数,0,0,0,0,2022/10/20 17:05:04
月間,202210,策定,関門連系線,2022/11/16,夜間帯,順方向,400,400,0,0,0,0,400,周波数,0,0,0,0,2022/10/20 17:05:04
月間,202210,策定,関門連系線,2022/11/16,夜間帯,逆方向,-2020,-2020,0,0,0,0,-2020,周波数,0,0,0,0,2022/10/20 17:05:04
月間,202209,策定,関門連系線,2022/11/17,昼間帯,順方向,120,120,0,0,0,0,120,周波数,0,0,0,0,2022/09/20 17:05:04
月間,202209,策定,関門連系線,2022/11/17,昼間帯,逆方向,-2330,-2330,0,0,0,0,-2330,周波数,0,0,0,0,2022/09/20 17:05:04
月間,202209,策定,関門連系線,2022/11/17,夜間帯,順方向,400,400,0,0,0,0,400,周波数,0,0,0,0,2022/09/20 17:05:04
月間,202209,策定,関門連系線,2022/11/17,夜間帯,逆方向,-2020,-2020,0,0,0,0,-2020,周波数,0,0,0,0,2022/09/20 17:05:04
月間,202210,策定,関門連系線,2022/11/17,昼間帯,順方向,120,120,0,0,0,0,120,周波数,0,0,0,0,2022/10/20 17:05:04
月間,202210,策定,関門連系線,2022/11/17,昼間帯,逆方向,-2330,-2330,0,0,0,0,-2330,周波数,0,0,0,0,2022/10/20 17:05:04
月間,202210,策定,関門連系線,2022/11/17,夜間帯,順方向,400,400,0,0,0,0,400,周波数,0,0,0,0,2022/10/20 17:05:04
月間,202210,策定,関門連系線,2022/11/17,夜間帯,逆方向,-2020,-2020,0,0,0,0,-2020,周波数,0,0,0,0,2022/10/20 17:05:04
月間,202209,策定,関門連系線,2022/11/18,昼間帯,順方向,120,120,0,0,0,0,120,周波数,0,0,0,0,2022/09/20 17:05:04
月間,202209,策定,関門連系線,2022/11/18,昼間帯,逆方向,-2330,-2330,0,0,0,0,-2330,周波数,0,0,0,0,2022/09/20 17:05:04
月間,202209,策定,関門連系線,2022/11/18,夜間帯,順方向,400,400,0,0,0,0,400,周波数,0,0,0,0,2022/09/20 17:05:04
月間,202209,策定,関門連系線,2022/11/18,夜間帯,逆方向,-2020,-2020,0,0,0,0,-2020,周波数,0,0,0,0,2022/09/20 17:05:04
月間,202210,策定,関門連系線,2022/11/18,昼間帯,順方向,120,120,0,0,0,0,120,周波数,0,0,0,0,2022/10/20 17:05:04
月間,202210,策定,関門連系線,2022/11/18,昼間帯,逆方向,-2330,-2330,0,0,0,0,-2330,周波数,0,0,0,0,2022/10/20 17:05:04
月間,202210,策定,関門連系線,2022/11/18,夜間帯,順方向,400,400,0,0,0,0,400,周波数,0,0,0,0,2022/10/20 17:05:04
月間,202210,策定,関門連系線,2022/11/18,夜間帯,逆方向,-2020,-2020,0,0,0,0,-2020,周波数,0,0,0,0,2022/10/20 17:05:04
月間,202209,策定,関門連系線,2022/11/19,昼間帯,順方向,60,60,0,0,0,0,60,周波数,0,0,0,0,2022/09/20 17:05:04
月間,202209,策定,関門連系線,2022/11/19,昼間帯,逆方向,-1990,-1990,0,0,0,0,-1990,周波数,0,0,0,0,2022/09/20 17:05:04
月間,202209,策定,関門連系線,2022/11/19,夜間帯,順方向,370,370,0,0,0,0,370,周波数,0,0,0,0,2022/09/20 17:05:04
月間,202209,策定,関門連系線,2022/11/19,夜間帯,逆方向,-1810,-1810,0,0,0,0,-1810,周波数,0,0,0,0,2022/09/20 17:05:04
月間,202210,策定,関門連系線,2022/11/19,昼間帯,順方向,60,60,0,0,0,0,60,周波数,0,0,0,0,2022/10/20 17:05:04
月間,202210,策定,関門連系線,2022/11/19,昼間帯,逆方向,-1990,-1990,0,0,0,0,-1990,周波数,0,0,0,0,2022/10/20 17:05:04
月間,202210,策定,関門連系線,2022/11/19,夜間帯,順方向,370,370,0,0,0,0,370,周波数,0,0,0,0,2022/10/20 17:05:04
月間,202210,策定,関門連系線,2022/11/19,夜間帯,逆方向,-1810,-1810,0,0,0,0,-1810,周波数,0,0,0,0,2022/10/20 17:05:04
月間,202209,策定,関門連系線,2022/11/20,昼間帯,順方向,60,60,0,0,0,0,60,周波数,0,0,0,0,2022/09/20 17:05:04
月間,202209,策定,関門連系線,2022/11/20,昼間帯,逆方向,-1990,-1990,0,0,0,0,-1990,周波数,0,0,0,0,2022/09/20 17:05:04
月間,202209,策定,関門連系線,2022/11/20,夜間帯,順方向,370,370,0,0,0,0,370,周波数,0,0,0,0,2022/09/20 17:05:04
月間,202209,策定,関門連系線,2022/11/20,夜間帯,逆方向,-1810,-1810,0,0,0,0,-1810,周波数,0,0,0,0,2022/09/20 17:05:04
月間,202210,策定,関門連系線,2022/11/20,昼間帯,順方向,60,60,0,0,0,0,60,周波数,0,0,0,0,2022/10/20 17:05:04
月間,202210,策定,関門連系線,2022/11/20,昼間帯,逆方向,-1990,-1990,0,0,0,0,-1990,周波数,0,0,0,0,2022/10/20 17:05:04
月間,202210,策定,関門連系線,2022/11/20,夜間帯,順方向,370,370,0,0,0,0,370,周波数,0,0,0,0,2022/10/20 17:05:04
月間,202210,策定,関門連系線,2022/11/20,夜間帯,逆方向,-1810,-1810,0,0,0,0,-1810,周波数,0,0,0,0,2022/10/20 17:05:04
月間,202209,策定,関門連系線,2022/11/21,昼間帯,順方向,120,120,0,0,0,0,120,周波数,0,0,0,0,2022/09/20 17:05:04
月間,202209,策定,関門連系線,2022/11/21,昼間帯,逆方向,-2330,-2330,0,0,0,0,-2330,周波数,0,0,0,0,2022/09/20 17:05:04
月間,202209,策定,関門連系線,2022/11/21,夜間帯,順方向,370,370,0,0,0,0,370,周波数,0,0,0,0,2022/09/20 17:05:04
月間,202209,策定,関門連系線,2022/11/21,夜間帯,逆方向,-1810,-1810,0,0,0,0,-1810,周波数,0,0,0,0,2022/09/20 17:05:04
月間,202210,策定,関門連系線,2022/11/21,昼間帯,順方向,120,120,0,0,0,0,120,周波数,0,0,0,0,2022/10/20 17:05:04
月間,202210,策定,関門連系線,2022/11/21,昼間帯,逆方向,-2330,-2330,0,0,0,0,-2330,周波数,0,0,0,0,2022/10/20 17:05:04
月間,202210,策定,関門連系線,2022/11/21,夜間帯,順方向,370,370,0,0,0,0,370,周波数,0,0,0,0,2022/10/20 17:05:04
月間,202210,策定,関門連系線,2022/11/21,夜間帯,逆方向,-1810,-1810,0,0,0,0,-1810,周波数,0,0,0,0,2022/10/20 17:05:04
月間,202209,策定,関門連系線,2022/11/22,昼間帯,順方向,120,120,0,0,0,0,120,周波数,0,0,0,0,2022/09/20 17:05:04
月間,202209,策定,関門連系線,2022/11/22,昼間帯,逆方向,-2330,-2330,0,0,0,0,-2330,周波数,0,0,0,0,2022/09/20 17:05:04
月間,202209,策定,関門連系線,2022/11/22,夜間帯,順方向,400,400,0,0,0,0,400,周波数,0,0,0,0,2022/09/20 17:05:04
月間,202209,策定,関門連系線,2022/11/22,夜間帯,逆方向,-2020,-2020,0,0,0,0,-2020,周波数,0,0,0,0,2022/09/20 17:05:04
月間,202210,策定,関門連系線,2022/11/22,昼間帯,順方向,120,120,0,0,0,0,120,周波数,0,0,0,0,2022/10/20 17:05:04
月間,202210,策定,関門連系線,2022/11/22,昼間帯,逆方向,-2330,-2330,0,0,0,0,-2330,周波数,0,0,0,0,2022/10/20 17:05:04
月間,202210,策定,関門連系線,2022/11/22,夜間帯,順方向,400,400,0,0,0,0,400,周波数,0,0,0,0,2022/10/20 17:05:04
月間,202210,策定,関門連系線,2022/11/22,夜間帯,逆方向,-2020,-2020,0,0,0,0,-2020,周波数,0,0,0,0,2022/10/20 17:05:04
月間,202209,策定,関門連系線,2022/11/23,昼間帯,順方向,60,60,0,0,0,0,60,周波数,0,0,0,0,2022/09/20 17:05:04
月間,202209,策定,関門連系線,2022/11/23,昼間帯,逆方向,-1990,-1990,0,0,0,0,-1990,周波数,0,0,0,0,2022/09/20 17:05:04
月間,202209,策定,関門連系線,2022/11/23,夜間帯,順方向,370,370,0,0,0,0,370,周波数,0,0,0,0,2022/09/20 17:05:04
月間,202209,策定,関門連系線,2022/11/23,夜間帯,逆方向,-1810,-1810,0,0,0,0,-1810,周波数,0,0,0,0,2022/09/20 17:05:04
月間,202210,策定,関門連系線,2022/11/23,昼間帯,順方向,60,60,0,0,0,0,60,周波数,0,0,0,0,2022/10/20 17:05:04
月間,202210,策定,関門連系線,2022/11/23,昼間帯,逆方向,-1990,-1990,0,0,0,0,-1990,周波数,0,0,0,0,2022/10/20 17:05:04
月間,202210,策定,関門連系線,2022/11/23,夜間帯,順方向,370,370,0,0,0,0,370,周波数,0,0,0,0,2022/10/20 17:05:04
月間,202210,策定,関門連系線,2022/11/23,夜間帯,逆方向,-1810,-1810,0,0,0,0,-1810,周波数,0,0,0,0,2022/10/20 17:05:04
月間,202209,策定,関門連系線,2022/11/24,昼間帯,順方向,120,120,0,0,0,0,120,周波数,0,0,0,0,2022/09/20 17:05:04
月間,202209,策定,関門連系線,2022/11/24,昼間帯,逆方向,-2330,-2330,0,0,0,0,-2330,周波数,0,0,0,0,2022/09/20 17:05:04
月間,202209,策定,関門連系線,2022/11/24,夜間帯,順方向,370,370,0,0,0,0,370,周波数,0,0,0,0,2022/09/20 17:05:04
月間,202209,策定,関門連系線,2022/11/24,夜間帯,逆方向,-1810,-1810,0,0,0,0,-1810,周波数,0,0,0,0,2022/09/20 17:05:04
月間,202210,策定,関門連系線,2022/11/24,昼間帯,順方向,120,120,0,0,0,0,120,周波数,0,0,0,0,2022/10/20 17:05:04
月間,202210,策定,関門連系線,2022/11/24,昼間帯,逆方向,-2330,-2330,0,0,0,0,-2330,周波数,0,0,0,0,2022/10/20 17:05:04
月間,202210,策定,関門連系線,2022/11/24,夜間帯,順方向,370,370,0,0,0,0,370,周波数,0,0,0,0,2022/10/20 17:05:04
月間,202210,策定,関門連系線,2022/11/24,夜間帯,逆方向,-1810,-1810,0,0,0,0,-1810,周波数,0,0,0,0,2022/10/20 17:05:04
月間,202209,策定,関門連系線,2022/11/25,昼間帯,順方向,120,120,0,0,0,0,120,周波数,0,0,0,0,2022/09/20 17:05:04
月間,202209,策定,関門連系線,2022/11/25,昼間帯,逆方向,-2330,-2330,0,0,0,0,-2330,周波数,0,0,0,0,2022/09/20 17:05:04
月間,202209,策定,関門連系線,2022/11/25,夜間帯,順方向,400,400,0,0,0,0,400,周波数,0,0,0,0,2022/09/20 17:05:04
月間,202209,策定,関門連系線,2022/11/25,夜間帯,逆方向,-2020,-2020,0,0,0,0,-2020,周波数,0,0,0,0,2022/09/20 17:05:04
月間,202210,策定,関門連系線,2022/11/25,昼間帯,順方向,120,120,0,0,0,0,120,周波数,0,0,0,0,2022/10/20 17:05:04
月間,202210,策定,関門連系線,2022/11/25,昼間帯,逆方向,-2330,-2330,0,0,0,0,-2330,周波数,0,0,0,0,2022/10/20 17:05:04
月間,202210,策定,関門連系線,2022/11/25,夜間帯,順方向,400,400,0,0,0,0,400,周波数,0,0,0,0,2022/10/20 17:05:04
月間,202210,策定,関門連系線,2022/11/25,夜間帯,逆方向,-2020,-2020,0,0,0,0,-2020,周波数,0,0,0,0,2022/10/20 17:05:04
月間,202209,策定,関門連系線,2022/11/26,昼間帯,順方向,60,60,0,0,0,0,60,周波数,0,0,0,0,2022/09/20 17:05:04
月間,202209,策定,関門連系線,2022/11/26,昼間帯,逆方向,-1990,-1990,0,0,0,0,-1990,周波数,0,0,0,0,2022/09/20 17:05:04
月間,202209,策定,関門連系線,2022/11/26,夜間帯,順方向,370,370,0,0,0,0,370,周波数,0,0,0,0,2022/09/20 17:05:04
月間,202209,策定,関門連系線,2022/11/26,夜間帯,逆方向,-1810,-1810,0,0,0,0,-1810,周波数,0,0,0,0,2022/09/20 17:05:04
月間,202210,策定,関門連系線,2022/11/26,昼間帯,順方向,60,60,0,0,0,0,60,周波数,0,0,0,0,2022/10/20 17:05:04
月間,202210,策定,関門連系線,2022/11/26,昼間帯,逆方向,-1990,-1990,0,0,0,0,-1990,周波数,0,0,0,0,2022/10/20 17:05:04
月間,202210,策定,関門連系線,2022/11/26,夜間帯,順方向,370,370,0,0,0,0,370,周波数,0,0,0,0,2022/10/20 17:05:04
月間,202210,策定,関門連系線,2022/11/26,夜間帯,逆方向,-1810,-1810,0,0,0,0,-1810,周波数,0,0,0,0,2022/10/20 17:05:04
月間,202209,策定,関門連系線,2022/11/27,昼間帯,順方向,60,60,0,0,0,0,60,周波数,0,0,0,0,2022/09/20 17:05:04
月間,202209,策定,関門連系線,2022/11/27,昼間帯,逆方向,-1990,-1990,0,0,0,0,-1990,周波数,0,0,0,0,2022/09/20 17:05:04
月間,202209,策定,関門連系線,2022/11/27,夜間帯,順方向,370,370,0,0,0,0,370,周波数,0,0,0,0,2022/09/20 17:05:04
月間,202209,策定,関門連系線,2022/11/27,夜間帯,逆方向,-1810,-1810,0,0,0,0,-1810,周波数,0,0,0,0,2022/09/20 17:05:04
月間,202210,策定,関門連系線,2022/11/27,昼間帯,順方向,60,60,0,0,0,0,60,周波数,0,0,0,0,2022/10/20 17:05:04
月間,202210,策定,関門連系線,2022/11/27,昼間帯,逆方向,-1990,-1990,0,0,0,0,-1990,周波数,0,0,0,0,2022/10/20 17:05:04
月間,202210,策定,関門連系線,2022/11/27,夜間帯,順方向,370,370,0,0,0,0,370,周波数,0,0,0,0,2022/10/20 17:05:04
月間,202210,策定,関門連系線,2022/11/27,夜間帯,逆方向,-1810,-1810,0,0,0,0,-1810,周波数,0,0,0,0,2022/10/20 17:05:04
月間,202209,策定,関門連系線,2022/11/28,昼間帯,順方向,120,120,0,0,0,0,120,周波数,0,0,0,0,2022/09/20 17:05:04
月間,202209,策定,関門連系線,2022/11/28,昼間帯,逆方向,-2330,-2330,0,0,0,0,-2330,周波数,0,0,0,0,2022/09/20 17:05:04
月間,202209,策定,関門連系線,2022/11/28,夜間帯,順方向,370,370,0,0,0,0,370,周波数,0,0,0,0,2022/09/20 17:05:04
月間,202209,策定,関門連系線,2022/11/28,夜間帯,逆方向,-1810,-1810,0,0,0,0,-1810,周波数,0,0,0,0,2022/09/20 17:05:04
月間,202210,策定,関門連系線,2022/11/28,昼間帯,順方向,120,120,0,0,0,0,120,周波数,0,0,0,0,2022/10/20 17:05:04
月間,202210,策定,関門連系線,2022/11/28,昼間帯,逆方向,-2330,-2330,0,0,0,0,-2330,周波数,0,0,0,0,2022/10/20 17:05:04
月間,202210,策定,関門連系線,2022/11/28,夜間帯,順方向,370,370,0,0,0,0,370,周波数,0,0,0,0,2022/10/20 17:05:04
月間,202210,策定,関門連系線,2022/11/28,夜間帯,逆方向,-1810,-1810,0,0,0,0,-1810,周波数,0,0,0,0,2022/10/20 17:05:04
月間,202209,策定,関門連系線,2022/11/29,昼間帯,順方向,120,120,0,0,0,0,120,周波数,0,0,0,0,2022/09/20 17:05:04
月間,202209,策定,関門連系線,2022/11/29,昼間帯,逆方向,-2330,-2330,0,0,0,0,-2330,周波数,0,0,0,0,2022/09/20 17:05:04
月間,202209,策定,関門連系線,2022/11/29,夜間帯,順方向,400,400,0,0,0,0,400,周波数,0,0,0,0,2022/09/20 17:05:04
月間,202209,策定,関門連系線,2022/11/29,夜間帯,逆方向,-2020,-2020,0,0,0,0,-2020,周波数,0,0,0,0,2022/09/20 17:05:04
月間,202210,策定,関門連系線,2022/11/29,昼間帯,順方向,120,120,0,0,0,0,120,周波数,0,0,0,0,2022/10/20 17:05:04
月間,202210,策定,関門連系線,2022/11/29,昼間帯,逆方向,-2330,-2330,0,0,0,0,-2330,周波数,0,0,0,0,2022/10/20 17:05:04
月間,202210,策定,関門連系線,2022/11/29,夜間帯,順方向,400,400,0,0,0,0,400,周波数,0,0,0,0,2022/10/20 17:05:04
月間,202210,策定,関門連系線,2022/11/29,夜間帯,逆方向,-2020,-2020,0,0,0,0,-2020,周波数,0,0,0,0,2022/10/20 17:05:04
月間,202209,策定,関門連系線,2022/11/30,昼間帯,順方向,120,120,0,0,0,0,120,周波数,0,0,0,0,2022/09/20 17:05:04
月間,202209,策定,関門連系線,2022/11/30,昼間帯,逆方向,-2330,-2330,0,0,0,0,-2330,周波数,0,0,0,0,2022/09/20 17:05:04
月間,202209,策定,関門連系線,2022/11/30,夜間帯,順方向,400,400,0,0,0,0,400,周波数,0,0,0,0,2022/09/20 17:05:04
月間,202209,策定,関門連系線,2022/11/30,夜間帯,逆方向,-2020,-2020,0,0,0,0,-2020,周波数,0,0,0,0,2022/09/20 17:05:04
月間,202210,策定,関門連系線,2022/11/30,昼間帯,順方向,120,120,0,0,0,0,120,周波数,0,0,0,0,2022/10/20 17:05:04
月間,202210,策定,関門連系線,2022/11/30,昼間帯,逆方向,-2330,-2330,0,0,0,0,-2330,周波数,0,0,0,0,2022/10/20 17:05:04
月間,202210,策定,関門連系線,2022/11/30,夜間帯,順方向,400,400,0,0,0,0,400,周波数,0,0,0,0,2022/10/20 17:05:04
月間,202210,策定,関門連系線,2022/11/30,夜間帯,逆方向,-2020,-2020,0,0,0,0,-2020,周波数,0,0,0,0,2022/10/20 17:05:04
月間,202210,策定,関門連系線,2022/12/01,昼間帯,順方向,170,170,0,0,0,0,170,周波数,0,0,0,0,2022/10/20 17:05:04
月間,202210,策定,関門連系線,2022/12/01,昼間帯,逆方向,-2440,-2440,0,0,0,0,-2440,周波数,0,0,0,0,2022/10/20 17:05:04
月間,202210,策定,関門連系線,2022/12/01,夜間帯,順方向,430,430,0,0,0,0,430,周波数,0,0,0,0,2022/10/20 17:05:04
月間,202210,策定,関門連系線,2022/12/01,夜間帯,逆方向,-2150,-2150,0,0,0,0,-2150,周波数,0,0,0,0,2022/10/20 17:05:04
月間,202210,策定,関門連系線,2022/12/02,昼間帯,順方向,170,170,0,0,0,0,170,周波数,0,0,0,0,2022/10/20 17:05:04
月間,202210,策定,関門連系線,2022/12/02,昼間帯,逆方向,-2440,-2440,0,0,0,0,-2440,周波数,0,0,0,0,2022/10/20 17:05:04
月間,202210,策定,関門連系線,2022/12/02,夜間帯,順方向,430,430,0,0,0,0,430,周波数,0,0,0,0,2022/10/20 17:05:04
月間,202210,策定,関門連系線,2022/12/02,夜間帯,逆方向,-2150,-2150,0,0,0,0,-2150,周波数,0,0,0,0,2022/10/20 17:05:04
月間,202210,策定,関門連系線,2022/12/03,昼間帯,順方向,130,130,0,0,0,0,130,周波数,0,0,0,0,2022/10/20 17:05:04
月間,202210,策定,関門連系線,2022/12/03,昼間帯,逆方向,-2070,-2070,0,0,0,0,-2070,周波数,0,0,0,0,2022/10/20 17:05:04
月間,202210,策定,関門連系線,2022/12/03,夜間帯,順方向,400,400,0,0,0,0,400,周波数,0,0,0,0,2022/10/20 17:05:04
月間,202210,策定,関門連系線,2022/12/03,夜間帯,逆方向,-1990,-1990,0,0,0,0,-1990,周波数,0,0,0,0,2022/10/20 17:05:04
月間,202211,策定,関門連系線,2022/12/03,昼間帯,順方向,130,130,0,0,0,0,130,周波数,0,0,0,0,2022/11/18 17:05:04
月間,202211,策定,関門連系線,2022/12/03,昼間帯,逆方向,-2070,-2070,0,0,0,0,-2070,周波数,0,0,0,0,2022/11/18 17:05:04
月間,202211,策定,関門連系線,2022/12/03,夜間帯,順方向,400,400,0,0,0,0,400,周波数,0,0,0,0,2022/11/18 17:05:04
月間,202211,策定,関門連系線,2022/12/03,夜間帯,逆方向,-1990,-1990,0,0,0,0,-1990,周波数,0,0,0,0,2022/11/18 17:05:04
月間,202210,策定,関門連系線,2022/12/04,昼間帯,順方向,130,130,0,0,0,0,130,周波数,0,0,0,0,2022/10/20 17:05:04
月間,202210,策定,関門連系線,2022/12/04,昼間帯,逆方向,-2070,-2070,0,0,0,0,-2070,周波数,0,0,0,0,2022/10/20 17:05:04
月間,202210,策定,関門連系線,2022/12/04,夜間帯,順方向,400,400,0,0,0,0,400,周波数,0,0,0,0,2022/10/20 17:05:04
月間,202210,策定,関門連系線,2022/12/04,夜間帯,逆方向,-1990,-1990,0,0,0,0,-1990,周波数,0,0,0,0,2022/10/20 17:05:04
月間,202211,策定,関門連系線,2022/12/04,昼間帯,順方向,130,130,0,0,0,0,130,周波数,0,0,0,0,2022/11/18 17:05:04
月間,202211,策定,関門連系線,2022/12/04,昼間帯,逆方向,-2070,-2070,0,0,0,0,-2070,周波数,0,0,0,0,2022/11/18 17:05:04
月間,202211,策定,関門連系線,2022/12/04,夜間帯,順方向,400,400,0,0,0,0,400,周波数,0,0,0,0,2022/11/18 17:05:04
月間,202211,策定,関門連系線,2022/12/04,夜間帯,逆方向,-1990,-1990,0,0,0,0,-1990,周波数,0,0,0,0,2022/11/18 17:05:04
月間,202210,策定,関門連系線,2022/12/05,昼間帯,順方向,170,170,0,0,0,0,170,周波数,0,0,0,0,2022/10/20 17:05:04
月間,202210,策定,関門連系線,2022/12/05,昼間帯,逆方向,-2440,-2440,0,0,0,0,-2440,周波数,0,0,0,0,2022/10/20 17:05:04
月間,202210,策定,関門連系線,2022/12/05,夜間帯,順方向,400,400,0,0,0,0,400,周波数,0,0,0,0,2022/10/20 17:05:04
月間,202210,策定,関門連系線,2022/12/05,夜間帯,逆方向,-1990,-1990,0,0,0,0,-1990,周波数,0,0,0,0,2022/10/20 17:05:04
月間,202211,策定,関門連系線,2022/12/05,昼間帯,順方向,170,170,0,0,0,0,170,周波数,0,0,0,0,2022/11/18 17:05:04
月間,202211,策定,関門連系線,2022/12/05,昼間帯,逆方向,-2440,-2440,0,0,0,0,-2440,周波数,0,0,0,0,2022/11/18 17:05:04
月間,202211,策定,関門連系線,2022/12/05,夜間帯,順方向,400,400,0,0,0,0,400,周波数,0,0,0,0,2022/11/18 17:05:04
月間,202211,策定,関門連系線,2022/12/05,夜間帯,逆方向,-1990,-1990,0,0,0,0,-1990,周波数,0,0,0,0,2022/11/18 17:05:04
月間,202210,策定,関門連系線,2022/12/06,昼間帯,順方向,170,170,0,0,0,0,170,周波数,0,0,0,0,2022/10/20 17:05:04
月間,202210,策定,関門連系線,2022/12/06,昼間帯,逆方向,-2440,-2440,0,0,0,0,-2440,周波数,0,0,0,0,2022/10/20 17:05:04
月間,202210,策定,関門連系線,2022/12/06,夜間帯,順方向,430,430,0,0,0,0,430,周波数,0,0,0,0,2022/10/20 17:05:04
月間,202210,策定,関門連系線,2022/12/06,夜間帯,逆方向,-2150,-2150,0,0,0,0,-2150,周波数,0,0,0,0,2022/10/20 17:05:04
月間,202211,策定,関門連系線,2022/12/06,昼間帯,順方向,170,170,0,0,0,0,170,周波数,0,0,0,0,2022/11/18 17:05:04
月間,202211,策定,関門連系線,2022/12/06,昼間帯,逆方向,-2440,-2440,0,0,0,0,-2440,周波数,0,0,0,0,2022/11/18 17:05:04
月間,202211,策定,関門連系線,2022/12/06,夜間帯,順方向,430,430,0,0,0,0,430,周波数,0,0,0,0,2022/11/18 17:05:04
月間,202211,策定,関門連系線,2022/12/06,夜間帯,逆方向,-2150,-2150,0,0,0,0,-2150,周波数,0,0,0,0,2022/11/18 17:05:04
月間,202210,策定,関門連系線,2022/12/07,昼間帯,順方向,170,170,0,0,0,0,170,周波数,0,0,0,0,2022/10/20 17:05:04
月間,202210,策定,関門連系線,2022/12/07,昼間帯,逆方向,-2440,-2440,0,0,0,0,-2440,周波数,0,0,0,0,2022/10/20 17:05:04
月間,202210,策定,関門連系線,2022/12/07,夜間帯,順方向,430,430,0,0,0,0,430,周波数,0,0,0,0,2022/10/20 17:05:04
月間,202210,策定,関門連系線,2022/12/07,夜間帯,逆方向,-2150,-2150,0,0,0,0,-2150,周波数,0,0,0,0,2022/10/20 17:05:04
月間,202211,策定,関門連系線,2022/12/07,昼間帯,順方向,170,170,0,0,0,0,170,周波数,0,0,0,0,2022/11/18 17:05:04
月間,202211,策定,関門連系線,2022/12/07,昼間帯,逆方向,-2440,-2440,0,0,0,0,-2440,周波数,0,0,0,0,2022/11/18 17:05:04
月間,202211,策定,関門連系線,2022/12/07,夜間帯,順方向,430,430,0,0,0,0,430,周波数,0,0,0,0,2022/11/18 17:05:04
月間,202211,策定,関門連系線,2022/12/07,夜間帯,逆方向,-2150,-2150,0,0,0,0,-2150,周波数,0,0,0,0,2022/11/18 17:05:04
月間,202210,策定,関門連系線,2022/12/08,昼間帯,順方向,170,170,0,0,0,0,170,周波数,0,0,0,0,2022/10/20 17:05:04
月間,202210,策定,関門連系線,2022/12/08,昼間帯,逆方向,-2440,-2440,0,0,0,0,-2440,周波数,0,0,0,0,2022/10/20 17:05:04
月間,202210,策定,関門連系線,2022/12/08,夜間帯,順方向,430,430,0,0,0,0,430,周波数,0,0,0,0,2022/10/20 17:05:04
月間,202210,策定,関門連系線,2022/12/08,夜間帯,逆方向,-2150,-2150,0,0,0,0,-2150,周波数,0,0,0,0,2022/10/20 17:05:04
月間,202211,策定,関門連系線,2022/12/08,昼間帯,順方向,170,170,0,0,0,0,170,周波数,0,0,0,0,2022/11/18 17:05:04
月間,202211,策定,関門連系線,2022/12/08,昼間帯,逆方向,-2440,-2440,0,0,0,0,-2440,周波数,0,0,0,0,2022/11/18 17:05:04
月間,202211,策定,関門連系線,2022/12/08,夜間帯,順方向,430,430,0,0,0,0,430,周波数,0,0,0,0,2022/11/18 17:05:04
月間,202211,策定,関門連系線,2022/12/08,夜間帯,逆方向,-2150,-2150,0,0,0,0,-2150,周波数,0,0,0,0,2022/11/18 17:05:04
月間,202210,策定,関門連系線,2022/12/09,昼間帯,順方向,170,170,0,0,0,0,170,周波数,0,0,0,0,2022/10/20 17:05:04
月間,202210,策定,関門連系線,2022/12/09,昼間帯,逆方向,-2440,-2440,0,0,0,0,-2440,周波数,0,0,0,0,2022/10/20 17:05:04
月間,202210,策定,関門連系線,2022/12/09,夜間帯,順方向,430,430,0,0,0,0,430,周波数,0,0,0,0,2022/10/20 17:05:04
月間,202210,策定,関門連系線,2022/12/09,夜間帯,逆方向,-2150,-2150,0,0,0,0,-2150,周波数,0,0,0,0,2022/10/20 17:05:04
月間,202211,策定,関門連系線,2022/12/09,昼間帯,順方向,170,170,0,0,0,0,170,周波数,0,0,0,0,2022/11/18 17:05:04
月間,202211,策定,関門連系線,2022/12/09,昼間帯,逆方向,-2440,-2440,0,0,0,0,-2440,周波数,0,0,0,0,2022/11/18 17:05:04
月間,202211,策定,関門連系線,2022/12/09,夜間帯,順方向,430,430,0,0,0,0,430,周波数,0,0,0,0,2022/11/18 17:05:04
月間,202211,策定,関門連系線,2022/12/09,夜間帯,逆方向,-2150,-2150,0,0,0,0,-2150,周波数,0,0,0,0,2022/11/18 17:05:04
月間,202210,策定,関門連系線,2022/12/10,昼間帯,順方向,130,130,0,0,0,0,130,周波数,0,0,0,0,2022/10/20 17:05:04
月間,202210,策定,関門連系線,2022/12/10,昼間帯,逆方向,-2070,-2070,0,0,0,0,-2070,周波数,0,0,0,0,2022/10/20 17:05:04
月間,202210,策定,関門連系線,2022/12/10,夜間帯,順方向,400,400,0,0,0,0,400,周波数,0,0,0,0,2022/10/20 17:05:04
月間,202210,策定,関門連系線,2022/12/10,夜間帯,逆方向,-1990,-1990,0,0,0,0,-1990,周波数,0,0,0,0,2022/10/20 17:05:04
月間,202211,策定,関門連系線,2022/12/10,昼間帯,順方向,130,130,0,0,0,0,130,周波数,0,0,0,0,2022/11/18 17:05:04
月間,202211,策定,関門連系線,2022/12/10,昼間帯,逆方向,-2070,-2070,0,0,0,0,-2070,周波数,0,0,0,0,2022/11/18 17:05:04
月間,202211,策定,関門連系線,2022/12/10,夜間帯,順方向,400,400,0,0,0,0,400,周波数,0,0,0,0,2022/11/18 17:05:04
月間,202211,策定,関門連系線,2022/12/10,夜間帯,逆方向,-1990,-1990,0,0,0,0,-1990,周波数,0,0,0,0,2022/11/18 17:05:04
月間,202210,策定,関門連系線,2022/12/11,昼間帯,順方向,130,130,0,0,0,0,130,周波数,0,0,0,0,2022/10/20 17:05:04
月間,202210,策定,関門連系線,2022/12/11,昼間帯,逆方向,-2070,-2070,0,0,0,0,-2070,周波数,0,0,0,0,2022/10/20 17:05:04
月間,202210,策定,関門連系線,2022/12/11,夜間帯,順方向,400,400,0,0,0,0,400,周波数,0,0,0,0,2022/10/20 17:05:04
月間,202210,策定,関門連系線,2022/12/11,夜間帯,逆方向,-1990,-1990,0,0,0,0,-1990,周波数,0,0,0,0,2022/10/20 17:05:04
月間,202211,策定,関門連系線,2022/12/11,昼間帯,順方向,130,130,0,0,0,0,130,周波数,0,0,0,0,2022/11/18 17:05:04
月間,202211,策定,関門連系線,2022/12/11,昼間帯,逆方向,-2070,-2070,0,0,0,0,-2070,周波数,0,0,0,0,2022/11/18 17:05:04
月間,202211,策定,関門連系線,2022/12/11,夜間帯,順方向,400,400,0,0,0,0,400,周波数,0,0,0,0,2022/11/18 17:05:04
月間,202211,策定,関門連系線,2022/12/11,夜間帯,逆方向,-1990,-1990,0,0,0,0,-1990,周波数,0,0,0,0,2022/11/18 17:05:04
月間,202210,策定,関門連系線,2022/12/12,昼間帯,順方向,170,170,0,0,0,0,170,周波数,0,0,0,0,2022/10/20 17:05:04
月間,202210,策定,関門連系線,2022/12/12,昼間帯,逆方向,-2440,-2440,0,0,0,0,-2440,周波数,0,0,0,0,2022/10/20 17:05:04
月間,202210,策定,関門連系線,2022/12/12,夜間帯,順方向,400,400,0,0,0,0,400,周波数,0,0,0,0,2022/10/20 17:05:04
月間,202210,策定,関門連系線,2022/12/12,夜間帯,逆方向,-1990,-1990,0,0,0,0,-1990,周波数,0,0,0,0,2022/10/20 17:05:04
月間,202211,策定,関門連系線,2022/12/12,昼間帯,順方向,170,170,0,0,0,0,170,周波数,0,0,0,0,2022/11/18 17:05:04
月間,202211,策定,関門連系線,2022/12/12,昼間帯,逆方向,-2440,-2440,0,0,0,0,-2440,周波数,0,0,0,0,2022/11/18 17:05:04
月間,202211,策定,関門連系線,2022/12/12,夜間帯,順方向,400,400,0,0,0,0,400,周波数,0,0,0,0,2022/11/18 17:05:04
月間,202211,策定,関門連系線,2022/12/12,夜間帯,逆方向,-1990,-1990,0,0,0,0,-1990,周波数,0,0,0,0,2022/11/18 17:05:04
月間,202210,策定,関門連系線,2022/12/13,昼間帯,順方向,170,170,0,0,0,0,170,周波数,0,0,0,0,2022/10/20 17:05:04
月間,202210,策定,関門連系線,2022/12/13,昼間帯,逆方向,-2440,-2440,0,0,0,0,-2440,周波数,0,0,0,0,2022/10/20 17:05:04
月間,202210,策定,関門連系線,2022/12/13,夜間帯,順方向,430,430,0,0,0,0,430,周波数,0,0,0,0,2022/10/20 17:05:04
月間,202210,策定,関門連系線,2022/12/13,夜間帯,逆方向,-2150,-2150,0,0,0,0,-2150,周波数,0,0,0,0,2022/10/20 17:05:04
月間,202211,策定,関門連系線,2022/12/13,昼間帯,順方向,170,170,0,0,0,0,170,周波数,0,0,0,0,2022/11/18 17:05:04
月間,202211,策定,関門連系線,2022/12/13,昼間帯,逆方向,-2440,-2440,0,0,0,0,-2440,周波数,0,0,0,0,2022/11/18 17:05:04
月間,202211,策定,関門連系線,2022/12/13,夜間帯,順方向,430,430,0,0,0,0,430,周波数,0,0,0,0,2022/11/18 17:05:04
月間,202211,策定,関門連系線,2022/12/13,夜間帯,逆方向,-2150,-2150,0,0,0,0,-2150,周波数,0,0,0,0,2022/11/18 17:05:04
月間,202210,策定,関門連系線,2022/12/14,昼間帯,順方向,170,170,0,0,0,0,170,周波数,0,0,0,0,2022/10/20 17:05:04
月間,202210,策定,関門連系線,2022/12/14,昼間帯,逆方向,-2440,-2440,0,0,0,0,-2440,周波数,0,0,0,0,2022/10/20 17:05:04
月間,202210,策定,関門連系線,2022/12/14,夜間帯,順方向,430,430,0,0,0,0,430,周波数,0,0,0,0,2022/10/20 17:05:04
月間,202210,策定,関門連系線,2022/12/14,夜間帯,逆方向,-2150,-2150,0,0,0,0,-2150,周波数,0,0,0,0,2022/10/20 17:05:04
月間,202211,策定,関門連系線,2022/12/14,昼間帯,順方向,170,170,0,0,0,0,170,周波数,0,0,0,0,2022/11/18 17:05:04
月間,202211,策定,関門連系線,2022/12/14,昼間帯,逆方向,-2440,-2440,0,0,0,0,-2440,周波数,0,0,0,0,2022/11/18 17:05:04
月間,202211,策定,関門連系線,2022/12/14,夜間帯,順方向,430,430,0,0,0,0,430,周波数,0,0,0,0,2022/11/18 17:05:04
月間,202211,策定,関門連系線,2022/12/14,夜間帯,逆方向,-2150,-2150,0,0,0,0,-2150,周波数,0,0,0,0,2022/11/18 17:05:04
月間,202210,策定,関門連系線,2022/12/15,昼間帯,順方向,170,170,0,0,0,0,170,周波数,0,0,0,0,2022/10/20 17:05:04
月間,202210,策定,関門連系線,2022/12/15,昼間帯,逆方向,-2440,-2440,0,0,0,0,-2440,周波数,0,0,0,0,2022/10/20 17:05:04
月間,202210,策定,関門連系線,2022/12/15,夜間帯,順方向,430,430,0,0,0,0,430,周波数,0,0,0,0,2022/10/20 17:05:04
月間,202210,策定,関門連系線,2022/12/15,夜間帯,逆方向,-2150,-2150,0,0,0,0,-2150,周波数,0,0,0,0,2022/10/20 17:05:04
月間,202211,策定,関門連系線,2022/12/15,昼間帯,順方向,170,170,0,0,0,0,170,周波数,0,0,0,0,2022/11/18 17:05:04
月間,202211,策定,関門連系線,2022/12/15,昼間帯,逆方向,-2440,-2440,0,0,0,0,-2440,周波数,0,0,0,0,2022/11/18 17:05:04
月間,202211,策定,関門連系線,2022/12/15,夜間帯,順方向,430,430,0,0,0,0,430,周波数,0,0,0,0,2022/11/18 17:05:04
月間,202211,策定,関門連系線,2022/12/15,夜間帯,逆方向,-2150,-2150,0,0,0,0,-2150,周波数,0,0,0,0,2022/11/18 17:05:04
月間,202210,策定,関門連系線,2022/12/16,昼間帯,順方向,170,170,0,0,0,0,170,周波数,0,0,0,0,2022/10/20 17:05:04
月間,202210,策定,関門連系線,2022/12/16,昼間帯,逆方向,-2440,-2440,0,0,0,0,-2440,周波数,0,0,0,0,2022/10/20 17:05:04
月間,202210,策定,関門連系線,2022/12/16,夜間帯,順方向,430,430,0,0,0,0,430,周波数,0,0,0,0,2022/10/20 17:05:04
月間,202210,策定,関門連系線,2022/12/16,夜間帯,逆方向,-2150,-2150,0,0,0,0,-2150,周波数,0,0,0,0,2022/10/20 17:05:04
月間,202211,策定,関門連系線,2022/12/16,昼間帯,順方向,170,170,0,0,0,0,170,周波数,0,0,0,0,2022/11/18 17:05:04
月間,202211,策定,関門連系線,2022/12/16,昼間帯,逆方向,-2440,-2440,0,0,0,0,-2440,周波数,0,0,0,0,2022/11/18 17:05:04
月間,202211,策定,関門連系線,2022/12/16,夜間帯,順方向,430,430,0,0,0,0,430,周波数,0,0,0,0,2022/11/18 17:05:04
月間,202211,策定,関門連系線,2022/12/16,夜間帯,逆方向,-2150,-2150,0,0,0,0,-2150,周波数,0,0,0,0,2022/11/18 17:05:04
月間,202210,策定,関門連系線,2022/12/17,昼間帯,順方向,130,130,0,0,0,0,130,周波数,0,0,0,0,2022/10/20 17:05:04
月間,202210,策定,関門連系線,2022/12/17,昼間帯,逆方向,-2070,-2070,0,0,0,0,-2070,周波数,0,0,0,0,2022/10/20 17:05:04
月間,202210,策定,関門連系線,2022/12/17,夜間帯,順方向,400,400,0,0,0,0,400,周波数,0,0,0,0,2022/10/20 17:05:04
月間,202210,策定,関門連系線,2022/12/17,夜間帯,逆方向,-1990,-1990,0,0,0,0,-1990,周波数,0,0,0,0,2022/10/20 17:05:04
月間,202211,策定,関門連系線,2022/12/17,昼間帯,順方向,130,130,0,0,0,0,130,周波数,0,0,0,0,2022/11/18 17:05:04
月間,202211,策定,関門連系線,2022/12/17,昼間帯,逆方向,-2070,-2070,0,0,0,0,-2070,周波数,0,0,0,0,2022/11/18 17:05:04
月間,202211,策定,関門連系線,2022/12/17,夜間帯,順方向,400,400,0,0,0,0,400,周波数,0,0,0,0,2022/11/18 17:05:04
月間,202211,策定,関門連系線,2022/12/17,夜間帯,逆方向,-1990,-1990,0,0,0,0,-1990,周波数,0,0,0,0,2022/11/18 17:05:04
月間,202210,策定,関門連系線,2022/12/18,昼間帯,順方向,130,130,0,0,0,0,130,周波数,0,0,0,0,2022/10/20 17:05:04
月間,202210,策定,関門連系線,2022/12/18,昼間帯,逆方向,-2070,-2070,0,0,0,0,-2070,周波数,0,0,0,0,2022/10/20 17:05:04
月間,202210,策定,関門連系線,2022/12/18,夜間帯,順方向,400,400,0,0,0,0,400,周波数,0,0,0,0,2022/10/20 17:05:04
月間,202210,策定,関門連系線,2022/12/18,夜間帯,逆方向,-1990,-1990,0,0,0,0,-1990,周波数,0,0,0,0,2022/10/20 17:05:04
月間,202211,策定,関門連系線,2022/12/18,昼間帯,順方向,130,130,0,0,0,0,130,周波数,0,0,0,0,2022/11/18 17:05:04
月間,202211,策定,関門連系線,2022/12/18,昼間帯,逆方向,-2070,-2070,0,0,0,0,-2070,周波数,0,0,0,0,2022/11/18 17:05:04
月間,202211,策定,関門連系線,2022/12/18,夜間帯,順方向,400,400,0,0,0,0,400,周波数,0,0,0,0,2022/11/18 17:05:04
月間,202211,策定,関門連系線,2022/12/18,夜間帯,逆方向,-1990,-1990,0,0,0,0,-1990,周波数,0,0,0,0,2022/11/18 17:05:04
月間,202210,策定,関門連系線,2022/12/19,昼間帯,順方向,170,170,0,0,0,0,170,周波数,0,0,0,0,2022/10/20 17:05:04
月間,202210,策定,関門連系線,2022/12/19,昼間帯,逆方向,-2440,-2440,0,0,0,0,-2440,周波数,0,0,0,0,2022/10/20 17:05:04
月間,202210,策定,関門連系線,2022/12/19,夜間帯,順方向,400,400,0,0,0,0,400,周波数,0,0,0,0,2022/10/20 17:05:04
月間,202210,策定,関門連系線,2022/12/19,夜間帯,逆方向,-1990,-1990,0,0,0,0,-1990,周波数,0,0,0,0,2022/10/20 17:05:04
月間,202211,策定,関門連系線,2022/12/19,昼間帯,順方向,170,170,0,0,0,0,170,周波数,0,0,0,0,2022/11/18 17:05:04
月間,202211,策定,関門連系線,2022/12/19,昼間帯,逆方向,-2440,-2440,0,0,0,0,-2440,周波数,0,0,0,0,2022/11/18 17:05:04
月間,202211,策定,関門連系線,2022/12/19,夜間帯,順方向,400,400,0,0,0,0,400,周波数,0,0,0,0,2022/11/18 17:05:04
月間,202211,策定,関門連系線,2022/12/19,夜間帯,逆方向,-1990,-1990,0,0,0,0,-1990,周波数,0,0,0,0,2022/11/18 17:05:04
月間,202210,策定,関門連系線,2022/12/20,昼間帯,順方向,170,170,0,0,0,0,170,周波数,0,0,0,0,2022/10/20 17:05:04
月間,202210,策定,関門連系線,2022/12/20,昼間帯,逆方向,-2440,-2440,0,0,0,0,-2440,周波数,0,0,0,0,2022/10/20 17:05:04
月間,202210,策定,関門連系線,2022/12/20,夜間帯,順方向,430,430,0,0,0,0,430,周波数,0,0,0,0,2022/10/20 17:05:04
月間,202210,策定,関門連系線,2022/12/20,夜間帯,逆方向,-2150,-2150,0,0,0,0,-2150,周波数,0,0,0,0,2022/10/20 17:05:04
月間,202211,策定,関門連系線,2022/12/20,昼間帯,順方向,170,170,0,0,0,0,170,周波数,0,0,0,0,2022/11/18 17:05:04
月間,202211,策定,関門連系線,2022/12/20,昼間帯,逆方向,-2440,-2440,0,0,0,0,-2440,周波数,0,0,0,0,2022/11/18 17:05:04
月間,202211,策定,関門連系線,2022/12/20,夜間帯,順方向,430,430,0,0,0,0,430,周波数,0,0,0,0,2022/11/18 17:05:04
月間,202211,策定,関門連系線,2022/12/20,夜間帯,逆方向,-2150,-2150,0,0,0,0,-2150,周波数,0,0,0,0,2022/11/18 17:05:04
月間,202210,策定,関門連系線,2022/12/21,昼間帯,順方向,170,170,0,0,0,0,170,周波数,0,0,0,0,2022/10/20 17:05:04
月間,202210,策定,関門連系線,2022/12/21,昼間帯,逆方向,-2440,-2440,0,0,0,0,-2440,周波数,0,0,0,0,2022/10/20 17:05:04
月間,202210,策定,関門連系線,2022/12/21,夜間帯,順方向,430,430,0,0,0,0,430,周波数,0,0,0,0,2022/10/20 17:05:04
月間,202210,策定,関門連系線,2022/12/21,夜間帯,逆方向,-2150,-2150,0,0,0,0,-2150,周波数,0,0,0,0,2022/10/20 17:05:04
月間,202211,策定,関門連系線,2022/12/21,昼間帯,順方向,170,170,0,0,0,0,170,周波数,0,0,0,0,2022/11/18 17:05:04
月間,202211,策定,関門連系線,2022/12/21,昼間帯,逆方向,-2440,-2440,0,0,0,0,-2440,周波数,0,0,0,0,2022/11/18 17:05:04
月間,202211,策定,関門連系線,2022/12/21,夜間帯,順方向,430,430,0,0,0,0,430,周波数,0,0,0,0,2022/11/18 17:05:04
月間,202211,策定,関門連系線,2022/12/21,夜間帯,逆方向,-2150,-2150,0,0,0,0,-2150,周波数,0,0,0,0,2022/11/18 17:05:04
月間,202210,策定,関門連系線,2022/12/22,昼間帯,順方向,170,170,0,0,0,0,170,周波数,0,0,0,0,2022/10/20 17:05:04
月間,202210,策定,関門連系線,2022/12/22,昼間帯,逆方向,-2440,-2440,0,0,0,0,-2440,周波数,0,0,0,0,2022/10/20 17:05:04
月間,202210,策定,関門連系線,2022/12/22,夜間帯,順方向,430,430,0,0,0,0,430,周波数,0,0,0,0,2022/10/20 17:05:04
月間,202210,策定,関門連系線,2022/12/22,夜間帯,逆方向,-2150,-2150,0,0,0,0,-2150,周波数,0,0,0,0,2022/10/20 17:05:04
月間,202211,策定,関門連系線,2022/12/22,昼間帯,順方向,170,170,0,0,0,0,170,周波数,0,0,0,0,2022/11/18 17:05:04
月間,202211,策定,関門連系線,2022/12/22,昼間帯,逆方向,-2440,-2440,0,0,0,0,-2440,周波数,0,0,0,0,2022/11/18 17:05:04
月間,202211,策定,関門連系線,2022/12/22,夜間帯,順方向,430,430,0,0,0,0,430,周波数,0,0,0,0,2022/11/18 17:05:04
月間,202211,策定,関門連系線,2022/12/22,夜間帯,逆方向,-2150,-2150,0,0,0,0,-2150,周波数,0,0,0,0,2022/11/18 17:05:04
月間,202210,策定,関門連系線,2022/12/23,昼間帯,順方向,170,170,0,0,0,0,170,周波数,0,0,0,0,2022/10/20 17:05:04
月間,202210,策定,関門連系線,2022/12/23,昼間帯,逆方向,-2440,-2440,0,0,0,0,-2440,周波数,0,0,0,0,2022/10/20 17:05:04
月間,202210,策定,関門連系線,2022/12/23,夜間帯,順方向,430,430,0,0,0,0,430,周波数,0,0,0,0,2022/10/20 17:05:04
月間,202210,策定,関門連系線,2022/12/23,夜間帯,逆方向,-2150,-2150,0,0,0,0,-2150,周波数,0,0,0,0,2022/10/20 17:05:04
月間,202211,策定,関門連系線,2022/12/23,昼間帯,順方向,170,170,0,0,0,0,170,周波数,0,0,0,0,2022/11/18 17:05:04
月間,202211,策定,関門連系線,2022/12/23,昼間帯,逆方向,-2440,-2440,0,0,0,0,-2440,周波数,0,0,0,0,2022/11/18 17:05:04
月間,202211,策定,関門連系線,2022/12/23,夜間帯,順方向,430,430,0,0,0,0,430,周波数,0,0,0,0,2022/11/18 17:05:04
月間,202211,策定,関門連系線,2022/12/23,夜間帯,逆方向,-2150,-2150,0,0,0,0,-2150,周波数,0,0,0,0,2022/11/18 17:05:04
月間,202210,策定,関門連系線,2022/12/24,昼間帯,順方向,130,130,0,0,0,0,130,周波数,0,0,0,0,2022/10/20 17:05:04
月間,202210,策定,関門連系線,2022/12/24,昼間帯,逆方向,-2070,-2070,0,0,0,0,-2070,周波数,0,0,0,0,2022/10/20 17:05:04
月間,202210,策定,関門連系線,2022/12/24,夜間帯,順方向,400,400,0,0,0,0,400,周波数,0,0,0,0,2022/10/20 17:05:04
月間,202210,策定,関門連系線,2022/12/24,夜間帯,逆方向,-1990,-1990,0,0,0,0,-1990,周波数,0,0,0,0,2022/10/20 17:05:04
月間,202211,策定,関門連系線,2022/12/24,昼間帯,順方向,130,130,0,0,0,0,130,周波数,0,0,0,0,2022/11/18 17:05:04
月間,202211,策定,関門連系線,2022/12/24,昼間帯,逆方向,-2070,-2070,0,0,0,0,-2070,周波数,0,0,0,0,2022/11/18 17:05:04
月間,202211,策定,関門連系線,2022/12/24,夜間帯,順方向,400,400,0,0,0,0,400,周波数,0,0,0,0,2022/11/18 17:05:04
月間,202211,策定,関門連系線,2022/12/24,夜間帯,逆方向,-1990,-1990,0,0,0,0,-1990,周波数,0,0,0,0,2022/11/18 17:05:04
月間,202210,策定,関門連系線,2022/12/25,昼間帯,順方向,130,130,0,0,0,0,130,周波数,0,0,0,0,2022/10/20 17:05:04
月間,202210,策定,関門連系線,2022/12/25,昼間帯,逆方向,-2070,-2070,0,0,0,0,-2070,周波数,0,0,0,0,2022/10/20 17:05:04
月間,202210,策定,関門連系線,2022/12/25,夜間帯,順方向,400,400,0,0,0,0,400,周波数,0,0,0,0,2022/10/20 17:05:04
月間,202210,策定,関門連系線,2022/12/25,夜間帯,逆方向,-1990,-1990,0,0,0,0,-1990,周波数,0,0,0,0,2022/10/20 17:05:04
月間,202211,策定,関門連系線,2022/12/25,昼間帯,順方向,130,130,0,0,0,0,130,周波数,0,0,0,0,2022/11/18 17:05:04
月間,202211,策定,関門連系線,2022/12/25,昼間帯,逆方向,-2070,-2070,0,0,0,0,-2070,周波数,0,0,0,0,2022/11/18 17:05:04
月間,202211,策定,関門連系線,2022/12/25,夜間帯,順方向,400,400,0,0,0,0,400,周波数,0,0,0,0,2022/11/18 17:05:04
月間,202211,策定,関門連系線,2022/12/25,夜間帯,逆方向,-1990,-1990,0,0,0,0,-1990,周波数,0,0,0,0,2022/11/18 17:05:04
月間,202210,策定,関門連系線,2022/12/26,昼間帯,順方向,170,170,0,0,0,0,170,周波数,0,0,0,0,2022/10/20 17:05:04
月間,202210,策定,関門連系線,2022/12/26,昼間帯,逆方向,-2440,-2440,0,0,0,0,-2440,周波数,0,0,0,0,2022/10/20 17:05:04
月間,202210,策定,関門連系線,2022/12/26,夜間帯,順方向,400,400,0,0,0,0,400,周波数,0,0,0,0,2022/10/20 17:05:04
月間,202210,策定,関門連系線,2022/12/26,夜間帯,逆方向,-1990,-1990,0,0,0,0,-1990,周波数,0,0,0,0,2022/10/20 17:05:04
月間,202211,策定,関門連系線,2022/12/26,昼間帯,順方向,170,170,0,0,0,0,170,周波数,0,0,0,0,2022/11/18 17:05:04
月間,202211,策定,関門連系線,2022/12/26,昼間帯,逆方向,-2440,-2440,0,0,0,0,-2440,周波数,0,0,0,0,2022/11/18 17:05:04
月間,202211,策定,関門連系線,2022/12/26,夜間帯,順方向,400,400,0,0,0,0,400,周波数,0,0,0,0,2022/11/18 17:05:04
月間,202211,策定,関門連系線,2022/12/26,夜間帯,逆方向,-1990,-1990,0,0,0,0,-1990,周波数,0,0,0,0,2022/11/18 17:05:04
月間,202210,策定,関門連系線,2022/12/27,昼間帯,順方向,170,170,0,0,0,0,170,周波数,0,0,0,0,2022/10/20 17:05:04
月間,202210,策定,関門連系線,2022/12/27,昼間帯,逆方向,-2440,-2440,0,0,0,0,-2440,周波数,0,0,0,0,2022/10/20 17:05:04
月間,202210,策定,関門連系線,2022/12/27,夜間帯,順方向,430,430,0,0,0,0,430,周波数,0,0,0,0,2022/10/20 17:05:04
月間,202210,策定,関門連系線,2022/12/27,夜間帯,逆方向,-2150,-2150,0,0,0,0,-2150,周波数,0,0,0,0,2022/10/20 17:05:04
月間,202211,策定,関門連系線,2022/12/27,昼間帯,順方向,170,170,0,0,0,0,170,周波数,0,0,0,0,2022/11/18 17:05:04
月間,202211,策定,関門連系線,2022/12/27,昼間帯,逆方向,-2440,-2440,0,0,0,0,-2440,周波数,0,0,0,0,2022/11/18 17:05:04
月間,202211,策定,関門連系線,2022/12/27,夜間帯,順方向,430,430,0,0,0,0,430,周波数,0,0,0,0,2022/11/18 17:05:04
月間,202211,策定,関門連系線,2022/12/27,夜間帯,逆方向,-2150,-2150,0,0,0,0,-2150,周波数,0,0,0,0,2022/11/18 17:05:04
月間,202210,策定,関門連系線,2022/12/28,昼間帯,順方向,170,170,0,0,0,0,170,周波数,0,0,0,0,2022/10/20 17:05:04
月間,202210,策定,関門連系線,2022/12/28,昼間帯,逆方向,-2440,-2440,0,0,0,0,-2440,周波数,0,0,0,0,2022/10/20 17:05:04
月間,202210,策定,関門連系線,2022/12/28,夜間帯,順方向,430,430,0,0,0,0,430,周波数,0,0,0,0,2022/10/20 17:05:04
月間,202210,策定,関門連系線,2022/12/28,夜間帯,逆方向,-2150,-2150,0,0,0,0,-2150,周波数,0,0,0,0,2022/10/20 17:05:04
月間,202211,策定,関門連系線,2022/12/28,昼間帯,順方向,170,170,0,0,0,0,170,周波数,0,0,0,0,2022/11/18 17:05:04
月間,202211,策定,関門連系線,2022/12/28,昼間帯,逆方向,-2440,-2440,0,0,0,0,-2440,周波数,0,0,0,0,2022/11/18 17:05:04
月間,202211,策定,関門連系線,2022/12/28,夜間帯,順方向,430,430,0,0,0,0,430,周波数,0,0,0,0,2022/11/18 17:05:04
月間,202211,策定,関門連系線,2022/12/28,夜間帯,逆方向,-2150,-2150,0,0,0,0,-2150,周波数,0,0,0,0,2022/11/18 17:05:04
月間,202210,策定,関門連系線,2022/12/29,昼間帯,順方向,80,80,0,0,0,0,80,周波数,0,0,0,0,2022/10/20 17:05:04
月間,202210,策定,関門連系線,2022/12/29,昼間帯,逆方向,-1950,-1950,0,0,0,0,-1950,周波数,0,0,0,0,2022/10/20 17:05:04
月間,202210,策定,関門連系線,2022/12/29,夜間帯,順方向,410,410,0,0,0,0,410,周波数,0,0,0,0,2022/10/20 17:05:04
月間,202210,策定,関門連系線,2022/12/29,夜間帯,逆方向,-1880,-1880,0,0,0,0,-1880,周波数,0,0,0,0,2022/10/20 17:05:04
月間,202211,策定,関門連系線,2022/12/29,昼間帯,順方向,80,80,0,0,0,0,80,周波数,0,0,0,0,2022/11/18 17:05:04
月間,202211,策定,関門連系線,2022/12/29,昼間帯,逆方向,-1950,-1950,0,0,0,0,-1950,周波数,0,0,0,0,2022/11/18 17:05:04
月間,202211,策定,関門連系線,2022/12/29,夜間帯,順方向,410,410,0,0,0,0,410,周波数,0,0,0,0,2022/11/18 17:05:04
月間,202211,策定,関門連系線,2022/12/29,夜間帯,逆方向,-1880,-1880,0,0,0,0,-1880,周波数,0,0,0,0,2022/11/18 17:05:04
月間,202210,策定,関門連系線,2022/12/30,昼間帯,順方向,80,80,0,0,0,0,80,周波数,0,0,0,0,2022/10/20 17:05:04
月間,202210,策定,関門連系線,2022/12/30,昼間帯,逆方向,-1950,-1950,0,0,0,0,-1950,周波数,0,0,0,0,2022/10/20 17:05:04
月間,202210,策定,関門連系線,2022/12/30,夜間帯,順方向,410,410,0,0,0,0,410,周波数,0,0,0,0,2022/10/20 17:05:04
月間,202210,策定,関門連系線,2022/12/30,夜間帯,逆方向,-1880,-1880,0,0,0,0,-1880,周波数,0,0,0,0,2022/10/20 17:05:04
月間,202211,策定,関門連系線,2022/12/30,昼間帯,順方向,80,80,0,0,0,0,80,周波数,0,0,0,0,2022/11/18 17:05:04
月間,202211,策定,関門連系線,2022/12/30,昼間帯,逆方向,-1950,-1950,0,0,0,0,-1950,周波数,0,0,0,0,2022/11/18 17:05:04
月間,202211,策定,関門連系線,2022/12/30,夜間帯,順方向,410,410,0,0,0,0,410,周波数,0,0,0,0,2022/11/18 17:05:04
月間,202211,策定,関門連系線,2022/12/30,夜間帯,逆方向,-1880,-1880,0,0,0,0,-1880,周波数,0,0,0,0,2022/11/18 17:05:04
月間,202210,策定,関門連系線,2022/12/31,昼間帯,順方向,80,80,0,0,0,0,80,周波数,0,0,0,0,2022/10/20 17:05:04
月間,202210,策定,関門連系線,2022/12/31,昼間帯,逆方向,-1950,-1950,0,0,0,0,-1950,周波数,0,0,0,0,2022/10/20 17:05:04
月間,202210,策定,関門連系線,2022/12/31,夜間帯,順方向,410,410,0,0,0,0,410,周波数,0,0,0,0,2022/10/20 17:05:04
月間,202210,策定,関門連系線,2022/12/31,夜間帯,逆方向,-1880,-1880,0,0,0,0,-1880,周波数,0,0,0,0,2022/10/20 17:05:04
月間,202211,策定,関門連系線,2022/12/31,昼間帯,順方向,80,80,0,0,0,0,80,周波数,0,0,0,0,2022/11/18 17:05:04
月間,202211,策定,関門連系線,2022/12/31,昼間帯,逆方向,-1950,-1950,0,0,0,0,-1950,周波数,0,0,0,0,2022/11/18 17:05:04
月間,202211,策定,関門連系線,2022/12/31,夜間帯,順方向,410,410,0,0,0,0,410,周波数,0,0,0,0,2022/11/18 17:05:04
月間,202211,策定,関門連系線,2022/12/31,夜間帯,逆方向,-1880,-1880,0,0,0,0,-1880,周波数,0,0,0,0,2022/11/18 17:05:04
月間,202209,策定,北陸フェンス,2022/11/01,昼間帯,順方向,790,1300,0,510,0,0,1300,周波数,0,0,0,0,2022/09/20 17:05:04
月間,202209,策定,北陸フェンス,2022/11/01,昼間帯,逆方向,-1900,-1900,0,0,0,0,-1900,安定度,0,0,0,0,2022/09/20 17:05:04
月間,202209,策定,北陸フェンス,2022/11/01,夜間帯,順方向,700,700,0,0,0,0,700,周波数,0,0,0,0,2022/09/20 17:05:04
月間,202209,策定,北陸フェンス,2022/11/01,夜間帯,逆方向,-1900,-1900,0,0,0,0,-1900,安定度,0,0,0,0,2022/09/20 17:05:04
月間,202209,策定,北陸フェンス,2022/11/02,昼間帯,順方向,790,1300,0,510,0,0,1300,周波数,0,0,0,0,2022/09/20 17:05:04
月間,202209,策定,北陸フェンス,2022/11/02,昼間帯,逆方向,-1900,-1900,0,0,0,0,-1900,安定度,0,0,0,0,2022/09/20 17:05:04
月間,202209,策定,北陸フェンス,2022/11/02,夜間帯,順方向,700,700,0,0,0,0,700,周波数,0,0,0,0,2022/09/20 17:05:04
月間,202209,策定,北陸フェンス,2022/11/02,夜間帯,逆方向,-1900,-1900,0,0,0,0,-1900,安定度,0,0,0,0,2022/09/20 17:05:04
月間,202209,策定,北陸フェンス,2022/11/03,昼間帯,順方向,700,700,0,0,0,0,700,周波数,0,0,0,0,2022/09/20 17:05:04
月間,202209,策定,北陸フェンス,2022/11/03,昼間帯,逆方向,-1580,-1580,0,0,0,0,-1580,周波数,0,0,0,0,2022/09/20 17:05:04
月間,202209,策定,北陸フェンス,2022/11/03,夜間帯,順方向,700,700,0,0,0,0,700,周波数,0,0,0,0,2022/09/20 17:05:04
月間,202209,策定,北陸フェンス,2022/11/03,夜間帯,逆方向,-1900,-1900,0,0,0,0,-1900,安定度,0,0,0,0,2022/09/20 17:05:04
月間,202209,策定,北陸フェンス,2022/11/04,昼間帯,順方向,790,1300,0,510,0,0,1300,周波数,0,0,0,0,2022/09/20 17:05:04
月間,202209,策定,北陸フェンス,2022/11/04,昼間帯,逆方向,-1900,-1900,0,0,0,0,-1900,安定度,0,0,0,0,2022/09/20 17:05:04
月間,202209,策定,北陸フェンス,2022/11/04,夜間帯,順方向,700,700,0,0,0,0,700,周波数,0,0,0,0,2022/09/20 17:05:04
月間,202209,策定,北陸フェンス,2022/11/04,夜間帯,逆方向,-1900,-1900,0,0,0,0,-1900,安定度,0,0,0,0,2022/09/20 17:05:04
月間,202209,策定,北陸フェンス,2022/11/05,昼間帯,順方向,700,700,0,0,0,0,700,周波数,0,0,0,0,2022/09/20 17:05:04
月間,202209,策定,北陸フェンス,2022/11/05,昼間帯,逆方向,-1580,-1580,0,0,0,0,-1580,周波数,0,0,0,0,2022/09/20 17:05:04
月間,202209,策定,北陸フェンス,2022/11/05,夜間帯,順方向,700,700,0,0,0,0,700,周波数,0,0,0,0,2022/09/20 17:05:04
月間,202209,策定,北陸フェンス,2022/11/05,夜間帯,逆方向,-1900,-1900,0,0,0,0,-1900,安定度,0,0,0,0,2022/09/20 17:05:04
月間,202210,策定,北陸フェンス,2022/11/05,昼間帯,順方向,700,700,0,0,0,0,700,周波数,0,0,0,0,2022/10/20 17:05:04
月間,202210,策定,北陸フェンス,2022/11/05,昼間帯,逆方向,-1580,-1580,0,0,0,0,-1580,周波数,0,0,0,0,2022/10/20 17:05:04
月間,202210,策定,北陸フェンス,2022/11/05,夜間帯,順方向,700,700,0,0,0,0,700,周波数,0,0,0,0,2022/10/20 17:05:04
月間,202210,策定,北陸フェンス,2022/11/05,夜間帯,逆方向,-1900,-1900,0,0,0,0,-1900,安定度,0,0,0,0,2022/10/20 17:05:04
月間,202209,策定,北陸フェンス,2022/11/06,昼間帯,順方向,700,700,0,0,0,0,700,周波数,0,0,0,0,2022/09/20 17:05:04
月間,202209,策定,北陸フェンス,2022/11/06,昼間帯,逆方向,-1580,-1580,0,0,0,0,-1580,周波数,0,0,0,0,2022/09/20 17:05:04
月間,202209,策定,北陸フェンス,2022/11/06,夜間帯,順方向,700,700,0,0,0,0,700,周波数,0,0,0,0,2022/09/20 17:05:04
月間,202209,策定,北陸フェンス,2022/11/06,夜間帯,逆方向,-1900,-1900,0,0,0,0,-1900,安定度,0,0,0,0,2022/09/20 17:05:04
月間,202210,策定,北陸フェンス,2022/11/06,昼間帯,順方向,700,700,0,0,0,0,700,周波数,0,0,0,0,2022/10/20 17:05:04
月間,202210,策定,北陸フェンス,2022/11/06,昼間帯,逆方向,-1580,-1580,0,0,0,0,-1580,周波数,0,0,0,0,2022/10/20 17:05:04
月間,202210,策定,北陸フェンス,2022/11/06,夜間帯,順方向,700,700,0,0,0,0,700,周波数,0,0,0,0,2022/10/20 17:05:04
月間,202210,策定,北陸フェンス,2022/11/06,夜間帯,逆方向,-1900,-1900,0,0,0,0,-1900,安定度,0,0,0,0,2022/10/20 17:05:04
月間,202209,策定,北陸フェンス,2022/11/07,昼間帯,順方向,790,1300,0,510,0,0,1300,周波数,0,0,0,0,2022/09/20 17:05:04
月間,202209,策定,北陸フェンス,2022/11/07,昼間帯,逆方向,-1900,-1900,0,0,0,0,-1900,安定度,0,0,0,0,2022/09/20 17:05:04
月間,202209,策定,北陸フェンス,2022/11/07,夜間帯,順方向,700,700,0,0,0,0,700,周波数,0,0,0,0,2022/09/20 17:05:04
月間,202209,策定,北陸フェンス,2022/11/07,夜間帯,逆方向,-1900,-1900,0,0,0,0,-1900,安定度,0,0,0,0,2022/09/20 17:05:04
月間,202210,策定,北陸フェンス,2022/11/07,昼間帯,順方向,790,1300,0,510,0,0,1300,周波数,0,0,0,0,2022/10/20 17:05:04
月間,202210,策定,北陸フェンス,2022/11/07,昼間帯,逆方向,-1900,-1900,0,0,0,0,-1900,安定度,0,0,0,0,2022/10/20 17:05:04
月間,202210,策定,北陸フェンス,2022/11/07,夜間帯,順方向,700,700,0,0,0,0,700,周波数,0,0,0,0,2022/10/20 17:05:04
月間,202210,策定,北陸フェンス,2022/11/07,夜間帯,逆方向,-1900,-1900,0,0,0,0,-1900,安定度,0,0,0,0,2022/10/20 17:05:04
月間,202209,策定,北陸フェンス,2022/11/08,昼間帯,順方向,790,1300,0,510,0,0,1300,周波数,0,0,0,0,2022/09/20 17:05:04
月間,202209,策定,北陸フェンス,2022/11/08,昼間帯,逆方向,-1900,-1900,0,0,0,0,-1900,安定度,0,0,0,0,2022/09/20 17:05:04
月間,202209,策定,北陸フェンス,2022/11/08,夜間帯,順方向,700,700,0,0,0,0,700,周波数,0,0,0,0,2022/09/20 17:05:04
月間,202209,策定,北陸フェンス,2022/11/08,夜間帯,逆方向,-1900,-1900,0,0,0,0,-1900,安定度,0,0,0,0,2022/09/20 17:05:04
月間,202210,策定,北陸フェンス,2022/11/08,昼間帯,順方向,790,1300,0,510,0,0,1300,周波数,0,0,0,0,2022/10/20 17:05:04
月間,202210,策定,北陸フェンス,2022/11/08,昼間帯,逆方向,-1900,-1900,0,0,0,0,-1900,安定度,0,0,0,0,2022/10/20 17:05:04
月間,202210,策定,北陸フェンス,2022/11/08,夜間帯,順方向,700,700,0,0,0,0,700,周波数,0,0,0,0,2022/10/20 17:05:04
月間,202210,策定,北陸フェンス,2022/11/08,夜間帯,逆方向,-1900,-1900,0,0,0,0,-1900,安定度,0,0,0,0,2022/10/20 17:05:04
月間,202209,策定,北陸フェンス,2022/11/09,昼間帯,順方向,790,1300,0,510,0,0,1300,周波数,0,0,0,0,2022/09/20 17:05:04
月間,202209,策定,北陸フェンス,2022/11/09,昼間帯,逆方向,-1900,-1900,0,0,0,0,-1900,安定度,0,0,0,0,2022/09/20 17:05:04
月間,202209,策定,北陸フェンス,2022/11/09,夜間帯,順方向,700,700,0,0,0,0,700,周波数,0,0,0,0,2022/09/20 17:05:04
月間,202209,策定,北陸フェンス,2022/11/09,夜間帯,逆方向,-1900,-1900,0,0,0,0,-1900,安定度,0,0,0,0,2022/09/20 17:05:04
月間,202210,策定,北陸フェンス,2022/11/09,昼間帯,順方向,790,1300,0,510,0,0,1300,周波数,0,0,0,0,2022/10/20 17:05:04
月間,202210,策定,北陸フェンス,2022/11/09,昼間帯,逆方向,-1900,-1900,0,0,0,0,-1900,安定度,0,0,0,0,2022/10/20 17:05:04
月間,202210,策定,北陸フェンス,2022/11/09,夜間帯,順方向,700,700,0,0,0,0,700,周波数,0,0,0,0,2022/10/20 17:05:04
月間,202210,策定,北陸フェンス,2022/11/09,夜間帯,逆方向,-1900,-1900,0,0,0,0,-1900,安定度,0,0,0,0,2022/10/20 17:05:04
月間,202209,策定,北陸フェンス,2022/11/10,昼間帯,順方向,790,1300,0,510,0,0,1300,周波数,0,0,0,0,2022/09/20 17:05:04
月間,202209,策定,北陸フェンス,2022/11/10,昼間帯,逆方向,-1900,-1900,0,0,0,0,-1900,安定度,0,0,0,0,2022/09/20 17:05:04
月間,202209,策定,北陸フェンス,2022/11/10,夜間帯,順方向,700,700,0,0,0,0,700,周波数,0,0,0,0,2022/09/20 17:05:04
月間,202209,策定,北陸フェンス,2022/11/10,夜間帯,逆方向,-1900,-1900,0,0,0,0,-1900,安定度,0,0,0,0,2022/09/20 17:05:04
月間,202210,策定,北陸フェンス,2022/11/10,昼間帯,順方向,790,1300,0,510,0,0,1300,周波数,0,0,0,0,2022/10/20 17:05:04
月間,202210,策定,北陸フェンス,2022/11/10,昼間帯,逆方向,-1900,-1900,0,0,0,0,-1900,安定度,0,0,0,0,2022/10/20 17:05:04
月間,202210,策定,北陸フェンス,2022/11/10,夜間帯,順方向,700,700,0,0,0,0,700,周波数,0,0,0,0,2022/10/20 17:05:04
月間,202210,策定,北陸フェンス,2022/11/10,夜間帯,逆方向,-1900,-1900,0,0,0,0,-1900,安定度,0,0,0,0,2022/10/20 17:05:04
月間,202209,策定,北陸フェンス,2022/11/11,昼間帯,順方向,790,1300,0,510,0,0,1300,周波数,0,0,0,0,2022/09/20 17:05:04
月間,202209,策定,北陸フェンス,2022/11/11,昼間帯,逆方向,-1900,-1900,0,0,0,0,-1900,安定度,0,0,0,0,2022/09/20 17:05:04
月間,202209,策定,北陸フェンス,2022/11/11,夜間帯,順方向,700,700,0,0,0,0,700,周波数,0,0,0,0,2022/09/20 17:05:04
月間,202209,策定,北陸フェンス,2022/11/11,夜間帯,逆方向,-1900,-1900,0,0,0,0,-1900,安定度,0,0,0,0,2022/09/20 17:05:04
月間,202210,策定,北陸フェンス,2022/11/11,昼間帯,順方向,790,1300,0,510,0,0,1300,周波数,0,0,0,0,2022/10/20 17:05:04
月間,202210,策定,北陸フェンス,2022/11/11,昼間帯,逆方向,-1900,-1900,0,0,0,0,-1900,安定度,0,0,0,0,2022/10/20 17:05:04
月間,202210,策定,北陸フェンス,2022/11/11,夜間帯,順方向,700,700,0,0,0,0,700,周波数,0,0,0,0,2022/10/20 17:05:04
月間,202210,策定,北陸フェンス,2022/11/11,夜間帯,逆方向,-1900,-1900,0,0,0,0,-1900,安定度,0,0,0,0,2022/10/20 17:05:04
月間,202209,策定,北陸フェンス,2022/11/12,昼間帯,順方向,700,700,0,0,0,0,700,周波数,0,0,0,0,2022/09/20 17:05:04
月間,202209,策定,北陸フェンス,2022/11/12,昼間帯,逆方向,-1580,-1580,0,0,0,0,-1580,周波数,0,0,0,0,2022/09/20 17:05:04
月間,202209,策定,北陸フェンス,2022/11/12,夜間帯,順方向,700,700,0,0,0,0,700,周波数,0,0,0,0,2022/09/20 17:05:04
月間,202209,策定,北陸フェンス,2022/11/12,夜間帯,逆方向,-1900,-1900,0,0,0,0,-1900,安定度,0,0,0,0,2022/09/20 17:05:04
月間,202210,策定,北陸フェンス,2022/11/12,昼間帯,順方向,700,700,0,0,0,0,700,周波数,0,0,0,0,2022/10/20 17:05:04
月間,202210,策定,北陸フェンス,2022/11/12,昼間帯,逆方向,-1580,-1580,0,0,0,0,-1580,周波数,0,0,0,0,2022/10/20 17:05:04
月間,202210,策定,北陸フェンス,2022/11/12,夜間帯,順方向,700,700,0,0,0,0,700,周波数,0,0,0,0,2022/10/20 17:05:04
月間,202210,策定,北陸フェンス,2022/11/12,夜間帯,逆方向,-1900,-1900,0,0,0,0,-1900,安定度,0,0,0,0,2022/10/20 17:05:04
月間,202209,策定,北陸フェンス,2022/11/13,昼間帯,順方向,700,700,0,0,0,0,700,周波数,0,0,0,0,2022/09/20 17:05:04
月間,202209,策定,北陸フェンス,2022/11/13,昼間帯,逆方向,-1580,-1580,0,0,0,0,-1580,周波数,0,0,0,0,2022/09/20 17:05:04
月間,202209,策定,北陸フェンス,2022/11/13,夜間帯,順方向,700,700,0,0,0,0,700,周波数,0,0,0,0,2022/09/20 17:05:04
月間,202209,策定,北陸フェンス,2022/11/13,夜間帯,逆方向,-1900,-1900,0,0,0,0,-1900,安定度,0,0,0,0,2022/09/20 17:05:04
月間,202210,策定,北陸フェンス,2022/11/13,昼間帯,順方向,700,700,0,0,0,0,700,周波数,0,0,0,0,2022/10/20 17:05:04
月間,202210,策定,北陸フェンス,2022/11/13,昼間帯,逆方向,-1580,-1580,0,0,0,0,-1580,周波数,0,0,0,0,2022/10/20 17:05:04
月間,202210,策定,北陸フェンス,2022/11/13,夜間帯,順方向,700,700,0,0,0,0,700,周波数,0,0,0,0,2022/10/20 17:05:04
月間,202210,策定,北陸フェンス,2022/11/13,夜間帯,逆方向,-1900,-1900,0,0,0,0,-1900,安定度,0,0,0,0,2022/10/20 17:05:04
月間,202209,策定,北陸フェンス,2022/11/14,昼間帯,順方向,790,1300,0,510,0,0,1300,周波数,0,0,0,0,2022/09/20 17:05:04
月間,202209,策定,北陸フェンス,2022/11/14,昼間帯,逆方向,-1900,-1900,0,0,0,0,-1900,安定度,0,0,0,0,2022/09/20 17:05:04
月間,202209,策定,北陸フェンス,2022/11/14,夜間帯,順方向,700,700,0,0,0,0,700,周波数,0,0,0,0,2022/09/20 17:05:04
月間,202209,策定,北陸フェンス,2022/11/14,夜間帯,逆方向,-1900,-1900,0,0,0,0,-1900,安定度,0,0,0,0,2022/09/20 17:05:04
月間,202210,策定,北陸フェンス,2022/11/14,昼間帯,順方向,790,1300,0,510,0,0,1300,周波数,0,0,0,0,2022/10/20 17:05:04
月間,202210,策定,北陸フェンス,2022/11/14,昼間帯,逆方向,-1900,-1900,0,0,0,0,-1900,安定度,0,0,0,0,2022/10/20 17:05:04
月間,202210,策定,北陸フェンス,2022/11/14,夜間帯,順方向,700,700,0,0,0,0,700,周波数,0,0,0,0,2022/10/20 17:05:04
月間,202210,策定,北陸フェンス,2022/11/14,夜間帯,逆方向,-1900,-1900,0,0,0,0,-1900,安定度,0,0,0,0,2022/10/20 17:05:04
月間,202209,策定,北陸フェンス,2022/11/15,昼間帯,順方向,790,1300,0,510,0,0,1300,周波数,0,0,0,0,2022/09/20 17:05:04
月間,202209,策定,北陸フェンス,2022/11/15,昼間帯,逆方向,-1900,-1900,0,0,0,0,-1900,安定度,0,0,0,0,2022/09/20 17:05:04
月間,202209,策定,北陸フェンス,2022/11/15,夜間帯,順方向,700,700,0,0,0,0,700,周波数,0,0,0,0,2022/09/20 17:05:04
月間,202209,策定,北陸フェンス,2022/11/15,夜間帯,逆方向,-1900,-1900,0,0,0,0,-1900,安定度,0,0,0,0,2022/09/20 17:05:04
月間,202210,策定,北陸フェンス,2022/11/15,昼間帯,順方向,790,1300,0,510,0,0,1300,周波数,0,0,0,0,2022/10/20 17:05:04
月間,202210,策定,北陸フェンス,2022/11/15,昼間帯,逆方向,-1900,-1900,0,0,0,0,-1900,安定度,0,0,0,0,2022/10/20 17:05:04
月間,202210,策定,北陸フェンス,2022/11/15,夜間帯,順方向,700,700,0,0,0,0,700,周波数,0,0,0,0,2022/10/20 17:05:04
月間,202210,策定,北陸フェンス,2022/11/15,夜間帯,逆方向,-1900,-1900,0,0,0,0,-1900,安定度,0,0,0,0,2022/10/20 17:05:04
月間,202209,策定,北陸フェンス,2022/11/16,昼間帯,順方向,790,1300,0,510,0,0,1300,周波数,0,0,0,0,2022/09/20 17:05:04
月間,202209,策定,北陸フェンス,2022/11/16,昼間帯,逆方向,-1900,-1900,0,0,0,0,-1900,安定度,0,0,0,0,2022/09/20 17:05:04
月間,202209,策定,北陸フェンス,2022/11/16,夜間帯,順方向,700,700,0,0,0,0,700,周波数,0,0,0,0,2022/09/20 17:05:04
月間,202209,策定,北陸フェンス,2022/11/16,夜間帯,逆方向,-1900,-1900,0,0,0,0,-1900,安定度,0,0,0,0,2022/09/20 17:05:04
月間,202210,策定,北陸フェンス,2022/11/16,昼間帯,順方向,790,1300,0,510,0,0,1300,周波数,0,0,0,0,2022/10/20 17:05:04
月間,202210,策定,北陸フェンス,2022/11/16,昼間帯,逆方向,-1900,-1900,0,0,0,0,-1900,安定度,0,0,0,0,2022/10/20 17:05:04
月間,202210,策定,北陸フェンス,2022/11/16,夜間帯,順方向,700,700,0,0,0,0,700,周波数,0,0,0,0,2022/10/20 17:05:04
月間,202210,策定,北陸フェンス,2022/11/16,夜間帯,逆方向,-1900,-1900,0,0,0,0,-1900,安定度,0,0,0,0,2022/10/20 17:05:04
月間,202209,策定,北陸フェンス,2022/11/17,昼間帯,順方向,790,1300,0,510,0,0,1300,周波数,0,0,0,0,2022/09/20 17:05:04
月間,202209,策定,北陸フェンス,2022/11/17,昼間帯,逆方向,-1900,-1900,0,0,0,0,-1900,安定度,0,0,0,0,2022/09/20 17:05:04
月間,202209,策定,北陸フェンス,2022/11/17,夜間帯,順方向,700,700,0,0,0,0,700,周波数,0,0,0,0,2022/09/20 17:05:04
月間,202209,策定,北陸フェンス,2022/11/17,夜間帯,逆方向,-1900,-1900,0,0,0,0,-1900,安定度,0,0,0,0,2022/09/20 17:05:04
月間,202210,策定,北陸フェンス,2022/11/17,昼間帯,順方向,790,1300,0,510,0,0,1300,周波数,0,0,0,0,2022/10/20 17:05:04
月間,202210,策定,北陸フェンス,2022/11/17,昼間帯,逆方向,-1900,-1900,0,0,0,0,-1900,安定度,0,0,0,0,2022/10/20 17:05:04
月間,202210,策定,北陸フェンス,2022/11/17,夜間帯,順方向,700,700,0,0,0,0,700,周波数,0,0,0,0,2022/10/20 17:05:04
月間,202210,策定,北陸フェンス,2022/11/17,夜間帯,逆方向,-1900,-1900,0,0,0,0,-1900,安定度,0,0,0,0,2022/10/20 17:05:04
月間,202209,策定,北陸フェンス,2022/11/18,昼間帯,順方向,790,1300,0,510,0,0,1300,周波数,0,0,0,0,2022/09/20 17:05:04
月間,202209,策定,北陸フェンス,2022/11/18,昼間帯,逆方向,-1900,-1900,0,0,0,0,-1900,安定度,0,0,0,0,2022/09/20 17:05:04
月間,202209,策定,北陸フェンス,2022/11/18,夜間帯,順方向,700,700,0,0,0,0,700,周波数,0,0,0,0,2022/09/20 17:05:04
月間,202209,策定,北陸フェンス,2022/11/18,夜間帯,逆方向,-1900,-1900,0,0,0,0,-1900,安定度,0,0,0,0,2022/09/20 17:05:04
月間,202210,策定,北陸フェンス,2022/11/18,昼間帯,順方向,790,1300,0,510,0,0,1300,周波数,0,0,0,0,2022/10/20 17:05:04
月間,202210,策定,北陸フェンス,2022/11/18,昼間帯,逆方向,-1900,-1900,0,0,0,0,-1900,安定度,0,0,0,0,2022/10/20 17:05:04
月間,202210,策定,北陸フェンス,2022/11/18,夜間帯,順方向,700,700,0,0,0,0,700,周波数,0,0,0,0,2022/10/20 17:05:04
月間,202210,策定,北陸フェンス,2022/11/18,夜間帯,逆方向,-1900,-1900,0,0,0,0,-1900,安定度,0,0,0,0,2022/10/20 17:05:04
月間,202209,策定,北陸フェンス,2022/11/19,昼間帯,順方向,700,700,0,0,0,0,700,周波数,0,0,0,0,2022/09/20 17:05:04
月間,202209,策定,北陸フェンス,2022/11/19,昼間帯,逆方向,-1680,-1680,0,0,0,0,-1680,周波数,0,0,0,0,2022/09/20 17:05:04
月間,202209,策定,北陸フェンス,2022/11/19,夜間帯,順方向,700,700,0,0,0,0,700,周波数,0,0,0,0,2022/09/20 17:05:04
月間,202209,策定,北陸フェンス,2022/11/19,夜間帯,逆方向,-1900,-1900,0,0,0,0,-1900,安定度,0,0,0,0,2022/09/20 17:05:04
月間,202210,策定,北陸フェンス,2022/11/19,昼間帯,順方向,700,700,0,0,0,0,700,周波数,0,0,0,0,2022/10/20 17:05:04
月間,202210,策定,北陸フェンス,2022/11/19,昼間帯,逆方向,-1680,-1680,0,0,0,0,-1680,周波数,0,0,0,0,2022/10/20 17:05:04
月間,202210,策定,北陸フェンス,2022/11/19,夜間帯,順方向,700,700,0,0,0,0,700,周波数,0,0,0,0,2022/10/20 17:05:04
月間,202210,策定,北陸フェンス,2022/11/19,夜間帯,逆方向,-1900,-1900,0,0,0,0,-1900,安定度,0,0,0,0,2022/10/20 17:05:04
月間,202209,策定,北陸フェンス,2022/11/20,昼間帯,順方向,700,700,0,0,0,0,700,周波数,0,0,0,0,2022/09/20 17:05:04
月間,202209,策定,北陸フェンス,2022/11/20,昼間帯,逆方向,-1680,-1680,0,0,0,0,-1680,周波数,0,0,0,0,2022/09/20 17:05:04
月間,202209,策定,北陸フェンス,2022/11/20,夜間帯,順方向,700,700,0,0,0,0,700,周波数,0,0,0,0,2022/09/20 17:05:04
月間,202209,策定,北陸フェンス,2022/11/20,夜間帯,逆方向,-1900,-1900,0,0,0,0,-1900,安定度,0,0,0,0,2022/09/20 17:05:04
月間,202210,策定,北陸フェンス,2022/11/20,昼間帯,順方向,700,700,0,0,0,0,700,周波数,0,0,0,0,2022/10/20 17:05:04
月間,202210,策定,北陸フェンス,2022/11/20,昼間帯,逆方向,-1680,-1680,0,0,0,0,-1680,周波数,0,0,0,0,2022/10/20 17:05:04
月間,202210,策定,北陸フェンス,2022/11/20,夜間帯,順方向,700,700,0,0,0,0,700,周波数,0,0,0,0,2022/10/20 17:05:04
月間,202210,策定,北陸フェンス,2022/11/20,夜間帯,逆方向,-1900,-1900,0,0,0,0,-1900,安定度,0,0,0,0,2022/10/20 17:05:04
月間,202209,策定,北陸フェンス,2022/11/21,昼間帯,順方向,790,1300,0,510,0,0,1300,周波数,0,0,0,0,2022/09/20 17:05:04
月間,202209,策定,北陸フェンス,2022/11/21,昼間帯,逆方向,-1900,-1900,0,0,0,0,-1900,安定度,0,0,0,0,2022/09/20 17:05:04
月間,202209,策定,北陸フェンス,2022/11/21,夜間帯,順方向,700,700,0,0,0,0,700,周波数,0,0,0,0,2022/09/20 17:05:04
月間,202209,策定,北陸フェンス,2022/11/21,夜間帯,逆方向,-1900,-1900,0,0,0,0,-1900,安定度,0,0,0,0,2022/09/20 17:05:04
月間,202210,策定,北陸フェンス,2022/11/21,昼間帯,順方向,790,1300,0,510,0,0,1300,周波数,0,0,0,0,2022/10/20 17:05:04
月間,202210,策定,北陸フェンス,2022/11/21,昼間帯,逆方向,-1900,-1900,0,0,0,0,-1900,安定度,0,0,0,0,2022/10/20 17:05:04
月間,202210,策定,北陸フェンス,2022/11/21,夜間帯,順方向,700,700,0,0,0,0,700,周波数,0,0,0,0,2022/10/20 17:05:04
月間,202210,策定,北陸フェンス,2022/11/21,夜間帯,逆方向,-1900,-1900,0,0,0,0,-1900,安定度,0,0,0,0,2022/10/20 17:05:04
月間,202209,策定,北陸フェンス,2022/11/22,昼間帯,順方向,790,1300,0,510,0,0,1300,周波数,0,0,0,0,2022/09/20 17:05:04
月間,202209,策定,北陸フェンス,2022/11/22,昼間帯,逆方向,-1900,-1900,0,0,0,0,-1900,安定度,0,0,0,0,2022/09/20 17:05:04
月間,202209,策定,北陸フェンス,2022/11/22,夜間帯,順方向,700,700,0,0,0,0,700,周波数,0,0,0,0,2022/09/20 17:05:04
月間,202209,策定,北陸フェンス,2022/11/22,夜間帯,逆方向,-1900,-1900,0,0,0,0,-1900,安定度,0,0,0,0,2022/09/20 17:05:04
月間,202210,策定,北陸フェンス,2022/11/22,昼間帯,順方向,790,1300,0,510,0,0,1300,周波数,0,0,0,0,2022/10/20 17:05:04
月間,202210,策定,北陸フェンス,2022/11/22,昼間帯,逆方向,-1900,-1900,0,0,0,0,-1900,安定度,0,0,0,0,2022/10/20 17:05:04
月間,202210,策定,北陸フェンス,2022/11/22,夜間帯,順方向,700,700,0,0,0,0,700,周波数,0,0,0,0,2022/10/20 17:05:04
月間,202210,策定,北陸フェンス,2022/11/22,夜間帯,逆方向,-1900,-1900,0,0,0,0,-1900,安定度,0,0,0,0,2022/10/20 17:05:04
月間,202209,策定,北陸フェンス,2022/11/23,昼間帯,順方向,700,700,0,0,0,0,700,周波数,0,0,0,0,2022/09/20 17:05:04
月間,202209,策定,北陸フェンス,2022/11/23,昼間帯,逆方向,-1680,-1680,0,0,0,0,-1680,周波数,0,0,0,0,2022/09/20 17:05:04
月間,202209,策定,北陸フェンス,2022/11/23,夜間帯,順方向,700,700,0,0,0,0,700,周波数,0,0,0,0,2022/09/20 17:05:04
月間,202209,策定,北陸フェンス,2022/11/23,夜間帯,逆方向,-1900,-1900,0,0,0,0,-1900,安定度,0,0,0,0,2022/09/20 17:05:04
月間,202210,策定,北陸フェンス,2022/11/23,昼間帯,順方向,700,700,0,0,0,0,700,周波数,0,0,0,0,2022/10/20 17:05:04
月間,202210,策定,北陸フェンス,2022/11/23,昼間帯,逆方向,-1680,-1680,0,0,0,0,-1680,周波数,0,0,0,0,2022/10/20 17:05:04
月間,202210,策定,北陸フェンス,2022/11/23,夜間帯,順方向,700,700,0,0,0,0,700,周波数,0,0,0,0,2022/10/20 17:05:04
月間,202210,策定,北陸フェンス,2022/11/23,夜間帯,逆方向,-1900,-1900,0,0,0,0,-1900,安定度,0,0,0,0,2022/10/20 17:05:04
月間,202209,策定,北陸フェンス,2022/11/24,昼間帯,順方向,790,1300,0,510,0,0,1300,周波数,0,0,0,0,2022/09/20 17:05:04
月間,202209,策定,北陸フェンス,2022/11/24,昼間帯,逆方向,-1900,-1900,0,0,0,0,-1900,安定度,0,0,0,0,2022/09/20 17:05:04
月間,202209,策定,北陸フェンス,2022/11/24,夜間帯,順方向,700,700,0,0,0,0,700,周波数,0,0,0,0,2022/09/20 17:05:04
月間,202209,策定,北陸フェンス,2022/11/24,夜間帯,逆方向,-1900,-1900,0,0,0,0,-1900,安定度,0,0,0,0,2022/09/20 17:05:04
月間,202210,策定,北陸フェンス,2022/11/24,昼間帯,順方向,790,1300,0,510,0,0,1300,周波数,0,0,0,0,2022/10/20 17:05:04
月間,202210,策定,北陸フェンス,2022/11/24,昼間帯,逆方向,-1900,-1900,0,0,0,0,-1900,安定度,0,0,0,0,2022/10/20 17:05:04
月間,202210,策定,北陸フェンス,2022/11/24,夜間帯,順方向,700,700,0,0,0,0,700,周波数,0,0,0,0,2022/10/20 17:05:04
月間,202210,策定,北陸フェンス,2022/11/24,夜間帯,逆方向,-1900,-1900,0,0,0,0,-1900,安定度,0,0,0,0,2022/10/20 17:05:04
月間,202209,策定,北陸フェンス,2022/11/25,昼間帯,順方向,790,1300,0,510,0,0,1300,周波数,0,0,0,0,2022/09/20 17:05:04
月間,202209,策定,北陸フェンス,2022/11/25,昼間帯,逆方向,-1900,-1900,0,0,0,0,-1900,安定度,0,0,0,0,2022/09/20 17:05:04
月間,202209,策定,北陸フェンス,2022/11/25,夜間帯,順方向,700,700,0,0,0,0,700,周波数,0,0,0,0,2022/09/20 17:05:04
月間,202209,策定,北陸フェンス,2022/11/25,夜間帯,逆方向,-1900,-1900,0,0,0,0,-1900,安定度,0,0,0,0,2022/09/20 17:05:04
月間,202210,策定,北陸フェンス,2022/11/25,昼間帯,順方向,790,1300,0,510,0,0,1300,周波数,0,0,0,0,2022/10/20 17:05:04
月間,202210,策定,北陸フェンス,2022/11/25,昼間帯,逆方向,-1900,-1900,0,0,0,0,-1900,安定度,0,0,0,0,2022/10/20 17:05:04
月間,202210,策定,北陸フェンス,2022/11/25,夜間帯,順方向,700,700,0,0,0,0,700,周波数,0,0,0,0,2022/10/20 17:05:04
月間,202210,策定,北陸フェンス,2022/11/25,夜間帯,逆方向,-1900,-1900,0,0,0,0,-1900,安定度,0,0,0,0,2022/10/20 17:05:04
月間,202209,策定,北陸フェンス,2022/11/26,昼間帯,順方向,700,700,0,0,0,0,700,周波数,0,0,0,0,2022/09/20 17:05:04
月間,202209,策定,北陸フェンス,2022/11/26,昼間帯,逆方向,-1680,-1680,0,0,0,0,-1680,周波数,0,0,0,0,2022/09/20 17:05:04
月間,202209,策定,北陸フェンス,2022/11/26,夜間帯,順方向,700,700,0,0,0,0,700,周波数,0,0,0,0,2022/09/20 17:05:04
月間,202209,策定,北陸フェンス,2022/11/26,夜間帯,逆方向,-1900,-1900,0,0,0,0,-1900,安定度,0,0,0,0,2022/09/20 17:05:04
月間,202210,策定,北陸フェンス,2022/11/26,昼間帯,順方向,700,700,0,0,0,0,700,周波数,0,0,0,0,2022/10/20 17:05:04
月間,202210,策定,北陸フェンス,2022/11/26,昼間帯,逆方向,-1680,-1680,0,0,0,0,-1680,周波数,0,0,0,0,2022/10/20 17:05:04
月間,202210,策定,北陸フェンス,2022/11/26,夜間帯,順方向,700,700,0,0,0,0,700,周波数,0,0,0,0,2022/10/20 17:05:04
月間,202210,策定,北陸フェンス,2022/11/26,夜間帯,逆方向,-1900,-1900,0,0,0,0,-1900,安定度,0,0,0,0,2022/10/20 17:05:04
月間,202209,策定,北陸フェンス,2022/11/27,昼間帯,順方向,700,700,0,0,0,0,700,周波数,0,0,0,0,2022/09/20 17:05:04
月間,202209,策定,北陸フェンス,2022/11/27,昼間帯,逆方向,-1680,-1680,0,0,0,0,-1680,周波数,0,0,0,0,2022/09/20 17:05:04
月間,202209,策定,北陸フェンス,2022/11/27,夜間帯,順方向,700,700,0,0,0,0,700,周波数,0,0,0,0,2022/09/20 17:05:04
月間,202209,策定,北陸フェンス,2022/11/27,夜間帯,逆方向,-1900,-1900,0,0,0,0,-1900,安定度,0,0,0,0,2022/09/20 17:05:04
月間,202210,策定,北陸フェンス,2022/11/27,昼間帯,順方向,700,700,0,0,0,0,700,周波数,0,0,0,0,2022/10/20 17:05:04
月間,202210,策定,北陸フェンス,2022/11/27,昼間帯,逆方向,-1680,-1680,0,0,0,0,-1680,周波数,0,0,0,0,2022/10/20 17:05:04
月間,202210,策定,北陸フェンス,2022/11/27,夜間帯,順方向,700,700,0,0,0,0,700,周波数,0,0,0,0,2022/10/20 17:05:04
月間,202210,策定,北陸フェンス,2022/11/27,夜間帯,逆方向,-1900,-1900,0,0,0,0,-1900,安定度,0,0,0,0,2022/10/20 17:05:04
月間,202209,策定,北陸フェンス,2022/11/28,昼間帯,順方向,790,1300,0,510,0,0,1300,周波数,0,0,0,0,2022/09/20 17:05:04
月間,202209,策定,北陸フェンス,2022/11/28,昼間帯,逆方向,-1900,-1900,0,0,0,0,-1900,安定度,0,0,0,0,2022/09/20 17:05:04
月間,202209,策定,北陸フェンス,2022/11/28,夜間帯,順方向,700,700,0,0,0,0,700,周波数,0,0,0,0,2022/09/20 17:05:04
月間,202209,策定,北陸フェンス,2022/11/28,夜間帯,逆方向,-1900,-1900,0,0,0,0,-1900,安定度,0,0,0,0,2022/09/20 17:05:04
月間,202210,策定,北陸フェンス,2022/11/28,昼間帯,順方向,790,1300,0,510,0,0,1300,周波数,0,0,0,0,2022/10/20 17:05:04
月間,202210,策定,北陸フェンス,2022/11/28,昼間帯,逆方向,-1900,-1900,0,0,0,0,-1900,安定度,0,0,0,0,2022/10/20 17:05:04
月間,202210,策定,北陸フェンス,2022/11/28,夜間帯,順方向,700,700,0,0,0,0,700,周波数,0,0,0,0,2022/10/20 17:05:04
月間,202210,策定,北陸フェンス,2022/11/28,夜間帯,逆方向,-1900,-1900,0,0,0,0,-1900,安定度,0,0,0,0,2022/10/20 17:05:04
月間,202209,策定,北陸フェンス,2022/11/29,昼間帯,順方向,790,1300,0,510,0,0,1300,周波数,0,0,0,0,2022/09/20 17:05:04
月間,202209,策定,北陸フェンス,2022/11/29,昼間帯,逆方向,-1900,-1900,0,0,0,0,-1900,安定度,0,0,0,0,2022/09/20 17:05:04
月間,202209,策定,北陸フェンス,2022/11/29,夜間帯,順方向,700,700,0,0,0,0,700,周波数,0,0,0,0,2022/09/20 17:05:04
月間,202209,策定,北陸フェンス,2022/11/29,夜間帯,逆方向,-1900,-1900,0,0,0,0,-1900,安定度,0,0,0,0,2022/09/20 17:05:04
月間,202210,策定,北陸フェンス,2022/11/29,昼間帯,順方向,790,1300,0,510,0,0,1300,周波数,0,0,0,0,2022/10/20 17:05:04
月間,202210,策定,北陸フェンス,2022/11/29,昼間帯,逆方向,-1900,-1900,0,0,0,0,-1900,安定度,0,0,0,0,2022/10/20 17:05:04
月間,202210,策定,北陸フェンス,2022/11/29,夜間帯,順方向,700,700,0,0,0,0,700,周波数,0,0,0,0,2022/10/20 17:05:04
月間,202210,策定,北陸フェンス,2022/11/29,夜間帯,逆方向,-1900,-1900,0,0,0,0,-1900,安定度,0,0,0,0,2022/10/20 17:05:04
月間,202209,策定,北陸フェンス,2022/11/30,昼間帯,順方向,790,1300,0,510,0,0,1300,周波数,0,0,0,0,2022/09/20 17:05:04
月間,202209,策定,北陸フェンス,2022/11/30,昼間帯,逆方向,-1900,-1900,0,0,0,0,-1900,安定度,0,0,0,0,2022/09/20 17:05:04
月間,202209,策定,北陸フェンス,2022/11/30,夜間帯,順方向,700,700,0,0,0,0,700,周波数,0,0,0,0,2022/09/20 17:05:04
月間,202209,策定,北陸フェンス,2022/11/30,夜間帯,逆方向,-1900,-1900,0,0,0,0,-1900,安定度,0,0,0,0,2022/09/20 17:05:04
月間,202210,策定,北陸フェンス,2022/11/30,昼間帯,順方向,790,1300,0,510,0,0,1300,周波数,0,0,0,0,2022/10/20 17:05:04
月間,202210,策定,北陸フェンス,2022/11/30,昼間帯,逆方向,-1900,-1900,0,0,0,0,-1900,安定度,0,0,0,0,2022/10/20 17:05:04
月間,202210,策定,北陸フェンス,2022/11/30,夜間帯,順方向,700,700,0,0,0,0,700,周波数,0,0,0,0,2022/10/20 17:05:04
月間,202210,策定,北陸フェンス,2022/11/30,夜間帯,逆方向,-1900,-1900,0,0,0,0,-1900,安定度,0,0,0,0,2022/10/20 17:05:04
月間,202210,策定,北陸フェンス,2022/12/01,昼間帯,順方向,1090,1600,0,510,0,0,1600,周波数,0,0,0,0,2022/10/20 17:05:04
月間,202210,策定,北陸フェンス,2022/12/01,昼間帯,逆方向,-1900,-1900,0,0,0,0,-1900,安定度,0,0,0,0,2022/10/20 17:05:04
月間,202210,策定,北陸フェンス,2022/12/01,夜間帯,順方向,900,900,0,0,0,0,900,周波数,0,0,0,0,2022/10/20 17:05:04
月間,202210,策定,北陸フェンス,2022/12/01,夜間帯,逆方向,-1900,-1900,0,0,0,0,-1900,安定度,0,0,0,0,2022/10/20 17:05:04
月間,202210,策定,北陸フェンス,2022/12/02,昼間帯,順方向,1090,1600,0,510,0,0,1600,周波数,0,0,0,0,2022/10/20 17:05:04
月間,202210,策定,北陸フェンス,2022/12/02,昼間帯,逆方向,-1900,-1900,0,0,0,0,-1900,安定度,0,0,0,0,2022/10/20 17:05:04
月間,202210,策定,北陸フェンス,2022/12/02,夜間帯,順方向,900,900,0,0,0,0,900,周波数,0,0,0,0,2022/10/20 17:05:04
月間,202210,策定,北陸フェンス,2022/12/02,夜間帯,逆方向,-1900,-1900,0,0,0,0,-1900,安定度,0,0,0,0,2022/10/20 17:05:04
月間,202210,策定,北陸フェンス,2022/12/03,昼間帯,順方向,900,900,0,0,0,0,900,周波数,0,0,0,0,2022/10/20 17:05:04
月間,202210,策定,北陸フェンス,2022/12/03,昼間帯,逆方向,-1880,-1880,0,0,0,0,-1880,周波数,0,0,0,0,2022/10/20 17:05:04
月間,202210,策定,北陸フェンス,2022/12/03,夜間帯,順方向,900,900,0,0,0,0,900,周波数,0,0,0,0,2022/10/20 17:05:04
月間,202210,策定,北陸フェンス,2022/12/03,夜間帯,逆方向,-1900,-1900,0,0,0,0,-1900,安定度,0,0,0,0,2022/10/20 17:05:04
月間,202211,策定,北陸フェンス,2022/12/03,昼間帯,順方向,900,900,0,0,0,0,900,周波数,0,0,0,0,2022/11/18 17:05:04
月間,202211,策定,北陸フェンス,2022/12/03,昼間帯,逆方向,-1880,-1880,0,0,0,0,-1880,周波数,0,0,0,0,2022/11/18 17:05:04
月間,202211,策定,北陸フェンス,2022/12/03,夜間帯,順方向,900,900,0,0,0,0,900,周波数,0,0,0,0,2022/11/18 17:05:04
月間,202211,策定,北陸フェンス,2022/12/03,夜間帯,逆方向,-1900,-1900,0,0,0,0,-1900,安定度,0,0,0,0,2022/11/18 17:05:04
月間,202210,策定,北陸フェンス,2022/12/04,昼間帯,順方向,900,900,0,0,0,0,900,周波数,0,0,0,0,2022/10/20 17:05:04
月間,202210,策定,北陸フェンス,2022/12/04,昼間帯,逆方向,-1880,-1880,0,0,0,0,-1880,周波数,0,0,0,0,2022/10/20 17:05:04
月間,202210,策定,北陸フェンス,2022/12/04,夜間帯,順方向,900,900,0,0,0,0,900,周波数,0,0,0,0,2022/10/20 17:05:04
月間,202210,策定,北陸フェンス,2022/12/04,夜間帯,逆方向,-1900,-1900,0,0,0,0,-1900,安定度,0,0,0,0,2022/10/20 17:05:04
月間,202211,策定,北陸フェンス,2022/12/04,昼間帯,順方向,900,900,0,0,0,0,900,周波数,0,0,0,0,2022/11/18 17:05:04
月間,202211,策定,北陸フェンス,2022/12/04,昼間帯,逆方向,-1880,-1880,0,0,0,0,-1880,周波数,0,0,0,0,2022/11/18 17:05:04
月間,202211,策定,北陸フェンス,2022/12/04,夜間帯,順方向,900,900,0,0,0,0,900,周波数,0,0,0,0,2022/11/18 17:05:04
月間,202211,策定,北陸フェンス,2022/12/04,夜間帯,逆方向,-1900,-1900,0,0,0,0,-1900,安定度,0,0,0,0,2022/11/18 17:05:04
月間,202210,策定,北陸フェンス,2022/12/05,昼間帯,順方向,1090,1600,0,510,0,0,1600,周波数,0,0,0,0,2022/10/20 17:05:04
月間,202210,策定,北陸フェンス,2022/12/05,昼間帯,逆方向,-1900,-1900,0,0,0,0,-1900,安定度,0,0,0,0,2022/10/20 17:05:04
月間,202210,策定,北陸フェンス,2022/12/05,夜間帯,順方向,900,900,0,0,0,0,900,周波数,0,0,0,0,2022/10/20 17:05:04
月間,202210,策定,北陸フェンス,2022/12/05,夜間帯,逆方向,-1900,-1900,0,0,0,0,-1900,安定度,0,0,0,0,2022/10/20 17:05:04
月間,202211,策定,北陸フェンス,2022/12/05,昼間帯,順方向,1090,1600,0,510,0,0,1600,周波数,0,0,0,0,2022/11/18 17:05:04
月間,202211,策定,北陸フェンス,2022/12/05,昼間帯,逆方向,-1900,-1900,0,0,0,0,-1900,安定度,0,0,0,0,2022/11/18 17:05:04
月間,202211,策定,北陸フェンス,2022/12/05,夜間帯,順方向,900,900,0,0,0,0,900,周波数,0,0,0,0,2022/11/18 17:05:04
月間,202211,策定,北陸フェンス,2022/12/05,夜間帯,逆方向,-1900,-1900,0,0,0,0,-1900,安定度,0,0,0,0,2022/11/18 17:05:04
月間,202210,策定,北陸フェンス,2022/12/06,昼間帯,順方向,1090,1600,0,510,0,0,1600,周波数,0,0,0,0,2022/10/20 17:05:04
月間,202210,策定,北陸フェンス,2022/12/06,昼間帯,逆方向,-1900,-1900,0,0,0,0,-1900,安定度,0,0,0,0,2022/10/20 17:05:04
月間,202210,策定,北陸フェンス,2022/12/06,夜間帯,順方向,900,900,0,0,0,0,900,周波数,0,0,0,0,2022/10/20 17:05:04
月間,202210,策定,北陸フェンス,2022/12/06,夜間帯,逆方向,-1900,-1900,0,0,0,0,-1900,安定度,0,0,0,0,2022/10/20 17:05:04
月間,202211,策定,北陸フェンス,2022/12/06,昼間帯,順方向,1090,1600,0,510,0,0,1600,周波数,0,0,0,0,2022/11/18 17:05:04
月間,202211,策定,北陸フェンス,2022/12/06,昼間帯,逆方向,-1900,-1900,0,0,0,0,-1900,安定度,0,0,0,0,2022/11/18 17:05:04
月間,202211,策定,北陸フェンス,2022/12/06,夜間帯,順方向,900,900,0,0,0,0,900,周波数,0,0,0,0,2022/11/18 17:05:04
月間,202211,策定,北陸フェンス,2022/12/06,夜間帯,逆方向,-1900,-1900,0,0,0,0,-1900,安定度,0,0,0,0,2022/11/18 17:05:04
月間,202210,策定,北陸フェンス,2022/12/07,昼間帯,順方向,1090,1600,0,510,0,0,1600,周波数,0,0,0,0,2022/10/20 17:05:04
月間,202210,策定,北陸フェンス,2022/12/07,昼間帯,逆方向,-1900,-1900,0,0,0,0,-1900,安定度,0,0,0,0,2022/10/20 17:05:04
月間,202210,策定,北陸フェンス,2022/12/07,夜間帯,順方向,900,900,0,0,0,0,900,周波数,0,0,0,0,2022/10/20 17:05:04
月間,202210,策定,北陸フェンス,2022/12/07,夜間帯,逆方向,-1900,-1900,0,0,0,0,-1900,安定度,0,0,0,0,2022/10/20 17:05:04
月間,202211,策定,北陸フェンス,2022/12/07,昼間帯,順方向,1090,1600,0,510,0,0,1600,周波数,0,0,0,0,2022/11/18 17:05:04
月間,202211,策定,北陸フェンス,2022/12/07,昼間帯,逆方向,-1900,-1900,0,0,0,0,-1900,安定度,0,0,0,0,2022/11/18 17:05:04
月間,202211,策定,北陸フェンス,2022/12/07,夜間帯,順方向,900,900,0,0,0,0,900,周波数,0,0,0,0,2022/11/18 17:05:04
月間,202211,策定,北陸フェンス,2022/12/07,夜間帯,逆方向,-1900,-1900,0,0,0,0,-1900,安定度,0,0,0,0,2022/11/18 17:05:04
月間,202210,策定,北陸フェンス,2022/12/08,昼間帯,順方向,1090,1600,0,510,0,0,1600,周波数,0,0,0,0,2022/10/20 17:05:04
月間,202210,策定,北陸フェンス,2022/12/08,昼間帯,逆方向,-1900,-1900,0,0,0,0,-1900,安定度,0,0,0,0,2022/10/20 17:05:04
月間,202210,策定,北陸フェンス,2022/12/08,夜間帯,順方向,900,900,0,0,0,0,900,周波数,0,0,0,0,2022/10/20 17:05:04
月間,202210,策定,北陸フェンス,2022/12/08,夜間帯,逆方向,-1900,-1900,0,0,0,0,-1900,安定度,0,0,0,0,2022/10/20 17:05:04
月間,202211,策定,北陸フェンス,2022/12/08,昼間帯,順方向,1090,1600,0,510,0,0,1600,周波数,0,0,0,0,2022/11/18 17:05:04
月間,202211,策定,北陸フェンス,2022/12/08,昼間帯,逆方向,-1900,-1900,0,0,0,0,-1900,安定度,0,0,0,0,2022/11/18 17:05:04
月間,202211,策定,北陸フェンス,2022/12/08,夜間帯,順方向,900,900,0,0,0,0,900,周波数,0,0,0,0,2022/11/18 17:05:04
月間,202211,策定,北陸フェンス,2022/12/08,夜間帯,逆方向,-1900,-1900,0,0,0,0,-1900,安定度,0,0,0,0,2022/11/18 17:05:04
月間,202210,策定,北陸フェンス,2022/12/09,昼間帯,順方向,1090,1600,0,510,0,0,1600,周波数,0,0,0,0,2022/10/20 17:05:04
月間,202210,策定,北陸フェンス,2022/12/09,昼間帯,逆方向,-1900,-1900,0,0,0,0,-1900,安定度,0,0,0,0,2022/10/20 17:05:04
月間,202210,策定,北陸フェンス,2022/12/09,夜間帯,順方向,900,900,0,0,0,0,900,周波数,0,0,0,0,2022/10/20 17:05:04
月間,202210,策定,北陸フェンス,2022/12/09,夜間帯,逆方向,-1900,-1900,0,0,0,0,-1900,安定度,0,0,0,0,2022/10/20 17:05:04
月間,202211,策定,北陸フェンス,2022/12/09,昼間帯,順方向,1090,1600,0,510,0,0,1600,周波数,0,0,0,0,2022/11/18 17:05:04
月間,202211,策定,北陸フェンス,2022/12/09,昼間帯,逆方向,-1900,-1900,0,0,0,0,-1900,安定度,0,0,0,0,2022/11/18 17:05:04
月間,202211,策定,北陸フェンス,2022/12/09,夜間帯,順方向,900,900,0,0,0,0,900,周波数,0,0,0,0,2022/11/18 17:05:04
月間,202211,策定,北陸フェンス,2022/12/09,夜間帯,逆方向,-1900,-1900,0,0,0,0,-1900,安定度,0,0,0,0,2022/11/18 17:05:04
月間,202210,策定,北陸フェンス,2022/12/10,昼間帯,順方向,900,900,0,0,0,0,900,周波数,0,0,0,0,2022/10/20 17:05:04
月間,202210,策定,北陸フェンス,2022/12/10,昼間帯,逆方向,-1880,-1880,0,0,0,0,-1880,周波数,0,0,0,0,2022/10/20 17:05:04
月間,202210,策定,北陸フェンス,2022/12/10,夜間帯,順方向,900,900,0,0,0,0,900,周波数,0,0,0,0,2022/10/20 17:05:04
月間,202210,策定,北陸フェンス,2022/12/10,夜間帯,逆方向,-1900,-1900,0,0,0,0,-1900,安定度,0,0,0,0,2022/10/20 17:05:04
月間,202211,策定,北陸フェンス,2022/12/10,昼間帯,順方向,900,900,0,0,0,0,900,周波数,0,0,0,0,2022/11/18 17:05:04
月間,202211,策定,北陸フェンス,2022/12/10,昼間帯,逆方向,-1880,-1880,0,0,0,0,-1880,周波数,0,0,0,0,2022/11/18 17:05:04
月間,202211,策定,北陸フェンス,2022/12/10,夜間帯,順方向,900,900,0,0,0,0,900,周波数,0,0,0,0,2022/11/18 17:05:04
月間,202211,策定,北陸フェンス,2022/12/10,夜間帯,逆方向,-1900,-1900,0,0,0,0,-1900,安定度,0,0,0,0,2022/11/18 17:05:04
月間,202210,策定,北陸フェンス,2022/12/11,昼間帯,順方向,900,900,0,0,0,0,900,周波数,0,0,0,0,2022/10/20 17:05:04
月間,202210,策定,北陸フェンス,2022/12/11,昼間帯,逆方向,-1880,-1880,0,0,0,0,-1880,周波数,0,0,0,0,2022/10/20 17:05:04
月間,202210,策定,北陸フェンス,2022/12/11,夜間帯,順方向,900,900,0,0,0,0,900,周波数,0,0,0,0,2022/10/20 17:05:04
月間,202210,策定,北陸フェンス,2022/12/11,夜間帯,逆方向,-1900,-1900,0,0,0,0,-1900,安定度,0,0,0,0,2022/10/20 17:05:04
月間,202211,策定,北陸フェンス,2022/12/11,昼間帯,順方向,900,900,0,0,0,0,900,周波数,0,0,0,0,2022/11/18 17:05:04
月間,202211,策定,北陸フェンス,2022/12/11,昼間帯,逆方向,-1880,-1880,0,0,0,0,-1880,周波数,0,0,0,0,2022/11/18 17:05:04
月間,202211,策定,北陸フェンス,2022/12/11,夜間帯,順方向,900,900,0,0,0,0,900,周波数,0,0,0,0,2022/11/18 17:05:04
月間,202211,策定,北陸フェンス,2022/12/11,夜間帯,逆方向,-1900,-1900,0,0,0,0,-1900,安定度,0,0,0,0,2022/11/18 17:05:04
月間,202210,策定,北陸フェンス,2022/12/12,昼間帯,順方向,1090,1600,0,510,0,0,1600,周波数,0,0,0,0,2022/10/20 17:05:04
月間,202210,策定,北陸フェンス,2022/12/12,昼間帯,逆方向,-1900,-1900,0,0,0,0,-1900,安定度,0,0,0,0,2022/10/20 17:05:04
月間,202210,策定,北陸フェンス,2022/12/12,夜間帯,順方向,900,900,0,0,0,0,900,周波数,0,0,0,0,2022/10/20 17:05:04
月間,202210,策定,北陸フェンス,2022/12/12,夜間帯,逆方向,-1900,-1900,0,0,0,0,-1900,安定度,0,0,0,0,2022/10/20 17:05:04
月間,202211,策定,北陸フェンス,2022/12/12,昼間帯,順方向,1090,1600,0,510,0,0,1600,周波数,0,0,0,0,2022/11/18 17:05:04
月間,202211,策定,北陸フェンス,2022/12/12,昼間帯,逆方向,-1900,-1900,0,0,0,0,-1900,安定度,0,0,0,0,2022/11/18 17:05:04
月間,202211,策定,北陸フェンス,2022/12/12,夜間帯,順方向,900,900,0,0,0,0,900,周波数,0,0,0,0,2022/11/18 17:05:04
月間,202211,策定,北陸フェンス,2022/12/12,夜間帯,逆方向,-1900,-1900,0,0,0,0,-1900,安定度,0,0,0,0,2022/11/18 17:05:04
月間,202210,策定,北陸フェンス,2022/12/13,昼間帯,順方向,1090,1600,0,510,0,0,1600,周波数,0,0,0,0,2022/10/20 17:05:04
月間,202210,策定,北陸フェンス,2022/12/13,昼間帯,逆方向,-1900,-1900,0,0,0,0,-1900,安定度,0,0,0,0,2022/10/20 17:05:04
月間,202210,策定,北陸フェンス,2022/12/13,夜間帯,順方向,900,900,0,0,0,0,900,周波数,0,0,0,0,2022/10/20 17:05:04
月間,202210,策定,北陸フェンス,2022/12/13,夜間帯,逆方向,-1900,-1900,0,0,0,0,-1900,安定度,0,0,0,0,2022/10/20 17:05:04
月間,202211,策定,北陸フェンス,2022/12/13,昼間帯,順方向,1090,1600,0,510,0,0,1600,周波数,0,0,0,0,2022/11/18 17:05:04
月間,202211,策定,北陸フェンス,2022/12/13,昼間帯,逆方向,-1900,-1900,0,0,0,0,-1900,安定度,0,0,0,0,2022/11/18 17:05:04
月間,202211,策定,北陸フェンス,2022/12/13,夜間帯,順方向,900,900,0,0,0,0,900,周波数,0,0,0,0,2022/11/18 17:05:04
月間,202211,策定,北陸フェンス,2022/12/13,夜間帯,逆方向,-1900,-1900,0,0,0,0,-1900,安定度,0,0,0,0,2022/11/18 17:05:04
月間,202210,策定,北陸フェンス,2022/12/14,昼間帯,順方向,1090,1600,0,510,0,0,1600,周波数,0,0,0,0,2022/10/20 17:05:04
月間,202210,策定,北陸フェンス,2022/12/14,昼間帯,逆方向,-1900,-1900,0,0,0,0,-1900,安定度,0,0,0,0,2022/10/20 17:05:04
月間,202210,策定,北陸フェンス,2022/12/14,夜間帯,順方向,900,900,0,0,0,0,900,周波数,0,0,0,0,2022/10/20 17:05:04
月間,202210,策定,北陸フェンス,2022/12/14,夜間帯,逆方向,-1900,-1900,0,0,0,0,-1900,安定度,0,0,0,0,2022/10/20 17:05:04
月間,202211,策定,北陸フェンス,2022/12/14,昼間帯,順方向,1090,1600,0,510,0,0,1600,周波数,0,0,0,0,2022/11/18 17:05:04
月間,202211,策定,北陸フェンス,2022/12/14,昼間帯,逆方向,-1900,-1900,0,0,0,0,-1900,安定度,0,0,0,0,2022/11/18 17:05:04
月間,202211,策定,北陸フェンス,2022/12/14,夜間帯,順方向,900,900,0,0,0,0,900,周波数,0,0,0,0,2022/11/18 17:05:04
月間,202211,策定,北陸フェンス,2022/12/14,夜間帯,逆方向,-1900,-1900,0,0,0,0,-1900,安定度,0,0,0,0,2022/11/18 17:05:04
月間,202210,策定,北陸フェンス,2022/12/15,昼間帯,順方向,1090,1600,0,510,0,0,1600,周波数,0,0,0,0,2022/10/20 17:05:04
月間,202210,策定,北陸フェンス,2022/12/15,昼間帯,逆方向,-1900,-1900,0,0,0,0,-1900,安定度,0,0,0,0,2022/10/20 17:05:04
月間,202210,策定,北陸フェンス,2022/12/15,夜間帯,順方向,900,900,0,0,0,0,900,周波数,0,0,0,0,2022/10/20 17:05:04
月間,202210,策定,北陸フェンス,2022/12/15,夜間帯,逆方向,-1900,-1900,0,0,0,0,-1900,安定度,0,0,0,0,2022/10/20 17:05:04
月間,202211,策定,北陸フェンス,2022/12/15,昼間帯,順方向,1090,1600,0,510,0,0,1600,周波数,0,0,0,0,2022/11/18 17:05:04
月間,202211,策定,北陸フェンス,2022/12/15,昼間帯,逆方向,-1900,-1900,0,0,0,0,-1900,安定度,0,0,0,0,2022/11/18 17:05:04
月間,202211,策定,北陸フェンス,2022/12/15,夜間帯,順方向,900,900,0,0,0,0,900,周波数,0,0,0,0,2022/11/18 17:05:04
月間,202211,策定,北陸フェンス,2022/12/15,夜間帯,逆方向,-1900,-1900,0,0,0,0,-1900,安定度,0,0,0,0,2022/11/18 17:05:04
月間,202210,策定,北陸フェンス,2022/12/16,昼間帯,順方向,1090,1600,0,510,0,0,1600,周波数,0,0,0,0,2022/10/20 17:05:04
月間,202210,策定,北陸フェンス,2022/12/16,昼間帯,逆方向,-1900,-1900,0,0,0,0,-1900,安定度,0,0,0,0,2022/10/20 17:05:04
月間,202210,策定,北陸フェンス,2022/12/16,夜間帯,順方向,900,900,0,0,0,0,900,周波数,0,0,0,0,2022/10/20 17:05:04
月間,202210,策定,北陸フェンス,2022/12/16,夜間帯,逆方向,-1900,-1900,0,0,0,0,-1900,安定度,0,0,0,0,2022/10/20 17:05:04
月間,202211,策定,北陸フェンス,2022/12/16,昼間帯,順方向,1090,1600,0,510,0,0,1600,周波数,0,0,0,0,2022/11/18 17:05:04
月間,202211,策定,北陸フェンス,2022/12/16,昼間帯,逆方向,-1900,-1900,0,0,0,0,-1900,安定度,0,0,0,0,2022/11/18 17:05:04
月間,202211,策定,北陸フェンス,2022/12/16,夜間帯,順方向,900,900,0,0,0,0,900,周波数,0,0,0,0,2022/11/18 17:05:04
月間,202211,策定,北陸フェンス,2022/12/16,夜間帯,逆方向,-1900,-1900,0,0,0,0,-1900,安定度,0,0,0,0,2022/11/18 17:05:04
月間,202210,策定,北陸フェンス,2022/12/17,昼間帯,順方向,900,900,0,0,0,0,900,周波数,0,0,0,0,2022/10/20 17:05:04
月間,202210,策定,北陸フェンス,2022/12/17,昼間帯,逆方向,-1880,-1880,0,0,0,0,-1880,周波数,0,0,0,0,2022/10/20 17:05:04
月間,202210,策定,北陸フェンス,2022/12/17,夜間帯,順方向,900,900,0,0,0,0,900,周波数,0,0,0,0,2022/10/20 17:05:04
月間,202210,策定,北陸フェンス,2022/12/17,夜間帯,逆方向,-1900,-1900,0,0,0,0,-1900,安定度,0,0,0,0,2022/10/20 17:05:04
月間,202211,策定,北陸フェンス,2022/12/17,昼間帯,順方向,900,900,0,0,0,0,900,周波数,0,0,0,0,2022/11/18 17:05:04
月間,202211,策定,北陸フェンス,2022/12/17,昼間帯,逆方向,-1880,-1880,0,0,0,0,-1880,周波数,0,0,0,0,2022/11/18 17:05:04
月間,202211,策定,北陸フェンス,2022/12/17,夜間帯,順方向,900,900,0,0,0,0,900,周波数,0,0,0,0,2022/11/18 17:05:04
月間,202211,策定,北陸フェンス,2022/12/17,夜間帯,逆方向,-1900,-1900,0,0,0,0,-1900,安定度,0,0,0,0,2022/11/18 17:05:04
月間,202210,策定,北陸フェンス,2022/12/18,昼間帯,順方向,900,900,0,0,0,0,900,周波数,0,0,0,0,2022/10/20 17:05:04
月間,202210,策定,北陸フェンス,2022/12/18,昼間帯,逆方向,-1880,-1880,0,0,0,0,-1880,周波数,0,0,0,0,2022/10/20 17:05:04
月間,202210,策定,北陸フェンス,2022/12/18,夜間帯,順方向,900,900,0,0,0,0,900,周波数,0,0,0,0,2022/10/20 17:05:04
月間,202210,策定,北陸フェンス,2022/12/18,夜間帯,逆方向,-1900,-1900,0,0,0,0,-1900,安定度,0,0,0,0,2022/10/20 17:05:04
月間,202211,策定,北陸フェンス,2022/12/18,昼間帯,順方向,900,900,0,0,0,0,900,周波数,0,0,0,0,2022/11/18 17:05:04
月間,202211,策定,北陸フェンス,2022/12/18,昼間帯,逆方向,-1880,-1880,0,0,0,0,-1880,周波数,0,0,0,0,2022/11/18 17:05:04
月間,202211,策定,北陸フェンス,2022/12/18,夜間帯,順方向,900,900,0,0,0,0,900,周波数,0,0,0,0,2022/11/18 17:05:04
月間,202211,策定,北陸フェンス,2022/12/18,夜間帯,逆方向,-1900,-1900,0,0,0,0,-1900,安定度,0,0,0,0,2022/11/18 17:05:04
月間,202210,策定,北陸フェンス,2022/12/19,昼間帯,順方向,1090,1600,0,510,0,0,1600,周波数,0,0,0,0,2022/10/20 17:05:04
月間,202210,策定,北陸フェンス,2022/12/19,昼間帯,逆方向,-1900,-1900,0,0,0,0,-1900,安定度,0,0,0,0,2022/10/20 17:05:04
月間,202210,策定,北陸フェンス,2022/12/19,夜間帯,順方向,900,900,0,0,0,0,900,周波数,0,0,0,0,2022/10/20 17:05:04
月間,202210,策定,北陸フェンス,2022/12/19,夜間帯,逆方向,-1900,-1900,0,0,0,0,-1900,安定度,0,0,0,0,2022/10/20 17:05:04
月間,202211,策定,北陸フェンス,2022/12/19,昼間帯,順方向,1090,1600,0,510,0,0,1600,周波数,0,0,0,0,2022/11/18 17:05:04
月間,202211,策定,北陸フェンス,2022/12/19,昼間帯,逆方向,-1900,-1900,0,0,0,0,-1900,安定度,0,0,0,0,2022/11/18 17:05:04
月間,202211,策定,北陸フェンス,2022/12/19,夜間帯,順方向,900,900,0,0,0,0,900,周波数,0,0,0,0,2022/11/18 17:05:04
月間,202211,策定,北陸フェンス,2022/12/19,夜間帯,逆方向,-1900,-1900,0,0,0,0,-1900,安定度,0,0,0,0,2022/11/18 17:05:04
月間,202210,策定,北陸フェンス,2022/12/20,昼間帯,順方向,1090,1600,0,510,0,0,1600,周波数,0,0,0,0,2022/10/20 17:05:04
月間,202210,策定,北陸フェンス,2022/12/20,昼間帯,逆方向,-1900,-1900,0,0,0,0,-1900,安定度,0,0,0,0,2022/10/20 17:05:04
月間,202210,策定,北陸フェンス,2022/12/20,夜間帯,順方向,900,900,0,0,0,0,900,周波数,0,0,0,0,2022/10/20 17:05:04
月間,202210,策定,北陸フェンス,2022/12/20,夜間帯,逆方向,-1900,-1900,0,0,0,0,-1900,安定度,0,0,0,0,2022/10/20 17:05:04
月間,202211,策定,北陸フェンス,2022/12/20,昼間帯,順方向,1090,1600,0,510,0,0,1600,周波数,0,0,0,0,2022/11/18 17:05:04
月間,202211,策定,北陸フェンス,2022/12/20,昼間帯,逆方向,-1900,-1900,0,0,0,0,-1900,安定度,0,0,0,0,2022/11/18 17:05:04
月間,202211,策定,北陸フェンス,2022/12/20,夜間帯,順方向,900,900,0,0,0,0,900,周波数,0,0,0,0,2022/11/18 17:05:04
月間,202211,策定,北陸フェンス,2022/12/20,夜間帯,逆方向,-1900,-1900,0,0,0,0,-1900,安定度,0,0,0,0,2022/11/18 17:05:04
月間,202210,策定,北陸フェンス,2022/12/21,昼間帯,順方向,1090,1600,0,510,0,0,1600,周波数,0,0,0,0,2022/10/20 17:05:04
月間,202210,策定,北陸フェンス,2022/12/21,昼間帯,逆方向,-1900,-1900,0,0,0,0,-1900,安定度,0,0,0,0,2022/10/20 17:05:04
月間,202210,策定,北陸フェンス,2022/12/21,夜間帯,順方向,900,900,0,0,0,0,900,周波数,0,0,0,0,2022/10/20 17:05:04
月間,202210,策定,北陸フェンス,2022/12/21,夜間帯,逆方向,-1900,-1900,0,0,0,0,-1900,安定度,0,0,0,0,2022/10/20 17:05:04
月間,202211,策定,北陸フェンス,2022/12/21,昼間帯,順方向,1090,1600,0,510,0,0,1600,周波数,0,0,0,0,2022/11/18 17:05:04
月間,202211,策定,北陸フェンス,2022/12/21,昼間帯,逆方向,-1900,-1900,0,0,0,0,-1900,安定度,0,0,0,0,2022/11/18 17:05:04
月間,202211,策定,北陸フェンス,2022/12/21,夜間帯,順方向,900,900,0,0,0,0,900,周波数,0,0,0,0,2022/11/18 17:05:04
月間,202211,策定,北陸フェンス,2022/12/21,夜間帯,逆方向,-1900,-1900,0,0,0,0,-1900,安定度,0,0,0,0,2022/11/18 17:05:04
月間,202210,策定,北陸フェンス,2022/12/22,昼間帯,順方向,1090,1600,0,510,0,0,1600,周波数,0,0,0,0,2022/10/20 17:05:04
月間,202210,策定,北陸フェンス,2022/12/22,昼間帯,逆方向,-1900,-1900,0,0,0,0,-1900,安定度,0,0,0,0,2022/10/20 17:05:04
月間,202210,策定,北陸フェンス,2022/12/22,夜間帯,順方向,900,900,0,0,0,0,900,周波数,0,0,0,0,2022/10/20 17:05:04
月間,202210,策定,北陸フェンス,2022/12/22,夜間帯,逆方向,-1900,-1900,0,0,0,0,-1900,安定度,0,0,0,0,2022/10/20 17:05:04
月間,202211,策定,北陸フェンス,2022/12/22,昼間帯,順方向,1090,1600,0,510,0,0,1600,周波数,0,0,0,0,2022/11/18 17:05:04
月間,202211,策定,北陸フェンス,2022/12/22,昼間帯,逆方向,-1900,-1900,0,0,0,0,-1900,安定度,0,0,0,0,2022/11/18 17:05:04
月間,202211,策定,北陸フェンス,2022/12/22,夜間帯,順方向,900,900,0,0,0,0,900,周波数,0,0,0,0,2022/11/18 17:05:04
月間,202211,策定,北陸フェンス,2022/12/22,夜間帯,逆方向,-1900,-1900,0,0,0,0,-1900,安定度,0,0,0,0,2022/11/18 17:05:04
月間,202210,策定,北陸フェンス,2022/12/23,昼間帯,順方向,1090,1600,0,510,0,0,1600,周波数,0,0,0,0,2022/10/20 17:05:04
月間,202210,策定,北陸フェンス,2022/12/23,昼間帯,逆方向,-1900,-1900,0,0,0,0,-1900,安定度,0,0,0,0,2022/10/20 17:05:04
月間,202210,策定,北陸フェンス,2022/12/23,夜間帯,順方向,900,900,0,0,0,0,900,周波数,0,0,0,0,2022/10/20 17:05:04
月間,202210,策定,北陸フェンス,2022/12/23,夜間帯,逆方向,-1900,-1900,0,0,0,0,-1900,安定度,0,0,0,0,2022/10/20 17:05:04
月間,202211,策定,北陸フェンス,2022/12/23,昼間帯,順方向,1090,1600,0,510,0,0,1600,周波数,0,0,0,0,2022/11/18 17:05:04
月間,202211,策定,北陸フェンス,2022/12/23,昼間帯,逆方向,-1900,-1900,0,0,0,0,-1900,安定度,0,0,0,0,2022/11/18 17:05:04
月間,202211,策定,北陸フェンス,2022/12/23,夜間帯,順方向,900,900,0,0,0,0,900,周波数,0,0,0,0,2022/11/18 17:05:04
月間,202211,策定,北陸フェンス,2022/12/23,夜間帯,逆方向,-1900,-1900,0,0,0,0,-1900,安定度,0,0,0,0,2022/11/18 17:05:04
月間,202210,策定,北陸フェンス,2022/12/24,昼間帯,順方向,900,900,0,0,0,0,900,周波数,0,0,0,0,2022/10/20 17:05:04
月間,202210,策定,北陸フェンス,2022/12/24,昼間帯,逆方向,-1880,-1880,0,0,0,0,-1880,周波数,0,0,0,0,2022/10/20 17:05:04
月間,202210,策定,北陸フェンス,2022/12/24,夜間帯,順方向,900,900,0,0,0,0,900,周波数,0,0,0,0,2022/10/20 17:05:04
月間,202210,策定,北陸フェンス,2022/12/24,夜間帯,逆方向,-1900,-1900,0,0,0,0,-1900,安定度,0,0,0,0,2022/10/20 17:05:04
月間,202211,策定,北陸フェンス,2022/12/24,昼間帯,順方向,900,900,0,0,0,0,900,周波数,0,0,0,0,2022/11/18 17:05:04
月間,202211,策定,北陸フェンス,2022/12/24,昼間帯,逆方向,-1880,-1880,0,0,0,0,-1880,周波数,0,0,0,0,2022/11/18 17:05:04
月間,202211,策定,北陸フェンス,2022/12/24,夜間帯,順方向,900,900,0,0,0,0,900,周波数,0,0,0,0,2022/11/18 17:05:04
月間,202211,策定,北陸フェンス,2022/12/24,夜間帯,逆方向,-1900,-1900,0,0,0,0,-1900,安定度,0,0,0,0,2022/11/18 17:05:04
月間,202210,策定,北陸フェンス,2022/12/25,昼間帯,順方向,900,900,0,0,0,0,900,周波数,0,0,0,0,2022/10/20 17:05:04
月間,202210,策定,北陸フェンス,2022/12/25,昼間帯,逆方向,-1880,-1880,0,0,0,0,-1880,周波数,0,0,0,0,2022/10/20 17:05:04
月間,202210,策定,北陸フェンス,2022/12/25,夜間帯,順方向,900,900,0,0,0,0,900,周波数,0,0,0,0,2022/10/20 17:05:04
月間,202210,策定,北陸フェンス,2022/12/25,夜間帯,逆方向,-1900,-1900,0,0,0,0,-1900,安定度,0,0,0,0,2022/10/20 17:05:04
月間,202211,策定,北陸フェンス,2022/12/25,昼間帯,順方向,900,900,0,0,0,0,900,周波数,0,0,0,0,2022/11/18 17:05:04
月間,202211,策定,北陸フェンス,2022/12/25,昼間帯,逆方向,-1880,-1880,0,0,0,0,-1880,周波数,0,0,0,0,2022/11/18 17:05:04
月間,202211,策定,北陸フェンス,2022/12/25,夜間帯,順方向,900,900,0,0,0,0,900,周波数,0,0,0,0,2022/11/18 17:05:04
月間,202211,策定,北陸フェンス,2022/12/25,夜間帯,逆方向,-1900,-1900,0,0,0,0,-1900,安定度,0,0,0,0,2022/11/18 17:05:04
月間,202210,策定,北陸フェンス,2022/12/26,昼間帯,順方向,1090,1600,0,510,0,0,1600,周波数,0,0,0,0,2022/10/20 17:05:04
月間,202210,策定,北陸フェンス,2022/12/26,昼間帯,逆方向,-1900,-1900,0,0,0,0,-1900,安定度,0,0,0,0,2022/10/20 17:05:04
月間,202210,策定,北陸フェンス,2022/12/26,夜間帯,順方向,900,900,0,0,0,0,900,周波数,0,0,0,0,2022/10/20 17:05:04
月間,202210,策定,北陸フェンス,2022/12/26,夜間帯,逆方向,-1900,-1900,0,0,0,0,-1900,安定度,0,0,0,0,2022/10/20 17:05:04
月間,202211,策定,北陸フェンス,2022/12/26,昼間帯,順方向,1090,1600,0,510,0,0,1600,周波数,0,0,0,0,2022/11/18 17:05:04
月間,202211,策定,北陸フェンス,2022/12/26,昼間帯,逆方向,-1900,-1900,0,0,0,0,-1900,安定度,0,0,0,0,2022/11/18 17:05:04
月間,202211,策定,北陸フェンス,2022/12/26,夜間帯,順方向,900,900,0,0,0,0,900,周波数,0,0,0,0,2022/11/18 17:05:04
月間,202211,策定,北陸フェンス,2022/12/26,夜間帯,逆方向,-1900,-1900,0,0,0,0,-1900,安定度,0,0,0,0,2022/11/18 17:05:04
月間,202210,策定,北陸フェンス,2022/12/27,昼間帯,順方向,1090,1600,0,510,0,0,1600,周波数,0,0,0,0,2022/10/20 17:05:04
月間,202210,策定,北陸フェンス,2022/12/27,昼間帯,逆方向,-1900,-1900,0,0,0,0,-1900,安定度,0,0,0,0,2022/10/20 17:05:04
月間,202210,策定,北陸フェンス,2022/12/27,夜間帯,順方向,900,900,0,0,0,0,900,周波数,0,0,0,0,2022/10/20 17:05:04
月間,202210,策定,北陸フェンス,2022/12/27,夜間帯,逆方向,-1900,-1900,0,0,0,0,-1900,安定度,0,0,0,0,2022/10/20 17:05:04
月間,202211,策定,北陸フェンス,2022/12/27,昼間帯,順方向,1090,1600,0,510,0,0,1600,周波数,0,0,0,0,2022/11/18 17:05:04
月間,202211,策定,北陸フェンス,2022/12/27,昼間帯,逆方向,-1900,-1900,0,0,0,0,-1900,安定度,0,0,0,0,2022/11/18 17:05:04
月間,202211,策定,北陸フェンス,2022/12/27,夜間帯,順方向,900,900,0,0,0,0,900,周波数,0,0,0,0,2022/11/18 17:05:04
月間,202211,策定,北陸フェンス,2022/12/27,夜間帯,逆方向,-1900,-1900,0,0,0,0,-1900,安定度,0,0,0,0,2022/11/18 17:05:04
月間,202210,策定,北陸フェンス,2022/12/28,昼間帯,順方向,1090,1600,0,510,0,0,1600,周波数,0,0,0,0,2022/10/20 17:05:04
月間,202210,策定,北陸フェンス,2022/12/28,昼間帯,逆方向,-1900,-1900,0,0,0,0,-1900,安定度,0,0,0,0,2022/10/20 17:05:04
月間,202210,策定,北陸フェンス,2022/12/28,夜間帯,順方向,900,900,0,0,0,0,900,周波数,0,0,0,0,2022/10/20 17:05:04
月間,202210,策定,北陸フェンス,2022/12/28,夜間帯,逆方向,-1900,-1900,0,0,0,0,-1900,安定度,0,0,0,0,2022/10/20 17:05:04
月間,202211,策定,北陸フェンス,2022/12/28,昼間帯,順方向,1090,1600,0,510,0,0,1600,周波数,0,0,0,0,2022/11/18 17:05:04
月間,202211,策定,北陸フェンス,2022/12/28,昼間帯,逆方向,-1900,-1900,0,0,0,0,-1900,安定度,0,0,0,0,2022/11/18 17:05:04
月間,202211,策定,北陸フェンス,2022/12/28,夜間帯,順方向,900,900,0,0,0,0,900,周波数,0,0,0,0,2022/11/18 17:05:04
月間,202211,策定,北陸フェンス,2022/12/28,夜間帯,逆方向,-1900,-1900,0,0,0,0,-1900,安定度,0,0,0,0,2022/11/18 17:05:04
月間,202210,策定,北陸フェンス,2022/12/29,昼間帯,順方向,900,900,0,0,0,0,900,周波数,0,0,0,0,2022/10/20 17:05:04
月間,202210,策定,北陸フェンス,2022/12/29,昼間帯,逆方向,-1880,-1880,0,0,0,0,-1880,周波数,0,0,0,0,2022/10/20 17:05:04
月間,202210,策定,北陸フェンス,2022/12/29,夜間帯,順方向,900,900,0,0,0,0,900,周波数,0,0,0,0,2022/10/20 17:05:04
月間,202210,策定,北陸フェンス,2022/12/29,夜間帯,逆方向,-1900,-1900,0,0,0,0,-1900,安定度,0,0,0,0,2022/10/20 17:05:04
月間,202211,策定,北陸フェンス,2022/12/29,昼間帯,順方向,900,900,0,0,0,0,900,周波数,0,0,0,0,2022/11/18 17:05:04
月間,202211,策定,北陸フェンス,2022/12/29,昼間帯,逆方向,-1880,-1880,0,0,0,0,-1880,周波数,0,0,0,0,2022/11/18 17:05:04
月間,202211,策定,北陸フェンス,2022/12/29,夜間帯,順方向,900,900,0,0,0,0,900,周波数,0,0,0,0,2022/11/18 17:05:04
月間,202211,策定,北陸フェンス,2022/12/29,夜間帯,逆方向,-1900,-1900,0,0,0,0,-1900,安定度,0,0,0,0,2022/11/18 17:05:04
月間,202210,策定,北陸フェンス,2022/12/30,昼間帯,順方向,900,900,0,0,0,0,900,周波数,0,0,0,0,2022/10/20 17:05:04
月間,202210,策定,北陸フェンス,2022/12/30,昼間帯,逆方向,-1880,-1880,0,0,0,0,-1880,周波数,0,0,0,0,2022/10/20 17:05:04
月間,202210,策定,北陸フェンス,2022/12/30,夜間帯,順方向,900,900,0,0,0,0,900,周波数,0,0,0,0,2022/10/20 17:05:04
月間,202210,策定,北陸フェンス,2022/12/30,夜間帯,逆方向,-1900,-1900,0,0,0,0,-1900,安定度,0,0,0,0,2022/10/20 17:05:04
月間,202211,策定,北陸フェンス,2022/12/30,昼間帯,順方向,900,900,0,0,0,0,900,周波数,0,0,0,0,2022/11/18 17:05:04
月間,202211,策定,北陸フェンス,2022/12/30,昼間帯,逆方向,-1880,-1880,0,0,0,0,-1880,周波数,0,0,0,0,2022/11/18 17:05:04
月間,202211,策定,北陸フェンス,2022/12/30,夜間帯,順方向,900,900,0,0,0,0,900,周波数,0,0,0,0,2022/11/18 17:05:04
月間,202211,策定,北陸フェンス,2022/12/30,夜間帯,逆方向,-1900,-1900,0,0,0,0,-1900,安定度,0,0,0,0,2022/11/18 17:05:04
月間,202210,策定,北陸フェンス,2022/12/31,昼間帯,順方向,900,900,0,0,0,0,900,周波数,0,0,0,0,2022/10/20 17:05:04
月間,202210,策定,北陸フェンス,2022/12/31,昼間帯,逆方向,-1670,-1670,0,0,0,0,-1670,周波数,0,0,0,0,2022/10/20 17:05:04
月間,202210,策定,北陸フェンス,2022/12/31,夜間帯,順方向,900,900,0,0,0,0,900,周波数,0,0,0,0,2022/10/20 17:05:04
月間,202210,策定,北陸フェンス,2022/12/31,夜間帯,逆方向,-1900,-1900,0,0,0,0,-1900,安定度,0,0,0,0,2022/10/20 17:05:04
月間,202211,策定,北陸フェンス,2022/12/31,昼間帯,順方向,900,900,0,0,0,0,900,周波数,0,0,0,0,2022/11/18 17:05:04
月間,202211,策定,北陸フェンス,2022/12/31,昼間帯,逆方向,-1670,-1670,0,0,0,0,-1670,周波数,0,0,0,0,2022/11/18 17:05:04
月間,202211,策定,北陸フェンス,2022/12/31,夜間帯,順方向,900,900,0,0,0,0,900,周波数,0,0,0,0,2022/11/18 17:05:04
月間,202211,策定,北陸フェンス,2022/12/31,夜間帯,逆方向,-1900,-1900,0,0,0,0,-1900,安定度,0,0,0,0,2022/11/18 17:05:04
月間,202211,策定,北海道・本州間電力連系設備,2023/01/01,昼間帯,順方向,648,648,0,252,252,0,900,熱容量,0,0,0,0,2022/11/18 17:05:04
月間,202211,策定,北海道・本州間電力連系設備,2023/01/01,昼間帯,逆方向,-348,-348,0,-552,-552,0,-900,熱容量,0,0,0,0,2022/11/18 17:05:04
月間,202211,策定,北海道・本州間電力連系設備,2023/01/01,夜間帯,順方向,708,708,0,192,192,0,900,熱容量,0,0,0,0,2022/11/18 17:05:04
月間,202211,策定,北海道・本州間電力連系設備,2023/01/01,夜間帯,逆方向,-378,-378,0,-522,-522,0,-900,熱容量,0,0,0,0,2022/11/18 17:05:04
月間,202212,策定,北海道・本州間電力連系設備,2023/01/01,昼間帯,順方向,648,648,0,252,252,0,900,熱容量,0,0,0,0,2022/12/20 17:05:05
月間,202212,策定,北海道・本州間電力連系設備,2023/01/01,昼間帯,逆方向,-348,-348,0,-552,-552,0,-900,熱容量,0,0,0,0,2022/12/20 17:05:05
月間,202212,策定,北海道・本州間電力連系設備,2023/01/01,夜間帯,順方向,708,708,0,192,192,0,900,熱容量,0,0,0,0,2022/12/20 17:05:05
月間,202212,策定,北海道・本州間電力連系設備,2023/01/01,夜間帯,逆方向,-378,-378,0,-522,-522,0,-900,熱容量,0,0,0,0,2022/12/20 17:05:05
月間,202211,策定,北海道・本州間電力連系設備,2023/01/02,昼間帯,順方向,648,648,0,252,252,0,900,熱容量,0,0,0,0,2022/11/18 17:05:04
月間,202211,策定,北海道・本州間電力連系設備,2023/01/02,昼間帯,逆方向,-348,-348,0,-552,-552,0,-900,熱容量,0,0,0,0,2022/11/18 17:05:04
月間,202211,策定,北海道・本州間電力連系設備,2023/01/02,夜間帯,順方向,708,708,0,192,192,0,900,熱容量,0,0,0,0,2022/11/18 17:05:04
月間,202211,策定,北海道・本州間電力連系設備,2023/01/02,夜間帯,逆方向,-378,-378,0,-522,-522,0,-900,熱容量,0,0,0,0,2022/11/18 17:05:04
月間,202212,策定,北海道・本州間電力連系設備,2023/01/02,昼間帯,順方向,648,648,0,252,252,0,900,熱容量,0,0,0,0,2022/12/20 17:05:05
月間,202212,策定,北海道・本州間電力連系設備,2023/01/02,昼間帯,逆方向,-348,-348,0,-552,-552,0,-900,熱容量,0,0,0,0,2022/12/20 17:05:05
月間,202212,策定,北海道・本州間電力連系設備,2023/01/02,夜間帯,順方向,708,708,0,192,192,0,900,熱容量,0,0,0,0,2022/12/20 17:05:05
月間,202212,策定,北海道・本州間電力連系設備,2023/01/02,夜間帯,逆方向,-378,-378,0,-522,-522,0,-900,熱容量,0,0,0,0,2022/12/20 17:05:05
月間,202211,策定,北海道・本州間電力連系設備,2023/01/03,昼間帯,順方向,648,648,0,252,252,0,900,熱容量,0,0,0,0,2022/11/18 17:05:04
月間,202211,策定,北海道・本州間電力連系設備,2023/01/03,昼間帯,逆方向,-348,-348,0,-552,-552,0,-900,熱容量,0,0,0,0,2022/11/18 17:05:04
月間,202211,策定,北海道・本州間電力連系設備,2023/01/03,夜間帯,順方向,708,708,0,192,192,0,900,熱容量,0,0,0,0,2022/11/18 17:05:04
月間,202211,策定,北海道・本州間電力連系設備,2023/01/03,夜間帯,逆方向,-378,-378,0,-522,-522,0,-900,熱容量,0,0,0,0,2022/11/18 17:05:04
月間,202212,策定,北海道・本州間電力連系設備,2023/01/03,昼間帯,順方向,648,648,0,252,252,0,900,熱容量,0,0,0,0,2022/12/20 17:05:05
月間,202212,策定,北海道・本州間電力連系設備,2023/01/03,昼間帯,逆方向,-348,-348,0,-552,-552,0,-900,熱容量,0,0,0,0,2022/12/20 17:05:05
月間,202212,策定,北海道・本州間電力連系設備,2023/01/03,夜間帯,順方向,708,708,0,192,192,0,900,熱容量,0,0,0,0,2022/12/20 17:05:05
月間,202212,策定,北海道・本州間電力連系設備,2023/01/03,夜間帯,逆方向,-378,-378,0,-522,-522,0,-900,熱容量,0,0,0,0,2022/12/20 17:05:05
月間,202211,策定,北海道・本州間電力連系設備,2023/01/04,昼間帯,順方向,698,698,0,202,202,0,900,熱容量,0,0,0,0,2022/11/18 17:05:04
月間,202211,策定,北海道・本州間電力連系設備,2023/01/04,昼間帯,逆方向,-378,-378,0,-522,-522,0,-900,熱容量,0,0,0,0,2022/11/18 17:05:04
月間,202211,策定,北海道・本州間電力連系設備,2023/01/04,夜間帯,順方向,728,728,0,172,172,0,900,熱容量,0,0,0,0,2022/11/18 17:05:04
月間,202211,策定,北海道・本州間電力連系設備,2023/01/04,夜間帯,逆方向,-388,-388,0,-512,-512,0,-900,熱容量,0,0,0,0,2022/11/18 17:05:04
月間,202212,策定,北海道・本州間電力連系設備,2023/01/04,昼間帯,順方向,698,698,0,202,202,0,900,熱容量,0,0,0,0,2022/12/20 17:05:05
月間,202212,策定,北海道・本州間電力連系設備,2023/01/04,昼間帯,逆方向,-378,-378,0,-522,-522,0,-900,熱容量,0,0,0,0,2022/12/20 17:05:05
月間,202212,策定,北海道・本州間電力連系設備,2023/01/04,夜間帯,順方向,728,728,0,172,172,0,900,熱容量,0,0,0,0,2022/12/20 17:05:05
月間,202212,策定,北海道・本州間電力連系設備,2023/01/04,夜間帯,逆方向,-388,-388,0,-512,-512,0,-900,熱容量,0,0,0,0,2022/12/20 17:05:05
月間,202211,策定,北海道・本州間電力連系設備,2023/01/05,昼間帯,順方向,698,698,0,202,202,0,900,熱容量,0,0,0,0,2022/11/18 17:05:04
月間,202211,策定,北海道・本州間電力連系設備,2023/01/05,昼間帯,逆方向,-378,-378,0,-522,-522,0,-900,熱容量,0,0,0,0,2022/11/18 17:05:04
月間,202211,策定,北海道・本州間電力連系設備,2023/01/05,夜間帯,順方向,728,728,0,172,172,0,900,熱容量,0,0,0,0,2022/11/18 17:05:04
月間,202211,策定,北海道・本州間電力連系設備,2023/01/05,夜間帯,逆方向,-388,-388,0,-512,-512,0,-900,熱容量,0,0,0,0,2022/11/18 17:05:04
月間,202212,策定,北海道・本州間電力連系設備,2023/01/05,昼間帯,順方向,698,698,0,202,202,0,900,熱容量,0,0,0,0,2022/12/20 17:05:05
月間,202212,策定,北海道・本州間電力連系設備,2023/01/05,昼間帯,逆方向,-378,-378,0,-522,-522,0,-900,熱容量,0,0,0,0,2022/12/20 17:05:05
月間,202212,策定,北海道・本州間電力連系設備,2023/01/05,夜間帯,順方向,728,728,0,172,172,0,900,熱容量,0,0,0,0,2022/12/20 17:05:05
月間,202212,策定,北海道・本州間電力連系設備,2023/01/05,夜間帯,逆方向,-388,-388,0,-512,-512,0,-900,熱容量,0,0,0,0,2022/12/20 17:05:05
月間,202211,策定,北海道・本州間電力連系設備,2023/01/06,昼間帯,順方向,698,698,0,202,202,0,900,熱容量,0,0,0,0,2022/11/18 17:05:04
月間,202211,策定,北海道・本州間電力連系設備,2023/01/06,昼間帯,逆方向,-378,-378,0,-522,-522,0,-900,熱容量,0,0,0,0,2022/11/18 17:05:04
月間,202211,策定,北海道・本州間電力連系設備,2023/01/06,夜間帯,順方向,728,728,0,172,172,0,900,熱容量,0,0,0,0,2022/11/18 17:05:04
月間,202211,策定,北海道・本州間電力連系設備,2023/01/06,夜間帯,逆方向,-388,-388,0,-512,-512,0,-900,熱容量,0,0,0,0,2022/11/18 17:05:04
月間,202212,策定,北海道・本州間電力連系設備,2023/01/06,昼間帯,順方向,698,698,0,202,202,0,900,熱容量,0,0,0,0,2022/12/20 17:05:05
月間,202212,策定,北海道・本州間電力連系設備,2023/01/06,昼間帯,逆方向,-378,-378,0,-522,-522,0,-900,熱容量,0,0,0,0,2022/12/20 17:05:05
月間,202212,策定,北海道・本州間電力連系設備,2023/01/06,夜間帯,順方向,728,728,0,172,172,0,900,熱容量,0,0,0,0,2022/12/20 17:05:05
月間,202212,策定,北海道・本州間電力連系設備,2023/01/06,夜間帯,逆方向,-388,-388,0,-512,-512,0,-900,熱容量,0,0,0,0,2022/12/20 17:05:05
月間,202211,策定,北海道・本州間電力連系設備,2023/01/07,昼間帯,順方向,648,648,0,252,252,0,900,熱容量,0,0,0,0,2022/11/18 17:05:04
月間,202211,策定,北海道・本州間電力連系設備,2023/01/07,昼間帯,逆方向,-348,-348,0,-552,-552,0,-900,熱容量,0,0,0,0,2022/11/18 17:05:04
月間,202211,策定,北海道・本州間電力連系設備,2023/01/07,夜間帯,順方向,708,708,0,192,192,0,900,熱容量,0,0,0,0,2022/11/18 17:05:04
月間,202211,策定,北海道・本州間電力連系設備,2023/01/07,夜間帯,逆方向,-378,-378,0,-522,-522,0,-900,熱容量,0,0,0,0,2022/11/18 17:05:04
月間,202212,策定,北海道・本州間電力連系設備,2023/01/07,昼間帯,順方向,648,648,0,252,252,0,900,熱容量,0,0,0,0,2022/12/20 17:05:05
月間,202212,策定,北海道・本州間電力連系設備,2023/01/07,昼間帯,逆方向,-348,-348,0,-552,-552,0,-900,熱容量,0,0,0,0,2022/12/20 17:05:05
月間,202212,策定,北海道・本州間電力連系設備,2023/01/07,夜間帯,順方向,708,708,0,192,192,0,900,熱容量,0,0,0,0,2022/12/20 17:05:05
月間,202212,策定,北海道・本州間電力連系設備,2023/01/07,夜間帯,逆方向,-378,-378,0,-522,-522,0,-900,熱容量,0,0,0,0,2022/12/20 17:05:05
月間,202211,策定,北海道・本州間電力連系設備,2023/01/08,昼間帯,順方向,648,648,0,252,252,0,900,熱容量,0,0,0,0,2022/11/18 17:05:04
月間,202211,策定,北海道・本州間電力連系設備,2023/01/08,昼間帯,逆方向,-348,-348,0,-552,-552,0,-900,熱容量,0,0,0,0,2022/11/18 17:05:04
月間,202211,策定,北海道・本州間電力連系設備,2023/01/08,夜間帯,順方向,708,708,0,192,192,0,900,熱容量,0,0,0,0,2022/11/18 17:05:04
月間,202211,策定,北海道・本州間電力連系設備,2023/01/08,夜間帯,逆方向,-378,-378,0,-522,-522,0,-900,熱容量,0,0,0,0,2022/11/18 17:05:04
月間,202212,策定,北海道・本州間電力連系設備,2023/01/08,昼間帯,順方向,648,648,0,252,252,0,900,熱容量,0,0,0,0,2022/12/20 17:05:05
月間,202212,策定,北海道・本州間電力連系設備,2023/01/08,昼間帯,逆方向,-348,-348,0,-552,-552,0,-900,熱容量,0,0,0,0,2022/12/20 17:05:05
月間,202212,策定,北海道・本州間電力連系設備,2023/01/08,夜間帯,順方向,708,708,0,192,192,0,900,熱容量,0,0,0,0,2022/12/20 17:05:05
月間,202212,策定,北海道・本州間電力連系設備,2023/01/08,夜間帯,逆方向,-378,-378,0,-522,-522,0,-900,熱容量,0,0,0,0,2022/12/20 17:05:05
月間,202211,策定,北海道・本州間電力連系設備,2023/01/09,昼間帯,順方向,648,648,0,252,252,0,900,熱容量,0,0,0,0,2022/11/18 17:05:04
月間,202211,策定,北海道・本州間電力連系設備,2023/01/09,昼間帯,逆方向,-348,-348,0,-552,-552,0,-900,熱容量,0,0,0,0,2022/11/18 17:05:04
月間,202211,策定,北海道・本州間電力連系設備,2023/01/09,夜間帯,順方向,708,708,0,192,192,0,900,熱容量,0,0,0,0,2022/11/18 17:05:04
月間,202211,策定,北海道・本州間電力連系設備,2023/01/09,夜間帯,逆方向,-378,-378,0,-522,-522,0,-900,熱容量,0,0,0,0,2022/11/18 17:05:04
月間,202212,策定,北海道・本州間電力連系設備,2023/01/09,昼間帯,順方向,648,648,0,252,252,0,900,熱容量,0,0,0,0,2022/12/20 17:05:05
月間,202212,策定,北海道・本州間電力連系設備,2023/01/09,昼間帯,逆方向,-348,-348,0,-552,-552,0,-900,熱容量,0,0,0,0,2022/12/20 17:05:05
月間,202212,策定,北海道・本州間電力連系設備,2023/01/09,夜間帯,順方向,708,708,0,192,192,0,900,熱容量,0,0,0,0,2022/12/20 17:05:05
月間,202212,策定,北海道・本州間電力連系設備,2023/01/09,夜間帯,逆方向,-378,-378,0,-522,-522,0,-900,熱容量,0,0,0,0,2022/12/20 17:05:05
月間,202211,策定,北海道・本州間電力連系設備,2023/01/10,昼間帯,順方向,698,698,0,202,202,0,900,熱容量,0,0,0,0,2022/11/18 17:05:04
月間,202211,策定,北海道・本州間電力連系設備,2023/01/10,昼間帯,逆方向,-378,-378,0,-522,-522,0,-900,熱容量,0,0,0,0,2022/11/18 17:05:04
月間,202211,策定,北海道・本州間電力連系設備,2023/01/10,夜間帯,順方向,728,728,0,172,172,0,900,熱容量,0,0,0,0,2022/11/18 17:05:04
月間,202211,策定,北海道・本州間電力連系設備,2023/01/10,夜間帯,逆方向,-388,-388,0,-512,-512,0,-900,熱容量,0,0,0,0,2022/11/18 17:05:04
月間,202212,策定,北海道・本州間電力連系設備,2023/01/10,昼間帯,順方向,698,698,0,202,202,0,900,熱容量,0,0,0,0,2022/12/20 17:05:05
月間,202212,策定,北海道・本州間電力連系設備,2023/01/10,昼間帯,逆方向,-378,-378,0,-522,-522,0,-900,熱容量,0,0,0,0,2022/12/20 17:05:05
月間,202212,策定,北海道・本州間電力連系設備,2023/01/10,夜間帯,順方向,728,728,0,172,172,0,900,熱容量,0,0,0,0,2022/12/20 17:05:05
月間,202212,策定,北海道・本州間電力連系設備,2023/01/10,夜間帯,逆方向,-388,-388,0,-512,-512,0,-900,熱容量,0,0,0,0,2022/12/20 17:05:05
月間,202211,策定,北海道・本州間電力連系設備,2023/01/11,昼間帯,順方向,698,698,0,202,202,0,900,熱容量,0,0,0,0,2022/11/18 17:05:04
月間,202211,策定,北海道・本州間電力連系設備,2023/01/11,昼間帯,逆方向,-378,-378,0,-522,-522,0,-900,熱容量,0,0,0,0,2022/11/18 17:05:04
月間,202211,策定,北海道・本州間電力連系設備,2023/01/11,夜間帯,順方向,728,728,0,172,172,0,900,熱容量,0,0,0,0,2022/11/18 17:05:04
月間,202211,策定,北海道・本州間電力連系設備,2023/01/11,夜間帯,逆方向,-388,-388,0,-512,-512,0,-900,熱容量,0,0,0,0,2022/11/18 17:05:04
月間,202212,策定,北海道・本州間電力連系設備,2023/01/11,昼間帯,順方向,698,698,0,202,202,0,900,熱容量,0,0,0,0,2022/12/20 17:05:05
月間,202212,策定,北海道・本州間電力連系設備,2023/01/11,昼間帯,逆方向,-378,-378,0,-522,-522,0,-900,熱容量,0,0,0,0,2022/12/20 17:05:05
月間,202212,策定,北海道・本州間電力連系設備,2023/01/11,夜間帯,順方向,728,728,0,172,172,0,900,熱容量,0,0,0,0,2022/12/20 17:05:05
月間,202212,策定,北海道・本州間電力連系設備,2023/01/11,夜間帯,逆方向,-388,-388,0,-512,-512,0,-900,熱容量,0,0,0,0,2022/12/20 17:05:05
月間,202211,策定,北海道・本州間電力連系設備,2023/01/12,昼間帯,順方向,698,698,0,202,202,0,900,熱容量,0,0,0,0,2022/11/18 17:05:04
月間,202211,策定,北海道・本州間電力連系設備,2023/01/12,昼間帯,逆方向,-378,-378,0,-522,-522,0,-900,熱容量,0,0,0,0,2022/11/18 17:05:04
月間,202211,策定,北海道・本州間電力連系設備,2023/01/12,夜間帯,順方向,728,728,0,172,172,0,900,熱容量,0,0,0,0,2022/11/18 17:05:04
月間,202211,策定,北海道・本州間電力連系設備,2023/01/12,夜間帯,逆方向,-388,-388,0,-512,-512,0,-900,熱容量,0,0,0,0,2022/11/18 17:05:04
月間,202212,策定,北海道・本州間電力連系設備,2023/01/12,昼間帯,順方向,698,698,0,202,202,0,900,熱容量,0,0,0,0,2022/12/20 17:05:05
月間,202212,策定,北海道・本州間電力連系設備,2023/01/12,昼間帯,逆方向,-378,-378,0,-522,-522,0,-900,熱容量,0,0,0,0,2022/12/20 17:05:05
月間,202212,策定,北海道・本州間電力連系設備,2023/01/12,夜間帯,順方向,728,728,0,172,172,0,900,熱容量,0,0,0,0,2022/12/20 17:05:05
月間,202212,策定,北海道・本州間電力連系設備,2023/01/12,夜間帯,逆方向,-388,-388,0,-512,-512,0,-900,熱容量,0,0,0,0,2022/12/20 17:05:05
月間,202211,策定,北海道・本州間電力連系設備,2023/01/13,昼間帯,順方向,698,698,0,202,202,0,900,熱容量,0,0,0,0,2022/11/18 17:05:04
月間,202211,策定,北海道・本州間電力連系設備,2023/01/13,昼間帯,逆方向,-378,-378,0,-522,-522,0,-900,熱容量,0,0,0,0,2022/11/18 17:05:04
月間,202211,策定,北海道・本州間電力連系設備,2023/01/13,夜間帯,順方向,728,728,0,172,172,0,900,熱容量,0,0,0,0,2022/11/18 17:05:04
月間,202211,策定,北海道・本州間電力連系設備,2023/01/13,夜間帯,逆方向,-388,-388,0,-512,-512,0,-900,熱容量,0,0,0,0,2022/11/18 17:05:04
月間,202212,策定,北海道・本州間電力連系設備,2023/01/13,昼間帯,順方向,698,698,0,202,202,0,900,熱容量,0,0,0,0,2022/12/20 17:05:05
月間,202212,策定,北海道・本州間電力連系設備,2023/01/13,昼間帯,逆方向,-378,-378,0,-522,-522,0,-900,熱容量,0,0,0,0,2022/12/20 17:05:05
月間,202212,策定,北海道・本州間電力連系設備,2023/01/13,夜間帯,順方向,728,728,0,172,172,0,900,熱容量,0,0,0,0,2022/12/20 17:05:05
月間,202212,策定,北海道・本州間電力連系設備,2023/01/13,夜間帯,逆方向,-388,-388,0,-512,-512,0,-900,熱容量,0,0,0,0,2022/12/20 17:05:05
月間,202211,策定,北海道・本州間電力連系設備,2023/01/14,昼間帯,順方向,648,648,0,252,252,0,900,熱容量,0,0,0,0,2022/11/18 17:05:04
月間,202211,策定,北海道・本州間電力連系設備,2023/01/14,昼間帯,逆方向,-348,-348,0,-552,-552,0,-900,熱容量,0,0,0,0,2022/11/18 17:05:04
月間,202211,策定,北海道・本州間電力連系設備,2023/01/14,夜間帯,順方向,708,708,0,192,192,0,900,熱容量,0,0,0,0,2022/11/18 17:05:04
月間,202211,策定,北海道・本州間電力連系設備,2023/01/14,夜間帯,逆方向,-378,-378,0,-522,-522,0,-900,熱容量,0,0,0,0,2022/11/18 17:05:04
月間,202212,策定,北海道・本州間電力連系設備,2023/01/14,昼間帯,順方向,648,648,0,252,252,0,900,熱容量,0,0,0,0,2022/12/20 17:05:05
月間,202212,策定,北海道・本州間電力連系設備,2023/01/14,昼間帯,逆方向,-348,-348,0,-552,-552,0,-900,熱容量,0,0,0,0,2022/12/20 17:05:05
月間,202212,策定,北海道・本州間電力連系設備,2023/01/14,夜間帯,順方向,708,708,0,192,192,0,900,熱容量,0,0,0,0,2022/12/20 17:05:05
月間,202212,策定,北海道・本州間電力連系設備,2023/01/14,夜間帯,逆方向,-378,-378,0,-522,-522,0,-900,熱容量,0,0,0,0,2022/12/20 17:05:05
月間,202211,策定,北海道・本州間電力連系設備,2023/01/15,昼間帯,順方向,648,648,0,252,252,0,900,熱容量,0,0,0,0,2022/11/18 17:05:04
月間,202211,策定,北海道・本州間電力連系設備,2023/01/15,昼間帯,逆方向,-348,-348,0,-552,-552,0,-900,熱容量,0,0,0,0,2022/11/18 17:05:04
月間,202211,策定,北海道・本州間電力連系設備,2023/01/15,夜間帯,順方向,708,708,0,192,192,0,900,熱容量,0,0,0,0,2022/11/18 17:05:04
月間,202211,策定,北海道・本州間電力連系設備,2023/01/15,夜間帯,逆方向,-378,-378,0,-522,-522,0,-900,熱容量,0,0,0,0,2022/11/18 17:05:04
月間,202212,策定,北海道・本州間電力連系設備,2023/01/15,昼間帯,順方向,648,648,0,252,252,0,900,熱容量,0,0,0,0,2022/12/20 17:05:05
月間,202212,策定,北海道・本州間電力連系設備,2023/01/15,昼間帯,逆方向,-348,-348,0,-552,-552,0,-900,熱容量,0,0,0,0,2022/12/20 17:05:05
月間,202212,策定,北海道・本州間電力連系設備,2023/01/15,夜間帯,順方向,708,708,0,192,192,0,900,熱容量,0,0,0,0,2022/12/20 17:05:05
月間,202212,策定,北海道・本州間電力連系設備,2023/01/15,夜間帯,逆方向,-378,-378,0,-522,-522,0,-900,熱容量,0,0,0,0,2022/12/20 17:05:05
月間,202211,策定,北海道・本州間電力連系設備,2023/01/16,昼間帯,順方向,698,698,0,202,202,0,900,熱容量,0,0,0,0,2022/11/18 17:05:04
月間,202211,策定,北海道・本州間電力連系設備,2023/01/16,昼間帯,逆方向,-378,-378,0,-522,-522,0,-900,熱容量,0,0,0,0,2022/11/18 17:05:04
月間,202211,策定,北海道・本州間電力連系設備,2023/01/16,夜間帯,順方向,728,728,0,172,172,0,900,熱容量,0,0,0,0,2022/11/18 17:05:04
月間,202211,策定,北海道・本州間電力連系設備,2023/01/16,夜間帯,逆方向,-388,-388,0,-512,-512,0,-900,熱容量,0,0,0,0,2022/11/18 17:05:04
月間,202212,策定,北海道・本州間電力連系設備,2023/01/16,昼間帯,順方向,698,698,0,202,202,0,900,熱容量,0,0,0,0,2022/12/20 17:05:05
月間,202212,策定,北海道・本州間電力連系設備,2023/01/16,昼間帯,逆方向,-378,-378,0,-522,-522,0,-900,熱容量,0,0,0,0,2022/12/20 17:05:05
月間,202212,策定,北海道・本州間電力連系設備,2023/01/16,夜間帯,順方向,728,728,0,172,172,0,900,熱容量,0,0,0,0,2022/12/20 17:05:05
月間,202212,策定,北海道・本州間電力連系設備,2023/01/16,夜間帯,逆方向,-388,-388,0,-512,-512,0,-900,熱容量,0,0,0,0,2022/12/20 17:05:05
月間,202211,策定,北海道・本州間電力連系設備,2023/01/17,昼間帯,順方向,698,698,0,202,202,0,900,熱容量,0,0,0,0,2022/11/18 17:05:04
月間,202211,策定,北海道・本州間電力連系設備,2023/01/17,昼間帯,逆方向,-378,-378,0,-522,-522,0,-900,熱容量,0,0,0,0,2022/11/18 17:05:04
月間,202211,策定,北海道・本州間電力連系設備,2023/01/17,夜間帯,順方向,728,728,0,172,172,0,900,熱容量,0,0,0,0,2022/11/18 17:05:04
月間,202211,策定,北海道・本州間電力連系設備,2023/01/17,夜間帯,逆方向,-388,-388,0,-512,-512,0,-900,熱容量,0,0,0,0,2022/11/18 17:05:04
月間,202212,策定,北海道・本州間電力連系設備,2023/01/17,昼間帯,順方向,698,698,0,202,202,0,900,熱容量,0,0,0,0,2022/12/20 17:05:05
月間,202212,策定,北海道・本州間電力連系設備,2023/01/17,昼間帯,逆方向,-378,-378,0,-522,-522,0,-900,熱容量,0,0,0,0,2022/12/20 17:05:05
月間,202212,策定,北海道・本州間電力連系設備,2023/01/17,夜間帯,順方向,728,728,0,172,172,0,900,熱容量,0,0,0,0,2022/12/20 17:05:05
月間,202212,策定,北海道・本州間電力連系設備,2023/01/17,夜間帯,逆方向,-388,-388,0,-512,-512,0,-900,熱容量,0,0,0,0,2022/12/20 17:05:05
月間,202211,策定,北海道・本州間電力連系設備,2023/01/18,昼間帯,順方向,698,698,0,202,202,0,900,熱容量,0,0,0,0,2022/11/18 17:05:04
月間,202211,策定,北海道・本州間電力連系設備,2023/01/18,昼間帯,逆方向,-378,-378,0,-522,-522,0,-900,熱容量,0,0,0,0,2022/11/18 17:05:04
月間,202211,策定,北海道・本州間電力連系設備,2023/01/18,夜間帯,順方向,728,728,0,172,172,0,900,熱容量,0,0,0,0,2022/11/18 17:05:04
月間,202211,策定,北海道・本州間電力連系設備,2023/01/18,夜間帯,逆方向,-388,-388,0,-512,-512,0,-900,熱容量,0,0,0,0,2022/11/18 17:05:04
月間,202212,策定,北海道・本州間電力連系設備,2023/01/18,昼間帯,順方向,698,698,0,202,202,0,900,熱容量,0,0,0,0,2022/12/20 17:05:05
月間,202212,策定,北海道・本州間電力連系設備,2023/01/18,昼間帯,逆方向,-378,-378,0,-522,-522,0,-900,熱容量,0,0,0,0,2022/12/20 17:05:05
月間,202212,策定,北海道・本州間電力連系設備,2023/01/18,夜間帯,順方向,728,728,0,172,172,0,900,熱容量,0,0,0,0,2022/12/20 17:05:05
月間,202212,策定,北海道・本州間電力連系設備,2023/01/18,夜間帯,逆方向,-388,-388,0,-512,-512,0,-900,熱容量,0,0,0,0,2022/12/20 17:05:05
月間,202211,策定,北海道・本州間電力連系設備,2023/01/19,昼間帯,順方向,698,698,0,202,202,0,900,熱容量,0,0,0,0,2022/11/18 17:05:04
月間,202211,策定,北海道・本州間電力連系設備,2023/01/19,昼間帯,逆方向,-378,-378,0,-522,-522,0,-900,熱容量,0,0,0,0,2022/11/18 17:05:04
月間,202211,策定,北海道・本州間電力連系設備,2023/01/19,夜間帯,順方向,728,728,0,172,172,0,900,熱容量,0,0,0,0,2022/11/18 17:05:04
月間,202211,策定,北海道・本州間電力連系設備,2023/01/19,夜間帯,逆方向,-388,-388,0,-512,-512,0,-900,熱容量,0,0,0,0,2022/11/18 17:05:04
月間,202212,策定,北海道・本州間電力連系設備,2023/01/19,昼間帯,順方向,698,698,0,202,202,0,900,熱容量,0,0,0,0,2022/12/20 17:05:05
月間,202212,策定,北海道・本州間電力連系設備,2023/01/19,昼間帯,逆方向,-378,-378,0,-522,-522,0,-900,熱容量,0,0,0,0,2022/12/20 17:05:05
月間,202212,策定,北海道・本州間電力連系設備,2023/01/19,夜間帯,順方向,728,728,0,172,172,0,900,熱容量,0,0,0,0,2022/12/20 17:05:05
月間,202212,策定,北海道・本州間電力連系設備,2023/01/19,夜間帯,逆方向,-388,-388,0,-512,-512,0,-900,熱容量,0,0,0,0,2022/12/20 17:05:05
月間,202211,策定,北海道・本州間電力連系設備,2023/01/20,昼間帯,順方向,698,698,0,202,202,0,900,熱容量,0,0,0,0,2022/11/18 17:05:04
月間,202211,策定,北海道・本州間電力連系設備,2023/01/20,昼間帯,逆方向,-378,-378,0,-522,-522,0,-900,熱容量,0,0,0,0,2022/11/18 17:05:04
月間,202211,策定,北海道・本州間電力連系設備,2023/01/20,夜間帯,順方向,728,728,0,172,172,0,900,熱容量,0,0,0,0,2022/11/18 17:05:04
月間,202211,策定,北海道・本州間電力連系設備,2023/01/20,夜間帯,逆方向,-388,-388,0,-512,-512,0,-900,熱容量,0,0,0,0,2022/11/18 17:05:04
月間,202212,策定,北海道・本州間電力連系設備,2023/01/20,昼間帯,順方向,698,698,0,202,202,0,900,熱容量,0,0,0,0,2022/12/20 17:05:05
月間,202212,策定,北海道・本州間電力連系設備,2023/01/20,昼間帯,逆方向,-378,-378,0,-522,-522,0,-900,熱容量,0,0,0,0,2022/12/20 17:05:05
月間,202212,策定,北海道・本州間電力連系設備,2023/01/20,夜間帯,順方向,728,728,0,172,172,0,900,熱容量,0,0,0,0,2022/12/20 17:05:05
月間,202212,策定,北海道・本州間電力連系設備,2023/01/20,夜間帯,逆方向,-388,-388,0,-512,-512,0,-900,熱容量,0,0,0,0,2022/12/20 17:05:05
月間,202211,策定,北海道・本州間電力連系設備,2023/01/21,昼間帯,順方向,648,648,0,252,252,0,900,熱容量,0,0,0,0,2022/11/18 17:05:04
月間,202211,策定,北海道・本州間電力連系設備,2023/01/21,昼間帯,逆方向,-348,-348,0,-552,-552,0,-900,熱容量,0,0,0,0,2022/11/18 17:05:04
月間,202211,策定,北海道・本州間電力連系設備,2023/01/21,夜間帯,順方向,708,708,0,192,192,0,900,熱容量,0,0,0,0,2022/11/18 17:05:04
月間,202211,策定,北海道・本州間電力連系設備,2023/01/21,夜間帯,逆方向,-378,-378,0,-522,-522,0,-900,熱容量,0,0,0,0,2022/11/18 17:05:04
月間,202212,策定,北海道・本州間電力連系設備,2023/01/21,昼間帯,順方向,648,648,0,252,252,0,900,熱容量,0,0,0,0,2022/12/20 17:05:05
月間,202212,策定,北海道・本州間電力連系設備,2023/01/21,昼間帯,逆方向,-348,-348,0,-552,-552,0,-900,熱容量,0,0,0,0,2022/12/20 17:05:05
月間,202212,策定,北海道・本州間電力連系設備,2023/01/21,夜間帯,順方向,708,708,0,192,192,0,900,熱容量,0,0,0,0,2022/12/20 17:05:05
月間,202212,策定,北海道・本州間電力連系設備,2023/01/21,夜間帯,逆方向,-378,-378,0,-522,-522,0,-900,熱容量,0,0,0,0,2022/12/20 17:05:05
月間,202211,策定,北海道・本州間電力連系設備,2023/01/22,昼間帯,順方向,648,648,0,252,252,0,900,熱容量,0,0,0,0,2022/11/18 17:05:04
月間,202211,策定,北海道・本州間電力連系設備,2023/01/22,昼間帯,逆方向,-348,-348,0,-552,-552,0,-900,熱容量,0,0,0,0,2022/11/18 17:05:04
月間,202211,策定,北海道・本州間電力連系設備,2023/01/22,夜間帯,順方向,708,708,0,192,192,0,900,熱容量,0,0,0,0,2022/11/18 17:05:04
月間,202211,策定,北海道・本州間電力連系設備,2023/01/22,夜間帯,逆方向,-378,-378,0,-522,-522,0,-900,熱容量,0,0,0,0,2022/11/18 17:05:04
月間,202212,策定,北海道・本州間電力連系設備,2023/01/22,昼間帯,順方向,648,648,0,252,252,0,900,熱容量,0,0,0,0,2022/12/20 17:05:05
月間,202212,策定,北海道・本州間電力連系設備,2023/01/22,昼間帯,逆方向,-348,-348,0,-552,-552,0,-900,熱容量,0,0,0,0,2022/12/20 17:05:05
月間,202212,策定,北海道・本州間電力連系設備,2023/01/22,夜間帯,順方向,708,708,0,192,192,0,900,熱容量,0,0,0,0,2022/12/20 17:05:05
月間,202212,策定,北海道・本州間電力連系設備,2023/01/22,夜間帯,逆方向,-378,-378,0,-522,-522,0,-900,熱容量,0,0,0,0,2022/12/20 17:05:05
月間,202211,策定,北海道・本州間電力連系設備,2023/01/23,昼間帯,順方向,698,698,0,202,202,0,900,熱容量,0,0,0,0,2022/11/18 17:05:04
月間,202211,策定,北海道・本州間電力連系設備,2023/01/23,昼間帯,逆方向,-378,-378,0,-522,-522,0,-900,熱容量,0,0,0,0,2022/11/18 17:05:04
月間,202211,策定,北海道・本州間電力連系設備,2023/01/23,夜間帯,順方向,728,728,0,172,172,0,900,熱容量,0,0,0,0,2022/11/18 17:05:04
月間,202211,策定,北海道・本州間電力連系設備,2023/01/23,夜間帯,逆方向,-388,-388,0,-512,-512,0,-900,熱容量,0,0,0,0,2022/11/18 17:05:04
月間,202212,策定,北海道・本州間電力連系設備,2023/01/23,昼間帯,順方向,698,698,0,202,202,0,900,熱容量,0,0,0,0,2022/12/20 17:05:05
月間,202212,策定,北海道・本州間電力連系設備,2023/01/23,昼間帯,逆方向,-378,-378,0,-522,-522,0,-900,熱容量,0,0,0,0,2022/12/20 17:05:05
月間,202212,策定,北海道・本州間電力連系設備,2023/01/23,夜間帯,順方向,728,728,0,172,172,0,900,熱容量,0,0,0,0,2022/12/20 17:05:05
月間,202212,策定,北海道・本州間電力連系設備,2023/01/23,夜間帯,逆方向,-388,-388,0,-512,-512,0,-900,熱容量,0,0,0,0,2022/12/20 17:05:05
月間,202211,策定,北海道・本州間電力連系設備,2023/01/24,昼間帯,順方向,698,698,0,202,202,0,900,熱容量,0,0,0,0,2022/11/18 17:05:04
月間,202211,策定,北海道・本州間電力連系設備,2023/01/24,昼間帯,逆方向,-378,-378,0,-522,-522,0,-900,熱容量,0,0,0,0,2022/11/18 17:05:04
月間,202211,策定,北海道・本州間電力連系設備,2023/01/24,夜間帯,順方向,728,728,0,172,172,0,900,熱容量,0,0,0,0,2022/11/18 17:05:04
月間,202211,策定,北海道・本州間電力連系設備,2023/01/24,夜間帯,逆方向,-388,-388,0,-512,-512,0,-900,熱容量,0,0,0,0,2022/11/18 17:05:04
月間,202212,策定,北海道・本州間電力連系設備,2023/01/24,昼間帯,順方向,698,698,0,202,202,0,900,熱容量,0,0,0,0,2022/12/20 17:05:05
月間,202212,策定,北海道・本州間電力連系設備,2023/01/24,昼間帯,逆方向,-378,-378,0,-522,-522,0,-900,熱容量,0,0,0,0,2022/12/20 17:05:05
月間,202212,策定,北海道・本州間電力連系設備,2023/01/24,夜間帯,順方向,728,728,0,172,172,0,900,熱容量,0,0,0,0,2022/12/20 17:05:05
月間,202212,策定,北海道・本州間電力連系設備,2023/01/24,夜間帯,逆方向,-388,-388,0,-512,-512,0,-900,熱容量,0,0,0,0,2022/12/20 17:05:05
月間,202211,策定,北海道・本州間電力連系設備,2023/01/25,昼間帯,順方向,698,698,0,202,202,0,900,熱容量,0,0,0,0,2022/11/18 17:05:04
月間,202211,策定,北海道・本州間電力連系設備,2023/01/25,昼間帯,逆方向,-378,-378,0,-522,-522,0,-900,熱容量,0,0,0,0,2022/11/18 17:05:04
月間,202211,策定,北海道・本州間電力連系設備,2023/01/25,夜間帯,順方向,728,728,0,172,172,0,900,熱容量,0,0,0,0,2022/11/18 17:05:04
月間,202211,策定,北海道・本州間電力連系設備,2023/01/25,夜間帯,逆方向,-388,-388,0,-512,-512,0,-900,熱容量,0,0,0,0,2022/11/18 17:05:04
月間,202212,策定,北海道・本州間電力連系設備,2023/01/25,昼間帯,順方向,698,698,0,202,202,0,900,熱容量,0,0,0,0,2022/12/20 17:05:05
月間,202212,策定,北海道・本州間電力連系設備,2023/01/25,昼間帯,逆方向,-378,-378,0,-522,-522,0,-900,熱容量,0,0,0,0,2022/12/20 17:05:05
月間,202212,策定,北海道・本州間電力連系設備,2023/01/25,夜間帯,順方向,728,728,0,172,172,0,900,熱容量,0,0,0,0,2022/12/20 17:05:05
月間,202212,策定,北海道・本州間電力連系設備,2023/01/25,夜間帯,逆方向,-388,-388,0,-512,-512,0,-900,熱容量,0,0,0,0,2022/12/20 17:05:05
月間,202211,策定,北海道・本州間電力連系設備,2023/01/26,昼間帯,順方向,698,698,0,202,202,0,900,熱容量,0,0,0,0,2022/11/18 17:05:04
月間,202211,策定,北海道・本州間電力連系設備,2023/01/26,昼間帯,逆方向,-378,-378,0,-522,-522,0,-900,熱容量,0,0,0,0,2022/11/18 17:05:04
月間,202211,策定,北海道・本州間電力連系設備,2023/01/26,夜間帯,順方向,728,728,0,172,172,0,900,熱容量,0,0,0,0,2022/11/18 17:05:04
月間,202211,策定,北海道・本州間電力連系設備,2023/01/26,夜間帯,逆方向,-388,-388,0,-512,-512,0,-900,熱容量,0,0,0,0,2022/11/18 17:05:04
月間,202212,策定,北海道・本州間電力連系設備,2023/01/26,昼間帯,順方向,698,698,0,202,202,0,900,熱容量,0,0,0,0,2022/12/20 17:05:05
月間,202212,策定,北海道・本州間電力連系設備,2023/01/26,昼間帯,逆方向,-378,-378,0,-522,-522,0,-900,熱容量,0,0,0,0,2022/12/20 17:05:05
月間,202212,策定,北海道・本州間電力連系設備,2023/01/26,夜間帯,順方向,728,728,0,172,172,0,900,熱容量,0,0,0,0,2022/12/20 17:05:05
月間,202212,策定,北海道・本州間電力連系設備,2023/01/26,夜間帯,逆方向,-388,-388,0,-512,-512,0,-900,熱容量,0,0,0,0,2022/12/20 17:05:05
月間,202211,策定,北海道・本州間電力連系設備,2023/01/27,昼間帯,順方向,698,698,0,202,202,0,900,熱容量,0,0,0,0,2022/11/18 17:05:04
月間,202211,策定,北海道・本州間電力連系設備,2023/01/27,昼間帯,逆方向,-378,-378,0,-522,-522,0,-900,熱容量,0,0,0,0,2022/11/18 17:05:04
月間,202211,策定,北海道・本州間電力連系設備,2023/01/27,夜間帯,順方向,728,728,0,172,172,0,900,熱容量,0,0,0,0,2022/11/18 17:05:04
月間,202211,策定,北海道・本州間電力連系設備,2023/01/27,夜間帯,逆方向,-388,-388,0,-512,-512,0,-900,熱容量,0,0,0,0,2022/11/18 17:05:04
月間,202212,策定,北海道・本州間電力連系設備,2023/01/27,昼間帯,順方向,698,698,0,202,202,0,900,熱容量,0,0,0,0,2022/12/20 17:05:05
月間,202212,策定,北海道・本州間電力連系設備,2023/01/27,昼間帯,逆方向,-378,-378,0,-522,-522,0,-900,熱容量,0,0,0,0,2022/12/20 17:05:05
月間,202212,策定,北海道・本州間電力連系設備,2023/01/27,夜間帯,順方向,728,728,0,172,172,0,900,熱容量,0,0,0,0,2022/12/20 17:05:05
月間,202212,策定,北海道・本州間電力連系設備,2023/01/27,夜間帯,逆方向,-388,-388,0,-512,-512,0,-900,熱容量,0,0,0,0,2022/12/20 17:05:05
月間,202211,策定,北海道・本州間電力連系設備,2023/01/28,昼間帯,順方向,648,648,0,252,252,0,900,熱容量,0,0,0,0,2022/11/18 17:05:04
月間,202211,策定,北海道・本州間電力連系設備,2023/01/28,昼間帯,逆方向,-348,-348,0,-552,-552,0,-900,熱容量,0,0,0,0,2022/11/18 17:05:04
月間,202211,策定,北海道・本州間電力連系設備,2023/01/28,夜間帯,順方向,708,708,0,192,192,0,900,熱容量,0,0,0,0,2022/11/18 17:05:04
月間,202211,策定,北海道・本州間電力連系設備,2023/01/28,夜間帯,逆方向,-378,-378,0,-522,-522,0,-900,熱容量,0,0,0,0,2022/11/18 17:05:04
月間,202212,策定,北海道・本州間電力連系設備,2023/01/28,昼間帯,順方向,648,648,0,252,252,0,900,熱容量,0,0,0,0,2022/12/20 17:05:05
月間,202212,策定,北海道・本州間電力連系設備,2023/01/28,昼間帯,逆方向,-348,-348,0,-552,-552,0,-900,熱容量,0,0,0,0,2022/12/20 17:05:05
月間,202212,策定,北海道・本州間電力連系設備,2023/01/28,夜間帯,順方向,708,708,0,192,192,0,900,熱容量,0,0,0,0,2022/12/20 17:05:05
月間,202212,策定,北海道・本州間電力連系設備,2023/01/28,夜間帯,逆方向,-378,-378,0,-522,-522,0,-900,熱容量,0,0,0,0,2022/12/20 17:05:05
月間,202211,策定,北海道・本州間電力連系設備,2023/01/29,昼間帯,順方向,648,648,0,252,252,0,900,熱容量,0,0,0,0,2022/11/18 17:05:04
月間,202211,策定,北海道・本州間電力連系設備,2023/01/29,昼間帯,逆方向,-348,-348,0,-552,-552,0,-900,熱容量,0,0,0,0,2022/11/18 17:05:04
月間,202211,策定,北海道・本州間電力連系設備,2023/01/29,夜間帯,順方向,708,708,0,192,192,0,900,熱容量,0,0,0,0,2022/11/18 17:05:04
月間,202211,策定,北海道・本州間電力連系設備,2023/01/29,夜間帯,逆方向,-378,-378,0,-522,-522,0,-900,熱容量,0,0,0,0,2022/11/18 17:05:04
月間,202212,策定,北海道・本州間電力連系設備,2023/01/29,昼間帯,順方向,648,648,0,252,252,0,900,熱容量,0,0,0,0,2022/12/20 17:05:05
月間,202212,策定,北海道・本州間電力連系設備,2023/01/29,昼間帯,逆方向,-348,-348,0,-552,-552,0,-900,熱容量,0,0,0,0,2022/12/20 17:05:05
月間,202212,策定,北海道・本州間電力連系設備,2023/01/29,夜間帯,順方向,708,708,0,192,192,0,900,熱容量,0,0,0,0,2022/12/20 17:05:05
月間,202212,策定,北海道・本州間電力連系設備,2023/01/29,夜間帯,逆方向,-378,-378,0,-522,-522,0,-900,熱容量,0,0,0,0,2022/12/20 17:05:05
月間,202211,策定,北海道・本州間電力連系設備,2023/01/30,昼間帯,順方向,698,698,0,202,202,0,900,熱容量,0,0,0,0,2022/11/18 17:05:04
月間,202211,策定,北海道・本州間電力連系設備,2023/01/30,昼間帯,逆方向,-378,-378,0,-522,-522,0,-900,熱容量,0,0,0,0,2022/11/18 17:05:04
月間,202211,策定,北海道・本州間電力連系設備,2023/01/30,夜間帯,順方向,728,728,0,172,172,0,900,熱容量,0,0,0,0,2022/11/18 17:05:04
月間,202211,策定,北海道・本州間電力連系設備,2023/01/30,夜間帯,逆方向,-388,-388,0,-512,-512,0,-900,熱容量,0,0,0,0,2022/11/18 17:05:04
月間,202212,策定,北海道・本州間電力連系設備,2023/01/30,昼間帯,順方向,698,698,0,202,202,0,900,熱容量,0,0,0,0,2022/12/20 17:05:05
月間,202212,策定,北海道・本州間電力連系設備,2023/01/30,昼間帯,逆方向,-378,-378,0,-522,-522,0,-900,熱容量,0,0,0,0,2022/12/20 17:05:05
月間,202212,策定,北海道・本州間電力連系設備,2023/01/30,夜間帯,順方向,728,728,0,172,172,0,900,熱容量,0,0,0,0,2022/12/20 17:05:05
月間,202212,策定,北海道・本州間電力連系設備,2023/01/30,夜間帯,逆方向,-388,-388,0,-512,-512,0,-900,熱容量,0,0,0,0,2022/12/20 17:05:05
月間,202211,策定,北海道・本州間電力連系設備,2023/01/31,昼間帯,順方向,698,698,0,202,202,0,900,熱容量,0,0,0,0,2022/11/18 17:05:04
月間,202211,策定,北海道・本州間電力連系設備,2023/01/31,昼間帯,逆方向,-378,-378,0,-522,-522,0,-900,熱容量,0,0,0,0,2022/11/18 17:05:04
月間,202211,策定,北海道・本州間電力連系設備,2023/01/31,夜間帯,順方向,728,728,0,172,172,0,900,熱容量,0,0,0,0,2022/11/18 17:05:04
月間,202211,策定,北海道・本州間電力連系設備,2023/01/31,夜間帯,逆方向,-388,-388,0,-512,-512,0,-900,熱容量,0,0,0,0,2022/11/18 17:05:04
月間,202212,策定,北海道・本州間電力連系設備,2023/01/31,昼間帯,順方向,698,698,0,202,202,0,900,熱容量,0,0,0,0,2022/12/20 17:05:05
月間,202212,策定,北海道・本州間電力連系設備,2023/01/31,昼間帯,逆方向,-378,-378,0,-522,-522,0,-900,熱容量,0,0,0,0,2022/12/20 17:05:05
月間,202212,策定,北海道・本州間電力連系設備,2023/01/31,夜間帯,順方向,728,728,0,172,172,0,900,熱容量,0,0,0,0,2022/12/20 17:05:05
月間,202212,策定,北海道・本州間電力連系設備,2023/01/31,夜間帯,逆方向,-388,-388,0,-512,-512,0,-900,熱容量,0,0,0,0,2022/12/20 17:05:05
月間,202211,策定,相馬双葉幹線,2023/01/01,昼間帯,順方向,5078,5458,0,412,32,0,5490,安定度,0,0,0,0,2022/11/18 17:05:04
月間,202211,策定,相馬双葉幹線,2023/01/01,昼間帯,逆方向,-2328,-2328,0,-32,-32,0,-2360,熱容量,0,0,0,0,2022/11/18 17:05:04
月間,202211,策定,相馬双葉幹線,2023/01/01,夜間帯,順方向,4678,5058,0,412,32,0,5090,安定度,0,0,0,0,2022/11/18 17:05:04
月間,202211,策定,相馬双葉幹線,2023/01/01,夜間帯,逆方向,-2328,-2328,0,-32,-32,0,-2360,熱容量,0,0,0,0,2022/11/18 17:05:04
月間,202212,策定,相馬双葉幹線,2023/01/01,昼間帯,順方向,5078,5458,0,412,32,0,5490,安定度,0,0,0,0,2022/12/20 17:05:05
月間,202212,策定,相馬双葉幹線,2023/01/01,昼間帯,逆方向,-2328,-2328,0,-32,-32,0,-2360,熱容量,0,0,0,0,2022/12/20 17:05:05
月間,202212,策定,相馬双葉幹線,2023/01/01,夜間帯,順方向,4678,5058,0,412,32,0,5090,安定度,0,0,0,0,2022/12/20 17:05:05
月間,202212,策定,相馬双葉幹線,2023/01/01,夜間帯,逆方向,-2328,-2328,0,-32,-32,0,-2360,熱容量,0,0,0,0,2022/12/20 17:05:05
月間,202211,策定,相馬双葉幹線,2023/01/02,昼間帯,順方向,5078,5458,0,412,32,0,5490,安定度,0,0,0,0,2022/11/18 17:05:04
月間,202211,策定,相馬双葉幹線,2023/01/02,昼間帯,逆方向,-2328,-2328,0,-32,-32,0,-2360,熱容量,0,0,0,0,2022/11/18 17:05:04
月間,202211,策定,相馬双葉幹線,2023/01/02,夜間帯,順方向,4678,5058,0,412,32,0,5090,安定度,0,0,0,0,2022/11/18 17:05:04
月間,202211,策定,相馬双葉幹線,2023/01/02,夜間帯,逆方向,-2328,-2328,0,-32,-32,0,-2360,熱容量,0,0,0,0,2022/11/18 17:05:04
月間,202212,策定,相馬双葉幹線,2023/01/02,昼間帯,順方向,5078,5458,0,412,32,0,5490,安定度,0,0,0,0,2022/12/20 17:05:05
月間,202212,策定,相馬双葉幹線,2023/01/02,昼間帯,逆方向,-2328,-2328,0,-32,-32,0,-2360,熱容量,0,0,0,0,2022/12/20 17:05:05
月間,202212,策定,相馬双葉幹線,2023/01/02,夜間帯,順方向,4678,5058,0,412,32,0,5090,安定度,0,0,0,0,2022/12/20 17:05:05
月間,202212,策定,相馬双葉幹線,2023/01/02,夜間帯,逆方向,-2328,-2328,0,-32,-32,0,-2360,熱容量,0,0,0,0,2022/12/20 17:05:05
月間,202211,策定,相馬双葉幹線,2023/01/03,昼間帯,順方向,5078,5458,0,412,32,0,5490,安定度,0,0,0,0,2022/11/18 17:05:04
月間,202211,策定,相馬双葉幹線,2023/01/03,昼間帯,逆方向,-2328,-2328,0,-32,-32,0,-2360,熱容量,0,0,0,0,2022/11/18 17:05:04
月間,202211,策定,相馬双葉幹線,2023/01/03,夜間帯,順方向,4678,5058,0,412,32,0,5090,安定度,0,0,0,0,2022/11/18 17:05:04
月間,202211,策定,相馬双葉幹線,2023/01/03,夜間帯,逆方向,-2328,-2328,0,-32,-32,0,-2360,熱容量,0,0,0,0,2022/11/18 17:05:04
月間,202212,策定,相馬双葉幹線,2023/01/03,昼間帯,順方向,5078,5458,0,412,32,0,5490,安定度,0,0,0,0,2022/12/20 17:05:05
月間,202212,策定,相馬双葉幹線,2023/01/03,昼間帯,逆方向,-2328,-2328,0,-32,-32,0,-2360,熱容量,0,0,0,0,2022/12/20 17:05:05
月間,202212,策定,相馬双葉幹線,2023/01/03,夜間帯,順方向,4678,5058,0,412,32,0,5090,安定度,0,0,0,0,2022/12/20 17:05:05
月間,202212,策定,相馬双葉幹線,2023/01/03,夜間帯,逆方向,-2328,-2328,0,-32,-32,0,-2360,熱容量,0,0,0,0,2022/12/20 17:05:05
月間,202211,策定,相馬双葉幹線,2023/01/04,昼間帯,順方向,5078,5458,0,412,32,0,5490,安定度,0,0,0,0,2022/11/18 17:05:04
月間,202211,策定,相馬双葉幹線,2023/01/04,昼間帯,逆方向,-2328,-2328,0,-32,-32,0,-2360,熱容量,0,0,0,0,2022/11/18 17:05:04
月間,202211,策定,相馬双葉幹線,2023/01/04,夜間帯,順方向,4678,5058,0,412,32,0,5090,安定度,0,0,0,0,2022/11/18 17:05:04
月間,202211,策定,相馬双葉幹線,2023/01/04,夜間帯,逆方向,-2328,-2328,0,-32,-32,0,-2360,熱容量,0,0,0,0,2022/11/18 17:05:04
月間,202212,策定,相馬双葉幹線,2023/01/04,昼間帯,順方向,5078,5458,0,412,32,0,5490,安定度,0,0,0,0,2022/12/20 17:05:05
月間,202212,策定,相馬双葉幹線,2023/01/04,昼間帯,逆方向,-2328,-2328,0,-32,-32,0,-2360,熱容量,0,0,0,0,2022/12/20 17:05:05
月間,202212,策定,相馬双葉幹線,2023/01/04,夜間帯,順方向,4678,5058,0,412,32,0,5090,安定度,0,0,0,0,2022/12/20 17:05:05
月間,202212,策定,相馬双葉幹線,2023/01/04,夜間帯,逆方向,-2328,-2328,0,-32,-32,0,-2360,熱容量,0,0,0,0,2022/12/20 17:05:05
月間,202211,策定,相馬双葉幹線,2023/01/05,昼間帯,順方向,5078,5458,0,412,32,0,5490,安定度,0,0,0,0,2022/11/18 17:05:04
月間,202211,策定,相馬双葉幹線,2023/01/05,昼間帯,逆方向,-2328,-2328,0,-32,-32,0,-2360,熱容量,0,0,0,0,2022/11/18 17:05:04
月間,202211,策定,相馬双葉幹線,2023/01/05,夜間帯,順方向,4678,5058,0,412,32,0,5090,安定度,0,0,0,0,2022/11/18 17:05:04
月間,202211,策定,相馬双葉幹線,2023/01/05,夜間帯,逆方向,-2328,-2328,0,-32,-32,0,-2360,熱容量,0,0,0,0,2022/11/18 17:05:04
月間,202212,策定,相馬双葉幹線,2023/01/05,昼間帯,順方向,5078,5458,0,412,32,0,5490,安定度,0,0,0,0,2022/12/20 17:05:05
月間,202212,策定,相馬双葉幹線,2023/01/05,昼間帯,逆方向,-2328,-2328,0,-32,-32,0,-2360,熱容量,0,0,0,0,2022/12/20 17:05:05
月間,202212,策定,相馬双葉幹線,2023/01/05,夜間帯,順方向,4678,5058,0,412,32,0,5090,安定度,0,0,0,0,2022/12/20 17:05:05
月間,202212,策定,相馬双葉幹線,2023/01/05,夜間帯,逆方向,-2328,-2328,0,-32,-32,0,-2360,熱容量,0,0,0,0,2022/12/20 17:05:05
月間,202211,策定,相馬双葉幹線,2023/01/06,昼間帯,順方向,5078,5458,0,412,32,0,5490,安定度,0,0,0,0,2022/11/18 17:05:04
月間,202211,策定,相馬双葉幹線,2023/01/06,昼間帯,逆方向,-2328,-2328,0,-32,-32,0,-2360,熱容量,0,0,0,0,2022/11/18 17:05:04
月間,202211,策定,相馬双葉幹線,2023/01/06,夜間帯,順方向,4678,5058,0,412,32,0,5090,安定度,0,0,0,0,2022/11/18 17:05:04
月間,202211,策定,相馬双葉幹線,2023/01/06,夜間帯,逆方向,-2328,-2328,0,-32,-32,0,-2360,熱容量,0,0,0,0,2022/11/18 17:05:04
月間,202212,策定,相馬双葉幹線,2023/01/06,昼間帯,順方向,5078,5458,0,412,32,0,5490,安定度,0,0,0,0,2022/12/20 17:05:05
月間,202212,策定,相馬双葉幹線,2023/01/06,昼間帯,逆方向,-2328,-2328,0,-32,-32,0,-2360,熱容量,0,0,0,0,2022/12/20 17:05:05
月間,202212,策定,相馬双葉幹線,2023/01/06,夜間帯,順方向,4678,5058,0,412,32,0,5090,安定度,0,0,0,0,2022/12/20 17:05:05
月間,202212,策定,相馬双葉幹線,2023/01/06,夜間帯,逆方向,-2328,-2328,0,-32,-32,0,-2360,熱容量,0,0,0,0,2022/12/20 17:05:05
月間,202211,策定,相馬双葉幹線,2023/01/07,昼間帯,順方向,5078,5458,0,412,32,0,5490,安定度,0,0,0,0,2022/11/18 17:05:04
月間,202211,策定,相馬双葉幹線,2023/01/07,昼間帯,逆方向,-2328,-2328,0,-32,-32,0,-2360,熱容量,0,0,0,0,2022/11/18 17:05:04
月間,202211,策定,相馬双葉幹線,2023/01/07,夜間帯,順方向,4678,5058,0,412,32,0,5090,安定度,0,0,0,0,2022/11/18 17:05:04
月間,202211,策定,相馬双葉幹線,2023/01/07,夜間帯,逆方向,-2328,-2328,0,-32,-32,0,-2360,熱容量,0,0,0,0,2022/11/18 17:05:04
月間,202212,策定,相馬双葉幹線,2023/01/07,昼間帯,順方向,5078,5458,0,412,32,0,5490,安定度,0,0,0,0,2022/12/20 17:05:05
月間,202212,策定,相馬双葉幹線,2023/01/07,昼間帯,逆方向,-2328,-2328,0,-32,-32,0,-2360,熱容量,0,0,0,0,2022/12/20 17:05:05
月間,202212,策定,相馬双葉幹線,2023/01/07,夜間帯,順方向,4678,5058,0,412,32,0,5090,安定度,0,0,0,0,2022/12/20 17:05:05
月間,202212,策定,相馬双葉幹線,2023/01/07,夜間帯,逆方向,-2328,-2328,0,-32,-32,0,-2360,熱容量,0,0,0,0,2022/12/20 17:05:05
月間,202211,策定,相馬双葉幹線,2023/01/08,昼間帯,順方向,5078,5458,0,412,32,0,5490,安定度,0,0,0,0,2022/11/18 17:05:04
月間,202211,策定,相馬双葉幹線,2023/01/08,昼間帯,逆方向,-2328,-2328,0,-32,-32,0,-2360,熱容量,0,0,0,0,2022/11/18 17:05:04
月間,202211,策定,相馬双葉幹線,2023/01/08,夜間帯,順方向,4678,5058,0,412,32,0,5090,安定度,0,0,0,0,2022/11/18 17:05:04
月間,202211,策定,相馬双葉幹線,2023/01/08,夜間帯,逆方向,-2328,-2328,0,-32,-32,0,-2360,熱容量,0,0,0,0,2022/11/18 17:05:04
月間,202212,策定,相馬双葉幹線,2023/01/08,昼間帯,順方向,5078,5458,0,412,32,0,5490,安定度,0,0,0,0,2022/12/20 17:05:05
月間,202212,策定,相馬双葉幹線,2023/01/08,昼間帯,逆方向,-2328,-2328,0,-32,-32,0,-2360,熱容量,0,0,0,0,2022/12/20 17:05:05
月間,202212,策定,相馬双葉幹線,2023/01/08,夜間帯,順方向,4678,5058,0,412,32,0,5090,安定度,0,0,0,0,2022/12/20 17:05:05
月間,202212,策定,相馬双葉幹線,2023/01/08,夜間帯,逆方向,-2328,-2328,0,-32,-32,0,-2360,熱容量,0,0,0,0,2022/12/20 17:05:05
月間,202211,策定,相馬双葉幹線,2023/01/09,昼間帯,順方向,5078,5458,0,412,32,0,5490,安定度,0,0,0,0,2022/11/18 17:05:04
月間,202211,策定,相馬双葉幹線,2023/01/09,昼間帯,逆方向,-2328,-2328,0,-32,-32,0,-2360,熱容量,0,0,0,0,2022/11/18 17:05:04
月間,202211,策定,相馬双葉幹線,2023/01/09,夜間帯,順方向,4678,5058,0,412,32,0,5090,安定度,0,0,0,0,2022/11/18 17:05:04
月間,202211,策定,相馬双葉幹線,2023/01/09,夜間帯,逆方向,-2328,-2328,0,-32,-32,0,-2360,熱容量,0,0,0,0,2022/11/18 17:05:04
月間,202212,策定,相馬双葉幹線,2023/01/09,昼間帯,順方向,5078,5458,0,412,32,0,5490,安定度,0,0,0,0,2022/12/20 17:05:05
月間,202212,策定,相馬双葉幹線,2023/01/09,昼間帯,逆方向,-2328,-2328,0,-32,-32,0,-2360,熱容量,0,0,0,0,2022/12/20 17:05:05
月間,202212,策定,相馬双葉幹線,2023/01/09,夜間帯,順方向,4678,5058,0,412,32,0,5090,安定度,0,0,0,0,2022/12/20 17:05:05
月間,202212,策定,相馬双葉幹線,2023/01/09,夜間帯,逆方向,-2328,-2328,0,-32,-32,0,-2360,熱容量,0,0,0,0,2022/12/20 17:05:05
月間,202211,策定,相馬双葉幹線,2023/01/10,昼間帯,順方向,5078,5458,0,412,32,0,5490,安定度,0,0,0,0,2022/11/18 17:05:04
月間,202211,策定,相馬双葉幹線,2023/01/10,昼間帯,逆方向,-2328,-2328,0,-32,-32,0,-2360,熱容量,0,0,0,0,2022/11/18 17:05:04
月間,202211,策定,相馬双葉幹線,2023/01/10,夜間帯,順方向,4678,5058,0,412,32,0,5090,安定度,0,0,0,0,2022/11/18 17:05:04
月間,202211,策定,相馬双葉幹線,2023/01/10,夜間帯,逆方向,-2328,-2328,0,-32,-32,0,-2360,熱容量,0,0,0,0,2022/11/18 17:05:04
月間,202212,策定,相馬双葉幹線,2023/01/10,昼間帯,順方向,5078,5458,0,412,32,0,5490,安定度,0,0,0,0,2022/12/20 17:05:05
月間,202212,策定,相馬双葉幹線,2023/01/10,昼間帯,逆方向,-2328,-2328,0,-32,-32,0,-2360,熱容量,0,0,0,0,2022/12/20 17:05:05
月間,202212,策定,相馬双葉幹線,2023/01/10,夜間帯,順方向,4678,5058,0,412,32,0,5090,安定度,0,0,0,0,2022/12/20 17:05:05
月間,202212,策定,相馬双葉幹線,2023/01/10,夜間帯,逆方向,-2328,-2328,0,-32,-32,0,-2360,熱容量,0,0,0,0,2022/12/20 17:05:05
月間,202211,策定,相馬双葉幹線,2023/01/11,昼間帯,順方向,5078,5458,0,412,32,0,5490,安定度,0,0,0,0,2022/11/18 17:05:04
月間,202211,策定,相馬双葉幹線,2023/01/11,昼間帯,逆方向,-2328,-2328,0,-32,-32,0,-2360,熱容量,0,0,0,0,2022/11/18 17:05:04
月間,202211,策定,相馬双葉幹線,2023/01/11,夜間帯,順方向,4678,5058,0,412,32,0,5090,安定度,0,0,0,0,2022/11/18 17:05:04
月間,202211,策定,相馬双葉幹線,2023/01/11,夜間帯,逆方向,-2328,-2328,0,-32,-32,0,-2360,熱容量,0,0,0,0,2022/11/18 17:05:04
月間,202212,策定,相馬双葉幹線,2023/01/11,昼間帯,順方向,5078,5458,0,412,32,0,5490,安定度,0,0,0,0,2022/12/20 17:05:05
月間,202212,策定,相馬双葉幹線,2023/01/11,昼間帯,逆方向,-2328,-2328,0,-32,-32,0,-2360,熱容量,0,0,0,0,2022/12/20 17:05:05
月間,202212,策定,相馬双葉幹線,2023/01/11,夜間帯,順方向,4678,5058,0,412,32,0,5090,安定度,0,0,0,0,2022/12/20 17:05:05
月間,202212,策定,相馬双葉幹線,2023/01/11,夜間帯,逆方向,-2328,-2328,0,-32,-32,0,-2360,熱容量,0,0,0,0,2022/12/20 17:05:05
月間,202211,策定,相馬双葉幹線,2023/01/12,昼間帯,順方向,5078,5458,0,412,32,0,5490,安定度,0,0,0,0,2022/11/18 17:05:04
月間,202211,策定,相馬双葉幹線,2023/01/12,昼間帯,逆方向,-2328,-2328,0,-32,-32,0,-2360,熱容量,0,0,0,0,2022/11/18 17:05:04
月間,202211,策定,相馬双葉幹線,2023/01/12,夜間帯,順方向,4678,5058,0,412,32,0,5090,安定度,0,0,0,0,2022/11/18 17:05:04
月間,202211,策定,相馬双葉幹線,2023/01/12,夜間帯,逆方向,-2328,-2328,0,-32,-32,0,-2360,熱容量,0,0,0,0,2022/11/18 17:05:04
月間,202212,策定,相馬双葉幹線,2023/01/12,昼間帯,順方向,5078,5458,0,412,32,0,5490,安定度,0,0,0,0,2022/12/20 17:05:05
月間,202212,策定,相馬双葉幹線,2023/01/12,昼間帯,逆方向,-2328,-2328,0,-32,-32,0,-2360,熱容量,0,0,0,0,2022/12/20 17:05:05
月間,202212,策定,相馬双葉幹線,2023/01/12,夜間帯,順方向,4678,5058,0,412,32,0,5090,安定度,0,0,0,0,2022/12/20 17:05:05
月間,202212,策定,相馬双葉幹線,2023/01/12,夜間帯,逆方向,-2328,-2328,0,-32,-32,0,-2360,熱容量,0,0,0,0,2022/12/20 17:05:05
月間,202211,策定,相馬双葉幹線,2023/01/13,昼間帯,順方向,5078,5458,0,412,32,0,5490,安定度,0,0,0,0,2022/11/18 17:05:04
月間,202211,策定,相馬双葉幹線,2023/01/13,昼間帯,逆方向,-2328,-2328,0,-32,-32,0,-2360,熱容量,0,0,0,0,2022/11/18 17:05:04
月間,202211,策定,相馬双葉幹線,2023/01/13,夜間帯,順方向,4678,5058,0,412,32,0,5090,安定度,0,0,0,0,2022/11/18 17:05:04
月間,202211,策定,相馬双葉幹線,2023/01/13,夜間帯,逆方向,-2328,-2328,0,-32,-32,0,-2360,熱容量,0,0,0,0,2022/11/18 17:05:04
月間,202212,策定,相馬双葉幹線,2023/01/13,昼間帯,順方向,5078,5458,0,412,32,0,5490,安定度,0,0,0,0,2022/12/20 17:05:05
月間,202212,策定,相馬双葉幹線,2023/01/13,昼間帯,逆方向,-2328,-2328,0,-32,-32,0,-2360,熱容量,0,0,0,0,2022/12/20 17:05:05
月間,202212,策定,相馬双葉幹線,2023/01/13,夜間帯,順方向,4678,5058,0,412,32,0,5090,安定度,0,0,0,0,2022/12/20 17:05:05
月間,202212,策定,相馬双葉幹線,2023/01/13,夜間帯,逆方向,-2328,-2328,0,-32,-32,0,-2360,熱容量,0,0,0,0,2022/12/20 17:05:05
月間,202211,策定,相馬双葉幹線,2023/01/14,昼間帯,順方向,5438,5818,0,412,32,0,5850,熱容量,0,0,0,0,2022/11/18 17:05:04
月間,202211,策定,相馬双葉幹線,2023/01/14,昼間帯,逆方向,-2328,-2328,0,-32,-32,0,-2360,熱容量,0,0,0,0,2022/11/18 17:05:04
月間,202211,策定,相馬双葉幹線,2023/01/14,夜間帯,順方向,4838,5218,0,412,32,0,5250,熱容量,0,0,0,0,2022/11/18 17:05:04
月間,202211,策定,相馬双葉幹線,2023/01/14,夜間帯,逆方向,-2328,-2328,0,-32,-32,0,-2360,熱容量,0,0,0,0,2022/11/18 17:05:04
月間,202212,策定,相馬双葉幹線,2023/01/14,昼間帯,順方向,5438,5818,0,412,32,0,5850,熱容量,0,0,0,0,2022/12/20 17:05:05
月間,202212,策定,相馬双葉幹線,2023/01/14,昼間帯,逆方向,-2328,-2328,0,-32,-32,0,-2360,熱容量,0,0,0,0,2022/12/20 17:05:05
月間,202212,策定,相馬双葉幹線,2023/01/14,夜間帯,順方向,4838,5218,0,412,32,0,5250,熱容量,0,0,0,0,2022/12/20 17:05:05
月間,202212,策定,相馬双葉幹線,2023/01/14,夜間帯,逆方向,-2328,-2328,0,-32,-32,0,-2360,熱容量,0,0,0,0,2022/12/20 17:05:05
月間,202211,策定,相馬双葉幹線,2023/01/15,昼間帯,順方向,5438,5818,0,412,32,0,5850,熱容量,0,0,0,0,2022/11/18 17:05:04
月間,202211,策定,相馬双葉幹線,2023/01/15,昼間帯,逆方向,-2328,-2328,0,-32,-32,0,-2360,熱容量,0,0,0,0,2022/11/18 17:05:04
月間,202211,策定,相馬双葉幹線,2023/01/15,夜間帯,順方向,4838,5218,0,412,32,0,5250,熱容量,0,0,0,0,2022/11/18 17:05:04
月間,202211,策定,相馬双葉幹線,2023/01/15,夜間帯,逆方向,-2328,-2328,0,-32,-32,0,-2360,熱容量,0,0,0,0,2022/11/18 17:05:04
月間,202212,策定,相馬双葉幹線,2023/01/15,昼間帯,順方向,5438,5818,0,412,32,0,5850,熱容量,0,0,0,0,2022/12/20 17:05:05
月間,202212,策定,相馬双葉幹線,2023/01/15,昼間帯,逆方向,-2328,-2328,0,-32,-32,0,-2360,熱容量,0,0,0,0,2022/12/20 17:05:05
月間,202212,策定,相馬双葉幹線,2023/01/15,夜間帯,順方向,4838,5218,0,412,32,0,5250,熱容量,0,0,0,0,2022/12/20 17:05:05
月間,202212,策定,相馬双葉幹線,2023/01/15,夜間帯,逆方向,-2328,-2328,0,-32,-32,0,-2360,熱容量,0,0,0,0,2022/12/20 17:05:05
月間,202211,策定,相馬双葉幹線,2023/01/16,昼間帯,順方向,5438,5818,0,412,32,0,5850,熱容量,0,0,0,0,2022/11/18 17:05:04
月間,202211,策定,相馬双葉幹線,2023/01/16,昼間帯,逆方向,-2328,-2328,0,-32,-32,0,-2360,熱容量,0,0,0,0,2022/11/18 17:05:04
月間,202211,策定,相馬双葉幹線,2023/01/16,夜間帯,順方向,4838,5218,0,412,32,0,5250,熱容量,0,0,0,0,2022/11/18 17:05:04
月間,202211,策定,相馬双葉幹線,2023/01/16,夜間帯,逆方向,-2328,-2328,0,-32,-32,0,-2360,熱容量,0,0,0,0,2022/11/18 17:05:04
月間,202212,策定,相馬双葉幹線,2023/01/16,昼間帯,順方向,5438,5818,0,412,32,0,5850,熱容量,0,0,0,0,2022/12/20 17:05:05
月間,202212,策定,相馬双葉幹線,2023/01/16,昼間帯,逆方向,-2328,-2328,0,-32,-32,0,-2360,熱容量,0,0,0,0,2022/12/20 17:05:05
月間,202212,策定,相馬双葉幹線,2023/01/16,夜間帯,順方向,4838,5218,0,412,32,0,5250,熱容量,0,0,0,0,2022/12/20 17:05:05
月間,202212,策定,相馬双葉幹線,2023/01/16,夜間帯,逆方向,-2328,-2328,0,-32,-32,0,-2360,熱容量,0,0,0,0,2022/12/20 17:05:05
月間,202211,策定,相馬双葉幹線,2023/01/17,昼間帯,順方向,5438,5818,0,412,32,0,5850,熱容量,0,0,0,0,2022/11/18 17:05:04
月間,202211,策定,相馬双葉幹線,2023/01/17,昼間帯,逆方向,-2328,-2328,0,-32,-32,0,-2360,熱容量,0,0,0,0,2022/11/18 17:05:04
月間,202211,策定,相馬双葉幹線,2023/01/17,夜間帯,順方向,4838,5218,0,412,32,0,5250,熱容量,0,0,0,0,2022/11/18 17:05:04
月間,202211,策定,相馬双葉幹線,2023/01/17,夜間帯,逆方向,-2328,-2328,0,-32,-32,0,-2360,熱容量,0,0,0,0,2022/11/18 17:05:04
月間,202212,策定,相馬双葉幹線,2023/01/17,昼間帯,順方向,5438,5818,0,412,32,0,5850,熱容量,0,0,0,0,2022/12/20 17:05:05
月間,202212,策定,相馬双葉幹線,2023/01/17,昼間帯,逆方向,-2328,-2328,0,-32,-32,0,-2360,熱容量,0,0,0,0,2022/12/20 17:05:05
月間,202212,策定,相馬双葉幹線,2023/01/17,夜間帯,順方向,4838,5218,0,412,32,0,5250,熱容量,0,0,0,0,2022/12/20 17:05:05
月間,202212,策定,相馬双葉幹線,2023/01/17,夜間帯,逆方向,-2328,-2328,0,-32,-32,0,-2360,熱容量,0,0,0,0,2022/12/20 17:05:05
月間,202211,策定,相馬双葉幹線,2023/01/18,昼間帯,順方向,5438,5818,0,412,32,0,5850,熱容量,0,0,0,0,2022/11/18 17:05:04
月間,202211,策定,相馬双葉幹線,2023/01/18,昼間帯,逆方向,-2328,-2328,0,-32,-32,0,-2360,熱容量,0,0,0,0,2022/11/18 17:05:04
月間,202211,策定,相馬双葉幹線,2023/01/18,夜間帯,順方向,4838,5218,0,412,32,0,5250,熱容量,0,0,0,0,2022/11/18 17:05:04
月間,202211,策定,相馬双葉幹線,2023/01/18,夜間帯,逆方向,-2328,-2328,0,-32,-32,0,-2360,熱容量,0,0,0,0,2022/11/18 17:05:04
月間,202212,策定,相馬双葉幹線,2023/01/18,昼間帯,順方向,5438,5818,0,412,32,0,5850,熱容量,0,0,0,0,2022/12/20 17:05:05
月間,202212,策定,相馬双葉幹線,2023/01/18,昼間帯,逆方向,-2328,-2328,0,-32,-32,0,-2360,熱容量,0,0,0,0,2022/12/20 17:05:05
月間,202212,策定,相馬双葉幹線,2023/01/18,夜間帯,順方向,4838,5218,0,412,32,0,5250,熱容量,0,0,0,0,2022/12/20 17:05:05
月間,202212,策定,相馬双葉幹線,2023/01/18,夜間帯,逆方向,-2328,-2328,0,-32,-32,0,-2360,熱容量,0,0,0,0,2022/12/20 17:05:05
月間,202211,策定,相馬双葉幹線,2023/01/19,昼間帯,順方向,5438,5818,0,412,32,0,5850,熱容量,0,0,0,0,2022/11/18 17:05:04
月間,202211,策定,相馬双葉幹線,2023/01/19,昼間帯,逆方向,-2328,-2328,0,-32,-32,0,-2360,熱容量,0,0,0,0,2022/11/18 17:05:04
月間,202211,策定,相馬双葉幹線,2023/01/19,夜間帯,順方向,4838,5218,0,412,32,0,5250,熱容量,0,0,0,0,2022/11/18 17:05:04
月間,202211,策定,相馬双葉幹線,2023/01/19,夜間帯,逆方向,-2328,-2328,0,-32,-32,0,-2360,熱容量,0,0,0,0,2022/11/18 17:05:04
月間,202212,策定,相馬双葉幹線,2023/01/19,昼間帯,順方向,5438,5818,0,412,32,0,5850,熱容量,0,0,0,0,2022/12/20 17:05:05
月間,202212,策定,相馬双葉幹線,2023/01/19,昼間帯,逆方向,-2328,-2328,0,-32,-32,0,-2360,熱容量,0,0,0,0,2022/12/20 17:05:05
月間,202212,策定,相馬双葉幹線,2023/01/19,夜間帯,順方向,4838,5218,0,412,32,0,5250,熱容量,0,0,0,0,2022/12/20 17:05:05
月間,202212,策定,相馬双葉幹線,2023/01/19,夜間帯,逆方向,-2328,-2328,0,-32,-32,0,-2360,熱容量,0,0,0,0,2022/12/20 17:05:05
月間,202211,策定,相馬双葉幹線,2023/01/20,昼間帯,順方向,5438,5818,0,412,32,0,5850,熱容量,0,0,0,0,2022/11/18 17:05:04
月間,202211,策定,相馬双葉幹線,2023/01/20,昼間帯,逆方向,-2328,-2328,0,-32,-32,0,-2360,熱容量,0,0,0,0,2022/11/18 17:05:04
月間,202211,策定,相馬双葉幹線,2023/01/20,夜間帯,順方向,4838,5218,0,412,32,0,5250,熱容量,0,0,0,0,2022/11/18 17:05:04
月間,202211,策定,相馬双葉幹線,2023/01/20,夜間帯,逆方向,-2328,-2328,0,-32,-32,0,-2360,熱容量,0,0,0,0,2022/11/18 17:05:04
月間,202212,策定,相馬双葉幹線,2023/01/20,昼間帯,順方向,5438,5818,0,412,32,0,5850,熱容量,0,0,0,0,2022/12/20 17:05:05
月間,202212,策定,相馬双葉幹線,2023/01/20,昼間帯,逆方向,-2328,-2328,0,-32,-32,0,-2360,熱容量,0,0,0,0,2022/12/20 17:05:05
月間,202212,策定,相馬双葉幹線,2023/01/20,夜間帯,順方向,4838,5218,0,412,32,0,5250,熱容量,0,0,0,0,2022/12/20 17:05:05
月間,202212,策定,相馬双葉幹線,2023/01/20,夜間帯,逆方向,-2328,-2328,0,-32,-32,0,-2360,熱容量,0,0,0,0,2022/12/20 17:05:05
月間,202211,策定,相馬双葉幹線,2023/01/21,昼間帯,順方向,5438,5818,0,412,32,0,5850,熱容量,0,0,0,0,2022/11/18 17:05:04
月間,202211,策定,相馬双葉幹線,2023/01/21,昼間帯,逆方向,-2328,-2328,0,-32,-32,0,-2360,熱容量,0,0,0,0,2022/11/18 17:05:04
月間,202211,策定,相馬双葉幹線,2023/01/21,夜間帯,順方向,4838,5218,0,412,32,0,5250,熱容量,0,0,0,0,2022/11/18 17:05:04
月間,202211,策定,相馬双葉幹線,2023/01/21,夜間帯,逆方向,-2328,-2328,0,-32,-32,0,-2360,熱容量,0,0,0,0,2022/11/18 17:05:04
月間,202212,策定,相馬双葉幹線,2023/01/21,昼間帯,順方向,5438,5818,0,412,32,0,5850,熱容量,0,0,0,0,2022/12/20 17:05:05
月間,202212,策定,相馬双葉幹線,2023/01/21,昼間帯,逆方向,-2328,-2328,0,-32,-32,0,-2360,熱容量,0,0,0,0,2022/12/20 17:05:05
月間,202212,策定,相馬双葉幹線,2023/01/21,夜間帯,順方向,4838,5218,0,412,32,0,5250,熱容量,0,0,0,0,2022/12/20 17:05:05
月間,202212,策定,相馬双葉幹線,2023/01/21,夜間帯,逆方向,-2328,-2328,0,-32,-32,0,-2360,熱容量,0,0,0,0,2022/12/20 17:05:05
月間,202211,策定,相馬双葉幹線,2023/01/22,昼間帯,順方向,5438,5818,0,412,32,0,5850,熱容量,0,0,0,0,2022/11/18 17:05:04
月間,202211,策定,相馬双葉幹線,2023/01/22,昼間帯,逆方向,-2328,-2328,0,-32,-32,0,-2360,熱容量,0,0,0,0,2022/11/18 17:05:04
月間,202211,策定,相馬双葉幹線,2023/01/22,夜間帯,順方向,4838,5218,0,412,32,0,5250,熱容量,0,0,0,0,2022/11/18 17:05:04
月間,202211,策定,相馬双葉幹線,2023/01/22,夜間帯,逆方向,-2328,-2328,0,-32,-32,0,-2360,熱容量,0,0,0,0,2022/11/18 17:05:04
月間,202212,策定,相馬双葉幹線,2023/01/22,昼間帯,順方向,5438,5818,0,412,32,0,5850,熱容量,0,0,0,0,2022/12/20 17:05:05
月間,202212,策定,相馬双葉幹線,2023/01/22,昼間帯,逆方向,-2328,-2328,0,-32,-32,0,-2360,熱容量,0,0,0,0,2022/12/20 17:05:05
月間,202212,策定,相馬双葉幹線,2023/01/22,夜間帯,順方向,4838,5218,0,412,32,0,5250,熱容量,0,0,0,0,2022/12/20 17:05:05
月間,202212,策定,相馬双葉幹線,2023/01/22,夜間帯,逆方向,-2328,-2328,0,-32,-32,0,-2360,熱容量,0,0,0,0,2022/12/20 17:05:05
月間,202211,策定,相馬双葉幹線,2023/01/23,昼間帯,順方向,5438,5818,0,412,32,0,5850,熱容量,0,0,0,0,2022/11/18 17:05:04
月間,202211,策定,相馬双葉幹線,2023/01/23,昼間帯,逆方向,-2328,-2328,0,-32,-32,0,-2360,熱容量,0,0,0,0,2022/11/18 17:05:04
月間,202211,策定,相馬双葉幹線,2023/01/23,夜間帯,順方向,4838,5218,0,412,32,0,5250,熱容量,0,0,0,0,2022/11/18 17:05:04
月間,202211,策定,相馬双葉幹線,2023/01/23,夜間帯,逆方向,-2328,-2328,0,-32,-32,0,-2360,熱容量,0,0,0,0,2022/11/18 17:05:04
月間,202212,策定,相馬双葉幹線,2023/01/23,昼間帯,順方向,5438,5818,0,412,32,0,5850,熱容量,0,0,0,0,2022/12/20 17:05:05
月間,202212,策定,相馬双葉幹線,2023/01/23,昼間帯,逆方向,-2328,-2328,0,-32,-32,0,-2360,熱容量,0,0,0,0,2022/12/20 17:05:05
月間,202212,策定,相馬双葉幹線,2023/01/23,夜間帯,順方向,4838,5218,0,412,32,0,5250,熱容量,0,0,0,0,2022/12/20 17:05:05
月間,202212,策定,相馬双葉幹線,2023/01/23,夜間帯,逆方向,-2328,-2328,0,-32,-32,0,-2360,熱容量,0,0,0,0,2022/12/20 17:05:05
月間,202211,策定,相馬双葉幹線,2023/01/24,昼間帯,順方向,5438,5818,0,412,32,0,5850,熱容量,0,0,0,0,2022/11/18 17:05:04
月間,202211,策定,相馬双葉幹線,2023/01/24,昼間帯,逆方向,-2328,-2328,0,-32,-32,0,-2360,熱容量,0,0,0,0,2022/11/18 17:05:04
月間,202211,策定,相馬双葉幹線,2023/01/24,夜間帯,順方向,4838,5218,0,412,32,0,5250,熱容量,0,0,0,0,2022/11/18 17:05:04
月間,202211,策定,相馬双葉幹線,2023/01/24,夜間帯,逆方向,-2328,-2328,0,-32,-32,0,-2360,熱容量,0,0,0,0,2022/11/18 17:05:04
月間,202212,策定,相馬双葉幹線,2023/01/24,昼間帯,順方向,5438,5818,0,412,32,0,5850,熱容量,0,0,0,0,2022/12/20 17:05:05
月間,202212,策定,相馬双葉幹線,2023/01/24,昼間帯,逆方向,-2328,-2328,0,-32,-32,0,-2360,熱容量,0,0,0,0,2022/12/20 17:05:05
月間,202212,策定,相馬双葉幹線,2023/01/24,夜間帯,順方向,4838,5218,0,412,32,0,5250,熱容量,0,0,0,0,2022/12/20 17:05:05
月間,202212,策定,相馬双葉幹線,2023/01/24,夜間帯,逆方向,-2328,-2328,0,-32,-32,0,-2360,熱容量,0,0,0,0,2022/12/20 17:05:05
月間,202211,策定,相馬双葉幹線,2023/01/25,昼間帯,順方向,5438,5818,0,412,32,0,5850,熱容量,0,0,0,0,2022/11/18 17:05:04
月間,202211,策定,相馬双葉幹線,2023/01/25,昼間帯,逆方向,-2328,-2328,0,-32,-32,0,-2360,熱容量,0,0,0,0,2022/11/18 17:05:04
月間,202211,策定,相馬双葉幹線,2023/01/25,夜間帯,順方向,4838,5218,0,412,32,0,5250,熱容量,0,0,0,0,2022/11/18 17:05:04
月間,202211,策定,相馬双葉幹線,2023/01/25,夜間帯,逆方向,-2328,-2328,0,-32,-32,0,-2360,熱容量,0,0,0,0,2022/11/18 17:05:04
月間,202212,策定,相馬双葉幹線,2023/01/25,昼間帯,順方向,5438,5818,0,412,32,0,5850,熱容量,0,0,0,0,2022/12/20 17:05:05
月間,202212,策定,相馬双葉幹線,2023/01/25,昼間帯,逆方向,-2328,-2328,0,-32,-32,0,-2360,熱容量,0,0,0,0,2022/12/20 17:05:05
月間,202212,策定,相馬双葉幹線,2023/01/25,夜間帯,順方向,4838,5218,0,412,32,0,5250,熱容量,0,0,0,0,2022/12/20 17:05:05
月間,202212,策定,相馬双葉幹線,2023/01/25,夜間帯,逆方向,-2328,-2328,0,-32,-32,0,-2360,熱容量,0,0,0,0,2022/12/20 17:05:05
月間,202211,策定,相馬双葉幹線,2023/01/26,昼間帯,順方向,5438,5818,0,412,32,0,5850,熱容量,0,0,0,0,2022/11/18 17:05:04
月間,202211,策定,相馬双葉幹線,2023/01/26,昼間帯,逆方向,-2328,-2328,0,-32,-32,0,-2360,熱容量,0,0,0,0,2022/11/18 17:05:04
月間,202211,策定,相馬双葉幹線,2023/01/26,夜間帯,順方向,4838,5218,0,412,32,0,5250,熱容量,0,0,0,0,2022/11/18 17:05:04
月間,202211,策定,相馬双葉幹線,2023/01/26,夜間帯,逆方向,-2328,-2328,0,-32,-32,0,-2360,熱容量,0,0,0,0,2022/11/18 17:05:04
月間,202212,策定,相馬双葉幹線,2023/01/26,昼間帯,順方向,5438,5818,0,412,32,0,5850,熱容量,0,0,0,0,2022/12/20 17:05:05
月間,202212,策定,相馬双葉幹線,2023/01/26,昼間帯,逆方向,-2328,-2328,0,-32,-32,0,-2360,熱容量,0,0,0,0,2022/12/20 17:05:05
月間,202212,策定,相馬双葉幹線,2023/01/26,夜間帯,順方向,4838,5218,0,412,32,0,5250,熱容量,0,0,0,0,2022/12/20 17:05:05
月間,202212,策定,相馬双葉幹線,2023/01/26,夜間帯,逆方向,-2328,-2328,0,-32,-32,0,-2360,熱容量,0,0,0,0,2022/12/20 17:05:05
月間,202211,策定,相馬双葉幹線,2023/01/27,昼間帯,順方向,5438,5818,0,412,32,0,5850,熱容量,0,0,0,0,2022/11/18 17:05:04
月間,202211,策定,相馬双葉幹線,2023/01/27,昼間帯,逆方向,-2328,-2328,0,-32,-32,0,-2360,熱容量,0,0,0,0,2022/11/18 17:05:04
月間,202211,策定,相馬双葉幹線,2023/01/27,夜間帯,順方向,4838,5218,0,412,32,0,5250,熱容量,0,0,0,0,2022/11/18 17:05:04
月間,202211,策定,相馬双葉幹線,2023/01/27,夜間帯,逆方向,-2328,-2328,0,-32,-32,0,-2360,熱容量,0,0,0,0,2022/11/18 17:05:04
月間,202212,策定,相馬双葉幹線,2023/01/27,昼間帯,順方向,5438,5818,0,412,32,0,5850,熱容量,0,0,0,0,2022/12/20 17:05:05
月間,202212,策定,相馬双葉幹線,2023/01/27,昼間帯,逆方向,-2328,-2328,0,-32,-32,0,-2360,熱容量,0,0,0,0,2022/12/20 17:05:05
月間,202212,策定,相馬双葉幹線,2023/01/27,夜間帯,順方向,4838,5218,0,412,32,0,5250,熱容量,0,0,0,0,2022/12/20 17:05:05
月間,202212,策定,相馬双葉幹線,2023/01/27,夜間帯,逆方向,-2328,-2328,0,-32,-32,0,-2360,熱容量,0,0,0,0,2022/12/20 17:05:05
月間,202211,策定,相馬双葉幹線,2023/01/28,昼間帯,順方向,5438,5818,0,412,32,0,5850,熱容量,0,0,0,0,2022/11/18 17:05:04
月間,202211,策定,相馬双葉幹線,2023/01/28,昼間帯,逆方向,-2328,-2328,0,-32,-32,0,-2360,熱容量,0,0,0,0,2022/11/18 17:05:04
月間,202211,策定,相馬双葉幹線,2023/01/28,夜間帯,順方向,4838,5218,0,412,32,0,5250,熱容量,0,0,0,0,2022/11/18 17:05:04
月間,202211,策定,相馬双葉幹線,2023/01/28,夜間帯,逆方向,-2328,-2328,0,-32,-32,0,-2360,熱容量,0,0,0,0,2022/11/18 17:05:04
月間,202212,策定,相馬双葉幹線,2023/01/28,昼間帯,順方向,5438,5818,0,412,32,0,5850,熱容量,0,0,0,0,2022/12/20 17:05:05
月間,202212,策定,相馬双葉幹線,2023/01/28,昼間帯,逆方向,-2328,-2328,0,-32,-32,0,-2360,熱容量,0,0,0,0,2022/12/20 17:05:05
月間,202212,策定,相馬双葉幹線,2023/01/28,夜間帯,順方向,4838,5218,0,412,32,0,5250,熱容量,0,0,0,0,2022/12/20 17:05:05
月間,202212,策定,相馬双葉幹線,2023/01/28,夜間帯,逆方向,-2328,-2328,0,-32,-32,0,-2360,熱容量,0,0,0,0,2022/12/20 17:05:05
月間,202211,策定,相馬双葉幹線,2023/01/29,昼間帯,順方向,5438,5818,0,412,32,0,5850,熱容量,0,0,0,0,2022/11/18 17:05:04
月間,202211,策定,相馬双葉幹線,2023/01/29,昼間帯,逆方向,-2328,-2328,0,-32,-32,0,-2360,熱容量,0,0,0,0,2022/11/18 17:05:04
月間,202211,策定,相馬双葉幹線,2023/01/29,夜間帯,順方向,4838,5218,0,412,32,0,5250,熱容量,0,0,0,0,2022/11/18 17:05:04
月間,202211,策定,相馬双葉幹線,2023/01/29,夜間帯,逆方向,-2328,-2328,0,-32,-32,0,-2360,熱容量,0,0,0,0,2022/11/18 17:05:04
月間,202212,策定,相馬双葉幹線,2023/01/29,昼間帯,順方向,5438,5818,0,412,32,0,5850,熱容量,0,0,0,0,2022/12/20 17:05:05
月間,202212,策定,相馬双葉幹線,2023/01/29,昼間帯,逆方向,-2328,-2328,0,-32,-32,0,-2360,熱容量,0,0,0,0,2022/12/20 17:05:05
月間,202212,策定,相馬双葉幹線,2023/01/29,夜間帯,順方向,4838,5218,0,412,32,0,5250,熱容量,0,0,0,0,2022/12/20 17:05:05
月間,202212,策定,相馬双葉幹線,2023/01/29,夜間帯,逆方向,-2328,-2328,0,-32,-32,0,-2360,熱容量,0,0,0,0,2022/12/20 17:05:05
月間,202211,策定,相馬双葉幹線,2023/01/30,昼間帯,順方向,5438,5818,0,412,32,0,5850,熱容量,0,0,0,0,2022/11/18 17:05:04
月間,202211,策定,相馬双葉幹線,2023/01/30,昼間帯,逆方向,-2328,-2328,0,-32,-32,0,-2360,熱容量,0,0,0,0,2022/11/18 17:05:04
月間,202211,策定,相馬双葉幹線,2023/01/30,夜間帯,順方向,4838,5218,0,412,32,0,5250,熱容量,0,0,0,0,2022/11/18 17:05:04
月間,202211,策定,相馬双葉幹線,2023/01/30,夜間帯,逆方向,-2328,-2328,0,-32,-32,0,-2360,熱容量,0,0,0,0,2022/11/18 17:05:04
月間,202212,策定,相馬双葉幹線,2023/01/30,昼間帯,順方向,5438,5818,0,412,32,0,5850,熱容量,0,0,0,0,2022/12/20 17:05:05
月間,202212,策定,相馬双葉幹線,2023/01/30,昼間帯,逆方向,-2328,-2328,0,-32,-32,0,-2360,熱容量,0,0,0,0,2022/12/20 17:05:05
月間,202212,策定,相馬双葉幹線,2023/01/30,夜間帯,順方向,4838,5218,0,412,32,0,5250,熱容量,0,0,0,0,2022/12/20 17:05:05
月間,202212,策定,相馬双葉幹線,2023/01/30,夜間帯,逆方向,-2328,-2328,0,-32,-32,0,-2360,熱容量,0,0,0,0,2022/12/20 17:05:05
月間,202211,策定,相馬双葉幹線,2023/01/31,昼間帯,順方向,5438,5818,0,412,32,0,5850,熱容量,0,0,0,0,2022/11/18 17:05:04
月間,202211,策定,相馬双葉幹線,2023/01/31,昼間帯,逆方向,-2328,-2328,0,-32,-32,0,-2360,熱容量,0,0,0,0,2022/11/18 17:05:04
月間,202211,策定,相馬双葉幹線,2023/01/31,夜間帯,順方向,4838,5218,0,412,32,0,5250,熱容量,0,0,0,0,2022/11/18 17:05:04
月間,202211,策定,相馬双葉幹線,2023/01/31,夜間帯,逆方向,-2328,-2328,0,-32,-32,0,-2360,熱容量,0,0,0,0,2022/11/18 17:05:04
月間,202212,策定,相馬双葉幹線,2023/01/31,昼間帯,順方向,5438,5818,0,412,32,0,5850,熱容量,0,0,0,0,2022/12/20 17:05:05
月間,202212,策定,相馬双葉幹線,2023/01/31,昼間帯,逆方向,-2328,-2328,0,-32,-32,0,-2360,熱容量,0,0,0,0,2022/12/20 17:05:05
月間,202212,策定,相馬双葉幹線,2023/01/31,夜間帯,順方向,4838,5218,0,412,32,0,5250,熱容量,0,0,0,0,2022/12/20 17:05:05
月間,202212,策定,相馬双葉幹線,2023/01/31,夜間帯,逆方向,-2328,-2328,0,-32,-32,0,-2360,熱容量,0,0,0,0,2022/12/20 17:05:05
月間,202211,策定,周波数変換設備,2023/01/01,昼間帯,順方向,1500,1500,0,600,600,0,2100,熱容量,0,0,0,0,2022/11/18 17:05:04
月間,202211,策定,周波数変換設備,2023/01/01,昼間帯,逆方向,-1500,-1500,0,-600,-600,0,-2100,熱容量,0,0,0,0,2022/11/18 17:05:04
月間,202211,策定,周波数変換設備,2023/01/01,夜間帯,順方向,1500,1500,0,600,600,0,2100,熱容量,0,0,0,0,2022/11/18 17:05:04
月間,202211,策定,周波数変換設備,2023/01/01,夜間帯,逆方向,-1500,-1500,0,-600,-600,0,-2100,熱容量,0,0,0,0,2022/11/18 17:05:04
月間,202212,策定,周波数変換設備,2023/01/01,昼間帯,順方向,1500,1500,0,600,600,0,2100,熱容量,0,0,0,0,2022/12/20 17:05:05
月間,202212,策定,周波数変換設備,2023/01/01,昼間帯,逆方向,-1500,-1500,0,-600,-600,0,-2100,熱容量,0,0,0,0,2022/12/20 17:05:05
月間,202212,策定,周波数変換設備,2023/01/01,夜間帯,順方向,1500,1500,0,600,600,0,2100,熱容量,0,0,0,0,2022/12/20 17:05:05
月間,202212,策定,周波数変換設備,2023/01/01,夜間帯,逆方向,-1500,-1500,0,-600,-600,0,-2100,熱容量,0,0,0,0,2022/12/20 17:05:05
月間,202211,策定,周波数変換設備,2023/01/02,昼間帯,順方向,1500,1500,0,600,600,0,2100,熱容量,0,0,0,0,2022/11/18 17:05:04
月間,202211,策定,周波数変換設備,2023/01/02,昼間帯,逆方向,-1500,-1500,0,-600,-600,0,-2100,熱容量,0,0,0,0,2022/11/18 17:05:04
月間,202211,策定,周波数変換設備,2023/01/02,夜間帯,順方向,1500,1500,0,600,600,0,2100,熱容量,0,0,0,0,2022/11/18 17:05:04
月間,202211,策定,周波数変換設備,2023/01/02,夜間帯,逆方向,-1500,-1500,0,-600,-600,0,-2100,熱容量,0,0,0,0,2022/11/18 17:05:04
月間,202212,策定,周波数変換設備,2023/01/02,昼間帯,順方向,1500,1500,0,600,600,0,2100,熱容量,0,0,0,0,2022/12/20 17:05:05
月間,202212,策定,周波数変換設備,2023/01/02,昼間帯,逆方向,-1500,-1500,0,-600,-600,0,-2100,熱容量,0,0,0,0,2022/12/20 17:05:05
月間,202212,策定,周波数変換設備,2023/01/02,夜間帯,順方向,1500,1500,0,600,600,0,2100,熱容量,0,0,0,0,2022/12/20 17:05:05
月間,202212,策定,周波数変換設備,2023/01/02,夜間帯,逆方向,-1500,-1500,0,-600,-600,0,-2100,熱容量,0,0,0,0,2022/12/20 17:05:05
月間,202211,策定,周波数変換設備,2023/01/03,昼間帯,順方向,1500,1500,0,600,600,0,2100,熱容量,0,0,0,0,2022/11/18 17:05:04
月間,202211,策定,周波数変換設備,2023/01/03,昼間帯,逆方向,-1500,-1500,0,-600,-600,0,-2100,熱容量,0,0,0,0,2022/11/18 17:05:04
月間,202211,策定,周波数変換設備,2023/01/03,夜間帯,順方向,1500,1500,0,600,600,0,2100,熱容量,0,0,0,0,2022/11/18 17:05:04
月間,202211,策定,周波数変換設備,2023/01/03,夜間帯,逆方向,-1500,-1500,0,-600,-600,0,-2100,熱容量,0,0,0,0,2022/11/18 17:05:04
月間,202212,策定,周波数変換設備,2023/01/03,昼間帯,順方向,1500,1500,0,600,600,0,2100,熱容量,0,0,0,0,2022/12/20 17:05:05
月間,202212,策定,周波数変換設備,2023/01/03,昼間帯,逆方向,-1500,-1500,0,-600,-600,0,-2100,熱容量,0,0,0,0,2022/12/20 17:05:05
月間,202212,策定,周波数変換設備,2023/01/03,夜間帯,順方向,1500,1500,0,600,600,0,2100,熱容量,0,0,0,0,2022/12/20 17:05:05
月間,202212,策定,周波数変換設備,2023/01/03,夜間帯,逆方向,-1500,-1500,0,-600,-600,0,-2100,熱容量,0,0,0,0,2022/12/20 17:05:05
月間,202211,策定,周波数変換設備,2023/01/04,昼間帯,順方向,1500,1500,0,600,600,0,2100,熱容量,0,0,0,0,2022/11/18 17:05:04
月間,202211,策定,周波数変換設備,2023/01/04,昼間帯,逆方向,-1500,-1500,0,-600,-600,0,-2100,熱容量,0,0,0,0,2022/11/18 17:05:04
月間,202211,策定,周波数変換設備,2023/01/04,夜間帯,順方向,1500,1500,0,600,600,0,2100,熱容量,0,0,0,0,2022/11/18 17:05:04
月間,202211,策定,周波数変換設備,2023/01/04,夜間帯,逆方向,-1500,-1500,0,-600,-600,0,-2100,熱容量,0,0,0,0,2022/11/18 17:05:04
月間,202212,策定,周波数変換設備,2023/01/04,昼間帯,順方向,1500,1500,0,600,600,0,2100,熱容量,0,0,0,0,2022/12/20 17:05:05
月間,202212,策定,周波数変換設備,2023/01/04,昼間帯,逆方向,-1500,-1500,0,-600,-600,0,-2100,熱容量,0,0,0,0,2022/12/20 17:05:05
月間,202212,策定,周波数変換設備,2023/01/04,夜間帯,順方向,1500,1500,0,600,600,0,2100,熱容量,0,0,0,0,2022/12/20 17:05:05
月間,202212,策定,周波数変換設備,2023/01/04,夜間帯,逆方向,-1500,-1500,0,-600,-600,0,-2100,熱容量,0,0,0,0,2022/12/20 17:05:05
月間,202211,策定,周波数変換設備,2023/01/05,昼間帯,順方向,1500,1500,0,600,600,0,2100,熱容量,0,0,0,0,2022/11/18 17:05:04
月間,202211,策定,周波数変換設備,2023/01/05,昼間帯,逆方向,-1500,-1500,0,-600,-600,0,-2100,熱容量,0,0,0,0,2022/11/18 17:05:04
月間,202211,策定,周波数変換設備,2023/01/05,夜間帯,順方向,1500,1500,0,600,600,0,2100,熱容量,0,0,0,0,2022/11/18 17:05:04
月間,202211,策定,周波数変換設備,2023/01/05,夜間帯,逆方向,-1500,-1500,0,-600,-600,0,-2100,熱容量,0,0,0,0,2022/11/18 17:05:04
月間,202212,策定,周波数変換設備,2023/01/05,昼間帯,順方向,1500,1500,0,600,600,0,2100,熱容量,0,0,0,0,2022/12/20 17:05:05
月間,202212,策定,周波数変換設備,2023/01/05,昼間帯,逆方向,-1500,-1500,0,-600,-600,0,-2100,熱容量,0,0,0,0,2022/12/20 17:05:05
月間,202212,策定,周波数変換設備,2023/01/05,夜間帯,順方向,1500,1500,0,600,600,0,2100,熱容量,0,0,0,0,2022/12/20 17:05:05
月間,202212,策定,周波数変換設備,2023/01/05,夜間帯,逆方向,-1500,-1500,0,-600,-600,0,-2100,熱容量,0,0,0,0,2022/12/20 17:05:05
月間,202211,策定,周波数変換設備,2023/01/06,昼間帯,順方向,1500,1500,0,600,600,0,2100,熱容量,0,0,0,0,2022/11/18 17:05:04
月間,202211,策定,周波数変換設備,2023/01/06,昼間帯,逆方向,-1500,-1500,0,-600,-600,0,-2100,熱容量,0,0,0,0,2022/11/18 17:05:04
月間,202211,策定,周波数変換設備,2023/01/06,夜間帯,順方向,1500,1500,0,600,600,0,2100,熱容量,0,0,0,0,2022/11/18 17:05:04
月間,202211,策定,周波数変換設備,2023/01/06,夜間帯,逆方向,-1500,-1500,0,-600,-600,0,-2100,熱容量,0,0,0,0,2022/11/18 17:05:04
月間,202212,策定,周波数変換設備,2023/01/06,昼間帯,順方向,1500,1500,0,600,600,0,2100,熱容量,0,0,0,0,2022/12/20 17:05:05
月間,202212,策定,周波数変換設備,2023/01/06,昼間帯,逆方向,-1500,-1500,0,-600,-600,0,-2100,熱容量,0,0,0,0,2022/12/20 17:05:05
月間,202212,策定,周波数変換設備,2023/01/06,夜間帯,順方向,1500,1500,0,600,600,0,2100,熱容量,0,0,0,0,2022/12/20 17:05:05
月間,202212,策定,周波数変換設備,2023/01/06,夜間帯,逆方向,-1500,-1500,0,-600,-600,0,-2100,熱容量,0,0,0,0,2022/12/20 17:05:05
月間,202211,策定,周波数変換設備,2023/01/07,昼間帯,順方向,1500,1500,0,600,600,0,2100,熱容量,0,0,0,0,2022/11/18 17:05:04
月間,202211,策定,周波数変換設備,2023/01/07,昼間帯,逆方向,-1500,-1500,0,-600,-600,0,-2100,熱容量,0,0,0,0,2022/11/18 17:05:04
月間,202211,策定,周波数変換設備,2023/01/07,夜間帯,順方向,1500,1500,0,600,600,0,2100,熱容量,0,0,0,0,2022/11/18 17:05:04
月間,202211,策定,周波数変換設備,2023/01/07,夜間帯,逆方向,-1500,-1500,0,-600,-600,0,-2100,熱容量,0,0,0,0,2022/11/18 17:05:04
月間,202212,策定,周波数変換設備,2023/01/07,昼間帯,順方向,1500,1500,0,600,600,0,2100,熱容量,0,0,0,0,2022/12/20 17:05:05
月間,202212,策定,周波数変換設備,2023/01/07,昼間帯,逆方向,-1500,-1500,0,-600,-600,0,-2100,熱容量,0,0,0,0,2022/12/20 17:05:05
月間,202212,策定,周波数変換設備,2023/01/07,夜間帯,順方向,1500,1500,0,600,600,0,2100,熱容量,0,0,0,0,2022/12/20 17:05:05
月間,202212,策定,周波数変換設備,2023/01/07,夜間帯,逆方向,-1500,-1500,0,-600,-600,0,-2100,熱容量,0,0,0,0,2022/12/20 17:05:05
月間,202211,策定,周波数変換設備,2023/01/08,昼間帯,順方向,1500,1500,0,600,600,0,2100,熱容量,0,0,0,0,2022/11/18 17:05:04
月間,202211,策定,周波数変換設備,2023/01/08,昼間帯,逆方向,-1500,-1500,0,-600,-600,0,-2100,熱容量,0,0,0,0,2022/11/18 17:05:04
月間,202211,策定,周波数変換設備,2023/01/08,夜間帯,順方向,1500,1500,0,600,600,0,2100,熱容量,0,0,0,0,2022/11/18 17:05:04
月間,202211,策定,周波数変換設備,2023/01/08,夜間帯,逆方向,-1500,-1500,0,-600,-600,0,-2100,熱容量,0,0,0,0,2022/11/18 17:05:04
月間,202212,策定,周波数変換設備,2023/01/08,昼間帯,順方向,1500,1500,0,600,600,0,2100,熱容量,0,0,0,0,2022/12/20 17:05:05
月間,202212,策定,周波数変換設備,2023/01/08,昼間帯,逆方向,-1500,-1500,0,-600,-600,0,-2100,熱容量,0,0,0,0,2022/12/20 17:05:05
月間,202212,策定,周波数変換設備,2023/01/08,夜間帯,順方向,1500,1500,0,600,600,0,2100,熱容量,0,0,0,0,2022/12/20 17:05:05
月間,202212,策定,周波数変換設備,2023/01/08,夜間帯,逆方向,-1500,-1500,0,-600,-600,0,-2100,熱容量,0,0,0,0,2022/12/20 17:05:05
月間,202211,策定,周波数変換設備,2023/01/09,昼間帯,順方向,1500,1500,0,600,600,0,2100,熱容量,0,0,0,0,2022/11/18 17:05:04
月間,202211,策定,周波数変換設備,2023/01/09,昼間帯,逆方向,-1500,-1500,0,-600,-600,0,-2100,熱容量,0,0,0,0,2022/11/18 17:05:04
月間,202211,策定,周波数変換設備,2023/01/09,夜間帯,順方向,1500,1500,0,600,600,0,2100,熱容量,0,0,0,0,2022/11/18 17:05:04
月間,202211,策定,周波数変換設備,2023/01/09,夜間帯,逆方向,-1500,-1500,0,-600,-600,0,-2100,熱容量,0,0,0,0,2022/11/18 17:05:04
月間,202212,策定,周波数変換設備,2023/01/09,昼間帯,順方向,1500,1500,0,600,600,0,2100,熱容量,0,0,0,0,2022/12/20 17:05:05
月間,202212,策定,周波数変換設備,2023/01/09,昼間帯,逆方向,-1500,-1500,0,-600,-600,0,-2100,熱容量,0,0,0,0,2022/12/20 17:05:05
月間,202212,策定,周波数変換設備,2023/01/09,夜間帯,順方向,1500,1500,0,600,600,0,2100,熱容量,0,0,0,0,2022/12/20 17:05:05
月間,202212,策定,周波数変換設備,2023/01/09,夜間帯,逆方向,-1500,-1500,0,-600,-600,0,-2100,熱容量,0,0,0,0,2022/12/20 17:05:05
月間,202211,策定,周波数変換設備,2023/01/10,昼間帯,順方向,1500,1500,0,600,600,0,2100,熱容量,0,0,0,0,2022/11/18 17:05:04
月間,202211,策定,周波数変換設備,2023/01/10,昼間帯,逆方向,-1500,-1500,0,-600,-600,0,-2100,熱容量,0,0,0,0,2022/11/18 17:05:04
月間,202211,策定,周波数変換設備,2023/01/10,夜間帯,順方向,1500,1500,0,600,600,0,2100,熱容量,0,0,0,0,2022/11/18 17:05:04
月間,202211,策定,周波数変換設備,2023/01/10,夜間帯,逆方向,-1500,-1500,0,-600,-600,0,-2100,熱容量,0,0,0,0,2022/11/18 17:05:04
月間,202212,策定,周波数変換設備,2023/01/10,昼間帯,順方向,1500,1500,0,600,600,0,2100,熱容量,0,0,0,0,2022/12/20 17:05:05
月間,202212,策定,周波数変換設備,2023/01/10,昼間帯,逆方向,-1500,-1500,0,-600,-600,0,-2100,熱容量,0,0,0,0,2022/12/20 17:05:05
月間,202212,策定,周波数変換設備,2023/01/10,夜間帯,順方向,1500,1500,0,600,600,0,2100,熱容量,0,0,0,0,2022/12/20 17:05:05
月間,202212,策定,周波数変換設備,2023/01/10,夜間帯,逆方向,-1500,-1500,0,-600,-600,0,-2100,熱容量,0,0,0,0,2022/12/20 17:05:05
月間,202211,策定,周波数変換設備,2023/01/11,昼間帯,順方向,1500,1500,0,600,600,0,2100,熱容量,0,0,0,0,2022/11/18 17:05:04
月間,202211,策定,周波数変換設備,2023/01/11,昼間帯,逆方向,-1500,-1500,0,-600,-600,0,-2100,熱容量,0,0,0,0,2022/11/18 17:05:04
月間,202211,策定,周波数変換設備,2023/01/11,夜間帯,順方向,1500,1500,0,600,600,0,2100,熱容量,0,0,0,0,2022/11/18 17:05:04
月間,202211,策定,周波数変換設備,2023/01/11,夜間帯,逆方向,-1500,-1500,0,-600,-600,0,-2100,熱容量,0,0,0,0,2022/11/18 17:05:04
月間,202212,策定,周波数変換設備,2023/01/11,昼間帯,順方向,1500,1500,0,600,600,0,2100,熱容量,0,0,0,0,2022/12/20 17:05:05
月間,202212,策定,周波数変換設備,2023/01/11,昼間帯,逆方向,-1500,-1500,0,-600,-600,0,-2100,熱容量,0,0,0,0,2022/12/20 17:05:05
月間,202212,策定,周波数変換設備,2023/01/11,夜間帯,順方向,1500,1500,0,600,600,0,2100,熱容量,0,0,0,0,2022/12/20 17:05:05
月間,202212,策定,周波数変換設備,2023/01/11,夜間帯,逆方向,-1500,-1500,0,-600,-600,0,-2100,熱容量,0,0,0,0,2022/12/20 17:05:05
月間,202211,策定,周波数変換設備,2023/01/12,昼間帯,順方向,1500,1500,0,600,600,0,2100,熱容量,0,0,0,0,2022/11/18 17:05:04
月間,202211,策定,周波数変換設備,2023/01/12,昼間帯,逆方向,-1500,-1500,0,-600,-600,0,-2100,熱容量,0,0,0,0,2022/11/18 17:05:04
月間,202211,策定,周波数変換設備,2023/01/12,夜間帯,順方向,1500,1500,0,600,600,0,2100,熱容量,0,0,0,0,2022/11/18 17:05:04
月間,202211,策定,周波数変換設備,2023/01/12,夜間帯,逆方向,-1500,-1500,0,-600,-600,0,-2100,熱容量,0,0,0,0,2022/11/18 17:05:04
月間,202212,策定,周波数変換設備,2023/01/12,昼間帯,順方向,1500,1500,0,600,600,0,2100,熱容量,0,0,0,0,2022/12/20 17:05:05
月間,202212,策定,周波数変換設備,2023/01/12,昼間帯,逆方向,-1500,-1500,0,-600,-600,0,-2100,熱容量,0,0,0,0,2022/12/20 17:05:05
月間,202212,策定,周波数変換設備,2023/01/12,夜間帯,順方向,1500,1500,0,600,600,0,2100,熱容量,0,0,0,0,2022/12/20 17:05:05
月間,202212,策定,周波数変換設備,2023/01/12,夜間帯,逆方向,-1500,-1500,0,-600,-600,0,-2100,熱容量,0,0,0,0,2022/12/20 17:05:05
月間,202211,策定,周波数変換設備,2023/01/13,昼間帯,順方向,1500,1500,0,600,600,0,2100,熱容量,0,0,0,0,2022/11/18 17:05:04
月間,202211,策定,周波数変換設備,2023/01/13,昼間帯,逆方向,-1500,-1500,0,-600,-600,0,-2100,熱容量,0,0,0,0,2022/11/18 17:05:04
月間,202211,策定,周波数変換設備,2023/01/13,夜間帯,順方向,1500,1500,0,600,600,0,2100,熱容量,0,0,0,0,2022/11/18 17:05:04
月間,202211,策定,周波数変換設備,2023/01/13,夜間帯,逆方向,-1500,-1500,0,-600,-600,0,-2100,熱容量,0,0,0,0,2022/11/18 17:05:04
月間,202212,策定,周波数変換設備,2023/01/13,昼間帯,順方向,1500,1500,0,600,600,0,2100,熱容量,0,0,0,0,2022/12/20 17:05:05
月間,202212,策定,周波数変換設備,2023/01/13,昼間帯,逆方向,-1500,-1500,0,-600,-600,0,-2100,熱容量,0,0,0,0,2022/12/20 17:05:05
月間,202212,策定,周波数変換設備,2023/01/13,夜間帯,順方向,1500,1500,0,600,600,0,2100,熱容量,0,0,0,0,2022/12/20 17:05:05
月間,202212,策定,周波数変換設備,2023/01/13,夜間帯,逆方向,-1500,-1500,0,-600,-600,0,-2100,熱容量,0,0,0,0,2022/12/20 17:05:05
月間,202211,策定,周波数変換設備,2023/01/14,昼間帯,順方向,1500,1500,0,600,600,0,2100,熱容量,0,0,0,0,2022/11/18 17:05:04
月間,202211,策定,周波数変換設備,2023/01/14,昼間帯,逆方向,-1500,-1500,0,-600,-600,0,-2100,熱容量,0,0,0,0,2022/11/18 17:05:04
月間,202211,策定,周波数変換設備,2023/01/14,夜間帯,順方向,1500,1500,0,600,600,0,2100,熱容量,0,0,0,0,2022/11/18 17:05:04
月間,202211,策定,周波数変換設備,2023/01/14,夜間帯,逆方向,-1500,-1500,0,-600,-600,0,-2100,熱容量,0,0,0,0,2022/11/18 17:05:04
月間,202212,策定,周波数変換設備,2023/01/14,昼間帯,順方向,1500,1500,0,600,600,0,2100,熱容量,0,0,0,0,2022/12/20 17:05:05
月間,202212,策定,周波数変換設備,2023/01/14,昼間帯,逆方向,-1500,-1500,0,-600,-600,0,-2100,熱容量,0,0,0,0,2022/12/20 17:05:05
月間,202212,策定,周波数変換設備,2023/01/14,夜間帯,順方向,1500,1500,0,600,600,0,2100,熱容量,0,0,0,0,2022/12/20 17:05:05
月間,202212,策定,周波数変換設備,2023/01/14,夜間帯,逆方向,-1500,-1500,0,-600,-600,0,-2100,熱容量,0,0,0,0,2022/12/20 17:05:05
月間,202211,策定,周波数変換設備,2023/01/15,昼間帯,順方向,1500,1500,0,600,600,0,2100,熱容量,0,0,0,0,2022/11/18 17:05:04
月間,202211,策定,周波数変換設備,2023/01/15,昼間帯,逆方向,-1500,-1500,0,-600,-600,0,-2100,熱容量,0,0,0,0,2022/11/18 17:05:04
月間,202211,策定,周波数変換設備,2023/01/15,夜間帯,順方向,1500,1500,0,600,600,0,2100,熱容量,0,0,0,0,2022/11/18 17:05:04
月間,202211,策定,周波数変換設備,2023/01/15,夜間帯,逆方向,-1500,-1500,0,-600,-600,0,-2100,熱容量,0,0,0,0,2022/11/18 17:05:04
月間,202212,策定,周波数変換設備,2023/01/15,昼間帯,順方向,1500,1500,0,600,600,0,2100,熱容量,0,0,0,0,2022/12/20 17:05:05
月間,202212,策定,周波数変換設備,2023/01/15,昼間帯,逆方向,-1500,-1500,0,-600,-600,0,-2100,熱容量,0,0,0,0,2022/12/20 17:05:05
月間,202212,策定,周波数変換設備,2023/01/15,夜間帯,順方向,1500,1500,0,600,600,0,2100,熱容量,0,0,0,0,2022/12/20 17:05:05
月間,202212,策定,周波数変換設備,2023/01/15,夜間帯,逆方向,-1500,-1500,0,-600,-600,0,-2100,熱容量,0,0,0,0,2022/12/20 17:05:05
月間,202211,策定,周波数変換設備,2023/01/16,昼間帯,順方向,1500,1500,0,600,600,0,2100,熱容量,0,0,0,0,2022/11/18 17:05:04
月間,202211,策定,周波数変換設備,2023/01/16,昼間帯,逆方向,-1500,-1500,0,-600,-600,0,-2100,熱容量,0,0,0,0,2022/11/18 17:05:04
月間,202211,策定,周波数変換設備,2023/01/16,夜間帯,順方向,1500,1500,0,600,600,0,2100,熱容量,0,0,0,0,2022/11/18 17:05:04
月間,202211,策定,周波数変換設備,2023/01/16,夜間帯,逆方向,-1500,-1500,0,-600,-600,0,-2100,熱容量,0,0,0,0,2022/11/18 17:05:04
月間,202212,策定,周波数変換設備,2023/01/16,昼間帯,順方向,1500,1500,0,600,600,0,2100,熱容量,0,0,0,0,2022/12/20 17:05:05
月間,202212,策定,周波数変換設備,2023/01/16,昼間帯,逆方向,-1500,-1500,0,-600,-600,0,-2100,熱容量,0,0,0,0,2022/12/20 17:05:05
月間,202212,策定,周波数変換設備,2023/01/16,夜間帯,順方向,1500,1500,0,600,600,0,2100,熱容量,0,0,0,0,2022/12/20 17:05:05
月間,202212,策定,周波数変換設備,2023/01/16,夜間帯,逆方向,-1500,-1500,0,-600,-600,0,-2100,熱容量,0,0,0,0,2022/12/20 17:05:05
月間,202211,策定,周波数変換設備,2023/01/17,昼間帯,順方向,1500,1500,0,600,600,0,2100,熱容量,0,0,0,0,2022/11/18 17:05:04
月間,202211,策定,周波数変換設備,2023/01/17,昼間帯,逆方向,-1500,-1500,0,-600,-600,0,-2100,熱容量,0,0,0,0,2022/11/18 17:05:04
月間,202211,策定,周波数変換設備,2023/01/17,夜間帯,順方向,1500,1500,0,600,600,0,2100,熱容量,0,0,0,0,2022/11/18 17:05:04
月間,202211,策定,周波数変換設備,2023/01/17,夜間帯,逆方向,-1500,-1500,0,-600,-600,0,-2100,熱容量,0,0,0,0,2022/11/18 17:05:04
月間,202212,策定,周波数変換設備,2023/01/17,昼間帯,順方向,1500,1500,0,600,600,0,2100,熱容量,0,0,0,0,2022/12/20 17:05:05
月間,202212,策定,周波数変換設備,2023/01/17,昼間帯,逆方向,-1500,-1500,0,-600,-600,0,-2100,熱容量,0,0,0,0,2022/12/20 17:05:05
月間,202212,策定,周波数変換設備,2023/01/17,夜間帯,順方向,1500,1500,0,600,600,0,2100,熱容量,0,0,0,0,2022/12/20 17:05:05
月間,202212,策定,周波数変換設備,2023/01/17,夜間帯,逆方向,-1500,-1500,0,-600,-600,0,-2100,熱容量,0,0,0,0,2022/12/20 17:05:05
月間,202211,策定,周波数変換設備,2023/01/18,昼間帯,順方向,1500,1500,0,600,600,0,2100,熱容量,0,0,0,0,2022/11/18 17:05:04
月間,202211,策定,周波数変換設備,2023/01/18,昼間帯,逆方向,-1500,-1500,0,-600,-600,0,-2100,熱容量,0,0,0,0,2022/11/18 17:05:04
月間,202211,策定,周波数変換設備,2023/01/18,夜間帯,順方向,1500,1500,0,600,600,0,2100,熱容量,0,0,0,0,2022/11/18 17:05:04
月間,202211,策定,周波数変換設備,2023/01/18,夜間帯,逆方向,-1500,-1500,0,-600,-600,0,-2100,熱容量,0,0,0,0,2022/11/18 17:05:04
月間,202212,策定,周波数変換設備,2023/01/18,昼間帯,順方向,1500,1500,0,600,600,0,2100,熱容量,0,0,0,0,2022/12/20 17:05:05
月間,202212,策定,周波数変換設備,2023/01/18,昼間帯,逆方向,-1500,-1500,0,-600,-600,0,-2100,熱容量,0,0,0,0,2022/12/20 17:05:05
月間,202212,策定,周波数変換設備,2023/01/18,夜間帯,順方向,1500,1500,0,600,600,0,2100,熱容量,0,0,0,0,2022/12/20 17:05:05
月間,202212,策定,周波数変換設備,2023/01/18,夜間帯,逆方向,-1500,-1500,0,-600,-600,0,-2100,熱容量,0,0,0,0,2022/12/20 17:05:05
月間,202211,策定,周波数変換設備,2023/01/19,昼間帯,順方向,1500,1500,0,600,600,0,2100,熱容量,0,0,0,0,2022/11/18 17:05:04
月間,202211,策定,周波数変換設備,2023/01/19,昼間帯,逆方向,-1500,-1500,0,-600,-600,0,-2100,熱容量,0,0,0,0,2022/11/18 17:05:04
月間,202211,策定,周波数変換設備,2023/01/19,夜間帯,順方向,1500,1500,0,600,600,0,2100,熱容量,0,0,0,0,2022/11/18 17:05:04
月間,202211,策定,周波数変換設備,2023/01/19,夜間帯,逆方向,-1500,-1500,0,-600,-600,0,-2100,熱容量,0,0,0,0,2022/11/18 17:05:04
月間,202212,策定,周波数変換設備,2023/01/19,昼間帯,順方向,1500,1500,0,600,600,0,2100,熱容量,0,0,0,0,2022/12/20 17:05:05
月間,202212,策定,周波数変換設備,2023/01/19,昼間帯,逆方向,-1500,-1500,0,-600,-600,0,-2100,熱容量,0,0,0,0,2022/12/20 17:05:05
月間,202212,策定,周波数変換設備,2023/01/19,夜間帯,順方向,1500,1500,0,600,600,0,2100,熱容量,0,0,0,0,2022/12/20 17:05:05
月間,202212,策定,周波数変換設備,2023/01/19,夜間帯,逆方向,-1500,-1500,0,-600,-600,0,-2100,熱容量,0,0,0,0,2022/12/20 17:05:05
月間,202211,策定,周波数変換設備,2023/01/20,昼間帯,順方向,1500,1500,0,600,600,0,2100,熱容量,0,0,0,0,2022/11/18 17:05:04
月間,202211,策定,周波数変換設備,2023/01/20,昼間帯,逆方向,-1500,-1500,0,-600,-600,0,-2100,熱容量,0,0,0,0,2022/11/18 17:05:04
月間,202211,策定,周波数変換設備,2023/01/20,夜間帯,順方向,1500,1500,0,600,600,0,2100,熱容量,0,0,0,0,2022/11/18 17:05:04
月間,202211,策定,周波数変換設備,2023/01/20,夜間帯,逆方向,-1500,-1500,0,-600,-600,0,-2100,熱容量,0,0,0,0,2022/11/18 17:05:04
月間,202212,策定,周波数変換設備,2023/01/20,昼間帯,順方向,1500,1500,0,600,600,0,2100,熱容量,0,0,0,0,2022/12/20 17:05:05
月間,202212,策定,周波数変換設備,2023/01/20,昼間帯,逆方向,-1500,-1500,0,-600,-600,0,-2100,熱容量,0,0,0,0,2022/12/20 17:05:05
月間,202212,策定,周波数変換設備,2023/01/20,夜間帯,順方向,1500,1500,0,600,600,0,2100,熱容量,0,0,0,0,2022/12/20 17:05:05
月間,202212,策定,周波数変換設備,2023/01/20,夜間帯,逆方向,-1500,-1500,0,-600,-600,0,-2100,熱容量,0,0,0,0,2022/12/20 17:05:05
月間,202211,策定,周波数変換設備,2023/01/21,昼間帯,順方向,1500,1500,0,600,600,0,2100,熱容量,0,0,0,0,2022/11/18 17:05:04
月間,202211,策定,周波数変換設備,2023/01/21,昼間帯,逆方向,-1500,-1500,0,-600,-600,0,-2100,熱容量,0,0,0,0,2022/11/18 17:05:04
月間,202211,策定,周波数変換設備,2023/01/21,夜間帯,順方向,1500,1500,0,600,600,0,2100,熱容量,0,0,0,0,2022/11/18 17:05:04
月間,202211,策定,周波数変換設備,2023/01/21,夜間帯,逆方向,-1500,-1500,0,-600,-600,0,-2100,熱容量,0,0,0,0,2022/11/18 17:05:04
月間,202212,策定,周波数変換設備,2023/01/21,昼間帯,順方向,1500,1500,0,600,600,0,2100,熱容量,0,0,0,0,2022/12/20 17:05:05
月間,202212,策定,周波数変換設備,2023/01/21,昼間帯,逆方向,-1500,-1500,0,-600,-600,0,-2100,熱容量,0,0,0,0,2022/12/20 17:05:05
月間,202212,策定,周波数変換設備,2023/01/21,夜間帯,順方向,1500,1500,0,600,600,0,2100,熱容量,0,0,0,0,2022/12/20 17:05:05
月間,202212,策定,周波数変換設備,2023/01/21,夜間帯,逆方向,-1500,-1500,0,-600,-600,0,-2100,熱容量,0,0,0,0,2022/12/20 17:05:05
月間,202211,策定,周波数変換設備,2023/01/22,昼間帯,順方向,1500,1500,0,600,600,0,2100,熱容量,0,0,0,0,2022/11/18 17:05:04
月間,202211,策定,周波数変換設備,2023/01/22,昼間帯,逆方向,-1500,-1500,0,-600,-600,0,-2100,熱容量,0,0,0,0,2022/11/18 17:05:04
月間,202211,策定,周波数変換設備,2023/01/22,夜間帯,順方向,1500,1500,0,600,600,0,2100,熱容量,0,0,0,0,2022/11/18 17:05:04
月間,202211,策定,周波数変換設備,2023/01/22,夜間帯,逆方向,-1500,-1500,0,-600,-600,0,-2100,熱容量,0,0,0,0,2022/11/18 17:05:04
月間,202212,策定,周波数変換設備,2023/01/22,昼間帯,順方向,1500,1500,0,600,600,0,2100,熱容量,0,0,0,0,2022/12/20 17:05:05
月間,202212,策定,周波数変換設備,2023/01/22,昼間帯,逆方向,-1500,-1500,0,-600,-600,0,-2100,熱容量,0,0,0,0,2022/12/20 17:05:05
月間,202212,策定,周波数変換設備,2023/01/22,夜間帯,順方向,1500,1500,0,600,600,0,2100,熱容量,0,0,0,0,2022/12/20 17:05:05
月間,202212,策定,周波数変換設備,2023/01/22,夜間帯,逆方向,-1500,-1500,0,-600,-600,0,-2100,熱容量,0,0,0,0,2022/12/20 17:05:05
月間,202211,策定,周波数変換設備,2023/01/23,昼間帯,順方向,1500,1500,0,600,600,0,2100,熱容量,0,0,0,0,2022/11/18 17:05:04
月間,202211,策定,周波数変換設備,2023/01/23,昼間帯,逆方向,-1500,-1500,0,-600,-600,0,-2100,熱容量,0,0,0,0,2022/11/18 17:05:04
月間,202211,策定,周波数変換設備,2023/01/23,夜間帯,順方向,1500,1500,0,600,600,0,2100,熱容量,0,0,0,0,2022/11/18 17:05:04
月間,202211,策定,周波数変換設備,2023/01/23,夜間帯,逆方向,-1500,-1500,0,-600,-600,0,-2100,熱容量,0,0,0,0,2022/11/18 17:05:04
月間,202212,策定,周波数変換設備,2023/01/23,昼間帯,順方向,1500,1500,0,600,600,0,2100,熱容量,0,0,0,0,2022/12/20 17:05:05
月間,202212,策定,周波数変換設備,2023/01/23,昼間帯,逆方向,-1500,-1500,0,-600,-600,0,-2100,熱容量,0,0,0,0,2022/12/20 17:05:05
月間,202212,策定,周波数変換設備,2023/01/23,夜間帯,順方向,1500,1500,0,600,600,0,2100,熱容量,0,0,0,0,2022/12/20 17:05:05
月間,202212,策定,周波数変換設備,2023/01/23,夜間帯,逆方向,-1500,-1500,0,-600,-600,0,-2100,熱容量,0,0,0,0,2022/12/20 17:05:05
月間,202211,策定,周波数変換設備,2023/01/24,昼間帯,順方向,1500,1500,0,600,600,0,2100,熱容量,0,0,0,0,2022/11/18 17:05:04
月間,202211,策定,周波数変換設備,2023/01/24,昼間帯,逆方向,-1500,-1500,0,-600,-600,0,-2100,熱容量,0,0,0,0,2022/11/18 17:05:04
月間,202211,策定,周波数変換設備,2023/01/24,夜間帯,順方向,1500,1500,0,600,600,0,2100,熱容量,0,0,0,0,2022/11/18 17:05:04
月間,202211,策定,周波数変換設備,2023/01/24,夜間帯,逆方向,-1500,-1500,0,-600,-600,0,-2100,熱容量,0,0,0,0,2022/11/18 17:05:04
月間,202212,策定,周波数変換設備,2023/01/24,昼間帯,順方向,1500,1500,0,600,600,0,2100,熱容量,0,0,0,0,2022/12/20 17:05:05
月間,202212,策定,周波数変換設備,2023/01/24,昼間帯,逆方向,-1500,-1500,0,-600,-600,0,-2100,熱容量,0,0,0,0,2022/12/20 17:05:05
月間,202212,策定,周波数変換設備,2023/01/24,夜間帯,順方向,1500,1500,0,600,600,0,2100,熱容量,0,0,0,0,2022/12/20 17:05:05
月間,202212,策定,周波数変換設備,2023/01/24,夜間帯,逆方向,-1500,-1500,0,-600,-600,0,-2100,熱容量,0,0,0,0,2022/12/20 17:05:05
月間,202211,策定,周波数変換設備,2023/01/25,昼間帯,順方向,1500,1500,0,600,600,0,2100,熱容量,0,0,0,0,2022/11/18 17:05:04
月間,202211,策定,周波数変換設備,2023/01/25,昼間帯,逆方向,-1500,-1500,0,-600,-600,0,-2100,熱容量,0,0,0,0,2022/11/18 17:05:04
月間,202211,策定,周波数変換設備,2023/01/25,夜間帯,順方向,1500,1500,0,600,600,0,2100,熱容量,0,0,0,0,2022/11/18 17:05:04
月間,202211,策定,周波数変換設備,2023/01/25,夜間帯,逆方向,-1500,-1500,0,-600,-600,0,-2100,熱容量,0,0,0,0,2022/11/18 17:05:04
月間,202212,策定,周波数変換設備,2023/01/25,昼間帯,順方向,1500,1500,0,600,600,0,2100,熱容量,0,0,0,0,2022/12/20 17:05:05
月間,202212,策定,周波数変換設備,2023/01/25,昼間帯,逆方向,-1500,-1500,0,-600,-600,0,-2100,熱容量,0,0,0,0,2022/12/20 17:05:05
月間,202212,策定,周波数変換設備,2023/01/25,夜間帯,順方向,1500,1500,0,600,600,0,2100,熱容量,0,0,0,0,2022/12/20 17:05:05
月間,202212,策定,周波数変換設備,2023/01/25,夜間帯,逆方向,-1500,-1500,0,-600,-600,0,-2100,熱容量,0,0,0,0,2022/12/20 17:05:05
月間,202211,策定,周波数変換設備,2023/01/26,昼間帯,順方向,1500,1500,0,600,600,0,2100,熱容量,0,0,0,0,2022/11/18 17:05:04
月間,202211,策定,周波数変換設備,2023/01/26,昼間帯,逆方向,-1500,-1500,0,-600,-600,0,-2100,熱容量,0,0,0,0,2022/11/18 17:05:04
月間,202211,策定,周波数変換設備,2023/01/26,夜間帯,順方向,1500,1500,0,600,600,0,2100,熱容量,0,0,0,0,2022/11/18 17:05:04
月間,202211,策定,周波数変換設備,2023/01/26,夜間帯,逆方向,-1500,-1500,0,-600,-600,0,-2100,熱容量,0,0,0,0,2022/11/18 17:05:04
月間,202212,策定,周波数変換設備,2023/01/26,昼間帯,順方向,1500,1500,0,600,600,0,2100,熱容量,0,0,0,0,2022/12/20 17:05:05
月間,202212,策定,周波数変換設備,2023/01/26,昼間帯,逆方向,-1500,-1500,0,-600,-600,0,-2100,熱容量,0,0,0,0,2022/12/20 17:05:05
月間,202212,策定,周波数変換設備,2023/01/26,夜間帯,順方向,1500,1500,0,600,600,0,2100,熱容量,0,0,0,0,2022/12/20 17:05:05
月間,202212,策定,周波数変換設備,2023/01/26,夜間帯,逆方向,-1500,-1500,0,-600,-600,0,-2100,熱容量,0,0,0,0,2022/12/20 17:05:05
月間,202211,策定,周波数変換設備,2023/01/27,昼間帯,順方向,1500,1500,0,600,600,0,2100,熱容量,0,0,0,0,2022/11/18 17:05:04
月間,202211,策定,周波数変換設備,2023/01/27,昼間帯,逆方向,-1500,-1500,0,-600,-600,0,-2100,熱容量,0,0,0,0,2022/11/18 17:05:04
月間,202211,策定,周波数変換設備,2023/01/27,夜間帯,順方向,1500,1500,0,600,600,0,2100,熱容量,0,0,0,0,2022/11/18 17:05:04
月間,202211,策定,周波数変換設備,2023/01/27,夜間帯,逆方向,-1500,-1500,0,-600,-600,0,-2100,熱容量,0,0,0,0,2022/11/18 17:05:04
月間,202212,策定,周波数変換設備,2023/01/27,昼間帯,順方向,1500,1500,0,600,600,0,2100,熱容量,0,0,0,0,2022/12/20 17:05:05
月間,202212,策定,周波数変換設備,2023/01/27,昼間帯,逆方向,-1500,-1500,0,-600,-600,0,-2100,熱容量,0,0,0,0,2022/12/20 17:05:05
月間,202212,策定,周波数変換設備,2023/01/27,夜間帯,順方向,1500,1500,0,600,600,0,2100,熱容量,0,0,0,0,2022/12/20 17:05:05
月間,202212,策定,周波数変換設備,2023/01/27,夜間帯,逆方向,-1500,-1500,0,-600,-600,0,-2100,熱容量,0,0,0,0,2022/12/20 17:05:05
月間,202211,策定,周波数変換設備,2023/01/28,昼間帯,順方向,1500,1500,0,600,600,0,2100,熱容量,0,0,0,0,2022/11/18 17:05:04
月間,202211,策定,周波数変換設備,2023/01/28,昼間帯,逆方向,-1500,-1500,0,-600,-600,0,-2100,熱容量,0,0,0,0,2022/11/18 17:05:04
月間,202211,策定,周波数変換設備,2023/01/28,夜間帯,順方向,1500,1500,0,600,600,0,2100,熱容量,0,0,0,0,2022/11/18 17:05:04
月間,202211,策定,周波数変換設備,2023/01/28,夜間帯,逆方向,-1500,-1500,0,-600,-600,0,-2100,熱容量,0,0,0,0,2022/11/18 17:05:04
月間,202212,策定,周波数変換設備,2023/01/28,昼間帯,順方向,1500,1500,0,600,600,0,2100,熱容量,0,0,0,0,2022/12/20 17:05:05
月間,202212,策定,周波数変換設備,2023/01/28,昼間帯,逆方向,-1500,-1500,0,-600,-600,0,-2100,熱容量,0,0,0,0,2022/12/20 17:05:05
月間,202212,策定,周波数変換設備,2023/01/28,夜間帯,順方向,1500,1500,0,600,600,0,2100,熱容量,0,0,0,0,2022/12/20 17:05:05
月間,202212,策定,周波数変換設備,2023/01/28,夜間帯,逆方向,-1500,-1500,0,-600,-600,0,-2100,熱容量,0,0,0,0,2022/12/20 17:05:05
月間,202211,策定,周波数変換設備,2023/01/29,昼間帯,順方向,1500,1500,0,600,600,0,2100,熱容量,0,0,0,0,2022/11/18 17:05:04
月間,202211,策定,周波数変換設備,2023/01/29,昼間帯,逆方向,-1500,-1500,0,-600,-600,0,-2100,熱容量,0,0,0,0,2022/11/18 17:05:04
月間,202211,策定,周波数変換設備,2023/01/29,夜間帯,順方向,1500,1500,0,600,600,0,2100,熱容量,0,0,0,0,2022/11/18 17:05:04
月間,202211,策定,周波数変換設備,2023/01/29,夜間帯,逆方向,-1500,-1500,0,-600,-600,0,-2100,熱容量,0,0,0,0,2022/11/18 17:05:04
月間,202212,策定,周波数変換設備,2023/01/29,昼間帯,順方向,1500,1500,0,600,600,0,2100,熱容量,0,0,0,0,2022/12/20 17:05:05
月間,202212,策定,周波数変換設備,2023/01/29,昼間帯,逆方向,-1500,-1500,0,-600,-600,0,-2100,熱容量,0,0,0,0,2022/12/20 17:05:05
月間,202212,策定,周波数変換設備,2023/01/29,夜間帯,順方向,1500,1500,0,600,600,0,2100,熱容量,0,0,0,0,2022/12/20 17:05:05
月間,202212,策定,周波数変換設備,2023/01/29,夜間帯,逆方向,-1500,-1500,0,-600,-600,0,-2100,熱容量,0,0,0,0,2022/12/20 17:05:05
月間,202211,策定,周波数変換設備,2023/01/30,昼間帯,順方向,1500,1500,0,600,600,0,2100,熱容量,0,0,0,0,2022/11/18 17:05:04
月間,202211,策定,周波数変換設備,2023/01/30,昼間帯,逆方向,-1500,-1500,0,-600,-600,0,-2100,熱容量,0,0,0,0,2022/11/18 17:05:04
月間,202211,策定,周波数変換設備,2023/01/30,夜間帯,順方向,1500,1500,0,600,600,0,2100,熱容量,0,0,0,0,2022/11/18 17:05:04
月間,202211,策定,周波数変換設備,2023/01/30,夜間帯,逆方向,-1500,-1500,0,-600,-600,0,-2100,熱容量,0,0,0,0,2022/11/18 17:05:04
月間,202212,策定,周波数変換設備,2023/01/30,昼間帯,順方向,1500,1500,0,600,600,0,2100,熱容量,0,0,0,0,2022/12/20 17:05:05
月間,202212,策定,周波数変換設備,2023/01/30,昼間帯,逆方向,-1500,-1500,0,-600,-600,0,-2100,熱容量,0,0,0,0,2022/12/20 17:05:05
月間,202212,策定,周波数変換設備,2023/01/30,夜間帯,順方向,1500,1500,0,600,600,0,2100,熱容量,0,0,0,0,2022/12/20 17:05:05
月間,202212,策定,周波数変換設備,2023/01/30,夜間帯,逆方向,-1500,-1500,0,-600,-600,0,-2100,熱容量,0,0,0,0,2022/12/20 17:05:05
月間,202211,策定,周波数変換設備,2023/01/31,昼間帯,順方向,1500,1500,0,600,600,0,2100,熱容量,0,0,0,0,2022/11/18 17:05:04
月間,202211,策定,周波数変換設備,2023/01/31,昼間帯,逆方向,-1500,-1500,0,-600,-600,0,-2100,熱容量,0,0,0,0,2022/11/18 17:05:04
月間,202211,策定,周波数変換設備,2023/01/31,夜間帯,順方向,1500,1500,0,600,600,0,2100,熱容量,0,0,0,0,2022/11/18 17:05:04
月間,202211,策定,周波数変換設備,2023/01/31,夜間帯,逆方向,-1500,-1500,0,-600,-600,0,-2100,熱容量,0,0,0,0,2022/11/18 17:05:04
月間,202212,策定,周波数変換設備,2023/01/31,昼間帯,順方向,1500,1500,0,600,600,0,2100,熱容量,0,0,0,0,2022/12/20 17:05:05
月間,202212,策定,周波数変換設備,2023/01/31,昼間帯,逆方向,-1500,-1500,0,-600,-600,0,-2100,熱容量,0,0,0,0,2022/12/20 17:05:05
月間,202212,策定,周波数変換設備,2023/01/31,夜間帯,順方向,1500,1500,0,600,600,0,2100,熱容量,0,0,0,0,2022/12/20 17:05:05
月間,202212,策定,周波数変換設備,2023/01/31,夜間帯,逆方向,-1500,-1500,0,-600,-600,0,-2100,熱容量,0,0,0,0,2022/12/20 17:05:05
月間,202211,策定,三重東近江線,2023/01/01,昼間帯,順方向,570,570,0,0,0,0,570,周波数,0,0,0,0,2022/11/18 17:05:04
月間,202211,策定,三重東近江線,2023/01/01,昼間帯,逆方向,-2000,-2000,0,0,0,0,-2000,周波数,0,0,0,0,2022/11/18 17:05:04
月間,202211,策定,三重東近江線,2023/01/01,夜間帯,順方向,1070,1070,0,0,0,0,1070,周波数,0,0,0,0,2022/11/18 17:05:04
月間,202211,策定,三重東近江線,2023/01/01,夜間帯,逆方向,-2000,-2000,0,0,0,0,-2000,周波数,0,0,0,0,2022/11/18 17:05:04
月間,202212,策定,三重東近江線,2023/01/01,昼間帯,順方向,570,570,0,0,0,0,570,周波数,0,0,0,0,2022/12/20 17:05:05
月間,202212,策定,三重東近江線,2023/01/01,昼間帯,逆方向,-2000,-2000,0,0,0,0,-2000,周波数,0,0,0,0,2022/12/20 17:05:05
月間,202212,策定,三重東近江線,2023/01/01,夜間帯,順方向,1070,1070,0,0,0,0,1070,周波数,0,0,0,0,2022/12/20 17:05:05
月間,202212,策定,三重東近江線,2023/01/01,夜間帯,逆方向,-2000,-2000,0,0,0,0,-2000,周波数,0,0,0,0,2022/12/20 17:05:05
月間,202211,策定,三重東近江線,2023/01/02,昼間帯,順方向,570,570,0,0,0,0,570,周波数,0,0,0,0,2022/11/18 17:05:04
月間,202211,策定,三重東近江線,2023/01/02,昼間帯,逆方向,-2000,-2000,0,0,0,0,-2000,周波数,0,0,0,0,2022/11/18 17:05:04
月間,202211,策定,三重東近江線,2023/01/02,夜間帯,順方向,1070,1070,0,0,0,0,1070,周波数,0,0,0,0,2022/11/18 17:05:04
月間,202211,策定,三重東近江線,2023/01/02,夜間帯,逆方向,-2000,-2000,0,0,0,0,-2000,周波数,0,0,0,0,2022/11/18 17:05:04
月間,202212,策定,三重東近江線,2023/01/02,昼間帯,順方向,570,570,0,0,0,0,570,周波数,0,0,0,0,2022/12/20 17:05:05
月間,202212,策定,三重東近江線,2023/01/02,昼間帯,逆方向,-2000,-2000,0,0,0,0,-2000,周波数,0,0,0,0,2022/12/20 17:05:05
月間,202212,策定,三重東近江線,2023/01/02,夜間帯,順方向,1070,1070,0,0,0,0,1070,周波数,0,0,0,0,2022/12/20 17:05:05
月間,202212,策定,三重東近江線,2023/01/02,夜間帯,逆方向,-2000,-2000,0,0,0,0,-2000,周波数,0,0,0,0,2022/12/20 17:05:05
月間,202211,策定,三重東近江線,2023/01/03,昼間帯,順方向,570,570,0,0,0,0,570,周波数,0,0,0,0,2022/11/18 17:05:04
月間,202211,策定,三重東近江線,2023/01/03,昼間帯,逆方向,-2000,-2000,0,0,0,0,-2000,周波数,0,0,0,0,2022/11/18 17:05:04
月間,202211,策定,三重東近江線,2023/01/03,夜間帯,順方向,1070,1070,0,0,0,0,1070,周波数,0,0,0,0,2022/11/18 17:05:04
月間,202211,策定,三重東近江線,2023/01/03,夜間帯,逆方向,-2000,-2000,0,0,0,0,-2000,周波数,0,0,0,0,2022/11/18 17:05:04
月間,202212,策定,三重東近江線,2023/01/03,昼間帯,順方向,570,570,0,0,0,0,570,周波数,0,0,0,0,2022/12/20 17:05:05
月間,202212,策定,三重東近江線,2023/01/03,昼間帯,逆方向,-2000,-2000,0,0,0,0,-2000,周波数,0,0,0,0,2022/12/20 17:05:05
月間,202212,策定,三重東近江線,2023/01/03,夜間帯,順方向,1070,1070,0,0,0,0,1070,周波数,0,0,0,0,2022/12/20 17:05:05
月間,202212,策定,三重東近江線,2023/01/03,夜間帯,逆方向,-2000,-2000,0,0,0,0,-2000,周波数,0,0,0,0,2022/12/20 17:05:05
月間,202211,策定,三重東近江線,2023/01/04,昼間帯,順方向,760,760,0,0,0,0,760,周波数,0,0,0,0,2022/11/18 17:05:04
月間,202211,策定,三重東近江線,2023/01/04,昼間帯,逆方向,-2500,-2500,0,0,0,0,-2500,周波数,0,0,0,0,2022/11/18 17:05:04
月間,202211,策定,三重東近江線,2023/01/04,夜間帯,順方向,1070,1070,0,0,0,0,1070,周波数,0,0,0,0,2022/11/18 17:05:04
月間,202211,策定,三重東近江線,2023/01/04,夜間帯,逆方向,-2000,-2000,0,0,0,0,-2000,周波数,0,0,0,0,2022/11/18 17:05:04
月間,202212,策定,三重東近江線,2023/01/04,昼間帯,順方向,760,760,0,0,0,0,760,周波数,0,0,0,0,2022/12/20 17:05:05
月間,202212,策定,三重東近江線,2023/01/04,昼間帯,逆方向,-2500,-2500,0,0,0,0,-2500,周波数,0,0,0,0,2022/12/20 17:05:05
月間,202212,策定,三重東近江線,2023/01/04,夜間帯,順方向,1070,1070,0,0,0,0,1070,周波数,0,0,0,0,2022/12/20 17:05:05
月間,202212,策定,三重東近江線,2023/01/04,夜間帯,逆方向,-2000,-2000,0,0,0,0,-2000,周波数,0,0,0,0,2022/12/20 17:05:05
月間,202211,策定,三重東近江線,2023/01/05,昼間帯,順方向,1040,1040,0,0,0,0,1040,周波数,0,0,0,0,2022/11/18 17:05:04
月間,202211,策定,三重東近江線,2023/01/05,昼間帯,逆方向,-2500,-2500,0,0,0,0,-2500,周波数,0,0,0,0,2022/11/18 17:05:04
月間,202211,策定,三重東近江線,2023/01/05,夜間帯,順方向,1200,1200,0,0,0,0,1200,周波数,0,0,0,0,2022/11/18 17:05:04
月間,202211,策定,三重東近江線,2023/01/05,夜間帯,逆方向,-2000,-2000,0,0,0,0,-2000,周波数,0,0,0,0,2022/11/18 17:05:04
月間,202212,策定,三重東近江線,2023/01/05,昼間帯,順方向,1040,1040,0,0,0,0,1040,周波数,0,0,0,0,2022/12/20 17:05:05
月間,202212,策定,三重東近江線,2023/01/05,昼間帯,逆方向,-2500,-2500,0,0,0,0,-2500,周波数,0,0,0,0,2022/12/20 17:05:05
月間,202212,策定,三重東近江線,2023/01/05,夜間帯,順方向,1200,1200,0,0,0,0,1200,周波数,0,0,0,0,2022/12/20 17:05:05
月間,202212,策定,三重東近江線,2023/01/05,夜間帯,逆方向,-2000,-2000,0,0,0,0,-2000,周波数,0,0,0,0,2022/12/20 17:05:05
月間,202211,策定,三重東近江線,2023/01/06,昼間帯,順方向,1040,1040,0,0,0,0,1040,周波数,0,0,0,0,2022/11/18 17:05:04
月間,202211,策定,三重東近江線,2023/01/06,昼間帯,逆方向,-2500,-2500,0,0,0,0,-2500,周波数,0,0,0,0,2022/11/18 17:05:04
月間,202211,策定,三重東近江線,2023/01/06,夜間帯,順方向,1320,1320,0,0,0,0,1320,周波数,0,0,0,0,2022/11/18 17:05:04
月間,202211,策定,三重東近江線,2023/01/06,夜間帯,逆方向,-2000,-2000,0,0,0,0,-2000,周波数,0,0,0,0,2022/11/18 17:05:04
月間,202212,策定,三重東近江線,2023/01/06,昼間帯,順方向,1040,1040,0,0,0,0,1040,周波数,0,0,0,0,2022/12/20 17:05:05
月間,202212,策定,三重東近江線,2023/01/06,昼間帯,逆方向,-2500,-2500,0,0,0,0,-2500,周波数,0,0,0,0,2022/12/20 17:05:05
月間,202212,策定,三重東近江線,2023/01/06,夜間帯,順方向,1320,1320,0,0,0,0,1320,周波数,0,0,0,0,2022/12/20 17:05:05
月間,202212,策定,三重東近江線,2023/01/06,夜間帯,逆方向,-2000,-2000,0,0,0,0,-2000,周波数,0,0,0,0,2022/12/20 17:05:05
月間,202211,策定,三重東近江線,2023/01/07,昼間帯,順方向,760,760,0,0,0,0,760,周波数,0,0,0,0,2022/11/18 17:05:04
月間,202211,策定,三重東近江線,2023/01/07,昼間帯,逆方向,-2500,-2500,0,0,0,0,-2500,周波数,0,0,0,0,2022/11/18 17:05:04
月間,202211,策定,三重東近江線,2023/01/07,夜間帯,順方向,1200,1200,0,0,0,0,1200,周波数,0,0,0,0,2022/11/18 17:05:04
月間,202211,策定,三重東近江線,2023/01/07,夜間帯,逆方向,-2000,-2000,0,0,0,0,-2000,周波数,0,0,0,0,2022/11/18 17:05:04
月間,202212,策定,三重東近江線,2023/01/07,昼間帯,順方向,760,760,0,0,0,0,760,周波数,0,0,0,0,2022/12/20 17:05:05
月間,202212,策定,三重東近江線,2023/01/07,昼間帯,逆方向,-2500,-2500,0,0,0,0,-2500,周波数,0,0,0,0,2022/12/20 17:05:05
月間,202212,策定,三重東近江線,2023/01/07,夜間帯,順方向,1200,1200,0,0,0,0,1200,周波数,0,0,0,0,2022/12/20 17:05:05
月間,202212,策定,三重東近江線,2023/01/07,夜間帯,逆方向,-2000,-2000,0,0,0,0,-2000,周波数,0,0,0,0,2022/12/20 17:05:05
月間,202211,策定,三重東近江線,2023/01/08,昼間帯,順方向,760,760,0,0,0,0,760,周波数,0,0,0,0,2022/11/18 17:05:04
月間,202211,策定,三重東近江線,2023/01/08,昼間帯,逆方向,-2000,-2000,0,0,0,0,-2000,周波数,0,0,0,0,2022/11/18 17:05:04
月間,202211,策定,三重東近江線,2023/01/08,夜間帯,順方向,1200,1200,0,0,0,0,1200,周波数,0,0,0,0,2022/11/18 17:05:04
月間,202211,策定,三重東近江線,2023/01/08,夜間帯,逆方向,-2000,-2000,0,0,0,0,-2000,周波数,0,0,0,0,2022/11/18 17:05:04
月間,202212,策定,三重東近江線,2023/01/08,昼間帯,順方向,760,760,0,0,0,0,760,周波数,0,0,0,0,2022/12/20 17:05:05
月間,202212,策定,三重東近江線,2023/01/08,昼間帯,逆方向,-2000,-2000,0,0,0,0,-2000,周波数,0,0,0,0,2022/12/20 17:05:05
月間,202212,策定,三重東近江線,2023/01/08,夜間帯,順方向,1200,1200,0,0,0,0,1200,周波数,0,0,0,0,2022/12/20 17:05:05
月間,202212,策定,三重東近江線,2023/01/08,夜間帯,逆方向,-2000,-2000,0,0,0,0,-2000,周波数,0,0,0,0,2022/12/20 17:05:05
月間,202211,策定,三重東近江線,2023/01/09,昼間帯,順方向,760,760,0,0,0,0,760,周波数,0,0,0,0,2022/11/18 17:05:04
月間,202211,策定,三重東近江線,2023/01/09,昼間帯,逆方向,-2000,-2000,0,0,0,0,-2000,周波数,0,0,0,0,2022/11/18 17:05:04
月間,202211,策定,三重東近江線,2023/01/09,夜間帯,順方向,1200,1200,0,0,0,0,1200,周波数,0,0,0,0,2022/11/18 17:05:04
月間,202211,策定,三重東近江線,2023/01/09,夜間帯,逆方向,-2000,-2000,0,0,0,0,-2000,周波数,0,0,0,0,2022/11/18 17:05:04
月間,202212,策定,三重東近江線,2023/01/09,昼間帯,順方向,760,760,0,0,0,0,760,周波数,0,0,0,0,2022/12/20 17:05:05
月間,202212,策定,三重東近江線,2023/01/09,昼間帯,逆方向,-2000,-2000,0,0,0,0,-2000,周波数,0,0,0,0,2022/12/20 17:05:05
月間,202212,策定,三重東近江線,2023/01/09,夜間帯,順方向,1200,1200,0,0,0,0,1200,周波数,0,0,0,0,2022/12/20 17:05:05
月間,202212,策定,三重東近江線,2023/01/09,夜間帯,逆方向,-2000,-2000,0,0,0,0,-2000,周波数,0,0,0,0,2022/12/20 17:05:05
月間,202211,策定,三重東近江線,2023/01/10,昼間帯,順方向,1040,1040,0,0,0,0,1040,周波数,0,0,0,0,2022/11/18 17:05:04
月間,202211,策定,三重東近江線,2023/01/10,昼間帯,逆方向,-2500,-2500,0,0,0,0,-2500,周波数,0,0,0,0,2022/11/18 17:05:04
月間,202211,策定,三重東近江線,2023/01/10,夜間帯,順方向,1200,1200,0,0,0,0,1200,周波数,0,0,0,0,2022/11/18 17:05:04
月間,202211,策定,三重東近江線,2023/01/10,夜間帯,逆方向,-2000,-2000,0,0,0,0,-2000,周波数,0,0,0,0,2022/11/18 17:05:04
月間,202212,策定,三重東近江線,2023/01/10,昼間帯,順方向,1040,1040,0,0,0,0,1040,周波数,0,0,0,0,2022/12/20 17:05:05
月間,202212,策定,三重東近江線,2023/01/10,昼間帯,逆方向,-2500,-2500,0,0,0,0,-2500,周波数,0,0,0,0,2022/12/20 17:05:05
月間,202212,策定,三重東近江線,2023/01/10,夜間帯,順方向,1200,1200,0,0,0,0,1200,周波数,0,0,0,0,2022/12/20 17:05:05
月間,202212,策定,三重東近江線,2023/01/10,夜間帯,逆方向,-2000,-2000,0,0,0,0,-2000,周波数,0,0,0,0,2022/12/20 17:05:05
月間,202211,策定,三重東近江線,2023/01/11,昼間帯,順方向,1040,1040,0,0,0,0,1040,周波数,0,0,0,0,2022/11/18 17:05:04
月間,202211,策定,三重東近江線,2023/01/11,昼間帯,逆方向,-2500,-2500,0,0,0,0,-2500,周波数,0,0,0,0,2022/11/18 17:05:04
月間,202211,策定,三重東近江線,2023/01/11,夜間帯,順方向,1320,1320,0,0,0,0,1320,周波数,0,0,0,0,2022/11/18 17:05:04
月間,202211,策定,三重東近江線,2023/01/11,夜間帯,逆方向,-2000,-2000,0,0,0,0,-2000,周波数,0,0,0,0,2022/11/18 17:05:04
月間,202212,策定,三重東近江線,2023/01/11,昼間帯,順方向,1040,1040,0,0,0,0,1040,周波数,0,0,0,0,2022/12/20 17:05:05
月間,202212,策定,三重東近江線,2023/01/11,昼間帯,逆方向,-2500,-2500,0,0,0,0,-2500,周波数,0,0,0,0,2022/12/20 17:05:05
月間,202212,策定,三重東近江線,2023/01/11,夜間帯,順方向,1320,1320,0,0,0,0,1320,周波数,0,0,0,0,2022/12/20 17:05:05
月間,202212,策定,三重東近江線,2023/01/11,夜間帯,逆方向,-2000,-2000,0,0,0,0,-2000,周波数,0,0,0,0,2022/12/20 17:05:05
月間,202211,策定,三重東近江線,2023/01/12,昼間帯,順方向,1040,1040,0,0,0,0,1040,周波数,0,0,0,0,2022/11/18 17:05:04
月間,202211,策定,三重東近江線,2023/01/12,昼間帯,逆方向,-2500,-2500,0,0,0,0,-2500,周波数,0,0,0,0,2022/11/18 17:05:04
月間,202211,策定,三重東近江線,2023/01/12,夜間帯,順方向,1320,1320,0,0,0,0,1320,周波数,0,0,0,0,2022/11/18 17:05:04
月間,202211,策定,三重東近江線,2023/01/12,夜間帯,逆方向,-2000,-2000,0,0,0,0,-2000,周波数,0,0,0,0,2022/11/18 17:05:04
月間,202212,策定,三重東近江線,2023/01/12,昼間帯,順方向,1040,1040,0,0,0,0,1040,周波数,0,0,0,0,2022/12/20 17:05:05
月間,202212,策定,三重東近江線,2023/01/12,昼間帯,逆方向,-2500,-2500,0,0,0,0,-2500,周波数,0,0,0,0,2022/12/20 17:05:05
月間,202212,策定,三重東近江線,2023/01/12,夜間帯,順方向,1320,1320,0,0,0,0,1320,周波数,0,0,0,0,2022/12/20 17:05:05
月間,202212,策定,三重東近江線,2023/01/12,夜間帯,逆方向,-2000,-2000,0,0,0,0,-2000,周波数,0,0,0,0,2022/12/20 17:05:05
月間,202211,策定,三重東近江線,2023/01/13,昼間帯,順方向,1040,1040,0,0,0,0,1040,周波数,0,0,0,0,2022/11/18 17:05:04
月間,202211,策定,三重東近江線,2023/01/13,昼間帯,逆方向,-2500,-2500,0,0,0,0,-2500,周波数,0,0,0,0,2022/11/18 17:05:04
月間,202211,策定,三重東近江線,2023/01/13,夜間帯,順方向,1320,1320,0,0,0,0,1320,周波数,0,0,0,0,2022/11/18 17:05:04
月間,202211,策定,三重東近江線,2023/01/13,夜間帯,逆方向,-2000,-2000,0,0,0,0,-2000,周波数,0,0,0,0,2022/11/18 17:05:04
月間,202212,策定,三重東近江線,2023/01/13,昼間帯,順方向,1040,1040,0,0,0,0,1040,周波数,0,0,0,0,2022/12/20 17:05:05
月間,202212,策定,三重東近江線,2023/01/13,昼間帯,逆方向,-2500,-2500,0,0,0,0,-2500,周波数,0,0,0,0,2022/12/20 17:05:05
月間,202212,策定,三重東近江線,2023/01/13,夜間帯,順方向,1320,1320,0,0,0,0,1320,周波数,0,0,0,0,2022/12/20 17:05:05
月間,202212,策定,三重東近江線,2023/01/13,夜間帯,逆方向,-2000,-2000,0,0,0,0,-2000,周波数,0,0,0,0,2022/12/20 17:05:05
月間,202211,策定,三重東近江線,2023/01/14,昼間帯,順方向,760,760,0,0,0,0,760,周波数,0,0,0,0,2022/11/18 17:05:04
月間,202211,策定,三重東近江線,2023/01/14,昼間帯,逆方向,-2500,-2500,0,0,0,0,-2500,周波数,0,0,0,0,2022/11/18 17:05:04
月間,202211,策定,三重東近江線,2023/01/14,夜間帯,順方向,1200,1200,0,0,0,0,1200,周波数,0,0,0,0,2022/11/18 17:05:04
月間,202211,策定,三重東近江線,2023/01/14,夜間帯,逆方向,-2000,-2000,0,0,0,0,-2000,周波数,0,0,0,0,2022/11/18 17:05:04
月間,202212,策定,三重東近江線,2023/01/14,昼間帯,順方向,760,760,0,0,0,0,760,周波数,0,0,0,0,2022/12/20 17:05:05
月間,202212,策定,三重東近江線,2023/01/14,昼間帯,逆方向,-2500,-2500,0,0,0,0,-2500,周波数,0,0,0,0,2022/12/20 17:05:05
月間,202212,策定,三重東近江線,2023/01/14,夜間帯,順方向,1200,1200,0,0,0,0,1200,周波数,0,0,0,0,2022/12/20 17:05:05
月間,202212,策定,三重東近江線,2023/01/14,夜間帯,逆方向,-2000,-2000,0,0,0,0,-2000,周波数,0,0,0,0,2022/12/20 17:05:05
月間,202211,策定,三重東近江線,2023/01/15,昼間帯,順方向,760,760,0,0,0,0,760,周波数,0,0,0,0,2022/11/18 17:05:04
月間,202211,策定,三重東近江線,2023/01/15,昼間帯,逆方向,-2000,-2000,0,0,0,0,-2000,周波数,0,0,0,0,2022/11/18 17:05:04
月間,202211,策定,三重東近江線,2023/01/15,夜間帯,順方向,1200,1200,0,0,0,0,1200,周波数,0,0,0,0,2022/11/18 17:05:04
月間,202211,策定,三重東近江線,2023/01/15,夜間帯,逆方向,-2000,-2000,0,0,0,0,-2000,周波数,0,0,0,0,2022/11/18 17:05:04
月間,202212,策定,三重東近江線,2023/01/15,昼間帯,順方向,760,760,0,0,0,0,760,周波数,0,0,0,0,2022/12/20 17:05:05
月間,202212,策定,三重東近江線,2023/01/15,昼間帯,逆方向,-2000,-2000,0,0,0,0,-2000,周波数,0,0,0,0,2022/12/20 17:05:05
月間,202212,策定,三重東近江線,2023/01/15,夜間帯,順方向,1200,1200,0,0,0,0,1200,周波数,0,0,0,0,2022/12/20 17:05:05
月間,202212,策定,三重東近江線,2023/01/15,夜間帯,逆方向,-2000,-2000,0,0,0,0,-2000,周波数,0,0,0,0,2022/12/20 17:05:05
月間,202211,策定,三重東近江線,2023/01/16,昼間帯,順方向,1040,1040,0,0,0,0,1040,周波数,0,0,0,0,2022/11/18 17:05:04
月間,202211,策定,三重東近江線,2023/01/16,昼間帯,逆方向,-2500,-2500,0,0,0,0,-2500,周波数,0,0,0,0,2022/11/18 17:05:04
月間,202211,策定,三重東近江線,2023/01/16,夜間帯,順方向,1200,1200,0,0,0,0,1200,周波数,0,0,0,0,2022/11/18 17:05:04
月間,202211,策定,三重東近江線,2023/01/16,夜間帯,逆方向,-2000,-2000,0,0,0,0,-2000,周波数,0,0,0,0,2022/11/18 17:05:04
月間,202212,策定,三重東近江線,2023/01/16,昼間帯,順方向,1040,1040,0,0,0,0,1040,周波数,0,0,0,0,2022/12/20 17:05:05
月間,202212,策定,三重東近江線,2023/01/16,昼間帯,逆方向,-2500,-2500,0,0,0,0,-2500,周波数,0,0,0,0,2022/12/20 17:05:05
月間,202212,策定,三重東近江線,2023/01/16,夜間帯,順方向,1200,1200,0,0,0,0,1200,周波数,0,0,0,0,2022/12/20 17:05:05
月間,202212,策定,三重東近江線,2023/01/16,夜間帯,逆方向,-2000,-2000,0,0,0,0,-2000,周波数,0,0,0,0,2022/12/20 17:05:05
月間,202211,策定,三重東近江線,2023/01/17,昼間帯,順方向,1040,1040,0,0,0,0,1040,周波数,0,0,0,0,2022/11/18 17:05:04
月間,202211,策定,三重東近江線,2023/01/17,昼間帯,逆方向,-2500,-2500,0,0,0,0,-2500,周波数,0,0,0,0,2022/11/18 17:05:04
月間,202211,策定,三重東近江線,2023/01/17,夜間帯,順方向,1320,1320,0,0,0,0,1320,周波数,0,0,0,0,2022/11/18 17:05:04
月間,202211,策定,三重東近江線,2023/01/17,夜間帯,逆方向,-2000,-2000,0,0,0,0,-2000,周波数,0,0,0,0,2022/11/18 17:05:04
月間,202212,策定,三重東近江線,2023/01/17,昼間帯,順方向,1040,1040,0,0,0,0,1040,周波数,0,0,0,0,2022/12/20 17:05:05
月間,202212,策定,三重東近江線,2023/01/17,昼間帯,逆方向,-2500,-2500,0,0,0,0,-2500,周波数,0,0,0,0,2022/12/20 17:05:05
月間,202212,策定,三重東近江線,2023/01/17,夜間帯,順方向,1320,1320,0,0,0,0,1320,周波数,0,0,0,0,2022/12/20 17:05:05
月間,202212,策定,三重東近江線,2023/01/17,夜間帯,逆方向,-2000,-2000,0,0,0,0,-2000,周波数,0,0,0,0,2022/12/20 17:05:05
月間,202211,策定,三重東近江線,2023/01/18,昼間帯,順方向,1040,1040,0,0,0,0,1040,周波数,0,0,0,0,2022/11/18 17:05:04
月間,202211,策定,三重東近江線,2023/01/18,昼間帯,逆方向,-2500,-2500,0,0,0,0,-2500,周波数,0,0,0,0,2022/11/18 17:05:04
月間,202211,策定,三重東近江線,2023/01/18,夜間帯,順方向,1320,1320,0,0,0,0,1320,周波数,0,0,0,0,2022/11/18 17:05:04
月間,202211,策定,三重東近江線,2023/01/18,夜間帯,逆方向,-2000,-2000,0,0,0,0,-2000,周波数,0,0,0,0,2022/11/18 17:05:04
月間,202212,策定,三重東近江線,2023/01/18,昼間帯,順方向,1040,1040,0,0,0,0,1040,周波数,0,0,0,0,2022/12/20 17:05:05
月間,202212,策定,三重東近江線,2023/01/18,昼間帯,逆方向,-2500,-2500,0,0,0,0,-2500,周波数,0,0,0,0,2022/12/20 17:05:05
月間,202212,策定,三重東近江線,2023/01/18,夜間帯,順方向,1320,1320,0,0,0,0,1320,周波数,0,0,0,0,2022/12/20 17:05:05
月間,202212,策定,三重東近江線,2023/01/18,夜間帯,逆方向,-2000,-2000,0,0,0,0,-2000,周波数,0,0,0,0,2022/12/20 17:05:05
月間,202211,策定,三重東近江線,2023/01/19,昼間帯,順方向,1040,1040,0,0,0,0,1040,周波数,0,0,0,0,2022/11/18 17:05:04
月間,202211,策定,三重東近江線,2023/01/19,昼間帯,逆方向,-2500,-2500,0,0,0,0,-2500,周波数,0,0,0,0,2022/11/18 17:05:04
月間,202211,策定,三重東近江線,2023/01/19,夜間帯,順方向,1320,1320,0,0,0,0,1320,周波数,0,0,0,0,2022/11/18 17:05:04
月間,202211,策定,三重東近江線,2023/01/19,夜間帯,逆方向,-2000,-2000,0,0,0,0,-2000,周波数,0,0,0,0,2022/11/18 17:05:04
月間,202212,策定,三重東近江線,2023/01/19,昼間帯,順方向,1040,1040,0,0,0,0,1040,周波数,0,0,0,0,2022/12/20 17:05:05
月間,202212,策定,三重東近江線,2023/01/19,昼間帯,逆方向,-2500,-2500,0,0,0,0,-2500,周波数,0,0,0,0,2022/12/20 17:05:05
月間,202212,策定,三重東近江線,2023/01/19,夜間帯,順方向,1320,1320,0,0,0,0,1320,周波数,0,0,0,0,2022/12/20 17:05:05
月間,202212,策定,三重東近江線,2023/01/19,夜間帯,逆方向,-2000,-2000,0,0,0,0,-2000,周波数,0,0,0,0,2022/12/20 17:05:05
月間,202211,策定,三重東近江線,2023/01/20,昼間帯,順方向,1040,1040,0,0,0,0,1040,周波数,0,0,0,0,2022/11/18 17:05:04
月間,202211,策定,三重東近江線,2023/01/20,昼間帯,逆方向,-2500,-2500,0,0,0,0,-2500,周波数,0,0,0,0,2022/11/18 17:05:04
月間,202211,策定,三重東近江線,2023/01/20,夜間帯,順方向,1320,1320,0,0,0,0,1320,周波数,0,0,0,0,2022/11/18 17:05:04
月間,202211,策定,三重東近江線,2023/01/20,夜間帯,逆方向,-2000,-2000,0,0,0,0,-2000,周波数,0,0,0,0,2022/11/18 17:05:04
月間,202212,策定,三重東近江線,2023/01/20,昼間帯,順方向,1040,1040,0,0,0,0,1040,周波数,0,0,0,0,2022/12/20 17:05:05
月間,202212,策定,三重東近江線,2023/01/20,昼間帯,逆方向,-2500,-2500,0,0,0,0,-2500,周波数,0,0,0,0,2022/12/20 17:05:05
月間,202212,策定,三重東近江線,2023/01/20,夜間帯,順方向,1320,1320,0,0,0,0,1320,周波数,0,0,0,0,2022/12/20 17:05:05
月間,202212,策定,三重東近江線,2023/01/20,夜間帯,逆方向,-2000,-2000,0,0,0,0,-2000,周波数,0,0,0,0,2022/12/20 17:05:05
月間,202211,策定,三重東近江線,2023/01/21,昼間帯,順方向,760,760,0,0,0,0,760,周波数,0,0,0,0,2022/11/18 17:05:04
月間,202211,策定,三重東近江線,2023/01/21,昼間帯,逆方向,-2500,-2500,0,0,0,0,-2500,周波数,0,0,0,0,2022/11/18 17:05:04
月間,202211,策定,三重東近江線,2023/01/21,夜間帯,順方向,1200,1200,0,0,0,0,1200,周波数,0,0,0,0,2022/11/18 17:05:04
月間,202211,策定,三重東近江線,2023/01/21,夜間帯,逆方向,-2000,-2000,0,0,0,0,-2000,周波数,0,0,0,0,2022/11/18 17:05:04
月間,202212,策定,三重東近江線,2023/01/21,昼間帯,順方向,760,760,0,0,0,0,760,周波数,0,0,0,0,2022/12/20 17:05:05
月間,202212,策定,三重東近江線,2023/01/21,昼間帯,逆方向,-2500,-2500,0,0,0,0,-2500,周波数,0,0,0,0,2022/12/20 17:05:05
月間,202212,策定,三重東近江線,2023/01/21,夜間帯,順方向,1200,1200,0,0,0,0,1200,周波数,0,0,0,0,2022/12/20 17:05:05
月間,202212,策定,三重東近江線,2023/01/21,夜間帯,逆方向,-2000,-2000,0,0,0,0,-2000,周波数,0,0,0,0,2022/12/20 17:05:05
月間,202211,策定,三重東近江線,2023/01/22,昼間帯,順方向,760,760,0,0,0,0,760,周波数,0,0,0,0,2022/11/18 17:05:04
月間,202211,策定,三重東近江線,2023/01/22,昼間帯,逆方向,-2000,-2000,0,0,0,0,-2000,周波数,0,0,0,0,2022/11/18 17:05:04
月間,202211,策定,三重東近江線,2023/01/22,夜間帯,順方向,1200,1200,0,0,0,0,1200,周波数,0,0,0,0,2022/11/18 17:05:04
月間,202211,策定,三重東近江線,2023/01/22,夜間帯,逆方向,-2000,-2000,0,0,0,0,-2000,周波数,0,0,0,0,2022/11/18 17:05:04
月間,202212,策定,三重東近江線,2023/01/22,昼間帯,順方向,760,760,0,0,0,0,760,周波数,0,0,0,0,2022/12/20 17:05:05
月間,202212,策定,三重東近江線,2023/01/22,昼間帯,逆方向,-2000,-2000,0,0,0,0,-2000,周波数,0,0,0,0,2022/12/20 17:05:05
月間,202212,策定,三重東近江線,2023/01/22,夜間帯,順方向,1200,1200,0,0,0,0,1200,周波数,0,0,0,0,2022/12/20 17:05:05
月間,202212,策定,三重東近江線,2023/01/22,夜間帯,逆方向,-2000,-2000,0,0,0,0,-2000,周波数,0,0,0,0,2022/12/20 17:05:05
月間,202211,策定,三重東近江線,2023/01/23,昼間帯,順方向,1040,1040,0,0,0,0,1040,周波数,0,0,0,0,2022/11/18 17:05:04
月間,202211,策定,三重東近江線,2023/01/23,昼間帯,逆方向,-2500,-2500,0,0,0,0,-2500,周波数,0,0,0,0,2022/11/18 17:05:04
月間,202211,策定,三重東近江線,2023/01/23,夜間帯,順方向,1200,1200,0,0,0,0,1200,周波数,0,0,0,0,2022/11/18 17:05:04
月間,202211,策定,三重東近江線,2023/01/23,夜間帯,逆方向,-2000,-2000,0,0,0,0,-2000,周波数,0,0,0,0,2022/11/18 17:05:04
月間,202212,策定,三重東近江線,2023/01/23,昼間帯,順方向,1040,1040,0,0,0,0,1040,周波数,0,0,0,0,2022/12/20 17:05:05
月間,202212,策定,三重東近江線,2023/01/23,昼間帯,逆方向,-2500,-2500,0,0,0,0,-2500,周波数,0,0,0,0,2022/12/20 17:05:05
月間,202212,策定,三重東近江線,2023/01/23,夜間帯,順方向,1200,1200,0,0,0,0,1200,周波数,0,0,0,0,2022/12/20 17:05:05
月間,202212,策定,三重東近江線,2023/01/23,夜間帯,逆方向,-2000,-2000,0,0,0,0,-2000,周波数,0,0,0,0,2022/12/20 17:05:05
月間,202211,策定,三重東近江線,2023/01/24,昼間帯,順方向,1040,1040,0,0,0,0,1040,周波数,0,0,0,0,2022/11/18 17:05:04
月間,202211,策定,三重東近江線,2023/01/24,昼間帯,逆方向,-2500,-2500,0,0,0,0,-2500,周波数,0,0,0,0,2022/11/18 17:05:04
月間,202211,策定,三重東近江線,2023/01/24,夜間帯,順方向,1320,1320,0,0,0,0,1320,周波数,0,0,0,0,2022/11/18 17:05:04
月間,202211,策定,三重東近江線,2023/01/24,夜間帯,逆方向,-2000,-2000,0,0,0,0,-2000,周波数,0,0,0,0,2022/11/18 17:05:04
月間,202212,策定,三重東近江線,2023/01/24,昼間帯,順方向,1040,1040,0,0,0,0,1040,周波数,0,0,0,0,2022/12/20 17:05:05
月間,202212,策定,三重東近江線,2023/01/24,昼間帯,逆方向,-2500,-2500,0,0,0,0,-2500,周波数,0,0,0,0,2022/12/20 17:05:05
月間,202212,策定,三重東近江線,2023/01/24,夜間帯,順方向,1320,1320,0,0,0,0,1320,周波数,0,0,0,0,2022/12/20 17:05:05
月間,202212,策定,三重東近江線,2023/01/24,夜間帯,逆方向,-2000,-2000,0,0,0,0,-2000,周波数,0,0,0,0,2022/12/20 17:05:05
月間,202211,策定,三重東近江線,2023/01/25,昼間帯,順方向,1040,1040,0,0,0,0,1040,周波数,0,0,0,0,2022/11/18 17:05:04
月間,202211,策定,三重東近江線,2023/01/25,昼間帯,逆方向,-2500,-2500,0,0,0,0,-2500,周波数,0,0,0,0,2022/11/18 17:05:04
月間,202211,策定,三重東近江線,2023/01/25,夜間帯,順方向,1320,1320,0,0,0,0,1320,周波数,0,0,0,0,2022/11/18 17:05:04
月間,202211,策定,三重東近江線,2023/01/25,夜間帯,逆方向,-2000,-2000,0,0,0,0,-2000,周波数,0,0,0,0,2022/11/18 17:05:04
月間,202212,策定,三重東近江線,2023/01/25,昼間帯,順方向,1040,1040,0,0,0,0,1040,周波数,0,0,0,0,2022/12/20 17:05:05
月間,202212,策定,三重東近江線,2023/01/25,昼間帯,逆方向,-2500,-2500,0,0,0,0,-2500,周波数,0,0,0,0,2022/12/20 17:05:05
月間,202212,策定,三重東近江線,2023/01/25,夜間帯,順方向,1320,1320,0,0,0,0,1320,周波数,0,0,0,0,2022/12/20 17:05:05
月間,202212,策定,三重東近江線,2023/01/25,夜間帯,逆方向,-2000,-2000,0,0,0,0,-2000,周波数,0,0,0,0,2022/12/20 17:05:05
月間,202211,策定,三重東近江線,2023/01/26,昼間帯,順方向,1040,1040,0,0,0,0,1040,周波数,0,0,0,0,2022/11/18 17:05:04
月間,202211,策定,三重東近江線,2023/01/26,昼間帯,逆方向,-2500,-2500,0,0,0,0,-2500,周波数,0,0,0,0,2022/11/18 17:05:04
月間,202211,策定,三重東近江線,2023/01/26,夜間帯,順方向,1320,1320,0,0,0,0,1320,周波数,0,0,0,0,2022/11/18 17:05:04
月間,202211,策定,三重東近江線,2023/01/26,夜間帯,逆方向,-2000,-2000,0,0,0,0,-2000,周波数,0,0,0,0,2022/11/18 17:05:04
月間,202212,策定,三重東近江線,2023/01/26,昼間帯,順方向,1040,1040,0,0,0,0,1040,周波数,0,0,0,0,2022/12/20 17:05:05
月間,202212,策定,三重東近江線,2023/01/26,昼間帯,逆方向,-2500,-2500,0,0,0,0,-2500,周波数,0,0,0,0,2022/12/20 17:05:05
月間,202212,策定,三重東近江線,2023/01/26,夜間帯,順方向,1320,1320,0,0,0,0,1320,周波数,0,0,0,0,2022/12/20 17:05:05
月間,202212,策定,三重東近江線,2023/01/26,夜間帯,逆方向,-2000,-2000,0,0,0,0,-2000,周波数,0,0,0,0,2022/12/20 17:05:05
月間,202211,策定,三重東近江線,2023/01/27,昼間帯,順方向,1040,1040,0,0,0,0,1040,周波数,0,0,0,0,2022/11/18 17:05:04
月間,202211,策定,三重東近江線,2023/01/27,昼間帯,逆方向,-2500,-2500,0,0,0,0,-2500,周波数,0,0,0,0,2022/11/18 17:05:04
月間,202211,策定,三重東近江線,2023/01/27,夜間帯,順方向,1320,1320,0,0,0,0,1320,周波数,0,0,0,0,2022/11/18 17:05:04
月間,202211,策定,三重東近江線,2023/01/27,夜間帯,逆方向,-2000,-2000,0,0,0,0,-2000,周波数,0,0,0,0,2022/11/18 17:05:04
月間,202212,策定,三重東近江線,2023/01/27,昼間帯,順方向,1040,1040,0,0,0,0,1040,周波数,0,0,0,0,2022/12/20 17:05:05
月間,202212,策定,三重東近江線,2023/01/27,昼間帯,逆方向,-2500,-2500,0,0,0,0,-2500,周波数,0,0,0,0,2022/12/20 17:05:05
月間,202212,策定,三重東近江線,2023/01/27,夜間帯,順方向,1320,1320,0,0,0,0,1320,周波数,0,0,0,0,2022/12/20 17:05:05
月間,202212,策定,三重東近江線,2023/01/27,夜間帯,逆方向,-2000,-2000,0,0,0,0,-2000,周波数,0,0,0,0,2022/12/20 17:05:05
月間,202211,策定,三重東近江線,2023/01/28,昼間帯,順方向,760,760,0,0,0,0,760,周波数,0,0,0,0,2022/11/18 17:05:04
月間,202211,策定,三重東近江線,2023/01/28,昼間帯,逆方向,-2500,-2500,0,0,0,0,-2500,周波数,0,0,0,0,2022/11/18 17:05:04
月間,202211,策定,三重東近江線,2023/01/28,夜間帯,順方向,1200,1200,0,0,0,0,1200,周波数,0,0,0,0,2022/11/18 17:05:04
月間,202211,策定,三重東近江線,2023/01/28,夜間帯,逆方向,-2000,-2000,0,0,0,0,-2000,周波数,0,0,0,0,2022/11/18 17:05:04
月間,202212,策定,三重東近江線,2023/01/28,昼間帯,順方向,760,760,0,0,0,0,760,周波数,0,0,0,0,2022/12/20 17:05:05
月間,202212,策定,三重東近江線,2023/01/28,昼間帯,逆方向,-2500,-2500,0,0,0,0,-2500,周波数,0,0,0,0,2022/12/20 17:05:05
月間,202212,策定,三重東近江線,2023/01/28,夜間帯,順方向,1200,1200,0,0,0,0,1200,周波数,0,0,0,0,2022/12/20 17:05:05
月間,202212,策定,三重東近江線,2023/01/28,夜間帯,逆方向,-2000,-2000,0,0,0,0,-2000,周波数,0,0,0,0,2022/12/20 17:05:05
月間,202211,策定,三重東近江線,2023/01/29,昼間帯,順方向,760,760,0,0,0,0,760,周波数,0,0,0,0,2022/11/18 17:05:04
月間,202211,策定,三重東近江線,2023/01/29,昼間帯,逆方向,-2000,-2000,0,0,0,0,-2000,周波数,0,0,0,0,2022/11/18 17:05:04
月間,202211,策定,三重東近江線,2023/01/29,夜間帯,順方向,1200,1200,0,0,0,0,1200,周波数,0,0,0,0,2022/11/18 17:05:04
月間,202211,策定,三重東近江線,2023/01/29,夜間帯,逆方向,-2000,-2000,0,0,0,0,-2000,周波数,0,0,0,0,2022/11/18 17:05:04
月間,202212,策定,三重東近江線,2023/01/29,昼間帯,順方向,760,760,0,0,0,0,760,周波数,0,0,0,0,2022/12/20 17:05:05
月間,202212,策定,三重東近江線,2023/01/29,昼間帯,逆方向,-2000,-2000,0,0,0,0,-2000,周波数,0,0,0,0,2022/12/20 17:05:05
月間,202212,策定,三重東近江線,2023/01/29,夜間帯,順方向,1200,1200,0,0,0,0,1200,周波数,0,0,0,0,2022/12/20 17:05:05
月間,202212,策定,三重東近江線,2023/01/29,夜間帯,逆方向,-2000,-2000,0,0,0,0,-2000,周波数,0,0,0,0,2022/12/20 17:05:05
月間,202211,策定,三重東近江線,2023/01/30,昼間帯,順方向,1040,1040,0,0,0,0,1040,周波数,0,0,0,0,2022/11/18 17:05:04
月間,202211,策定,三重東近江線,2023/01/30,昼間帯,逆方向,-2500,-2500,0,0,0,0,-2500,周波数,0,0,0,0,2022/11/18 17:05:04
月間,202211,策定,三重東近江線,2023/01/30,夜間帯,順方向,1200,1200,0,0,0,0,1200,周波数,0,0,0,0,2022/11/18 17:05:04
月間,202211,策定,三重東近江線,2023/01/30,夜間帯,逆方向,-2000,-2000,0,0,0,0,-2000,周波数,0,0,0,0,2022/11/18 17:05:04
月間,202212,策定,三重東近江線,2023/01/30,昼間帯,順方向,1040,1040,0,0,0,0,1040,周波数,0,0,0,0,2022/12/20 17:05:05
月間,202212,策定,三重東近江線,2023/01/30,昼間帯,逆方向,-2500,-2500,0,0,0,0,-2500,周波数,0,0,0,0,2022/12/20 17:05:05
月間,202212,策定,三重東近江線,2023/01/30,夜間帯,順方向,1200,1200,0,0,0,0,1200,周波数,0,0,0,0,2022/12/20 17:05:05
月間,202212,策定,三重東近江線,2023/01/30,夜間帯,逆方向,-2000,-2000,0,0,0,0,-2000,周波数,0,0,0,0,2022/12/20 17:05:05
月間,202211,策定,三重東近江線,2023/01/31,昼間帯,順方向,1040,1040,0,0,0,0,1040,周波数,0,0,0,0,2022/11/18 17:05:04
月間,202211,策定,三重東近江線,2023/01/31,昼間帯,逆方向,-2500,-2500,0,0,0,0,-2500,周波数,0,0,0,0,2022/11/18 17:05:04
月間,202211,策定,三重東近江線,2023/01/31,夜間帯,順方向,1320,1320,0,0,0,0,1320,周波数,0,0,0,0,2022/11/18 17:05:04
月間,202211,策定,三重東近江線,2023/01/31,夜間帯,逆方向,-2000,-2000,0,0,0,0,-2000,周波数,0,0,0,0,2022/11/18 17:05:04
月間,202212,策定,三重東近江線,2023/01/31,昼間帯,順方向,1040,1040,0,0,0,0,1040,周波数,0,0,0,0,2022/12/20 17:05:05
月間,202212,策定,三重東近江線,2023/01/31,昼間帯,逆方向,-2500,-2500,0,0,0,0,-2500,周波数,0,0,0,0,2022/12/20 17:05:05
月間,202212,策定,三重東近江線,2023/01/31,夜間帯,順方向,1320,1320,0,0,0,0,1320,周波数,0,0,0,0,2022/12/20 17:05:05
月間,202212,策定,三重東近江線,2023/01/31,夜間帯,逆方向,-2000,-2000,0,0,0,0,-2000,周波数,0,0,0,0,2022/12/20 17:05:05
月間,202211,策定,南福光連系所・南福光変電所の連系設備,2023/01/01,昼間帯,順方向,300,300,0,0,0,0,300,熱容量,0,0,0,0,2022/11/18 17:05:04
月間,202211,策定,南福光連系所・南福光変電所の連系設備,2023/01/01,昼間帯,逆方向,-300,-300,0,0,0,0,-300,熱容量,0,0,0,0,2022/11/18 17:05:04
月間,202211,策定,南福光連系所・南福光変電所の連系設備,2023/01/01,夜間帯,順方向,300,300,0,0,0,0,300,熱容量,0,0,0,0,2022/11/18 17:05:04
月間,202211,策定,南福光連系所・南福光変電所の連系設備,2023/01/01,夜間帯,逆方向,-300,-300,0,0,0,0,-300,熱容量,0,0,0,0,2022/11/18 17:05:04
月間,202212,策定,南福光連系所・南福光変電所の連系設備,2023/01/01,昼間帯,順方向,300,300,0,0,0,0,300,熱容量,0,0,0,0,2022/12/20 17:05:05
月間,202212,策定,南福光連系所・南福光変電所の連系設備,2023/01/01,昼間帯,逆方向,-300,-300,0,0,0,0,-300,熱容量,0,0,0,0,2022/12/20 17:05:05
月間,202212,策定,南福光連系所・南福光変電所の連系設備,2023/01/01,夜間帯,順方向,300,300,0,0,0,0,300,熱容量,0,0,0,0,2022/12/20 17:05:05
月間,202212,策定,南福光連系所・南福光変電所の連系設備,2023/01/01,夜間帯,逆方向,-300,-300,0,0,0,0,-300,熱容量,0,0,0,0,2022/12/20 17:05:05
月間,202211,策定,南福光連系所・南福光変電所の連系設備,2023/01/02,昼間帯,順方向,300,300,0,0,0,0,300,熱容量,0,0,0,0,2022/11/18 17:05:04
月間,202211,策定,南福光連系所・南福光変電所の連系設備,2023/01/02,昼間帯,逆方向,-300,-300,0,0,0,0,-300,熱容量,0,0,0,0,2022/11/18 17:05:04
月間,202211,策定,南福光連系所・南福光変電所の連系設備,2023/01/02,夜間帯,順方向,300,300,0,0,0,0,300,熱容量,0,0,0,0,2022/11/18 17:05:04
月間,202211,策定,南福光連系所・南福光変電所の連系設備,2023/01/02,夜間帯,逆方向,-300,-300,0,0,0,0,-300,熱容量,0,0,0,0,2022/11/18 17:05:04
月間,202212,策定,南福光連系所・南福光変電所の連系設備,2023/01/02,昼間帯,順方向,300,300,0,0,0,0,300,熱容量,0,0,0,0,2022/12/20 17:05:05
月間,202212,策定,南福光連系所・南福光変電所の連系設備,2023/01/02,昼間帯,逆方向,-300,-300,0,0,0,0,-300,熱容量,0,0,0,0,2022/12/20 17:05:05
月間,202212,策定,南福光連系所・南福光変電所の連系設備,2023/01/02,夜間帯,順方向,300,300,0,0,0,0,300,熱容量,0,0,0,0,2022/12/20 17:05:05
月間,202212,策定,南福光連系所・南福光変電所の連系設備,2023/01/02,夜間帯,逆方向,-300,-300,0,0,0,0,-300,熱容量,0,0,0,0,2022/12/20 17:05:05
月間,202211,策定,南福光連系所・南福光変電所の連系設備,2023/01/03,昼間帯,順方向,300,300,0,0,0,0,300,熱容量,0,0,0,0,2022/11/18 17:05:04
月間,202211,策定,南福光連系所・南福光変電所の連系設備,2023/01/03,昼間帯,逆方向,-300,-300,0,0,0,0,-300,熱容量,0,0,0,0,2022/11/18 17:05:04
月間,202211,策定,南福光連系所・南福光変電所の連系設備,2023/01/03,夜間帯,順方向,300,300,0,0,0,0,300,熱容量,0,0,0,0,2022/11/18 17:05:04
月間,202211,策定,南福光連系所・南福光変電所の連系設備,2023/01/03,夜間帯,逆方向,-300,-300,0,0,0,0,-300,熱容量,0,0,0,0,2022/11/18 17:05:04
月間,202212,策定,南福光連系所・南福光変電所の連系設備,2023/01/03,昼間帯,順方向,300,300,0,0,0,0,300,熱容量,0,0,0,0,2022/12/20 17:05:05
月間,202212,策定,南福光連系所・南福光変電所の連系設備,2023/01/03,昼間帯,逆方向,-300,-300,0,0,0,0,-300,熱容量,0,0,0,0,2022/12/20 17:05:05
月間,202212,策定,南福光連系所・南福光変電所の連系設備,2023/01/03,夜間帯,順方向,300,300,0,0,0,0,300,熱容量,0,0,0,0,2022/12/20 17:05:05
月間,202212,策定,南福光連系所・南福光変電所の連系設備,2023/01/03,夜間帯,逆方向,-300,-300,0,0,0,0,-300,熱容量,0,0,0,0,2022/12/20 17:05:05
月間,202211,策定,南福光連系所・南福光変電所の連系設備,2023/01/04,昼間帯,順方向,300,300,0,0,0,0,300,熱容量,0,0,0,0,2022/11/18 17:05:04
月間,202211,策定,南福光連系所・南福光変電所の連系設備,2023/01/04,昼間帯,逆方向,-300,-300,0,0,0,0,-300,熱容量,0,0,0,0,2022/11/18 17:05:04
月間,202211,策定,南福光連系所・南福光変電所の連系設備,2023/01/04,夜間帯,順方向,300,300,0,0,0,0,300,熱容量,0,0,0,0,2022/11/18 17:05:04
月間,202211,策定,南福光連系所・南福光変電所の連系設備,2023/01/04,夜間帯,逆方向,-300,-300,0,0,0,0,-300,熱容量,0,0,0,0,2022/11/18 17:05:04
月間,202212,策定,南福光連系所・南福光変電所の連系設備,2023/01/04,昼間帯,順方向,300,300,0,0,0,0,300,熱容量,0,0,0,0,2022/12/20 17:05:05
月間,202212,策定,南福光連系所・南福光変電所の連系設備,2023/01/04,昼間帯,逆方向,-300,-300,0,0,0,0,-300,熱容量,0,0,0,0,2022/12/20 17:05:05
月間,202212,策定,南福光連系所・南福光変電所の連系設備,2023/01/04,夜間帯,順方向,300,300,0,0,0,0,300,熱容量,0,0,0,0,2022/12/20 17:05:05
月間,202212,策定,南福光連系所・南福光変電所の連系設備,2023/01/04,夜間帯,逆方向,-300,-300,0,0,0,0,-300,熱容量,0,0,0,0,2022/12/20 17:05:05
月間,202211,策定,南福光連系所・南福光変電所の連系設備,2023/01/05,昼間帯,順方向,300,300,0,0,0,0,300,熱容量,0,0,0,0,2022/11/18 17:05:04
月間,202211,策定,南福光連系所・南福光変電所の連系設備,2023/01/05,昼間帯,逆方向,-300,-300,0,0,0,0,-300,熱容量,0,0,0,0,2022/11/18 17:05:04
月間,202211,策定,南福光連系所・南福光変電所の連系設備,2023/01/05,夜間帯,順方向,300,300,0,0,0,0,300,熱容量,0,0,0,0,2022/11/18 17:05:04
月間,202211,策定,南福光連系所・南福光変電所の連系設備,2023/01/05,夜間帯,逆方向,-300,-300,0,0,0,0,-300,熱容量,0,0,0,0,2022/11/18 17:05:04
月間,202212,策定,南福光連系所・南福光変電所の連系設備,2023/01/05,昼間帯,順方向,300,300,0,0,0,0,300,熱容量,0,0,0,0,2022/12/20 17:05:05
月間,202212,策定,南福光連系所・南福光変電所の連系設備,2023/01/05,昼間帯,逆方向,-300,-300,0,0,0,0,-300,熱容量,0,0,0,0,2022/12/20 17:05:05
月間,202212,策定,南福光連系所・南福光変電所の連系設備,2023/01/05,夜間帯,順方向,300,300,0,0,0,0,300,熱容量,0,0,0,0,2022/12/20 17:05:05
月間,202212,策定,南福光連系所・南福光変電所の連系設備,2023/01/05,夜間帯,逆方向,-300,-300,0,0,0,0,-300,熱容量,0,0,0,0,2022/12/20 17:05:05
月間,202211,策定,南福光連系所・南福光変電所の連系設備,2023/01/06,昼間帯,順方向,300,300,0,0,0,0,300,熱容量,0,0,0,0,2022/11/18 17:05:04
月間,202211,策定,南福光連系所・南福光変電所の連系設備,2023/01/06,昼間帯,逆方向,-300,-300,0,0,0,0,-300,熱容量,0,0,0,0,2022/11/18 17:05:04
月間,202211,策定,南福光連系所・南福光変電所の連系設備,2023/01/06,夜間帯,順方向,300,300,0,0,0,0,300,熱容量,0,0,0,0,2022/11/18 17:05:04
月間,202211,策定,南福光連系所・南福光変電所の連系設備,2023/01/06,夜間帯,逆方向,-300,-300,0,0,0,0,-300,熱容量,0,0,0,0,2022/11/18 17:05:04
月間,202212,策定,南福光連系所・南福光変電所の連系設備,2023/01/06,昼間帯,順方向,300,300,0,0,0,0,300,熱容量,0,0,0,0,2022/12/20 17:05:05
月間,202212,策定,南福光連系所・南福光変電所の連系設備,2023/01/06,昼間帯,逆方向,-300,-300,0,0,0,0,-300,熱容量,0,0,0,0,2022/12/20 17:05:05
月間,202212,策定,南福光連系所・南福光変電所の連系設備,2023/01/06,夜間帯,順方向,300,300,0,0,0,0,300,熱容量,0,0,0,0,2022/12/20 17:05:05
月間,202212,策定,南福光連系所・南福光変電所の連系設備,2023/01/06,夜間帯,逆方向,-300,-300,0,0,0,0,-300,熱容量,0,0,0,0,2022/12/20 17:05:05
月間,202211,策定,南福光連系所・南福光変電所の連系設備,2023/01/07,昼間帯,順方向,300,300,0,0,0,0,300,熱容量,0,0,0,0,2022/11/18 17:05:04
月間,202211,策定,南福光連系所・南福光変電所の連系設備,2023/01/07,昼間帯,逆方向,-300,-300,0,0,0,0,-300,熱容量,0,0,0,0,2022/11/18 17:05:04
月間,202211,策定,南福光連系所・南福光変電所の連系設備,2023/01/07,夜間帯,順方向,300,300,0,0,0,0,300,熱容量,0,0,0,0,2022/11/18 17:05:04
月間,202211,策定,南福光連系所・南福光変電所の連系設備,2023/01/07,夜間帯,逆方向,-300,-300,0,0,0,0,-300,熱容量,0,0,0,0,2022/11/18 17:05:04
月間,202212,策定,南福光連系所・南福光変電所の連系設備,2023/01/07,昼間帯,順方向,300,300,0,0,0,0,300,熱容量,0,0,0,0,2022/12/20 17:05:05
月間,202212,策定,南福光連系所・南福光変電所の連系設備,2023/01/07,昼間帯,逆方向,-300,-300,0,0,0,0,-300,熱容量,0,0,0,0,2022/12/20 17:05:05
月間,202212,策定,南福光連系所・南福光変電所の連系設備,2023/01/07,夜間帯,順方向,300,300,0,0,0,0,300,熱容量,0,0,0,0,2022/12/20 17:05:05
月間,202212,策定,南福光連系所・南福光変電所の連系設備,2023/01/07,夜間帯,逆方向,-300,-300,0,0,0,0,-300,熱容量,0,0,0,0,2022/12/20 17:05:05
月間,202211,策定,南福光連系所・南福光変電所の連系設備,2023/01/08,昼間帯,順方向,300,300,0,0,0,0,300,熱容量,0,0,0,0,2022/11/18 17:05:04
月間,202211,策定,南福光連系所・南福光変電所の連系設備,2023/01/08,昼間帯,逆方向,-300,-300,0,0,0,0,-300,熱容量,0,0,0,0,2022/11/18 17:05:04
月間,202211,策定,南福光連系所・南福光変電所の連系設備,2023/01/08,夜間帯,順方向,300,300,0,0,0,0,300,熱容量,0,0,0,0,2022/11/18 17:05:04
月間,202211,策定,南福光連系所・南福光変電所の連系設備,2023/01/08,夜間帯,逆方向,-300,-300,0,0,0,0,-300,熱容量,0,0,0,0,2022/11/18 17:05:04
月間,202212,策定,南福光連系所・南福光変電所の連系設備,2023/01/08,昼間帯,順方向,300,300,0,0,0,0,300,熱容量,0,0,0,0,2022/12/20 17:05:05
月間,202212,策定,南福光連系所・南福光変電所の連系設備,2023/01/08,昼間帯,逆方向,-300,-300,0,0,0,0,-300,熱容量,0,0,0,0,2022/12/20 17:05:05
月間,202212,策定,南福光連系所・南福光変電所の連系設備,2023/01/08,夜間帯,順方向,300,300,0,0,0,0,300,熱容量,0,0,0,0,2022/12/20 17:05:05
月間,202212,策定,南福光連系所・南福光変電所の連系設備,2023/01/08,夜間帯,逆方向,-300,-300,0,0,0,0,-300,熱容量,0,0,0,0,2022/12/20 17:05:05
月間,202211,策定,南福光連系所・南福光変電所の連系設備,2023/01/09,昼間帯,順方向,300,300,0,0,0,0,300,熱容量,0,0,0,0,2022/11/18 17:05:04
月間,202211,策定,南福光連系所・南福光変電所の連系設備,2023/01/09,昼間帯,逆方向,-300,-300,0,0,0,0,-300,熱容量,0,0,0,0,2022/11/18 17:05:04
月間,202211,策定,南福光連系所・南福光変電所の連系設備,2023/01/09,夜間帯,順方向,300,300,0,0,0,0,300,熱容量,0,0,0,0,2022/11/18 17:05:04
月間,202211,策定,南福光連系所・南福光変電所の連系設備,2023/01/09,夜間帯,逆方向,-300,-300,0,0,0,0,-300,熱容量,0,0,0,0,2022/11/18 17:05:04
月間,202212,策定,南福光連系所・南福光変電所の連系設備,2023/01/09,昼間帯,順方向,300,300,0,0,0,0,300,熱容量,0,0,0,0,2022/12/20 17:05:05
月間,202212,策定,南福光連系所・南福光変電所の連系設備,2023/01/09,昼間帯,逆方向,-300,-300,0,0,0,0,-300,熱容量,0,0,0,0,2022/12/20 17:05:05
月間,202212,策定,南福光連系所・南福光変電所の連系設備,2023/01/09,夜間帯,順方向,300,300,0,0,0,0,300,熱容量,0,0,0,0,2022/12/20 17:05:05
月間,202212,策定,南福光連系所・南福光変電所の連系設備,2023/01/09,夜間帯,逆方向,-300,-300,0,0,0,0,-300,熱容量,0,0,0,0,2022/12/20 17:05:05
月間,202211,策定,南福光連系所・南福光変電所の連系設備,2023/01/10,昼間帯,順方向,300,300,0,0,0,0,300,熱容量,0,0,0,0,2022/11/18 17:05:04
月間,202211,策定,南福光連系所・南福光変電所の連系設備,2023/01/10,昼間帯,逆方向,-300,-300,0,0,0,0,-300,熱容量,0,0,0,0,2022/11/18 17:05:04
月間,202211,策定,南福光連系所・南福光変電所の連系設備,2023/01/10,夜間帯,順方向,300,300,0,0,0,0,300,熱容量,0,0,0,0,2022/11/18 17:05:04
月間,202211,策定,南福光連系所・南福光変電所の連系設備,2023/01/10,夜間帯,逆方向,-300,-300,0,0,0,0,-300,熱容量,0,0,0,0,2022/11/18 17:05:04
月間,202212,策定,南福光連系所・南福光変電所の連系設備,2023/01/10,昼間帯,順方向,300,300,0,0,0,0,300,熱容量,0,0,0,0,2022/12/20 17:05:05
月間,202212,策定,南福光連系所・南福光変電所の連系設備,2023/01/10,昼間帯,逆方向,-300,-300,0,0,0,0,-300,熱容量,0,0,0,0,2022/12/20 17:05:05
月間,202212,策定,南福光連系所・南福光変電所の連系設備,2023/01/10,夜間帯,順方向,300,300,0,0,0,0,300,熱容量,0,0,0,0,2022/12/20 17:05:05
月間,202212,策定,南福光連系所・南福光変電所の連系設備,2023/01/10,夜間帯,逆方向,-300,-300,0,0,0,0,-300,熱容量,0,0,0,0,2022/12/20 17:05:05
月間,202211,策定,南福光連系所・南福光変電所の連系設備,2023/01/11,昼間帯,順方向,300,300,0,0,0,0,300,熱容量,0,0,0,0,2022/11/18 17:05:04
月間,202211,策定,南福光連系所・南福光変電所の連系設備,2023/01/11,昼間帯,逆方向,-300,-300,0,0,0,0,-300,熱容量,0,0,0,0,2022/11/18 17:05:04
月間,202211,策定,南福光連系所・南福光変電所の連系設備,2023/01/11,夜間帯,順方向,300,300,0,0,0,0,300,熱容量,0,0,0,0,2022/11/18 17:05:04
月間,202211,策定,南福光連系所・南福光変電所の連系設備,2023/01/11,夜間帯,逆方向,-300,-300,0,0,0,0,-300,熱容量,0,0,0,0,2022/11/18 17:05:04
月間,202212,策定,南福光連系所・南福光変電所の連系設備,2023/01/11,昼間帯,順方向,300,300,0,0,0,0,300,熱容量,0,0,0,0,2022/12/20 17:05:05
月間,202212,策定,南福光連系所・南福光変電所の連系設備,2023/01/11,昼間帯,逆方向,-300,-300,0,0,0,0,-300,熱容量,0,0,0,0,2022/12/20 17:05:05
月間,202212,策定,南福光連系所・南福光変電所の連系設備,2023/01/11,夜間帯,順方向,300,300,0,0,0,0,300,熱容量,0,0,0,0,2022/12/20 17:05:05
月間,202212,策定,南福光連系所・南福光変電所の連系設備,2023/01/11,夜間帯,逆方向,-300,-300,0,0,0,0,-300,熱容量,0,0,0,0,2022/12/20 17:05:05
月間,202211,策定,南福光連系所・南福光変電所の連系設備,2023/01/12,昼間帯,順方向,300,300,0,0,0,0,300,熱容量,0,0,0,0,2022/11/18 17:05:04
月間,202211,策定,南福光連系所・南福光変電所の連系設備,2023/01/12,昼間帯,逆方向,-300,-300,0,0,0,0,-300,熱容量,0,0,0,0,2022/11/18 17:05:04
月間,202211,策定,南福光連系所・南福光変電所の連系設備,2023/01/12,夜間帯,順方向,300,300,0,0,0,0,300,熱容量,0,0,0,0,2022/11/18 17:05:04
月間,202211,策定,南福光連系所・南福光変電所の連系設備,2023/01/12,夜間帯,逆方向,-300,-300,0,0,0,0,-300,熱容量,0,0,0,0,2022/11/18 17:05:04
月間,202212,策定,南福光連系所・南福光変電所の連系設備,2023/01/12,昼間帯,順方向,300,300,0,0,0,0,300,熱容量,0,0,0,0,2022/12/20 17:05:05
月間,202212,策定,南福光連系所・南福光変電所の連系設備,2023/01/12,昼間帯,逆方向,-300,-300,0,0,0,0,-300,熱容量,0,0,0,0,2022/12/20 17:05:05
月間,202212,策定,南福光連系所・南福光変電所の連系設備,2023/01/12,夜間帯,順方向,300,300,0,0,0,0,300,熱容量,0,0,0,0,2022/12/20 17:05:05
月間,202212,策定,南福光連系所・南福光変電所の連系設備,2023/01/12,夜間帯,逆方向,-300,-300,0,0,0,0,-300,熱容量,0,0,0,0,2022/12/20 17:05:05
月間,202211,策定,南福光連系所・南福光変電所の連系設備,2023/01/13,昼間帯,順方向,300,300,0,0,0,0,300,熱容量,0,0,0,0,2022/11/18 17:05:04
月間,202211,策定,南福光連系所・南福光変電所の連系設備,2023/01/13,昼間帯,逆方向,-300,-300,0,0,0,0,-300,熱容量,0,0,0,0,2022/11/18 17:05:04
月間,202211,策定,南福光連系所・南福光変電所の連系設備,2023/01/13,夜間帯,順方向,300,300,0,0,0,0,300,熱容量,0,0,0,0,2022/11/18 17:05:04
月間,202211,策定,南福光連系所・南福光変電所の連系設備,2023/01/13,夜間帯,逆方向,-300,-300,0,0,0,0,-300,熱容量,0,0,0,0,2022/11/18 17:05:04
月間,202212,策定,南福光連系所・南福光変電所の連系設備,2023/01/13,昼間帯,順方向,300,300,0,0,0,0,300,熱容量,0,0,0,0,2022/12/20 17:05:05
月間,202212,策定,南福光連系所・南福光変電所の連系設備,2023/01/13,昼間帯,逆方向,-300,-300,0,0,0,0,-300,熱容量,0,0,0,0,2022/12/20 17:05:05
月間,202212,策定,南福光連系所・南福光変電所の連系設備,2023/01/13,夜間帯,順方向,300,300,0,0,0,0,300,熱容量,0,0,0,0,2022/12/20 17:05:05
月間,202212,策定,南福光連系所・南福光変電所の連系設備,2023/01/13,夜間帯,逆方向,-300,-300,0,0,0,0,-300,熱容量,0,0,0,0,2022/12/20 17:05:05
月間,202211,策定,南福光連系所・南福光変電所の連系設備,2023/01/14,昼間帯,順方向,300,300,0,0,0,0,300,熱容量,0,0,0,0,2022/11/18 17:05:04
月間,202211,策定,南福光連系所・南福光変電所の連系設備,2023/01/14,昼間帯,逆方向,-300,-300,0,0,0,0,-300,熱容量,0,0,0,0,2022/11/18 17:05:04
月間,202211,策定,南福光連系所・南福光変電所の連系設備,2023/01/14,夜間帯,順方向,300,300,0,0,0,0,300,熱容量,0,0,0,0,2022/11/18 17:05:04
月間,202211,策定,南福光連系所・南福光変電所の連系設備,2023/01/14,夜間帯,逆方向,-300,-300,0,0,0,0,-300,熱容量,0,0,0,0,2022/11/18 17:05:04
月間,202212,策定,南福光連系所・南福光変電所の連系設備,2023/01/14,昼間帯,順方向,300,300,0,0,0,0,300,熱容量,0,0,0,0,2022/12/20 17:05:05
月間,202212,策定,南福光連系所・南福光変電所の連系設備,2023/01/14,昼間帯,逆方向,-300,-300,0,0,0,0,-300,熱容量,0,0,0,0,2022/12/20 17:05:05
月間,202212,策定,南福光連系所・南福光変電所の連系設備,2023/01/14,夜間帯,順方向,300,300,0,0,0,0,300,熱容量,0,0,0,0,2022/12/20 17:05:05
月間,202212,策定,南福光連系所・南福光変電所の連系設備,2023/01/14,夜間帯,逆方向,-300,-300,0,0,0,0,-300,熱容量,0,0,0,0,2022/12/20 17:05:05
月間,202211,策定,南福光連系所・南福光変電所の連系設備,2023/01/15,昼間帯,順方向,300,300,0,0,0,0,300,熱容量,0,0,0,0,2022/11/18 17:05:04
月間,202211,策定,南福光連系所・南福光変電所の連系設備,2023/01/15,昼間帯,逆方向,-300,-300,0,0,0,0,-300,熱容量,0,0,0,0,2022/11/18 17:05:04
月間,202211,策定,南福光連系所・南福光変電所の連系設備,2023/01/15,夜間帯,順方向,300,300,0,0,0,0,300,熱容量,0,0,0,0,2022/11/18 17:05:04
月間,202211,策定,南福光連系所・南福光変電所の連系設備,2023/01/15,夜間帯,逆方向,-300,-300,0,0,0,0,-300,熱容量,0,0,0,0,2022/11/18 17:05:04
月間,202212,策定,南福光連系所・南福光変電所の連系設備,2023/01/15,昼間帯,順方向,300,300,0,0,0,0,300,熱容量,0,0,0,0,2022/12/20 17:05:05
月間,202212,策定,南福光連系所・南福光変電所の連系設備,2023/01/15,昼間帯,逆方向,-300,-300,0,0,0,0,-300,熱容量,0,0,0,0,2022/12/20 17:05:05
月間,202212,策定,南福光連系所・南福光変電所の連系設備,2023/01/15,夜間帯,順方向,300,300,0,0,0,0,300,熱容量,0,0,0,0,2022/12/20 17:05:05
月間,202212,策定,南福光連系所・南福光変電所の連系設備,2023/01/15,夜間帯,逆方向,-300,-300,0,0,0,0,-300,熱容量,0,0,0,0,2022/12/20 17:05:05
月間,202211,策定,南福光連系所・南福光変電所の連系設備,2023/01/16,昼間帯,順方向,300,300,0,0,0,0,300,熱容量,0,0,0,0,2022/11/18 17:05:04
月間,202211,策定,南福光連系所・南福光変電所の連系設備,2023/01/16,昼間帯,逆方向,-300,-300,0,0,0,0,-300,熱容量,0,0,0,0,2022/11/18 17:05:04
月間,202211,策定,南福光連系所・南福光変電所の連系設備,2023/01/16,夜間帯,順方向,300,300,0,0,0,0,300,熱容量,0,0,0,0,2022/11/18 17:05:04
月間,202211,策定,南福光連系所・南福光変電所の連系設備,2023/01/16,夜間帯,逆方向,-300,-300,0,0,0,0,-300,熱容量,0,0,0,0,2022/11/18 17:05:04
月間,202212,策定,南福光連系所・南福光変電所の連系設備,2023/01/16,昼間帯,順方向,300,300,0,0,0,0,300,熱容量,0,0,0,0,2022/12/20 17:05:05
月間,202212,策定,南福光連系所・南福光変電所の連系設備,2023/01/16,昼間帯,逆方向,-300,-300,0,0,0,0,-300,熱容量,0,0,0,0,2022/12/20 17:05:05
月間,202212,策定,南福光連系所・南福光変電所の連系設備,2023/01/16,夜間帯,順方向,300,300,0,0,0,0,300,熱容量,0,0,0,0,2022/12/20 17:05:05
月間,202212,策定,南福光連系所・南福光変電所の連系設備,2023/01/16,夜間帯,逆方向,-300,-300,0,0,0,0,-300,熱容量,0,0,0,0,2022/12/20 17:05:05
月間,202211,策定,南福光連系所・南福光変電所の連系設備,2023/01/17,昼間帯,順方向,300,300,0,0,0,0,300,熱容量,0,0,0,0,2022/11/18 17:05:04
月間,202211,策定,南福光連系所・南福光変電所の連系設備,2023/01/17,昼間帯,逆方向,-300,-300,0,0,0,0,-300,熱容量,0,0,0,0,2022/11/18 17:05:04
月間,202211,策定,南福光連系所・南福光変電所の連系設備,2023/01/17,夜間帯,順方向,300,300,0,0,0,0,300,熱容量,0,0,0,0,2022/11/18 17:05:04
月間,202211,策定,南福光連系所・南福光変電所の連系設備,2023/01/17,夜間帯,逆方向,-300,-300,0,0,0,0,-300,熱容量,0,0,0,0,2022/11/18 17:05:04
月間,202212,策定,南福光連系所・南福光変電所の連系設備,2023/01/17,昼間帯,順方向,300,300,0,0,0,0,300,熱容量,0,0,0,0,2022/12/20 17:05:05
月間,202212,策定,南福光連系所・南福光変電所の連系設備,2023/01/17,昼間帯,逆方向,-300,-300,0,0,0,0,-300,熱容量,0,0,0,0,2022/12/20 17:05:05
月間,202212,策定,南福光連系所・南福光変電所の連系設備,2023/01/17,夜間帯,順方向,300,300,0,0,0,0,300,熱容量,0,0,0,0,2022/12/20 17:05:05
月間,202212,策定,南福光連系所・南福光変電所の連系設備,2023/01/17,夜間帯,逆方向,-300,-300,0,0,0,0,-300,熱容量,0,0,0,0,2022/12/20 17:05:05
月間,202211,策定,南福光連系所・南福光変電所の連系設備,2023/01/18,昼間帯,順方向,300,300,0,0,0,0,300,熱容量,0,0,0,0,2022/11/18 17:05:04
月間,202211,策定,南福光連系所・南福光変電所の連系設備,2023/01/18,昼間帯,逆方向,-300,-300,0,0,0,0,-300,熱容量,0,0,0,0,2022/11/18 17:05:04
月間,202211,策定,南福光連系所・南福光変電所の連系設備,2023/01/18,夜間帯,順方向,300,300,0,0,0,0,300,熱容量,0,0,0,0,2022/11/18 17:05:04
月間,202211,策定,南福光連系所・南福光変電所の連系設備,2023/01/18,夜間帯,逆方向,-300,-300,0,0,0,0,-300,熱容量,0,0,0,0,2022/11/18 17:05:04
月間,202212,策定,南福光連系所・南福光変電所の連系設備,2023/01/18,昼間帯,順方向,300,300,0,0,0,0,300,熱容量,0,0,0,0,2022/12/20 17:05:05
月間,202212,策定,南福光連系所・南福光変電所の連系設備,2023/01/18,昼間帯,逆方向,-300,-300,0,0,0,0,-300,熱容量,0,0,0,0,2022/12/20 17:05:05
月間,202212,策定,南福光連系所・南福光変電所の連系設備,2023/01/18,夜間帯,順方向,300,300,0,0,0,0,300,熱容量,0,0,0,0,2022/12/20 17:05:05
月間,202212,策定,南福光連系所・南福光変電所の連系設備,2023/01/18,夜間帯,逆方向,-300,-300,0,0,0,0,-300,熱容量,0,0,0,0,2022/12/20 17:05:05
月間,202211,策定,南福光連系所・南福光変電所の連系設備,2023/01/19,昼間帯,順方向,300,300,0,0,0,0,300,熱容量,0,0,0,0,2022/11/18 17:05:04
月間,202211,策定,南福光連系所・南福光変電所の連系設備,2023/01/19,昼間帯,逆方向,-300,-300,0,0,0,0,-300,熱容量,0,0,0,0,2022/11/18 17:05:04
月間,202211,策定,南福光連系所・南福光変電所の連系設備,2023/01/19,夜間帯,順方向,300,300,0,0,0,0,300,熱容量,0,0,0,0,2022/11/18 17:05:04
月間,202211,策定,南福光連系所・南福光変電所の連系設備,2023/01/19,夜間帯,逆方向,-300,-300,0,0,0,0,-300,熱容量,0,0,0,0,2022/11/18 17:05:04
月間,202212,策定,南福光連系所・南福光変電所の連系設備,2023/01/19,昼間帯,順方向,300,300,0,0,0,0,300,熱容量,0,0,0,0,2022/12/20 17:05:05
月間,202212,策定,南福光連系所・南福光変電所の連系設備,2023/01/19,昼間帯,逆方向,-300,-300,0,0,0,0,-300,熱容量,0,0,0,0,2022/12/20 17:05:05
月間,202212,策定,南福光連系所・南福光変電所の連系設備,2023/01/19,夜間帯,順方向,300,300,0,0,0,0,300,熱容量,0,0,0,0,2022/12/20 17:05:05
月間,202212,策定,南福光連系所・南福光変電所の連系設備,2023/01/19,夜間帯,逆方向,-300,-300,0,0,0,0,-300,熱容量,0,0,0,0,2022/12/20 17:05:05
月間,202211,策定,南福光連系所・南福光変電所の連系設備,2023/01/20,昼間帯,順方向,300,300,0,0,0,0,300,熱容量,0,0,0,0,2022/11/18 17:05:04
月間,202211,策定,南福光連系所・南福光変電所の連系設備,2023/01/20,昼間帯,逆方向,-300,-300,0,0,0,0,-300,熱容量,0,0,0,0,2022/11/18 17:05:04
月間,202211,策定,南福光連系所・南福光変電所の連系設備,2023/01/20,夜間帯,順方向,300,300,0,0,0,0,300,熱容量,0,0,0,0,2022/11/18 17:05:04
月間,202211,策定,南福光連系所・南福光変電所の連系設備,2023/01/20,夜間帯,逆方向,-300,-300,0,0,0,0,-300,熱容量,0,0,0,0,2022/11/18 17:05:04
月間,202212,策定,南福光連系所・南福光変電所の連系設備,2023/01/20,昼間帯,順方向,300,300,0,0,0,0,300,熱容量,0,0,0,0,2022/12/20 17:05:05
月間,202212,策定,南福光連系所・南福光変電所の連系設備,2023/01/20,昼間帯,逆方向,-300,-300,0,0,0,0,-300,熱容量,0,0,0,0,2022/12/20 17:05:05
月間,202212,策定,南福光連系所・南福光変電所の連系設備,2023/01/20,夜間帯,順方向,300,300,0,0,0,0,300,熱容量,0,0,0,0,2022/12/20 17:05:05
月間,202212,策定,南福光連系所・南福光変電所の連系設備,2023/01/20,夜間帯,逆方向,-300,-300,0,0,0,0,-300,熱容量,0,0,0,0,2022/12/20 17:05:05
月間,202211,策定,南福光連系所・南福光変電所の連系設備,2023/01/21,昼間帯,順方向,300,300,0,0,0,0,300,熱容量,0,0,0,0,2022/11/18 17:05:04
月間,202211,策定,南福光連系所・南福光変電所の連系設備,2023/01/21,昼間帯,逆方向,-300,-300,0,0,0,0,-300,熱容量,0,0,0,0,2022/11/18 17:05:04
月間,202211,策定,南福光連系所・南福光変電所の連系設備,2023/01/21,夜間帯,順方向,300,300,0,0,0,0,300,熱容量,0,0,0,0,2022/11/18 17:05:04
月間,202211,策定,南福光連系所・南福光変電所の連系設備,2023/01/21,夜間帯,逆方向,-300,-300,0,0,0,0,-300,熱容量,0,0,0,0,2022/11/18 17:05:04
月間,202212,策定,南福光連系所・南福光変電所の連系設備,2023/01/21,昼間帯,順方向,300,300,0,0,0,0,300,熱容量,0,0,0,0,2022/12/20 17:05:05
月間,202212,策定,南福光連系所・南福光変電所の連系設備,2023/01/21,昼間帯,逆方向,-300,-300,0,0,0,0,-300,熱容量,0,0,0,0,2022/12/20 17:05:05
月間,202212,策定,南福光連系所・南福光変電所の連系設備,2023/01/21,夜間帯,順方向,300,300,0,0,0,0,300,熱容量,0,0,0,0,2022/12/20 17:05:05
月間,202212,策定,南福光連系所・南福光変電所の連系設備,2023/01/21,夜間帯,逆方向,-300,-300,0,0,0,0,-300,熱容量,0,0,0,0,2022/12/20 17:05:05
月間,202211,策定,南福光連系所・南福光変電所の連系設備,2023/01/22,昼間帯,順方向,300,300,0,0,0,0,300,熱容量,0,0,0,0,2022/11/18 17:05:04
月間,202211,策定,南福光連系所・南福光変電所の連系設備,2023/01/22,昼間帯,逆方向,-300,-300,0,0,0,0,-300,熱容量,0,0,0,0,2022/11/18 17:05:04
月間,202211,策定,南福光連系所・南福光変電所の連系設備,2023/01/22,夜間帯,順方向,300,300,0,0,0,0,300,熱容量,0,0,0,0,2022/11/18 17:05:04
月間,202211,策定,南福光連系所・南福光変電所の連系設備,2023/01/22,夜間帯,逆方向,-300,-300,0,0,0,0,-300,熱容量,0,0,0,0,2022/11/18 17:05:04
月間,202212,策定,南福光連系所・南福光変電所の連系設備,2023/01/22,昼間帯,順方向,300,300,0,0,0,0,300,熱容量,0,0,0,0,2022/12/20 17:05:05
月間,202212,策定,南福光連系所・南福光変電所の連系設備,2023/01/22,昼間帯,逆方向,-300,-300,0,0,0,0,-300,熱容量,0,0,0,0,2022/12/20 17:05:05
月間,202212,策定,南福光連系所・南福光変電所の連系設備,2023/01/22,夜間帯,順方向,300,300,0,0,0,0,300,熱容量,0,0,0,0,2022/12/20 17:05:05
月間,202212,策定,南福光連系所・南福光変電所の連系設備,2023/01/22,夜間帯,逆方向,-300,-300,0,0,0,0,-300,熱容量,0,0,0,0,2022/12/20 17:05:05
月間,202211,策定,南福光連系所・南福光変電所の連系設備,2023/01/23,昼間帯,順方向,300,300,0,0,0,0,300,熱容量,0,0,0,0,2022/11/18 17:05:04
月間,202211,策定,南福光連系所・南福光変電所の連系設備,2023/01/23,昼間帯,逆方向,-300,-300,0,0,0,0,-300,熱容量,0,0,0,0,2022/11/18 17:05:04
月間,202211,策定,南福光連系所・南福光変電所の連系設備,2023/01/23,夜間帯,順方向,300,300,0,0,0,0,300,熱容量,0,0,0,0,2022/11/18 17:05:04
月間,202211,策定,南福光連系所・南福光変電所の連系設備,2023/01/23,夜間帯,逆方向,-300,-300,0,0,0,0,-300,熱容量,0,0,0,0,2022/11/18 17:05:04
月間,202212,策定,南福光連系所・南福光変電所の連系設備,2023/01/23,昼間帯,順方向,300,300,0,0,0,0,300,熱容量,0,0,0,0,2022/12/20 17:05:05
月間,202212,策定,南福光連系所・南福光変電所の連系設備,2023/01/23,昼間帯,逆方向,-300,-300,0,0,0,0,-300,熱容量,0,0,0,0,2022/12/20 17:05:05
月間,202212,策定,南福光連系所・南福光変電所の連系設備,2023/01/23,夜間帯,順方向,300,300,0,0,0,0,300,熱容量,0,0,0,0,2022/12/20 17:05:05
月間,202212,策定,南福光連系所・南福光変電所の連系設備,2023/01/23,夜間帯,逆方向,-300,-300,0,0,0,0,-300,熱容量,0,0,0,0,2022/12/20 17:05:05
月間,202211,策定,南福光連系所・南福光変電所の連系設備,2023/01/24,昼間帯,順方向,300,300,0,0,0,0,300,熱容量,0,0,0,0,2022/11/18 17:05:04
月間,202211,策定,南福光連系所・南福光変電所の連系設備,2023/01/24,昼間帯,逆方向,-300,-300,0,0,0,0,-300,熱容量,0,0,0,0,2022/11/18 17:05:04
月間,202211,策定,南福光連系所・南福光変電所の連系設備,2023/01/24,夜間帯,順方向,300,300,0,0,0,0,300,熱容量,0,0,0,0,2022/11/18 17:05:04
月間,202211,策定,南福光連系所・南福光変電所の連系設備,2023/01/24,夜間帯,逆方向,-300,-300,0,0,0,0,-300,熱容量,0,0,0,0,2022/11/18 17:05:04
月間,202212,策定,南福光連系所・南福光変電所の連系設備,2023/01/24,昼間帯,順方向,300,300,0,0,0,0,300,熱容量,0,0,0,0,2022/12/20 17:05:05
月間,202212,策定,南福光連系所・南福光変電所の連系設備,2023/01/24,昼間帯,逆方向,-300,-300,0,0,0,0,-300,熱容量,0,0,0,0,2022/12/20 17:05:05
月間,202212,策定,南福光連系所・南福光変電所の連系設備,2023/01/24,夜間帯,順方向,300,300,0,0,0,0,300,熱容量,0,0,0,0,2022/12/20 17:05:05
月間,202212,策定,南福光連系所・南福光変電所の連系設備,2023/01/24,夜間帯,逆方向,-300,-300,0,0,0,0,-300,熱容量,0,0,0,0,2022/12/20 17:05:05
月間,202211,策定,南福光連系所・南福光変電所の連系設備,2023/01/25,昼間帯,順方向,300,300,0,0,0,0,300,熱容量,0,0,0,0,2022/11/18 17:05:04
月間,202211,策定,南福光連系所・南福光変電所の連系設備,2023/01/25,昼間帯,逆方向,-300,-300,0,0,0,0,-300,熱容量,0,0,0,0,2022/11/18 17:05:04
月間,202211,策定,南福光連系所・南福光変電所の連系設備,2023/01/25,夜間帯,順方向,300,300,0,0,0,0,300,熱容量,0,0,0,0,2022/11/18 17:05:04
月間,202211,策定,南福光連系所・南福光変電所の連系設備,2023/01/25,夜間帯,逆方向,-300,-300,0,0,0,0,-300,熱容量,0,0,0,0,2022/11/18 17:05:04
月間,202212,策定,南福光連系所・南福光変電所の連系設備,2023/01/25,昼間帯,順方向,300,300,0,0,0,0,300,熱容量,0,0,0,0,2022/12/20 17:05:05
月間,202212,策定,南福光連系所・南福光変電所の連系設備,2023/01/25,昼間帯,逆方向,-300,-300,0,0,0,0,-300,熱容量,0,0,0,0,2022/12/20 17:05:05
月間,202212,策定,南福光連系所・南福光変電所の連系設備,2023/01/25,夜間帯,順方向,300,300,0,0,0,0,300,熱容量,0,0,0,0,2022/12/20 17:05:05
月間,202212,策定,南福光連系所・南福光変電所の連系設備,2023/01/25,夜間帯,逆方向,-300,-300,0,0,0,0,-300,熱容量,0,0,0,0,2022/12/20 17:05:05
月間,202211,策定,南福光連系所・南福光変電所の連系設備,2023/01/26,昼間帯,順方向,300,300,0,0,0,0,300,熱容量,0,0,0,0,2022/11/18 17:05:04
月間,202211,策定,南福光連系所・南福光変電所の連系設備,2023/01/26,昼間帯,逆方向,-300,-300,0,0,0,0,-300,熱容量,0,0,0,0,2022/11/18 17:05:04
月間,202211,策定,南福光連系所・南福光変電所の連系設備,2023/01/26,夜間帯,順方向,300,300,0,0,0,0,300,熱容量,0,0,0,0,2022/11/18 17:05:04
月間,202211,策定,南福光連系所・南福光変電所の連系設備,2023/01/26,夜間帯,逆方向,-300,-300,0,0,0,0,-300,熱容量,0,0,0,0,2022/11/18 17:05:04
月間,202212,策定,南福光連系所・南福光変電所の連系設備,2023/01/26,昼間帯,順方向,300,300,0,0,0,0,300,熱容量,0,0,0,0,2022/12/20 17:05:05
月間,202212,策定,南福光連系所・南福光変電所の連系設備,2023/01/26,昼間帯,逆方向,-300,-300,0,0,0,0,-300,熱容量,0,0,0,0,2022/12/20 17:05:05
月間,202212,策定,南福光連系所・南福光変電所の連系設備,2023/01/26,夜間帯,順方向,300,300,0,0,0,0,300,熱容量,0,0,0,0,2022/12/20 17:05:05
月間,202212,策定,南福光連系所・南福光変電所の連系設備,2023/01/26,夜間帯,逆方向,-300,-300,0,0,0,0,-300,熱容量,0,0,0,0,2022/12/20 17:05:05
月間,202211,策定,南福光連系所・南福光変電所の連系設備,2023/01/27,昼間帯,順方向,300,300,0,0,0,0,300,熱容量,0,0,0,0,2022/11/18 17:05:04
月間,202211,策定,南福光連系所・南福光変電所の連系設備,2023/01/27,昼間帯,逆方向,-300,-300,0,0,0,0,-300,熱容量,0,0,0,0,2022/11/18 17:05:04
月間,202211,策定,南福光連系所・南福光変電所の連系設備,2023/01/27,夜間帯,順方向,300,300,0,0,0,0,300,熱容量,0,0,0,0,2022/11/18 17:05:04
月間,202211,策定,南福光連系所・南福光変電所の連系設備,2023/01/27,夜間帯,逆方向,-300,-300,0,0,0,0,-300,熱容量,0,0,0,0,2022/11/18 17:05:04
月間,202212,策定,南福光連系所・南福光変電所の連系設備,2023/01/27,昼間帯,順方向,300,300,0,0,0,0,300,熱容量,0,0,0,0,2022/12/20 17:05:05
月間,202212,策定,南福光連系所・南福光変電所の連系設備,2023/01/27,昼間帯,逆方向,-300,-300,0,0,0,0,-300,熱容量,0,0,0,0,2022/12/20 17:05:05
月間,202212,策定,南福光連系所・南福光変電所の連系設備,2023/01/27,夜間帯,順方向,300,300,0,0,0,0,300,熱容量,0,0,0,0,2022/12/20 17:05:05
月間,202212,策定,南福光連系所・南福光変電所の連系設備,2023/01/27,夜間帯,逆方向,-300,-300,0,0,0,0,-300,熱容量,0,0,0,0,2022/12/20 17:05:05
月間,202211,策定,南福光連系所・南福光変電所の連系設備,2023/01/28,昼間帯,順方向,300,300,0,0,0,0,300,熱容量,0,0,0,0,2022/11/18 17:05:04
月間,202211,策定,南福光連系所・南福光変電所の連系設備,2023/01/28,昼間帯,逆方向,-300,-300,0,0,0,0,-300,熱容量,0,0,0,0,2022/11/18 17:05:04
月間,202211,策定,南福光連系所・南福光変電所の連系設備,2023/01/28,夜間帯,順方向,300,300,0,0,0,0,300,熱容量,0,0,0,0,2022/11/18 17:05:04
月間,202211,策定,南福光連系所・南福光変電所の連系設備,2023/01/28,夜間帯,逆方向,-300,-300,0,0,0,0,-300,熱容量,0,0,0,0,2022/11/18 17:05:04
月間,202212,策定,南福光連系所・南福光変電所の連系設備,2023/01/28,昼間帯,順方向,300,300,0,0,0,0,300,熱容量,0,0,0,0,2022/12/20 17:05:05
月間,202212,策定,南福光連系所・南福光変電所の連系設備,2023/01/28,昼間帯,逆方向,-300,-300,0,0,0,0,-300,熱容量,0,0,0,0,2022/12/20 17:05:05
月間,202212,策定,南福光連系所・南福光変電所の連系設備,2023/01/28,夜間帯,順方向,300,300,0,0,0,0,300,熱容量,0,0,0,0,2022/12/20 17:05:05
月間,202212,策定,南福光連系所・南福光変電所の連系設備,2023/01/28,夜間帯,逆方向,-300,-300,0,0,0,0,-300,熱容量,0,0,0,0,2022/12/20 17:05:05
月間,202211,策定,南福光連系所・南福光変電所の連系設備,2023/01/29,昼間帯,順方向,300,300,0,0,0,0,300,熱容量,0,0,0,0,2022/11/18 17:05:04
月間,202211,策定,南福光連系所・南福光変電所の連系設備,2023/01/29,昼間帯,逆方向,-300,-300,0,0,0,0,-300,熱容量,0,0,0,0,2022/11/18 17:05:04
月間,202211,策定,南福光連系所・南福光変電所の連系設備,2023/01/29,夜間帯,順方向,300,300,0,0,0,0,300,熱容量,0,0,0,0,2022/11/18 17:05:04
月間,202211,策定,南福光連系所・南福光変電所の連系設備,2023/01/29,夜間帯,逆方向,-300,-300,0,0,0,0,-300,熱容量,0,0,0,0,2022/11/18 17:05:04
月間,202212,策定,南福光連系所・南福光変電所の連系設備,2023/01/29,昼間帯,順方向,300,300,0,0,0,0,300,熱容量,0,0,0,0,2022/12/20 17:05:05
月間,202212,策定,南福光連系所・南福光変電所の連系設備,2023/01/29,昼間帯,逆方向,-300,-300,0,0,0,0,-300,熱容量,0,0,0,0,2022/12/20 17:05:05
月間,202212,策定,南福光連系所・南福光変電所の連系設備,2023/01/29,夜間帯,順方向,300,300,0,0,0,0,300,熱容量,0,0,0,0,2022/12/20 17:05:05
月間,202212,策定,南福光連系所・南福光変電所の連系設備,2023/01/29,夜間帯,逆方向,-300,-300,0,0,0,0,-300,熱容量,0,0,0,0,2022/12/20 17:05:05
月間,202211,策定,南福光連系所・南福光変電所の連系設備,2023/01/30,昼間帯,順方向,300,300,0,0,0,0,300,熱容量,0,0,0,0,2022/11/18 17:05:04
月間,202211,策定,南福光連系所・南福光変電所の連系設備,2023/01/30,昼間帯,逆方向,-300,-300,0,0,0,0,-300,熱容量,0,0,0,0,2022/11/18 17:05:04
月間,202211,策定,南福光連系所・南福光変電所の連系設備,2023/01/30,夜間帯,順方向,300,300,0,0,0,0,300,熱容量,0,0,0,0,2022/11/18 17:05:04
月間,202211,策定,南福光連系所・南福光変電所の連系設備,2023/01/30,夜間帯,逆方向,-300,-300,0,0,0,0,-300,熱容量,0,0,0,0,2022/11/18 17:05:04
月間,202212,策定,南福光連系所・南福光変電所の連系設備,2023/01/30,昼間帯,順方向,300,300,0,0,0,0,300,熱容量,0,0,0,0,2022/12/20 17:05:05
月間,202212,策定,南福光連系所・南福光変電所の連系設備,2023/01/30,昼間帯,逆方向,-300,-300,0,0,0,0,-300,熱容量,0,0,0,0,2022/12/20 17:05:05
月間,202212,策定,南福光連系所・南福光変電所の連系設備,2023/01/30,夜間帯,順方向,300,300,0,0,0,0,300,熱容量,0,0,0,0,2022/12/20 17:05:05
月間,202212,策定,南福光連系所・南福光変電所の連系設備,2023/01/30,夜間帯,逆方向,-300,-300,0,0,0,0,-300,熱容量,0,0,0,0,2022/12/20 17:05:05
月間,202211,策定,南福光連系所・南福光変電所の連系設備,2023/01/31,昼間帯,順方向,300,300,0,0,0,0,300,熱容量,0,0,0,0,2022/11/18 17:05:04
月間,202211,策定,南福光連系所・南福光変電所の連系設備,2023/01/31,昼間帯,逆方向,-300,-300,0,0,0,0,-300,熱容量,0,0,0,0,2022/11/18 17:05:04
月間,202211,策定,南福光連系所・南福光変電所の連系設備,2023/01/31,夜間帯,順方向,300,300,0,0,0,0,300,熱容量,0,0,0,0,2022/11/18 17:05:04
月間,202211,策定,南福光連系所・南福光変電所の連系設備,2023/01/31,夜間帯,逆方向,-300,-300,0,0,0,0,-300,熱容量,0,0,0,0,2022/11/18 17:05:04
月間,202212,策定,南福光連系所・南福光変電所の連系設備,2023/01/31,昼間帯,順方向,300,300,0,0,0,0,300,熱容量,0,0,0,0,2022/12/20 17:05:05
月間,202212,策定,南福光連系所・南福光変電所の連系設備,2023/01/31,昼間帯,逆方向,-300,-300,0,0,0,0,-300,熱容量,0,0,0,0,2022/12/20 17:05:05
月間,202212,策定,南福光連系所・南福光変電所の連系設備,2023/01/31,夜間帯,順方向,300,300,0,0,0,0,300,熱容量,0,0,0,0,2022/12/20 17:05:05
月間,202212,策定,南福光連系所・南福光変電所の連系設備,2023/01/31,夜間帯,逆方向,-300,-300,0,0,0,0,-300,熱容量,0,0,0,0,2022/12/20 17:05:05
月間,202211,策定,越前嶺南線,2023/01/01,昼間帯,順方向,1670,1670,0,0,0,0,1670,周波数,0,0,0,0,2022/11/18 17:05:04
月間,202211,策定,越前嶺南線,2023/01/01,昼間帯,逆方向,-900,-900,0,0,0,0,-900,周波数,0,0,0,0,2022/11/18 17:05:04
月間,202211,策定,越前嶺南線,2023/01/01,夜間帯,順方向,1900,1900,0,0,0,0,1900,安定度,0,0,0,0,2022/11/18 17:05:04
月間,202211,策定,越前嶺南線,2023/01/01,夜間帯,逆方向,-900,-900,0,0,0,0,-900,周波数,0,0,0,0,2022/11/18 17:05:04
月間,202212,策定,越前嶺南線,2023/01/01,昼間帯,順方向,1670,1670,0,0,0,0,1670,周波数,0,0,0,0,2022/12/20 17:05:05
月間,202212,策定,越前嶺南線,2023/01/01,昼間帯,逆方向,-900,-900,0,0,0,0,-900,周波数,0,0,0,0,2022/12/20 17:05:05
月間,202212,策定,越前嶺南線,2023/01/01,夜間帯,順方向,1900,1900,0,0,0,0,1900,安定度,0,0,0,0,2022/12/20 17:05:05
月間,202212,策定,越前嶺南線,2023/01/01,夜間帯,逆方向,-900,-900,0,0,0,0,-900,周波数,0,0,0,0,2022/12/20 17:05:05
月間,202211,策定,越前嶺南線,2023/01/02,昼間帯,順方向,1670,1670,0,0,0,0,1670,周波数,0,0,0,0,2022/11/18 17:05:04
月間,202211,策定,越前嶺南線,2023/01/02,昼間帯,逆方向,-900,-900,0,0,0,0,-900,周波数,0,0,0,0,2022/11/18 17:05:04
月間,202211,策定,越前嶺南線,2023/01/02,夜間帯,順方向,1900,1900,0,0,0,0,1900,安定度,0,0,0,0,2022/11/18 17:05:04
月間,202211,策定,越前嶺南線,2023/01/02,夜間帯,逆方向,-900,-900,0,0,0,0,-900,周波数,0,0,0,0,2022/11/18 17:05:04
月間,202212,策定,越前嶺南線,2023/01/02,昼間帯,順方向,1670,1670,0,0,0,0,1670,周波数,0,0,0,0,2022/12/20 17:05:05
月間,202212,策定,越前嶺南線,2023/01/02,昼間帯,逆方向,-900,-900,0,0,0,0,-900,周波数,0,0,0,0,2022/12/20 17:05:05
月間,202212,策定,越前嶺南線,2023/01/02,夜間帯,順方向,1900,1900,0,0,0,0,1900,安定度,0,0,0,0,2022/12/20 17:05:05
月間,202212,策定,越前嶺南線,2023/01/02,夜間帯,逆方向,-900,-900,0,0,0,0,-900,周波数,0,0,0,0,2022/12/20 17:05:05
月間,202211,策定,越前嶺南線,2023/01/03,昼間帯,順方向,1670,1670,0,0,0,0,1670,周波数,0,0,0,0,2022/11/18 17:05:04
月間,202211,策定,越前嶺南線,2023/01/03,昼間帯,逆方向,-900,-900,0,0,0,0,-900,周波数,0,0,0,0,2022/11/18 17:05:04
月間,202211,策定,越前嶺南線,2023/01/03,夜間帯,順方向,1900,1900,0,0,0,0,1900,安定度,0,0,0,0,2022/11/18 17:05:04
月間,202211,策定,越前嶺南線,2023/01/03,夜間帯,逆方向,-900,-900,0,0,0,0,-900,周波数,0,0,0,0,2022/11/18 17:05:04
月間,202212,策定,越前嶺南線,2023/01/03,昼間帯,順方向,1670,1670,0,0,0,0,1670,周波数,0,0,0,0,2022/12/20 17:05:05
月間,202212,策定,越前嶺南線,2023/01/03,昼間帯,逆方向,-900,-900,0,0,0,0,-900,周波数,0,0,0,0,2022/12/20 17:05:05
月間,202212,策定,越前嶺南線,2023/01/03,夜間帯,順方向,1900,1900,0,0,0,0,1900,安定度,0,0,0,0,2022/12/20 17:05:05
月間,202212,策定,越前嶺南線,2023/01/03,夜間帯,逆方向,-900,-900,0,0,0,0,-900,周波数,0,0,0,0,2022/12/20 17:05:05
月間,202211,策定,越前嶺南線,2023/01/04,昼間帯,順方向,1900,1900,0,0,0,0,1900,安定度,0,0,0,0,2022/11/18 17:05:04
月間,202211,策定,越前嶺南線,2023/01/04,昼間帯,逆方向,-900,-900,0,0,0,0,-900,周波数,0,0,0,0,2022/11/18 17:05:04
月間,202211,策定,越前嶺南線,2023/01/04,夜間帯,順方向,1900,1900,0,0,0,0,1900,安定度,0,0,0,0,2022/11/18 17:05:04
月間,202211,策定,越前嶺南線,2023/01/04,夜間帯,逆方向,-900,-900,0,0,0,0,-900,周波数,0,0,0,0,2022/11/18 17:05:04
月間,202212,策定,越前嶺南線,2023/01/04,昼間帯,順方向,1900,1900,0,0,0,0,1900,安定度,0,0,0,0,2022/12/20 17:05:05
月間,202212,策定,越前嶺南線,2023/01/04,昼間帯,逆方向,-900,-900,0,0,0,0,-900,周波数,0,0,0,0,2022/12/20 17:05:05
月間,202212,策定,越前嶺南線,2023/01/04,夜間帯,順方向,1900,1900,0,0,0,0,1900,安定度,0,0,0,0,2022/12/20 17:05:05
月間,202212,策定,越前嶺南線,2023/01/04,夜間帯,逆方向,-900,-900,0,0,0,0,-900,周波数,0,0,0,0,2022/12/20 17:05:05
月間,202211,策定,越前嶺南線,2023/01/05,昼間帯,順方向,1900,1900,0,0,0,0,1900,安定度,0,0,0,0,2022/11/18 17:05:04
月間,202211,策定,越前嶺南線,2023/01/05,昼間帯,逆方向,-1600,-1600,0,0,0,0,-1600,周波数,0,0,0,0,2022/11/18 17:05:04
月間,202211,策定,越前嶺南線,2023/01/05,夜間帯,順方向,1900,1900,0,0,0,0,1900,安定度,0,0,0,0,2022/11/18 17:05:04
月間,202211,策定,越前嶺南線,2023/01/05,夜間帯,逆方向,-900,-900,0,0,0,0,-900,周波数,0,0,0,0,2022/11/18 17:05:04
月間,202212,策定,越前嶺南線,2023/01/05,昼間帯,順方向,1900,1900,0,0,0,0,1900,安定度,0,0,0,0,2022/12/20 17:05:05
月間,202212,策定,越前嶺南線,2023/01/05,昼間帯,逆方向,-1600,-1600,0,0,0,0,-1600,周波数,0,0,0,0,2022/12/20 17:05:05
月間,202212,策定,越前嶺南線,2023/01/05,夜間帯,順方向,1900,1900,0,0,0,0,1900,安定度,0,0,0,0,2022/12/20 17:05:05
月間,202212,策定,越前嶺南線,2023/01/05,夜間帯,逆方向,-900,-900,0,0,0,0,-900,周波数,0,0,0,0,2022/12/20 17:05:05
月間,202211,策定,越前嶺南線,2023/01/06,昼間帯,順方向,1900,1900,0,0,0,0,1900,安定度,0,0,0,0,2022/11/18 17:05:04
月間,202211,策定,越前嶺南線,2023/01/06,昼間帯,逆方向,-1600,-1600,0,0,0,0,-1600,周波数,0,0,0,0,2022/11/18 17:05:04
月間,202211,策定,越前嶺南線,2023/01/06,夜間帯,順方向,1900,1900,0,0,0,0,1900,安定度,0,0,0,0,2022/11/18 17:05:04
月間,202211,策定,越前嶺南線,2023/01/06,夜間帯,逆方向,-900,-900,0,0,0,0,-900,周波数,0,0,0,0,2022/11/18 17:05:04
月間,202212,策定,越前嶺南線,2023/01/06,昼間帯,順方向,1900,1900,0,0,0,0,1900,安定度,0,0,0,0,2022/12/20 17:05:05
月間,202212,策定,越前嶺南線,2023/01/06,昼間帯,逆方向,-1600,-1600,0,0,0,0,-1600,周波数,0,0,0,0,2022/12/20 17:05:05
月間,202212,策定,越前嶺南線,2023/01/06,夜間帯,順方向,1900,1900,0,0,0,0,1900,安定度,0,0,0,0,2022/12/20 17:05:05
月間,202212,策定,越前嶺南線,2023/01/06,夜間帯,逆方向,-900,-900,0,0,0,0,-900,周波数,0,0,0,0,2022/12/20 17:05:05
月間,202211,策定,越前嶺南線,2023/01/07,昼間帯,順方向,1900,1900,0,0,0,0,1900,安定度,0,0,0,0,2022/11/18 17:05:04
月間,202211,策定,越前嶺南線,2023/01/07,昼間帯,逆方向,-900,-900,0,0,0,0,-900,周波数,0,0,0,0,2022/11/18 17:05:04
月間,202211,策定,越前嶺南線,2023/01/07,夜間帯,順方向,1900,1900,0,0,0,0,1900,安定度,0,0,0,0,2022/11/18 17:05:04
月間,202211,策定,越前嶺南線,2023/01/07,夜間帯,逆方向,-900,-900,0,0,0,0,-900,周波数,0,0,0,0,2022/11/18 17:05:04
月間,202212,策定,越前嶺南線,2023/01/07,昼間帯,順方向,1900,1900,0,0,0,0,1900,安定度,0,0,0,0,2022/12/20 17:05:05
月間,202212,策定,越前嶺南線,2023/01/07,昼間帯,逆方向,-900,-900,0,0,0,0,-900,周波数,0,0,0,0,2022/12/20 17:05:05
月間,202212,策定,越前嶺南線,2023/01/07,夜間帯,順方向,1900,1900,0,0,0,0,1900,安定度,0,0,0,0,2022/12/20 17:05:05
月間,202212,策定,越前嶺南線,2023/01/07,夜間帯,逆方向,-900,-900,0,0,0,0,-900,周波数,0,0,0,0,2022/12/20 17:05:05
月間,202211,策定,越前嶺南線,2023/01/08,昼間帯,順方向,1900,1900,0,0,0,0,1900,安定度,0,0,0,0,2022/11/18 17:05:04
月間,202211,策定,越前嶺南線,2023/01/08,昼間帯,逆方向,-900,-900,0,0,0,0,-900,周波数,0,0,0,0,2022/11/18 17:05:04
月間,202211,策定,越前嶺南線,2023/01/08,夜間帯,順方向,1900,1900,0,0,0,0,1900,安定度,0,0,0,0,2022/11/18 17:05:04
月間,202211,策定,越前嶺南線,2023/01/08,夜間帯,逆方向,-900,-900,0,0,0,0,-900,周波数,0,0,0,0,2022/11/18 17:05:04
月間,202212,策定,越前嶺南線,2023/01/08,昼間帯,順方向,1900,1900,0,0,0,0,1900,安定度,0,0,0,0,2022/12/20 17:05:05
月間,202212,策定,越前嶺南線,2023/01/08,昼間帯,逆方向,-900,-900,0,0,0,0,-900,周波数,0,0,0,0,2022/12/20 17:05:05
月間,202212,策定,越前嶺南線,2023/01/08,夜間帯,順方向,1900,1900,0,0,0,0,1900,安定度,0,0,0,0,2022/12/20 17:05:05
月間,202212,策定,越前嶺南線,2023/01/08,夜間帯,逆方向,-900,-900,0,0,0,0,-900,周波数,0,0,0,0,2022/12/20 17:05:05
月間,202211,策定,越前嶺南線,2023/01/09,昼間帯,順方向,1900,1900,0,0,0,0,1900,安定度,0,0,0,0,2022/11/18 17:05:04
月間,202211,策定,越前嶺南線,2023/01/09,昼間帯,逆方向,-900,-900,0,0,0,0,-900,周波数,0,0,0,0,2022/11/18 17:05:04
月間,202211,策定,越前嶺南線,2023/01/09,夜間帯,順方向,1900,1900,0,0,0,0,1900,安定度,0,0,0,0,2022/11/18 17:05:04
月間,202211,策定,越前嶺南線,2023/01/09,夜間帯,逆方向,-900,-900,0,0,0,0,-900,周波数,0,0,0,0,2022/11/18 17:05:04
月間,202212,策定,越前嶺南線,2023/01/09,昼間帯,順方向,1900,1900,0,0,0,0,1900,安定度,0,0,0,0,2022/12/20 17:05:05
月間,202212,策定,越前嶺南線,2023/01/09,昼間帯,逆方向,-900,-900,0,0,0,0,-900,周波数,0,0,0,0,2022/12/20 17:05:05
月間,202212,策定,越前嶺南線,2023/01/09,夜間帯,順方向,1900,1900,0,0,0,0,1900,安定度,0,0,0,0,2022/12/20 17:05:05
月間,202212,策定,越前嶺南線,2023/01/09,夜間帯,逆方向,-900,-900,0,0,0,0,-900,周波数,0,0,0,0,2022/12/20 17:05:05
月間,202211,策定,越前嶺南線,2023/01/10,昼間帯,順方向,1900,1900,0,0,0,0,1900,安定度,0,0,0,0,2022/11/18 17:05:04
月間,202211,策定,越前嶺南線,2023/01/10,昼間帯,逆方向,-1600,-1600,0,0,0,0,-1600,周波数,0,0,0,0,2022/11/18 17:05:04
月間,202211,策定,越前嶺南線,2023/01/10,夜間帯,順方向,1900,1900,0,0,0,0,1900,安定度,0,0,0,0,2022/11/18 17:05:04
月間,202211,策定,越前嶺南線,2023/01/10,夜間帯,逆方向,-900,-900,0,0,0,0,-900,周波数,0,0,0,0,2022/11/18 17:05:04
月間,202212,策定,越前嶺南線,2023/01/10,昼間帯,順方向,1900,1900,0,0,0,0,1900,安定度,0,0,0,0,2022/12/20 17:05:05
月間,202212,策定,越前嶺南線,2023/01/10,昼間帯,逆方向,-1600,-1600,0,0,0,0,-1600,周波数,0,0,0,0,2022/12/20 17:05:05
月間,202212,策定,越前嶺南線,2023/01/10,夜間帯,順方向,1900,1900,0,0,0,0,1900,安定度,0,0,0,0,2022/12/20 17:05:05
月間,202212,策定,越前嶺南線,2023/01/10,夜間帯,逆方向,-900,-900,0,0,0,0,-900,周波数,0,0,0,0,2022/12/20 17:05:05
月間,202211,策定,越前嶺南線,2023/01/11,昼間帯,順方向,1900,1900,0,0,0,0,1900,安定度,0,0,0,0,2022/11/18 17:05:04
月間,202211,策定,越前嶺南線,2023/01/11,昼間帯,逆方向,-1600,-1600,0,0,0,0,-1600,周波数,0,0,0,0,2022/11/18 17:05:04
月間,202211,策定,越前嶺南線,2023/01/11,夜間帯,順方向,1900,1900,0,0,0,0,1900,安定度,0,0,0,0,2022/11/18 17:05:04
月間,202211,策定,越前嶺南線,2023/01/11,夜間帯,逆方向,-900,-900,0,0,0,0,-900,周波数,0,0,0,0,2022/11/18 17:05:04
月間,202212,策定,越前嶺南線,2023/01/11,昼間帯,順方向,1900,1900,0,0,0,0,1900,安定度,0,0,0,0,2022/12/20 17:05:05
月間,202212,策定,越前嶺南線,2023/01/11,昼間帯,逆方向,-1600,-1600,0,0,0,0,-1600,周波数,0,0,0,0,2022/12/20 17:05:05
月間,202212,策定,越前嶺南線,2023/01/11,夜間帯,順方向,1900,1900,0,0,0,0,1900,安定度,0,0,0,0,2022/12/20 17:05:05
月間,202212,策定,越前嶺南線,2023/01/11,夜間帯,逆方向,-900,-900,0,0,0,0,-900,周波数,0,0,0,0,2022/12/20 17:05:05
月間,202211,策定,越前嶺南線,2023/01/12,昼間帯,順方向,1900,1900,0,0,0,0,1900,安定度,0,0,0,0,2022/11/18 17:05:04
月間,202211,策定,越前嶺南線,2023/01/12,昼間帯,逆方向,-1600,-1600,0,0,0,0,-1600,周波数,0,0,0,0,2022/11/18 17:05:04
月間,202211,策定,越前嶺南線,2023/01/12,夜間帯,順方向,1900,1900,0,0,0,0,1900,安定度,0,0,0,0,2022/11/18 17:05:04
月間,202211,策定,越前嶺南線,2023/01/12,夜間帯,逆方向,-900,-900,0,0,0,0,-900,周波数,0,0,0,0,2022/11/18 17:05:04
月間,202212,策定,越前嶺南線,2023/01/12,昼間帯,順方向,1900,1900,0,0,0,0,1900,安定度,0,0,0,0,2022/12/20 17:05:05
月間,202212,策定,越前嶺南線,2023/01/12,昼間帯,逆方向,-1600,-1600,0,0,0,0,-1600,周波数,0,0,0,0,2022/12/20 17:05:05
月間,202212,策定,越前嶺南線,2023/01/12,夜間帯,順方向,1900,1900,0,0,0,0,1900,安定度,0,0,0,0,2022/12/20 17:05:05
月間,202212,策定,越前嶺南線,2023/01/12,夜間帯,逆方向,-900,-900,0,0,0,0,-900,周波数,0,0,0,0,2022/12/20 17:05:05
月間,202211,策定,越前嶺南線,2023/01/13,昼間帯,順方向,1900,1900,0,0,0,0,1900,安定度,0,0,0,0,2022/11/18 17:05:04
月間,202211,策定,越前嶺南線,2023/01/13,昼間帯,逆方向,-1600,-1600,0,0,0,0,-1600,周波数,0,0,0,0,2022/11/18 17:05:04
月間,202211,策定,越前嶺南線,2023/01/13,夜間帯,順方向,1900,1900,0,0,0,0,1900,安定度,0,0,0,0,2022/11/18 17:05:04
月間,202211,策定,越前嶺南線,2023/01/13,夜間帯,逆方向,-900,-900,0,0,0,0,-900,周波数,0,0,0,0,2022/11/18 17:05:04
月間,202212,策定,越前嶺南線,2023/01/13,昼間帯,順方向,1900,1900,0,0,0,0,1900,安定度,0,0,0,0,2022/12/20 17:05:05
月間,202212,策定,越前嶺南線,2023/01/13,昼間帯,逆方向,-1600,-1600,0,0,0,0,-1600,周波数,0,0,0,0,2022/12/20 17:05:05
月間,202212,策定,越前嶺南線,2023/01/13,夜間帯,順方向,1900,1900,0,0,0,0,1900,安定度,0,0,0,0,2022/12/20 17:05:05
月間,202212,策定,越前嶺南線,2023/01/13,夜間帯,逆方向,-900,-900,0,0,0,0,-900,周波数,0,0,0,0,2022/12/20 17:05:05
月間,202211,策定,越前嶺南線,2023/01/14,昼間帯,順方向,1900,1900,0,0,0,0,1900,安定度,0,0,0,0,2022/11/18 17:05:04
月間,202211,策定,越前嶺南線,2023/01/14,昼間帯,逆方向,-900,-900,0,0,0,0,-900,周波数,0,0,0,0,2022/11/18 17:05:04
月間,202211,策定,越前嶺南線,2023/01/14,夜間帯,順方向,1900,1900,0,0,0,0,1900,安定度,0,0,0,0,2022/11/18 17:05:04
月間,202211,策定,越前嶺南線,2023/01/14,夜間帯,逆方向,-900,-900,0,0,0,0,-900,周波数,0,0,0,0,2022/11/18 17:05:04
月間,202212,策定,越前嶺南線,2023/01/14,昼間帯,順方向,1900,1900,0,0,0,0,1900,安定度,0,0,0,0,2022/12/20 17:05:05
月間,202212,策定,越前嶺南線,2023/01/14,昼間帯,逆方向,-900,-900,0,0,0,0,-900,周波数,0,0,0,0,2022/12/20 17:05:05
月間,202212,策定,越前嶺南線,2023/01/14,夜間帯,順方向,1900,1900,0,0,0,0,1900,安定度,0,0,0,0,2022/12/20 17:05:05
月間,202212,策定,越前嶺南線,2023/01/14,夜間帯,逆方向,-900,-900,0,0,0,0,-900,周波数,0,0,0,0,2022/12/20 17:05:05
月間,202211,策定,越前嶺南線,2023/01/15,昼間帯,順方向,1900,1900,0,0,0,0,1900,安定度,0,0,0,0,2022/11/18 17:05:04
月間,202211,策定,越前嶺南線,2023/01/15,昼間帯,逆方向,-900,-900,0,0,0,0,-900,周波数,0,0,0,0,2022/11/18 17:05:04
月間,202211,策定,越前嶺南線,2023/01/15,夜間帯,順方向,1900,1900,0,0,0,0,1900,安定度,0,0,0,0,2022/11/18 17:05:04
月間,202211,策定,越前嶺南線,2023/01/15,夜間帯,逆方向,-900,-900,0,0,0,0,-900,周波数,0,0,0,0,2022/11/18 17:05:04
月間,202212,策定,越前嶺南線,2023/01/15,昼間帯,順方向,1900,1900,0,0,0,0,1900,安定度,0,0,0,0,2022/12/20 17:05:05
月間,202212,策定,越前嶺南線,2023/01/15,昼間帯,逆方向,-900,-900,0,0,0,0,-900,周波数,0,0,0,0,2022/12/20 17:05:05
月間,202212,策定,越前嶺南線,2023/01/15,夜間帯,順方向,1900,1900,0,0,0,0,1900,安定度,0,0,0,0,2022/12/20 17:05:05
月間,202212,策定,越前嶺南線,2023/01/15,夜間帯,逆方向,-900,-900,0,0,0,0,-900,周波数,0,0,0,0,2022/12/20 17:05:05
月間,202211,策定,越前嶺南線,2023/01/16,昼間帯,順方向,1900,1900,0,0,0,0,1900,安定度,0,0,0,0,2022/11/18 17:05:04
月間,202211,策定,越前嶺南線,2023/01/16,昼間帯,逆方向,-1600,-1600,0,0,0,0,-1600,周波数,0,0,0,0,2022/11/18 17:05:04
月間,202211,策定,越前嶺南線,2023/01/16,夜間帯,順方向,1900,1900,0,0,0,0,1900,安定度,0,0,0,0,2022/11/18 17:05:04
月間,202211,策定,越前嶺南線,2023/01/16,夜間帯,逆方向,-900,-900,0,0,0,0,-900,周波数,0,0,0,0,2022/11/18 17:05:04
月間,202212,策定,越前嶺南線,2023/01/16,昼間帯,順方向,1900,1900,0,0,0,0,1900,安定度,0,0,0,0,2022/12/20 17:05:05
月間,202212,策定,越前嶺南線,2023/01/16,昼間帯,逆方向,-1600,-1600,0,0,0,0,-1600,周波数,0,0,0,0,2022/12/20 17:05:05
月間,202212,策定,越前嶺南線,2023/01/16,夜間帯,順方向,1900,1900,0,0,0,0,1900,安定度,0,0,0,0,2022/12/20 17:05:05
月間,202212,策定,越前嶺南線,2023/01/16,夜間帯,逆方向,-900,-900,0,0,0,0,-900,周波数,0,0,0,0,2022/12/20 17:05:05
月間,202211,策定,越前嶺南線,2023/01/17,昼間帯,順方向,1900,1900,0,0,0,0,1900,安定度,0,0,0,0,2022/11/18 17:05:04
月間,202211,策定,越前嶺南線,2023/01/17,昼間帯,逆方向,-1600,-1600,0,0,0,0,-1600,周波数,0,0,0,0,2022/11/18 17:05:04
月間,202211,策定,越前嶺南線,2023/01/17,夜間帯,順方向,1900,1900,0,0,0,0,1900,安定度,0,0,0,0,2022/11/18 17:05:04
月間,202211,策定,越前嶺南線,2023/01/17,夜間帯,逆方向,-900,-900,0,0,0,0,-900,周波数,0,0,0,0,2022/11/18 17:05:04
月間,202212,策定,越前嶺南線,2023/01/17,昼間帯,順方向,1900,1900,0,0,0,0,1900,安定度,0,0,0,0,2022/12/20 17:05:05
月間,202212,策定,越前嶺南線,2023/01/17,昼間帯,逆方向,-1600,-1600,0,0,0,0,-1600,周波数,0,0,0,0,2022/12/20 17:05:05
月間,202212,策定,越前嶺南線,2023/01/17,夜間帯,順方向,1900,1900,0,0,0,0,1900,安定度,0,0,0,0,2022/12/20 17:05:05
月間,202212,策定,越前嶺南線,2023/01/17,夜間帯,逆方向,-900,-900,0,0,0,0,-900,周波数,0,0,0,0,2022/12/20 17:05:05
月間,202211,策定,越前嶺南線,2023/01/18,昼間帯,順方向,1900,1900,0,0,0,0,1900,安定度,0,0,0,0,2022/11/18 17:05:04
月間,202211,策定,越前嶺南線,2023/01/18,昼間帯,逆方向,-1600,-1600,0,0,0,0,-1600,周波数,0,0,0,0,2022/11/18 17:05:04
月間,202211,策定,越前嶺南線,2023/01/18,夜間帯,順方向,1900,1900,0,0,0,0,1900,安定度,0,0,0,0,2022/11/18 17:05:04
月間,202211,策定,越前嶺南線,2023/01/18,夜間帯,逆方向,-900,-900,0,0,0,0,-900,周波数,0,0,0,0,2022/11/18 17:05:04
月間,202212,策定,越前嶺南線,2023/01/18,昼間帯,順方向,1900,1900,0,0,0,0,1900,安定度,0,0,0,0,2022/12/20 17:05:05
月間,202212,策定,越前嶺南線,2023/01/18,昼間帯,逆方向,-1600,-1600,0,0,0,0,-1600,周波数,0,0,0,0,2022/12/20 17:05:05
月間,202212,策定,越前嶺南線,2023/01/18,夜間帯,順方向,1900,1900,0,0,0,0,1900,安定度,0,0,0,0,2022/12/20 17:05:05
月間,202212,策定,越前嶺南線,2023/01/18,夜間帯,逆方向,-900,-900,0,0,0,0,-900,周波数,0,0,0,0,2022/12/20 17:05:05
月間,202211,策定,越前嶺南線,2023/01/19,昼間帯,順方向,1900,1900,0,0,0,0,1900,安定度,0,0,0,0,2022/11/18 17:05:04
月間,202211,策定,越前嶺南線,2023/01/19,昼間帯,逆方向,-1600,-1600,0,0,0,0,-1600,周波数,0,0,0,0,2022/11/18 17:05:04
月間,202211,策定,越前嶺南線,2023/01/19,夜間帯,順方向,1900,1900,0,0,0,0,1900,安定度,0,0,0,0,2022/11/18 17:05:04
月間,202211,策定,越前嶺南線,2023/01/19,夜間帯,逆方向,-900,-900,0,0,0,0,-900,周波数,0,0,0,0,2022/11/18 17:05:04
月間,202212,策定,越前嶺南線,2023/01/19,昼間帯,順方向,1900,1900,0,0,0,0,1900,安定度,0,0,0,0,2022/12/20 17:05:05
月間,202212,策定,越前嶺南線,2023/01/19,昼間帯,逆方向,-1600,-1600,0,0,0,0,-1600,周波数,0,0,0,0,2022/12/20 17:05:05
月間,202212,策定,越前嶺南線,2023/01/19,夜間帯,順方向,1900,1900,0,0,0,0,1900,安定度,0,0,0,0,2022/12/20 17:05:05
月間,202212,策定,越前嶺南線,2023/01/19,夜間帯,逆方向,-900,-900,0,0,0,0,-900,周波数,0,0,0,0,2022/12/20 17:05:05
月間,202211,策定,越前嶺南線,2023/01/20,昼間帯,順方向,1900,1900,0,0,0,0,1900,安定度,0,0,0,0,2022/11/18 17:05:04
月間,202211,策定,越前嶺南線,2023/01/20,昼間帯,逆方向,-1600,-1600,0,0,0,0,-1600,周波数,0,0,0,0,2022/11/18 17:05:04
月間,202211,策定,越前嶺南線,2023/01/20,夜間帯,順方向,1900,1900,0,0,0,0,1900,安定度,0,0,0,0,2022/11/18 17:05:04
月間,202211,策定,越前嶺南線,2023/01/20,夜間帯,逆方向,-900,-900,0,0,0,0,-900,周波数,0,0,0,0,2022/11/18 17:05:04
月間,202212,策定,越前嶺南線,2023/01/20,昼間帯,順方向,1900,1900,0,0,0,0,1900,安定度,0,0,0,0,2022/12/20 17:05:05
月間,202212,策定,越前嶺南線,2023/01/20,昼間帯,逆方向,-1600,-1600,0,0,0,0,-1600,周波数,0,0,0,0,2022/12/20 17:05:05
月間,202212,策定,越前嶺南線,2023/01/20,夜間帯,順方向,1900,1900,0,0,0,0,1900,安定度,0,0,0,0,2022/12/20 17:05:05
月間,202212,策定,越前嶺南線,2023/01/20,夜間帯,逆方向,-900,-900,0,0,0,0,-900,周波数,0,0,0,0,2022/12/20 17:05:05
月間,202211,策定,越前嶺南線,2023/01/21,昼間帯,順方向,1900,1900,0,0,0,0,1900,安定度,0,0,0,0,2022/11/18 17:05:04
月間,202211,策定,越前嶺南線,2023/01/21,昼間帯,逆方向,-900,-900,0,0,0,0,-900,周波数,0,0,0,0,2022/11/18 17:05:04
月間,202211,策定,越前嶺南線,2023/01/21,夜間帯,順方向,1900,1900,0,0,0,0,1900,安定度,0,0,0,0,2022/11/18 17:05:04
月間,202211,策定,越前嶺南線,2023/01/21,夜間帯,逆方向,-900,-900,0,0,0,0,-900,周波数,0,0,0,0,2022/11/18 17:05:04
月間,202212,策定,越前嶺南線,2023/01/21,昼間帯,順方向,1900,1900,0,0,0,0,1900,安定度,0,0,0,0,2022/12/20 17:05:05
月間,202212,策定,越前嶺南線,2023/01/21,昼間帯,逆方向,-900,-900,0,0,0,0,-900,周波数,0,0,0,0,2022/12/20 17:05:05
月間,202212,策定,越前嶺南線,2023/01/21,夜間帯,順方向,1900,1900,0,0,0,0,1900,安定度,0,0,0,0,2022/12/20 17:05:05
月間,202212,策定,越前嶺南線,2023/01/21,夜間帯,逆方向,-900,-900,0,0,0,0,-900,周波数,0,0,0,0,2022/12/20 17:05:05
月間,202211,策定,越前嶺南線,2023/01/22,昼間帯,順方向,1900,1900,0,0,0,0,1900,安定度,0,0,0,0,2022/11/18 17:05:04
月間,202211,策定,越前嶺南線,2023/01/22,昼間帯,逆方向,-900,-900,0,0,0,0,-900,周波数,0,0,0,0,2022/11/18 17:05:04
月間,202211,策定,越前嶺南線,2023/01/22,夜間帯,順方向,1900,1900,0,0,0,0,1900,安定度,0,0,0,0,2022/11/18 17:05:04
月間,202211,策定,越前嶺南線,2023/01/22,夜間帯,逆方向,-900,-900,0,0,0,0,-900,周波数,0,0,0,0,2022/11/18 17:05:04
月間,202212,策定,越前嶺南線,2023/01/22,昼間帯,順方向,1900,1900,0,0,0,0,1900,安定度,0,0,0,0,2022/12/20 17:05:05
月間,202212,策定,越前嶺南線,2023/01/22,昼間帯,逆方向,-900,-900,0,0,0,0,-900,周波数,0,0,0,0,2022/12/20 17:05:05
月間,202212,策定,越前嶺南線,2023/01/22,夜間帯,順方向,1900,1900,0,0,0,0,1900,安定度,0,0,0,0,2022/12/20 17:05:05
月間,202212,策定,越前嶺南線,2023/01/22,夜間帯,逆方向,-900,-900,0,0,0,0,-900,周波数,0,0,0,0,2022/12/20 17:05:05
月間,202211,策定,越前嶺南線,2023/01/23,昼間帯,順方向,1900,1900,0,0,0,0,1900,安定度,0,0,0,0,2022/11/18 17:05:04
月間,202211,策定,越前嶺南線,2023/01/23,昼間帯,逆方向,-1600,-1600,0,0,0,0,-1600,周波数,0,0,0,0,2022/11/18 17:05:04
月間,202211,策定,越前嶺南線,2023/01/23,夜間帯,順方向,1900,1900,0,0,0,0,1900,安定度,0,0,0,0,2022/11/18 17:05:04
月間,202211,策定,越前嶺南線,2023/01/23,夜間帯,逆方向,-900,-900,0,0,0,0,-900,周波数,0,0,0,0,2022/11/18 17:05:04
月間,202212,策定,越前嶺南線,2023/01/23,昼間帯,順方向,1900,1900,0,0,0,0,1900,安定度,0,0,0,0,2022/12/20 17:05:05
月間,202212,策定,越前嶺南線,2023/01/23,昼間帯,逆方向,-1600,-1600,0,0,0,0,-1600,周波数,0,0,0,0,2022/12/20 17:05:05
月間,202212,策定,越前嶺南線,2023/01/23,夜間帯,順方向,1900,1900,0,0,0,0,1900,安定度,0,0,0,0,2022/12/20 17:05:05
月間,202212,策定,越前嶺南線,2023/01/23,夜間帯,逆方向,-900,-900,0,0,0,0,-900,周波数,0,0,0,0,2022/12/20 17:05:05
月間,202211,策定,越前嶺南線,2023/01/24,昼間帯,順方向,1900,1900,0,0,0,0,1900,安定度,0,0,0,0,2022/11/18 17:05:04
月間,202211,策定,越前嶺南線,2023/01/24,昼間帯,逆方向,-1600,-1600,0,0,0,0,-1600,周波数,0,0,0,0,2022/11/18 17:05:04
月間,202211,策定,越前嶺南線,2023/01/24,夜間帯,順方向,1900,1900,0,0,0,0,1900,安定度,0,0,0,0,2022/11/18 17:05:04
月間,202211,策定,越前嶺南線,2023/01/24,夜間帯,逆方向,-900,-900,0,0,0,0,-900,周波数,0,0,0,0,2022/11/18 17:05:04
月間,202212,策定,越前嶺南線,2023/01/24,昼間帯,順方向,1900,1900,0,0,0,0,1900,安定度,0,0,0,0,2022/12/20 17:05:05
月間,202212,策定,越前嶺南線,2023/01/24,昼間帯,逆方向,-1600,-1600,0,0,0,0,-1600,周波数,0,0,0,0,2022/12/20 17:05:05
月間,202212,策定,越前嶺南線,2023/01/24,夜間帯,順方向,1900,1900,0,0,0,0,1900,安定度,0,0,0,0,2022/12/20 17:05:05
月間,202212,策定,越前嶺南線,2023/01/24,夜間帯,逆方向,-900,-900,0,0,0,0,-900,周波数,0,0,0,0,2022/12/20 17:05:05
月間,202211,策定,越前嶺南線,2023/01/25,昼間帯,順方向,1900,1900,0,0,0,0,1900,安定度,0,0,0,0,2022/11/18 17:05:04
月間,202211,策定,越前嶺南線,2023/01/25,昼間帯,逆方向,-1600,-1600,0,0,0,0,-1600,周波数,0,0,0,0,2022/11/18 17:05:04
月間,202211,策定,越前嶺南線,2023/01/25,夜間帯,順方向,1900,1900,0,0,0,0,1900,安定度,0,0,0,0,2022/11/18 17:05:04
月間,202211,策定,越前嶺南線,2023/01/25,夜間帯,逆方向,-900,-900,0,0,0,0,-900,周波数,0,0,0,0,2022/11/18 17:05:04
月間,202212,策定,越前嶺南線,2023/01/25,昼間帯,順方向,1900,1900,0,0,0,0,1900,安定度,0,0,0,0,2022/12/20 17:05:05
月間,202212,策定,越前嶺南線,2023/01/25,昼間帯,逆方向,-1600,-1600,0,0,0,0,-1600,周波数,0,0,0,0,2022/12/20 17:05:05
月間,202212,策定,越前嶺南線,2023/01/25,夜間帯,順方向,1900,1900,0,0,0,0,1900,安定度,0,0,0,0,2022/12/20 17:05:05
月間,202212,策定,越前嶺南線,2023/01/25,夜間帯,逆方向,-900,-900,0,0,0,0,-900,周波数,0,0,0,0,2022/12/20 17:05:05
月間,202211,策定,越前嶺南線,2023/01/26,昼間帯,順方向,1900,1900,0,0,0,0,1900,安定度,0,0,0,0,2022/11/18 17:05:04
月間,202211,策定,越前嶺南線,2023/01/26,昼間帯,逆方向,-1600,-1600,0,0,0,0,-1600,周波数,0,0,0,0,2022/11/18 17:05:04
月間,202211,策定,越前嶺南線,2023/01/26,夜間帯,順方向,1900,1900,0,0,0,0,1900,安定度,0,0,0,0,2022/11/18 17:05:04
月間,202211,策定,越前嶺南線,2023/01/26,夜間帯,逆方向,-900,-900,0,0,0,0,-900,周波数,0,0,0,0,2022/11/18 17:05:04
月間,202212,策定,越前嶺南線,2023/01/26,昼間帯,順方向,1900,1900,0,0,0,0,1900,安定度,0,0,0,0,2022/12/20 17:05:05
月間,202212,策定,越前嶺南線,2023/01/26,昼間帯,逆方向,-1600,-1600,0,0,0,0,-1600,周波数,0,0,0,0,2022/12/20 17:05:05
月間,202212,策定,越前嶺南線,2023/01/26,夜間帯,順方向,1900,1900,0,0,0,0,1900,安定度,0,0,0,0,2022/12/20 17:05:05
月間,202212,策定,越前嶺南線,2023/01/26,夜間帯,逆方向,-900,-900,0,0,0,0,-900,周波数,0,0,0,0,2022/12/20 17:05:05
月間,202211,策定,越前嶺南線,2023/01/27,昼間帯,順方向,1900,1900,0,0,0,0,1900,安定度,0,0,0,0,2022/11/18 17:05:04
月間,202211,策定,越前嶺南線,2023/01/27,昼間帯,逆方向,-1600,-1600,0,0,0,0,-1600,周波数,0,0,0,0,2022/11/18 17:05:04
月間,202211,策定,越前嶺南線,2023/01/27,夜間帯,順方向,1900,1900,0,0,0,0,1900,安定度,0,0,0,0,2022/11/18 17:05:04
月間,202211,策定,越前嶺南線,2023/01/27,夜間帯,逆方向,-900,-900,0,0,0,0,-900,周波数,0,0,0,0,2022/11/18 17:05:04
月間,202212,策定,越前嶺南線,2023/01/27,昼間帯,順方向,1900,1900,0,0,0,0,1900,安定度,0,0,0,0,2022/12/20 17:05:05
月間,202212,策定,越前嶺南線,2023/01/27,昼間帯,逆方向,-1600,-1600,0,0,0,0,-1600,周波数,0,0,0,0,2022/12/20 17:05:05
月間,202212,策定,越前嶺南線,2023/01/27,夜間帯,順方向,1900,1900,0,0,0,0,1900,安定度,0,0,0,0,2022/12/20 17:05:05
月間,202212,策定,越前嶺南線,2023/01/27,夜間帯,逆方向,-900,-900,0,0,0,0,-900,周波数,0,0,0,0,2022/12/20 17:05:05
月間,202211,策定,越前嶺南線,2023/01/28,昼間帯,順方向,1900,1900,0,0,0,0,1900,安定度,0,0,0,0,2022/11/18 17:05:04
月間,202211,策定,越前嶺南線,2023/01/28,昼間帯,逆方向,-900,-900,0,0,0,0,-900,周波数,0,0,0,0,2022/11/18 17:05:04
月間,202211,策定,越前嶺南線,2023/01/28,夜間帯,順方向,1900,1900,0,0,0,0,1900,安定度,0,0,0,0,2022/11/18 17:05:04
月間,202211,策定,越前嶺南線,2023/01/28,夜間帯,逆方向,-900,-900,0,0,0,0,-900,周波数,0,0,0,0,2022/11/18 17:05:04
月間,202212,策定,越前嶺南線,2023/01/28,昼間帯,順方向,1900,1900,0,0,0,0,1900,安定度,0,0,0,0,2022/12/20 17:05:05
月間,202212,策定,越前嶺南線,2023/01/28,昼間帯,逆方向,-900,-900,0,0,0,0,-900,周波数,0,0,0,0,2022/12/20 17:05:05
月間,202212,策定,越前嶺南線,2023/01/28,夜間帯,順方向,1900,1900,0,0,0,0,1900,安定度,0,0,0,0,2022/12/20 17:05:05
月間,202212,策定,越前嶺南線,2023/01/28,夜間帯,逆方向,-900,-900,0,0,0,0,-900,周波数,0,0,0,0,2022/12/20 17:05:05
月間,202211,策定,越前嶺南線,2023/01/29,昼間帯,順方向,1900,1900,0,0,0,0,1900,安定度,0,0,0,0,2022/11/18 17:05:04
月間,202211,策定,越前嶺南線,2023/01/29,昼間帯,逆方向,-900,-900,0,0,0,0,-900,周波数,0,0,0,0,2022/11/18 17:05:04
月間,202211,策定,越前嶺南線,2023/01/29,夜間帯,順方向,1900,1900,0,0,0,0,1900,安定度,0,0,0,0,2022/11/18 17:05:04
月間,202211,策定,越前嶺南線,2023/01/29,夜間帯,逆方向,-900,-900,0,0,0,0,-900,周波数,0,0,0,0,2022/11/18 17:05:04
月間,202212,策定,越前嶺南線,2023/01/29,昼間帯,順方向,1900,1900,0,0,0,0,1900,安定度,0,0,0,0,2022/12/20 17:05:05
月間,202212,策定,越前嶺南線,2023/01/29,昼間帯,逆方向,-900,-900,0,0,0,0,-900,周波数,0,0,0,0,2022/12/20 17:05:05
月間,202212,策定,越前嶺南線,2023/01/29,夜間帯,順方向,1900,1900,0,0,0,0,1900,安定度,0,0,0,0,2022/12/20 17:05:05
月間,202212,策定,越前嶺南線,2023/01/29,夜間帯,逆方向,-900,-900,0,0,0,0,-900,周波数,0,0,0,0,2022/12/20 17:05:05
月間,202211,策定,越前嶺南線,2023/01/30,昼間帯,順方向,1900,1900,0,0,0,0,1900,安定度,0,0,0,0,2022/11/18 17:05:04
月間,202211,策定,越前嶺南線,2023/01/30,昼間帯,逆方向,-1600,-1600,0,0,0,0,-1600,周波数,0,0,0,0,2022/11/18 17:05:04
月間,202211,策定,越前嶺南線,2023/01/30,夜間帯,順方向,1900,1900,0,0,0,0,1900,安定度,0,0,0,0,2022/11/18 17:05:04
月間,202211,策定,越前嶺南線,2023/01/30,夜間帯,逆方向,-900,-900,0,0,0,0,-900,周波数,0,0,0,0,2022/11/18 17:05:04
月間,202212,策定,越前嶺南線,2023/01/30,昼間帯,順方向,1900,1900,0,0,0,0,1900,安定度,0,0,0,0,2022/12/20 17:05:05
月間,202212,策定,越前嶺南線,2023/01/30,昼間帯,逆方向,-1600,-1600,0,0,0,0,-1600,周波数,0,0,0,0,2022/12/20 17:05:05
月間,202212,策定,越前嶺南線,2023/01/30,夜間帯,順方向,1900,1900,0,0,0,0,1900,安定度,0,0,0,0,2022/12/20 17:05:05
月間,202212,策定,越前嶺南線,2023/01/30,夜間帯,逆方向,-900,-900,0,0,0,0,-900,周波数,0,0,0,0,2022/12/20 17:05:05
月間,202211,策定,越前嶺南線,2023/01/31,昼間帯,順方向,1900,1900,0,0,0,0,1900,安定度,0,0,0,0,2022/11/18 17:05:04
月間,202211,策定,越前嶺南線,2023/01/31,昼間帯,逆方向,-1600,-1600,0,0,0,0,-1600,周波数,0,0,0,0,2022/11/18 17:05:04
月間,202211,策定,越前嶺南線,2023/01/31,夜間帯,順方向,1900,1900,0,0,0,0,1900,安定度,0,0,0,0,2022/11/18 17:05:04
月間,202211,策定,越前嶺南線,2023/01/31,夜間帯,逆方向,-900,-900,0,0,0,0,-900,周波数,0,0,0,0,2022/11/18 17:05:04
月間,202212,策定,越前嶺南線,2023/01/31,昼間帯,順方向,1900,1900,0,0,0,0,1900,安定度,0,0,0,0,2022/12/20 17:05:05
月間,202212,策定,越前嶺南線,2023/01/31,昼間帯,逆方向,-1600,-1600,0,0,0,0,-1600,周波数,0,0,0,0,2022/12/20 17:05:05
月間,202212,策定,越前嶺南線,2023/01/31,夜間帯,順方向,1900,1900,0,0,0,0,1900,安定度,0,0,0,0,2022/12/20 17:05:05
月間,202212,策定,越前嶺南線,2023/01/31,夜間帯,逆方向,-900,-900,0,0,0,0,-900,周波数,0,0,0,0,2022/12/20 17:05:05
月間,202211,策定,西播東岡山線・山崎智頭線,2023/01/01,昼間帯,順方向,3260,3260,0,0,0,0,3260,熱容量,0,0,0,0,2022/11/18 17:05:04
月間,202211,策定,西播東岡山線・山崎智頭線,2023/01/01,昼間帯,逆方向,-4550,-4550,0,0,0,0,-4550,電圧,0,0,0,0,2022/11/18 17:05:04
月間,202211,策定,西播東岡山線・山崎智頭線,2023/01/01,夜間帯,順方向,3260,3260,0,0,0,0,3260,熱容量,0,0,0,0,2022/11/18 17:05:04
月間,202211,策定,西播東岡山線・山崎智頭線,2023/01/01,夜間帯,逆方向,-4550,-4550,0,0,0,0,-4550,電圧,0,0,0,0,2022/11/18 17:05:04
月間,202212,策定,西播東岡山線・山崎智頭線,2023/01/01,昼間帯,順方向,3260,3260,0,0,0,0,3260,熱容量,0,0,0,0,2022/12/20 17:05:05
月間,202212,策定,西播東岡山線・山崎智頭線,2023/01/01,昼間帯,逆方向,-4550,-4550,0,0,0,0,-4550,電圧,0,0,0,0,2022/12/20 17:05:05
月間,202212,策定,西播東岡山線・山崎智頭線,2023/01/01,夜間帯,順方向,3260,3260,0,0,0,0,3260,熱容量,0,0,0,0,2022/12/20 17:05:05
月間,202212,策定,西播東岡山線・山崎智頭線,2023/01/01,夜間帯,逆方向,-4550,-4550,0,0,0,0,-4550,電圧,0,0,0,0,2022/12/20 17:05:05
月間,202211,策定,西播東岡山線・山崎智頭線,2023/01/02,昼間帯,順方向,3260,3260,0,0,0,0,3260,熱容量,0,0,0,0,2022/11/18 17:05:04
月間,202211,策定,西播東岡山線・山崎智頭線,2023/01/02,昼間帯,逆方向,-4550,-4550,0,0,0,0,-4550,電圧,0,0,0,0,2022/11/18 17:05:04
月間,202211,策定,西播東岡山線・山崎智頭線,2023/01/02,夜間帯,順方向,3260,3260,0,0,0,0,3260,熱容量,0,0,0,0,2022/11/18 17:05:04
月間,202211,策定,西播東岡山線・山崎智頭線,2023/01/02,夜間帯,逆方向,-4550,-4550,0,0,0,0,-4550,電圧,0,0,0,0,2022/11/18 17:05:04
月間,202212,策定,西播東岡山線・山崎智頭線,2023/01/02,昼間帯,順方向,3260,3260,0,0,0,0,3260,熱容量,0,0,0,0,2022/12/20 17:05:05
月間,202212,策定,西播東岡山線・山崎智頭線,2023/01/02,昼間帯,逆方向,-4550,-4550,0,0,0,0,-4550,電圧,0,0,0,0,2022/12/20 17:05:05
月間,202212,策定,西播東岡山線・山崎智頭線,2023/01/02,夜間帯,順方向,3260,3260,0,0,0,0,3260,熱容量,0,0,0,0,2022/12/20 17:05:05
月間,202212,策定,西播東岡山線・山崎智頭線,2023/01/02,夜間帯,逆方向,-4550,-4550,0,0,0,0,-4550,電圧,0,0,0,0,2022/12/20 17:05:05
月間,202211,策定,西播東岡山線・山崎智頭線,2023/01/03,昼間帯,順方向,3260,3260,0,0,0,0,3260,熱容量,0,0,0,0,2022/11/18 17:05:04
月間,202211,策定,西播東岡山線・山崎智頭線,2023/01/03,昼間帯,逆方向,-4550,-4550,0,0,0,0,-4550,電圧,0,0,0,0,2022/11/18 17:05:04
月間,202211,策定,西播東岡山線・山崎智頭線,2023/01/03,夜間帯,順方向,3260,3260,0,0,0,0,3260,熱容量,0,0,0,0,2022/11/18 17:05:04
月間,202211,策定,西播東岡山線・山崎智頭線,2023/01/03,夜間帯,逆方向,-4550,-4550,0,0,0,0,-4550,電圧,0,0,0,0,2022/11/18 17:05:04
月間,202212,策定,西播東岡山線・山崎智頭線,2023/01/03,昼間帯,順方向,3260,3260,0,0,0,0,3260,熱容量,0,0,0,0,2022/12/20 17:05:05
月間,202212,策定,西播東岡山線・山崎智頭線,2023/01/03,昼間帯,逆方向,-4550,-4550,0,0,0,0,-4550,電圧,0,0,0,0,2022/12/20 17:05:05
月間,202212,策定,西播東岡山線・山崎智頭線,2023/01/03,夜間帯,順方向,3260,3260,0,0,0,0,3260,熱容量,0,0,0,0,2022/12/20 17:05:05
月間,202212,策定,西播東岡山線・山崎智頭線,2023/01/03,夜間帯,逆方向,-4550,-4550,0,0,0,0,-4550,電圧,0,0,0,0,2022/12/20 17:05:05
月間,202211,策定,西播東岡山線・山崎智頭線,2023/01/04,昼間帯,順方向,3260,3260,0,0,0,0,3260,熱容量,0,0,0,0,2022/11/18 17:05:04
月間,202211,策定,西播東岡山線・山崎智頭線,2023/01/04,昼間帯,逆方向,-4550,-4550,0,0,0,0,-4550,電圧,0,0,0,0,2022/11/18 17:05:04
月間,202211,策定,西播東岡山線・山崎智頭線,2023/01/04,夜間帯,順方向,3260,3260,0,0,0,0,3260,熱容量,0,0,0,0,2022/11/18 17:05:04
月間,202211,策定,西播東岡山線・山崎智頭線,2023/01/04,夜間帯,逆方向,-4550,-4550,0,0,0,0,-4550,電圧,0,0,0,0,2022/11/18 17:05:04
月間,202212,策定,西播東岡山線・山崎智頭線,2023/01/04,昼間帯,順方向,3260,3260,0,0,0,0,3260,熱容量,0,0,0,0,2022/12/20 17:05:05
月間,202212,策定,西播東岡山線・山崎智頭線,2023/01/04,昼間帯,逆方向,-4550,-4550,0,0,0,0,-4550,電圧,0,0,0,0,2022/12/20 17:05:05
月間,202212,策定,西播東岡山線・山崎智頭線,2023/01/04,夜間帯,順方向,3260,3260,0,0,0,0,3260,熱容量,0,0,0,0,2022/12/20 17:05:05
月間,202212,策定,西播東岡山線・山崎智頭線,2023/01/04,夜間帯,逆方向,-4550,-4550,0,0,0,0,-4550,電圧,0,0,0,0,2022/12/20 17:05:05
月間,202211,策定,西播東岡山線・山崎智頭線,2023/01/05,昼間帯,順方向,3260,3260,0,0,0,0,3260,熱容量,0,0,0,0,2022/11/18 17:05:04
月間,202211,策定,西播東岡山線・山崎智頭線,2023/01/05,昼間帯,逆方向,-4550,-4550,0,0,0,0,-4550,電圧,0,0,0,0,2022/11/18 17:05:04
月間,202211,策定,西播東岡山線・山崎智頭線,2023/01/05,夜間帯,順方向,3260,3260,0,0,0,0,3260,熱容量,0,0,0,0,2022/11/18 17:05:04
月間,202211,策定,西播東岡山線・山崎智頭線,2023/01/05,夜間帯,逆方向,-4550,-4550,0,0,0,0,-4550,電圧,0,0,0,0,2022/11/18 17:05:04
月間,202212,策定,西播東岡山線・山崎智頭線,2023/01/05,昼間帯,順方向,3260,3260,0,0,0,0,3260,熱容量,0,0,0,0,2022/12/20 17:05:05
月間,202212,策定,西播東岡山線・山崎智頭線,2023/01/05,昼間帯,逆方向,-4550,-4550,0,0,0,0,-4550,電圧,0,0,0,0,2022/12/20 17:05:05
月間,202212,策定,西播東岡山線・山崎智頭線,2023/01/05,夜間帯,順方向,3260,3260,0,0,0,0,3260,熱容量,0,0,0,0,2022/12/20 17:05:05
月間,202212,策定,西播東岡山線・山崎智頭線,2023/01/05,夜間帯,逆方向,-4550,-4550,0,0,0,0,-4550,電圧,0,0,0,0,2022/12/20 17:05:05
月間,202211,策定,西播東岡山線・山崎智頭線,2023/01/06,昼間帯,順方向,3260,3260,0,0,0,0,3260,熱容量,0,0,0,0,2022/11/18 17:05:04
月間,202211,策定,西播東岡山線・山崎智頭線,2023/01/06,昼間帯,逆方向,-4550,-4550,0,0,0,0,-4550,電圧,0,0,0,0,2022/11/18 17:05:04
月間,202211,策定,西播東岡山線・山崎智頭線,2023/01/06,夜間帯,順方向,3260,3260,0,0,0,0,3260,熱容量,0,0,0,0,2022/11/18 17:05:04
月間,202211,策定,西播東岡山線・山崎智頭線,2023/01/06,夜間帯,逆方向,-4550,-4550,0,0,0,0,-4550,電圧,0,0,0,0,2022/11/18 17:05:04
月間,202212,策定,西播東岡山線・山崎智頭線,2023/01/06,昼間帯,順方向,3260,3260,0,0,0,0,3260,熱容量,0,0,0,0,2022/12/20 17:05:05
月間,202212,策定,西播東岡山線・山崎智頭線,2023/01/06,昼間帯,逆方向,-4550,-4550,0,0,0,0,-4550,電圧,0,0,0,0,2022/12/20 17:05:05
月間,202212,策定,西播東岡山線・山崎智頭線,2023/01/06,夜間帯,順方向,3260,3260,0,0,0,0,3260,熱容量,0,0,0,0,2022/12/20 17:05:05
月間,202212,策定,西播東岡山線・山崎智頭線,2023/01/06,夜間帯,逆方向,-4550,-4550,0,0,0,0,-4550,電圧,0,0,0,0,2022/12/20 17:05:05
月間,202211,策定,西播東岡山線・山崎智頭線,2023/01/07,昼間帯,順方向,3260,3260,0,0,0,0,3260,熱容量,0,0,0,0,2022/11/18 17:05:04
月間,202211,策定,西播東岡山線・山崎智頭線,2023/01/07,昼間帯,逆方向,-4550,-4550,0,0,0,0,-4550,電圧,0,0,0,0,2022/11/18 17:05:04
月間,202211,策定,西播東岡山線・山崎智頭線,2023/01/07,夜間帯,順方向,3260,3260,0,0,0,0,3260,熱容量,0,0,0,0,2022/11/18 17:05:04
月間,202211,策定,西播東岡山線・山崎智頭線,2023/01/07,夜間帯,逆方向,-4550,-4550,0,0,0,0,-4550,電圧,0,0,0,0,2022/11/18 17:05:04
月間,202212,策定,西播東岡山線・山崎智頭線,2023/01/07,昼間帯,順方向,3260,3260,0,0,0,0,3260,熱容量,0,0,0,0,2022/12/20 17:05:05
月間,202212,策定,西播東岡山線・山崎智頭線,2023/01/07,昼間帯,逆方向,-4550,-4550,0,0,0,0,-4550,電圧,0,0,0,0,2022/12/20 17:05:05
月間,202212,策定,西播東岡山線・山崎智頭線,2023/01/07,夜間帯,順方向,3260,3260,0,0,0,0,3260,熱容量,0,0,0,0,2022/12/20 17:05:05
月間,202212,策定,西播東岡山線・山崎智頭線,2023/01/07,夜間帯,逆方向,-4550,-4550,0,0,0,0,-4550,電圧,0,0,0,0,2022/12/20 17:05:05
月間,202211,策定,西播東岡山線・山崎智頭線,2023/01/08,昼間帯,順方向,3260,3260,0,0,0,0,3260,熱容量,0,0,0,0,2022/11/18 17:05:04
月間,202211,策定,西播東岡山線・山崎智頭線,2023/01/08,昼間帯,逆方向,-4550,-4550,0,0,0,0,-4550,電圧,0,0,0,0,2022/11/18 17:05:04
月間,202211,策定,西播東岡山線・山崎智頭線,2023/01/08,夜間帯,順方向,3260,3260,0,0,0,0,3260,熱容量,0,0,0,0,2022/11/18 17:05:04
月間,202211,策定,西播東岡山線・山崎智頭線,2023/01/08,夜間帯,逆方向,-4550,-4550,0,0,0,0,-4550,電圧,0,0,0,0,2022/11/18 17:05:04
月間,202212,策定,西播東岡山線・山崎智頭線,2023/01/08,昼間帯,順方向,3260,3260,0,0,0,0,3260,熱容量,0,0,0,0,2022/12/20 17:05:05
月間,202212,策定,西播東岡山線・山崎智頭線,2023/01/08,昼間帯,逆方向,-4550,-4550,0,0,0,0,-4550,電圧,0,0,0,0,2022/12/20 17:05:05
月間,202212,策定,西播東岡山線・山崎智頭線,2023/01/08,夜間帯,順方向,3260,3260,0,0,0,0,3260,熱容量,0,0,0,0,2022/12/20 17:05:05
月間,202212,策定,西播東岡山線・山崎智頭線,2023/01/08,夜間帯,逆方向,-4550,-4550,0,0,0,0,-4550,電圧,0,0,0,0,2022/12/20 17:05:05
月間,202211,策定,西播東岡山線・山崎智頭線,2023/01/09,昼間帯,順方向,3260,3260,0,0,0,0,3260,熱容量,0,0,0,0,2022/11/18 17:05:04
月間,202211,策定,西播東岡山線・山崎智頭線,2023/01/09,昼間帯,逆方向,-4550,-4550,0,0,0,0,-4550,電圧,0,0,0,0,2022/11/18 17:05:04
月間,202211,策定,西播東岡山線・山崎智頭線,2023/01/09,夜間帯,順方向,3260,3260,0,0,0,0,3260,熱容量,0,0,0,0,2022/11/18 17:05:04
月間,202211,策定,西播東岡山線・山崎智頭線,2023/01/09,夜間帯,逆方向,-4550,-4550,0,0,0,0,-4550,電圧,0,0,0,0,2022/11/18 17:05:04
月間,202212,策定,西播東岡山線・山崎智頭線,2023/01/09,昼間帯,順方向,3260,3260,0,0,0,0,3260,熱容量,0,0,0,0,2022/12/20 17:05:05
月間,202212,策定,西播東岡山線・山崎智頭線,2023/01/09,昼間帯,逆方向,-4550,-4550,0,0,0,0,-4550,電圧,0,0,0,0,2022/12/20 17:05:05
月間,202212,策定,西播東岡山線・山崎智頭線,2023/01/09,夜間帯,順方向,3260,3260,0,0,0,0,3260,熱容量,0,0,0,0,2022/12/20 17:05:05
月間,202212,策定,西播東岡山線・山崎智頭線,2023/01/09,夜間帯,逆方向,-4550,-4550,0,0,0,0,-4550,電圧,0,0,0,0,2022/12/20 17:05:05
月間,202211,策定,西播東岡山線・山崎智頭線,2023/01/10,昼間帯,順方向,3260,3260,0,0,0,0,3260,熱容量,0,0,0,0,2022/11/18 17:05:04
月間,202211,策定,西播東岡山線・山崎智頭線,2023/01/10,昼間帯,逆方向,-4550,-4550,0,0,0,0,-4550,電圧,0,0,0,0,2022/11/18 17:05:04
月間,202211,策定,西播東岡山線・山崎智頭線,2023/01/10,夜間帯,順方向,3260,3260,0,0,0,0,3260,熱容量,0,0,0,0,2022/11/18 17:05:04
月間,202211,策定,西播東岡山線・山崎智頭線,2023/01/10,夜間帯,逆方向,-4550,-4550,0,0,0,0,-4550,電圧,0,0,0,0,2022/11/18 17:05:04
月間,202212,策定,西播東岡山線・山崎智頭線,2023/01/10,昼間帯,順方向,3260,3260,0,0,0,0,3260,熱容量,0,0,0,0,2022/12/20 17:05:05
月間,202212,策定,西播東岡山線・山崎智頭線,2023/01/10,昼間帯,逆方向,-4550,-4550,0,0,0,0,-4550,電圧,0,0,0,0,2022/12/20 17:05:05
月間,202212,策定,西播東岡山線・山崎智頭線,2023/01/10,夜間帯,順方向,3260,3260,0,0,0,0,3260,熱容量,0,0,0,0,2022/12/20 17:05:05
月間,202212,策定,西播東岡山線・山崎智頭線,2023/01/10,夜間帯,逆方向,-4550,-4550,0,0,0,0,-4550,電圧,0,0,0,0,2022/12/20 17:05:05
月間,202211,策定,西播東岡山線・山崎智頭線,2023/01/11,昼間帯,順方向,3260,3260,0,0,0,0,3260,熱容量,0,0,0,0,2022/11/18 17:05:04
月間,202211,策定,西播東岡山線・山崎智頭線,2023/01/11,昼間帯,逆方向,-4550,-4550,0,0,0,0,-4550,電圧,0,0,0,0,2022/11/18 17:05:04
月間,202211,策定,西播東岡山線・山崎智頭線,2023/01/11,夜間帯,順方向,3260,3260,0,0,0,0,3260,熱容量,0,0,0,0,2022/11/18 17:05:04
月間,202211,策定,西播東岡山線・山崎智頭線,2023/01/11,夜間帯,逆方向,-4550,-4550,0,0,0,0,-4550,電圧,0,0,0,0,2022/11/18 17:05:04
月間,202212,策定,西播東岡山線・山崎智頭線,2023/01/11,昼間帯,順方向,3260,3260,0,0,0,0,3260,熱容量,0,0,0,0,2022/12/20 17:05:05
月間,202212,策定,西播東岡山線・山崎智頭線,2023/01/11,昼間帯,逆方向,-4550,-4550,0,0,0,0,-4550,電圧,0,0,0,0,2022/12/20 17:05:05
月間,202212,策定,西播東岡山線・山崎智頭線,2023/01/11,夜間帯,順方向,3260,3260,0,0,0,0,3260,熱容量,0,0,0,0,2022/12/20 17:05:05
月間,202212,策定,西播東岡山線・山崎智頭線,2023/01/11,夜間帯,逆方向,-4550,-4550,0,0,0,0,-4550,電圧,0,0,0,0,2022/12/20 17:05:05
月間,202211,策定,西播東岡山線・山崎智頭線,2023/01/12,昼間帯,順方向,3260,3260,0,0,0,0,3260,熱容量,0,0,0,0,2022/11/18 17:05:04
月間,202211,策定,西播東岡山線・山崎智頭線,2023/01/12,昼間帯,逆方向,-4550,-4550,0,0,0,0,-4550,電圧,0,0,0,0,2022/11/18 17:05:04
月間,202211,策定,西播東岡山線・山崎智頭線,2023/01/12,夜間帯,順方向,3260,3260,0,0,0,0,3260,熱容量,0,0,0,0,2022/11/18 17:05:04
月間,202211,策定,西播東岡山線・山崎智頭線,2023/01/12,夜間帯,逆方向,-4550,-4550,0,0,0,0,-4550,電圧,0,0,0,0,2022/11/18 17:05:04
月間,202212,策定,西播東岡山線・山崎智頭線,2023/01/12,昼間帯,順方向,3260,3260,0,0,0,0,3260,熱容量,0,0,0,0,2022/12/20 17:05:05
月間,202212,策定,西播東岡山線・山崎智頭線,2023/01/12,昼間帯,逆方向,-4550,-4550,0,0,0,0,-4550,電圧,0,0,0,0,2022/12/20 17:05:05
月間,202212,策定,西播東岡山線・山崎智頭線,2023/01/12,夜間帯,順方向,3260,3260,0,0,0,0,3260,熱容量,0,0,0,0,2022/12/20 17:05:05
月間,202212,策定,西播東岡山線・山崎智頭線,2023/01/12,夜間帯,逆方向,-4550,-4550,0,0,0,0,-4550,電圧,0,0,0,0,2022/12/20 17:05:05
月間,202211,策定,西播東岡山線・山崎智頭線,2023/01/13,昼間帯,順方向,3260,3260,0,0,0,0,3260,熱容量,0,0,0,0,2022/11/18 17:05:04
月間,202211,策定,西播東岡山線・山崎智頭線,2023/01/13,昼間帯,逆方向,-4550,-4550,0,0,0,0,-4550,電圧,0,0,0,0,2022/11/18 17:05:04
月間,202211,策定,西播東岡山線・山崎智頭線,2023/01/13,夜間帯,順方向,3260,3260,0,0,0,0,3260,熱容量,0,0,0,0,2022/11/18 17:05:04
月間,202211,策定,西播東岡山線・山崎智頭線,2023/01/13,夜間帯,逆方向,-4550,-4550,0,0,0,0,-4550,電圧,0,0,0,0,2022/11/18 17:05:04
月間,202212,策定,西播東岡山線・山崎智頭線,2023/01/13,昼間帯,順方向,3260,3260,0,0,0,0,3260,熱容量,0,0,0,0,2022/12/20 17:05:05
月間,202212,策定,西播東岡山線・山崎智頭線,2023/01/13,昼間帯,逆方向,-4550,-4550,0,0,0,0,-4550,電圧,0,0,0,0,2022/12/20 17:05:05
月間,202212,策定,西播東岡山線・山崎智頭線,2023/01/13,夜間帯,順方向,3260,3260,0,0,0,0,3260,熱容量,0,0,0,0,2022/12/20 17:05:05
月間,202212,策定,西播東岡山線・山崎智頭線,2023/01/13,夜間帯,逆方向,-4550,-4550,0,0,0,0,-4550,電圧,0,0,0,0,2022/12/20 17:05:05
月間,202211,策定,西播東岡山線・山崎智頭線,2023/01/14,昼間帯,順方向,3260,3260,0,0,0,0,3260,熱容量,0,0,0,0,2022/11/18 17:05:04
月間,202211,策定,西播東岡山線・山崎智頭線,2023/01/14,昼間帯,逆方向,-4550,-4550,0,0,0,0,-4550,電圧,0,0,0,0,2022/11/18 17:05:04
月間,202211,策定,西播東岡山線・山崎智頭線,2023/01/14,夜間帯,順方向,3260,3260,0,0,0,0,3260,熱容量,0,0,0,0,2022/11/18 17:05:04
月間,202211,策定,西播東岡山線・山崎智頭線,2023/01/14,夜間帯,逆方向,-4550,-4550,0,0,0,0,-4550,電圧,0,0,0,0,2022/11/18 17:05:04
月間,202212,策定,西播東岡山線・山崎智頭線,2023/01/14,昼間帯,順方向,3260,3260,0,0,0,0,3260,熱容量,0,0,0,0,2022/12/20 17:05:05
月間,202212,策定,西播東岡山線・山崎智頭線,2023/01/14,昼間帯,逆方向,-4550,-4550,0,0,0,0,-4550,電圧,0,0,0,0,2022/12/20 17:05:05
月間,202212,策定,西播東岡山線・山崎智頭線,2023/01/14,夜間帯,順方向,3260,3260,0,0,0,0,3260,熱容量,0,0,0,0,2022/12/20 17:05:05
月間,202212,策定,西播東岡山線・山崎智頭線,2023/01/14,夜間帯,逆方向,-4550,-4550,0,0,0,0,-4550,電圧,0,0,0,0,2022/12/20 17:05:05
月間,202211,策定,西播東岡山線・山崎智頭線,2023/01/15,昼間帯,順方向,3260,3260,0,0,0,0,3260,熱容量,0,0,0,0,2022/11/18 17:05:04
月間,202211,策定,西播東岡山線・山崎智頭線,2023/01/15,昼間帯,逆方向,-4550,-4550,0,0,0,0,-4550,電圧,0,0,0,0,2022/11/18 17:05:04
月間,202211,策定,西播東岡山線・山崎智頭線,2023/01/15,夜間帯,順方向,3260,3260,0,0,0,0,3260,熱容量,0,0,0,0,2022/11/18 17:05:04
月間,202211,策定,西播東岡山線・山崎智頭線,2023/01/15,夜間帯,逆方向,-4550,-4550,0,0,0,0,-4550,電圧,0,0,0,0,2022/11/18 17:05:04
月間,202212,策定,西播東岡山線・山崎智頭線,2023/01/15,昼間帯,順方向,3260,3260,0,0,0,0,3260,熱容量,0,0,0,0,2022/12/20 17:05:05
月間,202212,策定,西播東岡山線・山崎智頭線,2023/01/15,昼間帯,逆方向,-4550,-4550,0,0,0,0,-4550,電圧,0,0,0,0,2022/12/20 17:05:05
月間,202212,策定,西播東岡山線・山崎智頭線,2023/01/15,夜間帯,順方向,3260,3260,0,0,0,0,3260,熱容量,0,0,0,0,2022/12/20 17:05:05
月間,202212,策定,西播東岡山線・山崎智頭線,2023/01/15,夜間帯,逆方向,-4550,-4550,0,0,0,0,-4550,電圧,0,0,0,0,2022/12/20 17:05:05
月間,202211,策定,西播東岡山線・山崎智頭線,2023/01/16,昼間帯,順方向,3260,3260,0,0,0,0,3260,熱容量,0,0,0,0,2022/11/18 17:05:04
月間,202211,策定,西播東岡山線・山崎智頭線,2023/01/16,昼間帯,逆方向,-4550,-4550,0,0,0,0,-4550,電圧,0,0,0,0,2022/11/18 17:05:04
月間,202211,策定,西播東岡山線・山崎智頭線,2023/01/16,夜間帯,順方向,3260,3260,0,0,0,0,3260,熱容量,0,0,0,0,2022/11/18 17:05:04
月間,202211,策定,西播東岡山線・山崎智頭線,2023/01/16,夜間帯,逆方向,-4550,-4550,0,0,0,0,-4550,電圧,0,0,0,0,2022/11/18 17:05:04
月間,202212,策定,西播東岡山線・山崎智頭線,2023/01/16,昼間帯,順方向,3260,3260,0,0,0,0,3260,熱容量,0,0,0,0,2022/12/20 17:05:05
月間,202212,策定,西播東岡山線・山崎智頭線,2023/01/16,昼間帯,逆方向,-4550,-4550,0,0,0,0,-4550,電圧,0,0,0,0,2022/12/20 17:05:05
月間,202212,策定,西播東岡山線・山崎智頭線,2023/01/16,夜間帯,順方向,3260,3260,0,0,0,0,3260,熱容量,0,0,0,0,2022/12/20 17:05:05
月間,202212,策定,西播東岡山線・山崎智頭線,2023/01/16,夜間帯,逆方向,-4550,-4550,0,0,0,0,-4550,電圧,0,0,0,0,2022/12/20 17:05:05
月間,202211,策定,西播東岡山線・山崎智頭線,2023/01/17,昼間帯,順方向,3260,3260,0,0,0,0,3260,熱容量,0,0,0,0,2022/11/18 17:05:04
月間,202211,策定,西播東岡山線・山崎智頭線,2023/01/17,昼間帯,逆方向,-4550,-4550,0,0,0,0,-4550,電圧,0,0,0,0,2022/11/18 17:05:04
月間,202211,策定,西播東岡山線・山崎智頭線,2023/01/17,夜間帯,順方向,3260,3260,0,0,0,0,3260,熱容量,0,0,0,0,2022/11/18 17:05:04
月間,202211,策定,西播東岡山線・山崎智頭線,2023/01/17,夜間帯,逆方向,-4550,-4550,0,0,0,0,-4550,電圧,0,0,0,0,2022/11/18 17:05:04
月間,202212,策定,西播東岡山線・山崎智頭線,2023/01/17,昼間帯,順方向,3260,3260,0,0,0,0,3260,熱容量,0,0,0,0,2022/12/20 17:05:05
月間,202212,策定,西播東岡山線・山崎智頭線,2023/01/17,昼間帯,逆方向,-4550,-4550,0,0,0,0,-4550,電圧,0,0,0,0,2022/12/20 17:05:05
月間,202212,策定,西播東岡山線・山崎智頭線,2023/01/17,夜間帯,順方向,3260,3260,0,0,0,0,3260,熱容量,0,0,0,0,2022/12/20 17:05:05
月間,202212,策定,西播東岡山線・山崎智頭線,2023/01/17,夜間帯,逆方向,-4550,-4550,0,0,0,0,-4550,電圧,0,0,0,0,2022/12/20 17:05:05
月間,202211,策定,西播東岡山線・山崎智頭線,2023/01/18,昼間帯,順方向,3260,3260,0,0,0,0,3260,熱容量,0,0,0,0,2022/11/18 17:05:04
月間,202211,策定,西播東岡山線・山崎智頭線,2023/01/18,昼間帯,逆方向,-4550,-4550,0,0,0,0,-4550,電圧,0,0,0,0,2022/11/18 17:05:04
月間,202211,策定,西播東岡山線・山崎智頭線,2023/01/18,夜間帯,順方向,3260,3260,0,0,0,0,3260,熱容量,0,0,0,0,2022/11/18 17:05:04
月間,202211,策定,西播東岡山線・山崎智頭線,2023/01/18,夜間帯,逆方向,-4550,-4550,0,0,0,0,-4550,電圧,0,0,0,0,2022/11/18 17:05:04
月間,202212,策定,西播東岡山線・山崎智頭線,2023/01/18,昼間帯,順方向,3260,3260,0,0,0,0,3260,熱容量,0,0,0,0,2022/12/20 17:05:05
月間,202212,策定,西播東岡山線・山崎智頭線,2023/01/18,昼間帯,逆方向,-4550,-4550,0,0,0,0,-4550,電圧,0,0,0,0,2022/12/20 17:05:05
月間,202212,策定,西播東岡山線・山崎智頭線,2023/01/18,夜間帯,順方向,3260,3260,0,0,0,0,3260,熱容量,0,0,0,0,2022/12/20 17:05:05
月間,202212,策定,西播東岡山線・山崎智頭線,2023/01/18,夜間帯,逆方向,-4550,-4550,0,0,0,0,-4550,電圧,0,0,0,0,2022/12/20 17:05:05
月間,202211,策定,西播東岡山線・山崎智頭線,2023/01/19,昼間帯,順方向,3260,3260,0,0,0,0,3260,熱容量,0,0,0,0,2022/11/18 17:05:04
月間,202211,策定,西播東岡山線・山崎智頭線,2023/01/19,昼間帯,逆方向,-4550,-4550,0,0,0,0,-4550,電圧,0,0,0,0,2022/11/18 17:05:04
月間,202211,策定,西播東岡山線・山崎智頭線,2023/01/19,夜間帯,順方向,3260,3260,0,0,0,0,3260,熱容量,0,0,0,0,2022/11/18 17:05:04
月間,202211,策定,西播東岡山線・山崎智頭線,2023/01/19,夜間帯,逆方向,-4550,-4550,0,0,0,0,-4550,電圧,0,0,0,0,2022/11/18 17:05:04
月間,202212,策定,西播東岡山線・山崎智頭線,2023/01/19,昼間帯,順方向,3260,3260,0,0,0,0,3260,熱容量,0,0,0,0,2022/12/20 17:05:05
月間,202212,策定,西播東岡山線・山崎智頭線,2023/01/19,昼間帯,逆方向,-4550,-4550,0,0,0,0,-4550,電圧,0,0,0,0,2022/12/20 17:05:05
月間,202212,策定,西播東岡山線・山崎智頭線,2023/01/19,夜間帯,順方向,3260,3260,0,0,0,0,3260,熱容量,0,0,0,0,2022/12/20 17:05:05
月間,202212,策定,西播東岡山線・山崎智頭線,2023/01/19,夜間帯,逆方向,-4550,-4550,0,0,0,0,-4550,電圧,0,0,0,0,2022/12/20 17:05:05
月間,202211,策定,西播東岡山線・山崎智頭線,2023/01/20,昼間帯,順方向,3260,3260,0,0,0,0,3260,熱容量,0,0,0,0,2022/11/18 17:05:04
月間,202211,策定,西播東岡山線・山崎智頭線,2023/01/20,昼間帯,逆方向,-4550,-4550,0,0,0,0,-4550,電圧,0,0,0,0,2022/11/18 17:05:04
月間,202211,策定,西播東岡山線・山崎智頭線,2023/01/20,夜間帯,順方向,3260,3260,0,0,0,0,3260,熱容量,0,0,0,0,2022/11/18 17:05:04
月間,202211,策定,西播東岡山線・山崎智頭線,2023/01/20,夜間帯,逆方向,-4550,-4550,0,0,0,0,-4550,電圧,0,0,0,0,2022/11/18 17:05:04
月間,202212,策定,西播東岡山線・山崎智頭線,2023/01/20,昼間帯,順方向,3260,3260,0,0,0,0,3260,熱容量,0,0,0,0,2022/12/20 17:05:05
月間,202212,策定,西播東岡山線・山崎智頭線,2023/01/20,昼間帯,逆方向,-4550,-4550,0,0,0,0,-4550,電圧,0,0,0,0,2022/12/20 17:05:05
月間,202212,策定,西播東岡山線・山崎智頭線,2023/01/20,夜間帯,順方向,3260,3260,0,0,0,0,3260,熱容量,0,0,0,0,2022/12/20 17:05:05
月間,202212,策定,西播東岡山線・山崎智頭線,2023/01/20,夜間帯,逆方向,-4550,-4550,0,0,0,0,-4550,電圧,0,0,0,0,2022/12/20 17:05:05
月間,202211,策定,西播東岡山線・山崎智頭線,2023/01/21,昼間帯,順方向,3260,3260,0,0,0,0,3260,熱容量,0,0,0,0,2022/11/18 17:05:04
月間,202211,策定,西播東岡山線・山崎智頭線,2023/01/21,昼間帯,逆方向,-4550,-4550,0,0,0,0,-4550,電圧,0,0,0,0,2022/11/18 17:05:04
月間,202211,策定,西播東岡山線・山崎智頭線,2023/01/21,夜間帯,順方向,3260,3260,0,0,0,0,3260,熱容量,0,0,0,0,2022/11/18 17:05:04
月間,202211,策定,西播東岡山線・山崎智頭線,2023/01/21,夜間帯,逆方向,-4550,-4550,0,0,0,0,-4550,電圧,0,0,0,0,2022/11/18 17:05:04
月間,202212,策定,西播東岡山線・山崎智頭線,2023/01/21,昼間帯,順方向,3260,3260,0,0,0,0,3260,熱容量,0,0,0,0,2022/12/20 17:05:05
月間,202212,策定,西播東岡山線・山崎智頭線,2023/01/21,昼間帯,逆方向,-4550,-4550,0,0,0,0,-4550,電圧,0,0,0,0,2022/12/20 17:05:05
月間,202212,策定,西播東岡山線・山崎智頭線,2023/01/21,夜間帯,順方向,3260,3260,0,0,0,0,3260,熱容量,0,0,0,0,2022/12/20 17:05:05
月間,202212,策定,西播東岡山線・山崎智頭線,2023/01/21,夜間帯,逆方向,-4550,-4550,0,0,0,0,-4550,電圧,0,0,0,0,2022/12/20 17:05:05
月間,202211,策定,西播東岡山線・山崎智頭線,2023/01/22,昼間帯,順方向,3260,3260,0,0,0,0,3260,熱容量,0,0,0,0,2022/11/18 17:05:04
月間,202211,策定,西播東岡山線・山崎智頭線,2023/01/22,昼間帯,逆方向,-4550,-4550,0,0,0,0,-4550,電圧,0,0,0,0,2022/11/18 17:05:04
月間,202211,策定,西播東岡山線・山崎智頭線,2023/01/22,夜間帯,順方向,3260,3260,0,0,0,0,3260,熱容量,0,0,0,0,2022/11/18 17:05:04
月間,202211,策定,西播東岡山線・山崎智頭線,2023/01/22,夜間帯,逆方向,-4550,-4550,0,0,0,0,-4550,電圧,0,0,0,0,2022/11/18 17:05:04
月間,202212,策定,西播東岡山線・山崎智頭線,2023/01/22,昼間帯,順方向,3260,3260,0,0,0,0,3260,熱容量,0,0,0,0,2022/12/20 17:05:05
月間,202212,策定,西播東岡山線・山崎智頭線,2023/01/22,昼間帯,逆方向,-4550,-4550,0,0,0,0,-4550,電圧,0,0,0,0,2022/12/20 17:05:05
月間,202212,策定,西播東岡山線・山崎智頭線,2023/01/22,夜間帯,順方向,3260,3260,0,0,0,0,3260,熱容量,0,0,0,0,2022/12/20 17:05:05
月間,202212,策定,西播東岡山線・山崎智頭線,2023/01/22,夜間帯,逆方向,-4550,-4550,0,0,0,0,-4550,電圧,0,0,0,0,2022/12/20 17:05:05
月間,202211,策定,西播東岡山線・山崎智頭線,2023/01/23,昼間帯,順方向,3260,3260,0,0,0,0,3260,熱容量,0,0,0,0,2022/11/18 17:05:04
月間,202211,策定,西播東岡山線・山崎智頭線,2023/01/23,昼間帯,逆方向,-4550,-4550,0,0,0,0,-4550,電圧,0,0,0,0,2022/11/18 17:05:04
月間,202211,策定,西播東岡山線・山崎智頭線,2023/01/23,夜間帯,順方向,3260,3260,0,0,0,0,3260,熱容量,0,0,0,0,2022/11/18 17:05:04
月間,202211,策定,西播東岡山線・山崎智頭線,2023/01/23,夜間帯,逆方向,-4550,-4550,0,0,0,0,-4550,電圧,0,0,0,0,2022/11/18 17:05:04
月間,202212,策定,西播東岡山線・山崎智頭線,2023/01/23,昼間帯,順方向,3260,3260,0,0,0,0,3260,熱容量,0,0,0,0,2022/12/20 17:05:05
月間,202212,策定,西播東岡山線・山崎智頭線,2023/01/23,昼間帯,逆方向,-4550,-4550,0,0,0,0,-4550,電圧,0,0,0,0,2022/12/20 17:05:05
月間,202212,策定,西播東岡山線・山崎智頭線,2023/01/23,夜間帯,順方向,3260,3260,0,0,0,0,3260,熱容量,0,0,0,0,2022/12/20 17:05:05
月間,202212,策定,西播東岡山線・山崎智頭線,2023/01/23,夜間帯,逆方向,-4550,-4550,0,0,0,0,-4550,電圧,0,0,0,0,2022/12/20 17:05:05
月間,202211,策定,西播東岡山線・山崎智頭線,2023/01/24,昼間帯,順方向,3260,3260,0,0,0,0,3260,熱容量,0,0,0,0,2022/11/18 17:05:04
月間,202211,策定,西播東岡山線・山崎智頭線,2023/01/24,昼間帯,逆方向,-4550,-4550,0,0,0,0,-4550,電圧,0,0,0,0,2022/11/18 17:05:04
月間,202211,策定,西播東岡山線・山崎智頭線,2023/01/24,夜間帯,順方向,3260,3260,0,0,0,0,3260,熱容量,0,0,0,0,2022/11/18 17:05:04
月間,202211,策定,西播東岡山線・山崎智頭線,2023/01/24,夜間帯,逆方向,-4550,-4550,0,0,0,0,-4550,電圧,0,0,0,0,2022/11/18 17:05:04
月間,202212,策定,西播東岡山線・山崎智頭線,2023/01/24,昼間帯,順方向,3260,3260,0,0,0,0,3260,熱容量,0,0,0,0,2022/12/20 17:05:05
月間,202212,策定,西播東岡山線・山崎智頭線,2023/01/24,昼間帯,逆方向,-4550,-4550,0,0,0,0,-4550,電圧,0,0,0,0,2022/12/20 17:05:05
月間,202212,策定,西播東岡山線・山崎智頭線,2023/01/24,夜間帯,順方向,3260,3260,0,0,0,0,3260,熱容量,0,0,0,0,2022/12/20 17:05:05
月間,202212,策定,西播東岡山線・山崎智頭線,2023/01/24,夜間帯,逆方向,-4550,-4550,0,0,0,0,-4550,電圧,0,0,0,0,2022/12/20 17:05:05
月間,202211,策定,西播東岡山線・山崎智頭線,2023/01/25,昼間帯,順方向,3260,3260,0,0,0,0,3260,熱容量,0,0,0,0,2022/11/18 17:05:04
月間,202211,策定,西播東岡山線・山崎智頭線,2023/01/25,昼間帯,逆方向,-4550,-4550,0,0,0,0,-4550,電圧,0,0,0,0,2022/11/18 17:05:04
月間,202211,策定,西播東岡山線・山崎智頭線,2023/01/25,夜間帯,順方向,3260,3260,0,0,0,0,3260,熱容量,0,0,0,0,2022/11/18 17:05:04
月間,202211,策定,西播東岡山線・山崎智頭線,2023/01/25,夜間帯,逆方向,-4550,-4550,0,0,0,0,-4550,電圧,0,0,0,0,2022/11/18 17:05:04
月間,202212,策定,西播東岡山線・山崎智頭線,2023/01/25,昼間帯,順方向,3260,3260,0,0,0,0,3260,熱容量,0,0,0,0,2022/12/20 17:05:05
月間,202212,策定,西播東岡山線・山崎智頭線,2023/01/25,昼間帯,逆方向,-4550,-4550,0,0,0,0,-4550,電圧,0,0,0,0,2022/12/20 17:05:05
月間,202212,策定,西播東岡山線・山崎智頭線,2023/01/25,夜間帯,順方向,3260,3260,0,0,0,0,3260,熱容量,0,0,0,0,2022/12/20 17:05:05
月間,202212,策定,西播東岡山線・山崎智頭線,2023/01/25,夜間帯,逆方向,-4550,-4550,0,0,0,0,-4550,電圧,0,0,0,0,2022/12/20 17:05:05
月間,202211,策定,西播東岡山線・山崎智頭線,2023/01/26,昼間帯,順方向,3260,3260,0,0,0,0,3260,熱容量,0,0,0,0,2022/11/18 17:05:04
月間,202211,策定,西播東岡山線・山崎智頭線,2023/01/26,昼間帯,逆方向,-4550,-4550,0,0,0,0,-4550,電圧,0,0,0,0,2022/11/18 17:05:04
月間,202211,策定,西播東岡山線・山崎智頭線,2023/01/26,夜間帯,順方向,3260,3260,0,0,0,0,3260,熱容量,0,0,0,0,2022/11/18 17:05:04
月間,202211,策定,西播東岡山線・山崎智頭線,2023/01/26,夜間帯,逆方向,-4550,-4550,0,0,0,0,-4550,電圧,0,0,0,0,2022/11/18 17:05:04
月間,202212,策定,西播東岡山線・山崎智頭線,2023/01/26,昼間帯,順方向,3260,3260,0,0,0,0,3260,熱容量,0,0,0,0,2022/12/20 17:05:05
月間,202212,策定,西播東岡山線・山崎智頭線,2023/01/26,昼間帯,逆方向,-4550,-4550,0,0,0,0,-4550,電圧,0,0,0,0,2022/12/20 17:05:05
月間,202212,策定,西播東岡山線・山崎智頭線,2023/01/26,夜間帯,順方向,3260,3260,0,0,0,0,3260,熱容量,0,0,0,0,2022/12/20 17:05:05
月間,202212,策定,西播東岡山線・山崎智頭線,2023/01/26,夜間帯,逆方向,-4550,-4550,0,0,0,0,-4550,電圧,0,0,0,0,2022/12/20 17:05:05
月間,202211,策定,西播東岡山線・山崎智頭線,2023/01/27,昼間帯,順方向,3260,3260,0,0,0,0,3260,熱容量,0,0,0,0,2022/11/18 17:05:04
月間,202211,策定,西播東岡山線・山崎智頭線,2023/01/27,昼間帯,逆方向,-4550,-4550,0,0,0,0,-4550,電圧,0,0,0,0,2022/11/18 17:05:04
月間,202211,策定,西播東岡山線・山崎智頭線,2023/01/27,夜間帯,順方向,3260,3260,0,0,0,0,3260,熱容量,0,0,0,0,2022/11/18 17:05:04
月間,202211,策定,西播東岡山線・山崎智頭線,2023/01/27,夜間帯,逆方向,-4550,-4550,0,0,0,0,-4550,電圧,0,0,0,0,2022/11/18 17:05:04
月間,202212,策定,西播東岡山線・山崎智頭線,2023/01/27,昼間帯,順方向,3260,3260,0,0,0,0,3260,熱容量,0,0,0,0,2022/12/20 17:05:05
月間,202212,策定,西播東岡山線・山崎智頭線,2023/01/27,昼間帯,逆方向,-4550,-4550,0,0,0,0,-4550,電圧,0,0,0,0,2022/12/20 17:05:05
月間,202212,策定,西播東岡山線・山崎智頭線,2023/01/27,夜間帯,順方向,3260,3260,0,0,0,0,3260,熱容量,0,0,0,0,2022/12/20 17:05:05
月間,202212,策定,西播東岡山線・山崎智頭線,2023/01/27,夜間帯,逆方向,-4550,-4550,0,0,0,0,-4550,電圧,0,0,0,0,2022/12/20 17:05:05
月間,202211,策定,西播東岡山線・山崎智頭線,2023/01/28,昼間帯,順方向,3260,3260,0,0,0,0,3260,熱容量,0,0,0,0,2022/11/18 17:05:04
月間,202211,策定,西播東岡山線・山崎智頭線,2023/01/28,昼間帯,逆方向,-4550,-4550,0,0,0,0,-4550,電圧,0,0,0,0,2022/11/18 17:05:04
月間,202211,策定,西播東岡山線・山崎智頭線,2023/01/28,夜間帯,順方向,3260,3260,0,0,0,0,3260,熱容量,0,0,0,0,2022/11/18 17:05:04
月間,202211,策定,西播東岡山線・山崎智頭線,2023/01/28,夜間帯,逆方向,-4550,-4550,0,0,0,0,-4550,電圧,0,0,0,0,2022/11/18 17:05:04
月間,202212,策定,西播東岡山線・山崎智頭線,2023/01/28,昼間帯,順方向,3260,3260,0,0,0,0,3260,熱容量,0,0,0,0,2022/12/20 17:05:05
月間,202212,策定,西播東岡山線・山崎智頭線,2023/01/28,昼間帯,逆方向,-4550,-4550,0,0,0,0,-4550,電圧,0,0,0,0,2022/12/20 17:05:05
月間,202212,策定,西播東岡山線・山崎智頭線,2023/01/28,夜間帯,順方向,3260,3260,0,0,0,0,3260,熱容量,0,0,0,0,2022/12/20 17:05:05
月間,202212,策定,西播東岡山線・山崎智頭線,2023/01/28,夜間帯,逆方向,-4550,-4550,0,0,0,0,-4550,電圧,0,0,0,0,2022/12/20 17:05:05
月間,202211,策定,西播東岡山線・山崎智頭線,2023/01/29,昼間帯,順方向,3260,3260,0,0,0,0,3260,熱容量,0,0,0,0,2022/11/18 17:05:04
月間,202211,策定,西播東岡山線・山崎智頭線,2023/01/29,昼間帯,逆方向,-4550,-4550,0,0,0,0,-4550,電圧,0,0,0,0,2022/11/18 17:05:04
月間,202211,策定,西播東岡山線・山崎智頭線,2023/01/29,夜間帯,順方向,3260,3260,0,0,0,0,3260,熱容量,0,0,0,0,2022/11/18 17:05:04
月間,202211,策定,西播東岡山線・山崎智頭線,2023/01/29,夜間帯,逆方向,-4550,-4550,0,0,0,0,-4550,電圧,0,0,0,0,2022/11/18 17:05:04
月間,202212,策定,西播東岡山線・山崎智頭線,2023/01/29,昼間帯,順方向,3260,3260,0,0,0,0,3260,熱容量,0,0,0,0,2022/12/20 17:05:05
月間,202212,策定,西播東岡山線・山崎智頭線,2023/01/29,昼間帯,逆方向,-4550,-4550,0,0,0,0,-4550,電圧,0,0,0,0,2022/12/20 17:05:05
月間,202212,策定,西播東岡山線・山崎智頭線,2023/01/29,夜間帯,順方向,3260,3260,0,0,0,0,3260,熱容量,0,0,0,0,2022/12/20 17:05:05
月間,202212,策定,西播東岡山線・山崎智頭線,2023/01/29,夜間帯,逆方向,-4550,-4550,0,0,0,0,-4550,電圧,0,0,0,0,2022/12/20 17:05:05
月間,202211,策定,西播東岡山線・山崎智頭線,2023/01/30,昼間帯,順方向,3260,3260,0,0,0,0,3260,熱容量,0,0,0,0,2022/11/18 17:05:04
月間,202211,策定,西播東岡山線・山崎智頭線,2023/01/30,昼間帯,逆方向,-4550,-4550,0,0,0,0,-4550,電圧,0,0,0,0,2022/11/18 17:05:04
月間,202211,策定,西播東岡山線・山崎智頭線,2023/01/30,夜間帯,順方向,3260,3260,0,0,0,0,3260,熱容量,0,0,0,0,2022/11/18 17:05:04
月間,202211,策定,西播東岡山線・山崎智頭線,2023/01/30,夜間帯,逆方向,-4550,-4550,0,0,0,0,-4550,電圧,0,0,0,0,2022/11/18 17:05:04
月間,202212,策定,西播東岡山線・山崎智頭線,2023/01/30,昼間帯,順方向,3260,3260,0,0,0,0,3260,熱容量,0,0,0,0,2022/12/20 17:05:05
月間,202212,策定,西播東岡山線・山崎智頭線,2023/01/30,昼間帯,逆方向,-4550,-4550,0,0,0,0,-4550,電圧,0,0,0,0,2022/12/20 17:05:05
月間,202212,策定,西播東岡山線・山崎智頭線,2023/01/30,夜間帯,順方向,3260,3260,0,0,0,0,3260,熱容量,0,0,0,0,2022/12/20 17:05:05
月間,202212,策定,西播東岡山線・山崎智頭線,2023/01/30,夜間帯,逆方向,-4550,-4550,0,0,0,0,-4550,電圧,0,0,0,0,2022/12/20 17:05:05
月間,202211,策定,西播東岡山線・山崎智頭線,2023/01/31,昼間帯,順方向,3260,3260,0,0,0,0,3260,熱容量,0,0,0,0,2022/11/18 17:05:04
月間,202211,策定,西播東岡山線・山崎智頭線,2023/01/31,昼間帯,逆方向,-4550,-4550,0,0,0,0,-4550,電圧,0,0,0,0,2022/11/18 17:05:04
月間,202211,策定,西播東岡山線・山崎智頭線,2023/01/31,夜間帯,順方向,3260,3260,0,0,0,0,3260,熱容量,0,0,0,0,2022/11/18 17:05:04
月間,202211,策定,西播東岡山線・山崎智頭線,2023/01/31,夜間帯,逆方向,-4550,-4550,0,0,0,0,-4550,電圧,0,0,0,0,2022/11/18 17:05:04
月間,202212,策定,西播東岡山線・山崎智頭線,2023/01/31,昼間帯,順方向,3260,3260,0,0,0,0,3260,熱容量,0,0,0,0,2022/12/20 17:05:05
月間,202212,策定,西播東岡山線・山崎智頭線,2023/01/31,昼間帯,逆方向,-4550,-4550,0,0,0,0,-4550,電圧,0,0,0,0,2022/12/20 17:05:05
月間,202212,策定,西播東岡山線・山崎智頭線,2023/01/31,夜間帯,順方向,3260,3260,0,0,0,0,3260,熱容量,0,0,0,0,2022/12/20 17:05:05
月間,202212,策定,西播東岡山線・山崎智頭線,2023/01/31,夜間帯,逆方向,-4550,-4550,0,0,0,0,-4550,電圧,0,0,0,0,2022/12/20 17:05:05
月間,202211,策定,阿南紀北直流幹線,2023/01/01,昼間帯,順方向,0,0,0,0,0,0,1400,熱容量,0,0,0,0,2022/11/18 17:05:04
月間,202211,策定,阿南紀北直流幹線,2023/01/01,昼間帯,逆方向,-1400,-1400,0,0,0,0,-1400,熱容量,0,0,0,0,2022/11/18 17:05:04
月間,202211,策定,阿南紀北直流幹線,2023/01/01,夜間帯,順方向,0,0,0,0,0,0,1400,熱容量,0,0,0,0,2022/11/18 17:05:04
月間,202211,策定,阿南紀北直流幹線,2023/01/01,夜間帯,逆方向,-1400,-1400,0,0,0,0,-1400,熱容量,0,0,0,0,2022/11/18 17:05:04
月間,202212,策定,阿南紀北直流幹線,2023/01/01,昼間帯,順方向,0,0,0,0,0,0,1400,熱容量,0,0,0,0,2022/12/20 17:05:05
月間,202212,策定,阿南紀北直流幹線,2023/01/01,昼間帯,逆方向,-1400,-1400,0,0,0,0,-1400,熱容量,0,0,0,0,2022/12/20 17:05:05
月間,202212,策定,阿南紀北直流幹線,2023/01/01,夜間帯,順方向,0,0,0,0,0,0,1400,熱容量,0,0,0,0,2022/12/20 17:05:05
月間,202212,策定,阿南紀北直流幹線,2023/01/01,夜間帯,逆方向,-1400,-1400,0,0,0,0,-1400,熱容量,0,0,0,0,2022/12/20 17:05:05
月間,202211,策定,阿南紀北直流幹線,2023/01/02,昼間帯,順方向,0,0,0,0,0,0,1400,熱容量,0,0,0,0,2022/11/18 17:05:04
月間,202211,策定,阿南紀北直流幹線,2023/01/02,昼間帯,逆方向,-1400,-1400,0,0,0,0,-1400,熱容量,0,0,0,0,2022/11/18 17:05:04
月間,202211,策定,阿南紀北直流幹線,2023/01/02,夜間帯,順方向,0,0,0,0,0,0,1400,熱容量,0,0,0,0,2022/11/18 17:05:04
月間,202211,策定,阿南紀北直流幹線,2023/01/02,夜間帯,逆方向,-1400,-1400,0,0,0,0,-1400,熱容量,0,0,0,0,2022/11/18 17:05:04
月間,202212,策定,阿南紀北直流幹線,2023/01/02,昼間帯,順方向,0,0,0,0,0,0,1400,熱容量,0,0,0,0,2022/12/20 17:05:05
月間,202212,策定,阿南紀北直流幹線,2023/01/02,昼間帯,逆方向,-1400,-1400,0,0,0,0,-1400,熱容量,0,0,0,0,2022/12/20 17:05:05
月間,202212,策定,阿南紀北直流幹線,2023/01/02,夜間帯,順方向,0,0,0,0,0,0,1400,熱容量,0,0,0,0,2022/12/20 17:05:05
月間,202212,策定,阿南紀北直流幹線,2023/01/02,夜間帯,逆方向,-1400,-1400,0,0,0,0,-1400,熱容量,0,0,0,0,2022/12/20 17:05:05
月間,202211,策定,阿南紀北直流幹線,2023/01/03,昼間帯,順方向,0,0,0,0,0,0,1400,熱容量,0,0,0,0,2022/11/18 17:05:04
月間,202211,策定,阿南紀北直流幹線,2023/01/03,昼間帯,逆方向,-1400,-1400,0,0,0,0,-1400,熱容量,0,0,0,0,2022/11/18 17:05:04
月間,202211,策定,阿南紀北直流幹線,2023/01/03,夜間帯,順方向,0,0,0,0,0,0,1400,熱容量,0,0,0,0,2022/11/18 17:05:04
月間,202211,策定,阿南紀北直流幹線,2023/01/03,夜間帯,逆方向,-1400,-1400,0,0,0,0,-1400,熱容量,0,0,0,0,2022/11/18 17:05:04
月間,202212,策定,阿南紀北直流幹線,2023/01/03,昼間帯,順方向,0,0,0,0,0,0,1400,熱容量,0,0,0,0,2022/12/20 17:05:05
月間,202212,策定,阿南紀北直流幹線,2023/01/03,昼間帯,逆方向,-1400,-1400,0,0,0,0,-1400,熱容量,0,0,0,0,2022/12/20 17:05:05
月間,202212,策定,阿南紀北直流幹線,2023/01/03,夜間帯,順方向,0,0,0,0,0,0,1400,熱容量,0,0,0,0,2022/12/20 17:05:05
月間,202212,策定,阿南紀北直流幹線,2023/01/03,夜間帯,逆方向,-1400,-1400,0,0,0,0,-1400,熱容量,0,0,0,0,2022/12/20 17:05:05
月間,202211,策定,阿南紀北直流幹線,2023/01/04,昼間帯,順方向,0,0,0,0,0,0,1400,熱容量,0,0,0,0,2022/11/18 17:05:04
月間,202211,策定,阿南紀北直流幹線,2023/01/04,昼間帯,逆方向,-1400,-1400,0,0,0,0,-1400,熱容量,0,0,0,0,2022/11/18 17:05:04
月間,202211,策定,阿南紀北直流幹線,2023/01/04,夜間帯,順方向,0,0,0,0,0,0,1400,熱容量,0,0,0,0,2022/11/18 17:05:04
月間,202211,策定,阿南紀北直流幹線,2023/01/04,夜間帯,逆方向,-1400,-1400,0,0,0,0,-1400,熱容量,0,0,0,0,2022/11/18 17:05:04
月間,202212,策定,阿南紀北直流幹線,2023/01/04,昼間帯,順方向,0,0,0,0,0,0,1400,熱容量,0,0,0,0,2022/12/20 17:05:05
月間,202212,策定,阿南紀北直流幹線,2023/01/04,昼間帯,逆方向,-1400,-1400,0,0,0,0,-1400,熱容量,0,0,0,0,2022/12/20 17:05:05
月間,202212,策定,阿南紀北直流幹線,2023/01/04,夜間帯,順方向,0,0,0,0,0,0,1400,熱容量,0,0,0,0,2022/12/20 17:05:05
月間,202212,策定,阿南紀北直流幹線,2023/01/04,夜間帯,逆方向,-1400,-1400,0,0,0,0,-1400,熱容量,0,0,0,0,2022/12/20 17:05:05
月間,202211,策定,阿南紀北直流幹線,2023/01/05,昼間帯,順方向,0,0,0,0,0,0,1400,熱容量,0,0,0,0,2022/11/18 17:05:04
月間,202211,策定,阿南紀北直流幹線,2023/01/05,昼間帯,逆方向,-1400,-1400,0,0,0,0,-1400,熱容量,0,0,0,0,2022/11/18 17:05:04
月間,202211,策定,阿南紀北直流幹線,2023/01/05,夜間帯,順方向,0,0,0,0,0,0,1400,熱容量,0,0,0,0,2022/11/18 17:05:04
月間,202211,策定,阿南紀北直流幹線,2023/01/05,夜間帯,逆方向,-1400,-1400,0,0,0,0,-1400,熱容量,0,0,0,0,2022/11/18 17:05:04
月間,202212,策定,阿南紀北直流幹線,2023/01/05,昼間帯,順方向,0,0,0,0,0,0,1400,熱容量,0,0,0,0,2022/12/20 17:05:05
月間,202212,策定,阿南紀北直流幹線,2023/01/05,昼間帯,逆方向,-1400,-1400,0,0,0,0,-1400,熱容量,0,0,0,0,2022/12/20 17:05:05
月間,202212,策定,阿南紀北直流幹線,2023/01/05,夜間帯,順方向,0,0,0,0,0,0,1400,熱容量,0,0,0,0,2022/12/20 17:05:05
月間,202212,策定,阿南紀北直流幹線,2023/01/05,夜間帯,逆方向,-1400,-1400,0,0,0,0,-1400,熱容量,0,0,0,0,2022/12/20 17:05:05
月間,202211,策定,阿南紀北直流幹線,2023/01/06,昼間帯,順方向,0,0,0,0,0,0,1400,熱容量,0,0,0,0,2022/11/18 17:05:04
月間,202211,策定,阿南紀北直流幹線,2023/01/06,昼間帯,逆方向,-1400,-1400,0,0,0,0,-1400,熱容量,0,0,0,0,2022/11/18 17:05:04
月間,202211,策定,阿南紀北直流幹線,2023/01/06,夜間帯,順方向,0,0,0,0,0,0,1400,熱容量,0,0,0,0,2022/11/18 17:05:04
月間,202211,策定,阿南紀北直流幹線,2023/01/06,夜間帯,逆方向,-1400,-1400,0,0,0,0,-1400,熱容量,0,0,0,0,2022/11/18 17:05:04
月間,202212,策定,阿南紀北直流幹線,2023/01/06,昼間帯,順方向,0,0,0,0,0,0,1400,熱容量,0,0,0,0,2022/12/20 17:05:05
月間,202212,策定,阿南紀北直流幹線,2023/01/06,昼間帯,逆方向,-1400,-1400,0,0,0,0,-1400,熱容量,0,0,0,0,2022/12/20 17:05:05
月間,202212,策定,阿南紀北直流幹線,2023/01/06,夜間帯,順方向,0,0,0,0,0,0,1400,熱容量,0,0,0,0,2022/12/20 17:05:05
月間,202212,策定,阿南紀北直流幹線,2023/01/06,夜間帯,逆方向,-1400,-1400,0,0,0,0,-1400,熱容量,0,0,0,0,2022/12/20 17:05:05
月間,202211,策定,阿南紀北直流幹線,2023/01/07,昼間帯,順方向,0,0,0,0,0,0,1400,熱容量,0,0,0,0,2022/11/18 17:05:04
月間,202211,策定,阿南紀北直流幹線,2023/01/07,昼間帯,逆方向,-1400,-1400,0,0,0,0,-1400,熱容量,0,0,0,0,2022/11/18 17:05:04
月間,202211,策定,阿南紀北直流幹線,2023/01/07,夜間帯,順方向,0,0,0,0,0,0,1400,熱容量,0,0,0,0,2022/11/18 17:05:04
月間,202211,策定,阿南紀北直流幹線,2023/01/07,夜間帯,逆方向,-1400,-1400,0,0,0,0,-1400,熱容量,0,0,0,0,2022/11/18 17:05:04
月間,202212,策定,阿南紀北直流幹線,2023/01/07,昼間帯,順方向,0,0,0,0,0,0,1400,熱容量,0,0,0,0,2022/12/20 17:05:05
月間,202212,策定,阿南紀北直流幹線,2023/01/07,昼間帯,逆方向,-1400,-1400,0,0,0,0,-1400,熱容量,0,0,0,0,2022/12/20 17:05:05
月間,202212,策定,阿南紀北直流幹線,2023/01/07,夜間帯,順方向,0,0,0,0,0,0,1400,熱容量,0,0,0,0,2022/12/20 17:05:05
月間,202212,策定,阿南紀北直流幹線,2023/01/07,夜間帯,逆方向,-1400,-1400,0,0,0,0,-1400,熱容量,0,0,0,0,2022/12/20 17:05:05
月間,202211,策定,阿南紀北直流幹線,2023/01/08,昼間帯,順方向,0,0,0,0,0,0,1400,熱容量,0,0,0,0,2022/11/18 17:05:04
月間,202211,策定,阿南紀北直流幹線,2023/01/08,昼間帯,逆方向,-1400,-1400,0,0,0,0,-1400,熱容量,0,0,0,0,2022/11/18 17:05:04
月間,202211,策定,阿南紀北直流幹線,2023/01/08,夜間帯,順方向,0,0,0,0,0,0,1400,熱容量,0,0,0,0,2022/11/18 17:05:04
月間,202211,策定,阿南紀北直流幹線,2023/01/08,夜間帯,逆方向,-1400,-1400,0,0,0,0,-1400,熱容量,0,0,0,0,2022/11/18 17:05:04
月間,202212,策定,阿南紀北直流幹線,2023/01/08,昼間帯,順方向,0,0,0,0,0,0,1400,熱容量,0,0,0,0,2022/12/20 17:05:05
月間,202212,策定,阿南紀北直流幹線,2023/01/08,昼間帯,逆方向,-1400,-1400,0,0,0,0,-1400,熱容量,0,0,0,0,2022/12/20 17:05:05
月間,202212,策定,阿南紀北直流幹線,2023/01/08,夜間帯,順方向,0,0,0,0,0,0,1400,熱容量,0,0,0,0,2022/12/20 17:05:05
月間,202212,策定,阿南紀北直流幹線,2023/01/08,夜間帯,逆方向,-1400,-1400,0,0,0,0,-1400,熱容量,0,0,0,0,2022/12/20 17:05:05
月間,202211,策定,阿南紀北直流幹線,2023/01/09,昼間帯,順方向,0,0,0,0,0,0,1400,熱容量,0,0,0,0,2022/11/18 17:05:04
月間,202211,策定,阿南紀北直流幹線,2023/01/09,昼間帯,逆方向,-1400,-1400,0,0,0,0,-1400,熱容量,0,0,0,0,2022/11/18 17:05:04
月間,202211,策定,阿南紀北直流幹線,2023/01/09,夜間帯,順方向,0,0,0,0,0,0,1400,熱容量,0,0,0,0,2022/11/18 17:05:04
月間,202211,策定,阿南紀北直流幹線,2023/01/09,夜間帯,逆方向,-1400,-1400,0,0,0,0,-1400,熱容量,0,0,0,0,2022/11/18 17:05:04
月間,202212,策定,阿南紀北直流幹線,2023/01/09,昼間帯,順方向,0,0,0,0,0,0,1400,熱容量,0,0,0,0,2022/12/20 17:05:05
月間,202212,策定,阿南紀北直流幹線,2023/01/09,昼間帯,逆方向,-1400,-1400,0,0,0,0,-1400,熱容量,0,0,0,0,2022/12/20 17:05:05
月間,202212,策定,阿南紀北直流幹線,2023/01/09,夜間帯,順方向,0,0,0,0,0,0,1400,熱容量,0,0,0,0,2022/12/20 17:05:05
月間,202212,策定,阿南紀北直流幹線,2023/01/09,夜間帯,逆方向,-1400,-1400,0,0,0,0,-1400,熱容量,0,0,0,0,2022/12/20 17:05:05
月間,202211,策定,阿南紀北直流幹線,2023/01/10,昼間帯,順方向,0,0,0,0,0,0,1400,熱容量,0,0,0,0,2022/11/18 17:05:04
月間,202211,策定,阿南紀北直流幹線,2023/01/10,昼間帯,逆方向,-1400,-1400,0,0,0,0,-1400,熱容量,0,0,0,0,2022/11/18 17:05:04
月間,202211,策定,阿南紀北直流幹線,2023/01/10,夜間帯,順方向,0,0,0,0,0,0,1400,熱容量,0,0,0,0,2022/11/18 17:05:04
月間,202211,策定,阿南紀北直流幹線,2023/01/10,夜間帯,逆方向,-1400,-1400,0,0,0,0,-1400,熱容量,0,0,0,0,2022/11/18 17:05:04
月間,202212,策定,阿南紀北直流幹線,2023/01/10,昼間帯,順方向,0,0,0,0,0,0,1400,熱容量,0,0,0,0,2022/12/20 17:05:05
月間,202212,策定,阿南紀北直流幹線,2023/01/10,昼間帯,逆方向,-1400,-1400,0,0,0,0,-1400,熱容量,0,0,0,0,2022/12/20 17:05:05
月間,202212,策定,阿南紀北直流幹線,2023/01/10,夜間帯,順方向,0,0,0,0,0,0,1400,熱容量,0,0,0,0,2022/12/20 17:05:05
月間,202212,策定,阿南紀北直流幹線,2023/01/10,夜間帯,逆方向,-1400,-1400,0,0,0,0,-1400,熱容量,0,0,0,0,2022/12/20 17:05:05
月間,202211,策定,阿南紀北直流幹線,2023/01/11,昼間帯,順方向,0,0,0,0,0,0,1400,熱容量,0,0,0,0,2022/11/18 17:05:04
月間,202211,策定,阿南紀北直流幹線,2023/01/11,昼間帯,逆方向,-1400,-1400,0,0,0,0,-1400,熱容量,0,0,0,0,2022/11/18 17:05:04
月間,202211,策定,阿南紀北直流幹線,2023/01/11,夜間帯,順方向,0,0,0,0,0,0,1400,熱容量,0,0,0,0,2022/11/18 17:05:04
月間,202211,策定,阿南紀北直流幹線,2023/01/11,夜間帯,逆方向,-1400,-1400,0,0,0,0,-1400,熱容量,0,0,0,0,2022/11/18 17:05:04
月間,202212,策定,阿南紀北直流幹線,2023/01/11,昼間帯,順方向,0,0,0,0,0,0,1400,熱容量,0,0,0,0,2022/12/20 17:05:05
月間,202212,策定,阿南紀北直流幹線,2023/01/11,昼間帯,逆方向,-1400,-1400,0,0,0,0,-1400,熱容量,0,0,0,0,2022/12/20 17:05:05
月間,202212,策定,阿南紀北直流幹線,2023/01/11,夜間帯,順方向,0,0,0,0,0,0,1400,熱容量,0,0,0,0,2022/12/20 17:05:05
月間,202212,策定,阿南紀北直流幹線,2023/01/11,夜間帯,逆方向,-1400,-1400,0,0,0,0,-1400,熱容量,0,0,0,0,2022/12/20 17:05:05
月間,202211,策定,阿南紀北直流幹線,2023/01/12,昼間帯,順方向,0,0,0,0,0,0,1400,熱容量,0,0,0,0,2022/11/18 17:05:04
月間,202211,策定,阿南紀北直流幹線,2023/01/12,昼間帯,逆方向,-1400,-1400,0,0,0,0,-1400,熱容量,0,0,0,0,2022/11/18 17:05:04
月間,202211,策定,阿南紀北直流幹線,2023/01/12,夜間帯,順方向,0,0,0,0,0,0,1400,熱容量,0,0,0,0,2022/11/18 17:05:04
月間,202211,策定,阿南紀北直流幹線,2023/01/12,夜間帯,逆方向,-1400,-1400,0,0,0,0,-1400,熱容量,0,0,0,0,2022/11/18 17:05:04
月間,202212,策定,阿南紀北直流幹線,2023/01/12,昼間帯,順方向,0,0,0,0,0,0,1400,熱容量,0,0,0,0,2022/12/20 17:05:05
月間,202212,策定,阿南紀北直流幹線,2023/01/12,昼間帯,逆方向,-1400,-1400,0,0,0,0,-1400,熱容量,0,0,0,0,2022/12/20 17:05:05
月間,202212,策定,阿南紀北直流幹線,2023/01/12,夜間帯,順方向,0,0,0,0,0,0,1400,熱容量,0,0,0,0,2022/12/20 17:05:05
月間,202212,策定,阿南紀北直流幹線,2023/01/12,夜間帯,逆方向,-1400,-1400,0,0,0,0,-1400,熱容量,0,0,0,0,2022/12/20 17:05:05
月間,202211,策定,阿南紀北直流幹線,2023/01/13,昼間帯,順方向,0,0,0,0,0,0,1400,熱容量,0,0,0,0,2022/11/18 17:05:04
月間,202211,策定,阿南紀北直流幹線,2023/01/13,昼間帯,逆方向,-1400,-1400,0,0,0,0,-1400,熱容量,0,0,0,0,2022/11/18 17:05:04
月間,202211,策定,阿南紀北直流幹線,2023/01/13,夜間帯,順方向,0,0,0,0,0,0,1400,熱容量,0,0,0,0,2022/11/18 17:05:04
月間,202211,策定,阿南紀北直流幹線,2023/01/13,夜間帯,逆方向,-1400,-1400,0,0,0,0,-1400,熱容量,0,0,0,0,2022/11/18 17:05:04
月間,202212,策定,阿南紀北直流幹線,2023/01/13,昼間帯,順方向,0,0,0,0,0,0,1400,熱容量,0,0,0,0,2022/12/20 17:05:05
月間,202212,策定,阿南紀北直流幹線,2023/01/13,昼間帯,逆方向,-1400,-1400,0,0,0,0,-1400,熱容量,0,0,0,0,2022/12/20 17:05:05
月間,202212,策定,阿南紀北直流幹線,2023/01/13,夜間帯,順方向,0,0,0,0,0,0,1400,熱容量,0,0,0,0,2022/12/20 17:05:05
月間,202212,策定,阿南紀北直流幹線,2023/01/13,夜間帯,逆方向,-1400,-1400,0,0,0,0,-1400,熱容量,0,0,0,0,2022/12/20 17:05:05
月間,202211,策定,阿南紀北直流幹線,2023/01/14,昼間帯,順方向,0,0,0,0,0,0,1400,熱容量,0,0,0,0,2022/11/18 17:05:04
月間,202211,策定,阿南紀北直流幹線,2023/01/14,昼間帯,逆方向,-1400,-1400,0,0,0,0,-1400,熱容量,0,0,0,0,2022/11/18 17:05:04
月間,202211,策定,阿南紀北直流幹線,2023/01/14,夜間帯,順方向,0,0,0,0,0,0,1400,熱容量,0,0,0,0,2022/11/18 17:05:04
月間,202211,策定,阿南紀北直流幹線,2023/01/14,夜間帯,逆方向,-1400,-1400,0,0,0,0,-1400,熱容量,0,0,0,0,2022/11/18 17:05:04
月間,202212,策定,阿南紀北直流幹線,2023/01/14,昼間帯,順方向,0,0,0,0,0,0,1400,熱容量,0,0,0,0,2022/12/20 17:05:05
月間,202212,策定,阿南紀北直流幹線,2023/01/14,昼間帯,逆方向,-1400,-1400,0,0,0,0,-1400,熱容量,0,0,0,0,2022/12/20 17:05:05
月間,202212,策定,阿南紀北直流幹線,2023/01/14,夜間帯,順方向,0,0,0,0,0,0,1400,熱容量,0,0,0,0,2022/12/20 17:05:05
月間,202212,策定,阿南紀北直流幹線,2023/01/14,夜間帯,逆方向,-1400,-1400,0,0,0,0,-1400,熱容量,0,0,0,0,2022/12/20 17:05:05
月間,202211,策定,阿南紀北直流幹線,2023/01/15,昼間帯,順方向,0,0,0,0,0,0,1400,熱容量,0,0,0,0,2022/11/18 17:05:04
月間,202211,策定,阿南紀北直流幹線,2023/01/15,昼間帯,逆方向,-1400,-1400,0,0,0,0,-1400,熱容量,0,0,0,0,2022/11/18 17:05:04
月間,202211,策定,阿南紀北直流幹線,2023/01/15,夜間帯,順方向,0,0,0,0,0,0,1400,熱容量,0,0,0,0,2022/11/18 17:05:04
月間,202211,策定,阿南紀北直流幹線,2023/01/15,夜間帯,逆方向,-1400,-1400,0,0,0,0,-1400,熱容量,0,0,0,0,2022/11/18 17:05:04
月間,202212,策定,阿南紀北直流幹線,2023/01/15,昼間帯,順方向,0,0,0,0,0,0,1400,熱容量,0,0,0,0,2022/12/20 17:05:05
月間,202212,策定,阿南紀北直流幹線,2023/01/15,昼間帯,逆方向,-1400,-1400,0,0,0,0,-1400,熱容量,0,0,0,0,2022/12/20 17:05:05
月間,202212,策定,阿南紀北直流幹線,2023/01/15,夜間帯,順方向,0,0,0,0,0,0,1400,熱容量,0,0,0,0,2022/12/20 17:05:05
月間,202212,策定,阿南紀北直流幹線,2023/01/15,夜間帯,逆方向,-1400,-1400,0,0,0,0,-1400,熱容量,0,0,0,0,2022/12/20 17:05:05
月間,202211,策定,阿南紀北直流幹線,2023/01/16,昼間帯,順方向,0,0,0,0,0,0,1400,熱容量,0,0,0,0,2022/11/18 17:05:04
月間,202211,策定,阿南紀北直流幹線,2023/01/16,昼間帯,逆方向,-1400,-1400,0,0,0,0,-1400,熱容量,0,0,0,0,2022/11/18 17:05:04
月間,202211,策定,阿南紀北直流幹線,2023/01/16,夜間帯,順方向,0,0,0,0,0,0,1400,熱容量,0,0,0,0,2022/11/18 17:05:04
月間,202211,策定,阿南紀北直流幹線,2023/01/16,夜間帯,逆方向,-1400,-1400,0,0,0,0,-1400,熱容量,0,0,0,0,2022/11/18 17:05:04
月間,202212,策定,阿南紀北直流幹線,2023/01/16,昼間帯,順方向,0,0,0,0,0,0,1400,熱容量,0,0,0,0,2022/12/20 17:05:05
月間,202212,策定,阿南紀北直流幹線,2023/01/16,昼間帯,逆方向,-1400,-1400,0,0,0,0,-1400,熱容量,0,0,0,0,2022/12/20 17:05:05
月間,202212,策定,阿南紀北直流幹線,2023/01/16,夜間帯,順方向,0,0,0,0,0,0,1400,熱容量,0,0,0,0,2022/12/20 17:05:05
月間,202212,策定,阿南紀北直流幹線,2023/01/16,夜間帯,逆方向,-1400,-1400,0,0,0,0,-1400,熱容量,0,0,0,0,2022/12/20 17:05:05
月間,202211,策定,阿南紀北直流幹線,2023/01/17,昼間帯,順方向,0,0,0,0,0,0,1400,熱容量,0,0,0,0,2022/11/18 17:05:04
月間,202211,策定,阿南紀北直流幹線,2023/01/17,昼間帯,逆方向,-1400,-1400,0,0,0,0,-1400,熱容量,0,0,0,0,2022/11/18 17:05:04
月間,202211,策定,阿南紀北直流幹線,2023/01/17,夜間帯,順方向,0,0,0,0,0,0,1400,熱容量,0,0,0,0,2022/11/18 17:05:04
月間,202211,策定,阿南紀北直流幹線,2023/01/17,夜間帯,逆方向,-1400,-1400,0,0,0,0,-1400,熱容量,0,0,0,0,2022/11/18 17:05:04
月間,202212,策定,阿南紀北直流幹線,2023/01/17,昼間帯,順方向,0,0,0,0,0,0,1400,熱容量,0,0,0,0,2022/12/20 17:05:05
月間,202212,策定,阿南紀北直流幹線,2023/01/17,昼間帯,逆方向,-1400,-1400,0,0,0,0,-1400,熱容量,0,0,0,0,2022/12/20 17:05:05
月間,202212,策定,阿南紀北直流幹線,2023/01/17,夜間帯,順方向,0,0,0,0,0,0,1400,熱容量,0,0,0,0,2022/12/20 17:05:05
月間,202212,策定,阿南紀北直流幹線,2023/01/17,夜間帯,逆方向,-1400,-1400,0,0,0,0,-1400,熱容量,0,0,0,0,2022/12/20 17:05:05
月間,202211,策定,阿南紀北直流幹線,2023/01/18,昼間帯,順方向,0,0,0,0,0,0,1400,熱容量,0,0,0,0,2022/11/18 17:05:04
月間,202211,策定,阿南紀北直流幹線,2023/01/18,昼間帯,逆方向,-1400,-1400,0,0,0,0,-1400,熱容量,0,0,0,0,2022/11/18 17:05:04
月間,202211,策定,阿南紀北直流幹線,2023/01/18,夜間帯,順方向,0,0,0,0,0,0,1400,熱容量,0,0,0,0,2022/11/18 17:05:04
月間,202211,策定,阿南紀北直流幹線,2023/01/18,夜間帯,逆方向,-1400,-1400,0,0,0,0,-1400,熱容量,0,0,0,0,2022/11/18 17:05:04
月間,202212,策定,阿南紀北直流幹線,2023/01/18,昼間帯,順方向,0,0,0,0,0,0,1400,熱容量,0,0,0,0,2022/12/20 17:05:05
月間,202212,策定,阿南紀北直流幹線,2023/01/18,昼間帯,逆方向,-1400,-1400,0,0,0,0,-1400,熱容量,0,0,0,0,2022/12/20 17:05:05
月間,202212,策定,阿南紀北直流幹線,2023/01/18,夜間帯,順方向,0,0,0,0,0,0,1400,熱容量,0,0,0,0,2022/12/20 17:05:05
月間,202212,策定,阿南紀北直流幹線,2023/01/18,夜間帯,逆方向,-1400,-1400,0,0,0,0,-1400,熱容量,0,0,0,0,2022/12/20 17:05:05
月間,202211,策定,阿南紀北直流幹線,2023/01/19,昼間帯,順方向,0,0,0,0,0,0,1400,熱容量,0,0,0,0,2022/11/18 17:05:04
月間,202211,策定,阿南紀北直流幹線,2023/01/19,昼間帯,逆方向,-1400,-1400,0,0,0,0,-1400,熱容量,0,0,0,0,2022/11/18 17:05:04
月間,202211,策定,阿南紀北直流幹線,2023/01/19,夜間帯,順方向,0,0,0,0,0,0,1400,熱容量,0,0,0,0,2022/11/18 17:05:04
月間,202211,策定,阿南紀北直流幹線,2023/01/19,夜間帯,逆方向,-1400,-1400,0,0,0,0,-1400,熱容量,0,0,0,0,2022/11/18 17:05:04
月間,202212,策定,阿南紀北直流幹線,2023/01/19,昼間帯,順方向,0,0,0,0,0,0,1400,熱容量,0,0,0,0,2022/12/20 17:05:05
月間,202212,策定,阿南紀北直流幹線,2023/01/19,昼間帯,逆方向,-1400,-1400,0,0,0,0,-1400,熱容量,0,0,0,0,2022/12/20 17:05:05
月間,202212,策定,阿南紀北直流幹線,2023/01/19,夜間帯,順方向,0,0,0,0,0,0,1400,熱容量,0,0,0,0,2022/12/20 17:05:05
月間,202212,策定,阿南紀北直流幹線,2023/01/19,夜間帯,逆方向,-1400,-1400,0,0,0,0,-1400,熱容量,0,0,0,0,2022/12/20 17:05:05
月間,202211,策定,阿南紀北直流幹線,2023/01/20,昼間帯,順方向,0,0,0,0,0,0,1400,熱容量,0,0,0,0,2022/11/18 17:05:04
月間,202211,策定,阿南紀北直流幹線,2023/01/20,昼間帯,逆方向,-1400,-1400,0,0,0,0,-1400,熱容量,0,0,0,0,2022/11/18 17:05:04
月間,202211,策定,阿南紀北直流幹線,2023/01/20,夜間帯,順方向,0,0,0,0,0,0,1400,熱容量,0,0,0,0,2022/11/18 17:05:04
月間,202211,策定,阿南紀北直流幹線,2023/01/20,夜間帯,逆方向,-1400,-1400,0,0,0,0,-1400,熱容量,0,0,0,0,2022/11/18 17:05:04
月間,202212,策定,阿南紀北直流幹線,2023/01/20,昼間帯,順方向,0,0,0,0,0,0,1400,熱容量,0,0,0,0,2022/12/20 17:05:05
月間,202212,策定,阿南紀北直流幹線,2023/01/20,昼間帯,逆方向,-1400,-1400,0,0,0,0,-1400,熱容量,0,0,0,0,2022/12/20 17:05:05
月間,202212,策定,阿南紀北直流幹線,2023/01/20,夜間帯,順方向,0,0,0,0,0,0,1400,熱容量,0,0,0,0,2022/12/20 17:05:05
月間,202212,策定,阿南紀北直流幹線,2023/01/20,夜間帯,逆方向,-1400,-1400,0,0,0,0,-1400,熱容量,0,0,0,0,2022/12/20 17:05:05
月間,202211,策定,阿南紀北直流幹線,2023/01/21,昼間帯,順方向,0,0,0,0,0,0,1400,熱容量,0,0,0,0,2022/11/18 17:05:04
月間,202211,策定,阿南紀北直流幹線,2023/01/21,昼間帯,逆方向,-1400,-1400,0,0,0,0,-1400,熱容量,0,0,0,0,2022/11/18 17:05:04
月間,202211,策定,阿南紀北直流幹線,2023/01/21,夜間帯,順方向,0,0,0,0,0,0,1400,熱容量,0,0,0,0,2022/11/18 17:05:04
月間,202211,策定,阿南紀北直流幹線,2023/01/21,夜間帯,逆方向,-1400,-1400,0,0,0,0,-1400,熱容量,0,0,0,0,2022/11/18 17:05:04
月間,202212,策定,阿南紀北直流幹線,2023/01/21,昼間帯,順方向,0,0,0,0,0,0,1400,熱容量,0,0,0,0,2022/12/20 17:05:05
月間,202212,策定,阿南紀北直流幹線,2023/01/21,昼間帯,逆方向,-1400,-1400,0,0,0,0,-1400,熱容量,0,0,0,0,2022/12/20 17:05:05
月間,202212,策定,阿南紀北直流幹線,2023/01/21,夜間帯,順方向,0,0,0,0,0,0,1400,熱容量,0,0,0,0,2022/12/20 17:05:05
月間,202212,策定,阿南紀北直流幹線,2023/01/21,夜間帯,逆方向,-1400,-1400,0,0,0,0,-1400,熱容量,0,0,0,0,2022/12/20 17:05:05
月間,202211,策定,阿南紀北直流幹線,2023/01/22,昼間帯,順方向,0,0,0,0,0,0,1400,熱容量,0,0,0,0,2022/11/18 17:05:04
月間,202211,策定,阿南紀北直流幹線,2023/01/22,昼間帯,逆方向,-1400,-1400,0,0,0,0,-1400,熱容量,0,0,0,0,2022/11/18 17:05:04
月間,202211,策定,阿南紀北直流幹線,2023/01/22,夜間帯,順方向,0,0,0,0,0,0,1400,熱容量,0,0,0,0,2022/11/18 17:05:04
月間,202211,策定,阿南紀北直流幹線,2023/01/22,夜間帯,逆方向,-1400,-1400,0,0,0,0,-1400,熱容量,0,0,0,0,2022/11/18 17:05:04
月間,202212,策定,阿南紀北直流幹線,2023/01/22,昼間帯,順方向,0,0,0,0,0,0,1400,熱容量,0,0,0,0,2022/12/20 17:05:05
月間,202212,策定,阿南紀北直流幹線,2023/01/22,昼間帯,逆方向,-1400,-1400,0,0,0,0,-1400,熱容量,0,0,0,0,2022/12/20 17:05:05
月間,202212,策定,阿南紀北直流幹線,2023/01/22,夜間帯,順方向,0,0,0,0,0,0,1400,熱容量,0,0,0,0,2022/12/20 17:05:05
月間,202212,策定,阿南紀北直流幹線,2023/01/22,夜間帯,逆方向,-1400,-1400,0,0,0,0,-1400,熱容量,0,0,0,0,2022/12/20 17:05:05
月間,202211,策定,阿南紀北直流幹線,2023/01/23,昼間帯,順方向,0,0,0,0,0,0,1400,熱容量,0,0,0,0,2022/11/18 17:05:04
月間,202211,策定,阿南紀北直流幹線,2023/01/23,昼間帯,逆方向,-1400,-1400,0,0,0,0,-1400,熱容量,0,0,0,0,2022/11/18 17:05:04
月間,202211,策定,阿南紀北直流幹線,2023/01/23,夜間帯,順方向,0,0,0,0,0,0,1400,熱容量,0,0,0,0,2022/11/18 17:05:04
月間,202211,策定,阿南紀北直流幹線,2023/01/23,夜間帯,逆方向,-1400,-1400,0,0,0,0,-1400,熱容量,0,0,0,0,2022/11/18 17:05:04
月間,202212,策定,阿南紀北直流幹線,2023/01/23,昼間帯,順方向,0,0,0,0,0,0,1400,熱容量,0,0,0,0,2022/12/20 17:05:05
月間,202212,策定,阿南紀北直流幹線,2023/01/23,昼間帯,逆方向,-1400,-1400,0,0,0,0,-1400,熱容量,0,0,0,0,2022/12/20 17:05:05
月間,202212,策定,阿南紀北直流幹線,2023/01/23,夜間帯,順方向,0,0,0,0,0,0,1400,熱容量,0,0,0,0,2022/12/20 17:05:05
月間,202212,策定,阿南紀北直流幹線,2023/01/23,夜間帯,逆方向,-1400,-1400,0,0,0,0,-1400,熱容量,0,0,0,0,2022/12/20 17:05:05
月間,202211,策定,阿南紀北直流幹線,2023/01/24,昼間帯,順方向,0,0,0,0,0,0,1400,熱容量,0,0,0,0,2022/11/18 17:05:04
月間,202211,策定,阿南紀北直流幹線,2023/01/24,昼間帯,逆方向,-1400,-1400,0,0,0,0,-1400,熱容量,0,0,0,0,2022/11/18 17:05:04
月間,202211,策定,阿南紀北直流幹線,2023/01/24,夜間帯,順方向,0,0,0,0,0,0,1400,熱容量,0,0,0,0,2022/11/18 17:05:04
月間,202211,策定,阿南紀北直流幹線,2023/01/24,夜間帯,逆方向,-1400,-1400,0,0,0,0,-1400,熱容量,0,0,0,0,2022/11/18 17:05:04
月間,202212,策定,阿南紀北直流幹線,2023/01/24,昼間帯,順方向,0,0,0,0,0,0,1400,熱容量,0,0,0,0,2022/12/20 17:05:05
月間,202212,策定,阿南紀北直流幹線,2023/01/24,昼間帯,逆方向,-1400,-1400,0,0,0,0,-1400,熱容量,0,0,0,0,2022/12/20 17:05:05
月間,202212,策定,阿南紀北直流幹線,2023/01/24,夜間帯,順方向,0,0,0,0,0,0,1400,熱容量,0,0,0,0,2022/12/20 17:05:05
月間,202212,策定,阿南紀北直流幹線,2023/01/24,夜間帯,逆方向,-1400,-1400,0,0,0,0,-1400,熱容量,0,0,0,0,2022/12/20 17:05:05
月間,202211,策定,阿南紀北直流幹線,2023/01/25,昼間帯,順方向,0,0,0,0,0,0,1400,熱容量,0,0,0,0,2022/11/18 17:05:04
月間,202211,策定,阿南紀北直流幹線,2023/01/25,昼間帯,逆方向,-1400,-1400,0,0,0,0,-1400,熱容量,0,0,0,0,2022/11/18 17:05:04
月間,202211,策定,阿南紀北直流幹線,2023/01/25,夜間帯,順方向,0,0,0,0,0,0,1400,熱容量,0,0,0,0,2022/11/18 17:05:04
月間,202211,策定,阿南紀北直流幹線,2023/01/25,夜間帯,逆方向,-1400,-1400,0,0,0,0,-1400,熱容量,0,0,0,0,2022/11/18 17:05:04
月間,202212,策定,阿南紀北直流幹線,2023/01/25,昼間帯,順方向,0,0,0,0,0,0,1400,熱容量,0,0,0,0,2022/12/20 17:05:05
月間,202212,策定,阿南紀北直流幹線,2023/01/25,昼間帯,逆方向,-1400,-1400,0,0,0,0,-1400,熱容量,0,0,0,0,2022/12/20 17:05:05
月間,202212,策定,阿南紀北直流幹線,2023/01/25,夜間帯,順方向,0,0,0,0,0,0,1400,熱容量,0,0,0,0,2022/12/20 17:05:05
月間,202212,策定,阿南紀北直流幹線,2023/01/25,夜間帯,逆方向,-1400,-1400,0,0,0,0,-1400,熱容量,0,0,0,0,2022/12/20 17:05:05
月間,202211,策定,阿南紀北直流幹線,2023/01/26,昼間帯,順方向,0,0,0,0,0,0,1400,熱容量,0,0,0,0,2022/11/18 17:05:04
月間,202211,策定,阿南紀北直流幹線,2023/01/26,昼間帯,逆方向,-1400,-1400,0,0,0,0,-1400,熱容量,0,0,0,0,2022/11/18 17:05:04
月間,202211,策定,阿南紀北直流幹線,2023/01/26,夜間帯,順方向,0,0,0,0,0,0,1400,熱容量,0,0,0,0,2022/11/18 17:05:04
月間,202211,策定,阿南紀北直流幹線,2023/01/26,夜間帯,逆方向,-1400,-1400,0,0,0,0,-1400,熱容量,0,0,0,0,2022/11/18 17:05:04
月間,202212,策定,阿南紀北直流幹線,2023/01/26,昼間帯,順方向,0,0,0,0,0,0,1400,熱容量,0,0,0,0,2022/12/20 17:05:05
月間,202212,策定,阿南紀北直流幹線,2023/01/26,昼間帯,逆方向,-1400,-1400,0,0,0,0,-1400,熱容量,0,0,0,0,2022/12/20 17:05:05
月間,202212,策定,阿南紀北直流幹線,2023/01/26,夜間帯,順方向,0,0,0,0,0,0,1400,熱容量,0,0,0,0,2022/12/20 17:05:05
月間,202212,策定,阿南紀北直流幹線,2023/01/26,夜間帯,逆方向,-1400,-1400,0,0,0,0,-1400,熱容量,0,0,0,0,2022/12/20 17:05:05
月間,202211,策定,阿南紀北直流幹線,2023/01/27,昼間帯,順方向,0,0,0,0,0,0,1400,熱容量,0,0,0,0,2022/11/18 17:05:04
月間,202211,策定,阿南紀北直流幹線,2023/01/27,昼間帯,逆方向,-1400,-1400,0,0,0,0,-1400,熱容量,0,0,0,0,2022/11/18 17:05:04
月間,202211,策定,阿南紀北直流幹線,2023/01/27,夜間帯,順方向,0,0,0,0,0,0,1400,熱容量,0,0,0,0,2022/11/18 17:05:04
月間,202211,策定,阿南紀北直流幹線,2023/01/27,夜間帯,逆方向,-1400,-1400,0,0,0,0,-1400,熱容量,0,0,0,0,2022/11/18 17:05:04
月間,202212,策定,阿南紀北直流幹線,2023/01/27,昼間帯,順方向,0,0,0,0,0,0,1400,熱容量,0,0,0,0,2022/12/20 17:05:05
月間,202212,策定,阿南紀北直流幹線,2023/01/27,昼間帯,逆方向,-1400,-1400,0,0,0,0,-1400,熱容量,0,0,0,0,2022/12/20 17:05:05
月間,202212,策定,阿南紀北直流幹線,2023/01/27,夜間帯,順方向,0,0,0,0,0,0,1400,熱容量,0,0,0,0,2022/12/20 17:05:05
月間,202212,策定,阿南紀北直流幹線,2023/01/27,夜間帯,逆方向,-1400,-1400,0,0,0,0,-1400,熱容量,0,0,0,0,2022/12/20 17:05:05
月間,202211,策定,阿南紀北直流幹線,2023/01/28,昼間帯,順方向,0,0,0,0,0,0,1400,熱容量,0,0,0,0,2022/11/18 17:05:04
月間,202211,策定,阿南紀北直流幹線,2023/01/28,昼間帯,逆方向,-1400,-1400,0,0,0,0,-1400,熱容量,0,0,0,0,2022/11/18 17:05:04
月間,202211,策定,阿南紀北直流幹線,2023/01/28,夜間帯,順方向,0,0,0,0,0,0,1400,熱容量,0,0,0,0,2022/11/18 17:05:04
月間,202211,策定,阿南紀北直流幹線,2023/01/28,夜間帯,逆方向,-1400,-1400,0,0,0,0,-1400,熱容量,0,0,0,0,2022/11/18 17:05:04
月間,202212,策定,阿南紀北直流幹線,2023/01/28,昼間帯,順方向,0,0,0,0,0,0,1400,熱容量,0,0,0,0,2022/12/20 17:05:05
月間,202212,策定,阿南紀北直流幹線,2023/01/28,昼間帯,逆方向,-1400,-1400,0,0,0,0,-1400,熱容量,0,0,0,0,2022/12/20 17:05:05
月間,202212,策定,阿南紀北直流幹線,2023/01/28,夜間帯,順方向,0,0,0,0,0,0,1400,熱容量,0,0,0,0,2022/12/20 17:05:05
月間,202212,策定,阿南紀北直流幹線,2023/01/28,夜間帯,逆方向,-1400,-1400,0,0,0,0,-1400,熱容量,0,0,0,0,2022/12/20 17:05:05
月間,202211,策定,阿南紀北直流幹線,2023/01/29,昼間帯,順方向,0,0,0,0,0,0,1400,熱容量,0,0,0,0,2022/11/18 17:05:04
月間,202211,策定,阿南紀北直流幹線,2023/01/29,昼間帯,逆方向,-1400,-1400,0,0,0,0,-1400,熱容量,0,0,0,0,2022/11/18 17:05:04
月間,202211,策定,阿南紀北直流幹線,2023/01/29,夜間帯,順方向,0,0,0,0,0,0,1400,熱容量,0,0,0,0,2022/11/18 17:05:04
月間,202211,策定,阿南紀北直流幹線,2023/01/29,夜間帯,逆方向,-1400,-1400,0,0,0,0,-1400,熱容量,0,0,0,0,2022/11/18 17:05:04
月間,202212,策定,阿南紀北直流幹線,2023/01/29,昼間帯,順方向,0,0,0,0,0,0,1400,熱容量,0,0,0,0,2022/12/20 17:05:05
月間,202212,策定,阿南紀北直流幹線,2023/01/29,昼間帯,逆方向,-1400,-1400,0,0,0,0,-1400,熱容量,0,0,0,0,2022/12/20 17:05:05
月間,202212,策定,阿南紀北直流幹線,2023/01/29,夜間帯,順方向,0,0,0,0,0,0,1400,熱容量,0,0,0,0,2022/12/20 17:05:05
月間,202212,策定,阿南紀北直流幹線,2023/01/29,夜間帯,逆方向,-1400,-1400,0,0,0,0,-1400,熱容量,0,0,0,0,2022/12/20 17:05:05
月間,202211,策定,阿南紀北直流幹線,2023/01/30,昼間帯,順方向,0,0,0,0,0,0,1400,熱容量,0,0,0,0,2022/11/18 17:05:04
月間,202211,策定,阿南紀北直流幹線,2023/01/30,昼間帯,逆方向,-1400,-1400,0,0,0,0,-1400,熱容量,0,0,0,0,2022/11/18 17:05:04
月間,202211,策定,阿南紀北直流幹線,2023/01/30,夜間帯,順方向,0,0,0,0,0,0,1400,熱容量,0,0,0,0,2022/11/18 17:05:04
月間,202211,策定,阿南紀北直流幹線,2023/01/30,夜間帯,逆方向,-1400,-1400,0,0,0,0,-1400,熱容量,0,0,0,0,2022/11/18 17:05:04
月間,202212,策定,阿南紀北直流幹線,2023/01/30,昼間帯,順方向,0,0,0,0,0,0,1400,熱容量,0,0,0,0,2022/12/20 17:05:05
月間,202212,策定,阿南紀北直流幹線,2023/01/30,昼間帯,逆方向,-1400,-1400,0,0,0,0,-1400,熱容量,0,0,0,0,2022/12/20 17:05:05
月間,202212,策定,阿南紀北直流幹線,2023/01/30,夜間帯,順方向,0,0,0,0,0,0,1400,熱容量,0,0,0,0,2022/12/20 17:05:05
月間,202212,策定,阿南紀北直流幹線,2023/01/30,夜間帯,逆方向,-1400,-1400,0,0,0,0,-1400,熱容量,0,0,0,0,2022/12/20 17:05:05
月間,202211,策定,阿南紀北直流幹線,2023/01/31,昼間帯,順方向,0,0,0,0,0,0,1400,熱容量,0,0,0,0,2022/11/18 17:05:04
月間,202211,策定,阿南紀北直流幹線,2023/01/31,昼間帯,逆方向,-1400,-1400,0,0,0,0,-1400,熱容量,0,0,0,0,2022/11/18 17:05:04
月間,202211,策定,阿南紀北直流幹線,2023/01/31,夜間帯,順方向,0,0,0,0,0,0,1400,熱容量,0,0,0,0,2022/11/18 17:05:04
月間,202211,策定,阿南紀北直流幹線,2023/01/31,夜間帯,逆方向,-1400,-1400,0,0,0,0,-1400,熱容量,0,0,0,0,2022/11/18 17:05:04
月間,202212,策定,阿南紀北直流幹線,2023/01/31,昼間帯,順方向,0,0,0,0,0,0,1400,熱容量,0,0,0,0,2022/12/20 17:05:05
月間,202212,策定,阿南紀北直流幹線,2023/01/31,昼間帯,逆方向,-1400,-1400,0,0,0,0,-1400,熱容量,0,0,0,0,2022/12/20 17:05:05
月間,202212,策定,阿南紀北直流幹線,2023/01/31,夜間帯,順方向,0,0,0,0,0,0,1400,熱容量,0,0,0,0,2022/12/20 17:05:05
月間,202212,策定,阿南紀北直流幹線,2023/01/31,夜間帯,逆方向,-1400,-1400,0,0,0,0,-1400,熱容量,0,0,0,0,2022/12/20 17:05:05
月間,202211,策定,本四連系線,2023/01/01,昼間帯,順方向,1200,1200,0,0,0,0,1200,熱容量,0,0,0,0,2022/11/18 17:05:04
月間,202211,策定,本四連系線,2023/01/01,昼間帯,逆方向,-1200,-1200,0,0,0,0,-1200,熱容量,0,0,0,0,2022/11/18 17:05:04
月間,202211,策定,本四連系線,2023/01/01,夜間帯,順方向,1200,1200,0,0,0,0,1200,熱容量,0,0,0,0,2022/11/18 17:05:04
月間,202211,策定,本四連系線,2023/01/01,夜間帯,逆方向,-1200,-1200,0,0,0,0,-1200,熱容量,0,0,0,0,2022/11/18 17:05:04
月間,202212,策定,本四連系線,2023/01/01,昼間帯,順方向,1200,1200,0,0,0,0,1200,熱容量,0,0,0,0,2022/12/20 17:05:05
月間,202212,策定,本四連系線,2023/01/01,昼間帯,逆方向,-1200,-1200,0,0,0,0,-1200,熱容量,0,0,0,0,2022/12/20 17:05:05
月間,202212,策定,本四連系線,2023/01/01,夜間帯,順方向,1200,1200,0,0,0,0,1200,熱容量,0,0,0,0,2022/12/20 17:05:05
月間,202212,策定,本四連系線,2023/01/01,夜間帯,逆方向,-1200,-1200,0,0,0,0,-1200,熱容量,0,0,0,0,2022/12/20 17:05:05
月間,202211,策定,本四連系線,2023/01/02,昼間帯,順方向,1200,1200,0,0,0,0,1200,熱容量,0,0,0,0,2022/11/18 17:05:04
月間,202211,策定,本四連系線,2023/01/02,昼間帯,逆方向,-1200,-1200,0,0,0,0,-1200,熱容量,0,0,0,0,2022/11/18 17:05:04
月間,202211,策定,本四連系線,2023/01/02,夜間帯,順方向,1200,1200,0,0,0,0,1200,熱容量,0,0,0,0,2022/11/18 17:05:04
月間,202211,策定,本四連系線,2023/01/02,夜間帯,逆方向,-1200,-1200,0,0,0,0,-1200,熱容量,0,0,0,0,2022/11/18 17:05:04
月間,202212,策定,本四連系線,2023/01/02,昼間帯,順方向,1200,1200,0,0,0,0,1200,熱容量,0,0,0,0,2022/12/20 17:05:05
月間,202212,策定,本四連系線,2023/01/02,昼間帯,逆方向,-1200,-1200,0,0,0,0,-1200,熱容量,0,0,0,0,2022/12/20 17:05:05
月間,202212,策定,本四連系線,2023/01/02,夜間帯,順方向,1200,1200,0,0,0,0,1200,熱容量,0,0,0,0,2022/12/20 17:05:05
月間,202212,策定,本四連系線,2023/01/02,夜間帯,逆方向,-1200,-1200,0,0,0,0,-1200,熱容量,0,0,0,0,2022/12/20 17:05:05
月間,202211,策定,本四連系線,2023/01/03,昼間帯,順方向,1200,1200,0,0,0,0,1200,熱容量,0,0,0,0,2022/11/18 17:05:04
月間,202211,策定,本四連系線,2023/01/03,昼間帯,逆方向,-1200,-1200,0,0,0,0,-1200,熱容量,0,0,0,0,2022/11/18 17:05:04
月間,202211,策定,本四連系線,2023/01/03,夜間帯,順方向,1200,1200,0,0,0,0,1200,熱容量,0,0,0,0,2022/11/18 17:05:04
月間,202211,策定,本四連系線,2023/01/03,夜間帯,逆方向,-1200,-1200,0,0,0,0,-1200,熱容量,0,0,0,0,2022/11/18 17:05:04
月間,202212,策定,本四連系線,2023/01/03,昼間帯,順方向,1200,1200,0,0,0,0,1200,熱容量,0,0,0,0,2022/12/20 17:05:05
月間,202212,策定,本四連系線,2023/01/03,昼間帯,逆方向,-1200,-1200,0,0,0,0,-1200,熱容量,0,0,0,0,2022/12/20 17:05:05
月間,202212,策定,本四連系線,2023/01/03,夜間帯,順方向,1200,1200,0,0,0,0,1200,熱容量,0,0,0,0,2022/12/20 17:05:05
月間,202212,策定,本四連系線,2023/01/03,夜間帯,逆方向,-1200,-1200,0,0,0,0,-1200,熱容量,0,0,0,0,2022/12/20 17:05:05
月間,202211,策定,本四連系線,2023/01/04,昼間帯,順方向,1200,1200,0,0,0,0,1200,熱容量,0,0,0,0,2022/11/18 17:05:04
月間,202211,策定,本四連系線,2023/01/04,昼間帯,逆方向,-1200,-1200,0,0,0,0,-1200,熱容量,0,0,0,0,2022/11/18 17:05:04
月間,202211,策定,本四連系線,2023/01/04,夜間帯,順方向,1200,1200,0,0,0,0,1200,熱容量,0,0,0,0,2022/11/18 17:05:04
月間,202211,策定,本四連系線,2023/01/04,夜間帯,逆方向,-1200,-1200,0,0,0,0,-1200,熱容量,0,0,0,0,2022/11/18 17:05:04
月間,202212,策定,本四連系線,2023/01/04,昼間帯,順方向,1200,1200,0,0,0,0,1200,熱容量,0,0,0,0,2022/12/20 17:05:05
月間,202212,策定,本四連系線,2023/01/04,昼間帯,逆方向,-1200,-1200,0,0,0,0,-1200,熱容量,0,0,0,0,2022/12/20 17:05:05
月間,202212,策定,本四連系線,2023/01/04,夜間帯,順方向,1200,1200,0,0,0,0,1200,熱容量,0,0,0,0,2022/12/20 17:05:05
月間,202212,策定,本四連系線,2023/01/04,夜間帯,逆方向,-1200,-1200,0,0,0,0,-1200,熱容量,0,0,0,0,2022/12/20 17:05:05
月間,202211,策定,本四連系線,2023/01/05,昼間帯,順方向,1200,1200,0,0,0,0,1200,熱容量,0,0,0,0,2022/11/18 17:05:04
月間,202211,策定,本四連系線,2023/01/05,昼間帯,逆方向,-1200,-1200,0,0,0,0,-1200,熱容量,0,0,0,0,2022/11/18 17:05:04
月間,202211,策定,本四連系線,2023/01/05,夜間帯,順方向,1200,1200,0,0,0,0,1200,熱容量,0,0,0,0,2022/11/18 17:05:04
月間,202211,策定,本四連系線,2023/01/05,夜間帯,逆方向,-1200,-1200,0,0,0,0,-1200,熱容量,0,0,0,0,2022/11/18 17:05:04
月間,202212,策定,本四連系線,2023/01/05,昼間帯,順方向,1200,1200,0,0,0,0,1200,熱容量,0,0,0,0,2022/12/20 17:05:05
月間,202212,策定,本四連系線,2023/01/05,昼間帯,逆方向,-1200,-1200,0,0,0,0,-1200,熱容量,0,0,0,0,2022/12/20 17:05:05
月間,202212,策定,本四連系線,2023/01/05,夜間帯,順方向,1200,1200,0,0,0,0,1200,熱容量,0,0,0,0,2022/12/20 17:05:05
月間,202212,策定,本四連系線,2023/01/05,夜間帯,逆方向,-1200,-1200,0,0,0,0,-1200,熱容量,0,0,0,0,2022/12/20 17:05:05
月間,202211,策定,本四連系線,2023/01/06,昼間帯,順方向,1200,1200,0,0,0,0,1200,熱容量,0,0,0,0,2022/11/18 17:05:04
月間,202211,策定,本四連系線,2023/01/06,昼間帯,逆方向,-1200,-1200,0,0,0,0,-1200,熱容量,0,0,0,0,2022/11/18 17:05:04
月間,202211,策定,本四連系線,2023/01/06,夜間帯,順方向,1200,1200,0,0,0,0,1200,熱容量,0,0,0,0,2022/11/18 17:05:04
月間,202211,策定,本四連系線,2023/01/06,夜間帯,逆方向,-1200,-1200,0,0,0,0,-1200,熱容量,0,0,0,0,2022/11/18 17:05:04
月間,202212,策定,本四連系線,2023/01/06,昼間帯,順方向,1200,1200,0,0,0,0,1200,熱容量,0,0,0,0,2022/12/20 17:05:05
月間,202212,策定,本四連系線,2023/01/06,昼間帯,逆方向,-1200,-1200,0,0,0,0,-1200,熱容量,0,0,0,0,2022/12/20 17:05:05
月間,202212,策定,本四連系線,2023/01/06,夜間帯,順方向,1200,1200,0,0,0,0,1200,熱容量,0,0,0,0,2022/12/20 17:05:05
月間,202212,策定,本四連系線,2023/01/06,夜間帯,逆方向,-1200,-1200,0,0,0,0,-1200,熱容量,0,0,0,0,2022/12/20 17:05:05
月間,202211,策定,本四連系線,2023/01/07,昼間帯,順方向,1200,1200,0,0,0,0,1200,熱容量,0,0,0,0,2022/11/18 17:05:04
月間,202211,策定,本四連系線,2023/01/07,昼間帯,逆方向,-1200,-1200,0,0,0,0,-1200,熱容量,0,0,0,0,2022/11/18 17:05:04
月間,202211,策定,本四連系線,2023/01/07,夜間帯,順方向,1200,1200,0,0,0,0,1200,熱容量,0,0,0,0,2022/11/18 17:05:04
月間,202211,策定,本四連系線,2023/01/07,夜間帯,逆方向,-1200,-1200,0,0,0,0,-1200,熱容量,0,0,0,0,2022/11/18 17:05:04
月間,202212,策定,本四連系線,2023/01/07,昼間帯,順方向,1200,1200,0,0,0,0,1200,熱容量,0,0,0,0,2022/12/20 17:05:05
月間,202212,策定,本四連系線,2023/01/07,昼間帯,逆方向,-1200,-1200,0,0,0,0,-1200,熱容量,0,0,0,0,2022/12/20 17:05:05
月間,202212,策定,本四連系線,2023/01/07,夜間帯,順方向,1200,1200,0,0,0,0,1200,熱容量,0,0,0,0,2022/12/20 17:05:05
月間,202212,策定,本四連系線,2023/01/07,夜間帯,逆方向,-1200,-1200,0,0,0,0,-1200,熱容量,0,0,0,0,2022/12/20 17:05:05
月間,202211,策定,本四連系線,2023/01/08,昼間帯,順方向,1200,1200,0,0,0,0,1200,熱容量,0,0,0,0,2022/11/18 17:05:04
月間,202211,策定,本四連系線,2023/01/08,昼間帯,逆方向,-1200,-1200,0,0,0,0,-1200,熱容量,0,0,0,0,2022/11/18 17:05:04
月間,202211,策定,本四連系線,2023/01/08,夜間帯,順方向,1200,1200,0,0,0,0,1200,熱容量,0,0,0,0,2022/11/18 17:05:04
月間,202211,策定,本四連系線,2023/01/08,夜間帯,逆方向,-1200,-1200,0,0,0,0,-1200,熱容量,0,0,0,0,2022/11/18 17:05:04
月間,202212,策定,本四連系線,2023/01/08,昼間帯,順方向,1200,1200,0,0,0,0,1200,熱容量,0,0,0,0,2022/12/20 17:05:05
月間,202212,策定,本四連系線,2023/01/08,昼間帯,逆方向,-1200,-1200,0,0,0,0,-1200,熱容量,0,0,0,0,2022/12/20 17:05:05
月間,202212,策定,本四連系線,2023/01/08,夜間帯,順方向,1200,1200,0,0,0,0,1200,熱容量,0,0,0,0,2022/12/20 17:05:05
月間,202212,策定,本四連系線,2023/01/08,夜間帯,逆方向,-1200,-1200,0,0,0,0,-1200,熱容量,0,0,0,0,2022/12/20 17:05:05
月間,202211,策定,本四連系線,2023/01/09,昼間帯,順方向,1200,1200,0,0,0,0,1200,熱容量,0,0,0,0,2022/11/18 17:05:04
月間,202211,策定,本四連系線,2023/01/09,昼間帯,逆方向,-1200,-1200,0,0,0,0,-1200,熱容量,0,0,0,0,2022/11/18 17:05:04
月間,202211,策定,本四連系線,2023/01/09,夜間帯,順方向,1200,1200,0,0,0,0,1200,熱容量,0,0,0,0,2022/11/18 17:05:04
月間,202211,策定,本四連系線,2023/01/09,夜間帯,逆方向,-1200,-1200,0,0,0,0,-1200,熱容量,0,0,0,0,2022/11/18 17:05:04
月間,202212,策定,本四連系線,2023/01/09,昼間帯,順方向,1200,1200,0,0,0,0,1200,熱容量,0,0,0,0,2022/12/20 17:05:05
月間,202212,策定,本四連系線,2023/01/09,昼間帯,逆方向,-1200,-1200,0,0,0,0,-1200,熱容量,0,0,0,0,2022/12/20 17:05:05
月間,202212,策定,本四連系線,2023/01/09,夜間帯,順方向,1200,1200,0,0,0,0,1200,熱容量,0,0,0,0,2022/12/20 17:05:05
月間,202212,策定,本四連系線,2023/01/09,夜間帯,逆方向,-1200,-1200,0,0,0,0,-1200,熱容量,0,0,0,0,2022/12/20 17:05:05
月間,202211,策定,本四連系線,2023/01/10,昼間帯,順方向,1200,1200,0,0,0,0,1200,熱容量,0,0,0,0,2022/11/18 17:05:04
月間,202211,策定,本四連系線,2023/01/10,昼間帯,逆方向,-1200,-1200,0,0,0,0,-1200,熱容量,0,0,0,0,2022/11/18 17:05:04
月間,202211,策定,本四連系線,2023/01/10,夜間帯,順方向,1200,1200,0,0,0,0,1200,熱容量,0,0,0,0,2022/11/18 17:05:04
月間,202211,策定,本四連系線,2023/01/10,夜間帯,逆方向,-1200,-1200,0,0,0,0,-1200,熱容量,0,0,0,0,2022/11/18 17:05:04
月間,202212,策定,本四連系線,2023/01/10,昼間帯,順方向,1200,1200,0,0,0,0,1200,熱容量,0,0,0,0,2022/12/20 17:05:05
月間,202212,策定,本四連系線,2023/01/10,昼間帯,逆方向,-1200,-1200,0,0,0,0,-1200,熱容量,0,0,0,0,2022/12/20 17:05:05
月間,202212,策定,本四連系線,2023/01/10,夜間帯,順方向,1200,1200,0,0,0,0,1200,熱容量,0,0,0,0,2022/12/20 17:05:05
月間,202212,策定,本四連系線,2023/01/10,夜間帯,逆方向,-1200,-1200,0,0,0,0,-1200,熱容量,0,0,0,0,2022/12/20 17:05:05
月間,202211,策定,本四連系線,2023/01/11,昼間帯,順方向,1200,1200,0,0,0,0,1200,熱容量,0,0,0,0,2022/11/18 17:05:04
月間,202211,策定,本四連系線,2023/01/11,昼間帯,逆方向,-1200,-1200,0,0,0,0,-1200,熱容量,0,0,0,0,2022/11/18 17:05:04
月間,202211,策定,本四連系線,2023/01/11,夜間帯,順方向,1200,1200,0,0,0,0,1200,熱容量,0,0,0,0,2022/11/18 17:05:04
月間,202211,策定,本四連系線,2023/01/11,夜間帯,逆方向,-1200,-1200,0,0,0,0,-1200,熱容量,0,0,0,0,2022/11/18 17:05:04
月間,202212,策定,本四連系線,2023/01/11,昼間帯,順方向,1200,1200,0,0,0,0,1200,熱容量,0,0,0,0,2022/12/20 17:05:05
月間,202212,策定,本四連系線,2023/01/11,昼間帯,逆方向,-1200,-1200,0,0,0,0,-1200,熱容量,0,0,0,0,2022/12/20 17:05:05
月間,202212,策定,本四連系線,2023/01/11,夜間帯,順方向,1200,1200,0,0,0,0,1200,熱容量,0,0,0,0,2022/12/20 17:05:05
月間,202212,策定,本四連系線,2023/01/11,夜間帯,逆方向,-1200,-1200,0,0,0,0,-1200,熱容量,0,0,0,0,2022/12/20 17:05:05
月間,202211,策定,本四連系線,2023/01/12,昼間帯,順方向,1200,1200,0,0,0,0,1200,熱容量,0,0,0,0,2022/11/18 17:05:04
月間,202211,策定,本四連系線,2023/01/12,昼間帯,逆方向,-1200,-1200,0,0,0,0,-1200,熱容量,0,0,0,0,2022/11/18 17:05:04
月間,202211,策定,本四連系線,2023/01/12,夜間帯,順方向,1200,1200,0,0,0,0,1200,熱容量,0,0,0,0,2022/11/18 17:05:04
月間,202211,策定,本四連系線,2023/01/12,夜間帯,逆方向,-1200,-1200,0,0,0,0,-1200,熱容量,0,0,0,0,2022/11/18 17:05:04
月間,202212,策定,本四連系線,2023/01/12,昼間帯,順方向,1200,1200,0,0,0,0,1200,熱容量,0,0,0,0,2022/12/20 17:05:05
月間,202212,策定,本四連系線,2023/01/12,昼間帯,逆方向,-1200,-1200,0,0,0,0,-1200,熱容量,0,0,0,0,2022/12/20 17:05:05
月間,202212,策定,本四連系線,2023/01/12,夜間帯,順方向,1200,1200,0,0,0,0,1200,熱容量,0,0,0,0,2022/12/20 17:05:05
月間,202212,策定,本四連系線,2023/01/12,夜間帯,逆方向,-1200,-1200,0,0,0,0,-1200,熱容量,0,0,0,0,2022/12/20 17:05:05
月間,202211,策定,本四連系線,2023/01/13,昼間帯,順方向,1200,1200,0,0,0,0,1200,熱容量,0,0,0,0,2022/11/18 17:05:04
月間,202211,策定,本四連系線,2023/01/13,昼間帯,逆方向,-1200,-1200,0,0,0,0,-1200,熱容量,0,0,0,0,2022/11/18 17:05:04
月間,202211,策定,本四連系線,2023/01/13,夜間帯,順方向,1200,1200,0,0,0,0,1200,熱容量,0,0,0,0,2022/11/18 17:05:04
月間,202211,策定,本四連系線,2023/01/13,夜間帯,逆方向,-1200,-1200,0,0,0,0,-1200,熱容量,0,0,0,0,2022/11/18 17:05:04
月間,202212,策定,本四連系線,2023/01/13,昼間帯,順方向,1200,1200,0,0,0,0,1200,熱容量,0,0,0,0,2022/12/20 17:05:05
月間,202212,策定,本四連系線,2023/01/13,昼間帯,逆方向,-1200,-1200,0,0,0,0,-1200,熱容量,0,0,0,0,2022/12/20 17:05:05
月間,202212,策定,本四連系線,2023/01/13,夜間帯,順方向,1200,1200,0,0,0,0,1200,熱容量,0,0,0,0,2022/12/20 17:05:05
月間,202212,策定,本四連系線,2023/01/13,夜間帯,逆方向,-1200,-1200,0,0,0,0,-1200,熱容量,0,0,0,0,2022/12/20 17:05:05
月間,202211,策定,本四連系線,2023/01/14,昼間帯,順方向,1200,1200,0,0,0,0,1200,熱容量,0,0,0,0,2022/11/18 17:05:04
月間,202211,策定,本四連系線,2023/01/14,昼間帯,逆方向,-1200,-1200,0,0,0,0,-1200,熱容量,0,0,0,0,2022/11/18 17:05:04
月間,202211,策定,本四連系線,2023/01/14,夜間帯,順方向,1200,1200,0,0,0,0,1200,熱容量,0,0,0,0,2022/11/18 17:05:04
月間,202211,策定,本四連系線,2023/01/14,夜間帯,逆方向,-1200,-1200,0,0,0,0,-1200,熱容量,0,0,0,0,2022/11/18 17:05:04
月間,202212,策定,本四連系線,2023/01/14,昼間帯,順方向,1200,1200,0,0,0,0,1200,熱容量,0,0,0,0,2022/12/20 17:05:05
月間,202212,策定,本四連系線,2023/01/14,昼間帯,逆方向,-1200,-1200,0,0,0,0,-1200,熱容量,0,0,0,0,2022/12/20 17:05:05
月間,202212,策定,本四連系線,2023/01/14,夜間帯,順方向,1200,1200,0,0,0,0,1200,熱容量,0,0,0,0,2022/12/20 17:05:05
月間,202212,策定,本四連系線,2023/01/14,夜間帯,逆方向,-1200,-1200,0,0,0,0,-1200,熱容量,0,0,0,0,2022/12/20 17:05:05
月間,202211,策定,本四連系線,2023/01/15,昼間帯,順方向,1200,1200,0,0,0,0,1200,熱容量,0,0,0,0,2022/11/18 17:05:04
月間,202211,策定,本四連系線,2023/01/15,昼間帯,逆方向,-1200,-1200,0,0,0,0,-1200,熱容量,0,0,0,0,2022/11/18 17:05:04
月間,202211,策定,本四連系線,2023/01/15,夜間帯,順方向,1200,1200,0,0,0,0,1200,熱容量,0,0,0,0,2022/11/18 17:05:04
月間,202211,策定,本四連系線,2023/01/15,夜間帯,逆方向,-1200,-1200,0,0,0,0,-1200,熱容量,0,0,0,0,2022/11/18 17:05:04
月間,202212,策定,本四連系線,2023/01/15,昼間帯,順方向,1200,1200,0,0,0,0,1200,熱容量,0,0,0,0,2022/12/20 17:05:05
月間,202212,策定,本四連系線,2023/01/15,昼間帯,逆方向,-1200,-1200,0,0,0,0,-1200,熱容量,0,0,0,0,2022/12/20 17:05:05
月間,202212,策定,本四連系線,2023/01/15,夜間帯,順方向,1200,1200,0,0,0,0,1200,熱容量,0,0,0,0,2022/12/20 17:05:05
月間,202212,策定,本四連系線,2023/01/15,夜間帯,逆方向,-1200,-1200,0,0,0,0,-1200,熱容量,0,0,0,0,2022/12/20 17:05:05
月間,202211,策定,本四連系線,2023/01/16,昼間帯,順方向,1200,1200,0,0,0,0,1200,熱容量,0,0,0,0,2022/11/18 17:05:04
月間,202211,策定,本四連系線,2023/01/16,昼間帯,逆方向,-1200,-1200,0,0,0,0,-1200,熱容量,0,0,0,0,2022/11/18 17:05:04
月間,202211,策定,本四連系線,2023/01/16,夜間帯,順方向,1200,1200,0,0,0,0,1200,熱容量,0,0,0,0,2022/11/18 17:05:04
月間,202211,策定,本四連系線,2023/01/16,夜間帯,逆方向,-1200,-1200,0,0,0,0,-1200,熱容量,0,0,0,0,2022/11/18 17:05:04
月間,202212,策定,本四連系線,2023/01/16,昼間帯,順方向,1200,1200,0,0,0,0,1200,熱容量,0,0,0,0,2022/12/20 17:05:05
月間,202212,策定,本四連系線,2023/01/16,昼間帯,逆方向,-1200,-1200,0,0,0,0,-1200,熱容量,0,0,0,0,2022/12/20 17:05:05
月間,202212,策定,本四連系線,2023/01/16,夜間帯,順方向,1200,1200,0,0,0,0,1200,熱容量,0,0,0,0,2022/12/20 17:05:05
月間,202212,策定,本四連系線,2023/01/16,夜間帯,逆方向,-1200,-1200,0,0,0,0,-1200,熱容量,0,0,0,0,2022/12/20 17:05:05
月間,202211,策定,本四連系線,2023/01/17,昼間帯,順方向,1200,1200,0,0,0,0,1200,熱容量,0,0,0,0,2022/11/18 17:05:04
月間,202211,策定,本四連系線,2023/01/17,昼間帯,逆方向,-1200,-1200,0,0,0,0,-1200,熱容量,0,0,0,0,2022/11/18 17:05:04
月間,202211,策定,本四連系線,2023/01/17,夜間帯,順方向,1200,1200,0,0,0,0,1200,熱容量,0,0,0,0,2022/11/18 17:05:04
月間,202211,策定,本四連系線,2023/01/17,夜間帯,逆方向,-1200,-1200,0,0,0,0,-1200,熱容量,0,0,0,0,2022/11/18 17:05:04
月間,202212,策定,本四連系線,2023/01/17,昼間帯,順方向,1200,1200,0,0,0,0,1200,熱容量,0,0,0,0,2022/12/20 17:05:05
月間,202212,策定,本四連系線,2023/01/17,昼間帯,逆方向,-1200,-1200,0,0,0,0,-1200,熱容量,0,0,0,0,2022/12/20 17:05:05
月間,202212,策定,本四連系線,2023/01/17,夜間帯,順方向,1200,1200,0,0,0,0,1200,熱容量,0,0,0,0,2022/12/20 17:05:05
月間,202212,策定,本四連系線,2023/01/17,夜間帯,逆方向,-1200,-1200,0,0,0,0,-1200,熱容量,0,0,0,0,2022/12/20 17:05:05
月間,202211,策定,本四連系線,2023/01/18,昼間帯,順方向,1200,1200,0,0,0,0,1200,熱容量,0,0,0,0,2022/11/18 17:05:04
月間,202211,策定,本四連系線,2023/01/18,昼間帯,逆方向,-1200,-1200,0,0,0,0,-1200,熱容量,0,0,0,0,2022/11/18 17:05:04
月間,202211,策定,本四連系線,2023/01/18,夜間帯,順方向,1200,1200,0,0,0,0,1200,熱容量,0,0,0,0,2022/11/18 17:05:04
月間,202211,策定,本四連系線,2023/01/18,夜間帯,逆方向,-1200,-1200,0,0,0,0,-1200,熱容量,0,0,0,0,2022/11/18 17:05:04
月間,202212,策定,本四連系線,2023/01/18,昼間帯,順方向,1200,1200,0,0,0,0,1200,熱容量,0,0,0,0,2022/12/20 17:05:05
月間,202212,策定,本四連系線,2023/01/18,昼間帯,逆方向,-1200,-1200,0,0,0,0,-1200,熱容量,0,0,0,0,2022/12/20 17:05:05
月間,202212,策定,本四連系線,2023/01/18,夜間帯,順方向,1200,1200,0,0,0,0,1200,熱容量,0,0,0,0,2022/12/20 17:05:05
月間,202212,策定,本四連系線,2023/01/18,夜間帯,逆方向,-1200,-1200,0,0,0,0,-1200,熱容量,0,0,0,0,2022/12/20 17:05:05
月間,202211,策定,本四連系線,2023/01/19,昼間帯,順方向,1200,1200,0,0,0,0,1200,熱容量,0,0,0,0,2022/11/18 17:05:04
月間,202211,策定,本四連系線,2023/01/19,昼間帯,逆方向,-1200,-1200,0,0,0,0,-1200,熱容量,0,0,0,0,2022/11/18 17:05:04
月間,202211,策定,本四連系線,2023/01/19,夜間帯,順方向,1200,1200,0,0,0,0,1200,熱容量,0,0,0,0,2022/11/18 17:05:04
月間,202211,策定,本四連系線,2023/01/19,夜間帯,逆方向,-1200,-1200,0,0,0,0,-1200,熱容量,0,0,0,0,2022/11/18 17:05:04
月間,202212,策定,本四連系線,2023/01/19,昼間帯,順方向,1200,1200,0,0,0,0,1200,熱容量,0,0,0,0,2022/12/20 17:05:05
月間,202212,策定,本四連系線,2023/01/19,昼間帯,逆方向,-1200,-1200,0,0,0,0,-1200,熱容量,0,0,0,0,2022/12/20 17:05:05
月間,202212,策定,本四連系線,2023/01/19,夜間帯,順方向,1200,1200,0,0,0,0,1200,熱容量,0,0,0,0,2022/12/20 17:05:05
月間,202212,策定,本四連系線,2023/01/19,夜間帯,逆方向,-1200,-1200,0,0,0,0,-1200,熱容量,0,0,0,0,2022/12/20 17:05:05
月間,202211,策定,本四連系線,2023/01/20,昼間帯,順方向,1200,1200,0,0,0,0,1200,熱容量,0,0,0,0,2022/11/18 17:05:04
月間,202211,策定,本四連系線,2023/01/20,昼間帯,逆方向,-1200,-1200,0,0,0,0,-1200,熱容量,0,0,0,0,2022/11/18 17:05:04
月間,202211,策定,本四連系線,2023/01/20,夜間帯,順方向,1200,1200,0,0,0,0,1200,熱容量,0,0,0,0,2022/11/18 17:05:04
月間,202211,策定,本四連系線,2023/01/20,夜間帯,逆方向,-1200,-1200,0,0,0,0,-1200,熱容量,0,0,0,0,2022/11/18 17:05:04
月間,202212,策定,本四連系線,2023/01/20,昼間帯,順方向,1200,1200,0,0,0,0,1200,熱容量,0,0,0,0,2022/12/20 17:05:05
月間,202212,策定,本四連系線,2023/01/20,昼間帯,逆方向,-1200,-1200,0,0,0,0,-1200,熱容量,0,0,0,0,2022/12/20 17:05:05
月間,202212,策定,本四連系線,2023/01/20,夜間帯,順方向,1200,1200,0,0,0,0,1200,熱容量,0,0,0,0,2022/12/20 17:05:05
月間,202212,策定,本四連系線,2023/01/20,夜間帯,逆方向,-1200,-1200,0,0,0,0,-1200,熱容量,0,0,0,0,2022/12/20 17:05:05
月間,202211,策定,本四連系線,2023/01/21,昼間帯,順方向,1200,1200,0,0,0,0,1200,熱容量,0,0,0,0,2022/11/18 17:05:04
月間,202211,策定,本四連系線,2023/01/21,昼間帯,逆方向,-1200,-1200,0,0,0,0,-1200,熱容量,0,0,0,0,2022/11/18 17:05:04
月間,202211,策定,本四連系線,2023/01/21,夜間帯,順方向,1200,1200,0,0,0,0,1200,熱容量,0,0,0,0,2022/11/18 17:05:04
月間,202211,策定,本四連系線,2023/01/21,夜間帯,逆方向,-1200,-1200,0,0,0,0,-1200,熱容量,0,0,0,0,2022/11/18 17:05:04
月間,202212,策定,本四連系線,2023/01/21,昼間帯,順方向,1200,1200,0,0,0,0,1200,熱容量,0,0,0,0,2022/12/20 17:05:05
月間,202212,策定,本四連系線,2023/01/21,昼間帯,逆方向,-1200,-1200,0,0,0,0,-1200,熱容量,0,0,0,0,2022/12/20 17:05:05
月間,202212,策定,本四連系線,2023/01/21,夜間帯,順方向,1200,1200,0,0,0,0,1200,熱容量,0,0,0,0,2022/12/20 17:05:05
月間,202212,策定,本四連系線,2023/01/21,夜間帯,逆方向,-1200,-1200,0,0,0,0,-1200,熱容量,0,0,0,0,2022/12/20 17:05:05
月間,202211,策定,本四連系線,2023/01/22,昼間帯,順方向,1200,1200,0,0,0,0,1200,熱容量,0,0,0,0,2022/11/18 17:05:04
月間,202211,策定,本四連系線,2023/01/22,昼間帯,逆方向,-1200,-1200,0,0,0,0,-1200,熱容量,0,0,0,0,2022/11/18 17:05:04
月間,202211,策定,本四連系線,2023/01/22,夜間帯,順方向,1200,1200,0,0,0,0,1200,熱容量,0,0,0,0,2022/11/18 17:05:04
月間,202211,策定,本四連系線,2023/01/22,夜間帯,逆方向,-1200,-1200,0,0,0,0,-1200,熱容量,0,0,0,0,2022/11/18 17:05:04
月間,202212,策定,本四連系線,2023/01/22,昼間帯,順方向,1200,1200,0,0,0,0,1200,熱容量,0,0,0,0,2022/12/20 17:05:05
月間,202212,策定,本四連系線,2023/01/22,昼間帯,逆方向,-1200,-1200,0,0,0,0,-1200,熱容量,0,0,0,0,2022/12/20 17:05:05
月間,202212,策定,本四連系線,2023/01/22,夜間帯,順方向,1200,1200,0,0,0,0,1200,熱容量,0,0,0,0,2022/12/20 17:05:05
月間,202212,策定,本四連系線,2023/01/22,夜間帯,逆方向,-1200,-1200,0,0,0,0,-1200,熱容量,0,0,0,0,2022/12/20 17:05:05
月間,202211,策定,本四連系線,2023/01/23,昼間帯,順方向,1200,1200,0,0,0,0,1200,熱容量,0,0,0,0,2022/11/18 17:05:04
月間,202211,策定,本四連系線,2023/01/23,昼間帯,逆方向,-1200,-1200,0,0,0,0,-1200,熱容量,0,0,0,0,2022/11/18 17:05:04
月間,202211,策定,本四連系線,2023/01/23,夜間帯,順方向,1200,1200,0,0,0,0,1200,熱容量,0,0,0,0,2022/11/18 17:05:04
月間,202211,策定,本四連系線,2023/01/23,夜間帯,逆方向,-1200,-1200,0,0,0,0,-1200,熱容量,0,0,0,0,2022/11/18 17:05:04
月間,202212,策定,本四連系線,2023/01/23,昼間帯,順方向,1200,1200,0,0,0,0,1200,熱容量,0,0,0,0,2022/12/20 17:05:05
月間,202212,策定,本四連系線,2023/01/23,昼間帯,逆方向,-1200,-1200,0,0,0,0,-1200,熱容量,0,0,0,0,2022/12/20 17:05:05
月間,202212,策定,本四連系線,2023/01/23,夜間帯,順方向,1200,1200,0,0,0,0,1200,熱容量,0,0,0,0,2022/12/20 17:05:05
月間,202212,策定,本四連系線,2023/01/23,夜間帯,逆方向,-1200,-1200,0,0,0,0,-1200,熱容量,0,0,0,0,2022/12/20 17:05:05
月間,202211,策定,本四連系線,2023/01/24,昼間帯,順方向,1200,1200,0,0,0,0,1200,熱容量,0,0,0,0,2022/11/18 17:05:04
月間,202211,策定,本四連系線,2023/01/24,昼間帯,逆方向,-1200,-1200,0,0,0,0,-1200,熱容量,0,0,0,0,2022/11/18 17:05:04
月間,202211,策定,本四連系線,2023/01/24,夜間帯,順方向,1200,1200,0,0,0,0,1200,熱容量,0,0,0,0,2022/11/18 17:05:04
月間,202211,策定,本四連系線,2023/01/24,夜間帯,逆方向,-1200,-1200,0,0,0,0,-1200,熱容量,0,0,0,0,2022/11/18 17:05:04
月間,202212,策定,本四連系線,2023/01/24,昼間帯,順方向,1200,1200,0,0,0,0,1200,熱容量,0,0,0,0,2022/12/20 17:05:05
月間,202212,策定,本四連系線,2023/01/24,昼間帯,逆方向,-1200,-1200,0,0,0,0,-1200,熱容量,0,0,0,0,2022/12/20 17:05:05
月間,202212,策定,本四連系線,2023/01/24,夜間帯,順方向,1200,1200,0,0,0,0,1200,熱容量,0,0,0,0,2022/12/20 17:05:05
月間,202212,策定,本四連系線,2023/01/24,夜間帯,逆方向,-1200,-1200,0,0,0,0,-1200,熱容量,0,0,0,0,2022/12/20 17:05:05
月間,202211,策定,本四連系線,2023/01/25,昼間帯,順方向,1200,1200,0,0,0,0,1200,熱容量,0,0,0,0,2022/11/18 17:05:04
月間,202211,策定,本四連系線,2023/01/25,昼間帯,逆方向,-1200,-1200,0,0,0,0,-1200,熱容量,0,0,0,0,2022/11/18 17:05:04
月間,202211,策定,本四連系線,2023/01/25,夜間帯,順方向,1200,1200,0,0,0,0,1200,熱容量,0,0,0,0,2022/11/18 17:05:04
月間,202211,策定,本四連系線,2023/01/25,夜間帯,逆方向,-1200,-1200,0,0,0,0,-1200,熱容量,0,0,0,0,2022/11/18 17:05:04
月間,202212,策定,本四連系線,2023/01/25,昼間帯,順方向,1200,1200,0,0,0,0,1200,熱容量,0,0,0,0,2022/12/20 17:05:05
月間,202212,策定,本四連系線,2023/01/25,昼間帯,逆方向,-1200,-1200,0,0,0,0,-1200,熱容量,0,0,0,0,2022/12/20 17:05:05
月間,202212,策定,本四連系線,2023/01/25,夜間帯,順方向,1200,1200,0,0,0,0,1200,熱容量,0,0,0,0,2022/12/20 17:05:05
月間,202212,策定,本四連系線,2023/01/25,夜間帯,逆方向,-1200,-1200,0,0,0,0,-1200,熱容量,0,0,0,0,2022/12/20 17:05:05
月間,202211,策定,本四連系線,2023/01/26,昼間帯,順方向,1200,1200,0,0,0,0,1200,熱容量,0,0,0,0,2022/11/18 17:05:04
月間,202211,策定,本四連系線,2023/01/26,昼間帯,逆方向,-1200,-1200,0,0,0,0,-1200,熱容量,0,0,0,0,2022/11/18 17:05:04
月間,202211,策定,本四連系線,2023/01/26,夜間帯,順方向,1200,1200,0,0,0,0,1200,熱容量,0,0,0,0,2022/11/18 17:05:04
月間,202211,策定,本四連系線,2023/01/26,夜間帯,逆方向,-1200,-1200,0,0,0,0,-1200,熱容量,0,0,0,0,2022/11/18 17:05:04
月間,202212,策定,本四連系線,2023/01/26,昼間帯,順方向,1200,1200,0,0,0,0,1200,熱容量,0,0,0,0,2022/12/20 17:05:05
月間,202212,策定,本四連系線,2023/01/26,昼間帯,逆方向,-1200,-1200,0,0,0,0,-1200,熱容量,0,0,0,0,2022/12/20 17:05:05
月間,202212,策定,本四連系線,2023/01/26,夜間帯,順方向,1200,1200,0,0,0,0,1200,熱容量,0,0,0,0,2022/12/20 17:05:05
月間,202212,策定,本四連系線,2023/01/26,夜間帯,逆方向,-1200,-1200,0,0,0,0,-1200,熱容量,0,0,0,0,2022/12/20 17:05:05
月間,202211,策定,本四連系線,2023/01/27,昼間帯,順方向,1200,1200,0,0,0,0,1200,熱容量,0,0,0,0,2022/11/18 17:05:04
月間,202211,策定,本四連系線,2023/01/27,昼間帯,逆方向,-1200,-1200,0,0,0,0,-1200,熱容量,0,0,0,0,2022/11/18 17:05:04
月間,202211,策定,本四連系線,2023/01/27,夜間帯,順方向,1200,1200,0,0,0,0,1200,熱容量,0,0,0,0,2022/11/18 17:05:04
月間,202211,策定,本四連系線,2023/01/27,夜間帯,逆方向,-1200,-1200,0,0,0,0,-1200,熱容量,0,0,0,0,2022/11/18 17:05:04
月間,202212,策定,本四連系線,2023/01/27,昼間帯,順方向,1200,1200,0,0,0,0,1200,熱容量,0,0,0,0,2022/12/20 17:05:05
月間,202212,策定,本四連系線,2023/01/27,昼間帯,逆方向,-1200,-1200,0,0,0,0,-1200,熱容量,0,0,0,0,2022/12/20 17:05:05
月間,202212,策定,本四連系線,2023/01/27,夜間帯,順方向,1200,1200,0,0,0,0,1200,熱容量,0,0,0,0,2022/12/20 17:05:05
月間,202212,策定,本四連系線,2023/01/27,夜間帯,逆方向,-1200,-1200,0,0,0,0,-1200,熱容量,0,0,0,0,2022/12/20 17:05:05
月間,202211,策定,本四連系線,2023/01/28,昼間帯,順方向,1200,1200,0,0,0,0,1200,熱容量,0,0,0,0,2022/11/18 17:05:04
月間,202211,策定,本四連系線,2023/01/28,昼間帯,逆方向,-1200,-1200,0,0,0,0,-1200,熱容量,0,0,0,0,2022/11/18 17:05:04
月間,202211,策定,本四連系線,2023/01/28,夜間帯,順方向,1200,1200,0,0,0,0,1200,熱容量,0,0,0,0,2022/11/18 17:05:04
月間,202211,策定,本四連系線,2023/01/28,夜間帯,逆方向,-1200,-1200,0,0,0,0,-1200,熱容量,0,0,0,0,2022/11/18 17:05:04
月間,202212,策定,本四連系線,2023/01/28,昼間帯,順方向,1200,1200,0,0,0,0,1200,熱容量,0,0,0,0,2022/12/20 17:05:05
月間,202212,策定,本四連系線,2023/01/28,昼間帯,逆方向,-1200,-1200,0,0,0,0,-1200,熱容量,0,0,0,0,2022/12/20 17:05:05
月間,202212,策定,本四連系線,2023/01/28,夜間帯,順方向,1200,1200,0,0,0,0,1200,熱容量,0,0,0,0,2022/12/20 17:05:05
月間,202212,策定,本四連系線,2023/01/28,夜間帯,逆方向,-1200,-1200,0,0,0,0,-1200,熱容量,0,0,0,0,2022/12/20 17:05:05
月間,202211,策定,本四連系線,2023/01/29,昼間帯,順方向,1200,1200,0,0,0,0,1200,熱容量,0,0,0,0,2022/11/18 17:05:04
月間,202211,策定,本四連系線,2023/01/29,昼間帯,逆方向,-1200,-1200,0,0,0,0,-1200,熱容量,0,0,0,0,2022/11/18 17:05:04
月間,202211,策定,本四連系線,2023/01/29,夜間帯,順方向,1200,1200,0,0,0,0,1200,熱容量,0,0,0,0,2022/11/18 17:05:04
月間,202211,策定,本四連系線,2023/01/29,夜間帯,逆方向,-1200,-1200,0,0,0,0,-1200,熱容量,0,0,0,0,2022/11/18 17:05:04
月間,202212,策定,本四連系線,2023/01/29,昼間帯,順方向,1200,1200,0,0,0,0,1200,熱容量,0,0,0,0,2022/12/20 17:05:05
月間,202212,策定,本四連系線,2023/01/29,昼間帯,逆方向,-1200,-1200,0,0,0,0,-1200,熱容量,0,0,0,0,2022/12/20 17:05:05
月間,202212,策定,本四連系線,2023/01/29,夜間帯,順方向,1200,1200,0,0,0,0,1200,熱容量,0,0,0,0,2022/12/20 17:05:05
月間,202212,策定,本四連系線,2023/01/29,夜間帯,逆方向,-1200,-1200,0,0,0,0,-1200,熱容量,0,0,0,0,2022/12/20 17:05:05
月間,202211,策定,本四連系線,2023/01/30,昼間帯,順方向,1200,1200,0,0,0,0,1200,熱容量,0,0,0,0,2022/11/18 17:05:04
月間,202211,策定,本四連系線,2023/01/30,昼間帯,逆方向,-1200,-1200,0,0,0,0,-1200,熱容量,0,0,0,0,2022/11/18 17:05:04
月間,202211,策定,本四連系線,2023/01/30,夜間帯,順方向,1200,1200,0,0,0,0,1200,熱容量,0,0,0,0,2022/11/18 17:05:04
月間,202211,策定,本四連系線,2023/01/30,夜間帯,逆方向,-1200,-1200,0,0,0,0,-1200,熱容量,0,0,0,0,2022/11/18 17:05:04
月間,202212,策定,本四連系線,2023/01/30,昼間帯,順方向,1200,1200,0,0,0,0,1200,熱容量,0,0,0,0,2022/12/20 17:05:05
月間,202212,策定,本四連系線,2023/01/30,昼間帯,逆方向,-1200,-1200,0,0,0,0,-1200,熱容量,0,0,0,0,2022/12/20 17:05:05
月間,202212,策定,本四連系線,2023/01/30,夜間帯,順方向,1200,1200,0,0,0,0,1200,熱容量,0,0,0,0,2022/12/20 17:05:05
月間,202212,策定,本四連系線,2023/01/30,夜間帯,逆方向,-1200,-1200,0,0,0,0,-1200,熱容量,0,0,0,0,2022/12/20 17:05:05
月間,202211,策定,本四連系線,2023/01/31,昼間帯,順方向,1200,1200,0,0,0,0,1200,熱容量,0,0,0,0,2022/11/18 17:05:04
月間,202211,策定,本四連系線,2023/01/31,昼間帯,逆方向,-1200,-1200,0,0,0,0,-1200,熱容量,0,0,0,0,2022/11/18 17:05:04
月間,202211,策定,本四連系線,2023/01/31,夜間帯,順方向,1200,1200,0,0,0,0,1200,熱容量,0,0,0,0,2022/11/18 17:05:04
月間,202211,策定,本四連系線,2023/01/31,夜間帯,逆方向,-1200,-1200,0,0,0,0,-1200,熱容量,0,0,0,0,2022/11/18 17:05:04
月間,202212,策定,本四連系線,2023/01/31,昼間帯,順方向,1200,1200,0,0,0,0,1200,熱容量,0,0,0,0,2022/12/20 17:05:05
月間,202212,策定,本四連系線,2023/01/31,昼間帯,逆方向,-1200,-1200,0,0,0,0,-1200,熱容量,0,0,0,0,2022/12/20 17:05:05
月間,202212,策定,本四連系線,2023/01/31,夜間帯,順方向,1200,1200,0,0,0,0,1200,熱容量,0,0,0,0,2022/12/20 17:05:05
月間,202212,策定,本四連系線,2023/01/31,夜間帯,逆方向,-1200,-1200,0,0,0,0,-1200,熱容量,0,0,0,0,2022/12/20 17:05:05
月間,202211,策定,関門連系線,2023/01/01,昼間帯,順方向,80,80,0,0,0,0,80,周波数,0,0,0,0,2022/11/18 17:05:04
月間,202211,策定,関門連系線,2023/01/01,昼間帯,逆方向,-1950,-1950,0,0,0,0,-1950,周波数,0,0,0,0,2022/11/18 17:05:04
月間,202211,策定,関門連系線,2023/01/01,夜間帯,順方向,410,410,0,0,0,0,410,周波数,0,0,0,0,2022/11/18 17:05:04
月間,202211,策定,関門連系線,2023/01/01,夜間帯,逆方向,-1880,-1880,0,0,0,0,-1880,周波数,0,0,0,0,2022/11/18 17:05:04
月間,202212,策定,関門連系線,2023/01/01,昼間帯,順方向,80,80,0,0,0,0,80,周波数,0,0,0,0,2022/12/20 17:05:05
月間,202212,策定,関門連系線,2023/01/01,昼間帯,逆方向,-1950,-1950,0,0,0,0,-1950,周波数,0,0,0,0,2022/12/20 17:05:05
月間,202212,策定,関門連系線,2023/01/01,夜間帯,順方向,410,410,0,0,0,0,410,周波数,0,0,0,0,2022/12/20 17:05:05
月間,202212,策定,関門連系線,2023/01/01,夜間帯,逆方向,-1880,-1880,0,0,0,0,-1880,周波数,0,0,0,0,2022/12/20 17:05:05
月間,202211,策定,関門連系線,2023/01/02,昼間帯,順方向,80,80,0,0,0,0,80,周波数,0,0,0,0,2022/11/18 17:05:04
月間,202211,策定,関門連系線,2023/01/02,昼間帯,逆方向,-1950,-1950,0,0,0,0,-1950,周波数,0,0,0,0,2022/11/18 17:05:04
月間,202211,策定,関門連系線,2023/01/02,夜間帯,順方向,410,410,0,0,0,0,410,周波数,0,0,0,0,2022/11/18 17:05:04
月間,202211,策定,関門連系線,2023/01/02,夜間帯,逆方向,-1880,-1880,0,0,0,0,-1880,周波数,0,0,0,0,2022/11/18 17:05:04
月間,202212,策定,関門連系線,2023/01/02,昼間帯,順方向,80,80,0,0,0,0,80,周波数,0,0,0,0,2022/12/20 17:05:05
月間,202212,策定,関門連系線,2023/01/02,昼間帯,逆方向,-1950,-1950,0,0,0,0,-1950,周波数,0,0,0,0,2022/12/20 17:05:05
月間,202212,策定,関門連系線,2023/01/02,夜間帯,順方向,410,410,0,0,0,0,410,周波数,0,0,0,0,2022/12/20 17:05:05
月間,202212,策定,関門連系線,2023/01/02,夜間帯,逆方向,-1880,-1880,0,0,0,0,-1880,周波数,0,0,0,0,2022/12/20 17:05:05
月間,202211,策定,関門連系線,2023/01/03,昼間帯,順方向,80,80,0,0,0,0,80,周波数,0,0,0,0,2022/11/18 17:05:04
月間,202211,策定,関門連系線,2023/01/03,昼間帯,逆方向,-1950,-1950,0,0,0,0,-1950,周波数,0,0,0,0,2022/11/18 17:05:04
月間,202211,策定,関門連系線,2023/01/03,夜間帯,順方向,410,410,0,0,0,0,410,周波数,0,0,0,0,2022/11/18 17:05:04
月間,202211,策定,関門連系線,2023/01/03,夜間帯,逆方向,-1880,-1880,0,0,0,0,-1880,周波数,0,0,0,0,2022/11/18 17:05:04
月間,202212,策定,関門連系線,2023/01/03,昼間帯,順方向,80,80,0,0,0,0,80,周波数,0,0,0,0,2022/12/20 17:05:05
月間,202212,策定,関門連系線,2023/01/03,昼間帯,逆方向,-1950,-1950,0,0,0,0,-1950,周波数,0,0,0,0,2022/12/20 17:05:05
月間,202212,策定,関門連系線,2023/01/03,夜間帯,順方向,410,410,0,0,0,0,410,周波数,0,0,0,0,2022/12/20 17:05:05
月間,202212,策定,関門連系線,2023/01/03,夜間帯,逆方向,-1880,-1880,0,0,0,0,-1880,周波数,0,0,0,0,2022/12/20 17:05:05
月間,202211,策定,関門連系線,2023/01/04,昼間帯,順方向,110,110,0,0,0,0,110,周波数,0,0,0,0,2022/11/18 17:05:04
月間,202211,策定,関門連系線,2023/01/04,昼間帯,逆方向,-2170,-2170,0,0,0,0,-2170,周波数,0,0,0,0,2022/11/18 17:05:04
月間,202211,策定,関門連系線,2023/01/04,夜間帯,順方向,410,410,0,0,0,0,410,周波数,0,0,0,0,2022/11/18 17:05:04
月間,202211,策定,関門連系線,2023/01/04,夜間帯,逆方向,-1880,-1880,0,0,0,0,-1880,周波数,0,0,0,0,2022/11/18 17:05:04
月間,202212,策定,関門連系線,2023/01/04,昼間帯,順方向,110,110,0,0,0,0,110,周波数,0,0,0,0,2022/12/20 17:05:05
月間,202212,策定,関門連系線,2023/01/04,昼間帯,逆方向,-2170,-2170,0,0,0,0,-2170,周波数,0,0,0,0,2022/12/20 17:05:05
月間,202212,策定,関門連系線,2023/01/04,夜間帯,順方向,410,410,0,0,0,0,410,周波数,0,0,0,0,2022/12/20 17:05:05
月間,202212,策定,関門連系線,2023/01/04,夜間帯,逆方向,-1880,-1880,0,0,0,0,-1880,周波数,0,0,0,0,2022/12/20 17:05:05
月間,202211,策定,関門連系線,2023/01/05,昼間帯,順方向,180,180,0,0,0,0,180,周波数,0,0,0,0,2022/11/18 17:05:04
月間,202211,策定,関門連系線,2023/01/05,昼間帯,逆方向,-2750,-2750,0,0,0,0,-2750,周波数,0,0,0,0,2022/11/18 17:05:04
月間,202211,策定,関門連系線,2023/01/05,夜間帯,順方向,440,440,0,0,0,0,440,周波数,0,0,0,0,2022/11/18 17:05:04
月間,202211,策定,関門連系線,2023/01/05,夜間帯,逆方向,-2080,-2080,0,0,0,0,-2080,周波数,0,0,0,0,2022/11/18 17:05:04
月間,202212,策定,関門連系線,2023/01/05,昼間帯,順方向,180,180,0,0,0,0,180,周波数,0,0,0,0,2022/12/20 17:05:05
月間,202212,策定,関門連系線,2023/01/05,昼間帯,逆方向,-2750,-2750,0,0,0,0,-2750,周波数,0,0,0,0,2022/12/20 17:05:05
月間,202212,策定,関門連系線,2023/01/05,夜間帯,順方向,440,440,0,0,0,0,440,周波数,0,0,0,0,2022/12/20 17:05:05
月間,202212,策定,関門連系線,2023/01/05,夜間帯,逆方向,-2080,-2080,0,0,0,0,-2080,周波数,0,0,0,0,2022/12/20 17:05:05
月間,202211,策定,関門連系線,2023/01/06,昼間帯,順方向,180,180,0,0,0,0,180,周波数,0,0,0,0,2022/11/18 17:05:04
月間,202211,策定,関門連系線,2023/01/06,昼間帯,逆方向,-2750,-2750,0,0,0,0,-2750,周波数,0,0,0,0,2022/11/18 17:05:04
月間,202211,策定,関門連系線,2023/01/06,夜間帯,順方向,450,450,0,0,0,0,450,周波数,0,0,0,0,2022/11/18 17:05:04
月間,202211,策定,関門連系線,2023/01/06,夜間帯,逆方向,-2370,-2370,0,0,0,0,-2370,周波数,0,0,0,0,2022/11/18 17:05:04
月間,202212,策定,関門連系線,2023/01/06,昼間帯,順方向,180,180,0,0,0,0,180,周波数,0,0,0,0,2022/12/20 17:05:05
月間,202212,策定,関門連系線,2023/01/06,昼間帯,逆方向,-2750,-2750,0,0,0,0,-2750,周波数,0,0,0,0,2022/12/20 17:05:05
月間,202212,策定,関門連系線,2023/01/06,夜間帯,順方向,450,450,0,0,0,0,450,周波数,0,0,0,0,2022/12/20 17:05:05
月間,202212,策定,関門連系線,2023/01/06,夜間帯,逆方向,-2370,-2370,0,0,0,0,-2370,周波数,0,0,0,0,2022/12/20 17:05:05
月間,202211,策定,関門連系線,2023/01/07,昼間帯,順方向,110,110,0,0,0,0,110,周波数,0,0,0,0,2022/11/18 17:05:04
月間,202211,策定,関門連系線,2023/01/07,昼間帯,逆方向,-2170,-2170,0,0,0,0,-2170,周波数,0,0,0,0,2022/11/18 17:05:04
月間,202211,策定,関門連系線,2023/01/07,夜間帯,順方向,440,440,0,0,0,0,440,周波数,0,0,0,0,2022/11/18 17:05:04
月間,202211,策定,関門連系線,2023/01/07,夜間帯,逆方向,-2080,-2080,0,0,0,0,-2080,周波数,0,0,0,0,2022/11/18 17:05:04
月間,202212,策定,関門連系線,2023/01/07,昼間帯,順方向,110,110,0,0,0,0,110,周波数,0,0,0,0,2022/12/20 17:05:05
月間,202212,策定,関門連系線,2023/01/07,昼間帯,逆方向,-2170,-2170,0,0,0,0,-2170,周波数,0,0,0,0,2022/12/20 17:05:05
月間,202212,策定,関門連系線,2023/01/07,夜間帯,順方向,440,440,0,0,0,0,440,周波数,0,0,0,0,2022/12/20 17:05:05
月間,202212,策定,関門連系線,2023/01/07,夜間帯,逆方向,-2080,-2080,0,0,0,0,-2080,周波数,0,0,0,0,2022/12/20 17:05:05
月間,202211,策定,関門連系線,2023/01/08,昼間帯,順方向,110,110,0,0,0,0,110,周波数,0,0,0,0,2022/11/18 17:05:04
月間,202211,策定,関門連系線,2023/01/08,昼間帯,逆方向,-2170,-2170,0,0,0,0,-2170,周波数,0,0,0,0,2022/11/18 17:05:04
月間,202211,策定,関門連系線,2023/01/08,夜間帯,順方向,440,440,0,0,0,0,440,周波数,0,0,0,0,2022/11/18 17:05:04
月間,202211,策定,関門連系線,2023/01/08,夜間帯,逆方向,-2080,-2080,0,0,0,0,-2080,周波数,0,0,0,0,2022/11/18 17:05:04
月間,202212,策定,関門連系線,2023/01/08,昼間帯,順方向,110,110,0,0,0,0,110,周波数,0,0,0,0,2022/12/20 17:05:05
月間,202212,策定,関門連系線,2023/01/08,昼間帯,逆方向,-2170,-2170,0,0,0,0,-2170,周波数,0,0,0,0,2022/12/20 17:05:05
月間,202212,策定,関門連系線,2023/01/08,夜間帯,順方向,440,440,0,0,0,0,440,周波数,0,0,0,0,2022/12/20 17:05:05
月間,202212,策定,関門連系線,2023/01/08,夜間帯,逆方向,-2080,-2080,0,0,0,0,-2080,周波数,0,0,0,0,2022/12/20 17:05:05
月間,202211,策定,関門連系線,2023/01/09,昼間帯,順方向,110,110,0,0,0,0,110,周波数,0,0,0,0,2022/11/18 17:05:04
月間,202211,策定,関門連系線,2023/01/09,昼間帯,逆方向,-2170,-2170,0,0,0,0,-2170,周波数,0,0,0,0,2022/11/18 17:05:04
月間,202211,策定,関門連系線,2023/01/09,夜間帯,順方向,440,440,0,0,0,0,440,周波数,0,0,0,0,2022/11/18 17:05:04
月間,202211,策定,関門連系線,2023/01/09,夜間帯,逆方向,-2080,-2080,0,0,0,0,-2080,周波数,0,0,0,0,2022/11/18 17:05:04
月間,202212,策定,関門連系線,2023/01/09,昼間帯,順方向,110,110,0,0,0,0,110,周波数,0,0,0,0,2022/12/20 17:05:05
月間,202212,策定,関門連系線,2023/01/09,昼間帯,逆方向,-2170,-2170,0,0,0,0,-2170,周波数,0,0,0,0,2022/12/20 17:05:05
月間,202212,策定,関門連系線,2023/01/09,夜間帯,順方向,440,440,0,0,0,0,440,周波数,0,0,0,0,2022/12/20 17:05:05
月間,202212,策定,関門連系線,2023/01/09,夜間帯,逆方向,-2080,-2080,0,0,0,0,-2080,周波数,0,0,0,0,2022/12/20 17:05:05
月間,202211,策定,関門連系線,2023/01/10,昼間帯,順方向,180,180,0,0,0,0,180,周波数,0,0,0,0,2022/11/18 17:05:04
月間,202211,策定,関門連系線,2023/01/10,昼間帯,逆方向,-2750,-2750,0,0,0,0,-2750,周波数,0,0,0,0,2022/11/18 17:05:04
月間,202211,策定,関門連系線,2023/01/10,夜間帯,順方向,440,440,0,0,0,0,440,周波数,0,0,0,0,2022/11/18 17:05:04
月間,202211,策定,関門連系線,2023/01/10,夜間帯,逆方向,-2080,-2080,0,0,0,0,-2080,周波数,0,0,0,0,2022/11/18 17:05:04
月間,202212,策定,関門連系線,2023/01/10,昼間帯,順方向,180,180,0,0,0,0,180,周波数,0,0,0,0,2022/12/20 17:05:05
月間,202212,策定,関門連系線,2023/01/10,昼間帯,逆方向,-2750,-2750,0,0,0,0,-2750,周波数,0,0,0,0,2022/12/20 17:05:05
月間,202212,策定,関門連系線,2023/01/10,夜間帯,順方向,440,440,0,0,0,0,440,周波数,0,0,0,0,2022/12/20 17:05:05
月間,202212,策定,関門連系線,2023/01/10,夜間帯,逆方向,-2080,-2080,0,0,0,0,-2080,周波数,0,0,0,0,2022/12/20 17:05:05
月間,202211,策定,関門連系線,2023/01/11,昼間帯,順方向,180,180,0,0,0,0,180,周波数,0,0,0,0,2022/11/18 17:05:04
月間,202211,策定,関門連系線,2023/01/11,昼間帯,逆方向,-2750,-2750,0,0,0,0,-2750,周波数,0,0,0,0,2022/11/18 17:05:04
月間,202211,策定,関門連系線,2023/01/11,夜間帯,順方向,450,450,0,0,0,0,450,周波数,0,0,0,0,2022/11/18 17:05:04
月間,202211,策定,関門連系線,2023/01/11,夜間帯,逆方向,-2370,-2370,0,0,0,0,-2370,周波数,0,0,0,0,2022/11/18 17:05:04
月間,202212,策定,関門連系線,2023/01/11,昼間帯,順方向,180,180,0,0,0,0,180,周波数,0,0,0,0,2022/12/20 17:05:05
月間,202212,策定,関門連系線,2023/01/11,昼間帯,逆方向,-2750,-2750,0,0,0,0,-2750,周波数,0,0,0,0,2022/12/20 17:05:05
月間,202212,策定,関門連系線,2023/01/11,夜間帯,順方向,450,450,0,0,0,0,450,周波数,0,0,0,0,2022/12/20 17:05:05
月間,202212,策定,関門連系線,2023/01/11,夜間帯,逆方向,-2370,-2370,0,0,0,0,-2370,周波数,0,0,0,0,2022/12/20 17:05:05
月間,202211,策定,関門連系線,2023/01/12,昼間帯,順方向,180,180,0,0,0,0,180,周波数,0,0,0,0,2022/11/18 17:05:04
月間,202211,策定,関門連系線,2023/01/12,昼間帯,逆方向,-2750,-2750,0,0,0,0,-2750,周波数,0,0,0,0,2022/11/18 17:05:04
月間,202211,策定,関門連系線,2023/01/12,夜間帯,順方向,450,450,0,0,0,0,450,周波数,0,0,0,0,2022/11/18 17:05:04
月間,202211,策定,関門連系線,2023/01/12,夜間帯,逆方向,-2370,-2370,0,0,0,0,-2370,周波数,0,0,0,0,2022/11/18 17:05:04
月間,202212,策定,関門連系線,2023/01/12,昼間帯,順方向,180,180,0,0,0,0,180,周波数,0,0,0,0,2022/12/20 17:05:05
月間,202212,策定,関門連系線,2023/01/12,昼間帯,逆方向,-2750,-2750,0,0,0,0,-2750,周波数,0,0,0,0,2022/12/20 17:05:05
月間,202212,策定,関門連系線,2023/01/12,夜間帯,順方向,450,450,0,0,0,0,450,周波数,0,0,0,0,2022/12/20 17:05:05
月間,202212,策定,関門連系線,2023/01/12,夜間帯,逆方向,-2370,-2370,0,0,0,0,-2370,周波数,0,0,0,0,2022/12/20 17:05:05
月間,202211,策定,関門連系線,2023/01/13,昼間帯,順方向,180,180,0,0,0,0,180,周波数,0,0,0,0,2022/11/18 17:05:04
月間,202211,策定,関門連系線,2023/01/13,昼間帯,逆方向,-2750,-2750,0,0,0,0,-2750,周波数,0,0,0,0,2022/11/18 17:05:04
月間,202211,策定,関門連系線,2023/01/13,夜間帯,順方向,450,450,0,0,0,0,450,周波数,0,0,0,0,2022/11/18 17:05:04
月間,202211,策定,関門連系線,2023/01/13,夜間帯,逆方向,-2370,-2370,0,0,0,0,-2370,周波数,0,0,0,0,2022/11/18 17:05:04
月間,202212,策定,関門連系線,2023/01/13,昼間帯,順方向,180,180,0,0,0,0,180,周波数,0,0,0,0,2022/12/20 17:05:05
月間,202212,策定,関門連系線,2023/01/13,昼間帯,逆方向,-2750,-2750,0,0,0,0,-2750,周波数,0,0,0,0,2022/12/20 17:05:05
月間,202212,策定,関門連系線,2023/01/13,夜間帯,順方向,450,450,0,0,0,0,450,周波数,0,0,0,0,2022/12/20 17:05:05
月間,202212,策定,関門連系線,2023/01/13,夜間帯,逆方向,-2370,-2370,0,0,0,0,-2370,周波数,0,0,0,0,2022/12/20 17:05:05
月間,202211,策定,関門連系線,2023/01/14,昼間帯,順方向,110,110,0,0,0,0,110,周波数,0,0,0,0,2022/11/18 17:05:04
月間,202211,策定,関門連系線,2023/01/14,昼間帯,逆方向,-2170,-2170,0,0,0,0,-2170,周波数,0,0,0,0,2022/11/18 17:05:04
月間,202211,策定,関門連系線,2023/01/14,夜間帯,順方向,440,440,0,0,0,0,440,周波数,0,0,0,0,2022/11/18 17:05:04
月間,202211,策定,関門連系線,2023/01/14,夜間帯,逆方向,-2080,-2080,0,0,0,0,-2080,周波数,0,0,0,0,2022/11/18 17:05:04
月間,202212,策定,関門連系線,2023/01/14,昼間帯,順方向,110,110,0,0,0,0,110,周波数,0,0,0,0,2022/12/20 17:05:05
月間,202212,策定,関門連系線,2023/01/14,昼間帯,逆方向,-2170,-2170,0,0,0,0,-2170,周波数,0,0,0,0,2022/12/20 17:05:05
月間,202212,策定,関門連系線,2023/01/14,夜間帯,順方向,440,440,0,0,0,0,440,周波数,0,0,0,0,2022/12/20 17:05:05
月間,202212,策定,関門連系線,2023/01/14,夜間帯,逆方向,-2080,-2080,0,0,0,0,-2080,周波数,0,0,0,0,2022/12/20 17:05:05
月間,202211,策定,関門連系線,2023/01/15,昼間帯,順方向,110,110,0,0,0,0,110,周波数,0,0,0,0,2022/11/18 17:05:04
月間,202211,策定,関門連系線,2023/01/15,昼間帯,逆方向,-2170,-2170,0,0,0,0,-2170,周波数,0,0,0,0,2022/11/18 17:05:04
月間,202211,策定,関門連系線,2023/01/15,夜間帯,順方向,440,440,0,0,0,0,440,周波数,0,0,0,0,2022/11/18 17:05:04
月間,202211,策定,関門連系線,2023/01/15,夜間帯,逆方向,-2080,-2080,0,0,0,0,-2080,周波数,0,0,0,0,2022/11/18 17:05:04
月間,202212,策定,関門連系線,2023/01/15,昼間帯,順方向,110,110,0,0,0,0,110,周波数,0,0,0,0,2022/12/20 17:05:05
月間,202212,策定,関門連系線,2023/01/15,昼間帯,逆方向,-2170,-2170,0,0,0,0,-2170,周波数,0,0,0,0,2022/12/20 17:05:05
月間,202212,策定,関門連系線,2023/01/15,夜間帯,順方向,440,440,0,0,0,0,440,周波数,0,0,0,0,2022/12/20 17:05:05
月間,202212,策定,関門連系線,2023/01/15,夜間帯,逆方向,-2080,-2080,0,0,0,0,-2080,周波数,0,0,0,0,2022/12/20 17:05:05
月間,202211,策定,関門連系線,2023/01/16,昼間帯,順方向,180,180,0,0,0,0,180,周波数,0,0,0,0,2022/11/18 17:05:04
月間,202211,策定,関門連系線,2023/01/16,昼間帯,逆方向,-2750,-2750,0,0,0,0,-2750,周波数,0,0,0,0,2022/11/18 17:05:04
月間,202211,策定,関門連系線,2023/01/16,夜間帯,順方向,440,440,0,0,0,0,440,周波数,0,0,0,0,2022/11/18 17:05:04
月間,202211,策定,関門連系線,2023/01/16,夜間帯,逆方向,-2080,-2080,0,0,0,0,-2080,周波数,0,0,0,0,2022/11/18 17:05:04
月間,202212,策定,関門連系線,2023/01/16,昼間帯,順方向,180,180,0,0,0,0,180,周波数,0,0,0,0,2022/12/20 17:05:05
月間,202212,策定,関門連系線,2023/01/16,昼間帯,逆方向,-2750,-2750,0,0,0,0,-2750,周波数,0,0,0,0,2022/12/20 17:05:05
月間,202212,策定,関門連系線,2023/01/16,夜間帯,順方向,440,440,0,0,0,0,440,周波数,0,0,0,0,2022/12/20 17:05:05
月間,202212,策定,関門連系線,2023/01/16,夜間帯,逆方向,-2080,-2080,0,0,0,0,-2080,周波数,0,0,0,0,2022/12/20 17:05:05
月間,202211,策定,関門連系線,2023/01/17,昼間帯,順方向,180,180,0,0,0,0,180,周波数,0,0,0,0,2022/11/18 17:05:04
月間,202211,策定,関門連系線,2023/01/17,昼間帯,逆方向,-2750,-2750,0,0,0,0,-2750,周波数,0,0,0,0,2022/11/18 17:05:04
月間,202211,策定,関門連系線,2023/01/17,夜間帯,順方向,450,450,0,0,0,0,450,周波数,0,0,0,0,2022/11/18 17:05:04
月間,202211,策定,関門連系線,2023/01/17,夜間帯,逆方向,-2370,-2370,0,0,0,0,-2370,周波数,0,0,0,0,2022/11/18 17:05:04
月間,202212,策定,関門連系線,2023/01/17,昼間帯,順方向,180,180,0,0,0,0,180,周波数,0,0,0,0,2022/12/20 17:05:05
月間,202212,策定,関門連系線,2023/01/17,昼間帯,逆方向,-2750,-2750,0,0,0,0,-2750,周波数,0,0,0,0,2022/12/20 17:05:05
月間,202212,策定,関門連系線,2023/01/17,夜間帯,順方向,450,450,0,0,0,0,450,周波数,0,0,0,0,2022/12/20 17:05:05
月間,202212,策定,関門連系線,2023/01/17,夜間帯,逆方向,-2370,-2370,0,0,0,0,-2370,周波数,0,0,0,0,2022/12/20 17:05:05
月間,202211,策定,関門連系線,2023/01/18,昼間帯,順方向,180,180,0,0,0,0,180,周波数,0,0,0,0,2022/11/18 17:05:04
月間,202211,策定,関門連系線,2023/01/18,昼間帯,逆方向,-2750,-2750,0,0,0,0,-2750,周波数,0,0,0,0,2022/11/18 17:05:04
月間,202211,策定,関門連系線,2023/01/18,夜間帯,順方向,450,450,0,0,0,0,450,周波数,0,0,0,0,2022/11/18 17:05:04
月間,202211,策定,関門連系線,2023/01/18,夜間帯,逆方向,-2370,-2370,0,0,0,0,-2370,周波数,0,0,0,0,2022/11/18 17:05:04
月間,202212,策定,関門連系線,2023/01/18,昼間帯,順方向,180,180,0,0,0,0,180,周波数,0,0,0,0,2022/12/20 17:05:05
月間,202212,策定,関門連系線,2023/01/18,昼間帯,逆方向,-2750,-2750,0,0,0,0,-2750,周波数,0,0,0,0,2022/12/20 17:05:05
月間,202212,策定,関門連系線,2023/01/18,夜間帯,順方向,450,450,0,0,0,0,450,周波数,0,0,0,0,2022/12/20 17:05:05
月間,202212,策定,関門連系線,2023/01/18,夜間帯,逆方向,-2370,-2370,0,0,0,0,-2370,周波数,0,0,0,0,2022/12/20 17:05:05
月間,202211,策定,関門連系線,2023/01/19,昼間帯,順方向,180,180,0,0,0,0,180,周波数,0,0,0,0,2022/11/18 17:05:04
月間,202211,策定,関門連系線,2023/01/19,昼間帯,逆方向,-2750,-2750,0,0,0,0,-2750,周波数,0,0,0,0,2022/11/18 17:05:04
月間,202211,策定,関門連系線,2023/01/19,夜間帯,順方向,450,450,0,0,0,0,450,周波数,0,0,0,0,2022/11/18 17:05:04
月間,202211,策定,関門連系線,2023/01/19,夜間帯,逆方向,-2370,-2370,0,0,0,0,-2370,周波数,0,0,0,0,2022/11/18 17:05:04
月間,202212,策定,関門連系線,2023/01/19,昼間帯,順方向,180,180,0,0,0,0,180,周波数,0,0,0,0,2022/12/20 17:05:05
月間,202212,策定,関門連系線,2023/01/19,昼間帯,逆方向,-2750,-2750,0,0,0,0,-2750,周波数,0,0,0,0,2022/12/20 17:05:05
月間,202212,策定,関門連系線,2023/01/19,夜間帯,順方向,450,450,0,0,0,0,450,周波数,0,0,0,0,2022/12/20 17:05:05
月間,202212,策定,関門連系線,2023/01/19,夜間帯,逆方向,-2370,-2370,0,0,0,0,-2370,周波数,0,0,0,0,2022/12/20 17:05:05
月間,202211,策定,関門連系線,2023/01/20,昼間帯,順方向,180,180,0,0,0,0,180,周波数,0,0,0,0,2022/11/18 17:05:04
月間,202211,策定,関門連系線,2023/01/20,昼間帯,逆方向,-2750,-2750,0,0,0,0,-2750,周波数,0,0,0,0,2022/11/18 17:05:04
月間,202211,策定,関門連系線,2023/01/20,夜間帯,順方向,450,450,0,0,0,0,450,周波数,0,0,0,0,2022/11/18 17:05:04
月間,202211,策定,関門連系線,2023/01/20,夜間帯,逆方向,-2370,-2370,0,0,0,0,-2370,周波数,0,0,0,0,2022/11/18 17:05:04
月間,202212,策定,関門連系線,2023/01/20,昼間帯,順方向,180,180,0,0,0,0,180,周波数,0,0,0,0,2022/12/20 17:05:05
月間,202212,策定,関門連系線,2023/01/20,昼間帯,逆方向,-2750,-2750,0,0,0,0,-2750,周波数,0,0,0,0,2022/12/20 17:05:05
月間,202212,策定,関門連系線,2023/01/20,夜間帯,順方向,450,450,0,0,0,0,450,周波数,0,0,0,0,2022/12/20 17:05:05
月間,202212,策定,関門連系線,2023/01/20,夜間帯,逆方向,-2370,-2370,0,0,0,0,-2370,周波数,0,0,0,0,2022/12/20 17:05:05
月間,202211,策定,関門連系線,2023/01/21,昼間帯,順方向,110,110,0,0,0,0,110,周波数,0,0,0,0,2022/11/18 17:05:04
月間,202211,策定,関門連系線,2023/01/21,昼間帯,逆方向,-2170,-2170,0,0,0,0,-2170,周波数,0,0,0,0,2022/11/18 17:05:04
月間,202211,策定,関門連系線,2023/01/21,夜間帯,順方向,440,440,0,0,0,0,440,周波数,0,0,0,0,2022/11/18 17:05:04
月間,202211,策定,関門連系線,2023/01/21,夜間帯,逆方向,-2080,-2080,0,0,0,0,-2080,周波数,0,0,0,0,2022/11/18 17:05:04
月間,202212,策定,関門連系線,2023/01/21,昼間帯,順方向,110,110,0,0,0,0,110,周波数,0,0,0,0,2022/12/20 17:05:05
月間,202212,策定,関門連系線,2023/01/21,昼間帯,逆方向,-2170,-2170,0,0,0,0,-2170,周波数,0,0,0,0,2022/12/20 17:05:05
月間,202212,策定,関門連系線,2023/01/21,夜間帯,順方向,440,440,0,0,0,0,440,周波数,0,0,0,0,2022/12/20 17:05:05
月間,202212,策定,関門連系線,2023/01/21,夜間帯,逆方向,-2080,-2080,0,0,0,0,-2080,周波数,0,0,0,0,2022/12/20 17:05:05
月間,202211,策定,関門連系線,2023/01/22,昼間帯,順方向,110,110,0,0,0,0,110,周波数,0,0,0,0,2022/11/18 17:05:04
月間,202211,策定,関門連系線,2023/01/22,昼間帯,逆方向,-2170,-2170,0,0,0,0,-2170,周波数,0,0,0,0,2022/11/18 17:05:04
月間,202211,策定,関門連系線,2023/01/22,夜間帯,順方向,440,440,0,0,0,0,440,周波数,0,0,0,0,2022/11/18 17:05:04
月間,202211,策定,関門連系線,2023/01/22,夜間帯,逆方向,-2080,-2080,0,0,0,0,-2080,周波数,0,0,0,0,2022/11/18 17:05:04
月間,202212,策定,関門連系線,2023/01/22,昼間帯,順方向,110,110,0,0,0,0,110,周波数,0,0,0,0,2022/12/20 17:05:05
月間,202212,策定,関門連系線,2023/01/22,昼間帯,逆方向,-2170,-2170,0,0,0,0,-2170,周波数,0,0,0,0,2022/12/20 17:05:05
月間,202212,策定,関門連系線,2023/01/22,夜間帯,順方向,440,440,0,0,0,0,440,周波数,0,0,0,0,2022/12/20 17:05:05
月間,202212,策定,関門連系線,2023/01/22,夜間帯,逆方向,-2080,-2080,0,0,0,0,-2080,周波数,0,0,0,0,2022/12/20 17:05:05
月間,202211,策定,関門連系線,2023/01/23,昼間帯,順方向,180,180,0,0,0,0,180,周波数,0,0,0,0,2022/11/18 17:05:04
月間,202211,策定,関門連系線,2023/01/23,昼間帯,逆方向,-2750,-2750,0,0,0,0,-2750,周波数,0,0,0,0,2022/11/18 17:05:04
月間,202211,策定,関門連系線,2023/01/23,夜間帯,順方向,440,440,0,0,0,0,440,周波数,0,0,0,0,2022/11/18 17:05:04
月間,202211,策定,関門連系線,2023/01/23,夜間帯,逆方向,-2080,-2080,0,0,0,0,-2080,周波数,0,0,0,0,2022/11/18 17:05:04
月間,202212,策定,関門連系線,2023/01/23,昼間帯,順方向,180,180,0,0,0,0,180,周波数,0,0,0,0,2022/12/20 17:05:05
月間,202212,策定,関門連系線,2023/01/23,昼間帯,逆方向,-2750,-2750,0,0,0,0,-2750,周波数,0,0,0,0,2022/12/20 17:05:05
月間,202212,策定,関門連系線,2023/01/23,夜間帯,順方向,440,440,0,0,0,0,440,周波数,0,0,0,0,2022/12/20 17:05:05
月間,202212,策定,関門連系線,2023/01/23,夜間帯,逆方向,-2080,-2080,0,0,0,0,-2080,周波数,0,0,0,0,2022/12/20 17:05:05
月間,202211,策定,関門連系線,2023/01/24,昼間帯,順方向,180,180,0,0,0,0,180,周波数,0,0,0,0,2022/11/18 17:05:04
月間,202211,策定,関門連系線,2023/01/24,昼間帯,逆方向,-2750,-2750,0,0,0,0,-2750,周波数,0,0,0,0,2022/11/18 17:05:04
月間,202211,策定,関門連系線,2023/01/24,夜間帯,順方向,450,450,0,0,0,0,450,周波数,0,0,0,0,2022/11/18 17:05:04
月間,202211,策定,関門連系線,2023/01/24,夜間帯,逆方向,-2370,-2370,0,0,0,0,-2370,周波数,0,0,0,0,2022/11/18 17:05:04
月間,202212,策定,関門連系線,2023/01/24,昼間帯,順方向,180,180,0,0,0,0,180,周波数,0,0,0,0,2022/12/20 17:05:05
月間,202212,策定,関門連系線,2023/01/24,昼間帯,逆方向,-2750,-2750,0,0,0,0,-2750,周波数,0,0,0,0,2022/12/20 17:05:05
月間,202212,策定,関門連系線,2023/01/24,夜間帯,順方向,450,450,0,0,0,0,450,周波数,0,0,0,0,2022/12/20 17:05:05
月間,202212,策定,関門連系線,2023/01/24,夜間帯,逆方向,-2370,-2370,0,0,0,0,-2370,周波数,0,0,0,0,2022/12/20 17:05:05
月間,202211,策定,関門連系線,2023/01/25,昼間帯,順方向,180,180,0,0,0,0,180,周波数,0,0,0,0,2022/11/18 17:05:04
月間,202211,策定,関門連系線,2023/01/25,昼間帯,逆方向,-2750,-2750,0,0,0,0,-2750,周波数,0,0,0,0,2022/11/18 17:05:04
月間,202211,策定,関門連系線,2023/01/25,夜間帯,順方向,450,450,0,0,0,0,450,周波数,0,0,0,0,2022/11/18 17:05:04
月間,202211,策定,関門連系線,2023/01/25,夜間帯,逆方向,-2370,-2370,0,0,0,0,-2370,周波数,0,0,0,0,2022/11/18 17:05:04
月間,202212,策定,関門連系線,2023/01/25,昼間帯,順方向,180,180,0,0,0,0,180,周波数,0,0,0,0,2022/12/20 17:05:05
月間,202212,策定,関門連系線,2023/01/25,昼間帯,逆方向,-2750,-2750,0,0,0,0,-2750,周波数,0,0,0,0,2022/12/20 17:05:05
月間,202212,策定,関門連系線,2023/01/25,夜間帯,順方向,450,450,0,0,0,0,450,周波数,0,0,0,0,2022/12/20 17:05:05
月間,202212,策定,関門連系線,2023/01/25,夜間帯,逆方向,-2370,-2370,0,0,0,0,-2370,周波数,0,0,0,0,2022/12/20 17:05:05
月間,202211,策定,関門連系線,2023/01/26,昼間帯,順方向,180,180,0,0,0,0,180,周波数,0,0,0,0,2022/11/18 17:05:04
月間,202211,策定,関門連系線,2023/01/26,昼間帯,逆方向,-2750,-2750,0,0,0,0,-2750,周波数,0,0,0,0,2022/11/18 17:05:04
月間,202211,策定,関門連系線,2023/01/26,夜間帯,順方向,450,450,0,0,0,0,450,周波数,0,0,0,0,2022/11/18 17:05:04
月間,202211,策定,関門連系線,2023/01/26,夜間帯,逆方向,-2370,-2370,0,0,0,0,-2370,周波数,0,0,0,0,2022/11/18 17:05:04
月間,202212,策定,関門連系線,2023/01/26,昼間帯,順方向,180,180,0,0,0,0,180,周波数,0,0,0,0,2022/12/20 17:05:05
月間,202212,策定,関門連系線,2023/01/26,昼間帯,逆方向,-2750,-2750,0,0,0,0,-2750,周波数,0,0,0,0,2022/12/20 17:05:05
月間,202212,策定,関門連系線,2023/01/26,夜間帯,順方向,450,450,0,0,0,0,450,周波数,0,0,0,0,2022/12/20 17:05:05
月間,202212,策定,関門連系線,2023/01/26,夜間帯,逆方向,-2370,-2370,0,0,0,0,-2370,周波数,0,0,0,0,2022/12/20 17:05:05
月間,202211,策定,関門連系線,2023/01/27,昼間帯,順方向,180,180,0,0,0,0,180,周波数,0,0,0,0,2022/11/18 17:05:04
月間,202211,策定,関門連系線,2023/01/27,昼間帯,逆方向,-2750,-2750,0,0,0,0,-2750,周波数,0,0,0,0,2022/11/18 17:05:04
月間,202211,策定,関門連系線,2023/01/27,夜間帯,順方向,450,450,0,0,0,0,450,周波数,0,0,0,0,2022/11/18 17:05:04
月間,202211,策定,関門連系線,2023/01/27,夜間帯,逆方向,-2370,-2370,0,0,0,0,-2370,周波数,0,0,0,0,2022/11/18 17:05:04
月間,202212,策定,関門連系線,2023/01/27,昼間帯,順方向,180,180,0,0,0,0,180,周波数,0,0,0,0,2022/12/20 17:05:05
月間,202212,策定,関門連系線,2023/01/27,昼間帯,逆方向,-2750,-2750,0,0,0,0,-2750,周波数,0,0,0,0,2022/12/20 17:05:05
月間,202212,策定,関門連系線,2023/01/27,夜間帯,順方向,450,450,0,0,0,0,450,周波数,0,0,0,0,2022/12/20 17:05:05
月間,202212,策定,関門連系線,2023/01/27,夜間帯,逆方向,-2370,-2370,0,0,0,0,-2370,周波数,0,0,0,0,2022/12/20 17:05:05
月間,202211,策定,関門連系線,2023/01/28,昼間帯,順方向,110,110,0,0,0,0,110,周波数,0,0,0,0,2022/11/18 17:05:04
月間,202211,策定,関門連系線,2023/01/28,昼間帯,逆方向,-2170,-2170,0,0,0,0,-2170,周波数,0,0,0,0,2022/11/18 17:05:04
月間,202211,策定,関門連系線,2023/01/28,夜間帯,順方向,440,440,0,0,0,0,440,周波数,0,0,0,0,2022/11/18 17:05:04
月間,202211,策定,関門連系線,2023/01/28,夜間帯,逆方向,-2080,-2080,0,0,0,0,-2080,周波数,0,0,0,0,2022/11/18 17:05:04
月間,202212,策定,関門連系線,2023/01/28,昼間帯,順方向,110,110,0,0,0,0,110,周波数,0,0,0,0,2022/12/20 17:05:05
月間,202212,策定,関門連系線,2023/01/28,昼間帯,逆方向,-2170,-2170,0,0,0,0,-2170,周波数,0,0,0,0,2022/12/20 17:05:05
月間,202212,策定,関門連系線,2023/01/28,夜間帯,順方向,440,440,0,0,0,0,440,周波数,0,0,0,0,2022/12/20 17:05:05
月間,202212,策定,関門連系線,2023/01/28,夜間帯,逆方向,-2080,-2080,0,0,0,0,-2080,周波数,0,0,0,0,2022/12/20 17:05:05
月間,202211,策定,関門連系線,2023/01/29,昼間帯,順方向,110,110,0,0,0,0,110,周波数,0,0,0,0,2022/11/18 17:05:04
月間,202211,策定,関門連系線,2023/01/29,昼間帯,逆方向,-2170,-2170,0,0,0,0,-2170,周波数,0,0,0,0,2022/11/18 17:05:04
月間,202211,策定,関門連系線,2023/01/29,夜間帯,順方向,440,440,0,0,0,0,440,周波数,0,0,0,0,2022/11/18 17:05:04
月間,202211,策定,関門連系線,2023/01/29,夜間帯,逆方向,-2080,-2080,0,0,0,0,-2080,周波数,0,0,0,0,2022/11/18 17:05:04
月間,202212,策定,関門連系線,2023/01/29,昼間帯,順方向,110,110,0,0,0,0,110,周波数,0,0,0,0,2022/12/20 17:05:05
月間,202212,策定,関門連系線,2023/01/29,昼間帯,逆方向,-2170,-2170,0,0,0,0,-2170,周波数,0,0,0,0,2022/12/20 17:05:05
月間,202212,策定,関門連系線,2023/01/29,夜間帯,順方向,440,440,0,0,0,0,440,周波数,0,0,0,0,2022/12/20 17:05:05
月間,202212,策定,関門連系線,2023/01/29,夜間帯,逆方向,-2080,-2080,0,0,0,0,-2080,周波数,0,0,0,0,2022/12/20 17:05:05
月間,202211,策定,関門連系線,2023/01/30,昼間帯,順方向,180,180,0,0,0,0,180,周波数,0,0,0,0,2022/11/18 17:05:04
月間,202211,策定,関門連系線,2023/01/30,昼間帯,逆方向,-2750,-2750,0,0,0,0,-2750,周波数,0,0,0,0,2022/11/18 17:05:04
月間,202211,策定,関門連系線,2023/01/30,夜間帯,順方向,440,440,0,0,0,0,440,周波数,0,0,0,0,2022/11/18 17:05:04
月間,202211,策定,関門連系線,2023/01/30,夜間帯,逆方向,-2080,-2080,0,0,0,0,-2080,周波数,0,0,0,0,2022/11/18 17:05:04
月間,202212,策定,関門連系線,2023/01/30,昼間帯,順方向,180,180,0,0,0,0,180,周波数,0,0,0,0,2022/12/20 17:05:05
月間,202212,策定,関門連系線,2023/01/30,昼間帯,逆方向,-2750,-2750,0,0,0,0,-2750,周波数,0,0,0,0,2022/12/20 17:05:05
月間,202212,策定,関門連系線,2023/01/30,夜間帯,順方向,440,440,0,0,0,0,440,周波数,0,0,0,0,2022/12/20 17:05:05
月間,202212,策定,関門連系線,2023/01/30,夜間帯,逆方向,-2080,-2080,0,0,0,0,-2080,周波数,0,0,0,0,2022/12/20 17:05:05
月間,202211,策定,関門連系線,2023/01/31,昼間帯,順方向,180,180,0,0,0,0,180,周波数,0,0,0,0,2022/11/18 17:05:04
月間,202211,策定,関門連系線,2023/01/31,昼間帯,逆方向,-2750,-2750,0,0,0,0,-2750,周波数,0,0,0,0,2022/11/18 17:05:04
月間,202211,策定,関門連系線,2023/01/31,夜間帯,順方向,450,450,0,0,0,0,450,周波数,0,0,0,0,2022/11/18 17:05:04
月間,202211,策定,関門連系線,2023/01/31,夜間帯,逆方向,-2370,-2370,0,0,0,0,-2370,周波数,0,0,0,0,2022/11/18 17:05:04
月間,202212,策定,関門連系線,2023/01/31,昼間帯,順方向,180,180,0,0,0,0,180,周波数,0,0,0,0,2022/12/20 17:05:05
月間,202212,策定,関門連系線,2023/01/31,昼間帯,逆方向,-2750,-2750,0,0,0,0,-2750,周波数,0,0,0,0,2022/12/20 17:05:05
月間,202212,策定,関門連系線,2023/01/31,夜間帯,順方向,450,450,0,0,0,0,450,周波数,0,0,0,0,2022/12/20 17:05:05
月間,202212,策定,関門連系線,2023/01/31,夜間帯,逆方向,-2370,-2370,0,0,0,0,-2370,周波数,0,0,0,0,2022/12/20 17:05:05
月間,202211,策定,北陸フェンス,2023/01/01,昼間帯,順方向,900,900,0,0,0,0,900,周波数,0,0,0,0,2022/11/18 17:05:04
月間,202211,策定,北陸フェンス,2023/01/01,昼間帯,逆方向,-1670,-1670,0,0,0,0,-1670,周波数,0,0,0,0,2022/11/18 17:05:04
月間,202211,策定,北陸フェンス,2023/01/01,夜間帯,順方向,900,900,0,0,0,0,900,周波数,0,0,0,0,2022/11/18 17:05:04
月間,202211,策定,北陸フェンス,2023/01/01,夜間帯,逆方向,-1900,-1900,0,0,0,0,-1900,安定度,0,0,0,0,2022/11/18 17:05:04
月間,202212,策定,北陸フェンス,2023/01/01,昼間帯,順方向,900,900,0,0,0,0,900,周波数,0,0,0,0,2022/12/20 17:05:05
月間,202212,策定,北陸フェンス,2023/01/01,昼間帯,逆方向,-1670,-1670,0,0,0,0,-1670,周波数,0,0,0,0,2022/12/20 17:05:05
月間,202212,策定,北陸フェンス,2023/01/01,夜間帯,順方向,900,900,0,0,0,0,900,周波数,0,0,0,0,2022/12/20 17:05:05
月間,202212,策定,北陸フェンス,2023/01/01,夜間帯,逆方向,-1900,-1900,0,0,0,0,-1900,安定度,0,0,0,0,2022/12/20 17:05:05
月間,202211,策定,北陸フェンス,2023/01/02,昼間帯,順方向,900,900,0,0,0,0,900,周波数,0,0,0,0,2022/11/18 17:05:04
月間,202211,策定,北陸フェンス,2023/01/02,昼間帯,逆方向,-1670,-1670,0,0,0,0,-1670,周波数,0,0,0,0,2022/11/18 17:05:04
月間,202211,策定,北陸フェンス,2023/01/02,夜間帯,順方向,900,900,0,0,0,0,900,周波数,0,0,0,0,2022/11/18 17:05:04
月間,202211,策定,北陸フェンス,2023/01/02,夜間帯,逆方向,-1900,-1900,0,0,0,0,-1900,安定度,0,0,0,0,2022/11/18 17:05:04
月間,202212,策定,北陸フェンス,2023/01/02,昼間帯,順方向,900,900,0,0,0,0,900,周波数,0,0,0,0,2022/12/20 17:05:05
月間,202212,策定,北陸フェンス,2023/01/02,昼間帯,逆方向,-1670,-1670,0,0,0,0,-1670,周波数,0,0,0,0,2022/12/20 17:05:05
月間,202212,策定,北陸フェンス,2023/01/02,夜間帯,順方向,900,900,0,0,0,0,900,周波数,0,0,0,0,2022/12/20 17:05:05
月間,202212,策定,北陸フェンス,2023/01/02,夜間帯,逆方向,-1900,-1900,0,0,0,0,-1900,安定度,0,0,0,0,2022/12/20 17:05:05
月間,202211,策定,北陸フェンス,2023/01/03,昼間帯,順方向,900,900,0,0,0,0,900,周波数,0,0,0,0,2022/11/18 17:05:04
月間,202211,策定,北陸フェンス,2023/01/03,昼間帯,逆方向,-1670,-1670,0,0,0,0,-1670,周波数,0,0,0,0,2022/11/18 17:05:04
月間,202211,策定,北陸フェンス,2023/01/03,夜間帯,順方向,900,900,0,0,0,0,900,周波数,0,0,0,0,2022/11/18 17:05:04
月間,202211,策定,北陸フェンス,2023/01/03,夜間帯,逆方向,-1900,-1900,0,0,0,0,-1900,安定度,0,0,0,0,2022/11/18 17:05:04
月間,202212,策定,北陸フェンス,2023/01/03,昼間帯,順方向,900,900,0,0,0,0,900,周波数,0,0,0,0,2022/12/20 17:05:05
月間,202212,策定,北陸フェンス,2023/01/03,昼間帯,逆方向,-1670,-1670,0,0,0,0,-1670,周波数,0,0,0,0,2022/12/20 17:05:05
月間,202212,策定,北陸フェンス,2023/01/03,夜間帯,順方向,900,900,0,0,0,0,900,周波数,0,0,0,0,2022/12/20 17:05:05
月間,202212,策定,北陸フェンス,2023/01/03,夜間帯,逆方向,-1900,-1900,0,0,0,0,-1900,安定度,0,0,0,0,2022/12/20 17:05:05
月間,202211,策定,北陸フェンス,2023/01/04,昼間帯,順方向,900,900,0,0,0,0,900,周波数,0,0,0,0,2022/11/18 17:05:04
月間,202211,策定,北陸フェンス,2023/01/04,昼間帯,逆方向,-1900,-1900,0,0,0,0,-1900,安定度,0,0,0,0,2022/11/18 17:05:04
月間,202211,策定,北陸フェンス,2023/01/04,夜間帯,順方向,900,900,0,0,0,0,900,周波数,0,0,0,0,2022/11/18 17:05:04
月間,202211,策定,北陸フェンス,2023/01/04,夜間帯,逆方向,-1900,-1900,0,0,0,0,-1900,安定度,0,0,0,0,2022/11/18 17:05:04
月間,202212,策定,北陸フェンス,2023/01/04,昼間帯,順方向,900,900,0,0,0,0,900,周波数,0,0,0,0,2022/12/20 17:05:05
月間,202212,策定,北陸フェンス,2023/01/04,昼間帯,逆方向,-1900,-1900,0,0,0,0,-1900,安定度,0,0,0,0,2022/12/20 17:05:05
月間,202212,策定,北陸フェンス,2023/01/04,夜間帯,順方向,900,900,0,0,0,0,900,周波数,0,0,0,0,2022/12/20 17:05:05
月間,202212,策定,北陸フェンス,2023/01/04,夜間帯,逆方向,-1900,-1900,0,0,0,0,-1900,安定度,0,0,0,0,2022/12/20 17:05:05
月間,202211,策定,北陸フェンス,2023/01/05,昼間帯,順方向,1090,1600,0,510,0,0,1600,周波数,0,0,0,0,2022/11/18 17:05:04
月間,202211,策定,北陸フェンス,2023/01/05,昼間帯,逆方向,-1900,-1900,0,0,0,0,-1900,安定度,0,0,0,0,2022/11/18 17:05:04
月間,202211,策定,北陸フェンス,2023/01/05,夜間帯,順方向,900,900,0,0,0,0,900,周波数,0,0,0,0,2022/11/18 17:05:04
月間,202211,策定,北陸フェンス,2023/01/05,夜間帯,逆方向,-1900,-1900,0,0,0,0,-1900,安定度,0,0,0,0,2022/11/18 17:05:04
月間,202212,策定,北陸フェンス,2023/01/05,昼間帯,順方向,1090,1600,0,510,0,0,1600,周波数,0,0,0,0,2022/12/20 17:05:05
月間,202212,策定,北陸フェンス,2023/01/05,昼間帯,逆方向,-1900,-1900,0,0,0,0,-1900,安定度,0,0,0,0,2022/12/20 17:05:05
月間,202212,策定,北陸フェンス,2023/01/05,夜間帯,順方向,900,900,0,0,0,0,900,周波数,0,0,0,0,2022/12/20 17:05:05
月間,202212,策定,北陸フェンス,2023/01/05,夜間帯,逆方向,-1900,-1900,0,0,0,0,-1900,安定度,0,0,0,0,2022/12/20 17:05:05
月間,202211,策定,北陸フェンス,2023/01/06,昼間帯,順方向,1090,1600,0,510,0,0,1600,周波数,0,0,0,0,2022/11/18 17:05:04
月間,202211,策定,北陸フェンス,2023/01/06,昼間帯,逆方向,-1900,-1900,0,0,0,0,-1900,安定度,0,0,0,0,2022/11/18 17:05:04
月間,202211,策定,北陸フェンス,2023/01/06,夜間帯,順方向,900,900,0,0,0,0,900,周波数,0,0,0,0,2022/11/18 17:05:04
月間,202211,策定,北陸フェンス,2023/01/06,夜間帯,逆方向,-1900,-1900,0,0,0,0,-1900,安定度,0,0,0,0,2022/11/18 17:05:04
月間,202212,策定,北陸フェンス,2023/01/06,昼間帯,順方向,1090,1600,0,510,0,0,1600,周波数,0,0,0,0,2022/12/20 17:05:05
月間,202212,策定,北陸フェンス,2023/01/06,昼間帯,逆方向,-1900,-1900,0,0,0,0,-1900,安定度,0,0,0,0,2022/12/20 17:05:05
月間,202212,策定,北陸フェンス,2023/01/06,夜間帯,順方向,900,900,0,0,0,0,900,周波数,0,0,0,0,2022/12/20 17:05:05
月間,202212,策定,北陸フェンス,2023/01/06,夜間帯,逆方向,-1900,-1900,0,0,0,0,-1900,安定度,0,0,0,0,2022/12/20 17:05:05
月間,202211,策定,北陸フェンス,2023/01/07,昼間帯,順方向,900,900,0,0,0,0,900,周波数,0,0,0,0,2022/11/18 17:05:04
月間,202211,策定,北陸フェンス,2023/01/07,昼間帯,逆方向,-1900,-1900,0,0,0,0,-1900,安定度,0,0,0,0,2022/11/18 17:05:04
月間,202211,策定,北陸フェンス,2023/01/07,夜間帯,順方向,900,900,0,0,0,0,900,周波数,0,0,0,0,2022/11/18 17:05:04
月間,202211,策定,北陸フェンス,2023/01/07,夜間帯,逆方向,-1900,-1900,0,0,0,0,-1900,安定度,0,0,0,0,2022/11/18 17:05:04
月間,202212,策定,北陸フェンス,2023/01/07,昼間帯,順方向,900,900,0,0,0,0,900,周波数,0,0,0,0,2022/12/20 17:05:05
月間,202212,策定,北陸フェンス,2023/01/07,昼間帯,逆方向,-1900,-1900,0,0,0,0,-1900,安定度,0,0,0,0,2022/12/20 17:05:05
月間,202212,策定,北陸フェンス,2023/01/07,夜間帯,順方向,900,900,0,0,0,0,900,周波数,0,0,0,0,2022/12/20 17:05:05
月間,202212,策定,北陸フェンス,2023/01/07,夜間帯,逆方向,-1900,-1900,0,0,0,0,-1900,安定度,0,0,0,0,2022/12/20 17:05:05
月間,202211,策定,北陸フェンス,2023/01/08,昼間帯,順方向,900,900,0,0,0,0,900,周波数,0,0,0,0,2022/11/18 17:05:04
月間,202211,策定,北陸フェンス,2023/01/08,昼間帯,逆方向,-1900,-1900,0,0,0,0,-1900,安定度,0,0,0,0,2022/11/18 17:05:04
月間,202211,策定,北陸フェンス,2023/01/08,夜間帯,順方向,900,900,0,0,0,0,900,周波数,0,0,0,0,2022/11/18 17:05:04
月間,202211,策定,北陸フェンス,2023/01/08,夜間帯,逆方向,-1900,-1900,0,0,0,0,-1900,安定度,0,0,0,0,2022/11/18 17:05:04
月間,202212,策定,北陸フェンス,2023/01/08,昼間帯,順方向,900,900,0,0,0,0,900,周波数,0,0,0,0,2022/12/20 17:05:05
月間,202212,策定,北陸フェンス,2023/01/08,昼間帯,逆方向,-1900,-1900,0,0,0,0,-1900,安定度,0,0,0,0,2022/12/20 17:05:05
月間,202212,策定,北陸フェンス,2023/01/08,夜間帯,順方向,900,900,0,0,0,0,900,周波数,0,0,0,0,2022/12/20 17:05:05
月間,202212,策定,北陸フェンス,2023/01/08,夜間帯,逆方向,-1900,-1900,0,0,0,0,-1900,安定度,0,0,0,0,2022/12/20 17:05:05
月間,202211,策定,北陸フェンス,2023/01/09,昼間帯,順方向,900,900,0,0,0,0,900,周波数,0,0,0,0,2022/11/18 17:05:04
月間,202211,策定,北陸フェンス,2023/01/09,昼間帯,逆方向,-1900,-1900,0,0,0,0,-1900,安定度,0,0,0,0,2022/11/18 17:05:04
月間,202211,策定,北陸フェンス,2023/01/09,夜間帯,順方向,900,900,0,0,0,0,900,周波数,0,0,0,0,2022/11/18 17:05:04
月間,202211,策定,北陸フェンス,2023/01/09,夜間帯,逆方向,-1900,-1900,0,0,0,0,-1900,安定度,0,0,0,0,2022/11/18 17:05:04
月間,202212,策定,北陸フェンス,2023/01/09,昼間帯,順方向,900,900,0,0,0,0,900,周波数,0,0,0,0,2022/12/20 17:05:05
月間,202212,策定,北陸フェンス,2023/01/09,昼間帯,逆方向,-1900,-1900,0,0,0,0,-1900,安定度,0,0,0,0,2022/12/20 17:05:05
月間,202212,策定,北陸フェンス,2023/01/09,夜間帯,順方向,900,900,0,0,0,0,900,周波数,0,0,0,0,2022/12/20 17:05:05
月間,202212,策定,北陸フェンス,2023/01/09,夜間帯,逆方向,-1900,-1900,0,0,0,0,-1900,安定度,0,0,0,0,2022/12/20 17:05:05
月間,202211,策定,北陸フェンス,2023/01/10,昼間帯,順方向,1090,1600,0,510,0,0,1600,周波数,0,0,0,0,2022/11/18 17:05:04
月間,202211,策定,北陸フェンス,2023/01/10,昼間帯,逆方向,-1900,-1900,0,0,0,0,-1900,安定度,0,0,0,0,2022/11/18 17:05:04
月間,202211,策定,北陸フェンス,2023/01/10,夜間帯,順方向,900,900,0,0,0,0,900,周波数,0,0,0,0,2022/11/18 17:05:04
月間,202211,策定,北陸フェンス,2023/01/10,夜間帯,逆方向,-1900,-1900,0,0,0,0,-1900,安定度,0,0,0,0,2022/11/18 17:05:04
月間,202212,策定,北陸フェンス,2023/01/10,昼間帯,順方向,1090,1600,0,510,0,0,1600,周波数,0,0,0,0,2022/12/20 17:05:05
月間,202212,策定,北陸フェンス,2023/01/10,昼間帯,逆方向,-1900,-1900,0,0,0,0,-1900,安定度,0,0,0,0,2022/12/20 17:05:05
月間,202212,策定,北陸フェンス,2023/01/10,夜間帯,順方向,900,900,0,0,0,0,900,周波数,0,0,0,0,2022/12/20 17:05:05
月間,202212,策定,北陸フェンス,2023/01/10,夜間帯,逆方向,-1900,-1900,0,0,0,0,-1900,安定度,0,0,0,0,2022/12/20 17:05:05
月間,202211,策定,北陸フェンス,2023/01/11,昼間帯,順方向,1090,1600,0,510,0,0,1600,周波数,0,0,0,0,2022/11/18 17:05:04
月間,202211,策定,北陸フェンス,2023/01/11,昼間帯,逆方向,-1900,-1900,0,0,0,0,-1900,安定度,0,0,0,0,2022/11/18 17:05:04
月間,202211,策定,北陸フェンス,2023/01/11,夜間帯,順方向,900,900,0,0,0,0,900,周波数,0,0,0,0,2022/11/18 17:05:04
月間,202211,策定,北陸フェンス,2023/01/11,夜間帯,逆方向,-1900,-1900,0,0,0,0,-1900,安定度,0,0,0,0,2022/11/18 17:05:04
月間,202212,策定,北陸フェンス,2023/01/11,昼間帯,順方向,1090,1600,0,510,0,0,1600,周波数,0,0,0,0,2022/12/20 17:05:05
月間,202212,策定,北陸フェンス,2023/01/11,昼間帯,逆方向,-1900,-1900,0,0,0,0,-1900,安定度,0,0,0,0,2022/12/20 17:05:05
月間,202212,策定,北陸フェンス,2023/01/11,夜間帯,順方向,900,900,0,0,0,0,900,周波数,0,0,0,0,2022/12/20 17:05:05
月間,202212,策定,北陸フェンス,2023/01/11,夜間帯,逆方向,-1900,-1900,0,0,0,0,-1900,安定度,0,0,0,0,2022/12/20 17:05:05
月間,202211,策定,北陸フェンス,2023/01/12,昼間帯,順方向,1090,1600,0,510,0,0,1600,周波数,0,0,0,0,2022/11/18 17:05:04
月間,202211,策定,北陸フェンス,2023/01/12,昼間帯,逆方向,-1900,-1900,0,0,0,0,-1900,安定度,0,0,0,0,2022/11/18 17:05:04
月間,202211,策定,北陸フェンス,2023/01/12,夜間帯,順方向,900,900,0,0,0,0,900,周波数,0,0,0,0,2022/11/18 17:05:04
月間,202211,策定,北陸フェンス,2023/01/12,夜間帯,逆方向,-1900,-1900,0,0,0,0,-1900,安定度,0,0,0,0,2022/11/18 17:05:04
月間,202212,策定,北陸フェンス,2023/01/12,昼間帯,順方向,1090,1600,0,510,0,0,1600,周波数,0,0,0,0,2022/12/20 17:05:05
月間,202212,策定,北陸フェンス,2023/01/12,昼間帯,逆方向,-1900,-1900,0,0,0,0,-1900,安定度,0,0,0,0,2022/12/20 17:05:05
月間,202212,策定,北陸フェンス,2023/01/12,夜間帯,順方向,900,900,0,0,0,0,900,周波数,0,0,0,0,2022/12/20 17:05:05
月間,202212,策定,北陸フェンス,2023/01/12,夜間帯,逆方向,-1900,-1900,0,0,0,0,-1900,安定度,0,0,0,0,2022/12/20 17:05:05
月間,202211,策定,北陸フェンス,2023/01/13,昼間帯,順方向,1090,1600,0,510,0,0,1600,周波数,0,0,0,0,2022/11/18 17:05:04
月間,202211,策定,北陸フェンス,2023/01/13,昼間帯,逆方向,-1900,-1900,0,0,0,0,-1900,安定度,0,0,0,0,2022/11/18 17:05:04
月間,202211,策定,北陸フェンス,2023/01/13,夜間帯,順方向,900,900,0,0,0,0,900,周波数,0,0,0,0,2022/11/18 17:05:04
月間,202211,策定,北陸フェンス,2023/01/13,夜間帯,逆方向,-1900,-1900,0,0,0,0,-1900,安定度,0,0,0,0,2022/11/18 17:05:04
月間,202212,策定,北陸フェンス,2023/01/13,昼間帯,順方向,1090,1600,0,510,0,0,1600,周波数,0,0,0,0,2022/12/20 17:05:05
月間,202212,策定,北陸フェンス,2023/01/13,昼間帯,逆方向,-1900,-1900,0,0,0,0,-1900,安定度,0,0,0,0,2022/12/20 17:05:05
月間,202212,策定,北陸フェンス,2023/01/13,夜間帯,順方向,900,900,0,0,0,0,900,周波数,0,0,0,0,2022/12/20 17:05:05
月間,202212,策定,北陸フェンス,2023/01/13,夜間帯,逆方向,-1900,-1900,0,0,0,0,-1900,安定度,0,0,0,0,2022/12/20 17:05:05
月間,202211,策定,北陸フェンス,2023/01/14,昼間帯,順方向,900,900,0,0,0,0,900,周波数,0,0,0,0,2022/11/18 17:05:04
月間,202211,策定,北陸フェンス,2023/01/14,昼間帯,逆方向,-1900,-1900,0,0,0,0,-1900,安定度,0,0,0,0,2022/11/18 17:05:04
月間,202211,策定,北陸フェンス,2023/01/14,夜間帯,順方向,900,900,0,0,0,0,900,周波数,0,0,0,0,2022/11/18 17:05:04
月間,202211,策定,北陸フェンス,2023/01/14,夜間帯,逆方向,-1900,-1900,0,0,0,0,-1900,安定度,0,0,0,0,2022/11/18 17:05:04
月間,202212,策定,北陸フェンス,2023/01/14,昼間帯,順方向,900,900,0,0,0,0,900,周波数,0,0,0,0,2022/12/20 17:05:05
月間,202212,策定,北陸フェンス,2023/01/14,昼間帯,逆方向,-1900,-1900,0,0,0,0,-1900,安定度,0,0,0,0,2022/12/20 17:05:05
月間,202212,策定,北陸フェンス,2023/01/14,夜間帯,順方向,900,900,0,0,0,0,900,周波数,0,0,0,0,2022/12/20 17:05:05
月間,202212,策定,北陸フェンス,2023/01/14,夜間帯,逆方向,-1900,-1900,0,0,0,0,-1900,安定度,0,0,0,0,2022/12/20 17:05:05
月間,202211,策定,北陸フェンス,2023/01/15,昼間帯,順方向,900,900,0,0,0,0,900,周波数,0,0,0,0,2022/11/18 17:05:04
月間,202211,策定,北陸フェンス,2023/01/15,昼間帯,逆方向,-1900,-1900,0,0,0,0,-1900,安定度,0,0,0,0,2022/11/18 17:05:04
月間,202211,策定,北陸フェンス,2023/01/15,夜間帯,順方向,900,900,0,0,0,0,900,周波数,0,0,0,0,2022/11/18 17:05:04
月間,202211,策定,北陸フェンス,2023/01/15,夜間帯,逆方向,-1900,-1900,0,0,0,0,-1900,安定度,0,0,0,0,2022/11/18 17:05:04
月間,202212,策定,北陸フェンス,2023/01/15,昼間帯,順方向,900,900,0,0,0,0,900,周波数,0,0,0,0,2022/12/20 17:05:05
月間,202212,策定,北陸フェンス,2023/01/15,昼間帯,逆方向,-1900,-1900,0,0,0,0,-1900,安定度,0,0,0,0,2022/12/20 17:05:05
月間,202212,策定,北陸フェンス,2023/01/15,夜間帯,順方向,900,900,0,0,0,0,900,周波数,0,0,0,0,2022/12/20 17:05:05
月間,202212,策定,北陸フェンス,2023/01/15,夜間帯,逆方向,-1900,-1900,0,0,0,0,-1900,安定度,0,0,0,0,2022/12/20 17:05:05
月間,202211,策定,北陸フェンス,2023/01/16,昼間帯,順方向,1090,1600,0,510,0,0,1600,周波数,0,0,0,0,2022/11/18 17:05:04
月間,202211,策定,北陸フェンス,2023/01/16,昼間帯,逆方向,-1900,-1900,0,0,0,0,-1900,安定度,0,0,0,0,2022/11/18 17:05:04
月間,202211,策定,北陸フェンス,2023/01/16,夜間帯,順方向,900,900,0,0,0,0,900,周波数,0,0,0,0,2022/11/18 17:05:04
月間,202211,策定,北陸フェンス,2023/01/16,夜間帯,逆方向,-1900,-1900,0,0,0,0,-1900,安定度,0,0,0,0,2022/11/18 17:05:04
月間,202212,策定,北陸フェンス,2023/01/16,昼間帯,順方向,1090,1600,0,510,0,0,1600,周波数,0,0,0,0,2022/12/20 17:05:05
月間,202212,策定,北陸フェンス,2023/01/16,昼間帯,逆方向,-1900,-1900,0,0,0,0,-1900,安定度,0,0,0,0,2022/12/20 17:05:05
月間,202212,策定,北陸フェンス,2023/01/16,夜間帯,順方向,900,900,0,0,0,0,900,周波数,0,0,0,0,2022/12/20 17:05:05
月間,202212,策定,北陸フェンス,2023/01/16,夜間帯,逆方向,-1900,-1900,0,0,0,0,-1900,安定度,0,0,0,0,2022/12/20 17:05:05
月間,202211,策定,北陸フェンス,2023/01/17,昼間帯,順方向,1090,1600,0,510,0,0,1600,周波数,0,0,0,0,2022/11/18 17:05:04
月間,202211,策定,北陸フェンス,2023/01/17,昼間帯,逆方向,-1900,-1900,0,0,0,0,-1900,安定度,0,0,0,0,2022/11/18 17:05:04
月間,202211,策定,北陸フェンス,2023/01/17,夜間帯,順方向,900,900,0,0,0,0,900,周波数,0,0,0,0,2022/11/18 17:05:04
月間,202211,策定,北陸フェンス,2023/01/17,夜間帯,逆方向,-1900,-1900,0,0,0,0,-1900,安定度,0,0,0,0,2022/11/18 17:05:04
月間,202212,策定,北陸フェンス,2023/01/17,昼間帯,順方向,1090,1600,0,510,0,0,1600,周波数,0,0,0,0,2022/12/20 17:05:05
月間,202212,策定,北陸フェンス,2023/01/17,昼間帯,逆方向,-1900,-1900,0,0,0,0,-1900,安定度,0,0,0,0,2022/12/20 17:05:05
月間,202212,策定,北陸フェンス,2023/01/17,夜間帯,順方向,900,900,0,0,0,0,900,周波数,0,0,0,0,2022/12/20 17:05:05
月間,202212,策定,北陸フェンス,2023/01/17,夜間帯,逆方向,-1900,-1900,0,0,0,0,-1900,安定度,0,0,0,0,2022/12/20 17:05:05
月間,202211,策定,北陸フェンス,2023/01/18,昼間帯,順方向,1090,1600,0,510,0,0,1600,周波数,0,0,0,0,2022/11/18 17:05:04
月間,202211,策定,北陸フェンス,2023/01/18,昼間帯,逆方向,-1900,-1900,0,0,0,0,-1900,安定度,0,0,0,0,2022/11/18 17:05:04
月間,202211,策定,北陸フェンス,2023/01/18,夜間帯,順方向,900,900,0,0,0,0,900,周波数,0,0,0,0,2022/11/18 17:05:04
月間,202211,策定,北陸フェンス,2023/01/18,夜間帯,逆方向,-1900,-1900,0,0,0,0,-1900,安定度,0,0,0,0,2022/11/18 17:05:04
月間,202212,策定,北陸フェンス,2023/01/18,昼間帯,順方向,1090,1600,0,510,0,0,1600,周波数,0,0,0,0,2022/12/20 17:05:05
月間,202212,策定,北陸フェンス,2023/01/18,昼間帯,逆方向,-1900,-1900,0,0,0,0,-1900,安定度,0,0,0,0,2022/12/20 17:05:05
月間,202212,策定,北陸フェンス,2023/01/18,夜間帯,順方向,900,900,0,0,0,0,900,周波数,0,0,0,0,2022/12/20 17:05:05
月間,202212,策定,北陸フェンス,2023/01/18,夜間帯,逆方向,-1900,-1900,0,0,0,0,-1900,安定度,0,0,0,0,2022/12/20 17:05:05
月間,202211,策定,北陸フェンス,2023/01/19,昼間帯,順方向,1090,1600,0,510,0,0,1600,周波数,0,0,0,0,2022/11/18 17:05:04
月間,202211,策定,北陸フェンス,2023/01/19,昼間帯,逆方向,-1900,-1900,0,0,0,0,-1900,安定度,0,0,0,0,2022/11/18 17:05:04
月間,202211,策定,北陸フェンス,2023/01/19,夜間帯,順方向,900,900,0,0,0,0,900,周波数,0,0,0,0,2022/11/18 17:05:04
月間,202211,策定,北陸フェンス,2023/01/19,夜間帯,逆方向,-1900,-1900,0,0,0,0,-1900,安定度,0,0,0,0,2022/11/18 17:05:04
月間,202212,策定,北陸フェンス,2023/01/19,昼間帯,順方向,1090,1600,0,510,0,0,1600,周波数,0,0,0,0,2022/12/20 17:05:05
月間,202212,策定,北陸フェンス,2023/01/19,昼間帯,逆方向,-1900,-1900,0,0,0,0,-1900,安定度,0,0,0,0,2022/12/20 17:05:05
月間,202212,策定,北陸フェンス,2023/01/19,夜間帯,順方向,900,900,0,0,0,0,900,周波数,0,0,0,0,2022/12/20 17:05:05
月間,202212,策定,北陸フェンス,2023/01/19,夜間帯,逆方向,-1900,-1900,0,0,0,0,-1900,安定度,0,0,0,0,2022/12/20 17:05:05
月間,202211,策定,北陸フェンス,2023/01/20,昼間帯,順方向,1090,1600,0,510,0,0,1600,周波数,0,0,0,0,2022/11/18 17:05:04
月間,202211,策定,北陸フェンス,2023/01/20,昼間帯,逆方向,-1900,-1900,0,0,0,0,-1900,安定度,0,0,0,0,2022/11/18 17:05:04
月間,202211,策定,北陸フェンス,2023/01/20,夜間帯,順方向,900,900,0,0,0,0,900,周波数,0,0,0,0,2022/11/18 17:05:04
月間,202211,策定,北陸フェンス,2023/01/20,夜間帯,逆方向,-1900,-1900,0,0,0,0,-1900,安定度,0,0,0,0,2022/11/18 17:05:04
月間,202212,策定,北陸フェンス,2023/01/20,昼間帯,順方向,1090,1600,0,510,0,0,1600,周波数,0,0,0,0,2022/12/20 17:05:05
月間,202212,策定,北陸フェンス,2023/01/20,昼間帯,逆方向,-1900,-1900,0,0,0,0,-1900,安定度,0,0,0,0,2022/12/20 17:05:05
月間,202212,策定,北陸フェンス,2023/01/20,夜間帯,順方向,900,900,0,0,0,0,900,周波数,0,0,0,0,2022/12/20 17:05:05
月間,202212,策定,北陸フェンス,2023/01/20,夜間帯,逆方向,-1900,-1900,0,0,0,0,-1900,安定度,0,0,0,0,2022/12/20 17:05:05
月間,202211,策定,北陸フェンス,2023/01/21,昼間帯,順方向,900,900,0,0,0,0,900,周波数,0,0,0,0,2022/11/18 17:05:04
月間,202211,策定,北陸フェンス,2023/01/21,昼間帯,逆方向,-1900,-1900,0,0,0,0,-1900,安定度,0,0,0,0,2022/11/18 17:05:04
月間,202211,策定,北陸フェンス,2023/01/21,夜間帯,順方向,900,900,0,0,0,0,900,周波数,0,0,0,0,2022/11/18 17:05:04
月間,202211,策定,北陸フェンス,2023/01/21,夜間帯,逆方向,-1900,-1900,0,0,0,0,-1900,安定度,0,0,0,0,2022/11/18 17:05:04
月間,202212,策定,北陸フェンス,2023/01/21,昼間帯,順方向,900,900,0,0,0,0,900,周波数,0,0,0,0,2022/12/20 17:05:05
月間,202212,策定,北陸フェンス,2023/01/21,昼間帯,逆方向,-1900,-1900,0,0,0,0,-1900,安定度,0,0,0,0,2022/12/20 17:05:05
月間,202212,策定,北陸フェンス,2023/01/21,夜間帯,順方向,900,900,0,0,0,0,900,周波数,0,0,0,0,2022/12/20 17:05:05
月間,202212,策定,北陸フェンス,2023/01/21,夜間帯,逆方向,-1900,-1900,0,0,0,0,-1900,安定度,0,0,0,0,2022/12/20 17:05:05
月間,202211,策定,北陸フェンス,2023/01/22,昼間帯,順方向,900,900,0,0,0,0,900,周波数,0,0,0,0,2022/11/18 17:05:04
月間,202211,策定,北陸フェンス,2023/01/22,昼間帯,逆方向,-1900,-1900,0,0,0,0,-1900,安定度,0,0,0,0,2022/11/18 17:05:04
月間,202211,策定,北陸フェンス,2023/01/22,夜間帯,順方向,900,900,0,0,0,0,900,周波数,0,0,0,0,2022/11/18 17:05:04
月間,202211,策定,北陸フェンス,2023/01/22,夜間帯,逆方向,-1900,-1900,0,0,0,0,-1900,安定度,0,0,0,0,2022/11/18 17:05:04
月間,202212,策定,北陸フェンス,2023/01/22,昼間帯,順方向,900,900,0,0,0,0,900,周波数,0,0,0,0,2022/12/20 17:05:05
月間,202212,策定,北陸フェンス,2023/01/22,昼間帯,逆方向,-1900,-1900,0,0,0,0,-1900,安定度,0,0,0,0,2022/12/20 17:05:05
月間,202212,策定,北陸フェンス,2023/01/22,夜間帯,順方向,900,900,0,0,0,0,900,周波数,0,0,0,0,2022/12/20 17:05:05
月間,202212,策定,北陸フェンス,2023/01/22,夜間帯,逆方向,-1900,-1900,0,0,0,0,-1900,安定度,0,0,0,0,2022/12/20 17:05:05
月間,202211,策定,北陸フェンス,2023/01/23,昼間帯,順方向,1090,1600,0,510,0,0,1600,周波数,0,0,0,0,2022/11/18 17:05:04
月間,202211,策定,北陸フェンス,2023/01/23,昼間帯,逆方向,-1900,-1900,0,0,0,0,-1900,安定度,0,0,0,0,2022/11/18 17:05:04
月間,202211,策定,北陸フェンス,2023/01/23,夜間帯,順方向,900,900,0,0,0,0,900,周波数,0,0,0,0,2022/11/18 17:05:04
月間,202211,策定,北陸フェンス,2023/01/23,夜間帯,逆方向,-1900,-1900,0,0,0,0,-1900,安定度,0,0,0,0,2022/11/18 17:05:04
月間,202212,策定,北陸フェンス,2023/01/23,昼間帯,順方向,1090,1600,0,510,0,0,1600,周波数,0,0,0,0,2022/12/20 17:05:05
月間,202212,策定,北陸フェンス,2023/01/23,昼間帯,逆方向,-1900,-1900,0,0,0,0,-1900,安定度,0,0,0,0,2022/12/20 17:05:05
月間,202212,策定,北陸フェンス,2023/01/23,夜間帯,順方向,900,900,0,0,0,0,900,周波数,0,0,0,0,2022/12/20 17:05:05
月間,202212,策定,北陸フェンス,2023/01/23,夜間帯,逆方向,-1900,-1900,0,0,0,0,-1900,安定度,0,0,0,0,2022/12/20 17:05:05
月間,202211,策定,北陸フェンス,2023/01/24,昼間帯,順方向,1090,1600,0,510,0,0,1600,周波数,0,0,0,0,2022/11/18 17:05:04
月間,202211,策定,北陸フェンス,2023/01/24,昼間帯,逆方向,-1900,-1900,0,0,0,0,-1900,安定度,0,0,0,0,2022/11/18 17:05:04
月間,202211,策定,北陸フェンス,2023/01/24,夜間帯,順方向,900,900,0,0,0,0,900,周波数,0,0,0,0,2022/11/18 17:05:04
月間,202211,策定,北陸フェンス,2023/01/24,夜間帯,逆方向,-1900,-1900,0,0,0,0,-1900,安定度,0,0,0,0,2022/11/18 17:05:04
月間,202212,策定,北陸フェンス,2023/01/24,昼間帯,順方向,1090,1600,0,510,0,0,1600,周波数,0,0,0,0,2022/12/20 17:05:05
月間,202212,策定,北陸フェンス,2023/01/24,昼間帯,逆方向,-1900,-1900,0,0,0,0,-1900,安定度,0,0,0,0,2022/12/20 17:05:05
月間,202212,策定,北陸フェンス,2023/01/24,夜間帯,順方向,900,900,0,0,0,0,900,周波数,0,0,0,0,2022/12/20 17:05:05
月間,202212,策定,北陸フェンス,2023/01/24,夜間帯,逆方向,-1900,-1900,0,0,0,0,-1900,安定度,0,0,0,0,2022/12/20 17:05:05
月間,202211,策定,北陸フェンス,2023/01/25,昼間帯,順方向,1090,1600,0,510,0,0,1600,周波数,0,0,0,0,2022/11/18 17:05:04
月間,202211,策定,北陸フェンス,2023/01/25,昼間帯,逆方向,-1900,-1900,0,0,0,0,-1900,安定度,0,0,0,0,2022/11/18 17:05:04
月間,202211,策定,北陸フェンス,2023/01/25,夜間帯,順方向,900,900,0,0,0,0,900,周波数,0,0,0,0,2022/11/18 17:05:04
月間,202211,策定,北陸フェンス,2023/01/25,夜間帯,逆方向,-1900,-1900,0,0,0,0,-1900,安定度,0,0,0,0,2022/11/18 17:05:04
月間,202212,策定,北陸フェンス,2023/01/25,昼間帯,順方向,1090,1600,0,510,0,0,1600,周波数,0,0,0,0,2022/12/20 17:05:05
月間,202212,策定,北陸フェンス,2023/01/25,昼間帯,逆方向,-1900,-1900,0,0,0,0,-1900,安定度,0,0,0,0,2022/12/20 17:05:05
月間,202212,策定,北陸フェンス,2023/01/25,夜間帯,順方向,900,900,0,0,0,0,900,周波数,0,0,0,0,2022/12/20 17:05:05
月間,202212,策定,北陸フェンス,2023/01/25,夜間帯,逆方向,-1900,-1900,0,0,0,0,-1900,安定度,0,0,0,0,2022/12/20 17:05:05
月間,202211,策定,北陸フェンス,2023/01/26,昼間帯,順方向,1090,1600,0,510,0,0,1600,周波数,0,0,0,0,2022/11/18 17:05:04
月間,202211,策定,北陸フェンス,2023/01/26,昼間帯,逆方向,-1900,-1900,0,0,0,0,-1900,安定度,0,0,0,0,2022/11/18 17:05:04
月間,202211,策定,北陸フェンス,2023/01/26,夜間帯,順方向,900,900,0,0,0,0,900,周波数,0,0,0,0,2022/11/18 17:05:04
月間,202211,策定,北陸フェンス,2023/01/26,夜間帯,逆方向,-1900,-1900,0,0,0,0,-1900,安定度,0,0,0,0,2022/11/18 17:05:04
月間,202212,策定,北陸フェンス,2023/01/26,昼間帯,順方向,1090,1600,0,510,0,0,1600,周波数,0,0,0,0,2022/12/20 17:05:05
月間,202212,策定,北陸フェンス,2023/01/26,昼間帯,逆方向,-1900,-1900,0,0,0,0,-1900,安定度,0,0,0,0,2022/12/20 17:05:05
月間,202212,策定,北陸フェンス,2023/01/26,夜間帯,順方向,900,900,0,0,0,0,900,周波数,0,0,0,0,2022/12/20 17:05:05
月間,202212,策定,北陸フェンス,2023/01/26,夜間帯,逆方向,-1900,-1900,0,0,0,0,-1900,安定度,0,0,0,0,2022/12/20 17:05:05
月間,202211,策定,北陸フェンス,2023/01/27,昼間帯,順方向,1090,1600,0,510,0,0,1600,周波数,0,0,0,0,2022/11/18 17:05:04
月間,202211,策定,北陸フェンス,2023/01/27,昼間帯,逆方向,-1900,-1900,0,0,0,0,-1900,安定度,0,0,0,0,2022/11/18 17:05:04
月間,202211,策定,北陸フェンス,2023/01/27,夜間帯,順方向,900,900,0,0,0,0,900,周波数,0,0,0,0,2022/11/18 17:05:04
月間,202211,策定,北陸フェンス,2023/01/27,夜間帯,逆方向,-1900,-1900,0,0,0,0,-1900,安定度,0,0,0,0,2022/11/18 17:05:04
月間,202212,策定,北陸フェンス,2023/01/27,昼間帯,順方向,1090,1600,0,510,0,0,1600,周波数,0,0,0,0,2022/12/20 17:05:05
月間,202212,策定,北陸フェンス,2023/01/27,昼間帯,逆方向,-1900,-1900,0,0,0,0,-1900,安定度,0,0,0,0,2022/12/20 17:05:05
月間,202212,策定,北陸フェンス,2023/01/27,夜間帯,順方向,900,900,0,0,0,0,900,周波数,0,0,0,0,2022/12/20 17:05:05
月間,202212,策定,北陸フェンス,2023/01/27,夜間帯,逆方向,-1900,-1900,0,0,0,0,-1900,安定度,0,0,0,0,2022/12/20 17:05:05
月間,202211,策定,北陸フェンス,2023/01/28,昼間帯,順方向,900,900,0,0,0,0,900,周波数,0,0,0,0,2022/11/18 17:05:04
月間,202211,策定,北陸フェンス,2023/01/28,昼間帯,逆方向,-1900,-1900,0,0,0,0,-1900,安定度,0,0,0,0,2022/11/18 17:05:04
月間,202211,策定,北陸フェンス,2023/01/28,夜間帯,順方向,900,900,0,0,0,0,900,周波数,0,0,0,0,2022/11/18 17:05:04
月間,202211,策定,北陸フェンス,2023/01/28,夜間帯,逆方向,-1900,-1900,0,0,0,0,-1900,安定度,0,0,0,0,2022/11/18 17:05:04
月間,202212,策定,北陸フェンス,2023/01/28,昼間帯,順方向,900,900,0,0,0,0,900,周波数,0,0,0,0,2022/12/20 17:05:05
月間,202212,策定,北陸フェンス,2023/01/28,昼間帯,逆方向,-1900,-1900,0,0,0,0,-1900,安定度,0,0,0,0,2022/12/20 17:05:05
月間,202212,策定,北陸フェンス,2023/01/28,夜間帯,順方向,900,900,0,0,0,0,900,周波数,0,0,0,0,2022/12/20 17:05:05
月間,202212,策定,北陸フェンス,2023/01/28,夜間帯,逆方向,-1900,-1900,0,0,0,0,-1900,安定度,0,0,0,0,2022/12/20 17:05:05
月間,202211,策定,北陸フェンス,2023/01/29,昼間帯,順方向,900,900,0,0,0,0,900,周波数,0,0,0,0,2022/11/18 17:05:04
月間,202211,策定,北陸フェンス,2023/01/29,昼間帯,逆方向,-1900,-1900,0,0,0,0,-1900,安定度,0,0,0,0,2022/11/18 17:05:04
月間,202211,策定,北陸フェンス,2023/01/29,夜間帯,順方向,900,900,0,0,0,0,900,周波数,0,0,0,0,2022/11/18 17:05:04
月間,202211,策定,北陸フェンス,2023/01/29,夜間帯,逆方向,-1900,-1900,0,0,0,0,-1900,安定度,0,0,0,0,2022/11/18 17:05:04
月間,202212,策定,北陸フェンス,2023/01/29,昼間帯,順方向,900,900,0,0,0,0,900,周波数,0,0,0,0,2022/12/20 17:05:05
月間,202212,策定,北陸フェンス,2023/01/29,昼間帯,逆方向,-1900,-1900,0,0,0,0,-1900,安定度,0,0,0,0,2022/12/20 17:05:05
月間,202212,策定,北陸フェンス,2023/01/29,夜間帯,順方向,900,900,0,0,0,0,900,周波数,0,0,0,0,2022/12/20 17:05:05
月間,202212,策定,北陸フェンス,2023/01/29,夜間帯,逆方向,-1900,-1900,0,0,0,0,-1900,安定度,0,0,0,0,2022/12/20 17:05:05
月間,202211,策定,北陸フェンス,2023/01/30,昼間帯,順方向,1090,1600,0,510,0,0,1600,周波数,0,0,0,0,2022/11/18 17:05:04
月間,202211,策定,北陸フェンス,2023/01/30,昼間帯,逆方向,-1900,-1900,0,0,0,0,-1900,安定度,0,0,0,0,2022/11/18 17:05:04
月間,202211,策定,北陸フェンス,2023/01/30,夜間帯,順方向,900,900,0,0,0,0,900,周波数,0,0,0,0,2022/11/18 17:05:04
月間,202211,策定,北陸フェンス,2023/01/30,夜間帯,逆方向,-1900,-1900,0,0,0,0,-1900,安定度,0,0,0,0,2022/11/18 17:05:04
月間,202212,策定,北陸フェンス,2023/01/30,昼間帯,順方向,1090,1600,0,510,0,0,1600,周波数,0,0,0,0,2022/12/20 17:05:05
月間,202212,策定,北陸フェンス,2023/01/30,昼間帯,逆方向,-1900,-1900,0,0,0,0,-1900,安定度,0,0,0,0,2022/12/20 17:05:05
月間,202212,策定,北陸フェンス,2023/01/30,夜間帯,順方向,900,900,0,0,0,0,900,周波数,0,0,0,0,2022/12/20 17:05:05
月間,202212,策定,北陸フェンス,2023/01/30,夜間帯,逆方向,-1900,-1900,0,0,0,0,-1900,安定度,0,0,0,0,2022/12/20 17:05:05
月間,202211,策定,北陸フェンス,2023/01/31,昼間帯,順方向,1090,1600,0,510,0,0,1600,周波数,0,0,0,0,2022/11/18 17:05:04
月間,202211,策定,北陸フェンス,2023/01/31,昼間帯,逆方向,-1900,-1900,0,0,0,0,-1900,安定度,0,0,0,0,2022/11/18 17:05:04
月間,202211,策定,北陸フェンス,2023/01/31,夜間帯,順方向,900,900,0,0,0,0,900,周波数,0,0,0,0,2022/11/18 17:05:04
月間,202211,策定,北陸フェンス,2023/01/31,夜間帯,逆方向,-1900,-1900,0,0,0,0,-1900,安定度,0,0,0,0,2022/11/18 17:05:04
月間,202212,策定,北陸フェンス,2023/01/31,昼間帯,順方向,1090,1600,0,510,0,0,1600,周波数,0,0,0,0,2022/12/20 17:05:05
月間,202212,策定,北陸フェンス,2023/01/31,昼間帯,逆方向,-1900,-1900,0,0,0,0,-1900,安定度,0,0,0,0,2022/12/20 17:05:05
月間,202212,策定,北陸フェンス,2023/01/31,夜間帯,順方向,900,900,0,0,0,0,900,周波数,0,0,0,0,2022/12/20 17:05:05
月間,202212,策定,北陸フェンス,2023/01/31,夜間帯,逆方向,-1900,-1900,0,0,0,0,-1900,安定度,0,0,0,0,2022/12/20 17:05:05
月間,202212,策定,北海道・本州間電力連系設備,2023/02/01,昼間帯,順方向,688,688,0,212,212,0,900,熱容量,0,0,0,0,2022/12/20 17:05:05
月間,202212,策定,北海道・本州間電力連系設備,2023/02/01,昼間帯,逆方向,-368,-368,0,-532,-532,0,-900,熱容量,0,0,0,0,2022/12/20 17:05:05
月間,202212,策定,北海道・本州間電力連系設備,2023/02/01,夜間帯,順方向,688,688,0,212,212,0,900,熱容量,0,0,0,0,2022/12/20 17:05:05
月間,202212,策定,北海道・本州間電力連系設備,2023/02/01,夜間帯,逆方向,-368,-368,0,-532,-532,0,-900,熱容量,0,0,0,0,2022/12/20 17:05:05
月間,202212,策定,北海道・本州間電力連系設備,2023/02/02,昼間帯,順方向,688,688,0,212,212,0,900,熱容量,0,0,0,0,2022/12/20 17:05:05
月間,202212,策定,北海道・本州間電力連系設備,2023/02/02,昼間帯,逆方向,-368,-368,0,-532,-532,0,-900,熱容量,0,0,0,0,2022/12/20 17:05:05
月間,202212,策定,北海道・本州間電力連系設備,2023/02/02,夜間帯,順方向,688,688,0,212,212,0,900,熱容量,0,0,0,0,2022/12/20 17:05:05
月間,202212,策定,北海道・本州間電力連系設備,2023/02/02,夜間帯,逆方向,-368,-368,0,-532,-532,0,-900,熱容量,0,0,0,0,2022/12/20 17:05:05
月間,202212,策定,北海道・本州間電力連系設備,2023/02/03,昼間帯,順方向,688,688,0,212,212,0,900,熱容量,0,0,0,0,2022/12/20 17:05:05
月間,202212,策定,北海道・本州間電力連系設備,2023/02/03,昼間帯,逆方向,-368,-368,0,-532,-532,0,-900,熱容量,0,0,0,0,2022/12/20 17:05:05
月間,202212,策定,北海道・本州間電力連系設備,2023/02/03,夜間帯,順方向,688,688,0,212,212,0,900,熱容量,0,0,0,0,2022/12/20 17:05:05
月間,202212,策定,北海道・本州間電力連系設備,2023/02/03,夜間帯,逆方向,-368,-368,0,-532,-532,0,-900,熱容量,0,0,0,0,2022/12/20 17:05:05
月間,202212,策定,北海道・本州間電力連系設備,2023/02/04,昼間帯,順方向,638,638,0,262,262,0,900,熱容量,0,0,0,0,2022/12/20 17:05:05
月間,202212,策定,北海道・本州間電力連系設備,2023/02/04,昼間帯,逆方向,-348,-348,0,-552,-552,0,-900,熱容量,0,0,0,0,2022/12/20 17:05:05
月間,202212,策定,北海道・本州間電力連系設備,2023/02/04,夜間帯,順方向,688,688,0,212,212,0,900,熱容量,0,0,0,0,2022/12/20 17:05:05
月間,202212,策定,北海道・本州間電力連系設備,2023/02/04,夜間帯,逆方向,-368,-368,0,-532,-532,0,-900,熱容量,0,0,0,0,2022/12/20 17:05:05
月間,202212,策定,北海道・本州間電力連系設備,2023/02/05,昼間帯,順方向,638,638,0,262,262,0,900,熱容量,0,0,0,0,2022/12/20 17:05:05
月間,202212,策定,北海道・本州間電力連系設備,2023/02/05,昼間帯,逆方向,-348,-348,0,-552,-552,0,-900,熱容量,0,0,0,0,2022/12/20 17:05:05
月間,202212,策定,北海道・本州間電力連系設備,2023/02/05,夜間帯,順方向,688,688,0,212,212,0,900,熱容量,0,0,0,0,2022/12/20 17:05:05
月間,202212,策定,北海道・本州間電力連系設備,2023/02/05,夜間帯,逆方向,-368,-368,0,-532,-532,0,-900,熱容量,0,0,0,0,2022/12/20 17:05:05
月間,202212,策定,北海道・本州間電力連系設備,2023/02/06,昼間帯,順方向,688,688,0,212,212,0,900,熱容量,0,0,0,0,2022/12/20 17:05:05
月間,202212,策定,北海道・本州間電力連系設備,2023/02/06,昼間帯,逆方向,-368,-368,0,-532,-532,0,-900,熱容量,0,0,0,0,2022/12/20 17:05:05
月間,202212,策定,北海道・本州間電力連系設備,2023/02/06,夜間帯,順方向,688,688,0,212,212,0,900,熱容量,0,0,0,0,2022/12/20 17:05:05
月間,202212,策定,北海道・本州間電力連系設備,2023/02/06,夜間帯,逆方向,-368,-368,0,-532,-532,0,-900,熱容量,0,0,0,0,2022/12/20 17:05:05
月間,202212,策定,北海道・本州間電力連系設備,2023/02/07,昼間帯,順方向,688,688,0,212,212,0,900,熱容量,0,0,0,0,2022/12/20 17:05:05
月間,202212,策定,北海道・本州間電力連系設備,2023/02/07,昼間帯,逆方向,-368,-368,0,-532,-532,0,-900,熱容量,0,0,0,0,2022/12/20 17:05:05
月間,202212,策定,北海道・本州間電力連系設備,2023/02/07,夜間帯,順方向,688,688,0,212,212,0,900,熱容量,0,0,0,0,2022/12/20 17:05:05
月間,202212,策定,北海道・本州間電力連系設備,2023/02/07,夜間帯,逆方向,-368,-368,0,-532,-532,0,-900,熱容量,0,0,0,0,2022/12/20 17:05:05
月間,202212,策定,北海道・本州間電力連系設備,2023/02/08,昼間帯,順方向,688,688,0,212,212,0,900,熱容量,0,0,0,0,2022/12/20 17:05:05
月間,202212,策定,北海道・本州間電力連系設備,2023/02/08,昼間帯,逆方向,-368,-368,0,-532,-532,0,-900,熱容量,0,0,0,0,2022/12/20 17:05:05
月間,202212,策定,北海道・本州間電力連系設備,2023/02/08,夜間帯,順方向,688,688,0,212,212,0,900,熱容量,0,0,0,0,2022/12/20 17:05:05
月間,202212,策定,北海道・本州間電力連系設備,2023/02/08,夜間帯,逆方向,-368,-368,0,-532,-532,0,-900,熱容量,0,0,0,0,2022/12/20 17:05:05
月間,202212,策定,北海道・本州間電力連系設備,2023/02/09,昼間帯,順方向,688,688,0,212,212,0,900,熱容量,0,0,0,0,2022/12/20 17:05:05
月間,202212,策定,北海道・本州間電力連系設備,2023/02/09,昼間帯,逆方向,-368,-368,0,-532,-532,0,-900,熱容量,0,0,0,0,2022/12/20 17:05:05
月間,202212,策定,北海道・本州間電力連系設備,2023/02/09,夜間帯,順方向,688,688,0,212,212,0,900,熱容量,0,0,0,0,2022/12/20 17:05:05
月間,202212,策定,北海道・本州間電力連系設備,2023/02/09,夜間帯,逆方向,-368,-368,0,-532,-532,0,-900,熱容量,0,0,0,0,2022/12/20 17:05:05
月間,202212,策定,北海道・本州間電力連系設備,2023/02/10,昼間帯,順方向,688,688,0,212,212,0,900,熱容量,0,0,0,0,2022/12/20 17:05:05
月間,202212,策定,北海道・本州間電力連系設備,2023/02/10,昼間帯,逆方向,-368,-368,0,-532,-532,0,-900,熱容量,0,0,0,0,2022/12/20 17:05:05
月間,202212,策定,北海道・本州間電力連系設備,2023/02/10,夜間帯,順方向,688,688,0,212,212,0,900,熱容量,0,0,0,0,2022/12/20 17:05:05
月間,202212,策定,北海道・本州間電力連系設備,2023/02/10,夜間帯,逆方向,-368,-368,0,-532,-532,0,-900,熱容量,0,0,0,0,2022/12/20 17:05:05
月間,202212,策定,北海道・本州間電力連系設備,2023/02/11,昼間帯,順方向,638,638,0,262,262,0,900,熱容量,0,0,0,0,2022/12/20 17:05:05
月間,202212,策定,北海道・本州間電力連系設備,2023/02/11,昼間帯,逆方向,-348,-348,0,-552,-552,0,-900,熱容量,0,0,0,0,2022/12/20 17:05:05
月間,202212,策定,北海道・本州間電力連系設備,2023/02/11,夜間帯,順方向,688,688,0,212,212,0,900,熱容量,0,0,0,0,2022/12/20 17:05:05
月間,202212,策定,北海道・本州間電力連系設備,2023/02/11,夜間帯,逆方向,-368,-368,0,-532,-532,0,-900,熱容量,0,0,0,0,2022/12/20 17:05:05
月間,202212,策定,北海道・本州間電力連系設備,2023/02/12,昼間帯,順方向,638,638,0,262,262,0,900,熱容量,0,0,0,0,2022/12/20 17:05:05
月間,202212,策定,北海道・本州間電力連系設備,2023/02/12,昼間帯,逆方向,-348,-348,0,-552,-552,0,-900,熱容量,0,0,0,0,2022/12/20 17:05:05
月間,202212,策定,北海道・本州間電力連系設備,2023/02/12,夜間帯,順方向,688,688,0,212,212,0,900,熱容量,0,0,0,0,2022/12/20 17:05:05
月間,202212,策定,北海道・本州間電力連系設備,2023/02/12,夜間帯,逆方向,-368,-368,0,-532,-532,0,-900,熱容量,0,0,0,0,2022/12/20 17:05:05
月間,202212,策定,北海道・本州間電力連系設備,2023/02/13,昼間帯,順方向,688,688,0,212,212,0,900,熱容量,0,0,0,0,2022/12/20 17:05:05
月間,202212,策定,北海道・本州間電力連系設備,2023/02/13,昼間帯,逆方向,-368,-368,0,-532,-532,0,-900,熱容量,0,0,0,0,2022/12/20 17:05:05
月間,202212,策定,北海道・本州間電力連系設備,2023/02/13,夜間帯,順方向,688,688,0,212,212,0,900,熱容量,0,0,0,0,2022/12/20 17:05:05
月間,202212,策定,北海道・本州間電力連系設備,2023/02/13,夜間帯,逆方向,-368,-368,0,-532,-532,0,-900,熱容量,0,0,0,0,2022/12/20 17:05:05
月間,202212,策定,北海道・本州間電力連系設備,2023/02/14,昼間帯,順方向,688,688,0,212,212,0,900,熱容量,0,0,0,0,2022/12/20 17:05:05
月間,202212,策定,北海道・本州間電力連系設備,2023/02/14,昼間帯,逆方向,-368,-368,0,-532,-532,0,-900,熱容量,0,0,0,0,2022/12/20 17:05:05
月間,202212,策定,北海道・本州間電力連系設備,2023/02/14,夜間帯,順方向,688,688,0,212,212,0,900,熱容量,0,0,0,0,2022/12/20 17:05:05
月間,202212,策定,北海道・本州間電力連系設備,2023/02/14,夜間帯,逆方向,-368,-368,0,-532,-532,0,-900,熱容量,0,0,0,0,2022/12/20 17:05:05
月間,202212,策定,北海道・本州間電力連系設備,2023/02/15,昼間帯,順方向,688,688,0,212,212,0,900,熱容量,0,0,0,0,2022/12/20 17:05:05
月間,202212,策定,北海道・本州間電力連系設備,2023/02/15,昼間帯,逆方向,-368,-368,0,-532,-532,0,-900,熱容量,0,0,0,0,2022/12/20 17:05:05
月間,202212,策定,北海道・本州間電力連系設備,2023/02/15,夜間帯,順方向,688,688,0,212,212,0,900,熱容量,0,0,0,0,2022/12/20 17:05:05
月間,202212,策定,北海道・本州間電力連系設備,2023/02/15,夜間帯,逆方向,-368,-368,0,-532,-532,0,-900,熱容量,0,0,0,0,2022/12/20 17:05:05
月間,202212,策定,北海道・本州間電力連系設備,2023/02/16,昼間帯,順方向,688,688,0,212,212,0,900,熱容量,0,0,0,0,2022/12/20 17:05:05
月間,202212,策定,北海道・本州間電力連系設備,2023/02/16,昼間帯,逆方向,-368,-368,0,-532,-532,0,-900,熱容量,0,0,0,0,2022/12/20 17:05:05
月間,202212,策定,北海道・本州間電力連系設備,2023/02/16,夜間帯,順方向,688,688,0,212,212,0,900,熱容量,0,0,0,0,2022/12/20 17:05:05
月間,202212,策定,北海道・本州間電力連系設備,2023/02/16,夜間帯,逆方向,-368,-368,0,-532,-532,0,-900,熱容量,0,0,0,0,2022/12/20 17:05:05
月間,202212,策定,北海道・本州間電力連系設備,2023/02/17,昼間帯,順方向,688,688,0,212,212,0,900,熱容量,0,0,0,0,2022/12/20 17:05:05
月間,202212,策定,北海道・本州間電力連系設備,2023/02/17,昼間帯,逆方向,-368,-368,0,-532,-532,0,-900,熱容量,0,0,0,0,2022/12/20 17:05:05
月間,202212,策定,北海道・本州間電力連系設備,2023/02/17,夜間帯,順方向,688,688,0,212,212,0,900,熱容量,0,0,0,0,2022/12/20 17:05:05
月間,202212,策定,北海道・本州間電力連系設備,2023/02/17,夜間帯,逆方向,-368,-368,0,-532,-532,0,-900,熱容量,0,0,0,0,2022/12/20 17:05:05
月間,202212,策定,北海道・本州間電力連系設備,2023/02/18,昼間帯,順方向,638,638,0,262,262,0,900,熱容量,0,0,0,0,2022/12/20 17:05:05
月間,202212,策定,北海道・本州間電力連系設備,2023/02/18,昼間帯,逆方向,-348,-348,0,-552,-552,0,-900,熱容量,0,0,0,0,2022/12/20 17:05:05
月間,202212,策定,北海道・本州間電力連系設備,2023/02/18,夜間帯,順方向,688,688,0,212,212,0,900,熱容量,0,0,0,0,2022/12/20 17:05:05
月間,202212,策定,北海道・本州間電力連系設備,2023/02/18,夜間帯,逆方向,-368,-368,0,-532,-532,0,-900,熱容量,0,0,0,0,2022/12/20 17:05:05
月間,202212,策定,北海道・本州間電力連系設備,2023/02/19,昼間帯,順方向,638,638,0,262,262,0,900,熱容量,0,0,0,0,2022/12/20 17:05:05
月間,202212,策定,北海道・本州間電力連系設備,2023/02/19,昼間帯,逆方向,-348,-348,0,-552,-552,0,-900,熱容量,0,0,0,0,2022/12/20 17:05:05
月間,202212,策定,北海道・本州間電力連系設備,2023/02/19,夜間帯,順方向,688,688,0,212,212,0,900,熱容量,0,0,0,0,2022/12/20 17:05:05
月間,202212,策定,北海道・本州間電力連系設備,2023/02/19,夜間帯,逆方向,-368,-368,0,-532,-532,0,-900,熱容量,0,0,0,0,2022/12/20 17:05:05
月間,202212,策定,北海道・本州間電力連系設備,2023/02/20,昼間帯,順方向,688,688,0,212,212,0,900,熱容量,0,0,0,0,2022/12/20 17:05:05
月間,202212,策定,北海道・本州間電力連系設備,2023/02/20,昼間帯,逆方向,-368,-368,0,-532,-532,0,-900,熱容量,0,0,0,0,2022/12/20 17:05:05
月間,202212,策定,北海道・本州間電力連系設備,2023/02/20,夜間帯,順方向,688,688,0,212,212,0,900,熱容量,0,0,0,0,2022/12/20 17:05:05
月間,202212,策定,北海道・本州間電力連系設備,2023/02/20,夜間帯,逆方向,-368,-368,0,-532,-532,0,-900,熱容量,0,0,0,0,2022/12/20 17:05:05
月間,202212,策定,北海道・本州間電力連系設備,2023/02/21,昼間帯,順方向,688,688,0,212,212,0,900,熱容量,0,0,0,0,2022/12/20 17:05:05
月間,202212,策定,北海道・本州間電力連系設備,2023/02/21,昼間帯,逆方向,-368,-368,0,-532,-532,0,-900,熱容量,0,0,0,0,2022/12/20 17:05:05
月間,202212,策定,北海道・本州間電力連系設備,2023/02/21,夜間帯,順方向,688,688,0,212,212,0,900,熱容量,0,0,0,0,2022/12/20 17:05:05
月間,202212,策定,北海道・本州間電力連系設備,2023/02/21,夜間帯,逆方向,-368,-368,0,-532,-532,0,-900,熱容量,0,0,0,0,2022/12/20 17:05:05
月間,202212,策定,北海道・本州間電力連系設備,2023/02/22,昼間帯,順方向,688,688,0,212,212,0,900,熱容量,0,0,0,0,2022/12/20 17:05:05
月間,202212,策定,北海道・本州間電力連系設備,2023/02/22,昼間帯,逆方向,-368,-368,0,-532,-532,0,-900,熱容量,0,0,0,0,2022/12/20 17:05:05
月間,202212,策定,北海道・本州間電力連系設備,2023/02/22,夜間帯,順方向,688,688,0,212,212,0,900,熱容量,0,0,0,0,2022/12/20 17:05:05
月間,202212,策定,北海道・本州間電力連系設備,2023/02/22,夜間帯,逆方向,-368,-368,0,-532,-532,0,-900,熱容量,0,0,0,0,2022/12/20 17:05:05
月間,202212,策定,北海道・本州間電力連系設備,2023/02/23,昼間帯,順方向,638,638,0,262,262,0,900,熱容量,0,0,0,0,2022/12/20 17:05:05
月間,202212,策定,北海道・本州間電力連系設備,2023/02/23,昼間帯,逆方向,-348,-348,0,-552,-552,0,-900,熱容量,0,0,0,0,2022/12/20 17:05:05
月間,202212,策定,北海道・本州間電力連系設備,2023/02/23,夜間帯,順方向,688,688,0,212,212,0,900,熱容量,0,0,0,0,2022/12/20 17:05:05
月間,202212,策定,北海道・本州間電力連系設備,2023/02/23,夜間帯,逆方向,-368,-368,0,-532,-532,0,-900,熱容量,0,0,0,0,2022/12/20 17:05:05
月間,202212,策定,北海道・本州間電力連系設備,2023/02/24,昼間帯,順方向,688,688,0,212,212,0,900,熱容量,0,0,0,0,2022/12/20 17:05:05
月間,202212,策定,北海道・本州間電力連系設備,2023/02/24,昼間帯,逆方向,-368,-368,0,-532,-532,0,-900,熱容量,0,0,0,0,2022/12/20 17:05:05
月間,202212,策定,北海道・本州間電力連系設備,2023/02/24,夜間帯,順方向,688,688,0,212,212,0,900,熱容量,0,0,0,0,2022/12/20 17:05:05
月間,202212,策定,北海道・本州間電力連系設備,2023/02/24,夜間帯,逆方向,-368,-368,0,-532,-532,0,-900,熱容量,0,0,0,0,2022/12/20 17:05:05
月間,202212,策定,北海道・本州間電力連系設備,2023/02/25,昼間帯,順方向,638,638,0,262,262,0,900,熱容量,0,0,0,0,2022/12/20 17:05:05
月間,202212,策定,北海道・本州間電力連系設備,2023/02/25,昼間帯,逆方向,-348,-348,0,-552,-552,0,-900,熱容量,0,0,0,0,2022/12/20 17:05:05
月間,202212,策定,北海道・本州間電力連系設備,2023/02/25,夜間帯,順方向,688,688,0,212,212,0,900,熱容量,0,0,0,0,2022/12/20 17:05:05
月間,202212,策定,北海道・本州間電力連系設備,2023/02/25,夜間帯,逆方向,-368,-368,0,-532,-532,0,-900,熱容量,0,0,0,0,2022/12/20 17:05:05
月間,202212,策定,北海道・本州間電力連系設備,2023/02/26,昼間帯,順方向,638,638,0,262,262,0,900,熱容量,0,0,0,0,2022/12/20 17:05:05
月間,202212,策定,北海道・本州間電力連系設備,2023/02/26,昼間帯,逆方向,-348,-348,0,-552,-552,0,-900,熱容量,0,0,0,0,2022/12/20 17:05:05
月間,202212,策定,北海道・本州間電力連系設備,2023/02/26,夜間帯,順方向,688,688,0,212,212,0,900,熱容量,0,0,0,0,2022/12/20 17:05:05
月間,202212,策定,北海道・本州間電力連系設備,2023/02/26,夜間帯,逆方向,-368,-368,0,-532,-532,0,-900,熱容量,0,0,0,0,2022/12/20 17:05:05
月間,202212,策定,北海道・本州間電力連系設備,2023/02/27,昼間帯,順方向,688,688,0,212,212,0,900,熱容量,0,0,0,0,2022/12/20 17:05:05
月間,202212,策定,北海道・本州間電力連系設備,2023/02/27,昼間帯,逆方向,-368,-368,0,-532,-532,0,-900,熱容量,0,0,0,0,2022/12/20 17:05:05
月間,202212,策定,北海道・本州間電力連系設備,2023/02/27,夜間帯,順方向,688,688,0,212,212,0,900,熱容量,0,0,0,0,2022/12/20 17:05:05
月間,202212,策定,北海道・本州間電力連系設備,2023/02/27,夜間帯,逆方向,-368,-368,0,-532,-532,0,-900,熱容量,0,0,0,0,2022/12/20 17:05:05
月間,202212,策定,北海道・本州間電力連系設備,2023/02/28,昼間帯,順方向,688,688,0,212,212,0,900,熱容量,0,0,0,0,2022/12/20 17:05:05
月間,202212,策定,北海道・本州間電力連系設備,2023/02/28,昼間帯,逆方向,-368,-368,0,-532,-532,0,-900,熱容量,0,0,0,0,2022/12/20 17:05:05
月間,202212,策定,北海道・本州間電力連系設備,2023/02/28,夜間帯,順方向,688,688,0,212,212,0,900,熱容量,0,0,0,0,2022/12/20 17:05:05
月間,202212,策定,北海道・本州間電力連系設備,2023/02/28,夜間帯,逆方向,-368,-368,0,-532,-532,0,-900,熱容量,0,0,0,0,2022/12/20 17:05:05
月間,202301,策定,北海道・本州間電力連系設備,2023/02/04,昼間帯,順方向,638,638,0,262,262,0,900,熱容量,0,0,0,0,2023/01/20 17:05:04
月間,202301,策定,北海道・本州間電力連系設備,2023/02/04,昼間帯,逆方向,-348,-348,0,-552,-552,0,-900,熱容量,0,0,0,0,2023/01/20 17:05:04
月間,202301,策定,北海道・本州間電力連系設備,2023/02/04,夜間帯,順方向,688,688,0,212,212,0,900,熱容量,0,0,0,0,2023/01/20 17:05:04
月間,202301,策定,北海道・本州間電力連系設備,2023/02/04,夜間帯,逆方向,-368,-368,0,-532,-532,0,-900,熱容量,0,0,0,0,2023/01/20 17:05:04
月間,202301,策定,北海道・本州間電力連系設備,2023/02/05,昼間帯,順方向,638,638,0,262,262,0,900,熱容量,0,0,0,0,2023/01/20 17:05:04
月間,202301,策定,北海道・本州間電力連系設備,2023/02/05,昼間帯,逆方向,-348,-348,0,-552,-552,0,-900,熱容量,0,0,0,0,2023/01/20 17:05:04
月間,202301,策定,北海道・本州間電力連系設備,2023/02/05,夜間帯,順方向,688,688,0,212,212,0,900,熱容量,0,0,0,0,2023/01/20 17:05:04
月間,202301,策定,北海道・本州間電力連系設備,2023/02/05,夜間帯,逆方向,-368,-368,0,-532,-532,0,-900,熱容量,0,0,0,0,2023/01/20 17:05:04
月間,202301,策定,北海道・本州間電力連系設備,2023/02/06,昼間帯,順方向,688,688,0,212,212,0,900,熱容量,0,0,0,0,2023/01/20 17:05:04
月間,202301,策定,北海道・本州間電力連系設備,2023/02/06,昼間帯,逆方向,-368,-368,0,-532,-532,0,-900,熱容量,0,0,0,0,2023/01/20 17:05:04
月間,202301,策定,北海道・本州間電力連系設備,2023/02/06,夜間帯,順方向,688,688,0,212,212,0,900,熱容量,0,0,0,0,2023/01/20 17:05:04
月間,202301,策定,北海道・本州間電力連系設備,2023/02/06,夜間帯,逆方向,-368,-368,0,-532,-532,0,-900,熱容量,0,0,0,0,2023/01/20 17:05:04
月間,202301,策定,北海道・本州間電力連系設備,2023/02/07,昼間帯,順方向,688,688,0,212,212,0,900,熱容量,0,0,0,0,2023/01/20 17:05:04
月間,202301,策定,北海道・本州間電力連系設備,2023/02/07,昼間帯,逆方向,-368,-368,0,-532,-532,0,-900,熱容量,0,0,0,0,2023/01/20 17:05:04
月間,202301,策定,北海道・本州間電力連系設備,2023/02/07,夜間帯,順方向,688,688,0,212,212,0,900,熱容量,0,0,0,0,2023/01/20 17:05:04
月間,202301,策定,北海道・本州間電力連系設備,2023/02/07,夜間帯,逆方向,-368,-368,0,-532,-532,0,-900,熱容量,0,0,0,0,2023/01/20 17:05:04
月間,202301,策定,北海道・本州間電力連系設備,2023/02/08,昼間帯,順方向,688,688,0,212,212,0,900,熱容量,0,0,0,0,2023/01/20 17:05:04
月間,202301,策定,北海道・本州間電力連系設備,2023/02/08,昼間帯,逆方向,-368,-368,0,-532,-532,0,-900,熱容量,0,0,0,0,2023/01/20 17:05:04
月間,202301,策定,北海道・本州間電力連系設備,2023/02/08,夜間帯,順方向,688,688,0,212,212,0,900,熱容量,0,0,0,0,2023/01/20 17:05:04
月間,202301,策定,北海道・本州間電力連系設備,2023/02/08,夜間帯,逆方向,-368,-368,0,-532,-532,0,-900,熱容量,0,0,0,0,2023/01/20 17:05:04
月間,202301,策定,北海道・本州間電力連系設備,2023/02/09,昼間帯,順方向,688,688,0,212,212,0,900,熱容量,0,0,0,0,2023/01/20 17:05:04
月間,202301,策定,北海道・本州間電力連系設備,2023/02/09,昼間帯,逆方向,-368,-368,0,-532,-532,0,-900,熱容量,0,0,0,0,2023/01/20 17:05:04
月間,202301,策定,北海道・本州間電力連系設備,2023/02/09,夜間帯,順方向,688,688,0,212,212,0,900,熱容量,0,0,0,0,2023/01/20 17:05:04
月間,202301,策定,北海道・本州間電力連系設備,2023/02/09,夜間帯,逆方向,-368,-368,0,-532,-532,0,-900,熱容量,0,0,0,0,2023/01/20 17:05:04
月間,202301,策定,北海道・本州間電力連系設備,2023/02/10,昼間帯,順方向,688,688,0,212,212,0,900,熱容量,0,0,0,0,2023/01/20 17:05:04
月間,202301,策定,北海道・本州間電力連系設備,2023/02/10,昼間帯,逆方向,-368,-368,0,-532,-532,0,-900,熱容量,0,0,0,0,2023/01/20 17:05:04
月間,202301,策定,北海道・本州間電力連系設備,2023/02/10,夜間帯,順方向,688,688,0,212,212,0,900,熱容量,0,0,0,0,2023/01/20 17:05:04
月間,202301,策定,北海道・本州間電力連系設備,2023/02/10,夜間帯,逆方向,-368,-368,0,-532,-532,0,-900,熱容量,0,0,0,0,2023/01/20 17:05:04
月間,202301,策定,北海道・本州間電力連系設備,2023/02/11,昼間帯,順方向,638,638,0,262,262,0,900,熱容量,0,0,0,0,2023/01/20 17:05:04
月間,202301,策定,北海道・本州間電力連系設備,2023/02/11,昼間帯,逆方向,-348,-348,0,-552,-552,0,-900,熱容量,0,0,0,0,2023/01/20 17:05:04
月間,202301,策定,北海道・本州間電力連系設備,2023/02/11,夜間帯,順方向,688,688,0,212,212,0,900,熱容量,0,0,0,0,2023/01/20 17:05:04
月間,202301,策定,北海道・本州間電力連系設備,2023/02/11,夜間帯,逆方向,-368,-368,0,-532,-532,0,-900,熱容量,0,0,0,0,2023/01/20 17:05:04
月間,202301,策定,北海道・本州間電力連系設備,2023/02/12,昼間帯,順方向,638,638,0,262,262,0,900,熱容量,0,0,0,0,2023/01/20 17:05:04
月間,202301,策定,北海道・本州間電力連系設備,2023/02/12,昼間帯,逆方向,-348,-348,0,-552,-552,0,-900,熱容量,0,0,0,0,2023/01/20 17:05:04
月間,202301,策定,北海道・本州間電力連系設備,2023/02/12,夜間帯,順方向,688,688,0,212,212,0,900,熱容量,0,0,0,0,2023/01/20 17:05:04
月間,202301,策定,北海道・本州間電力連系設備,2023/02/12,夜間帯,逆方向,-368,-368,0,-532,-532,0,-900,熱容量,0,0,0,0,2023/01/20 17:05:04
月間,202301,策定,北海道・本州間電力連系設備,2023/02/13,昼間帯,順方向,688,688,0,212,212,0,900,熱容量,0,0,0,0,2023/01/20 17:05:04
月間,202301,策定,北海道・本州間電力連系設備,2023/02/13,昼間帯,逆方向,-368,-368,0,-532,-532,0,-900,熱容量,0,0,0,0,2023/01/20 17:05:04
月間,202301,策定,北海道・本州間電力連系設備,2023/02/13,夜間帯,順方向,688,688,0,212,212,0,900,熱容量,0,0,0,0,2023/01/20 17:05:04
月間,202301,策定,北海道・本州間電力連系設備,2023/02/13,夜間帯,逆方向,-368,-368,0,-532,-532,0,-900,熱容量,0,0,0,0,2023/01/20 17:05:04
月間,202301,策定,北海道・本州間電力連系設備,2023/02/14,昼間帯,順方向,688,688,0,212,212,0,900,熱容量,0,0,0,0,2023/01/20 17:05:04
月間,202301,策定,北海道・本州間電力連系設備,2023/02/14,昼間帯,逆方向,-368,-368,0,-532,-532,0,-900,熱容量,0,0,0,0,2023/01/20 17:05:04
月間,202301,策定,北海道・本州間電力連系設備,2023/02/14,夜間帯,順方向,688,688,0,212,212,0,900,熱容量,0,0,0,0,2023/01/20 17:05:04
月間,202301,策定,北海道・本州間電力連系設備,2023/02/14,夜間帯,逆方向,-368,-368,0,-532,-532,0,-900,熱容量,0,0,0,0,2023/01/20 17:05:04
月間,202301,策定,北海道・本州間電力連系設備,2023/02/15,昼間帯,順方向,688,688,0,212,212,0,900,熱容量,0,0,0,0,2023/01/20 17:05:04
月間,202301,策定,北海道・本州間電力連系設備,2023/02/15,昼間帯,逆方向,-368,-368,0,-532,-532,0,-900,熱容量,0,0,0,0,2023/01/20 17:05:04
月間,202301,策定,北海道・本州間電力連系設備,2023/02/15,夜間帯,順方向,688,688,0,212,212,0,900,熱容量,0,0,0,0,2023/01/20 17:05:04
月間,202301,策定,北海道・本州間電力連系設備,2023/02/15,夜間帯,逆方向,-368,-368,0,-532,-532,0,-900,熱容量,0,0,0,0,2023/01/20 17:05:04
月間,202301,策定,北海道・本州間電力連系設備,2023/02/16,昼間帯,順方向,688,688,0,212,212,0,900,熱容量,0,0,0,0,2023/01/20 17:05:04
月間,202301,策定,北海道・本州間電力連系設備,2023/02/16,昼間帯,逆方向,-368,-368,0,-532,-532,0,-900,熱容量,0,0,0,0,2023/01/20 17:05:04
月間,202301,策定,北海道・本州間電力連系設備,2023/02/16,夜間帯,順方向,688,688,0,212,212,0,900,熱容量,0,0,0,0,2023/01/20 17:05:04
月間,202301,策定,北海道・本州間電力連系設備,2023/02/16,夜間帯,逆方向,-368,-368,0,-532,-532,0,-900,熱容量,0,0,0,0,2023/01/20 17:05:04
月間,202301,策定,北海道・本州間電力連系設備,2023/02/17,昼間帯,順方向,688,688,0,212,212,0,900,熱容量,0,0,0,0,2023/01/20 17:05:04
月間,202301,策定,北海道・本州間電力連系設備,2023/02/17,昼間帯,逆方向,-368,-368,0,-532,-532,0,-900,熱容量,0,0,0,0,2023/01/20 17:05:04
月間,202301,策定,北海道・本州間電力連系設備,2023/02/17,夜間帯,順方向,688,688,0,212,212,0,900,熱容量,0,0,0,0,2023/01/20 17:05:04
月間,202301,策定,北海道・本州間電力連系設備,2023/02/17,夜間帯,逆方向,-368,-368,0,-532,-532,0,-900,熱容量,0,0,0,0,2023/01/20 17:05:04
月間,202301,策定,北海道・本州間電力連系設備,2023/02/18,昼間帯,順方向,638,638,0,262,262,0,900,熱容量,0,0,0,0,2023/01/20 17:05:04
月間,202301,策定,北海道・本州間電力連系設備,2023/02/18,昼間帯,逆方向,-348,-348,0,-552,-552,0,-900,熱容量,0,0,0,0,2023/01/20 17:05:04
月間,202301,策定,北海道・本州間電力連系設備,2023/02/18,夜間帯,順方向,688,688,0,212,212,0,900,熱容量,0,0,0,0,2023/01/20 17:05:04
月間,202301,策定,北海道・本州間電力連系設備,2023/02/18,夜間帯,逆方向,-368,-368,0,-532,-532,0,-900,熱容量,0,0,0,0,2023/01/20 17:05:04
月間,202301,策定,北海道・本州間電力連系設備,2023/02/19,昼間帯,順方向,638,638,0,262,262,0,900,熱容量,0,0,0,0,2023/01/20 17:05:04
月間,202301,策定,北海道・本州間電力連系設備,2023/02/19,昼間帯,逆方向,-348,-348,0,-552,-552,0,-900,熱容量,0,0,0,0,2023/01/20 17:05:04
月間,202301,策定,北海道・本州間電力連系設備,2023/02/19,夜間帯,順方向,688,688,0,212,212,0,900,熱容量,0,0,0,0,2023/01/20 17:05:04
月間,202301,策定,北海道・本州間電力連系設備,2023/02/19,夜間帯,逆方向,-368,-368,0,-532,-532,0,-900,熱容量,0,0,0,0,2023/01/20 17:05:04
月間,202301,策定,北海道・本州間電力連系設備,2023/02/20,昼間帯,順方向,688,688,0,212,212,0,900,熱容量,0,0,0,0,2023/01/20 17:05:04
月間,202301,策定,北海道・本州間電力連系設備,2023/02/20,昼間帯,逆方向,-368,-368,0,-532,-532,0,-900,熱容量,0,0,0,0,2023/01/20 17:05:04
月間,202301,策定,北海道・本州間電力連系設備,2023/02/20,夜間帯,順方向,688,688,0,212,212,0,900,熱容量,0,0,0,0,2023/01/20 17:05:04
月間,202301,策定,北海道・本州間電力連系設備,2023/02/20,夜間帯,逆方向,-368,-368,0,-532,-532,0,-900,熱容量,0,0,0,0,2023/01/20 17:05:04
月間,202301,策定,北海道・本州間電力連系設備,2023/02/21,昼間帯,順方向,688,688,0,212,212,0,900,熱容量,0,0,0,0,2023/01/20 17:05:04
月間,202301,策定,北海道・本州間電力連系設備,2023/02/21,昼間帯,逆方向,-368,-368,0,-532,-532,0,-900,熱容量,0,0,0,0,2023/01/20 17:05:04
月間,202301,策定,北海道・本州間電力連系設備,2023/02/21,夜間帯,順方向,688,688,0,212,212,0,900,熱容量,0,0,0,0,2023/01/20 17:05:04
月間,202301,策定,北海道・本州間電力連系設備,2023/02/21,夜間帯,逆方向,-368,-368,0,-532,-532,0,-900,熱容量,0,0,0,0,2023/01/20 17:05:04
月間,202301,策定,北海道・本州間電力連系設備,2023/02/22,昼間帯,順方向,688,688,0,212,212,0,900,熱容量,0,0,0,0,2023/01/20 17:05:04
月間,202301,策定,北海道・本州間電力連系設備,2023/02/22,昼間帯,逆方向,-368,-368,0,-532,-532,0,-900,熱容量,0,0,0,0,2023/01/20 17:05:04
月間,202301,策定,北海道・本州間電力連系設備,2023/02/22,夜間帯,順方向,688,688,0,212,212,0,900,熱容量,0,0,0,0,2023/01/20 17:05:04
月間,202301,策定,北海道・本州間電力連系設備,2023/02/22,夜間帯,逆方向,-368,-368,0,-532,-532,0,-900,熱容量,0,0,0,0,2023/01/20 17:05:04
月間,202301,策定,北海道・本州間電力連系設備,2023/02/23,昼間帯,順方向,638,638,0,262,262,0,900,熱容量,0,0,0,0,2023/01/20 17:05:04
月間,202301,策定,北海道・本州間電力連系設備,2023/02/23,昼間帯,逆方向,-348,-348,0,-552,-552,0,-900,熱容量,0,0,0,0,2023/01/20 17:05:04
月間,202301,策定,北海道・本州間電力連系設備,2023/02/23,夜間帯,順方向,688,688,0,212,212,0,900,熱容量,0,0,0,0,2023/01/20 17:05:04
月間,202301,策定,北海道・本州間電力連系設備,2023/02/23,夜間帯,逆方向,-368,-368,0,-532,-532,0,-900,熱容量,0,0,0,0,2023/01/20 17:05:04
月間,202301,策定,北海道・本州間電力連系設備,2023/02/24,昼間帯,順方向,688,688,0,212,212,0,900,熱容量,0,0,0,0,2023/01/20 17:05:04
月間,202301,策定,北海道・本州間電力連系設備,2023/02/24,昼間帯,逆方向,-368,-368,0,-532,-532,0,-900,熱容量,0,0,0,0,2023/01/20 17:05:04
月間,202301,策定,北海道・本州間電力連系設備,2023/02/24,夜間帯,順方向,688,688,0,212,212,0,900,熱容量,0,0,0,0,2023/01/20 17:05:04
月間,202301,策定,北海道・本州間電力連系設備,2023/02/24,夜間帯,逆方向,-368,-368,0,-532,-532,0,-900,熱容量,0,0,0,0,2023/01/20 17:05:04
月間,202301,策定,北海道・本州間電力連系設備,2023/02/25,昼間帯,順方向,638,638,0,262,262,0,900,熱容量,0,0,0,0,2023/01/20 17:05:04
月間,202301,策定,北海道・本州間電力連系設備,2023/02/25,昼間帯,逆方向,-348,-348,0,-552,-552,0,-900,熱容量,0,0,0,0,2023/01/20 17:05:04
月間,202301,策定,北海道・本州間電力連系設備,2023/02/25,夜間帯,順方向,688,688,0,212,212,0,900,熱容量,0,0,0,0,2023/01/20 17:05:04
月間,202301,策定,北海道・本州間電力連系設備,2023/02/25,夜間帯,逆方向,-368,-368,0,-532,-532,0,-900,熱容量,0,0,0,0,2023/01/20 17:05:04
月間,202301,策定,北海道・本州間電力連系設備,2023/02/26,昼間帯,順方向,638,638,0,262,262,0,900,熱容量,0,0,0,0,2023/01/20 17:05:04
月間,202301,策定,北海道・本州間電力連系設備,2023/02/26,昼間帯,逆方向,-348,-348,0,-552,-552,0,-900,熱容量,0,0,0,0,2023/01/20 17:05:04
月間,202301,策定,北海道・本州間電力連系設備,2023/02/26,夜間帯,順方向,688,688,0,212,212,0,900,熱容量,0,0,0,0,2023/01/20 17:05:04
月間,202301,策定,北海道・本州間電力連系設備,2023/02/26,夜間帯,逆方向,-368,-368,0,-532,-532,0,-900,熱容量,0,0,0,0,2023/01/20 17:05:04
月間,202301,策定,北海道・本州間電力連系設備,2023/02/27,昼間帯,順方向,688,688,0,212,212,0,900,熱容量,0,0,0,0,2023/01/20 17:05:04
月間,202301,策定,北海道・本州間電力連系設備,2023/02/27,昼間帯,逆方向,-368,-368,0,-532,-532,0,-900,熱容量,0,0,0,0,2023/01/20 17:05:04
月間,202301,策定,北海道・本州間電力連系設備,2023/02/27,夜間帯,順方向,688,688,0,212,212,0,900,熱容量,0,0,0,0,2023/01/20 17:05:04
月間,202301,策定,北海道・本州間電力連系設備,2023/02/27,夜間帯,逆方向,-368,-368,0,-532,-532,0,-900,熱容量,0,0,0,0,2023/01/20 17:05:04
月間,202301,策定,北海道・本州間電力連系設備,2023/02/28,昼間帯,順方向,688,688,0,212,212,0,900,熱容量,0,0,0,0,2023/01/20 17:05:04
月間,202301,策定,北海道・本州間電力連系設備,2023/02/28,昼間帯,逆方向,-368,-368,0,-532,-532,0,-900,熱容量,0,0,0,0,2023/01/20 17:05:04
月間,202301,策定,北海道・本州間電力連系設備,2023/02/28,夜間帯,順方向,688,688,0,212,212,0,900,熱容量,0,0,0,0,2023/01/20 17:05:04
月間,202301,策定,北海道・本州間電力連系設備,2023/02/28,夜間帯,逆方向,-368,-368,0,-532,-532,0,-900,熱容量,0,0,0,0,2023/01/20 17:05:04
月間,202212,策定,相馬双葉幹線,2023/02/01,昼間帯,順方向,5378,5758,0,412,32,0,5790,安定度,0,0,0,0,2022/12/20 17:05:05
月間,202212,策定,相馬双葉幹線,2023/02/01,昼間帯,逆方向,-2328,-2328,0,-32,-32,0,-2360,熱容量,0,0,0,0,2022/12/20 17:05:05
月間,202212,策定,相馬双葉幹線,2023/02/01,夜間帯,順方向,4888,5268,0,412,32,0,5300,熱容量,0,0,0,0,2022/12/20 17:05:05
月間,202212,策定,相馬双葉幹線,2023/02/01,夜間帯,逆方向,-2328,-2328,0,-32,-32,0,-2360,熱容量,0,0,0,0,2022/12/20 17:05:05
月間,202212,策定,相馬双葉幹線,2023/02/02,昼間帯,順方向,5378,5758,0,412,32,0,5790,安定度,0,0,0,0,2022/12/20 17:05:05
月間,202212,策定,相馬双葉幹線,2023/02/02,昼間帯,逆方向,-2328,-2328,0,-32,-32,0,-2360,熱容量,0,0,0,0,2022/12/20 17:05:05
月間,202212,策定,相馬双葉幹線,2023/02/02,夜間帯,順方向,4888,5268,0,412,32,0,5300,熱容量,0,0,0,0,2022/12/20 17:05:05
月間,202212,策定,相馬双葉幹線,2023/02/02,夜間帯,逆方向,-2328,-2328,0,-32,-32,0,-2360,熱容量,0,0,0,0,2022/12/20 17:05:05
月間,202212,策定,相馬双葉幹線,2023/02/03,昼間帯,順方向,5378,5758,0,412,32,0,5790,安定度,0,0,0,0,2022/12/20 17:05:05
月間,202212,策定,相馬双葉幹線,2023/02/03,昼間帯,逆方向,-2328,-2328,0,-32,-32,0,-2360,熱容量,0,0,0,0,2022/12/20 17:05:05
月間,202212,策定,相馬双葉幹線,2023/02/03,夜間帯,順方向,4888,5268,0,412,32,0,5300,熱容量,0,0,0,0,2022/12/20 17:05:05
月間,202212,策定,相馬双葉幹線,2023/02/03,夜間帯,逆方向,-2328,-2328,0,-32,-32,0,-2360,熱容量,0,0,0,0,2022/12/20 17:05:05
月間,202212,策定,相馬双葉幹線,2023/02/04,昼間帯,順方向,5378,5758,0,412,32,0,5790,安定度,0,0,0,0,2022/12/20 17:05:05
月間,202212,策定,相馬双葉幹線,2023/02/04,昼間帯,逆方向,-2328,-2328,0,-32,-32,0,-2360,熱容量,0,0,0,0,2022/12/20 17:05:05
月間,202212,策定,相馬双葉幹線,2023/02/04,夜間帯,順方向,4888,5268,0,412,32,0,5300,熱容量,0,0,0,0,2022/12/20 17:05:05
月間,202212,策定,相馬双葉幹線,2023/02/04,夜間帯,逆方向,-2328,-2328,0,-32,-32,0,-2360,熱容量,0,0,0,0,2022/12/20 17:05:05
月間,202212,策定,相馬双葉幹線,2023/02/05,昼間帯,順方向,5378,5758,0,412,32,0,5790,安定度,0,0,0,0,2022/12/20 17:05:05
月間,202212,策定,相馬双葉幹線,2023/02/05,昼間帯,逆方向,-2328,-2328,0,-32,-32,0,-2360,熱容量,0,0,0,0,2022/12/20 17:05:05
月間,202212,策定,相馬双葉幹線,2023/02/05,夜間帯,順方向,4888,5268,0,412,32,0,5300,熱容量,0,0,0,0,2022/12/20 17:05:05
月間,202212,策定,相馬双葉幹線,2023/02/05,夜間帯,逆方向,-2328,-2328,0,-32,-32,0,-2360,熱容量,0,0,0,0,2022/12/20 17:05:05
月間,202212,策定,相馬双葉幹線,2023/02/06,昼間帯,順方向,5378,5758,0,412,32,0,5790,安定度,0,0,0,0,2022/12/20 17:05:05
月間,202212,策定,相馬双葉幹線,2023/02/06,昼間帯,逆方向,-2328,-2328,0,-32,-32,0,-2360,熱容量,0,0,0,0,2022/12/20 17:05:05
月間,202212,策定,相馬双葉幹線,2023/02/06,夜間帯,順方向,4888,5268,0,412,32,0,5300,熱容量,0,0,0,0,2022/12/20 17:05:05
月間,202212,策定,相馬双葉幹線,2023/02/06,夜間帯,逆方向,-2328,-2328,0,-32,-32,0,-2360,熱容量,0,0,0,0,2022/12/20 17:05:05
月間,202212,策定,相馬双葉幹線,2023/02/07,昼間帯,順方向,5378,5758,0,412,32,0,5790,安定度,0,0,0,0,2022/12/20 17:05:05
月間,202212,策定,相馬双葉幹線,2023/02/07,昼間帯,逆方向,-2328,-2328,0,-32,-32,0,-2360,熱容量,0,0,0,0,2022/12/20 17:05:05
月間,202212,策定,相馬双葉幹線,2023/02/07,夜間帯,順方向,4888,5268,0,412,32,0,5300,熱容量,0,0,0,0,2022/12/20 17:05:05
月間,202212,策定,相馬双葉幹線,2023/02/07,夜間帯,逆方向,-2328,-2328,0,-32,-32,0,-2360,熱容量,0,0,0,0,2022/12/20 17:05:05
月間,202212,策定,相馬双葉幹線,2023/02/08,昼間帯,順方向,5378,5758,0,412,32,0,5790,安定度,0,0,0,0,2022/12/20 17:05:05
月間,202212,策定,相馬双葉幹線,2023/02/08,昼間帯,逆方向,-2328,-2328,0,-32,-32,0,-2360,熱容量,0,0,0,0,2022/12/20 17:05:05
月間,202212,策定,相馬双葉幹線,2023/02/08,夜間帯,順方向,4888,5268,0,412,32,0,5300,熱容量,0,0,0,0,2022/12/20 17:05:05
月間,202212,策定,相馬双葉幹線,2023/02/08,夜間帯,逆方向,-2328,-2328,0,-32,-32,0,-2360,熱容量,0,0,0,0,2022/12/20 17:05:05
月間,202212,策定,相馬双葉幹線,2023/02/09,昼間帯,順方向,5378,5758,0,412,32,0,5790,安定度,0,0,0,0,2022/12/20 17:05:05
月間,202212,策定,相馬双葉幹線,2023/02/09,昼間帯,逆方向,-2328,-2328,0,-32,-32,0,-2360,熱容量,0,0,0,0,2022/12/20 17:05:05
月間,202212,策定,相馬双葉幹線,2023/02/09,夜間帯,順方向,4888,5268,0,412,32,0,5300,熱容量,0,0,0,0,2022/12/20 17:05:05
月間,202212,策定,相馬双葉幹線,2023/02/09,夜間帯,逆方向,-2328,-2328,0,-32,-32,0,-2360,熱容量,0,0,0,0,2022/12/20 17:05:05
月間,202212,策定,相馬双葉幹線,2023/02/10,昼間帯,順方向,5378,5758,0,412,32,0,5790,安定度,0,0,0,0,2022/12/20 17:05:05
月間,202212,策定,相馬双葉幹線,2023/02/10,昼間帯,逆方向,-2328,-2328,0,-32,-32,0,-2360,熱容量,0,0,0,0,2022/12/20 17:05:05
月間,202212,策定,相馬双葉幹線,2023/02/10,夜間帯,順方向,4888,5268,0,412,32,0,5300,熱容量,0,0,0,0,2022/12/20 17:05:05
月間,202212,策定,相馬双葉幹線,2023/02/10,夜間帯,逆方向,-2328,-2328,0,-32,-32,0,-2360,熱容量,0,0,0,0,2022/12/20 17:05:05
月間,202212,策定,相馬双葉幹線,2023/02/11,昼間帯,順方向,5378,5758,0,412,32,0,5790,安定度,0,0,0,0,2022/12/20 17:05:05
月間,202212,策定,相馬双葉幹線,2023/02/11,昼間帯,逆方向,-2328,-2328,0,-32,-32,0,-2360,熱容量,0,0,0,0,2022/12/20 17:05:05
月間,202212,策定,相馬双葉幹線,2023/02/11,夜間帯,順方向,4888,5268,0,412,32,0,5300,熱容量,0,0,0,0,2022/12/20 17:05:05
月間,202212,策定,相馬双葉幹線,2023/02/11,夜間帯,逆方向,-2328,-2328,0,-32,-32,0,-2360,熱容量,0,0,0,0,2022/12/20 17:05:05
月間,202212,策定,相馬双葉幹線,2023/02/12,昼間帯,順方向,5378,5758,0,412,32,0,5790,安定度,0,0,0,0,2022/12/20 17:05:05
月間,202212,策定,相馬双葉幹線,2023/02/12,昼間帯,逆方向,-2328,-2328,0,-32,-32,0,-2360,熱容量,0,0,0,0,2022/12/20 17:05:05
月間,202212,策定,相馬双葉幹線,2023/02/12,夜間帯,順方向,4888,5268,0,412,32,0,5300,熱容量,0,0,0,0,2022/12/20 17:05:05
月間,202212,策定,相馬双葉幹線,2023/02/12,夜間帯,逆方向,-2328,-2328,0,-32,-32,0,-2360,熱容量,0,0,0,0,2022/12/20 17:05:05
月間,202212,策定,相馬双葉幹線,2023/02/13,昼間帯,順方向,5378,5758,0,412,32,0,5790,安定度,0,0,0,0,2022/12/20 17:05:05
月間,202212,策定,相馬双葉幹線,2023/02/13,昼間帯,逆方向,-2328,-2328,0,-32,-32,0,-2360,熱容量,0,0,0,0,2022/12/20 17:05:05
月間,202212,策定,相馬双葉幹線,2023/02/13,夜間帯,順方向,4888,5268,0,412,32,0,5300,熱容量,0,0,0,0,2022/12/20 17:05:05
月間,202212,策定,相馬双葉幹線,2023/02/13,夜間帯,逆方向,-2328,-2328,0,-32,-32,0,-2360,熱容量,0,0,0,0,2022/12/20 17:05:05
月間,202212,策定,相馬双葉幹線,2023/02/14,昼間帯,順方向,5378,5758,0,412,32,0,5790,安定度,0,0,0,0,2022/12/20 17:05:05
月間,202212,策定,相馬双葉幹線,2023/02/14,昼間帯,逆方向,-2328,-2328,0,-32,-32,0,-2360,熱容量,0,0,0,0,2022/12/20 17:05:05
月間,202212,策定,相馬双葉幹線,2023/02/14,夜間帯,順方向,4888,5268,0,412,32,0,5300,熱容量,0,0,0,0,2022/12/20 17:05:05
月間,202212,策定,相馬双葉幹線,2023/02/14,夜間帯,逆方向,-2328,-2328,0,-32,-32,0,-2360,熱容量,0,0,0,0,2022/12/20 17:05:05
月間,202212,策定,相馬双葉幹線,2023/02/15,昼間帯,順方向,5378,5758,0,412,32,0,5790,安定度,0,0,0,0,2022/12/20 17:05:05
月間,202212,策定,相馬双葉幹線,2023/02/15,昼間帯,逆方向,-2328,-2328,0,-32,-32,0,-2360,熱容量,0,0,0,0,2022/12/20 17:05:05
月間,202212,策定,相馬双葉幹線,2023/02/15,夜間帯,順方向,4888,5268,0,412,32,0,5300,熱容量,0,0,0,0,2022/12/20 17:05:05
月間,202212,策定,相馬双葉幹線,2023/02/15,夜間帯,逆方向,-2328,-2328,0,-32,-32,0,-2360,熱容量,0,0,0,0,2022/12/20 17:05:05
月間,202212,策定,相馬双葉幹線,2023/02/16,昼間帯,順方向,5378,5758,0,412,32,0,5790,安定度,0,0,0,0,2022/12/20 17:05:05
月間,202212,策定,相馬双葉幹線,2023/02/16,昼間帯,逆方向,-2328,-2328,0,-32,-32,0,-2360,熱容量,0,0,0,0,2022/12/20 17:05:05
月間,202212,策定,相馬双葉幹線,2023/02/16,夜間帯,順方向,4888,5268,0,412,32,0,5300,熱容量,0,0,0,0,2022/12/20 17:05:05
月間,202212,策定,相馬双葉幹線,2023/02/16,夜間帯,逆方向,-2328,-2328,0,-32,-32,0,-2360,熱容量,0,0,0,0,2022/12/20 17:05:05
月間,202212,策定,相馬双葉幹線,2023/02/17,昼間帯,順方向,5378,5758,0,412,32,0,5790,安定度,0,0,0,0,2022/12/20 17:05:05
月間,202212,策定,相馬双葉幹線,2023/02/17,昼間帯,逆方向,-2328,-2328,0,-32,-32,0,-2360,熱容量,0,0,0,0,2022/12/20 17:05:05
月間,202212,策定,相馬双葉幹線,2023/02/17,夜間帯,順方向,4888,5268,0,412,32,0,5300,熱容量,0,0,0,0,2022/12/20 17:05:05
月間,202212,策定,相馬双葉幹線,2023/02/17,夜間帯,逆方向,-2328,-2328,0,-32,-32,0,-2360,熱容量,0,0,0,0,2022/12/20 17:05:05
月間,202212,策定,相馬双葉幹線,2023/02/18,昼間帯,順方向,5378,5758,0,412,32,0,5790,安定度,0,0,0,0,2022/12/20 17:05:05
月間,202212,策定,相馬双葉幹線,2023/02/18,昼間帯,逆方向,-2328,-2328,0,-32,-32,0,-2360,熱容量,0,0,0,0,2022/12/20 17:05:05
月間,202212,策定,相馬双葉幹線,2023/02/18,夜間帯,順方向,4888,5268,0,412,32,0,5300,熱容量,0,0,0,0,2022/12/20 17:05:05
月間,202212,策定,相馬双葉幹線,2023/02/18,夜間帯,逆方向,-2328,-2328,0,-32,-32,0,-2360,熱容量,0,0,0,0,2022/12/20 17:05:05
月間,202212,策定,相馬双葉幹線,2023/02/19,昼間帯,順方向,5378,5758,0,412,32,0,5790,安定度,0,0,0,0,2022/12/20 17:05:05
月間,202212,策定,相馬双葉幹線,2023/02/19,昼間帯,逆方向,-2328,-2328,0,-32,-32,0,-2360,熱容量,0,0,0,0,2022/12/20 17:05:05
月間,202212,策定,相馬双葉幹線,2023/02/19,夜間帯,順方向,4888,5268,0,412,32,0,5300,熱容量,0,0,0,0,2022/12/20 17:05:05
月間,202212,策定,相馬双葉幹線,2023/02/19,夜間帯,逆方向,-2328,-2328,0,-32,-32,0,-2360,熱容量,0,0,0,0,2022/12/20 17:05:05
月間,202212,策定,相馬双葉幹線,2023/02/20,昼間帯,順方向,5378,5758,0,412,32,0,5790,安定度,0,0,0,0,2022/12/20 17:05:05
月間,202212,策定,相馬双葉幹線,2023/02/20,昼間帯,逆方向,-2328,-2328,0,-32,-32,0,-2360,熱容量,0,0,0,0,2022/12/20 17:05:05
月間,202212,策定,相馬双葉幹線,2023/02/20,夜間帯,順方向,4888,5268,0,412,32,0,5300,熱容量,0,0,0,0,2022/12/20 17:05:05
月間,202212,策定,相馬双葉幹線,2023/02/20,夜間帯,逆方向,-2328,-2328,0,-32,-32,0,-2360,熱容量,0,0,0,0,2022/12/20 17:05:05
月間,202212,策定,相馬双葉幹線,2023/02/21,昼間帯,順方向,5378,5758,0,412,32,0,5790,安定度,0,0,0,0,2022/12/20 17:05:05
月間,202212,策定,相馬双葉幹線,2023/02/21,昼間帯,逆方向,-2328,-2328,0,-32,-32,0,-2360,熱容量,0,0,0,0,2022/12/20 17:05:05
月間,202212,策定,相馬双葉幹線,2023/02/21,夜間帯,順方向,4888,5268,0,412,32,0,5300,熱容量,0,0,0,0,2022/12/20 17:05:05
月間,202212,策定,相馬双葉幹線,2023/02/21,夜間帯,逆方向,-2328,-2328,0,-32,-32,0,-2360,熱容量,0,0,0,0,2022/12/20 17:05:05
月間,202212,策定,相馬双葉幹線,2023/02/22,昼間帯,順方向,5378,5758,0,412,32,0,5790,安定度,0,0,0,0,2022/12/20 17:05:05
月間,202212,策定,相馬双葉幹線,2023/02/22,昼間帯,逆方向,-2328,-2328,0,-32,-32,0,-2360,熱容量,0,0,0,0,2022/12/20 17:05:05
月間,202212,策定,相馬双葉幹線,2023/02/22,夜間帯,順方向,4888,5268,0,412,32,0,5300,熱容量,0,0,0,0,2022/12/20 17:05:05
月間,202212,策定,相馬双葉幹線,2023/02/22,夜間帯,逆方向,-2328,-2328,0,-32,-32,0,-2360,熱容量,0,0,0,0,2022/12/20 17:05:05
月間,202212,策定,相馬双葉幹線,2023/02/23,昼間帯,順方向,5378,5758,0,412,32,0,5790,安定度,0,0,0,0,2022/12/20 17:05:05
月間,202212,策定,相馬双葉幹線,2023/02/23,昼間帯,逆方向,-2328,-2328,0,-32,-32,0,-2360,熱容量,0,0,0,0,2022/12/20 17:05:05
月間,202212,策定,相馬双葉幹線,2023/02/23,夜間帯,順方向,4888,5268,0,412,32,0,5300,熱容量,0,0,0,0,2022/12/20 17:05:05
月間,202212,策定,相馬双葉幹線,2023/02/23,夜間帯,逆方向,-2328,-2328,0,-32,-32,0,-2360,熱容量,0,0,0,0,2022/12/20 17:05:05
月間,202212,策定,相馬双葉幹線,2023/02/24,昼間帯,順方向,5378,5758,0,412,32,0,5790,安定度,0,0,0,0,2022/12/20 17:05:05
月間,202212,策定,相馬双葉幹線,2023/02/24,昼間帯,逆方向,-2328,-2328,0,-32,-32,0,-2360,熱容量,0,0,0,0,2022/12/20 17:05:05
月間,202212,策定,相馬双葉幹線,2023/02/24,夜間帯,順方向,4888,5268,0,412,32,0,5300,熱容量,0,0,0,0,2022/12/20 17:05:05
月間,202212,策定,相馬双葉幹線,2023/02/24,夜間帯,逆方向,-2328,-2328,0,-32,-32,0,-2360,熱容量,0,0,0,0,2022/12/20 17:05:05
月間,202212,策定,相馬双葉幹線,2023/02/25,昼間帯,順方向,5378,5758,0,412,32,0,5790,安定度,0,0,0,0,2022/12/20 17:05:05
月間,202212,策定,相馬双葉幹線,2023/02/25,昼間帯,逆方向,-2328,-2328,0,-32,-32,0,-2360,熱容量,0,0,0,0,2022/12/20 17:05:05
月間,202212,策定,相馬双葉幹線,2023/02/25,夜間帯,順方向,4888,5268,0,412,32,0,5300,熱容量,0,0,0,0,2022/12/20 17:05:05
月間,202212,策定,相馬双葉幹線,2023/02/25,夜間帯,逆方向,-2328,-2328,0,-32,-32,0,-2360,熱容量,0,0,0,0,2022/12/20 17:05:05
月間,202212,策定,相馬双葉幹線,2023/02/26,昼間帯,順方向,5378,5758,0,412,32,0,5790,安定度,0,0,0,0,2022/12/20 17:05:05
月間,202212,策定,相馬双葉幹線,2023/02/26,昼間帯,逆方向,-2328,-2328,0,-32,-32,0,-2360,熱容量,0,0,0,0,2022/12/20 17:05:05
月間,202212,策定,相馬双葉幹線,2023/02/26,夜間帯,順方向,4888,5268,0,412,32,0,5300,熱容量,0,0,0,0,2022/12/20 17:05:05
月間,202212,策定,相馬双葉幹線,2023/02/26,夜間帯,逆方向,-2328,-2328,0,-32,-32,0,-2360,熱容量,0,0,0,0,2022/12/20 17:05:05
月間,202212,策定,相馬双葉幹線,2023/02/27,昼間帯,順方向,5378,5758,0,412,32,0,5790,安定度,0,0,0,0,2022/12/20 17:05:05
月間,202212,策定,相馬双葉幹線,2023/02/27,昼間帯,逆方向,-2328,-2328,0,-32,-32,0,-2360,熱容量,0,0,0,0,2022/12/20 17:05:05
月間,202212,策定,相馬双葉幹線,2023/02/27,夜間帯,順方向,4888,5268,0,412,32,0,5300,熱容量,0,0,0,0,2022/12/20 17:05:05
月間,202212,策定,相馬双葉幹線,2023/02/27,夜間帯,逆方向,-2328,-2328,0,-32,-32,0,-2360,熱容量,0,0,0,0,2022/12/20 17:05:05
月間,202212,策定,相馬双葉幹線,2023/02/28,昼間帯,順方向,5378,5758,0,412,32,0,5790,安定度,0,0,0,0,2022/12/20 17:05:05
月間,202212,策定,相馬双葉幹線,2023/02/28,昼間帯,逆方向,-2328,-2328,0,-32,-32,0,-2360,熱容量,0,0,0,0,2022/12/20 17:05:05
月間,202212,策定,相馬双葉幹線,2023/02/28,夜間帯,順方向,4888,5268,0,412,32,0,5300,熱容量,0,0,0,0,2022/12/20 17:05:05
月間,202212,策定,相馬双葉幹線,2023/02/28,夜間帯,逆方向,-2328,-2328,0,-32,-32,0,-2360,熱容量,0,0,0,0,2022/12/20 17:05:05
月間,202301,策定,相馬双葉幹線,2023/02/04,昼間帯,順方向,5378,5758,0,412,32,0,5790,安定度,0,0,0,0,2023/01/20 17:05:04
月間,202301,策定,相馬双葉幹線,2023/02/04,昼間帯,逆方向,-2328,-2328,0,-32,-32,0,-2360,熱容量,0,0,0,0,2023/01/20 17:05:04
月間,202301,策定,相馬双葉幹線,2023/02/04,夜間帯,順方向,4888,5268,0,412,32,0,5300,熱容量,0,0,0,0,2023/01/20 17:05:04
月間,202301,策定,相馬双葉幹線,2023/02/04,夜間帯,逆方向,-2328,-2328,0,-32,-32,0,-2360,熱容量,0,0,0,0,2023/01/20 17:05:04
月間,202301,策定,相馬双葉幹線,2023/02/05,昼間帯,順方向,5378,5758,0,412,32,0,5790,安定度,0,0,0,0,2023/01/20 17:05:04
月間,202301,策定,相馬双葉幹線,2023/02/05,昼間帯,逆方向,-2328,-2328,0,-32,-32,0,-2360,熱容量,0,0,0,0,2023/01/20 17:05:04
月間,202301,策定,相馬双葉幹線,2023/02/05,夜間帯,順方向,4888,5268,0,412,32,0,5300,熱容量,0,0,0,0,2023/01/20 17:05:04
月間,202301,策定,相馬双葉幹線,2023/02/05,夜間帯,逆方向,-2328,-2328,0,-32,-32,0,-2360,熱容量,0,0,0,0,2023/01/20 17:05:04
月間,202301,策定,相馬双葉幹線,2023/02/06,昼間帯,順方向,5378,5758,0,412,32,0,5790,安定度,0,0,0,0,2023/01/20 17:05:04
月間,202301,策定,相馬双葉幹線,2023/02/06,昼間帯,逆方向,-2328,-2328,0,-32,-32,0,-2360,熱容量,0,0,0,0,2023/01/20 17:05:04
月間,202301,策定,相馬双葉幹線,2023/02/06,夜間帯,順方向,4888,5268,0,412,32,0,5300,熱容量,0,0,0,0,2023/01/20 17:05:04
月間,202301,策定,相馬双葉幹線,2023/02/06,夜間帯,逆方向,-2328,-2328,0,-32,-32,0,-2360,熱容量,0,0,0,0,2023/01/20 17:05:04
月間,202301,策定,相馬双葉幹線,2023/02/07,昼間帯,順方向,5378,5758,0,412,32,0,5790,安定度,0,0,0,0,2023/01/20 17:05:04
月間,202301,策定,相馬双葉幹線,2023/02/07,昼間帯,逆方向,-2328,-2328,0,-32,-32,0,-2360,熱容量,0,0,0,0,2023/01/20 17:05:04
月間,202301,策定,相馬双葉幹線,2023/02/07,夜間帯,順方向,4888,5268,0,412,32,0,5300,熱容量,0,0,0,0,2023/01/20 17:05:04
月間,202301,策定,相馬双葉幹線,2023/02/07,夜間帯,逆方向,-2328,-2328,0,-32,-32,0,-2360,熱容量,0,0,0,0,2023/01/20 17:05:04
月間,202301,策定,相馬双葉幹線,2023/02/08,昼間帯,順方向,5378,5758,0,412,32,0,5790,安定度,0,0,0,0,2023/01/20 17:05:04
月間,202301,策定,相馬双葉幹線,2023/02/08,昼間帯,逆方向,-2328,-2328,0,-32,-32,0,-2360,熱容量,0,0,0,0,2023/01/20 17:05:04
月間,202301,策定,相馬双葉幹線,2023/02/08,夜間帯,順方向,4888,5268,0,412,32,0,5300,熱容量,0,0,0,0,2023/01/20 17:05:04
月間,202301,策定,相馬双葉幹線,2023/02/08,夜間帯,逆方向,-2328,-2328,0,-32,-32,0,-2360,熱容量,0,0,0,0,2023/01/20 17:05:04
月間,202301,策定,相馬双葉幹線,2023/02/09,昼間帯,順方向,5378,5758,0,412,32,0,5790,安定度,0,0,0,0,2023/01/20 17:05:04
月間,202301,策定,相馬双葉幹線,2023/02/09,昼間帯,逆方向,-2328,-2328,0,-32,-32,0,-2360,熱容量,0,0,0,0,2023/01/20 17:05:04
月間,202301,策定,相馬双葉幹線,2023/02/09,夜間帯,順方向,4888,5268,0,412,32,0,5300,熱容量,0,0,0,0,2023/01/20 17:05:04
月間,202301,策定,相馬双葉幹線,2023/02/09,夜間帯,逆方向,-2328,-2328,0,-32,-32,0,-2360,熱容量,0,0,0,0,2023/01/20 17:05:04
月間,202301,策定,相馬双葉幹線,2023/02/10,昼間帯,順方向,5378,5758,0,412,32,0,5790,安定度,0,0,0,0,2023/01/20 17:05:04
月間,202301,策定,相馬双葉幹線,2023/02/10,昼間帯,逆方向,-2328,-2328,0,-32,-32,0,-2360,熱容量,0,0,0,0,2023/01/20 17:05:04
月間,202301,策定,相馬双葉幹線,2023/02/10,夜間帯,順方向,4888,5268,0,412,32,0,5300,熱容量,0,0,0,0,2023/01/20 17:05:04
月間,202301,策定,相馬双葉幹線,2023/02/10,夜間帯,逆方向,-2328,-2328,0,-32,-32,0,-2360,熱容量,0,0,0,0,2023/01/20 17:05:04
月間,202301,策定,相馬双葉幹線,2023/02/11,昼間帯,順方向,5378,5758,0,412,32,0,5790,安定度,0,0,0,0,2023/01/20 17:05:04
月間,202301,策定,相馬双葉幹線,2023/02/11,昼間帯,逆方向,-2328,-2328,0,-32,-32,0,-2360,熱容量,0,0,0,0,2023/01/20 17:05:04
月間,202301,策定,相馬双葉幹線,2023/02/11,夜間帯,順方向,4888,5268,0,412,32,0,5300,熱容量,0,0,0,0,2023/01/20 17:05:04
月間,202301,策定,相馬双葉幹線,2023/02/11,夜間帯,逆方向,-2328,-2328,0,-32,-32,0,-2360,熱容量,0,0,0,0,2023/01/20 17:05:04
月間,202301,策定,相馬双葉幹線,2023/02/12,昼間帯,順方向,5378,5758,0,412,32,0,5790,安定度,0,0,0,0,2023/01/20 17:05:04
月間,202301,策定,相馬双葉幹線,2023/02/12,昼間帯,逆方向,-2328,-2328,0,-32,-32,0,-2360,熱容量,0,0,0,0,2023/01/20 17:05:04
月間,202301,策定,相馬双葉幹線,2023/02/12,夜間帯,順方向,4888,5268,0,412,32,0,5300,熱容量,0,0,0,0,2023/01/20 17:05:04
月間,202301,策定,相馬双葉幹線,2023/02/12,夜間帯,逆方向,-2328,-2328,0,-32,-32,0,-2360,熱容量,0,0,0,0,2023/01/20 17:05:04
月間,202301,策定,相馬双葉幹線,2023/02/13,昼間帯,順方向,5378,5758,0,412,32,0,5790,安定度,0,0,0,0,2023/01/20 17:05:04
月間,202301,策定,相馬双葉幹線,2023/02/13,昼間帯,逆方向,-2328,-2328,0,-32,-32,0,-2360,熱容量,0,0,0,0,2023/01/20 17:05:04
月間,202301,策定,相馬双葉幹線,2023/02/13,夜間帯,順方向,4888,5268,0,412,32,0,5300,熱容量,0,0,0,0,2023/01/20 17:05:04
月間,202301,策定,相馬双葉幹線,2023/02/13,夜間帯,逆方向,-2328,-2328,0,-32,-32,0,-2360,熱容量,0,0,0,0,2023/01/20 17:05:04
月間,202301,策定,相馬双葉幹線,2023/02/14,昼間帯,順方向,5378,5758,0,412,32,0,5790,安定度,0,0,0,0,2023/01/20 17:05:04
月間,202301,策定,相馬双葉幹線,2023/02/14,昼間帯,逆方向,-2328,-2328,0,-32,-32,0,-2360,熱容量,0,0,0,0,2023/01/20 17:05:04
月間,202301,策定,相馬双葉幹線,2023/02/14,夜間帯,順方向,4888,5268,0,412,32,0,5300,熱容量,0,0,0,0,2023/01/20 17:05:04
月間,202301,策定,相馬双葉幹線,2023/02/14,夜間帯,逆方向,-2328,-2328,0,-32,-32,0,-2360,熱容量,0,0,0,0,2023/01/20 17:05:04
月間,202301,策定,相馬双葉幹線,2023/02/15,昼間帯,順方向,5378,5758,0,412,32,0,5790,安定度,0,0,0,0,2023/01/20 17:05:04
月間,202301,策定,相馬双葉幹線,2023/02/15,昼間帯,逆方向,-2328,-2328,0,-32,-32,0,-2360,熱容量,0,0,0,0,2023/01/20 17:05:04
月間,202301,策定,相馬双葉幹線,2023/02/15,夜間帯,順方向,4888,5268,0,412,32,0,5300,熱容量,0,0,0,0,2023/01/20 17:05:04
月間,202301,策定,相馬双葉幹線,2023/02/15,夜間帯,逆方向,-2328,-2328,0,-32,-32,0,-2360,熱容量,0,0,0,0,2023/01/20 17:05:04
月間,202301,策定,相馬双葉幹線,2023/02/16,昼間帯,順方向,5378,5758,0,412,32,0,5790,安定度,0,0,0,0,2023/01/20 17:05:04
月間,202301,策定,相馬双葉幹線,2023/02/16,昼間帯,逆方向,-2328,-2328,0,-32,-32,0,-2360,熱容量,0,0,0,0,2023/01/20 17:05:04
月間,202301,策定,相馬双葉幹線,2023/02/16,夜間帯,順方向,4888,5268,0,412,32,0,5300,熱容量,0,0,0,0,2023/01/20 17:05:04
月間,202301,策定,相馬双葉幹線,2023/02/16,夜間帯,逆方向,-2328,-2328,0,-32,-32,0,-2360,熱容量,0,0,0,0,2023/01/20 17:05:04
月間,202301,策定,相馬双葉幹線,2023/02/17,昼間帯,順方向,5378,5758,0,412,32,0,5790,安定度,0,0,0,0,2023/01/20 17:05:04
月間,202301,策定,相馬双葉幹線,2023/02/17,昼間帯,逆方向,-2328,-2328,0,-32,-32,0,-2360,熱容量,0,0,0,0,2023/01/20 17:05:04
月間,202301,策定,相馬双葉幹線,2023/02/17,夜間帯,順方向,4888,5268,0,412,32,0,5300,熱容量,0,0,0,0,2023/01/20 17:05:04
月間,202301,策定,相馬双葉幹線,2023/02/17,夜間帯,逆方向,-2328,-2328,0,-32,-32,0,-2360,熱容量,0,0,0,0,2023/01/20 17:05:04
月間,202301,策定,相馬双葉幹線,2023/02/18,昼間帯,順方向,5378,5758,0,412,32,0,5790,安定度,0,0,0,0,2023/01/20 17:05:04
月間,202301,策定,相馬双葉幹線,2023/02/18,昼間帯,逆方向,-2328,-2328,0,-32,-32,0,-2360,熱容量,0,0,0,0,2023/01/20 17:05:04
月間,202301,策定,相馬双葉幹線,2023/02/18,夜間帯,順方向,4888,5268,0,412,32,0,5300,熱容量,0,0,0,0,2023/01/20 17:05:04
月間,202301,策定,相馬双葉幹線,2023/02/18,夜間帯,逆方向,-2328,-2328,0,-32,-32,0,-2360,熱容量,0,0,0,0,2023/01/20 17:05:04
月間,202301,策定,相馬双葉幹線,2023/02/19,昼間帯,順方向,5378,5758,0,412,32,0,5790,安定度,0,0,0,0,2023/01/20 17:05:04
月間,202301,策定,相馬双葉幹線,2023/02/19,昼間帯,逆方向,-2328,-2328,0,-32,-32,0,-2360,熱容量,0,0,0,0,2023/01/20 17:05:04
月間,202301,策定,相馬双葉幹線,2023/02/19,夜間帯,順方向,4888,5268,0,412,32,0,5300,熱容量,0,0,0,0,2023/01/20 17:05:04
月間,202301,策定,相馬双葉幹線,2023/02/19,夜間帯,逆方向,-2328,-2328,0,-32,-32,0,-2360,熱容量,0,0,0,0,2023/01/20 17:05:04
月間,202301,策定,相馬双葉幹線,2023/02/20,昼間帯,順方向,5378,5758,0,412,32,0,5790,安定度,0,0,0,0,2023/01/20 17:05:04
月間,202301,策定,相馬双葉幹線,2023/02/20,昼間帯,逆方向,-2328,-2328,0,-32,-32,0,-2360,熱容量,0,0,0,0,2023/01/20 17:05:04
月間,202301,策定,相馬双葉幹線,2023/02/20,夜間帯,順方向,4888,5268,0,412,32,0,5300,熱容量,0,0,0,0,2023/01/20 17:05:04
月間,202301,策定,相馬双葉幹線,2023/02/20,夜間帯,逆方向,-2328,-2328,0,-32,-32,0,-2360,熱容量,0,0,0,0,2023/01/20 17:05:04
月間,202301,策定,相馬双葉幹線,2023/02/21,昼間帯,順方向,5378,5758,0,412,32,0,5790,安定度,0,0,0,0,2023/01/20 17:05:04
月間,202301,策定,相馬双葉幹線,2023/02/21,昼間帯,逆方向,-2328,-2328,0,-32,-32,0,-2360,熱容量,0,0,0,0,2023/01/20 17:05:04
月間,202301,策定,相馬双葉幹線,2023/02/21,夜間帯,順方向,4888,5268,0,412,32,0,5300,熱容量,0,0,0,0,2023/01/20 17:05:04
月間,202301,策定,相馬双葉幹線,2023/02/21,夜間帯,逆方向,-2328,-2328,0,-32,-32,0,-2360,熱容量,0,0,0,0,2023/01/20 17:05:04
月間,202301,策定,相馬双葉幹線,2023/02/22,昼間帯,順方向,5378,5758,0,412,32,0,5790,安定度,0,0,0,0,2023/01/20 17:05:04
月間,202301,策定,相馬双葉幹線,2023/02/22,昼間帯,逆方向,-2328,-2328,0,-32,-32,0,-2360,熱容量,0,0,0,0,2023/01/20 17:05:04
月間,202301,策定,相馬双葉幹線,2023/02/22,夜間帯,順方向,4888,5268,0,412,32,0,5300,熱容量,0,0,0,0,2023/01/20 17:05:04
月間,202301,策定,相馬双葉幹線,2023/02/22,夜間帯,逆方向,-2328,-2328,0,-32,-32,0,-2360,熱容量,0,0,0,0,2023/01/20 17:05:04
月間,202301,策定,相馬双葉幹線,2023/02/23,昼間帯,順方向,5378,5758,0,412,32,0,5790,安定度,0,0,0,0,2023/01/20 17:05:04
月間,202301,策定,相馬双葉幹線,2023/02/23,昼間帯,逆方向,-2328,-2328,0,-32,-32,0,-2360,熱容量,0,0,0,0,2023/01/20 17:05:04
月間,202301,策定,相馬双葉幹線,2023/02/23,夜間帯,順方向,4888,5268,0,412,32,0,5300,熱容量,0,0,0,0,2023/01/20 17:05:04
月間,202301,策定,相馬双葉幹線,2023/02/23,夜間帯,逆方向,-2328,-2328,0,-32,-32,0,-2360,熱容量,0,0,0,0,2023/01/20 17:05:04
月間,202301,策定,相馬双葉幹線,2023/02/24,昼間帯,順方向,5378,5758,0,412,32,0,5790,安定度,0,0,0,0,2023/01/20 17:05:04
月間,202301,策定,相馬双葉幹線,2023/02/24,昼間帯,逆方向,-2328,-2328,0,-32,-32,0,-2360,熱容量,0,0,0,0,2023/01/20 17:05:04
月間,202301,策定,相馬双葉幹線,2023/02/24,夜間帯,順方向,4888,5268,0,412,32,0,5300,熱容量,0,0,0,0,2023/01/20 17:05:04
月間,202301,策定,相馬双葉幹線,2023/02/24,夜間帯,逆方向,-2328,-2328,0,-32,-32,0,-2360,熱容量,0,0,0,0,2023/01/20 17:05:04
月間,202301,策定,相馬双葉幹線,2023/02/25,昼間帯,順方向,5378,5758,0,412,32,0,5790,安定度,0,0,0,0,2023/01/20 17:05:04
月間,202301,策定,相馬双葉幹線,2023/02/25,昼間帯,逆方向,-2328,-2328,0,-32,-32,0,-2360,熱容量,0,0,0,0,2023/01/20 17:05:04
月間,202301,策定,相馬双葉幹線,2023/02/25,夜間帯,順方向,4888,5268,0,412,32,0,5300,熱容量,0,0,0,0,2023/01/20 17:05:04
月間,202301,策定,相馬双葉幹線,2023/02/25,夜間帯,逆方向,-2328,-2328,0,-32,-32,0,-2360,熱容量,0,0,0,0,2023/01/20 17:05:04
月間,202301,策定,相馬双葉幹線,2023/02/26,昼間帯,順方向,5378,5758,0,412,32,0,5790,安定度,0,0,0,0,2023/01/20 17:05:04
月間,202301,策定,相馬双葉幹線,2023/02/26,昼間帯,逆方向,-2328,-2328,0,-32,-32,0,-2360,熱容量,0,0,0,0,2023/01/20 17:05:04
月間,202301,策定,相馬双葉幹線,2023/02/26,夜間帯,順方向,4888,5268,0,412,32,0,5300,熱容量,0,0,0,0,2023/01/20 17:05:04
月間,202301,策定,相馬双葉幹線,2023/02/26,夜間帯,逆方向,-2328,-2328,0,-32,-32,0,-2360,熱容量,0,0,0,0,2023/01/20 17:05:04
月間,202301,策定,相馬双葉幹線,2023/02/27,昼間帯,順方向,5378,5758,0,412,32,0,5790,安定度,0,0,0,0,2023/01/20 17:05:04
月間,202301,策定,相馬双葉幹線,2023/02/27,昼間帯,逆方向,-2328,-2328,0,-32,-32,0,-2360,熱容量,0,0,0,0,2023/01/20 17:05:04
月間,202301,策定,相馬双葉幹線,2023/02/27,夜間帯,順方向,4888,5268,0,412,32,0,5300,熱容量,0,0,0,0,2023/01/20 17:05:04
月間,202301,策定,相馬双葉幹線,2023/02/27,夜間帯,逆方向,-2328,-2328,0,-32,-32,0,-2360,熱容量,0,0,0,0,2023/01/20 17:05:04
月間,202301,策定,相馬双葉幹線,2023/02/28,昼間帯,順方向,5378,5758,0,412,32,0,5790,安定度,0,0,0,0,2023/01/20 17:05:04
月間,202301,策定,相馬双葉幹線,2023/02/28,昼間帯,逆方向,-2328,-2328,0,-32,-32,0,-2360,熱容量,0,0,0,0,2023/01/20 17:05:04
月間,202301,策定,相馬双葉幹線,2023/02/28,夜間帯,順方向,4888,5268,0,412,32,0,5300,熱容量,0,0,0,0,2023/01/20 17:05:04
月間,202301,策定,相馬双葉幹線,2023/02/28,夜間帯,逆方向,-2328,-2328,0,-32,-32,0,-2360,熱容量,0,0,0,0,2023/01/20 17:05:04
月間,202212,策定,周波数変換設備,2023/02/01,昼間帯,順方向,1500,1500,0,600,600,0,2100,熱容量,0,0,0,0,2022/12/20 17:05:05
月間,202212,策定,周波数変換設備,2023/02/01,昼間帯,逆方向,-1500,-1500,0,-600,-600,0,-2100,熱容量,0,0,0,0,2022/12/20 17:05:05
月間,202212,策定,周波数変換設備,2023/02/01,夜間帯,順方向,1500,1500,0,600,600,0,2100,熱容量,0,0,0,0,2022/12/20 17:05:05
月間,202212,策定,周波数変換設備,2023/02/01,夜間帯,逆方向,-1500,-1500,0,-600,-600,0,-2100,熱容量,0,0,0,0,2022/12/20 17:05:05
月間,202212,策定,周波数変換設備,2023/02/02,昼間帯,順方向,1500,1500,0,600,600,0,2100,熱容量,0,0,0,0,2022/12/20 17:05:05
月間,202212,策定,周波数変換設備,2023/02/02,昼間帯,逆方向,-1500,-1500,0,-600,-600,0,-2100,熱容量,0,0,0,0,2022/12/20 17:05:05
月間,202212,策定,周波数変換設備,2023/02/02,夜間帯,順方向,1500,1500,0,600,600,0,2100,熱容量,0,0,0,0,2022/12/20 17:05:05
月間,202212,策定,周波数変換設備,2023/02/02,夜間帯,逆方向,-1500,-1500,0,-600,-600,0,-2100,熱容量,0,0,0,0,2022/12/20 17:05:05
月間,202212,策定,周波数変換設備,2023/02/03,昼間帯,順方向,1500,1500,0,600,600,0,2100,熱容量,0,0,0,0,2022/12/20 17:05:05
月間,202212,策定,周波数変換設備,2023/02/03,昼間帯,逆方向,-1500,-1500,0,-600,-600,0,-2100,熱容量,0,0,0,0,2022/12/20 17:05:05
月間,202212,策定,周波数変換設備,2023/02/03,夜間帯,順方向,1500,1500,0,600,600,0,2100,熱容量,0,0,0,0,2022/12/20 17:05:05
月間,202212,策定,周波数変換設備,2023/02/03,夜間帯,逆方向,-1500,-1500,0,-600,-600,0,-2100,熱容量,0,0,0,0,2022/12/20 17:05:05
月間,202212,策定,周波数変換設備,2023/02/04,昼間帯,順方向,1500,1500,0,600,600,0,2100,熱容量,0,0,0,0,2022/12/20 17:05:05
月間,202212,策定,周波数変換設備,2023/02/04,昼間帯,逆方向,-1500,-1500,0,-600,-600,0,-2100,熱容量,0,0,0,0,2022/12/20 17:05:05
月間,202212,策定,周波数変換設備,2023/02/04,夜間帯,順方向,1500,1500,0,600,600,0,2100,熱容量,0,0,0,0,2022/12/20 17:05:05
月間,202212,策定,周波数変換設備,2023/02/04,夜間帯,逆方向,-1500,-1500,0,-600,-600,0,-2100,熱容量,0,0,0,0,2022/12/20 17:05:05
月間,202212,策定,周波数変換設備,2023/02/05,昼間帯,順方向,1500,1500,0,600,600,0,2100,熱容量,0,0,0,0,2022/12/20 17:05:05
月間,202212,策定,周波数変換設備,2023/02/05,昼間帯,逆方向,-1500,-1500,0,-600,-600,0,-2100,熱容量,0,0,0,0,2022/12/20 17:05:05
月間,202212,策定,周波数変換設備,2023/02/05,夜間帯,順方向,1500,1500,0,600,600,0,2100,熱容量,0,0,0,0,2022/12/20 17:05:05
月間,202212,策定,周波数変換設備,2023/02/05,夜間帯,逆方向,-1500,-1500,0,-600,-600,0,-2100,熱容量,0,0,0,0,2022/12/20 17:05:05
月間,202212,策定,周波数変換設備,2023/02/06,昼間帯,順方向,1500,1500,0,600,600,0,2100,熱容量,0,0,0,0,2022/12/20 17:05:05
月間,202212,策定,周波数変換設備,2023/02/06,昼間帯,逆方向,-1500,-1500,0,-600,-600,0,-2100,熱容量,0,0,0,0,2022/12/20 17:05:05
月間,202212,策定,周波数変換設備,2023/02/06,夜間帯,順方向,1500,1500,0,600,600,0,2100,熱容量,0,0,0,0,2022/12/20 17:05:05
月間,202212,策定,周波数変換設備,2023/02/06,夜間帯,逆方向,-1500,-1500,0,-600,-600,0,-2100,熱容量,0,0,0,0,2022/12/20 17:05:05
月間,202212,策定,周波数変換設備,2023/02/07,昼間帯,順方向,1500,1500,0,600,600,0,2100,熱容量,0,0,0,0,2022/12/20 17:05:05
月間,202212,策定,周波数変換設備,2023/02/07,昼間帯,逆方向,-1500,-1500,0,-600,-600,0,-2100,熱容量,0,0,0,0,2022/12/20 17:05:05
月間,202212,策定,周波数変換設備,2023/02/07,夜間帯,順方向,1500,1500,0,600,600,0,2100,熱容量,0,0,0,0,2022/12/20 17:05:05
月間,202212,策定,周波数変換設備,2023/02/07,夜間帯,逆方向,-1500,-1500,0,-600,-600,0,-2100,熱容量,0,0,0,0,2022/12/20 17:05:05
月間,202212,策定,周波数変換設備,2023/02/08,昼間帯,順方向,1500,1500,0,600,600,0,2100,熱容量,0,0,0,0,2022/12/20 17:05:05
月間,202212,策定,周波数変換設備,2023/02/08,昼間帯,逆方向,-1500,-1500,0,-600,-600,0,-2100,熱容量,0,0,0,0,2022/12/20 17:05:05
月間,202212,策定,周波数変換設備,2023/02/08,夜間帯,順方向,1500,1500,0,600,600,0,2100,熱容量,0,0,0,0,2022/12/20 17:05:05
月間,202212,策定,周波数変換設備,2023/02/08,夜間帯,逆方向,-1500,-1500,0,-600,-600,0,-2100,熱容量,0,0,0,0,2022/12/20 17:05:05
月間,202212,策定,周波数変換設備,2023/02/09,昼間帯,順方向,1500,1500,0,600,600,0,2100,熱容量,0,0,0,0,2022/12/20 17:05:05
月間,202212,策定,周波数変換設備,2023/02/09,昼間帯,逆方向,-1500,-1500,0,-600,-600,0,-2100,熱容量,0,0,0,0,2022/12/20 17:05:05
月間,202212,策定,周波数変換設備,2023/02/09,夜間帯,順方向,1500,1500,0,600,600,0,2100,熱容量,0,0,0,0,2022/12/20 17:05:05
月間,202212,策定,周波数変換設備,2023/02/09,夜間帯,逆方向,-1500,-1500,0,-600,-600,0,-2100,熱容量,0,0,0,0,2022/12/20 17:05:05
月間,202212,策定,周波数変換設備,2023/02/10,昼間帯,順方向,1500,1500,0,600,600,0,2100,熱容量,0,0,0,0,2022/12/20 17:05:05
月間,202212,策定,周波数変換設備,2023/02/10,昼間帯,逆方向,-1500,-1500,0,-600,-600,0,-2100,熱容量,0,0,0,0,2022/12/20 17:05:05
月間,202212,策定,周波数変換設備,2023/02/10,夜間帯,順方向,1500,1500,0,600,600,0,2100,熱容量,0,0,0,0,2022/12/20 17:05:05
月間,202212,策定,周波数変換設備,2023/02/10,夜間帯,逆方向,-1500,-1500,0,-600,-600,0,-2100,熱容量,0,0,0,0,2022/12/20 17:05:05
月間,202212,策定,周波数変換設備,2023/02/11,昼間帯,順方向,1500,1500,0,600,600,0,2100,熱容量,0,0,0,0,2022/12/20 17:05:05
月間,202212,策定,周波数変換設備,2023/02/11,昼間帯,逆方向,-1500,-1500,0,-600,-600,0,-2100,熱容量,0,0,0,0,2022/12/20 17:05:05
月間,202212,策定,周波数変換設備,2023/02/11,夜間帯,順方向,1500,1500,0,600,600,0,2100,熱容量,0,0,0,0,2022/12/20 17:05:05
月間,202212,策定,周波数変換設備,2023/02/11,夜間帯,逆方向,-1500,-1500,0,-600,-600,0,-2100,熱容量,0,0,0,0,2022/12/20 17:05:05
月間,202212,策定,周波数変換設備,2023/02/12,昼間帯,順方向,1500,1500,0,600,600,0,2100,熱容量,0,0,0,0,2022/12/20 17:05:05
月間,202212,策定,周波数変換設備,2023/02/12,昼間帯,逆方向,-1500,-1500,0,-600,-600,0,-2100,熱容量,0,0,0,0,2022/12/20 17:05:05
月間,202212,策定,周波数変換設備,2023/02/12,夜間帯,順方向,1500,1500,0,600,600,0,2100,熱容量,0,0,0,0,2022/12/20 17:05:05
月間,202212,策定,周波数変換設備,2023/02/12,夜間帯,逆方向,-1500,-1500,0,-600,-600,0,-2100,熱容量,0,0,0,0,2022/12/20 17:05:05
月間,202212,策定,周波数変換設備,2023/02/13,昼間帯,順方向,1500,1500,0,600,600,0,2100,熱容量,0,0,0,0,2022/12/20 17:05:05
月間,202212,策定,周波数変換設備,2023/02/13,昼間帯,逆方向,-1500,-1500,0,-600,-600,0,-2100,熱容量,0,0,0,0,2022/12/20 17:05:05
月間,202212,策定,周波数変換設備,2023/02/13,夜間帯,順方向,1500,1500,0,600,600,0,2100,熱容量,0,0,0,0,2022/12/20 17:05:05
月間,202212,策定,周波数変換設備,2023/02/13,夜間帯,逆方向,-1500,-1500,0,-600,-600,0,-2100,熱容量,0,0,0,0,2022/12/20 17:05:05
月間,202212,策定,周波数変換設備,2023/02/14,昼間帯,順方向,1500,1500,0,600,600,0,2100,熱容量,0,0,0,0,2022/12/20 17:05:05
月間,202212,策定,周波数変換設備,2023/02/14,昼間帯,逆方向,-1500,-1500,0,-600,-600,0,-2100,熱容量,0,0,0,0,2022/12/20 17:05:05
月間,202212,策定,周波数変換設備,2023/02/14,夜間帯,順方向,1500,1500,0,600,600,0,2100,熱容量,0,0,0,0,2022/12/20 17:05:05
月間,202212,策定,周波数変換設備,2023/02/14,夜間帯,逆方向,-1500,-1500,0,-600,-600,0,-2100,熱容量,0,0,0,0,2022/12/20 17:05:05
月間,202212,策定,周波数変換設備,2023/02/15,昼間帯,順方向,1500,1500,0,600,600,0,2100,熱容量,0,0,0,0,2022/12/20 17:05:05
月間,202212,策定,周波数変換設備,2023/02/15,昼間帯,逆方向,-1500,-1500,0,-600,-600,0,-2100,熱容量,0,0,0,0,2022/12/20 17:05:05
月間,202212,策定,周波数変換設備,2023/02/15,夜間帯,順方向,1500,1500,0,600,600,0,2100,熱容量,0,0,0,0,2022/12/20 17:05:05
月間,202212,策定,周波数変換設備,2023/02/15,夜間帯,逆方向,-1500,-1500,0,-600,-600,0,-2100,熱容量,0,0,0,0,2022/12/20 17:05:05
月間,202212,策定,周波数変換設備,2023/02/16,昼間帯,順方向,1500,1500,0,600,600,0,2100,熱容量,0,0,0,0,2022/12/20 17:05:05
月間,202212,策定,周波数変換設備,2023/02/16,昼間帯,逆方向,-1500,-1500,0,-600,-600,0,-2100,熱容量,0,0,0,0,2022/12/20 17:05:05
月間,202212,策定,周波数変換設備,2023/02/16,夜間帯,順方向,1500,1500,0,600,600,0,2100,熱容量,0,0,0,0,2022/12/20 17:05:05
月間,202212,策定,周波数変換設備,2023/02/16,夜間帯,逆方向,-1500,-1500,0,-600,-600,0,-2100,熱容量,0,0,0,0,2022/12/20 17:05:05
月間,202212,策定,周波数変換設備,2023/02/17,昼間帯,順方向,1500,1500,0,600,600,0,2100,熱容量,0,0,0,0,2022/12/20 17:05:05
月間,202212,策定,周波数変換設備,2023/02/17,昼間帯,逆方向,-1500,-1500,0,-600,-600,0,-2100,熱容量,0,0,0,0,2022/12/20 17:05:05
月間,202212,策定,周波数変換設備,2023/02/17,夜間帯,順方向,1500,1500,0,600,600,0,2100,熱容量,0,0,0,0,2022/12/20 17:05:05
月間,202212,策定,周波数変換設備,2023/02/17,夜間帯,逆方向,-1500,-1500,0,-600,-600,0,-2100,熱容量,0,0,0,0,2022/12/20 17:05:05
月間,202212,策定,周波数変換設備,2023/02/18,昼間帯,順方向,1500,1500,0,600,600,0,2100,熱容量,0,0,0,0,2022/12/20 17:05:05
月間,202212,策定,周波数変換設備,2023/02/18,昼間帯,逆方向,-1500,-1500,0,-600,-600,0,-2100,熱容量,0,0,0,0,2022/12/20 17:05:05
月間,202212,策定,周波数変換設備,2023/02/18,夜間帯,順方向,1500,1500,0,600,600,0,2100,熱容量,0,0,0,0,2022/12/20 17:05:05
月間,202212,策定,周波数変換設備,2023/02/18,夜間帯,逆方向,-1500,-1500,0,-600,-600,0,-2100,熱容量,0,0,0,0,2022/12/20 17:05:05
月間,202212,策定,周波数変換設備,2023/02/19,昼間帯,順方向,1500,1500,0,600,600,0,2100,熱容量,0,0,0,0,2022/12/20 17:05:05
月間,202212,策定,周波数変換設備,2023/02/19,昼間帯,逆方向,-1500,-1500,0,-600,-600,0,-2100,熱容量,0,0,0,0,2022/12/20 17:05:05
月間,202212,策定,周波数変換設備,2023/02/19,夜間帯,順方向,1500,1500,0,600,600,0,2100,熱容量,0,0,0,0,2022/12/20 17:05:05
月間,202212,策定,周波数変換設備,2023/02/19,夜間帯,逆方向,-1500,-1500,0,-600,-600,0,-2100,熱容量,0,0,0,0,2022/12/20 17:05:05
月間,202212,策定,周波数変換設備,2023/02/20,昼間帯,順方向,1500,1500,0,600,600,0,2100,熱容量,0,0,0,0,2022/12/20 17:05:05
月間,202212,策定,周波数変換設備,2023/02/20,昼間帯,逆方向,-1500,-1500,0,-600,-600,0,-2100,熱容量,0,0,0,0,2022/12/20 17:05:05
月間,202212,策定,周波数変換設備,2023/02/20,夜間帯,順方向,1500,1500,0,600,600,0,2100,熱容量,0,0,0,0,2022/12/20 17:05:05
月間,202212,策定,周波数変換設備,2023/02/20,夜間帯,逆方向,-1500,-1500,0,-600,-600,0,-2100,熱容量,0,0,0,0,2022/12/20 17:05:05
月間,202212,策定,周波数変換設備,2023/02/21,昼間帯,順方向,1500,1500,0,600,600,0,2100,熱容量,0,0,0,0,2022/12/20 17:05:05
月間,202212,策定,周波数変換設備,2023/02/21,昼間帯,逆方向,-1500,-1500,0,-600,-600,0,-2100,熱容量,0,0,0,0,2022/12/20 17:05:05
月間,202212,策定,周波数変換設備,2023/02/21,夜間帯,順方向,1500,1500,0,600,600,0,2100,熱容量,0,0,0,0,2022/12/20 17:05:05
月間,202212,策定,周波数変換設備,2023/02/21,夜間帯,逆方向,-1500,-1500,0,-600,-600,0,-2100,熱容量,0,0,0,0,2022/12/20 17:05:05
月間,202212,策定,周波数変換設備,2023/02/22,昼間帯,順方向,1500,1500,0,600,600,0,2100,熱容量,0,0,0,0,2022/12/20 17:05:05
月間,202212,策定,周波数変換設備,2023/02/22,昼間帯,逆方向,-1500,-1500,0,-600,-600,0,-2100,熱容量,0,0,0,0,2022/12/20 17:05:05
月間,202212,策定,周波数変換設備,2023/02/22,夜間帯,順方向,1500,1500,0,600,600,0,2100,熱容量,0,0,0,0,2022/12/20 17:05:05
月間,202212,策定,周波数変換設備,2023/02/22,夜間帯,逆方向,-1500,-1500,0,-600,-600,0,-2100,熱容量,0,0,0,0,2022/12/20 17:05:05
月間,202212,策定,周波数変換設備,2023/02/23,昼間帯,順方向,1500,1500,0,600,600,0,2100,熱容量,0,0,0,0,2022/12/20 17:05:05
月間,202212,策定,周波数変換設備,2023/02/23,昼間帯,逆方向,-1500,-1500,0,-600,-600,0,-2100,熱容量,0,0,0,0,2022/12/20 17:05:05
月間,202212,策定,周波数変換設備,2023/02/23,夜間帯,順方向,1500,1500,0,600,600,0,2100,熱容量,0,0,0,0,2022/12/20 17:05:05
月間,202212,策定,周波数変換設備,2023/02/23,夜間帯,逆方向,-1500,-1500,0,-600,-600,0,-2100,熱容量,0,0,0,0,2022/12/20 17:05:05
月間,202212,策定,周波数変換設備,2023/02/24,昼間帯,順方向,1500,1500,0,600,600,0,2100,熱容量,0,0,0,0,2022/12/20 17:05:05
月間,202212,策定,周波数変換設備,2023/02/24,昼間帯,逆方向,-1500,-1500,0,-600,-600,0,-2100,熱容量,0,0,0,0,2022/12/20 17:05:05
月間,202212,策定,周波数変換設備,2023/02/24,夜間帯,順方向,1500,1500,0,600,600,0,2100,熱容量,0,0,0,0,2022/12/20 17:05:05
月間,202212,策定,周波数変換設備,2023/02/24,夜間帯,逆方向,-1500,-1500,0,-600,-600,0,-2100,熱容量,0,0,0,0,2022/12/20 17:05:05
月間,202212,策定,周波数変換設備,2023/02/25,昼間帯,順方向,1500,1500,0,600,600,0,2100,熱容量,0,0,0,0,2022/12/20 17:05:05
月間,202212,策定,周波数変換設備,2023/02/25,昼間帯,逆方向,-1500,-1500,0,-600,-600,0,-2100,熱容量,0,0,0,0,2022/12/20 17:05:05
月間,202212,策定,周波数変換設備,2023/02/25,夜間帯,順方向,1500,1500,0,600,600,0,2100,熱容量,0,0,0,0,2022/12/20 17:05:05
月間,202212,策定,周波数変換設備,2023/02/25,夜間帯,逆方向,-1500,-1500,0,-600,-600,0,-2100,熱容量,0,0,0,0,2022/12/20 17:05:05
月間,202212,策定,周波数変換設備,2023/02/26,昼間帯,順方向,1500,1500,0,600,600,0,2100,熱容量,0,0,0,0,2022/12/20 17:05:05
月間,202212,策定,周波数変換設備,2023/02/26,昼間帯,逆方向,-1500,-1500,0,-600,-600,0,-2100,熱容量,0,0,0,0,2022/12/20 17:05:05
月間,202212,策定,周波数変換設備,2023/02/26,夜間帯,順方向,1500,1500,0,600,600,0,2100,熱容量,0,0,0,0,2022/12/20 17:05:05
月間,202212,策定,周波数変換設備,2023/02/26,夜間帯,逆方向,-1500,-1500,0,-600,-600,0,-2100,熱容量,0,0,0,0,2022/12/20 17:05:05
月間,202212,策定,周波数変換設備,2023/02/27,昼間帯,順方向,1500,1500,0,600,600,0,2100,熱容量,0,0,0,0,2022/12/20 17:05:05
月間,202212,策定,周波数変換設備,2023/02/27,昼間帯,逆方向,-1500,-1500,0,-600,-600,0,-2100,熱容量,0,0,0,0,2022/12/20 17:05:05
月間,202212,策定,周波数変換設備,2023/02/27,夜間帯,順方向,1500,1500,0,600,600,0,2100,熱容量,0,0,0,0,2022/12/20 17:05:05
月間,202212,策定,周波数変換設備,2023/02/27,夜間帯,逆方向,-1500,-1500,0,-600,-600,0,-2100,熱容量,0,0,0,0,2022/12/20 17:05:05
月間,202212,策定,周波数変換設備,2023/02/28,昼間帯,順方向,1500,1500,0,600,600,0,2100,熱容量,0,0,0,0,2022/12/20 17:05:05
月間,202212,策定,周波数変換設備,2023/02/28,昼間帯,逆方向,-1500,-1500,0,-600,-600,0,-2100,熱容量,0,0,0,0,2022/12/20 17:05:05
月間,202212,策定,周波数変換設備,2023/02/28,夜間帯,順方向,1500,1500,0,600,600,0,2100,熱容量,0,0,0,0,2022/12/20 17:05:05
月間,202212,策定,周波数変換設備,2023/02/28,夜間帯,逆方向,-1500,-1500,0,-600,-600,0,-2100,熱容量,0,0,0,0,2022/12/20 17:05:05
月間,202301,策定,周波数変換設備,2023/02/04,昼間帯,順方向,1500,1500,0,600,600,0,2100,熱容量,0,0,0,0,2023/01/20 17:05:04
月間,202301,策定,周波数変換設備,2023/02/04,昼間帯,逆方向,-1500,-1500,0,-600,-600,0,-2100,熱容量,0,0,0,0,2023/01/20 17:05:04
月間,202301,策定,周波数変換設備,2023/02/04,夜間帯,順方向,1500,1500,0,600,600,0,2100,熱容量,0,0,0,0,2023/01/20 17:05:04
月間,202301,策定,周波数変換設備,2023/02/04,夜間帯,逆方向,-1500,-1500,0,-600,-600,0,-2100,熱容量,0,0,0,0,2023/01/20 17:05:04
月間,202301,策定,周波数変換設備,2023/02/05,昼間帯,順方向,1500,1500,0,600,600,0,2100,熱容量,0,0,0,0,2023/01/20 17:05:04
月間,202301,策定,周波数変換設備,2023/02/05,昼間帯,逆方向,-1500,-1500,0,-600,-600,0,-2100,熱容量,0,0,0,0,2023/01/20 17:05:04
月間,202301,策定,周波数変換設備,2023/02/05,夜間帯,順方向,1500,1500,0,600,600,0,2100,熱容量,0,0,0,0,2023/01/20 17:05:04
月間,202301,策定,周波数変換設備,2023/02/05,夜間帯,逆方向,-1500,-1500,0,-600,-600,0,-2100,熱容量,0,0,0,0,2023/01/20 17:05:04
月間,202301,策定,周波数変換設備,2023/02/06,昼間帯,順方向,1500,1500,0,600,600,0,2100,熱容量,0,0,0,0,2023/01/20 17:05:04
月間,202301,策定,周波数変換設備,2023/02/06,昼間帯,逆方向,-1500,-1500,0,-600,-600,0,-2100,熱容量,0,0,0,0,2023/01/20 17:05:04
月間,202301,策定,周波数変換設備,2023/02/06,夜間帯,順方向,1500,1500,0,600,600,0,2100,熱容量,0,0,0,0,2023/01/20 17:05:04
月間,202301,策定,周波数変換設備,2023/02/06,夜間帯,逆方向,-1500,-1500,0,-600,-600,0,-2100,熱容量,0,0,0,0,2023/01/20 17:05:04
月間,202301,策定,周波数変換設備,2023/02/07,昼間帯,順方向,1500,1500,0,600,600,0,2100,熱容量,0,0,0,0,2023/01/20 17:05:04
月間,202301,策定,周波数変換設備,2023/02/07,昼間帯,逆方向,-1500,-1500,0,-600,-600,0,-2100,熱容量,0,0,0,0,2023/01/20 17:05:04
月間,202301,策定,周波数変換設備,2023/02/07,夜間帯,順方向,1500,1500,0,600,600,0,2100,熱容量,0,0,0,0,2023/01/20 17:05:04
月間,202301,策定,周波数変換設備,2023/02/07,夜間帯,逆方向,-1500,-1500,0,-600,-600,0,-2100,熱容量,0,0,0,0,2023/01/20 17:05:04
月間,202301,策定,周波数変換設備,2023/02/08,昼間帯,順方向,1500,1500,0,600,600,0,2100,熱容量,0,0,0,0,2023/01/20 17:05:04
月間,202301,策定,周波数変換設備,2023/02/08,昼間帯,逆方向,-1500,-1500,0,-600,-600,0,-2100,熱容量,0,0,0,0,2023/01/20 17:05:04
月間,202301,策定,周波数変換設備,2023/02/08,夜間帯,順方向,1500,1500,0,600,600,0,2100,熱容量,0,0,0,0,2023/01/20 17:05:04
月間,202301,策定,周波数変換設備,2023/02/08,夜間帯,逆方向,-1500,-1500,0,-600,-600,0,-2100,熱容量,0,0,0,0,2023/01/20 17:05:04
月間,202301,策定,周波数変換設備,2023/02/09,昼間帯,順方向,1500,1500,0,600,600,0,2100,熱容量,0,0,0,0,2023/01/20 17:05:04
月間,202301,策定,周波数変換設備,2023/02/09,昼間帯,逆方向,-1500,-1500,0,-600,-600,0,-2100,熱容量,0,0,0,0,2023/01/20 17:05:04
月間,202301,策定,周波数変換設備,2023/02/09,夜間帯,順方向,1500,1500,0,600,600,0,2100,熱容量,0,0,0,0,2023/01/20 17:05:04
月間,202301,策定,周波数変換設備,2023/02/09,夜間帯,逆方向,-1500,-1500,0,-600,-600,0,-2100,熱容量,0,0,0,0,2023/01/20 17:05:04
月間,202301,策定,周波数変換設備,2023/02/10,昼間帯,順方向,1500,1500,0,600,600,0,2100,熱容量,0,0,0,0,2023/01/20 17:05:04
月間,202301,策定,周波数変換設備,2023/02/10,昼間帯,逆方向,-1500,-1500,0,-600,-600,0,-2100,熱容量,0,0,0,0,2023/01/20 17:05:04
月間,202301,策定,周波数変換設備,2023/02/10,夜間帯,順方向,1500,1500,0,600,600,0,2100,熱容量,0,0,0,0,2023/01/20 17:05:04
月間,202301,策定,周波数変換設備,2023/02/10,夜間帯,逆方向,-1500,-1500,0,-600,-600,0,-2100,熱容量,0,0,0,0,2023/01/20 17:05:04
月間,202301,策定,周波数変換設備,2023/02/11,昼間帯,順方向,1500,1500,0,600,600,0,2100,熱容量,0,0,0,0,2023/01/20 17:05:04
月間,202301,策定,周波数変換設備,2023/02/11,昼間帯,逆方向,-1500,-1500,0,-600,-600,0,-2100,熱容量,0,0,0,0,2023/01/20 17:05:04
月間,202301,策定,周波数変換設備,2023/02/11,夜間帯,順方向,1500,1500,0,600,600,0,2100,熱容量,0,0,0,0,2023/01/20 17:05:04
月間,202301,策定,周波数変換設備,2023/02/11,夜間帯,逆方向,-1500,-1500,0,-600,-600,0,-2100,熱容量,0,0,0,0,2023/01/20 17:05:04
月間,202301,策定,周波数変換設備,2023/02/12,昼間帯,順方向,1500,1500,0,600,600,0,2100,熱容量,0,0,0,0,2023/01/20 17:05:04
月間,202301,策定,周波数変換設備,2023/02/12,昼間帯,逆方向,-1500,-1500,0,-600,-600,0,-2100,熱容量,0,0,0,0,2023/01/20 17:05:04
月間,202301,策定,周波数変換設備,2023/02/12,夜間帯,順方向,1500,1500,0,600,600,0,2100,熱容量,0,0,0,0,2023/01/20 17:05:04
月間,202301,策定,周波数変換設備,2023/02/12,夜間帯,逆方向,-1500,-1500,0,-600,-600,0,-2100,熱容量,0,0,0,0,2023/01/20 17:05:04
月間,202301,策定,周波数変換設備,2023/02/13,昼間帯,順方向,1500,1500,0,600,600,0,2100,熱容量,0,0,0,0,2023/01/20 17:05:04
月間,202301,策定,周波数変換設備,2023/02/13,昼間帯,逆方向,-1500,-1500,0,-600,-600,0,-2100,熱容量,0,0,0,0,2023/01/20 17:05:04
月間,202301,策定,周波数変換設備,2023/02/13,夜間帯,順方向,1500,1500,0,600,600,0,2100,熱容量,0,0,0,0,2023/01/20 17:05:04
月間,202301,策定,周波数変換設備,2023/02/13,夜間帯,逆方向,-1500,-1500,0,-600,-600,0,-2100,熱容量,0,0,0,0,2023/01/20 17:05:04
月間,202301,策定,周波数変換設備,2023/02/14,昼間帯,順方向,1500,1500,0,600,600,0,2100,熱容量,0,0,0,0,2023/01/20 17:05:04
月間,202301,策定,周波数変換設備,2023/02/14,昼間帯,逆方向,-1500,-1500,0,-600,-600,0,-2100,熱容量,0,0,0,0,2023/01/20 17:05:04
月間,202301,策定,周波数変換設備,2023/02/14,夜間帯,順方向,1500,1500,0,600,600,0,2100,熱容量,0,0,0,0,2023/01/20 17:05:04
月間,202301,策定,周波数変換設備,2023/02/14,夜間帯,逆方向,-1500,-1500,0,-600,-600,0,-2100,熱容量,0,0,0,0,2023/01/20 17:05:04
月間,202301,策定,周波数変換設備,2023/02/15,昼間帯,順方向,1500,1500,0,600,600,0,2100,熱容量,0,0,0,0,2023/01/20 17:05:04
月間,202301,策定,周波数変換設備,2023/02/15,昼間帯,逆方向,-1500,-1500,0,-600,-600,0,-2100,熱容量,0,0,0,0,2023/01/20 17:05:04
月間,202301,策定,周波数変換設備,2023/02/15,夜間帯,順方向,1500,1500,0,600,600,0,2100,熱容量,0,0,0,0,2023/01/20 17:05:04
月間,202301,策定,周波数変換設備,2023/02/15,夜間帯,逆方向,-1500,-1500,0,-600,-600,0,-2100,熱容量,0,0,0,0,2023/01/20 17:05:04
月間,202301,策定,周波数変換設備,2023/02/16,昼間帯,順方向,1500,1500,0,600,600,0,2100,熱容量,0,0,0,0,2023/01/20 17:05:04
月間,202301,策定,周波数変換設備,2023/02/16,昼間帯,逆方向,-1500,-1500,0,-600,-600,0,-2100,熱容量,0,0,0,0,2023/01/20 17:05:04
月間,202301,策定,周波数変換設備,2023/02/16,夜間帯,順方向,1500,1500,0,600,600,0,2100,熱容量,0,0,0,0,2023/01/20 17:05:04
月間,202301,策定,周波数変換設備,2023/02/16,夜間帯,逆方向,-1500,-1500,0,-600,-600,0,-2100,熱容量,0,0,0,0,2023/01/20 17:05:04
月間,202301,策定,周波数変換設備,2023/02/17,昼間帯,順方向,1500,1500,0,600,600,0,2100,熱容量,0,0,0,0,2023/01/20 17:05:04
月間,202301,策定,周波数変換設備,2023/02/17,昼間帯,逆方向,-1500,-1500,0,-600,-600,0,-2100,熱容量,0,0,0,0,2023/01/20 17:05:04
月間,202301,策定,周波数変換設備,2023/02/17,夜間帯,順方向,1500,1500,0,600,600,0,2100,熱容量,0,0,0,0,2023/01/20 17:05:04
月間,202301,策定,周波数変換設備,2023/02/17,夜間帯,逆方向,-1500,-1500,0,-600,-600,0,-2100,熱容量,0,0,0,0,2023/01/20 17:05:04
月間,202301,策定,周波数変換設備,2023/02/18,昼間帯,順方向,1500,1500,0,600,600,0,2100,熱容量,0,0,0,0,2023/01/20 17:05:04
月間,202301,策定,周波数変換設備,2023/02/18,昼間帯,逆方向,-1500,-1500,0,-600,-600,0,-2100,熱容量,0,0,0,0,2023/01/20 17:05:04
月間,202301,策定,周波数変換設備,2023/02/18,夜間帯,順方向,1500,1500,0,600,600,0,2100,熱容量,0,0,0,0,2023/01/20 17:05:04
月間,202301,策定,周波数変換設備,2023/02/18,夜間帯,逆方向,-1500,-1500,0,-600,-600,0,-2100,熱容量,0,0,0,0,2023/01/20 17:05:04
月間,202301,策定,周波数変換設備,2023/02/19,昼間帯,順方向,1500,1500,0,600,600,0,2100,熱容量,0,0,0,0,2023/01/20 17:05:04
月間,202301,策定,周波数変換設備,2023/02/19,昼間帯,逆方向,-1500,-1500,0,-600,-600,0,-2100,熱容量,0,0,0,0,2023/01/20 17:05:04
月間,202301,策定,周波数変換設備,2023/02/19,夜間帯,順方向,1500,1500,0,600,600,0,2100,熱容量,0,0,0,0,2023/01/20 17:05:04
月間,202301,策定,周波数変換設備,2023/02/19,夜間帯,逆方向,-1500,-1500,0,-600,-600,0,-2100,熱容量,0,0,0,0,2023/01/20 17:05:04
月間,202301,策定,周波数変換設備,2023/02/20,昼間帯,順方向,1500,1500,0,600,600,0,2100,熱容量,0,0,0,0,2023/01/20 17:05:04
月間,202301,策定,周波数変換設備,2023/02/20,昼間帯,逆方向,-1500,-1500,0,-600,-600,0,-2100,熱容量,0,0,0,0,2023/01/20 17:05:04
月間,202301,策定,周波数変換設備,2023/02/20,夜間帯,順方向,1500,1500,0,600,600,0,2100,熱容量,0,0,0,0,2023/01/20 17:05:04
月間,202301,策定,周波数変換設備,2023/02/20,夜間帯,逆方向,-1500,-1500,0,-600,-600,0,-2100,熱容量,0,0,0,0,2023/01/20 17:05:04
月間,202301,策定,周波数変換設備,2023/02/21,昼間帯,順方向,1500,1500,0,600,600,0,2100,熱容量,0,0,0,0,2023/01/20 17:05:04
月間,202301,策定,周波数変換設備,2023/02/21,昼間帯,逆方向,-1500,-1500,0,-600,-600,0,-2100,熱容量,0,0,0,0,2023/01/20 17:05:04
月間,202301,策定,周波数変換設備,2023/02/21,夜間帯,順方向,1500,1500,0,600,600,0,2100,熱容量,0,0,0,0,2023/01/20 17:05:04
月間,202301,策定,周波数変換設備,2023/02/21,夜間帯,逆方向,-1500,-1500,0,-600,-600,0,-2100,熱容量,0,0,0,0,2023/01/20 17:05:04
月間,202301,策定,周波数変換設備,2023/02/22,昼間帯,順方向,1500,1500,0,600,600,0,2100,熱容量,0,0,0,0,2023/01/20 17:05:04
月間,202301,策定,周波数変換設備,2023/02/22,昼間帯,逆方向,-1500,-1500,0,-600,-600,0,-2100,熱容量,0,0,0,0,2023/01/20 17:05:04
月間,202301,策定,周波数変換設備,2023/02/22,夜間帯,順方向,1500,1500,0,600,600,0,2100,熱容量,0,0,0,0,2023/01/20 17:05:04
月間,202301,策定,周波数変換設備,2023/02/22,夜間帯,逆方向,-1500,-1500,0,-600,-600,0,-2100,熱容量,0,0,0,0,2023/01/20 17:05:04
月間,202301,策定,周波数変換設備,2023/02/23,昼間帯,順方向,1500,1500,0,600,600,0,2100,熱容量,0,0,0,0,2023/01/20 17:05:04
月間,202301,策定,周波数変換設備,2023/02/23,昼間帯,逆方向,-1500,-1500,0,-600,-600,0,-2100,熱容量,0,0,0,0,2023/01/20 17:05:04
月間,202301,策定,周波数変換設備,2023/02/23,夜間帯,順方向,1500,1500,0,600,600,0,2100,熱容量,0,0,0,0,2023/01/20 17:05:04
月間,202301,策定,周波数変換設備,2023/02/23,夜間帯,逆方向,-1500,-1500,0,-600,-600,0,-2100,熱容量,0,0,0,0,2023/01/20 17:05:04
月間,202301,策定,周波数変換設備,2023/02/24,昼間帯,順方向,1500,1500,0,600,600,0,2100,熱容量,0,0,0,0,2023/01/20 17:05:04
月間,202301,策定,周波数変換設備,2023/02/24,昼間帯,逆方向,-1500,-1500,0,-600,-600,0,-2100,熱容量,0,0,0,0,2023/01/20 17:05:04
月間,202301,策定,周波数変換設備,2023/02/24,夜間帯,順方向,1500,1500,0,600,600,0,2100,熱容量,0,0,0,0,2023/01/20 17:05:04
月間,202301,策定,周波数変換設備,2023/02/24,夜間帯,逆方向,-1500,-1500,0,-600,-600,0,-2100,熱容量,0,0,0,0,2023/01/20 17:05:04
月間,202301,策定,周波数変換設備,2023/02/25,昼間帯,順方向,1500,1500,0,600,600,0,2100,熱容量,0,0,0,0,2023/01/20 17:05:04
月間,202301,策定,周波数変換設備,2023/02/25,昼間帯,逆方向,-1500,-1500,0,-600,-600,0,-2100,熱容量,0,0,0,0,2023/01/20 17:05:04
月間,202301,策定,周波数変換設備,2023/02/25,夜間帯,順方向,1500,1500,0,600,600,0,2100,熱容量,0,0,0,0,2023/01/20 17:05:04
月間,202301,策定,周波数変換設備,2023/02/25,夜間帯,逆方向,-1500,-1500,0,-600,-600,0,-2100,熱容量,0,0,0,0,2023/01/20 17:05:04
月間,202301,策定,周波数変換設備,2023/02/26,昼間帯,順方向,1500,1500,0,600,600,0,2100,熱容量,0,0,0,0,2023/01/20 17:05:04
月間,202301,策定,周波数変換設備,2023/02/26,昼間帯,逆方向,-1500,-1500,0,-600,-600,0,-2100,熱容量,0,0,0,0,2023/01/20 17:05:04
月間,202301,策定,周波数変換設備,2023/02/26,夜間帯,順方向,1500,1500,0,600,600,0,2100,熱容量,0,0,0,0,2023/01/20 17:05:04
月間,202301,策定,周波数変換設備,2023/02/26,夜間帯,逆方向,-1500,-1500,0,-600,-600,0,-2100,熱容量,0,0,0,0,2023/01/20 17:05:04
月間,202301,策定,周波数変換設備,2023/02/27,昼間帯,順方向,1500,1500,0,600,600,0,2100,熱容量,0,0,0,0,2023/01/20 17:05:04
月間,202301,策定,周波数変換設備,2023/02/27,昼間帯,逆方向,-1500,-1500,0,-600,-600,0,-2100,熱容量,0,0,0,0,2023/01/20 17:05:04
月間,202301,策定,周波数変換設備,2023/02/27,夜間帯,順方向,1500,1500,0,600,600,0,2100,熱容量,0,0,0,0,2023/01/20 17:05:04
月間,202301,策定,周波数変換設備,2023/02/27,夜間帯,逆方向,-1500,-1500,0,-600,-600,0,-2100,熱容量,0,0,0,0,2023/01/20 17:05:04
月間,202301,策定,周波数変換設備,2023/02/28,昼間帯,順方向,1500,1500,0,600,600,0,2100,熱容量,0,0,0,0,2023/01/20 17:05:04
月間,202301,策定,周波数変換設備,2023/02/28,昼間帯,逆方向,-1500,-1500,0,-600,-600,0,-2100,熱容量,0,0,0,0,2023/01/20 17:05:04
月間,202301,策定,周波数変換設備,2023/02/28,夜間帯,順方向,1500,1500,0,600,600,0,2100,熱容量,0,0,0,0,2023/01/20 17:05:04
月間,202301,策定,周波数変換設備,2023/02/28,夜間帯,逆方向,-1500,-1500,0,-600,-600,0,-2100,熱容量,0,0,0,0,2023/01/20 17:05:04
月間,202212,策定,三重東近江線,2023/02/01,昼間帯,順方向,870,870,0,0,0,0,870,周波数,0,0,0,0,2022/12/20 17:05:05
月間,202212,策定,三重東近江線,2023/02/01,昼間帯,逆方向,-2500,-2500,0,0,0,0,-2500,周波数,0,0,0,0,2022/12/20 17:05:05
月間,202212,策定,三重東近江線,2023/02/01,夜間帯,順方向,1250,1250,0,0,0,0,1250,周波数,0,0,0,0,2022/12/20 17:05:05
月間,202212,策定,三重東近江線,2023/02/01,夜間帯,逆方向,-2000,-2000,0,0,0,0,-2000,周波数,0,0,0,0,2022/12/20 17:05:05
月間,202212,策定,三重東近江線,2023/02/02,昼間帯,順方向,870,870,0,0,0,0,870,周波数,0,0,0,0,2022/12/20 17:05:05
月間,202212,策定,三重東近江線,2023/02/02,昼間帯,逆方向,-2500,-2500,0,0,0,0,-2500,周波数,0,0,0,0,2022/12/20 17:05:05
月間,202212,策定,三重東近江線,2023/02/02,夜間帯,順方向,1250,1250,0,0,0,0,1250,周波数,0,0,0,0,2022/12/20 17:05:05
月間,202212,策定,三重東近江線,2023/02/02,夜間帯,逆方向,-2000,-2000,0,0,0,0,-2000,周波数,0,0,0,0,2022/12/20 17:05:05
月間,202212,策定,三重東近江線,2023/02/03,昼間帯,順方向,870,870,0,0,0,0,870,周波数,0,0,0,0,2022/12/20 17:05:05
月間,202212,策定,三重東近江線,2023/02/03,昼間帯,逆方向,-2500,-2500,0,0,0,0,-2500,周波数,0,0,0,0,2022/12/20 17:05:05
月間,202212,策定,三重東近江線,2023/02/03,夜間帯,順方向,1250,1250,0,0,0,0,1250,周波数,0,0,0,0,2022/12/20 17:05:05
月間,202212,策定,三重東近江線,2023/02/03,夜間帯,逆方向,-2000,-2000,0,0,0,0,-2000,周波数,0,0,0,0,2022/12/20 17:05:05
月間,202212,策定,三重東近江線,2023/02/04,昼間帯,順方向,580,580,0,0,0,0,580,周波数,0,0,0,0,2022/12/20 17:05:05
月間,202212,策定,三重東近江線,2023/02/04,昼間帯,逆方向,-2500,-2500,0,0,0,0,-2500,周波数,0,0,0,0,2022/12/20 17:05:05
月間,202212,策定,三重東近江線,2023/02/04,夜間帯,順方向,1120,1120,0,0,0,0,1120,周波数,0,0,0,0,2022/12/20 17:05:05
月間,202212,策定,三重東近江線,2023/02/04,夜間帯,逆方向,-2000,-2000,0,0,0,0,-2000,周波数,0,0,0,0,2022/12/20 17:05:05
月間,202212,策定,三重東近江線,2023/02/05,昼間帯,順方向,580,580,0,0,0,0,580,周波数,0,0,0,0,2022/12/20 17:05:05
月間,202212,策定,三重東近江線,2023/02/05,昼間帯,逆方向,-2000,-2000,0,0,0,0,-2000,周波数,0,0,0,0,2022/12/20 17:05:05
月間,202212,策定,三重東近江線,2023/02/05,夜間帯,順方向,1120,1120,0,0,0,0,1120,周波数,0,0,0,0,2022/12/20 17:05:05
月間,202212,策定,三重東近江線,2023/02/05,夜間帯,逆方向,-2000,-2000,0,0,0,0,-2000,周波数,0,0,0,0,2022/12/20 17:05:05
月間,202212,策定,三重東近江線,2023/02/06,昼間帯,順方向,870,870,0,0,0,0,870,周波数,0,0,0,0,2022/12/20 17:05:05
月間,202212,策定,三重東近江線,2023/02/06,昼間帯,逆方向,-2500,-2500,0,0,0,0,-2500,周波数,0,0,0,0,2022/12/20 17:05:05
月間,202212,策定,三重東近江線,2023/02/06,夜間帯,順方向,1120,1120,0,0,0,0,1120,周波数,0,0,0,0,2022/12/20 17:05:05
月間,202212,策定,三重東近江線,2023/02/06,夜間帯,逆方向,-2000,-2000,0,0,0,0,-2000,周波数,0,0,0,0,2022/12/20 17:05:05
月間,202212,策定,三重東近江線,2023/02/07,昼間帯,順方向,870,870,0,0,0,0,870,周波数,0,0,0,0,2022/12/20 17:05:05
月間,202212,策定,三重東近江線,2023/02/07,昼間帯,逆方向,-2500,-2500,0,0,0,0,-2500,周波数,0,0,0,0,2022/12/20 17:05:05
月間,202212,策定,三重東近江線,2023/02/07,夜間帯,順方向,1250,1250,0,0,0,0,1250,周波数,0,0,0,0,2022/12/20 17:05:05
月間,202212,策定,三重東近江線,2023/02/07,夜間帯,逆方向,-2000,-2000,0,0,0,0,-2000,周波数,0,0,0,0,2022/12/20 17:05:05
月間,202212,策定,三重東近江線,2023/02/08,昼間帯,順方向,870,870,0,0,0,0,870,周波数,0,0,0,0,2022/12/20 17:05:05
月間,202212,策定,三重東近江線,2023/02/08,昼間帯,逆方向,-2500,-2500,0,0,0,0,-2500,周波数,0,0,0,0,2022/12/20 17:05:05
月間,202212,策定,三重東近江線,2023/02/08,夜間帯,順方向,1250,1250,0,0,0,0,1250,周波数,0,0,0,0,2022/12/20 17:05:05
月間,202212,策定,三重東近江線,2023/02/08,夜間帯,逆方向,-2000,-2000,0,0,0,0,-2000,周波数,0,0,0,0,2022/12/20 17:05:05
月間,202212,策定,三重東近江線,2023/02/09,昼間帯,順方向,870,870,0,0,0,0,870,周波数,0,0,0,0,2022/12/20 17:05:05
月間,202212,策定,三重東近江線,2023/02/09,昼間帯,逆方向,-2500,-2500,0,0,0,0,-2500,周波数,0,0,0,0,2022/12/20 17:05:05
月間,202212,策定,三重東近江線,2023/02/09,夜間帯,順方向,1250,1250,0,0,0,0,1250,周波数,0,0,0,0,2022/12/20 17:05:05
月間,202212,策定,三重東近江線,2023/02/09,夜間帯,逆方向,-2000,-2000,0,0,0,0,-2000,周波数,0,0,0,0,2022/12/20 17:05:05
月間,202212,策定,三重東近江線,2023/02/10,昼間帯,順方向,870,870,0,0,0,0,870,周波数,0,0,0,0,2022/12/20 17:05:05
月間,202212,策定,三重東近江線,2023/02/10,昼間帯,逆方向,-2500,-2500,0,0,0,0,-2500,周波数,0,0,0,0,2022/12/20 17:05:05
月間,202212,策定,三重東近江線,2023/02/10,夜間帯,順方向,1250,1250,0,0,0,0,1250,周波数,0,0,0,0,2022/12/20 17:05:05
月間,202212,策定,三重東近江線,2023/02/10,夜間帯,逆方向,-2000,-2000,0,0,0,0,-2000,周波数,0,0,0,0,2022/12/20 17:05:05
月間,202212,策定,三重東近江線,2023/02/11,昼間帯,順方向,580,580,0,0,0,0,580,周波数,0,0,0,0,2022/12/20 17:05:05
月間,202212,策定,三重東近江線,2023/02/11,昼間帯,逆方向,-2500,-2500,0,0,0,0,-2500,周波数,0,0,0,0,2022/12/20 17:05:05
月間,202212,策定,三重東近江線,2023/02/11,夜間帯,順方向,1120,1120,0,0,0,0,1120,周波数,0,0,0,0,2022/12/20 17:05:05
月間,202212,策定,三重東近江線,2023/02/11,夜間帯,逆方向,-2000,-2000,0,0,0,0,-2000,周波数,0,0,0,0,2022/12/20 17:05:05
月間,202212,策定,三重東近江線,2023/02/12,昼間帯,順方向,580,580,0,0,0,0,580,周波数,0,0,0,0,2022/12/20 17:05:05
月間,202212,策定,三重東近江線,2023/02/12,昼間帯,逆方向,-2000,-2000,0,0,0,0,-2000,周波数,0,0,0,0,2022/12/20 17:05:05
月間,202212,策定,三重東近江線,2023/02/12,夜間帯,順方向,1120,1120,0,0,0,0,1120,周波数,0,0,0,0,2022/12/20 17:05:05
月間,202212,策定,三重東近江線,2023/02/12,夜間帯,逆方向,-2000,-2000,0,0,0,0,-2000,周波数,0,0,0,0,2022/12/20 17:05:05
月間,202212,策定,三重東近江線,2023/02/13,昼間帯,順方向,870,870,0,0,0,0,870,周波数,0,0,0,0,2022/12/20 17:05:05
月間,202212,策定,三重東近江線,2023/02/13,昼間帯,逆方向,-2500,-2500,0,0,0,0,-2500,周波数,0,0,0,0,2022/12/20 17:05:05
月間,202212,策定,三重東近江線,2023/02/13,夜間帯,順方向,1120,1120,0,0,0,0,1120,周波数,0,0,0,0,2022/12/20 17:05:05
月間,202212,策定,三重東近江線,2023/02/13,夜間帯,逆方向,-2000,-2000,0,0,0,0,-2000,周波数,0,0,0,0,2022/12/20 17:05:05
月間,202212,策定,三重東近江線,2023/02/14,昼間帯,順方向,870,870,0,0,0,0,870,周波数,0,0,0,0,2022/12/20 17:05:05
月間,202212,策定,三重東近江線,2023/02/14,昼間帯,逆方向,-2500,-2500,0,0,0,0,-2500,周波数,0,0,0,0,2022/12/20 17:05:05
月間,202212,策定,三重東近江線,2023/02/14,夜間帯,順方向,1250,1250,0,0,0,0,1250,周波数,0,0,0,0,2022/12/20 17:05:05
月間,202212,策定,三重東近江線,2023/02/14,夜間帯,逆方向,-2000,-2000,0,0,0,0,-2000,周波数,0,0,0,0,2022/12/20 17:05:05
月間,202212,策定,三重東近江線,2023/02/15,昼間帯,順方向,870,870,0,0,0,0,870,周波数,0,0,0,0,2022/12/20 17:05:05
月間,202212,策定,三重東近江線,2023/02/15,昼間帯,逆方向,-2500,-2500,0,0,0,0,-2500,周波数,0,0,0,0,2022/12/20 17:05:05
月間,202212,策定,三重東近江線,2023/02/15,夜間帯,順方向,1250,1250,0,0,0,0,1250,周波数,0,0,0,0,2022/12/20 17:05:05
月間,202212,策定,三重東近江線,2023/02/15,夜間帯,逆方向,-2000,-2000,0,0,0,0,-2000,周波数,0,0,0,0,2022/12/20 17:05:05
月間,202212,策定,三重東近江線,2023/02/16,昼間帯,順方向,870,870,0,0,0,0,870,周波数,0,0,0,0,2022/12/20 17:05:05
月間,202212,策定,三重東近江線,2023/02/16,昼間帯,逆方向,-2500,-2500,0,0,0,0,-2500,周波数,0,0,0,0,2022/12/20 17:05:05
月間,202212,策定,三重東近江線,2023/02/16,夜間帯,順方向,1250,1250,0,0,0,0,1250,周波数,0,0,0,0,2022/12/20 17:05:05
月間,202212,策定,三重東近江線,2023/02/16,夜間帯,逆方向,-2000,-2000,0,0,0,0,-2000,周波数,0,0,0,0,2022/12/20 17:05:05
月間,202212,策定,三重東近江線,2023/02/17,昼間帯,順方向,870,870,0,0,0,0,870,周波数,0,0,0,0,2022/12/20 17:05:05
月間,202212,策定,三重東近江線,2023/02/17,昼間帯,逆方向,-2500,-2500,0,0,0,0,-2500,周波数,0,0,0,0,2022/12/20 17:05:05
月間,202212,策定,三重東近江線,2023/02/17,夜間帯,順方向,1250,1250,0,0,0,0,1250,周波数,0,0,0,0,2022/12/20 17:05:05
月間,202212,策定,三重東近江線,2023/02/17,夜間帯,逆方向,-2000,-2000,0,0,0,0,-2000,周波数,0,0,0,0,2022/12/20 17:05:05
月間,202212,策定,三重東近江線,2023/02/18,昼間帯,順方向,580,580,0,0,0,0,580,周波数,0,0,0,0,2022/12/20 17:05:05
月間,202212,策定,三重東近江線,2023/02/18,昼間帯,逆方向,-2500,-2500,0,0,0,0,-2500,周波数,0,0,0,0,2022/12/20 17:05:05
月間,202212,策定,三重東近江線,2023/02/18,夜間帯,順方向,1120,1120,0,0,0,0,1120,周波数,0,0,0,0,2022/12/20 17:05:05
月間,202212,策定,三重東近江線,2023/02/18,夜間帯,逆方向,-2000,-2000,0,0,0,0,-2000,周波数,0,0,0,0,2022/12/20 17:05:05
月間,202212,策定,三重東近江線,2023/02/19,昼間帯,順方向,580,580,0,0,0,0,580,周波数,0,0,0,0,2022/12/20 17:05:05
月間,202212,策定,三重東近江線,2023/02/19,昼間帯,逆方向,-2000,-2000,0,0,0,0,-2000,周波数,0,0,0,0,2022/12/20 17:05:05
月間,202212,策定,三重東近江線,2023/02/19,夜間帯,順方向,1120,1120,0,0,0,0,1120,周波数,0,0,0,0,2022/12/20 17:05:05
月間,202212,策定,三重東近江線,2023/02/19,夜間帯,逆方向,-2000,-2000,0,0,0,0,-2000,周波数,0,0,0,0,2022/12/20 17:05:05
月間,202212,策定,三重東近江線,2023/02/20,昼間帯,順方向,870,870,0,0,0,0,870,周波数,0,0,0,0,2022/12/20 17:05:05
月間,202212,策定,三重東近江線,2023/02/20,昼間帯,逆方向,-2500,-2500,0,0,0,0,-2500,周波数,0,0,0,0,2022/12/20 17:05:05
月間,202212,策定,三重東近江線,2023/02/20,夜間帯,順方向,1120,1120,0,0,0,0,1120,周波数,0,0,0,0,2022/12/20 17:05:05
月間,202212,策定,三重東近江線,2023/02/20,夜間帯,逆方向,-2000,-2000,0,0,0,0,-2000,周波数,0,0,0,0,2022/12/20 17:05:05
月間,202212,策定,三重東近江線,2023/02/21,昼間帯,順方向,870,870,0,0,0,0,870,周波数,0,0,0,0,2022/12/20 17:05:05
月間,202212,策定,三重東近江線,2023/02/21,昼間帯,逆方向,-2500,-2500,0,0,0,0,-2500,周波数,0,0,0,0,2022/12/20 17:05:05
月間,202212,策定,三重東近江線,2023/02/21,夜間帯,順方向,1250,1250,0,0,0,0,1250,周波数,0,0,0,0,2022/12/20 17:05:05
月間,202212,策定,三重東近江線,2023/02/21,夜間帯,逆方向,-2000,-2000,0,0,0,0,-2000,周波数,0,0,0,0,2022/12/20 17:05:05
月間,202212,策定,三重東近江線,2023/02/22,昼間帯,順方向,870,870,0,0,0,0,870,周波数,0,0,0,0,2022/12/20 17:05:05
月間,202212,策定,三重東近江線,2023/02/22,昼間帯,逆方向,-2500,-2500,0,0,0,0,-2500,周波数,0,0,0,0,2022/12/20 17:05:05
月間,202212,策定,三重東近江線,2023/02/22,夜間帯,順方向,1250,1250,0,0,0,0,1250,周波数,0,0,0,0,2022/12/20 17:05:05
月間,202212,策定,三重東近江線,2023/02/22,夜間帯,逆方向,-2000,-2000,0,0,0,0,-2000,周波数,0,0,0,0,2022/12/20 17:05:05
月間,202212,策定,三重東近江線,2023/02/23,昼間帯,順方向,580,580,0,0,0,0,580,周波数,0,0,0,0,2022/12/20 17:05:05
月間,202212,策定,三重東近江線,2023/02/23,昼間帯,逆方向,-2000,-2000,0,0,0,0,-2000,周波数,0,0,0,0,2022/12/20 17:05:05
月間,202212,策定,三重東近江線,2023/02/23,夜間帯,順方向,1120,1120,0,0,0,0,1120,周波数,0,0,0,0,2022/12/20 17:05:05
月間,202212,策定,三重東近江線,2023/02/23,夜間帯,逆方向,-2000,-2000,0,0,0,0,-2000,周波数,0,0,0,0,2022/12/20 17:05:05
月間,202212,策定,三重東近江線,2023/02/24,昼間帯,順方向,870,870,0,0,0,0,870,周波数,0,0,0,0,2022/12/20 17:05:05
月間,202212,策定,三重東近江線,2023/02/24,昼間帯,逆方向,-2500,-2500,0,0,0,0,-2500,周波数,0,0,0,0,2022/12/20 17:05:05
月間,202212,策定,三重東近江線,2023/02/24,夜間帯,順方向,1120,1120,0,0,0,0,1120,周波数,0,0,0,0,2022/12/20 17:05:05
月間,202212,策定,三重東近江線,2023/02/24,夜間帯,逆方向,-2000,-2000,0,0,0,0,-2000,周波数,0,0,0,0,2022/12/20 17:05:05
月間,202212,策定,三重東近江線,2023/02/25,昼間帯,順方向,580,580,0,0,0,0,580,周波数,0,0,0,0,2022/12/20 17:05:05
月間,202212,策定,三重東近江線,2023/02/25,昼間帯,逆方向,-2500,-2500,0,0,0,0,-2500,周波数,0,0,0,0,2022/12/20 17:05:05
月間,202212,策定,三重東近江線,2023/02/25,夜間帯,順方向,1120,1120,0,0,0,0,1120,周波数,0,0,0,0,2022/12/20 17:05:05
月間,202212,策定,三重東近江線,2023/02/25,夜間帯,逆方向,-2000,-2000,0,0,0,0,-2000,周波数,0,0,0,0,2022/12/20 17:05:05
月間,202212,策定,三重東近江線,2023/02/26,昼間帯,順方向,580,580,0,0,0,0,580,周波数,0,0,0,0,2022/12/20 17:05:05
月間,202212,策定,三重東近江線,2023/02/26,昼間帯,逆方向,-2000,-2000,0,0,0,0,-2000,周波数,0,0,0,0,2022/12/20 17:05:05
月間,202212,策定,三重東近江線,2023/02/26,夜間帯,順方向,1120,1120,0,0,0,0,1120,周波数,0,0,0,0,2022/12/20 17:05:05
月間,202212,策定,三重東近江線,2023/02/26,夜間帯,逆方向,-2000,-2000,0,0,0,0,-2000,周波数,0,0,0,0,2022/12/20 17:05:05
月間,202212,策定,三重東近江線,2023/02/27,昼間帯,順方向,870,870,0,0,0,0,870,周波数,0,0,0,0,2022/12/20 17:05:05
月間,202212,策定,三重東近江線,2023/02/27,昼間帯,逆方向,-2500,-2500,0,0,0,0,-2500,周波数,0,0,0,0,2022/12/20 17:05:05
月間,202212,策定,三重東近江線,2023/02/27,夜間帯,順方向,1120,1120,0,0,0,0,1120,周波数,0,0,0,0,2022/12/20 17:05:05
月間,202212,策定,三重東近江線,2023/02/27,夜間帯,逆方向,-2000,-2000,0,0,0,0,-2000,周波数,0,0,0,0,2022/12/20 17:05:05
月間,202212,策定,三重東近江線,2023/02/28,昼間帯,順方向,870,870,0,0,0,0,870,周波数,0,0,0,0,2022/12/20 17:05:05
月間,202212,策定,三重東近江線,2023/02/28,昼間帯,逆方向,-2500,-2500,0,0,0,0,-2500,周波数,0,0,0,0,2022/12/20 17:05:05
月間,202212,策定,三重東近江線,2023/02/28,夜間帯,順方向,1250,1250,0,0,0,0,1250,周波数,0,0,0,0,2022/12/20 17:05:05
月間,202212,策定,三重東近江線,2023/02/28,夜間帯,逆方向,-2000,-2000,0,0,0,0,-2000,周波数,0,0,0,0,2022/12/20 17:05:05
月間,202301,策定,三重東近江線,2023/02/04,昼間帯,順方向,580,580,0,0,0,0,580,周波数,0,0,0,0,2023/01/20 17:05:04
月間,202301,策定,三重東近江線,2023/02/04,昼間帯,逆方向,-2500,-2500,0,0,0,0,-2500,周波数,0,0,0,0,2023/01/20 17:05:04
月間,202301,策定,三重東近江線,2023/02/04,夜間帯,順方向,1120,1120,0,0,0,0,1120,周波数,0,0,0,0,2023/01/20 17:05:04
月間,202301,策定,三重東近江線,2023/02/04,夜間帯,逆方向,-2000,-2000,0,0,0,0,-2000,周波数,0,0,0,0,2023/01/20 17:05:04
月間,202301,策定,三重東近江線,2023/02/05,昼間帯,順方向,580,580,0,0,0,0,580,周波数,0,0,0,0,2023/01/20 17:05:04
月間,202301,策定,三重東近江線,2023/02/05,昼間帯,逆方向,-2000,-2000,0,0,0,0,-2000,周波数,0,0,0,0,2023/01/20 17:05:04
月間,202301,策定,三重東近江線,2023/02/05,夜間帯,順方向,1120,1120,0,0,0,0,1120,周波数,0,0,0,0,2023/01/20 17:05:04
月間,202301,策定,三重東近江線,2023/02/05,夜間帯,逆方向,-2000,-2000,0,0,0,0,-2000,周波数,0,0,0,0,2023/01/20 17:05:04
月間,202301,策定,三重東近江線,2023/02/06,昼間帯,順方向,870,870,0,0,0,0,870,周波数,0,0,0,0,2023/01/20 17:05:04
月間,202301,策定,三重東近江線,2023/02/06,昼間帯,逆方向,-2500,-2500,0,0,0,0,-2500,周波数,0,0,0,0,2023/01/20 17:05:04
月間,202301,策定,三重東近江線,2023/02/06,夜間帯,順方向,1120,1120,0,0,0,0,1120,周波数,0,0,0,0,2023/01/20 17:05:04
月間,202301,策定,三重東近江線,2023/02/06,夜間帯,逆方向,-2000,-2000,0,0,0,0,-2000,周波数,0,0,0,0,2023/01/20 17:05:04
月間,202301,策定,三重東近江線,2023/02/07,昼間帯,順方向,870,870,0,0,0,0,870,周波数,0,0,0,0,2023/01/20 17:05:04
月間,202301,策定,三重東近江線,2023/02/07,昼間帯,逆方向,-2500,-2500,0,0,0,0,-2500,周波数,0,0,0,0,2023/01/20 17:05:04
月間,202301,策定,三重東近江線,2023/02/07,夜間帯,順方向,1250,1250,0,0,0,0,1250,周波数,0,0,0,0,2023/01/20 17:05:04
月間,202301,策定,三重東近江線,2023/02/07,夜間帯,逆方向,-2000,-2000,0,0,0,0,-2000,周波数,0,0,0,0,2023/01/20 17:05:04
月間,202301,策定,三重東近江線,2023/02/08,昼間帯,順方向,870,870,0,0,0,0,870,周波数,0,0,0,0,2023/01/20 17:05:04
月間,202301,策定,三重東近江線,2023/02/08,昼間帯,逆方向,-2500,-2500,0,0,0,0,-2500,周波数,0,0,0,0,2023/01/20 17:05:04
月間,202301,策定,三重東近江線,2023/02/08,夜間帯,順方向,1250,1250,0,0,0,0,1250,周波数,0,0,0,0,2023/01/20 17:05:04
月間,202301,策定,三重東近江線,2023/02/08,夜間帯,逆方向,-2000,-2000,0,0,0,0,-2000,周波数,0,0,0,0,2023/01/20 17:05:04
月間,202301,策定,三重東近江線,2023/02/09,昼間帯,順方向,870,870,0,0,0,0,870,周波数,0,0,0,0,2023/01/20 17:05:04
月間,202301,策定,三重東近江線,2023/02/09,昼間帯,逆方向,-2500,-2500,0,0,0,0,-2500,周波数,0,0,0,0,2023/01/20 17:05:04
月間,202301,策定,三重東近江線,2023/02/09,夜間帯,順方向,1250,1250,0,0,0,0,1250,周波数,0,0,0,0,2023/01/20 17:05:04
月間,202301,策定,三重東近江線,2023/02/09,夜間帯,逆方向,-2000,-2000,0,0,0,0,-2000,周波数,0,0,0,0,2023/01/20 17:05:04
月間,202301,策定,三重東近江線,2023/02/10,昼間帯,順方向,870,870,0,0,0,0,870,周波数,0,0,0,0,2023/01/20 17:05:04
月間,202301,策定,三重東近江線,2023/02/10,昼間帯,逆方向,-2500,-2500,0,0,0,0,-2500,周波数,0,0,0,0,2023/01/20 17:05:04
月間,202301,策定,三重東近江線,2023/02/10,夜間帯,順方向,1250,1250,0,0,0,0,1250,周波数,0,0,0,0,2023/01/20 17:05:04
月間,202301,策定,三重東近江線,2023/02/10,夜間帯,逆方向,-2000,-2000,0,0,0,0,-2000,周波数,0,0,0,0,2023/01/20 17:05:04
月間,202301,策定,三重東近江線,2023/02/11,昼間帯,順方向,580,580,0,0,0,0,580,周波数,0,0,0,0,2023/01/20 17:05:04
月間,202301,策定,三重東近江線,2023/02/11,昼間帯,逆方向,-2500,-2500,0,0,0,0,-2500,周波数,0,0,0,0,2023/01/20 17:05:04
月間,202301,策定,三重東近江線,2023/02/11,夜間帯,順方向,1120,1120,0,0,0,0,1120,周波数,0,0,0,0,2023/01/20 17:05:04
月間,202301,策定,三重東近江線,2023/02/11,夜間帯,逆方向,-2000,-2000,0,0,0,0,-2000,周波数,0,0,0,0,2023/01/20 17:05:04
月間,202301,策定,三重東近江線,2023/02/12,昼間帯,順方向,580,580,0,0,0,0,580,周波数,0,0,0,0,2023/01/20 17:05:04
月間,202301,策定,三重東近江線,2023/02/12,昼間帯,逆方向,-2000,-2000,0,0,0,0,-2000,周波数,0,0,0,0,2023/01/20 17:05:04
月間,202301,策定,三重東近江線,2023/02/12,夜間帯,順方向,1120,1120,0,0,0,0,1120,周波数,0,0,0,0,2023/01/20 17:05:04
月間,202301,策定,三重東近江線,2023/02/12,夜間帯,逆方向,-2000,-2000,0,0,0,0,-2000,周波数,0,0,0,0,2023/01/20 17:05:04
月間,202301,策定,三重東近江線,2023/02/13,昼間帯,順方向,870,870,0,0,0,0,870,周波数,0,0,0,0,2023/01/20 17:05:04
月間,202301,策定,三重東近江線,2023/02/13,昼間帯,逆方向,-2500,-2500,0,0,0,0,-2500,周波数,0,0,0,0,2023/01/20 17:05:04
月間,202301,策定,三重東近江線,2023/02/13,夜間帯,順方向,1120,1120,0,0,0,0,1120,周波数,0,0,0,0,2023/01/20 17:05:04
月間,202301,策定,三重東近江線,2023/02/13,夜間帯,逆方向,-2000,-2000,0,0,0,0,-2000,周波数,0,0,0,0,2023/01/20 17:05:04
月間,202301,策定,三重東近江線,2023/02/14,昼間帯,順方向,870,870,0,0,0,0,870,周波数,0,0,0,0,2023/01/20 17:05:04
月間,202301,策定,三重東近江線,2023/02/14,昼間帯,逆方向,-2500,-2500,0,0,0,0,-2500,周波数,0,0,0,0,2023/01/20 17:05:04
月間,202301,策定,三重東近江線,2023/02/14,夜間帯,順方向,1250,1250,0,0,0,0,1250,周波数,0,0,0,0,2023/01/20 17:05:04
月間,202301,策定,三重東近江線,2023/02/14,夜間帯,逆方向,-2000,-2000,0,0,0,0,-2000,周波数,0,0,0,0,2023/01/20 17:05:04
月間,202301,策定,三重東近江線,2023/02/15,昼間帯,順方向,870,870,0,0,0,0,870,周波数,0,0,0,0,2023/01/20 17:05:04
月間,202301,策定,三重東近江線,2023/02/15,昼間帯,逆方向,-2500,-2500,0,0,0,0,-2500,周波数,0,0,0,0,2023/01/20 17:05:04
月間,202301,策定,三重東近江線,2023/02/15,夜間帯,順方向,1250,1250,0,0,0,0,1250,周波数,0,0,0,0,2023/01/20 17:05:04
月間,202301,策定,三重東近江線,2023/02/15,夜間帯,逆方向,-2000,-2000,0,0,0,0,-2000,周波数,0,0,0,0,2023/01/20 17:05:04
月間,202301,策定,三重東近江線,2023/02/16,昼間帯,順方向,870,870,0,0,0,0,870,周波数,0,0,0,0,2023/01/20 17:05:04
月間,202301,策定,三重東近江線,2023/02/16,昼間帯,逆方向,-2500,-2500,0,0,0,0,-2500,周波数,0,0,0,0,2023/01/20 17:05:04
月間,202301,策定,三重東近江線,2023/02/16,夜間帯,順方向,1250,1250,0,0,0,0,1250,周波数,0,0,0,0,2023/01/20 17:05:04
月間,202301,策定,三重東近江線,2023/02/16,夜間帯,逆方向,-2000,-2000,0,0,0,0,-2000,周波数,0,0,0,0,2023/01/20 17:05:04
月間,202301,策定,三重東近江線,2023/02/17,昼間帯,順方向,870,870,0,0,0,0,870,周波数,0,0,0,0,2023/01/20 17:05:04
月間,202301,策定,三重東近江線,2023/02/17,昼間帯,逆方向,-2500,-2500,0,0,0,0,-2500,周波数,0,0,0,0,2023/01/20 17:05:04
月間,202301,策定,三重東近江線,2023/02/17,夜間帯,順方向,1250,1250,0,0,0,0,1250,周波数,0,0,0,0,2023/01/20 17:05:04
月間,202301,策定,三重東近江線,2023/02/17,夜間帯,逆方向,-2000,-2000,0,0,0,0,-2000,周波数,0,0,0,0,2023/01/20 17:05:04
月間,202301,策定,三重東近江線,2023/02/18,昼間帯,順方向,580,580,0,0,0,0,580,周波数,0,0,0,0,2023/01/20 17:05:04
月間,202301,策定,三重東近江線,2023/02/18,昼間帯,逆方向,-2500,-2500,0,0,0,0,-2500,周波数,0,0,0,0,2023/01/20 17:05:04
月間,202301,策定,三重東近江線,2023/02/18,夜間帯,順方向,1120,1120,0,0,0,0,1120,周波数,0,0,0,0,2023/01/20 17:05:04
月間,202301,策定,三重東近江線,2023/02/18,夜間帯,逆方向,-2000,-2000,0,0,0,0,-2000,周波数,0,0,0,0,2023/01/20 17:05:04
月間,202301,策定,三重東近江線,2023/02/19,昼間帯,順方向,580,580,0,0,0,0,580,周波数,0,0,0,0,2023/01/20 17:05:04
月間,202301,策定,三重東近江線,2023/02/19,昼間帯,逆方向,-2000,-2000,0,0,0,0,-2000,周波数,0,0,0,0,2023/01/20 17:05:04
月間,202301,策定,三重東近江線,2023/02/19,夜間帯,順方向,1120,1120,0,0,0,0,1120,周波数,0,0,0,0,2023/01/20 17:05:04
月間,202301,策定,三重東近江線,2023/02/19,夜間帯,逆方向,-2000,-2000,0,0,0,0,-2000,周波数,0,0,0,0,2023/01/20 17:05:04
月間,202301,策定,三重東近江線,2023/02/20,昼間帯,順方向,870,870,0,0,0,0,870,周波数,0,0,0,0,2023/01/20 17:05:04
月間,202301,策定,三重東近江線,2023/02/20,昼間帯,逆方向,-2500,-2500,0,0,0,0,-2500,周波数,0,0,0,0,2023/01/20 17:05:04
月間,202301,策定,三重東近江線,2023/02/20,夜間帯,順方向,1120,1120,0,0,0,0,1120,周波数,0,0,0,0,2023/01/20 17:05:04
月間,202301,策定,三重東近江線,2023/02/20,夜間帯,逆方向,-2000,-2000,0,0,0,0,-2000,周波数,0,0,0,0,2023/01/20 17:05:04
月間,202301,策定,三重東近江線,2023/02/21,昼間帯,順方向,870,870,0,0,0,0,870,周波数,0,0,0,0,2023/01/20 17:05:04
月間,202301,策定,三重東近江線,2023/02/21,昼間帯,逆方向,-2500,-2500,0,0,0,0,-2500,周波数,0,0,0,0,2023/01/20 17:05:04
月間,202301,策定,三重東近江線,2023/02/21,夜間帯,順方向,1250,1250,0,0,0,0,1250,周波数,0,0,0,0,2023/01/20 17:05:04
月間,202301,策定,三重東近江線,2023/02/21,夜間帯,逆方向,-2000,-2000,0,0,0,0,-2000,周波数,0,0,0,0,2023/01/20 17:05:04
月間,202301,策定,三重東近江線,2023/02/22,昼間帯,順方向,870,870,0,0,0,0,870,周波数,0,0,0,0,2023/01/20 17:05:04
月間,202301,策定,三重東近江線,2023/02/22,昼間帯,逆方向,-2500,-2500,0,0,0,0,-2500,周波数,0,0,0,0,2023/01/20 17:05:04
月間,202301,策定,三重東近江線,2023/02/22,夜間帯,順方向,1250,1250,0,0,0,0,1250,周波数,0,0,0,0,2023/01/20 17:05:04
月間,202301,策定,三重東近江線,2023/02/22,夜間帯,逆方向,-2000,-2000,0,0,0,0,-2000,周波数,0,0,0,0,2023/01/20 17:05:04
月間,202301,策定,三重東近江線,2023/02/23,昼間帯,順方向,580,580,0,0,0,0,580,周波数,0,0,0,0,2023/01/20 17:05:04
月間,202301,策定,三重東近江線,2023/02/23,昼間帯,逆方向,-2000,-2000,0,0,0,0,-2000,周波数,0,0,0,0,2023/01/20 17:05:04
月間,202301,策定,三重東近江線,2023/02/23,夜間帯,順方向,1120,1120,0,0,0,0,1120,周波数,0,0,0,0,2023/01/20 17:05:04
月間,202301,策定,三重東近江線,2023/02/23,夜間帯,逆方向,-2000,-2000,0,0,0,0,-2000,周波数,0,0,0,0,2023/01/20 17:05:04
月間,202301,策定,三重東近江線,2023/02/24,昼間帯,順方向,870,870,0,0,0,0,870,周波数,0,0,0,0,2023/01/20 17:05:04
月間,202301,策定,三重東近江線,2023/02/24,昼間帯,逆方向,-2500,-2500,0,0,0,0,-2500,周波数,0,0,0,0,2023/01/20 17:05:04
月間,202301,策定,三重東近江線,2023/02/24,夜間帯,順方向,1120,1120,0,0,0,0,1120,周波数,0,0,0,0,2023/01/20 17:05:04
月間,202301,策定,三重東近江線,2023/02/24,夜間帯,逆方向,-2000,-2000,0,0,0,0,-2000,周波数,0,0,0,0,2023/01/20 17:05:04
月間,202301,策定,三重東近江線,2023/02/25,昼間帯,順方向,580,580,0,0,0,0,580,周波数,0,0,0,0,2023/01/20 17:05:04
月間,202301,策定,三重東近江線,2023/02/25,昼間帯,逆方向,-2500,-2500,0,0,0,0,-2500,周波数,0,0,0,0,2023/01/20 17:05:04
月間,202301,策定,三重東近江線,2023/02/25,夜間帯,順方向,1120,1120,0,0,0,0,1120,周波数,0,0,0,0,2023/01/20 17:05:04
月間,202301,策定,三重東近江線,2023/02/25,夜間帯,逆方向,-2000,-2000,0,0,0,0,-2000,周波数,0,0,0,0,2023/01/20 17:05:04
月間,202301,策定,三重東近江線,2023/02/26,昼間帯,順方向,580,580,0,0,0,0,580,周波数,0,0,0,0,2023/01/20 17:05:04
月間,202301,策定,三重東近江線,2023/02/26,昼間帯,逆方向,-2000,-2000,0,0,0,0,-2000,周波数,0,0,0,0,2023/01/20 17:05:04
月間,202301,策定,三重東近江線,2023/02/26,夜間帯,順方向,1120,1120,0,0,0,0,1120,周波数,0,0,0,0,2023/01/20 17:05:04
月間,202301,策定,三重東近江線,2023/02/26,夜間帯,逆方向,-2000,-2000,0,0,0,0,-2000,周波数,0,0,0,0,2023/01/20 17:05:04
月間,202301,策定,三重東近江線,2023/02/27,昼間帯,順方向,870,870,0,0,0,0,870,周波数,0,0,0,0,2023/01/20 17:05:04
月間,202301,策定,三重東近江線,2023/02/27,昼間帯,逆方向,-2500,-2500,0,0,0,0,-2500,周波数,0,0,0,0,2023/01/20 17:05:04
月間,202301,策定,三重東近江線,2023/02/27,夜間帯,順方向,1120,1120,0,0,0,0,1120,周波数,0,0,0,0,2023/01/20 17:05:04
月間,202301,策定,三重東近江線,2023/02/27,夜間帯,逆方向,-2000,-2000,0,0,0,0,-2000,周波数,0,0,0,0,2023/01/20 17:05:04
月間,202301,策定,三重東近江線,2023/02/28,昼間帯,順方向,870,870,0,0,0,0,870,周波数,0,0,0,0,2023/01/20 17:05:04
月間,202301,策定,三重東近江線,2023/02/28,昼間帯,逆方向,-2500,-2500,0,0,0,0,-2500,周波数,0,0,0,0,2023/01/20 17:05:04
月間,202301,策定,三重東近江線,2023/02/28,夜間帯,順方向,1250,1250,0,0,0,0,1250,周波数,0,0,0,0,2023/01/20 17:05:04
月間,202301,策定,三重東近江線,2023/02/28,夜間帯,逆方向,-2000,-2000,0,0,0,0,-2000,周波数,0,0,0,0,2023/01/20 17:05:04
月間,202212,策定,南福光連系所・南福光変電所の連系設備,2023/02/01,昼間帯,順方向,300,300,0,0,0,0,300,熱容量,0,0,0,0,2022/12/20 17:05:05
月間,202212,策定,南福光連系所・南福光変電所の連系設備,2023/02/01,昼間帯,逆方向,-300,-300,0,0,0,0,-300,熱容量,0,0,0,0,2022/12/20 17:05:05
月間,202212,策定,南福光連系所・南福光変電所の連系設備,2023/02/01,夜間帯,順方向,300,300,0,0,0,0,300,熱容量,0,0,0,0,2022/12/20 17:05:05
月間,202212,策定,南福光連系所・南福光変電所の連系設備,2023/02/01,夜間帯,逆方向,-300,-300,0,0,0,0,-300,熱容量,0,0,0,0,2022/12/20 17:05:05
月間,202212,策定,南福光連系所・南福光変電所の連系設備,2023/02/02,昼間帯,順方向,300,300,0,0,0,0,300,熱容量,0,0,0,0,2022/12/20 17:05:05
月間,202212,策定,南福光連系所・南福光変電所の連系設備,2023/02/02,昼間帯,逆方向,-300,-300,0,0,0,0,-300,熱容量,0,0,0,0,2022/12/20 17:05:05
月間,202212,策定,南福光連系所・南福光変電所の連系設備,2023/02/02,夜間帯,順方向,300,300,0,0,0,0,300,熱容量,0,0,0,0,2022/12/20 17:05:05
月間,202212,策定,南福光連系所・南福光変電所の連系設備,2023/02/02,夜間帯,逆方向,-300,-300,0,0,0,0,-300,熱容量,0,0,0,0,2022/12/20 17:05:05
月間,202212,策定,南福光連系所・南福光変電所の連系設備,2023/02/03,昼間帯,順方向,300,300,0,0,0,0,300,熱容量,0,0,0,0,2022/12/20 17:05:05
月間,202212,策定,南福光連系所・南福光変電所の連系設備,2023/02/03,昼間帯,逆方向,-300,-300,0,0,0,0,-300,熱容量,0,0,0,0,2022/12/20 17:05:05
月間,202212,策定,南福光連系所・南福光変電所の連系設備,2023/02/03,夜間帯,順方向,300,300,0,0,0,0,300,熱容量,0,0,0,0,2022/12/20 17:05:05
月間,202212,策定,南福光連系所・南福光変電所の連系設備,2023/02/03,夜間帯,逆方向,-300,-300,0,0,0,0,-300,熱容量,0,0,0,0,2022/12/20 17:05:05
月間,202212,策定,南福光連系所・南福光変電所の連系設備,2023/02/04,昼間帯,順方向,300,300,0,0,0,0,300,熱容量,0,0,0,0,2022/12/20 17:05:05
月間,202212,策定,南福光連系所・南福光変電所の連系設備,2023/02/04,昼間帯,逆方向,-300,-300,0,0,0,0,-300,熱容量,0,0,0,0,2022/12/20 17:05:05
月間,202212,策定,南福光連系所・南福光変電所の連系設備,2023/02/04,夜間帯,順方向,300,300,0,0,0,0,300,熱容量,0,0,0,0,2022/12/20 17:05:05
月間,202212,策定,南福光連系所・南福光変電所の連系設備,2023/02/04,夜間帯,逆方向,-300,-300,0,0,0,0,-300,熱容量,0,0,0,0,2022/12/20 17:05:05
月間,202212,策定,南福光連系所・南福光変電所の連系設備,2023/02/05,昼間帯,順方向,300,300,0,0,0,0,300,熱容量,0,0,0,0,2022/12/20 17:05:05
月間,202212,策定,南福光連系所・南福光変電所の連系設備,2023/02/05,昼間帯,逆方向,-300,-300,0,0,0,0,-300,熱容量,0,0,0,0,2022/12/20 17:05:05
月間,202212,策定,南福光連系所・南福光変電所の連系設備,2023/02/05,夜間帯,順方向,300,300,0,0,0,0,300,熱容量,0,0,0,0,2022/12/20 17:05:05
月間,202212,策定,南福光連系所・南福光変電所の連系設備,2023/02/05,夜間帯,逆方向,-300,-300,0,0,0,0,-300,熱容量,0,0,0,0,2022/12/20 17:05:05
月間,202212,策定,南福光連系所・南福光変電所の連系設備,2023/02/06,昼間帯,順方向,300,300,0,0,0,0,300,熱容量,0,0,0,0,2022/12/20 17:05:05
月間,202212,策定,南福光連系所・南福光変電所の連系設備,2023/02/06,昼間帯,逆方向,-300,-300,0,0,0,0,-300,熱容量,0,0,0,0,2022/12/20 17:05:05
月間,202212,策定,南福光連系所・南福光変電所の連系設備,2023/02/06,夜間帯,順方向,300,300,0,0,0,0,300,熱容量,0,0,0,0,2022/12/20 17:05:05
月間,202212,策定,南福光連系所・南福光変電所の連系設備,2023/02/06,夜間帯,逆方向,-300,-300,0,0,0,0,-300,熱容量,0,0,0,0,2022/12/20 17:05:05
月間,202212,策定,南福光連系所・南福光変電所の連系設備,2023/02/07,昼間帯,順方向,300,300,0,0,0,0,300,熱容量,0,0,0,0,2022/12/20 17:05:05
月間,202212,策定,南福光連系所・南福光変電所の連系設備,2023/02/07,昼間帯,逆方向,-300,-300,0,0,0,0,-300,熱容量,0,0,0,0,2022/12/20 17:05:05
月間,202212,策定,南福光連系所・南福光変電所の連系設備,2023/02/07,夜間帯,順方向,300,300,0,0,0,0,300,熱容量,0,0,0,0,2022/12/20 17:05:05
月間,202212,策定,南福光連系所・南福光変電所の連系設備,2023/02/07,夜間帯,逆方向,-300,-300,0,0,0,0,-300,熱容量,0,0,0,0,2022/12/20 17:05:05
月間,202212,策定,南福光連系所・南福光変電所の連系設備,2023/02/08,昼間帯,順方向,300,300,0,0,0,0,300,熱容量,0,0,0,0,2022/12/20 17:05:05
月間,202212,策定,南福光連系所・南福光変電所の連系設備,2023/02/08,昼間帯,逆方向,-300,-300,0,0,0,0,-300,熱容量,0,0,0,0,2022/12/20 17:05:05
月間,202212,策定,南福光連系所・南福光変電所の連系設備,2023/02/08,夜間帯,順方向,300,300,0,0,0,0,300,熱容量,0,0,0,0,2022/12/20 17:05:05
月間,202212,策定,南福光連系所・南福光変電所の連系設備,2023/02/08,夜間帯,逆方向,-300,-300,0,0,0,0,-300,熱容量,0,0,0,0,2022/12/20 17:05:05
月間,202212,策定,南福光連系所・南福光変電所の連系設備,2023/02/09,昼間帯,順方向,300,300,0,0,0,0,300,熱容量,0,0,0,0,2022/12/20 17:05:05
月間,202212,策定,南福光連系所・南福光変電所の連系設備,2023/02/09,昼間帯,逆方向,-300,-300,0,0,0,0,-300,熱容量,0,0,0,0,2022/12/20 17:05:05
月間,202212,策定,南福光連系所・南福光変電所の連系設備,2023/02/09,夜間帯,順方向,300,300,0,0,0,0,300,熱容量,0,0,0,0,2022/12/20 17:05:05
月間,202212,策定,南福光連系所・南福光変電所の連系設備,2023/02/09,夜間帯,逆方向,-300,-300,0,0,0,0,-300,熱容量,0,0,0,0,2022/12/20 17:05:05
月間,202212,策定,南福光連系所・南福光変電所の連系設備,2023/02/10,昼間帯,順方向,300,300,0,0,0,0,300,熱容量,0,0,0,0,2022/12/20 17:05:05
月間,202212,策定,南福光連系所・南福光変電所の連系設備,2023/02/10,昼間帯,逆方向,-300,-300,0,0,0,0,-300,熱容量,0,0,0,0,2022/12/20 17:05:05
月間,202212,策定,南福光連系所・南福光変電所の連系設備,2023/02/10,夜間帯,順方向,300,300,0,0,0,0,300,熱容量,0,0,0,0,2022/12/20 17:05:05
月間,202212,策定,南福光連系所・南福光変電所の連系設備,2023/02/10,夜間帯,逆方向,-300,-300,0,0,0,0,-300,熱容量,0,0,0,0,2022/12/20 17:05:05
月間,202212,策定,南福光連系所・南福光変電所の連系設備,2023/02/11,昼間帯,順方向,300,300,0,0,0,0,300,熱容量,0,0,0,0,2022/12/20 17:05:05
月間,202212,策定,南福光連系所・南福光変電所の連系設備,2023/02/11,昼間帯,逆方向,-300,-300,0,0,0,0,-300,熱容量,0,0,0,0,2022/12/20 17:05:05
月間,202212,策定,南福光連系所・南福光変電所の連系設備,2023/02/11,夜間帯,順方向,300,300,0,0,0,0,300,熱容量,0,0,0,0,2022/12/20 17:05:05
月間,202212,策定,南福光連系所・南福光変電所の連系設備,2023/02/11,夜間帯,逆方向,-300,-300,0,0,0,0,-300,熱容量,0,0,0,0,2022/12/20 17:05:05
月間,202212,策定,南福光連系所・南福光変電所の連系設備,2023/02/12,昼間帯,順方向,300,300,0,0,0,0,300,熱容量,0,0,0,0,2022/12/20 17:05:05
月間,202212,策定,南福光連系所・南福光変電所の連系設備,2023/02/12,昼間帯,逆方向,-300,-300,0,0,0,0,-300,熱容量,0,0,0,0,2022/12/20 17:05:05
月間,202212,策定,南福光連系所・南福光変電所の連系設備,2023/02/12,夜間帯,順方向,300,300,0,0,0,0,300,熱容量,0,0,0,0,2022/12/20 17:05:05
月間,202212,策定,南福光連系所・南福光変電所の連系設備,2023/02/12,夜間帯,逆方向,-300,-300,0,0,0,0,-300,熱容量,0,0,0,0,2022/12/20 17:05:05
月間,202212,策定,南福光連系所・南福光変電所の連系設備,2023/02/13,昼間帯,順方向,300,300,0,0,0,0,300,熱容量,0,0,0,0,2022/12/20 17:05:05
月間,202212,策定,南福光連系所・南福光変電所の連系設備,2023/02/13,昼間帯,逆方向,-300,-300,0,0,0,0,-300,熱容量,0,0,0,0,2022/12/20 17:05:05
月間,202212,策定,南福光連系所・南福光変電所の連系設備,2023/02/13,夜間帯,順方向,300,300,0,0,0,0,300,熱容量,0,0,0,0,2022/12/20 17:05:05
月間,202212,策定,南福光連系所・南福光変電所の連系設備,2023/02/13,夜間帯,逆方向,-300,-300,0,0,0,0,-300,熱容量,0,0,0,0,2022/12/20 17:05:05
月間,202212,策定,南福光連系所・南福光変電所の連系設備,2023/02/14,昼間帯,順方向,300,300,0,0,0,0,300,熱容量,0,0,0,0,2022/12/20 17:05:05
月間,202212,策定,南福光連系所・南福光変電所の連系設備,2023/02/14,昼間帯,逆方向,-300,-300,0,0,0,0,-300,熱容量,0,0,0,0,2022/12/20 17:05:05
月間,202212,策定,南福光連系所・南福光変電所の連系設備,2023/02/14,夜間帯,順方向,300,300,0,0,0,0,300,熱容量,0,0,0,0,2022/12/20 17:05:05
月間,202212,策定,南福光連系所・南福光変電所の連系設備,2023/02/14,夜間帯,逆方向,-300,-300,0,0,0,0,-300,熱容量,0,0,0,0,2022/12/20 17:05:05
月間,202212,策定,南福光連系所・南福光変電所の連系設備,2023/02/15,昼間帯,順方向,300,300,0,0,0,0,300,熱容量,0,0,0,0,2022/12/20 17:05:05
月間,202212,策定,南福光連系所・南福光変電所の連系設備,2023/02/15,昼間帯,逆方向,-300,-300,0,0,0,0,-300,熱容量,0,0,0,0,2022/12/20 17:05:05
月間,202212,策定,南福光連系所・南福光変電所の連系設備,2023/02/15,夜間帯,順方向,300,300,0,0,0,0,300,熱容量,0,0,0,0,2022/12/20 17:05:05
月間,202212,策定,南福光連系所・南福光変電所の連系設備,2023/02/15,夜間帯,逆方向,-300,-300,0,0,0,0,-300,熱容量,0,0,0,0,2022/12/20 17:05:05
月間,202212,策定,南福光連系所・南福光変電所の連系設備,2023/02/16,昼間帯,順方向,300,300,0,0,0,0,300,熱容量,0,0,0,0,2022/12/20 17:05:05
月間,202212,策定,南福光連系所・南福光変電所の連系設備,2023/02/16,昼間帯,逆方向,-300,-300,0,0,0,0,-300,熱容量,0,0,0,0,2022/12/20 17:05:05
月間,202212,策定,南福光連系所・南福光変電所の連系設備,2023/02/16,夜間帯,順方向,300,300,0,0,0,0,300,熱容量,0,0,0,0,2022/12/20 17:05:05
月間,202212,策定,南福光連系所・南福光変電所の連系設備,2023/02/16,夜間帯,逆方向,-300,-300,0,0,0,0,-300,熱容量,0,0,0,0,2022/12/20 17:05:05
月間,202212,策定,南福光連系所・南福光変電所の連系設備,2023/02/17,昼間帯,順方向,300,300,0,0,0,0,300,熱容量,0,0,0,0,2022/12/20 17:05:05
月間,202212,策定,南福光連系所・南福光変電所の連系設備,2023/02/17,昼間帯,逆方向,-300,-300,0,0,0,0,-300,熱容量,0,0,0,0,2022/12/20 17:05:05
月間,202212,策定,南福光連系所・南福光変電所の連系設備,2023/02/17,夜間帯,順方向,300,300,0,0,0,0,300,熱容量,0,0,0,0,2022/12/20 17:05:05
月間,202212,策定,南福光連系所・南福光変電所の連系設備,2023/02/17,夜間帯,逆方向,-300,-300,0,0,0,0,-300,熱容量,0,0,0,0,2022/12/20 17:05:05
月間,202212,策定,南福光連系所・南福光変電所の連系設備,2023/02/18,昼間帯,順方向,300,300,0,0,0,0,300,熱容量,0,0,0,0,2022/12/20 17:05:05
月間,202212,策定,南福光連系所・南福光変電所の連系設備,2023/02/18,昼間帯,逆方向,-300,-300,0,0,0,0,-300,熱容量,0,0,0,0,2022/12/20 17:05:05
月間,202212,策定,南福光連系所・南福光変電所の連系設備,2023/02/18,夜間帯,順方向,300,300,0,0,0,0,300,熱容量,0,0,0,0,2022/12/20 17:05:05
月間,202212,策定,南福光連系所・南福光変電所の連系設備,2023/02/18,夜間帯,逆方向,-300,-300,0,0,0,0,-300,熱容量,0,0,0,0,2022/12/20 17:05:05
月間,202212,策定,南福光連系所・南福光変電所の連系設備,2023/02/19,昼間帯,順方向,300,300,0,0,0,0,300,熱容量,0,0,0,0,2022/12/20 17:05:05
月間,202212,策定,南福光連系所・南福光変電所の連系設備,2023/02/19,昼間帯,逆方向,-300,-300,0,0,0,0,-300,熱容量,0,0,0,0,2022/12/20 17:05:05
月間,202212,策定,南福光連系所・南福光変電所の連系設備,2023/02/19,夜間帯,順方向,300,300,0,0,0,0,300,熱容量,0,0,0,0,2022/12/20 17:05:05
月間,202212,策定,南福光連系所・南福光変電所の連系設備,2023/02/19,夜間帯,逆方向,-300,-300,0,0,0,0,-300,熱容量,0,0,0,0,2022/12/20 17:05:05
月間,202212,策定,南福光連系所・南福光変電所の連系設備,2023/02/20,昼間帯,順方向,300,300,0,0,0,0,300,熱容量,0,0,0,0,2022/12/20 17:05:05
月間,202212,策定,南福光連系所・南福光変電所の連系設備,2023/02/20,昼間帯,逆方向,-300,-300,0,0,0,0,-300,熱容量,0,0,0,0,2022/12/20 17:05:05
月間,202212,策定,南福光連系所・南福光変電所の連系設備,2023/02/20,夜間帯,順方向,300,300,0,0,0,0,300,熱容量,0,0,0,0,2022/12/20 17:05:05
月間,202212,策定,南福光連系所・南福光変電所の連系設備,2023/02/20,夜間帯,逆方向,-300,-300,0,0,0,0,-300,熱容量,0,0,0,0,2022/12/20 17:05:05
月間,202212,策定,南福光連系所・南福光変電所の連系設備,2023/02/21,昼間帯,順方向,300,300,0,0,0,0,300,熱容量,0,0,0,0,2022/12/20 17:05:05
月間,202212,策定,南福光連系所・南福光変電所の連系設備,2023/02/21,昼間帯,逆方向,-300,-300,0,0,0,0,-300,熱容量,0,0,0,0,2022/12/20 17:05:05
月間,202212,策定,南福光連系所・南福光変電所の連系設備,2023/02/21,夜間帯,順方向,300,300,0,0,0,0,300,熱容量,0,0,0,0,2022/12/20 17:05:05
月間,202212,策定,南福光連系所・南福光変電所の連系設備,2023/02/21,夜間帯,逆方向,-300,-300,0,0,0,0,-300,熱容量,0,0,0,0,2022/12/20 17:05:05
月間,202212,策定,南福光連系所・南福光変電所の連系設備,2023/02/22,昼間帯,順方向,300,300,0,0,0,0,300,熱容量,0,0,0,0,2022/12/20 17:05:05
月間,202212,策定,南福光連系所・南福光変電所の連系設備,2023/02/22,昼間帯,逆方向,-300,-300,0,0,0,0,-300,熱容量,0,0,0,0,2022/12/20 17:05:05
月間,202212,策定,南福光連系所・南福光変電所の連系設備,2023/02/22,夜間帯,順方向,300,300,0,0,0,0,300,熱容量,0,0,0,0,2022/12/20 17:05:05
月間,202212,策定,南福光連系所・南福光変電所の連系設備,2023/02/22,夜間帯,逆方向,-300,-300,0,0,0,0,-300,熱容量,0,0,0,0,2022/12/20 17:05:05
月間,202212,策定,南福光連系所・南福光変電所の連系設備,2023/02/23,昼間帯,順方向,300,300,0,0,0,0,300,熱容量,0,0,0,0,2022/12/20 17:05:05
月間,202212,策定,南福光連系所・南福光変電所の連系設備,2023/02/23,昼間帯,逆方向,-300,-300,0,0,0,0,-300,熱容量,0,0,0,0,2022/12/20 17:05:05
月間,202212,策定,南福光連系所・南福光変電所の連系設備,2023/02/23,夜間帯,順方向,300,300,0,0,0,0,300,熱容量,0,0,0,0,2022/12/20 17:05:05
月間,202212,策定,南福光連系所・南福光変電所の連系設備,2023/02/23,夜間帯,逆方向,-300,-300,0,0,0,0,-300,熱容量,0,0,0,0,2022/12/20 17:05:05
月間,202212,策定,南福光連系所・南福光変電所の連系設備,2023/02/24,昼間帯,順方向,300,300,0,0,0,0,300,熱容量,0,0,0,0,2022/12/20 17:05:05
月間,202212,策定,南福光連系所・南福光変電所の連系設備,2023/02/24,昼間帯,逆方向,-300,-300,0,0,0,0,-300,熱容量,0,0,0,0,2022/12/20 17:05:05
月間,202212,策定,南福光連系所・南福光変電所の連系設備,2023/02/24,夜間帯,順方向,300,300,0,0,0,0,300,熱容量,0,0,0,0,2022/12/20 17:05:05
月間,202212,策定,南福光連系所・南福光変電所の連系設備,2023/02/24,夜間帯,逆方向,-300,-300,0,0,0,0,-300,熱容量,0,0,0,0,2022/12/20 17:05:05
月間,202212,策定,南福光連系所・南福光変電所の連系設備,2023/02/25,昼間帯,順方向,300,300,0,0,0,0,300,熱容量,0,0,0,0,2022/12/20 17:05:05
月間,202212,策定,南福光連系所・南福光変電所の連系設備,2023/02/25,昼間帯,逆方向,-300,-300,0,0,0,0,-300,熱容量,0,0,0,0,2022/12/20 17:05:05
月間,202212,策定,南福光連系所・南福光変電所の連系設備,2023/02/25,夜間帯,順方向,300,300,0,0,0,0,300,熱容量,0,0,0,0,2022/12/20 17:05:05
月間,202212,策定,南福光連系所・南福光変電所の連系設備,2023/02/25,夜間帯,逆方向,-300,-300,0,0,0,0,-300,熱容量,0,0,0,0,2022/12/20 17:05:05
月間,202212,策定,南福光連系所・南福光変電所の連系設備,2023/02/26,昼間帯,順方向,300,300,0,0,0,0,300,熱容量,0,0,0,0,2022/12/20 17:05:05
月間,202212,策定,南福光連系所・南福光変電所の連系設備,2023/02/26,昼間帯,逆方向,-300,-300,0,0,0,0,-300,熱容量,0,0,0,0,2022/12/20 17:05:05
月間,202212,策定,南福光連系所・南福光変電所の連系設備,2023/02/26,夜間帯,順方向,300,300,0,0,0,0,300,熱容量,0,0,0,0,2022/12/20 17:05:05
月間,202212,策定,南福光連系所・南福光変電所の連系設備,2023/02/26,夜間帯,逆方向,-300,-300,0,0,0,0,-300,熱容量,0,0,0,0,2022/12/20 17:05:05
月間,202212,策定,南福光連系所・南福光変電所の連系設備,2023/02/27,昼間帯,順方向,300,300,0,0,0,0,300,熱容量,0,0,0,0,2022/12/20 17:05:05
月間,202212,策定,南福光連系所・南福光変電所の連系設備,2023/02/27,昼間帯,逆方向,-300,-300,0,0,0,0,-300,熱容量,0,0,0,0,2022/12/20 17:05:05
月間,202212,策定,南福光連系所・南福光変電所の連系設備,2023/02/27,夜間帯,順方向,300,300,0,0,0,0,300,熱容量,0,0,0,0,2022/12/20 17:05:05
月間,202212,策定,南福光連系所・南福光変電所の連系設備,2023/02/27,夜間帯,逆方向,-300,-300,0,0,0,0,-300,熱容量,0,0,0,0,2022/12/20 17:05:05
月間,202212,策定,南福光連系所・南福光変電所の連系設備,2023/02/28,昼間帯,順方向,300,300,0,0,0,0,300,熱容量,0,0,0,0,2022/12/20 17:05:05
月間,202212,策定,南福光連系所・南福光変電所の連系設備,2023/02/28,昼間帯,逆方向,-300,-300,0,0,0,0,-300,熱容量,0,0,0,0,2022/12/20 17:05:05
月間,202212,策定,南福光連系所・南福光変電所の連系設備,2023/02/28,夜間帯,順方向,300,300,0,0,0,0,300,熱容量,0,0,0,0,2022/12/20 17:05:05
月間,202212,策定,南福光連系所・南福光変電所の連系設備,2023/02/28,夜間帯,逆方向,-300,-300,0,0,0,0,-300,熱容量,0,0,0,0,2022/12/20 17:05:05
月間,202301,策定,南福光連系所・南福光変電所の連系設備,2023/02/04,昼間帯,順方向,300,300,0,0,0,0,300,熱容量,0,0,0,0,2023/01/20 17:05:04
月間,202301,策定,南福光連系所・南福光変電所の連系設備,2023/02/04,昼間帯,逆方向,-300,-300,0,0,0,0,-300,熱容量,0,0,0,0,2023/01/20 17:05:04
月間,202301,策定,南福光連系所・南福光変電所の連系設備,2023/02/04,夜間帯,順方向,300,300,0,0,0,0,300,熱容量,0,0,0,0,2023/01/20 17:05:04
月間,202301,策定,南福光連系所・南福光変電所の連系設備,2023/02/04,夜間帯,逆方向,-300,-300,0,0,0,0,-300,熱容量,0,0,0,0,2023/01/20 17:05:04
月間,202301,策定,南福光連系所・南福光変電所の連系設備,2023/02/05,昼間帯,順方向,300,300,0,0,0,0,300,熱容量,0,0,0,0,2023/01/20 17:05:04
月間,202301,策定,南福光連系所・南福光変電所の連系設備,2023/02/05,昼間帯,逆方向,-300,-300,0,0,0,0,-300,熱容量,0,0,0,0,2023/01/20 17:05:04
月間,202301,策定,南福光連系所・南福光変電所の連系設備,2023/02/05,夜間帯,順方向,300,300,0,0,0,0,300,熱容量,0,0,0,0,2023/01/20 17:05:04
月間,202301,策定,南福光連系所・南福光変電所の連系設備,2023/02/05,夜間帯,逆方向,-300,-300,0,0,0,0,-300,熱容量,0,0,0,0,2023/01/20 17:05:04
月間,202301,策定,南福光連系所・南福光変電所の連系設備,2023/02/06,昼間帯,順方向,300,300,0,0,0,0,300,熱容量,0,0,0,0,2023/01/20 17:05:04
月間,202301,策定,南福光連系所・南福光変電所の連系設備,2023/02/06,昼間帯,逆方向,-300,-300,0,0,0,0,-300,熱容量,0,0,0,0,2023/01/20 17:05:04
月間,202301,策定,南福光連系所・南福光変電所の連系設備,2023/02/06,夜間帯,順方向,300,300,0,0,0,0,300,熱容量,0,0,0,0,2023/01/20 17:05:04
月間,202301,策定,南福光連系所・南福光変電所の連系設備,2023/02/06,夜間帯,逆方向,-300,-300,0,0,0,0,-300,熱容量,0,0,0,0,2023/01/20 17:05:04
月間,202301,策定,南福光連系所・南福光変電所の連系設備,2023/02/07,昼間帯,順方向,300,300,0,0,0,0,300,熱容量,0,0,0,0,2023/01/20 17:05:04
月間,202301,策定,南福光連系所・南福光変電所の連系設備,2023/02/07,昼間帯,逆方向,-300,-300,0,0,0,0,-300,熱容量,0,0,0,0,2023/01/20 17:05:04
月間,202301,策定,南福光連系所・南福光変電所の連系設備,2023/02/07,夜間帯,順方向,300,300,0,0,0,0,300,熱容量,0,0,0,0,2023/01/20 17:05:04
月間,202301,策定,南福光連系所・南福光変電所の連系設備,2023/02/07,夜間帯,逆方向,-300,-300,0,0,0,0,-300,熱容量,0,0,0,0,2023/01/20 17:05:04
月間,202301,策定,南福光連系所・南福光変電所の連系設備,2023/02/08,昼間帯,順方向,300,300,0,0,0,0,300,熱容量,0,0,0,0,2023/01/20 17:05:04
月間,202301,策定,南福光連系所・南福光変電所の連系設備,2023/02/08,昼間帯,逆方向,-300,-300,0,0,0,0,-300,熱容量,0,0,0,0,2023/01/20 17:05:04
月間,202301,策定,南福光連系所・南福光変電所の連系設備,2023/02/08,夜間帯,順方向,300,300,0,0,0,0,300,熱容量,0,0,0,0,2023/01/20 17:05:04
月間,202301,策定,南福光連系所・南福光変電所の連系設備,2023/02/08,夜間帯,逆方向,-300,-300,0,0,0,0,-300,熱容量,0,0,0,0,2023/01/20 17:05:04
月間,202301,策定,南福光連系所・南福光変電所の連系設備,2023/02/09,昼間帯,順方向,300,300,0,0,0,0,300,熱容量,0,0,0,0,2023/01/20 17:05:04
月間,202301,策定,南福光連系所・南福光変電所の連系設備,2023/02/09,昼間帯,逆方向,-300,-300,0,0,0,0,-300,熱容量,0,0,0,0,2023/01/20 17:05:04
月間,202301,策定,南福光連系所・南福光変電所の連系設備,2023/02/09,夜間帯,順方向,300,300,0,0,0,0,300,熱容量,0,0,0,0,2023/01/20 17:05:04
月間,202301,策定,南福光連系所・南福光変電所の連系設備,2023/02/09,夜間帯,逆方向,-300,-300,0,0,0,0,-300,熱容量,0,0,0,0,2023/01/20 17:05:04
月間,202301,策定,南福光連系所・南福光変電所の連系設備,2023/02/10,昼間帯,順方向,300,300,0,0,0,0,300,熱容量,0,0,0,0,2023/01/20 17:05:04
月間,202301,策定,南福光連系所・南福光変電所の連系設備,2023/02/10,昼間帯,逆方向,-300,-300,0,0,0,0,-300,熱容量,0,0,0,0,2023/01/20 17:05:04
月間,202301,策定,南福光連系所・南福光変電所の連系設備,2023/02/10,夜間帯,順方向,300,300,0,0,0,0,300,熱容量,0,0,0,0,2023/01/20 17:05:04
月間,202301,策定,南福光連系所・南福光変電所の連系設備,2023/02/10,夜間帯,逆方向,-300,-300,0,0,0,0,-300,熱容量,0,0,0,0,2023/01/20 17:05:04
月間,202301,策定,南福光連系所・南福光変電所の連系設備,2023/02/11,昼間帯,順方向,300,300,0,0,0,0,300,熱容量,0,0,0,0,2023/01/20 17:05:04
月間,202301,策定,南福光連系所・南福光変電所の連系設備,2023/02/11,昼間帯,逆方向,-300,-300,0,0,0,0,-300,熱容量,0,0,0,0,2023/01/20 17:05:04
月間,202301,策定,南福光連系所・南福光変電所の連系設備,2023/02/11,夜間帯,順方向,300,300,0,0,0,0,300,熱容量,0,0,0,0,2023/01/20 17:05:04
月間,202301,策定,南福光連系所・南福光変電所の連系設備,2023/02/11,夜間帯,逆方向,-300,-300,0,0,0,0,-300,熱容量,0,0,0,0,2023/01/20 17:05:04
月間,202301,策定,南福光連系所・南福光変電所の連系設備,2023/02/12,昼間帯,順方向,300,300,0,0,0,0,300,熱容量,0,0,0,0,2023/01/20 17:05:04
月間,202301,策定,南福光連系所・南福光変電所の連系設備,2023/02/12,昼間帯,逆方向,-300,-300,0,0,0,0,-300,熱容量,0,0,0,0,2023/01/20 17:05:04
月間,202301,策定,南福光連系所・南福光変電所の連系設備,2023/02/12,夜間帯,順方向,300,300,0,0,0,0,300,熱容量,0,0,0,0,2023/01/20 17:05:04
月間,202301,策定,南福光連系所・南福光変電所の連系設備,2023/02/12,夜間帯,逆方向,-300,-300,0,0,0,0,-300,熱容量,0,0,0,0,2023/01/20 17:05:04
月間,202301,策定,南福光連系所・南福光変電所の連系設備,2023/02/13,昼間帯,順方向,300,300,0,0,0,0,300,熱容量,0,0,0,0,2023/01/20 17:05:04
月間,202301,策定,南福光連系所・南福光変電所の連系設備,2023/02/13,昼間帯,逆方向,-300,-300,0,0,0,0,-300,熱容量,0,0,0,0,2023/01/20 17:05:04
月間,202301,策定,南福光連系所・南福光変電所の連系設備,2023/02/13,夜間帯,順方向,300,300,0,0,0,0,300,熱容量,0,0,0,0,2023/01/20 17:05:04
月間,202301,策定,南福光連系所・南福光変電所の連系設備,2023/02/13,夜間帯,逆方向,-300,-300,0,0,0,0,-300,熱容量,0,0,0,0,2023/01/20 17:05:04
月間,202301,策定,南福光連系所・南福光変電所の連系設備,2023/02/14,昼間帯,順方向,300,300,0,0,0,0,300,熱容量,0,0,0,0,2023/01/20 17:05:04
月間,202301,策定,南福光連系所・南福光変電所の連系設備,2023/02/14,昼間帯,逆方向,-300,-300,0,0,0,0,-300,熱容量,0,0,0,0,2023/01/20 17:05:04
月間,202301,策定,南福光連系所・南福光変電所の連系設備,2023/02/14,夜間帯,順方向,300,300,0,0,0,0,300,熱容量,0,0,0,0,2023/01/20 17:05:04
月間,202301,策定,南福光連系所・南福光変電所の連系設備,2023/02/14,夜間帯,逆方向,-300,-300,0,0,0,0,-300,熱容量,0,0,0,0,2023/01/20 17:05:04
月間,202301,策定,南福光連系所・南福光変電所の連系設備,2023/02/15,昼間帯,順方向,300,300,0,0,0,0,300,熱容量,0,0,0,0,2023/01/20 17:05:04
月間,202301,策定,南福光連系所・南福光変電所の連系設備,2023/02/15,昼間帯,逆方向,-300,-300,0,0,0,0,-300,熱容量,0,0,0,0,2023/01/20 17:05:04
月間,202301,策定,南福光連系所・南福光変電所の連系設備,2023/02/15,夜間帯,順方向,300,300,0,0,0,0,300,熱容量,0,0,0,0,2023/01/20 17:05:04
月間,202301,策定,南福光連系所・南福光変電所の連系設備,2023/02/15,夜間帯,逆方向,-300,-300,0,0,0,0,-300,熱容量,0,0,0,0,2023/01/20 17:05:04
月間,202301,策定,南福光連系所・南福光変電所の連系設備,2023/02/16,昼間帯,順方向,300,300,0,0,0,0,300,熱容量,0,0,0,0,2023/01/20 17:05:04
月間,202301,策定,南福光連系所・南福光変電所の連系設備,2023/02/16,昼間帯,逆方向,-300,-300,0,0,0,0,-300,熱容量,0,0,0,0,2023/01/20 17:05:04
月間,202301,策定,南福光連系所・南福光変電所の連系設備,2023/02/16,夜間帯,順方向,300,300,0,0,0,0,300,熱容量,0,0,0,0,2023/01/20 17:05:04
月間,202301,策定,南福光連系所・南福光変電所の連系設備,2023/02/16,夜間帯,逆方向,-300,-300,0,0,0,0,-300,熱容量,0,0,0,0,2023/01/20 17:05:04
月間,202301,策定,南福光連系所・南福光変電所の連系設備,2023/02/17,昼間帯,順方向,300,300,0,0,0,0,300,熱容量,0,0,0,0,2023/01/20 17:05:04
月間,202301,策定,南福光連系所・南福光変電所の連系設備,2023/02/17,昼間帯,逆方向,-300,-300,0,0,0,0,-300,熱容量,0,0,0,0,2023/01/20 17:05:04
月間,202301,策定,南福光連系所・南福光変電所の連系設備,2023/02/17,夜間帯,順方向,300,300,0,0,0,0,300,熱容量,0,0,0,0,2023/01/20 17:05:04
月間,202301,策定,南福光連系所・南福光変電所の連系設備,2023/02/17,夜間帯,逆方向,-300,-300,0,0,0,0,-300,熱容量,0,0,0,0,2023/01/20 17:05:04
月間,202301,策定,南福光連系所・南福光変電所の連系設備,2023/02/18,昼間帯,順方向,300,300,0,0,0,0,300,熱容量,0,0,0,0,2023/01/20 17:05:04
月間,202301,策定,南福光連系所・南福光変電所の連系設備,2023/02/18,昼間帯,逆方向,-300,-300,0,0,0,0,-300,熱容量,0,0,0,0,2023/01/20 17:05:04
月間,202301,策定,南福光連系所・南福光変電所の連系設備,2023/02/18,夜間帯,順方向,300,300,0,0,0,0,300,熱容量,0,0,0,0,2023/01/20 17:05:04
月間,202301,策定,南福光連系所・南福光変電所の連系設備,2023/02/18,夜間帯,逆方向,-300,-300,0,0,0,0,-300,熱容量,0,0,0,0,2023/01/20 17:05:04
月間,202301,策定,南福光連系所・南福光変電所の連系設備,2023/02/19,昼間帯,順方向,300,300,0,0,0,0,300,熱容量,0,0,0,0,2023/01/20 17:05:04
月間,202301,策定,南福光連系所・南福光変電所の連系設備,2023/02/19,昼間帯,逆方向,-300,-300,0,0,0,0,-300,熱容量,0,0,0,0,2023/01/20 17:05:04
月間,202301,策定,南福光連系所・南福光変電所の連系設備,2023/02/19,夜間帯,順方向,300,300,0,0,0,0,300,熱容量,0,0,0,0,2023/01/20 17:05:04
月間,202301,策定,南福光連系所・南福光変電所の連系設備,2023/02/19,夜間帯,逆方向,-300,-300,0,0,0,0,-300,熱容量,0,0,0,0,2023/01/20 17:05:04
月間,202301,策定,南福光連系所・南福光変電所の連系設備,2023/02/20,昼間帯,順方向,300,300,0,0,0,0,300,熱容量,0,0,0,0,2023/01/20 17:05:04
月間,202301,策定,南福光連系所・南福光変電所の連系設備,2023/02/20,昼間帯,逆方向,-300,-300,0,0,0,0,-300,熱容量,0,0,0,0,2023/01/20 17:05:04
月間,202301,策定,南福光連系所・南福光変電所の連系設備,2023/02/20,夜間帯,順方向,300,300,0,0,0,0,300,熱容量,0,0,0,0,2023/01/20 17:05:04
月間,202301,策定,南福光連系所・南福光変電所の連系設備,2023/02/20,夜間帯,逆方向,-300,-300,0,0,0,0,-300,熱容量,0,0,0,0,2023/01/20 17:05:04
月間,202301,策定,南福光連系所・南福光変電所の連系設備,2023/02/21,昼間帯,順方向,300,300,0,0,0,0,300,熱容量,0,0,0,0,2023/01/20 17:05:04
月間,202301,策定,南福光連系所・南福光変電所の連系設備,2023/02/21,昼間帯,逆方向,-300,-300,0,0,0,0,-300,熱容量,0,0,0,0,2023/01/20 17:05:04
月間,202301,策定,南福光連系所・南福光変電所の連系設備,2023/02/21,夜間帯,順方向,300,300,0,0,0,0,300,熱容量,0,0,0,0,2023/01/20 17:05:04
月間,202301,策定,南福光連系所・南福光変電所の連系設備,2023/02/21,夜間帯,逆方向,-300,-300,0,0,0,0,-300,熱容量,0,0,0,0,2023/01/20 17:05:04
月間,202301,策定,南福光連系所・南福光変電所の連系設備,2023/02/22,昼間帯,順方向,300,300,0,0,0,0,300,熱容量,0,0,0,0,2023/01/20 17:05:04
月間,202301,策定,南福光連系所・南福光変電所の連系設備,2023/02/22,昼間帯,逆方向,-300,-300,0,0,0,0,-300,熱容量,0,0,0,0,2023/01/20 17:05:04
月間,202301,策定,南福光連系所・南福光変電所の連系設備,2023/02/22,夜間帯,順方向,300,300,0,0,0,0,300,熱容量,0,0,0,0,2023/01/20 17:05:04
月間,202301,策定,南福光連系所・南福光変電所の連系設備,2023/02/22,夜間帯,逆方向,-300,-300,0,0,0,0,-300,熱容量,0,0,0,0,2023/01/20 17:05:04
月間,202301,策定,南福光連系所・南福光変電所の連系設備,2023/02/23,昼間帯,順方向,300,300,0,0,0,0,300,熱容量,0,0,0,0,2023/01/20 17:05:04
月間,202301,策定,南福光連系所・南福光変電所の連系設備,2023/02/23,昼間帯,逆方向,-300,-300,0,0,0,0,-300,熱容量,0,0,0,0,2023/01/20 17:05:04
月間,202301,策定,南福光連系所・南福光変電所の連系設備,2023/02/23,夜間帯,順方向,300,300,0,0,0,0,300,熱容量,0,0,0,0,2023/01/20 17:05:04
月間,202301,策定,南福光連系所・南福光変電所の連系設備,2023/02/23,夜間帯,逆方向,-300,-300,0,0,0,0,-300,熱容量,0,0,0,0,2023/01/20 17:05:04
月間,202301,策定,南福光連系所・南福光変電所の連系設備,2023/02/24,昼間帯,順方向,300,300,0,0,0,0,300,熱容量,0,0,0,0,2023/01/20 17:05:04
月間,202301,策定,南福光連系所・南福光変電所の連系設備,2023/02/24,昼間帯,逆方向,-300,-300,0,0,0,0,-300,熱容量,0,0,0,0,2023/01/20 17:05:04
月間,202301,策定,南福光連系所・南福光変電所の連系設備,2023/02/24,夜間帯,順方向,300,300,0,0,0,0,300,熱容量,0,0,0,0,2023/01/20 17:05:04
月間,202301,策定,南福光連系所・南福光変電所の連系設備,2023/02/24,夜間帯,逆方向,-300,-300,0,0,0,0,-300,熱容量,0,0,0,0,2023/01/20 17:05:04
月間,202301,策定,南福光連系所・南福光変電所の連系設備,2023/02/25,昼間帯,順方向,300,300,0,0,0,0,300,熱容量,0,0,0,0,2023/01/20 17:05:04
月間,202301,策定,南福光連系所・南福光変電所の連系設備,2023/02/25,昼間帯,逆方向,-300,-300,0,0,0,0,-300,熱容量,0,0,0,0,2023/01/20 17:05:04
月間,202301,策定,南福光連系所・南福光変電所の連系設備,2023/02/25,夜間帯,順方向,300,300,0,0,0,0,300,熱容量,0,0,0,0,2023/01/20 17:05:04
月間,202301,策定,南福光連系所・南福光変電所の連系設備,2023/02/25,夜間帯,逆方向,-300,-300,0,0,0,0,-300,熱容量,0,0,0,0,2023/01/20 17:05:04
月間,202301,策定,南福光連系所・南福光変電所の連系設備,2023/02/26,昼間帯,順方向,300,300,0,0,0,0,300,熱容量,0,0,0,0,2023/01/20 17:05:04
月間,202301,策定,南福光連系所・南福光変電所の連系設備,2023/02/26,昼間帯,逆方向,-300,-300,0,0,0,0,-300,熱容量,0,0,0,0,2023/01/20 17:05:04
月間,202301,策定,南福光連系所・南福光変電所の連系設備,2023/02/26,夜間帯,順方向,300,300,0,0,0,0,300,熱容量,0,0,0,0,2023/01/20 17:05:04
月間,202301,策定,南福光連系所・南福光変電所の連系設備,2023/02/26,夜間帯,逆方向,-300,-300,0,0,0,0,-300,熱容量,0,0,0,0,2023/01/20 17:05:04
月間,202301,策定,南福光連系所・南福光変電所の連系設備,2023/02/27,昼間帯,順方向,300,300,0,0,0,0,300,熱容量,0,0,0,0,2023/01/20 17:05:04
月間,202301,策定,南福光連系所・南福光変電所の連系設備,2023/02/27,昼間帯,逆方向,-300,-300,0,0,0,0,-300,熱容量,0,0,0,0,2023/01/20 17:05:04
月間,202301,策定,南福光連系所・南福光変電所の連系設備,2023/02/27,夜間帯,順方向,300,300,0,0,0,0,300,熱容量,0,0,0,0,2023/01/20 17:05:04
月間,202301,策定,南福光連系所・南福光変電所の連系設備,2023/02/27,夜間帯,逆方向,-300,-300,0,0,0,0,-300,熱容量,0,0,0,0,2023/01/20 17:05:04
月間,202301,策定,南福光連系所・南福光変電所の連系設備,2023/02/28,昼間帯,順方向,300,300,0,0,0,0,300,熱容量,0,0,0,0,2023/01/20 17:05:04
月間,202301,策定,南福光連系所・南福光変電所の連系設備,2023/02/28,昼間帯,逆方向,-300,-300,0,0,0,0,-300,熱容量,0,0,0,0,2023/01/20 17:05:04
月間,202301,策定,南福光連系所・南福光変電所の連系設備,2023/02/28,夜間帯,順方向,300,300,0,0,0,0,300,熱容量,0,0,0,0,2023/01/20 17:05:04
月間,202301,策定,南福光連系所・南福光変電所の連系設備,2023/02/28,夜間帯,逆方向,-300,-300,0,0,0,0,-300,熱容量,0,0,0,0,2023/01/20 17:05:04
月間,202212,策定,越前嶺南線,2023/02/01,昼間帯,順方向,1900,1900,0,0,0,0,1900,安定度,0,0,0,0,2022/12/20 17:05:05
月間,202212,策定,越前嶺南線,2023/02/01,昼間帯,逆方向,-1600,-1600,0,0,0,0,-1600,周波数,0,0,0,0,2022/12/20 17:05:05
月間,202212,策定,越前嶺南線,2023/02/01,夜間帯,順方向,1900,1900,0,0,0,0,1900,安定度,0,0,0,0,2022/12/20 17:05:05
月間,202212,策定,越前嶺南線,2023/02/01,夜間帯,逆方向,-900,-900,0,0,0,0,-900,周波数,0,0,0,0,2022/12/20 17:05:05
月間,202212,策定,越前嶺南線,2023/02/02,昼間帯,順方向,1900,1900,0,0,0,0,1900,安定度,0,0,0,0,2022/12/20 17:05:05
月間,202212,策定,越前嶺南線,2023/02/02,昼間帯,逆方向,-1600,-1600,0,0,0,0,-1600,周波数,0,0,0,0,2022/12/20 17:05:05
月間,202212,策定,越前嶺南線,2023/02/02,夜間帯,順方向,1900,1900,0,0,0,0,1900,安定度,0,0,0,0,2022/12/20 17:05:05
月間,202212,策定,越前嶺南線,2023/02/02,夜間帯,逆方向,-900,-900,0,0,0,0,-900,周波数,0,0,0,0,2022/12/20 17:05:05
月間,202212,策定,越前嶺南線,2023/02/03,昼間帯,順方向,1900,1900,0,0,0,0,1900,安定度,0,0,0,0,2022/12/20 17:05:05
月間,202212,策定,越前嶺南線,2023/02/03,昼間帯,逆方向,-1600,-1600,0,0,0,0,-1600,周波数,0,0,0,0,2022/12/20 17:05:05
月間,202212,策定,越前嶺南線,2023/02/03,夜間帯,順方向,1900,1900,0,0,0,0,1900,安定度,0,0,0,0,2022/12/20 17:05:05
月間,202212,策定,越前嶺南線,2023/02/03,夜間帯,逆方向,-900,-900,0,0,0,0,-900,周波数,0,0,0,0,2022/12/20 17:05:05
月間,202212,策定,越前嶺南線,2023/02/04,昼間帯,順方向,1740,1740,0,0,0,0,1740,周波数,0,0,0,0,2022/12/20 17:05:05
月間,202212,策定,越前嶺南線,2023/02/04,昼間帯,逆方向,-900,-900,0,0,0,0,-900,周波数,0,0,0,0,2022/12/20 17:05:05
月間,202212,策定,越前嶺南線,2023/02/04,夜間帯,順方向,1900,1900,0,0,0,0,1900,安定度,0,0,0,0,2022/12/20 17:05:05
月間,202212,策定,越前嶺南線,2023/02/04,夜間帯,逆方向,-900,-900,0,0,0,0,-900,周波数,0,0,0,0,2022/12/20 17:05:05
月間,202212,策定,越前嶺南線,2023/02/05,昼間帯,順方向,1740,1740,0,0,0,0,1740,周波数,0,0,0,0,2022/12/20 17:05:05
月間,202212,策定,越前嶺南線,2023/02/05,昼間帯,逆方向,-900,-900,0,0,0,0,-900,周波数,0,0,0,0,2022/12/20 17:05:05
月間,202212,策定,越前嶺南線,2023/02/05,夜間帯,順方向,1900,1900,0,0,0,0,1900,安定度,0,0,0,0,2022/12/20 17:05:05
月間,202212,策定,越前嶺南線,2023/02/05,夜間帯,逆方向,-900,-900,0,0,0,0,-900,周波数,0,0,0,0,2022/12/20 17:05:05
月間,202212,策定,越前嶺南線,2023/02/06,昼間帯,順方向,1900,1900,0,0,0,0,1900,安定度,0,0,0,0,2022/12/20 17:05:05
月間,202212,策定,越前嶺南線,2023/02/06,昼間帯,逆方向,-1600,-1600,0,0,0,0,-1600,周波数,0,0,0,0,2022/12/20 17:05:05
月間,202212,策定,越前嶺南線,2023/02/06,夜間帯,順方向,1900,1900,0,0,0,0,1900,安定度,0,0,0,0,2022/12/20 17:05:05
月間,202212,策定,越前嶺南線,2023/02/06,夜間帯,逆方向,-900,-900,0,0,0,0,-900,周波数,0,0,0,0,2022/12/20 17:05:05
月間,202212,策定,越前嶺南線,2023/02/07,昼間帯,順方向,1900,1900,0,0,0,0,1900,安定度,0,0,0,0,2022/12/20 17:05:05
月間,202212,策定,越前嶺南線,2023/02/07,昼間帯,逆方向,-1600,-1600,0,0,0,0,-1600,周波数,0,0,0,0,2022/12/20 17:05:05
月間,202212,策定,越前嶺南線,2023/02/07,夜間帯,順方向,1900,1900,0,0,0,0,1900,安定度,0,0,0,0,2022/12/20 17:05:05
月間,202212,策定,越前嶺南線,2023/02/07,夜間帯,逆方向,-900,-900,0,0,0,0,-900,周波数,0,0,0,0,2022/12/20 17:05:05
月間,202212,策定,越前嶺南線,2023/02/08,昼間帯,順方向,1900,1900,0,0,0,0,1900,安定度,0,0,0,0,2022/12/20 17:05:05
月間,202212,策定,越前嶺南線,2023/02/08,昼間帯,逆方向,-1600,-1600,0,0,0,0,-1600,周波数,0,0,0,0,2022/12/20 17:05:05
月間,202212,策定,越前嶺南線,2023/02/08,夜間帯,順方向,1900,1900,0,0,0,0,1900,安定度,0,0,0,0,2022/12/20 17:05:05
月間,202212,策定,越前嶺南線,2023/02/08,夜間帯,逆方向,-900,-900,0,0,0,0,-900,周波数,0,0,0,0,2022/12/20 17:05:05
月間,202212,策定,越前嶺南線,2023/02/09,昼間帯,順方向,1900,1900,0,0,0,0,1900,安定度,0,0,0,0,2022/12/20 17:05:05
月間,202212,策定,越前嶺南線,2023/02/09,昼間帯,逆方向,-1600,-1600,0,0,0,0,-1600,周波数,0,0,0,0,2022/12/20 17:05:05
月間,202212,策定,越前嶺南線,2023/02/09,夜間帯,順方向,1900,1900,0,0,0,0,1900,安定度,0,0,0,0,2022/12/20 17:05:05
月間,202212,策定,越前嶺南線,2023/02/09,夜間帯,逆方向,-900,-900,0,0,0,0,-900,周波数,0,0,0,0,2022/12/20 17:05:05
月間,202212,策定,越前嶺南線,2023/02/10,昼間帯,順方向,1900,1900,0,0,0,0,1900,安定度,0,0,0,0,2022/12/20 17:05:05
月間,202212,策定,越前嶺南線,2023/02/10,昼間帯,逆方向,-1600,-1600,0,0,0,0,-1600,周波数,0,0,0,0,2022/12/20 17:05:05
月間,202212,策定,越前嶺南線,2023/02/10,夜間帯,順方向,1900,1900,0,0,0,0,1900,安定度,0,0,0,0,2022/12/20 17:05:05
月間,202212,策定,越前嶺南線,2023/02/10,夜間帯,逆方向,-900,-900,0,0,0,0,-900,周波数,0,0,0,0,2022/12/20 17:05:05
月間,202212,策定,越前嶺南線,2023/02/11,昼間帯,順方向,1740,1740,0,0,0,0,1740,周波数,0,0,0,0,2022/12/20 17:05:05
月間,202212,策定,越前嶺南線,2023/02/11,昼間帯,逆方向,-900,-900,0,0,0,0,-900,周波数,0,0,0,0,2022/12/20 17:05:05
月間,202212,策定,越前嶺南線,2023/02/11,夜間帯,順方向,1900,1900,0,0,0,0,1900,安定度,0,0,0,0,2022/12/20 17:05:05
月間,202212,策定,越前嶺南線,2023/02/11,夜間帯,逆方向,-900,-900,0,0,0,0,-900,周波数,0,0,0,0,2022/12/20 17:05:05
月間,202212,策定,越前嶺南線,2023/02/12,昼間帯,順方向,1740,1740,0,0,0,0,1740,周波数,0,0,0,0,2022/12/20 17:05:05
月間,202212,策定,越前嶺南線,2023/02/12,昼間帯,逆方向,-900,-900,0,0,0,0,-900,周波数,0,0,0,0,2022/12/20 17:05:05
月間,202212,策定,越前嶺南線,2023/02/12,夜間帯,順方向,1900,1900,0,0,0,0,1900,安定度,0,0,0,0,2022/12/20 17:05:05
月間,202212,策定,越前嶺南線,2023/02/12,夜間帯,逆方向,-900,-900,0,0,0,0,-900,周波数,0,0,0,0,2022/12/20 17:05:05
月間,202212,策定,越前嶺南線,2023/02/13,昼間帯,順方向,1900,1900,0,0,0,0,1900,安定度,0,0,0,0,2022/12/20 17:05:05
月間,202212,策定,越前嶺南線,2023/02/13,昼間帯,逆方向,-1600,-1600,0,0,0,0,-1600,周波数,0,0,0,0,2022/12/20 17:05:05
月間,202212,策定,越前嶺南線,2023/02/13,夜間帯,順方向,1900,1900,0,0,0,0,1900,安定度,0,0,0,0,2022/12/20 17:05:05
月間,202212,策定,越前嶺南線,2023/02/13,夜間帯,逆方向,-900,-900,0,0,0,0,-900,周波数,0,0,0,0,2022/12/20 17:05:05
月間,202212,策定,越前嶺南線,2023/02/14,昼間帯,順方向,1900,1900,0,0,0,0,1900,安定度,0,0,0,0,2022/12/20 17:05:05
月間,202212,策定,越前嶺南線,2023/02/14,昼間帯,逆方向,-1600,-1600,0,0,0,0,-1600,周波数,0,0,0,0,2022/12/20 17:05:05
月間,202212,策定,越前嶺南線,2023/02/14,夜間帯,順方向,1900,1900,0,0,0,0,1900,安定度,0,0,0,0,2022/12/20 17:05:05
月間,202212,策定,越前嶺南線,2023/02/14,夜間帯,逆方向,-900,-900,0,0,0,0,-900,周波数,0,0,0,0,2022/12/20 17:05:05
月間,202212,策定,越前嶺南線,2023/02/15,昼間帯,順方向,1900,1900,0,0,0,0,1900,安定度,0,0,0,0,2022/12/20 17:05:05
月間,202212,策定,越前嶺南線,2023/02/15,昼間帯,逆方向,-1600,-1600,0,0,0,0,-1600,周波数,0,0,0,0,2022/12/20 17:05:05
月間,202212,策定,越前嶺南線,2023/02/15,夜間帯,順方向,1900,1900,0,0,0,0,1900,安定度,0,0,0,0,2022/12/20 17:05:05
月間,202212,策定,越前嶺南線,2023/02/15,夜間帯,逆方向,-900,-900,0,0,0,0,-900,周波数,0,0,0,0,2022/12/20 17:05:05
月間,202212,策定,越前嶺南線,2023/02/16,昼間帯,順方向,1900,1900,0,0,0,0,1900,安定度,0,0,0,0,2022/12/20 17:05:05
月間,202212,策定,越前嶺南線,2023/02/16,昼間帯,逆方向,-1600,-1600,0,0,0,0,-1600,周波数,0,0,0,0,2022/12/20 17:05:05
月間,202212,策定,越前嶺南線,2023/02/16,夜間帯,順方向,1900,1900,0,0,0,0,1900,安定度,0,0,0,0,2022/12/20 17:05:05
月間,202212,策定,越前嶺南線,2023/02/16,夜間帯,逆方向,-900,-900,0,0,0,0,-900,周波数,0,0,0,0,2022/12/20 17:05:05
月間,202212,策定,越前嶺南線,2023/02/17,昼間帯,順方向,1900,1900,0,0,0,0,1900,安定度,0,0,0,0,2022/12/20 17:05:05
月間,202212,策定,越前嶺南線,2023/02/17,昼間帯,逆方向,-1600,-1600,0,0,0,0,-1600,周波数,0,0,0,0,2022/12/20 17:05:05
月間,202212,策定,越前嶺南線,2023/02/17,夜間帯,順方向,1900,1900,0,0,0,0,1900,安定度,0,0,0,0,2022/12/20 17:05:05
月間,202212,策定,越前嶺南線,2023/02/17,夜間帯,逆方向,-900,-900,0,0,0,0,-900,周波数,0,0,0,0,2022/12/20 17:05:05
月間,202212,策定,越前嶺南線,2023/02/18,昼間帯,順方向,1740,1740,0,0,0,0,1740,周波数,0,0,0,0,2022/12/20 17:05:05
月間,202212,策定,越前嶺南線,2023/02/18,昼間帯,逆方向,-900,-900,0,0,0,0,-900,周波数,0,0,0,0,2022/12/20 17:05:05
月間,202212,策定,越前嶺南線,2023/02/18,夜間帯,順方向,1900,1900,0,0,0,0,1900,安定度,0,0,0,0,2022/12/20 17:05:05
月間,202212,策定,越前嶺南線,2023/02/18,夜間帯,逆方向,-900,-900,0,0,0,0,-900,周波数,0,0,0,0,2022/12/20 17:05:05
月間,202212,策定,越前嶺南線,2023/02/19,昼間帯,順方向,1740,1740,0,0,0,0,1740,周波数,0,0,0,0,2022/12/20 17:05:05
月間,202212,策定,越前嶺南線,2023/02/19,昼間帯,逆方向,-900,-900,0,0,0,0,-900,周波数,0,0,0,0,2022/12/20 17:05:05
月間,202212,策定,越前嶺南線,2023/02/19,夜間帯,順方向,1900,1900,0,0,0,0,1900,安定度,0,0,0,0,2022/12/20 17:05:05
月間,202212,策定,越前嶺南線,2023/02/19,夜間帯,逆方向,-900,-900,0,0,0,0,-900,周波数,0,0,0,0,2022/12/20 17:05:05
月間,202212,策定,越前嶺南線,2023/02/20,昼間帯,順方向,1900,1900,0,0,0,0,1900,安定度,0,0,0,0,2022/12/20 17:05:05
月間,202212,策定,越前嶺南線,2023/02/20,昼間帯,逆方向,-1600,-1600,0,0,0,0,-1600,周波数,0,0,0,0,2022/12/20 17:05:05
月間,202212,策定,越前嶺南線,2023/02/20,夜間帯,順方向,1900,1900,0,0,0,0,1900,安定度,0,0,0,0,2022/12/20 17:05:05
月間,202212,策定,越前嶺南線,2023/02/20,夜間帯,逆方向,-900,-900,0,0,0,0,-900,周波数,0,0,0,0,2022/12/20 17:05:05
月間,202212,策定,越前嶺南線,2023/02/21,昼間帯,順方向,1900,1900,0,0,0,0,1900,安定度,0,0,0,0,2022/12/20 17:05:05
月間,202212,策定,越前嶺南線,2023/02/21,昼間帯,逆方向,-1600,-1600,0,0,0,0,-1600,周波数,0,0,0,0,2022/12/20 17:05:05
月間,202212,策定,越前嶺南線,2023/02/21,夜間帯,順方向,1900,1900,0,0,0,0,1900,安定度,0,0,0,0,2022/12/20 17:05:05
月間,202212,策定,越前嶺南線,2023/02/21,夜間帯,逆方向,-900,-900,0,0,0,0,-900,周波数,0,0,0,0,2022/12/20 17:05:05
月間,202212,策定,越前嶺南線,2023/02/22,昼間帯,順方向,1900,1900,0,0,0,0,1900,安定度,0,0,0,0,2022/12/20 17:05:05
月間,202212,策定,越前嶺南線,2023/02/22,昼間帯,逆方向,-1600,-1600,0,0,0,0,-1600,周波数,0,0,0,0,2022/12/20 17:05:05
月間,202212,策定,越前嶺南線,2023/02/22,夜間帯,順方向,1900,1900,0,0,0,0,1900,安定度,0,0,0,0,2022/12/20 17:05:05
月間,202212,策定,越前嶺南線,2023/02/22,夜間帯,逆方向,-900,-900,0,0,0,0,-900,周波数,0,0,0,0,2022/12/20 17:05:05
月間,202212,策定,越前嶺南線,2023/02/23,昼間帯,順方向,1740,1740,0,0,0,0,1740,周波数,0,0,0,0,2022/12/20 17:05:05
月間,202212,策定,越前嶺南線,2023/02/23,昼間帯,逆方向,-900,-900,0,0,0,0,-900,周波数,0,0,0,0,2022/12/20 17:05:05
月間,202212,策定,越前嶺南線,2023/02/23,夜間帯,順方向,1900,1900,0,0,0,0,1900,安定度,0,0,0,0,2022/12/20 17:05:05
月間,202212,策定,越前嶺南線,2023/02/23,夜間帯,逆方向,-900,-900,0,0,0,0,-900,周波数,0,0,0,0,2022/12/20 17:05:05
月間,202212,策定,越前嶺南線,2023/02/24,昼間帯,順方向,1900,1900,0,0,0,0,1900,安定度,0,0,0,0,2022/12/20 17:05:05
月間,202212,策定,越前嶺南線,2023/02/24,昼間帯,逆方向,-1600,-1600,0,0,0,0,-1600,周波数,0,0,0,0,2022/12/20 17:05:05
月間,202212,策定,越前嶺南線,2023/02/24,夜間帯,順方向,1900,1900,0,0,0,0,1900,安定度,0,0,0,0,2022/12/20 17:05:05
月間,202212,策定,越前嶺南線,2023/02/24,夜間帯,逆方向,-900,-900,0,0,0,0,-900,周波数,0,0,0,0,2022/12/20 17:05:05
月間,202212,策定,越前嶺南線,2023/02/25,昼間帯,順方向,1740,1740,0,0,0,0,1740,周波数,0,0,0,0,2022/12/20 17:05:05
月間,202212,策定,越前嶺南線,2023/02/25,昼間帯,逆方向,-900,-900,0,0,0,0,-900,周波数,0,0,0,0,2022/12/20 17:05:05
月間,202212,策定,越前嶺南線,2023/02/25,夜間帯,順方向,1900,1900,0,0,0,0,1900,安定度,0,0,0,0,2022/12/20 17:05:05
月間,202212,策定,越前嶺南線,2023/02/25,夜間帯,逆方向,-900,-900,0,0,0,0,-900,周波数,0,0,0,0,2022/12/20 17:05:05
月間,202212,策定,越前嶺南線,2023/02/26,昼間帯,順方向,1740,1740,0,0,0,0,1740,周波数,0,0,0,0,2022/12/20 17:05:05
月間,202212,策定,越前嶺南線,2023/02/26,昼間帯,逆方向,-900,-900,0,0,0,0,-900,周波数,0,0,0,0,2022/12/20 17:05:05
月間,202212,策定,越前嶺南線,2023/02/26,夜間帯,順方向,1900,1900,0,0,0,0,1900,安定度,0,0,0,0,2022/12/20 17:05:05
月間,202212,策定,越前嶺南線,2023/02/26,夜間帯,逆方向,-900,-900,0,0,0,0,-900,周波数,0,0,0,0,2022/12/20 17:05:05
月間,202212,策定,越前嶺南線,2023/02/27,昼間帯,順方向,1900,1900,0,0,0,0,1900,安定度,0,0,0,0,2022/12/20 17:05:05
月間,202212,策定,越前嶺南線,2023/02/27,昼間帯,逆方向,-1600,-1600,0,0,0,0,-1600,周波数,0,0,0,0,2022/12/20 17:05:05
月間,202212,策定,越前嶺南線,2023/02/27,夜間帯,順方向,1900,1900,0,0,0,0,1900,安定度,0,0,0,0,2022/12/20 17:05:05
月間,202212,策定,越前嶺南線,2023/02/27,夜間帯,逆方向,-900,-900,0,0,0,0,-900,周波数,0,0,0,0,2022/12/20 17:05:05
月間,202212,策定,越前嶺南線,2023/02/28,昼間帯,順方向,1900,1900,0,0,0,0,1900,安定度,0,0,0,0,2022/12/20 17:05:05
月間,202212,策定,越前嶺南線,2023/02/28,昼間帯,逆方向,-1600,-1600,0,0,0,0,-1600,周波数,0,0,0,0,2022/12/20 17:05:05
月間,202212,策定,越前嶺南線,2023/02/28,夜間帯,順方向,1900,1900,0,0,0,0,1900,安定度,0,0,0,0,2022/12/20 17:05:05
月間,202212,策定,越前嶺南線,2023/02/28,夜間帯,逆方向,-900,-900,0,0,0,0,-900,周波数,0,0,0,0,2022/12/20 17:05:05
月間,202301,策定,越前嶺南線,2023/02/04,昼間帯,順方向,1740,1740,0,0,0,0,1740,周波数,0,0,0,0,2023/01/20 17:05:04
月間,202301,策定,越前嶺南線,2023/02/04,昼間帯,逆方向,-900,-900,0,0,0,0,-900,周波数,0,0,0,0,2023/01/20 17:05:04
月間,202301,策定,越前嶺南線,2023/02/04,夜間帯,順方向,1900,1900,0,0,0,0,1900,安定度,0,0,0,0,2023/01/20 17:05:04
月間,202301,策定,越前嶺南線,2023/02/04,夜間帯,逆方向,-900,-900,0,0,0,0,-900,周波数,0,0,0,0,2023/01/20 17:05:04
月間,202301,策定,越前嶺南線,2023/02/05,昼間帯,順方向,1740,1740,0,0,0,0,1740,周波数,0,0,0,0,2023/01/20 17:05:04
月間,202301,策定,越前嶺南線,2023/02/05,昼間帯,逆方向,-900,-900,0,0,0,0,-900,周波数,0,0,0,0,2023/01/20 17:05:04
月間,202301,策定,越前嶺南線,2023/02/05,夜間帯,順方向,1900,1900,0,0,0,0,1900,安定度,0,0,0,0,2023/01/20 17:05:04
月間,202301,策定,越前嶺南線,2023/02/05,夜間帯,逆方向,-900,-900,0,0,0,0,-900,周波数,0,0,0,0,2023/01/20 17:05:04
月間,202301,策定,越前嶺南線,2023/02/06,昼間帯,順方向,1900,1900,0,0,0,0,1900,安定度,0,0,0,0,2023/01/20 17:05:04
月間,202301,策定,越前嶺南線,2023/02/06,昼間帯,逆方向,-1600,-1600,0,0,0,0,-1600,周波数,0,0,0,0,2023/01/20 17:05:04
月間,202301,策定,越前嶺南線,2023/02/06,夜間帯,順方向,1900,1900,0,0,0,0,1900,安定度,0,0,0,0,2023/01/20 17:05:04
月間,202301,策定,越前嶺南線,2023/02/06,夜間帯,逆方向,-900,-900,0,0,0,0,-900,周波数,0,0,0,0,2023/01/20 17:05:04
月間,202301,策定,越前嶺南線,2023/02/07,昼間帯,順方向,1900,1900,0,0,0,0,1900,安定度,0,0,0,0,2023/01/20 17:05:04
月間,202301,策定,越前嶺南線,2023/02/07,昼間帯,逆方向,-1600,-1600,0,0,0,0,-1600,周波数,0,0,0,0,2023/01/20 17:05:04
月間,202301,策定,越前嶺南線,2023/02/07,夜間帯,順方向,1900,1900,0,0,0,0,1900,安定度,0,0,0,0,2023/01/20 17:05:04
月間,202301,策定,越前嶺南線,2023/02/07,夜間帯,逆方向,-900,-900,0,0,0,0,-900,周波数,0,0,0,0,2023/01/20 17:05:04
月間,202301,策定,越前嶺南線,2023/02/08,昼間帯,順方向,1900,1900,0,0,0,0,1900,安定度,0,0,0,0,2023/01/20 17:05:04
月間,202301,策定,越前嶺南線,2023/02/08,昼間帯,逆方向,-1600,-1600,0,0,0,0,-1600,周波数,0,0,0,0,2023/01/20 17:05:04
月間,202301,策定,越前嶺南線,2023/02/08,夜間帯,順方向,1900,1900,0,0,0,0,1900,安定度,0,0,0,0,2023/01/20 17:05:04
月間,202301,策定,越前嶺南線,2023/02/08,夜間帯,逆方向,-900,-900,0,0,0,0,-900,周波数,0,0,0,0,2023/01/20 17:05:04
月間,202301,策定,越前嶺南線,2023/02/09,昼間帯,順方向,1900,1900,0,0,0,0,1900,安定度,0,0,0,0,2023/01/20 17:05:04
月間,202301,策定,越前嶺南線,2023/02/09,昼間帯,逆方向,-1600,-1600,0,0,0,0,-1600,周波数,0,0,0,0,2023/01/20 17:05:04
月間,202301,策定,越前嶺南線,2023/02/09,夜間帯,順方向,1900,1900,0,0,0,0,1900,安定度,0,0,0,0,2023/01/20 17:05:04
月間,202301,策定,越前嶺南線,2023/02/09,夜間帯,逆方向,-900,-900,0,0,0,0,-900,周波数,0,0,0,0,2023/01/20 17:05:04
月間,202301,策定,越前嶺南線,2023/02/10,昼間帯,順方向,1900,1900,0,0,0,0,1900,安定度,0,0,0,0,2023/01/20 17:05:04
月間,202301,策定,越前嶺南線,2023/02/10,昼間帯,逆方向,-1600,-1600,0,0,0,0,-1600,周波数,0,0,0,0,2023/01/20 17:05:04
月間,202301,策定,越前嶺南線,2023/02/10,夜間帯,順方向,1900,1900,0,0,0,0,1900,安定度,0,0,0,0,2023/01/20 17:05:04
月間,202301,策定,越前嶺南線,2023/02/10,夜間帯,逆方向,-900,-900,0,0,0,0,-900,周波数,0,0,0,0,2023/01/20 17:05:04
月間,202301,策定,越前嶺南線,2023/02/11,昼間帯,順方向,1740,1740,0,0,0,0,1740,周波数,0,0,0,0,2023/01/20 17:05:04
月間,202301,策定,越前嶺南線,2023/02/11,昼間帯,逆方向,-900,-900,0,0,0,0,-900,周波数,0,0,0,0,2023/01/20 17:05:04
月間,202301,策定,越前嶺南線,2023/02/11,夜間帯,順方向,1900,1900,0,0,0,0,1900,安定度,0,0,0,0,2023/01/20 17:05:04
月間,202301,策定,越前嶺南線,2023/02/11,夜間帯,逆方向,-900,-900,0,0,0,0,-900,周波数,0,0,0,0,2023/01/20 17:05:04
月間,202301,策定,越前嶺南線,2023/02/12,昼間帯,順方向,1740,1740,0,0,0,0,1740,周波数,0,0,0,0,2023/01/20 17:05:04
月間,202301,策定,越前嶺南線,2023/02/12,昼間帯,逆方向,-900,-900,0,0,0,0,-900,周波数,0,0,0,0,2023/01/20 17:05:04
月間,202301,策定,越前嶺南線,2023/02/12,夜間帯,順方向,1900,1900,0,0,0,0,1900,安定度,0,0,0,0,2023/01/20 17:05:04
月間,202301,策定,越前嶺南線,2023/02/12,夜間帯,逆方向,-900,-900,0,0,0,0,-900,周波数,0,0,0,0,2023/01/20 17:05:04
月間,202301,策定,越前嶺南線,2023/02/13,昼間帯,順方向,1900,1900,0,0,0,0,1900,安定度,0,0,0,0,2023/01/20 17:05:04
月間,202301,策定,越前嶺南線,2023/02/13,昼間帯,逆方向,-1600,-1600,0,0,0,0,-1600,周波数,0,0,0,0,2023/01/20 17:05:04
月間,202301,策定,越前嶺南線,2023/02/13,夜間帯,順方向,1900,1900,0,0,0,0,1900,安定度,0,0,0,0,2023/01/20 17:05:04
月間,202301,策定,越前嶺南線,2023/02/13,夜間帯,逆方向,-900,-900,0,0,0,0,-900,周波数,0,0,0,0,2023/01/20 17:05:04
月間,202301,策定,越前嶺南線,2023/02/14,昼間帯,順方向,1900,1900,0,0,0,0,1900,安定度,0,0,0,0,2023/01/20 17:05:04
月間,202301,策定,越前嶺南線,2023/02/14,昼間帯,逆方向,-1600,-1600,0,0,0,0,-1600,周波数,0,0,0,0,2023/01/20 17:05:04
月間,202301,策定,越前嶺南線,2023/02/14,夜間帯,順方向,1900,1900,0,0,0,0,1900,安定度,0,0,0,0,2023/01/20 17:05:04
月間,202301,策定,越前嶺南線,2023/02/14,夜間帯,逆方向,-900,-900,0,0,0,0,-900,周波数,0,0,0,0,2023/01/20 17:05:04
月間,202301,策定,越前嶺南線,2023/02/15,昼間帯,順方向,1900,1900,0,0,0,0,1900,安定度,0,0,0,0,2023/01/20 17:05:04
月間,202301,策定,越前嶺南線,2023/02/15,昼間帯,逆方向,-1600,-1600,0,0,0,0,-1600,周波数,0,0,0,0,2023/01/20 17:05:04
月間,202301,策定,越前嶺南線,2023/02/15,夜間帯,順方向,1900,1900,0,0,0,0,1900,安定度,0,0,0,0,2023/01/20 17:05:04
月間,202301,策定,越前嶺南線,2023/02/15,夜間帯,逆方向,-900,-900,0,0,0,0,-900,周波数,0,0,0,0,2023/01/20 17:05:04
月間,202301,策定,越前嶺南線,2023/02/16,昼間帯,順方向,1900,1900,0,0,0,0,1900,安定度,0,0,0,0,2023/01/20 17:05:04
月間,202301,策定,越前嶺南線,2023/02/16,昼間帯,逆方向,-1600,-1600,0,0,0,0,-1600,周波数,0,0,0,0,2023/01/20 17:05:04
月間,202301,策定,越前嶺南線,2023/02/16,夜間帯,順方向,1900,1900,0,0,0,0,1900,安定度,0,0,0,0,2023/01/20 17:05:04
月間,202301,策定,越前嶺南線,2023/02/16,夜間帯,逆方向,-900,-900,0,0,0,0,-900,周波数,0,0,0,0,2023/01/20 17:05:04
月間,202301,策定,越前嶺南線,2023/02/17,昼間帯,順方向,1900,1900,0,0,0,0,1900,安定度,0,0,0,0,2023/01/20 17:05:04
月間,202301,策定,越前嶺南線,2023/02/17,昼間帯,逆方向,-1600,-1600,0,0,0,0,-1600,周波数,0,0,0,0,2023/01/20 17:05:04
月間,202301,策定,越前嶺南線,2023/02/17,夜間帯,順方向,1900,1900,0,0,0,0,1900,安定度,0,0,0,0,2023/01/20 17:05:04
月間,202301,策定,越前嶺南線,2023/02/17,夜間帯,逆方向,-900,-900,0,0,0,0,-900,周波数,0,0,0,0,2023/01/20 17:05:04
月間,202301,策定,越前嶺南線,2023/02/18,昼間帯,順方向,1740,1740,0,0,0,0,1740,周波数,0,0,0,0,2023/01/20 17:05:04
月間,202301,策定,越前嶺南線,2023/02/18,昼間帯,逆方向,-900,-900,0,0,0,0,-900,周波数,0,0,0,0,2023/01/20 17:05:04
月間,202301,策定,越前嶺南線,2023/02/18,夜間帯,順方向,1900,1900,0,0,0,0,1900,安定度,0,0,0,0,2023/01/20 17:05:04
月間,202301,策定,越前嶺南線,2023/02/18,夜間帯,逆方向,-900,-900,0,0,0,0,-900,周波数,0,0,0,0,2023/01/20 17:05:04
月間,202301,策定,越前嶺南線,2023/02/19,昼間帯,順方向,1740,1740,0,0,0,0,1740,周波数,0,0,0,0,2023/01/20 17:05:04
月間,202301,策定,越前嶺南線,2023/02/19,昼間帯,逆方向,-900,-900,0,0,0,0,-900,周波数,0,0,0,0,2023/01/20 17:05:04
月間,202301,策定,越前嶺南線,2023/02/19,夜間帯,順方向,1900,1900,0,0,0,0,1900,安定度,0,0,0,0,2023/01/20 17:05:04
月間,202301,策定,越前嶺南線,2023/02/19,夜間帯,逆方向,-900,-900,0,0,0,0,-900,周波数,0,0,0,0,2023/01/20 17:05:04
月間,202301,策定,越前嶺南線,2023/02/20,昼間帯,順方向,1900,1900,0,0,0,0,1900,安定度,0,0,0,0,2023/01/20 17:05:04
月間,202301,策定,越前嶺南線,2023/02/20,昼間帯,逆方向,-1600,-1600,0,0,0,0,-1600,周波数,0,0,0,0,2023/01/20 17:05:04
月間,202301,策定,越前嶺南線,2023/02/20,夜間帯,順方向,1900,1900,0,0,0,0,1900,安定度,0,0,0,0,2023/01/20 17:05:04
月間,202301,策定,越前嶺南線,2023/02/20,夜間帯,逆方向,-900,-900,0,0,0,0,-900,周波数,0,0,0,0,2023/01/20 17:05:04
月間,202301,策定,越前嶺南線,2023/02/21,昼間帯,順方向,1900,1900,0,0,0,0,1900,安定度,0,0,0,0,2023/01/20 17:05:04
月間,202301,策定,越前嶺南線,2023/02/21,昼間帯,逆方向,-1600,-1600,0,0,0,0,-1600,周波数,0,0,0,0,2023/01/20 17:05:04
月間,202301,策定,越前嶺南線,2023/02/21,夜間帯,順方向,1900,1900,0,0,0,0,1900,安定度,0,0,0,0,2023/01/20 17:05:04
月間,202301,策定,越前嶺南線,2023/02/21,夜間帯,逆方向,-900,-900,0,0,0,0,-900,周波数,0,0,0,0,2023/01/20 17:05:04
月間,202301,策定,越前嶺南線,2023/02/22,昼間帯,順方向,1900,1900,0,0,0,0,1900,安定度,0,0,0,0,2023/01/20 17:05:04
月間,202301,策定,越前嶺南線,2023/02/22,昼間帯,逆方向,-1600,-1600,0,0,0,0,-1600,周波数,0,0,0,0,2023/01/20 17:05:04
月間,202301,策定,越前嶺南線,2023/02/22,夜間帯,順方向,1900,1900,0,0,0,0,1900,安定度,0,0,0,0,2023/01/20 17:05:04
月間,202301,策定,越前嶺南線,2023/02/22,夜間帯,逆方向,-900,-900,0,0,0,0,-900,周波数,0,0,0,0,2023/01/20 17:05:04
月間,202301,策定,越前嶺南線,2023/02/23,昼間帯,順方向,1740,1740,0,0,0,0,1740,周波数,0,0,0,0,2023/01/20 17:05:04
月間,202301,策定,越前嶺南線,2023/02/23,昼間帯,逆方向,-900,-900,0,0,0,0,-900,周波数,0,0,0,0,2023/01/20 17:05:04
月間,202301,策定,越前嶺南線,2023/02/23,夜間帯,順方向,1900,1900,0,0,0,0,1900,安定度,0,0,0,0,2023/01/20 17:05:04
月間,202301,策定,越前嶺南線,2023/02/23,夜間帯,逆方向,-900,-900,0,0,0,0,-900,周波数,0,0,0,0,2023/01/20 17:05:04
月間,202301,策定,越前嶺南線,2023/02/24,昼間帯,順方向,1900,1900,0,0,0,0,1900,安定度,0,0,0,0,2023/01/20 17:05:04
月間,202301,策定,越前嶺南線,2023/02/24,昼間帯,逆方向,-1600,-1600,0,0,0,0,-1600,周波数,0,0,0,0,2023/01/20 17:05:04
月間,202301,策定,越前嶺南線,2023/02/24,夜間帯,順方向,1900,1900,0,0,0,0,1900,安定度,0,0,0,0,2023/01/20 17:05:04
月間,202301,策定,越前嶺南線,2023/02/24,夜間帯,逆方向,-900,-900,0,0,0,0,-900,周波数,0,0,0,0,2023/01/20 17:05:04
月間,202301,策定,越前嶺南線,2023/02/25,昼間帯,順方向,1740,1740,0,0,0,0,1740,周波数,0,0,0,0,2023/01/20 17:05:04
月間,202301,策定,越前嶺南線,2023/02/25,昼間帯,逆方向,-900,-900,0,0,0,0,-900,周波数,0,0,0,0,2023/01/20 17:05:04
月間,202301,策定,越前嶺南線,2023/02/25,夜間帯,順方向,1900,1900,0,0,0,0,1900,安定度,0,0,0,0,2023/01/20 17:05:04
月間,202301,策定,越前嶺南線,2023/02/25,夜間帯,逆方向,-900,-900,0,0,0,0,-900,周波数,0,0,0,0,2023/01/20 17:05:04
月間,202301,策定,越前嶺南線,2023/02/26,昼間帯,順方向,1740,1740,0,0,0,0,1740,周波数,0,0,0,0,2023/01/20 17:05:04
月間,202301,策定,越前嶺南線,2023/02/26,昼間帯,逆方向,-900,-900,0,0,0,0,-900,周波数,0,0,0,0,2023/01/20 17:05:04
月間,202301,策定,越前嶺南線,2023/02/26,夜間帯,順方向,1900,1900,0,0,0,0,1900,安定度,0,0,0,0,2023/01/20 17:05:04
月間,202301,策定,越前嶺南線,2023/02/26,夜間帯,逆方向,-900,-900,0,0,0,0,-900,周波数,0,0,0,0,2023/01/20 17:05:04
月間,202301,策定,越前嶺南線,2023/02/27,昼間帯,順方向,1900,1900,0,0,0,0,1900,安定度,0,0,0,0,2023/01/20 17:05:04
月間,202301,策定,越前嶺南線,2023/02/27,昼間帯,逆方向,-1600,-1600,0,0,0,0,-1600,周波数,0,0,0,0,2023/01/20 17:05:04
月間,202301,策定,越前嶺南線,2023/02/27,夜間帯,順方向,1900,1900,0,0,0,0,1900,安定度,0,0,0,0,2023/01/20 17:05:04
月間,202301,策定,越前嶺南線,2023/02/27,夜間帯,逆方向,-900,-900,0,0,0,0,-900,周波数,0,0,0,0,2023/01/20 17:05:04
月間,202301,策定,越前嶺南線,2023/02/28,昼間帯,順方向,1900,1900,0,0,0,0,1900,安定度,0,0,0,0,2023/01/20 17:05:04
月間,202301,策定,越前嶺南線,2023/02/28,昼間帯,逆方向,-1600,-1600,0,0,0,0,-1600,周波数,0,0,0,0,2023/01/20 17:05:04
月間,202301,策定,越前嶺南線,2023/02/28,夜間帯,順方向,1900,1900,0,0,0,0,1900,安定度,0,0,0,0,2023/01/20 17:05:04
月間,202301,策定,越前嶺南線,2023/02/28,夜間帯,逆方向,-900,-900,0,0,0,0,-900,周波数,0,0,0,0,2023/01/20 17:05:04
月間,202212,策定,西播東岡山線・山崎智頭線,2023/02/01,昼間帯,順方向,3260,3260,0,0,0,0,3260,熱容量,0,0,0,0,2022/12/20 17:05:05
月間,202212,策定,西播東岡山線・山崎智頭線,2023/02/01,昼間帯,逆方向,-4550,-4550,0,0,0,0,-4550,電圧,0,0,0,0,2022/12/20 17:05:05
月間,202212,策定,西播東岡山線・山崎智頭線,2023/02/01,夜間帯,順方向,3260,3260,0,0,0,0,3260,熱容量,0,0,0,0,2022/12/20 17:05:05
月間,202212,策定,西播東岡山線・山崎智頭線,2023/02/01,夜間帯,逆方向,-4550,-4550,0,0,0,0,-4550,電圧,0,0,0,0,2022/12/20 17:05:05
月間,202212,策定,西播東岡山線・山崎智頭線,2023/02/02,昼間帯,順方向,3260,3260,0,0,0,0,3260,熱容量,0,0,0,0,2022/12/20 17:05:05
月間,202212,策定,西播東岡山線・山崎智頭線,2023/02/02,昼間帯,逆方向,-4550,-4550,0,0,0,0,-4550,電圧,0,0,0,0,2022/12/20 17:05:05
月間,202212,策定,西播東岡山線・山崎智頭線,2023/02/02,夜間帯,順方向,3260,3260,0,0,0,0,3260,熱容量,0,0,0,0,2022/12/20 17:05:05
月間,202212,策定,西播東岡山線・山崎智頭線,2023/02/02,夜間帯,逆方向,-4550,-4550,0,0,0,0,-4550,電圧,0,0,0,0,2022/12/20 17:05:05
月間,202212,策定,西播東岡山線・山崎智頭線,2023/02/03,昼間帯,順方向,3260,3260,0,0,0,0,3260,熱容量,0,0,0,0,2022/12/20 17:05:05
月間,202212,策定,西播東岡山線・山崎智頭線,2023/02/03,昼間帯,逆方向,-4550,-4550,0,0,0,0,-4550,電圧,0,0,0,0,2022/12/20 17:05:05
月間,202212,策定,西播東岡山線・山崎智頭線,2023/02/03,夜間帯,順方向,3260,3260,0,0,0,0,3260,熱容量,0,0,0,0,2022/12/20 17:05:05
月間,202212,策定,西播東岡山線・山崎智頭線,2023/02/03,夜間帯,逆方向,-4550,-4550,0,0,0,0,-4550,電圧,0,0,0,0,2022/12/20 17:05:05
月間,202212,策定,西播東岡山線・山崎智頭線,2023/02/04,昼間帯,順方向,3260,3260,0,0,0,0,3260,熱容量,0,0,0,0,2022/12/20 17:05:05
月間,202212,策定,西播東岡山線・山崎智頭線,2023/02/04,昼間帯,逆方向,-4550,-4550,0,0,0,0,-4550,電圧,0,0,0,0,2022/12/20 17:05:05
月間,202212,策定,西播東岡山線・山崎智頭線,2023/02/04,夜間帯,順方向,3260,3260,0,0,0,0,3260,熱容量,0,0,0,0,2022/12/20 17:05:05
月間,202212,策定,西播東岡山線・山崎智頭線,2023/02/04,夜間帯,逆方向,-4550,-4550,0,0,0,0,-4550,電圧,0,0,0,0,2022/12/20 17:05:05
月間,202212,策定,西播東岡山線・山崎智頭線,2023/02/05,昼間帯,順方向,3260,3260,0,0,0,0,3260,熱容量,0,0,0,0,2022/12/20 17:05:05
月間,202212,策定,西播東岡山線・山崎智頭線,2023/02/05,昼間帯,逆方向,-4550,-4550,0,0,0,0,-4550,電圧,0,0,0,0,2022/12/20 17:05:05
月間,202212,策定,西播東岡山線・山崎智頭線,2023/02/05,夜間帯,順方向,3260,3260,0,0,0,0,3260,熱容量,0,0,0,0,2022/12/20 17:05:05
月間,202212,策定,西播東岡山線・山崎智頭線,2023/02/05,夜間帯,逆方向,-4550,-4550,0,0,0,0,-4550,電圧,0,0,0,0,2022/12/20 17:05:05
月間,202212,策定,西播東岡山線・山崎智頭線,2023/02/06,昼間帯,順方向,3260,3260,0,0,0,0,3260,熱容量,0,0,0,0,2022/12/20 17:05:05
月間,202212,策定,西播東岡山線・山崎智頭線,2023/02/06,昼間帯,逆方向,-4550,-4550,0,0,0,0,-4550,電圧,0,0,0,0,2022/12/20 17:05:05
月間,202212,策定,西播東岡山線・山崎智頭線,2023/02/06,夜間帯,順方向,3260,3260,0,0,0,0,3260,熱容量,0,0,0,0,2022/12/20 17:05:05
月間,202212,策定,西播東岡山線・山崎智頭線,2023/02/06,夜間帯,逆方向,-4550,-4550,0,0,0,0,-4550,電圧,0,0,0,0,2022/12/20 17:05:05
月間,202212,策定,西播東岡山線・山崎智頭線,2023/02/07,昼間帯,順方向,3260,3260,0,0,0,0,3260,熱容量,0,0,0,0,2022/12/20 17:05:05
月間,202212,策定,西播東岡山線・山崎智頭線,2023/02/07,昼間帯,逆方向,-4550,-4550,0,0,0,0,-4550,電圧,0,0,0,0,2022/12/20 17:05:05
月間,202212,策定,西播東岡山線・山崎智頭線,2023/02/07,夜間帯,順方向,3260,3260,0,0,0,0,3260,熱容量,0,0,0,0,2022/12/20 17:05:05
月間,202212,策定,西播東岡山線・山崎智頭線,2023/02/07,夜間帯,逆方向,-4550,-4550,0,0,0,0,-4550,電圧,0,0,0,0,2022/12/20 17:05:05
月間,202212,策定,西播東岡山線・山崎智頭線,2023/02/08,昼間帯,順方向,3260,3260,0,0,0,0,3260,熱容量,0,0,0,0,2022/12/20 17:05:05
月間,202212,策定,西播東岡山線・山崎智頭線,2023/02/08,昼間帯,逆方向,-4550,-4550,0,0,0,0,-4550,電圧,0,0,0,0,2022/12/20 17:05:05
月間,202212,策定,西播東岡山線・山崎智頭線,2023/02/08,夜間帯,順方向,3260,3260,0,0,0,0,3260,熱容量,0,0,0,0,2022/12/20 17:05:05
月間,202212,策定,西播東岡山線・山崎智頭線,2023/02/08,夜間帯,逆方向,-4550,-4550,0,0,0,0,-4550,電圧,0,0,0,0,2022/12/20 17:05:05
月間,202212,策定,西播東岡山線・山崎智頭線,2023/02/09,昼間帯,順方向,3260,3260,0,0,0,0,3260,熱容量,0,0,0,0,2022/12/20 17:05:05
月間,202212,策定,西播東岡山線・山崎智頭線,2023/02/09,昼間帯,逆方向,-4550,-4550,0,0,0,0,-4550,電圧,0,0,0,0,2022/12/20 17:05:05
月間,202212,策定,西播東岡山線・山崎智頭線,2023/02/09,夜間帯,順方向,3260,3260,0,0,0,0,3260,熱容量,0,0,0,0,2022/12/20 17:05:05
月間,202212,策定,西播東岡山線・山崎智頭線,2023/02/09,夜間帯,逆方向,-4550,-4550,0,0,0,0,-4550,電圧,0,0,0,0,2022/12/20 17:05:05
月間,202212,策定,西播東岡山線・山崎智頭線,2023/02/10,昼間帯,順方向,3260,3260,0,0,0,0,3260,熱容量,0,0,0,0,2022/12/20 17:05:05
月間,202212,策定,西播東岡山線・山崎智頭線,2023/02/10,昼間帯,逆方向,-4550,-4550,0,0,0,0,-4550,電圧,0,0,0,0,2022/12/20 17:05:05
月間,202212,策定,西播東岡山線・山崎智頭線,2023/02/10,夜間帯,順方向,3260,3260,0,0,0,0,3260,熱容量,0,0,0,0,2022/12/20 17:05:05
月間,202212,策定,西播東岡山線・山崎智頭線,2023/02/10,夜間帯,逆方向,-4550,-4550,0,0,0,0,-4550,電圧,0,0,0,0,2022/12/20 17:05:05
月間,202212,策定,西播東岡山線・山崎智頭線,2023/02/11,昼間帯,順方向,3260,3260,0,0,0,0,3260,熱容量,0,0,0,0,2022/12/20 17:05:05
月間,202212,策定,西播東岡山線・山崎智頭線,2023/02/11,昼間帯,逆方向,-4550,-4550,0,0,0,0,-4550,電圧,0,0,0,0,2022/12/20 17:05:05
月間,202212,策定,西播東岡山線・山崎智頭線,2023/02/11,夜間帯,順方向,3260,3260,0,0,0,0,3260,熱容量,0,0,0,0,2022/12/20 17:05:05
月間,202212,策定,西播東岡山線・山崎智頭線,2023/02/11,夜間帯,逆方向,-4550,-4550,0,0,0,0,-4550,電圧,0,0,0,0,2022/12/20 17:05:05
月間,202212,策定,西播東岡山線・山崎智頭線,2023/02/12,昼間帯,順方向,3260,3260,0,0,0,0,3260,熱容量,0,0,0,0,2022/12/20 17:05:05
月間,202212,策定,西播東岡山線・山崎智頭線,2023/02/12,昼間帯,逆方向,-4550,-4550,0,0,0,0,-4550,電圧,0,0,0,0,2022/12/20 17:05:05
月間,202212,策定,西播東岡山線・山崎智頭線,2023/02/12,夜間帯,順方向,3260,3260,0,0,0,0,3260,熱容量,0,0,0,0,2022/12/20 17:05:05
月間,202212,策定,西播東岡山線・山崎智頭線,2023/02/12,夜間帯,逆方向,-4550,-4550,0,0,0,0,-4550,電圧,0,0,0,0,2022/12/20 17:05:05
月間,202212,策定,西播東岡山線・山崎智頭線,2023/02/13,昼間帯,順方向,3260,3260,0,0,0,0,3260,熱容量,0,0,0,0,2022/12/20 17:05:05
月間,202212,策定,西播東岡山線・山崎智頭線,2023/02/13,昼間帯,逆方向,-4550,-4550,0,0,0,0,-4550,電圧,0,0,0,0,2022/12/20 17:05:05
月間,202212,策定,西播東岡山線・山崎智頭線,2023/02/13,夜間帯,順方向,3260,3260,0,0,0,0,3260,熱容量,0,0,0,0,2022/12/20 17:05:05
月間,202212,策定,西播東岡山線・山崎智頭線,2023/02/13,夜間帯,逆方向,-4550,-4550,0,0,0,0,-4550,電圧,0,0,0,0,2022/12/20 17:05:05
月間,202212,策定,西播東岡山線・山崎智頭線,2023/02/14,昼間帯,順方向,3260,3260,0,0,0,0,3260,熱容量,0,0,0,0,2022/12/20 17:05:05
月間,202212,策定,西播東岡山線・山崎智頭線,2023/02/14,昼間帯,逆方向,-4550,-4550,0,0,0,0,-4550,電圧,0,0,0,0,2022/12/20 17:05:05
月間,202212,策定,西播東岡山線・山崎智頭線,2023/02/14,夜間帯,順方向,3260,3260,0,0,0,0,3260,熱容量,0,0,0,0,2022/12/20 17:05:05
月間,202212,策定,西播東岡山線・山崎智頭線,2023/02/14,夜間帯,逆方向,-4550,-4550,0,0,0,0,-4550,電圧,0,0,0,0,2022/12/20 17:05:05
月間,202212,策定,西播東岡山線・山崎智頭線,2023/02/15,昼間帯,順方向,3260,3260,0,0,0,0,3260,熱容量,0,0,0,0,2022/12/20 17:05:05
月間,202212,策定,西播東岡山線・山崎智頭線,2023/02/15,昼間帯,逆方向,-4550,-4550,0,0,0,0,-4550,電圧,0,0,0,0,2022/12/20 17:05:05
月間,202212,策定,西播東岡山線・山崎智頭線,2023/02/15,夜間帯,順方向,3260,3260,0,0,0,0,3260,熱容量,0,0,0,0,2022/12/20 17:05:05
月間,202212,策定,西播東岡山線・山崎智頭線,2023/02/15,夜間帯,逆方向,-4550,-4550,0,0,0,0,-4550,電圧,0,0,0,0,2022/12/20 17:05:05
月間,202212,策定,西播東岡山線・山崎智頭線,2023/02/16,昼間帯,順方向,3260,3260,0,0,0,0,3260,熱容量,0,0,0,0,2022/12/20 17:05:05
月間,202212,策定,西播東岡山線・山崎智頭線,2023/02/16,昼間帯,逆方向,-4550,-4550,0,0,0,0,-4550,電圧,0,0,0,0,2022/12/20 17:05:05
月間,202212,策定,西播東岡山線・山崎智頭線,2023/02/16,夜間帯,順方向,3260,3260,0,0,0,0,3260,熱容量,0,0,0,0,2022/12/20 17:05:05
月間,202212,策定,西播東岡山線・山崎智頭線,2023/02/16,夜間帯,逆方向,-4550,-4550,0,0,0,0,-4550,電圧,0,0,0,0,2022/12/20 17:05:05
月間,202212,策定,西播東岡山線・山崎智頭線,2023/02/17,昼間帯,順方向,3260,3260,0,0,0,0,3260,熱容量,0,0,0,0,2022/12/20 17:05:05
月間,202212,策定,西播東岡山線・山崎智頭線,2023/02/17,昼間帯,逆方向,-4550,-4550,0,0,0,0,-4550,電圧,0,0,0,0,2022/12/20 17:05:05
月間,202212,策定,西播東岡山線・山崎智頭線,2023/02/17,夜間帯,順方向,3260,3260,0,0,0,0,3260,熱容量,0,0,0,0,2022/12/20 17:05:05
月間,202212,策定,西播東岡山線・山崎智頭線,2023/02/17,夜間帯,逆方向,-4550,-4550,0,0,0,0,-4550,電圧,0,0,0,0,2022/12/20 17:05:05
月間,202212,策定,西播東岡山線・山崎智頭線,2023/02/18,昼間帯,順方向,3260,3260,0,0,0,0,3260,熱容量,0,0,0,0,2022/12/20 17:05:05
月間,202212,策定,西播東岡山線・山崎智頭線,2023/02/18,昼間帯,逆方向,-4550,-4550,0,0,0,0,-4550,電圧,0,0,0,0,2022/12/20 17:05:05
月間,202212,策定,西播東岡山線・山崎智頭線,2023/02/18,夜間帯,順方向,3260,3260,0,0,0,0,3260,熱容量,0,0,0,0,2022/12/20 17:05:05
月間,202212,策定,西播東岡山線・山崎智頭線,2023/02/18,夜間帯,逆方向,-4550,-4550,0,0,0,0,-4550,電圧,0,0,0,0,2022/12/20 17:05:05
月間,202212,策定,西播東岡山線・山崎智頭線,2023/02/19,昼間帯,順方向,3260,3260,0,0,0,0,3260,熱容量,0,0,0,0,2022/12/20 17:05:05
月間,202212,策定,西播東岡山線・山崎智頭線,2023/02/19,昼間帯,逆方向,-4550,-4550,0,0,0,0,-4550,電圧,0,0,0,0,2022/12/20 17:05:05
月間,202212,策定,西播東岡山線・山崎智頭線,2023/02/19,夜間帯,順方向,3260,3260,0,0,0,0,3260,熱容量,0,0,0,0,2022/12/20 17:05:05
月間,202212,策定,西播東岡山線・山崎智頭線,2023/02/19,夜間帯,逆方向,-4550,-4550,0,0,0,0,-4550,電圧,0,0,0,0,2022/12/20 17:05:05
月間,202212,策定,西播東岡山線・山崎智頭線,2023/02/20,昼間帯,順方向,3260,3260,0,0,0,0,3260,熱容量,0,0,0,0,2022/12/20 17:05:05
月間,202212,策定,西播東岡山線・山崎智頭線,2023/02/20,昼間帯,逆方向,-4550,-4550,0,0,0,0,-4550,電圧,0,0,0,0,2022/12/20 17:05:05
月間,202212,策定,西播東岡山線・山崎智頭線,2023/02/20,夜間帯,順方向,3260,3260,0,0,0,0,3260,熱容量,0,0,0,0,2022/12/20 17:05:05
月間,202212,策定,西播東岡山線・山崎智頭線,2023/02/20,夜間帯,逆方向,-4550,-4550,0,0,0,0,-4550,電圧,0,0,0,0,2022/12/20 17:05:05
月間,202212,策定,西播東岡山線・山崎智頭線,2023/02/21,昼間帯,順方向,3260,3260,0,0,0,0,3260,熱容量,0,0,0,0,2022/12/20 17:05:05
月間,202212,策定,西播東岡山線・山崎智頭線,2023/02/21,昼間帯,逆方向,-4550,-4550,0,0,0,0,-4550,電圧,0,0,0,0,2022/12/20 17:05:05
月間,202212,策定,西播東岡山線・山崎智頭線,2023/02/21,夜間帯,順方向,3260,3260,0,0,0,0,3260,熱容量,0,0,0,0,2022/12/20 17:05:05
月間,202212,策定,西播東岡山線・山崎智頭線,2023/02/21,夜間帯,逆方向,-4550,-4550,0,0,0,0,-4550,電圧,0,0,0,0,2022/12/20 17:05:05
月間,202212,策定,西播東岡山線・山崎智頭線,2023/02/22,昼間帯,順方向,3260,3260,0,0,0,0,3260,熱容量,0,0,0,0,2022/12/20 17:05:05
月間,202212,策定,西播東岡山線・山崎智頭線,2023/02/22,昼間帯,逆方向,-4550,-4550,0,0,0,0,-4550,電圧,0,0,0,0,2022/12/20 17:05:05
月間,202212,策定,西播東岡山線・山崎智頭線,2023/02/22,夜間帯,順方向,3260,3260,0,0,0,0,3260,熱容量,0,0,0,0,2022/12/20 17:05:05
月間,202212,策定,西播東岡山線・山崎智頭線,2023/02/22,夜間帯,逆方向,-4550,-4550,0,0,0,0,-4550,電圧,0,0,0,0,2022/12/20 17:05:05
月間,202212,策定,西播東岡山線・山崎智頭線,2023/02/23,昼間帯,順方向,3260,3260,0,0,0,0,3260,熱容量,0,0,0,0,2022/12/20 17:05:05
月間,202212,策定,西播東岡山線・山崎智頭線,2023/02/23,昼間帯,逆方向,-4550,-4550,0,0,0,0,-4550,電圧,0,0,0,0,2022/12/20 17:05:05
月間,202212,策定,西播東岡山線・山崎智頭線,2023/02/23,夜間帯,順方向,3260,3260,0,0,0,0,3260,熱容量,0,0,0,0,2022/12/20 17:05:05
月間,202212,策定,西播東岡山線・山崎智頭線,2023/02/23,夜間帯,逆方向,-4550,-4550,0,0,0,0,-4550,電圧,0,0,0,0,2022/12/20 17:05:05
月間,202212,策定,西播東岡山線・山崎智頭線,2023/02/24,昼間帯,順方向,3260,3260,0,0,0,0,3260,熱容量,0,0,0,0,2022/12/20 17:05:05
月間,202212,策定,西播東岡山線・山崎智頭線,2023/02/24,昼間帯,逆方向,-4550,-4550,0,0,0,0,-4550,電圧,0,0,0,0,2022/12/20 17:05:05
月間,202212,策定,西播東岡山線・山崎智頭線,2023/02/24,夜間帯,順方向,3260,3260,0,0,0,0,3260,熱容量,0,0,0,0,2022/12/20 17:05:05
月間,202212,策定,西播東岡山線・山崎智頭線,2023/02/24,夜間帯,逆方向,-4550,-4550,0,0,0,0,-4550,電圧,0,0,0,0,2022/12/20 17:05:05
月間,202212,策定,西播東岡山線・山崎智頭線,2023/02/25,昼間帯,順方向,3260,3260,0,0,0,0,3260,熱容量,0,0,0,0,2022/12/20 17:05:05
月間,202212,策定,西播東岡山線・山崎智頭線,2023/02/25,昼間帯,逆方向,-4550,-4550,0,0,0,0,-4550,電圧,0,0,0,0,2022/12/20 17:05:05
月間,202212,策定,西播東岡山線・山崎智頭線,2023/02/25,夜間帯,順方向,3260,3260,0,0,0,0,3260,熱容量,0,0,0,0,2022/12/20 17:05:05
月間,202212,策定,西播東岡山線・山崎智頭線,2023/02/25,夜間帯,逆方向,-4550,-4550,0,0,0,0,-4550,電圧,0,0,0,0,2022/12/20 17:05:05
月間,202212,策定,西播東岡山線・山崎智頭線,2023/02/26,昼間帯,順方向,3260,3260,0,0,0,0,3260,熱容量,0,0,0,0,2022/12/20 17:05:05
月間,202212,策定,西播東岡山線・山崎智頭線,2023/02/26,昼間帯,逆方向,-4550,-4550,0,0,0,0,-4550,電圧,0,0,0,0,2022/12/20 17:05:05
月間,202212,策定,西播東岡山線・山崎智頭線,2023/02/26,夜間帯,順方向,3260,3260,0,0,0,0,3260,熱容量,0,0,0,0,2022/12/20 17:05:05
月間,202212,策定,西播東岡山線・山崎智頭線,2023/02/26,夜間帯,逆方向,-4550,-4550,0,0,0,0,-4550,電圧,0,0,0,0,2022/12/20 17:05:05
月間,202212,策定,西播東岡山線・山崎智頭線,2023/02/27,昼間帯,順方向,3260,3260,0,0,0,0,3260,熱容量,0,0,0,0,2022/12/20 17:05:05
月間,202212,策定,西播東岡山線・山崎智頭線,2023/02/27,昼間帯,逆方向,-4550,-4550,0,0,0,0,-4550,電圧,0,0,0,0,2022/12/20 17:05:05
月間,202212,策定,西播東岡山線・山崎智頭線,2023/02/27,夜間帯,順方向,3260,3260,0,0,0,0,3260,熱容量,0,0,0,0,2022/12/20 17:05:05
月間,202212,策定,西播東岡山線・山崎智頭線,2023/02/27,夜間帯,逆方向,-4550,-4550,0,0,0,0,-4550,電圧,0,0,0,0,2022/12/20 17:05:05
月間,202212,策定,西播東岡山線・山崎智頭線,2023/02/28,昼間帯,順方向,3260,3260,0,0,0,0,3260,熱容量,0,0,0,0,2022/12/20 17:05:05
月間,202212,策定,西播東岡山線・山崎智頭線,2023/02/28,昼間帯,逆方向,-4550,-4550,0,0,0,0,-4550,電圧,0,0,0,0,2022/12/20 17:05:05
月間,202212,策定,西播東岡山線・山崎智頭線,2023/02/28,夜間帯,順方向,3260,3260,0,0,0,0,3260,熱容量,0,0,0,0,2022/12/20 17:05:05
月間,202212,策定,西播東岡山線・山崎智頭線,2023/02/28,夜間帯,逆方向,-4550,-4550,0,0,0,0,-4550,電圧,0,0,0,0,2022/12/20 17:05:05
月間,202301,策定,西播東岡山線・山崎智頭線,2023/02/04,昼間帯,順方向,3260,3260,0,0,0,0,3260,熱容量,0,0,0,0,2023/01/20 17:05:04
月間,202301,策定,西播東岡山線・山崎智頭線,2023/02/04,昼間帯,逆方向,-4550,-4550,0,0,0,0,-4550,電圧,0,0,0,0,2023/01/20 17:05:04
月間,202301,策定,西播東岡山線・山崎智頭線,2023/02/04,夜間帯,順方向,3260,3260,0,0,0,0,3260,熱容量,0,0,0,0,2023/01/20 17:05:04
月間,202301,策定,西播東岡山線・山崎智頭線,2023/02/04,夜間帯,逆方向,-4550,-4550,0,0,0,0,-4550,電圧,0,0,0,0,2023/01/20 17:05:04
月間,202301,策定,西播東岡山線・山崎智頭線,2023/02/05,昼間帯,順方向,3260,3260,0,0,0,0,3260,熱容量,0,0,0,0,2023/01/20 17:05:04
月間,202301,策定,西播東岡山線・山崎智頭線,2023/02/05,昼間帯,逆方向,-4550,-4550,0,0,0,0,-4550,電圧,0,0,0,0,2023/01/20 17:05:04
月間,202301,策定,西播東岡山線・山崎智頭線,2023/02/05,夜間帯,順方向,3260,3260,0,0,0,0,3260,熱容量,0,0,0,0,2023/01/20 17:05:04
月間,202301,策定,西播東岡山線・山崎智頭線,2023/02/05,夜間帯,逆方向,-4550,-4550,0,0,0,0,-4550,電圧,0,0,0,0,2023/01/20 17:05:04
月間,202301,策定,西播東岡山線・山崎智頭線,2023/02/06,昼間帯,順方向,3260,3260,0,0,0,0,3260,熱容量,0,0,0,0,2023/01/20 17:05:04
月間,202301,策定,西播東岡山線・山崎智頭線,2023/02/06,昼間帯,逆方向,-4550,-4550,0,0,0,0,-4550,電圧,0,0,0,0,2023/01/20 17:05:04
月間,202301,策定,西播東岡山線・山崎智頭線,2023/02/06,夜間帯,順方向,3260,3260,0,0,0,0,3260,熱容量,0,0,0,0,2023/01/20 17:05:04
月間,202301,策定,西播東岡山線・山崎智頭線,2023/02/06,夜間帯,逆方向,-4550,-4550,0,0,0,0,-4550,電圧,0,0,0,0,2023/01/20 17:05:04
月間,202301,策定,西播東岡山線・山崎智頭線,2023/02/07,昼間帯,順方向,3260,3260,0,0,0,0,3260,熱容量,0,0,0,0,2023/01/20 17:05:04
月間,202301,策定,西播東岡山線・山崎智頭線,2023/02/07,昼間帯,逆方向,-4550,-4550,0,0,0,0,-4550,電圧,0,0,0,0,2023/01/20 17:05:04
月間,202301,策定,西播東岡山線・山崎智頭線,2023/02/07,夜間帯,順方向,3260,3260,0,0,0,0,3260,熱容量,0,0,0,0,2023/01/20 17:05:04
月間,202301,策定,西播東岡山線・山崎智頭線,2023/02/07,夜間帯,逆方向,-4550,-4550,0,0,0,0,-4550,電圧,0,0,0,0,2023/01/20 17:05:04
月間,202301,策定,西播東岡山線・山崎智頭線,2023/02/08,昼間帯,順方向,3260,3260,0,0,0,0,3260,熱容量,0,0,0,0,2023/01/20 17:05:04
月間,202301,策定,西播東岡山線・山崎智頭線,2023/02/08,昼間帯,逆方向,-4550,-4550,0,0,0,0,-4550,電圧,0,0,0,0,2023/01/20 17:05:04
月間,202301,策定,西播東岡山線・山崎智頭線,2023/02/08,夜間帯,順方向,3260,3260,0,0,0,0,3260,熱容量,0,0,0,0,2023/01/20 17:05:04
月間,202301,策定,西播東岡山線・山崎智頭線,2023/02/08,夜間帯,逆方向,-4550,-4550,0,0,0,0,-4550,電圧,0,0,0,0,2023/01/20 17:05:04
月間,202301,策定,西播東岡山線・山崎智頭線,2023/02/09,昼間帯,順方向,3260,3260,0,0,0,0,3260,熱容量,0,0,0,0,2023/01/20 17:05:04
月間,202301,策定,西播東岡山線・山崎智頭線,2023/02/09,昼間帯,逆方向,-4550,-4550,0,0,0,0,-4550,電圧,0,0,0,0,2023/01/20 17:05:04
月間,202301,策定,西播東岡山線・山崎智頭線,2023/02/09,夜間帯,順方向,3260,3260,0,0,0,0,3260,熱容量,0,0,0,0,2023/01/20 17:05:04
月間,202301,策定,西播東岡山線・山崎智頭線,2023/02/09,夜間帯,逆方向,-4550,-4550,0,0,0,0,-4550,電圧,0,0,0,0,2023/01/20 17:05:04
月間,202301,策定,西播東岡山線・山崎智頭線,2023/02/10,昼間帯,順方向,3260,3260,0,0,0,0,3260,熱容量,0,0,0,0,2023/01/20 17:05:04
月間,202301,策定,西播東岡山線・山崎智頭線,2023/02/10,昼間帯,逆方向,-4550,-4550,0,0,0,0,-4550,電圧,0,0,0,0,2023/01/20 17:05:04
月間,202301,策定,西播東岡山線・山崎智頭線,2023/02/10,夜間帯,順方向,3260,3260,0,0,0,0,3260,熱容量,0,0,0,0,2023/01/20 17:05:04
月間,202301,策定,西播東岡山線・山崎智頭線,2023/02/10,夜間帯,逆方向,-4550,-4550,0,0,0,0,-4550,電圧,0,0,0,0,2023/01/20 17:05:04
月間,202301,策定,西播東岡山線・山崎智頭線,2023/02/11,昼間帯,順方向,3260,3260,0,0,0,0,3260,熱容量,0,0,0,0,2023/01/20 17:05:04
月間,202301,策定,西播東岡山線・山崎智頭線,2023/02/11,昼間帯,逆方向,-4550,-4550,0,0,0,0,-4550,電圧,0,0,0,0,2023/01/20 17:05:04
月間,202301,策定,西播東岡山線・山崎智頭線,2023/02/11,夜間帯,順方向,3260,3260,0,0,0,0,3260,熱容量,0,0,0,0,2023/01/20 17:05:04
月間,202301,策定,西播東岡山線・山崎智頭線,2023/02/11,夜間帯,逆方向,-4550,-4550,0,0,0,0,-4550,電圧,0,0,0,0,2023/01/20 17:05:04
月間,202301,策定,西播東岡山線・山崎智頭線,2023/02/12,昼間帯,順方向,3260,3260,0,0,0,0,3260,熱容量,0,0,0,0,2023/01/20 17:05:04
月間,202301,策定,西播東岡山線・山崎智頭線,2023/02/12,昼間帯,逆方向,-4550,-4550,0,0,0,0,-4550,電圧,0,0,0,0,2023/01/20 17:05:04
月間,202301,策定,西播東岡山線・山崎智頭線,2023/02/12,夜間帯,順方向,3260,3260,0,0,0,0,3260,熱容量,0,0,0,0,2023/01/20 17:05:04
月間,202301,策定,西播東岡山線・山崎智頭線,2023/02/12,夜間帯,逆方向,-4550,-4550,0,0,0,0,-4550,電圧,0,0,0,0,2023/01/20 17:05:04
月間,202301,策定,西播東岡山線・山崎智頭線,2023/02/13,昼間帯,順方向,3260,3260,0,0,0,0,3260,熱容量,0,0,0,0,2023/01/20 17:05:04
月間,202301,策定,西播東岡山線・山崎智頭線,2023/02/13,昼間帯,逆方向,-4550,-4550,0,0,0,0,-4550,電圧,0,0,0,0,2023/01/20 17:05:04
月間,202301,策定,西播東岡山線・山崎智頭線,2023/02/13,夜間帯,順方向,3260,3260,0,0,0,0,3260,熱容量,0,0,0,0,2023/01/20 17:05:04
月間,202301,策定,西播東岡山線・山崎智頭線,2023/02/13,夜間帯,逆方向,-4550,-4550,0,0,0,0,-4550,電圧,0,0,0,0,2023/01/20 17:05:04
月間,202301,策定,西播東岡山線・山崎智頭線,2023/02/14,昼間帯,順方向,3260,3260,0,0,0,0,3260,熱容量,0,0,0,0,2023/01/20 17:05:04
月間,202301,策定,西播東岡山線・山崎智頭線,2023/02/14,昼間帯,逆方向,-4550,-4550,0,0,0,0,-4550,電圧,0,0,0,0,2023/01/20 17:05:04
月間,202301,策定,西播東岡山線・山崎智頭線,2023/02/14,夜間帯,順方向,3260,3260,0,0,0,0,3260,熱容量,0,0,0,0,2023/01/20 17:05:04
月間,202301,策定,西播東岡山線・山崎智頭線,2023/02/14,夜間帯,逆方向,-4550,-4550,0,0,0,0,-4550,電圧,0,0,0,0,2023/01/20 17:05:04
月間,202301,策定,西播東岡山線・山崎智頭線,2023/02/15,昼間帯,順方向,3260,3260,0,0,0,0,3260,熱容量,0,0,0,0,2023/01/20 17:05:04
月間,202301,策定,西播東岡山線・山崎智頭線,2023/02/15,昼間帯,逆方向,-4550,-4550,0,0,0,0,-4550,電圧,0,0,0,0,2023/01/20 17:05:04
月間,202301,策定,西播東岡山線・山崎智頭線,2023/02/15,夜間帯,順方向,3260,3260,0,0,0,0,3260,熱容量,0,0,0,0,2023/01/20 17:05:04
月間,202301,策定,西播東岡山線・山崎智頭線,2023/02/15,夜間帯,逆方向,-4550,-4550,0,0,0,0,-4550,電圧,0,0,0,0,2023/01/20 17:05:04
月間,202301,策定,西播東岡山線・山崎智頭線,2023/02/16,昼間帯,順方向,3260,3260,0,0,0,0,3260,熱容量,0,0,0,0,2023/01/20 17:05:04
月間,202301,策定,西播東岡山線・山崎智頭線,2023/02/16,昼間帯,逆方向,-4550,-4550,0,0,0,0,-4550,電圧,0,0,0,0,2023/01/20 17:05:04
月間,202301,策定,西播東岡山線・山崎智頭線,2023/02/16,夜間帯,順方向,3260,3260,0,0,0,0,3260,熱容量,0,0,0,0,2023/01/20 17:05:04
月間,202301,策定,西播東岡山線・山崎智頭線,2023/02/16,夜間帯,逆方向,-4550,-4550,0,0,0,0,-4550,電圧,0,0,0,0,2023/01/20 17:05:04
月間,202301,策定,西播東岡山線・山崎智頭線,2023/02/17,昼間帯,順方向,3260,3260,0,0,0,0,3260,熱容量,0,0,0,0,2023/01/20 17:05:04
月間,202301,策定,西播東岡山線・山崎智頭線,2023/02/17,昼間帯,逆方向,-4550,-4550,0,0,0,0,-4550,電圧,0,0,0,0,2023/01/20 17:05:04
月間,202301,策定,西播東岡山線・山崎智頭線,2023/02/17,夜間帯,順方向,3260,3260,0,0,0,0,3260,熱容量,0,0,0,0,2023/01/20 17:05:04
月間,202301,策定,西播東岡山線・山崎智頭線,2023/02/17,夜間帯,逆方向,-4550,-4550,0,0,0,0,-4550,電圧,0,0,0,0,2023/01/20 17:05:04
月間,202301,策定,西播東岡山線・山崎智頭線,2023/02/18,昼間帯,順方向,3260,3260,0,0,0,0,3260,熱容量,0,0,0,0,2023/01/20 17:05:04
月間,202301,策定,西播東岡山線・山崎智頭線,2023/02/18,昼間帯,逆方向,-4550,-4550,0,0,0,0,-4550,電圧,0,0,0,0,2023/01/20 17:05:04
月間,202301,策定,西播東岡山線・山崎智頭線,2023/02/18,夜間帯,順方向,3260,3260,0,0,0,0,3260,熱容量,0,0,0,0,2023/01/20 17:05:04
月間,202301,策定,西播東岡山線・山崎智頭線,2023/02/18,夜間帯,逆方向,-4550,-4550,0,0,0,0,-4550,電圧,0,0,0,0,2023/01/20 17:05:04
月間,202301,策定,西播東岡山線・山崎智頭線,2023/02/19,昼間帯,順方向,3260,3260,0,0,0,0,3260,熱容量,0,0,0,0,2023/01/20 17:05:04
月間,202301,策定,西播東岡山線・山崎智頭線,2023/02/19,昼間帯,逆方向,-4550,-4550,0,0,0,0,-4550,電圧,0,0,0,0,2023/01/20 17:05:04
月間,202301,策定,西播東岡山線・山崎智頭線,2023/02/19,夜間帯,順方向,3260,3260,0,0,0,0,3260,熱容量,0,0,0,0,2023/01/20 17:05:04
月間,202301,策定,西播東岡山線・山崎智頭線,2023/02/19,夜間帯,逆方向,-4550,-4550,0,0,0,0,-4550,電圧,0,0,0,0,2023/01/20 17:05:04
月間,202301,策定,西播東岡山線・山崎智頭線,2023/02/20,昼間帯,順方向,3260,3260,0,0,0,0,3260,熱容量,0,0,0,0,2023/01/20 17:05:04
月間,202301,策定,西播東岡山線・山崎智頭線,2023/02/20,昼間帯,逆方向,-4550,-4550,0,0,0,0,-4550,電圧,0,0,0,0,2023/01/20 17:05:04
月間,202301,策定,西播東岡山線・山崎智頭線,2023/02/20,夜間帯,順方向,3260,3260,0,0,0,0,3260,熱容量,0,0,0,0,2023/01/20 17:05:04
月間,202301,策定,西播東岡山線・山崎智頭線,2023/02/20,夜間帯,逆方向,-4550,-4550,0,0,0,0,-4550,電圧,0,0,0,0,2023/01/20 17:05:04
月間,202301,策定,西播東岡山線・山崎智頭線,2023/02/21,昼間帯,順方向,3260,3260,0,0,0,0,3260,熱容量,0,0,0,0,2023/01/20 17:05:04
月間,202301,策定,西播東岡山線・山崎智頭線,2023/02/21,昼間帯,逆方向,-4550,-4550,0,0,0,0,-4550,電圧,0,0,0,0,2023/01/20 17:05:04
月間,202301,策定,西播東岡山線・山崎智頭線,2023/02/21,夜間帯,順方向,3260,3260,0,0,0,0,3260,熱容量,0,0,0,0,2023/01/20 17:05:04
月間,202301,策定,西播東岡山線・山崎智頭線,2023/02/21,夜間帯,逆方向,-4550,-4550,0,0,0,0,-4550,電圧,0,0,0,0,2023/01/20 17:05:04
月間,202301,策定,西播東岡山線・山崎智頭線,2023/02/22,昼間帯,順方向,3260,3260,0,0,0,0,3260,熱容量,0,0,0,0,2023/01/20 17:05:04
月間,202301,策定,西播東岡山線・山崎智頭線,2023/02/22,昼間帯,逆方向,-4550,-4550,0,0,0,0,-4550,電圧,0,0,0,0,2023/01/20 17:05:04
月間,202301,策定,西播東岡山線・山崎智頭線,2023/02/22,夜間帯,順方向,3260,3260,0,0,0,0,3260,熱容量,0,0,0,0,2023/01/20 17:05:04
月間,202301,策定,西播東岡山線・山崎智頭線,2023/02/22,夜間帯,逆方向,-4550,-4550,0,0,0,0,-4550,電圧,0,0,0,0,2023/01/20 17:05:04
月間,202301,策定,西播東岡山線・山崎智頭線,2023/02/23,昼間帯,順方向,3260,3260,0,0,0,0,3260,熱容量,0,0,0,0,2023/01/20 17:05:04
月間,202301,策定,西播東岡山線・山崎智頭線,2023/02/23,昼間帯,逆方向,-4550,-4550,0,0,0,0,-4550,電圧,0,0,0,0,2023/01/20 17:05:04
月間,202301,策定,西播東岡山線・山崎智頭線,2023/02/23,夜間帯,順方向,3260,3260,0,0,0,0,3260,熱容量,0,0,0,0,2023/01/20 17:05:04
月間,202301,策定,西播東岡山線・山崎智頭線,2023/02/23,夜間帯,逆方向,-4550,-4550,0,0,0,0,-4550,電圧,0,0,0,0,2023/01/20 17:05:04
月間,202301,策定,西播東岡山線・山崎智頭線,2023/02/24,昼間帯,順方向,3260,3260,0,0,0,0,3260,熱容量,0,0,0,0,2023/01/20 17:05:04
月間,202301,策定,西播東岡山線・山崎智頭線,2023/02/24,昼間帯,逆方向,-4550,-4550,0,0,0,0,-4550,電圧,0,0,0,0,2023/01/20 17:05:04
月間,202301,策定,西播東岡山線・山崎智頭線,2023/02/24,夜間帯,順方向,3260,3260,0,0,0,0,3260,熱容量,0,0,0,0,2023/01/20 17:05:04
月間,202301,策定,西播東岡山線・山崎智頭線,2023/02/24,夜間帯,逆方向,-4550,-4550,0,0,0,0,-4550,電圧,0,0,0,0,2023/01/20 17:05:04
月間,202301,策定,西播東岡山線・山崎智頭線,2023/02/25,昼間帯,順方向,3260,3260,0,0,0,0,3260,熱容量,0,0,0,0,2023/01/20 17:05:04
月間,202301,策定,西播東岡山線・山崎智頭線,2023/02/25,昼間帯,逆方向,-4550,-4550,0,0,0,0,-4550,電圧,0,0,0,0,2023/01/20 17:05:04
月間,202301,策定,西播東岡山線・山崎智頭線,2023/02/25,夜間帯,順方向,3260,3260,0,0,0,0,3260,熱容量,0,0,0,0,2023/01/20 17:05:04
月間,202301,策定,西播東岡山線・山崎智頭線,2023/02/25,夜間帯,逆方向,-4550,-4550,0,0,0,0,-4550,電圧,0,0,0,0,2023/01/20 17:05:04
月間,202301,策定,西播東岡山線・山崎智頭線,2023/02/26,昼間帯,順方向,3260,3260,0,0,0,0,3260,熱容量,0,0,0,0,2023/01/20 17:05:04
月間,202301,策定,西播東岡山線・山崎智頭線,2023/02/26,昼間帯,逆方向,-4550,-4550,0,0,0,0,-4550,電圧,0,0,0,0,2023/01/20 17:05:04
月間,202301,策定,西播東岡山線・山崎智頭線,2023/02/26,夜間帯,順方向,3260,3260,0,0,0,0,3260,熱容量,0,0,0,0,2023/01/20 17:05:04
月間,202301,策定,西播東岡山線・山崎智頭線,2023/02/26,夜間帯,逆方向,-4550,-4550,0,0,0,0,-4550,電圧,0,0,0,0,2023/01/20 17:05:04
月間,202301,策定,西播東岡山線・山崎智頭線,2023/02/27,昼間帯,順方向,3260,3260,0,0,0,0,3260,熱容量,0,0,0,0,2023/01/20 17:05:04
月間,202301,策定,西播東岡山線・山崎智頭線,2023/02/27,昼間帯,逆方向,-4550,-4550,0,0,0,0,-4550,電圧,0,0,0,0,2023/01/20 17:05:04
月間,202301,策定,西播東岡山線・山崎智頭線,2023/02/27,夜間帯,順方向,3260,3260,0,0,0,0,3260,熱容量,0,0,0,0,2023/01/20 17:05:04
月間,202301,策定,西播東岡山線・山崎智頭線,2023/02/27,夜間帯,逆方向,-4550,-4550,0,0,0,0,-4550,電圧,0,0,0,0,2023/01/20 17:05:04
月間,202301,策定,西播東岡山線・山崎智頭線,2023/02/28,昼間帯,順方向,3260,3260,0,0,0,0,3260,熱容量,0,0,0,0,2023/01/20 17:05:04
月間,202301,策定,西播東岡山線・山崎智頭線,2023/02/28,昼間帯,逆方向,-4550,-4550,0,0,0,0,-4550,電圧,0,0,0,0,2023/01/20 17:05:04
月間,202301,策定,西播東岡山線・山崎智頭線,2023/02/28,夜間帯,順方向,3260,3260,0,0,0,0,3260,熱容量,0,0,0,0,2023/01/20 17:05:04
月間,202301,策定,西播東岡山線・山崎智頭線,2023/02/28,夜間帯,逆方向,-4550,-4550,0,0,0,0,-4550,電圧,0,0,0,0,2023/01/20 17:05:04
月間,202212,策定,阿南紀北直流幹線,2023/02/01,昼間帯,順方向,0,0,0,0,0,0,1400,熱容量,0,0,0,0,2022/12/20 17:05:05
月間,202212,策定,阿南紀北直流幹線,2023/02/01,昼間帯,逆方向,-1400,-1400,0,0,0,0,-1400,熱容量,0,0,0,0,2022/12/20 17:05:05
月間,202212,策定,阿南紀北直流幹線,2023/02/01,夜間帯,順方向,0,0,0,0,0,0,1400,熱容量,0,0,0,0,2022/12/20 17:05:05
月間,202212,策定,阿南紀北直流幹線,2023/02/01,夜間帯,逆方向,-1400,-1400,0,0,0,0,-1400,熱容量,0,0,0,0,2022/12/20 17:05:05
月間,202212,策定,阿南紀北直流幹線,2023/02/02,昼間帯,順方向,0,0,0,0,0,0,1400,熱容量,0,0,0,0,2022/12/20 17:05:05
月間,202212,策定,阿南紀北直流幹線,2023/02/02,昼間帯,逆方向,-1400,-1400,0,0,0,0,-1400,熱容量,0,0,0,0,2022/12/20 17:05:05
月間,202212,策定,阿南紀北直流幹線,2023/02/02,夜間帯,順方向,0,0,0,0,0,0,1400,熱容量,0,0,0,0,2022/12/20 17:05:05
月間,202212,策定,阿南紀北直流幹線,2023/02/02,夜間帯,逆方向,-1400,-1400,0,0,0,0,-1400,熱容量,0,0,0,0,2022/12/20 17:05:05
月間,202212,策定,阿南紀北直流幹線,2023/02/03,昼間帯,順方向,0,0,0,0,0,0,1400,熱容量,0,0,0,0,2022/12/20 17:05:05
月間,202212,策定,阿南紀北直流幹線,2023/02/03,昼間帯,逆方向,-1400,-1400,0,0,0,0,-1400,熱容量,0,0,0,0,2022/12/20 17:05:05
月間,202212,策定,阿南紀北直流幹線,2023/02/03,夜間帯,順方向,0,0,0,0,0,0,1400,熱容量,0,0,0,0,2022/12/20 17:05:05
月間,202212,策定,阿南紀北直流幹線,2023/02/03,夜間帯,逆方向,-1400,-1400,0,0,0,0,-1400,熱容量,0,0,0,0,2022/12/20 17:05:05
月間,202212,策定,阿南紀北直流幹線,2023/02/04,昼間帯,順方向,0,0,0,0,0,0,1400,熱容量,0,0,0,0,2022/12/20 17:05:05
月間,202212,策定,阿南紀北直流幹線,2023/02/04,昼間帯,逆方向,-1400,-1400,0,0,0,0,-1400,熱容量,0,0,0,0,2022/12/20 17:05:05
月間,202212,策定,阿南紀北直流幹線,2023/02/04,夜間帯,順方向,0,0,0,0,0,0,1400,熱容量,0,0,0,0,2022/12/20 17:05:05
月間,202212,策定,阿南紀北直流幹線,2023/02/04,夜間帯,逆方向,-1400,-1400,0,0,0,0,-1400,熱容量,0,0,0,0,2022/12/20 17:05:05
月間,202212,策定,阿南紀北直流幹線,2023/02/05,昼間帯,順方向,0,0,0,0,0,0,1400,熱容量,0,0,0,0,2022/12/20 17:05:05
月間,202212,策定,阿南紀北直流幹線,2023/02/05,昼間帯,逆方向,-1400,-1400,0,0,0,0,-1400,熱容量,0,0,0,0,2022/12/20 17:05:05
月間,202212,策定,阿南紀北直流幹線,2023/02/05,夜間帯,順方向,0,0,0,0,0,0,1400,熱容量,0,0,0,0,2022/12/20 17:05:05
月間,202212,策定,阿南紀北直流幹線,2023/02/05,夜間帯,逆方向,-1400,-1400,0,0,0,0,-1400,熱容量,0,0,0,0,2022/12/20 17:05:05
月間,202212,策定,阿南紀北直流幹線,2023/02/06,昼間帯,順方向,0,0,0,0,0,0,1400,熱容量,0,0,0,0,2022/12/20 17:05:05
月間,202212,策定,阿南紀北直流幹線,2023/02/06,昼間帯,逆方向,-1400,-1400,0,0,0,0,-1400,熱容量,0,0,0,0,2022/12/20 17:05:05
月間,202212,策定,阿南紀北直流幹線,2023/02/06,夜間帯,順方向,0,0,0,0,0,0,1400,熱容量,0,0,0,0,2022/12/20 17:05:05
月間,202212,策定,阿南紀北直流幹線,2023/02/06,夜間帯,逆方向,-1400,-1400,0,0,0,0,-1400,熱容量,0,0,0,0,2022/12/20 17:05:05
月間,202212,策定,阿南紀北直流幹線,2023/02/07,昼間帯,順方向,0,0,0,0,0,0,1400,熱容量,0,0,0,0,2022/12/20 17:05:05
月間,202212,策定,阿南紀北直流幹線,2023/02/07,昼間帯,逆方向,-1400,-1400,0,0,0,0,-1400,熱容量,0,0,0,0,2022/12/20 17:05:05
月間,202212,策定,阿南紀北直流幹線,2023/02/07,夜間帯,順方向,0,0,0,0,0,0,1400,熱容量,0,0,0,0,2022/12/20 17:05:05
月間,202212,策定,阿南紀北直流幹線,2023/02/07,夜間帯,逆方向,-1400,-1400,0,0,0,0,-1400,熱容量,0,0,0,0,2022/12/20 17:05:05
月間,202212,策定,阿南紀北直流幹線,2023/02/08,昼間帯,順方向,0,0,0,0,0,0,1400,熱容量,0,0,0,0,2022/12/20 17:05:05
月間,202212,策定,阿南紀北直流幹線,2023/02/08,昼間帯,逆方向,-1400,-1400,0,0,0,0,-1400,熱容量,0,0,0,0,2022/12/20 17:05:05
月間,202212,策定,阿南紀北直流幹線,2023/02/08,夜間帯,順方向,0,0,0,0,0,0,1400,熱容量,0,0,0,0,2022/12/20 17:05:05
月間,202212,策定,阿南紀北直流幹線,2023/02/08,夜間帯,逆方向,-1400,-1400,0,0,0,0,-1400,熱容量,0,0,0,0,2022/12/20 17:05:05
月間,202212,策定,阿南紀北直流幹線,2023/02/09,昼間帯,順方向,0,0,0,0,0,0,1400,熱容量,0,0,0,0,2022/12/20 17:05:05
月間,202212,策定,阿南紀北直流幹線,2023/02/09,昼間帯,逆方向,-1400,-1400,0,0,0,0,-1400,熱容量,0,0,0,0,2022/12/20 17:05:05
月間,202212,策定,阿南紀北直流幹線,2023/02/09,夜間帯,順方向,0,0,0,0,0,0,1400,熱容量,0,0,0,0,2022/12/20 17:05:05
月間,202212,策定,阿南紀北直流幹線,2023/02/09,夜間帯,逆方向,-1400,-1400,0,0,0,0,-1400,熱容量,0,0,0,0,2022/12/20 17:05:05
月間,202212,策定,阿南紀北直流幹線,2023/02/10,昼間帯,順方向,0,0,0,0,0,0,1400,熱容量,0,0,0,0,2022/12/20 17:05:05
月間,202212,策定,阿南紀北直流幹線,2023/02/10,昼間帯,逆方向,-1400,-1400,0,0,0,0,-1400,熱容量,0,0,0,0,2022/12/20 17:05:05
月間,202212,策定,阿南紀北直流幹線,2023/02/10,夜間帯,順方向,0,0,0,0,0,0,1400,熱容量,0,0,0,0,2022/12/20 17:05:05
月間,202212,策定,阿南紀北直流幹線,2023/02/10,夜間帯,逆方向,-1400,-1400,0,0,0,0,-1400,熱容量,0,0,0,0,2022/12/20 17:05:05
月間,202212,策定,阿南紀北直流幹線,2023/02/11,昼間帯,順方向,0,0,0,0,0,0,1400,熱容量,0,0,0,0,2022/12/20 17:05:05
月間,202212,策定,阿南紀北直流幹線,2023/02/11,昼間帯,逆方向,-1400,-1400,0,0,0,0,-1400,熱容量,0,0,0,0,2022/12/20 17:05:05
月間,202212,策定,阿南紀北直流幹線,2023/02/11,夜間帯,順方向,0,0,0,0,0,0,1400,熱容量,0,0,0,0,2022/12/20 17:05:05
月間,202212,策定,阿南紀北直流幹線,2023/02/11,夜間帯,逆方向,-1400,-1400,0,0,0,0,-1400,熱容量,0,0,0,0,2022/12/20 17:05:05
月間,202212,策定,阿南紀北直流幹線,2023/02/12,昼間帯,順方向,0,0,0,0,0,0,1400,熱容量,0,0,0,0,2022/12/20 17:05:05
月間,202212,策定,阿南紀北直流幹線,2023/02/12,昼間帯,逆方向,-1400,-1400,0,0,0,0,-1400,熱容量,0,0,0,0,2022/12/20 17:05:05
月間,202212,策定,阿南紀北直流幹線,2023/02/12,夜間帯,順方向,0,0,0,0,0,0,1400,熱容量,0,0,0,0,2022/12/20 17:05:05
月間,202212,策定,阿南紀北直流幹線,2023/02/12,夜間帯,逆方向,-1400,-1400,0,0,0,0,-1400,熱容量,0,0,0,0,2022/12/20 17:05:05
月間,202212,策定,阿南紀北直流幹線,2023/02/13,昼間帯,順方向,0,0,0,0,0,0,1400,熱容量,0,0,0,0,2022/12/20 17:05:05
月間,202212,策定,阿南紀北直流幹線,2023/02/13,昼間帯,逆方向,-1400,-1400,0,0,0,0,-1400,熱容量,0,0,0,0,2022/12/20 17:05:05
月間,202212,策定,阿南紀北直流幹線,2023/02/13,夜間帯,順方向,0,0,0,0,0,0,1400,熱容量,0,0,0,0,2022/12/20 17:05:05
月間,202212,策定,阿南紀北直流幹線,2023/02/13,夜間帯,逆方向,-1400,-1400,0,0,0,0,-1400,熱容量,0,0,0,0,2022/12/20 17:05:05
月間,202212,策定,阿南紀北直流幹線,2023/02/14,昼間帯,順方向,0,0,0,0,0,0,1400,熱容量,0,0,0,0,2022/12/20 17:05:05
月間,202212,策定,阿南紀北直流幹線,2023/02/14,昼間帯,逆方向,-1400,-1400,0,0,0,0,-1400,熱容量,0,0,0,0,2022/12/20 17:05:05
月間,202212,策定,阿南紀北直流幹線,2023/02/14,夜間帯,順方向,0,0,0,0,0,0,1400,熱容量,0,0,0,0,2022/12/20 17:05:05
月間,202212,策定,阿南紀北直流幹線,2023/02/14,夜間帯,逆方向,-1400,-1400,0,0,0,0,-1400,熱容量,0,0,0,0,2022/12/20 17:05:05
月間,202212,策定,阿南紀北直流幹線,2023/02/15,昼間帯,順方向,0,0,0,0,0,0,1400,熱容量,0,0,0,0,2022/12/20 17:05:05
月間,202212,策定,阿南紀北直流幹線,2023/02/15,昼間帯,逆方向,-1400,-1400,0,0,0,0,-1400,熱容量,0,0,0,0,2022/12/20 17:05:05
月間,202212,策定,阿南紀北直流幹線,2023/02/15,夜間帯,順方向,0,0,0,0,0,0,1400,熱容量,0,0,0,0,2022/12/20 17:05:05
月間,202212,策定,阿南紀北直流幹線,2023/02/15,夜間帯,逆方向,-1400,-1400,0,0,0,0,-1400,熱容量,0,0,0,0,2022/12/20 17:05:05
月間,202212,策定,阿南紀北直流幹線,2023/02/16,昼間帯,順方向,0,0,0,0,0,0,1400,熱容量,0,0,0,0,2022/12/20 17:05:05
月間,202212,策定,阿南紀北直流幹線,2023/02/16,昼間帯,逆方向,-1400,-1400,0,0,0,0,-1400,熱容量,0,0,0,0,2022/12/20 17:05:05
月間,202212,策定,阿南紀北直流幹線,2023/02/16,夜間帯,順方向,0,0,0,0,0,0,1400,熱容量,0,0,0,0,2022/12/20 17:05:05
月間,202212,策定,阿南紀北直流幹線,2023/02/16,夜間帯,逆方向,-1400,-1400,0,0,0,0,-1400,熱容量,0,0,0,0,2022/12/20 17:05:05
月間,202212,策定,阿南紀北直流幹線,2023/02/17,昼間帯,順方向,0,0,0,0,0,0,1400,熱容量,0,0,0,0,2022/12/20 17:05:05
月間,202212,策定,阿南紀北直流幹線,2023/02/17,昼間帯,逆方向,-1400,-1400,0,0,0,0,-1400,熱容量,0,0,0,0,2022/12/20 17:05:05
月間,202212,策定,阿南紀北直流幹線,2023/02/17,夜間帯,順方向,0,0,0,0,0,0,1400,熱容量,0,0,0,0,2022/12/20 17:05:05
月間,202212,策定,阿南紀北直流幹線,2023/02/17,夜間帯,逆方向,-1400,-1400,0,0,0,0,-1400,熱容量,0,0,0,0,2022/12/20 17:05:05
月間,202212,策定,阿南紀北直流幹線,2023/02/18,昼間帯,順方向,0,0,0,0,0,0,1400,熱容量,0,0,0,0,2022/12/20 17:05:05
月間,202212,策定,阿南紀北直流幹線,2023/02/18,昼間帯,逆方向,-1400,-1400,0,0,0,0,-1400,熱容量,0,0,0,0,2022/12/20 17:05:05
月間,202212,策定,阿南紀北直流幹線,2023/02/18,夜間帯,順方向,0,0,0,0,0,0,1400,熱容量,0,0,0,0,2022/12/20 17:05:05
月間,202212,策定,阿南紀北直流幹線,2023/02/18,夜間帯,逆方向,-1400,-1400,0,0,0,0,-1400,熱容量,0,0,0,0,2022/12/20 17:05:05
月間,202212,策定,阿南紀北直流幹線,2023/02/19,昼間帯,順方向,0,0,0,0,0,0,1400,熱容量,0,0,0,0,2022/12/20 17:05:05
月間,202212,策定,阿南紀北直流幹線,2023/02/19,昼間帯,逆方向,-1400,-1400,0,0,0,0,-1400,熱容量,0,0,0,0,2022/12/20 17:05:05
月間,202212,策定,阿南紀北直流幹線,2023/02/19,夜間帯,順方向,0,0,0,0,0,0,1400,熱容量,0,0,0,0,2022/12/20 17:05:05
月間,202212,策定,阿南紀北直流幹線,2023/02/19,夜間帯,逆方向,-1400,-1400,0,0,0,0,-1400,熱容量,0,0,0,0,2022/12/20 17:05:05
月間,202212,策定,阿南紀北直流幹線,2023/02/20,昼間帯,順方向,0,0,0,0,0,0,1400,熱容量,0,0,0,0,2022/12/20 17:05:05
月間,202212,策定,阿南紀北直流幹線,2023/02/20,昼間帯,逆方向,-1400,-1400,0,0,0,0,-1400,熱容量,0,0,0,0,2022/12/20 17:05:05
月間,202212,策定,阿南紀北直流幹線,2023/02/20,夜間帯,順方向,0,0,0,0,0,0,1400,熱容量,0,0,0,0,2022/12/20 17:05:05
月間,202212,策定,阿南紀北直流幹線,2023/02/20,夜間帯,逆方向,-1400,-1400,0,0,0,0,-1400,熱容量,0,0,0,0,2022/12/20 17:05:05
月間,202212,策定,阿南紀北直流幹線,2023/02/21,昼間帯,順方向,0,0,0,0,0,0,1400,熱容量,0,0,0,0,2022/12/20 17:05:05
月間,202212,策定,阿南紀北直流幹線,2023/02/21,昼間帯,逆方向,-1400,-1400,0,0,0,0,-1400,熱容量,0,0,0,0,2022/12/20 17:05:05
月間,202212,策定,阿南紀北直流幹線,2023/02/21,夜間帯,順方向,0,0,0,0,0,0,1400,熱容量,0,0,0,0,2022/12/20 17:05:05
月間,202212,策定,阿南紀北直流幹線,2023/02/21,夜間帯,逆方向,-1400,-1400,0,0,0,0,-1400,熱容量,0,0,0,0,2022/12/20 17:05:05
月間,202212,策定,阿南紀北直流幹線,2023/02/22,昼間帯,順方向,0,0,0,0,0,0,1400,熱容量,0,0,0,0,2022/12/20 17:05:05
月間,202212,策定,阿南紀北直流幹線,2023/02/22,昼間帯,逆方向,-1400,-1400,0,0,0,0,-1400,熱容量,0,0,0,0,2022/12/20 17:05:05
月間,202212,策定,阿南紀北直流幹線,2023/02/22,夜間帯,順方向,0,0,0,0,0,0,1400,熱容量,0,0,0,0,2022/12/20 17:05:05
月間,202212,策定,阿南紀北直流幹線,2023/02/22,夜間帯,逆方向,-1400,-1400,0,0,0,0,-1400,熱容量,0,0,0,0,2022/12/20 17:05:05
月間,202212,策定,阿南紀北直流幹線,2023/02/23,昼間帯,順方向,0,0,0,0,0,0,1400,熱容量,0,0,0,0,2022/12/20 17:05:05
月間,202212,策定,阿南紀北直流幹線,2023/02/23,昼間帯,逆方向,-1400,-1400,0,0,0,0,-1400,熱容量,0,0,0,0,2022/12/20 17:05:05
月間,202212,策定,阿南紀北直流幹線,2023/02/23,夜間帯,順方向,0,0,0,0,0,0,1400,熱容量,0,0,0,0,2022/12/20 17:05:05
月間,202212,策定,阿南紀北直流幹線,2023/02/23,夜間帯,逆方向,-1400,-1400,0,0,0,0,-1400,熱容量,0,0,0,0,2022/12/20 17:05:05
月間,202212,策定,阿南紀北直流幹線,2023/02/24,昼間帯,順方向,0,0,0,0,0,0,1400,熱容量,0,0,0,0,2022/12/20 17:05:05
月間,202212,策定,阿南紀北直流幹線,2023/02/24,昼間帯,逆方向,-1400,-1400,0,0,0,0,-1400,熱容量,0,0,0,0,2022/12/20 17:05:05
月間,202212,策定,阿南紀北直流幹線,2023/02/24,夜間帯,順方向,0,0,0,0,0,0,1400,熱容量,0,0,0,0,2022/12/20 17:05:05
月間,202212,策定,阿南紀北直流幹線,2023/02/24,夜間帯,逆方向,-1400,-1400,0,0,0,0,-1400,熱容量,0,0,0,0,2022/12/20 17:05:05
月間,202212,策定,阿南紀北直流幹線,2023/02/25,昼間帯,順方向,0,0,0,0,0,0,1400,熱容量,0,0,0,0,2022/12/20 17:05:05
月間,202212,策定,阿南紀北直流幹線,2023/02/25,昼間帯,逆方向,-1400,-1400,0,0,0,0,-1400,熱容量,0,0,0,0,2022/12/20 17:05:05
月間,202212,策定,阿南紀北直流幹線,2023/02/25,夜間帯,順方向,0,0,0,0,0,0,1400,熱容量,0,0,0,0,2022/12/20 17:05:05
月間,202212,策定,阿南紀北直流幹線,2023/02/25,夜間帯,逆方向,-1400,-1400,0,0,0,0,-1400,熱容量,0,0,0,0,2022/12/20 17:05:05
月間,202212,策定,阿南紀北直流幹線,2023/02/26,昼間帯,順方向,0,0,0,0,0,0,1400,熱容量,0,0,0,0,2022/12/20 17:05:05
月間,202212,策定,阿南紀北直流幹線,2023/02/26,昼間帯,逆方向,-1400,-1400,0,0,0,0,-1400,熱容量,0,0,0,0,2022/12/20 17:05:05
月間,202212,策定,阿南紀北直流幹線,2023/02/26,夜間帯,順方向,0,0,0,0,0,0,1400,熱容量,0,0,0,0,2022/12/20 17:05:05
月間,202212,策定,阿南紀北直流幹線,2023/02/26,夜間帯,逆方向,-1400,-1400,0,0,0,0,-1400,熱容量,0,0,0,0,2022/12/20 17:05:05
月間,202212,策定,阿南紀北直流幹線,2023/02/27,昼間帯,順方向,0,0,0,0,0,0,1400,熱容量,0,0,0,0,2022/12/20 17:05:05
月間,202212,策定,阿南紀北直流幹線,2023/02/27,昼間帯,逆方向,-1400,-1400,0,0,0,0,-1400,熱容量,0,0,0,0,2022/12/20 17:05:05
月間,202212,策定,阿南紀北直流幹線,2023/02/27,夜間帯,順方向,0,0,0,0,0,0,1400,熱容量,0,0,0,0,2022/12/20 17:05:05
月間,202212,策定,阿南紀北直流幹線,2023/02/27,夜間帯,逆方向,-1400,-1400,0,0,0,0,-1400,熱容量,0,0,0,0,2022/12/20 17:05:05
月間,202212,策定,阿南紀北直流幹線,2023/02/28,昼間帯,順方向,0,0,0,0,0,0,1400,熱容量,0,0,0,0,2022/12/20 17:05:05
月間,202212,策定,阿南紀北直流幹線,2023/02/28,昼間帯,逆方向,-1400,-1400,0,0,0,0,-1400,熱容量,0,0,0,0,2022/12/20 17:05:05
月間,202212,策定,阿南紀北直流幹線,2023/02/28,夜間帯,順方向,0,0,0,0,0,0,1400,熱容量,0,0,0,0,2022/12/20 17:05:05
月間,202212,策定,阿南紀北直流幹線,2023/02/28,夜間帯,逆方向,-1400,-1400,0,0,0,0,-1400,熱容量,0,0,0,0,2022/12/20 17:05:05
月間,202301,策定,阿南紀北直流幹線,2023/02/04,昼間帯,順方向,0,0,0,0,0,0,1400,熱容量,0,0,0,0,2023/01/20 17:05:04
月間,202301,策定,阿南紀北直流幹線,2023/02/04,昼間帯,逆方向,-1400,-1400,0,0,0,0,-1400,熱容量,0,0,0,0,2023/01/20 17:05:04
月間,202301,策定,阿南紀北直流幹線,2023/02/04,夜間帯,順方向,0,0,0,0,0,0,1400,熱容量,0,0,0,0,2023/01/20 17:05:04
月間,202301,策定,阿南紀北直流幹線,2023/02/04,夜間帯,逆方向,-1400,-1400,0,0,0,0,-1400,熱容量,0,0,0,0,2023/01/20 17:05:04
月間,202301,策定,阿南紀北直流幹線,2023/02/05,昼間帯,順方向,0,0,0,0,0,0,1400,熱容量,0,0,0,0,2023/01/20 17:05:04
月間,202301,策定,阿南紀北直流幹線,2023/02/05,昼間帯,逆方向,-1400,-1400,0,0,0,0,-1400,熱容量,0,0,0,0,2023/01/20 17:05:04
月間,202301,策定,阿南紀北直流幹線,2023/02/05,夜間帯,順方向,0,0,0,0,0,0,1400,熱容量,0,0,0,0,2023/01/20 17:05:04
月間,202301,策定,阿南紀北直流幹線,2023/02/05,夜間帯,逆方向,-1400,-1400,0,0,0,0,-1400,熱容量,0,0,0,0,2023/01/20 17:05:04
月間,202301,策定,阿南紀北直流幹線,2023/02/06,昼間帯,順方向,0,0,0,0,0,0,1400,熱容量,0,0,0,0,2023/01/20 17:05:04
月間,202301,策定,阿南紀北直流幹線,2023/02/06,昼間帯,逆方向,-1400,-1400,0,0,0,0,-1400,熱容量,0,0,0,0,2023/01/20 17:05:04
月間,202301,策定,阿南紀北直流幹線,2023/02/06,夜間帯,順方向,0,0,0,0,0,0,1400,熱容量,0,0,0,0,2023/01/20 17:05:04
月間,202301,策定,阿南紀北直流幹線,2023/02/06,夜間帯,逆方向,-1400,-1400,0,0,0,0,-1400,熱容量,0,0,0,0,2023/01/20 17:05:04
月間,202301,策定,阿南紀北直流幹線,2023/02/07,昼間帯,順方向,0,0,0,0,0,0,1400,熱容量,0,0,0,0,2023/01/20 17:05:04
月間,202301,策定,阿南紀北直流幹線,2023/02/07,昼間帯,逆方向,-1400,-1400,0,0,0,0,-1400,熱容量,0,0,0,0,2023/01/20 17:05:04
月間,202301,策定,阿南紀北直流幹線,2023/02/07,夜間帯,順方向,0,0,0,0,0,0,1400,熱容量,0,0,0,0,2023/01/20 17:05:04
月間,202301,策定,阿南紀北直流幹線,2023/02/07,夜間帯,逆方向,-1400,-1400,0,0,0,0,-1400,熱容量,0,0,0,0,2023/01/20 17:05:04
月間,202301,策定,阿南紀北直流幹線,2023/02/08,昼間帯,順方向,0,0,0,0,0,0,1400,熱容量,0,0,0,0,2023/01/20 17:05:04
月間,202301,策定,阿南紀北直流幹線,2023/02/08,昼間帯,逆方向,-1400,-1400,0,0,0,0,-1400,熱容量,0,0,0,0,2023/01/20 17:05:04
月間,202301,策定,阿南紀北直流幹線,2023/02/08,夜間帯,順方向,0,0,0,0,0,0,1400,熱容量,0,0,0,0,2023/01/20 17:05:04
月間,202301,策定,阿南紀北直流幹線,2023/02/08,夜間帯,逆方向,-1400,-1400,0,0,0,0,-1400,熱容量,0,0,0,0,2023/01/20 17:05:04
月間,202301,策定,阿南紀北直流幹線,2023/02/09,昼間帯,順方向,0,0,0,0,0,0,1400,熱容量,0,0,0,0,2023/01/20 17:05:04
月間,202301,策定,阿南紀北直流幹線,2023/02/09,昼間帯,逆方向,-1400,-1400,0,0,0,0,-1400,熱容量,0,0,0,0,2023/01/20 17:05:04
月間,202301,策定,阿南紀北直流幹線,2023/02/09,夜間帯,順方向,0,0,0,0,0,0,1400,熱容量,0,0,0,0,2023/01/20 17:05:04
月間,202301,策定,阿南紀北直流幹線,2023/02/09,夜間帯,逆方向,-1400,-1400,0,0,0,0,-1400,熱容量,0,0,0,0,2023/01/20 17:05:04
月間,202301,策定,阿南紀北直流幹線,2023/02/10,昼間帯,順方向,0,0,0,0,0,0,1400,熱容量,0,0,0,0,2023/01/20 17:05:04
月間,202301,策定,阿南紀北直流幹線,2023/02/10,昼間帯,逆方向,-1400,-1400,0,0,0,0,-1400,熱容量,0,0,0,0,2023/01/20 17:05:04
月間,202301,策定,阿南紀北直流幹線,2023/02/10,夜間帯,順方向,0,0,0,0,0,0,1400,熱容量,0,0,0,0,2023/01/20 17:05:04
月間,202301,策定,阿南紀北直流幹線,2023/02/10,夜間帯,逆方向,-1400,-1400,0,0,0,0,-1400,熱容量,0,0,0,0,2023/01/20 17:05:04
月間,202301,策定,阿南紀北直流幹線,2023/02/11,昼間帯,順方向,0,0,0,0,0,0,1400,熱容量,0,0,0,0,2023/01/20 17:05:04
月間,202301,策定,阿南紀北直流幹線,2023/02/11,昼間帯,逆方向,-1400,-1400,0,0,0,0,-1400,熱容量,0,0,0,0,2023/01/20 17:05:04
月間,202301,策定,阿南紀北直流幹線,2023/02/11,夜間帯,順方向,0,0,0,0,0,0,1400,熱容量,0,0,0,0,2023/01/20 17:05:04
月間,202301,策定,阿南紀北直流幹線,2023/02/11,夜間帯,逆方向,-1400,-1400,0,0,0,0,-1400,熱容量,0,0,0,0,2023/01/20 17:05:04
月間,202301,策定,阿南紀北直流幹線,2023/02/12,昼間帯,順方向,0,0,0,0,0,0,1400,熱容量,0,0,0,0,2023/01/20 17:05:04
月間,202301,策定,阿南紀北直流幹線,2023/02/12,昼間帯,逆方向,-1400,-1400,0,0,0,0,-1400,熱容量,0,0,0,0,2023/01/20 17:05:04
月間,202301,策定,阿南紀北直流幹線,2023/02/12,夜間帯,順方向,0,0,0,0,0,0,1400,熱容量,0,0,0,0,2023/01/20 17:05:04
月間,202301,策定,阿南紀北直流幹線,2023/02/12,夜間帯,逆方向,-1400,-1400,0,0,0,0,-1400,熱容量,0,0,0,0,2023/01/20 17:05:04
月間,202301,策定,阿南紀北直流幹線,2023/02/13,昼間帯,順方向,0,0,0,0,0,0,1400,熱容量,0,0,0,0,2023/01/20 17:05:04
月間,202301,策定,阿南紀北直流幹線,2023/02/13,昼間帯,逆方向,-1400,-1400,0,0,0,0,-1400,熱容量,0,0,0,0,2023/01/20 17:05:04
月間,202301,策定,阿南紀北直流幹線,2023/02/13,夜間帯,順方向,0,0,0,0,0,0,1400,熱容量,0,0,0,0,2023/01/20 17:05:04
月間,202301,策定,阿南紀北直流幹線,2023/02/13,夜間帯,逆方向,-1400,-1400,0,0,0,0,-1400,熱容量,0,0,0,0,2023/01/20 17:05:04
月間,202301,策定,阿南紀北直流幹線,2023/02/14,昼間帯,順方向,0,0,0,0,0,0,1400,熱容量,0,0,0,0,2023/01/20 17:05:04
月間,202301,策定,阿南紀北直流幹線,2023/02/14,昼間帯,逆方向,-1400,-1400,0,0,0,0,-1400,熱容量,0,0,0,0,2023/01/20 17:05:04
月間,202301,策定,阿南紀北直流幹線,2023/02/14,夜間帯,順方向,0,0,0,0,0,0,1400,熱容量,0,0,0,0,2023/01/20 17:05:04
月間,202301,策定,阿南紀北直流幹線,2023/02/14,夜間帯,逆方向,-1400,-1400,0,0,0,0,-1400,熱容量,0,0,0,0,2023/01/20 17:05:04
月間,202301,策定,阿南紀北直流幹線,2023/02/15,昼間帯,順方向,0,0,0,0,0,0,1400,熱容量,0,0,0,0,2023/01/20 17:05:04
月間,202301,策定,阿南紀北直流幹線,2023/02/15,昼間帯,逆方向,-1400,-1400,0,0,0,0,-1400,熱容量,0,0,0,0,2023/01/20 17:05:04
月間,202301,策定,阿南紀北直流幹線,2023/02/15,夜間帯,順方向,0,0,0,0,0,0,1400,熱容量,0,0,0,0,2023/01/20 17:05:04
月間,202301,策定,阿南紀北直流幹線,2023/02/15,夜間帯,逆方向,-1400,-1400,0,0,0,0,-1400,熱容量,0,0,0,0,2023/01/20 17:05:04
月間,202301,策定,阿南紀北直流幹線,2023/02/16,昼間帯,順方向,0,0,0,0,0,0,1400,熱容量,0,0,0,0,2023/01/20 17:05:04
月間,202301,策定,阿南紀北直流幹線,2023/02/16,昼間帯,逆方向,-1400,-1400,0,0,0,0,-1400,熱容量,0,0,0,0,2023/01/20 17:05:04
月間,202301,策定,阿南紀北直流幹線,2023/02/16,夜間帯,順方向,0,0,0,0,0,0,1400,熱容量,0,0,0,0,2023/01/20 17:05:04
月間,202301,策定,阿南紀北直流幹線,2023/02/16,夜間帯,逆方向,-1400,-1400,0,0,0,0,-1400,熱容量,0,0,0,0,2023/01/20 17:05:04
月間,202301,策定,阿南紀北直流幹線,2023/02/17,昼間帯,順方向,0,0,0,0,0,0,1400,熱容量,0,0,0,0,2023/01/20 17:05:04
月間,202301,策定,阿南紀北直流幹線,2023/02/17,昼間帯,逆方向,-1400,-1400,0,0,0,0,-1400,熱容量,0,0,0,0,2023/01/20 17:05:04
月間,202301,策定,阿南紀北直流幹線,2023/02/17,夜間帯,順方向,0,0,0,0,0,0,1400,熱容量,0,0,0,0,2023/01/20 17:05:04
月間,202301,策定,阿南紀北直流幹線,2023/02/17,夜間帯,逆方向,-1400,-1400,0,0,0,0,-1400,熱容量,0,0,0,0,2023/01/20 17:05:04
月間,202301,策定,阿南紀北直流幹線,2023/02/18,昼間帯,順方向,0,0,0,0,0,0,1400,熱容量,0,0,0,0,2023/01/20 17:05:04
月間,202301,策定,阿南紀北直流幹線,2023/02/18,昼間帯,逆方向,-1400,-1400,0,0,0,0,-1400,熱容量,0,0,0,0,2023/01/20 17:05:04
月間,202301,策定,阿南紀北直流幹線,2023/02/18,夜間帯,順方向,0,0,0,0,0,0,1400,熱容量,0,0,0,0,2023/01/20 17:05:04
月間,202301,策定,阿南紀北直流幹線,2023/02/18,夜間帯,逆方向,-1400,-1400,0,0,0,0,-1400,熱容量,0,0,0,0,2023/01/20 17:05:04
月間,202301,策定,阿南紀北直流幹線,2023/02/19,昼間帯,順方向,0,0,0,0,0,0,1400,熱容量,0,0,0,0,2023/01/20 17:05:04
月間,202301,策定,阿南紀北直流幹線,2023/02/19,昼間帯,逆方向,-1400,-1400,0,0,0,0,-1400,熱容量,0,0,0,0,2023/01/20 17:05:04
月間,202301,策定,阿南紀北直流幹線,2023/02/19,夜間帯,順方向,0,0,0,0,0,0,1400,熱容量,0,0,0,0,2023/01/20 17:05:04
月間,202301,策定,阿南紀北直流幹線,2023/02/19,夜間帯,逆方向,-1400,-1400,0,0,0,0,-1400,熱容量,0,0,0,0,2023/01/20 17:05:04
月間,202301,策定,阿南紀北直流幹線,2023/02/20,昼間帯,順方向,0,0,0,0,0,0,1400,熱容量,0,0,0,0,2023/01/20 17:05:04
月間,202301,策定,阿南紀北直流幹線,2023/02/20,昼間帯,逆方向,-1400,-1400,0,0,0,0,-1400,熱容量,0,0,0,0,2023/01/20 17:05:04
月間,202301,策定,阿南紀北直流幹線,2023/02/20,夜間帯,順方向,0,0,0,0,0,0,1400,熱容量,0,0,0,0,2023/01/20 17:05:04
月間,202301,策定,阿南紀北直流幹線,2023/02/20,夜間帯,逆方向,-1400,-1400,0,0,0,0,-1400,熱容量,0,0,0,0,2023/01/20 17:05:04
月間,202301,策定,阿南紀北直流幹線,2023/02/21,昼間帯,順方向,0,0,0,0,0,0,1400,熱容量,0,0,0,0,2023/01/20 17:05:04
月間,202301,策定,阿南紀北直流幹線,2023/02/21,昼間帯,逆方向,-1400,-1400,0,0,0,0,-1400,熱容量,0,0,0,0,2023/01/20 17:05:04
月間,202301,策定,阿南紀北直流幹線,2023/02/21,夜間帯,順方向,0,0,0,0,0,0,1400,熱容量,0,0,0,0,2023/01/20 17:05:04
月間,202301,策定,阿南紀北直流幹線,2023/02/21,夜間帯,逆方向,-1400,-1400,0,0,0,0,-1400,熱容量,0,0,0,0,2023/01/20 17:05:04
月間,202301,策定,阿南紀北直流幹線,2023/02/22,昼間帯,順方向,0,0,0,0,0,0,1400,熱容量,0,0,0,0,2023/01/20 17:05:04
月間,202301,策定,阿南紀北直流幹線,2023/02/22,昼間帯,逆方向,-1400,-1400,0,0,0,0,-1400,熱容量,0,0,0,0,2023/01/20 17:05:04
月間,202301,策定,阿南紀北直流幹線,2023/02/22,夜間帯,順方向,0,0,0,0,0,0,1400,熱容量,0,0,0,0,2023/01/20 17:05:04
月間,202301,策定,阿南紀北直流幹線,2023/02/22,夜間帯,逆方向,-1400,-1400,0,0,0,0,-1400,熱容量,0,0,0,0,2023/01/20 17:05:04
月間,202301,策定,阿南紀北直流幹線,2023/02/23,昼間帯,順方向,0,0,0,0,0,0,1400,熱容量,0,0,0,0,2023/01/20 17:05:04
月間,202301,策定,阿南紀北直流幹線,2023/02/23,昼間帯,逆方向,-1400,-1400,0,0,0,0,-1400,熱容量,0,0,0,0,2023/01/20 17:05:04
月間,202301,策定,阿南紀北直流幹線,2023/02/23,夜間帯,順方向,0,0,0,0,0,0,1400,熱容量,0,0,0,0,2023/01/20 17:05:04
月間,202301,策定,阿南紀北直流幹線,2023/02/23,夜間帯,逆方向,-1400,-1400,0,0,0,0,-1400,熱容量,0,0,0,0,2023/01/20 17:05:04
月間,202301,策定,阿南紀北直流幹線,2023/02/24,昼間帯,順方向,0,0,0,0,0,0,1400,熱容量,0,0,0,0,2023/01/20 17:05:04
月間,202301,策定,阿南紀北直流幹線,2023/02/24,昼間帯,逆方向,-1400,-1400,0,0,0,0,-1400,熱容量,0,0,0,0,2023/01/20 17:05:04
月間,202301,策定,阿南紀北直流幹線,2023/02/24,夜間帯,順方向,0,0,0,0,0,0,1400,熱容量,0,0,0,0,2023/01/20 17:05:04
月間,202301,策定,阿南紀北直流幹線,2023/02/24,夜間帯,逆方向,-1400,-1400,0,0,0,0,-1400,熱容量,0,0,0,0,2023/01/20 17:05:04
月間,202301,策定,阿南紀北直流幹線,2023/02/25,昼間帯,順方向,0,0,0,0,0,0,1400,熱容量,0,0,0,0,2023/01/20 17:05:04
月間,202301,策定,阿南紀北直流幹線,2023/02/25,昼間帯,逆方向,-1400,-1400,0,0,0,0,-1400,熱容量,0,0,0,0,2023/01/20 17:05:04
月間,202301,策定,阿南紀北直流幹線,2023/02/25,夜間帯,順方向,0,0,0,0,0,0,1400,熱容量,0,0,0,0,2023/01/20 17:05:04
月間,202301,策定,阿南紀北直流幹線,2023/02/25,夜間帯,逆方向,-1400,-1400,0,0,0,0,-1400,熱容量,0,0,0,0,2023/01/20 17:05:04
月間,202301,策定,阿南紀北直流幹線,2023/02/26,昼間帯,順方向,0,0,0,0,0,0,1400,熱容量,0,0,0,0,2023/01/20 17:05:04
月間,202301,策定,阿南紀北直流幹線,2023/02/26,昼間帯,逆方向,-1400,-1400,0,0,0,0,-1400,熱容量,0,0,0,0,2023/01/20 17:05:04
月間,202301,策定,阿南紀北直流幹線,2023/02/26,夜間帯,順方向,0,0,0,0,0,0,1400,熱容量,0,0,0,0,2023/01/20 17:05:04
月間,202301,策定,阿南紀北直流幹線,2023/02/26,夜間帯,逆方向,-1400,-1400,0,0,0,0,-1400,熱容量,0,0,0,0,2023/01/20 17:05:04
月間,202301,策定,阿南紀北直流幹線,2023/02/27,昼間帯,順方向,0,0,0,0,0,0,1400,熱容量,0,0,0,0,2023/01/20 17:05:04
月間,202301,策定,阿南紀北直流幹線,2023/02/27,昼間帯,逆方向,-1400,-1400,0,0,0,0,-1400,熱容量,0,0,0,0,2023/01/20 17:05:04
月間,202301,策定,阿南紀北直流幹線,2023/02/27,夜間帯,順方向,0,0,0,0,0,0,1400,熱容量,0,0,0,0,2023/01/20 17:05:04
月間,202301,策定,阿南紀北直流幹線,2023/02/27,夜間帯,逆方向,-1400,-1400,0,0,0,0,-1400,熱容量,0,0,0,0,2023/01/20 17:05:04
月間,202301,策定,阿南紀北直流幹線,2023/02/28,昼間帯,順方向,0,0,0,0,0,0,1400,熱容量,0,0,0,0,2023/01/20 17:05:04
月間,202301,策定,阿南紀北直流幹線,2023/02/28,昼間帯,逆方向,-1400,-1400,0,0,0,0,-1400,熱容量,0,0,0,0,2023/01/20 17:05:04
月間,202301,策定,阿南紀北直流幹線,2023/02/28,夜間帯,順方向,0,0,0,0,0,0,1400,熱容量,0,0,0,0,2023/01/20 17:05:04
月間,202301,策定,阿南紀北直流幹線,2023/02/28,夜間帯,逆方向,-1400,-1400,0,0,0,0,-1400,熱容量,0,0,0,0,2023/01/20 17:05:04
月間,202212,策定,本四連系線,2023/02/01,昼間帯,順方向,1200,1200,0,0,0,0,1200,熱容量,0,0,0,0,2022/12/20 17:05:05
月間,202212,策定,本四連系線,2023/02/01,昼間帯,逆方向,-1200,-1200,0,0,0,0,-1200,熱容量,0,0,0,0,2022/12/20 17:05:05
月間,202212,策定,本四連系線,2023/02/01,夜間帯,順方向,1200,1200,0,0,0,0,1200,熱容量,0,0,0,0,2022/12/20 17:05:05
月間,202212,策定,本四連系線,2023/02/01,夜間帯,逆方向,-1200,-1200,0,0,0,0,-1200,熱容量,0,0,0,0,2022/12/20 17:05:05
月間,202212,策定,本四連系線,2023/02/02,昼間帯,順方向,1200,1200,0,0,0,0,1200,熱容量,0,0,0,0,2022/12/20 17:05:05
月間,202212,策定,本四連系線,2023/02/02,昼間帯,逆方向,-1200,-1200,0,0,0,0,-1200,熱容量,0,0,0,0,2022/12/20 17:05:05
月間,202212,策定,本四連系線,2023/02/02,夜間帯,順方向,1200,1200,0,0,0,0,1200,熱容量,0,0,0,0,2022/12/20 17:05:05
月間,202212,策定,本四連系線,2023/02/02,夜間帯,逆方向,-1200,-1200,0,0,0,0,-1200,熱容量,0,0,0,0,2022/12/20 17:05:05
月間,202212,策定,本四連系線,2023/02/03,昼間帯,順方向,1200,1200,0,0,0,0,1200,熱容量,0,0,0,0,2022/12/20 17:05:05
月間,202212,策定,本四連系線,2023/02/03,昼間帯,逆方向,-1200,-1200,0,0,0,0,-1200,熱容量,0,0,0,0,2022/12/20 17:05:05
月間,202212,策定,本四連系線,2023/02/03,夜間帯,順方向,1200,1200,0,0,0,0,1200,熱容量,0,0,0,0,2022/12/20 17:05:05
月間,202212,策定,本四連系線,2023/02/03,夜間帯,逆方向,-1200,-1200,0,0,0,0,-1200,熱容量,0,0,0,0,2022/12/20 17:05:05
月間,202212,策定,本四連系線,2023/02/04,昼間帯,順方向,1200,1200,0,0,0,0,1200,熱容量,0,0,0,0,2022/12/20 17:05:05
月間,202212,策定,本四連系線,2023/02/04,昼間帯,逆方向,-1200,-1200,0,0,0,0,-1200,熱容量,0,0,0,0,2022/12/20 17:05:05
月間,202212,策定,本四連系線,2023/02/04,夜間帯,順方向,1200,1200,0,0,0,0,1200,熱容量,0,0,0,0,2022/12/20 17:05:05
月間,202212,策定,本四連系線,2023/02/04,夜間帯,逆方向,-1200,-1200,0,0,0,0,-1200,熱容量,0,0,0,0,2022/12/20 17:05:05
月間,202212,策定,本四連系線,2023/02/05,昼間帯,順方向,1200,1200,0,0,0,0,1200,熱容量,0,0,0,0,2022/12/20 17:05:05
月間,202212,策定,本四連系線,2023/02/05,昼間帯,逆方向,-1200,-1200,0,0,0,0,-1200,熱容量,0,0,0,0,2022/12/20 17:05:05
月間,202212,策定,本四連系線,2023/02/05,夜間帯,順方向,1200,1200,0,0,0,0,1200,熱容量,0,0,0,0,2022/12/20 17:05:05
月間,202212,策定,本四連系線,2023/02/05,夜間帯,逆方向,-1200,-1200,0,0,0,0,-1200,熱容量,0,0,0,0,2022/12/20 17:05:05
月間,202212,策定,本四連系線,2023/02/06,昼間帯,順方向,1200,1200,0,0,0,0,1200,熱容量,0,0,0,0,2022/12/20 17:05:05
月間,202212,策定,本四連系線,2023/02/06,昼間帯,逆方向,-1200,-1200,0,0,0,0,-1200,熱容量,0,0,0,0,2022/12/20 17:05:05
月間,202212,策定,本四連系線,2023/02/06,夜間帯,順方向,1200,1200,0,0,0,0,1200,熱容量,0,0,0,0,2022/12/20 17:05:05
月間,202212,策定,本四連系線,2023/02/06,夜間帯,逆方向,-1200,-1200,0,0,0,0,-1200,熱容量,0,0,0,0,2022/12/20 17:05:05
月間,202212,策定,本四連系線,2023/02/07,昼間帯,順方向,1200,1200,0,0,0,0,1200,熱容量,0,0,0,0,2022/12/20 17:05:05
月間,202212,策定,本四連系線,2023/02/07,昼間帯,逆方向,-1200,-1200,0,0,0,0,-1200,熱容量,0,0,0,0,2022/12/20 17:05:05
月間,202212,策定,本四連系線,2023/02/07,夜間帯,順方向,1200,1200,0,0,0,0,1200,熱容量,0,0,0,0,2022/12/20 17:05:05
月間,202212,策定,本四連系線,2023/02/07,夜間帯,逆方向,-1200,-1200,0,0,0,0,-1200,熱容量,0,0,0,0,2022/12/20 17:05:05
月間,202212,策定,本四連系線,2023/02/08,昼間帯,順方向,1200,1200,0,0,0,0,1200,熱容量,0,0,0,0,2022/12/20 17:05:05
月間,202212,策定,本四連系線,2023/02/08,昼間帯,逆方向,-1200,-1200,0,0,0,0,-1200,熱容量,0,0,0,0,2022/12/20 17:05:05
月間,202212,策定,本四連系線,2023/02/08,夜間帯,順方向,1200,1200,0,0,0,0,1200,熱容量,0,0,0,0,2022/12/20 17:05:05
月間,202212,策定,本四連系線,2023/02/08,夜間帯,逆方向,-1200,-1200,0,0,0,0,-1200,熱容量,0,0,0,0,2022/12/20 17:05:05
月間,202212,策定,本四連系線,2023/02/09,昼間帯,順方向,1200,1200,0,0,0,0,1200,熱容量,0,0,0,0,2022/12/20 17:05:05
月間,202212,策定,本四連系線,2023/02/09,昼間帯,逆方向,-1200,-1200,0,0,0,0,-1200,熱容量,0,0,0,0,2022/12/20 17:05:05
月間,202212,策定,本四連系線,2023/02/09,夜間帯,順方向,1200,1200,0,0,0,0,1200,熱容量,0,0,0,0,2022/12/20 17:05:05
月間,202212,策定,本四連系線,2023/02/09,夜間帯,逆方向,-1200,-1200,0,0,0,0,-1200,熱容量,0,0,0,0,2022/12/20 17:05:05
月間,202212,策定,本四連系線,2023/02/10,昼間帯,順方向,1200,1200,0,0,0,0,1200,熱容量,0,0,0,0,2022/12/20 17:05:05
月間,202212,策定,本四連系線,2023/02/10,昼間帯,逆方向,-1200,-1200,0,0,0,0,-1200,熱容量,0,0,0,0,2022/12/20 17:05:05
月間,202212,策定,本四連系線,2023/02/10,夜間帯,順方向,1200,1200,0,0,0,0,1200,熱容量,0,0,0,0,2022/12/20 17:05:05
月間,202212,策定,本四連系線,2023/02/10,夜間帯,逆方向,-1200,-1200,0,0,0,0,-1200,熱容量,0,0,0,0,2022/12/20 17:05:05
月間,202212,策定,本四連系線,2023/02/11,昼間帯,順方向,1200,1200,0,0,0,0,1200,熱容量,0,0,0,0,2022/12/20 17:05:05
月間,202212,策定,本四連系線,2023/02/11,昼間帯,逆方向,-1200,-1200,0,0,0,0,-1200,熱容量,0,0,0,0,2022/12/20 17:05:05
月間,202212,策定,本四連系線,2023/02/11,夜間帯,順方向,1200,1200,0,0,0,0,1200,熱容量,0,0,0,0,2022/12/20 17:05:05
月間,202212,策定,本四連系線,2023/02/11,夜間帯,逆方向,-1200,-1200,0,0,0,0,-1200,熱容量,0,0,0,0,2022/12/20 17:05:05
月間,202212,策定,本四連系線,2023/02/12,昼間帯,順方向,1200,1200,0,0,0,0,1200,熱容量,0,0,0,0,2022/12/20 17:05:05
月間,202212,策定,本四連系線,2023/02/12,昼間帯,逆方向,-1200,-1200,0,0,0,0,-1200,熱容量,0,0,0,0,2022/12/20 17:05:05
月間,202212,策定,本四連系線,2023/02/12,夜間帯,順方向,1200,1200,0,0,0,0,1200,熱容量,0,0,0,0,2022/12/20 17:05:05
月間,202212,策定,本四連系線,2023/02/12,夜間帯,逆方向,-1200,-1200,0,0,0,0,-1200,熱容量,0,0,0,0,2022/12/20 17:05:05
月間,202212,策定,本四連系線,2023/02/13,昼間帯,順方向,1200,1200,0,0,0,0,1200,熱容量,0,0,0,0,2022/12/20 17:05:05
月間,202212,策定,本四連系線,2023/02/13,昼間帯,逆方向,-1200,-1200,0,0,0,0,-1200,熱容量,0,0,0,0,2022/12/20 17:05:05
月間,202212,策定,本四連系線,2023/02/13,夜間帯,順方向,1200,1200,0,0,0,0,1200,熱容量,0,0,0,0,2022/12/20 17:05:05
月間,202212,策定,本四連系線,2023/02/13,夜間帯,逆方向,-1200,-1200,0,0,0,0,-1200,熱容量,0,0,0,0,2022/12/20 17:05:05
月間,202212,策定,本四連系線,2023/02/14,昼間帯,順方向,1200,1200,0,0,0,0,1200,熱容量,0,0,0,0,2022/12/20 17:05:05
月間,202212,策定,本四連系線,2023/02/14,昼間帯,逆方向,-1200,-1200,0,0,0,0,-1200,熱容量,0,0,0,0,2022/12/20 17:05:05
月間,202212,策定,本四連系線,2023/02/14,夜間帯,順方向,1200,1200,0,0,0,0,1200,熱容量,0,0,0,0,2022/12/20 17:05:05
月間,202212,策定,本四連系線,2023/02/14,夜間帯,逆方向,-1200,-1200,0,0,0,0,-1200,熱容量,0,0,0,0,2022/12/20 17:05:05
月間,202212,策定,本四連系線,2023/02/15,昼間帯,順方向,1200,1200,0,0,0,0,1200,熱容量,0,0,0,0,2022/12/20 17:05:05
月間,202212,策定,本四連系線,2023/02/15,昼間帯,逆方向,-1200,-1200,0,0,0,0,-1200,熱容量,0,0,0,0,2022/12/20 17:05:05
月間,202212,策定,本四連系線,2023/02/15,夜間帯,順方向,1200,1200,0,0,0,0,1200,熱容量,0,0,0,0,2022/12/20 17:05:05
月間,202212,策定,本四連系線,2023/02/15,夜間帯,逆方向,-1200,-1200,0,0,0,0,-1200,熱容量,0,0,0,0,2022/12/20 17:05:05
月間,202212,策定,本四連系線,2023/02/16,昼間帯,順方向,1200,1200,0,0,0,0,1200,熱容量,0,0,0,0,2022/12/20 17:05:05
月間,202212,策定,本四連系線,2023/02/16,昼間帯,逆方向,-1200,-1200,0,0,0,0,-1200,熱容量,0,0,0,0,2022/12/20 17:05:05
月間,202212,策定,本四連系線,2023/02/16,夜間帯,順方向,1200,1200,0,0,0,0,1200,熱容量,0,0,0,0,2022/12/20 17:05:05
月間,202212,策定,本四連系線,2023/02/16,夜間帯,逆方向,-1200,-1200,0,0,0,0,-1200,熱容量,0,0,0,0,2022/12/20 17:05:05
月間,202212,策定,本四連系線,2023/02/17,昼間帯,順方向,1200,1200,0,0,0,0,1200,熱容量,0,0,0,0,2022/12/20 17:05:05
月間,202212,策定,本四連系線,2023/02/17,昼間帯,逆方向,-1200,-1200,0,0,0,0,-1200,熱容量,0,0,0,0,2022/12/20 17:05:05
月間,202212,策定,本四連系線,2023/02/17,夜間帯,順方向,1200,1200,0,0,0,0,1200,熱容量,0,0,0,0,2022/12/20 17:05:05
月間,202212,策定,本四連系線,2023/02/17,夜間帯,逆方向,-1200,-1200,0,0,0,0,-1200,熱容量,0,0,0,0,2022/12/20 17:05:05
月間,202212,策定,本四連系線,2023/02/18,昼間帯,順方向,1200,1200,0,0,0,0,1200,熱容量,0,0,0,0,2022/12/20 17:05:05
月間,202212,策定,本四連系線,2023/02/18,昼間帯,逆方向,-1200,-1200,0,0,0,0,-1200,熱容量,0,0,0,0,2022/12/20 17:05:05
月間,202212,策定,本四連系線,2023/02/18,夜間帯,順方向,1200,1200,0,0,0,0,1200,熱容量,0,0,0,0,2022/12/20 17:05:05
月間,202212,策定,本四連系線,2023/02/18,夜間帯,逆方向,-1200,-1200,0,0,0,0,-1200,熱容量,0,0,0,0,2022/12/20 17:05:05
月間,202212,策定,本四連系線,2023/02/19,昼間帯,順方向,1200,1200,0,0,0,0,1200,熱容量,0,0,0,0,2022/12/20 17:05:05
月間,202212,策定,本四連系線,2023/02/19,昼間帯,逆方向,-1200,-1200,0,0,0,0,-1200,熱容量,0,0,0,0,2022/12/20 17:05:05
月間,202212,策定,本四連系線,2023/02/19,夜間帯,順方向,1200,1200,0,0,0,0,1200,熱容量,0,0,0,0,2022/12/20 17:05:05
月間,202212,策定,本四連系線,2023/02/19,夜間帯,逆方向,-1200,-1200,0,0,0,0,-1200,熱容量,0,0,0,0,2022/12/20 17:05:05
月間,202212,策定,本四連系線,2023/02/20,昼間帯,順方向,1200,1200,0,0,0,0,1200,熱容量,0,0,0,0,2022/12/20 17:05:05
月間,202212,策定,本四連系線,2023/02/20,昼間帯,逆方向,-1200,-1200,0,0,0,0,-1200,熱容量,0,0,0,0,2022/12/20 17:05:05
月間,202212,策定,本四連系線,2023/02/20,夜間帯,順方向,1200,1200,0,0,0,0,1200,熱容量,0,0,0,0,2022/12/20 17:05:05
月間,202212,策定,本四連系線,2023/02/20,夜間帯,逆方向,-1200,-1200,0,0,0,0,-1200,熱容量,0,0,0,0,2022/12/20 17:05:05
月間,202212,策定,本四連系線,2023/02/21,昼間帯,順方向,1200,1200,0,0,0,0,1200,熱容量,0,0,0,0,2022/12/20 17:05:05
月間,202212,策定,本四連系線,2023/02/21,昼間帯,逆方向,-1200,-1200,0,0,0,0,-1200,熱容量,0,0,0,0,2022/12/20 17:05:05
月間,202212,策定,本四連系線,2023/02/21,夜間帯,順方向,1200,1200,0,0,0,0,1200,熱容量,0,0,0,0,2022/12/20 17:05:05
月間,202212,策定,本四連系線,2023/02/21,夜間帯,逆方向,-1200,-1200,0,0,0,0,-1200,熱容量,0,0,0,0,2022/12/20 17:05:05
月間,202212,策定,本四連系線,2023/02/22,昼間帯,順方向,1200,1200,0,0,0,0,1200,熱容量,0,0,0,0,2022/12/20 17:05:05
月間,202212,策定,本四連系線,2023/02/22,昼間帯,逆方向,-1200,-1200,0,0,0,0,-1200,熱容量,0,0,0,0,2022/12/20 17:05:05
月間,202212,策定,本四連系線,2023/02/22,夜間帯,順方向,1200,1200,0,0,0,0,1200,熱容量,0,0,0,0,2022/12/20 17:05:05
月間,202212,策定,本四連系線,2023/02/22,夜間帯,逆方向,-1200,-1200,0,0,0,0,-1200,熱容量,0,0,0,0,2022/12/20 17:05:05
月間,202212,策定,本四連系線,2023/02/23,昼間帯,順方向,1200,1200,0,0,0,0,1200,熱容量,0,0,0,0,2022/12/20 17:05:05
月間,202212,策定,本四連系線,2023/02/23,昼間帯,逆方向,-1200,-1200,0,0,0,0,-1200,熱容量,0,0,0,0,2022/12/20 17:05:05
月間,202212,策定,本四連系線,2023/02/23,夜間帯,順方向,1200,1200,0,0,0,0,1200,熱容量,0,0,0,0,2022/12/20 17:05:05
月間,202212,策定,本四連系線,2023/02/23,夜間帯,逆方向,-1200,-1200,0,0,0,0,-1200,熱容量,0,0,0,0,2022/12/20 17:05:05
月間,202212,策定,本四連系線,2023/02/24,昼間帯,順方向,1200,1200,0,0,0,0,1200,熱容量,0,0,0,0,2022/12/20 17:05:05
月間,202212,策定,本四連系線,2023/02/24,昼間帯,逆方向,-1200,-1200,0,0,0,0,-1200,熱容量,0,0,0,0,2022/12/20 17:05:05
月間,202212,策定,本四連系線,2023/02/24,夜間帯,順方向,1200,1200,0,0,0,0,1200,熱容量,0,0,0,0,2022/12/20 17:05:05
月間,202212,策定,本四連系線,2023/02/24,夜間帯,逆方向,-1200,-1200,0,0,0,0,-1200,熱容量,0,0,0,0,2022/12/20 17:05:05
月間,202212,策定,本四連系線,2023/02/25,昼間帯,順方向,1200,1200,0,0,0,0,1200,熱容量,0,0,0,0,2022/12/20 17:05:05
月間,202212,策定,本四連系線,2023/02/25,昼間帯,逆方向,-1200,-1200,0,0,0,0,-1200,熱容量,0,0,0,0,2022/12/20 17:05:05
月間,202212,策定,本四連系線,2023/02/25,夜間帯,順方向,1200,1200,0,0,0,0,1200,熱容量,0,0,0,0,2022/12/20 17:05:05
月間,202212,策定,本四連系線,2023/02/25,夜間帯,逆方向,-1200,-1200,0,0,0,0,-1200,熱容量,0,0,0,0,2022/12/20 17:05:05
月間,202212,策定,本四連系線,2023/02/26,昼間帯,順方向,1200,1200,0,0,0,0,1200,熱容量,0,0,0,0,2022/12/20 17:05:05
月間,202212,策定,本四連系線,2023/02/26,昼間帯,逆方向,-1200,-1200,0,0,0,0,-1200,熱容量,0,0,0,0,2022/12/20 17:05:05
月間,202212,策定,本四連系線,2023/02/26,夜間帯,順方向,1200,1200,0,0,0,0,1200,熱容量,0,0,0,0,2022/12/20 17:05:05
月間,202212,策定,本四連系線,2023/02/26,夜間帯,逆方向,-1200,-1200,0,0,0,0,-1200,熱容量,0,0,0,0,2022/12/20 17:05:05
月間,202212,策定,本四連系線,2023/02/27,昼間帯,順方向,1200,1200,0,0,0,0,1200,熱容量,0,0,0,0,2022/12/20 17:05:05
月間,202212,策定,本四連系線,2023/02/27,昼間帯,逆方向,-1200,-1200,0,0,0,0,-1200,熱容量,0,0,0,0,2022/12/20 17:05:05
月間,202212,策定,本四連系線,2023/02/27,夜間帯,順方向,1200,1200,0,0,0,0,1200,熱容量,0,0,0,0,2022/12/20 17:05:05
月間,202212,策定,本四連系線,2023/02/27,夜間帯,逆方向,-1200,-1200,0,0,0,0,-1200,熱容量,0,0,0,0,2022/12/20 17:05:05
月間,202212,策定,本四連系線,2023/02/28,昼間帯,順方向,1200,1200,0,0,0,0,1200,熱容量,0,0,0,0,2022/12/20 17:05:05
月間,202212,策定,本四連系線,2023/02/28,昼間帯,逆方向,-1200,-1200,0,0,0,0,-1200,熱容量,0,0,0,0,2022/12/20 17:05:05
月間,202212,策定,本四連系線,2023/02/28,夜間帯,順方向,1200,1200,0,0,0,0,1200,熱容量,0,0,0,0,2022/12/20 17:05:05
月間,202212,策定,本四連系線,2023/02/28,夜間帯,逆方向,-1200,-1200,0,0,0,0,-1200,熱容量,0,0,0,0,2022/12/20 17:05:05
月間,202301,策定,本四連系線,2023/02/04,昼間帯,順方向,1200,1200,0,0,0,0,1200,熱容量,0,0,0,0,2023/01/20 17:05:04
月間,202301,策定,本四連系線,2023/02/04,昼間帯,逆方向,-1200,-1200,0,0,0,0,-1200,熱容量,0,0,0,0,2023/01/20 17:05:04
月間,202301,策定,本四連系線,2023/02/04,夜間帯,順方向,1200,1200,0,0,0,0,1200,熱容量,0,0,0,0,2023/01/20 17:05:04
月間,202301,策定,本四連系線,2023/02/04,夜間帯,逆方向,-1200,-1200,0,0,0,0,-1200,熱容量,0,0,0,0,2023/01/20 17:05:04
月間,202301,策定,本四連系線,2023/02/05,昼間帯,順方向,1200,1200,0,0,0,0,1200,熱容量,0,0,0,0,2023/01/20 17:05:04
月間,202301,策定,本四連系線,2023/02/05,昼間帯,逆方向,-1200,-1200,0,0,0,0,-1200,熱容量,0,0,0,0,2023/01/20 17:05:04
月間,202301,策定,本四連系線,2023/02/05,夜間帯,順方向,1200,1200,0,0,0,0,1200,熱容量,0,0,0,0,2023/01/20 17:05:04
月間,202301,策定,本四連系線,2023/02/05,夜間帯,逆方向,-1200,-1200,0,0,0,0,-1200,熱容量,0,0,0,0,2023/01/20 17:05:04
月間,202301,策定,本四連系線,2023/02/06,昼間帯,順方向,1200,1200,0,0,0,0,1200,熱容量,0,0,0,0,2023/01/20 17:05:04
月間,202301,策定,本四連系線,2023/02/06,昼間帯,逆方向,-1200,-1200,0,0,0,0,-1200,熱容量,0,0,0,0,2023/01/20 17:05:04
月間,202301,策定,本四連系線,2023/02/06,夜間帯,順方向,1200,1200,0,0,0,0,1200,熱容量,0,0,0,0,2023/01/20 17:05:04
月間,202301,策定,本四連系線,2023/02/06,夜間帯,逆方向,-1200,-1200,0,0,0,0,-1200,熱容量,0,0,0,0,2023/01/20 17:05:04
月間,202301,策定,本四連系線,2023/02/07,昼間帯,順方向,1200,1200,0,0,0,0,1200,熱容量,0,0,0,0,2023/01/20 17:05:04
月間,202301,策定,本四連系線,2023/02/07,昼間帯,逆方向,-1200,-1200,0,0,0,0,-1200,熱容量,0,0,0,0,2023/01/20 17:05:04
月間,202301,策定,本四連系線,2023/02/07,夜間帯,順方向,1200,1200,0,0,0,0,1200,熱容量,0,0,0,0,2023/01/20 17:05:04
月間,202301,策定,本四連系線,2023/02/07,夜間帯,逆方向,-1200,-1200,0,0,0,0,-1200,熱容量,0,0,0,0,2023/01/20 17:05:04
月間,202301,策定,本四連系線,2023/02/08,昼間帯,順方向,1200,1200,0,0,0,0,1200,熱容量,0,0,0,0,2023/01/20 17:05:04
月間,202301,策定,本四連系線,2023/02/08,昼間帯,逆方向,-1200,-1200,0,0,0,0,-1200,熱容量,0,0,0,0,2023/01/20 17:05:04
月間,202301,策定,本四連系線,2023/02/08,夜間帯,順方向,1200,1200,0,0,0,0,1200,熱容量,0,0,0,0,2023/01/20 17:05:04
月間,202301,策定,本四連系線,2023/02/08,夜間帯,逆方向,-1200,-1200,0,0,0,0,-1200,熱容量,0,0,0,0,2023/01/20 17:05:04
月間,202301,策定,本四連系線,2023/02/09,昼間帯,順方向,1200,1200,0,0,0,0,1200,熱容量,0,0,0,0,2023/01/20 17:05:04
月間,202301,策定,本四連系線,2023/02/09,昼間帯,逆方向,-1200,-1200,0,0,0,0,-1200,熱容量,0,0,0,0,2023/01/20 17:05:04
月間,202301,策定,本四連系線,2023/02/09,夜間帯,順方向,1200,1200,0,0,0,0,1200,熱容量,0,0,0,0,2023/01/20 17:05:04
月間,202301,策定,本四連系線,2023/02/09,夜間帯,逆方向,-1200,-1200,0,0,0,0,-1200,熱容量,0,0,0,0,2023/01/20 17:05:04
月間,202301,策定,本四連系線,2023/02/10,昼間帯,順方向,1200,1200,0,0,0,0,1200,熱容量,0,0,0,0,2023/01/20 17:05:04
月間,202301,策定,本四連系線,2023/02/10,昼間帯,逆方向,-1200,-1200,0,0,0,0,-1200,熱容量,0,0,0,0,2023/01/20 17:05:04
月間,202301,策定,本四連系線,2023/02/10,夜間帯,順方向,1200,1200,0,0,0,0,1200,熱容量,0,0,0,0,2023/01/20 17:05:04
月間,202301,策定,本四連系線,2023/02/10,夜間帯,逆方向,-1200,-1200,0,0,0,0,-1200,熱容量,0,0,0,0,2023/01/20 17:05:04
月間,202301,策定,本四連系線,2023/02/11,昼間帯,順方向,1200,1200,0,0,0,0,1200,熱容量,0,0,0,0,2023/01/20 17:05:04
月間,202301,策定,本四連系線,2023/02/11,昼間帯,逆方向,-1200,-1200,0,0,0,0,-1200,熱容量,0,0,0,0,2023/01/20 17:05:04
月間,202301,策定,本四連系線,2023/02/11,夜間帯,順方向,1200,1200,0,0,0,0,1200,熱容量,0,0,0,0,2023/01/20 17:05:04
月間,202301,策定,本四連系線,2023/02/11,夜間帯,逆方向,-1200,-1200,0,0,0,0,-1200,熱容量,0,0,0,0,2023/01/20 17:05:04
月間,202301,策定,本四連系線,2023/02/12,昼間帯,順方向,1200,1200,0,0,0,0,1200,熱容量,0,0,0,0,2023/01/20 17:05:04
月間,202301,策定,本四連系線,2023/02/12,昼間帯,逆方向,-1200,-1200,0,0,0,0,-1200,熱容量,0,0,0,0,2023/01/20 17:05:04
月間,202301,策定,本四連系線,2023/02/12,夜間帯,順方向,1200,1200,0,0,0,0,1200,熱容量,0,0,0,0,2023/01/20 17:05:04
月間,202301,策定,本四連系線,2023/02/12,夜間帯,逆方向,-1200,-1200,0,0,0,0,-1200,熱容量,0,0,0,0,2023/01/20 17:05:04
月間,202301,策定,本四連系線,2023/02/13,昼間帯,順方向,1200,1200,0,0,0,0,1200,熱容量,0,0,0,0,2023/01/20 17:05:04
月間,202301,策定,本四連系線,2023/02/13,昼間帯,逆方向,-1200,-1200,0,0,0,0,-1200,熱容量,0,0,0,0,2023/01/20 17:05:04
月間,202301,策定,本四連系線,2023/02/13,夜間帯,順方向,1200,1200,0,0,0,0,1200,熱容量,0,0,0,0,2023/01/20 17:05:04
月間,202301,策定,本四連系線,2023/02/13,夜間帯,逆方向,-1200,-1200,0,0,0,0,-1200,熱容量,0,0,0,0,2023/01/20 17:05:04
月間,202301,策定,本四連系線,2023/02/14,昼間帯,順方向,1200,1200,0,0,0,0,1200,熱容量,0,0,0,0,2023/01/20 17:05:04
月間,202301,策定,本四連系線,2023/02/14,昼間帯,逆方向,-1200,-1200,0,0,0,0,-1200,熱容量,0,0,0,0,2023/01/20 17:05:04
月間,202301,策定,本四連系線,2023/02/14,夜間帯,順方向,1200,1200,0,0,0,0,1200,熱容量,0,0,0,0,2023/01/20 17:05:04
月間,202301,策定,本四連系線,2023/02/14,夜間帯,逆方向,-1200,-1200,0,0,0,0,-1200,熱容量,0,0,0,0,2023/01/20 17:05:04
月間,202301,策定,本四連系線,2023/02/15,昼間帯,順方向,1200,1200,0,0,0,0,1200,熱容量,0,0,0,0,2023/01/20 17:05:04
月間,202301,策定,本四連系線,2023/02/15,昼間帯,逆方向,-1200,-1200,0,0,0,0,-1200,熱容量,0,0,0,0,2023/01/20 17:05:04
月間,202301,策定,本四連系線,2023/02/15,夜間帯,順方向,1200,1200,0,0,0,0,1200,熱容量,0,0,0,0,2023/01/20 17:05:04
月間,202301,策定,本四連系線,2023/02/15,夜間帯,逆方向,-1200,-1200,0,0,0,0,-1200,熱容量,0,0,0,0,2023/01/20 17:05:04
月間,202301,策定,本四連系線,2023/02/16,昼間帯,順方向,1200,1200,0,0,0,0,1200,熱容量,0,0,0,0,2023/01/20 17:05:04
月間,202301,策定,本四連系線,2023/02/16,昼間帯,逆方向,-1200,-1200,0,0,0,0,-1200,熱容量,0,0,0,0,2023/01/20 17:05:04
月間,202301,策定,本四連系線,2023/02/16,夜間帯,順方向,1200,1200,0,0,0,0,1200,熱容量,0,0,0,0,2023/01/20 17:05:04
月間,202301,策定,本四連系線,2023/02/16,夜間帯,逆方向,-1200,-1200,0,0,0,0,-1200,熱容量,0,0,0,0,2023/01/20 17:05:04
月間,202301,策定,本四連系線,2023/02/17,昼間帯,順方向,1200,1200,0,0,0,0,1200,熱容量,0,0,0,0,2023/01/20 17:05:04
月間,202301,策定,本四連系線,2023/02/17,昼間帯,逆方向,-1200,-1200,0,0,0,0,-1200,熱容量,0,0,0,0,2023/01/20 17:05:04
月間,202301,策定,本四連系線,2023/02/17,夜間帯,順方向,1200,1200,0,0,0,0,1200,熱容量,0,0,0,0,2023/01/20 17:05:04
月間,202301,策定,本四連系線,2023/02/17,夜間帯,逆方向,-1200,-1200,0,0,0,0,-1200,熱容量,0,0,0,0,2023/01/20 17:05:04
月間,202301,策定,本四連系線,2023/02/18,昼間帯,順方向,1200,1200,0,0,0,0,1200,熱容量,0,0,0,0,2023/01/20 17:05:04
月間,202301,策定,本四連系線,2023/02/18,昼間帯,逆方向,-1200,-1200,0,0,0,0,-1200,熱容量,0,0,0,0,2023/01/20 17:05:04
月間,202301,策定,本四連系線,2023/02/18,夜間帯,順方向,1200,1200,0,0,0,0,1200,熱容量,0,0,0,0,2023/01/20 17:05:04
月間,202301,策定,本四連系線,2023/02/18,夜間帯,逆方向,-1200,-1200,0,0,0,0,-1200,熱容量,0,0,0,0,2023/01/20 17:05:04
月間,202301,策定,本四連系線,2023/02/19,昼間帯,順方向,1200,1200,0,0,0,0,1200,熱容量,0,0,0,0,2023/01/20 17:05:04
月間,202301,策定,本四連系線,2023/02/19,昼間帯,逆方向,-1200,-1200,0,0,0,0,-1200,熱容量,0,0,0,0,2023/01/20 17:05:04
月間,202301,策定,本四連系線,2023/02/19,夜間帯,順方向,1200,1200,0,0,0,0,1200,熱容量,0,0,0,0,2023/01/20 17:05:04
月間,202301,策定,本四連系線,2023/02/19,夜間帯,逆方向,-1200,-1200,0,0,0,0,-1200,熱容量,0,0,0,0,2023/01/20 17:05:04
月間,202301,策定,本四連系線,2023/02/20,昼間帯,順方向,1200,1200,0,0,0,0,1200,熱容量,0,0,0,0,2023/01/20 17:05:04
月間,202301,策定,本四連系線,2023/02/20,昼間帯,逆方向,-1200,-1200,0,0,0,0,-1200,熱容量,0,0,0,0,2023/01/20 17:05:04
月間,202301,策定,本四連系線,2023/02/20,夜間帯,順方向,1200,1200,0,0,0,0,1200,熱容量,0,0,0,0,2023/01/20 17:05:04
月間,202301,策定,本四連系線,2023/02/20,夜間帯,逆方向,-1200,-1200,0,0,0,0,-1200,熱容量,0,0,0,0,2023/01/20 17:05:04
月間,202301,策定,本四連系線,2023/02/21,昼間帯,順方向,1200,1200,0,0,0,0,1200,熱容量,0,0,0,0,2023/01/20 17:05:04
月間,202301,策定,本四連系線,2023/02/21,昼間帯,逆方向,-1200,-1200,0,0,0,0,-1200,熱容量,0,0,0,0,2023/01/20 17:05:04
月間,202301,策定,本四連系線,2023/02/21,夜間帯,順方向,1200,1200,0,0,0,0,1200,熱容量,0,0,0,0,2023/01/20 17:05:04
月間,202301,策定,本四連系線,2023/02/21,夜間帯,逆方向,-1200,-1200,0,0,0,0,-1200,熱容量,0,0,0,0,2023/01/20 17:05:04
月間,202301,策定,本四連系線,2023/02/22,昼間帯,順方向,1200,1200,0,0,0,0,1200,熱容量,0,0,0,0,2023/01/20 17:05:04
月間,202301,策定,本四連系線,2023/02/22,昼間帯,逆方向,-1200,-1200,0,0,0,0,-1200,熱容量,0,0,0,0,2023/01/20 17:05:04
月間,202301,策定,本四連系線,2023/02/22,夜間帯,順方向,1200,1200,0,0,0,0,1200,熱容量,0,0,0,0,2023/01/20 17:05:04
月間,202301,策定,本四連系線,2023/02/22,夜間帯,逆方向,-1200,-1200,0,0,0,0,-1200,熱容量,0,0,0,0,2023/01/20 17:05:04
月間,202301,策定,本四連系線,2023/02/23,昼間帯,順方向,1200,1200,0,0,0,0,1200,熱容量,0,0,0,0,2023/01/20 17:05:04
月間,202301,策定,本四連系線,2023/02/23,昼間帯,逆方向,-1200,-1200,0,0,0,0,-1200,熱容量,0,0,0,0,2023/01/20 17:05:04
月間,202301,策定,本四連系線,2023/02/23,夜間帯,順方向,1200,1200,0,0,0,0,1200,熱容量,0,0,0,0,2023/01/20 17:05:04
月間,202301,策定,本四連系線,2023/02/23,夜間帯,逆方向,-1200,-1200,0,0,0,0,-1200,熱容量,0,0,0,0,2023/01/20 17:05:04
月間,202301,策定,本四連系線,2023/02/24,昼間帯,順方向,1200,1200,0,0,0,0,1200,熱容量,0,0,0,0,2023/01/20 17:05:04
月間,202301,策定,本四連系線,2023/02/24,昼間帯,逆方向,-1200,-1200,0,0,0,0,-1200,熱容量,0,0,0,0,2023/01/20 17:05:04
月間,202301,策定,本四連系線,2023/02/24,夜間帯,順方向,1200,1200,0,0,0,0,1200,熱容量,0,0,0,0,2023/01/20 17:05:04
月間,202301,策定,本四連系線,2023/02/24,夜間帯,逆方向,-1200,-1200,0,0,0,0,-1200,熱容量,0,0,0,0,2023/01/20 17:05:04
月間,202301,策定,本四連系線,2023/02/25,昼間帯,順方向,1200,1200,0,0,0,0,1200,熱容量,0,0,0,0,2023/01/20 17:05:04
月間,202301,策定,本四連系線,2023/02/25,昼間帯,逆方向,-1200,-1200,0,0,0,0,-1200,熱容量,0,0,0,0,2023/01/20 17:05:04
月間,202301,策定,本四連系線,2023/02/25,夜間帯,順方向,1200,1200,0,0,0,0,1200,熱容量,0,0,0,0,2023/01/20 17:05:04
月間,202301,策定,本四連系線,2023/02/25,夜間帯,逆方向,-1200,-1200,0,0,0,0,-1200,熱容量,0,0,0,0,2023/01/20 17:05:04
月間,202301,策定,本四連系線,2023/02/26,昼間帯,順方向,1200,1200,0,0,0,0,1200,熱容量,0,0,0,0,2023/01/20 17:05:04
月間,202301,策定,本四連系線,2023/02/26,昼間帯,逆方向,-1200,-1200,0,0,0,0,-1200,熱容量,0,0,0,0,2023/01/20 17:05:04
月間,202301,策定,本四連系線,2023/02/26,夜間帯,順方向,1200,1200,0,0,0,0,1200,熱容量,0,0,0,0,2023/01/20 17:05:04
月間,202301,策定,本四連系線,2023/02/26,夜間帯,逆方向,-1200,-1200,0,0,0,0,-1200,熱容量,0,0,0,0,2023/01/20 17:05:04
月間,202301,策定,本四連系線,2023/02/27,昼間帯,順方向,1200,1200,0,0,0,0,1200,熱容量,0,0,0,0,2023/01/20 17:05:04
月間,202301,策定,本四連系線,2023/02/27,昼間帯,逆方向,-1200,-1200,0,0,0,0,-1200,熱容量,0,0,0,0,2023/01/20 17:05:04
月間,202301,策定,本四連系線,2023/02/27,夜間帯,順方向,1200,1200,0,0,0,0,1200,熱容量,0,0,0,0,2023/01/20 17:05:04
月間,202301,策定,本四連系線,2023/02/27,夜間帯,逆方向,-1200,-1200,0,0,0,0,-1200,熱容量,0,0,0,0,2023/01/20 17:05:04
月間,202301,策定,本四連系線,2023/02/28,昼間帯,順方向,1200,1200,0,0,0,0,1200,熱容量,0,0,0,0,2023/01/20 17:05:04
月間,202301,策定,本四連系線,2023/02/28,昼間帯,逆方向,-1200,-1200,0,0,0,0,-1200,熱容量,0,0,0,0,2023/01/20 17:05:04
月間,202301,策定,本四連系線,2023/02/28,夜間帯,順方向,1200,1200,0,0,0,0,1200,熱容量,0,0,0,0,2023/01/20 17:05:04
月間,202301,策定,本四連系線,2023/02/28,夜間帯,逆方向,-1200,-1200,0,0,0,0,-1200,熱容量,0,0,0,0,2023/01/20 17:05:04
月間,202212,策定,関門連系線,2023/02/01,昼間帯,順方向,110,110,0,0,0,0,110,周波数,0,0,0,0,2022/12/20 17:05:05
月間,202212,策定,関門連系線,2023/02/01,昼間帯,逆方向,-2540,-2540,0,0,0,0,-2540,周波数,0,0,0,0,2022/12/20 17:05:05
月間,202212,策定,関門連系線,2023/02/01,夜間帯,順方向,430,430,0,0,0,0,430,周波数,0,0,0,0,2022/12/20 17:05:05
月間,202212,策定,関門連系線,2023/02/01,夜間帯,逆方向,-2300,-2300,0,0,0,0,-2300,周波数,0,0,0,0,2022/12/20 17:05:05
月間,202212,策定,関門連系線,2023/02/02,昼間帯,順方向,110,110,0,0,0,0,110,周波数,0,0,0,0,2022/12/20 17:05:05
月間,202212,策定,関門連系線,2023/02/02,昼間帯,逆方向,-2540,-2540,0,0,0,0,-2540,周波数,0,0,0,0,2022/12/20 17:05:05
月間,202212,策定,関門連系線,2023/02/02,夜間帯,順方向,430,430,0,0,0,0,430,周波数,0,0,0,0,2022/12/20 17:05:05
月間,202212,策定,関門連系線,2023/02/02,夜間帯,逆方向,-2300,-2300,0,0,0,0,-2300,周波数,0,0,0,0,2022/12/20 17:05:05
月間,202212,策定,関門連系線,2023/02/03,昼間帯,順方向,110,110,0,0,0,0,110,周波数,0,0,0,0,2022/12/20 17:05:05
月間,202212,策定,関門連系線,2023/02/03,昼間帯,逆方向,-2540,-2540,0,0,0,0,-2540,周波数,0,0,0,0,2022/12/20 17:05:05
月間,202212,策定,関門連系線,2023/02/03,夜間帯,順方向,430,430,0,0,0,0,430,周波数,0,0,0,0,2022/12/20 17:05:05
月間,202212,策定,関門連系線,2023/02/03,夜間帯,逆方向,-2300,-2300,0,0,0,0,-2300,周波数,0,0,0,0,2022/12/20 17:05:05
月間,202212,策定,関門連系線,2023/02/04,昼間帯,順方向,50,50,0,0,0,0,50,周波数,0,0,0,0,2022/12/20 17:05:05
月間,202212,策定,関門連系線,2023/02/04,昼間帯,逆方向,-2100,-2100,0,0,0,0,-2100,周波数,0,0,0,0,2022/12/20 17:05:05
月間,202212,策定,関門連系線,2023/02/04,夜間帯,順方向,400,400,0,0,0,0,400,周波数,0,0,0,0,2022/12/20 17:05:05
月間,202212,策定,関門連系線,2023/02/04,夜間帯,逆方向,-2050,-2050,0,0,0,0,-2050,周波数,0,0,0,0,2022/12/20 17:05:05
月間,202212,策定,関門連系線,2023/02/05,昼間帯,順方向,50,50,0,0,0,0,50,周波数,0,0,0,0,2022/12/20 17:05:05
月間,202212,策定,関門連系線,2023/02/05,昼間帯,逆方向,-2100,-2100,0,0,0,0,-2100,周波数,0,0,0,0,2022/12/20 17:05:05
月間,202212,策定,関門連系線,2023/02/05,夜間帯,順方向,400,400,0,0,0,0,400,周波数,0,0,0,0,2022/12/20 17:05:05
月間,202212,策定,関門連系線,2023/02/05,夜間帯,逆方向,-2050,-2050,0,0,0,0,-2050,周波数,0,0,0,0,2022/12/20 17:05:05
月間,202212,策定,関門連系線,2023/02/06,昼間帯,順方向,110,110,0,0,0,0,110,周波数,0,0,0,0,2022/12/20 17:05:05
月間,202212,策定,関門連系線,2023/02/06,昼間帯,逆方向,-2540,-2540,0,0,0,0,-2540,周波数,0,0,0,0,2022/12/20 17:05:05
月間,202212,策定,関門連系線,2023/02/06,夜間帯,順方向,400,400,0,0,0,0,400,周波数,0,0,0,0,2022/12/20 17:05:05
月間,202212,策定,関門連系線,2023/02/06,夜間帯,逆方向,-2050,-2050,0,0,0,0,-2050,周波数,0,0,0,0,2022/12/20 17:05:05
月間,202212,策定,関門連系線,2023/02/07,昼間帯,順方向,110,110,0,0,0,0,110,周波数,0,0,0,0,2022/12/20 17:05:05
月間,202212,策定,関門連系線,2023/02/07,昼間帯,逆方向,-2540,-2540,0,0,0,0,-2540,周波数,0,0,0,0,2022/12/20 17:05:05
月間,202212,策定,関門連系線,2023/02/07,夜間帯,順方向,430,430,0,0,0,0,430,周波数,0,0,0,0,2022/12/20 17:05:05
月間,202212,策定,関門連系線,2023/02/07,夜間帯,逆方向,-2300,-2300,0,0,0,0,-2300,周波数,0,0,0,0,2022/12/20 17:05:05
月間,202212,策定,関門連系線,2023/02/08,昼間帯,順方向,110,110,0,0,0,0,110,周波数,0,0,0,0,2022/12/20 17:05:05
月間,202212,策定,関門連系線,2023/02/08,昼間帯,逆方向,-2540,-2540,0,0,0,0,-2540,周波数,0,0,0,0,2022/12/20 17:05:05
月間,202212,策定,関門連系線,2023/02/08,夜間帯,順方向,430,430,0,0,0,0,430,周波数,0,0,0,0,2022/12/20 17:05:05
月間,202212,策定,関門連系線,2023/02/08,夜間帯,逆方向,-2300,-2300,0,0,0,0,-2300,周波数,0,0,0,0,2022/12/20 17:05:05
月間,202212,策定,関門連系線,2023/02/09,昼間帯,順方向,110,110,0,0,0,0,110,周波数,0,0,0,0,2022/12/20 17:05:05
月間,202212,策定,関門連系線,2023/02/09,昼間帯,逆方向,-2540,-2540,0,0,0,0,-2540,周波数,0,0,0,0,2022/12/20 17:05:05
月間,202212,策定,関門連系線,2023/02/09,夜間帯,順方向,430,430,0,0,0,0,430,周波数,0,0,0,0,2022/12/20 17:05:05
月間,202212,策定,関門連系線,2023/02/09,夜間帯,逆方向,-2300,-2300,0,0,0,0,-2300,周波数,0,0,0,0,2022/12/20 17:05:05
月間,202212,策定,関門連系線,2023/02/10,昼間帯,順方向,110,110,0,0,0,0,110,周波数,0,0,0,0,2022/12/20 17:05:05
月間,202212,策定,関門連系線,2023/02/10,昼間帯,逆方向,-2540,-2540,0,0,0,0,-2540,周波数,0,0,0,0,2022/12/20 17:05:05
月間,202212,策定,関門連系線,2023/02/10,夜間帯,順方向,430,430,0,0,0,0,430,周波数,0,0,0,0,2022/12/20 17:05:05
月間,202212,策定,関門連系線,2023/02/10,夜間帯,逆方向,-2300,-2300,0,0,0,0,-2300,周波数,0,0,0,0,2022/12/20 17:05:05
月間,202212,策定,関門連系線,2023/02/11,昼間帯,順方向,50,50,0,0,0,0,50,周波数,0,0,0,0,2022/12/20 17:05:05
月間,202212,策定,関門連系線,2023/02/11,昼間帯,逆方向,-2100,-2100,0,0,0,0,-2100,周波数,0,0,0,0,2022/12/20 17:05:05
月間,202212,策定,関門連系線,2023/02/11,夜間帯,順方向,400,400,0,0,0,0,400,周波数,0,0,0,0,2022/12/20 17:05:05
月間,202212,策定,関門連系線,2023/02/11,夜間帯,逆方向,-2050,-2050,0,0,0,0,-2050,周波数,0,0,0,0,2022/12/20 17:05:05
月間,202212,策定,関門連系線,2023/02/12,昼間帯,順方向,50,50,0,0,0,0,50,周波数,0,0,0,0,2022/12/20 17:05:05
月間,202212,策定,関門連系線,2023/02/12,昼間帯,逆方向,-2100,-2100,0,0,0,0,-2100,周波数,0,0,0,0,2022/12/20 17:05:05
月間,202212,策定,関門連系線,2023/02/12,夜間帯,順方向,400,400,0,0,0,0,400,周波数,0,0,0,0,2022/12/20 17:05:05
月間,202212,策定,関門連系線,2023/02/12,夜間帯,逆方向,-2050,-2050,0,0,0,0,-2050,周波数,0,0,0,0,2022/12/20 17:05:05
月間,202212,策定,関門連系線,2023/02/13,昼間帯,順方向,110,110,0,0,0,0,110,周波数,0,0,0,0,2022/12/20 17:05:05
月間,202212,策定,関門連系線,2023/02/13,昼間帯,逆方向,-2540,-2540,0,0,0,0,-2540,周波数,0,0,0,0,2022/12/20 17:05:05
月間,202212,策定,関門連系線,2023/02/13,夜間帯,順方向,400,400,0,0,0,0,400,周波数,0,0,0,0,2022/12/20 17:05:05
月間,202212,策定,関門連系線,2023/02/13,夜間帯,逆方向,-2050,-2050,0,0,0,0,-2050,周波数,0,0,0,0,2022/12/20 17:05:05
月間,202212,策定,関門連系線,2023/02/14,昼間帯,順方向,110,110,0,0,0,0,110,周波数,0,0,0,0,2022/12/20 17:05:05
月間,202212,策定,関門連系線,2023/02/14,昼間帯,逆方向,-2540,-2540,0,0,0,0,-2540,周波数,0,0,0,0,2022/12/20 17:05:05
月間,202212,策定,関門連系線,2023/02/14,夜間帯,順方向,430,430,0,0,0,0,430,周波数,0,0,0,0,2022/12/20 17:05:05
月間,202212,策定,関門連系線,2023/02/14,夜間帯,逆方向,-2300,-2300,0,0,0,0,-2300,周波数,0,0,0,0,2022/12/20 17:05:05
月間,202212,策定,関門連系線,2023/02/15,昼間帯,順方向,110,110,0,0,0,0,110,周波数,0,0,0,0,2022/12/20 17:05:05
月間,202212,策定,関門連系線,2023/02/15,昼間帯,逆方向,-2540,-2540,0,0,0,0,-2540,周波数,0,0,0,0,2022/12/20 17:05:05
月間,202212,策定,関門連系線,2023/02/15,夜間帯,順方向,430,430,0,0,0,0,430,周波数,0,0,0,0,2022/12/20 17:05:05
月間,202212,策定,関門連系線,2023/02/15,夜間帯,逆方向,-2300,-2300,0,0,0,0,-2300,周波数,0,0,0,0,2022/12/20 17:05:05
月間,202212,策定,関門連系線,2023/02/16,昼間帯,順方向,110,110,0,0,0,0,110,周波数,0,0,0,0,2022/12/20 17:05:05
月間,202212,策定,関門連系線,2023/02/16,昼間帯,逆方向,-2540,-2540,0,0,0,0,-2540,周波数,0,0,0,0,2022/12/20 17:05:05
月間,202212,策定,関門連系線,2023/02/16,夜間帯,順方向,430,430,0,0,0,0,430,周波数,0,0,0,0,2022/12/20 17:05:05
月間,202212,策定,関門連系線,2023/02/16,夜間帯,逆方向,-2300,-2300,0,0,0,0,-2300,周波数,0,0,0,0,2022/12/20 17:05:05
月間,202212,策定,関門連系線,2023/02/17,昼間帯,順方向,110,110,0,0,0,0,110,周波数,0,0,0,0,2022/12/20 17:05:05
月間,202212,策定,関門連系線,2023/02/17,昼間帯,逆方向,-2540,-2540,0,0,0,0,-2540,周波数,0,0,0,0,2022/12/20 17:05:05
月間,202212,策定,関門連系線,2023/02/17,夜間帯,順方向,430,430,0,0,0,0,430,周波数,0,0,0,0,2022/12/20 17:05:05
月間,202212,策定,関門連系線,2023/02/17,夜間帯,逆方向,-2300,-2300,0,0,0,0,-2300,周波数,0,0,0,0,2022/12/20 17:05:05
月間,202212,策定,関門連系線,2023/02/18,昼間帯,順方向,50,50,0,0,0,0,50,周波数,0,0,0,0,2022/12/20 17:05:05
月間,202212,策定,関門連系線,2023/02/18,昼間帯,逆方向,-2100,-2100,0,0,0,0,-2100,周波数,0,0,0,0,2022/12/20 17:05:05
月間,202212,策定,関門連系線,2023/02/18,夜間帯,順方向,400,400,0,0,0,0,400,周波数,0,0,0,0,2022/12/20 17:05:05
月間,202212,策定,関門連系線,2023/02/18,夜間帯,逆方向,-2050,-2050,0,0,0,0,-2050,周波数,0,0,0,0,2022/12/20 17:05:05
月間,202212,策定,関門連系線,2023/02/19,昼間帯,順方向,50,50,0,0,0,0,50,周波数,0,0,0,0,2022/12/20 17:05:05
月間,202212,策定,関門連系線,2023/02/19,昼間帯,逆方向,-2100,-2100,0,0,0,0,-2100,周波数,0,0,0,0,2022/12/20 17:05:05
月間,202212,策定,関門連系線,2023/02/19,夜間帯,順方向,400,400,0,0,0,0,400,周波数,0,0,0,0,2022/12/20 17:05:05
月間,202212,策定,関門連系線,2023/02/19,夜間帯,逆方向,-2050,-2050,0,0,0,0,-2050,周波数,0,0,0,0,2022/12/20 17:05:05
月間,202212,策定,関門連系線,2023/02/20,昼間帯,順方向,110,110,0,0,0,0,110,周波数,0,0,0,0,2022/12/20 17:05:05
月間,202212,策定,関門連系線,2023/02/20,昼間帯,逆方向,-2540,-2540,0,0,0,0,-2540,周波数,0,0,0,0,2022/12/20 17:05:05
月間,202212,策定,関門連系線,2023/02/20,夜間帯,順方向,400,400,0,0,0,0,400,周波数,0,0,0,0,2022/12/20 17:05:05
月間,202212,策定,関門連系線,2023/02/20,夜間帯,逆方向,-2050,-2050,0,0,0,0,-2050,周波数,0,0,0,0,2022/12/20 17:05:05
月間,202212,策定,関門連系線,2023/02/21,昼間帯,順方向,110,110,0,0,0,0,110,周波数,0,0,0,0,2022/12/20 17:05:05
月間,202212,策定,関門連系線,2023/02/21,昼間帯,逆方向,-2540,-2540,0,0,0,0,-2540,周波数,0,0,0,0,2022/12/20 17:05:05
月間,202212,策定,関門連系線,2023/02/21,夜間帯,順方向,430,430,0,0,0,0,430,周波数,0,0,0,0,2022/12/20 17:05:05
月間,202212,策定,関門連系線,2023/02/21,夜間帯,逆方向,-2300,-2300,0,0,0,0,-2300,周波数,0,0,0,0,2022/12/20 17:05:05
月間,202212,策定,関門連系線,2023/02/22,昼間帯,順方向,110,110,0,0,0,0,110,周波数,0,0,0,0,2022/12/20 17:05:05
月間,202212,策定,関門連系線,2023/02/22,昼間帯,逆方向,-2540,-2540,0,0,0,0,-2540,周波数,0,0,0,0,2022/12/20 17:05:05
月間,202212,策定,関門連系線,2023/02/22,夜間帯,順方向,430,430,0,0,0,0,430,周波数,0,0,0,0,2022/12/20 17:05:05
月間,202212,策定,関門連系線,2023/02/22,夜間帯,逆方向,-2300,-2300,0,0,0,0,-2300,周波数,0,0,0,0,2022/12/20 17:05:05
月間,202212,策定,関門連系線,2023/02/23,昼間帯,順方向,50,50,0,0,0,0,50,周波数,0,0,0,0,2022/12/20 17:05:05
月間,202212,策定,関門連系線,2023/02/23,昼間帯,逆方向,-2100,-2100,0,0,0,0,-2100,周波数,0,0,0,0,2022/12/20 17:05:05
月間,202212,策定,関門連系線,2023/02/23,夜間帯,順方向,400,400,0,0,0,0,400,周波数,0,0,0,0,2022/12/20 17:05:05
月間,202212,策定,関門連系線,2023/02/23,夜間帯,逆方向,-2050,-2050,0,0,0,0,-2050,周波数,0,0,0,0,2022/12/20 17:05:05
月間,202212,策定,関門連系線,2023/02/24,昼間帯,順方向,110,110,0,0,0,0,110,周波数,0,0,0,0,2022/12/20 17:05:05
月間,202212,策定,関門連系線,2023/02/24,昼間帯,逆方向,-2540,-2540,0,0,0,0,-2540,周波数,0,0,0,0,2022/12/20 17:05:05
月間,202212,策定,関門連系線,2023/02/24,夜間帯,順方向,400,400,0,0,0,0,400,周波数,0,0,0,0,2022/12/20 17:05:05
月間,202212,策定,関門連系線,2023/02/24,夜間帯,逆方向,-2050,-2050,0,0,0,0,-2050,周波数,0,0,0,0,2022/12/20 17:05:05
月間,202212,策定,関門連系線,2023/02/25,昼間帯,順方向,50,50,0,0,0,0,50,周波数,0,0,0,0,2022/12/20 17:05:05
月間,202212,策定,関門連系線,2023/02/25,昼間帯,逆方向,-2100,-2100,0,0,0,0,-2100,周波数,0,0,0,0,2022/12/20 17:05:05
月間,202212,策定,関門連系線,2023/02/25,夜間帯,順方向,400,400,0,0,0,0,400,周波数,0,0,0,0,2022/12/20 17:05:05
月間,202212,策定,関門連系線,2023/02/25,夜間帯,逆方向,-2050,-2050,0,0,0,0,-2050,周波数,0,0,0,0,2022/12/20 17:05:05
月間,202212,策定,関門連系線,2023/02/26,昼間帯,順方向,50,50,0,0,0,0,50,周波数,0,0,0,0,2022/12/20 17:05:05
月間,202212,策定,関門連系線,2023/02/26,昼間帯,逆方向,-2100,-2100,0,0,0,0,-2100,周波数,0,0,0,0,2022/12/20 17:05:05
月間,202212,策定,関門連系線,2023/02/26,夜間帯,順方向,400,400,0,0,0,0,400,周波数,0,0,0,0,2022/12/20 17:05:05
月間,202212,策定,関門連系線,2023/02/26,夜間帯,逆方向,-2050,-2050,0,0,0,0,-2050,周波数,0,0,0,0,2022/12/20 17:05:05
月間,202212,策定,関門連系線,2023/02/27,昼間帯,順方向,110,110,0,0,0,0,110,周波数,0,0,0,0,2022/12/20 17:05:05
月間,202212,策定,関門連系線,2023/02/27,昼間帯,逆方向,-2540,-2540,0,0,0,0,-2540,周波数,0,0,0,0,2022/12/20 17:05:05
月間,202212,策定,関門連系線,2023/02/27,夜間帯,順方向,400,400,0,0,0,0,400,周波数,0,0,0,0,2022/12/20 17:05:05
月間,202212,策定,関門連系線,2023/02/27,夜間帯,逆方向,-2050,-2050,0,0,0,0,-2050,周波数,0,0,0,0,2022/12/20 17:05:05
月間,202212,策定,関門連系線,2023/02/28,昼間帯,順方向,110,110,0,0,0,0,110,周波数,0,0,0,0,2022/12/20 17:05:05
月間,202212,策定,関門連系線,2023/02/28,昼間帯,逆方向,-2540,-2540,0,0,0,0,-2540,周波数,0,0,0,0,2022/12/20 17:05:05
月間,202212,策定,関門連系線,2023/02/28,夜間帯,順方向,430,430,0,0,0,0,430,周波数,0,0,0,0,2022/12/20 17:05:05
月間,202212,策定,関門連系線,2023/02/28,夜間帯,逆方向,-2300,-2300,0,0,0,0,-2300,周波数,0,0,0,0,2022/12/20 17:05:05
月間,202301,策定,関門連系線,2023/02/04,昼間帯,順方向,50,50,0,0,0,0,50,周波数,0,0,0,0,2023/01/20 17:05:04
月間,202301,策定,関門連系線,2023/02/04,昼間帯,逆方向,-2100,-2100,0,0,0,0,-2100,周波数,0,0,0,0,2023/01/20 17:05:04
月間,202301,策定,関門連系線,2023/02/04,夜間帯,順方向,400,400,0,0,0,0,400,周波数,0,0,0,0,2023/01/20 17:05:04
月間,202301,策定,関門連系線,2023/02/04,夜間帯,逆方向,-2050,-2050,0,0,0,0,-2050,周波数,0,0,0,0,2023/01/20 17:05:04
月間,202301,策定,関門連系線,2023/02/05,昼間帯,順方向,50,50,0,0,0,0,50,周波数,0,0,0,0,2023/01/20 17:05:04
月間,202301,策定,関門連系線,2023/02/05,昼間帯,逆方向,-2100,-2100,0,0,0,0,-2100,周波数,0,0,0,0,2023/01/20 17:05:04
月間,202301,策定,関門連系線,2023/02/05,夜間帯,順方向,400,400,0,0,0,0,400,周波数,0,0,0,0,2023/01/20 17:05:04
月間,202301,策定,関門連系線,2023/02/05,夜間帯,逆方向,-2050,-2050,0,0,0,0,-2050,周波数,0,0,0,0,2023/01/20 17:05:04
月間,202301,策定,関門連系線,2023/02/06,昼間帯,順方向,110,110,0,0,0,0,110,周波数,0,0,0,0,2023/01/20 17:05:04
月間,202301,策定,関門連系線,2023/02/06,昼間帯,逆方向,-2540,-2540,0,0,0,0,-2540,周波数,0,0,0,0,2023/01/20 17:05:04
月間,202301,策定,関門連系線,2023/02/06,夜間帯,順方向,400,400,0,0,0,0,400,周波数,0,0,0,0,2023/01/20 17:05:04
月間,202301,策定,関門連系線,2023/02/06,夜間帯,逆方向,-2050,-2050,0,0,0,0,-2050,周波数,0,0,0,0,2023/01/20 17:05:04
月間,202301,策定,関門連系線,2023/02/07,昼間帯,順方向,110,110,0,0,0,0,110,周波数,0,0,0,0,2023/01/20 17:05:04
月間,202301,策定,関門連系線,2023/02/07,昼間帯,逆方向,-2540,-2540,0,0,0,0,-2540,周波数,0,0,0,0,2023/01/20 17:05:04
月間,202301,策定,関門連系線,2023/02/07,夜間帯,順方向,430,430,0,0,0,0,430,周波数,0,0,0,0,2023/01/20 17:05:04
月間,202301,策定,関門連系線,2023/02/07,夜間帯,逆方向,-2300,-2300,0,0,0,0,-2300,周波数,0,0,0,0,2023/01/20 17:05:04
月間,202301,策定,関門連系線,2023/02/08,昼間帯,順方向,110,110,0,0,0,0,110,周波数,0,0,0,0,2023/01/20 17:05:04
月間,202301,策定,関門連系線,2023/02/08,昼間帯,逆方向,-2540,-2540,0,0,0,0,-2540,周波数,0,0,0,0,2023/01/20 17:05:04
月間,202301,策定,関門連系線,2023/02/08,夜間帯,順方向,430,430,0,0,0,0,430,周波数,0,0,0,0,2023/01/20 17:05:04
月間,202301,策定,関門連系線,2023/02/08,夜間帯,逆方向,-2300,-2300,0,0,0,0,-2300,周波数,0,0,0,0,2023/01/20 17:05:04
月間,202301,策定,関門連系線,2023/02/09,昼間帯,順方向,110,110,0,0,0,0,110,周波数,0,0,0,0,2023/01/20 17:05:04
月間,202301,策定,関門連系線,2023/02/09,昼間帯,逆方向,-2540,-2540,0,0,0,0,-2540,周波数,0,0,0,0,2023/01/20 17:05:04
月間,202301,策定,関門連系線,2023/02/09,夜間帯,順方向,430,430,0,0,0,0,430,周波数,0,0,0,0,2023/01/20 17:05:04
月間,202301,策定,関門連系線,2023/02/09,夜間帯,逆方向,-2300,-2300,0,0,0,0,-2300,周波数,0,0,0,0,2023/01/20 17:05:04
月間,202301,策定,関門連系線,2023/02/10,昼間帯,順方向,110,110,0,0,0,0,110,周波数,0,0,0,0,2023/01/20 17:05:04
月間,202301,策定,関門連系線,2023/02/10,昼間帯,逆方向,-2540,-2540,0,0,0,0,-2540,周波数,0,0,0,0,2023/01/20 17:05:04
月間,202301,策定,関門連系線,2023/02/10,夜間帯,順方向,430,430,0,0,0,0,430,周波数,0,0,0,0,2023/01/20 17:05:04
月間,202301,策定,関門連系線,2023/02/10,夜間帯,逆方向,-2300,-2300,0,0,0,0,-2300,周波数,0,0,0,0,2023/01/20 17:05:04
月間,202301,策定,関門連系線,2023/02/11,昼間帯,順方向,50,50,0,0,0,0,50,周波数,0,0,0,0,2023/01/20 17:05:04
月間,202301,策定,関門連系線,2023/02/11,昼間帯,逆方向,-2100,-2100,0,0,0,0,-2100,周波数,0,0,0,0,2023/01/20 17:05:04
月間,202301,策定,関門連系線,2023/02/11,夜間帯,順方向,400,400,0,0,0,0,400,周波数,0,0,0,0,2023/01/20 17:05:04
月間,202301,策定,関門連系線,2023/02/11,夜間帯,逆方向,-2050,-2050,0,0,0,0,-2050,周波数,0,0,0,0,2023/01/20 17:05:04
月間,202301,策定,関門連系線,2023/02/12,昼間帯,順方向,50,50,0,0,0,0,50,周波数,0,0,0,0,2023/01/20 17:05:04
月間,202301,策定,関門連系線,2023/02/12,昼間帯,逆方向,-2100,-2100,0,0,0,0,-2100,周波数,0,0,0,0,2023/01/20 17:05:04
月間,202301,策定,関門連系線,2023/02/12,夜間帯,順方向,400,400,0,0,0,0,400,周波数,0,0,0,0,2023/01/20 17:05:04
月間,202301,策定,関門連系線,2023/02/12,夜間帯,逆方向,-2050,-2050,0,0,0,0,-2050,周波数,0,0,0,0,2023/01/20 17:05:04
月間,202301,策定,関門連系線,2023/02/13,昼間帯,順方向,110,110,0,0,0,0,110,周波数,0,0,0,0,2023/01/20 17:05:04
月間,202301,策定,関門連系線,2023/02/13,昼間帯,逆方向,-2540,-2540,0,0,0,0,-2540,周波数,0,0,0,0,2023/01/20 17:05:04
月間,202301,策定,関門連系線,2023/02/13,夜間帯,順方向,400,400,0,0,0,0,400,周波数,0,0,0,0,2023/01/20 17:05:04
月間,202301,策定,関門連系線,2023/02/13,夜間帯,逆方向,-2050,-2050,0,0,0,0,-2050,周波数,0,0,0,0,2023/01/20 17:05:04
月間,202301,策定,関門連系線,2023/02/14,昼間帯,順方向,110,110,0,0,0,0,110,周波数,0,0,0,0,2023/01/20 17:05:04
月間,202301,策定,関門連系線,2023/02/14,昼間帯,逆方向,-2540,-2540,0,0,0,0,-2540,周波数,0,0,0,0,2023/01/20 17:05:04
月間,202301,策定,関門連系線,2023/02/14,夜間帯,順方向,430,430,0,0,0,0,430,周波数,0,0,0,0,2023/01/20 17:05:04
月間,202301,策定,関門連系線,2023/02/14,夜間帯,逆方向,-2300,-2300,0,0,0,0,-2300,周波数,0,0,0,0,2023/01/20 17:05:04
月間,202301,策定,関門連系線,2023/02/15,昼間帯,順方向,110,110,0,0,0,0,110,周波数,0,0,0,0,2023/01/20 17:05:04
月間,202301,策定,関門連系線,2023/02/15,昼間帯,逆方向,-2540,-2540,0,0,0,0,-2540,周波数,0,0,0,0,2023/01/20 17:05:04
月間,202301,策定,関門連系線,2023/02/15,夜間帯,順方向,430,430,0,0,0,0,430,周波数,0,0,0,0,2023/01/20 17:05:04
月間,202301,策定,関門連系線,2023/02/15,夜間帯,逆方向,-2300,-2300,0,0,0,0,-2300,周波数,0,0,0,0,2023/01/20 17:05:04
月間,202301,策定,関門連系線,2023/02/16,昼間帯,順方向,110,110,0,0,0,0,110,周波数,0,0,0,0,2023/01/20 17:05:04
月間,202301,策定,関門連系線,2023/02/16,昼間帯,逆方向,-2540,-2540,0,0,0,0,-2540,周波数,0,0,0,0,2023/01/20 17:05:04
月間,202301,策定,関門連系線,2023/02/16,夜間帯,順方向,430,430,0,0,0,0,430,周波数,0,0,0,0,2023/01/20 17:05:04
月間,202301,策定,関門連系線,2023/02/16,夜間帯,逆方向,-2300,-2300,0,0,0,0,-2300,周波数,0,0,0,0,2023/01/20 17:05:04
月間,202301,策定,関門連系線,2023/02/17,昼間帯,順方向,110,110,0,0,0,0,110,周波数,0,0,0,0,2023/01/20 17:05:04
月間,202301,策定,関門連系線,2023/02/17,昼間帯,逆方向,-2540,-2540,0,0,0,0,-2540,周波数,0,0,0,0,2023/01/20 17:05:04
月間,202301,策定,関門連系線,2023/02/17,夜間帯,順方向,430,430,0,0,0,0,430,周波数,0,0,0,0,2023/01/20 17:05:04
月間,202301,策定,関門連系線,2023/02/17,夜間帯,逆方向,-2300,-2300,0,0,0,0,-2300,周波数,0,0,0,0,2023/01/20 17:05:04
月間,202301,策定,関門連系線,2023/02/18,昼間帯,順方向,50,50,0,0,0,0,50,周波数,0,0,0,0,2023/01/20 17:05:04
月間,202301,策定,関門連系線,2023/02/18,昼間帯,逆方向,-2100,-2100,0,0,0,0,-2100,周波数,0,0,0,0,2023/01/20 17:05:04
月間,202301,策定,関門連系線,2023/02/18,夜間帯,順方向,400,400,0,0,0,0,400,周波数,0,0,0,0,2023/01/20 17:05:04
月間,202301,策定,関門連系線,2023/02/18,夜間帯,逆方向,-2050,-2050,0,0,0,0,-2050,周波数,0,0,0,0,2023/01/20 17:05:04
月間,202301,策定,関門連系線,2023/02/19,昼間帯,順方向,50,50,0,0,0,0,50,周波数,0,0,0,0,2023/01/20 17:05:04
月間,202301,策定,関門連系線,2023/02/19,昼間帯,逆方向,-2100,-2100,0,0,0,0,-2100,周波数,0,0,0,0,2023/01/20 17:05:04
月間,202301,策定,関門連系線,2023/02/19,夜間帯,順方向,400,400,0,0,0,0,400,周波数,0,0,0,0,2023/01/20 17:05:04
月間,202301,策定,関門連系線,2023/02/19,夜間帯,逆方向,-2050,-2050,0,0,0,0,-2050,周波数,0,0,0,0,2023/01/20 17:05:04
月間,202301,策定,関門連系線,2023/02/20,昼間帯,順方向,110,110,0,0,0,0,110,周波数,0,0,0,0,2023/01/20 17:05:04
月間,202301,策定,関門連系線,2023/02/20,昼間帯,逆方向,-2540,-2540,0,0,0,0,-2540,周波数,0,0,0,0,2023/01/20 17:05:04
月間,202301,策定,関門連系線,2023/02/20,夜間帯,順方向,400,400,0,0,0,0,400,周波数,0,0,0,0,2023/01/20 17:05:04
月間,202301,策定,関門連系線,2023/02/20,夜間帯,逆方向,-2050,-2050,0,0,0,0,-2050,周波数,0,0,0,0,2023/01/20 17:05:04
月間,202301,策定,関門連系線,2023/02/21,昼間帯,順方向,110,110,0,0,0,0,110,周波数,0,0,0,0,2023/01/20 17:05:04
月間,202301,策定,関門連系線,2023/02/21,昼間帯,逆方向,-2540,-2540,0,0,0,0,-2540,周波数,0,0,0,0,2023/01/20 17:05:04
月間,202301,策定,関門連系線,2023/02/21,夜間帯,順方向,430,430,0,0,0,0,430,周波数,0,0,0,0,2023/01/20 17:05:04
月間,202301,策定,関門連系線,2023/02/21,夜間帯,逆方向,-2300,-2300,0,0,0,0,-2300,周波数,0,0,0,0,2023/01/20 17:05:04
月間,202301,策定,関門連系線,2023/02/22,昼間帯,順方向,110,110,0,0,0,0,110,周波数,0,0,0,0,2023/01/20 17:05:04
月間,202301,策定,関門連系線,2023/02/22,昼間帯,逆方向,-2540,-2540,0,0,0,0,-2540,周波数,0,0,0,0,2023/01/20 17:05:04
月間,202301,策定,関門連系線,2023/02/22,夜間帯,順方向,430,430,0,0,0,0,430,周波数,0,0,0,0,2023/01/20 17:05:04
月間,202301,策定,関門連系線,2023/02/22,夜間帯,逆方向,-2300,-2300,0,0,0,0,-2300,周波数,0,0,0,0,2023/01/20 17:05:04
月間,202301,策定,関門連系線,2023/02/23,昼間帯,順方向,50,50,0,0,0,0,50,周波数,0,0,0,0,2023/01/20 17:05:04
月間,202301,策定,関門連系線,2023/02/23,昼間帯,逆方向,-2100,-2100,0,0,0,0,-2100,周波数,0,0,0,0,2023/01/20 17:05:04
月間,202301,策定,関門連系線,2023/02/23,夜間帯,順方向,400,400,0,0,0,0,400,周波数,0,0,0,0,2023/01/20 17:05:04
月間,202301,策定,関門連系線,2023/02/23,夜間帯,逆方向,-2050,-2050,0,0,0,0,-2050,周波数,0,0,0,0,2023/01/20 17:05:04
月間,202301,策定,関門連系線,2023/02/24,昼間帯,順方向,110,110,0,0,0,0,110,周波数,0,0,0,0,2023/01/20 17:05:04
月間,202301,策定,関門連系線,2023/02/24,昼間帯,逆方向,-2540,-2540,0,0,0,0,-2540,周波数,0,0,0,0,2023/01/20 17:05:04
月間,202301,策定,関門連系線,2023/02/24,夜間帯,順方向,400,400,0,0,0,0,400,周波数,0,0,0,0,2023/01/20 17:05:04
月間,202301,策定,関門連系線,2023/02/24,夜間帯,逆方向,-2050,-2050,0,0,0,0,-2050,周波数,0,0,0,0,2023/01/20 17:05:04
月間,202301,策定,関門連系線,2023/02/25,昼間帯,順方向,50,50,0,0,0,0,50,周波数,0,0,0,0,2023/01/20 17:05:04
月間,202301,策定,関門連系線,2023/02/25,昼間帯,逆方向,-2100,-2100,0,0,0,0,-2100,周波数,0,0,0,0,2023/01/20 17:05:04
月間,202301,策定,関門連系線,2023/02/25,夜間帯,順方向,400,400,0,0,0,0,400,周波数,0,0,0,0,2023/01/20 17:05:04
月間,202301,策定,関門連系線,2023/02/25,夜間帯,逆方向,-2050,-2050,0,0,0,0,-2050,周波数,0,0,0,0,2023/01/20 17:05:04
月間,202301,策定,関門連系線,2023/02/26,昼間帯,順方向,50,50,0,0,0,0,50,周波数,0,0,0,0,2023/01/20 17:05:04
月間,202301,策定,関門連系線,2023/02/26,昼間帯,逆方向,-2100,-2100,0,0,0,0,-2100,周波数,0,0,0,0,2023/01/20 17:05:04
月間,202301,策定,関門連系線,2023/02/26,夜間帯,順方向,400,400,0,0,0,0,400,周波数,0,0,0,0,2023/01/20 17:05:04
月間,202301,策定,関門連系線,2023/02/26,夜間帯,逆方向,-2050,-2050,0,0,0,0,-2050,周波数,0,0,0,0,2023/01/20 17:05:04
月間,202301,策定,関門連系線,2023/02/27,昼間帯,順方向,110,110,0,0,0,0,110,周波数,0,0,0,0,2023/01/20 17:05:04
月間,202301,策定,関門連系線,2023/02/27,昼間帯,逆方向,-2540,-2540,0,0,0,0,-2540,周波数,0,0,0,0,2023/01/20 17:05:04
月間,202301,策定,関門連系線,2023/02/27,夜間帯,順方向,400,400,0,0,0,0,400,周波数,0,0,0,0,2023/01/20 17:05:04
月間,202301,策定,関門連系線,2023/02/27,夜間帯,逆方向,-2050,-2050,0,0,0,0,-2050,周波数,0,0,0,0,2023/01/20 17:05:04
月間,202301,策定,関門連系線,2023/02/28,昼間帯,順方向,110,110,0,0,0,0,110,周波数,0,0,0,0,2023/01/20 17:05:04
月間,202301,策定,関門連系線,2023/02/28,昼間帯,逆方向,-2540,-2540,0,0,0,0,-2540,周波数,0,0,0,0,2023/01/20 17:05:04
月間,202301,策定,関門連系線,2023/02/28,夜間帯,順方向,430,430,0,0,0,0,430,周波数,0,0,0,0,2023/01/20 17:05:04
月間,202301,策定,関門連系線,2023/02/28,夜間帯,逆方向,-2300,-2300,0,0,0,0,-2300,周波数,0,0,0,0,2023/01/20 17:05:04
月間,202212,策定,北陸フェンス,2023/02/01,昼間帯,順方向,1090,1600,0,510,0,0,1600,周波数,0,0,0,0,2022/12/20 17:05:05
月間,202212,策定,北陸フェンス,2023/02/01,昼間帯,逆方向,-1900,-1900,0,0,0,0,-1900,安定度,0,0,0,0,2022/12/20 17:05:05
月間,202212,策定,北陸フェンス,2023/02/01,夜間帯,順方向,900,900,0,0,0,0,900,周波数,0,0,0,0,2022/12/20 17:05:05
月間,202212,策定,北陸フェンス,2023/02/01,夜間帯,逆方向,-1900,-1900,0,0,0,0,-1900,安定度,0,0,0,0,2022/12/20 17:05:05
月間,202212,策定,北陸フェンス,2023/02/02,昼間帯,順方向,1090,1600,0,510,0,0,1600,周波数,0,0,0,0,2022/12/20 17:05:05
月間,202212,策定,北陸フェンス,2023/02/02,昼間帯,逆方向,-1900,-1900,0,0,0,0,-1900,安定度,0,0,0,0,2022/12/20 17:05:05
月間,202212,策定,北陸フェンス,2023/02/02,夜間帯,順方向,900,900,0,0,0,0,900,周波数,0,0,0,0,2022/12/20 17:05:05
月間,202212,策定,北陸フェンス,2023/02/02,夜間帯,逆方向,-1900,-1900,0,0,0,0,-1900,安定度,0,0,0,0,2022/12/20 17:05:05
月間,202212,策定,北陸フェンス,2023/02/03,昼間帯,順方向,1090,1600,0,510,0,0,1600,周波数,0,0,0,0,2022/12/20 17:05:05
月間,202212,策定,北陸フェンス,2023/02/03,昼間帯,逆方向,-1900,-1900,0,0,0,0,-1900,安定度,0,0,0,0,2022/12/20 17:05:05
月間,202212,策定,北陸フェンス,2023/02/03,夜間帯,順方向,900,900,0,0,0,0,900,周波数,0,0,0,0,2022/12/20 17:05:05
月間,202212,策定,北陸フェンス,2023/02/03,夜間帯,逆方向,-1900,-1900,0,0,0,0,-1900,安定度,0,0,0,0,2022/12/20 17:05:05
月間,202212,策定,北陸フェンス,2023/02/04,昼間帯,順方向,900,900,0,0,0,0,900,周波数,0,0,0,0,2022/12/20 17:05:05
月間,202212,策定,北陸フェンス,2023/02/04,昼間帯,逆方向,-1740,-1740,0,0,0,0,-1740,周波数,0,0,0,0,2022/12/20 17:05:05
月間,202212,策定,北陸フェンス,2023/02/04,夜間帯,順方向,900,900,0,0,0,0,900,周波数,0,0,0,0,2022/12/20 17:05:05
月間,202212,策定,北陸フェンス,2023/02/04,夜間帯,逆方向,-1900,-1900,0,0,0,0,-1900,安定度,0,0,0,0,2022/12/20 17:05:05
月間,202212,策定,北陸フェンス,2023/02/05,昼間帯,順方向,900,900,0,0,0,0,900,周波数,0,0,0,0,2022/12/20 17:05:05
月間,202212,策定,北陸フェンス,2023/02/05,昼間帯,逆方向,-1740,-1740,0,0,0,0,-1740,周波数,0,0,0,0,2022/12/20 17:05:05
月間,202212,策定,北陸フェンス,2023/02/05,夜間帯,順方向,900,900,0,0,0,0,900,周波数,0,0,0,0,2022/12/20 17:05:05
月間,202212,策定,北陸フェンス,2023/02/05,夜間帯,逆方向,-1900,-1900,0,0,0,0,-1900,安定度,0,0,0,0,2022/12/20 17:05:05
月間,202212,策定,北陸フェンス,2023/02/06,昼間帯,順方向,1090,1600,0,510,0,0,1600,周波数,0,0,0,0,2022/12/20 17:05:05
月間,202212,策定,北陸フェンス,2023/02/06,昼間帯,逆方向,-1900,-1900,0,0,0,0,-1900,安定度,0,0,0,0,2022/12/20 17:05:05
月間,202212,策定,北陸フェンス,2023/02/06,夜間帯,順方向,900,900,0,0,0,0,900,周波数,0,0,0,0,2022/12/20 17:05:05
月間,202212,策定,北陸フェンス,2023/02/06,夜間帯,逆方向,-1900,-1900,0,0,0,0,-1900,安定度,0,0,0,0,2022/12/20 17:05:05
月間,202212,策定,北陸フェンス,2023/02/07,昼間帯,順方向,1090,1600,0,510,0,0,1600,周波数,0,0,0,0,2022/12/20 17:05:05
月間,202212,策定,北陸フェンス,2023/02/07,昼間帯,逆方向,-1900,-1900,0,0,0,0,-1900,安定度,0,0,0,0,2022/12/20 17:05:05
月間,202212,策定,北陸フェンス,2023/02/07,夜間帯,順方向,900,900,0,0,0,0,900,周波数,0,0,0,0,2022/12/20 17:05:05
月間,202212,策定,北陸フェンス,2023/02/07,夜間帯,逆方向,-1900,-1900,0,0,0,0,-1900,安定度,0,0,0,0,2022/12/20 17:05:05
月間,202212,策定,北陸フェンス,2023/02/08,昼間帯,順方向,1090,1600,0,510,0,0,1600,周波数,0,0,0,0,2022/12/20 17:05:05
月間,202212,策定,北陸フェンス,2023/02/08,昼間帯,逆方向,-1900,-1900,0,0,0,0,-1900,安定度,0,0,0,0,2022/12/20 17:05:05
月間,202212,策定,北陸フェンス,2023/02/08,夜間帯,順方向,900,900,0,0,0,0,900,周波数,0,0,0,0,2022/12/20 17:05:05
月間,202212,策定,北陸フェンス,2023/02/08,夜間帯,逆方向,-1900,-1900,0,0,0,0,-1900,安定度,0,0,0,0,2022/12/20 17:05:05
月間,202212,策定,北陸フェンス,2023/02/09,昼間帯,順方向,1090,1600,0,510,0,0,1600,周波数,0,0,0,0,2022/12/20 17:05:05
月間,202212,策定,北陸フェンス,2023/02/09,昼間帯,逆方向,-1900,-1900,0,0,0,0,-1900,安定度,0,0,0,0,2022/12/20 17:05:05
月間,202212,策定,北陸フェンス,2023/02/09,夜間帯,順方向,900,900,0,0,0,0,900,周波数,0,0,0,0,2022/12/20 17:05:05
月間,202212,策定,北陸フェンス,2023/02/09,夜間帯,逆方向,-1900,-1900,0,0,0,0,-1900,安定度,0,0,0,0,2022/12/20 17:05:05
月間,202212,策定,北陸フェンス,2023/02/10,昼間帯,順方向,1090,1600,0,510,0,0,1600,周波数,0,0,0,0,2022/12/20 17:05:05
月間,202212,策定,北陸フェンス,2023/02/10,昼間帯,逆方向,-1900,-1900,0,0,0,0,-1900,安定度,0,0,0,0,2022/12/20 17:05:05
月間,202212,策定,北陸フェンス,2023/02/10,夜間帯,順方向,900,900,0,0,0,0,900,周波数,0,0,0,0,2022/12/20 17:05:05
月間,202212,策定,北陸フェンス,2023/02/10,夜間帯,逆方向,-1900,-1900,0,0,0,0,-1900,安定度,0,0,0,0,2022/12/20 17:05:05
月間,202212,策定,北陸フェンス,2023/02/11,昼間帯,順方向,900,900,0,0,0,0,900,周波数,0,0,0,0,2022/12/20 17:05:05
月間,202212,策定,北陸フェンス,2023/02/11,昼間帯,逆方向,-1740,-1740,0,0,0,0,-1740,周波数,0,0,0,0,2022/12/20 17:05:05
月間,202212,策定,北陸フェンス,2023/02/11,夜間帯,順方向,900,900,0,0,0,0,900,周波数,0,0,0,0,2022/12/20 17:05:05
月間,202212,策定,北陸フェンス,2023/02/11,夜間帯,逆方向,-1900,-1900,0,0,0,0,-1900,安定度,0,0,0,0,2022/12/20 17:05:05
月間,202212,策定,北陸フェンス,2023/02/12,昼間帯,順方向,900,900,0,0,0,0,900,周波数,0,0,0,0,2022/12/20 17:05:05
月間,202212,策定,北陸フェンス,2023/02/12,昼間帯,逆方向,-1740,-1740,0,0,0,0,-1740,周波数,0,0,0,0,2022/12/20 17:05:05
月間,202212,策定,北陸フェンス,2023/02/12,夜間帯,順方向,900,900,0,0,0,0,900,周波数,0,0,0,0,2022/12/20 17:05:05
月間,202212,策定,北陸フェンス,2023/02/12,夜間帯,逆方向,-1900,-1900,0,0,0,0,-1900,安定度,0,0,0,0,2022/12/20 17:05:05
月間,202212,策定,北陸フェンス,2023/02/13,昼間帯,順方向,1090,1600,0,510,0,0,1600,周波数,0,0,0,0,2022/12/20 17:05:05
月間,202212,策定,北陸フェンス,2023/02/13,昼間帯,逆方向,-1900,-1900,0,0,0,0,-1900,安定度,0,0,0,0,2022/12/20 17:05:05
月間,202212,策定,北陸フェンス,2023/02/13,夜間帯,順方向,900,900,0,0,0,0,900,周波数,0,0,0,0,2022/12/20 17:05:05
月間,202212,策定,北陸フェンス,2023/02/13,夜間帯,逆方向,-1900,-1900,0,0,0,0,-1900,安定度,0,0,0,0,2022/12/20 17:05:05
月間,202212,策定,北陸フェンス,2023/02/14,昼間帯,順方向,1090,1600,0,510,0,0,1600,周波数,0,0,0,0,2022/12/20 17:05:05
月間,202212,策定,北陸フェンス,2023/02/14,昼間帯,逆方向,-1900,-1900,0,0,0,0,-1900,安定度,0,0,0,0,2022/12/20 17:05:05
月間,202212,策定,北陸フェンス,2023/02/14,夜間帯,順方向,900,900,0,0,0,0,900,周波数,0,0,0,0,2022/12/20 17:05:05
月間,202212,策定,北陸フェンス,2023/02/14,夜間帯,逆方向,-1900,-1900,0,0,0,0,-1900,安定度,0,0,0,0,2022/12/20 17:05:05
月間,202212,策定,北陸フェンス,2023/02/15,昼間帯,順方向,1090,1600,0,510,0,0,1600,周波数,0,0,0,0,2022/12/20 17:05:05
月間,202212,策定,北陸フェンス,2023/02/15,昼間帯,逆方向,-1900,-1900,0,0,0,0,-1900,安定度,0,0,0,0,2022/12/20 17:05:05
月間,202212,策定,北陸フェンス,2023/02/15,夜間帯,順方向,900,900,0,0,0,0,900,周波数,0,0,0,0,2022/12/20 17:05:05
月間,202212,策定,北陸フェンス,2023/02/15,夜間帯,逆方向,-1900,-1900,0,0,0,0,-1900,安定度,0,0,0,0,2022/12/20 17:05:05
月間,202212,策定,北陸フェンス,2023/02/16,昼間帯,順方向,1090,1600,0,510,0,0,1600,周波数,0,0,0,0,2022/12/20 17:05:05
月間,202212,策定,北陸フェンス,2023/02/16,昼間帯,逆方向,-1900,-1900,0,0,0,0,-1900,安定度,0,0,0,0,2022/12/20 17:05:05
月間,202212,策定,北陸フェンス,2023/02/16,夜間帯,順方向,900,900,0,0,0,0,900,周波数,0,0,0,0,2022/12/20 17:05:05
月間,202212,策定,北陸フェンス,2023/02/16,夜間帯,逆方向,-1900,-1900,0,0,0,0,-1900,安定度,0,0,0,0,2022/12/20 17:05:05
月間,202212,策定,北陸フェンス,2023/02/17,昼間帯,順方向,1090,1600,0,510,0,0,1600,周波数,0,0,0,0,2022/12/20 17:05:05
月間,202212,策定,北陸フェンス,2023/02/17,昼間帯,逆方向,-1900,-1900,0,0,0,0,-1900,安定度,0,0,0,0,2022/12/20 17:05:05
月間,202212,策定,北陸フェンス,2023/02/17,夜間帯,順方向,900,900,0,0,0,0,900,周波数,0,0,0,0,2022/12/20 17:05:05
月間,202212,策定,北陸フェンス,2023/02/17,夜間帯,逆方向,-1900,-1900,0,0,0,0,-1900,安定度,0,0,0,0,2022/12/20 17:05:05
月間,202212,策定,北陸フェンス,2023/02/18,昼間帯,順方向,900,900,0,0,0,0,900,周波数,0,0,0,0,2022/12/20 17:05:05
月間,202212,策定,北陸フェンス,2023/02/18,昼間帯,逆方向,-1740,-1740,0,0,0,0,-1740,周波数,0,0,0,0,2022/12/20 17:05:05
月間,202212,策定,北陸フェンス,2023/02/18,夜間帯,順方向,900,900,0,0,0,0,900,周波数,0,0,0,0,2022/12/20 17:05:05
月間,202212,策定,北陸フェンス,2023/02/18,夜間帯,逆方向,-1900,-1900,0,0,0,0,-1900,安定度,0,0,0,0,2022/12/20 17:05:05
月間,202212,策定,北陸フェンス,2023/02/19,昼間帯,順方向,900,900,0,0,0,0,900,周波数,0,0,0,0,2022/12/20 17:05:05
月間,202212,策定,北陸フェンス,2023/02/19,昼間帯,逆方向,-1740,-1740,0,0,0,0,-1740,周波数,0,0,0,0,2022/12/20 17:05:05
月間,202212,策定,北陸フェンス,2023/02/19,夜間帯,順方向,900,900,0,0,0,0,900,周波数,0,0,0,0,2022/12/20 17:05:05
月間,202212,策定,北陸フェンス,2023/02/19,夜間帯,逆方向,-1900,-1900,0,0,0,0,-1900,安定度,0,0,0,0,2022/12/20 17:05:05
月間,202212,策定,北陸フェンス,2023/02/20,昼間帯,順方向,1090,1600,0,510,0,0,1600,周波数,0,0,0,0,2022/12/20 17:05:05
月間,202212,策定,北陸フェンス,2023/02/20,昼間帯,逆方向,-1900,-1900,0,0,0,0,-1900,安定度,0,0,0,0,2022/12/20 17:05:05
月間,202212,策定,北陸フェンス,2023/02/20,夜間帯,順方向,900,900,0,0,0,0,900,周波数,0,0,0,0,2022/12/20 17:05:05
月間,202212,策定,北陸フェンス,2023/02/20,夜間帯,逆方向,-1900,-1900,0,0,0,0,-1900,安定度,0,0,0,0,2022/12/20 17:05:05
月間,202212,策定,北陸フェンス,2023/02/21,昼間帯,順方向,1090,1600,0,510,0,0,1600,周波数,0,0,0,0,2022/12/20 17:05:05
月間,202212,策定,北陸フェンス,2023/02/21,昼間帯,逆方向,-1900,-1900,0,0,0,0,-1900,安定度,0,0,0,0,2022/12/20 17:05:05
月間,202212,策定,北陸フェンス,2023/02/21,夜間帯,順方向,900,900,0,0,0,0,900,周波数,0,0,0,0,2022/12/20 17:05:05
月間,202212,策定,北陸フェンス,2023/02/21,夜間帯,逆方向,-1900,-1900,0,0,0,0,-1900,安定度,0,0,0,0,2022/12/20 17:05:05
月間,202212,策定,北陸フェンス,2023/02/22,昼間帯,順方向,1090,1600,0,510,0,0,1600,周波数,0,0,0,0,2022/12/20 17:05:05
月間,202212,策定,北陸フェンス,2023/02/22,昼間帯,逆方向,-1900,-1900,0,0,0,0,-1900,安定度,0,0,0,0,2022/12/20 17:05:05
月間,202212,策定,北陸フェンス,2023/02/22,夜間帯,順方向,900,900,0,0,0,0,900,周波数,0,0,0,0,2022/12/20 17:05:05
月間,202212,策定,北陸フェンス,2023/02/22,夜間帯,逆方向,-1900,-1900,0,0,0,0,-1900,安定度,0,0,0,0,2022/12/20 17:05:05
月間,202212,策定,北陸フェンス,2023/02/23,昼間帯,順方向,900,900,0,0,0,0,900,周波数,0,0,0,0,2022/12/20 17:05:05
月間,202212,策定,北陸フェンス,2023/02/23,昼間帯,逆方向,-1740,-1740,0,0,0,0,-1740,周波数,0,0,0,0,2022/12/20 17:05:05
月間,202212,策定,北陸フェンス,2023/02/23,夜間帯,順方向,900,900,0,0,0,0,900,周波数,0,0,0,0,2022/12/20 17:05:05
月間,202212,策定,北陸フェンス,2023/02/23,夜間帯,逆方向,-1900,-1900,0,0,0,0,-1900,安定度,0,0,0,0,2022/12/20 17:05:05
月間,202212,策定,北陸フェンス,2023/02/24,昼間帯,順方向,1090,1600,0,510,0,0,1600,周波数,0,0,0,0,2022/12/20 17:05:05
月間,202212,策定,北陸フェンス,2023/02/24,昼間帯,逆方向,-1900,-1900,0,0,0,0,-1900,安定度,0,0,0,0,2022/12/20 17:05:05
月間,202212,策定,北陸フェンス,2023/02/24,夜間帯,順方向,900,900,0,0,0,0,900,周波数,0,0,0,0,2022/12/20 17:05:05
月間,202212,策定,北陸フェンス,2023/02/24,夜間帯,逆方向,-1900,-1900,0,0,0,0,-1900,安定度,0,0,0,0,2022/12/20 17:05:05
月間,202212,策定,北陸フェンス,2023/02/25,昼間帯,順方向,900,900,0,0,0,0,900,周波数,0,0,0,0,2022/12/20 17:05:05
月間,202212,策定,北陸フェンス,2023/02/25,昼間帯,逆方向,-1740,-1740,0,0,0,0,-1740,周波数,0,0,0,0,2022/12/20 17:05:05
月間,202212,策定,北陸フェンス,2023/02/25,夜間帯,順方向,900,900,0,0,0,0,900,周波数,0,0,0,0,2022/12/20 17:05:05
月間,202212,策定,北陸フェンス,2023/02/25,夜間帯,逆方向,-1900,-1900,0,0,0,0,-1900,安定度,0,0,0,0,2022/12/20 17:05:05
月間,202212,策定,北陸フェンス,2023/02/26,昼間帯,順方向,900,900,0,0,0,0,900,周波数,0,0,0,0,2022/12/20 17:05:05
月間,202212,策定,北陸フェンス,2023/02/26,昼間帯,逆方向,-1740,-1740,0,0,0,0,-1740,周波数,0,0,0,0,2022/12/20 17:05:05
月間,202212,策定,北陸フェンス,2023/02/26,夜間帯,順方向,900,900,0,0,0,0,900,周波数,0,0,0,0,2022/12/20 17:05:05
月間,202212,策定,北陸フェンス,2023/02/26,夜間帯,逆方向,-1900,-1900,0,0,0,0,-1900,安定度,0,0,0,0,2022/12/20 17:05:05
月間,202212,策定,北陸フェンス,2023/02/27,昼間帯,順方向,1090,1600,0,510,0,0,1600,周波数,0,0,0,0,2022/12/20 17:05:05
月間,202212,策定,北陸フェンス,2023/02/27,昼間帯,逆方向,-1900,-1900,0,0,0,0,-1900,安定度,0,0,0,0,2022/12/20 17:05:05
月間,202212,策定,北陸フェンス,2023/02/27,夜間帯,順方向,900,900,0,0,0,0,900,周波数,0,0,0,0,2022/12/20 17:05:05
月間,202212,策定,北陸フェンス,2023/02/27,夜間帯,逆方向,-1900,-1900,0,0,0,0,-1900,安定度,0,0,0,0,2022/12/20 17:05:05
月間,202212,策定,北陸フェンス,2023/02/28,昼間帯,順方向,1090,1600,0,510,0,0,1600,周波数,0,0,0,0,2022/12/20 17:05:05
月間,202212,策定,北陸フェンス,2023/02/28,昼間帯,逆方向,-1900,-1900,0,0,0,0,-1900,安定度,0,0,0,0,2022/12/20 17:05:05
月間,202212,策定,北陸フェンス,2023/02/28,夜間帯,順方向,900,900,0,0,0,0,900,周波数,0,0,0,0,2022/12/20 17:05:05
月間,202212,策定,北陸フェンス,2023/02/28,夜間帯,逆方向,-1900,-1900,0,0,0,0,-1900,安定度,0,0,0,0,2022/12/20 17:05:05
月間,202301,策定,北陸フェンス,2023/02/04,昼間帯,順方向,900,900,0,0,0,0,900,周波数,0,0,0,0,2023/01/20 17:05:04
月間,202301,策定,北陸フェンス,2023/02/04,昼間帯,逆方向,-1740,-1740,0,0,0,0,-1740,周波数,0,0,0,0,2023/01/20 17:05:04
月間,202301,策定,北陸フェンス,2023/02/04,夜間帯,順方向,900,900,0,0,0,0,900,周波数,0,0,0,0,2023/01/20 17:05:04
月間,202301,策定,北陸フェンス,2023/02/04,夜間帯,逆方向,-1900,-1900,0,0,0,0,-1900,安定度,0,0,0,0,2023/01/20 17:05:04
月間,202301,策定,北陸フェンス,2023/02/05,昼間帯,順方向,900,900,0,0,0,0,900,周波数,0,0,0,0,2023/01/20 17:05:04
月間,202301,策定,北陸フェンス,2023/02/05,昼間帯,逆方向,-1740,-1740,0,0,0,0,-1740,周波数,0,0,0,0,2023/01/20 17:05:04
月間,202301,策定,北陸フェンス,2023/02/05,夜間帯,順方向,900,900,0,0,0,0,900,周波数,0,0,0,0,2023/01/20 17:05:04
月間,202301,策定,北陸フェンス,2023/02/05,夜間帯,逆方向,-1900,-1900,0,0,0,0,-1900,安定度,0,0,0,0,2023/01/20 17:05:04
月間,202301,策定,北陸フェンス,2023/02/06,昼間帯,順方向,1090,1600,0,510,0,0,1600,周波数,0,0,0,0,2023/01/20 17:05:04
月間,202301,策定,北陸フェンス,2023/02/06,昼間帯,逆方向,-1900,-1900,0,0,0,0,-1900,安定度,0,0,0,0,2023/01/20 17:05:04
月間,202301,策定,北陸フェンス,2023/02/06,夜間帯,順方向,900,900,0,0,0,0,900,周波数,0,0,0,0,2023/01/20 17:05:04
月間,202301,策定,北陸フェンス,2023/02/06,夜間帯,逆方向,-1900,-1900,0,0,0,0,-1900,安定度,0,0,0,0,2023/01/20 17:05:04
月間,202301,策定,北陸フェンス,2023/02/07,昼間帯,順方向,1090,1600,0,510,0,0,1600,周波数,0,0,0,0,2023/01/20 17:05:04
月間,202301,策定,北陸フェンス,2023/02/07,昼間帯,逆方向,-1900,-1900,0,0,0,0,-1900,安定度,0,0,0,0,2023/01/20 17:05:04
月間,202301,策定,北陸フェンス,2023/02/07,夜間帯,順方向,900,900,0,0,0,0,900,周波数,0,0,0,0,2023/01/20 17:05:04
月間,202301,策定,北陸フェンス,2023/02/07,夜間帯,逆方向,-1900,-1900,0,0,0,0,-1900,安定度,0,0,0,0,2023/01/20 17:05:04
月間,202301,策定,北陸フェンス,2023/02/08,昼間帯,順方向,1090,1600,0,510,0,0,1600,周波数,0,0,0,0,2023/01/20 17:05:04
月間,202301,策定,北陸フェンス,2023/02/08,昼間帯,逆方向,-1900,-1900,0,0,0,0,-1900,安定度,0,0,0,0,2023/01/20 17:05:04
月間,202301,策定,北陸フェンス,2023/02/08,夜間帯,順方向,900,900,0,0,0,0,900,周波数,0,0,0,0,2023/01/20 17:05:04
月間,202301,策定,北陸フェンス,2023/02/08,夜間帯,逆方向,-1900,-1900,0,0,0,0,-1900,安定度,0,0,0,0,2023/01/20 17:05:04
月間,202301,策定,北陸フェンス,2023/02/09,昼間帯,順方向,1090,1600,0,510,0,0,1600,周波数,0,0,0,0,2023/01/20 17:05:04
月間,202301,策定,北陸フェンス,2023/02/09,昼間帯,逆方向,-1900,-1900,0,0,0,0,-1900,安定度,0,0,0,0,2023/01/20 17:05:04
月間,202301,策定,北陸フェンス,2023/02/09,夜間帯,順方向,900,900,0,0,0,0,900,周波数,0,0,0,0,2023/01/20 17:05:04
月間,202301,策定,北陸フェンス,2023/02/09,夜間帯,逆方向,-1900,-1900,0,0,0,0,-1900,安定度,0,0,0,0,2023/01/20 17:05:04
月間,202301,策定,北陸フェンス,2023/02/10,昼間帯,順方向,1090,1600,0,510,0,0,1600,周波数,0,0,0,0,2023/01/20 17:05:04
月間,202301,策定,北陸フェンス,2023/02/10,昼間帯,逆方向,-1900,-1900,0,0,0,0,-1900,安定度,0,0,0,0,2023/01/20 17:05:04
月間,202301,策定,北陸フェンス,2023/02/10,夜間帯,順方向,900,900,0,0,0,0,900,周波数,0,0,0,0,2023/01/20 17:05:04
月間,202301,策定,北陸フェンス,2023/02/10,夜間帯,逆方向,-1900,-1900,0,0,0,0,-1900,安定度,0,0,0,0,2023/01/20 17:05:04
月間,202301,策定,北陸フェンス,2023/02/11,昼間帯,順方向,900,900,0,0,0,0,900,周波数,0,0,0,0,2023/01/20 17:05:04
月間,202301,策定,北陸フェンス,2023/02/11,昼間帯,逆方向,-1740,-1740,0,0,0,0,-1740,周波数,0,0,0,0,2023/01/20 17:05:04
月間,202301,策定,北陸フェンス,2023/02/11,夜間帯,順方向,900,900,0,0,0,0,900,周波数,0,0,0,0,2023/01/20 17:05:04
月間,202301,策定,北陸フェンス,2023/02/11,夜間帯,逆方向,-1900,-1900,0,0,0,0,-1900,安定度,0,0,0,0,2023/01/20 17:05:04
月間,202301,策定,北陸フェンス,2023/02/12,昼間帯,順方向,900,900,0,0,0,0,900,周波数,0,0,0,0,2023/01/20 17:05:04
月間,202301,策定,北陸フェンス,2023/02/12,昼間帯,逆方向,-1740,-1740,0,0,0,0,-1740,周波数,0,0,0,0,2023/01/20 17:05:04
月間,202301,策定,北陸フェンス,2023/02/12,夜間帯,順方向,900,900,0,0,0,0,900,周波数,0,0,0,0,2023/01/20 17:05:04
月間,202301,策定,北陸フェンス,2023/02/12,夜間帯,逆方向,-1900,-1900,0,0,0,0,-1900,安定度,0,0,0,0,2023/01/20 17:05:04
月間,202301,策定,北陸フェンス,2023/02/13,昼間帯,順方向,1090,1600,0,510,0,0,1600,周波数,0,0,0,0,2023/01/20 17:05:04
月間,202301,策定,北陸フェンス,2023/02/13,昼間帯,逆方向,-1900,-1900,0,0,0,0,-1900,安定度,0,0,0,0,2023/01/20 17:05:04
月間,202301,策定,北陸フェンス,2023/02/13,夜間帯,順方向,900,900,0,0,0,0,900,周波数,0,0,0,0,2023/01/20 17:05:04
月間,202301,策定,北陸フェンス,2023/02/13,夜間帯,逆方向,-1900,-1900,0,0,0,0,-1900,安定度,0,0,0,0,2023/01/20 17:05:04
月間,202301,策定,北陸フェンス,2023/02/14,昼間帯,順方向,1090,1600,0,510,0,0,1600,周波数,0,0,0,0,2023/01/20 17:05:04
月間,202301,策定,北陸フェンス,2023/02/14,昼間帯,逆方向,-1900,-1900,0,0,0,0,-1900,安定度,0,0,0,0,2023/01/20 17:05:04
月間,202301,策定,北陸フェンス,2023/02/14,夜間帯,順方向,900,900,0,0,0,0,900,周波数,0,0,0,0,2023/01/20 17:05:04
月間,202301,策定,北陸フェンス,2023/02/14,夜間帯,逆方向,-1900,-1900,0,0,0,0,-1900,安定度,0,0,0,0,2023/01/20 17:05:04
月間,202301,策定,北陸フェンス,2023/02/15,昼間帯,順方向,1090,1600,0,510,0,0,1600,周波数,0,0,0,0,2023/01/20 17:05:04
月間,202301,策定,北陸フェンス,2023/02/15,昼間帯,逆方向,-1900,-1900,0,0,0,0,-1900,安定度,0,0,0,0,2023/01/20 17:05:04
月間,202301,策定,北陸フェンス,2023/02/15,夜間帯,順方向,900,900,0,0,0,0,900,周波数,0,0,0,0,2023/01/20 17:05:04
月間,202301,策定,北陸フェンス,2023/02/15,夜間帯,逆方向,-1900,-1900,0,0,0,0,-1900,安定度,0,0,0,0,2023/01/20 17:05:04
月間,202301,策定,北陸フェンス,2023/02/16,昼間帯,順方向,1090,1600,0,510,0,0,1600,周波数,0,0,0,0,2023/01/20 17:05:04
月間,202301,策定,北陸フェンス,2023/02/16,昼間帯,逆方向,-1900,-1900,0,0,0,0,-1900,安定度,0,0,0,0,2023/01/20 17:05:04
月間,202301,策定,北陸フェンス,2023/02/16,夜間帯,順方向,900,900,0,0,0,0,900,周波数,0,0,0,0,2023/01/20 17:05:04
月間,202301,策定,北陸フェンス,2023/02/16,夜間帯,逆方向,-1900,-1900,0,0,0,0,-1900,安定度,0,0,0,0,2023/01/20 17:05:04
月間,202301,策定,北陸フェンス,2023/02/17,昼間帯,順方向,1090,1600,0,510,0,0,1600,周波数,0,0,0,0,2023/01/20 17:05:04
月間,202301,策定,北陸フェンス,2023/02/17,昼間帯,逆方向,-1900,-1900,0,0,0,0,-1900,安定度,0,0,0,0,2023/01/20 17:05:04
月間,202301,策定,北陸フェンス,2023/02/17,夜間帯,順方向,900,900,0,0,0,0,900,周波数,0,0,0,0,2023/01/20 17:05:04
月間,202301,策定,北陸フェンス,2023/02/17,夜間帯,逆方向,-1900,-1900,0,0,0,0,-1900,安定度,0,0,0,0,2023/01/20 17:05:04
月間,202301,策定,北陸フェンス,2023/02/18,昼間帯,順方向,900,900,0,0,0,0,900,周波数,0,0,0,0,2023/01/20 17:05:04
月間,202301,策定,北陸フェンス,2023/02/18,昼間帯,逆方向,-1740,-1740,0,0,0,0,-1740,周波数,0,0,0,0,2023/01/20 17:05:04
月間,202301,策定,北陸フェンス,2023/02/18,夜間帯,順方向,900,900,0,0,0,0,900,周波数,0,0,0,0,2023/01/20 17:05:04
月間,202301,策定,北陸フェンス,2023/02/18,夜間帯,逆方向,-1900,-1900,0,0,0,0,-1900,安定度,0,0,0,0,2023/01/20 17:05:04
月間,202301,策定,北陸フェンス,2023/02/19,昼間帯,順方向,900,900,0,0,0,0,900,周波数,0,0,0,0,2023/01/20 17:05:04
月間,202301,策定,北陸フェンス,2023/02/19,昼間帯,逆方向,-1740,-1740,0,0,0,0,-1740,周波数,0,0,0,0,2023/01/20 17:05:04
月間,202301,策定,北陸フェンス,2023/02/19,夜間帯,順方向,900,900,0,0,0,0,900,周波数,0,0,0,0,2023/01/20 17:05:04
月間,202301,策定,北陸フェンス,2023/02/19,夜間帯,逆方向,-1900,-1900,0,0,0,0,-1900,安定度,0,0,0,0,2023/01/20 17:05:04
月間,202301,策定,北陸フェンス,2023/02/20,昼間帯,順方向,1090,1600,0,510,0,0,1600,周波数,0,0,0,0,2023/01/20 17:05:04
月間,202301,策定,北陸フェンス,2023/02/20,昼間帯,逆方向,-1900,-1900,0,0,0,0,-1900,安定度,0,0,0,0,2023/01/20 17:05:04
月間,202301,策定,北陸フェンス,2023/02/20,夜間帯,順方向,900,900,0,0,0,0,900,周波数,0,0,0,0,2023/01/20 17:05:04
月間,202301,策定,北陸フェンス,2023/02/20,夜間帯,逆方向,-1900,-1900,0,0,0,0,-1900,安定度,0,0,0,0,2023/01/20 17:05:04
月間,202301,策定,北陸フェンス,2023/02/21,昼間帯,順方向,1090,1600,0,510,0,0,1600,周波数,0,0,0,0,2023/01/20 17:05:04
月間,202301,策定,北陸フェンス,2023/02/21,昼間帯,逆方向,-1900,-1900,0,0,0,0,-1900,安定度,0,0,0,0,2023/01/20 17:05:04
月間,202301,策定,北陸フェンス,2023/02/21,夜間帯,順方向,900,900,0,0,0,0,900,周波数,0,0,0,0,2023/01/20 17:05:04
月間,202301,策定,北陸フェンス,2023/02/21,夜間帯,逆方向,-1900,-1900,0,0,0,0,-1900,安定度,0,0,0,0,2023/01/20 17:05:04
月間,202301,策定,北陸フェンス,2023/02/22,昼間帯,順方向,1090,1600,0,510,0,0,1600,周波数,0,0,0,0,2023/01/20 17:05:04
月間,202301,策定,北陸フェンス,2023/02/22,昼間帯,逆方向,-1900,-1900,0,0,0,0,-1900,安定度,0,0,0,0,2023/01/20 17:05:04
月間,202301,策定,北陸フェンス,2023/02/22,夜間帯,順方向,900,900,0,0,0,0,900,周波数,0,0,0,0,2023/01/20 17:05:04
月間,202301,策定,北陸フェンス,2023/02/22,夜間帯,逆方向,-1900,-1900,0,0,0,0,-1900,安定度,0,0,0,0,2023/01/20 17:05:04
月間,202301,策定,北陸フェンス,2023/02/23,昼間帯,順方向,900,900,0,0,0,0,900,周波数,0,0,0,0,2023/01/20 17:05:04
月間,202301,策定,北陸フェンス,2023/02/23,昼間帯,逆方向,-1740,-1740,0,0,0,0,-1740,周波数,0,0,0,0,2023/01/20 17:05:04
月間,202301,策定,北陸フェンス,2023/02/23,夜間帯,順方向,900,900,0,0,0,0,900,周波数,0,0,0,0,2023/01/20 17:05:04
月間,202301,策定,北陸フェンス,2023/02/23,夜間帯,逆方向,-1900,-1900,0,0,0,0,-1900,安定度,0,0,0,0,2023/01/20 17:05:04
月間,202301,策定,北陸フェンス,2023/02/24,昼間帯,順方向,1090,1600,0,510,0,0,1600,周波数,0,0,0,0,2023/01/20 17:05:04
月間,202301,策定,北陸フェンス,2023/02/24,昼間帯,逆方向,-1900,-1900,0,0,0,0,-1900,安定度,0,0,0,0,2023/01/20 17:05:04
月間,202301,策定,北陸フェンス,2023/02/24,夜間帯,順方向,900,900,0,0,0,0,900,周波数,0,0,0,0,2023/01/20 17:05:04
月間,202301,策定,北陸フェンス,2023/02/24,夜間帯,逆方向,-1900,-1900,0,0,0,0,-1900,安定度,0,0,0,0,2023/01/20 17:05:04
月間,202301,策定,北陸フェンス,2023/02/25,昼間帯,順方向,900,900,0,0,0,0,900,周波数,0,0,0,0,2023/01/20 17:05:04
月間,202301,策定,北陸フェンス,2023/02/25,昼間帯,逆方向,-1740,-1740,0,0,0,0,-1740,周波数,0,0,0,0,2023/01/20 17:05:04
月間,202301,策定,北陸フェンス,2023/02/25,夜間帯,順方向,900,900,0,0,0,0,900,周波数,0,0,0,0,2023/01/20 17:05:04
月間,202301,策定,北陸フェンス,2023/02/25,夜間帯,逆方向,-1900,-1900,0,0,0,0,-1900,安定度,0,0,0,0,2023/01/20 17:05:04
月間,202301,策定,北陸フェンス,2023/02/26,昼間帯,順方向,900,900,0,0,0,0,900,周波数,0,0,0,0,2023/01/20 17:05:04
月間,202301,策定,北陸フェンス,2023/02/26,昼間帯,逆方向,-1740,-1740,0,0,0,0,-1740,周波数,0,0,0,0,2023/01/20 17:05:04
月間,202301,策定,北陸フェンス,2023/02/26,夜間帯,順方向,900,900,0,0,0,0,900,周波数,0,0,0,0,2023/01/20 17:05:04
月間,202301,策定,北陸フェンス,2023/02/26,夜間帯,逆方向,-1900,-1900,0,0,0,0,-1900,安定度,0,0,0,0,2023/01/20 17:05:04
月間,202301,策定,北陸フェンス,2023/02/27,昼間帯,順方向,1090,1600,0,510,0,0,1600,周波数,0,0,0,0,2023/01/20 17:05:04
月間,202301,策定,北陸フェンス,2023/02/27,昼間帯,逆方向,-1900,-1900,0,0,0,0,-1900,安定度,0,0,0,0,2023/01/20 17:05:04
月間,202301,策定,北陸フェンス,2023/02/27,夜間帯,順方向,900,900,0,0,0,0,900,周波数,0,0,0,0,2023/01/20 17:05:04
月間,202301,策定,北陸フェンス,2023/02/27,夜間帯,逆方向,-1900,-1900,0,0,0,0,-1900,安定度,0,0,0,0,2023/01/20 17:05:04
月間,202301,策定,北陸フェンス,2023/02/28,昼間帯,順方向,1090,1600,0,510,0,0,1600,周波数,0,0,0,0,2023/01/20 17:05:04
月間,202301,策定,北陸フェンス,2023/02/28,昼間帯,逆方向,-1900,-1900,0,0,0,0,-1900,安定度,0,0,0,0,2023/01/20 17:05:04
月間,202301,策定,北陸フェンス,2023/02/28,夜間帯,順方向,900,900,0,0,0,0,900,周波数,0,0,0,0,2023/01/20 17:05:04
月間,202301,策定,北陸フェンス,2023/02/28,夜間帯,逆方向,-1900,-1900,0,0,0,0,-1900,安定度,0,0,0,0,2023/01/20 17:05:04
