対象断面,策定日,策定／更新後,連系線,年月日,時刻,方向,空容量,計画潮流,広域調整枠,マージン,運用容量,運用容量決定要因,運用容量拡大分空容量,運用容量拡大分計画潮流,運用容量拡大分運用容量,送電ＮＧ情報件数,送電ＮＧ情報延べ容量,最新更新年月日時刻
翌々日,20260102,策定,北海道・本州間電力連系設備,2026/01/04,00:30,順方向,600.0,0.0,0,0.0,600,熱容量（作業）,0,0,0,0,0,2026/01/02 15:00:03
翌々日,20260102,策定,北海道・本州間電力連系設備,2026/01/04,00:30,逆方向,-90.0,0.0,0,-510.0,-600,熱容量（作業）,0,0,0,0,0,2026/01/02 15:00:03
翌々日,20260102,策定,北海道・本州間電力連系設備,2026/01/04,01:00,順方向,600.0,0.0,0,0.0,600,熱容量（作業）,0,0,0,0,0,2026/01/02 15:00:03
翌々日,20260102,策定,北海道・本州間電力連系設備,2026/01/04,01:00,逆方向,-90.0,0.0,0,-510.0,-600,熱容量（作業）,0,0,0,0,0,2026/01/02 15:00:03
翌々日,20260102,策定,北海道・本州間電力連系設備,2026/01/04,01:30,順方向,600.0,0.0,0,0.0,600,熱容量（作業）,0,0,0,0,0,2026/01/02 15:00:03
翌々日,20260102,策定,北海道・本州間電力連系設備,2026/01/04,01:30,逆方向,-100.0,0.0,0,-500.0,-600,熱容量（作業）,0,0,0,0,0,2026/01/02 15:00:03
翌々日,20260102,策定,北海道・本州間電力連系設備,2026/01/04,02:00,順方向,600.0,0.0,0,0.0,600,熱容量（作業）,0,0,0,0,0,2026/01/02 15:00:03
翌々日,20260102,策定,北海道・本州間電力連系設備,2026/01/04,02:00,逆方向,-100.0,0.0,0,-500.0,-600,熱容量（作業）,0,0,0,0,0,2026/01/02 15:00:03
翌々日,20260102,策定,北海道・本州間電力連系設備,2026/01/04,02:30,順方向,600.0,0.0,0,0.0,600,熱容量（作業）,0,0,0,0,0,2026/01/02 15:00:03
翌々日,20260102,策定,北海道・本州間電力連系設備,2026/01/04,02:30,逆方向,-100.0,0.0,0,-500.0,-600,熱容量（作業）,0,0,0,0,0,2026/01/02 15:00:03
翌々日,20260102,策定,北海道・本州間電力連系設備,2026/01/04,03:00,順方向,600.0,0.0,0,0.0,600,熱容量（作業）,0,0,0,0,0,2026/01/02 15:00:03
翌々日,20260102,策定,北海道・本州間電力連系設備,2026/01/04,03:00,逆方向,-100.0,0.0,0,-500.0,-600,熱容量（作業）,0,0,0,0,0,2026/01/02 15:00:03
翌々日,20260102,策定,北海道・本州間電力連系設備,2026/01/04,03:30,順方向,600.0,0.0,0,0.0,600,熱容量（作業）,0,0,0,0,0,2026/01/02 15:00:03
翌々日,20260102,策定,北海道・本州間電力連系設備,2026/01/04,03:30,逆方向,-110.0,0.0,0,-490.0,-600,熱容量（作業）,0,0,0,0,0,2026/01/02 15:00:03
翌々日,20260102,策定,北海道・本州間電力連系設備,2026/01/04,04:00,順方向,600.0,0.0,0,0.0,600,熱容量（作業）,0,0,0,0,0,2026/01/02 15:00:03
翌々日,20260102,策定,北海道・本州間電力連系設備,2026/01/04,04:00,逆方向,-110.0,0.0,0,-490.0,-600,熱容量（作業）,0,0,0,0,0,2026/01/02 15:00:03
翌々日,20260102,策定,北海道・本州間電力連系設備,2026/01/04,04:30,順方向,600.0,0.0,0,0.0,600,熱容量（作業）,0,0,0,0,0,2026/01/02 15:00:03
翌々日,20260102,策定,北海道・本州間電力連系設備,2026/01/04,04:30,逆方向,-110.0,0.0,0,-490.0,-600,熱容量（作業）,0,0,0,0,0,2026/01/02 15:00:03
翌々日,20260102,策定,北海道・本州間電力連系設備,2026/01/04,05:00,順方向,600.0,0.0,0,0.0,600,熱容量（作業）,0,0,0,0,0,2026/01/02 15:00:03
翌々日,20260102,策定,北海道・本州間電力連系設備,2026/01/04,05:00,逆方向,-110.0,0.0,0,-490.0,-600,熱容量（作業）,0,0,0,0,0,2026/01/02 15:00:03
翌々日,20260102,策定,北海道・本州間電力連系設備,2026/01/04,05:30,順方向,600.0,0.0,0,0.0,600,熱容量（作業）,0,0,0,0,0,2026/01/02 15:00:03
翌々日,20260102,策定,北海道・本州間電力連系設備,2026/01/04,05:30,逆方向,-110.0,0.0,0,-490.0,-600,熱容量（作業）,0,0,0,0,0,2026/01/02 15:00:03
翌々日,20260102,策定,北海道・本州間電力連系設備,2026/01/04,06:00,順方向,600.0,0.0,0,0.0,600,熱容量（作業）,0,0,0,0,0,2026/01/02 15:00:03
翌々日,20260102,策定,北海道・本州間電力連系設備,2026/01/04,06:00,逆方向,-110.0,0.0,0,-490.0,-600,熱容量（作業）,0,0,0,0,0,2026/01/02 15:00:03
翌々日,20260102,策定,北海道・本州間電力連系設備,2026/01/04,06:30,順方向,600.0,0.0,0,0.0,600,熱容量（作業）,0,0,0,0,0,2026/01/02 15:00:03
翌々日,20260102,策定,北海道・本州間電力連系設備,2026/01/04,06:30,逆方向,-100.0,0.0,0,-500.0,-600,熱容量（作業）,0,0,0,0,0,2026/01/02 15:00:03
翌々日,20260102,策定,北海道・本州間電力連系設備,2026/01/04,07:00,順方向,600.0,0.0,0,0.0,600,熱容量（作業）,0,0,0,0,0,2026/01/02 15:00:03
翌々日,20260102,策定,北海道・本州間電力連系設備,2026/01/04,07:00,逆方向,-100.0,0.0,0,-500.0,-600,熱容量（作業）,0,0,0,0,0,2026/01/02 15:00:03
翌々日,20260102,策定,北海道・本州間電力連系設備,2026/01/04,07:30,順方向,600.0,0.0,0,0.0,600,熱容量（作業）,0,0,0,0,0,2026/01/02 15:00:03
翌々日,20260102,策定,北海道・本州間電力連系設備,2026/01/04,07:30,逆方向,-90.0,0.0,0,-510.0,-600,熱容量（作業）,0,0,0,0,0,2026/01/02 15:00:03
翌々日,20260102,策定,北海道・本州間電力連系設備,2026/01/04,08:00,順方向,600.0,0.0,0,0.0,600,熱容量（作業）,0,0,0,0,0,2026/01/02 15:00:03
翌々日,20260102,策定,北海道・本州間電力連系設備,2026/01/04,08:00,逆方向,-90.0,0.0,0,-510.0,-600,熱容量（作業）,0,0,0,0,0,2026/01/02 15:00:03
翌々日,20260102,策定,北海道・本州間電力連系設備,2026/01/04,08:30,順方向,600.0,0.0,0,0.0,600,熱容量（作業）,0,0,0,0,0,2026/01/02 15:00:03
翌々日,20260102,策定,北海道・本州間電力連系設備,2026/01/04,08:30,逆方向,-90.0,0.0,0,-510.0,-600,熱容量（作業）,0,0,0,0,0,2026/01/02 15:00:03
翌々日,20260102,策定,北海道・本州間電力連系設備,2026/01/04,09:00,順方向,600.0,0.0,0,0.0,600,熱容量（作業）,0,0,0,0,0,2026/01/02 15:00:03
翌々日,20260102,策定,北海道・本州間電力連系設備,2026/01/04,09:00,逆方向,-90.0,0.0,0,-510.0,-600,熱容量（作業）,0,0,0,0,0,2026/01/02 15:00:03
翌々日,20260102,策定,北海道・本州間電力連系設備,2026/01/04,09:30,順方向,600.0,0.0,0,0.0,600,熱容量（作業）,0,0,0,0,0,2026/01/02 15:00:03
翌々日,20260102,策定,北海道・本州間電力連系設備,2026/01/04,09:30,逆方向,-90.0,0.0,0,-510.0,-600,熱容量（作業）,0,0,0,0,0,2026/01/02 15:00:03
翌々日,20260102,策定,北海道・本州間電力連系設備,2026/01/04,10:00,順方向,600.0,0.0,0,0.0,600,熱容量（作業）,0,0,0,0,0,2026/01/02 15:00:03
翌々日,20260102,策定,北海道・本州間電力連系設備,2026/01/04,10:00,逆方向,-90.0,0.0,0,-510.0,-600,熱容量（作業）,0,0,0,0,0,2026/01/02 15:00:03
翌々日,20260102,策定,北海道・本州間電力連系設備,2026/01/04,10:30,順方向,600.0,0.0,0,0.0,600,熱容量（作業）,0,0,0,0,0,2026/01/02 15:00:03
翌々日,20260102,策定,北海道・本州間電力連系設備,2026/01/04,10:30,逆方向,-90.0,0.0,0,-510.0,-600,熱容量（作業）,0,0,0,0,0,2026/01/02 15:00:03
翌々日,20260102,策定,北海道・本州間電力連系設備,2026/01/04,11:00,順方向,600.0,0.0,0,0.0,600,熱容量（作業）,0,0,0,0,0,2026/01/02 15:00:03
翌々日,20260102,策定,北海道・本州間電力連系設備,2026/01/04,11:00,逆方向,-90.0,0.0,0,-510.0,-600,熱容量（作業）,0,0,0,0,0,2026/01/02 15:00:03
翌々日,20260102,策定,北海道・本州間電力連系設備,2026/01/04,11:30,順方向,600.0,0.0,0,0.0,600,熱容量（作業）,0,0,0,0,0,2026/01/02 15:00:03
翌々日,20260102,策定,北海道・本州間電力連系設備,2026/01/04,11:30,逆方向,-80.0,0.0,0,-520.0,-600,熱容量（作業）,0,0,0,0,0,2026/01/02 15:00:03
翌々日,20260102,策定,北海道・本州間電力連系設備,2026/01/04,12:00,順方向,600.0,0.0,0,0.0,600,熱容量（作業）,0,0,0,0,0,2026/01/02 15:00:03
翌々日,20260102,策定,北海道・本州間電力連系設備,2026/01/04,12:00,逆方向,-80.0,0.0,0,-520.0,-600,熱容量（作業）,0,0,0,0,0,2026/01/02 15:00:03
翌々日,20260102,策定,北海道・本州間電力連系設備,2026/01/04,12:30,順方向,600.0,0.0,0,0.0,600,熱容量（作業）,0,0,0,0,0,2026/01/02 15:00:03
翌々日,20260102,策定,北海道・本州間電力連系設備,2026/01/04,12:30,逆方向,-80.0,0.0,0,-520.0,-600,熱容量（作業）,0,0,0,0,0,2026/01/02 15:00:03
翌々日,20260102,策定,北海道・本州間電力連系設備,2026/01/04,13:00,順方向,600.0,0.0,0,0.0,600,熱容量（作業）,0,0,0,0,0,2026/01/02 15:00:03
翌々日,20260102,策定,北海道・本州間電力連系設備,2026/01/04,13:00,逆方向,-80.0,0.0,0,-520.0,-600,熱容量（作業）,0,0,0,0,0,2026/01/02 15:00:03
翌々日,20260102,策定,北海道・本州間電力連系設備,2026/01/04,13:30,順方向,600.0,0.0,0,0.0,600,熱容量（作業）,0,0,0,0,0,2026/01/02 15:00:03
翌々日,20260102,策定,北海道・本州間電力連系設備,2026/01/04,13:30,逆方向,-70.0,0.0,0,-530.0,-600,熱容量（作業）,0,0,0,0,0,2026/01/02 15:00:03
翌々日,20260102,策定,北海道・本州間電力連系設備,2026/01/04,14:00,順方向,600.0,0.0,0,0.0,600,熱容量（作業）,0,0,0,0,0,2026/01/02 15:00:03
翌々日,20260102,策定,北海道・本州間電力連系設備,2026/01/04,14:00,逆方向,-70.0,0.0,0,-530.0,-600,熱容量（作業）,0,0,0,0,0,2026/01/02 15:00:03
翌々日,20260102,策定,北海道・本州間電力連系設備,2026/01/04,14:30,順方向,600.0,0.0,0,0.0,600,熱容量（作業）,0,0,0,0,0,2026/01/02 15:00:03
翌々日,20260102,策定,北海道・本州間電力連系設備,2026/01/04,14:30,逆方向,-70.0,0.0,0,-530.0,-600,熱容量（作業）,0,0,0,0,0,2026/01/02 15:00:03
翌々日,20260102,策定,北海道・本州間電力連系設備,2026/01/04,15:00,順方向,600.0,0.0,0,0.0,600,熱容量（作業）,0,0,0,0,0,2026/01/02 15:00:03
翌々日,20260102,策定,北海道・本州間電力連系設備,2026/01/04,15:00,逆方向,-70.0,0.0,0,-530.0,-600,熱容量（作業）,0,0,0,0,0,2026/01/02 15:00:03
翌々日,20260102,策定,北海道・本州間電力連系設備,2026/01/04,15:30,順方向,600.0,0.0,0,0.0,600,熱容量（作業）,0,0,0,0,0,2026/01/02 15:00:03
翌々日,20260102,策定,北海道・本州間電力連系設備,2026/01/04,15:30,逆方向,-80.0,0.0,0,-520.0,-600,熱容量（作業）,0,0,0,0,0,2026/01/02 15:00:03
翌々日,20260102,策定,北海道・本州間電力連系設備,2026/01/04,16:00,順方向,600.0,0.0,0,0.0,600,熱容量（作業）,0,0,0,0,0,2026/01/02 15:00:03
翌々日,20260102,策定,北海道・本州間電力連系設備,2026/01/04,16:00,逆方向,-80.0,0.0,0,-520.0,-600,熱容量（作業）,0,0,0,0,0,2026/01/02 15:00:03
翌々日,20260102,策定,北海道・本州間電力連系設備,2026/01/04,16:30,順方向,600.0,0.0,0,0.0,600,熱容量（作業）,0,0,0,0,0,2026/01/02 15:00:03
翌々日,20260102,策定,北海道・本州間電力連系設備,2026/01/04,16:30,逆方向,-90.0,0.0,0,-510.0,-600,熱容量（作業）,0,0,0,0,0,2026/01/02 15:00:03
翌々日,20260102,策定,北海道・本州間電力連系設備,2026/01/04,17:00,順方向,600.0,0.0,0,0.0,600,熱容量（作業）,0,0,0,0,0,2026/01/02 15:00:03
翌々日,20260102,策定,北海道・本州間電力連系設備,2026/01/04,17:00,逆方向,-90.0,0.0,0,-510.0,-600,熱容量（作業）,0,0,0,0,0,2026/01/02 15:00:03
翌々日,20260102,策定,北海道・本州間電力連系設備,2026/01/04,17:30,順方向,600.0,0.0,0,0.0,600,熱容量（作業）,0,0,0,0,0,2026/01/02 15:00:03
翌々日,20260102,策定,北海道・本州間電力連系設備,2026/01/04,17:30,逆方向,-100.0,0.0,0,-500.0,-600,熱容量（作業）,0,0,0,0,0,2026/01/02 15:00:03
翌々日,20260102,策定,北海道・本州間電力連系設備,2026/01/04,18:00,順方向,600.0,0.0,0,0.0,600,熱容量（作業）,0,0,0,0,0,2026/01/02 15:00:03
翌々日,20260102,策定,北海道・本州間電力連系設備,2026/01/04,18:00,逆方向,-100.0,0.0,0,-500.0,-600,熱容量（作業）,0,0,0,0,0,2026/01/02 15:00:03
翌々日,20260102,策定,北海道・本州間電力連系設備,2026/01/04,18:30,順方向,600.0,0.0,0,0.0,600,熱容量（作業）,0,0,0,0,0,2026/01/02 15:00:03
翌々日,20260102,策定,北海道・本州間電力連系設備,2026/01/04,18:30,逆方向,-100.0,0.0,0,-500.0,-600,熱容量（作業）,0,0,0,0,0,2026/01/02 15:00:03
翌々日,20260102,策定,北海道・本州間電力連系設備,2026/01/04,19:00,順方向,600.0,0.0,0,0.0,600,熱容量（作業）,0,0,0,0,0,2026/01/02 15:00:03
翌々日,20260102,策定,北海道・本州間電力連系設備,2026/01/04,19:00,逆方向,-100.0,0.0,0,-500.0,-600,熱容量（作業）,0,0,0,0,0,2026/01/02 15:00:03
翌々日,20260102,策定,北海道・本州間電力連系設備,2026/01/04,19:30,順方向,600.0,0.0,0,0.0,600,熱容量（作業）,0,0,0,0,0,2026/01/02 15:00:03
翌々日,20260102,策定,北海道・本州間電力連系設備,2026/01/04,19:30,逆方向,-100.0,0.0,0,-500.0,-600,熱容量（作業）,0,0,0,0,0,2026/01/02 15:00:03
翌々日,20260102,策定,北海道・本州間電力連系設備,2026/01/04,20:00,順方向,600.0,0.0,0,0.0,600,熱容量（作業）,0,0,0,0,0,2026/01/02 15:00:03
翌々日,20260102,策定,北海道・本州間電力連系設備,2026/01/04,20:00,逆方向,-100.0,0.0,0,-500.0,-600,熱容量（作業）,0,0,0,0,0,2026/01/02 15:00:03
翌々日,20260102,策定,北海道・本州間電力連系設備,2026/01/04,20:30,順方向,600.0,0.0,0,0.0,600,熱容量（作業）,0,0,0,0,0,2026/01/02 15:00:03
翌々日,20260102,策定,北海道・本州間電力連系設備,2026/01/04,20:30,逆方向,-100.0,0.0,0,-500.0,-600,熱容量（作業）,0,0,0,0,0,2026/01/02 15:00:03
翌々日,20260102,策定,北海道・本州間電力連系設備,2026/01/04,21:00,順方向,600.0,0.0,0,0.0,600,熱容量（作業）,0,0,0,0,0,2026/01/02 15:00:03
翌々日,20260102,策定,北海道・本州間電力連系設備,2026/01/04,21:00,逆方向,-100.0,0.0,0,-500.0,-600,熱容量（作業）,0,0,0,0,0,2026/01/02 15:00:03
翌々日,20260102,策定,北海道・本州間電力連系設備,2026/01/04,21:30,順方向,600.0,0.0,0,0.0,600,熱容量（作業）,0,0,0,0,0,2026/01/02 15:00:03
翌々日,20260102,策定,北海道・本州間電力連系設備,2026/01/04,21:30,逆方向,-90.0,0.0,0,-510.0,-600,熱容量（作業）,0,0,0,0,0,2026/01/02 15:00:03
翌々日,20260102,策定,北海道・本州間電力連系設備,2026/01/04,22:00,順方向,600.0,0.0,0,0.0,600,熱容量（作業）,0,0,0,0,0,2026/01/02 15:00:03
翌々日,20260102,策定,北海道・本州間電力連系設備,2026/01/04,22:00,逆方向,-90.0,0.0,0,-510.0,-600,熱容量（作業）,0,0,0,0,0,2026/01/02 15:00:03
翌々日,20260102,策定,北海道・本州間電力連系設備,2026/01/04,22:30,順方向,600.0,0.0,0,0.0,600,熱容量（作業）,0,0,0,0,0,2026/01/02 15:00:03
翌々日,20260102,策定,北海道・本州間電力連系設備,2026/01/04,22:30,逆方向,-80.0,0.0,0,-520.0,-600,熱容量（作業）,0,0,0,0,0,2026/01/02 15:00:03
翌々日,20260102,策定,北海道・本州間電力連系設備,2026/01/04,23:00,順方向,600.0,0.0,0,0.0,600,熱容量（作業）,0,0,0,0,0,2026/01/02 15:00:03
翌々日,20260102,策定,北海道・本州間電力連系設備,2026/01/04,23:00,逆方向,-80.0,0.0,0,-520.0,-600,熱容量（作業）,0,0,0,0,0,2026/01/02 15:00:03
翌々日,20260102,策定,北海道・本州間電力連系設備,2026/01/04,23:30,順方向,600.0,0.0,0,0.0,600,熱容量（作業）,0,0,0,0,0,2026/01/02 15:00:03
翌々日,20260102,策定,北海道・本州間電力連系設備,2026/01/04,23:30,逆方向,-90.0,0.0,0,-510.0,-600,熱容量（作業）,0,0,0,0,0,2026/01/02 15:00:03
翌々日,20260102,策定,北海道・本州間電力連系設備,2026/01/04,24:00,順方向,600.0,0.0,0,0.0,600,熱容量（作業）,0,0,0,0,0,2026/01/02 15:00:03
翌々日,20260102,策定,北海道・本州間電力連系設備,2026/01/04,24:00,逆方向,-90.0,0.0,0,-510.0,-600,熱容量（作業）,0,0,0,0,0,2026/01/02 15:00:03
翌々日,20260102,策定,相馬双葉幹線,2026/01/04,00:30,順方向,4660.0,0.0,0,0.0,4660,安定度,0,0,0,0,0,2026/01/02 15:00:03
翌々日,20260102,策定,相馬双葉幹線,2026/01/04,00:30,逆方向,-2360.0,0.0,0,0.0,-2360,熱容量,0,0,0,0,0,2026/01/02 15:00:03
翌々日,20260102,策定,相馬双葉幹線,2026/01/04,01:00,順方向,4660.0,0.0,0,0.0,4660,安定度,0,0,0,0,0,2026/01/02 15:00:03
翌々日,20260102,策定,相馬双葉幹線,2026/01/04,01:00,逆方向,-2360.0,0.0,0,0.0,-2360,熱容量,0,0,0,0,0,2026/01/02 15:00:03
翌々日,20260102,策定,相馬双葉幹線,2026/01/04,01:30,順方向,4660.0,0.0,0,0.0,4660,安定度,0,0,0,0,0,2026/01/02 15:00:03
翌々日,20260102,策定,相馬双葉幹線,2026/01/04,01:30,逆方向,-2360.0,0.0,0,0.0,-2360,熱容量,0,0,0,0,0,2026/01/02 15:00:03
翌々日,20260102,策定,相馬双葉幹線,2026/01/04,02:00,順方向,4660.0,0.0,0,0.0,4660,安定度,0,0,0,0,0,2026/01/02 15:00:03
翌々日,20260102,策定,相馬双葉幹線,2026/01/04,02:00,逆方向,-2360.0,0.0,0,0.0,-2360,熱容量,0,0,0,0,0,2026/01/02 15:00:03
翌々日,20260102,策定,相馬双葉幹線,2026/01/04,02:30,順方向,4660.0,0.0,0,0.0,4660,安定度,0,0,0,0,0,2026/01/02 15:00:03
翌々日,20260102,策定,相馬双葉幹線,2026/01/04,02:30,逆方向,-2360.0,0.0,0,0.0,-2360,熱容量,0,0,0,0,0,2026/01/02 15:00:03
翌々日,20260102,策定,相馬双葉幹線,2026/01/04,03:00,順方向,4660.0,0.0,0,0.0,4660,安定度,0,0,0,0,0,2026/01/02 15:00:03
翌々日,20260102,策定,相馬双葉幹線,2026/01/04,03:00,逆方向,-2360.0,0.0,0,0.0,-2360,熱容量,0,0,0,0,0,2026/01/02 15:00:03
翌々日,20260102,策定,相馬双葉幹線,2026/01/04,03:30,順方向,4660.0,0.0,0,0.0,4660,安定度,0,0,0,0,0,2026/01/02 15:00:03
翌々日,20260102,策定,相馬双葉幹線,2026/01/04,03:30,逆方向,-2360.0,0.0,0,0.0,-2360,熱容量,0,0,0,0,0,2026/01/02 15:00:03
翌々日,20260102,策定,相馬双葉幹線,2026/01/04,04:00,順方向,4660.0,0.0,0,0.0,4660,安定度,0,0,0,0,0,2026/01/02 15:00:03
翌々日,20260102,策定,相馬双葉幹線,2026/01/04,04:00,逆方向,-2360.0,0.0,0,0.0,-2360,熱容量,0,0,0,0,0,2026/01/02 15:00:03
翌々日,20260102,策定,相馬双葉幹線,2026/01/04,04:30,順方向,4660.0,0.0,0,0.0,4660,安定度,0,0,0,0,0,2026/01/02 15:00:03
翌々日,20260102,策定,相馬双葉幹線,2026/01/04,04:30,逆方向,-2360.0,0.0,0,0.0,-2360,熱容量,0,0,0,0,0,2026/01/02 15:00:03
翌々日,20260102,策定,相馬双葉幹線,2026/01/04,05:00,順方向,4660.0,0.0,0,0.0,4660,安定度,0,0,0,0,0,2026/01/02 15:00:03
翌々日,20260102,策定,相馬双葉幹線,2026/01/04,05:00,逆方向,-2360.0,0.0,0,0.0,-2360,熱容量,0,0,0,0,0,2026/01/02 15:00:03
翌々日,20260102,策定,相馬双葉幹線,2026/01/04,05:30,順方向,4660.0,0.0,0,0.0,4660,安定度,0,0,0,0,0,2026/01/02 15:00:03
翌々日,20260102,策定,相馬双葉幹線,2026/01/04,05:30,逆方向,-2360.0,0.0,0,0.0,-2360,熱容量,0,0,0,0,0,2026/01/02 15:00:03
翌々日,20260102,策定,相馬双葉幹線,2026/01/04,06:00,順方向,4660.0,0.0,0,0.0,4660,安定度,0,0,0,0,0,2026/01/02 15:00:03
翌々日,20260102,策定,相馬双葉幹線,2026/01/04,06:00,逆方向,-2360.0,0.0,0,0.0,-2360,熱容量,0,0,0,0,0,2026/01/02 15:00:03
翌々日,20260102,策定,相馬双葉幹線,2026/01/04,06:30,順方向,4660.0,0.0,0,0.0,4660,安定度,0,0,0,0,0,2026/01/02 15:00:03
翌々日,20260102,策定,相馬双葉幹線,2026/01/04,06:30,逆方向,-2208.0,0.0,0,-152.0,-2360,熱容量,0,0,0,0,0,2026/01/02 15:00:03
翌々日,20260102,策定,相馬双葉幹線,2026/01/04,07:00,順方向,4660.0,0.0,0,0.0,4660,安定度,0,0,0,0,0,2026/01/02 15:00:03
翌々日,20260102,策定,相馬双葉幹線,2026/01/04,07:00,逆方向,-2208.0,0.0,0,-152.0,-2360,熱容量,0,0,0,0,0,2026/01/02 15:00:03
翌々日,20260102,策定,相馬双葉幹線,2026/01/04,07:30,順方向,4660.0,0.0,0,0.0,4660,安定度,0,0,0,0,0,2026/01/02 15:00:03
翌々日,20260102,策定,相馬双葉幹線,2026/01/04,07:30,逆方向,-2208.0,0.0,0,-152.0,-2360,熱容量,0,0,0,0,0,2026/01/02 15:00:03
翌々日,20260102,策定,相馬双葉幹線,2026/01/04,08:00,順方向,4660.0,0.0,0,0.0,4660,安定度,0,0,0,0,0,2026/01/02 15:00:03
翌々日,20260102,策定,相馬双葉幹線,2026/01/04,08:00,逆方向,-2208.0,0.0,0,-152.0,-2360,熱容量,0,0,0,0,0,2026/01/02 15:00:03
翌々日,20260102,策定,相馬双葉幹線,2026/01/04,08:30,順方向,5110.0,0.0,0,0.0,5110,安定度,0,0,0,0,0,2026/01/02 15:00:03
翌々日,20260102,策定,相馬双葉幹線,2026/01/04,08:30,逆方向,-2208.0,0.0,0,-152.0,-2360,熱容量,0,0,0,0,0,2026/01/02 15:00:03
翌々日,20260102,策定,相馬双葉幹線,2026/01/04,09:00,順方向,5110.0,0.0,0,0.0,5110,安定度,0,0,0,0,0,2026/01/02 15:00:03
翌々日,20260102,策定,相馬双葉幹線,2026/01/04,09:00,逆方向,-2208.0,0.0,0,-152.0,-2360,熱容量,0,0,0,0,0,2026/01/02 15:00:03
翌々日,20260102,策定,相馬双葉幹線,2026/01/04,09:30,順方向,5110.0,0.0,0,0.0,5110,安定度,0,0,0,0,0,2026/01/02 15:00:03
翌々日,20260102,策定,相馬双葉幹線,2026/01/04,09:30,逆方向,-2360.0,0.0,0,0.0,-2360,熱容量,0,0,0,0,0,2026/01/02 15:00:03
翌々日,20260102,策定,相馬双葉幹線,2026/01/04,10:00,順方向,5060.0,0.0,0,0.0,5060,安定度,0,0,0,0,0,2026/01/02 15:00:03
翌々日,20260102,策定,相馬双葉幹線,2026/01/04,10:00,逆方向,-2360.0,0.0,0,0.0,-2360,熱容量,0,0,0,0,0,2026/01/02 15:00:03
翌々日,20260102,策定,相馬双葉幹線,2026/01/04,10:30,順方向,5060.0,0.0,0,0.0,5060,安定度,0,0,0,0,0,2026/01/02 15:00:03
翌々日,20260102,策定,相馬双葉幹線,2026/01/04,10:30,逆方向,-2360.0,0.0,0,0.0,-2360,熱容量,0,0,0,0,0,2026/01/02 15:00:03
翌々日,20260102,策定,相馬双葉幹線,2026/01/04,11:00,順方向,4960.0,0.0,0,0.0,4960,安定度,0,0,0,0,0,2026/01/02 15:00:03
翌々日,20260102,策定,相馬双葉幹線,2026/01/04,11:00,逆方向,-2360.0,0.0,0,0.0,-2360,熱容量,0,0,0,0,0,2026/01/02 15:00:03
翌々日,20260102,策定,相馬双葉幹線,2026/01/04,11:30,順方向,4960.0,0.0,0,0.0,4960,安定度,0,0,0,0,0,2026/01/02 15:00:03
翌々日,20260102,策定,相馬双葉幹線,2026/01/04,11:30,逆方向,-2360.0,0.0,0,0.0,-2360,熱容量,0,0,0,0,0,2026/01/02 15:00:03
翌々日,20260102,策定,相馬双葉幹線,2026/01/04,12:00,順方向,4960.0,0.0,0,0.0,4960,安定度,0,0,0,0,0,2026/01/02 15:00:03
翌々日,20260102,策定,相馬双葉幹線,2026/01/04,12:00,逆方向,-2360.0,0.0,0,0.0,-2360,熱容量,0,0,0,0,0,2026/01/02 15:00:03
翌々日,20260102,策定,相馬双葉幹線,2026/01/04,12:30,順方向,4960.0,0.0,0,0.0,4960,安定度,0,0,0,0,0,2026/01/02 15:00:03
翌々日,20260102,策定,相馬双葉幹線,2026/01/04,12:30,逆方向,-2360.0,0.0,0,0.0,-2360,熱容量,0,0,0,0,0,2026/01/02 15:00:03
翌々日,20260102,策定,相馬双葉幹線,2026/01/04,13:00,順方向,4960.0,0.0,0,0.0,4960,安定度,0,0,0,0,0,2026/01/02 15:00:03
翌々日,20260102,策定,相馬双葉幹線,2026/01/04,13:00,逆方向,-2360.0,0.0,0,0.0,-2360,熱容量,0,0,0,0,0,2026/01/02 15:00:03
翌々日,20260102,策定,相馬双葉幹線,2026/01/04,13:30,順方向,4960.0,0.0,0,0.0,4960,安定度,0,0,0,0,0,2026/01/02 15:00:03
翌々日,20260102,策定,相馬双葉幹線,2026/01/04,13:30,逆方向,-2360.0,0.0,0,0.0,-2360,熱容量,0,0,0,0,0,2026/01/02 15:00:03
翌々日,20260102,策定,相馬双葉幹線,2026/01/04,14:00,順方向,4960.0,0.0,0,0.0,4960,安定度,0,0,0,0,0,2026/01/02 15:00:03
翌々日,20260102,策定,相馬双葉幹線,2026/01/04,14:00,逆方向,-2360.0,0.0,0,0.0,-2360,熱容量,0,0,0,0,0,2026/01/02 15:00:03
翌々日,20260102,策定,相馬双葉幹線,2026/01/04,14:30,順方向,4960.0,0.0,0,0.0,4960,安定度,0,0,0,0,0,2026/01/02 15:00:03
翌々日,20260102,策定,相馬双葉幹線,2026/01/04,14:30,逆方向,-2360.0,0.0,0,0.0,-2360,熱容量,0,0,0,0,0,2026/01/02 15:00:03
翌々日,20260102,策定,相馬双葉幹線,2026/01/04,15:00,順方向,4960.0,0.0,0,0.0,4960,安定度,0,0,0,0,0,2026/01/02 15:00:03
翌々日,20260102,策定,相馬双葉幹線,2026/01/04,15:00,逆方向,-2360.0,0.0,0,0.0,-2360,熱容量,0,0,0,0,0,2026/01/02 15:00:03
翌々日,20260102,策定,相馬双葉幹線,2026/01/04,15:30,順方向,4960.0,0.0,0,0.0,4960,安定度,0,0,0,0,0,2026/01/02 15:00:03
翌々日,20260102,策定,相馬双葉幹線,2026/01/04,15:30,逆方向,-2292.0,0.0,0,-68.0,-2360,熱容量,0,0,0,0,0,2026/01/02 15:00:03
翌々日,20260102,策定,相馬双葉幹線,2026/01/04,16:00,順方向,4960.0,0.0,0,0.0,4960,安定度,0,0,0,0,0,2026/01/02 15:00:03
翌々日,20260102,策定,相馬双葉幹線,2026/01/04,16:00,逆方向,-2292.0,0.0,0,-68.0,-2360,熱容量,0,0,0,0,0,2026/01/02 15:00:03
翌々日,20260102,策定,相馬双葉幹線,2026/01/04,16:30,順方向,5060.0,0.0,0,0.0,5060,安定度,0,0,0,0,0,2026/01/02 15:00:03
翌々日,20260102,策定,相馬双葉幹線,2026/01/04,16:30,逆方向,-2292.0,0.0,0,-68.0,-2360,熱容量,0,0,0,0,0,2026/01/02 15:00:03
翌々日,20260102,策定,相馬双葉幹線,2026/01/04,17:00,順方向,5060.0,0.0,0,0.0,5060,安定度,0,0,0,0,0,2026/01/02 15:00:03
翌々日,20260102,策定,相馬双葉幹線,2026/01/04,17:00,逆方向,-2292.0,0.0,0,-68.0,-2360,熱容量,0,0,0,0,0,2026/01/02 15:00:03
翌々日,20260102,策定,相馬双葉幹線,2026/01/04,17:30,順方向,5060.0,0.0,0,0.0,5060,安定度,0,0,0,0,0,2026/01/02 15:00:03
翌々日,20260102,策定,相馬双葉幹線,2026/01/04,17:30,逆方向,-2292.0,0.0,0,-68.0,-2360,熱容量,0,0,0,0,0,2026/01/02 15:00:03
翌々日,20260102,策定,相馬双葉幹線,2026/01/04,18:00,順方向,5060.0,0.0,0,0.0,5060,安定度,0,0,0,0,0,2026/01/02 15:00:03
翌々日,20260102,策定,相馬双葉幹線,2026/01/04,18:00,逆方向,-2292.0,0.0,0,-68.0,-2360,熱容量,0,0,0,0,0,2026/01/02 15:00:03
翌々日,20260102,策定,相馬双葉幹線,2026/01/04,18:30,順方向,5060.0,0.0,0,0.0,5060,安定度,0,0,0,0,0,2026/01/02 15:00:03
翌々日,20260102,策定,相馬双葉幹線,2026/01/04,18:30,逆方向,-2338.0,0.0,0,-22.0,-2360,熱容量,0,0,0,0,0,2026/01/02 15:00:03
翌々日,20260102,策定,相馬双葉幹線,2026/01/04,19:00,順方向,5060.0,0.0,0,0.0,5060,安定度,0,0,0,0,0,2026/01/02 15:00:03
翌々日,20260102,策定,相馬双葉幹線,2026/01/04,19:00,逆方向,-2338.0,0.0,0,-22.0,-2360,熱容量,0,0,0,0,0,2026/01/02 15:00:03
翌々日,20260102,策定,相馬双葉幹線,2026/01/04,19:30,順方向,5060.0,0.0,0,0.0,5060,安定度,0,0,0,0,0,2026/01/02 15:00:03
翌々日,20260102,策定,相馬双葉幹線,2026/01/04,19:30,逆方向,-2338.0,0.0,0,-22.0,-2360,熱容量,0,0,0,0,0,2026/01/02 15:00:03
翌々日,20260102,策定,相馬双葉幹線,2026/01/04,20:00,順方向,5060.0,0.0,0,0.0,5060,安定度,0,0,0,0,0,2026/01/02 15:00:03
翌々日,20260102,策定,相馬双葉幹線,2026/01/04,20:00,逆方向,-2338.0,0.0,0,-22.0,-2360,熱容量,0,0,0,0,0,2026/01/02 15:00:03
翌々日,20260102,策定,相馬双葉幹線,2026/01/04,20:30,順方向,5060.0,0.0,0,0.0,5060,安定度,0,0,0,0,0,2026/01/02 15:00:03
翌々日,20260102,策定,相馬双葉幹線,2026/01/04,20:30,逆方向,-2338.0,0.0,0,-22.0,-2360,熱容量,0,0,0,0,0,2026/01/02 15:00:03
翌々日,20260102,策定,相馬双葉幹線,2026/01/04,21:00,順方向,5060.0,0.0,0,0.0,5060,安定度,0,0,0,0,0,2026/01/02 15:00:03
翌々日,20260102,策定,相馬双葉幹線,2026/01/04,21:00,逆方向,-2338.0,0.0,0,-22.0,-2360,熱容量,0,0,0,0,0,2026/01/02 15:00:03
翌々日,20260102,策定,相馬双葉幹線,2026/01/04,21:30,順方向,5060.0,0.0,0,0.0,5060,安定度,0,0,0,0,0,2026/01/02 15:00:03
翌々日,20260102,策定,相馬双葉幹線,2026/01/04,21:30,逆方向,-2360.0,0.0,0,0.0,-2360,熱容量,0,0,0,0,0,2026/01/02 15:00:03
翌々日,20260102,策定,相馬双葉幹線,2026/01/04,22:00,順方向,5060.0,0.0,0,0.0,5060,安定度,0,0,0,0,0,2026/01/02 15:00:03
翌々日,20260102,策定,相馬双葉幹線,2026/01/04,22:00,逆方向,-2360.0,0.0,0,0.0,-2360,熱容量,0,0,0,0,0,2026/01/02 15:00:03
翌々日,20260102,策定,相馬双葉幹線,2026/01/04,22:30,順方向,4610.0,0.0,0,0.0,4610,安定度,0,0,0,0,0,2026/01/02 15:00:03
翌々日,20260102,策定,相馬双葉幹線,2026/01/04,22:30,逆方向,-2360.0,0.0,0,0.0,-2360,熱容量,0,0,0,0,0,2026/01/02 15:00:03
翌々日,20260102,策定,相馬双葉幹線,2026/01/04,23:00,順方向,4610.0,0.0,0,0.0,4610,安定度,0,0,0,0,0,2026/01/02 15:00:03
翌々日,20260102,策定,相馬双葉幹線,2026/01/04,23:00,逆方向,-2360.0,0.0,0,0.0,-2360,熱容量,0,0,0,0,0,2026/01/02 15:00:03
翌々日,20260102,策定,相馬双葉幹線,2026/01/04,23:30,順方向,4610.0,0.0,0,0.0,4610,安定度,0,0,0,0,0,2026/01/02 15:00:03
翌々日,20260102,策定,相馬双葉幹線,2026/01/04,23:30,逆方向,-2360.0,0.0,0,0.0,-2360,熱容量,0,0,0,0,0,2026/01/02 15:00:03
翌々日,20260102,策定,相馬双葉幹線,2026/01/04,24:00,順方向,4610.0,0.0,0,0.0,4610,安定度,0,0,0,0,0,2026/01/02 15:00:03
翌々日,20260102,策定,相馬双葉幹線,2026/01/04,24:00,逆方向,-2360.0,0.0,0,0.0,-2360,熱容量,0,0,0,0,0,2026/01/02 15:00:03
翌々日,20260102,策定,周波数変換設備,2026/01/04,00:30,順方向,1200.0,0.0,0,600.0,1800,熱容量（作業）,0,0,0,0,0,2026/01/02 15:00:03
翌々日,20260102,策定,周波数変換設備,2026/01/04,00:30,逆方向,-1200.0,0.0,0,-600.0,-1800,熱容量（作業）,0,0,0,0,0,2026/01/02 15:00:03
翌々日,20260102,策定,周波数変換設備,2026/01/04,01:00,順方向,1200.0,0.0,0,600.0,1800,熱容量（作業）,0,0,0,0,0,2026/01/02 15:00:03
翌々日,20260102,策定,周波数変換設備,2026/01/04,01:00,逆方向,-1200.0,0.0,0,-600.0,-1800,熱容量（作業）,0,0,0,0,0,2026/01/02 15:00:03
翌々日,20260102,策定,周波数変換設備,2026/01/04,01:30,順方向,1200.0,0.0,0,600.0,1800,熱容量（作業）,0,0,0,0,0,2026/01/02 15:00:03
翌々日,20260102,策定,周波数変換設備,2026/01/04,01:30,逆方向,-1200.0,0.0,0,-600.0,-1800,熱容量（作業）,0,0,0,0,0,2026/01/02 15:00:03
翌々日,20260102,策定,周波数変換設備,2026/01/04,02:00,順方向,1200.0,0.0,0,600.0,1800,熱容量（作業）,0,0,0,0,0,2026/01/02 15:00:03
翌々日,20260102,策定,周波数変換設備,2026/01/04,02:00,逆方向,-1200.0,0.0,0,-600.0,-1800,熱容量（作業）,0,0,0,0,0,2026/01/02 15:00:03
翌々日,20260102,策定,周波数変換設備,2026/01/04,02:30,順方向,1200.0,0.0,0,600.0,1800,熱容量（作業）,0,0,0,0,0,2026/01/02 15:00:03
翌々日,20260102,策定,周波数変換設備,2026/01/04,02:30,逆方向,-1200.0,0.0,0,-600.0,-1800,熱容量（作業）,0,0,0,0,0,2026/01/02 15:00:03
翌々日,20260102,策定,周波数変換設備,2026/01/04,03:00,順方向,1200.0,0.0,0,600.0,1800,熱容量（作業）,0,0,0,0,0,2026/01/02 15:00:03
翌々日,20260102,策定,周波数変換設備,2026/01/04,03:00,逆方向,-1200.0,0.0,0,-600.0,-1800,熱容量（作業）,0,0,0,0,0,2026/01/02 15:00:03
翌々日,20260102,策定,周波数変換設備,2026/01/04,03:30,順方向,1200.0,0.0,0,600.0,1800,熱容量（作業）,0,0,0,0,0,2026/01/02 15:00:03
翌々日,20260102,策定,周波数変換設備,2026/01/04,03:30,逆方向,-1200.0,0.0,0,-600.0,-1800,熱容量（作業）,0,0,0,0,0,2026/01/02 15:00:03
翌々日,20260102,策定,周波数変換設備,2026/01/04,04:00,順方向,1200.0,0.0,0,600.0,1800,熱容量（作業）,0,0,0,0,0,2026/01/02 15:00:03
翌々日,20260102,策定,周波数変換設備,2026/01/04,04:00,逆方向,-1200.0,0.0,0,-600.0,-1800,熱容量（作業）,0,0,0,0,0,2026/01/02 15:00:03
翌々日,20260102,策定,周波数変換設備,2026/01/04,04:30,順方向,1200.0,0.0,0,600.0,1800,熱容量（作業）,0,0,0,0,0,2026/01/02 15:00:03
翌々日,20260102,策定,周波数変換設備,2026/01/04,04:30,逆方向,-1200.0,0.0,0,-600.0,-1800,熱容量（作業）,0,0,0,0,0,2026/01/02 15:00:03
翌々日,20260102,策定,周波数変換設備,2026/01/04,05:00,順方向,1200.0,0.0,0,600.0,1800,熱容量（作業）,0,0,0,0,0,2026/01/02 15:00:03
翌々日,20260102,策定,周波数変換設備,2026/01/04,05:00,逆方向,-1200.0,0.0,0,-600.0,-1800,熱容量（作業）,0,0,0,0,0,2026/01/02 15:00:03
翌々日,20260102,策定,周波数変換設備,2026/01/04,05:30,順方向,1200.0,0.0,0,600.0,1800,熱容量（作業）,0,0,0,0,0,2026/01/02 15:00:03
翌々日,20260102,策定,周波数変換設備,2026/01/04,05:30,逆方向,-1200.0,0.0,0,-600.0,-1800,熱容量（作業）,0,0,0,0,0,2026/01/02 15:00:03
翌々日,20260102,策定,周波数変換設備,2026/01/04,06:00,順方向,1200.0,0.0,0,600.0,1800,熱容量（作業）,0,0,0,0,0,2026/01/02 15:00:03
翌々日,20260102,策定,周波数変換設備,2026/01/04,06:00,逆方向,-1200.0,0.0,0,-600.0,-1800,熱容量（作業）,0,0,0,0,0,2026/01/02 15:00:03
翌々日,20260102,策定,周波数変換設備,2026/01/04,06:30,順方向,1200.0,0.0,0,600.0,1800,熱容量（作業）,0,0,0,0,0,2026/01/02 15:00:03
翌々日,20260102,策定,周波数変換設備,2026/01/04,06:30,逆方向,-1200.0,0.0,0,-600.0,-1800,熱容量（作業）,0,0,0,0,0,2026/01/02 15:00:03
翌々日,20260102,策定,周波数変換設備,2026/01/04,07:00,順方向,1200.0,0.0,0,600.0,1800,熱容量（作業）,0,0,0,0,0,2026/01/02 15:00:03
翌々日,20260102,策定,周波数変換設備,2026/01/04,07:00,逆方向,-1200.0,0.0,0,-600.0,-1800,熱容量（作業）,0,0,0,0,0,2026/01/02 15:00:03
翌々日,20260102,策定,周波数変換設備,2026/01/04,07:30,順方向,1200.0,0.0,0,600.0,1800,熱容量（作業）,0,0,0,0,0,2026/01/02 15:00:03
翌々日,20260102,策定,周波数変換設備,2026/01/04,07:30,逆方向,-1200.0,0.0,0,-600.0,-1800,熱容量（作業）,0,0,0,0,0,2026/01/02 15:00:03
翌々日,20260102,策定,周波数変換設備,2026/01/04,08:00,順方向,1200.0,0.0,0,600.0,1800,熱容量（作業）,0,0,0,0,0,2026/01/02 15:00:03
翌々日,20260102,策定,周波数変換設備,2026/01/04,08:00,逆方向,-1200.0,0.0,0,-600.0,-1800,熱容量（作業）,0,0,0,0,0,2026/01/02 15:00:03
翌々日,20260102,策定,周波数変換設備,2026/01/04,08:30,順方向,1200.0,0.0,0,600.0,1800,熱容量（作業）,0,0,0,0,0,2026/01/02 15:00:03
翌々日,20260102,策定,周波数変換設備,2026/01/04,08:30,逆方向,-1200.0,0.0,0,-600.0,-1800,熱容量（作業）,0,0,0,0,0,2026/01/02 15:00:03
翌々日,20260102,策定,周波数変換設備,2026/01/04,09:00,順方向,1200.0,0.0,0,600.0,1800,熱容量（作業）,0,0,0,0,0,2026/01/02 15:00:03
翌々日,20260102,策定,周波数変換設備,2026/01/04,09:00,逆方向,-1200.0,0.0,0,-600.0,-1800,熱容量（作業）,0,0,0,0,0,2026/01/02 15:00:03
翌々日,20260102,策定,周波数変換設備,2026/01/04,09:30,順方向,1200.0,0.0,0,600.0,1800,熱容量（作業）,0,0,0,0,0,2026/01/02 15:00:03
翌々日,20260102,策定,周波数変換設備,2026/01/04,09:30,逆方向,-1200.0,0.0,0,-600.0,-1800,熱容量（作業）,0,0,0,0,0,2026/01/02 15:00:03
翌々日,20260102,策定,周波数変換設備,2026/01/04,10:00,順方向,1200.0,0.0,0,600.0,1800,熱容量（作業）,0,0,0,0,0,2026/01/02 15:00:03
翌々日,20260102,策定,周波数変換設備,2026/01/04,10:00,逆方向,-1200.0,0.0,0,-600.0,-1800,熱容量（作業）,0,0,0,0,0,2026/01/02 15:00:03
翌々日,20260102,策定,周波数変換設備,2026/01/04,10:30,順方向,1200.0,0.0,0,600.0,1800,熱容量（作業）,0,0,0,0,0,2026/01/02 15:00:03
翌々日,20260102,策定,周波数変換設備,2026/01/04,10:30,逆方向,-1200.0,0.0,0,-600.0,-1800,熱容量（作業）,0,0,0,0,0,2026/01/02 15:00:03
翌々日,20260102,策定,周波数変換設備,2026/01/04,11:00,順方向,1200.0,0.0,0,600.0,1800,熱容量（作業）,0,0,0,0,0,2026/01/02 15:00:03
翌々日,20260102,策定,周波数変換設備,2026/01/04,11:00,逆方向,-1200.0,0.0,0,-600.0,-1800,熱容量（作業）,0,0,0,0,0,2026/01/02 15:00:03
翌々日,20260102,策定,周波数変換設備,2026/01/04,11:30,順方向,1200.0,0.0,0,600.0,1800,熱容量（作業）,0,0,0,0,0,2026/01/02 15:00:03
翌々日,20260102,策定,周波数変換設備,2026/01/04,11:30,逆方向,-1200.0,0.0,0,-600.0,-1800,熱容量（作業）,0,0,0,0,0,2026/01/02 15:00:03
翌々日,20260102,策定,周波数変換設備,2026/01/04,12:00,順方向,1200.0,0.0,0,600.0,1800,熱容量（作業）,0,0,0,0,0,2026/01/02 15:00:03
翌々日,20260102,策定,周波数変換設備,2026/01/04,12:00,逆方向,-1200.0,0.0,0,-600.0,-1800,熱容量（作業）,0,0,0,0,0,2026/01/02 15:00:03
翌々日,20260102,策定,周波数変換設備,2026/01/04,12:30,順方向,1200.0,0.0,0,600.0,1800,熱容量（作業）,0,0,0,0,0,2026/01/02 15:00:03
翌々日,20260102,策定,周波数変換設備,2026/01/04,12:30,逆方向,-1200.0,0.0,0,-600.0,-1800,熱容量（作業）,0,0,0,0,0,2026/01/02 15:00:03
翌々日,20260102,策定,周波数変換設備,2026/01/04,13:00,順方向,1200.0,0.0,0,600.0,1800,熱容量（作業）,0,0,0,0,0,2026/01/02 15:00:03
翌々日,20260102,策定,周波数変換設備,2026/01/04,13:00,逆方向,-1200.0,0.0,0,-600.0,-1800,熱容量（作業）,0,0,0,0,0,2026/01/02 15:00:03
翌々日,20260102,策定,周波数変換設備,2026/01/04,13:30,順方向,1200.0,0.0,0,600.0,1800,熱容量（作業）,0,0,0,0,0,2026/01/02 15:00:03
翌々日,20260102,策定,周波数変換設備,2026/01/04,13:30,逆方向,-1200.0,0.0,0,-600.0,-1800,熱容量（作業）,0,0,0,0,0,2026/01/02 15:00:03
翌々日,20260102,策定,周波数変換設備,2026/01/04,14:00,順方向,1200.0,0.0,0,600.0,1800,熱容量（作業）,0,0,0,0,0,2026/01/02 15:00:03
翌々日,20260102,策定,周波数変換設備,2026/01/04,14:00,逆方向,-1200.0,0.0,0,-600.0,-1800,熱容量（作業）,0,0,0,0,0,2026/01/02 15:00:03
翌々日,20260102,策定,周波数変換設備,2026/01/04,14:30,順方向,1200.0,0.0,0,600.0,1800,熱容量（作業）,0,0,0,0,0,2026/01/02 15:00:03
翌々日,20260102,策定,周波数変換設備,2026/01/04,14:30,逆方向,-1200.0,0.0,0,-600.0,-1800,熱容量（作業）,0,0,0,0,0,2026/01/02 15:00:03
翌々日,20260102,策定,周波数変換設備,2026/01/04,15:00,順方向,1200.0,0.0,0,600.0,1800,熱容量（作業）,0,0,0,0,0,2026/01/02 15:00:03
翌々日,20260102,策定,周波数変換設備,2026/01/04,15:00,逆方向,-1200.0,0.0,0,-600.0,-1800,熱容量（作業）,0,0,0,0,0,2026/01/02 15:00:03
翌々日,20260102,策定,周波数変換設備,2026/01/04,15:30,順方向,1200.0,0.0,0,600.0,1800,熱容量（作業）,0,0,0,0,0,2026/01/02 15:00:03
翌々日,20260102,策定,周波数変換設備,2026/01/04,15:30,逆方向,-1200.0,0.0,0,-600.0,-1800,熱容量（作業）,0,0,0,0,0,2026/01/02 15:00:03
翌々日,20260102,策定,周波数変換設備,2026/01/04,16:00,順方向,1200.0,0.0,0,600.0,1800,熱容量（作業）,0,0,0,0,0,2026/01/02 15:00:03
翌々日,20260102,策定,周波数変換設備,2026/01/04,16:00,逆方向,-1200.0,0.0,0,-600.0,-1800,熱容量（作業）,0,0,0,0,0,2026/01/02 15:00:03
翌々日,20260102,策定,周波数変換設備,2026/01/04,16:30,順方向,1200.0,0.0,0,600.0,1800,熱容量（作業）,0,0,0,0,0,2026/01/02 15:00:03
翌々日,20260102,策定,周波数変換設備,2026/01/04,16:30,逆方向,-1200.0,0.0,0,-600.0,-1800,熱容量（作業）,0,0,0,0,0,2026/01/02 15:00:03
翌々日,20260102,策定,周波数変換設備,2026/01/04,17:00,順方向,1200.0,0.0,0,600.0,1800,熱容量（作業）,0,0,0,0,0,2026/01/02 15:00:03
翌々日,20260102,策定,周波数変換設備,2026/01/04,17:00,逆方向,-1200.0,0.0,0,-600.0,-1800,熱容量（作業）,0,0,0,0,0,2026/01/02 15:00:03
翌々日,20260102,策定,周波数変換設備,2026/01/04,17:30,順方向,1200.0,0.0,0,600.0,1800,熱容量（作業）,0,0,0,0,0,2026/01/02 15:00:03
翌々日,20260102,策定,周波数変換設備,2026/01/04,17:30,逆方向,-1200.0,0.0,0,-600.0,-1800,熱容量（作業）,0,0,0,0,0,2026/01/02 15:00:03
翌々日,20260102,策定,周波数変換設備,2026/01/04,18:00,順方向,1200.0,0.0,0,600.0,1800,熱容量（作業）,0,0,0,0,0,2026/01/02 15:00:03
翌々日,20260102,策定,周波数変換設備,2026/01/04,18:00,逆方向,-1200.0,0.0,0,-600.0,-1800,熱容量（作業）,0,0,0,0,0,2026/01/02 15:00:03
翌々日,20260102,策定,周波数変換設備,2026/01/04,18:30,順方向,1200.0,0.0,0,600.0,1800,熱容量（作業）,0,0,0,0,0,2026/01/02 15:00:03
翌々日,20260102,策定,周波数変換設備,2026/01/04,18:30,逆方向,-1200.0,0.0,0,-600.0,-1800,熱容量（作業）,0,0,0,0,0,2026/01/02 15:00:03
翌々日,20260102,策定,周波数変換設備,2026/01/04,19:00,順方向,1200.0,0.0,0,600.0,1800,熱容量（作業）,0,0,0,0,0,2026/01/02 15:00:03
翌々日,20260102,策定,周波数変換設備,2026/01/04,19:00,逆方向,-1200.0,0.0,0,-600.0,-1800,熱容量（作業）,0,0,0,0,0,2026/01/02 15:00:03
翌々日,20260102,策定,周波数変換設備,2026/01/04,19:30,順方向,1200.0,0.0,0,600.0,1800,熱容量（作業）,0,0,0,0,0,2026/01/02 15:00:03
翌々日,20260102,策定,周波数変換設備,2026/01/04,19:30,逆方向,-1200.0,0.0,0,-600.0,-1800,熱容量（作業）,0,0,0,0,0,2026/01/02 15:00:03
翌々日,20260102,策定,周波数変換設備,2026/01/04,20:00,順方向,1200.0,0.0,0,600.0,1800,熱容量（作業）,0,0,0,0,0,2026/01/02 15:00:03
翌々日,20260102,策定,周波数変換設備,2026/01/04,20:00,逆方向,-1200.0,0.0,0,-600.0,-1800,熱容量（作業）,0,0,0,0,0,2026/01/02 15:00:03
翌々日,20260102,策定,周波数変換設備,2026/01/04,20:30,順方向,1200.0,0.0,0,600.0,1800,熱容量（作業）,0,0,0,0,0,2026/01/02 15:00:03
翌々日,20260102,策定,周波数変換設備,2026/01/04,20:30,逆方向,-1200.0,0.0,0,-600.0,-1800,熱容量（作業）,0,0,0,0,0,2026/01/02 15:00:03
翌々日,20260102,策定,周波数変換設備,2026/01/04,21:00,順方向,1200.0,0.0,0,600.0,1800,熱容量（作業）,0,0,0,0,0,2026/01/02 15:00:03
翌々日,20260102,策定,周波数変換設備,2026/01/04,21:00,逆方向,-1200.0,0.0,0,-600.0,-1800,熱容量（作業）,0,0,0,0,0,2026/01/02 15:00:03
翌々日,20260102,策定,周波数変換設備,2026/01/04,21:30,順方向,1200.0,0.0,0,600.0,1800,熱容量（作業）,0,0,0,0,0,2026/01/02 15:00:03
翌々日,20260102,策定,周波数変換設備,2026/01/04,21:30,逆方向,-1200.0,0.0,0,-600.0,-1800,熱容量（作業）,0,0,0,0,0,2026/01/02 15:00:03
翌々日,20260102,策定,周波数変換設備,2026/01/04,22:00,順方向,1200.0,0.0,0,600.0,1800,熱容量（作業）,0,0,0,0,0,2026/01/02 15:00:03
翌々日,20260102,策定,周波数変換設備,2026/01/04,22:00,逆方向,-1200.0,0.0,0,-600.0,-1800,熱容量（作業）,0,0,0,0,0,2026/01/02 15:00:03
翌々日,20260102,策定,周波数変換設備,2026/01/04,22:30,順方向,1200.0,0.0,0,600.0,1800,熱容量（作業）,0,0,0,0,0,2026/01/02 15:00:03
翌々日,20260102,策定,周波数変換設備,2026/01/04,22:30,逆方向,-1200.0,0.0,0,-600.0,-1800,熱容量（作業）,0,0,0,0,0,2026/01/02 15:00:03
翌々日,20260102,策定,周波数変換設備,2026/01/04,23:00,順方向,1200.0,0.0,0,600.0,1800,熱容量（作業）,0,0,0,0,0,2026/01/02 15:00:03
翌々日,20260102,策定,周波数変換設備,2026/01/04,23:00,逆方向,-1200.0,0.0,0,-600.0,-1800,熱容量（作業）,0,0,0,0,0,2026/01/02 15:00:03
翌々日,20260102,策定,周波数変換設備,2026/01/04,23:30,順方向,1200.0,0.0,0,600.0,1800,熱容量（作業）,0,0,0,0,0,2026/01/02 15:00:03
翌々日,20260102,策定,周波数変換設備,2026/01/04,23:30,逆方向,-1200.0,0.0,0,-600.0,-1800,熱容量（作業）,0,0,0,0,0,2026/01/02 15:00:03
翌々日,20260102,策定,周波数変換設備,2026/01/04,24:00,順方向,1200.0,0.0,0,600.0,1800,熱容量（作業）,0,0,0,0,0,2026/01/02 15:00:03
翌々日,20260102,策定,周波数変換設備,2026/01/04,24:00,逆方向,-1200.0,0.0,0,-600.0,-1800,熱容量（作業）,0,0,0,0,0,2026/01/02 15:00:03
翌々日,20260102,策定,三重東近江線,2026/01/04,00:30,順方向,951.994,0.0,0,108.006,1060,周波数,0,0,0,0,0,2026/01/02 15:00:03
翌々日,20260102,策定,三重東近江線,2026/01/04,00:30,逆方向,-2000.0,0.0,0,0.0,-2000,周波数,0,0,0,0,0,2026/01/02 15:00:03
翌々日,20260102,策定,三重東近江線,2026/01/04,01:00,順方向,941.994,0.0,0,108.006,1050,周波数,0,0,0,0,0,2026/01/02 15:00:03
翌々日,20260102,策定,三重東近江線,2026/01/04,01:00,逆方向,-2000.0,0.0,0,0.0,-2000,周波数,0,0,0,0,0,2026/01/02 15:00:03
翌々日,20260102,策定,三重東近江線,2026/01/04,01:30,順方向,941.994,0.0,0,108.006,1050,周波数,0,0,0,0,0,2026/01/02 15:00:03
翌々日,20260102,策定,三重東近江線,2026/01/04,01:30,逆方向,-2000.0,0.0,0,0.0,-2000,周波数,0,0,0,0,0,2026/01/02 15:00:03
翌々日,20260102,策定,三重東近江線,2026/01/04,02:00,順方向,941.994,0.0,0,108.006,1050,周波数,0,0,0,0,0,2026/01/02 15:00:03
翌々日,20260102,策定,三重東近江線,2026/01/04,02:00,逆方向,-2000.0,0.0,0,0.0,-2000,周波数,0,0,0,0,0,2026/01/02 15:00:03
翌々日,20260102,策定,三重東近江線,2026/01/04,02:30,順方向,961.994,0.0,0,108.006,1070,周波数,0,0,0,0,0,2026/01/02 15:00:03
翌々日,20260102,策定,三重東近江線,2026/01/04,02:30,逆方向,-2000.0,0.0,0,0.0,-2000,周波数,0,0,0,0,0,2026/01/02 15:00:03
翌々日,20260102,策定,三重東近江線,2026/01/04,03:00,順方向,991.994,0.0,0,108.006,1100,周波数,0,0,0,0,0,2026/01/02 15:00:03
翌々日,20260102,策定,三重東近江線,2026/01/04,03:00,逆方向,-2000.0,0.0,0,0.0,-2000,周波数,0,0,0,0,0,2026/01/02 15:00:03
翌々日,20260102,策定,三重東近江線,2026/01/04,03:30,順方向,1005.938,0.0,0,114.062,1120,周波数,0,0,0,0,0,2026/01/02 15:00:03
翌々日,20260102,策定,三重東近江線,2026/01/04,03:30,逆方向,-2000.0,0.0,0,0.0,-2000,周波数,0,0,0,0,0,2026/01/02 15:00:03
翌々日,20260102,策定,三重東近江線,2026/01/04,04:00,順方向,1015.938,0.0,0,114.062,1130,周波数,0,0,0,0,0,2026/01/02 15:00:03
翌々日,20260102,策定,三重東近江線,2026/01/04,04:00,逆方向,-2000.0,0.0,0,0.0,-2000,周波数,0,0,0,0,0,2026/01/02 15:00:03
翌々日,20260102,策定,三重東近江線,2026/01/04,04:30,順方向,1015.938,0.0,0,114.062,1130,周波数,0,0,0,0,0,2026/01/02 15:00:03
翌々日,20260102,策定,三重東近江線,2026/01/04,04:30,逆方向,-2000.0,0.0,0,0.0,-2000,周波数,0,0,0,0,0,2026/01/02 15:00:03
翌々日,20260102,策定,三重東近江線,2026/01/04,05:00,順方向,995.938,0.0,0,114.062,1110,周波数,0,0,0,0,0,2026/01/02 15:00:03
翌々日,20260102,策定,三重東近江線,2026/01/04,05:00,逆方向,-2000.0,0.0,0,0.0,-2000,周波数,0,0,0,0,0,2026/01/02 15:00:03
翌々日,20260102,策定,三重東近江線,2026/01/04,05:30,順方向,975.938,0.0,0,114.062,1090,周波数,0,0,0,0,0,2026/01/02 15:00:03
翌々日,20260102,策定,三重東近江線,2026/01/04,05:30,逆方向,-2000.0,0.0,0,0.0,-2000,周波数,0,0,0,0,0,2026/01/02 15:00:03
翌々日,20260102,策定,三重東近江線,2026/01/04,06:00,順方向,955.938,0.0,0,114.062,1070,周波数,0,0,0,0,0,2026/01/02 15:00:03
翌々日,20260102,策定,三重東近江線,2026/01/04,06:00,逆方向,-2000.0,0.0,0,0.0,-2000,周波数,0,0,0,0,0,2026/01/02 15:00:03
翌々日,20260102,策定,三重東近江線,2026/01/04,06:30,順方向,1060.0,0.0,0,0.0,1060,周波数,0,0,0,0,0,2026/01/02 15:00:03
翌々日,20260102,策定,三重東近江線,2026/01/04,06:30,逆方向,-2000.0,0.0,0,0.0,-2000,周波数,0,0,0,0,0,2026/01/02 15:00:03
翌々日,20260102,策定,三重東近江線,2026/01/04,07:00,順方向,1060.0,0.0,0,0.0,1060,周波数,0,0,0,0,0,2026/01/02 15:00:03
翌々日,20260102,策定,三重東近江線,2026/01/04,07:00,逆方向,-2000.0,0.0,0,0.0,-2000,周波数,0,0,0,0,0,2026/01/02 15:00:03
翌々日,20260102,策定,三重東近江線,2026/01/04,07:30,順方向,1070.0,0.0,0,0.0,1070,周波数,0,0,0,0,0,2026/01/02 15:00:03
翌々日,20260102,策定,三重東近江線,2026/01/04,07:30,逆方向,-2000.0,0.0,0,0.0,-2000,周波数,0,0,0,0,0,2026/01/02 15:00:03
翌々日,20260102,策定,三重東近江線,2026/01/04,08:00,順方向,1090.0,0.0,0,0.0,1090,周波数,0,0,0,0,0,2026/01/02 15:00:03
翌々日,20260102,策定,三重東近江線,2026/01/04,08:00,逆方向,-2000.0,0.0,0,0.0,-2000,周波数,0,0,0,0,0,2026/01/02 15:00:03
翌々日,20260102,策定,三重東近江線,2026/01/04,08:30,順方向,1010.0,0.0,0,0.0,1010,周波数,0,0,0,0,0,2026/01/02 15:00:03
翌々日,20260102,策定,三重東近江線,2026/01/04,08:30,逆方向,-2000.0,0.0,0,0.0,-2000,周波数,0,0,0,0,0,2026/01/02 15:00:03
翌々日,20260102,策定,三重東近江線,2026/01/04,09:00,順方向,900.0,0.0,0,0.0,900,周波数,0,0,0,0,0,2026/01/02 15:00:03
翌々日,20260102,策定,三重東近江線,2026/01/04,09:00,逆方向,-2000.0,0.0,0,0.0,-2000,周波数,0,0,0,0,0,2026/01/02 15:00:03
翌々日,20260102,策定,三重東近江線,2026/01/04,09:30,順方向,790.0,0.0,0,0.0,790,周波数,0,0,0,0,0,2026/01/02 15:00:03
翌々日,20260102,策定,三重東近江線,2026/01/04,09:30,逆方向,-2000.0,0.0,0,0.0,-2000,周波数,0,0,0,0,0,2026/01/02 15:00:03
翌々日,20260102,策定,三重東近江線,2026/01/04,10:00,順方向,680.0,0.0,0,0.0,680,周波数,0,0,0,0,0,2026/01/02 15:00:03
翌々日,20260102,策定,三重東近江線,2026/01/04,10:00,逆方向,-2000.0,0.0,0,0.0,-2000,周波数,0,0,0,0,0,2026/01/02 15:00:03
翌々日,20260102,策定,三重東近江線,2026/01/04,10:30,順方向,580.0,0.0,0,0.0,580,周波数,0,0,0,0,0,2026/01/02 15:00:03
翌々日,20260102,策定,三重東近江線,2026/01/04,10:30,逆方向,-2000.0,0.0,0,0.0,-2000,周波数,0,0,0,0,0,2026/01/02 15:00:03
翌々日,20260102,策定,三重東近江線,2026/01/04,11:00,順方向,530.0,0.0,0,0.0,530,周波数,0,0,0,0,0,2026/01/02 15:00:03
翌々日,20260102,策定,三重東近江線,2026/01/04,11:00,逆方向,-2000.0,0.0,0,0.0,-2000,周波数,0,0,0,0,0,2026/01/02 15:00:03
翌々日,20260102,策定,三重東近江線,2026/01/04,11:30,順方向,490.0,0.0,0,0.0,490,周波数,0,0,0,0,0,2026/01/02 15:00:03
翌々日,20260102,策定,三重東近江線,2026/01/04,11:30,逆方向,-2000.0,0.0,0,0.0,-2000,周波数,0,0,0,0,0,2026/01/02 15:00:03
翌々日,20260102,策定,三重東近江線,2026/01/04,12:00,順方向,460.0,0.0,0,0.0,460,周波数,0,0,0,0,0,2026/01/02 15:00:03
翌々日,20260102,策定,三重東近江線,2026/01/04,12:00,逆方向,-2000.0,0.0,0,0.0,-2000,周波数,0,0,0,0,0,2026/01/02 15:00:03
翌々日,20260102,策定,三重東近江線,2026/01/04,12:30,順方向,440.0,0.0,0,0.0,440,周波数,0,0,0,0,0,2026/01/02 15:00:03
翌々日,20260102,策定,三重東近江線,2026/01/04,12:30,逆方向,-2000.0,0.0,0,0.0,-2000,周波数,0,0,0,0,0,2026/01/02 15:00:03
翌々日,20260102,策定,三重東近江線,2026/01/04,13:00,順方向,440.0,0.0,0,0.0,440,周波数,0,0,0,0,0,2026/01/02 15:00:03
翌々日,20260102,策定,三重東近江線,2026/01/04,13:00,逆方向,-2000.0,0.0,0,0.0,-2000,周波数,0,0,0,0,0,2026/01/02 15:00:03
翌々日,20260102,策定,三重東近江線,2026/01/04,13:30,順方向,440.0,0.0,0,0.0,440,周波数,0,0,0,0,0,2026/01/02 15:00:03
翌々日,20260102,策定,三重東近江線,2026/01/04,13:30,逆方向,-2000.0,0.0,0,0.0,-2000,周波数,0,0,0,0,0,2026/01/02 15:00:03
翌々日,20260102,策定,三重東近江線,2026/01/04,14:00,順方向,440.0,0.0,0,0.0,440,周波数,0,0,0,0,0,2026/01/02 15:00:03
翌々日,20260102,策定,三重東近江線,2026/01/04,14:00,逆方向,-2000.0,0.0,0,0.0,-2000,周波数,0,0,0,0,0,2026/01/02 15:00:03
翌々日,20260102,策定,三重東近江線,2026/01/04,14:30,順方向,480.0,0.0,0,0.0,480,周波数,0,0,0,0,0,2026/01/02 15:00:03
翌々日,20260102,策定,三重東近江線,2026/01/04,14:30,逆方向,-2000.0,0.0,0,0.0,-2000,周波数,0,0,0,0,0,2026/01/02 15:00:03
翌々日,20260102,策定,三重東近江線,2026/01/04,15:00,順方向,520.0,0.0,0,0.0,520,周波数,0,0,0,0,0,2026/01/02 15:00:03
翌々日,20260102,策定,三重東近江線,2026/01/04,15:00,逆方向,-2000.0,0.0,0,0.0,-2000,周波数,0,0,0,0,0,2026/01/02 15:00:03
翌々日,20260102,策定,三重東近江線,2026/01/04,15:30,順方向,620.0,0.0,0,0.0,620,周波数,0,0,0,0,0,2026/01/02 15:00:03
翌々日,20260102,策定,三重東近江線,2026/01/04,15:30,逆方向,-2000.0,0.0,0,0.0,-2000,周波数,0,0,0,0,0,2026/01/02 15:00:03
翌々日,20260102,策定,三重東近江線,2026/01/04,16:00,順方向,720.0,0.0,0,0.0,720,周波数,0,0,0,0,0,2026/01/02 15:00:03
翌々日,20260102,策定,三重東近江線,2026/01/04,16:00,逆方向,-2000.0,0.0,0,0.0,-2000,周波数,0,0,0,0,0,2026/01/02 15:00:03
翌々日,20260102,策定,三重東近江線,2026/01/04,16:30,順方向,840.0,0.0,0,0.0,840,周波数,0,0,0,0,0,2026/01/02 15:00:03
翌々日,20260102,策定,三重東近江線,2026/01/04,16:30,逆方向,-2000.0,0.0,0,0.0,-2000,周波数,0,0,0,0,0,2026/01/02 15:00:03
翌々日,20260102,策定,三重東近江線,2026/01/04,17:00,順方向,960.0,0.0,0,0.0,960,周波数,0,0,0,0,0,2026/01/02 15:00:03
翌々日,20260102,策定,三重東近江線,2026/01/04,17:00,逆方向,-2000.0,0.0,0,0.0,-2000,周波数,0,0,0,0,0,2026/01/02 15:00:03
翌々日,20260102,策定,三重東近江線,2026/01/04,17:30,順方向,1080.0,0.0,0,0.0,1080,周波数,0,0,0,0,0,2026/01/02 15:00:03
翌々日,20260102,策定,三重東近江線,2026/01/04,17:30,逆方向,-2000.0,0.0,0,0.0,-2000,周波数,0,0,0,0,0,2026/01/02 15:00:03
翌々日,20260102,策定,三重東近江線,2026/01/04,18:00,順方向,1210.0,0.0,0,0.0,1210,周波数,0,0,0,0,0,2026/01/02 15:00:03
翌々日,20260102,策定,三重東近江線,2026/01/04,18:00,逆方向,-2000.0,0.0,0,0.0,-2000,周波数,0,0,0,0,0,2026/01/02 15:00:03
翌々日,20260102,策定,三重東近江線,2026/01/04,18:30,順方向,1240.0,0.0,0,0.0,1240,周波数,0,0,0,0,0,2026/01/02 15:00:03
翌々日,20260102,策定,三重東近江線,2026/01/04,18:30,逆方向,-2000.0,0.0,0,0.0,-2000,周波数,0,0,0,0,0,2026/01/02 15:00:03
翌々日,20260102,策定,三重東近江線,2026/01/04,19:00,順方向,1280.0,0.0,0,0.0,1280,周波数,0,0,0,0,0,2026/01/02 15:00:03
翌々日,20260102,策定,三重東近江線,2026/01/04,19:00,逆方向,-2000.0,0.0,0,0.0,-2000,周波数,0,0,0,0,0,2026/01/02 15:00:03
翌々日,20260102,策定,三重東近江線,2026/01/04,19:30,順方向,1280.0,0.0,0,0.0,1280,周波数,0,0,0,0,0,2026/01/02 15:00:03
翌々日,20260102,策定,三重東近江線,2026/01/04,19:30,逆方向,-2000.0,0.0,0,0.0,-2000,周波数,0,0,0,0,0,2026/01/02 15:00:03
翌々日,20260102,策定,三重東近江線,2026/01/04,20:00,順方向,1280.0,0.0,0,0.0,1280,周波数,0,0,0,0,0,2026/01/02 15:00:03
翌々日,20260102,策定,三重東近江線,2026/01/04,20:00,逆方向,-2000.0,0.0,0,0.0,-2000,周波数,0,0,0,0,0,2026/01/02 15:00:03
翌々日,20260102,策定,三重東近江線,2026/01/04,20:30,順方向,1280.0,0.0,0,0.0,1280,周波数,0,0,0,0,0,2026/01/02 15:00:03
翌々日,20260102,策定,三重東近江線,2026/01/04,20:30,逆方向,-2000.0,0.0,0,0.0,-2000,周波数,0,0,0,0,0,2026/01/02 15:00:03
翌々日,20260102,策定,三重東近江線,2026/01/04,21:00,順方向,1260.0,0.0,0,0.0,1260,周波数,0,0,0,0,0,2026/01/02 15:00:03
翌々日,20260102,策定,三重東近江線,2026/01/04,21:00,逆方向,-2000.0,0.0,0,0.0,-2000,周波数,0,0,0,0,0,2026/01/02 15:00:03
翌々日,20260102,策定,三重東近江線,2026/01/04,21:30,順方向,1216.62,0.0,0,23.38,1240,周波数,0,0,0,0,0,2026/01/02 15:00:03
翌々日,20260102,策定,三重東近江線,2026/01/04,21:30,逆方向,-2000.0,0.0,0,0.0,-2000,周波数,0,0,0,0,0,2026/01/02 15:00:03
翌々日,20260102,策定,三重東近江線,2026/01/04,22:00,順方向,1216.62,0.0,0,23.38,1240,周波数,0,0,0,0,0,2026/01/02 15:00:03
翌々日,20260102,策定,三重東近江線,2026/01/04,22:00,逆方向,-2000.0,0.0,0,0.0,-2000,周波数,0,0,0,0,0,2026/01/02 15:00:03
翌々日,20260102,策定,三重東近江線,2026/01/04,22:30,順方向,1156.62,0.0,0,23.38,1180,周波数,0,0,0,0,0,2026/01/02 15:00:03
翌々日,20260102,策定,三重東近江線,2026/01/04,22:30,逆方向,-2000.0,0.0,0,0.0,-2000,周波数,0,0,0,0,0,2026/01/02 15:00:03
翌々日,20260102,策定,三重東近江線,2026/01/04,23:00,順方向,1126.62,0.0,0,23.38,1150,周波数,0,0,0,0,0,2026/01/02 15:00:03
翌々日,20260102,策定,三重東近江線,2026/01/04,23:00,逆方向,-2000.0,0.0,0,0.0,-2000,周波数,0,0,0,0,0,2026/01/02 15:00:03
翌々日,20260102,策定,三重東近江線,2026/01/04,23:30,順方向,1106.62,0.0,0,23.38,1130,周波数,0,0,0,0,0,2026/01/02 15:00:03
翌々日,20260102,策定,三重東近江線,2026/01/04,23:30,逆方向,-2000.0,0.0,0,0.0,-2000,周波数,0,0,0,0,0,2026/01/02 15:00:03
翌々日,20260102,策定,三重東近江線,2026/01/04,24:00,順方向,1066.62,0.0,0,23.38,1090,周波数,0,0,0,0,0,2026/01/02 15:00:03
翌々日,20260102,策定,三重東近江線,2026/01/04,24:00,逆方向,-2000.0,0.0,0,0.0,-2000,周波数,0,0,0,0,0,2026/01/02 15:00:03
翌々日,20260102,策定,南福光連系所・南福光変電所の連系設備,2026/01/04,00:30,順方向,300.0,0.0,0,0.0,300,熱容量,0,0,0,0,0,2026/01/02 15:00:03
翌々日,20260102,策定,南福光連系所・南福光変電所の連系設備,2026/01/04,00:30,逆方向,-300.0,0.0,0,0.0,-300,熱容量,0,0,0,0,0,2026/01/02 15:00:03
翌々日,20260102,策定,南福光連系所・南福光変電所の連系設備,2026/01/04,01:00,順方向,300.0,0.0,0,0.0,300,熱容量,0,0,0,0,0,2026/01/02 15:00:03
翌々日,20260102,策定,南福光連系所・南福光変電所の連系設備,2026/01/04,01:00,逆方向,-300.0,0.0,0,0.0,-300,熱容量,0,0,0,0,0,2026/01/02 15:00:03
翌々日,20260102,策定,南福光連系所・南福光変電所の連系設備,2026/01/04,01:30,順方向,300.0,0.0,0,0.0,300,熱容量,0,0,0,0,0,2026/01/02 15:00:03
翌々日,20260102,策定,南福光連系所・南福光変電所の連系設備,2026/01/04,01:30,逆方向,-300.0,0.0,0,0.0,-300,熱容量,0,0,0,0,0,2026/01/02 15:00:03
翌々日,20260102,策定,南福光連系所・南福光変電所の連系設備,2026/01/04,02:00,順方向,300.0,0.0,0,0.0,300,熱容量,0,0,0,0,0,2026/01/02 15:00:03
翌々日,20260102,策定,南福光連系所・南福光変電所の連系設備,2026/01/04,02:00,逆方向,-300.0,0.0,0,0.0,-300,熱容量,0,0,0,0,0,2026/01/02 15:00:03
翌々日,20260102,策定,南福光連系所・南福光変電所の連系設備,2026/01/04,02:30,順方向,300.0,0.0,0,0.0,300,熱容量,0,0,0,0,0,2026/01/02 15:00:03
翌々日,20260102,策定,南福光連系所・南福光変電所の連系設備,2026/01/04,02:30,逆方向,-300.0,0.0,0,0.0,-300,熱容量,0,0,0,0,0,2026/01/02 15:00:03
翌々日,20260102,策定,南福光連系所・南福光変電所の連系設備,2026/01/04,03:00,順方向,300.0,0.0,0,0.0,300,熱容量,0,0,0,0,0,2026/01/02 15:00:03
翌々日,20260102,策定,南福光連系所・南福光変電所の連系設備,2026/01/04,03:00,逆方向,-300.0,0.0,0,0.0,-300,熱容量,0,0,0,0,0,2026/01/02 15:00:03
翌々日,20260102,策定,南福光連系所・南福光変電所の連系設備,2026/01/04,03:30,順方向,300.0,0.0,0,0.0,300,熱容量,0,0,0,0,0,2026/01/02 15:00:03
翌々日,20260102,策定,南福光連系所・南福光変電所の連系設備,2026/01/04,03:30,逆方向,-300.0,0.0,0,0.0,-300,熱容量,0,0,0,0,0,2026/01/02 15:00:03
翌々日,20260102,策定,南福光連系所・南福光変電所の連系設備,2026/01/04,04:00,順方向,300.0,0.0,0,0.0,300,熱容量,0,0,0,0,0,2026/01/02 15:00:03
翌々日,20260102,策定,南福光連系所・南福光変電所の連系設備,2026/01/04,04:00,逆方向,-300.0,0.0,0,0.0,-300,熱容量,0,0,0,0,0,2026/01/02 15:00:03
翌々日,20260102,策定,南福光連系所・南福光変電所の連系設備,2026/01/04,04:30,順方向,300.0,0.0,0,0.0,300,熱容量,0,0,0,0,0,2026/01/02 15:00:03
翌々日,20260102,策定,南福光連系所・南福光変電所の連系設備,2026/01/04,04:30,逆方向,-300.0,0.0,0,0.0,-300,熱容量,0,0,0,0,0,2026/01/02 15:00:03
翌々日,20260102,策定,南福光連系所・南福光変電所の連系設備,2026/01/04,05:00,順方向,300.0,0.0,0,0.0,300,熱容量,0,0,0,0,0,2026/01/02 15:00:03
翌々日,20260102,策定,南福光連系所・南福光変電所の連系設備,2026/01/04,05:00,逆方向,-300.0,0.0,0,0.0,-300,熱容量,0,0,0,0,0,2026/01/02 15:00:03
翌々日,20260102,策定,南福光連系所・南福光変電所の連系設備,2026/01/04,05:30,順方向,300.0,0.0,0,0.0,300,熱容量,0,0,0,0,0,2026/01/02 15:00:03
翌々日,20260102,策定,南福光連系所・南福光変電所の連系設備,2026/01/04,05:30,逆方向,-300.0,0.0,0,0.0,-300,熱容量,0,0,0,0,0,2026/01/02 15:00:03
翌々日,20260102,策定,南福光連系所・南福光変電所の連系設備,2026/01/04,06:00,順方向,300.0,0.0,0,0.0,300,熱容量,0,0,0,0,0,2026/01/02 15:00:03
翌々日,20260102,策定,南福光連系所・南福光変電所の連系設備,2026/01/04,06:00,逆方向,-300.0,0.0,0,0.0,-300,熱容量,0,0,0,0,0,2026/01/02 15:00:03
翌々日,20260102,策定,南福光連系所・南福光変電所の連系設備,2026/01/04,06:30,順方向,300.0,0.0,0,0.0,300,熱容量,0,0,0,0,0,2026/01/02 15:00:03
翌々日,20260102,策定,南福光連系所・南福光変電所の連系設備,2026/01/04,06:30,逆方向,-300.0,0.0,0,0.0,-300,熱容量,0,0,0,0,0,2026/01/02 15:00:03
翌々日,20260102,策定,南福光連系所・南福光変電所の連系設備,2026/01/04,07:00,順方向,300.0,0.0,0,0.0,300,熱容量,0,0,0,0,0,2026/01/02 15:00:03
翌々日,20260102,策定,南福光連系所・南福光変電所の連系設備,2026/01/04,07:00,逆方向,-300.0,0.0,0,0.0,-300,熱容量,0,0,0,0,0,2026/01/02 15:00:03
翌々日,20260102,策定,南福光連系所・南福光変電所の連系設備,2026/01/04,07:30,順方向,300.0,0.0,0,0.0,300,熱容量,0,0,0,0,0,2026/01/02 15:00:03
翌々日,20260102,策定,南福光連系所・南福光変電所の連系設備,2026/01/04,07:30,逆方向,-300.0,0.0,0,0.0,-300,熱容量,0,0,0,0,0,2026/01/02 15:00:03
翌々日,20260102,策定,南福光連系所・南福光変電所の連系設備,2026/01/04,08:00,順方向,300.0,0.0,0,0.0,300,熱容量,0,0,0,0,0,2026/01/02 15:00:03
翌々日,20260102,策定,南福光連系所・南福光変電所の連系設備,2026/01/04,08:00,逆方向,-300.0,0.0,0,0.0,-300,熱容量,0,0,0,0,0,2026/01/02 15:00:03
翌々日,20260102,策定,南福光連系所・南福光変電所の連系設備,2026/01/04,08:30,順方向,300.0,0.0,0,0.0,300,熱容量,0,0,0,0,0,2026/01/02 15:00:03
翌々日,20260102,策定,南福光連系所・南福光変電所の連系設備,2026/01/04,08:30,逆方向,-300.0,0.0,0,0.0,-300,熱容量,0,0,0,0,0,2026/01/02 15:00:03
翌々日,20260102,策定,南福光連系所・南福光変電所の連系設備,2026/01/04,09:00,順方向,300.0,0.0,0,0.0,300,熱容量,0,0,0,0,0,2026/01/02 15:00:03
翌々日,20260102,策定,南福光連系所・南福光変電所の連系設備,2026/01/04,09:00,逆方向,-300.0,0.0,0,0.0,-300,熱容量,0,0,0,0,0,2026/01/02 15:00:03
翌々日,20260102,策定,南福光連系所・南福光変電所の連系設備,2026/01/04,09:30,順方向,300.0,0.0,0,0.0,300,熱容量,0,0,0,0,0,2026/01/02 15:00:03
翌々日,20260102,策定,南福光連系所・南福光変電所の連系設備,2026/01/04,09:30,逆方向,-300.0,0.0,0,0.0,-300,熱容量,0,0,0,0,0,2026/01/02 15:00:03
翌々日,20260102,策定,南福光連系所・南福光変電所の連系設備,2026/01/04,10:00,順方向,300.0,0.0,0,0.0,300,熱容量,0,0,0,0,0,2026/01/02 15:00:03
翌々日,20260102,策定,南福光連系所・南福光変電所の連系設備,2026/01/04,10:00,逆方向,-300.0,0.0,0,0.0,-300,熱容量,0,0,0,0,0,2026/01/02 15:00:03
翌々日,20260102,策定,南福光連系所・南福光変電所の連系設備,2026/01/04,10:30,順方向,300.0,0.0,0,0.0,300,熱容量,0,0,0,0,0,2026/01/02 15:00:03
翌々日,20260102,策定,南福光連系所・南福光変電所の連系設備,2026/01/04,10:30,逆方向,-300.0,0.0,0,0.0,-300,熱容量,0,0,0,0,0,2026/01/02 15:00:03
翌々日,20260102,策定,南福光連系所・南福光変電所の連系設備,2026/01/04,11:00,順方向,300.0,0.0,0,0.0,300,熱容量,0,0,0,0,0,2026/01/02 15:00:03
翌々日,20260102,策定,南福光連系所・南福光変電所の連系設備,2026/01/04,11:00,逆方向,-300.0,0.0,0,0.0,-300,熱容量,0,0,0,0,0,2026/01/02 15:00:03
翌々日,20260102,策定,南福光連系所・南福光変電所の連系設備,2026/01/04,11:30,順方向,300.0,0.0,0,0.0,300,熱容量,0,0,0,0,0,2026/01/02 15:00:03
翌々日,20260102,策定,南福光連系所・南福光変電所の連系設備,2026/01/04,11:30,逆方向,-300.0,0.0,0,0.0,-300,熱容量,0,0,0,0,0,2026/01/02 15:00:03
翌々日,20260102,策定,南福光連系所・南福光変電所の連系設備,2026/01/04,12:00,順方向,300.0,0.0,0,0.0,300,熱容量,0,0,0,0,0,2026/01/02 15:00:03
翌々日,20260102,策定,南福光連系所・南福光変電所の連系設備,2026/01/04,12:00,逆方向,-300.0,0.0,0,0.0,-300,熱容量,0,0,0,0,0,2026/01/02 15:00:03
翌々日,20260102,策定,南福光連系所・南福光変電所の連系設備,2026/01/04,12:30,順方向,300.0,0.0,0,0.0,300,熱容量,0,0,0,0,0,2026/01/02 15:00:03
翌々日,20260102,策定,南福光連系所・南福光変電所の連系設備,2026/01/04,12:30,逆方向,-300.0,0.0,0,0.0,-300,熱容量,0,0,0,0,0,2026/01/02 15:00:03
翌々日,20260102,策定,南福光連系所・南福光変電所の連系設備,2026/01/04,13:00,順方向,300.0,0.0,0,0.0,300,熱容量,0,0,0,0,0,2026/01/02 15:00:03
翌々日,20260102,策定,南福光連系所・南福光変電所の連系設備,2026/01/04,13:00,逆方向,-300.0,0.0,0,0.0,-300,熱容量,0,0,0,0,0,2026/01/02 15:00:03
翌々日,20260102,策定,南福光連系所・南福光変電所の連系設備,2026/01/04,13:30,順方向,300.0,0.0,0,0.0,300,熱容量,0,0,0,0,0,2026/01/02 15:00:03
翌々日,20260102,策定,南福光連系所・南福光変電所の連系設備,2026/01/04,13:30,逆方向,-300.0,0.0,0,0.0,-300,熱容量,0,0,0,0,0,2026/01/02 15:00:03
翌々日,20260102,策定,南福光連系所・南福光変電所の連系設備,2026/01/04,14:00,順方向,300.0,0.0,0,0.0,300,熱容量,0,0,0,0,0,2026/01/02 15:00:03
翌々日,20260102,策定,南福光連系所・南福光変電所の連系設備,2026/01/04,14:00,逆方向,-300.0,0.0,0,0.0,-300,熱容量,0,0,0,0,0,2026/01/02 15:00:03
翌々日,20260102,策定,南福光連系所・南福光変電所の連系設備,2026/01/04,14:30,順方向,300.0,0.0,0,0.0,300,熱容量,0,0,0,0,0,2026/01/02 15:00:03
翌々日,20260102,策定,南福光連系所・南福光変電所の連系設備,2026/01/04,14:30,逆方向,-300.0,0.0,0,0.0,-300,熱容量,0,0,0,0,0,2026/01/02 15:00:03
翌々日,20260102,策定,南福光連系所・南福光変電所の連系設備,2026/01/04,15:00,順方向,300.0,0.0,0,0.0,300,熱容量,0,0,0,0,0,2026/01/02 15:00:03
翌々日,20260102,策定,南福光連系所・南福光変電所の連系設備,2026/01/04,15:00,逆方向,-300.0,0.0,0,0.0,-300,熱容量,0,0,0,0,0,2026/01/02 15:00:03
翌々日,20260102,策定,南福光連系所・南福光変電所の連系設備,2026/01/04,15:30,順方向,300.0,0.0,0,0.0,300,熱容量,0,0,0,0,0,2026/01/02 15:00:03
翌々日,20260102,策定,南福光連系所・南福光変電所の連系設備,2026/01/04,15:30,逆方向,-300.0,0.0,0,0.0,-300,熱容量,0,0,0,0,0,2026/01/02 15:00:03
翌々日,20260102,策定,南福光連系所・南福光変電所の連系設備,2026/01/04,16:00,順方向,300.0,0.0,0,0.0,300,熱容量,0,0,0,0,0,2026/01/02 15:00:03
翌々日,20260102,策定,南福光連系所・南福光変電所の連系設備,2026/01/04,16:00,逆方向,-300.0,0.0,0,0.0,-300,熱容量,0,0,0,0,0,2026/01/02 15:00:03
翌々日,20260102,策定,南福光連系所・南福光変電所の連系設備,2026/01/04,16:30,順方向,300.0,0.0,0,0.0,300,熱容量,0,0,0,0,0,2026/01/02 15:00:03
翌々日,20260102,策定,南福光連系所・南福光変電所の連系設備,2026/01/04,16:30,逆方向,-300.0,0.0,0,0.0,-300,熱容量,0,0,0,0,0,2026/01/02 15:00:03
翌々日,20260102,策定,南福光連系所・南福光変電所の連系設備,2026/01/04,17:00,順方向,300.0,0.0,0,0.0,300,熱容量,0,0,0,0,0,2026/01/02 15:00:03
翌々日,20260102,策定,南福光連系所・南福光変電所の連系設備,2026/01/04,17:00,逆方向,-300.0,0.0,0,0.0,-300,熱容量,0,0,0,0,0,2026/01/02 15:00:03
翌々日,20260102,策定,南福光連系所・南福光変電所の連系設備,2026/01/04,17:30,順方向,300.0,0.0,0,0.0,300,熱容量,0,0,0,0,0,2026/01/02 15:00:03
翌々日,20260102,策定,南福光連系所・南福光変電所の連系設備,2026/01/04,17:30,逆方向,-300.0,0.0,0,0.0,-300,熱容量,0,0,0,0,0,2026/01/02 15:00:03
翌々日,20260102,策定,南福光連系所・南福光変電所の連系設備,2026/01/04,18:00,順方向,300.0,0.0,0,0.0,300,熱容量,0,0,0,0,0,2026/01/02 15:00:03
翌々日,20260102,策定,南福光連系所・南福光変電所の連系設備,2026/01/04,18:00,逆方向,-300.0,0.0,0,0.0,-300,熱容量,0,0,0,0,0,2026/01/02 15:00:03
翌々日,20260102,策定,南福光連系所・南福光変電所の連系設備,2026/01/04,18:30,順方向,300.0,0.0,0,0.0,300,熱容量,0,0,0,0,0,2026/01/02 15:00:03
翌々日,20260102,策定,南福光連系所・南福光変電所の連系設備,2026/01/04,18:30,逆方向,-300.0,0.0,0,0.0,-300,熱容量,0,0,0,0,0,2026/01/02 15:00:03
翌々日,20260102,策定,南福光連系所・南福光変電所の連系設備,2026/01/04,19:00,順方向,300.0,0.0,0,0.0,300,熱容量,0,0,0,0,0,2026/01/02 15:00:03
翌々日,20260102,策定,南福光連系所・南福光変電所の連系設備,2026/01/04,19:00,逆方向,-300.0,0.0,0,0.0,-300,熱容量,0,0,0,0,0,2026/01/02 15:00:03
翌々日,20260102,策定,南福光連系所・南福光変電所の連系設備,2026/01/04,19:30,順方向,300.0,0.0,0,0.0,300,熱容量,0,0,0,0,0,2026/01/02 15:00:03
翌々日,20260102,策定,南福光連系所・南福光変電所の連系設備,2026/01/04,19:30,逆方向,-300.0,0.0,0,0.0,-300,熱容量,0,0,0,0,0,2026/01/02 15:00:03
翌々日,20260102,策定,南福光連系所・南福光変電所の連系設備,2026/01/04,20:00,順方向,300.0,0.0,0,0.0,300,熱容量,0,0,0,0,0,2026/01/02 15:00:03
翌々日,20260102,策定,南福光連系所・南福光変電所の連系設備,2026/01/04,20:00,逆方向,-300.0,0.0,0,0.0,-300,熱容量,0,0,0,0,0,2026/01/02 15:00:03
翌々日,20260102,策定,南福光連系所・南福光変電所の連系設備,2026/01/04,20:30,順方向,300.0,0.0,0,0.0,300,熱容量,0,0,0,0,0,2026/01/02 15:00:03
翌々日,20260102,策定,南福光連系所・南福光変電所の連系設備,2026/01/04,20:30,逆方向,-300.0,0.0,0,0.0,-300,熱容量,0,0,0,0,0,2026/01/02 15:00:03
翌々日,20260102,策定,南福光連系所・南福光変電所の連系設備,2026/01/04,21:00,順方向,300.0,0.0,0,0.0,300,熱容量,0,0,0,0,0,2026/01/02 15:00:03
翌々日,20260102,策定,南福光連系所・南福光変電所の連系設備,2026/01/04,21:00,逆方向,-300.0,0.0,0,0.0,-300,熱容量,0,0,0,0,0,2026/01/02 15:00:03
翌々日,20260102,策定,南福光連系所・南福光変電所の連系設備,2026/01/04,21:30,順方向,300.0,0.0,0,0.0,300,熱容量,0,0,0,0,0,2026/01/02 15:00:03
翌々日,20260102,策定,南福光連系所・南福光変電所の連系設備,2026/01/04,21:30,逆方向,-300.0,0.0,0,0.0,-300,熱容量,0,0,0,0,0,2026/01/02 15:00:03
翌々日,20260102,策定,南福光連系所・南福光変電所の連系設備,2026/01/04,22:00,順方向,300.0,0.0,0,0.0,300,熱容量,0,0,0,0,0,2026/01/02 15:00:03
翌々日,20260102,策定,南福光連系所・南福光変電所の連系設備,2026/01/04,22:00,逆方向,-300.0,0.0,0,0.0,-300,熱容量,0,0,0,0,0,2026/01/02 15:00:03
翌々日,20260102,策定,南福光連系所・南福光変電所の連系設備,2026/01/04,22:30,順方向,300.0,0.0,0,0.0,300,熱容量,0,0,0,0,0,2026/01/02 15:00:03
翌々日,20260102,策定,南福光連系所・南福光変電所の連系設備,2026/01/04,22:30,逆方向,-300.0,0.0,0,0.0,-300,熱容量,0,0,0,0,0,2026/01/02 15:00:03
翌々日,20260102,策定,南福光連系所・南福光変電所の連系設備,2026/01/04,23:00,順方向,300.0,0.0,0,0.0,300,熱容量,0,0,0,0,0,2026/01/02 15:00:03
翌々日,20260102,策定,南福光連系所・南福光変電所の連系設備,2026/01/04,23:00,逆方向,-300.0,0.0,0,0.0,-300,熱容量,0,0,0,0,0,2026/01/02 15:00:03
翌々日,20260102,策定,南福光連系所・南福光変電所の連系設備,2026/01/04,23:30,順方向,300.0,0.0,0,0.0,300,熱容量,0,0,0,0,0,2026/01/02 15:00:03
翌々日,20260102,策定,南福光連系所・南福光変電所の連系設備,2026/01/04,23:30,逆方向,-300.0,0.0,0,0.0,-300,熱容量,0,0,0,0,0,2026/01/02 15:00:03
翌々日,20260102,策定,南福光連系所・南福光変電所の連系設備,2026/01/04,24:00,順方向,300.0,0.0,0,0.0,300,熱容量,0,0,0,0,0,2026/01/02 15:00:03
翌々日,20260102,策定,南福光連系所・南福光変電所の連系設備,2026/01/04,24:00,逆方向,-300.0,0.0,0,0.0,-300,熱容量,0,0,0,0,0,2026/01/02 15:00:03
翌々日,20260102,策定,越前嶺南線,2026/01/04,00:30,順方向,1900.0,0.0,0,0.0,1900,安定度,0,0,0,0,0,2026/01/02 15:00:03
翌々日,20260102,策定,越前嶺南線,2026/01/04,00:30,逆方向,-900.0,0.0,0,0.0,-900,周波数,0,0,0,0,0,2026/01/02 15:00:03
翌々日,20260102,策定,越前嶺南線,2026/01/04,01:00,順方向,1900.0,0.0,0,0.0,1900,安定度,0,0,0,0,0,2026/01/02 15:00:03
翌々日,20260102,策定,越前嶺南線,2026/01/04,01:00,逆方向,-900.0,0.0,0,0.0,-900,周波数,0,0,0,0,0,2026/01/02 15:00:03
翌々日,20260102,策定,越前嶺南線,2026/01/04,01:30,順方向,1900.0,0.0,0,0.0,1900,安定度,0,0,0,0,0,2026/01/02 15:00:03
翌々日,20260102,策定,越前嶺南線,2026/01/04,01:30,逆方向,-900.0,0.0,0,0.0,-900,周波数,0,0,0,0,0,2026/01/02 15:00:03
翌々日,20260102,策定,越前嶺南線,2026/01/04,02:00,順方向,1900.0,0.0,0,0.0,1900,安定度,0,0,0,0,0,2026/01/02 15:00:03
翌々日,20260102,策定,越前嶺南線,2026/01/04,02:00,逆方向,-900.0,0.0,0,0.0,-900,周波数,0,0,0,0,0,2026/01/02 15:00:03
翌々日,20260102,策定,越前嶺南線,2026/01/04,02:30,順方向,1900.0,0.0,0,0.0,1900,安定度,0,0,0,0,0,2026/01/02 15:00:03
翌々日,20260102,策定,越前嶺南線,2026/01/04,02:30,逆方向,-900.0,0.0,0,0.0,-900,周波数,0,0,0,0,0,2026/01/02 15:00:03
翌々日,20260102,策定,越前嶺南線,2026/01/04,03:00,順方向,1900.0,0.0,0,0.0,1900,安定度,0,0,0,0,0,2026/01/02 15:00:03
翌々日,20260102,策定,越前嶺南線,2026/01/04,03:00,逆方向,-900.0,0.0,0,0.0,-900,周波数,0,0,0,0,0,2026/01/02 15:00:03
翌々日,20260102,策定,越前嶺南線,2026/01/04,03:30,順方向,1900.0,0.0,0,0.0,1900,安定度,0,0,0,0,0,2026/01/02 15:00:03
翌々日,20260102,策定,越前嶺南線,2026/01/04,03:30,逆方向,-900.0,0.0,0,0.0,-900,周波数,0,0,0,0,0,2026/01/02 15:00:03
翌々日,20260102,策定,越前嶺南線,2026/01/04,04:00,順方向,1900.0,0.0,0,0.0,1900,安定度,0,0,0,0,0,2026/01/02 15:00:03
翌々日,20260102,策定,越前嶺南線,2026/01/04,04:00,逆方向,-900.0,0.0,0,0.0,-900,周波数,0,0,0,0,0,2026/01/02 15:00:03
翌々日,20260102,策定,越前嶺南線,2026/01/04,04:30,順方向,1900.0,0.0,0,0.0,1900,安定度,0,0,0,0,0,2026/01/02 15:00:03
翌々日,20260102,策定,越前嶺南線,2026/01/04,04:30,逆方向,-900.0,0.0,0,0.0,-900,周波数,0,0,0,0,0,2026/01/02 15:00:03
翌々日,20260102,策定,越前嶺南線,2026/01/04,05:00,順方向,1900.0,0.0,0,0.0,1900,安定度,0,0,0,0,0,2026/01/02 15:00:03
翌々日,20260102,策定,越前嶺南線,2026/01/04,05:00,逆方向,-900.0,0.0,0,0.0,-900,周波数,0,0,0,0,0,2026/01/02 15:00:03
翌々日,20260102,策定,越前嶺南線,2026/01/04,05:30,順方向,1900.0,0.0,0,0.0,1900,安定度,0,0,0,0,0,2026/01/02 15:00:03
翌々日,20260102,策定,越前嶺南線,2026/01/04,05:30,逆方向,-900.0,0.0,0,0.0,-900,周波数,0,0,0,0,0,2026/01/02 15:00:03
翌々日,20260102,策定,越前嶺南線,2026/01/04,06:00,順方向,1900.0,0.0,0,0.0,1900,安定度,0,0,0,0,0,2026/01/02 15:00:03
翌々日,20260102,策定,越前嶺南線,2026/01/04,06:00,逆方向,-900.0,0.0,0,0.0,-900,周波数,0,0,0,0,0,2026/01/02 15:00:03
翌々日,20260102,策定,越前嶺南線,2026/01/04,06:30,順方向,1893.0,0.0,0,7.0,1900,安定度,0,0,0,0,0,2026/01/02 15:00:03
翌々日,20260102,策定,越前嶺南線,2026/01/04,06:30,逆方向,-900.0,0.0,0,0.0,-900,周波数,0,0,0,0,0,2026/01/02 15:00:03
翌々日,20260102,策定,越前嶺南線,2026/01/04,07:00,順方向,1893.0,0.0,0,7.0,1900,安定度,0,0,0,0,0,2026/01/02 15:00:03
翌々日,20260102,策定,越前嶺南線,2026/01/04,07:00,逆方向,-900.0,0.0,0,0.0,-900,周波数,0,0,0,0,0,2026/01/02 15:00:03
翌々日,20260102,策定,越前嶺南線,2026/01/04,07:30,順方向,1893.0,0.0,0,7.0,1900,安定度,0,0,0,0,0,2026/01/02 15:00:03
翌々日,20260102,策定,越前嶺南線,2026/01/04,07:30,逆方向,-900.0,0.0,0,0.0,-900,周波数,0,0,0,0,0,2026/01/02 15:00:03
翌々日,20260102,策定,越前嶺南線,2026/01/04,08:00,順方向,1893.0,0.0,0,7.0,1900,安定度,0,0,0,0,0,2026/01/02 15:00:03
翌々日,20260102,策定,越前嶺南線,2026/01/04,08:00,逆方向,-900.0,0.0,0,0.0,-900,周波数,0,0,0,0,0,2026/01/02 15:00:03
翌々日,20260102,策定,越前嶺南線,2026/01/04,08:30,順方向,1493.0,0.0,0,7.0,1500,周波数,0,0,0,0,0,2026/01/02 15:00:03
翌々日,20260102,策定,越前嶺南線,2026/01/04,08:30,逆方向,-900.0,0.0,0,0.0,-900,周波数,0,0,0,0,0,2026/01/02 15:00:03
翌々日,20260102,策定,越前嶺南線,2026/01/04,09:00,順方向,1493.0,0.0,0,7.0,1500,周波数,0,0,0,0,0,2026/01/02 15:00:03
翌々日,20260102,策定,越前嶺南線,2026/01/04,09:00,逆方向,-900.0,0.0,0,0.0,-900,周波数,0,0,0,0,0,2026/01/02 15:00:03
翌々日,20260102,策定,越前嶺南線,2026/01/04,09:30,順方向,1500.0,0.0,0,0.0,1500,周波数,0,0,0,0,0,2026/01/02 15:00:03
翌々日,20260102,策定,越前嶺南線,2026/01/04,09:30,逆方向,-900.0,0.0,0,0.0,-900,周波数,0,0,0,0,0,2026/01/02 15:00:03
翌々日,20260102,策定,越前嶺南線,2026/01/04,10:00,順方向,1500.0,0.0,0,0.0,1500,周波数,0,0,0,0,0,2026/01/02 15:00:03
翌々日,20260102,策定,越前嶺南線,2026/01/04,10:00,逆方向,-900.0,0.0,0,0.0,-900,周波数,0,0,0,0,0,2026/01/02 15:00:03
翌々日,20260102,策定,越前嶺南線,2026/01/04,10:30,順方向,1500.0,0.0,0,0.0,1500,周波数,0,0,0,0,0,2026/01/02 15:00:03
翌々日,20260102,策定,越前嶺南線,2026/01/04,10:30,逆方向,-900.0,0.0,0,0.0,-900,周波数,0,0,0,0,0,2026/01/02 15:00:03
翌々日,20260102,策定,越前嶺南線,2026/01/04,11:00,順方向,1500.0,0.0,0,0.0,1500,周波数,0,0,0,0,0,2026/01/02 15:00:03
翌々日,20260102,策定,越前嶺南線,2026/01/04,11:00,逆方向,-900.0,0.0,0,0.0,-900,周波数,0,0,0,0,0,2026/01/02 15:00:03
翌々日,20260102,策定,越前嶺南線,2026/01/04,11:30,順方向,1500.0,0.0,0,0.0,1500,周波数,0,0,0,0,0,2026/01/02 15:00:03
翌々日,20260102,策定,越前嶺南線,2026/01/04,11:30,逆方向,-900.0,0.0,0,0.0,-900,周波数,0,0,0,0,0,2026/01/02 15:00:03
翌々日,20260102,策定,越前嶺南線,2026/01/04,12:00,順方向,1500.0,0.0,0,0.0,1500,周波数,0,0,0,0,0,2026/01/02 15:00:03
翌々日,20260102,策定,越前嶺南線,2026/01/04,12:00,逆方向,-900.0,0.0,0,0.0,-900,周波数,0,0,0,0,0,2026/01/02 15:00:03
翌々日,20260102,策定,越前嶺南線,2026/01/04,12:30,順方向,1491.0,0.0,0,9.0,1500,周波数,0,0,0,0,0,2026/01/02 15:00:03
翌々日,20260102,策定,越前嶺南線,2026/01/04,12:30,逆方向,-900.0,0.0,0,0.0,-900,周波数,0,0,0,0,0,2026/01/02 15:00:03
翌々日,20260102,策定,越前嶺南線,2026/01/04,13:00,順方向,1491.0,0.0,0,9.0,1500,周波数,0,0,0,0,0,2026/01/02 15:00:03
翌々日,20260102,策定,越前嶺南線,2026/01/04,13:00,逆方向,-900.0,0.0,0,0.0,-900,周波数,0,0,0,0,0,2026/01/02 15:00:03
翌々日,20260102,策定,越前嶺南線,2026/01/04,13:30,順方向,1491.0,0.0,0,9.0,1500,周波数,0,0,0,0,0,2026/01/02 15:00:03
翌々日,20260102,策定,越前嶺南線,2026/01/04,13:30,逆方向,-900.0,0.0,0,0.0,-900,周波数,0,0,0,0,0,2026/01/02 15:00:03
翌々日,20260102,策定,越前嶺南線,2026/01/04,14:00,順方向,1491.0,0.0,0,9.0,1500,周波数,0,0,0,0,0,2026/01/02 15:00:03
翌々日,20260102,策定,越前嶺南線,2026/01/04,14:00,逆方向,-900.0,0.0,0,0.0,-900,周波数,0,0,0,0,0,2026/01/02 15:00:03
翌々日,20260102,策定,越前嶺南線,2026/01/04,14:30,順方向,1491.0,0.0,0,9.0,1500,周波数,0,0,0,0,0,2026/01/02 15:00:03
翌々日,20260102,策定,越前嶺南線,2026/01/04,14:30,逆方向,-900.0,0.0,0,0.0,-900,周波数,0,0,0,0,0,2026/01/02 15:00:03
翌々日,20260102,策定,越前嶺南線,2026/01/04,15:00,順方向,1491.0,0.0,0,9.0,1500,周波数,0,0,0,0,0,2026/01/02 15:00:03
翌々日,20260102,策定,越前嶺南線,2026/01/04,15:00,逆方向,-900.0,0.0,0,0.0,-900,周波数,0,0,0,0,0,2026/01/02 15:00:03
翌々日,20260102,策定,越前嶺南線,2026/01/04,15:30,順方向,1497.0,0.0,0,3.0,1500,周波数,0,0,0,0,0,2026/01/02 15:00:03
翌々日,20260102,策定,越前嶺南線,2026/01/04,15:30,逆方向,-900.0,0.0,0,0.0,-900,周波数,0,0,0,0,0,2026/01/02 15:00:03
翌々日,20260102,策定,越前嶺南線,2026/01/04,16:00,順方向,1497.0,0.0,0,3.0,1500,周波数,0,0,0,0,0,2026/01/02 15:00:03
翌々日,20260102,策定,越前嶺南線,2026/01/04,16:00,逆方向,-900.0,0.0,0,0.0,-900,周波数,0,0,0,0,0,2026/01/02 15:00:03
翌々日,20260102,策定,越前嶺南線,2026/01/04,16:30,順方向,1497.0,0.0,0,3.0,1500,周波数,0,0,0,0,0,2026/01/02 15:00:03
翌々日,20260102,策定,越前嶺南線,2026/01/04,16:30,逆方向,-900.0,0.0,0,0.0,-900,周波数,0,0,0,0,0,2026/01/02 15:00:03
翌々日,20260102,策定,越前嶺南線,2026/01/04,17:00,順方向,1497.0,0.0,0,3.0,1500,周波数,0,0,0,0,0,2026/01/02 15:00:03
翌々日,20260102,策定,越前嶺南線,2026/01/04,17:00,逆方向,-900.0,0.0,0,0.0,-900,周波数,0,0,0,0,0,2026/01/02 15:00:03
翌々日,20260102,策定,越前嶺南線,2026/01/04,17:30,順方向,1497.0,0.0,0,3.0,1500,周波数,0,0,0,0,0,2026/01/02 15:00:03
翌々日,20260102,策定,越前嶺南線,2026/01/04,17:30,逆方向,-900.0,0.0,0,0.0,-900,周波数,0,0,0,0,0,2026/01/02 15:00:03
翌々日,20260102,策定,越前嶺南線,2026/01/04,18:00,順方向,1497.0,0.0,0,3.0,1500,周波数,0,0,0,0,0,2026/01/02 15:00:03
翌々日,20260102,策定,越前嶺南線,2026/01/04,18:00,逆方向,-900.0,0.0,0,0.0,-900,周波数,0,0,0,0,0,2026/01/02 15:00:03
翌々日,20260102,策定,越前嶺南線,2026/01/04,18:30,順方向,1488.0,0.0,0,12.0,1500,周波数,0,0,0,0,0,2026/01/02 15:00:03
翌々日,20260102,策定,越前嶺南線,2026/01/04,18:30,逆方向,-900.0,0.0,0,0.0,-900,周波数,0,0,0,0,0,2026/01/02 15:00:03
翌々日,20260102,策定,越前嶺南線,2026/01/04,19:00,順方向,1488.0,0.0,0,12.0,1500,周波数,0,0,0,0,0,2026/01/02 15:00:03
翌々日,20260102,策定,越前嶺南線,2026/01/04,19:00,逆方向,-900.0,0.0,0,0.0,-900,周波数,0,0,0,0,0,2026/01/02 15:00:03
翌々日,20260102,策定,越前嶺南線,2026/01/04,19:30,順方向,1488.0,0.0,0,12.0,1500,周波数,0,0,0,0,0,2026/01/02 15:00:03
翌々日,20260102,策定,越前嶺南線,2026/01/04,19:30,逆方向,-900.0,0.0,0,0.0,-900,周波数,0,0,0,0,0,2026/01/02 15:00:03
翌々日,20260102,策定,越前嶺南線,2026/01/04,20:00,順方向,1488.0,0.0,0,12.0,1500,周波数,0,0,0,0,0,2026/01/02 15:00:03
翌々日,20260102,策定,越前嶺南線,2026/01/04,20:00,逆方向,-900.0,0.0,0,0.0,-900,周波数,0,0,0,0,0,2026/01/02 15:00:03
翌々日,20260102,策定,越前嶺南線,2026/01/04,20:30,順方向,1488.0,0.0,0,12.0,1500,周波数,0,0,0,0,0,2026/01/02 15:00:03
翌々日,20260102,策定,越前嶺南線,2026/01/04,20:30,逆方向,-900.0,0.0,0,0.0,-900,周波数,0,0,0,0,0,2026/01/02 15:00:03
翌々日,20260102,策定,越前嶺南線,2026/01/04,21:00,順方向,1488.0,0.0,0,12.0,1500,周波数,0,0,0,0,0,2026/01/02 15:00:03
翌々日,20260102,策定,越前嶺南線,2026/01/04,21:00,逆方向,-900.0,0.0,0,0.0,-900,周波数,0,0,0,0,0,2026/01/02 15:00:03
翌々日,20260102,策定,越前嶺南線,2026/01/04,21:30,順方向,1500.0,0.0,0,0.0,1500,周波数,0,0,0,0,0,2026/01/02 15:00:03
翌々日,20260102,策定,越前嶺南線,2026/01/04,21:30,逆方向,-900.0,0.0,0,0.0,-900,周波数,0,0,0,0,0,2026/01/02 15:00:03
翌々日,20260102,策定,越前嶺南線,2026/01/04,22:00,順方向,1500.0,0.0,0,0.0,1500,周波数,0,0,0,0,0,2026/01/02 15:00:03
翌々日,20260102,策定,越前嶺南線,2026/01/04,22:00,逆方向,-900.0,0.0,0,0.0,-900,周波数,0,0,0,0,0,2026/01/02 15:00:03
翌々日,20260102,策定,越前嶺南線,2026/01/04,22:30,順方向,1900.0,0.0,0,0.0,1900,安定度,0,0,0,0,0,2026/01/02 15:00:03
翌々日,20260102,策定,越前嶺南線,2026/01/04,22:30,逆方向,-900.0,0.0,0,0.0,-900,周波数,0,0,0,0,0,2026/01/02 15:00:03
翌々日,20260102,策定,越前嶺南線,2026/01/04,23:00,順方向,1900.0,0.0,0,0.0,1900,安定度,0,0,0,0,0,2026/01/02 15:00:03
翌々日,20260102,策定,越前嶺南線,2026/01/04,23:00,逆方向,-900.0,0.0,0,0.0,-900,周波数,0,0,0,0,0,2026/01/02 15:00:03
翌々日,20260102,策定,越前嶺南線,2026/01/04,23:30,順方向,1900.0,0.0,0,0.0,1900,安定度,0,0,0,0,0,2026/01/02 15:00:03
翌々日,20260102,策定,越前嶺南線,2026/01/04,23:30,逆方向,-900.0,0.0,0,0.0,-900,周波数,0,0,0,0,0,2026/01/02 15:00:03
翌々日,20260102,策定,越前嶺南線,2026/01/04,24:00,順方向,1900.0,0.0,0,0.0,1900,安定度,0,0,0,0,0,2026/01/02 15:00:03
翌々日,20260102,策定,越前嶺南線,2026/01/04,24:00,逆方向,-900.0,0.0,0,0.0,-900,周波数,0,0,0,0,0,2026/01/02 15:00:03
翌々日,20260102,策定,西播東岡山線・山崎智頭線,2026/01/04,00:30,順方向,3138.373,0.0,0,121.627,3260,熱容量,0,0,0,0,0,2026/01/02 15:00:03
翌々日,20260102,策定,西播東岡山線・山崎智頭線,2026/01/04,00:30,逆方向,-4750.0,0.0,0,0.0,-4750,電圧,0,0,0,0,0,2026/01/02 15:00:03
翌々日,20260102,策定,西播東岡山線・山崎智頭線,2026/01/04,01:00,順方向,3138.373,0.0,0,121.627,3260,熱容量,0,0,0,0,0,2026/01/02 15:00:03
翌々日,20260102,策定,西播東岡山線・山崎智頭線,2026/01/04,01:00,逆方向,-4750.0,0.0,0,0.0,-4750,電圧,0,0,0,0,0,2026/01/02 15:00:03
翌々日,20260102,策定,西播東岡山線・山崎智頭線,2026/01/04,01:30,順方向,3138.373,0.0,0,121.627,3260,熱容量,0,0,0,0,0,2026/01/02 15:00:03
翌々日,20260102,策定,西播東岡山線・山崎智頭線,2026/01/04,01:30,逆方向,-4750.0,0.0,0,0.0,-4750,電圧,0,0,0,0,0,2026/01/02 15:00:03
翌々日,20260102,策定,西播東岡山線・山崎智頭線,2026/01/04,02:00,順方向,3138.373,0.0,0,121.627,3260,熱容量,0,0,0,0,0,2026/01/02 15:00:03
翌々日,20260102,策定,西播東岡山線・山崎智頭線,2026/01/04,02:00,逆方向,-4750.0,0.0,0,0.0,-4750,電圧,0,0,0,0,0,2026/01/02 15:00:03
翌々日,20260102,策定,西播東岡山線・山崎智頭線,2026/01/04,02:30,順方向,3138.373,0.0,0,121.627,3260,熱容量,0,0,0,0,0,2026/01/02 15:00:03
翌々日,20260102,策定,西播東岡山線・山崎智頭線,2026/01/04,02:30,逆方向,-4750.0,0.0,0,0.0,-4750,電圧,0,0,0,0,0,2026/01/02 15:00:03
翌々日,20260102,策定,西播東岡山線・山崎智頭線,2026/01/04,03:00,順方向,3138.373,0.0,0,121.627,3260,熱容量,0,0,0,0,0,2026/01/02 15:00:03
翌々日,20260102,策定,西播東岡山線・山崎智頭線,2026/01/04,03:00,逆方向,-4750.0,0.0,0,0.0,-4750,電圧,0,0,0,0,0,2026/01/02 15:00:03
翌々日,20260102,策定,西播東岡山線・山崎智頭線,2026/01/04,03:30,順方向,3120.511,0.0,0,139.489,3260,熱容量,0,0,0,0,0,2026/01/02 15:00:03
翌々日,20260102,策定,西播東岡山線・山崎智頭線,2026/01/04,03:30,逆方向,-4750.0,0.0,0,0.0,-4750,電圧,0,0,0,0,0,2026/01/02 15:00:03
翌々日,20260102,策定,西播東岡山線・山崎智頭線,2026/01/04,04:00,順方向,3120.511,0.0,0,139.489,3260,熱容量,0,0,0,0,0,2026/01/02 15:00:03
翌々日,20260102,策定,西播東岡山線・山崎智頭線,2026/01/04,04:00,逆方向,-4750.0,0.0,0,0.0,-4750,電圧,0,0,0,0,0,2026/01/02 15:00:03
翌々日,20260102,策定,西播東岡山線・山崎智頭線,2026/01/04,04:30,順方向,3120.511,0.0,0,139.489,3260,熱容量,0,0,0,0,0,2026/01/02 15:00:03
翌々日,20260102,策定,西播東岡山線・山崎智頭線,2026/01/04,04:30,逆方向,-4750.0,0.0,0,0.0,-4750,電圧,0,0,0,0,0,2026/01/02 15:00:03
翌々日,20260102,策定,西播東岡山線・山崎智頭線,2026/01/04,05:00,順方向,3120.511,0.0,0,139.489,3260,熱容量,0,0,0,0,0,2026/01/02 15:00:03
翌々日,20260102,策定,西播東岡山線・山崎智頭線,2026/01/04,05:00,逆方向,-4750.0,0.0,0,0.0,-4750,電圧,0,0,0,0,0,2026/01/02 15:00:03
翌々日,20260102,策定,西播東岡山線・山崎智頭線,2026/01/04,05:30,順方向,3120.511,0.0,0,139.489,3260,熱容量,0,0,0,0,0,2026/01/02 15:00:03
翌々日,20260102,策定,西播東岡山線・山崎智頭線,2026/01/04,05:30,逆方向,-4750.0,0.0,0,0.0,-4750,電圧,0,0,0,0,0,2026/01/02 15:00:03
翌々日,20260102,策定,西播東岡山線・山崎智頭線,2026/01/04,06:00,順方向,3120.511,0.0,0,139.489,3260,熱容量,0,0,0,0,0,2026/01/02 15:00:03
翌々日,20260102,策定,西播東岡山線・山崎智頭線,2026/01/04,06:00,逆方向,-4750.0,0.0,0,0.0,-4750,電圧,0,0,0,0,0,2026/01/02 15:00:03
翌々日,20260102,策定,西播東岡山線・山崎智頭線,2026/01/04,06:30,順方向,3020.642,0.0,0,239.358,3260,熱容量,0,0,0,0,0,2026/01/02 15:00:03
翌々日,20260102,策定,西播東岡山線・山崎智頭線,2026/01/04,06:30,逆方向,-4750.0,0.0,0,0.0,-4750,電圧,0,0,0,0,0,2026/01/02 15:00:03
翌々日,20260102,策定,西播東岡山線・山崎智頭線,2026/01/04,07:00,順方向,3020.642,0.0,0,239.358,3260,熱容量,0,0,0,0,0,2026/01/02 15:00:03
翌々日,20260102,策定,西播東岡山線・山崎智頭線,2026/01/04,07:00,逆方向,-4750.0,0.0,0,0.0,-4750,電圧,0,0,0,0,0,2026/01/02 15:00:03
翌々日,20260102,策定,西播東岡山線・山崎智頭線,2026/01/04,07:30,順方向,3020.642,0.0,0,239.358,3260,熱容量,0,0,0,0,0,2026/01/02 15:00:03
翌々日,20260102,策定,西播東岡山線・山崎智頭線,2026/01/04,07:30,逆方向,-4750.0,0.0,0,0.0,-4750,電圧,0,0,0,0,0,2026/01/02 15:00:03
翌々日,20260102,策定,西播東岡山線・山崎智頭線,2026/01/04,08:00,順方向,3020.642,0.0,0,239.358,3260,熱容量,0,0,0,0,0,2026/01/02 15:00:03
翌々日,20260102,策定,西播東岡山線・山崎智頭線,2026/01/04,08:00,逆方向,-4750.0,0.0,0,0.0,-4750,電圧,0,0,0,0,0,2026/01/02 15:00:03
翌々日,20260102,策定,西播東岡山線・山崎智頭線,2026/01/04,08:30,順方向,3020.642,0.0,0,239.358,3260,熱容量,0,0,0,0,0,2026/01/02 15:00:03
翌々日,20260102,策定,西播東岡山線・山崎智頭線,2026/01/04,08:30,逆方向,-4750.0,0.0,0,0.0,-4750,電圧,0,0,0,0,0,2026/01/02 15:00:03
翌々日,20260102,策定,西播東岡山線・山崎智頭線,2026/01/04,09:00,順方向,3020.642,0.0,0,239.358,3260,熱容量,0,0,0,0,0,2026/01/02 15:00:03
翌々日,20260102,策定,西播東岡山線・山崎智頭線,2026/01/04,09:00,逆方向,-4750.0,0.0,0,0.0,-4750,電圧,0,0,0,0,0,2026/01/02 15:00:03
翌々日,20260102,策定,西播東岡山線・山崎智頭線,2026/01/04,09:30,順方向,3087.514,0.0,0,172.486,3260,熱容量,0,0,0,0,0,2026/01/02 15:00:03
翌々日,20260102,策定,西播東岡山線・山崎智頭線,2026/01/04,09:30,逆方向,-4731.713,0.0,0,-18.287,-4750,電圧,0,0,0,0,0,2026/01/02 15:00:03
翌々日,20260102,策定,西播東岡山線・山崎智頭線,2026/01/04,10:00,順方向,3087.514,0.0,0,172.486,3260,熱容量,0,0,0,0,0,2026/01/02 15:00:03
翌々日,20260102,策定,西播東岡山線・山崎智頭線,2026/01/04,10:00,逆方向,-4731.713,0.0,0,-18.287,-4750,電圧,0,0,0,0,0,2026/01/02 15:00:03
翌々日,20260102,策定,西播東岡山線・山崎智頭線,2026/01/04,10:30,順方向,3087.514,0.0,0,172.486,3260,熱容量,0,0,0,0,0,2026/01/02 15:00:03
翌々日,20260102,策定,西播東岡山線・山崎智頭線,2026/01/04,10:30,逆方向,-4731.713,0.0,0,-18.287,-4750,電圧,0,0,0,0,0,2026/01/02 15:00:03
翌々日,20260102,策定,西播東岡山線・山崎智頭線,2026/01/04,11:00,順方向,3087.514,0.0,0,172.486,3260,熱容量,0,0,0,0,0,2026/01/02 15:00:03
翌々日,20260102,策定,西播東岡山線・山崎智頭線,2026/01/04,11:00,逆方向,-4731.713,0.0,0,-18.287,-4750,電圧,0,0,0,0,0,2026/01/02 15:00:03
翌々日,20260102,策定,西播東岡山線・山崎智頭線,2026/01/04,11:30,順方向,3087.514,0.0,0,172.486,3260,熱容量,0,0,0,0,0,2026/01/02 15:00:03
翌々日,20260102,策定,西播東岡山線・山崎智頭線,2026/01/04,11:30,逆方向,-4731.713,0.0,0,-18.287,-4750,電圧,0,0,0,0,0,2026/01/02 15:00:03
翌々日,20260102,策定,西播東岡山線・山崎智頭線,2026/01/04,12:00,順方向,3087.514,0.0,0,172.486,3260,熱容量,0,0,0,0,0,2026/01/02 15:00:03
翌々日,20260102,策定,西播東岡山線・山崎智頭線,2026/01/04,12:00,逆方向,-4731.713,0.0,0,-18.287,-4750,電圧,0,0,0,0,0,2026/01/02 15:00:03
翌々日,20260102,策定,西播東岡山線・山崎智頭線,2026/01/04,12:30,順方向,3171.287,0.0,0,88.713,3260,熱容量,0,0,0,0,0,2026/01/02 15:00:03
翌々日,20260102,策定,西播東岡山線・山崎智頭線,2026/01/04,12:30,逆方向,-4750.0,0.0,0,0.0,-4750,電圧,0,0,0,0,0,2026/01/02 15:00:03
翌々日,20260102,策定,西播東岡山線・山崎智頭線,2026/01/04,13:00,順方向,3171.287,0.0,0,88.713,3260,熱容量,0,0,0,0,0,2026/01/02 15:00:03
翌々日,20260102,策定,西播東岡山線・山崎智頭線,2026/01/04,13:00,逆方向,-4750.0,0.0,0,0.0,-4750,電圧,0,0,0,0,0,2026/01/02 15:00:03
翌々日,20260102,策定,西播東岡山線・山崎智頭線,2026/01/04,13:30,順方向,3171.287,0.0,0,88.713,3260,熱容量,0,0,0,0,0,2026/01/02 15:00:03
翌々日,20260102,策定,西播東岡山線・山崎智頭線,2026/01/04,13:30,逆方向,-4750.0,0.0,0,0.0,-4750,電圧,0,0,0,0,0,2026/01/02 15:00:03
翌々日,20260102,策定,西播東岡山線・山崎智頭線,2026/01/04,14:00,順方向,3171.287,0.0,0,88.713,3260,熱容量,0,0,0,0,0,2026/01/02 15:00:03
翌々日,20260102,策定,西播東岡山線・山崎智頭線,2026/01/04,14:00,逆方向,-4750.0,0.0,0,0.0,-4750,電圧,0,0,0,0,0,2026/01/02 15:00:03
翌々日,20260102,策定,西播東岡山線・山崎智頭線,2026/01/04,14:30,順方向,3171.287,0.0,0,88.713,3260,熱容量,0,0,0,0,0,2026/01/02 15:00:03
翌々日,20260102,策定,西播東岡山線・山崎智頭線,2026/01/04,14:30,逆方向,-4750.0,0.0,0,0.0,-4750,電圧,0,0,0,0,0,2026/01/02 15:00:03
翌々日,20260102,策定,西播東岡山線・山崎智頭線,2026/01/04,15:00,順方向,3171.287,0.0,0,88.713,3260,熱容量,0,0,0,0,0,2026/01/02 15:00:03
翌々日,20260102,策定,西播東岡山線・山崎智頭線,2026/01/04,15:00,逆方向,-4750.0,0.0,0,0.0,-4750,電圧,0,0,0,0,0,2026/01/02 15:00:03
翌々日,20260102,策定,西播東岡山線・山崎智頭線,2026/01/04,15:30,順方向,3087.307,0.0,0,172.693,3260,熱容量,0,0,0,0,0,2026/01/02 15:00:03
翌々日,20260102,策定,西播東岡山線・山崎智頭線,2026/01/04,15:30,逆方向,-4737.0,0.0,0,-13.0,-4750,電圧,0,0,0,0,0,2026/01/02 15:00:03
翌々日,20260102,策定,西播東岡山線・山崎智頭線,2026/01/04,16:00,順方向,3087.307,0.0,0,172.693,3260,熱容量,0,0,0,0,0,2026/01/02 15:00:03
翌々日,20260102,策定,西播東岡山線・山崎智頭線,2026/01/04,16:00,逆方向,-4737.0,0.0,0,-13.0,-4750,電圧,0,0,0,0,0,2026/01/02 15:00:03
翌々日,20260102,策定,西播東岡山線・山崎智頭線,2026/01/04,16:30,順方向,3087.307,0.0,0,172.693,3260,熱容量,0,0,0,0,0,2026/01/02 15:00:03
翌々日,20260102,策定,西播東岡山線・山崎智頭線,2026/01/04,16:30,逆方向,-4737.0,0.0,0,-13.0,-4750,電圧,0,0,0,0,0,2026/01/02 15:00:03
翌々日,20260102,策定,西播東岡山線・山崎智頭線,2026/01/04,17:00,順方向,3087.307,0.0,0,172.693,3260,熱容量,0,0,0,0,0,2026/01/02 15:00:03
翌々日,20260102,策定,西播東岡山線・山崎智頭線,2026/01/04,17:00,逆方向,-4737.0,0.0,0,-13.0,-4750,電圧,0,0,0,0,0,2026/01/02 15:00:03
翌々日,20260102,策定,西播東岡山線・山崎智頭線,2026/01/04,17:30,順方向,3087.307,0.0,0,172.693,3260,熱容量,0,0,0,0,0,2026/01/02 15:00:03
翌々日,20260102,策定,西播東岡山線・山崎智頭線,2026/01/04,17:30,逆方向,-4737.0,0.0,0,-13.0,-4750,電圧,0,0,0,0,0,2026/01/02 15:00:03
翌々日,20260102,策定,西播東岡山線・山崎智頭線,2026/01/04,18:00,順方向,3087.307,0.0,0,172.693,3260,熱容量,0,0,0,0,0,2026/01/02 15:00:03
翌々日,20260102,策定,西播東岡山線・山崎智頭線,2026/01/04,18:00,逆方向,-4737.0,0.0,0,-13.0,-4750,電圧,0,0,0,0,0,2026/01/02 15:00:03
翌々日,20260102,策定,西播東岡山線・山崎智頭線,2026/01/04,18:30,順方向,3194.09,0.0,0,65.91,3260,熱容量,0,0,0,0,0,2026/01/02 15:00:03
翌々日,20260102,策定,西播東岡山線・山崎智頭線,2026/01/04,18:30,逆方向,-4747.457,0.0,0,-2.543,-4750,電圧,0,0,0,0,0,2026/01/02 15:00:03
翌々日,20260102,策定,西播東岡山線・山崎智頭線,2026/01/04,19:00,順方向,3194.09,0.0,0,65.91,3260,熱容量,0,0,0,0,0,2026/01/02 15:00:03
翌々日,20260102,策定,西播東岡山線・山崎智頭線,2026/01/04,19:00,逆方向,-4747.457,0.0,0,-2.543,-4750,電圧,0,0,0,0,0,2026/01/02 15:00:03
翌々日,20260102,策定,西播東岡山線・山崎智頭線,2026/01/04,19:30,順方向,3194.09,0.0,0,65.91,3260,熱容量,0,0,0,0,0,2026/01/02 15:00:03
翌々日,20260102,策定,西播東岡山線・山崎智頭線,2026/01/04,19:30,逆方向,-4747.457,0.0,0,-2.543,-4750,電圧,0,0,0,0,0,2026/01/02 15:00:03
翌々日,20260102,策定,西播東岡山線・山崎智頭線,2026/01/04,20:00,順方向,3194.09,0.0,0,65.91,3260,熱容量,0,0,0,0,0,2026/01/02 15:00:03
翌々日,20260102,策定,西播東岡山線・山崎智頭線,2026/01/04,20:00,逆方向,-4747.457,0.0,0,-2.543,-4750,電圧,0,0,0,0,0,2026/01/02 15:00:03
翌々日,20260102,策定,西播東岡山線・山崎智頭線,2026/01/04,20:30,順方向,3194.09,0.0,0,65.91,3260,熱容量,0,0,0,0,0,2026/01/02 15:00:03
翌々日,20260102,策定,西播東岡山線・山崎智頭線,2026/01/04,20:30,逆方向,-4747.457,0.0,0,-2.543,-4750,電圧,0,0,0,0,0,2026/01/02 15:00:03
翌々日,20260102,策定,西播東岡山線・山崎智頭線,2026/01/04,21:00,順方向,3194.09,0.0,0,65.91,3260,熱容量,0,0,0,0,0,2026/01/02 15:00:03
翌々日,20260102,策定,西播東岡山線・山崎智頭線,2026/01/04,21:00,逆方向,-4747.457,0.0,0,-2.543,-4750,電圧,0,0,0,0,0,2026/01/02 15:00:03
翌々日,20260102,策定,西播東岡山線・山崎智頭線,2026/01/04,21:30,順方向,3208.02,0.0,0,51.98,3260,熱容量,0,0,0,0,0,2026/01/02 15:00:03
翌々日,20260102,策定,西播東岡山線・山崎智頭線,2026/01/04,21:30,逆方向,-4744.527,0.0,0,-5.473,-4750,電圧,0,0,0,0,0,2026/01/02 15:00:03
翌々日,20260102,策定,西播東岡山線・山崎智頭線,2026/01/04,22:00,順方向,3208.02,0.0,0,51.98,3260,熱容量,0,0,0,0,0,2026/01/02 15:00:03
翌々日,20260102,策定,西播東岡山線・山崎智頭線,2026/01/04,22:00,逆方向,-4744.527,0.0,0,-5.473,-4750,電圧,0,0,0,0,0,2026/01/02 15:00:03
翌々日,20260102,策定,西播東岡山線・山崎智頭線,2026/01/04,22:30,順方向,3208.02,0.0,0,51.98,3260,熱容量,0,0,0,0,0,2026/01/02 15:00:03
翌々日,20260102,策定,西播東岡山線・山崎智頭線,2026/01/04,22:30,逆方向,-4744.527,0.0,0,-5.473,-4750,電圧,0,0,0,0,0,2026/01/02 15:00:03
翌々日,20260102,策定,西播東岡山線・山崎智頭線,2026/01/04,23:00,順方向,3208.02,0.0,0,51.98,3260,熱容量,0,0,0,0,0,2026/01/02 15:00:03
翌々日,20260102,策定,西播東岡山線・山崎智頭線,2026/01/04,23:00,逆方向,-4744.527,0.0,0,-5.473,-4750,電圧,0,0,0,0,0,2026/01/02 15:00:03
翌々日,20260102,策定,西播東岡山線・山崎智頭線,2026/01/04,23:30,順方向,3208.02,0.0,0,51.98,3260,熱容量,0,0,0,0,0,2026/01/02 15:00:03
翌々日,20260102,策定,西播東岡山線・山崎智頭線,2026/01/04,23:30,逆方向,-4744.527,0.0,0,-5.473,-4750,電圧,0,0,0,0,0,2026/01/02 15:00:03
翌々日,20260102,策定,西播東岡山線・山崎智頭線,2026/01/04,24:00,順方向,3208.02,0.0,0,51.98,3260,熱容量,0,0,0,0,0,2026/01/02 15:00:03
翌々日,20260102,策定,西播東岡山線・山崎智頭線,2026/01/04,24:00,逆方向,-4744.527,0.0,0,-5.473,-4750,電圧,0,0,0,0,0,2026/01/02 15:00:03
翌々日,20260102,策定,阿南紀北直流幹線,2026/01/04,00:30,順方向,0.0,0.0,0,0.0,0,安定度（作業）,0,0,0,0,0,2026/01/02 15:00:03
翌々日,20260102,策定,阿南紀北直流幹線,2026/01/04,00:30,逆方向,-70.0,0.0,0,0.0,-70,熱容量（作業）,0,0,0,0,0,2026/01/02 15:00:03
翌々日,20260102,策定,阿南紀北直流幹線,2026/01/04,01:00,順方向,0.0,0.0,0,0.0,0,安定度（作業）,0,0,0,0,0,2026/01/02 15:00:03
翌々日,20260102,策定,阿南紀北直流幹線,2026/01/04,01:00,逆方向,-70.0,0.0,0,0.0,-70,熱容量（作業）,0,0,0,0,0,2026/01/02 15:00:03
翌々日,20260102,策定,阿南紀北直流幹線,2026/01/04,01:30,順方向,0.0,0.0,0,0.0,0,安定度（作業）,0,0,0,0,0,2026/01/02 15:00:03
翌々日,20260102,策定,阿南紀北直流幹線,2026/01/04,01:30,逆方向,-70.0,0.0,0,0.0,-70,熱容量（作業）,0,0,0,0,0,2026/01/02 15:00:03
翌々日,20260102,策定,阿南紀北直流幹線,2026/01/04,02:00,順方向,0.0,0.0,0,0.0,0,安定度（作業）,0,0,0,0,0,2026/01/02 15:00:03
翌々日,20260102,策定,阿南紀北直流幹線,2026/01/04,02:00,逆方向,-70.0,0.0,0,0.0,-70,熱容量（作業）,0,0,0,0,0,2026/01/02 15:00:03
翌々日,20260102,策定,阿南紀北直流幹線,2026/01/04,02:30,順方向,0.0,0.0,0,0.0,0,安定度（作業）,0,0,0,0,0,2026/01/02 15:00:03
翌々日,20260102,策定,阿南紀北直流幹線,2026/01/04,02:30,逆方向,-70.0,0.0,0,0.0,-70,熱容量（作業）,0,0,0,0,0,2026/01/02 15:00:03
翌々日,20260102,策定,阿南紀北直流幹線,2026/01/04,03:00,順方向,0.0,0.0,0,0.0,0,安定度（作業）,0,0,0,0,0,2026/01/02 15:00:03
翌々日,20260102,策定,阿南紀北直流幹線,2026/01/04,03:00,逆方向,-70.0,0.0,0,0.0,-70,熱容量（作業）,0,0,0,0,0,2026/01/02 15:00:03
翌々日,20260102,策定,阿南紀北直流幹線,2026/01/04,03:30,順方向,0.0,0.0,0,0.0,0,安定度（作業）,0,0,0,0,0,2026/01/02 15:00:03
翌々日,20260102,策定,阿南紀北直流幹線,2026/01/04,03:30,逆方向,-70.0,0.0,0,0.0,-70,熱容量（作業）,0,0,0,0,0,2026/01/02 15:00:03
翌々日,20260102,策定,阿南紀北直流幹線,2026/01/04,04:00,順方向,0.0,0.0,0,0.0,0,安定度（作業）,0,0,0,0,0,2026/01/02 15:00:03
翌々日,20260102,策定,阿南紀北直流幹線,2026/01/04,04:00,逆方向,-70.0,0.0,0,0.0,-70,熱容量（作業）,0,0,0,0,0,2026/01/02 15:00:03
翌々日,20260102,策定,阿南紀北直流幹線,2026/01/04,04:30,順方向,0.0,0.0,0,0.0,0,安定度（作業）,0,0,0,0,0,2026/01/02 15:00:03
翌々日,20260102,策定,阿南紀北直流幹線,2026/01/04,04:30,逆方向,-70.0,0.0,0,0.0,-70,熱容量（作業）,0,0,0,0,0,2026/01/02 15:00:03
翌々日,20260102,策定,阿南紀北直流幹線,2026/01/04,05:00,順方向,0.0,0.0,0,0.0,0,安定度（作業）,0,0,0,0,0,2026/01/02 15:00:03
翌々日,20260102,策定,阿南紀北直流幹線,2026/01/04,05:00,逆方向,-70.0,0.0,0,0.0,-70,熱容量（作業）,0,0,0,0,0,2026/01/02 15:00:03
翌々日,20260102,策定,阿南紀北直流幹線,2026/01/04,05:30,順方向,0.0,0.0,0,0.0,0,安定度（作業）,0,0,0,0,0,2026/01/02 15:00:03
翌々日,20260102,策定,阿南紀北直流幹線,2026/01/04,05:30,逆方向,-70.0,0.0,0,0.0,-70,熱容量（作業）,0,0,0,0,0,2026/01/02 15:00:03
翌々日,20260102,策定,阿南紀北直流幹線,2026/01/04,06:00,順方向,0.0,0.0,0,0.0,0,安定度（作業）,0,0,0,0,0,2026/01/02 15:00:03
翌々日,20260102,策定,阿南紀北直流幹線,2026/01/04,06:00,逆方向,-70.0,0.0,0,0.0,-70,熱容量（作業）,0,0,0,0,0,2026/01/02 15:00:03
翌々日,20260102,策定,阿南紀北直流幹線,2026/01/04,06:30,順方向,0.0,0.0,0,0.0,0,安定度（作業）,0,0,0,0,0,2026/01/02 15:00:03
翌々日,20260102,策定,阿南紀北直流幹線,2026/01/04,06:30,逆方向,-70.0,0.0,0,0.0,-70,熱容量（作業）,0,0,0,0,0,2026/01/02 15:00:03
翌々日,20260102,策定,阿南紀北直流幹線,2026/01/04,07:00,順方向,0.0,0.0,0,0.0,0,安定度（作業）,0,0,0,0,0,2026/01/02 15:00:03
翌々日,20260102,策定,阿南紀北直流幹線,2026/01/04,07:00,逆方向,-70.0,0.0,0,0.0,-70,熱容量（作業）,0,0,0,0,0,2026/01/02 15:00:03
翌々日,20260102,策定,阿南紀北直流幹線,2026/01/04,07:30,順方向,0.0,0.0,0,0.0,0,安定度（作業）,0,0,0,0,0,2026/01/02 15:00:03
翌々日,20260102,策定,阿南紀北直流幹線,2026/01/04,07:30,逆方向,-70.0,0.0,0,0.0,-70,熱容量（作業）,0,0,0,0,0,2026/01/02 15:00:03
翌々日,20260102,策定,阿南紀北直流幹線,2026/01/04,08:00,順方向,0.0,0.0,0,0.0,0,安定度（作業）,0,0,0,0,0,2026/01/02 15:00:03
翌々日,20260102,策定,阿南紀北直流幹線,2026/01/04,08:00,逆方向,-70.0,0.0,0,0.0,-70,熱容量（作業）,0,0,0,0,0,2026/01/02 15:00:03
翌々日,20260102,策定,阿南紀北直流幹線,2026/01/04,08:30,順方向,0.0,0.0,0,0.0,0,安定度（作業）,0,0,0,0,0,2026/01/02 15:00:03
翌々日,20260102,策定,阿南紀北直流幹線,2026/01/04,08:30,逆方向,-70.0,0.0,0,0.0,-70,熱容量（作業）,0,0,0,0,0,2026/01/02 15:00:03
翌々日,20260102,策定,阿南紀北直流幹線,2026/01/04,09:00,順方向,0.0,0.0,0,0.0,0,安定度（作業）,0,0,0,0,0,2026/01/02 15:00:03
翌々日,20260102,策定,阿南紀北直流幹線,2026/01/04,09:00,逆方向,-70.0,0.0,0,0.0,-70,熱容量（作業）,0,0,0,0,0,2026/01/02 15:00:03
翌々日,20260102,策定,阿南紀北直流幹線,2026/01/04,09:30,順方向,0.0,0.0,0,0.0,0,安定度（作業）,0,0,0,0,0,2026/01/02 15:00:03
翌々日,20260102,策定,阿南紀北直流幹線,2026/01/04,09:30,逆方向,-70.0,0.0,0,0.0,-70,熱容量（作業）,0,0,0,0,0,2026/01/02 15:00:03
翌々日,20260102,策定,阿南紀北直流幹線,2026/01/04,10:00,順方向,0.0,0.0,0,0.0,0,安定度（作業）,0,0,0,0,0,2026/01/02 15:00:03
翌々日,20260102,策定,阿南紀北直流幹線,2026/01/04,10:00,逆方向,-70.0,0.0,0,0.0,-70,熱容量（作業）,0,0,0,0,0,2026/01/02 15:00:03
翌々日,20260102,策定,阿南紀北直流幹線,2026/01/04,10:30,順方向,0.0,0.0,0,0.0,0,安定度（作業）,0,0,0,0,0,2026/01/02 15:00:03
翌々日,20260102,策定,阿南紀北直流幹線,2026/01/04,10:30,逆方向,-70.0,0.0,0,0.0,-70,熱容量（作業）,0,0,0,0,0,2026/01/02 15:00:03
翌々日,20260102,策定,阿南紀北直流幹線,2026/01/04,11:00,順方向,0.0,0.0,0,0.0,0,安定度（作業）,0,0,0,0,0,2026/01/02 15:00:03
翌々日,20260102,策定,阿南紀北直流幹線,2026/01/04,11:00,逆方向,-70.0,0.0,0,0.0,-70,熱容量（作業）,0,0,0,0,0,2026/01/02 15:00:03
翌々日,20260102,策定,阿南紀北直流幹線,2026/01/04,11:30,順方向,0.0,0.0,0,0.0,0,安定度（作業）,0,0,0,0,0,2026/01/02 15:00:03
翌々日,20260102,策定,阿南紀北直流幹線,2026/01/04,11:30,逆方向,-70.0,0.0,0,0.0,-70,熱容量（作業）,0,0,0,0,0,2026/01/02 15:00:03
翌々日,20260102,策定,阿南紀北直流幹線,2026/01/04,12:00,順方向,0.0,0.0,0,0.0,0,安定度（作業）,0,0,0,0,0,2026/01/02 15:00:03
翌々日,20260102,策定,阿南紀北直流幹線,2026/01/04,12:00,逆方向,-70.0,0.0,0,0.0,-70,熱容量（作業）,0,0,0,0,0,2026/01/02 15:00:03
翌々日,20260102,策定,阿南紀北直流幹線,2026/01/04,12:30,順方向,0.0,0.0,0,0.0,0,安定度（作業）,0,0,0,0,0,2026/01/02 15:00:03
翌々日,20260102,策定,阿南紀北直流幹線,2026/01/04,12:30,逆方向,-70.0,0.0,0,0.0,-70,熱容量（作業）,0,0,0,0,0,2026/01/02 15:00:03
翌々日,20260102,策定,阿南紀北直流幹線,2026/01/04,13:00,順方向,0.0,0.0,0,0.0,0,安定度（作業）,0,0,0,0,0,2026/01/02 15:00:03
翌々日,20260102,策定,阿南紀北直流幹線,2026/01/04,13:00,逆方向,-70.0,0.0,0,0.0,-70,熱容量（作業）,0,0,0,0,0,2026/01/02 15:00:03
翌々日,20260102,策定,阿南紀北直流幹線,2026/01/04,13:30,順方向,0.0,0.0,0,0.0,0,安定度（作業）,0,0,0,0,0,2026/01/02 15:00:03
翌々日,20260102,策定,阿南紀北直流幹線,2026/01/04,13:30,逆方向,-70.0,0.0,0,0.0,-70,熱容量（作業）,0,0,0,0,0,2026/01/02 15:00:03
翌々日,20260102,策定,阿南紀北直流幹線,2026/01/04,14:00,順方向,0.0,0.0,0,0.0,0,安定度（作業）,0,0,0,0,0,2026/01/02 15:00:03
翌々日,20260102,策定,阿南紀北直流幹線,2026/01/04,14:00,逆方向,-70.0,0.0,0,0.0,-70,熱容量（作業）,0,0,0,0,0,2026/01/02 15:00:03
翌々日,20260102,策定,阿南紀北直流幹線,2026/01/04,14:30,順方向,0.0,0.0,0,0.0,0,安定度（作業）,0,0,0,0,0,2026/01/02 15:00:03
翌々日,20260102,策定,阿南紀北直流幹線,2026/01/04,14:30,逆方向,-70.0,0.0,0,0.0,-70,熱容量（作業）,0,0,0,0,0,2026/01/02 15:00:03
翌々日,20260102,策定,阿南紀北直流幹線,2026/01/04,15:00,順方向,0.0,0.0,0,0.0,0,安定度（作業）,0,0,0,0,0,2026/01/02 15:00:03
翌々日,20260102,策定,阿南紀北直流幹線,2026/01/04,15:00,逆方向,-70.0,0.0,0,0.0,-70,熱容量（作業）,0,0,0,0,0,2026/01/02 15:00:03
翌々日,20260102,策定,阿南紀北直流幹線,2026/01/04,15:30,順方向,0.0,0.0,0,0.0,0,安定度（作業）,0,0,0,0,0,2026/01/02 15:00:03
翌々日,20260102,策定,阿南紀北直流幹線,2026/01/04,15:30,逆方向,-70.0,0.0,0,0.0,-70,熱容量（作業）,0,0,0,0,0,2026/01/02 15:00:03
翌々日,20260102,策定,阿南紀北直流幹線,2026/01/04,16:00,順方向,0.0,0.0,0,0.0,0,安定度（作業）,0,0,0,0,0,2026/01/02 15:00:03
翌々日,20260102,策定,阿南紀北直流幹線,2026/01/04,16:00,逆方向,-70.0,0.0,0,0.0,-70,熱容量（作業）,0,0,0,0,0,2026/01/02 15:00:03
翌々日,20260102,策定,阿南紀北直流幹線,2026/01/04,16:30,順方向,0.0,0.0,0,0.0,0,安定度（作業）,0,0,0,0,0,2026/01/02 15:00:03
翌々日,20260102,策定,阿南紀北直流幹線,2026/01/04,16:30,逆方向,-70.0,0.0,0,0.0,-70,熱容量（作業）,0,0,0,0,0,2026/01/02 15:00:03
翌々日,20260102,策定,阿南紀北直流幹線,2026/01/04,17:00,順方向,0.0,0.0,0,0.0,0,安定度（作業）,0,0,0,0,0,2026/01/02 15:00:03
翌々日,20260102,策定,阿南紀北直流幹線,2026/01/04,17:00,逆方向,-70.0,0.0,0,0.0,-70,熱容量（作業）,0,0,0,0,0,2026/01/02 15:00:03
翌々日,20260102,策定,阿南紀北直流幹線,2026/01/04,17:30,順方向,0.0,0.0,0,0.0,0,安定度（作業）,0,0,0,0,0,2026/01/02 15:00:03
翌々日,20260102,策定,阿南紀北直流幹線,2026/01/04,17:30,逆方向,-70.0,0.0,0,0.0,-70,熱容量（作業）,0,0,0,0,0,2026/01/02 15:00:03
翌々日,20260102,策定,阿南紀北直流幹線,2026/01/04,18:00,順方向,0.0,0.0,0,0.0,0,安定度（作業）,0,0,0,0,0,2026/01/02 15:00:03
翌々日,20260102,策定,阿南紀北直流幹線,2026/01/04,18:00,逆方向,-70.0,0.0,0,0.0,-70,熱容量（作業）,0,0,0,0,0,2026/01/02 15:00:03
翌々日,20260102,策定,阿南紀北直流幹線,2026/01/04,18:30,順方向,0.0,0.0,0,0.0,0,安定度（作業）,0,0,0,0,0,2026/01/02 15:00:03
翌々日,20260102,策定,阿南紀北直流幹線,2026/01/04,18:30,逆方向,-70.0,0.0,0,0.0,-70,熱容量（作業）,0,0,0,0,0,2026/01/02 15:00:03
翌々日,20260102,策定,阿南紀北直流幹線,2026/01/04,19:00,順方向,0.0,0.0,0,0.0,0,安定度（作業）,0,0,0,0,0,2026/01/02 15:00:03
翌々日,20260102,策定,阿南紀北直流幹線,2026/01/04,19:00,逆方向,-70.0,0.0,0,0.0,-70,熱容量（作業）,0,0,0,0,0,2026/01/02 15:00:03
翌々日,20260102,策定,阿南紀北直流幹線,2026/01/04,19:30,順方向,0.0,0.0,0,0.0,0,安定度（作業）,0,0,0,0,0,2026/01/02 15:00:03
翌々日,20260102,策定,阿南紀北直流幹線,2026/01/04,19:30,逆方向,-70.0,0.0,0,0.0,-70,熱容量（作業）,0,0,0,0,0,2026/01/02 15:00:03
翌々日,20260102,策定,阿南紀北直流幹線,2026/01/04,20:00,順方向,0.0,0.0,0,0.0,0,安定度（作業）,0,0,0,0,0,2026/01/02 15:00:03
翌々日,20260102,策定,阿南紀北直流幹線,2026/01/04,20:00,逆方向,-70.0,0.0,0,0.0,-70,熱容量（作業）,0,0,0,0,0,2026/01/02 15:00:03
翌々日,20260102,策定,阿南紀北直流幹線,2026/01/04,20:30,順方向,0.0,0.0,0,0.0,0,安定度（作業）,0,0,0,0,0,2026/01/02 15:00:03
翌々日,20260102,策定,阿南紀北直流幹線,2026/01/04,20:30,逆方向,-70.0,0.0,0,0.0,-70,熱容量（作業）,0,0,0,0,0,2026/01/02 15:00:03
翌々日,20260102,策定,阿南紀北直流幹線,2026/01/04,21:00,順方向,0.0,0.0,0,0.0,0,安定度（作業）,0,0,0,0,0,2026/01/02 15:00:03
翌々日,20260102,策定,阿南紀北直流幹線,2026/01/04,21:00,逆方向,-70.0,0.0,0,0.0,-70,熱容量（作業）,0,0,0,0,0,2026/01/02 15:00:03
翌々日,20260102,策定,阿南紀北直流幹線,2026/01/04,21:30,順方向,0.0,0.0,0,0.0,0,安定度（作業）,0,0,0,0,0,2026/01/02 15:00:03
翌々日,20260102,策定,阿南紀北直流幹線,2026/01/04,21:30,逆方向,-70.0,0.0,0,0.0,-70,熱容量（作業）,0,0,0,0,0,2026/01/02 15:00:03
翌々日,20260102,策定,阿南紀北直流幹線,2026/01/04,22:00,順方向,0.0,0.0,0,0.0,0,安定度（作業）,0,0,0,0,0,2026/01/02 15:00:03
翌々日,20260102,策定,阿南紀北直流幹線,2026/01/04,22:00,逆方向,-70.0,0.0,0,0.0,-70,熱容量（作業）,0,0,0,0,0,2026/01/02 15:00:03
翌々日,20260102,策定,阿南紀北直流幹線,2026/01/04,22:30,順方向,0.0,0.0,0,0.0,0,安定度（作業）,0,0,0,0,0,2026/01/02 15:00:03
翌々日,20260102,策定,阿南紀北直流幹線,2026/01/04,22:30,逆方向,-70.0,0.0,0,0.0,-70,熱容量（作業）,0,0,0,0,0,2026/01/02 15:00:03
翌々日,20260102,策定,阿南紀北直流幹線,2026/01/04,23:00,順方向,0.0,0.0,0,0.0,0,安定度（作業）,0,0,0,0,0,2026/01/02 15:00:03
翌々日,20260102,策定,阿南紀北直流幹線,2026/01/04,23:00,逆方向,-70.0,0.0,0,0.0,-70,熱容量（作業）,0,0,0,0,0,2026/01/02 15:00:03
翌々日,20260102,策定,阿南紀北直流幹線,2026/01/04,23:30,順方向,0.0,0.0,0,0.0,0,安定度（作業）,0,0,0,0,0,2026/01/02 15:00:03
翌々日,20260102,策定,阿南紀北直流幹線,2026/01/04,23:30,逆方向,-70.0,0.0,0,0.0,-70,熱容量（作業）,0,0,0,0,0,2026/01/02 15:00:03
翌々日,20260102,策定,阿南紀北直流幹線,2026/01/04,24:00,順方向,0.0,0.0,0,0.0,0,安定度（作業）,0,0,0,0,0,2026/01/02 15:00:03
翌々日,20260102,策定,阿南紀北直流幹線,2026/01/04,24:00,逆方向,-70.0,0.0,0,0.0,-70,熱容量（作業）,0,0,0,0,0,2026/01/02 15:00:03
翌々日,20260102,策定,本四連系線,2026/01/04,00:30,順方向,1174.0,0.0,0,26.0,1200,熱容量,0,0,0,0,0,2026/01/02 15:00:03
翌々日,20260102,策定,本四連系線,2026/01/04,00:30,逆方向,-1187.527,0.0,0,-12.473,-1200,熱容量,0,0,0,0,0,2026/01/02 15:00:03
翌々日,20260102,策定,本四連系線,2026/01/04,01:00,順方向,1174.0,0.0,0,26.0,1200,熱容量,0,0,0,0,0,2026/01/02 15:00:03
翌々日,20260102,策定,本四連系線,2026/01/04,01:00,逆方向,-1187.527,0.0,0,-12.473,-1200,熱容量,0,0,0,0,0,2026/01/02 15:00:03
翌々日,20260102,策定,本四連系線,2026/01/04,01:30,順方向,1174.0,0.0,0,26.0,1200,熱容量,0,0,0,0,0,2026/01/02 15:00:03
翌々日,20260102,策定,本四連系線,2026/01/04,01:30,逆方向,-1187.527,0.0,0,-12.473,-1200,熱容量,0,0,0,0,0,2026/01/02 15:00:03
翌々日,20260102,策定,本四連系線,2026/01/04,02:00,順方向,1174.0,0.0,0,26.0,1200,熱容量,0,0,0,0,0,2026/01/02 15:00:03
翌々日,20260102,策定,本四連系線,2026/01/04,02:00,逆方向,-1187.527,0.0,0,-12.473,-1200,熱容量,0,0,0,0,0,2026/01/02 15:00:03
翌々日,20260102,策定,本四連系線,2026/01/04,02:30,順方向,1174.0,0.0,0,26.0,1200,熱容量,0,0,0,0,0,2026/01/02 15:00:03
翌々日,20260102,策定,本四連系線,2026/01/04,02:30,逆方向,-1187.527,0.0,0,-12.473,-1200,熱容量,0,0,0,0,0,2026/01/02 15:00:03
翌々日,20260102,策定,本四連系線,2026/01/04,03:00,順方向,1174.0,0.0,0,26.0,1200,熱容量,0,0,0,0,0,2026/01/02 15:00:03
翌々日,20260102,策定,本四連系線,2026/01/04,03:00,逆方向,-1187.527,0.0,0,-12.473,-1200,熱容量,0,0,0,0,0,2026/01/02 15:00:03
翌々日,20260102,策定,本四連系線,2026/01/04,03:30,順方向,1173.0,0.0,0,27.0,1200,熱容量,0,0,0,0,0,2026/01/02 15:00:03
翌々日,20260102,策定,本四連系線,2026/01/04,03:30,逆方向,-1186.457,0.0,0,-13.543,-1200,熱容量,0,0,0,0,0,2026/01/02 15:00:03
翌々日,20260102,策定,本四連系線,2026/01/04,04:00,順方向,1173.0,0.0,0,27.0,1200,熱容量,0,0,0,0,0,2026/01/02 15:00:03
翌々日,20260102,策定,本四連系線,2026/01/04,04:00,逆方向,-1186.457,0.0,0,-13.543,-1200,熱容量,0,0,0,0,0,2026/01/02 15:00:03
翌々日,20260102,策定,本四連系線,2026/01/04,04:30,順方向,1173.0,0.0,0,27.0,1200,熱容量,0,0,0,0,0,2026/01/02 15:00:03
翌々日,20260102,策定,本四連系線,2026/01/04,04:30,逆方向,-1186.457,0.0,0,-13.543,-1200,熱容量,0,0,0,0,0,2026/01/02 15:00:03
翌々日,20260102,策定,本四連系線,2026/01/04,05:00,順方向,1173.0,0.0,0,27.0,1200,熱容量,0,0,0,0,0,2026/01/02 15:00:03
翌々日,20260102,策定,本四連系線,2026/01/04,05:00,逆方向,-1186.457,0.0,0,-13.543,-1200,熱容量,0,0,0,0,0,2026/01/02 15:00:03
翌々日,20260102,策定,本四連系線,2026/01/04,05:30,順方向,1173.0,0.0,0,27.0,1200,熱容量,0,0,0,0,0,2026/01/02 15:00:03
翌々日,20260102,策定,本四連系線,2026/01/04,05:30,逆方向,-1186.457,0.0,0,-13.543,-1200,熱容量,0,0,0,0,0,2026/01/02 15:00:03
翌々日,20260102,策定,本四連系線,2026/01/04,06:00,順方向,1173.0,0.0,0,27.0,1200,熱容量,0,0,0,0,0,2026/01/02 15:00:03
翌々日,20260102,策定,本四連系線,2026/01/04,06:00,逆方向,-1186.457,0.0,0,-13.543,-1200,熱容量,0,0,0,0,0,2026/01/02 15:00:03
翌々日,20260102,策定,本四連系線,2026/01/04,06:30,順方向,1198.0,0.0,0,2.0,1200,熱容量,0,0,0,0,0,2026/01/02 15:00:03
翌々日,20260102,策定,本四連系線,2026/01/04,06:30,逆方向,-1200.0,0.0,0,0.0,-1200,熱容量,0,0,0,0,0,2026/01/02 15:00:03
翌々日,20260102,策定,本四連系線,2026/01/04,07:00,順方向,1198.0,0.0,0,2.0,1200,熱容量,0,0,0,0,0,2026/01/02 15:00:03
翌々日,20260102,策定,本四連系線,2026/01/04,07:00,逆方向,-1200.0,0.0,0,0.0,-1200,熱容量,0,0,0,0,0,2026/01/02 15:00:03
翌々日,20260102,策定,本四連系線,2026/01/04,07:30,順方向,1198.0,0.0,0,2.0,1200,熱容量,0,0,0,0,0,2026/01/02 15:00:03
翌々日,20260102,策定,本四連系線,2026/01/04,07:30,逆方向,-1200.0,0.0,0,0.0,-1200,熱容量,0,0,0,0,0,2026/01/02 15:00:03
翌々日,20260102,策定,本四連系線,2026/01/04,08:00,順方向,1198.0,0.0,0,2.0,1200,熱容量,0,0,0,0,0,2026/01/02 15:00:03
翌々日,20260102,策定,本四連系線,2026/01/04,08:00,逆方向,-1200.0,0.0,0,0.0,-1200,熱容量,0,0,0,0,0,2026/01/02 15:00:03
翌々日,20260102,策定,本四連系線,2026/01/04,08:30,順方向,1198.0,0.0,0,2.0,1200,熱容量,0,0,0,0,0,2026/01/02 15:00:03
翌々日,20260102,策定,本四連系線,2026/01/04,08:30,逆方向,-1200.0,0.0,0,0.0,-1200,熱容量,0,0,0,0,0,2026/01/02 15:00:03
翌々日,20260102,策定,本四連系線,2026/01/04,09:00,順方向,1198.0,0.0,0,2.0,1200,熱容量,0,0,0,0,0,2026/01/02 15:00:03
翌々日,20260102,策定,本四連系線,2026/01/04,09:00,逆方向,-1200.0,0.0,0,0.0,-1200,熱容量,0,0,0,0,0,2026/01/02 15:00:03
翌々日,20260102,策定,本四連系線,2026/01/04,09:30,順方向,1174.0,0.0,0,26.0,1200,熱容量,0,0,0,0,0,2026/01/02 15:00:03
翌々日,20260102,策定,本四連系線,2026/01/04,09:30,逆方向,-1450.0,0.0,0,0.0,-1450,熱容量,0,0,0,0,0,2026/01/02 15:00:03
翌々日,20260102,策定,本四連系線,2026/01/04,10:00,順方向,1174.0,0.0,0,26.0,1200,熱容量,0,0,0,0,0,2026/01/02 15:00:03
翌々日,20260102,策定,本四連系線,2026/01/04,10:00,逆方向,-1450.0,0.0,0,0.0,-1450,熱容量,0,0,0,0,0,2026/01/02 15:00:03
翌々日,20260102,策定,本四連系線,2026/01/04,10:30,順方向,1174.0,0.0,0,26.0,1200,熱容量,0,0,0,0,0,2026/01/02 15:00:03
翌々日,20260102,策定,本四連系線,2026/01/04,10:30,逆方向,-1450.0,0.0,0,0.0,-1450,熱容量,0,0,0,0,0,2026/01/02 15:00:03
翌々日,20260102,策定,本四連系線,2026/01/04,11:00,順方向,1174.0,0.0,0,26.0,1200,熱容量,0,0,0,0,0,2026/01/02 15:00:03
翌々日,20260102,策定,本四連系線,2026/01/04,11:00,逆方向,-1450.0,0.0,0,0.0,-1450,熱容量,0,0,0,0,0,2026/01/02 15:00:03
翌々日,20260102,策定,本四連系線,2026/01/04,11:30,順方向,1174.0,0.0,0,26.0,1200,熱容量,0,0,0,0,0,2026/01/02 15:00:03
翌々日,20260102,策定,本四連系線,2026/01/04,11:30,逆方向,-1450.0,0.0,0,0.0,-1450,熱容量,0,0,0,0,0,2026/01/02 15:00:03
翌々日,20260102,策定,本四連系線,2026/01/04,12:00,順方向,1174.0,0.0,0,26.0,1200,熱容量,0,0,0,0,0,2026/01/02 15:00:03
翌々日,20260102,策定,本四連系線,2026/01/04,12:00,逆方向,-1450.0,0.0,0,0.0,-1450,熱容量,0,0,0,0,0,2026/01/02 15:00:03
翌々日,20260102,策定,本四連系線,2026/01/04,12:30,順方向,1167.0,0.0,0,33.0,1200,熱容量,0,0,0,0,0,2026/01/02 15:00:03
翌々日,20260102,策定,本四連系線,2026/01/04,12:30,逆方向,-1450.0,0.0,0,0.0,-1450,熱容量,0,0,0,0,0,2026/01/02 15:00:03
翌々日,20260102,策定,本四連系線,2026/01/04,13:00,順方向,1167.0,0.0,0,33.0,1200,熱容量,0,0,0,0,0,2026/01/02 15:00:03
翌々日,20260102,策定,本四連系線,2026/01/04,13:00,逆方向,-1450.0,0.0,0,0.0,-1450,熱容量,0,0,0,0,0,2026/01/02 15:00:03
翌々日,20260102,策定,本四連系線,2026/01/04,13:30,順方向,1167.0,0.0,0,33.0,1200,熱容量,0,0,0,0,0,2026/01/02 15:00:03
翌々日,20260102,策定,本四連系線,2026/01/04,13:30,逆方向,-1450.0,0.0,0,0.0,-1450,熱容量,0,0,0,0,0,2026/01/02 15:00:03
翌々日,20260102,策定,本四連系線,2026/01/04,14:00,順方向,1167.0,0.0,0,33.0,1200,熱容量,0,0,0,0,0,2026/01/02 15:00:03
翌々日,20260102,策定,本四連系線,2026/01/04,14:00,逆方向,-1450.0,0.0,0,0.0,-1450,熱容量,0,0,0,0,0,2026/01/02 15:00:03
翌々日,20260102,策定,本四連系線,2026/01/04,14:30,順方向,1167.0,0.0,0,33.0,1200,熱容量,0,0,0,0,0,2026/01/02 15:00:03
翌々日,20260102,策定,本四連系線,2026/01/04,14:30,逆方向,-1450.0,0.0,0,0.0,-1450,熱容量,0,0,0,0,0,2026/01/02 15:00:03
翌々日,20260102,策定,本四連系線,2026/01/04,15:00,順方向,1167.0,0.0,0,33.0,1200,熱容量,0,0,0,0,0,2026/01/02 15:00:03
翌々日,20260102,策定,本四連系線,2026/01/04,15:00,逆方向,-1450.0,0.0,0,0.0,-1450,熱容量,0,0,0,0,0,2026/01/02 15:00:03
翌々日,20260102,策定,本四連系線,2026/01/04,15:30,順方向,1186.0,0.0,0,14.0,1200,熱容量,0,0,0,0,0,2026/01/02 15:00:03
翌々日,20260102,策定,本四連系線,2026/01/04,15:30,逆方向,-1200.0,0.0,0,0.0,-1200,熱容量,0,0,0,0,0,2026/01/02 15:00:03
翌々日,20260102,策定,本四連系線,2026/01/04,16:00,順方向,1186.0,0.0,0,14.0,1200,熱容量,0,0,0,0,0,2026/01/02 15:00:03
翌々日,20260102,策定,本四連系線,2026/01/04,16:00,逆方向,-1200.0,0.0,0,0.0,-1200,熱容量,0,0,0,0,0,2026/01/02 15:00:03
翌々日,20260102,策定,本四連系線,2026/01/04,16:30,順方向,1186.0,0.0,0,14.0,1200,熱容量,0,0,0,0,0,2026/01/02 15:00:03
翌々日,20260102,策定,本四連系線,2026/01/04,16:30,逆方向,-1200.0,0.0,0,0.0,-1200,熱容量,0,0,0,0,0,2026/01/02 15:00:03
翌々日,20260102,策定,本四連系線,2026/01/04,17:00,順方向,1186.0,0.0,0,14.0,1200,熱容量,0,0,0,0,0,2026/01/02 15:00:03
翌々日,20260102,策定,本四連系線,2026/01/04,17:00,逆方向,-1200.0,0.0,0,0.0,-1200,熱容量,0,0,0,0,0,2026/01/02 15:00:03
翌々日,20260102,策定,本四連系線,2026/01/04,17:30,順方向,1186.0,0.0,0,14.0,1200,熱容量,0,0,0,0,0,2026/01/02 15:00:03
翌々日,20260102,策定,本四連系線,2026/01/04,17:30,逆方向,-1200.0,0.0,0,0.0,-1200,熱容量,0,0,0,0,0,2026/01/02 15:00:03
翌々日,20260102,策定,本四連系線,2026/01/04,18:00,順方向,1186.0,0.0,0,14.0,1200,熱容量,0,0,0,0,0,2026/01/02 15:00:03
翌々日,20260102,策定,本四連系線,2026/01/04,18:00,逆方向,-1200.0,0.0,0,0.0,-1200,熱容量,0,0,0,0,0,2026/01/02 15:00:03
翌々日,20260102,策定,本四連系線,2026/01/04,18:30,順方向,1191.0,0.0,0,9.0,1200,熱容量,0,0,0,0,0,2026/01/02 15:00:03
翌々日,20260102,策定,本四連系線,2026/01/04,18:30,逆方向,-1179.457,0.0,0,-20.543,-1200,熱容量,0,0,0,0,0,2026/01/02 15:00:03
翌々日,20260102,策定,本四連系線,2026/01/04,19:00,順方向,1191.0,0.0,0,9.0,1200,熱容量,0,0,0,0,0,2026/01/02 15:00:03
翌々日,20260102,策定,本四連系線,2026/01/04,19:00,逆方向,-1179.457,0.0,0,-20.543,-1200,熱容量,0,0,0,0,0,2026/01/02 15:00:03
翌々日,20260102,策定,本四連系線,2026/01/04,19:30,順方向,1191.0,0.0,0,9.0,1200,熱容量,0,0,0,0,0,2026/01/02 15:00:03
翌々日,20260102,策定,本四連系線,2026/01/04,19:30,逆方向,-1179.457,0.0,0,-20.543,-1200,熱容量,0,0,0,0,0,2026/01/02 15:00:03
翌々日,20260102,策定,本四連系線,2026/01/04,20:00,順方向,1191.0,0.0,0,9.0,1200,熱容量,0,0,0,0,0,2026/01/02 15:00:03
翌々日,20260102,策定,本四連系線,2026/01/04,20:00,逆方向,-1179.457,0.0,0,-20.543,-1200,熱容量,0,0,0,0,0,2026/01/02 15:00:03
翌々日,20260102,策定,本四連系線,2026/01/04,20:30,順方向,1191.0,0.0,0,9.0,1200,熱容量,0,0,0,0,0,2026/01/02 15:00:03
翌々日,20260102,策定,本四連系線,2026/01/04,20:30,逆方向,-1179.457,0.0,0,-20.543,-1200,熱容量,0,0,0,0,0,2026/01/02 15:00:03
翌々日,20260102,策定,本四連系線,2026/01/04,21:00,順方向,1191.0,0.0,0,9.0,1200,熱容量,0,0,0,0,0,2026/01/02 15:00:03
翌々日,20260102,策定,本四連系線,2026/01/04,21:00,逆方向,-1179.457,0.0,0,-20.543,-1200,熱容量,0,0,0,0,0,2026/01/02 15:00:03
翌々日,20260102,策定,本四連系線,2026/01/04,21:30,順方向,1164.0,0.0,0,36.0,1200,熱容量,0,0,0,0,0,2026/01/02 15:00:03
翌々日,20260102,策定,本四連系線,2026/01/04,21:30,逆方向,-1194.527,0.0,0,-5.473,-1200,熱容量,0,0,0,0,0,2026/01/02 15:00:03
翌々日,20260102,策定,本四連系線,2026/01/04,22:00,順方向,1164.0,0.0,0,36.0,1200,熱容量,0,0,0,0,0,2026/01/02 15:00:03
翌々日,20260102,策定,本四連系線,2026/01/04,22:00,逆方向,-1194.527,0.0,0,-5.473,-1200,熱容量,0,0,0,0,0,2026/01/02 15:00:03
翌々日,20260102,策定,本四連系線,2026/01/04,22:30,順方向,1164.0,0.0,0,36.0,1200,熱容量,0,0,0,0,0,2026/01/02 15:00:03
翌々日,20260102,策定,本四連系線,2026/01/04,22:30,逆方向,-1194.527,0.0,0,-5.473,-1200,熱容量,0,0,0,0,0,2026/01/02 15:00:03
翌々日,20260102,策定,本四連系線,2026/01/04,23:00,順方向,1164.0,0.0,0,36.0,1200,熱容量,0,0,0,0,0,2026/01/02 15:00:03
翌々日,20260102,策定,本四連系線,2026/01/04,23:00,逆方向,-1194.527,0.0,0,-5.473,-1200,熱容量,0,0,0,0,0,2026/01/02 15:00:03
翌々日,20260102,策定,本四連系線,2026/01/04,23:30,順方向,1164.0,0.0,0,36.0,1200,熱容量,0,0,0,0,0,2026/01/02 15:00:03
翌々日,20260102,策定,本四連系線,2026/01/04,23:30,逆方向,-1194.527,0.0,0,-5.473,-1200,熱容量,0,0,0,0,0,2026/01/02 15:00:03
翌々日,20260102,策定,本四連系線,2026/01/04,24:00,順方向,1164.0,0.0,0,36.0,1200,熱容量,0,0,0,0,0,2026/01/02 15:00:03
翌々日,20260102,策定,本四連系線,2026/01/04,24:00,逆方向,-1194.527,0.0,0,-5.473,-1200,熱容量,0,0,0,0,0,2026/01/02 15:00:03
翌々日,20260102,策定,関門連系線,2026/01/04,00:30,順方向,320.0,0.0,0,120.0,440,周波数,0,0,0,0,0,2026/01/02 15:00:03
翌々日,20260102,策定,関門連系線,2026/01/04,00:30,逆方向,-1860.0,0.0,0,0.0,-1860,周波数,0,0,0,0,0,2026/01/02 15:00:03
翌々日,20260102,策定,関門連系線,2026/01/04,01:00,順方向,320.0,0.0,0,120.0,440,周波数,0,0,0,0,0,2026/01/02 15:00:03
翌々日,20260102,策定,関門連系線,2026/01/04,01:00,逆方向,-1840.0,0.0,0,0.0,-1840,周波数,0,0,0,0,0,2026/01/02 15:00:03
翌々日,20260102,策定,関門連系線,2026/01/04,01:30,順方向,320.0,0.0,0,120.0,440,周波数,0,0,0,0,0,2026/01/02 15:00:03
翌々日,20260102,策定,関門連系線,2026/01/04,01:30,逆方向,-1830.0,0.0,0,0.0,-1830,周波数,0,0,0,0,0,2026/01/02 15:00:03
翌々日,20260102,策定,関門連系線,2026/01/04,02:00,順方向,320.0,0.0,0,120.0,440,周波数,0,0,0,0,0,2026/01/02 15:00:03
翌々日,20260102,策定,関門連系線,2026/01/04,02:00,逆方向,-1830.0,0.0,0,0.0,-1830,周波数,0,0,0,0,0,2026/01/02 15:00:03
翌々日,20260102,策定,関門連系線,2026/01/04,02:30,順方向,330.0,0.0,0,120.0,450,周波数,0,0,0,0,0,2026/01/02 15:00:03
翌々日,20260102,策定,関門連系線,2026/01/04,02:30,逆方向,-1850.0,0.0,0,0.0,-1850,周波数,0,0,0,0,0,2026/01/02 15:00:03
翌々日,20260102,策定,関門連系線,2026/01/04,03:00,順方向,340.0,0.0,0,120.0,460,周波数,0,0,0,0,0,2026/01/02 15:00:03
翌々日,20260102,策定,関門連系線,2026/01/04,03:00,逆方向,-1880.0,0.0,0,0.0,-1880,周波数,0,0,0,0,0,2026/01/02 15:00:03
翌々日,20260102,策定,関門連系線,2026/01/04,03:30,順方向,425.122,0.0,0,44.878,470,周波数,0,0,0,0,0,2026/01/02 15:00:03
翌々日,20260102,策定,関門連系線,2026/01/04,03:30,逆方向,-1890.0,0.0,0,0.0,-1890,周波数,0,0,0,0,0,2026/01/02 15:00:03
翌々日,20260102,策定,関門連系線,2026/01/04,04:00,順方向,435.122,0.0,0,44.878,480,周波数,0,0,0,0,0,2026/01/02 15:00:03
翌々日,20260102,策定,関門連系線,2026/01/04,04:00,逆方向,-1900.0,0.0,0,0.0,-1900,周波数,0,0,0,0,0,2026/01/02 15:00:03
翌々日,20260102,策定,関門連系線,2026/01/04,04:30,順方向,435.122,0.0,0,44.878,480,周波数,0,0,0,0,0,2026/01/02 15:00:03
翌々日,20260102,策定,関門連系線,2026/01/04,04:30,逆方向,-1900.0,0.0,0,0.0,-1900,周波数,0,0,0,0,0,2026/01/02 15:00:03
翌々日,20260102,策定,関門連系線,2026/01/04,05:00,順方向,425.122,0.0,0,44.878,470,周波数,0,0,0,0,0,2026/01/02 15:00:03
翌々日,20260102,策定,関門連系線,2026/01/04,05:00,逆方向,-1880.0,0.0,0,0.0,-1880,周波数,0,0,0,0,0,2026/01/02 15:00:03
翌々日,20260102,策定,関門連系線,2026/01/04,05:30,順方向,425.122,0.0,0,44.878,470,周波数,0,0,0,0,0,2026/01/02 15:00:03
翌々日,20260102,策定,関門連系線,2026/01/04,05:30,逆方向,-1860.0,0.0,0,0.0,-1860,周波数,0,0,0,0,0,2026/01/02 15:00:03
翌々日,20260102,策定,関門連系線,2026/01/04,06:00,順方向,415.122,0.0,0,44.878,460,周波数,0,0,0,0,0,2026/01/02 15:00:03
翌々日,20260102,策定,関門連系線,2026/01/04,06:00,逆方向,-1850.0,0.0,0,0.0,-1850,周波数,0,0,0,0,0,2026/01/02 15:00:03
翌々日,20260102,策定,関門連系線,2026/01/04,06:30,順方向,303.0,0.0,0,147.0,450,周波数,0,0,0,0,0,2026/01/02 15:00:03
翌々日,20260102,策定,関門連系線,2026/01/04,06:30,逆方向,-1840.0,0.0,0,0.0,-1840,周波数,0,0,0,0,0,2026/01/02 15:00:03
翌々日,20260102,策定,関門連系線,2026/01/04,07:00,順方向,303.0,0.0,0,147.0,450,周波数,0,0,0,0,0,2026/01/02 15:00:03
翌々日,20260102,策定,関門連系線,2026/01/04,07:00,逆方向,-1840.0,0.0,0,0.0,-1840,周波数,0,0,0,0,0,2026/01/02 15:00:03
翌々日,20260102,策定,関門連系線,2026/01/04,07:30,順方向,303.0,0.0,0,147.0,450,周波数,0,0,0,0,0,2026/01/02 15:00:03
翌々日,20260102,策定,関門連系線,2026/01/04,07:30,逆方向,-1880.0,0.0,0,0.0,-1880,周波数,0,0,0,0,0,2026/01/02 15:00:03
翌々日,20260102,策定,関門連系線,2026/01/04,08:00,順方向,313.0,0.0,0,147.0,460,周波数,0,0,0,0,0,2026/01/02 15:00:03
翌々日,20260102,策定,関門連系線,2026/01/04,08:00,逆方向,-1920.0,0.0,0,0.0,-1920,周波数,0,0,0,0,0,2026/01/02 15:00:03
翌々日,20260102,策定,関門連系線,2026/01/04,08:30,順方向,263.0,0.0,0,147.0,410,周波数,0,0,0,0,0,2026/01/02 15:00:03
翌々日,20260102,策定,関門連系線,2026/01/04,08:30,逆方向,-2260.0,0.0,0,0.0,-2260,周波数,0,0,0,0,0,2026/01/02 15:00:03
翌々日,20260102,策定,関門連系線,2026/01/04,09:00,順方向,203.0,0.0,0,147.0,350,周波数,0,0,0,0,0,2026/01/02 15:00:03
翌々日,20260102,策定,関門連系線,2026/01/04,09:00,逆方向,-2260.0,0.0,0,0.0,-2260,周波数,0,0,0,0,0,2026/01/02 15:00:03
翌々日,20260102,策定,関門連系線,2026/01/04,09:30,順方向,300.0,0.0,0,0.0,300,周波数,0,0,0,0,0,2026/01/02 15:00:03
翌々日,20260102,策定,関門連系線,2026/01/04,09:30,逆方向,-2270.0,0.0,0,0.0,-2270,周波数,0,0,0,0,0,2026/01/02 15:00:03
翌々日,20260102,策定,関門連系線,2026/01/04,10:00,順方向,250.0,0.0,0,0.0,250,周波数,0,0,0,0,0,2026/01/02 15:00:03
翌々日,20260102,策定,関門連系線,2026/01/04,10:00,逆方向,-2240.0,0.0,0,0.0,-2240,周波数,0,0,0,0,0,2026/01/02 15:00:03
翌々日,20260102,策定,関門連系線,2026/01/04,10:30,順方向,200.0,0.0,0,0.0,200,周波数,0,0,0,0,0,2026/01/02 15:00:03
翌々日,20260102,策定,関門連系線,2026/01/04,10:30,逆方向,-2201.0,0.0,0,0.0,-2201,周波数,0,0,0,0,0,2026/01/02 15:00:03
翌々日,20260102,策定,関門連系線,2026/01/04,11:00,順方向,170.0,0.0,0,0.0,170,周波数,0,0,0,0,0,2026/01/02 15:00:03
翌々日,20260102,策定,関門連系線,2026/01/04,11:00,逆方向,-1919.0,0.0,0,0.0,-1919,周波数,0,0,0,0,0,2026/01/02 15:00:03
翌々日,20260102,策定,関門連系線,2026/01/04,11:30,順方向,140.0,0.0,0,0.0,140,周波数,0,0,0,0,0,2026/01/02 15:00:03
翌々日,20260102,策定,関門連系線,2026/01/04,11:30,逆方向,-1919.0,0.0,0,0.0,-1919,周波数,0,0,0,0,0,2026/01/02 15:00:03
翌々日,20260102,策定,関門連系線,2026/01/04,12:00,順方向,130.0,0.0,0,0.0,130,周波数,0,0,0,0,0,2026/01/02 15:00:03
翌々日,20260102,策定,関門連系線,2026/01/04,12:00,逆方向,-1919.0,0.0,0,0.0,-1919,周波数,0,0,0,0,0,2026/01/02 15:00:03
翌々日,20260102,策定,関門連系線,2026/01/04,12:30,順方向,103.0,0.0,0,27.0,130,周波数,0,0,0,0,0,2026/01/02 15:00:03
翌々日,20260102,策定,関門連系線,2026/01/04,12:30,逆方向,-1919.0,0.0,0,0.0,-1919,周波数,0,0,0,0,0,2026/01/02 15:00:03
翌々日,20260102,策定,関門連系線,2026/01/04,13:00,順方向,103.0,0.0,0,27.0,130,周波数,0,0,0,0,0,2026/01/02 15:00:03
翌々日,20260102,策定,関門連系線,2026/01/04,13:00,逆方向,-1919.0,0.0,0,0.0,-1919,周波数,0,0,0,0,0,2026/01/02 15:00:03
翌々日,20260102,策定,関門連系線,2026/01/04,13:30,順方向,103.0,0.0,0,27.0,130,周波数,0,0,0,0,0,2026/01/02 15:00:03
翌々日,20260102,策定,関門連系線,2026/01/04,13:30,逆方向,-1919.0,0.0,0,0.0,-1919,周波数,0,0,0,0,0,2026/01/02 15:00:03
翌々日,20260102,策定,関門連系線,2026/01/04,14:00,順方向,103.0,0.0,0,27.0,130,周波数,0,0,0,0,0,2026/01/02 15:00:03
翌々日,20260102,策定,関門連系線,2026/01/04,14:00,逆方向,-1909.0,0.0,0,0.0,-1909,周波数,0,0,0,0,0,2026/01/02 15:00:03
翌々日,20260102,策定,関門連系線,2026/01/04,14:30,順方向,113.0,0.0,0,27.0,140,周波数,0,0,0,0,0,2026/01/02 15:00:03
翌々日,20260102,策定,関門連系線,2026/01/04,14:30,逆方向,-1899.0,0.0,0,0.0,-1899,周波数,0,0,0,0,0,2026/01/02 15:00:03
翌々日,20260102,策定,関門連系線,2026/01/04,15:00,順方向,133.0,0.0,0,27.0,160,周波数,0,0,0,0,0,2026/01/02 15:00:03
翌々日,20260102,策定,関門連系線,2026/01/04,15:00,逆方向,-1918.0,0.0,0,0.0,-1918,周波数,0,0,0,0,0,2026/01/02 15:00:03
翌々日,20260102,策定,関門連系線,2026/01/04,15:30,順方向,185.001,0.0,0,14.999,200,周波数,0,0,0,0,0,2026/01/02 15:00:03
翌々日,20260102,策定,関門連系線,2026/01/04,15:30,逆方向,-2100.0,0.0,0,0.0,-2100,周波数,0,0,0,0,0,2026/01/02 15:00:03
翌々日,20260102,策定,関門連系線,2026/01/04,16:00,順方向,235.001,0.0,0,14.999,250,周波数,0,0,0,0,0,2026/01/02 15:00:03
翌々日,20260102,策定,関門連系線,2026/01/04,16:00,逆方向,-2110.0,0.0,0,0.0,-2110,周波数,0,0,0,0,0,2026/01/02 15:00:03
翌々日,20260102,策定,関門連系線,2026/01/04,16:30,順方向,305.001,0.0,0,14.999,320,周波数,0,0,0,0,0,2026/01/02 15:00:03
翌々日,20260102,策定,関門連系線,2026/01/04,16:30,逆方向,-2150.0,0.0,0,0.0,-2150,周波数,0,0,0,0,0,2026/01/02 15:00:03
翌々日,20260102,策定,関門連系線,2026/01/04,17:00,順方向,375.001,0.0,0,14.999,390,周波数,0,0,0,0,0,2026/01/02 15:00:03
翌々日,20260102,策定,関門連系線,2026/01/04,17:00,逆方向,-2200.0,0.0,0,0.0,-2200,周波数,0,0,0,0,0,2026/01/02 15:00:03
翌々日,20260102,策定,関門連系線,2026/01/04,17:30,順方向,435.001,0.0,0,14.999,450,周波数,0,0,0,0,0,2026/01/02 15:00:03
翌々日,20260102,策定,関門連系線,2026/01/04,17:30,逆方向,-2290.0,0.0,0,0.0,-2290,周波数,0,0,0,0,0,2026/01/02 15:00:03
翌々日,20260102,策定,関門連系線,2026/01/04,18:00,順方向,495.001,0.0,0,14.999,510,周波数,0,0,0,0,0,2026/01/02 15:00:03
翌々日,20260102,策定,関門連系線,2026/01/04,18:00,逆方向,-2380.0,0.0,0,0.0,-2380,周波数,0,0,0,0,0,2026/01/02 15:00:03
翌々日,20260102,策定,関門連系線,2026/01/04,18:30,順方向,472.0,0.0,0,58.0,530,周波数,0,0,0,0,0,2026/01/02 15:00:03
翌々日,20260102,策定,関門連系線,2026/01/04,18:30,逆方向,-2362.0,0.0,0,-38.0,-2400,周波数,0,0,0,0,0,2026/01/02 15:00:03
翌々日,20260102,策定,関門連系線,2026/01/04,19:00,順方向,482.0,0.0,0,58.0,540,周波数,0,0,0,0,0,2026/01/02 15:00:03
翌々日,20260102,策定,関門連系線,2026/01/04,19:00,逆方向,-2382.0,0.0,0,-38.0,-2420,周波数,0,0,0,0,0,2026/01/02 15:00:03
翌々日,20260102,策定,関門連系線,2026/01/04,19:30,順方向,482.0,0.0,0,58.0,540,周波数,0,0,0,0,0,2026/01/02 15:00:03
翌々日,20260102,策定,関門連系線,2026/01/04,19:30,逆方向,-2372.0,0.0,0,-38.0,-2410,周波数,0,0,0,0,0,2026/01/02 15:00:03
翌々日,20260102,策定,関門連系線,2026/01/04,20:00,順方向,472.0,0.0,0,58.0,530,周波数,0,0,0,0,0,2026/01/02 15:00:03
翌々日,20260102,策定,関門連系線,2026/01/04,20:00,逆方向,-2342.0,0.0,0,-38.0,-2380,周波数,0,0,0,0,0,2026/01/02 15:00:03
翌々日,20260102,策定,関門連系線,2026/01/04,20:30,順方向,462.0,0.0,0,58.0,520,周波数,0,0,0,0,0,2026/01/02 15:00:03
翌々日,20260102,策定,関門連系線,2026/01/04,20:30,逆方向,-2322.0,0.0,0,-38.0,-2360,周波数,0,0,0,0,0,2026/01/02 15:00:03
翌々日,20260102,策定,関門連系線,2026/01/04,21:00,順方向,452.0,0.0,0,58.0,510,周波数,0,0,0,0,0,2026/01/02 15:00:03
翌々日,20260102,策定,関門連系線,2026/01/04,21:00,逆方向,-2272.0,0.0,0,-38.0,-2310,周波数,0,0,0,0,0,2026/01/02 15:00:03
翌々日,20260102,策定,関門連系線,2026/01/04,21:30,順方向,470.0,0.0,0,30.0,500,周波数,0,0,0,0,0,2026/01/02 15:00:03
翌々日,20260102,策定,関門連系線,2026/01/04,21:30,逆方向,-2270.0,0.0,0,0.0,-2270,周波数,0,0,0,0,0,2026/01/02 15:00:03
翌々日,20260102,策定,関門連系線,2026/01/04,22:00,順方向,470.0,0.0,0,30.0,500,周波数,0,0,0,0,0,2026/01/02 15:00:03
翌々日,20260102,策定,関門連系線,2026/01/04,22:00,逆方向,-2270.0,0.0,0,0.0,-2270,周波数,0,0,0,0,0,2026/01/02 15:00:03
翌々日,20260102,策定,関門連系線,2026/01/04,22:30,順方向,450.0,0.0,0,30.0,480,周波数,0,0,0,0,0,2026/01/02 15:00:03
翌々日,20260102,策定,関門連系線,2026/01/04,22:30,逆方向,-2150.0,0.0,0,0.0,-2150,周波数,0,0,0,0,0,2026/01/02 15:00:03
翌々日,20260102,策定,関門連系線,2026/01/04,23:00,順方向,430.0,0.0,0,30.0,460,周波数,0,0,0,0,0,2026/01/02 15:00:03
翌々日,20260102,策定,関門連系線,2026/01/04,23:00,逆方向,-2110.0,0.0,0,0.0,-2110,周波数,0,0,0,0,0,2026/01/02 15:00:03
翌々日,20260102,策定,関門連系線,2026/01/04,23:30,順方向,420.0,0.0,0,30.0,450,周波数,0,0,0,0,0,2026/01/02 15:00:03
翌々日,20260102,策定,関門連系線,2026/01/04,23:30,逆方向,-2070.0,0.0,0,0.0,-2070,周波数,0,0,0,0,0,2026/01/02 15:00:03
翌々日,20260102,策定,関門連系線,2026/01/04,24:00,順方向,410.0,0.0,0,30.0,440,周波数,0,0,0,0,0,2026/01/02 15:00:03
翌々日,20260102,策定,関門連系線,2026/01/04,24:00,逆方向,-2030.0,0.0,0,0.0,-2030,周波数,0,0,0,0,0,2026/01/02 15:00:03
翌々日,20260102,策定,北陸フェンス,2026/01/04,00:30,順方向,900.0,0.0,0,0.0,900,周波数,0,0,0,0,0,2026/01/02 15:00:03
翌々日,20260102,策定,北陸フェンス,2026/01/04,00:30,逆方向,-1900.0,0.0,0,0.0,-1900,安定度,0,0,0,0,0,2026/01/02 15:00:03
翌々日,20260102,策定,北陸フェンス,2026/01/04,01:00,順方向,900.0,0.0,0,0.0,900,周波数,0,0,0,0,0,2026/01/02 15:00:03
翌々日,20260102,策定,北陸フェンス,2026/01/04,01:00,逆方向,-1900.0,0.0,0,0.0,-1900,安定度,0,0,0,0,0,2026/01/02 15:00:03
翌々日,20260102,策定,北陸フェンス,2026/01/04,01:30,順方向,900.0,0.0,0,0.0,900,周波数,0,0,0,0,0,2026/01/02 15:00:03
翌々日,20260102,策定,北陸フェンス,2026/01/04,01:30,逆方向,-1900.0,0.0,0,0.0,-1900,安定度,0,0,0,0,0,2026/01/02 15:00:03
翌々日,20260102,策定,北陸フェンス,2026/01/04,02:00,順方向,900.0,0.0,0,0.0,900,周波数,0,0,0,0,0,2026/01/02 15:00:03
翌々日,20260102,策定,北陸フェンス,2026/01/04,02:00,逆方向,-1900.0,0.0,0,0.0,-1900,安定度,0,0,0,0,0,2026/01/02 15:00:03
翌々日,20260102,策定,北陸フェンス,2026/01/04,02:30,順方向,900.0,0.0,0,0.0,900,周波数,0,0,0,0,0,2026/01/02 15:00:03
翌々日,20260102,策定,北陸フェンス,2026/01/04,02:30,逆方向,-1900.0,0.0,0,0.0,-1900,安定度,0,0,0,0,0,2026/01/02 15:00:03
翌々日,20260102,策定,北陸フェンス,2026/01/04,03:00,順方向,900.0,0.0,0,0.0,900,周波数,0,0,0,0,0,2026/01/02 15:00:03
翌々日,20260102,策定,北陸フェンス,2026/01/04,03:00,逆方向,-1900.0,0.0,0,0.0,-1900,安定度,0,0,0,0,0,2026/01/02 15:00:03
翌々日,20260102,策定,北陸フェンス,2026/01/04,03:30,順方向,900.0,0.0,0,0.0,900,周波数,0,0,0,0,0,2026/01/02 15:00:03
翌々日,20260102,策定,北陸フェンス,2026/01/04,03:30,逆方向,-1900.0,0.0,0,0.0,-1900,安定度,0,0,0,0,0,2026/01/02 15:00:03
翌々日,20260102,策定,北陸フェンス,2026/01/04,04:00,順方向,900.0,0.0,0,0.0,900,周波数,0,0,0,0,0,2026/01/02 15:00:03
翌々日,20260102,策定,北陸フェンス,2026/01/04,04:00,逆方向,-1900.0,0.0,0,0.0,-1900,安定度,0,0,0,0,0,2026/01/02 15:00:03
翌々日,20260102,策定,北陸フェンス,2026/01/04,04:30,順方向,900.0,0.0,0,0.0,900,周波数,0,0,0,0,0,2026/01/02 15:00:03
翌々日,20260102,策定,北陸フェンス,2026/01/04,04:30,逆方向,-1900.0,0.0,0,0.0,-1900,安定度,0,0,0,0,0,2026/01/02 15:00:03
翌々日,20260102,策定,北陸フェンス,2026/01/04,05:00,順方向,900.0,0.0,0,0.0,900,周波数,0,0,0,0,0,2026/01/02 15:00:03
翌々日,20260102,策定,北陸フェンス,2026/01/04,05:00,逆方向,-1900.0,0.0,0,0.0,-1900,安定度,0,0,0,0,0,2026/01/02 15:00:03
翌々日,20260102,策定,北陸フェンス,2026/01/04,05:30,順方向,900.0,0.0,0,0.0,900,周波数,0,0,0,0,0,2026/01/02 15:00:03
翌々日,20260102,策定,北陸フェンス,2026/01/04,05:30,逆方向,-1900.0,0.0,0,0.0,-1900,安定度,0,0,0,0,0,2026/01/02 15:00:03
翌々日,20260102,策定,北陸フェンス,2026/01/04,06:00,順方向,900.0,0.0,0,0.0,900,周波数,0,0,0,0,0,2026/01/02 15:00:03
翌々日,20260102,策定,北陸フェンス,2026/01/04,06:00,逆方向,-1900.0,0.0,0,0.0,-1900,安定度,0,0,0,0,0,2026/01/02 15:00:03
翌々日,20260102,策定,北陸フェンス,2026/01/04,06:30,順方向,900.0,0.0,0,0.0,900,周波数,0,0,0,0,0,2026/01/02 15:00:03
翌々日,20260102,策定,北陸フェンス,2026/01/04,06:30,逆方向,-1893.0,0.0,0,-7.0,-1900,安定度,0,0,0,0,0,2026/01/02 15:00:03
翌々日,20260102,策定,北陸フェンス,2026/01/04,07:00,順方向,900.0,0.0,0,0.0,900,周波数,0,0,0,0,0,2026/01/02 15:00:03
翌々日,20260102,策定,北陸フェンス,2026/01/04,07:00,逆方向,-1893.0,0.0,0,-7.0,-1900,安定度,0,0,0,0,0,2026/01/02 15:00:03
翌々日,20260102,策定,北陸フェンス,2026/01/04,07:30,順方向,900.0,0.0,0,0.0,900,周波数,0,0,0,0,0,2026/01/02 15:00:03
翌々日,20260102,策定,北陸フェンス,2026/01/04,07:30,逆方向,-1893.0,0.0,0,-7.0,-1900,安定度,0,0,0,0,0,2026/01/02 15:00:03
翌々日,20260102,策定,北陸フェンス,2026/01/04,08:00,順方向,900.0,0.0,0,0.0,900,周波数,0,0,0,0,0,2026/01/02 15:00:03
翌々日,20260102,策定,北陸フェンス,2026/01/04,08:00,逆方向,-1893.0,0.0,0,-7.0,-1900,安定度,0,0,0,0,0,2026/01/02 15:00:03
翌々日,20260102,策定,北陸フェンス,2026/01/04,08:30,順方向,900.0,0.0,0,0.0,900,周波数,0,0,0,0,0,2026/01/02 15:00:03
翌々日,20260102,策定,北陸フェンス,2026/01/04,08:30,逆方向,-1493.0,0.0,0,-7.0,-1500,周波数,0,0,0,0,0,2026/01/02 15:00:03
翌々日,20260102,策定,北陸フェンス,2026/01/04,09:00,順方向,900.0,0.0,0,0.0,900,周波数,0,0,0,0,0,2026/01/02 15:00:03
翌々日,20260102,策定,北陸フェンス,2026/01/04,09:00,逆方向,-1493.0,0.0,0,-7.0,-1500,周波数,0,0,0,0,0,2026/01/02 15:00:03
翌々日,20260102,策定,北陸フェンス,2026/01/04,09:30,順方向,900.0,0.0,0,0.0,900,周波数,0,0,0,0,0,2026/01/02 15:00:03
翌々日,20260102,策定,北陸フェンス,2026/01/04,09:30,逆方向,-1500.0,0.0,0,0.0,-1500,周波数,0,0,0,0,0,2026/01/02 15:00:03
翌々日,20260102,策定,北陸フェンス,2026/01/04,10:00,順方向,900.0,0.0,0,0.0,900,周波数,0,0,0,0,0,2026/01/02 15:00:03
翌々日,20260102,策定,北陸フェンス,2026/01/04,10:00,逆方向,-1500.0,0.0,0,0.0,-1500,周波数,0,0,0,0,0,2026/01/02 15:00:03
翌々日,20260102,策定,北陸フェンス,2026/01/04,10:30,順方向,900.0,0.0,0,0.0,900,周波数,0,0,0,0,0,2026/01/02 15:00:03
翌々日,20260102,策定,北陸フェンス,2026/01/04,10:30,逆方向,-1500.0,0.0,0,0.0,-1500,周波数,0,0,0,0,0,2026/01/02 15:00:03
翌々日,20260102,策定,北陸フェンス,2026/01/04,11:00,順方向,900.0,0.0,0,0.0,900,周波数,0,0,0,0,0,2026/01/02 15:00:03
翌々日,20260102,策定,北陸フェンス,2026/01/04,11:00,逆方向,-1500.0,0.0,0,0.0,-1500,周波数,0,0,0,0,0,2026/01/02 15:00:03
翌々日,20260102,策定,北陸フェンス,2026/01/04,11:30,順方向,900.0,0.0,0,0.0,900,周波数,0,0,0,0,0,2026/01/02 15:00:03
翌々日,20260102,策定,北陸フェンス,2026/01/04,11:30,逆方向,-1500.0,0.0,0,0.0,-1500,周波数,0,0,0,0,0,2026/01/02 15:00:03
翌々日,20260102,策定,北陸フェンス,2026/01/04,12:00,順方向,900.0,0.0,0,0.0,900,周波数,0,0,0,0,0,2026/01/02 15:00:03
翌々日,20260102,策定,北陸フェンス,2026/01/04,12:00,逆方向,-1500.0,0.0,0,0.0,-1500,周波数,0,0,0,0,0,2026/01/02 15:00:03
翌々日,20260102,策定,北陸フェンス,2026/01/04,12:30,順方向,900.0,0.0,0,0.0,900,周波数,0,0,0,0,0,2026/01/02 15:00:03
翌々日,20260102,策定,北陸フェンス,2026/01/04,12:30,逆方向,-1491.0,0.0,0,-9.0,-1500,周波数,0,0,0,0,0,2026/01/02 15:00:03
翌々日,20260102,策定,北陸フェンス,2026/01/04,13:00,順方向,900.0,0.0,0,0.0,900,周波数,0,0,0,0,0,2026/01/02 15:00:03
翌々日,20260102,策定,北陸フェンス,2026/01/04,13:00,逆方向,-1491.0,0.0,0,-9.0,-1500,周波数,0,0,0,0,0,2026/01/02 15:00:03
翌々日,20260102,策定,北陸フェンス,2026/01/04,13:30,順方向,900.0,0.0,0,0.0,900,周波数,0,0,0,0,0,2026/01/02 15:00:03
翌々日,20260102,策定,北陸フェンス,2026/01/04,13:30,逆方向,-1491.0,0.0,0,-9.0,-1500,周波数,0,0,0,0,0,2026/01/02 15:00:03
翌々日,20260102,策定,北陸フェンス,2026/01/04,14:00,順方向,900.0,0.0,0,0.0,900,周波数,0,0,0,0,0,2026/01/02 15:00:03
翌々日,20260102,策定,北陸フェンス,2026/01/04,14:00,逆方向,-1491.0,0.0,0,-9.0,-1500,周波数,0,0,0,0,0,2026/01/02 15:00:03
翌々日,20260102,策定,北陸フェンス,2026/01/04,14:30,順方向,900.0,0.0,0,0.0,900,周波数,0,0,0,0,0,2026/01/02 15:00:03
翌々日,20260102,策定,北陸フェンス,2026/01/04,14:30,逆方向,-1491.0,0.0,0,-9.0,-1500,周波数,0,0,0,0,0,2026/01/02 15:00:03
翌々日,20260102,策定,北陸フェンス,2026/01/04,15:00,順方向,900.0,0.0,0,0.0,900,周波数,0,0,0,0,0,2026/01/02 15:00:03
翌々日,20260102,策定,北陸フェンス,2026/01/04,15:00,逆方向,-1491.0,0.0,0,-9.0,-1500,周波数,0,0,0,0,0,2026/01/02 15:00:03
翌々日,20260102,策定,北陸フェンス,2026/01/04,15:30,順方向,900.0,0.0,0,0.0,900,周波数,0,0,0,0,0,2026/01/02 15:00:03
翌々日,20260102,策定,北陸フェンス,2026/01/04,15:30,逆方向,-1497.0,0.0,0,-3.0,-1500,周波数,0,0,0,0,0,2026/01/02 15:00:03
翌々日,20260102,策定,北陸フェンス,2026/01/04,16:00,順方向,900.0,0.0,0,0.0,900,周波数,0,0,0,0,0,2026/01/02 15:00:03
翌々日,20260102,策定,北陸フェンス,2026/01/04,16:00,逆方向,-1497.0,0.0,0,-3.0,-1500,周波数,0,0,0,0,0,2026/01/02 15:00:03
翌々日,20260102,策定,北陸フェンス,2026/01/04,16:30,順方向,900.0,0.0,0,0.0,900,周波数,0,0,0,0,0,2026/01/02 15:00:03
翌々日,20260102,策定,北陸フェンス,2026/01/04,16:30,逆方向,-1497.0,0.0,0,-3.0,-1500,周波数,0,0,0,0,0,2026/01/02 15:00:03
翌々日,20260102,策定,北陸フェンス,2026/01/04,17:00,順方向,900.0,0.0,0,0.0,900,周波数,0,0,0,0,0,2026/01/02 15:00:03
翌々日,20260102,策定,北陸フェンス,2026/01/04,17:00,逆方向,-1497.0,0.0,0,-3.0,-1500,周波数,0,0,0,0,0,2026/01/02 15:00:03
翌々日,20260102,策定,北陸フェンス,2026/01/04,17:30,順方向,900.0,0.0,0,0.0,900,周波数,0,0,0,0,0,2026/01/02 15:00:03
翌々日,20260102,策定,北陸フェンス,2026/01/04,17:30,逆方向,-1497.0,0.0,0,-3.0,-1500,周波数,0,0,0,0,0,2026/01/02 15:00:03
翌々日,20260102,策定,北陸フェンス,2026/01/04,18:00,順方向,900.0,0.0,0,0.0,900,周波数,0,0,0,0,0,2026/01/02 15:00:03
翌々日,20260102,策定,北陸フェンス,2026/01/04,18:00,逆方向,-1497.0,0.0,0,-3.0,-1500,周波数,0,0,0,0,0,2026/01/02 15:00:03
翌々日,20260102,策定,北陸フェンス,2026/01/04,18:30,順方向,900.0,0.0,0,0.0,900,周波数,0,0,0,0,0,2026/01/02 15:00:03
翌々日,20260102,策定,北陸フェンス,2026/01/04,18:30,逆方向,-1488.0,0.0,0,-12.0,-1500,周波数,0,0,0,0,0,2026/01/02 15:00:03
翌々日,20260102,策定,北陸フェンス,2026/01/04,19:00,順方向,900.0,0.0,0,0.0,900,周波数,0,0,0,0,0,2026/01/02 15:00:03
翌々日,20260102,策定,北陸フェンス,2026/01/04,19:00,逆方向,-1488.0,0.0,0,-12.0,-1500,周波数,0,0,0,0,0,2026/01/02 15:00:03
翌々日,20260102,策定,北陸フェンス,2026/01/04,19:30,順方向,900.0,0.0,0,0.0,900,周波数,0,0,0,0,0,2026/01/02 15:00:03
翌々日,20260102,策定,北陸フェンス,2026/01/04,19:30,逆方向,-1488.0,0.0,0,-12.0,-1500,周波数,0,0,0,0,0,2026/01/02 15:00:03
翌々日,20260102,策定,北陸フェンス,2026/01/04,20:00,順方向,900.0,0.0,0,0.0,900,周波数,0,0,0,0,0,2026/01/02 15:00:03
翌々日,20260102,策定,北陸フェンス,2026/01/04,20:00,逆方向,-1488.0,0.0,0,-12.0,-1500,周波数,0,0,0,0,0,2026/01/02 15:00:03
翌々日,20260102,策定,北陸フェンス,2026/01/04,20:30,順方向,900.0,0.0,0,0.0,900,周波数,0,0,0,0,0,2026/01/02 15:00:03
翌々日,20260102,策定,北陸フェンス,2026/01/04,20:30,逆方向,-1488.0,0.0,0,-12.0,-1500,周波数,0,0,0,0,0,2026/01/02 15:00:03
翌々日,20260102,策定,北陸フェンス,2026/01/04,21:00,順方向,900.0,0.0,0,0.0,900,周波数,0,0,0,0,0,2026/01/02 15:00:03
翌々日,20260102,策定,北陸フェンス,2026/01/04,21:00,逆方向,-1488.0,0.0,0,-12.0,-1500,周波数,0,0,0,0,0,2026/01/02 15:00:03
翌々日,20260102,策定,北陸フェンス,2026/01/04,21:30,順方向,900.0,0.0,0,0.0,900,周波数,0,0,0,0,0,2026/01/02 15:00:03
翌々日,20260102,策定,北陸フェンス,2026/01/04,21:30,逆方向,-1500.0,0.0,0,0.0,-1500,周波数,0,0,0,0,0,2026/01/02 15:00:03
翌々日,20260102,策定,北陸フェンス,2026/01/04,22:00,順方向,900.0,0.0,0,0.0,900,周波数,0,0,0,0,0,2026/01/02 15:00:03
翌々日,20260102,策定,北陸フェンス,2026/01/04,22:00,逆方向,-1500.0,0.0,0,0.0,-1500,周波数,0,0,0,0,0,2026/01/02 15:00:03
翌々日,20260102,策定,北陸フェンス,2026/01/04,22:30,順方向,900.0,0.0,0,0.0,900,周波数,0,0,0,0,0,2026/01/02 15:00:03
翌々日,20260102,策定,北陸フェンス,2026/01/04,22:30,逆方向,-1900.0,0.0,0,0.0,-1900,安定度,0,0,0,0,0,2026/01/02 15:00:03
翌々日,20260102,策定,北陸フェンス,2026/01/04,23:00,順方向,900.0,0.0,0,0.0,900,周波数,0,0,0,0,0,2026/01/02 15:00:03
翌々日,20260102,策定,北陸フェンス,2026/01/04,23:00,逆方向,-1900.0,0.0,0,0.0,-1900,安定度,0,0,0,0,0,2026/01/02 15:00:03
翌々日,20260102,策定,北陸フェンス,2026/01/04,23:30,順方向,900.0,0.0,0,0.0,900,周波数,0,0,0,0,0,2026/01/02 15:00:03
翌々日,20260102,策定,北陸フェンス,2026/01/04,23:30,逆方向,-1900.0,0.0,0,0.0,-1900,安定度,0,0,0,0,0,2026/01/02 15:00:03
翌々日,20260102,策定,北陸フェンス,2026/01/04,24:00,順方向,900.0,0.0,0,0.0,900,周波数,0,0,0,0,0,2026/01/02 15:00:03
翌々日,20260102,策定,北陸フェンス,2026/01/04,24:00,逆方向,-1900.0,0.0,0,0.0,-1900,安定度,0,0,0,0,0,2026/01/02 15:00:03
翌々日,20260103,策定,北海道・本州間電力連系設備,2026/01/05,00:30,順方向,600.0,0.0,0,0.0,600,熱容量（作業）,0,0,0,0,0,2026/01/03 15:00:03
翌々日,20260103,策定,北海道・本州間電力連系設備,2026/01/05,00:30,逆方向,-90.0,0.0,0,-510.0,-600,熱容量（作業）,0,0,0,0,0,2026/01/03 15:00:03
翌々日,20260103,策定,北海道・本州間電力連系設備,2026/01/05,01:00,順方向,600.0,0.0,0,0.0,600,熱容量（作業）,0,0,0,0,0,2026/01/03 15:00:03
翌々日,20260103,策定,北海道・本州間電力連系設備,2026/01/05,01:00,逆方向,-90.0,0.0,0,-510.0,-600,熱容量（作業）,0,0,0,0,0,2026/01/03 15:00:03
翌々日,20260103,策定,北海道・本州間電力連系設備,2026/01/05,01:30,順方向,600.0,0.0,0,0.0,600,熱容量（作業）,0,0,0,0,0,2026/01/03 15:00:03
翌々日,20260103,策定,北海道・本州間電力連系設備,2026/01/05,01:30,逆方向,-100.0,0.0,0,-500.0,-600,熱容量（作業）,0,0,0,0,0,2026/01/03 15:00:03
翌々日,20260103,策定,北海道・本州間電力連系設備,2026/01/05,02:00,順方向,600.0,0.0,0,0.0,600,熱容量（作業）,0,0,0,0,0,2026/01/03 15:00:03
翌々日,20260103,策定,北海道・本州間電力連系設備,2026/01/05,02:00,逆方向,-100.0,0.0,0,-500.0,-600,熱容量（作業）,0,0,0,0,0,2026/01/03 15:00:03
翌々日,20260103,策定,北海道・本州間電力連系設備,2026/01/05,02:30,順方向,600.0,0.0,0,0.0,600,熱容量（作業）,0,0,0,0,0,2026/01/03 15:00:03
翌々日,20260103,策定,北海道・本州間電力連系設備,2026/01/05,02:30,逆方向,-110.0,0.0,0,-490.0,-600,熱容量（作業）,0,0,0,0,0,2026/01/03 15:00:03
翌々日,20260103,策定,北海道・本州間電力連系設備,2026/01/05,03:00,順方向,600.0,0.0,0,0.0,600,熱容量（作業）,0,0,0,0,0,2026/01/03 15:00:03
翌々日,20260103,策定,北海道・本州間電力連系設備,2026/01/05,03:00,逆方向,-110.0,0.0,0,-490.0,-600,熱容量（作業）,0,0,0,0,0,2026/01/03 15:00:03
翌々日,20260103,策定,北海道・本州間電力連系設備,2026/01/05,03:30,順方向,600.0,0.0,0,0.0,600,熱容量（作業）,0,0,0,0,0,2026/01/03 15:00:03
翌々日,20260103,策定,北海道・本州間電力連系設備,2026/01/05,03:30,逆方向,-110.0,0.0,0,-490.0,-600,熱容量（作業）,0,0,0,0,0,2026/01/03 15:00:03
翌々日,20260103,策定,北海道・本州間電力連系設備,2026/01/05,04:00,順方向,600.0,0.0,0,0.0,600,熱容量（作業）,0,0,0,0,0,2026/01/03 15:00:03
翌々日,20260103,策定,北海道・本州間電力連系設備,2026/01/05,04:00,逆方向,-110.0,0.0,0,-490.0,-600,熱容量（作業）,0,0,0,0,0,2026/01/03 15:00:03
翌々日,20260103,策定,北海道・本州間電力連系設備,2026/01/05,04:30,順方向,600.0,0.0,0,0.0,600,熱容量（作業）,0,0,0,0,0,2026/01/03 15:00:03
翌々日,20260103,策定,北海道・本州間電力連系設備,2026/01/05,04:30,逆方向,-120.0,0.0,0,-480.0,-600,熱容量（作業）,0,0,0,0,0,2026/01/03 15:00:03
翌々日,20260103,策定,北海道・本州間電力連系設備,2026/01/05,05:00,順方向,600.0,0.0,0,0.0,600,熱容量（作業）,0,0,0,0,0,2026/01/03 15:00:03
翌々日,20260103,策定,北海道・本州間電力連系設備,2026/01/05,05:00,逆方向,-120.0,0.0,0,-480.0,-600,熱容量（作業）,0,0,0,0,0,2026/01/03 15:00:03
翌々日,20260103,策定,北海道・本州間電力連系設備,2026/01/05,05:30,順方向,600.0,0.0,0,0.0,600,熱容量（作業）,0,0,0,0,0,2026/01/03 15:00:03
翌々日,20260103,策定,北海道・本州間電力連系設備,2026/01/05,05:30,逆方向,-120.0,0.0,0,-480.0,-600,熱容量（作業）,0,0,0,0,0,2026/01/03 15:00:03
翌々日,20260103,策定,北海道・本州間電力連系設備,2026/01/05,06:00,順方向,600.0,0.0,0,0.0,600,熱容量（作業）,0,0,0,0,0,2026/01/03 15:00:03
翌々日,20260103,策定,北海道・本州間電力連系設備,2026/01/05,06:00,逆方向,-120.0,0.0,0,-480.0,-600,熱容量（作業）,0,0,0,0,0,2026/01/03 15:00:03
翌々日,20260103,策定,北海道・本州間電力連系設備,2026/01/05,06:30,順方向,600.0,0.0,0,0.0,600,熱容量（作業）,0,0,0,0,0,2026/01/03 15:00:03
翌々日,20260103,策定,北海道・本州間電力連系設備,2026/01/05,06:30,逆方向,-120.0,0.0,0,-480.0,-600,熱容量（作業）,0,0,0,0,0,2026/01/03 15:00:03
翌々日,20260103,策定,北海道・本州間電力連系設備,2026/01/05,07:00,順方向,600.0,0.0,0,0.0,600,熱容量（作業）,0,0,0,0,0,2026/01/03 15:00:03
翌々日,20260103,策定,北海道・本州間電力連系設備,2026/01/05,07:00,逆方向,-120.0,0.0,0,-480.0,-600,熱容量（作業）,0,0,0,0,0,2026/01/03 15:00:03
翌々日,20260103,策定,北海道・本州間電力連系設備,2026/01/05,07:30,順方向,600.0,0.0,0,0.0,600,熱容量（作業）,0,0,0,0,0,2026/01/03 15:00:03
翌々日,20260103,策定,北海道・本州間電力連系設備,2026/01/05,07:30,逆方向,-130.0,0.0,0,-470.0,-600,熱容量（作業）,0,0,0,0,0,2026/01/03 15:00:03
翌々日,20260103,策定,北海道・本州間電力連系設備,2026/01/05,08:00,順方向,600.0,0.0,0,0.0,600,熱容量（作業）,0,0,0,0,0,2026/01/03 15:00:03
翌々日,20260103,策定,北海道・本州間電力連系設備,2026/01/05,08:00,逆方向,-130.0,0.0,0,-470.0,-600,熱容量（作業）,0,0,0,0,0,2026/01/03 15:00:03
翌々日,20260103,策定,北海道・本州間電力連系設備,2026/01/05,08:30,順方向,600.0,0.0,0,0.0,600,熱容量（作業）,0,0,0,0,0,2026/01/03 15:00:03
翌々日,20260103,策定,北海道・本州間電力連系設備,2026/01/05,08:30,逆方向,-140.0,0.0,0,-460.0,-600,熱容量（作業）,0,0,0,0,0,2026/01/03 15:00:03
翌々日,20260103,策定,北海道・本州間電力連系設備,2026/01/05,09:00,順方向,600.0,0.0,0,0.0,600,熱容量（作業）,0,0,0,0,0,2026/01/03 15:00:03
翌々日,20260103,策定,北海道・本州間電力連系設備,2026/01/05,09:00,逆方向,-140.0,0.0,0,-460.0,-600,熱容量（作業）,0,0,0,0,0,2026/01/03 15:00:03
翌々日,20260103,策定,北海道・本州間電力連系設備,2026/01/05,09:30,順方向,600.0,0.0,0,0.0,600,熱容量（作業）,0,0,0,0,0,2026/01/03 15:00:03
翌々日,20260103,策定,北海道・本州間電力連系設備,2026/01/05,09:30,逆方向,-140.0,0.0,0,-460.0,-600,熱容量（作業）,0,0,0,0,0,2026/01/03 15:00:03
翌々日,20260103,策定,北海道・本州間電力連系設備,2026/01/05,10:00,順方向,600.0,0.0,0,0.0,600,熱容量（作業）,0,0,0,0,0,2026/01/03 15:00:03
翌々日,20260103,策定,北海道・本州間電力連系設備,2026/01/05,10:00,逆方向,-140.0,0.0,0,-460.0,-600,熱容量（作業）,0,0,0,0,0,2026/01/03 15:00:03
翌々日,20260103,策定,北海道・本州間電力連系設備,2026/01/05,10:30,順方向,600.0,0.0,0,0.0,600,熱容量（作業）,0,0,0,0,0,2026/01/03 15:00:03
翌々日,20260103,策定,北海道・本州間電力連系設備,2026/01/05,10:30,逆方向,-140.0,0.0,0,-460.0,-600,熱容量（作業）,0,0,0,0,0,2026/01/03 15:00:03
翌々日,20260103,策定,北海道・本州間電力連系設備,2026/01/05,11:00,順方向,600.0,0.0,0,0.0,600,熱容量（作業）,0,0,0,0,0,2026/01/03 15:00:03
翌々日,20260103,策定,北海道・本州間電力連系設備,2026/01/05,11:00,逆方向,-140.0,0.0,0,-460.0,-600,熱容量（作業）,0,0,0,0,0,2026/01/03 15:00:03
翌々日,20260103,策定,北海道・本州間電力連系設備,2026/01/05,11:30,順方向,600.0,0.0,0,0.0,600,熱容量（作業）,0,0,0,0,0,2026/01/03 15:00:03
翌々日,20260103,策定,北海道・本州間電力連系設備,2026/01/05,11:30,逆方向,-130.0,0.0,0,-470.0,-600,熱容量（作業）,0,0,0,0,0,2026/01/03 15:00:03
翌々日,20260103,策定,北海道・本州間電力連系設備,2026/01/05,12:00,順方向,600.0,0.0,0,0.0,600,熱容量（作業）,0,0,0,0,0,2026/01/03 15:00:03
翌々日,20260103,策定,北海道・本州間電力連系設備,2026/01/05,12:00,逆方向,-130.0,0.0,0,-470.0,-600,熱容量（作業）,0,0,0,0,0,2026/01/03 15:00:03
翌々日,20260103,策定,北海道・本州間電力連系設備,2026/01/05,12:30,順方向,600.0,0.0,0,0.0,600,熱容量（作業）,0,0,0,0,0,2026/01/03 15:00:03
翌々日,20260103,策定,北海道・本州間電力連系設備,2026/01/05,12:30,逆方向,-130.0,0.0,0,-470.0,-600,熱容量（作業）,0,0,0,0,0,2026/01/03 15:00:03
翌々日,20260103,策定,北海道・本州間電力連系設備,2026/01/05,13:00,順方向,600.0,0.0,0,0.0,600,熱容量（作業）,0,0,0,0,0,2026/01/03 15:00:03
翌々日,20260103,策定,北海道・本州間電力連系設備,2026/01/05,13:00,逆方向,-130.0,0.0,0,-470.0,-600,熱容量（作業）,0,0,0,0,0,2026/01/03 15:00:03
翌々日,20260103,策定,北海道・本州間電力連系設備,2026/01/05,13:30,順方向,600.0,0.0,0,0.0,600,熱容量（作業）,0,0,0,0,0,2026/01/03 15:00:03
翌々日,20260103,策定,北海道・本州間電力連系設備,2026/01/05,13:30,逆方向,-130.0,0.0,0,-470.0,-600,熱容量（作業）,0,0,0,0,0,2026/01/03 15:00:03
翌々日,20260103,策定,北海道・本州間電力連系設備,2026/01/05,14:00,順方向,600.0,0.0,0,0.0,600,熱容量（作業）,0,0,0,0,0,2026/01/03 15:00:03
翌々日,20260103,策定,北海道・本州間電力連系設備,2026/01/05,14:00,逆方向,-130.0,0.0,0,-470.0,-600,熱容量（作業）,0,0,0,0,0,2026/01/03 15:00:03
翌々日,20260103,策定,北海道・本州間電力連系設備,2026/01/05,14:30,順方向,600.0,0.0,0,0.0,600,熱容量（作業）,0,0,0,0,0,2026/01/03 15:00:03
翌々日,20260103,策定,北海道・本州間電力連系設備,2026/01/05,14:30,逆方向,-130.0,0.0,0,-470.0,-600,熱容量（作業）,0,0,0,0,0,2026/01/03 15:00:03
翌々日,20260103,策定,北海道・本州間電力連系設備,2026/01/05,15:00,順方向,600.0,0.0,0,0.0,600,熱容量（作業）,0,0,0,0,0,2026/01/03 15:00:03
翌々日,20260103,策定,北海道・本州間電力連系設備,2026/01/05,15:00,逆方向,-130.0,0.0,0,-470.0,-600,熱容量（作業）,0,0,0,0,0,2026/01/03 15:00:03
翌々日,20260103,策定,北海道・本州間電力連系設備,2026/01/05,15:30,順方向,600.0,0.0,0,0.0,600,熱容量（作業）,0,0,0,0,0,2026/01/03 15:00:03
翌々日,20260103,策定,北海道・本州間電力連系設備,2026/01/05,15:30,逆方向,-140.0,0.0,0,-460.0,-600,熱容量（作業）,0,0,0,0,0,2026/01/03 15:00:03
翌々日,20260103,策定,北海道・本州間電力連系設備,2026/01/05,16:00,順方向,600.0,0.0,0,0.0,600,熱容量（作業）,0,0,0,0,0,2026/01/03 15:00:03
翌々日,20260103,策定,北海道・本州間電力連系設備,2026/01/05,16:00,逆方向,-140.0,0.0,0,-460.0,-600,熱容量（作業）,0,0,0,0,0,2026/01/03 15:00:03
翌々日,20260103,策定,北海道・本州間電力連系設備,2026/01/05,16:30,順方向,600.0,0.0,0,0.0,600,熱容量（作業）,0,0,0,0,0,2026/01/03 15:00:03
翌々日,20260103,策定,北海道・本州間電力連系設備,2026/01/05,16:30,逆方向,-140.0,0.0,0,-460.0,-600,熱容量（作業）,0,0,0,0,0,2026/01/03 15:00:03
翌々日,20260103,策定,北海道・本州間電力連系設備,2026/01/05,17:00,順方向,600.0,0.0,0,0.0,600,熱容量（作業）,0,0,0,0,0,2026/01/03 15:00:03
翌々日,20260103,策定,北海道・本州間電力連系設備,2026/01/05,17:00,逆方向,-140.0,0.0,0,-460.0,-600,熱容量（作業）,0,0,0,0,0,2026/01/03 15:00:03
翌々日,20260103,策定,北海道・本州間電力連系設備,2026/01/05,17:30,順方向,600.0,0.0,0,0.0,600,熱容量（作業）,0,0,0,0,0,2026/01/03 15:00:03
翌々日,20260103,策定,北海道・本州間電力連系設備,2026/01/05,17:30,逆方向,-140.0,0.0,0,-460.0,-600,熱容量（作業）,0,0,0,0,0,2026/01/03 15:00:03
翌々日,20260103,策定,北海道・本州間電力連系設備,2026/01/05,18:00,順方向,600.0,0.0,0,0.0,600,熱容量（作業）,0,0,0,0,0,2026/01/03 15:00:03
翌々日,20260103,策定,北海道・本州間電力連系設備,2026/01/05,18:00,逆方向,-140.0,0.0,0,-460.0,-600,熱容量（作業）,0,0,0,0,0,2026/01/03 15:00:03
翌々日,20260103,策定,北海道・本州間電力連系設備,2026/01/05,18:30,順方向,600.0,0.0,0,0.0,600,熱容量（作業）,0,0,0,0,0,2026/01/03 15:00:03
翌々日,20260103,策定,北海道・本州間電力連系設備,2026/01/05,18:30,逆方向,-140.0,0.0,0,-460.0,-600,熱容量（作業）,0,0,0,0,0,2026/01/03 15:00:03
翌々日,20260103,策定,北海道・本州間電力連系設備,2026/01/05,19:00,順方向,600.0,0.0,0,0.0,600,熱容量（作業）,0,0,0,0,0,2026/01/03 15:00:03
翌々日,20260103,策定,北海道・本州間電力連系設備,2026/01/05,19:00,逆方向,-140.0,0.0,0,-460.0,-600,熱容量（作業）,0,0,0,0,0,2026/01/03 15:00:03
翌々日,20260103,策定,北海道・本州間電力連系設備,2026/01/05,19:30,順方向,600.0,0.0,0,0.0,600,熱容量（作業）,0,0,0,0,0,2026/01/03 15:00:03
翌々日,20260103,策定,北海道・本州間電力連系設備,2026/01/05,19:30,逆方向,-130.0,0.0,0,-470.0,-600,熱容量（作業）,0,0,0,0,0,2026/01/03 15:00:03
翌々日,20260103,策定,北海道・本州間電力連系設備,2026/01/05,20:00,順方向,600.0,0.0,0,0.0,600,熱容量（作業）,0,0,0,0,0,2026/01/03 15:00:03
翌々日,20260103,策定,北海道・本州間電力連系設備,2026/01/05,20:00,逆方向,-130.0,0.0,0,-470.0,-600,熱容量（作業）,0,0,0,0,0,2026/01/03 15:00:03
翌々日,20260103,策定,北海道・本州間電力連系設備,2026/01/05,20:30,順方向,600.0,0.0,0,0.0,600,熱容量（作業）,0,0,0,0,0,2026/01/03 15:00:03
翌々日,20260103,策定,北海道・本州間電力連系設備,2026/01/05,20:30,逆方向,-120.0,0.0,0,-480.0,-600,熱容量（作業）,0,0,0,0,0,2026/01/03 15:00:03
翌々日,20260103,策定,北海道・本州間電力連系設備,2026/01/05,21:00,順方向,600.0,0.0,0,0.0,600,熱容量（作業）,0,0,0,0,0,2026/01/03 15:00:03
翌々日,20260103,策定,北海道・本州間電力連系設備,2026/01/05,21:00,逆方向,-120.0,0.0,0,-480.0,-600,熱容量（作業）,0,0,0,0,0,2026/01/03 15:00:03
翌々日,20260103,策定,北海道・本州間電力連系設備,2026/01/05,21:30,順方向,600.0,0.0,0,0.0,600,熱容量（作業）,0,0,0,0,0,2026/01/03 15:00:03
翌々日,20260103,策定,北海道・本州間電力連系設備,2026/01/05,21:30,逆方向,-120.0,0.0,0,-480.0,-600,熱容量（作業）,0,0,0,0,0,2026/01/03 15:00:03
翌々日,20260103,策定,北海道・本州間電力連系設備,2026/01/05,22:00,順方向,600.0,0.0,0,0.0,600,熱容量（作業）,0,0,0,0,0,2026/01/03 15:00:03
翌々日,20260103,策定,北海道・本州間電力連系設備,2026/01/05,22:00,逆方向,-120.0,0.0,0,-480.0,-600,熱容量（作業）,0,0,0,0,0,2026/01/03 15:00:03
翌々日,20260103,策定,北海道・本州間電力連系設備,2026/01/05,22:30,順方向,600.0,0.0,0,0.0,600,熱容量（作業）,0,0,0,0,0,2026/01/03 15:00:03
翌々日,20260103,策定,北海道・本州間電力連系設備,2026/01/05,22:30,逆方向,-100.0,0.0,0,-500.0,-600,熱容量（作業）,0,0,0,0,0,2026/01/03 15:00:03
翌々日,20260103,策定,北海道・本州間電力連系設備,2026/01/05,23:00,順方向,600.0,0.0,0,0.0,600,熱容量（作業）,0,0,0,0,0,2026/01/03 15:00:03
翌々日,20260103,策定,北海道・本州間電力連系設備,2026/01/05,23:00,逆方向,-100.0,0.0,0,-500.0,-600,熱容量（作業）,0,0,0,0,0,2026/01/03 15:00:03
翌々日,20260103,策定,北海道・本州間電力連系設備,2026/01/05,23:30,順方向,600.0,0.0,0,0.0,600,熱容量（作業）,0,0,0,0,0,2026/01/03 15:00:03
翌々日,20260103,策定,北海道・本州間電力連系設備,2026/01/05,23:30,逆方向,-110.0,0.0,0,-490.0,-600,熱容量（作業）,0,0,0,0,0,2026/01/03 15:00:03
翌々日,20260103,策定,北海道・本州間電力連系設備,2026/01/05,24:00,順方向,600.0,0.0,0,0.0,600,熱容量（作業）,0,0,0,0,0,2026/01/03 15:00:03
翌々日,20260103,策定,北海道・本州間電力連系設備,2026/01/05,24:00,逆方向,-110.0,0.0,0,-490.0,-600,熱容量（作業）,0,0,0,0,0,2026/01/03 15:00:03
翌々日,20260103,策定,相馬双葉幹線,2026/01/05,00:30,順方向,4660.0,0.0,0,0.0,4660,安定度,0,0,0,0,0,2026/01/03 15:00:03
翌々日,20260103,策定,相馬双葉幹線,2026/01/05,00:30,逆方向,-2360.0,0.0,0,0.0,-2360,熱容量,0,0,0,0,0,2026/01/03 15:00:03
翌々日,20260103,策定,相馬双葉幹線,2026/01/05,01:00,順方向,4660.0,0.0,0,0.0,4660,安定度,0,0,0,0,0,2026/01/03 15:00:03
翌々日,20260103,策定,相馬双葉幹線,2026/01/05,01:00,逆方向,-2360.0,0.0,0,0.0,-2360,熱容量,0,0,0,0,0,2026/01/03 15:00:03
翌々日,20260103,策定,相馬双葉幹線,2026/01/05,01:30,順方向,4660.0,0.0,0,0.0,4660,安定度,0,0,0,0,0,2026/01/03 15:00:03
翌々日,20260103,策定,相馬双葉幹線,2026/01/05,01:30,逆方向,-2360.0,0.0,0,0.0,-2360,熱容量,0,0,0,0,0,2026/01/03 15:00:03
翌々日,20260103,策定,相馬双葉幹線,2026/01/05,02:00,順方向,4660.0,0.0,0,0.0,4660,安定度,0,0,0,0,0,2026/01/03 15:00:03
翌々日,20260103,策定,相馬双葉幹線,2026/01/05,02:00,逆方向,-2360.0,0.0,0,0.0,-2360,熱容量,0,0,0,0,0,2026/01/03 15:00:03
翌々日,20260103,策定,相馬双葉幹線,2026/01/05,02:30,順方向,4660.0,0.0,0,0.0,4660,安定度,0,0,0,0,0,2026/01/03 15:00:03
翌々日,20260103,策定,相馬双葉幹線,2026/01/05,02:30,逆方向,-2360.0,0.0,0,0.0,-2360,熱容量,0,0,0,0,0,2026/01/03 15:00:03
翌々日,20260103,策定,相馬双葉幹線,2026/01/05,03:00,順方向,4660.0,0.0,0,0.0,4660,安定度,0,0,0,0,0,2026/01/03 15:00:03
翌々日,20260103,策定,相馬双葉幹線,2026/01/05,03:00,逆方向,-2360.0,0.0,0,0.0,-2360,熱容量,0,0,0,0,0,2026/01/03 15:00:03
翌々日,20260103,策定,相馬双葉幹線,2026/01/05,03:30,順方向,4660.0,0.0,0,0.0,4660,安定度,0,0,0,0,0,2026/01/03 15:00:03
翌々日,20260103,策定,相馬双葉幹線,2026/01/05,03:30,逆方向,-2360.0,0.0,0,0.0,-2360,熱容量,0,0,0,0,0,2026/01/03 15:00:03
翌々日,20260103,策定,相馬双葉幹線,2026/01/05,04:00,順方向,4660.0,0.0,0,0.0,4660,安定度,0,0,0,0,0,2026/01/03 15:00:03
翌々日,20260103,策定,相馬双葉幹線,2026/01/05,04:00,逆方向,-2360.0,0.0,0,0.0,-2360,熱容量,0,0,0,0,0,2026/01/03 15:00:03
翌々日,20260103,策定,相馬双葉幹線,2026/01/05,04:30,順方向,4660.0,0.0,0,0.0,4660,安定度,0,0,0,0,0,2026/01/03 15:00:03
翌々日,20260103,策定,相馬双葉幹線,2026/01/05,04:30,逆方向,-2360.0,0.0,0,0.0,-2360,熱容量,0,0,0,0,0,2026/01/03 15:00:03
翌々日,20260103,策定,相馬双葉幹線,2026/01/05,05:00,順方向,4660.0,0.0,0,0.0,4660,安定度,0,0,0,0,0,2026/01/03 15:00:03
翌々日,20260103,策定,相馬双葉幹線,2026/01/05,05:00,逆方向,-2360.0,0.0,0,0.0,-2360,熱容量,0,0,0,0,0,2026/01/03 15:00:03
翌々日,20260103,策定,相馬双葉幹線,2026/01/05,05:30,順方向,4660.0,0.0,0,0.0,4660,安定度,0,0,0,0,0,2026/01/03 15:00:03
翌々日,20260103,策定,相馬双葉幹線,2026/01/05,05:30,逆方向,-2360.0,0.0,0,0.0,-2360,熱容量,0,0,0,0,0,2026/01/03 15:00:03
翌々日,20260103,策定,相馬双葉幹線,2026/01/05,06:00,順方向,4660.0,0.0,0,0.0,4660,安定度,0,0,0,0,0,2026/01/03 15:00:03
翌々日,20260103,策定,相馬双葉幹線,2026/01/05,06:00,逆方向,-2360.0,0.0,0,0.0,-2360,熱容量,0,0,0,0,0,2026/01/03 15:00:03
翌々日,20260103,策定,相馬双葉幹線,2026/01/05,06:30,順方向,4660.0,0.0,0,0.0,4660,安定度,0,0,0,0,0,2026/01/03 15:00:03
翌々日,20260103,策定,相馬双葉幹線,2026/01/05,06:30,逆方向,-2208.0,0.0,0,-152.0,-2360,熱容量,0,0,0,0,0,2026/01/03 15:00:03
翌々日,20260103,策定,相馬双葉幹線,2026/01/05,07:00,順方向,4660.0,0.0,0,0.0,4660,安定度,0,0,0,0,0,2026/01/03 15:00:03
翌々日,20260103,策定,相馬双葉幹線,2026/01/05,07:00,逆方向,-2208.0,0.0,0,-152.0,-2360,熱容量,0,0,0,0,0,2026/01/03 15:00:03
翌々日,20260103,策定,相馬双葉幹線,2026/01/05,07:30,順方向,4660.0,0.0,0,0.0,4660,安定度,0,0,0,0,0,2026/01/03 15:00:03
翌々日,20260103,策定,相馬双葉幹線,2026/01/05,07:30,逆方向,-2208.0,0.0,0,-152.0,-2360,熱容量,0,0,0,0,0,2026/01/03 15:00:03
翌々日,20260103,策定,相馬双葉幹線,2026/01/05,08:00,順方向,4660.0,0.0,0,0.0,4660,安定度,0,0,0,0,0,2026/01/03 15:00:03
翌々日,20260103,策定,相馬双葉幹線,2026/01/05,08:00,逆方向,-2208.0,0.0,0,-152.0,-2360,熱容量,0,0,0,0,0,2026/01/03 15:00:03
翌々日,20260103,策定,相馬双葉幹線,2026/01/05,08:30,順方向,5110.0,0.0,0,0.0,5110,安定度,0,0,0,0,0,2026/01/03 15:00:03
翌々日,20260103,策定,相馬双葉幹線,2026/01/05,08:30,逆方向,-2208.0,0.0,0,-152.0,-2360,熱容量,0,0,0,0,0,2026/01/03 15:00:03
翌々日,20260103,策定,相馬双葉幹線,2026/01/05,09:00,順方向,5110.0,0.0,0,0.0,5110,安定度,0,0,0,0,0,2026/01/03 15:00:03
翌々日,20260103,策定,相馬双葉幹線,2026/01/05,09:00,逆方向,-2208.0,0.0,0,-152.0,-2360,熱容量,0,0,0,0,0,2026/01/03 15:00:03
翌々日,20260103,策定,相馬双葉幹線,2026/01/05,09:30,順方向,5210.0,0.0,0,0.0,5210,安定度,0,0,0,0,0,2026/01/03 15:00:03
翌々日,20260103,策定,相馬双葉幹線,2026/01/05,09:30,逆方向,-2360.0,0.0,0,0.0,-2360,熱容量,0,0,0,0,0,2026/01/03 15:00:03
翌々日,20260103,策定,相馬双葉幹線,2026/01/05,10:00,順方向,5210.0,0.0,0,0.0,5210,安定度,0,0,0,0,0,2026/01/03 15:00:03
翌々日,20260103,策定,相馬双葉幹線,2026/01/05,10:00,逆方向,-2360.0,0.0,0,0.0,-2360,熱容量,0,0,0,0,0,2026/01/03 15:00:03
翌々日,20260103,策定,相馬双葉幹線,2026/01/05,10:30,順方向,5210.0,0.0,0,0.0,5210,安定度,0,0,0,0,0,2026/01/03 15:00:03
翌々日,20260103,策定,相馬双葉幹線,2026/01/05,10:30,逆方向,-2360.0,0.0,0,0.0,-2360,熱容量,0,0,0,0,0,2026/01/03 15:00:03
翌々日,20260103,策定,相馬双葉幹線,2026/01/05,11:00,順方向,5210.0,0.0,0,0.0,5210,安定度,0,0,0,0,0,2026/01/03 15:00:03
翌々日,20260103,策定,相馬双葉幹線,2026/01/05,11:00,逆方向,-2360.0,0.0,0,0.0,-2360,熱容量,0,0,0,0,0,2026/01/03 15:00:03
翌々日,20260103,策定,相馬双葉幹線,2026/01/05,11:30,順方向,5210.0,0.0,0,0.0,5210,安定度,0,0,0,0,0,2026/01/03 15:00:03
翌々日,20260103,策定,相馬双葉幹線,2026/01/05,11:30,逆方向,-2360.0,0.0,0,0.0,-2360,熱容量,0,0,0,0,0,2026/01/03 15:00:03
翌々日,20260103,策定,相馬双葉幹線,2026/01/05,12:00,順方向,5210.0,0.0,0,0.0,5210,安定度,0,0,0,0,0,2026/01/03 15:00:03
翌々日,20260103,策定,相馬双葉幹線,2026/01/05,12:00,逆方向,-2360.0,0.0,0,0.0,-2360,熱容量,0,0,0,0,0,2026/01/03 15:00:03
翌々日,20260103,策定,相馬双葉幹線,2026/01/05,12:30,順方向,5210.0,0.0,0,0.0,5210,安定度,0,0,0,0,0,2026/01/03 15:00:03
翌々日,20260103,策定,相馬双葉幹線,2026/01/05,12:30,逆方向,-2360.0,0.0,0,0.0,-2360,熱容量,0,0,0,0,0,2026/01/03 15:00:03
翌々日,20260103,策定,相馬双葉幹線,2026/01/05,13:00,順方向,5210.0,0.0,0,0.0,5210,安定度,0,0,0,0,0,2026/01/03 15:00:03
翌々日,20260103,策定,相馬双葉幹線,2026/01/05,13:00,逆方向,-2360.0,0.0,0,0.0,-2360,熱容量,0,0,0,0,0,2026/01/03 15:00:03
翌々日,20260103,策定,相馬双葉幹線,2026/01/05,13:30,順方向,5210.0,0.0,0,0.0,5210,安定度,0,0,0,0,0,2026/01/03 15:00:03
翌々日,20260103,策定,相馬双葉幹線,2026/01/05,13:30,逆方向,-2360.0,0.0,0,0.0,-2360,熱容量,0,0,0,0,0,2026/01/03 15:00:03
翌々日,20260103,策定,相馬双葉幹線,2026/01/05,14:00,順方向,5210.0,0.0,0,0.0,5210,安定度,0,0,0,0,0,2026/01/03 15:00:03
翌々日,20260103,策定,相馬双葉幹線,2026/01/05,14:00,逆方向,-2360.0,0.0,0,0.0,-2360,熱容量,0,0,0,0,0,2026/01/03 15:00:03
翌々日,20260103,策定,相馬双葉幹線,2026/01/05,14:30,順方向,5210.0,0.0,0,0.0,5210,安定度,0,0,0,0,0,2026/01/03 15:00:03
翌々日,20260103,策定,相馬双葉幹線,2026/01/05,14:30,逆方向,-2360.0,0.0,0,0.0,-2360,熱容量,0,0,0,0,0,2026/01/03 15:00:03
翌々日,20260103,策定,相馬双葉幹線,2026/01/05,15:00,順方向,5210.0,0.0,0,0.0,5210,安定度,0,0,0,0,0,2026/01/03 15:00:03
翌々日,20260103,策定,相馬双葉幹線,2026/01/05,15:00,逆方向,-2360.0,0.0,0,0.0,-2360,熱容量,0,0,0,0,0,2026/01/03 15:00:03
翌々日,20260103,策定,相馬双葉幹線,2026/01/05,15:30,順方向,5210.0,0.0,0,0.0,5210,安定度,0,0,0,0,0,2026/01/03 15:00:03
翌々日,20260103,策定,相馬双葉幹線,2026/01/05,15:30,逆方向,-2236.0,0.0,0,-124.0,-2360,熱容量,0,0,0,0,0,2026/01/03 15:00:03
翌々日,20260103,策定,相馬双葉幹線,2026/01/05,16:00,順方向,5210.0,0.0,0,0.0,5210,安定度,0,0,0,0,0,2026/01/03 15:00:03
翌々日,20260103,策定,相馬双葉幹線,2026/01/05,16:00,逆方向,-2236.0,0.0,0,-124.0,-2360,熱容量,0,0,0,0,0,2026/01/03 15:00:03
翌々日,20260103,策定,相馬双葉幹線,2026/01/05,16:30,順方向,5210.0,0.0,0,0.0,5210,安定度,0,0,0,0,0,2026/01/03 15:00:03
翌々日,20260103,策定,相馬双葉幹線,2026/01/05,16:30,逆方向,-2236.0,0.0,0,-124.0,-2360,熱容量,0,0,0,0,0,2026/01/03 15:00:03
翌々日,20260103,策定,相馬双葉幹線,2026/01/05,17:00,順方向,5210.0,0.0,0,0.0,5210,安定度,0,0,0,0,0,2026/01/03 15:00:03
翌々日,20260103,策定,相馬双葉幹線,2026/01/05,17:00,逆方向,-2236.0,0.0,0,-124.0,-2360,熱容量,0,0,0,0,0,2026/01/03 15:00:03
翌々日,20260103,策定,相馬双葉幹線,2026/01/05,17:30,順方向,5210.0,0.0,0,0.0,5210,安定度,0,0,0,0,0,2026/01/03 15:00:03
翌々日,20260103,策定,相馬双葉幹線,2026/01/05,17:30,逆方向,-2236.0,0.0,0,-124.0,-2360,熱容量,0,0,0,0,0,2026/01/03 15:00:03
翌々日,20260103,策定,相馬双葉幹線,2026/01/05,18:00,順方向,5210.0,0.0,0,0.0,5210,安定度,0,0,0,0,0,2026/01/03 15:00:03
翌々日,20260103,策定,相馬双葉幹線,2026/01/05,18:00,逆方向,-2236.0,0.0,0,-124.0,-2360,熱容量,0,0,0,0,0,2026/01/03 15:00:03
翌々日,20260103,策定,相馬双葉幹線,2026/01/05,18:30,順方向,5210.0,0.0,0,0.0,5210,安定度,0,0,0,0,0,2026/01/03 15:00:03
翌々日,20260103,策定,相馬双葉幹線,2026/01/05,18:30,逆方向,-2299.0,0.0,0,-61.0,-2360,熱容量,0,0,0,0,0,2026/01/03 15:00:03
翌々日,20260103,策定,相馬双葉幹線,2026/01/05,19:00,順方向,5210.0,0.0,0,0.0,5210,安定度,0,0,0,0,0,2026/01/03 15:00:03
翌々日,20260103,策定,相馬双葉幹線,2026/01/05,19:00,逆方向,-2299.0,0.0,0,-61.0,-2360,熱容量,0,0,0,0,0,2026/01/03 15:00:03
翌々日,20260103,策定,相馬双葉幹線,2026/01/05,19:30,順方向,5210.0,0.0,0,0.0,5210,安定度,0,0,0,0,0,2026/01/03 15:00:03
翌々日,20260103,策定,相馬双葉幹線,2026/01/05,19:30,逆方向,-2299.0,0.0,0,-61.0,-2360,熱容量,0,0,0,0,0,2026/01/03 15:00:03
翌々日,20260103,策定,相馬双葉幹線,2026/01/05,20:00,順方向,5210.0,0.0,0,0.0,5210,安定度,0,0,0,0,0,2026/01/03 15:00:03
翌々日,20260103,策定,相馬双葉幹線,2026/01/05,20:00,逆方向,-2299.0,0.0,0,-61.0,-2360,熱容量,0,0,0,0,0,2026/01/03 15:00:03
翌々日,20260103,策定,相馬双葉幹線,2026/01/05,20:30,順方向,5210.0,0.0,0,0.0,5210,安定度,0,0,0,0,0,2026/01/03 15:00:03
翌々日,20260103,策定,相馬双葉幹線,2026/01/05,20:30,逆方向,-2299.0,0.0,0,-61.0,-2360,熱容量,0,0,0,0,0,2026/01/03 15:00:03
翌々日,20260103,策定,相馬双葉幹線,2026/01/05,21:00,順方向,5210.0,0.0,0,0.0,5210,安定度,0,0,0,0,0,2026/01/03 15:00:03
翌々日,20260103,策定,相馬双葉幹線,2026/01/05,21:00,逆方向,-2299.0,0.0,0,-61.0,-2360,熱容量,0,0,0,0,0,2026/01/03 15:00:03
翌々日,20260103,策定,相馬双葉幹線,2026/01/05,21:30,順方向,5210.0,0.0,0,0.0,5210,安定度,0,0,0,0,0,2026/01/03 15:00:03
翌々日,20260103,策定,相馬双葉幹線,2026/01/05,21:30,逆方向,-2360.0,0.0,0,0.0,-2360,熱容量,0,0,0,0,0,2026/01/03 15:00:03
翌々日,20260103,策定,相馬双葉幹線,2026/01/05,22:00,順方向,5210.0,0.0,0,0.0,5210,安定度,0,0,0,0,0,2026/01/03 15:00:03
翌々日,20260103,策定,相馬双葉幹線,2026/01/05,22:00,逆方向,-2360.0,0.0,0,0.0,-2360,熱容量,0,0,0,0,0,2026/01/03 15:00:03
翌々日,20260103,策定,相馬双葉幹線,2026/01/05,22:30,順方向,4760.0,0.0,0,0.0,4760,安定度,0,0,0,0,0,2026/01/03 15:00:03
翌々日,20260103,策定,相馬双葉幹線,2026/01/05,22:30,逆方向,-2360.0,0.0,0,0.0,-2360,熱容量,0,0,0,0,0,2026/01/03 15:00:03
翌々日,20260103,策定,相馬双葉幹線,2026/01/05,23:00,順方向,4760.0,0.0,0,0.0,4760,安定度,0,0,0,0,0,2026/01/03 15:00:03
翌々日,20260103,策定,相馬双葉幹線,2026/01/05,23:00,逆方向,-2360.0,0.0,0,0.0,-2360,熱容量,0,0,0,0,0,2026/01/03 15:00:03
翌々日,20260103,策定,相馬双葉幹線,2026/01/05,23:30,順方向,4760.0,0.0,0,0.0,4760,安定度,0,0,0,0,0,2026/01/03 15:00:03
翌々日,20260103,策定,相馬双葉幹線,2026/01/05,23:30,逆方向,-2360.0,0.0,0,0.0,-2360,熱容量,0,0,0,0,0,2026/01/03 15:00:03
翌々日,20260103,策定,相馬双葉幹線,2026/01/05,24:00,順方向,4760.0,0.0,0,0.0,4760,安定度,0,0,0,0,0,2026/01/03 15:00:03
翌々日,20260103,策定,相馬双葉幹線,2026/01/05,24:00,逆方向,-2360.0,0.0,0,0.0,-2360,熱容量,0,0,0,0,0,2026/01/03 15:00:03
翌々日,20260103,策定,周波数変換設備,2026/01/05,00:30,順方向,1200.0,0.0,0,600.0,1800,熱容量（作業）,0,0,0,0,0,2026/01/03 15:00:03
翌々日,20260103,策定,周波数変換設備,2026/01/05,00:30,逆方向,-1200.0,0.0,0,-600.0,-1800,熱容量（作業）,0,0,0,0,0,2026/01/03 15:00:03
翌々日,20260103,策定,周波数変換設備,2026/01/05,01:00,順方向,1200.0,0.0,0,600.0,1800,熱容量（作業）,0,0,0,0,0,2026/01/03 15:00:03
翌々日,20260103,策定,周波数変換設備,2026/01/05,01:00,逆方向,-1200.0,0.0,0,-600.0,-1800,熱容量（作業）,0,0,0,0,0,2026/01/03 15:00:03
翌々日,20260103,策定,周波数変換設備,2026/01/05,01:30,順方向,1200.0,0.0,0,600.0,1800,熱容量（作業）,0,0,0,0,0,2026/01/03 15:00:03
翌々日,20260103,策定,周波数変換設備,2026/01/05,01:30,逆方向,-1200.0,0.0,0,-600.0,-1800,熱容量（作業）,0,0,0,0,0,2026/01/03 15:00:03
翌々日,20260103,策定,周波数変換設備,2026/01/05,02:00,順方向,1200.0,0.0,0,600.0,1800,熱容量（作業）,0,0,0,0,0,2026/01/03 15:00:03
翌々日,20260103,策定,周波数変換設備,2026/01/05,02:00,逆方向,-1200.0,0.0,0,-600.0,-1800,熱容量（作業）,0,0,0,0,0,2026/01/03 15:00:03
翌々日,20260103,策定,周波数変換設備,2026/01/05,02:30,順方向,1200.0,0.0,0,600.0,1800,熱容量（作業）,0,0,0,0,0,2026/01/03 15:00:03
翌々日,20260103,策定,周波数変換設備,2026/01/05,02:30,逆方向,-1200.0,0.0,0,-600.0,-1800,熱容量（作業）,0,0,0,0,0,2026/01/03 15:00:03
翌々日,20260103,策定,周波数変換設備,2026/01/05,03:00,順方向,1200.0,0.0,0,600.0,1800,熱容量（作業）,0,0,0,0,0,2026/01/03 15:00:03
翌々日,20260103,策定,周波数変換設備,2026/01/05,03:00,逆方向,-1200.0,0.0,0,-600.0,-1800,熱容量（作業）,0,0,0,0,0,2026/01/03 15:00:03
翌々日,20260103,策定,周波数変換設備,2026/01/05,03:30,順方向,1200.0,0.0,0,600.0,1800,熱容量（作業）,0,0,0,0,0,2026/01/03 15:00:03
翌々日,20260103,策定,周波数変換設備,2026/01/05,03:30,逆方向,-1200.0,0.0,0,-600.0,-1800,熱容量（作業）,0,0,0,0,0,2026/01/03 15:00:03
翌々日,20260103,策定,周波数変換設備,2026/01/05,04:00,順方向,1200.0,0.0,0,600.0,1800,熱容量（作業）,0,0,0,0,0,2026/01/03 15:00:03
翌々日,20260103,策定,周波数変換設備,2026/01/05,04:00,逆方向,-1200.0,0.0,0,-600.0,-1800,熱容量（作業）,0,0,0,0,0,2026/01/03 15:00:03
翌々日,20260103,策定,周波数変換設備,2026/01/05,04:30,順方向,1200.0,0.0,0,600.0,1800,熱容量（作業）,0,0,0,0,0,2026/01/03 15:00:03
翌々日,20260103,策定,周波数変換設備,2026/01/05,04:30,逆方向,-1200.0,0.0,0,-600.0,-1800,熱容量（作業）,0,0,0,0,0,2026/01/03 15:00:03
翌々日,20260103,策定,周波数変換設備,2026/01/05,05:00,順方向,1200.0,0.0,0,600.0,1800,熱容量（作業）,0,0,0,0,0,2026/01/03 15:00:03
翌々日,20260103,策定,周波数変換設備,2026/01/05,05:00,逆方向,-1200.0,0.0,0,-600.0,-1800,熱容量（作業）,0,0,0,0,0,2026/01/03 15:00:03
翌々日,20260103,策定,周波数変換設備,2026/01/05,05:30,順方向,1200.0,0.0,0,600.0,1800,熱容量（作業）,0,0,0,0,0,2026/01/03 15:00:03
翌々日,20260103,策定,周波数変換設備,2026/01/05,05:30,逆方向,-1200.0,0.0,0,-600.0,-1800,熱容量（作業）,0,0,0,0,0,2026/01/03 15:00:03
翌々日,20260103,策定,周波数変換設備,2026/01/05,06:00,順方向,1200.0,0.0,0,600.0,1800,熱容量（作業）,0,0,0,0,0,2026/01/03 15:00:03
翌々日,20260103,策定,周波数変換設備,2026/01/05,06:00,逆方向,-1200.0,0.0,0,-600.0,-1800,熱容量（作業）,0,0,0,0,0,2026/01/03 15:00:03
翌々日,20260103,策定,周波数変換設備,2026/01/05,06:30,順方向,1200.0,0.0,0,600.0,1800,熱容量（作業）,0,0,0,0,0,2026/01/03 15:00:03
翌々日,20260103,策定,周波数変換設備,2026/01/05,06:30,逆方向,-1200.0,0.0,0,-600.0,-1800,熱容量（作業）,0,0,0,0,0,2026/01/03 15:00:03
翌々日,20260103,策定,周波数変換設備,2026/01/05,07:00,順方向,1200.0,0.0,0,600.0,1800,熱容量（作業）,0,0,0,0,0,2026/01/03 15:00:03
翌々日,20260103,策定,周波数変換設備,2026/01/05,07:00,逆方向,-1200.0,0.0,0,-600.0,-1800,熱容量（作業）,0,0,0,0,0,2026/01/03 15:00:03
翌々日,20260103,策定,周波数変換設備,2026/01/05,07:30,順方向,1200.0,0.0,0,600.0,1800,熱容量（作業）,0,0,0,0,0,2026/01/03 15:00:03
翌々日,20260103,策定,周波数変換設備,2026/01/05,07:30,逆方向,-1200.0,0.0,0,-600.0,-1800,熱容量（作業）,0,0,0,0,0,2026/01/03 15:00:03
翌々日,20260103,策定,周波数変換設備,2026/01/05,08:00,順方向,1200.0,0.0,0,600.0,1800,熱容量（作業）,0,0,0,0,0,2026/01/03 15:00:03
翌々日,20260103,策定,周波数変換設備,2026/01/05,08:00,逆方向,-1200.0,0.0,0,-600.0,-1800,熱容量（作業）,0,0,0,0,0,2026/01/03 15:00:03
翌々日,20260103,策定,周波数変換設備,2026/01/05,08:30,順方向,1200.0,0.0,0,600.0,1800,熱容量（作業）,0,0,0,0,0,2026/01/03 15:00:03
翌々日,20260103,策定,周波数変換設備,2026/01/05,08:30,逆方向,-1200.0,0.0,0,-600.0,-1800,熱容量（作業）,0,0,0,0,0,2026/01/03 15:00:03
翌々日,20260103,策定,周波数変換設備,2026/01/05,09:00,順方向,1200.0,0.0,0,600.0,1800,熱容量（作業）,0,0,0,0,0,2026/01/03 15:00:03
翌々日,20260103,策定,周波数変換設備,2026/01/05,09:00,逆方向,-1200.0,0.0,0,-600.0,-1800,熱容量（作業）,0,0,0,0,0,2026/01/03 15:00:03
翌々日,20260103,策定,周波数変換設備,2026/01/05,09:30,順方向,1200.0,0.0,0,600.0,1800,熱容量（作業）,0,0,0,0,0,2026/01/03 15:00:03
翌々日,20260103,策定,周波数変換設備,2026/01/05,09:30,逆方向,-1200.0,0.0,0,-600.0,-1800,熱容量（作業）,0,0,0,0,0,2026/01/03 15:00:03
翌々日,20260103,策定,周波数変換設備,2026/01/05,10:00,順方向,1200.0,0.0,0,600.0,1800,熱容量（作業）,0,0,0,0,0,2026/01/03 15:00:03
翌々日,20260103,策定,周波数変換設備,2026/01/05,10:00,逆方向,-1200.0,0.0,0,-600.0,-1800,熱容量（作業）,0,0,0,0,0,2026/01/03 15:00:03
翌々日,20260103,策定,周波数変換設備,2026/01/05,10:30,順方向,1200.0,0.0,0,600.0,1800,熱容量（作業）,0,0,0,0,0,2026/01/03 15:00:03
翌々日,20260103,策定,周波数変換設備,2026/01/05,10:30,逆方向,-1200.0,0.0,0,-600.0,-1800,熱容量（作業）,0,0,0,0,0,2026/01/03 15:00:03
翌々日,20260103,策定,周波数変換設備,2026/01/05,11:00,順方向,1200.0,0.0,0,600.0,1800,熱容量（作業）,0,0,0,0,0,2026/01/03 15:00:03
翌々日,20260103,策定,周波数変換設備,2026/01/05,11:00,逆方向,-1200.0,0.0,0,-600.0,-1800,熱容量（作業）,0,0,0,0,0,2026/01/03 15:00:03
翌々日,20260103,策定,周波数変換設備,2026/01/05,11:30,順方向,1200.0,0.0,0,600.0,1800,熱容量（作業）,0,0,0,0,0,2026/01/03 15:00:03
翌々日,20260103,策定,周波数変換設備,2026/01/05,11:30,逆方向,-1200.0,0.0,0,-600.0,-1800,熱容量（作業）,0,0,0,0,0,2026/01/03 15:00:03
翌々日,20260103,策定,周波数変換設備,2026/01/05,12:00,順方向,1200.0,0.0,0,600.0,1800,熱容量（作業）,0,0,0,0,0,2026/01/03 15:00:03
翌々日,20260103,策定,周波数変換設備,2026/01/05,12:00,逆方向,-1200.0,0.0,0,-600.0,-1800,熱容量（作業）,0,0,0,0,0,2026/01/03 15:00:03
翌々日,20260103,策定,周波数変換設備,2026/01/05,12:30,順方向,1200.0,0.0,0,600.0,1800,熱容量（作業）,0,0,0,0,0,2026/01/03 15:00:03
翌々日,20260103,策定,周波数変換設備,2026/01/05,12:30,逆方向,-1200.0,0.0,0,-600.0,-1800,熱容量（作業）,0,0,0,0,0,2026/01/03 15:00:03
翌々日,20260103,策定,周波数変換設備,2026/01/05,13:00,順方向,1200.0,0.0,0,600.0,1800,熱容量（作業）,0,0,0,0,0,2026/01/03 15:00:03
翌々日,20260103,策定,周波数変換設備,2026/01/05,13:00,逆方向,-1200.0,0.0,0,-600.0,-1800,熱容量（作業）,0,0,0,0,0,2026/01/03 15:00:03
翌々日,20260103,策定,周波数変換設備,2026/01/05,13:30,順方向,1200.0,0.0,0,600.0,1800,熱容量（作業）,0,0,0,0,0,2026/01/03 15:00:03
翌々日,20260103,策定,周波数変換設備,2026/01/05,13:30,逆方向,-1200.0,0.0,0,-600.0,-1800,熱容量（作業）,0,0,0,0,0,2026/01/03 15:00:03
翌々日,20260103,策定,周波数変換設備,2026/01/05,14:00,順方向,1200.0,0.0,0,600.0,1800,熱容量（作業）,0,0,0,0,0,2026/01/03 15:00:03
翌々日,20260103,策定,周波数変換設備,2026/01/05,14:00,逆方向,-1200.0,0.0,0,-600.0,-1800,熱容量（作業）,0,0,0,0,0,2026/01/03 15:00:03
翌々日,20260103,策定,周波数変換設備,2026/01/05,14:30,順方向,1200.0,0.0,0,600.0,1800,熱容量（作業）,0,0,0,0,0,2026/01/03 15:00:03
翌々日,20260103,策定,周波数変換設備,2026/01/05,14:30,逆方向,-1200.0,0.0,0,-600.0,-1800,熱容量（作業）,0,0,0,0,0,2026/01/03 15:00:03
翌々日,20260103,策定,周波数変換設備,2026/01/05,15:00,順方向,1200.0,0.0,0,600.0,1800,熱容量（作業）,0,0,0,0,0,2026/01/03 15:00:03
翌々日,20260103,策定,周波数変換設備,2026/01/05,15:00,逆方向,-1200.0,0.0,0,-600.0,-1800,熱容量（作業）,0,0,0,0,0,2026/01/03 15:00:03
翌々日,20260103,策定,周波数変換設備,2026/01/05,15:30,順方向,1200.0,0.0,0,600.0,1800,熱容量（作業）,0,0,0,0,0,2026/01/03 15:00:03
翌々日,20260103,策定,周波数変換設備,2026/01/05,15:30,逆方向,-1200.0,0.0,0,-600.0,-1800,熱容量（作業）,0,0,0,0,0,2026/01/03 15:00:03
翌々日,20260103,策定,周波数変換設備,2026/01/05,16:00,順方向,1200.0,0.0,0,600.0,1800,熱容量（作業）,0,0,0,0,0,2026/01/03 15:00:03
翌々日,20260103,策定,周波数変換設備,2026/01/05,16:00,逆方向,-1200.0,0.0,0,-600.0,-1800,熱容量（作業）,0,0,0,0,0,2026/01/03 15:00:03
翌々日,20260103,策定,周波数変換設備,2026/01/05,16:30,順方向,1200.0,0.0,0,600.0,1800,熱容量（作業）,0,0,0,0,0,2026/01/03 15:00:03
翌々日,20260103,策定,周波数変換設備,2026/01/05,16:30,逆方向,-1200.0,0.0,0,-600.0,-1800,熱容量（作業）,0,0,0,0,0,2026/01/03 15:00:03
翌々日,20260103,策定,周波数変換設備,2026/01/05,17:00,順方向,1200.0,0.0,0,600.0,1800,熱容量（作業）,0,0,0,0,0,2026/01/03 15:00:03
翌々日,20260103,策定,周波数変換設備,2026/01/05,17:00,逆方向,-1200.0,0.0,0,-600.0,-1800,熱容量（作業）,0,0,0,0,0,2026/01/03 15:00:03
翌々日,20260103,策定,周波数変換設備,2026/01/05,17:30,順方向,1200.0,0.0,0,600.0,1800,熱容量（作業）,0,0,0,0,0,2026/01/03 15:00:03
翌々日,20260103,策定,周波数変換設備,2026/01/05,17:30,逆方向,-1200.0,0.0,0,-600.0,-1800,熱容量（作業）,0,0,0,0,0,2026/01/03 15:00:03
翌々日,20260103,策定,周波数変換設備,2026/01/05,18:00,順方向,1200.0,0.0,0,600.0,1800,熱容量（作業）,0,0,0,0,0,2026/01/03 15:00:03
翌々日,20260103,策定,周波数変換設備,2026/01/05,18:00,逆方向,-1200.0,0.0,0,-600.0,-1800,熱容量（作業）,0,0,0,0,0,2026/01/03 15:00:03
翌々日,20260103,策定,周波数変換設備,2026/01/05,18:30,順方向,1200.0,0.0,0,600.0,1800,熱容量（作業）,0,0,0,0,0,2026/01/03 15:00:03
翌々日,20260103,策定,周波数変換設備,2026/01/05,18:30,逆方向,-1200.0,0.0,0,-600.0,-1800,熱容量（作業）,0,0,0,0,0,2026/01/03 15:00:03
翌々日,20260103,策定,周波数変換設備,2026/01/05,19:00,順方向,1200.0,0.0,0,600.0,1800,熱容量（作業）,0,0,0,0,0,2026/01/03 15:00:03
翌々日,20260103,策定,周波数変換設備,2026/01/05,19:00,逆方向,-1200.0,0.0,0,-600.0,-1800,熱容量（作業）,0,0,0,0,0,2026/01/03 15:00:03
翌々日,20260103,策定,周波数変換設備,2026/01/05,19:30,順方向,1200.0,0.0,0,600.0,1800,熱容量（作業）,0,0,0,0,0,2026/01/03 15:00:03
翌々日,20260103,策定,周波数変換設備,2026/01/05,19:30,逆方向,-1200.0,0.0,0,-600.0,-1800,熱容量（作業）,0,0,0,0,0,2026/01/03 15:00:03
翌々日,20260103,策定,周波数変換設備,2026/01/05,20:00,順方向,1200.0,0.0,0,600.0,1800,熱容量（作業）,0,0,0,0,0,2026/01/03 15:00:03
翌々日,20260103,策定,周波数変換設備,2026/01/05,20:00,逆方向,-1200.0,0.0,0,-600.0,-1800,熱容量（作業）,0,0,0,0,0,2026/01/03 15:00:03
翌々日,20260103,策定,周波数変換設備,2026/01/05,20:30,順方向,1200.0,0.0,0,600.0,1800,熱容量（作業）,0,0,0,0,0,2026/01/03 15:00:03
翌々日,20260103,策定,周波数変換設備,2026/01/05,20:30,逆方向,-1200.0,0.0,0,-600.0,-1800,熱容量（作業）,0,0,0,0,0,2026/01/03 15:00:03
翌々日,20260103,策定,周波数変換設備,2026/01/05,21:00,順方向,1200.0,0.0,0,600.0,1800,熱容量（作業）,0,0,0,0,0,2026/01/03 15:00:03
翌々日,20260103,策定,周波数変換設備,2026/01/05,21:00,逆方向,-1200.0,0.0,0,-600.0,-1800,熱容量（作業）,0,0,0,0,0,2026/01/03 15:00:03
翌々日,20260103,策定,周波数変換設備,2026/01/05,21:30,順方向,1200.0,0.0,0,600.0,1800,熱容量（作業）,0,0,0,0,0,2026/01/03 15:00:03
翌々日,20260103,策定,周波数変換設備,2026/01/05,21:30,逆方向,-1200.0,0.0,0,-600.0,-1800,熱容量（作業）,0,0,0,0,0,2026/01/03 15:00:03
翌々日,20260103,策定,周波数変換設備,2026/01/05,22:00,順方向,1200.0,0.0,0,600.0,1800,熱容量（作業）,0,0,0,0,0,2026/01/03 15:00:03
翌々日,20260103,策定,周波数変換設備,2026/01/05,22:00,逆方向,-1200.0,0.0,0,-600.0,-1800,熱容量（作業）,0,0,0,0,0,2026/01/03 15:00:03
翌々日,20260103,策定,周波数変換設備,2026/01/05,22:30,順方向,1200.0,0.0,0,600.0,1800,熱容量（作業）,0,0,0,0,0,2026/01/03 15:00:03
翌々日,20260103,策定,周波数変換設備,2026/01/05,22:30,逆方向,-1200.0,0.0,0,-600.0,-1800,熱容量（作業）,0,0,0,0,0,2026/01/03 15:00:03
翌々日,20260103,策定,周波数変換設備,2026/01/05,23:00,順方向,1200.0,0.0,0,600.0,1800,熱容量（作業）,0,0,0,0,0,2026/01/03 15:00:03
翌々日,20260103,策定,周波数変換設備,2026/01/05,23:00,逆方向,-1200.0,0.0,0,-600.0,-1800,熱容量（作業）,0,0,0,0,0,2026/01/03 15:00:03
翌々日,20260103,策定,周波数変換設備,2026/01/05,23:30,順方向,1200.0,0.0,0,600.0,1800,熱容量（作業）,0,0,0,0,0,2026/01/03 15:00:03
翌々日,20260103,策定,周波数変換設備,2026/01/05,23:30,逆方向,-1200.0,0.0,0,-600.0,-1800,熱容量（作業）,0,0,0,0,0,2026/01/03 15:00:03
翌々日,20260103,策定,周波数変換設備,2026/01/05,24:00,順方向,1200.0,0.0,0,600.0,1800,熱容量（作業）,0,0,0,0,0,2026/01/03 15:00:03
翌々日,20260103,策定,周波数変換設備,2026/01/05,24:00,逆方向,-1200.0,0.0,0,-600.0,-1800,熱容量（作業）,0,0,0,0,0,2026/01/03 15:00:03
翌々日,20260103,策定,三重東近江線,2026/01/05,00:30,順方向,875.827,0.0,0,184.173,1060,周波数,0,0,0,0,0,2026/01/03 15:00:03
翌々日,20260103,策定,三重東近江線,2026/01/05,00:30,逆方向,-2000.0,0.0,0,0.0,-2000,周波数,0,0,0,0,0,2026/01/03 15:00:03
翌々日,20260103,策定,三重東近江線,2026/01/05,01:00,順方向,865.827,0.0,0,184.173,1050,周波数,0,0,0,0,0,2026/01/03 15:00:03
翌々日,20260103,策定,三重東近江線,2026/01/05,01:00,逆方向,-2000.0,0.0,0,0.0,-2000,周波数,0,0,0,0,0,2026/01/03 15:00:03
翌々日,20260103,策定,三重東近江線,2026/01/05,01:30,順方向,865.827,0.0,0,184.173,1050,周波数,0,0,0,0,0,2026/01/03 15:00:03
翌々日,20260103,策定,三重東近江線,2026/01/05,01:30,逆方向,-2000.0,0.0,0,0.0,-2000,周波数,0,0,0,0,0,2026/01/03 15:00:03
翌々日,20260103,策定,三重東近江線,2026/01/05,02:00,順方向,865.827,0.0,0,184.173,1050,周波数,0,0,0,0,0,2026/01/03 15:00:03
翌々日,20260103,策定,三重東近江線,2026/01/05,02:00,逆方向,-2000.0,0.0,0,0.0,-2000,周波数,0,0,0,0,0,2026/01/03 15:00:03
翌々日,20260103,策定,三重東近江線,2026/01/05,02:30,順方向,885.827,0.0,0,184.173,1070,周波数,0,0,0,0,0,2026/01/03 15:00:03
翌々日,20260103,策定,三重東近江線,2026/01/05,02:30,逆方向,-2000.0,0.0,0,0.0,-2000,周波数,0,0,0,0,0,2026/01/03 15:00:03
翌々日,20260103,策定,三重東近江線,2026/01/05,03:00,順方向,915.827,0.0,0,184.173,1100,周波数,0,0,0,0,0,2026/01/03 15:00:03
翌々日,20260103,策定,三重東近江線,2026/01/05,03:00,逆方向,-2000.0,0.0,0,0.0,-2000,周波数,0,0,0,0,0,2026/01/03 15:00:03
翌々日,20260103,策定,三重東近江線,2026/01/05,03:30,順方向,968.122,0.0,0,151.878,1120,周波数,0,0,0,0,0,2026/01/03 15:00:03
翌々日,20260103,策定,三重東近江線,2026/01/05,03:30,逆方向,-2000.0,0.0,0,0.0,-2000,周波数,0,0,0,0,0,2026/01/03 15:00:03
翌々日,20260103,策定,三重東近江線,2026/01/05,04:00,順方向,978.122,0.0,0,151.878,1130,周波数,0,0,0,0,0,2026/01/03 15:00:03
翌々日,20260103,策定,三重東近江線,2026/01/05,04:00,逆方向,-2000.0,0.0,0,0.0,-2000,周波数,0,0,0,0,0,2026/01/03 15:00:03
翌々日,20260103,策定,三重東近江線,2026/01/05,04:30,順方向,978.122,0.0,0,151.878,1130,周波数,0,0,0,0,0,2026/01/03 15:00:03
翌々日,20260103,策定,三重東近江線,2026/01/05,04:30,逆方向,-2000.0,0.0,0,0.0,-2000,周波数,0,0,0,0,0,2026/01/03 15:00:03
翌々日,20260103,策定,三重東近江線,2026/01/05,05:00,順方向,958.122,0.0,0,151.878,1110,周波数,0,0,0,0,0,2026/01/03 15:00:03
翌々日,20260103,策定,三重東近江線,2026/01/05,05:00,逆方向,-2000.0,0.0,0,0.0,-2000,周波数,0,0,0,0,0,2026/01/03 15:00:03
翌々日,20260103,策定,三重東近江線,2026/01/05,05:30,順方向,938.122,0.0,0,151.878,1090,周波数,0,0,0,0,0,2026/01/03 15:00:03
翌々日,20260103,策定,三重東近江線,2026/01/05,05:30,逆方向,-2000.0,0.0,0,0.0,-2000,周波数,0,0,0,0,0,2026/01/03 15:00:03
翌々日,20260103,策定,三重東近江線,2026/01/05,06:00,順方向,918.122,0.0,0,151.878,1070,周波数,0,0,0,0,0,2026/01/03 15:00:03
翌々日,20260103,策定,三重東近江線,2026/01/05,06:00,逆方向,-2000.0,0.0,0,0.0,-2000,周波数,0,0,0,0,0,2026/01/03 15:00:03
翌々日,20260103,策定,三重東近江線,2026/01/05,06:30,順方向,1060.0,0.0,0,0.0,1060,周波数,0,0,0,0,0,2026/01/03 15:00:03
翌々日,20260103,策定,三重東近江線,2026/01/05,06:30,逆方向,-2000.0,0.0,0,0.0,-2000,周波数,0,0,0,0,0,2026/01/03 15:00:03
翌々日,20260103,策定,三重東近江線,2026/01/05,07:00,順方向,1060.0,0.0,0,0.0,1060,周波数,0,0,0,0,0,2026/01/03 15:00:03
翌々日,20260103,策定,三重東近江線,2026/01/05,07:00,逆方向,-2000.0,0.0,0,0.0,-2000,周波数,0,0,0,0,0,2026/01/03 15:00:03
翌々日,20260103,策定,三重東近江線,2026/01/05,07:30,順方向,1070.0,0.0,0,0.0,1070,周波数,0,0,0,0,0,2026/01/03 15:00:03
翌々日,20260103,策定,三重東近江線,2026/01/05,07:30,逆方向,-2000.0,0.0,0,0.0,-2000,周波数,0,0,0,0,0,2026/01/03 15:00:03
翌々日,20260103,策定,三重東近江線,2026/01/05,08:00,順方向,1090.0,0.0,0,0.0,1090,周波数,0,0,0,0,0,2026/01/03 15:00:03
翌々日,20260103,策定,三重東近江線,2026/01/05,08:00,逆方向,-2000.0,0.0,0,0.0,-2000,周波数,0,0,0,0,0,2026/01/03 15:00:03
翌々日,20260103,策定,三重東近江線,2026/01/05,08:30,順方向,1130.0,0.0,0,0.0,1130,周波数,0,0,0,0,0,2026/01/03 15:00:03
翌々日,20260103,策定,三重東近江線,2026/01/05,08:30,逆方向,-2500.0,0.0,0,0.0,-2500,周波数,0,0,0,0,0,2026/01/03 15:00:03
翌々日,20260103,策定,三重東近江線,2026/01/05,09:00,順方向,1040.0,0.0,0,0.0,1040,周波数,0,0,0,0,0,2026/01/03 15:00:03
翌々日,20260103,策定,三重東近江線,2026/01/05,09:00,逆方向,-2500.0,0.0,0,0.0,-2500,周波数,0,0,0,0,0,2026/01/03 15:00:03
翌々日,20260103,策定,三重東近江線,2026/01/05,09:30,順方向,960.0,0.0,0,0.0,960,周波数,0,0,0,0,0,2026/01/03 15:00:03
翌々日,20260103,策定,三重東近江線,2026/01/05,09:30,逆方向,-2370.968,0.0,0,-129.032,-2500,周波数,0,0,0,0,0,2026/01/03 15:00:03
翌々日,20260103,策定,三重東近江線,2026/01/05,10:00,順方向,880.0,0.0,0,0.0,880,周波数,0,0,0,0,0,2026/01/03 15:00:03
翌々日,20260103,策定,三重東近江線,2026/01/05,10:00,逆方向,-2370.968,0.0,0,-129.032,-2500,周波数,0,0,0,0,0,2026/01/03 15:00:03
翌々日,20260103,策定,三重東近江線,2026/01/05,10:30,順方向,800.0,0.0,0,0.0,800,周波数,0,0,0,0,0,2026/01/03 15:00:03
翌々日,20260103,策定,三重東近江線,2026/01/05,10:30,逆方向,-2370.968,0.0,0,-129.032,-2500,周波数,0,0,0,0,0,2026/01/03 15:00:03
翌々日,20260103,策定,三重東近江線,2026/01/05,11:00,順方向,760.0,0.0,0,0.0,760,周波数,0,0,0,0,0,2026/01/03 15:00:03
翌々日,20260103,策定,三重東近江線,2026/01/05,11:00,逆方向,-2370.968,0.0,0,-129.032,-2500,周波数,0,0,0,0,0,2026/01/03 15:00:03
翌々日,20260103,策定,三重東近江線,2026/01/05,11:30,順方向,720.0,0.0,0,0.0,720,周波数,0,0,0,0,0,2026/01/03 15:00:03
翌々日,20260103,策定,三重東近江線,2026/01/05,11:30,逆方向,-2370.968,0.0,0,-129.032,-2500,周波数,0,0,0,0,0,2026/01/03 15:00:03
翌々日,20260103,策定,三重東近江線,2026/01/05,12:00,順方向,710.0,0.0,0,0.0,710,周波数,0,0,0,0,0,2026/01/03 15:00:03
翌々日,20260103,策定,三重東近江線,2026/01/05,12:00,逆方向,-2370.968,0.0,0,-129.032,-2500,周波数,0,0,0,0,0,2026/01/03 15:00:03
翌々日,20260103,策定,三重東近江線,2026/01/05,12:30,順方向,688.304,0.0,0,11.696,700,周波数,0,0,0,0,0,2026/01/03 15:00:03
翌々日,20260103,策定,三重東近江線,2026/01/05,12:30,逆方向,-2370.968,0.0,0,-129.032,-2500,周波数,0,0,0,0,0,2026/01/03 15:00:03
翌々日,20260103,策定,三重東近江線,2026/01/05,13:00,順方向,688.304,0.0,0,11.696,700,周波数,0,0,0,0,0,2026/01/03 15:00:03
翌々日,20260103,策定,三重東近江線,2026/01/05,13:00,逆方向,-2370.968,0.0,0,-129.032,-2500,周波数,0,0,0,0,0,2026/01/03 15:00:03
翌々日,20260103,策定,三重東近江線,2026/01/05,13:30,順方向,698.304,0.0,0,11.696,710,周波数,0,0,0,0,0,2026/01/03 15:00:03
翌々日,20260103,策定,三重東近江線,2026/01/05,13:30,逆方向,-2370.968,0.0,0,-129.032,-2500,周波数,0,0,0,0,0,2026/01/03 15:00:03
翌々日,20260103,策定,三重東近江線,2026/01/05,14:00,順方向,708.304,0.0,0,11.696,720,周波数,0,0,0,0,0,2026/01/03 15:00:03
翌々日,20260103,策定,三重東近江線,2026/01/05,14:00,逆方向,-2370.968,0.0,0,-129.032,-2500,周波数,0,0,0,0,0,2026/01/03 15:00:03
翌々日,20260103,策定,三重東近江線,2026/01/05,14:30,順方向,738.304,0.0,0,11.696,750,周波数,0,0,0,0,0,2026/01/03 15:00:03
翌々日,20260103,策定,三重東近江線,2026/01/05,14:30,逆方向,-2370.968,0.0,0,-129.032,-2500,周波数,0,0,0,0,0,2026/01/03 15:00:03
翌々日,20260103,策定,三重東近江線,2026/01/05,15:00,順方向,778.304,0.0,0,11.696,790,周波数,0,0,0,0,0,2026/01/03 15:00:03
翌々日,20260103,策定,三重東近江線,2026/01/05,15:00,逆方向,-2370.968,0.0,0,-129.032,-2500,周波数,0,0,0,0,0,2026/01/03 15:00:03
翌々日,20260103,策定,三重東近江線,2026/01/05,15:30,順方向,870.0,0.0,0,0.0,870,周波数,0,0,0,0,0,2026/01/03 15:00:03
翌々日,20260103,策定,三重東近江線,2026/01/05,15:30,逆方向,-2370.968,0.0,0,-129.032,-2500,周波数,0,0,0,0,0,2026/01/03 15:00:03
翌々日,20260103,策定,三重東近江線,2026/01/05,16:00,順方向,960.0,0.0,0,0.0,960,周波数,0,0,0,0,0,2026/01/03 15:00:03
翌々日,20260103,策定,三重東近江線,2026/01/05,16:00,逆方向,-2370.968,0.0,0,-129.032,-2500,周波数,0,0,0,0,0,2026/01/03 15:00:03
翌々日,20260103,策定,三重東近江線,2026/01/05,16:30,順方向,1080.0,0.0,0,0.0,1080,周波数,0,0,0,0,0,2026/01/03 15:00:03
翌々日,20260103,策定,三重東近江線,2026/01/05,16:30,逆方向,-2370.968,0.0,0,-129.032,-2500,周波数,0,0,0,0,0,2026/01/03 15:00:03
翌々日,20260103,策定,三重東近江線,2026/01/05,17:00,順方向,1210.0,0.0,0,0.0,1210,周波数,0,0,0,0,0,2026/01/03 15:00:03
翌々日,20260103,策定,三重東近江線,2026/01/05,17:00,逆方向,-2370.968,0.0,0,-129.032,-2500,周波数,0,0,0,0,0,2026/01/03 15:00:03
翌々日,20260103,策定,三重東近江線,2026/01/05,17:30,順方向,1320.0,0.0,0,0.0,1320,周波数,0,0,0,0,0,2026/01/03 15:00:03
翌々日,20260103,策定,三重東近江線,2026/01/05,17:30,逆方向,-2370.968,0.0,0,-129.032,-2500,周波数,0,0,0,0,0,2026/01/03 15:00:03
翌々日,20260103,策定,三重東近江線,2026/01/05,18:00,順方向,1430.0,0.0,0,0.0,1430,周波数,0,0,0,0,0,2026/01/03 15:00:03
翌々日,20260103,策定,三重東近江線,2026/01/05,18:00,逆方向,-2370.968,0.0,0,-129.032,-2500,周波数,0,0,0,0,0,2026/01/03 15:00:03
翌々日,20260103,策定,三重東近江線,2026/01/05,18:30,順方向,1460.0,0.0,0,0.0,1460,周波数,0,0,0,0,0,2026/01/03 15:00:03
翌々日,20260103,策定,三重東近江線,2026/01/05,18:30,逆方向,-2500.0,0.0,0,0.0,-2500,周波数,0,0,0,0,0,2026/01/03 15:00:03
翌々日,20260103,策定,三重東近江線,2026/01/05,19:00,順方向,1470.0,0.0,0,0.0,1470,周波数,0,0,0,0,0,2026/01/03 15:00:03
翌々日,20260103,策定,三重東近江線,2026/01/05,19:00,逆方向,-2500.0,0.0,0,0.0,-2500,周波数,0,0,0,0,0,2026/01/03 15:00:03
翌々日,20260103,策定,三重東近江線,2026/01/05,19:30,順方向,1460.0,0.0,0,0.0,1460,周波数,0,0,0,0,0,2026/01/03 15:00:03
翌々日,20260103,策定,三重東近江線,2026/01/05,19:30,逆方向,-2500.0,0.0,0,0.0,-2500,周波数,0,0,0,0,0,2026/01/03 15:00:03
翌々日,20260103,策定,三重東近江線,2026/01/05,20:00,順方向,1440.0,0.0,0,0.0,1440,周波数,0,0,0,0,0,2026/01/03 15:00:03
翌々日,20260103,策定,三重東近江線,2026/01/05,20:00,逆方向,-2500.0,0.0,0,0.0,-2500,周波数,0,0,0,0,0,2026/01/03 15:00:03
翌々日,20260103,策定,三重東近江線,2026/01/05,20:30,順方向,1420.0,0.0,0,0.0,1420,周波数,0,0,0,0,0,2026/01/03 15:00:03
翌々日,20260103,策定,三重東近江線,2026/01/05,20:30,逆方向,-2500.0,0.0,0,0.0,-2500,周波数,0,0,0,0,0,2026/01/03 15:00:03
翌々日,20260103,策定,三重東近江線,2026/01/05,21:00,順方向,1380.0,0.0,0,0.0,1380,周波数,0,0,0,0,0,2026/01/03 15:00:03
翌々日,20260103,策定,三重東近江線,2026/01/05,21:00,逆方向,-2500.0,0.0,0,0.0,-2500,周波数,0,0,0,0,0,2026/01/03 15:00:03
翌々日,20260103,策定,三重東近江線,2026/01/05,21:30,順方向,1344.0,0.0,0,6.0,1350,周波数,0,0,0,0,0,2026/01/03 15:00:03
翌々日,20260103,策定,三重東近江線,2026/01/05,21:30,逆方向,-2500.0,0.0,0,0.0,-2500,周波数,0,0,0,0,0,2026/01/03 15:00:03
翌々日,20260103,策定,三重東近江線,2026/01/05,22:00,順方向,1344.0,0.0,0,6.0,1350,周波数,0,0,0,0,0,2026/01/03 15:00:03
翌々日,20260103,策定,三重東近江線,2026/01/05,22:00,逆方向,-2500.0,0.0,0,0.0,-2500,周波数,0,0,0,0,0,2026/01/03 15:00:03
翌々日,20260103,策定,三重東近江線,2026/01/05,22:30,順方向,1254.0,0.0,0,6.0,1260,周波数,0,0,0,0,0,2026/01/03 15:00:03
翌々日,20260103,策定,三重東近江線,2026/01/05,22:30,逆方向,-2000.0,0.0,0,0.0,-2000,周波数,0,0,0,0,0,2026/01/03 15:00:03
翌々日,20260103,策定,三重東近江線,2026/01/05,23:00,順方向,1224.0,0.0,0,6.0,1230,周波数,0,0,0,0,0,2026/01/03 15:00:03
翌々日,20260103,策定,三重東近江線,2026/01/05,23:00,逆方向,-2000.0,0.0,0,0.0,-2000,周波数,0,0,0,0,0,2026/01/03 15:00:03
翌々日,20260103,策定,三重東近江線,2026/01/05,23:30,順方向,1194.0,0.0,0,6.0,1200,周波数,0,0,0,0,0,2026/01/03 15:00:03
翌々日,20260103,策定,三重東近江線,2026/01/05,23:30,逆方向,-2000.0,0.0,0,0.0,-2000,周波数,0,0,0,0,0,2026/01/03 15:00:03
翌々日,20260103,策定,三重東近江線,2026/01/05,24:00,順方向,1154.0,0.0,0,6.0,1160,周波数,0,0,0,0,0,2026/01/03 15:00:03
翌々日,20260103,策定,三重東近江線,2026/01/05,24:00,逆方向,-2000.0,0.0,0,0.0,-2000,周波数,0,0,0,0,0,2026/01/03 15:00:03
翌々日,20260103,策定,南福光連系所・南福光変電所の連系設備,2026/01/05,00:30,順方向,300.0,0.0,0,0.0,300,熱容量,0,0,0,0,0,2026/01/03 15:00:03
翌々日,20260103,策定,南福光連系所・南福光変電所の連系設備,2026/01/05,00:30,逆方向,-300.0,0.0,0,0.0,-300,熱容量,0,0,0,0,0,2026/01/03 15:00:03
翌々日,20260103,策定,南福光連系所・南福光変電所の連系設備,2026/01/05,01:00,順方向,300.0,0.0,0,0.0,300,熱容量,0,0,0,0,0,2026/01/03 15:00:03
翌々日,20260103,策定,南福光連系所・南福光変電所の連系設備,2026/01/05,01:00,逆方向,-300.0,0.0,0,0.0,-300,熱容量,0,0,0,0,0,2026/01/03 15:00:03
翌々日,20260103,策定,南福光連系所・南福光変電所の連系設備,2026/01/05,01:30,順方向,300.0,0.0,0,0.0,300,熱容量,0,0,0,0,0,2026/01/03 15:00:03
翌々日,20260103,策定,南福光連系所・南福光変電所の連系設備,2026/01/05,01:30,逆方向,-300.0,0.0,0,0.0,-300,熱容量,0,0,0,0,0,2026/01/03 15:00:03
翌々日,20260103,策定,南福光連系所・南福光変電所の連系設備,2026/01/05,02:00,順方向,300.0,0.0,0,0.0,300,熱容量,0,0,0,0,0,2026/01/03 15:00:03
翌々日,20260103,策定,南福光連系所・南福光変電所の連系設備,2026/01/05,02:00,逆方向,-300.0,0.0,0,0.0,-300,熱容量,0,0,0,0,0,2026/01/03 15:00:03
翌々日,20260103,策定,南福光連系所・南福光変電所の連系設備,2026/01/05,02:30,順方向,300.0,0.0,0,0.0,300,熱容量,0,0,0,0,0,2026/01/03 15:00:03
翌々日,20260103,策定,南福光連系所・南福光変電所の連系設備,2026/01/05,02:30,逆方向,-300.0,0.0,0,0.0,-300,熱容量,0,0,0,0,0,2026/01/03 15:00:03
翌々日,20260103,策定,南福光連系所・南福光変電所の連系設備,2026/01/05,03:00,順方向,300.0,0.0,0,0.0,300,熱容量,0,0,0,0,0,2026/01/03 15:00:03
翌々日,20260103,策定,南福光連系所・南福光変電所の連系設備,2026/01/05,03:00,逆方向,-300.0,0.0,0,0.0,-300,熱容量,0,0,0,0,0,2026/01/03 15:00:03
翌々日,20260103,策定,南福光連系所・南福光変電所の連系設備,2026/01/05,03:30,順方向,300.0,0.0,0,0.0,300,熱容量,0,0,0,0,0,2026/01/03 15:00:03
翌々日,20260103,策定,南福光連系所・南福光変電所の連系設備,2026/01/05,03:30,逆方向,-300.0,0.0,0,0.0,-300,熱容量,0,0,0,0,0,2026/01/03 15:00:03
翌々日,20260103,策定,南福光連系所・南福光変電所の連系設備,2026/01/05,04:00,順方向,300.0,0.0,0,0.0,300,熱容量,0,0,0,0,0,2026/01/03 15:00:03
翌々日,20260103,策定,南福光連系所・南福光変電所の連系設備,2026/01/05,04:00,逆方向,-300.0,0.0,0,0.0,-300,熱容量,0,0,0,0,0,2026/01/03 15:00:03
翌々日,20260103,策定,南福光連系所・南福光変電所の連系設備,2026/01/05,04:30,順方向,300.0,0.0,0,0.0,300,熱容量,0,0,0,0,0,2026/01/03 15:00:03
翌々日,20260103,策定,南福光連系所・南福光変電所の連系設備,2026/01/05,04:30,逆方向,-300.0,0.0,0,0.0,-300,熱容量,0,0,0,0,0,2026/01/03 15:00:03
翌々日,20260103,策定,南福光連系所・南福光変電所の連系設備,2026/01/05,05:00,順方向,300.0,0.0,0,0.0,300,熱容量,0,0,0,0,0,2026/01/03 15:00:03
翌々日,20260103,策定,南福光連系所・南福光変電所の連系設備,2026/01/05,05:00,逆方向,-300.0,0.0,0,0.0,-300,熱容量,0,0,0,0,0,2026/01/03 15:00:03
翌々日,20260103,策定,南福光連系所・南福光変電所の連系設備,2026/01/05,05:30,順方向,300.0,0.0,0,0.0,300,熱容量,0,0,0,0,0,2026/01/03 15:00:03
翌々日,20260103,策定,南福光連系所・南福光変電所の連系設備,2026/01/05,05:30,逆方向,-300.0,0.0,0,0.0,-300,熱容量,0,0,0,0,0,2026/01/03 15:00:03
翌々日,20260103,策定,南福光連系所・南福光変電所の連系設備,2026/01/05,06:00,順方向,300.0,0.0,0,0.0,300,熱容量,0,0,0,0,0,2026/01/03 15:00:03
翌々日,20260103,策定,南福光連系所・南福光変電所の連系設備,2026/01/05,06:00,逆方向,-300.0,0.0,0,0.0,-300,熱容量,0,0,0,0,0,2026/01/03 15:00:03
翌々日,20260103,策定,南福光連系所・南福光変電所の連系設備,2026/01/05,06:30,順方向,300.0,0.0,0,0.0,300,熱容量,0,0,0,0,0,2026/01/03 15:00:03
翌々日,20260103,策定,南福光連系所・南福光変電所の連系設備,2026/01/05,06:30,逆方向,-300.0,0.0,0,0.0,-300,熱容量,0,0,0,0,0,2026/01/03 15:00:03
翌々日,20260103,策定,南福光連系所・南福光変電所の連系設備,2026/01/05,07:00,順方向,300.0,0.0,0,0.0,300,熱容量,0,0,0,0,0,2026/01/03 15:00:03
翌々日,20260103,策定,南福光連系所・南福光変電所の連系設備,2026/01/05,07:00,逆方向,-300.0,0.0,0,0.0,-300,熱容量,0,0,0,0,0,2026/01/03 15:00:03
翌々日,20260103,策定,南福光連系所・南福光変電所の連系設備,2026/01/05,07:30,順方向,300.0,0.0,0,0.0,300,熱容量,0,0,0,0,0,2026/01/03 15:00:03
翌々日,20260103,策定,南福光連系所・南福光変電所の連系設備,2026/01/05,07:30,逆方向,-300.0,0.0,0,0.0,-300,熱容量,0,0,0,0,0,2026/01/03 15:00:03
翌々日,20260103,策定,南福光連系所・南福光変電所の連系設備,2026/01/05,08:00,順方向,300.0,0.0,0,0.0,300,熱容量,0,0,0,0,0,2026/01/03 15:00:03
翌々日,20260103,策定,南福光連系所・南福光変電所の連系設備,2026/01/05,08:00,逆方向,-300.0,0.0,0,0.0,-300,熱容量,0,0,0,0,0,2026/01/03 15:00:03
翌々日,20260103,策定,南福光連系所・南福光変電所の連系設備,2026/01/05,08:30,順方向,300.0,0.0,0,0.0,300,熱容量,0,0,0,0,0,2026/01/03 15:00:03
翌々日,20260103,策定,南福光連系所・南福光変電所の連系設備,2026/01/05,08:30,逆方向,-300.0,0.0,0,0.0,-300,熱容量,0,0,0,0,0,2026/01/03 15:00:03
翌々日,20260103,策定,南福光連系所・南福光変電所の連系設備,2026/01/05,09:00,順方向,300.0,0.0,0,0.0,300,熱容量,0,0,0,0,0,2026/01/03 15:00:03
翌々日,20260103,策定,南福光連系所・南福光変電所の連系設備,2026/01/05,09:00,逆方向,-300.0,0.0,0,0.0,-300,熱容量,0,0,0,0,0,2026/01/03 15:00:03
翌々日,20260103,策定,南福光連系所・南福光変電所の連系設備,2026/01/05,09:30,順方向,300.0,0.0,0,0.0,300,熱容量,0,0,0,0,0,2026/01/03 15:00:03
翌々日,20260103,策定,南福光連系所・南福光変電所の連系設備,2026/01/05,09:30,逆方向,-300.0,0.0,0,0.0,-300,熱容量,0,0,0,0,0,2026/01/03 15:00:03
翌々日,20260103,策定,南福光連系所・南福光変電所の連系設備,2026/01/05,10:00,順方向,300.0,0.0,0,0.0,300,熱容量,0,0,0,0,0,2026/01/03 15:00:03
翌々日,20260103,策定,南福光連系所・南福光変電所の連系設備,2026/01/05,10:00,逆方向,-300.0,0.0,0,0.0,-300,熱容量,0,0,0,0,0,2026/01/03 15:00:03
翌々日,20260103,策定,南福光連系所・南福光変電所の連系設備,2026/01/05,10:30,順方向,300.0,0.0,0,0.0,300,熱容量,0,0,0,0,0,2026/01/03 15:00:03
翌々日,20260103,策定,南福光連系所・南福光変電所の連系設備,2026/01/05,10:30,逆方向,-300.0,0.0,0,0.0,-300,熱容量,0,0,0,0,0,2026/01/03 15:00:03
翌々日,20260103,策定,南福光連系所・南福光変電所の連系設備,2026/01/05,11:00,順方向,300.0,0.0,0,0.0,300,熱容量,0,0,0,0,0,2026/01/03 15:00:03
翌々日,20260103,策定,南福光連系所・南福光変電所の連系設備,2026/01/05,11:00,逆方向,-300.0,0.0,0,0.0,-300,熱容量,0,0,0,0,0,2026/01/03 15:00:03
翌々日,20260103,策定,南福光連系所・南福光変電所の連系設備,2026/01/05,11:30,順方向,300.0,0.0,0,0.0,300,熱容量,0,0,0,0,0,2026/01/03 15:00:03
翌々日,20260103,策定,南福光連系所・南福光変電所の連系設備,2026/01/05,11:30,逆方向,-300.0,0.0,0,0.0,-300,熱容量,0,0,0,0,0,2026/01/03 15:00:03
翌々日,20260103,策定,南福光連系所・南福光変電所の連系設備,2026/01/05,12:00,順方向,300.0,0.0,0,0.0,300,熱容量,0,0,0,0,0,2026/01/03 15:00:03
翌々日,20260103,策定,南福光連系所・南福光変電所の連系設備,2026/01/05,12:00,逆方向,-300.0,0.0,0,0.0,-300,熱容量,0,0,0,0,0,2026/01/03 15:00:03
翌々日,20260103,策定,南福光連系所・南福光変電所の連系設備,2026/01/05,12:30,順方向,300.0,0.0,0,0.0,300,熱容量,0,0,0,0,0,2026/01/03 15:00:03
翌々日,20260103,策定,南福光連系所・南福光変電所の連系設備,2026/01/05,12:30,逆方向,-300.0,0.0,0,0.0,-300,熱容量,0,0,0,0,0,2026/01/03 15:00:03
翌々日,20260103,策定,南福光連系所・南福光変電所の連系設備,2026/01/05,13:00,順方向,300.0,0.0,0,0.0,300,熱容量,0,0,0,0,0,2026/01/03 15:00:03
翌々日,20260103,策定,南福光連系所・南福光変電所の連系設備,2026/01/05,13:00,逆方向,-300.0,0.0,0,0.0,-300,熱容量,0,0,0,0,0,2026/01/03 15:00:03
翌々日,20260103,策定,南福光連系所・南福光変電所の連系設備,2026/01/05,13:30,順方向,300.0,0.0,0,0.0,300,熱容量,0,0,0,0,0,2026/01/03 15:00:03
翌々日,20260103,策定,南福光連系所・南福光変電所の連系設備,2026/01/05,13:30,逆方向,-300.0,0.0,0,0.0,-300,熱容量,0,0,0,0,0,2026/01/03 15:00:03
翌々日,20260103,策定,南福光連系所・南福光変電所の連系設備,2026/01/05,14:00,順方向,300.0,0.0,0,0.0,300,熱容量,0,0,0,0,0,2026/01/03 15:00:03
翌々日,20260103,策定,南福光連系所・南福光変電所の連系設備,2026/01/05,14:00,逆方向,-300.0,0.0,0,0.0,-300,熱容量,0,0,0,0,0,2026/01/03 15:00:03
翌々日,20260103,策定,南福光連系所・南福光変電所の連系設備,2026/01/05,14:30,順方向,300.0,0.0,0,0.0,300,熱容量,0,0,0,0,0,2026/01/03 15:00:03
翌々日,20260103,策定,南福光連系所・南福光変電所の連系設備,2026/01/05,14:30,逆方向,-300.0,0.0,0,0.0,-300,熱容量,0,0,0,0,0,2026/01/03 15:00:03
翌々日,20260103,策定,南福光連系所・南福光変電所の連系設備,2026/01/05,15:00,順方向,300.0,0.0,0,0.0,300,熱容量,0,0,0,0,0,2026/01/03 15:00:03
翌々日,20260103,策定,南福光連系所・南福光変電所の連系設備,2026/01/05,15:00,逆方向,-300.0,0.0,0,0.0,-300,熱容量,0,0,0,0,0,2026/01/03 15:00:03
翌々日,20260103,策定,南福光連系所・南福光変電所の連系設備,2026/01/05,15:30,順方向,300.0,0.0,0,0.0,300,熱容量,0,0,0,0,0,2026/01/03 15:00:03
翌々日,20260103,策定,南福光連系所・南福光変電所の連系設備,2026/01/05,15:30,逆方向,-300.0,0.0,0,0.0,-300,熱容量,0,0,0,0,0,2026/01/03 15:00:03
翌々日,20260103,策定,南福光連系所・南福光変電所の連系設備,2026/01/05,16:00,順方向,300.0,0.0,0,0.0,300,熱容量,0,0,0,0,0,2026/01/03 15:00:03
翌々日,20260103,策定,南福光連系所・南福光変電所の連系設備,2026/01/05,16:00,逆方向,-300.0,0.0,0,0.0,-300,熱容量,0,0,0,0,0,2026/01/03 15:00:03
翌々日,20260103,策定,南福光連系所・南福光変電所の連系設備,2026/01/05,16:30,順方向,300.0,0.0,0,0.0,300,熱容量,0,0,0,0,0,2026/01/03 15:00:03
翌々日,20260103,策定,南福光連系所・南福光変電所の連系設備,2026/01/05,16:30,逆方向,-300.0,0.0,0,0.0,-300,熱容量,0,0,0,0,0,2026/01/03 15:00:03
翌々日,20260103,策定,南福光連系所・南福光変電所の連系設備,2026/01/05,17:00,順方向,300.0,0.0,0,0.0,300,熱容量,0,0,0,0,0,2026/01/03 15:00:03
翌々日,20260103,策定,南福光連系所・南福光変電所の連系設備,2026/01/05,17:00,逆方向,-300.0,0.0,0,0.0,-300,熱容量,0,0,0,0,0,2026/01/03 15:00:03
翌々日,20260103,策定,南福光連系所・南福光変電所の連系設備,2026/01/05,17:30,順方向,300.0,0.0,0,0.0,300,熱容量,0,0,0,0,0,2026/01/03 15:00:03
翌々日,20260103,策定,南福光連系所・南福光変電所の連系設備,2026/01/05,17:30,逆方向,-300.0,0.0,0,0.0,-300,熱容量,0,0,0,0,0,2026/01/03 15:00:03
翌々日,20260103,策定,南福光連系所・南福光変電所の連系設備,2026/01/05,18:00,順方向,300.0,0.0,0,0.0,300,熱容量,0,0,0,0,0,2026/01/03 15:00:03
翌々日,20260103,策定,南福光連系所・南福光変電所の連系設備,2026/01/05,18:00,逆方向,-300.0,0.0,0,0.0,-300,熱容量,0,0,0,0,0,2026/01/03 15:00:03
翌々日,20260103,策定,南福光連系所・南福光変電所の連系設備,2026/01/05,18:30,順方向,300.0,0.0,0,0.0,300,熱容量,0,0,0,0,0,2026/01/03 15:00:03
翌々日,20260103,策定,南福光連系所・南福光変電所の連系設備,2026/01/05,18:30,逆方向,-300.0,0.0,0,0.0,-300,熱容量,0,0,0,0,0,2026/01/03 15:00:03
翌々日,20260103,策定,南福光連系所・南福光変電所の連系設備,2026/01/05,19:00,順方向,300.0,0.0,0,0.0,300,熱容量,0,0,0,0,0,2026/01/03 15:00:03
翌々日,20260103,策定,南福光連系所・南福光変電所の連系設備,2026/01/05,19:00,逆方向,-300.0,0.0,0,0.0,-300,熱容量,0,0,0,0,0,2026/01/03 15:00:03
翌々日,20260103,策定,南福光連系所・南福光変電所の連系設備,2026/01/05,19:30,順方向,300.0,0.0,0,0.0,300,熱容量,0,0,0,0,0,2026/01/03 15:00:03
翌々日,20260103,策定,南福光連系所・南福光変電所の連系設備,2026/01/05,19:30,逆方向,-300.0,0.0,0,0.0,-300,熱容量,0,0,0,0,0,2026/01/03 15:00:03
翌々日,20260103,策定,南福光連系所・南福光変電所の連系設備,2026/01/05,20:00,順方向,300.0,0.0,0,0.0,300,熱容量,0,0,0,0,0,2026/01/03 15:00:03
翌々日,20260103,策定,南福光連系所・南福光変電所の連系設備,2026/01/05,20:00,逆方向,-300.0,0.0,0,0.0,-300,熱容量,0,0,0,0,0,2026/01/03 15:00:03
翌々日,20260103,策定,南福光連系所・南福光変電所の連系設備,2026/01/05,20:30,順方向,300.0,0.0,0,0.0,300,熱容量,0,0,0,0,0,2026/01/03 15:00:03
翌々日,20260103,策定,南福光連系所・南福光変電所の連系設備,2026/01/05,20:30,逆方向,-300.0,0.0,0,0.0,-300,熱容量,0,0,0,0,0,2026/01/03 15:00:03
翌々日,20260103,策定,南福光連系所・南福光変電所の連系設備,2026/01/05,21:00,順方向,300.0,0.0,0,0.0,300,熱容量,0,0,0,0,0,2026/01/03 15:00:03
翌々日,20260103,策定,南福光連系所・南福光変電所の連系設備,2026/01/05,21:00,逆方向,-300.0,0.0,0,0.0,-300,熱容量,0,0,0,0,0,2026/01/03 15:00:03
翌々日,20260103,策定,南福光連系所・南福光変電所の連系設備,2026/01/05,21:30,順方向,300.0,0.0,0,0.0,300,熱容量,0,0,0,0,0,2026/01/03 15:00:03
翌々日,20260103,策定,南福光連系所・南福光変電所の連系設備,2026/01/05,21:30,逆方向,-300.0,0.0,0,0.0,-300,熱容量,0,0,0,0,0,2026/01/03 15:00:03
翌々日,20260103,策定,南福光連系所・南福光変電所の連系設備,2026/01/05,22:00,順方向,300.0,0.0,0,0.0,300,熱容量,0,0,0,0,0,2026/01/03 15:00:03
翌々日,20260103,策定,南福光連系所・南福光変電所の連系設備,2026/01/05,22:00,逆方向,-300.0,0.0,0,0.0,-300,熱容量,0,0,0,0,0,2026/01/03 15:00:03
翌々日,20260103,策定,南福光連系所・南福光変電所の連系設備,2026/01/05,22:30,順方向,300.0,0.0,0,0.0,300,熱容量,0,0,0,0,0,2026/01/03 15:00:03
翌々日,20260103,策定,南福光連系所・南福光変電所の連系設備,2026/01/05,22:30,逆方向,-300.0,0.0,0,0.0,-300,熱容量,0,0,0,0,0,2026/01/03 15:00:03
翌々日,20260103,策定,南福光連系所・南福光変電所の連系設備,2026/01/05,23:00,順方向,300.0,0.0,0,0.0,300,熱容量,0,0,0,0,0,2026/01/03 15:00:03
翌々日,20260103,策定,南福光連系所・南福光変電所の連系設備,2026/01/05,23:00,逆方向,-300.0,0.0,0,0.0,-300,熱容量,0,0,0,0,0,2026/01/03 15:00:03
翌々日,20260103,策定,南福光連系所・南福光変電所の連系設備,2026/01/05,23:30,順方向,300.0,0.0,0,0.0,300,熱容量,0,0,0,0,0,2026/01/03 15:00:03
翌々日,20260103,策定,南福光連系所・南福光変電所の連系設備,2026/01/05,23:30,逆方向,-300.0,0.0,0,0.0,-300,熱容量,0,0,0,0,0,2026/01/03 15:00:03
翌々日,20260103,策定,南福光連系所・南福光変電所の連系設備,2026/01/05,24:00,順方向,300.0,0.0,0,0.0,300,熱容量,0,0,0,0,0,2026/01/03 15:00:03
翌々日,20260103,策定,南福光連系所・南福光変電所の連系設備,2026/01/05,24:00,逆方向,-300.0,0.0,0,0.0,-300,熱容量,0,0,0,0,0,2026/01/03 15:00:03
翌々日,20260103,策定,越前嶺南線,2026/01/05,00:30,順方向,1900.0,0.0,0,0.0,1900,安定度,0,0,0,0,0,2026/01/03 15:00:03
翌々日,20260103,策定,越前嶺南線,2026/01/05,00:30,逆方向,-900.0,0.0,0,0.0,-900,周波数,0,0,0,0,0,2026/01/03 15:00:03
翌々日,20260103,策定,越前嶺南線,2026/01/05,01:00,順方向,1900.0,0.0,0,0.0,1900,安定度,0,0,0,0,0,2026/01/03 15:00:03
翌々日,20260103,策定,越前嶺南線,2026/01/05,01:00,逆方向,-900.0,0.0,0,0.0,-900,周波数,0,0,0,0,0,2026/01/03 15:00:03
翌々日,20260103,策定,越前嶺南線,2026/01/05,01:30,順方向,1900.0,0.0,0,0.0,1900,安定度,0,0,0,0,0,2026/01/03 15:00:03
翌々日,20260103,策定,越前嶺南線,2026/01/05,01:30,逆方向,-900.0,0.0,0,0.0,-900,周波数,0,0,0,0,0,2026/01/03 15:00:03
翌々日,20260103,策定,越前嶺南線,2026/01/05,02:00,順方向,1900.0,0.0,0,0.0,1900,安定度,0,0,0,0,0,2026/01/03 15:00:03
翌々日,20260103,策定,越前嶺南線,2026/01/05,02:00,逆方向,-900.0,0.0,0,0.0,-900,周波数,0,0,0,0,0,2026/01/03 15:00:03
翌々日,20260103,策定,越前嶺南線,2026/01/05,02:30,順方向,1900.0,0.0,0,0.0,1900,安定度,0,0,0,0,0,2026/01/03 15:00:03
翌々日,20260103,策定,越前嶺南線,2026/01/05,02:30,逆方向,-900.0,0.0,0,0.0,-900,周波数,0,0,0,0,0,2026/01/03 15:00:03
翌々日,20260103,策定,越前嶺南線,2026/01/05,03:00,順方向,1900.0,0.0,0,0.0,1900,安定度,0,0,0,0,0,2026/01/03 15:00:03
翌々日,20260103,策定,越前嶺南線,2026/01/05,03:00,逆方向,-900.0,0.0,0,0.0,-900,周波数,0,0,0,0,0,2026/01/03 15:00:03
翌々日,20260103,策定,越前嶺南線,2026/01/05,03:30,順方向,1900.0,0.0,0,0.0,1900,安定度,0,0,0,0,0,2026/01/03 15:00:03
翌々日,20260103,策定,越前嶺南線,2026/01/05,03:30,逆方向,-900.0,0.0,0,0.0,-900,周波数,0,0,0,0,0,2026/01/03 15:00:03
翌々日,20260103,策定,越前嶺南線,2026/01/05,04:00,順方向,1900.0,0.0,0,0.0,1900,安定度,0,0,0,0,0,2026/01/03 15:00:03
翌々日,20260103,策定,越前嶺南線,2026/01/05,04:00,逆方向,-900.0,0.0,0,0.0,-900,周波数,0,0,0,0,0,2026/01/03 15:00:03
翌々日,20260103,策定,越前嶺南線,2026/01/05,04:30,順方向,1900.0,0.0,0,0.0,1900,安定度,0,0,0,0,0,2026/01/03 15:00:03
翌々日,20260103,策定,越前嶺南線,2026/01/05,04:30,逆方向,-900.0,0.0,0,0.0,-900,周波数,0,0,0,0,0,2026/01/03 15:00:03
翌々日,20260103,策定,越前嶺南線,2026/01/05,05:00,順方向,1900.0,0.0,0,0.0,1900,安定度,0,0,0,0,0,2026/01/03 15:00:03
翌々日,20260103,策定,越前嶺南線,2026/01/05,05:00,逆方向,-900.0,0.0,0,0.0,-900,周波数,0,0,0,0,0,2026/01/03 15:00:03
翌々日,20260103,策定,越前嶺南線,2026/01/05,05:30,順方向,1900.0,0.0,0,0.0,1900,安定度,0,0,0,0,0,2026/01/03 15:00:03
翌々日,20260103,策定,越前嶺南線,2026/01/05,05:30,逆方向,-900.0,0.0,0,0.0,-900,周波数,0,0,0,0,0,2026/01/03 15:00:03
翌々日,20260103,策定,越前嶺南線,2026/01/05,06:00,順方向,1900.0,0.0,0,0.0,1900,安定度,0,0,0,0,0,2026/01/03 15:00:03
翌々日,20260103,策定,越前嶺南線,2026/01/05,06:00,逆方向,-900.0,0.0,0,0.0,-900,周波数,0,0,0,0,0,2026/01/03 15:00:03
翌々日,20260103,策定,越前嶺南線,2026/01/05,06:30,順方向,1893.0,0.0,0,7.0,1900,安定度,0,0,0,0,0,2026/01/03 15:00:03
翌々日,20260103,策定,越前嶺南線,2026/01/05,06:30,逆方向,-900.0,0.0,0,0.0,-900,周波数,0,0,0,0,0,2026/01/03 15:00:03
翌々日,20260103,策定,越前嶺南線,2026/01/05,07:00,順方向,1893.0,0.0,0,7.0,1900,安定度,0,0,0,0,0,2026/01/03 15:00:03
翌々日,20260103,策定,越前嶺南線,2026/01/05,07:00,逆方向,-900.0,0.0,0,0.0,-900,周波数,0,0,0,0,0,2026/01/03 15:00:03
翌々日,20260103,策定,越前嶺南線,2026/01/05,07:30,順方向,1893.0,0.0,0,7.0,1900,安定度,0,0,0,0,0,2026/01/03 15:00:03
翌々日,20260103,策定,越前嶺南線,2026/01/05,07:30,逆方向,-900.0,0.0,0,0.0,-900,周波数,0,0,0,0,0,2026/01/03 15:00:03
翌々日,20260103,策定,越前嶺南線,2026/01/05,08:00,順方向,1893.0,0.0,0,7.0,1900,安定度,0,0,0,0,0,2026/01/03 15:00:03
翌々日,20260103,策定,越前嶺南線,2026/01/05,08:00,逆方向,-900.0,0.0,0,0.0,-900,周波数,0,0,0,0,0,2026/01/03 15:00:03
翌々日,20260103,策定,越前嶺南線,2026/01/05,08:30,順方向,1813.0,0.0,0,7.0,1820,周波数,0,0,0,0,0,2026/01/03 15:00:03
翌々日,20260103,策定,越前嶺南線,2026/01/05,08:30,逆方向,-1600.0,0.0,0,0.0,-1600,周波数,0,0,0,0,0,2026/01/03 15:00:03
翌々日,20260103,策定,越前嶺南線,2026/01/05,09:00,順方向,1813.0,0.0,0,7.0,1820,周波数,0,0,0,0,0,2026/01/03 15:00:03
翌々日,20260103,策定,越前嶺南線,2026/01/05,09:00,逆方向,-1600.0,0.0,0,0.0,-1600,周波数,0,0,0,0,0,2026/01/03 15:00:03
翌々日,20260103,策定,越前嶺南線,2026/01/05,09:30,順方向,1820.0,0.0,0,0.0,1820,周波数,0,0,0,0,0,2026/01/03 15:00:03
翌々日,20260103,策定,越前嶺南線,2026/01/05,09:30,逆方向,-1600.0,0.0,0,0.0,-1600,周波数,0,0,0,0,0,2026/01/03 15:00:03
翌々日,20260103,策定,越前嶺南線,2026/01/05,10:00,順方向,1820.0,0.0,0,0.0,1820,周波数,0,0,0,0,0,2026/01/03 15:00:03
翌々日,20260103,策定,越前嶺南線,2026/01/05,10:00,逆方向,-1600.0,0.0,0,0.0,-1600,周波数,0,0,0,0,0,2026/01/03 15:00:03
翌々日,20260103,策定,越前嶺南線,2026/01/05,10:30,順方向,1820.0,0.0,0,0.0,1820,周波数,0,0,0,0,0,2026/01/03 15:00:03
翌々日,20260103,策定,越前嶺南線,2026/01/05,10:30,逆方向,-1600.0,0.0,0,0.0,-1600,周波数,0,0,0,0,0,2026/01/03 15:00:03
翌々日,20260103,策定,越前嶺南線,2026/01/05,11:00,順方向,1820.0,0.0,0,0.0,1820,周波数,0,0,0,0,0,2026/01/03 15:00:03
翌々日,20260103,策定,越前嶺南線,2026/01/05,11:00,逆方向,-1600.0,0.0,0,0.0,-1600,周波数,0,0,0,0,0,2026/01/03 15:00:03
翌々日,20260103,策定,越前嶺南線,2026/01/05,11:30,順方向,1820.0,0.0,0,0.0,1820,周波数,0,0,0,0,0,2026/01/03 15:00:03
翌々日,20260103,策定,越前嶺南線,2026/01/05,11:30,逆方向,-1600.0,0.0,0,0.0,-1600,周波数,0,0,0,0,0,2026/01/03 15:00:03
翌々日,20260103,策定,越前嶺南線,2026/01/05,12:00,順方向,1820.0,0.0,0,0.0,1820,周波数,0,0,0,0,0,2026/01/03 15:00:03
翌々日,20260103,策定,越前嶺南線,2026/01/05,12:00,逆方向,-1600.0,0.0,0,0.0,-1600,周波数,0,0,0,0,0,2026/01/03 15:00:03
翌々日,20260103,策定,越前嶺南線,2026/01/05,12:30,順方向,1811.0,0.0,0,9.0,1820,周波数,0,0,0,0,0,2026/01/03 15:00:03
翌々日,20260103,策定,越前嶺南線,2026/01/05,12:30,逆方向,-1600.0,0.0,0,0.0,-1600,周波数,0,0,0,0,0,2026/01/03 15:00:03
翌々日,20260103,策定,越前嶺南線,2026/01/05,13:00,順方向,1811.0,0.0,0,9.0,1820,周波数,0,0,0,0,0,2026/01/03 15:00:03
翌々日,20260103,策定,越前嶺南線,2026/01/05,13:00,逆方向,-1600.0,0.0,0,0.0,-1600,周波数,0,0,0,0,0,2026/01/03 15:00:03
翌々日,20260103,策定,越前嶺南線,2026/01/05,13:30,順方向,1811.0,0.0,0,9.0,1820,周波数,0,0,0,0,0,2026/01/03 15:00:03
翌々日,20260103,策定,越前嶺南線,2026/01/05,13:30,逆方向,-1600.0,0.0,0,0.0,-1600,周波数,0,0,0,0,0,2026/01/03 15:00:03
翌々日,20260103,策定,越前嶺南線,2026/01/05,14:00,順方向,1811.0,0.0,0,9.0,1820,周波数,0,0,0,0,0,2026/01/03 15:00:03
翌々日,20260103,策定,越前嶺南線,2026/01/05,14:00,逆方向,-1600.0,0.0,0,0.0,-1600,周波数,0,0,0,0,0,2026/01/03 15:00:03
翌々日,20260103,策定,越前嶺南線,2026/01/05,14:30,順方向,1811.0,0.0,0,9.0,1820,周波数,0,0,0,0,0,2026/01/03 15:00:03
翌々日,20260103,策定,越前嶺南線,2026/01/05,14:30,逆方向,-1600.0,0.0,0,0.0,-1600,周波数,0,0,0,0,0,2026/01/03 15:00:03
翌々日,20260103,策定,越前嶺南線,2026/01/05,15:00,順方向,1811.0,0.0,0,9.0,1820,周波数,0,0,0,0,0,2026/01/03 15:00:03
翌々日,20260103,策定,越前嶺南線,2026/01/05,15:00,逆方向,-1600.0,0.0,0,0.0,-1600,周波数,0,0,0,0,0,2026/01/03 15:00:03
翌々日,20260103,策定,越前嶺南線,2026/01/05,15:30,順方向,1775.0,0.0,0,45.0,1820,周波数,0,0,0,0,0,2026/01/03 15:00:03
翌々日,20260103,策定,越前嶺南線,2026/01/05,15:30,逆方向,-1558.0,0.0,0,-42.0,-1600,周波数,0,0,0,0,0,2026/01/03 15:00:03
翌々日,20260103,策定,越前嶺南線,2026/01/05,16:00,順方向,1775.0,0.0,0,45.0,1820,周波数,0,0,0,0,0,2026/01/03 15:00:03
翌々日,20260103,策定,越前嶺南線,2026/01/05,16:00,逆方向,-1558.0,0.0,0,-42.0,-1600,周波数,0,0,0,0,0,2026/01/03 15:00:03
翌々日,20260103,策定,越前嶺南線,2026/01/05,16:30,順方向,1775.0,0.0,0,45.0,1820,周波数,0,0,0,0,0,2026/01/03 15:00:03
翌々日,20260103,策定,越前嶺南線,2026/01/05,16:30,逆方向,-1558.0,0.0,0,-42.0,-1600,周波数,0,0,0,0,0,2026/01/03 15:00:03
翌々日,20260103,策定,越前嶺南線,2026/01/05,17:00,順方向,1775.0,0.0,0,45.0,1820,周波数,0,0,0,0,0,2026/01/03 15:00:03
翌々日,20260103,策定,越前嶺南線,2026/01/05,17:00,逆方向,-1558.0,0.0,0,-42.0,-1600,周波数,0,0,0,0,0,2026/01/03 15:00:03
翌々日,20260103,策定,越前嶺南線,2026/01/05,17:30,順方向,1775.0,0.0,0,45.0,1820,周波数,0,0,0,0,0,2026/01/03 15:00:03
翌々日,20260103,策定,越前嶺南線,2026/01/05,17:30,逆方向,-1558.0,0.0,0,-42.0,-1600,周波数,0,0,0,0,0,2026/01/03 15:00:03
翌々日,20260103,策定,越前嶺南線,2026/01/05,18:00,順方向,1775.0,0.0,0,45.0,1820,周波数,0,0,0,0,0,2026/01/03 15:00:03
翌々日,20260103,策定,越前嶺南線,2026/01/05,18:00,逆方向,-1558.0,0.0,0,-42.0,-1600,周波数,0,0,0,0,0,2026/01/03 15:00:03
翌々日,20260103,策定,越前嶺南線,2026/01/05,18:30,順方向,1773.0,0.0,0,47.0,1820,周波数,0,0,0,0,0,2026/01/03 15:00:03
翌々日,20260103,策定,越前嶺南線,2026/01/05,18:30,逆方向,-1565.0,0.0,0,-35.0,-1600,周波数,0,0,0,0,0,2026/01/03 15:00:03
翌々日,20260103,策定,越前嶺南線,2026/01/05,19:00,順方向,1773.0,0.0,0,47.0,1820,周波数,0,0,0,0,0,2026/01/03 15:00:03
翌々日,20260103,策定,越前嶺南線,2026/01/05,19:00,逆方向,-1565.0,0.0,0,-35.0,-1600,周波数,0,0,0,0,0,2026/01/03 15:00:03
翌々日,20260103,策定,越前嶺南線,2026/01/05,19:30,順方向,1773.0,0.0,0,47.0,1820,周波数,0,0,0,0,0,2026/01/03 15:00:03
翌々日,20260103,策定,越前嶺南線,2026/01/05,19:30,逆方向,-1565.0,0.0,0,-35.0,-1600,周波数,0,0,0,0,0,2026/01/03 15:00:03
翌々日,20260103,策定,越前嶺南線,2026/01/05,20:00,順方向,1773.0,0.0,0,47.0,1820,周波数,0,0,0,0,0,2026/01/03 15:00:03
翌々日,20260103,策定,越前嶺南線,2026/01/05,20:00,逆方向,-1565.0,0.0,0,-35.0,-1600,周波数,0,0,0,0,0,2026/01/03 15:00:03
翌々日,20260103,策定,越前嶺南線,2026/01/05,20:30,順方向,1773.0,0.0,0,47.0,1820,周波数,0,0,0,0,0,2026/01/03 15:00:03
翌々日,20260103,策定,越前嶺南線,2026/01/05,20:30,逆方向,-1565.0,0.0,0,-35.0,-1600,周波数,0,0,0,0,0,2026/01/03 15:00:03
翌々日,20260103,策定,越前嶺南線,2026/01/05,21:00,順方向,1773.0,0.0,0,47.0,1820,周波数,0,0,0,0,0,2026/01/03 15:00:03
翌々日,20260103,策定,越前嶺南線,2026/01/05,21:00,逆方向,-1565.0,0.0,0,-35.0,-1600,周波数,0,0,0,0,0,2026/01/03 15:00:03
翌々日,20260103,策定,越前嶺南線,2026/01/05,21:30,順方向,1804.67,0.0,0,15.33,1820,周波数,0,0,0,0,0,2026/01/03 15:00:03
翌々日,20260103,策定,越前嶺南線,2026/01/05,21:30,逆方向,-1600.0,0.0,0,0.0,-1600,周波数,0,0,0,0,0,2026/01/03 15:00:03
翌々日,20260103,策定,越前嶺南線,2026/01/05,22:00,順方向,1804.67,0.0,0,15.33,1820,周波数,0,0,0,0,0,2026/01/03 15:00:03
翌々日,20260103,策定,越前嶺南線,2026/01/05,22:00,逆方向,-1600.0,0.0,0,0.0,-1600,周波数,0,0,0,0,0,2026/01/03 15:00:03
翌々日,20260103,策定,越前嶺南線,2026/01/05,22:30,順方向,1884.67,0.0,0,15.33,1900,安定度,0,0,0,0,0,2026/01/03 15:00:03
翌々日,20260103,策定,越前嶺南線,2026/01/05,22:30,逆方向,-900.0,0.0,0,0.0,-900,周波数,0,0,0,0,0,2026/01/03 15:00:03
翌々日,20260103,策定,越前嶺南線,2026/01/05,23:00,順方向,1884.67,0.0,0,15.33,1900,安定度,0,0,0,0,0,2026/01/03 15:00:03
翌々日,20260103,策定,越前嶺南線,2026/01/05,23:00,逆方向,-900.0,0.0,0,0.0,-900,周波数,0,0,0,0,0,2026/01/03 15:00:03
翌々日,20260103,策定,越前嶺南線,2026/01/05,23:30,順方向,1884.67,0.0,0,15.33,1900,安定度,0,0,0,0,0,2026/01/03 15:00:03
翌々日,20260103,策定,越前嶺南線,2026/01/05,23:30,逆方向,-900.0,0.0,0,0.0,-900,周波数,0,0,0,0,0,2026/01/03 15:00:03
翌々日,20260103,策定,越前嶺南線,2026/01/05,24:00,順方向,1884.67,0.0,0,15.33,1900,安定度,0,0,0,0,0,2026/01/03 15:00:03
翌々日,20260103,策定,越前嶺南線,2026/01/05,24:00,逆方向,-900.0,0.0,0,0.0,-900,周波数,0,0,0,0,0,2026/01/03 15:00:03
翌々日,20260103,策定,西播東岡山線・山崎智頭線,2026/01/05,00:30,順方向,3062.206,0.0,0,197.794,3260,熱容量,0,0,0,0,0,2026/01/03 15:00:03
翌々日,20260103,策定,西播東岡山線・山崎智頭線,2026/01/05,00:30,逆方向,-4750.0,0.0,0,0.0,-4750,電圧,0,0,0,0,0,2026/01/03 15:00:03
翌々日,20260103,策定,西播東岡山線・山崎智頭線,2026/01/05,01:00,順方向,3062.206,0.0,0,197.794,3260,熱容量,0,0,0,0,0,2026/01/03 15:00:03
翌々日,20260103,策定,西播東岡山線・山崎智頭線,2026/01/05,01:00,逆方向,-4750.0,0.0,0,0.0,-4750,電圧,0,0,0,0,0,2026/01/03 15:00:03
翌々日,20260103,策定,西播東岡山線・山崎智頭線,2026/01/05,01:30,順方向,3062.206,0.0,0,197.794,3260,熱容量,0,0,0,0,0,2026/01/03 15:00:03
翌々日,20260103,策定,西播東岡山線・山崎智頭線,2026/01/05,01:30,逆方向,-4750.0,0.0,0,0.0,-4750,電圧,0,0,0,0,0,2026/01/03 15:00:03
翌々日,20260103,策定,西播東岡山線・山崎智頭線,2026/01/05,02:00,順方向,3062.206,0.0,0,197.794,3260,熱容量,0,0,0,0,0,2026/01/03 15:00:03
翌々日,20260103,策定,西播東岡山線・山崎智頭線,2026/01/05,02:00,逆方向,-4750.0,0.0,0,0.0,-4750,電圧,0,0,0,0,0,2026/01/03 15:00:03
翌々日,20260103,策定,西播東岡山線・山崎智頭線,2026/01/05,02:30,順方向,3062.206,0.0,0,197.794,3260,熱容量,0,0,0,0,0,2026/01/03 15:00:03
翌々日,20260103,策定,西播東岡山線・山崎智頭線,2026/01/05,02:30,逆方向,-4750.0,0.0,0,0.0,-4750,電圧,0,0,0,0,0,2026/01/03 15:00:03
翌々日,20260103,策定,西播東岡山線・山崎智頭線,2026/01/05,03:00,順方向,3062.206,0.0,0,197.794,3260,熱容量,0,0,0,0,0,2026/01/03 15:00:03
翌々日,20260103,策定,西播東岡山線・山崎智頭線,2026/01/05,03:00,逆方向,-4750.0,0.0,0,0.0,-4750,電圧,0,0,0,0,0,2026/01/03 15:00:03
翌々日,20260103,策定,西播東岡山線・山崎智頭線,2026/01/05,03:30,順方向,3082.695,0.0,0,177.305,3260,熱容量,0,0,0,0,0,2026/01/03 15:00:03
翌々日,20260103,策定,西播東岡山線・山崎智頭線,2026/01/05,03:30,逆方向,-4750.0,0.0,0,0.0,-4750,電圧,0,0,0,0,0,2026/01/03 15:00:03
翌々日,20260103,策定,西播東岡山線・山崎智頭線,2026/01/05,04:00,順方向,3082.695,0.0,0,177.305,3260,熱容量,0,0,0,0,0,2026/01/03 15:00:03
翌々日,20260103,策定,西播東岡山線・山崎智頭線,2026/01/05,04:00,逆方向,-4750.0,0.0,0,0.0,-4750,電圧,0,0,0,0,0,2026/01/03 15:00:03
翌々日,20260103,策定,西播東岡山線・山崎智頭線,2026/01/05,04:30,順方向,3082.695,0.0,0,177.305,3260,熱容量,0,0,0,0,0,2026/01/03 15:00:03
翌々日,20260103,策定,西播東岡山線・山崎智頭線,2026/01/05,04:30,逆方向,-4750.0,0.0,0,0.0,-4750,電圧,0,0,0,0,0,2026/01/03 15:00:03
翌々日,20260103,策定,西播東岡山線・山崎智頭線,2026/01/05,05:00,順方向,3082.695,0.0,0,177.305,3260,熱容量,0,0,0,0,0,2026/01/03 15:00:03
翌々日,20260103,策定,西播東岡山線・山崎智頭線,2026/01/05,05:00,逆方向,-4750.0,0.0,0,0.0,-4750,電圧,0,0,0,0,0,2026/01/03 15:00:03
翌々日,20260103,策定,西播東岡山線・山崎智頭線,2026/01/05,05:30,順方向,3082.695,0.0,0,177.305,3260,熱容量,0,0,0,0,0,2026/01/03 15:00:03
翌々日,20260103,策定,西播東岡山線・山崎智頭線,2026/01/05,05:30,逆方向,-4750.0,0.0,0,0.0,-4750,電圧,0,0,0,0,0,2026/01/03 15:00:03
翌々日,20260103,策定,西播東岡山線・山崎智頭線,2026/01/05,06:00,順方向,3082.695,0.0,0,177.305,3260,熱容量,0,0,0,0,0,2026/01/03 15:00:03
翌々日,20260103,策定,西播東岡山線・山崎智頭線,2026/01/05,06:00,逆方向,-4750.0,0.0,0,0.0,-4750,電圧,0,0,0,0,0,2026/01/03 15:00:03
翌々日,20260103,策定,西播東岡山線・山崎智頭線,2026/01/05,06:30,順方向,3145.02,0.0,0,114.98,3260,熱容量,0,0,0,0,0,2026/01/03 15:00:03
翌々日,20260103,策定,西播東岡山線・山崎智頭線,2026/01/05,06:30,逆方向,-4748.0,0.0,0,-2.0,-4750,電圧,0,0,0,0,0,2026/01/03 15:00:03
翌々日,20260103,策定,西播東岡山線・山崎智頭線,2026/01/05,07:00,順方向,3145.02,0.0,0,114.98,3260,熱容量,0,0,0,0,0,2026/01/03 15:00:03
翌々日,20260103,策定,西播東岡山線・山崎智頭線,2026/01/05,07:00,逆方向,-4748.0,0.0,0,-2.0,-4750,電圧,0,0,0,0,0,2026/01/03 15:00:03
翌々日,20260103,策定,西播東岡山線・山崎智頭線,2026/01/05,07:30,順方向,3145.02,0.0,0,114.98,3260,熱容量,0,0,0,0,0,2026/01/03 15:00:03
翌々日,20260103,策定,西播東岡山線・山崎智頭線,2026/01/05,07:30,逆方向,-4748.0,0.0,0,-2.0,-4750,電圧,0,0,0,0,0,2026/01/03 15:00:03
翌々日,20260103,策定,西播東岡山線・山崎智頭線,2026/01/05,08:00,順方向,3145.02,0.0,0,114.98,3260,熱容量,0,0,0,0,0,2026/01/03 15:00:03
翌々日,20260103,策定,西播東岡山線・山崎智頭線,2026/01/05,08:00,逆方向,-4748.0,0.0,0,-2.0,-4750,電圧,0,0,0,0,0,2026/01/03 15:00:03
翌々日,20260103,策定,西播東岡山線・山崎智頭線,2026/01/05,08:30,順方向,3145.02,0.0,0,114.98,3260,熱容量,0,0,0,0,0,2026/01/03 15:00:03
翌々日,20260103,策定,西播東岡山線・山崎智頭線,2026/01/05,08:30,逆方向,-4748.0,0.0,0,-2.0,-4750,電圧,0,0,0,0,0,2026/01/03 15:00:03
翌々日,20260103,策定,西播東岡山線・山崎智頭線,2026/01/05,09:00,順方向,3145.02,0.0,0,114.98,3260,熱容量,0,0,0,0,0,2026/01/03 15:00:03
翌々日,20260103,策定,西播東岡山線・山崎智頭線,2026/01/05,09:00,逆方向,-4748.0,0.0,0,-2.0,-4750,電圧,0,0,0,0,0,2026/01/03 15:00:03
翌々日,20260103,策定,西播東岡山線・山崎智頭線,2026/01/05,09:30,順方向,3039.01,0.0,0,220.99,3260,熱容量,0,0,0,0,0,2026/01/03 15:00:03
翌々日,20260103,策定,西播東岡山線・山崎智頭線,2026/01/05,09:30,逆方向,-4745.131,0.0,0,-4.869,-4750,電圧,0,0,0,0,0,2026/01/03 15:00:03
翌々日,20260103,策定,西播東岡山線・山崎智頭線,2026/01/05,10:00,順方向,3039.01,0.0,0,220.99,3260,熱容量,0,0,0,0,0,2026/01/03 15:00:03
翌々日,20260103,策定,西播東岡山線・山崎智頭線,2026/01/05,10:00,逆方向,-4745.131,0.0,0,-4.869,-4750,電圧,0,0,0,0,0,2026/01/03 15:00:03
翌々日,20260103,策定,西播東岡山線・山崎智頭線,2026/01/05,10:30,順方向,3039.01,0.0,0,220.99,3260,熱容量,0,0,0,0,0,2026/01/03 15:00:03
翌々日,20260103,策定,西播東岡山線・山崎智頭線,2026/01/05,10:30,逆方向,-4745.131,0.0,0,-4.869,-4750,電圧,0,0,0,0,0,2026/01/03 15:00:03
翌々日,20260103,策定,西播東岡山線・山崎智頭線,2026/01/05,11:00,順方向,3039.01,0.0,0,220.99,3260,熱容量,0,0,0,0,0,2026/01/03 15:00:03
翌々日,20260103,策定,西播東岡山線・山崎智頭線,2026/01/05,11:00,逆方向,-4745.131,0.0,0,-4.869,-4750,電圧,0,0,0,0,0,2026/01/03 15:00:03
翌々日,20260103,策定,西播東岡山線・山崎智頭線,2026/01/05,11:30,順方向,3039.01,0.0,0,220.99,3260,熱容量,0,0,0,0,0,2026/01/03 15:00:03
翌々日,20260103,策定,西播東岡山線・山崎智頭線,2026/01/05,11:30,逆方向,-4745.131,0.0,0,-4.869,-4750,電圧,0,0,0,0,0,2026/01/03 15:00:03
翌々日,20260103,策定,西播東岡山線・山崎智頭線,2026/01/05,12:00,順方向,3039.01,0.0,0,220.99,3260,熱容量,0,0,0,0,0,2026/01/03 15:00:03
翌々日,20260103,策定,西播東岡山線・山崎智頭線,2026/01/05,12:00,逆方向,-4745.131,0.0,0,-4.869,-4750,電圧,0,0,0,0,0,2026/01/03 15:00:03
翌々日,20260103,策定,西播東岡山線・山崎智頭線,2026/01/05,12:30,順方向,3157.552,0.0,0,102.448,3260,熱容量,0,0,0,0,0,2026/01/03 15:00:03
翌々日,20260103,策定,西播東岡山線・山崎智頭線,2026/01/05,12:30,逆方向,-4744.735,0.0,0,-5.265,-4750,電圧,0,0,0,0,0,2026/01/03 15:00:03
翌々日,20260103,策定,西播東岡山線・山崎智頭線,2026/01/05,13:00,順方向,3157.552,0.0,0,102.448,3260,熱容量,0,0,0,0,0,2026/01/03 15:00:03
翌々日,20260103,策定,西播東岡山線・山崎智頭線,2026/01/05,13:00,逆方向,-4744.735,0.0,0,-5.265,-4750,電圧,0,0,0,0,0,2026/01/03 15:00:03
翌々日,20260103,策定,西播東岡山線・山崎智頭線,2026/01/05,13:30,順方向,3157.552,0.0,0,102.448,3260,熱容量,0,0,0,0,0,2026/01/03 15:00:03
翌々日,20260103,策定,西播東岡山線・山崎智頭線,2026/01/05,13:30,逆方向,-4744.735,0.0,0,-5.265,-4750,電圧,0,0,0,0,0,2026/01/03 15:00:03
翌々日,20260103,策定,西播東岡山線・山崎智頭線,2026/01/05,14:00,順方向,3157.552,0.0,0,102.448,3260,熱容量,0,0,0,0,0,2026/01/03 15:00:03
翌々日,20260103,策定,西播東岡山線・山崎智頭線,2026/01/05,14:00,逆方向,-4744.735,0.0,0,-5.265,-4750,電圧,0,0,0,0,0,2026/01/03 15:00:03
翌々日,20260103,策定,西播東岡山線・山崎智頭線,2026/01/05,14:30,順方向,3157.552,0.0,0,102.448,3260,熱容量,0,0,0,0,0,2026/01/03 15:00:03
翌々日,20260103,策定,西播東岡山線・山崎智頭線,2026/01/05,14:30,逆方向,-4744.735,0.0,0,-5.265,-4750,電圧,0,0,0,0,0,2026/01/03 15:00:03
翌々日,20260103,策定,西播東岡山線・山崎智頭線,2026/01/05,15:00,順方向,3157.552,0.0,0,102.448,3260,熱容量,0,0,0,0,0,2026/01/03 15:00:03
翌々日,20260103,策定,西播東岡山線・山崎智頭線,2026/01/05,15:00,逆方向,-4744.735,0.0,0,-5.265,-4750,電圧,0,0,0,0,0,2026/01/03 15:00:03
翌々日,20260103,策定,西播東岡山線・山崎智頭線,2026/01/05,15:30,順方向,3132.299,0.0,0,127.701,3260,熱容量,0,0,0,0,0,2026/01/03 15:00:03
翌々日,20260103,策定,西播東岡山線・山崎智頭線,2026/01/05,15:30,逆方向,-4750.0,0.0,0,0.0,-4750,電圧,0,0,0,0,0,2026/01/03 15:00:03
翌々日,20260103,策定,西播東岡山線・山崎智頭線,2026/01/05,16:00,順方向,3132.299,0.0,0,127.701,3260,熱容量,0,0,0,0,0,2026/01/03 15:00:03
翌々日,20260103,策定,西播東岡山線・山崎智頭線,2026/01/05,16:00,逆方向,-4750.0,0.0,0,0.0,-4750,電圧,0,0,0,0,0,2026/01/03 15:00:03
翌々日,20260103,策定,西播東岡山線・山崎智頭線,2026/01/05,16:30,順方向,3132.299,0.0,0,127.701,3260,熱容量,0,0,0,0,0,2026/01/03 15:00:03
翌々日,20260103,策定,西播東岡山線・山崎智頭線,2026/01/05,16:30,逆方向,-4750.0,0.0,0,0.0,-4750,電圧,0,0,0,0,0,2026/01/03 15:00:03
翌々日,20260103,策定,西播東岡山線・山崎智頭線,2026/01/05,17:00,順方向,3132.299,0.0,0,127.701,3260,熱容量,0,0,0,0,0,2026/01/03 15:00:03
翌々日,20260103,策定,西播東岡山線・山崎智頭線,2026/01/05,17:00,逆方向,-4750.0,0.0,0,0.0,-4750,電圧,0,0,0,0,0,2026/01/03 15:00:03
翌々日,20260103,策定,西播東岡山線・山崎智頭線,2026/01/05,17:30,順方向,3132.299,0.0,0,127.701,3260,熱容量,0,0,0,0,0,2026/01/03 15:00:03
翌々日,20260103,策定,西播東岡山線・山崎智頭線,2026/01/05,17:30,逆方向,-4750.0,0.0,0,0.0,-4750,電圧,0,0,0,0,0,2026/01/03 15:00:03
翌々日,20260103,策定,西播東岡山線・山崎智頭線,2026/01/05,18:00,順方向,3132.299,0.0,0,127.701,3260,熱容量,0,0,0,0,0,2026/01/03 15:00:03
翌々日,20260103,策定,西播東岡山線・山崎智頭線,2026/01/05,18:00,逆方向,-4750.0,0.0,0,0.0,-4750,電圧,0,0,0,0,0,2026/01/03 15:00:03
翌々日,20260103,策定,西播東岡山線・山崎智頭線,2026/01/05,18:30,順方向,3260.0,0.0,0,0.0,3260,熱容量,0,0,0,0,0,2026/01/03 15:00:03
翌々日,20260103,策定,西播東岡山線・山崎智頭線,2026/01/05,18:30,逆方向,-4677.56,0.0,0,-72.44,-4750,電圧,0,0,0,0,0,2026/01/03 15:00:03
翌々日,20260103,策定,西播東岡山線・山崎智頭線,2026/01/05,19:00,順方向,3260.0,0.0,0,0.0,3260,熱容量,0,0,0,0,0,2026/01/03 15:00:03
翌々日,20260103,策定,西播東岡山線・山崎智頭線,2026/01/05,19:00,逆方向,-4677.56,0.0,0,-72.44,-4750,電圧,0,0,0,0,0,2026/01/03 15:00:03
翌々日,20260103,策定,西播東岡山線・山崎智頭線,2026/01/05,19:30,順方向,3260.0,0.0,0,0.0,3260,熱容量,0,0,0,0,0,2026/01/03 15:00:03
翌々日,20260103,策定,西播東岡山線・山崎智頭線,2026/01/05,19:30,逆方向,-4677.56,0.0,0,-72.44,-4750,電圧,0,0,0,0,0,2026/01/03 15:00:03
翌々日,20260103,策定,西播東岡山線・山崎智頭線,2026/01/05,20:00,順方向,3260.0,0.0,0,0.0,3260,熱容量,0,0,0,0,0,2026/01/03 15:00:03
翌々日,20260103,策定,西播東岡山線・山崎智頭線,2026/01/05,20:00,逆方向,-4677.56,0.0,0,-72.44,-4750,電圧,0,0,0,0,0,2026/01/03 15:00:03
翌々日,20260103,策定,西播東岡山線・山崎智頭線,2026/01/05,20:30,順方向,3260.0,0.0,0,0.0,3260,熱容量,0,0,0,0,0,2026/01/03 15:00:03
翌々日,20260103,策定,西播東岡山線・山崎智頭線,2026/01/05,20:30,逆方向,-4677.56,0.0,0,-72.44,-4750,電圧,0,0,0,0,0,2026/01/03 15:00:03
翌々日,20260103,策定,西播東岡山線・山崎智頭線,2026/01/05,21:00,順方向,3260.0,0.0,0,0.0,3260,熱容量,0,0,0,0,0,2026/01/03 15:00:03
翌々日,20260103,策定,西播東岡山線・山崎智頭線,2026/01/05,21:00,逆方向,-4677.56,0.0,0,-72.44,-4750,電圧,0,0,0,0,0,2026/01/03 15:00:03
翌々日,20260103,策定,西播東岡山線・山崎智頭線,2026/01/05,21:30,順方向,3210.07,0.0,0,49.93,3260,熱容量,0,0,0,0,0,2026/01/03 15:00:03
翌々日,20260103,策定,西播東岡山線・山崎智頭線,2026/01/05,21:30,逆方向,-4728.733,0.0,0,-21.267,-4750,電圧,0,0,0,0,0,2026/01/03 15:00:03
翌々日,20260103,策定,西播東岡山線・山崎智頭線,2026/01/05,22:00,順方向,3210.07,0.0,0,49.93,3260,熱容量,0,0,0,0,0,2026/01/03 15:00:03
翌々日,20260103,策定,西播東岡山線・山崎智頭線,2026/01/05,22:00,逆方向,-4728.733,0.0,0,-21.267,-4750,電圧,0,0,0,0,0,2026/01/03 15:00:03
翌々日,20260103,策定,西播東岡山線・山崎智頭線,2026/01/05,22:30,順方向,3210.07,0.0,0,49.93,3260,熱容量,0,0,0,0,0,2026/01/03 15:00:03
翌々日,20260103,策定,西播東岡山線・山崎智頭線,2026/01/05,22:30,逆方向,-4728.733,0.0,0,-21.267,-4750,電圧,0,0,0,0,0,2026/01/03 15:00:03
翌々日,20260103,策定,西播東岡山線・山崎智頭線,2026/01/05,23:00,順方向,3210.07,0.0,0,49.93,3260,熱容量,0,0,0,0,0,2026/01/03 15:00:03
翌々日,20260103,策定,西播東岡山線・山崎智頭線,2026/01/05,23:00,逆方向,-4728.733,0.0,0,-21.267,-4750,電圧,0,0,0,0,0,2026/01/03 15:00:03
翌々日,20260103,策定,西播東岡山線・山崎智頭線,2026/01/05,23:30,順方向,3210.07,0.0,0,49.93,3260,熱容量,0,0,0,0,0,2026/01/03 15:00:03
翌々日,20260103,策定,西播東岡山線・山崎智頭線,2026/01/05,23:30,逆方向,-4728.733,0.0,0,-21.267,-4750,電圧,0,0,0,0,0,2026/01/03 15:00:03
翌々日,20260103,策定,西播東岡山線・山崎智頭線,2026/01/05,24:00,順方向,3210.07,0.0,0,49.93,3260,熱容量,0,0,0,0,0,2026/01/03 15:00:03
翌々日,20260103,策定,西播東岡山線・山崎智頭線,2026/01/05,24:00,逆方向,-4728.733,0.0,0,-21.267,-4750,電圧,0,0,0,0,0,2026/01/03 15:00:03
翌々日,20260103,策定,阿南紀北直流幹線,2026/01/05,00:30,順方向,0.0,0.0,0,0.0,0,安定度（作業）,0,0,0,0,0,2026/01/03 15:00:03
翌々日,20260103,策定,阿南紀北直流幹線,2026/01/05,00:30,逆方向,-70.0,0.0,0,0.0,-70,熱容量（作業）,0,0,0,0,0,2026/01/03 15:00:03
翌々日,20260103,策定,阿南紀北直流幹線,2026/01/05,01:00,順方向,0.0,0.0,0,0.0,0,安定度（作業）,0,0,0,0,0,2026/01/03 15:00:03
翌々日,20260103,策定,阿南紀北直流幹線,2026/01/05,01:00,逆方向,-70.0,0.0,0,0.0,-70,熱容量（作業）,0,0,0,0,0,2026/01/03 15:00:03
翌々日,20260103,策定,阿南紀北直流幹線,2026/01/05,01:30,順方向,0.0,0.0,0,0.0,0,安定度（作業）,0,0,0,0,0,2026/01/03 15:00:03
翌々日,20260103,策定,阿南紀北直流幹線,2026/01/05,01:30,逆方向,-70.0,0.0,0,0.0,-70,熱容量（作業）,0,0,0,0,0,2026/01/03 15:00:03
翌々日,20260103,策定,阿南紀北直流幹線,2026/01/05,02:00,順方向,0.0,0.0,0,0.0,0,安定度（作業）,0,0,0,0,0,2026/01/03 15:00:03
翌々日,20260103,策定,阿南紀北直流幹線,2026/01/05,02:00,逆方向,-70.0,0.0,0,0.0,-70,熱容量（作業）,0,0,0,0,0,2026/01/03 15:00:03
翌々日,20260103,策定,阿南紀北直流幹線,2026/01/05,02:30,順方向,0.0,0.0,0,0.0,0,安定度（作業）,0,0,0,0,0,2026/01/03 15:00:03
翌々日,20260103,策定,阿南紀北直流幹線,2026/01/05,02:30,逆方向,-70.0,0.0,0,0.0,-70,熱容量（作業）,0,0,0,0,0,2026/01/03 15:00:03
翌々日,20260103,策定,阿南紀北直流幹線,2026/01/05,03:00,順方向,0.0,0.0,0,0.0,0,安定度（作業）,0,0,0,0,0,2026/01/03 15:00:03
翌々日,20260103,策定,阿南紀北直流幹線,2026/01/05,03:00,逆方向,-70.0,0.0,0,0.0,-70,熱容量（作業）,0,0,0,0,0,2026/01/03 15:00:03
翌々日,20260103,策定,阿南紀北直流幹線,2026/01/05,03:30,順方向,0.0,0.0,0,0.0,0,安定度（作業）,0,0,0,0,0,2026/01/03 15:00:03
翌々日,20260103,策定,阿南紀北直流幹線,2026/01/05,03:30,逆方向,-70.0,0.0,0,0.0,-70,熱容量（作業）,0,0,0,0,0,2026/01/03 15:00:03
翌々日,20260103,策定,阿南紀北直流幹線,2026/01/05,04:00,順方向,0.0,0.0,0,0.0,0,安定度（作業）,0,0,0,0,0,2026/01/03 15:00:03
翌々日,20260103,策定,阿南紀北直流幹線,2026/01/05,04:00,逆方向,-70.0,0.0,0,0.0,-70,熱容量（作業）,0,0,0,0,0,2026/01/03 15:00:03
翌々日,20260103,策定,阿南紀北直流幹線,2026/01/05,04:30,順方向,0.0,0.0,0,0.0,0,安定度（作業）,0,0,0,0,0,2026/01/03 15:00:03
翌々日,20260103,策定,阿南紀北直流幹線,2026/01/05,04:30,逆方向,-70.0,0.0,0,0.0,-70,熱容量（作業）,0,0,0,0,0,2026/01/03 15:00:03
翌々日,20260103,策定,阿南紀北直流幹線,2026/01/05,05:00,順方向,0.0,0.0,0,0.0,0,安定度（作業）,0,0,0,0,0,2026/01/03 15:00:03
翌々日,20260103,策定,阿南紀北直流幹線,2026/01/05,05:00,逆方向,-70.0,0.0,0,0.0,-70,熱容量（作業）,0,0,0,0,0,2026/01/03 15:00:03
翌々日,20260103,策定,阿南紀北直流幹線,2026/01/05,05:30,順方向,0.0,0.0,0,0.0,0,安定度（作業）,0,0,0,0,0,2026/01/03 15:00:03
翌々日,20260103,策定,阿南紀北直流幹線,2026/01/05,05:30,逆方向,-70.0,0.0,0,0.0,-70,熱容量（作業）,0,0,0,0,0,2026/01/03 15:00:03
翌々日,20260103,策定,阿南紀北直流幹線,2026/01/05,06:00,順方向,0.0,0.0,0,0.0,0,安定度（作業）,0,0,0,0,0,2026/01/03 15:00:03
翌々日,20260103,策定,阿南紀北直流幹線,2026/01/05,06:00,逆方向,-70.0,0.0,0,0.0,-70,熱容量（作業）,0,0,0,0,0,2026/01/03 15:00:03
翌々日,20260103,策定,阿南紀北直流幹線,2026/01/05,06:30,順方向,0.0,0.0,0,0.0,0,安定度（作業）,0,0,0,0,0,2026/01/03 15:00:03
翌々日,20260103,策定,阿南紀北直流幹線,2026/01/05,06:30,逆方向,-70.0,0.0,0,0.0,-70,熱容量（作業）,0,0,0,0,0,2026/01/03 15:00:03
翌々日,20260103,策定,阿南紀北直流幹線,2026/01/05,07:00,順方向,0.0,0.0,0,0.0,0,安定度（作業）,0,0,0,0,0,2026/01/03 15:00:03
翌々日,20260103,策定,阿南紀北直流幹線,2026/01/05,07:00,逆方向,-70.0,0.0,0,0.0,-70,熱容量（作業）,0,0,0,0,0,2026/01/03 15:00:03
翌々日,20260103,策定,阿南紀北直流幹線,2026/01/05,07:30,順方向,0.0,0.0,0,0.0,0,安定度（作業）,0,0,0,0,0,2026/01/03 15:00:03
翌々日,20260103,策定,阿南紀北直流幹線,2026/01/05,07:30,逆方向,-70.0,0.0,0,0.0,-70,熱容量（作業）,0,0,0,0,0,2026/01/03 15:00:03
翌々日,20260103,策定,阿南紀北直流幹線,2026/01/05,08:00,順方向,0.0,0.0,0,0.0,0,安定度（作業）,0,0,0,0,0,2026/01/03 15:00:03
翌々日,20260103,策定,阿南紀北直流幹線,2026/01/05,08:00,逆方向,-70.0,0.0,0,0.0,-70,熱容量（作業）,0,0,0,0,0,2026/01/03 15:00:03
翌々日,20260103,策定,阿南紀北直流幹線,2026/01/05,08:30,順方向,0.0,0.0,0,0.0,0,安定度（作業）,0,0,0,0,0,2026/01/03 15:00:03
翌々日,20260103,策定,阿南紀北直流幹線,2026/01/05,08:30,逆方向,-70.0,0.0,0,0.0,-70,熱容量（作業）,0,0,0,0,0,2026/01/03 15:00:03
翌々日,20260103,策定,阿南紀北直流幹線,2026/01/05,09:00,順方向,0.0,0.0,0,0.0,0,安定度（作業）,0,0,0,0,0,2026/01/03 15:00:03
翌々日,20260103,策定,阿南紀北直流幹線,2026/01/05,09:00,逆方向,-70.0,0.0,0,0.0,-70,熱容量（作業）,0,0,0,0,0,2026/01/03 15:00:03
翌々日,20260103,策定,阿南紀北直流幹線,2026/01/05,09:30,順方向,0.0,0.0,0,0.0,0,安定度（作業）,0,0,0,0,0,2026/01/03 15:00:03
翌々日,20260103,策定,阿南紀北直流幹線,2026/01/05,09:30,逆方向,-70.0,0.0,0,0.0,-70,熱容量（作業）,0,0,0,0,0,2026/01/03 15:00:03
翌々日,20260103,策定,阿南紀北直流幹線,2026/01/05,10:00,順方向,0.0,0.0,0,0.0,0,安定度（作業）,0,0,0,0,0,2026/01/03 15:00:03
翌々日,20260103,策定,阿南紀北直流幹線,2026/01/05,10:00,逆方向,-70.0,0.0,0,0.0,-70,熱容量（作業）,0,0,0,0,0,2026/01/03 15:00:03
翌々日,20260103,策定,阿南紀北直流幹線,2026/01/05,10:30,順方向,0.0,0.0,0,0.0,0,安定度（作業）,0,0,0,0,0,2026/01/03 15:00:03
翌々日,20260103,策定,阿南紀北直流幹線,2026/01/05,10:30,逆方向,-70.0,0.0,0,0.0,-70,熱容量（作業）,0,0,0,0,0,2026/01/03 15:00:03
翌々日,20260103,策定,阿南紀北直流幹線,2026/01/05,11:00,順方向,0.0,0.0,0,0.0,0,安定度（作業）,0,0,0,0,0,2026/01/03 15:00:03
翌々日,20260103,策定,阿南紀北直流幹線,2026/01/05,11:00,逆方向,-70.0,0.0,0,0.0,-70,熱容量（作業）,0,0,0,0,0,2026/01/03 15:00:03
翌々日,20260103,策定,阿南紀北直流幹線,2026/01/05,11:30,順方向,0.0,0.0,0,0.0,0,安定度（作業）,0,0,0,0,0,2026/01/03 15:00:03
翌々日,20260103,策定,阿南紀北直流幹線,2026/01/05,11:30,逆方向,-70.0,0.0,0,0.0,-70,熱容量（作業）,0,0,0,0,0,2026/01/03 15:00:03
翌々日,20260103,策定,阿南紀北直流幹線,2026/01/05,12:00,順方向,0.0,0.0,0,0.0,0,安定度（作業）,0,0,0,0,0,2026/01/03 15:00:03
翌々日,20260103,策定,阿南紀北直流幹線,2026/01/05,12:00,逆方向,-70.0,0.0,0,0.0,-70,熱容量（作業）,0,0,0,0,0,2026/01/03 15:00:03
翌々日,20260103,策定,阿南紀北直流幹線,2026/01/05,12:30,順方向,0.0,0.0,0,0.0,0,安定度（作業）,0,0,0,0,0,2026/01/03 15:00:03
翌々日,20260103,策定,阿南紀北直流幹線,2026/01/05,12:30,逆方向,-70.0,0.0,0,0.0,-70,熱容量（作業）,0,0,0,0,0,2026/01/03 15:00:03
翌々日,20260103,策定,阿南紀北直流幹線,2026/01/05,13:00,順方向,0.0,0.0,0,0.0,0,安定度（作業）,0,0,0,0,0,2026/01/03 15:00:03
翌々日,20260103,策定,阿南紀北直流幹線,2026/01/05,13:00,逆方向,-70.0,0.0,0,0.0,-70,熱容量（作業）,0,0,0,0,0,2026/01/03 15:00:03
翌々日,20260103,策定,阿南紀北直流幹線,2026/01/05,13:30,順方向,0.0,0.0,0,0.0,0,安定度（作業）,0,0,0,0,0,2026/01/03 15:00:03
翌々日,20260103,策定,阿南紀北直流幹線,2026/01/05,13:30,逆方向,-70.0,0.0,0,0.0,-70,熱容量（作業）,0,0,0,0,0,2026/01/03 15:00:03
翌々日,20260103,策定,阿南紀北直流幹線,2026/01/05,14:00,順方向,0.0,0.0,0,0.0,0,安定度（作業）,0,0,0,0,0,2026/01/03 15:00:03
翌々日,20260103,策定,阿南紀北直流幹線,2026/01/05,14:00,逆方向,-70.0,0.0,0,0.0,-70,熱容量（作業）,0,0,0,0,0,2026/01/03 15:00:03
翌々日,20260103,策定,阿南紀北直流幹線,2026/01/05,14:30,順方向,0.0,0.0,0,0.0,0,安定度（作業）,0,0,0,0,0,2026/01/03 15:00:03
翌々日,20260103,策定,阿南紀北直流幹線,2026/01/05,14:30,逆方向,-70.0,0.0,0,0.0,-70,熱容量（作業）,0,0,0,0,0,2026/01/03 15:00:03
翌々日,20260103,策定,阿南紀北直流幹線,2026/01/05,15:00,順方向,0.0,0.0,0,0.0,0,安定度（作業）,0,0,0,0,0,2026/01/03 15:00:03
翌々日,20260103,策定,阿南紀北直流幹線,2026/01/05,15:00,逆方向,-70.0,0.0,0,0.0,-70,熱容量（作業）,0,0,0,0,0,2026/01/03 15:00:03
翌々日,20260103,策定,阿南紀北直流幹線,2026/01/05,15:30,順方向,0.0,0.0,0,0.0,0,安定度（作業）,0,0,0,0,0,2026/01/03 15:00:03
翌々日,20260103,策定,阿南紀北直流幹線,2026/01/05,15:30,逆方向,-70.0,0.0,0,0.0,-70,熱容量（作業）,0,0,0,0,0,2026/01/03 15:00:03
翌々日,20260103,策定,阿南紀北直流幹線,2026/01/05,16:00,順方向,0.0,0.0,0,0.0,0,安定度（作業）,0,0,0,0,0,2026/01/03 15:00:03
翌々日,20260103,策定,阿南紀北直流幹線,2026/01/05,16:00,逆方向,-70.0,0.0,0,0.0,-70,熱容量（作業）,0,0,0,0,0,2026/01/03 15:00:03
翌々日,20260103,策定,阿南紀北直流幹線,2026/01/05,16:30,順方向,0.0,0.0,0,0.0,0,安定度（作業）,0,0,0,0,0,2026/01/03 15:00:03
翌々日,20260103,策定,阿南紀北直流幹線,2026/01/05,16:30,逆方向,-70.0,0.0,0,0.0,-70,熱容量（作業）,0,0,0,0,0,2026/01/03 15:00:03
翌々日,20260103,策定,阿南紀北直流幹線,2026/01/05,17:00,順方向,0.0,0.0,0,0.0,0,安定度（作業）,0,0,0,0,0,2026/01/03 15:00:03
翌々日,20260103,策定,阿南紀北直流幹線,2026/01/05,17:00,逆方向,-70.0,0.0,0,0.0,-70,熱容量（作業）,0,0,0,0,0,2026/01/03 15:00:03
翌々日,20260103,策定,阿南紀北直流幹線,2026/01/05,17:30,順方向,0.0,0.0,0,0.0,0,安定度（作業）,0,0,0,0,0,2026/01/03 15:00:03
翌々日,20260103,策定,阿南紀北直流幹線,2026/01/05,17:30,逆方向,-70.0,0.0,0,0.0,-70,熱容量（作業）,0,0,0,0,0,2026/01/03 15:00:03
翌々日,20260103,策定,阿南紀北直流幹線,2026/01/05,18:00,順方向,0.0,0.0,0,0.0,0,安定度（作業）,0,0,0,0,0,2026/01/03 15:00:03
翌々日,20260103,策定,阿南紀北直流幹線,2026/01/05,18:00,逆方向,-70.0,0.0,0,0.0,-70,熱容量（作業）,0,0,0,0,0,2026/01/03 15:00:03
翌々日,20260103,策定,阿南紀北直流幹線,2026/01/05,18:30,順方向,0.0,0.0,0,0.0,0,安定度（作業）,0,0,0,0,0,2026/01/03 15:00:03
翌々日,20260103,策定,阿南紀北直流幹線,2026/01/05,18:30,逆方向,-70.0,0.0,0,0.0,-70,熱容量（作業）,0,0,0,0,0,2026/01/03 15:00:03
翌々日,20260103,策定,阿南紀北直流幹線,2026/01/05,19:00,順方向,0.0,0.0,0,0.0,0,安定度（作業）,0,0,0,0,0,2026/01/03 15:00:03
翌々日,20260103,策定,阿南紀北直流幹線,2026/01/05,19:00,逆方向,-70.0,0.0,0,0.0,-70,熱容量（作業）,0,0,0,0,0,2026/01/03 15:00:03
翌々日,20260103,策定,阿南紀北直流幹線,2026/01/05,19:30,順方向,0.0,0.0,0,0.0,0,安定度（作業）,0,0,0,0,0,2026/01/03 15:00:03
翌々日,20260103,策定,阿南紀北直流幹線,2026/01/05,19:30,逆方向,-70.0,0.0,0,0.0,-70,熱容量（作業）,0,0,0,0,0,2026/01/03 15:00:03
翌々日,20260103,策定,阿南紀北直流幹線,2026/01/05,20:00,順方向,0.0,0.0,0,0.0,0,安定度（作業）,0,0,0,0,0,2026/01/03 15:00:03
翌々日,20260103,策定,阿南紀北直流幹線,2026/01/05,20:00,逆方向,-70.0,0.0,0,0.0,-70,熱容量（作業）,0,0,0,0,0,2026/01/03 15:00:03
翌々日,20260103,策定,阿南紀北直流幹線,2026/01/05,20:30,順方向,0.0,0.0,0,0.0,0,安定度（作業）,0,0,0,0,0,2026/01/03 15:00:03
翌々日,20260103,策定,阿南紀北直流幹線,2026/01/05,20:30,逆方向,-70.0,0.0,0,0.0,-70,熱容量（作業）,0,0,0,0,0,2026/01/03 15:00:03
翌々日,20260103,策定,阿南紀北直流幹線,2026/01/05,21:00,順方向,0.0,0.0,0,0.0,0,安定度（作業）,0,0,0,0,0,2026/01/03 15:00:03
翌々日,20260103,策定,阿南紀北直流幹線,2026/01/05,21:00,逆方向,-70.0,0.0,0,0.0,-70,熱容量（作業）,0,0,0,0,0,2026/01/03 15:00:03
翌々日,20260103,策定,阿南紀北直流幹線,2026/01/05,21:30,順方向,0.0,0.0,0,0.0,0,安定度（作業）,0,0,0,0,0,2026/01/03 15:00:03
翌々日,20260103,策定,阿南紀北直流幹線,2026/01/05,21:30,逆方向,-70.0,0.0,0,0.0,-70,熱容量（作業）,0,0,0,0,0,2026/01/03 15:00:03
翌々日,20260103,策定,阿南紀北直流幹線,2026/01/05,22:00,順方向,0.0,0.0,0,0.0,0,安定度（作業）,0,0,0,0,0,2026/01/03 15:00:03
翌々日,20260103,策定,阿南紀北直流幹線,2026/01/05,22:00,逆方向,-70.0,0.0,0,0.0,-70,熱容量（作業）,0,0,0,0,0,2026/01/03 15:00:03
翌々日,20260103,策定,阿南紀北直流幹線,2026/01/05,22:30,順方向,0.0,0.0,0,0.0,0,安定度（作業）,0,0,0,0,0,2026/01/03 15:00:03
翌々日,20260103,策定,阿南紀北直流幹線,2026/01/05,22:30,逆方向,-70.0,0.0,0,0.0,-70,熱容量（作業）,0,0,0,0,0,2026/01/03 15:00:03
翌々日,20260103,策定,阿南紀北直流幹線,2026/01/05,23:00,順方向,0.0,0.0,0,0.0,0,安定度（作業）,0,0,0,0,0,2026/01/03 15:00:03
翌々日,20260103,策定,阿南紀北直流幹線,2026/01/05,23:00,逆方向,-70.0,0.0,0,0.0,-70,熱容量（作業）,0,0,0,0,0,2026/01/03 15:00:03
翌々日,20260103,策定,阿南紀北直流幹線,2026/01/05,23:30,順方向,0.0,0.0,0,0.0,0,安定度（作業）,0,0,0,0,0,2026/01/03 15:00:03
翌々日,20260103,策定,阿南紀北直流幹線,2026/01/05,23:30,逆方向,-70.0,0.0,0,0.0,-70,熱容量（作業）,0,0,0,0,0,2026/01/03 15:00:03
翌々日,20260103,策定,阿南紀北直流幹線,2026/01/05,24:00,順方向,0.0,0.0,0,0.0,0,安定度（作業）,0,0,0,0,0,2026/01/03 15:00:03
翌々日,20260103,策定,阿南紀北直流幹線,2026/01/05,24:00,逆方向,-70.0,0.0,0,0.0,-70,熱容量（作業）,0,0,0,0,0,2026/01/03 15:00:03
翌々日,20260103,策定,本四連系線,2026/01/05,00:30,順方向,1174.0,0.0,0,26.0,1200,熱容量,0,0,0,0,0,2026/01/03 15:00:03
翌々日,20260103,策定,本四連系線,2026/01/05,00:30,逆方向,-1187.527,0.0,0,-12.473,-1200,熱容量,0,0,0,0,0,2026/01/03 15:00:03
翌々日,20260103,策定,本四連系線,2026/01/05,01:00,順方向,1174.0,0.0,0,26.0,1200,熱容量,0,0,0,0,0,2026/01/03 15:00:03
翌々日,20260103,策定,本四連系線,2026/01/05,01:00,逆方向,-1187.527,0.0,0,-12.473,-1200,熱容量,0,0,0,0,0,2026/01/03 15:00:03
翌々日,20260103,策定,本四連系線,2026/01/05,01:30,順方向,1174.0,0.0,0,26.0,1200,熱容量,0,0,0,0,0,2026/01/03 15:00:03
翌々日,20260103,策定,本四連系線,2026/01/05,01:30,逆方向,-1187.527,0.0,0,-12.473,-1200,熱容量,0,0,0,0,0,2026/01/03 15:00:03
翌々日,20260103,策定,本四連系線,2026/01/05,02:00,順方向,1174.0,0.0,0,26.0,1200,熱容量,0,0,0,0,0,2026/01/03 15:00:03
翌々日,20260103,策定,本四連系線,2026/01/05,02:00,逆方向,-1187.527,0.0,0,-12.473,-1200,熱容量,0,0,0,0,0,2026/01/03 15:00:03
翌々日,20260103,策定,本四連系線,2026/01/05,02:30,順方向,1174.0,0.0,0,26.0,1200,熱容量,0,0,0,0,0,2026/01/03 15:00:03
翌々日,20260103,策定,本四連系線,2026/01/05,02:30,逆方向,-1187.527,0.0,0,-12.473,-1200,熱容量,0,0,0,0,0,2026/01/03 15:00:03
翌々日,20260103,策定,本四連系線,2026/01/05,03:00,順方向,1174.0,0.0,0,26.0,1200,熱容量,0,0,0,0,0,2026/01/03 15:00:03
翌々日,20260103,策定,本四連系線,2026/01/05,03:00,逆方向,-1187.527,0.0,0,-12.473,-1200,熱容量,0,0,0,0,0,2026/01/03 15:00:03
翌々日,20260103,策定,本四連系線,2026/01/05,03:30,順方向,1173.0,0.0,0,27.0,1200,熱容量,0,0,0,0,0,2026/01/03 15:00:03
翌々日,20260103,策定,本四連系線,2026/01/05,03:30,逆方向,-1186.457,0.0,0,-13.543,-1200,熱容量,0,0,0,0,0,2026/01/03 15:00:03
翌々日,20260103,策定,本四連系線,2026/01/05,04:00,順方向,1173.0,0.0,0,27.0,1200,熱容量,0,0,0,0,0,2026/01/03 15:00:03
翌々日,20260103,策定,本四連系線,2026/01/05,04:00,逆方向,-1186.457,0.0,0,-13.543,-1200,熱容量,0,0,0,0,0,2026/01/03 15:00:03
翌々日,20260103,策定,本四連系線,2026/01/05,04:30,順方向,1173.0,0.0,0,27.0,1200,熱容量,0,0,0,0,0,2026/01/03 15:00:03
翌々日,20260103,策定,本四連系線,2026/01/05,04:30,逆方向,-1186.457,0.0,0,-13.543,-1200,熱容量,0,0,0,0,0,2026/01/03 15:00:03
翌々日,20260103,策定,本四連系線,2026/01/05,05:00,順方向,1173.0,0.0,0,27.0,1200,熱容量,0,0,0,0,0,2026/01/03 15:00:03
翌々日,20260103,策定,本四連系線,2026/01/05,05:00,逆方向,-1186.457,0.0,0,-13.543,-1200,熱容量,0,0,0,0,0,2026/01/03 15:00:03
翌々日,20260103,策定,本四連系線,2026/01/05,05:30,順方向,1173.0,0.0,0,27.0,1200,熱容量,0,0,0,0,0,2026/01/03 15:00:03
翌々日,20260103,策定,本四連系線,2026/01/05,05:30,逆方向,-1186.457,0.0,0,-13.543,-1200,熱容量,0,0,0,0,0,2026/01/03 15:00:03
翌々日,20260103,策定,本四連系線,2026/01/05,06:00,順方向,1173.0,0.0,0,27.0,1200,熱容量,0,0,0,0,0,2026/01/03 15:00:03
翌々日,20260103,策定,本四連系線,2026/01/05,06:00,逆方向,-1186.457,0.0,0,-13.543,-1200,熱容量,0,0,0,0,0,2026/01/03 15:00:03
翌々日,20260103,策定,本四連系線,2026/01/05,06:30,順方向,1198.0,0.0,0,2.0,1200,熱容量,0,0,0,0,0,2026/01/03 15:00:03
翌々日,20260103,策定,本四連系線,2026/01/05,06:30,逆方向,-1139.0,0.0,0,-61.0,-1200,熱容量,0,0,0,0,0,2026/01/03 15:00:03
翌々日,20260103,策定,本四連系線,2026/01/05,07:00,順方向,1198.0,0.0,0,2.0,1200,熱容量,0,0,0,0,0,2026/01/03 15:00:03
翌々日,20260103,策定,本四連系線,2026/01/05,07:00,逆方向,-1139.0,0.0,0,-61.0,-1200,熱容量,0,0,0,0,0,2026/01/03 15:00:03
翌々日,20260103,策定,本四連系線,2026/01/05,07:30,順方向,1198.0,0.0,0,2.0,1200,熱容量,0,0,0,0,0,2026/01/03 15:00:03
翌々日,20260103,策定,本四連系線,2026/01/05,07:30,逆方向,-1139.0,0.0,0,-61.0,-1200,熱容量,0,0,0,0,0,2026/01/03 15:00:03
翌々日,20260103,策定,本四連系線,2026/01/05,08:00,順方向,1198.0,0.0,0,2.0,1200,熱容量,0,0,0,0,0,2026/01/03 15:00:03
翌々日,20260103,策定,本四連系線,2026/01/05,08:00,逆方向,-1139.0,0.0,0,-61.0,-1200,熱容量,0,0,0,0,0,2026/01/03 15:00:03
翌々日,20260103,策定,本四連系線,2026/01/05,08:30,順方向,1198.0,0.0,0,2.0,1200,熱容量,0,0,0,0,0,2026/01/03 15:00:03
翌々日,20260103,策定,本四連系線,2026/01/05,08:30,逆方向,-1139.0,0.0,0,-61.0,-1200,熱容量,0,0,0,0,0,2026/01/03 15:00:03
翌々日,20260103,策定,本四連系線,2026/01/05,09:00,順方向,1198.0,0.0,0,2.0,1200,熱容量,0,0,0,0,0,2026/01/03 15:00:03
翌々日,20260103,策定,本四連系線,2026/01/05,09:00,逆方向,-1139.0,0.0,0,-61.0,-1200,熱容量,0,0,0,0,0,2026/01/03 15:00:03
翌々日,20260103,策定,本四連系線,2026/01/05,09:30,順方向,1174.0,0.0,0,26.0,1200,熱容量,0,0,0,0,0,2026/01/03 15:00:03
翌々日,20260103,策定,本四連系線,2026/01/05,09:30,逆方向,-1132.0,0.0,0,-68.0,-1200,熱容量,0,0,0,0,0,2026/01/03 15:00:03
翌々日,20260103,策定,本四連系線,2026/01/05,10:00,順方向,1174.0,0.0,0,26.0,1200,熱容量,0,0,0,0,0,2026/01/03 15:00:03
翌々日,20260103,策定,本四連系線,2026/01/05,10:00,逆方向,-1132.0,0.0,0,-68.0,-1200,熱容量,0,0,0,0,0,2026/01/03 15:00:03
翌々日,20260103,策定,本四連系線,2026/01/05,10:30,順方向,1174.0,0.0,0,26.0,1200,熱容量,0,0,0,0,0,2026/01/03 15:00:03
翌々日,20260103,策定,本四連系線,2026/01/05,10:30,逆方向,-1132.0,0.0,0,-68.0,-1200,熱容量,0,0,0,0,0,2026/01/03 15:00:03
翌々日,20260103,策定,本四連系線,2026/01/05,11:00,順方向,1174.0,0.0,0,26.0,1200,熱容量,0,0,0,0,0,2026/01/03 15:00:03
翌々日,20260103,策定,本四連系線,2026/01/05,11:00,逆方向,-1132.0,0.0,0,-68.0,-1200,熱容量,0,0,0,0,0,2026/01/03 15:00:03
翌々日,20260103,策定,本四連系線,2026/01/05,11:30,順方向,1174.0,0.0,0,26.0,1200,熱容量,0,0,0,0,0,2026/01/03 15:00:03
翌々日,20260103,策定,本四連系線,2026/01/05,11:30,逆方向,-1132.0,0.0,0,-68.0,-1200,熱容量,0,0,0,0,0,2026/01/03 15:00:03
翌々日,20260103,策定,本四連系線,2026/01/05,12:00,順方向,1174.0,0.0,0,26.0,1200,熱容量,0,0,0,0,0,2026/01/03 15:00:03
翌々日,20260103,策定,本四連系線,2026/01/05,12:00,逆方向,-1132.0,0.0,0,-68.0,-1200,熱容量,0,0,0,0,0,2026/01/03 15:00:03
翌々日,20260103,策定,本四連系線,2026/01/05,12:30,順方向,1177.0,0.0,0,23.0,1200,熱容量,0,0,0,0,0,2026/01/03 15:00:03
翌々日,20260103,策定,本四連系線,2026/01/05,12:30,逆方向,-1200.0,0.0,0,0.0,-1200,熱容量,0,0,0,0,0,2026/01/03 15:00:03
翌々日,20260103,策定,本四連系線,2026/01/05,13:00,順方向,1177.0,0.0,0,23.0,1200,熱容量,0,0,0,0,0,2026/01/03 15:00:03
翌々日,20260103,策定,本四連系線,2026/01/05,13:00,逆方向,-1200.0,0.0,0,0.0,-1200,熱容量,0,0,0,0,0,2026/01/03 15:00:03
翌々日,20260103,策定,本四連系線,2026/01/05,13:30,順方向,1177.0,0.0,0,23.0,1200,熱容量,0,0,0,0,0,2026/01/03 15:00:03
翌々日,20260103,策定,本四連系線,2026/01/05,13:30,逆方向,-1200.0,0.0,0,0.0,-1200,熱容量,0,0,0,0,0,2026/01/03 15:00:03
翌々日,20260103,策定,本四連系線,2026/01/05,14:00,順方向,1177.0,0.0,0,23.0,1200,熱容量,0,0,0,0,0,2026/01/03 15:00:03
翌々日,20260103,策定,本四連系線,2026/01/05,14:00,逆方向,-1200.0,0.0,0,0.0,-1200,熱容量,0,0,0,0,0,2026/01/03 15:00:03
翌々日,20260103,策定,本四連系線,2026/01/05,14:30,順方向,1177.0,0.0,0,23.0,1200,熱容量,0,0,0,0,0,2026/01/03 15:00:03
翌々日,20260103,策定,本四連系線,2026/01/05,14:30,逆方向,-1200.0,0.0,0,0.0,-1200,熱容量,0,0,0,0,0,2026/01/03 15:00:03
翌々日,20260103,策定,本四連系線,2026/01/05,15:00,順方向,1177.0,0.0,0,23.0,1200,熱容量,0,0,0,0,0,2026/01/03 15:00:03
翌々日,20260103,策定,本四連系線,2026/01/05,15:00,逆方向,-1200.0,0.0,0,0.0,-1200,熱容量,0,0,0,0,0,2026/01/03 15:00:03
翌々日,20260103,策定,本四連系線,2026/01/05,15:30,順方向,1157.0,0.0,0,43.0,1200,熱容量,0,0,0,0,0,2026/01/03 15:00:03
翌々日,20260103,策定,本四連系線,2026/01/05,15:30,逆方向,-1133.527,0.0,0,-66.473,-1200,熱容量,0,0,0,0,0,2026/01/03 15:00:03
翌々日,20260103,策定,本四連系線,2026/01/05,16:00,順方向,1157.0,0.0,0,43.0,1200,熱容量,0,0,0,0,0,2026/01/03 15:00:03
翌々日,20260103,策定,本四連系線,2026/01/05,16:00,逆方向,-1133.527,0.0,0,-66.473,-1200,熱容量,0,0,0,0,0,2026/01/03 15:00:03
翌々日,20260103,策定,本四連系線,2026/01/05,16:30,順方向,1157.0,0.0,0,43.0,1200,熱容量,0,0,0,0,0,2026/01/03 15:00:03
翌々日,20260103,策定,本四連系線,2026/01/05,16:30,逆方向,-1133.527,0.0,0,-66.473,-1200,熱容量,0,0,0,0,0,2026/01/03 15:00:03
翌々日,20260103,策定,本四連系線,2026/01/05,17:00,順方向,1157.0,0.0,0,43.0,1200,熱容量,0,0,0,0,0,2026/01/03 15:00:03
翌々日,20260103,策定,本四連系線,2026/01/05,17:00,逆方向,-1133.527,0.0,0,-66.473,-1200,熱容量,0,0,0,0,0,2026/01/03 15:00:03
翌々日,20260103,策定,本四連系線,2026/01/05,17:30,順方向,1157.0,0.0,0,43.0,1200,熱容量,0,0,0,0,0,2026/01/03 15:00:03
翌々日,20260103,策定,本四連系線,2026/01/05,17:30,逆方向,-1133.527,0.0,0,-66.473,-1200,熱容量,0,0,0,0,0,2026/01/03 15:00:03
翌々日,20260103,策定,本四連系線,2026/01/05,18:00,順方向,1157.0,0.0,0,43.0,1200,熱容量,0,0,0,0,0,2026/01/03 15:00:03
翌々日,20260103,策定,本四連系線,2026/01/05,18:00,逆方向,-1133.527,0.0,0,-66.473,-1200,熱容量,0,0,0,0,0,2026/01/03 15:00:03
翌々日,20260103,策定,本四連系線,2026/01/05,18:30,順方向,1178.0,0.0,0,22.0,1200,熱容量,0,0,0,0,0,2026/01/03 15:00:03
翌々日,20260103,策定,本四連系線,2026/01/05,18:30,逆方向,-1156.457,0.0,0,-43.543,-1200,熱容量,0,0,0,0,0,2026/01/03 15:00:03
翌々日,20260103,策定,本四連系線,2026/01/05,19:00,順方向,1178.0,0.0,0,22.0,1200,熱容量,0,0,0,0,0,2026/01/03 15:00:03
翌々日,20260103,策定,本四連系線,2026/01/05,19:00,逆方向,-1156.457,0.0,0,-43.543,-1200,熱容量,0,0,0,0,0,2026/01/03 15:00:03
翌々日,20260103,策定,本四連系線,2026/01/05,19:30,順方向,1178.0,0.0,0,22.0,1200,熱容量,0,0,0,0,0,2026/01/03 15:00:03
翌々日,20260103,策定,本四連系線,2026/01/05,19:30,逆方向,-1156.457,0.0,0,-43.543,-1200,熱容量,0,0,0,0,0,2026/01/03 15:00:03
翌々日,20260103,策定,本四連系線,2026/01/05,20:00,順方向,1178.0,0.0,0,22.0,1200,熱容量,0,0,0,0,0,2026/01/03 15:00:03
翌々日,20260103,策定,本四連系線,2026/01/05,20:00,逆方向,-1156.457,0.0,0,-43.543,-1200,熱容量,0,0,0,0,0,2026/01/03 15:00:03
翌々日,20260103,策定,本四連系線,2026/01/05,20:30,順方向,1178.0,0.0,0,22.0,1200,熱容量,0,0,0,0,0,2026/01/03 15:00:03
翌々日,20260103,策定,本四連系線,2026/01/05,20:30,逆方向,-1156.457,0.0,0,-43.543,-1200,熱容量,0,0,0,0,0,2026/01/03 15:00:03
翌々日,20260103,策定,本四連系線,2026/01/05,21:00,順方向,1178.0,0.0,0,22.0,1200,熱容量,0,0,0,0,0,2026/01/03 15:00:03
翌々日,20260103,策定,本四連系線,2026/01/05,21:00,逆方向,-1156.457,0.0,0,-43.543,-1200,熱容量,0,0,0,0,0,2026/01/03 15:00:03
翌々日,20260103,策定,本四連系線,2026/01/05,21:30,順方向,1166.0,0.0,0,34.0,1200,熱容量,0,0,0,0,0,2026/01/03 15:00:03
翌々日,20260103,策定,本四連系線,2026/01/05,21:30,逆方向,-1176.0,0.0,0,-24.0,-1200,熱容量,0,0,0,0,0,2026/01/03 15:00:03
翌々日,20260103,策定,本四連系線,2026/01/05,22:00,順方向,1166.0,0.0,0,34.0,1200,熱容量,0,0,0,0,0,2026/01/03 15:00:03
翌々日,20260103,策定,本四連系線,2026/01/05,22:00,逆方向,-1176.0,0.0,0,-24.0,-1200,熱容量,0,0,0,0,0,2026/01/03 15:00:03
翌々日,20260103,策定,本四連系線,2026/01/05,22:30,順方向,1166.0,0.0,0,34.0,1200,熱容量,0,0,0,0,0,2026/01/03 15:00:03
翌々日,20260103,策定,本四連系線,2026/01/05,22:30,逆方向,-1176.0,0.0,0,-24.0,-1200,熱容量,0,0,0,0,0,2026/01/03 15:00:03
翌々日,20260103,策定,本四連系線,2026/01/05,23:00,順方向,1166.0,0.0,0,34.0,1200,熱容量,0,0,0,0,0,2026/01/03 15:00:03
翌々日,20260103,策定,本四連系線,2026/01/05,23:00,逆方向,-1176.0,0.0,0,-24.0,-1200,熱容量,0,0,0,0,0,2026/01/03 15:00:03
翌々日,20260103,策定,本四連系線,2026/01/05,23:30,順方向,1166.0,0.0,0,34.0,1200,熱容量,0,0,0,0,0,2026/01/03 15:00:03
翌々日,20260103,策定,本四連系線,2026/01/05,23:30,逆方向,-1176.0,0.0,0,-24.0,-1200,熱容量,0,0,0,0,0,2026/01/03 15:00:03
翌々日,20260103,策定,本四連系線,2026/01/05,24:00,順方向,1166.0,0.0,0,34.0,1200,熱容量,0,0,0,0,0,2026/01/03 15:00:03
翌々日,20260103,策定,本四連系線,2026/01/05,24:00,逆方向,-1176.0,0.0,0,-24.0,-1200,熱容量,0,0,0,0,0,2026/01/03 15:00:03
翌々日,20260103,策定,関門連系線,2026/01/05,00:30,順方向,310.0,0.0,0,120.0,430,周波数,0,0,0,0,0,2026/01/03 15:00:03
翌々日,20260103,策定,関門連系線,2026/01/05,00:30,逆方向,-1990.0,0.0,0,0.0,-1990,周波数,0,0,0,0,0,2026/01/03 15:00:03
翌々日,20260103,策定,関門連系線,2026/01/05,01:00,順方向,310.0,0.0,0,120.0,430,周波数,0,0,0,0,0,2026/01/03 15:00:03
翌々日,20260103,策定,関門連系線,2026/01/05,01:00,逆方向,-1980.0,0.0,0,0.0,-1980,周波数,0,0,0,0,0,2026/01/03 15:00:03
翌々日,20260103,策定,関門連系線,2026/01/05,01:30,順方向,310.0,0.0,0,120.0,430,周波数,0,0,0,0,0,2026/01/03 15:00:03
翌々日,20260103,策定,関門連系線,2026/01/05,01:30,逆方向,-1980.0,0.0,0,0.0,-1980,周波数,0,0,0,0,0,2026/01/03 15:00:03
翌々日,20260103,策定,関門連系線,2026/01/05,02:00,順方向,310.0,0.0,0,120.0,430,周波数,0,0,0,0,0,2026/01/03 15:00:03
翌々日,20260103,策定,関門連系線,2026/01/05,02:00,逆方向,-1980.0,0.0,0,0.0,-1980,周波数,0,0,0,0,0,2026/01/03 15:00:03
翌々日,20260103,策定,関門連系線,2026/01/05,02:30,順方向,320.0,0.0,0,120.0,440,周波数,0,0,0,0,0,2026/01/03 15:00:03
翌々日,20260103,策定,関門連系線,2026/01/05,02:30,逆方向,-2010.0,0.0,0,0.0,-2010,周波数,0,0,0,0,0,2026/01/03 15:00:03
翌々日,20260103,策定,関門連系線,2026/01/05,03:00,順方向,330.0,0.0,0,120.0,450,周波数,0,0,0,0,0,2026/01/03 15:00:03
翌々日,20260103,策定,関門連系線,2026/01/05,03:00,逆方向,-2040.0,0.0,0,0.0,-2040,周波数,0,0,0,0,0,2026/01/03 15:00:03
翌々日,20260103,策定,関門連系線,2026/01/05,03:30,順方向,370.007,0.0,0,89.993,460,周波数,0,0,0,0,0,2026/01/03 15:00:03
翌々日,20260103,策定,関門連系線,2026/01/05,03:30,逆方向,-2060.0,0.0,0,0.0,-2060,周波数,0,0,0,0,0,2026/01/03 15:00:03
翌々日,20260103,策定,関門連系線,2026/01/05,04:00,順方向,390.007,0.0,0,89.993,480,周波数,0,0,0,0,0,2026/01/03 15:00:03
翌々日,20260103,策定,関門連系線,2026/01/05,04:00,逆方向,-2080.0,0.0,0,0.0,-2080,周波数,0,0,0,0,0,2026/01/03 15:00:03
翌々日,20260103,策定,関門連系線,2026/01/05,04:30,順方向,390.007,0.0,0,89.993,480,周波数,0,0,0,0,0,2026/01/03 15:00:03
翌々日,20260103,策定,関門連系線,2026/01/05,04:30,逆方向,-2080.0,0.0,0,0.0,-2080,周波数,0,0,0,0,0,2026/01/03 15:00:03
翌々日,20260103,策定,関門連系線,2026/01/05,05:00,順方向,380.007,0.0,0,89.993,470,周波数,0,0,0,0,0,2026/01/03 15:00:03
翌々日,20260103,策定,関門連系線,2026/01/05,05:00,逆方向,-2070.0,0.0,0,0.0,-2070,周波数,0,0,0,0,0,2026/01/03 15:00:03
翌々日,20260103,策定,関門連系線,2026/01/05,05:30,順方向,380.007,0.0,0,89.993,470,周波数,0,0,0,0,0,2026/01/03 15:00:03
翌々日,20260103,策定,関門連系線,2026/01/05,05:30,逆方向,-2060.0,0.0,0,0.0,-2060,周波数,0,0,0,0,0,2026/01/03 15:00:03
翌々日,20260103,策定,関門連系線,2026/01/05,06:00,順方向,370.007,0.0,0,89.993,460,周波数,0,0,0,0,0,2026/01/03 15:00:03
翌々日,20260103,策定,関門連系線,2026/01/05,06:00,逆方向,-2050.0,0.0,0,0.0,-2050,周波数,0,0,0,0,0,2026/01/03 15:00:03
翌々日,20260103,策定,関門連系線,2026/01/05,06:30,順方向,450.0,0.0,0,0.0,450,周波数,0,0,0,0,0,2026/01/03 15:00:03
翌々日,20260103,策定,関門連系線,2026/01/05,06:30,逆方向,-2040.0,0.0,0,0.0,-2040,周波数,0,0,0,0,0,2026/01/03 15:00:03
翌々日,20260103,策定,関門連系線,2026/01/05,07:00,順方向,450.0,0.0,0,0.0,450,周波数,0,0,0,0,0,2026/01/03 15:00:03
翌々日,20260103,策定,関門連系線,2026/01/05,07:00,逆方向,-2040.0,0.0,0,0.0,-2040,周波数,0,0,0,0,0,2026/01/03 15:00:03
翌々日,20260103,策定,関門連系線,2026/01/05,07:30,順方向,450.0,0.0,0,0.0,450,周波数,0,0,0,0,0,2026/01/03 15:00:03
翌々日,20260103,策定,関門連系線,2026/01/05,07:30,逆方向,-2080.0,0.0,0,0.0,-2080,周波数,0,0,0,0,0,2026/01/03 15:00:03
翌々日,20260103,策定,関門連系線,2026/01/05,08:00,順方向,450.0,0.0,0,0.0,450,周波数,0,0,0,0,0,2026/01/03 15:00:03
翌々日,20260103,策定,関門連系線,2026/01/05,08:00,逆方向,-2120.0,0.0,0,0.0,-2120,周波数,0,0,0,0,0,2026/01/03 15:00:03
翌々日,20260103,策定,関門連系線,2026/01/05,08:30,順方向,520.0,0.0,0,0.0,520,周波数,0,0,0,0,0,2026/01/03 15:00:03
翌々日,20260103,策定,関門連系線,2026/01/05,08:30,逆方向,-2820.0,0.0,0,0.0,-2820,周波数,0,0,0,0,0,2026/01/03 15:00:03
翌々日,20260103,策定,関門連系線,2026/01/05,09:00,順方向,470.0,0.0,0,0.0,470,周波数,0,0,0,0,0,2026/01/03 15:00:03
翌々日,20260103,策定,関門連系線,2026/01/05,09:00,逆方向,-2820.0,0.0,0,0.0,-2820,周波数,0,0,0,0,0,2026/01/03 15:00:03
翌々日,20260103,策定,関門連系線,2026/01/05,09:30,順方向,420.0,0.0,0,0.0,420,周波数,0,0,0,0,0,2026/01/03 15:00:03
翌々日,20260103,策定,関門連系線,2026/01/05,09:30,逆方向,-2850.0,0.0,0,0.0,-2850,周波数,0,0,0,0,0,2026/01/03 15:00:03
翌々日,20260103,策定,関門連系線,2026/01/05,10:00,順方向,360.0,0.0,0,0.0,360,周波数,0,0,0,0,0,2026/01/03 15:00:03
翌々日,20260103,策定,関門連系線,2026/01/05,10:00,逆方向,-2830.0,0.0,0,0.0,-2830,周波数,0,0,0,0,0,2026/01/03 15:00:03
翌々日,20260103,策定,関門連系線,2026/01/05,10:30,順方向,310.0,0.0,0,0.0,310,周波数,0,0,0,0,0,2026/01/03 15:00:03
翌々日,20260103,策定,関門連系線,2026/01/05,10:30,逆方向,-2780.0,0.0,0,0.0,-2780,周波数,0,0,0,0,0,2026/01/03 15:00:03
翌々日,20260103,策定,関門連系線,2026/01/05,11:00,順方向,280.0,0.0,0,0.0,280,周波数,0,0,0,0,0,2026/01/03 15:00:03
翌々日,20260103,策定,関門連系線,2026/01/05,11:00,逆方向,-2740.0,0.0,0,0.0,-2740,周波数,0,0,0,0,0,2026/01/03 15:00:03
翌々日,20260103,策定,関門連系線,2026/01/05,11:30,順方向,250.0,0.0,0,0.0,250,周波数,0,0,0,0,0,2026/01/03 15:00:03
翌々日,20260103,策定,関門連系線,2026/01/05,11:30,逆方向,-2710.0,0.0,0,0.0,-2710,周波数,0,0,0,0,0,2026/01/03 15:00:03
翌々日,20260103,策定,関門連系線,2026/01/05,12:00,順方向,230.0,0.0,0,0.0,230,周波数,0,0,0,0,0,2026/01/03 15:00:03
翌々日,20260103,策定,関門連系線,2026/01/05,12:00,逆方向,-2640.0,0.0,0,0.0,-2640,周波数,0,0,0,0,0,2026/01/03 15:00:03
翌々日,20260103,策定,関門連系線,2026/01/05,12:30,順方向,155.0,0.0,0,55.0,210,周波数,0,0,0,0,0,2026/01/03 15:00:03
翌々日,20260103,策定,関門連系線,2026/01/05,12:30,逆方向,-2580.0,0.0,0,0.0,-2580,周波数,0,0,0,0,0,2026/01/03 15:00:03
翌々日,20260103,策定,関門連系線,2026/01/05,13:00,順方向,155.0,0.0,0,55.0,210,周波数,0,0,0,0,0,2026/01/03 15:00:03
翌々日,20260103,策定,関門連系線,2026/01/05,13:00,逆方向,-2396.0,0.0,0,0.0,-2396,周波数,0,0,0,0,0,2026/01/03 15:00:03
翌々日,20260103,策定,関門連系線,2026/01/05,13:30,順方向,155.0,0.0,0,55.0,210,周波数,0,0,0,0,0,2026/01/03 15:00:03
翌々日,20260103,策定,関門連系線,2026/01/05,13:30,逆方向,-2392.0,0.0,0,0.0,-2392,周波数,0,0,0,0,0,2026/01/03 15:00:03
翌々日,20260103,策定,関門連系線,2026/01/05,14:00,順方向,165.0,0.0,0,55.0,220,周波数,0,0,0,0,0,2026/01/03 15:00:03
翌々日,20260103,策定,関門連系線,2026/01/05,14:00,逆方向,-2453.0,0.0,0,0.0,-2453,周波数,0,0,0,0,0,2026/01/03 15:00:03
翌々日,20260103,策定,関門連系線,2026/01/05,14:30,順方向,175.0,0.0,0,55.0,230,周波数,0,0,0,0,0,2026/01/03 15:00:03
翌々日,20260103,策定,関門連系線,2026/01/05,14:30,逆方向,-2534.0,0.0,0,0.0,-2534,周波数,0,0,0,0,0,2026/01/03 15:00:03
翌々日,20260103,策定,関門連系線,2026/01/05,15:00,順方向,195.0,0.0,0,55.0,250,周波数,0,0,0,0,0,2026/01/03 15:00:03
翌々日,20260103,策定,関門連系線,2026/01/05,15:00,逆方向,-2590.0,0.0,0,0.0,-2590,周波数,0,0,0,0,0,2026/01/03 15:00:03
翌々日,20260103,策定,関門連系線,2026/01/05,15:30,順方向,272.0,0.0,0,18.0,290,周波数,0,0,0,0,0,2026/01/03 15:00:03
翌々日,20260103,策定,関門連系線,2026/01/05,15:30,逆方向,-2600.0,0.0,0,0.0,-2600,周波数,0,0,0,0,0,2026/01/03 15:00:03
翌々日,20260103,策定,関門連系線,2026/01/05,16:00,順方向,312.0,0.0,0,18.0,330,周波数,0,0,0,0,0,2026/01/03 15:00:03
翌々日,20260103,策定,関門連系線,2026/01/05,16:00,逆方向,-2620.0,0.0,0,0.0,-2620,周波数,0,0,0,0,0,2026/01/03 15:00:03
翌々日,20260103,策定,関門連系線,2026/01/05,16:30,順方向,382.0,0.0,0,18.0,400,周波数,0,0,0,0,0,2026/01/03 15:00:03
翌々日,20260103,策定,関門連系線,2026/01/05,16:30,逆方向,-2660.0,0.0,0,0.0,-2660,周波数,0,0,0,0,0,2026/01/03 15:00:03
翌々日,20260103,策定,関門連系線,2026/01/05,17:00,順方向,452.0,0.0,0,18.0,470,周波数,0,0,0,0,0,2026/01/03 15:00:03
翌々日,20260103,策定,関門連系線,2026/01/05,17:00,逆方向,-2700.0,0.0,0,0.0,-2700,周波数,0,0,0,0,0,2026/01/03 15:00:03
翌々日,20260103,策定,関門連系線,2026/01/05,17:30,順方向,502.0,0.0,0,18.0,520,周波数,0,0,0,0,0,2026/01/03 15:00:03
翌々日,20260103,策定,関門連系線,2026/01/05,17:30,逆方向,-2730.0,0.0,0,0.0,-2730,周波数,0,0,0,0,0,2026/01/03 15:00:03
翌々日,20260103,策定,関門連系線,2026/01/05,18:00,順方向,562.0,0.0,0,18.0,580,周波数,0,0,0,0,0,2026/01/03 15:00:03
翌々日,20260103,策定,関門連系線,2026/01/05,18:00,逆方向,-2770.0,0.0,0,0.0,-2770,周波数,0,0,0,0,0,2026/01/03 15:00:03
翌々日,20260103,策定,関門連系線,2026/01/05,18:30,順方向,590.0,0.0,0,0.0,590,周波数,0,0,0,0,0,2026/01/03 15:00:03
翌々日,20260103,策定,関門連系線,2026/01/05,18:30,逆方向,-2638.604,0.0,0,-131.396,-2770,周波数,0,0,0,0,0,2026/01/03 15:00:03
翌々日,20260103,策定,関門連系線,2026/01/05,19:00,順方向,590.0,0.0,0,0.0,590,周波数,0,0,0,0,0,2026/01/03 15:00:03
翌々日,20260103,策定,関門連系線,2026/01/05,19:00,逆方向,-2608.604,0.0,0,-131.396,-2740,周波数,0,0,0,0,0,2026/01/03 15:00:03
翌々日,20260103,策定,関門連系線,2026/01/05,19:30,順方向,590.0,0.0,0,0.0,590,周波数,0,0,0,0,0,2026/01/03 15:00:03
翌々日,20260103,策定,関門連系線,2026/01/05,19:30,逆方向,-2578.604,0.0,0,-131.396,-2710,周波数,0,0,0,0,0,2026/01/03 15:00:03
翌々日,20260103,策定,関門連系線,2026/01/05,20:00,順方向,570.0,0.0,0,0.0,570,周波数,0,0,0,0,0,2026/01/03 15:00:03
翌々日,20260103,策定,関門連系線,2026/01/05,20:00,逆方向,-2538.604,0.0,0,-131.396,-2670,周波数,0,0,0,0,0,2026/01/03 15:00:03
翌々日,20260103,策定,関門連系線,2026/01/05,20:30,順方向,560.0,0.0,0,0.0,560,周波数,0,0,0,0,0,2026/01/03 15:00:03
翌々日,20260103,策定,関門連系線,2026/01/05,20:30,逆方向,-2498.604,0.0,0,-131.396,-2630,周波数,0,0,0,0,0,2026/01/03 15:00:03
翌々日,20260103,策定,関門連系線,2026/01/05,21:00,順方向,550.0,0.0,0,0.0,550,周波数,0,0,0,0,0,2026/01/03 15:00:03
翌々日,20260103,策定,関門連系線,2026/01/05,21:00,逆方向,-2438.604,0.0,0,-131.396,-2570,周波数,0,0,0,0,0,2026/01/03 15:00:03
翌々日,20260103,策定,関門連系線,2026/01/05,21:30,順方向,510.0,0.0,0,30.0,540,周波数,0,0,0,0,0,2026/01/03 15:00:03
翌々日,20260103,策定,関門連系線,2026/01/05,21:30,逆方向,-2520.0,0.0,0,0.0,-2520,周波数,0,0,0,0,0,2026/01/03 15:00:03
翌々日,20260103,策定,関門連系線,2026/01/05,22:00,順方向,510.0,0.0,0,30.0,540,周波数,0,0,0,0,0,2026/01/03 15:00:03
翌々日,20260103,策定,関門連系線,2026/01/05,22:00,逆方向,-2520.0,0.0,0,0.0,-2520,周波数,0,0,0,0,0,2026/01/03 15:00:03
翌々日,20260103,策定,関門連系線,2026/01/05,22:30,順方向,480.0,0.0,0,30.0,510,周波数,0,0,0,0,0,2026/01/03 15:00:03
翌々日,20260103,策定,関門連系線,2026/01/05,22:30,逆方向,-2380.0,0.0,0,0.0,-2380,周波数,0,0,0,0,0,2026/01/03 15:00:03
翌々日,20260103,策定,関門連系線,2026/01/05,23:00,順方向,460.0,0.0,0,30.0,490,周波数,0,0,0,0,0,2026/01/03 15:00:03
翌々日,20260103,策定,関門連系線,2026/01/05,23:00,逆方向,-2330.0,0.0,0,0.0,-2330,周波数,0,0,0,0,0,2026/01/03 15:00:03
翌々日,20260103,策定,関門連系線,2026/01/05,23:30,順方向,450.0,0.0,0,30.0,480,周波数,0,0,0,0,0,2026/01/03 15:00:03
翌々日,20260103,策定,関門連系線,2026/01/05,23:30,逆方向,-2290.0,0.0,0,0.0,-2290,周波数,0,0,0,0,0,2026/01/03 15:00:03
翌々日,20260103,策定,関門連系線,2026/01/05,24:00,順方向,440.0,0.0,0,30.0,470,周波数,0,0,0,0,0,2026/01/03 15:00:03
翌々日,20260103,策定,関門連系線,2026/01/05,24:00,逆方向,-2280.0,0.0,0,0.0,-2280,周波数,0,0,0,0,0,2026/01/03 15:00:03
翌々日,20260103,策定,北陸フェンス,2026/01/05,00:30,順方向,900.0,0.0,0,0.0,900,周波数,0,0,0,0,0,2026/01/03 15:00:03
翌々日,20260103,策定,北陸フェンス,2026/01/05,00:30,逆方向,-1900.0,0.0,0,0.0,-1900,安定度,0,0,0,0,0,2026/01/03 15:00:03
翌々日,20260103,策定,北陸フェンス,2026/01/05,01:00,順方向,900.0,0.0,0,0.0,900,周波数,0,0,0,0,0,2026/01/03 15:00:03
翌々日,20260103,策定,北陸フェンス,2026/01/05,01:00,逆方向,-1900.0,0.0,0,0.0,-1900,安定度,0,0,0,0,0,2026/01/03 15:00:03
翌々日,20260103,策定,北陸フェンス,2026/01/05,01:30,順方向,900.0,0.0,0,0.0,900,周波数,0,0,0,0,0,2026/01/03 15:00:03
翌々日,20260103,策定,北陸フェンス,2026/01/05,01:30,逆方向,-1900.0,0.0,0,0.0,-1900,安定度,0,0,0,0,0,2026/01/03 15:00:03
翌々日,20260103,策定,北陸フェンス,2026/01/05,02:00,順方向,900.0,0.0,0,0.0,900,周波数,0,0,0,0,0,2026/01/03 15:00:03
翌々日,20260103,策定,北陸フェンス,2026/01/05,02:00,逆方向,-1900.0,0.0,0,0.0,-1900,安定度,0,0,0,0,0,2026/01/03 15:00:03
翌々日,20260103,策定,北陸フェンス,2026/01/05,02:30,順方向,900.0,0.0,0,0.0,900,周波数,0,0,0,0,0,2026/01/03 15:00:03
翌々日,20260103,策定,北陸フェンス,2026/01/05,02:30,逆方向,-1900.0,0.0,0,0.0,-1900,安定度,0,0,0,0,0,2026/01/03 15:00:03
翌々日,20260103,策定,北陸フェンス,2026/01/05,03:00,順方向,900.0,0.0,0,0.0,900,周波数,0,0,0,0,0,2026/01/03 15:00:03
翌々日,20260103,策定,北陸フェンス,2026/01/05,03:00,逆方向,-1900.0,0.0,0,0.0,-1900,安定度,0,0,0,0,0,2026/01/03 15:00:03
翌々日,20260103,策定,北陸フェンス,2026/01/05,03:30,順方向,900.0,0.0,0,0.0,900,周波数,0,0,0,0,0,2026/01/03 15:00:03
翌々日,20260103,策定,北陸フェンス,2026/01/05,03:30,逆方向,-1900.0,0.0,0,0.0,-1900,安定度,0,0,0,0,0,2026/01/03 15:00:03
翌々日,20260103,策定,北陸フェンス,2026/01/05,04:00,順方向,900.0,0.0,0,0.0,900,周波数,0,0,0,0,0,2026/01/03 15:00:03
翌々日,20260103,策定,北陸フェンス,2026/01/05,04:00,逆方向,-1900.0,0.0,0,0.0,-1900,安定度,0,0,0,0,0,2026/01/03 15:00:03
翌々日,20260103,策定,北陸フェンス,2026/01/05,04:30,順方向,900.0,0.0,0,0.0,900,周波数,0,0,0,0,0,2026/01/03 15:00:03
翌々日,20260103,策定,北陸フェンス,2026/01/05,04:30,逆方向,-1900.0,0.0,0,0.0,-1900,安定度,0,0,0,0,0,2026/01/03 15:00:03
翌々日,20260103,策定,北陸フェンス,2026/01/05,05:00,順方向,900.0,0.0,0,0.0,900,周波数,0,0,0,0,0,2026/01/03 15:00:03
翌々日,20260103,策定,北陸フェンス,2026/01/05,05:00,逆方向,-1900.0,0.0,0,0.0,-1900,安定度,0,0,0,0,0,2026/01/03 15:00:03
翌々日,20260103,策定,北陸フェンス,2026/01/05,05:30,順方向,900.0,0.0,0,0.0,900,周波数,0,0,0,0,0,2026/01/03 15:00:03
翌々日,20260103,策定,北陸フェンス,2026/01/05,05:30,逆方向,-1900.0,0.0,0,0.0,-1900,安定度,0,0,0,0,0,2026/01/03 15:00:03
翌々日,20260103,策定,北陸フェンス,2026/01/05,06:00,順方向,900.0,0.0,0,0.0,900,周波数,0,0,0,0,0,2026/01/03 15:00:03
翌々日,20260103,策定,北陸フェンス,2026/01/05,06:00,逆方向,-1900.0,0.0,0,0.0,-1900,安定度,0,0,0,0,0,2026/01/03 15:00:03
翌々日,20260103,策定,北陸フェンス,2026/01/05,06:30,順方向,900.0,0.0,0,0.0,900,周波数,0,0,0,0,0,2026/01/03 15:00:03
翌々日,20260103,策定,北陸フェンス,2026/01/05,06:30,逆方向,-1893.0,0.0,0,-7.0,-1900,安定度,0,0,0,0,0,2026/01/03 15:00:03
翌々日,20260103,策定,北陸フェンス,2026/01/05,07:00,順方向,900.0,0.0,0,0.0,900,周波数,0,0,0,0,0,2026/01/03 15:00:03
翌々日,20260103,策定,北陸フェンス,2026/01/05,07:00,逆方向,-1893.0,0.0,0,-7.0,-1900,安定度,0,0,0,0,0,2026/01/03 15:00:03
翌々日,20260103,策定,北陸フェンス,2026/01/05,07:30,順方向,900.0,0.0,0,0.0,900,周波数,0,0,0,0,0,2026/01/03 15:00:03
翌々日,20260103,策定,北陸フェンス,2026/01/05,07:30,逆方向,-1893.0,0.0,0,-7.0,-1900,安定度,0,0,0,0,0,2026/01/03 15:00:03
翌々日,20260103,策定,北陸フェンス,2026/01/05,08:00,順方向,900.0,0.0,0,0.0,900,周波数,0,0,0,0,0,2026/01/03 15:00:03
翌々日,20260103,策定,北陸フェンス,2026/01/05,08:00,逆方向,-1893.0,0.0,0,-7.0,-1900,安定度,0,0,0,0,0,2026/01/03 15:00:03
翌々日,20260103,策定,北陸フェンス,2026/01/05,08:30,順方向,942.0,0.0,0,658.0,1600,周波数,0,0,0,0,0,2026/01/03 15:00:03
翌々日,20260103,策定,北陸フェンス,2026/01/05,08:30,逆方向,-1813.0,0.0,0,-7.0,-1820,周波数,0,0,0,0,0,2026/01/03 15:00:03
翌々日,20260103,策定,北陸フェンス,2026/01/05,09:00,順方向,942.0,0.0,0,658.0,1600,周波数,0,0,0,0,0,2026/01/03 15:00:03
翌々日,20260103,策定,北陸フェンス,2026/01/05,09:00,逆方向,-1813.0,0.0,0,-7.0,-1820,周波数,0,0,0,0,0,2026/01/03 15:00:03
翌々日,20260103,策定,北陸フェンス,2026/01/05,09:30,順方向,1039.0,0.0,0,561.0,1600,周波数,0,0,0,0,0,2026/01/03 15:00:03
翌々日,20260103,策定,北陸フェンス,2026/01/05,09:30,逆方向,-1820.0,0.0,0,0.0,-1820,周波数,0,0,0,0,0,2026/01/03 15:00:03
翌々日,20260103,策定,北陸フェンス,2026/01/05,10:00,順方向,1039.0,0.0,0,561.0,1600,周波数,0,0,0,0,0,2026/01/03 15:00:03
翌々日,20260103,策定,北陸フェンス,2026/01/05,10:00,逆方向,-1820.0,0.0,0,0.0,-1820,周波数,0,0,0,0,0,2026/01/03 15:00:03
翌々日,20260103,策定,北陸フェンス,2026/01/05,10:30,順方向,1039.0,0.0,0,561.0,1600,周波数,0,0,0,0,0,2026/01/03 15:00:03
翌々日,20260103,策定,北陸フェンス,2026/01/05,10:30,逆方向,-1820.0,0.0,0,0.0,-1820,周波数,0,0,0,0,0,2026/01/03 15:00:03
翌々日,20260103,策定,北陸フェンス,2026/01/05,11:00,順方向,1039.0,0.0,0,561.0,1600,周波数,0,0,0,0,0,2026/01/03 15:00:03
翌々日,20260103,策定,北陸フェンス,2026/01/05,11:00,逆方向,-1820.0,0.0,0,0.0,-1820,周波数,0,0,0,0,0,2026/01/03 15:00:03
翌々日,20260103,策定,北陸フェンス,2026/01/05,11:30,順方向,1039.0,0.0,0,561.0,1600,周波数,0,0,0,0,0,2026/01/03 15:00:03
翌々日,20260103,策定,北陸フェンス,2026/01/05,11:30,逆方向,-1820.0,0.0,0,0.0,-1820,周波数,0,0,0,0,0,2026/01/03 15:00:03
翌々日,20260103,策定,北陸フェンス,2026/01/05,12:00,順方向,1039.0,0.0,0,561.0,1600,周波数,0,0,0,0,0,2026/01/03 15:00:03
翌々日,20260103,策定,北陸フェンス,2026/01/05,12:00,逆方向,-1820.0,0.0,0,0.0,-1820,周波数,0,0,0,0,0,2026/01/03 15:00:03
翌々日,20260103,策定,北陸フェンス,2026/01/05,12:30,順方向,1023.0,0.0,0,577.0,1600,周波数,0,0,0,0,0,2026/01/03 15:00:03
翌々日,20260103,策定,北陸フェンス,2026/01/05,12:30,逆方向,-1811.0,0.0,0,-9.0,-1820,周波数,0,0,0,0,0,2026/01/03 15:00:03
翌々日,20260103,策定,北陸フェンス,2026/01/05,13:00,順方向,1023.0,0.0,0,577.0,1600,周波数,0,0,0,0,0,2026/01/03 15:00:03
翌々日,20260103,策定,北陸フェンス,2026/01/05,13:00,逆方向,-1811.0,0.0,0,-9.0,-1820,周波数,0,0,0,0,0,2026/01/03 15:00:03
翌々日,20260103,策定,北陸フェンス,2026/01/05,13:30,順方向,1023.0,0.0,0,577.0,1600,周波数,0,0,0,0,0,2026/01/03 15:00:03
翌々日,20260103,策定,北陸フェンス,2026/01/05,13:30,逆方向,-1811.0,0.0,0,-9.0,-1820,周波数,0,0,0,0,0,2026/01/03 15:00:03
翌々日,20260103,策定,北陸フェンス,2026/01/05,14:00,順方向,1023.0,0.0,0,577.0,1600,周波数,0,0,0,0,0,2026/01/03 15:00:03
翌々日,20260103,策定,北陸フェンス,2026/01/05,14:00,逆方向,-1811.0,0.0,0,-9.0,-1820,周波数,0,0,0,0,0,2026/01/03 15:00:03
翌々日,20260103,策定,北陸フェンス,2026/01/05,14:30,順方向,1023.0,0.0,0,577.0,1600,周波数,0,0,0,0,0,2026/01/03 15:00:03
翌々日,20260103,策定,北陸フェンス,2026/01/05,14:30,逆方向,-1811.0,0.0,0,-9.0,-1820,周波数,0,0,0,0,0,2026/01/03 15:00:03
翌々日,20260103,策定,北陸フェンス,2026/01/05,15:00,順方向,1023.0,0.0,0,577.0,1600,周波数,0,0,0,0,0,2026/01/03 15:00:03
翌々日,20260103,策定,北陸フェンス,2026/01/05,15:00,逆方向,-1811.0,0.0,0,-9.0,-1820,周波数,0,0,0,0,0,2026/01/03 15:00:03
翌々日,20260103,策定,北陸フェンス,2026/01/05,15:30,順方向,881.0,0.0,0,719.0,1600,周波数,0,0,0,0,0,2026/01/03 15:00:03
翌々日,20260103,策定,北陸フェンス,2026/01/05,15:30,逆方向,-1775.0,0.0,0,-45.0,-1820,周波数,0,0,0,0,0,2026/01/03 15:00:03
翌々日,20260103,策定,北陸フェンス,2026/01/05,16:00,順方向,881.0,0.0,0,719.0,1600,周波数,0,0,0,0,0,2026/01/03 15:00:03
翌々日,20260103,策定,北陸フェンス,2026/01/05,16:00,逆方向,-1775.0,0.0,0,-45.0,-1820,周波数,0,0,0,0,0,2026/01/03 15:00:03
翌々日,20260103,策定,北陸フェンス,2026/01/05,16:30,順方向,881.0,0.0,0,719.0,1600,周波数,0,0,0,0,0,2026/01/03 15:00:03
翌々日,20260103,策定,北陸フェンス,2026/01/05,16:30,逆方向,-1775.0,0.0,0,-45.0,-1820,周波数,0,0,0,0,0,2026/01/03 15:00:03
翌々日,20260103,策定,北陸フェンス,2026/01/05,17:00,順方向,881.0,0.0,0,719.0,1600,周波数,0,0,0,0,0,2026/01/03 15:00:03
翌々日,20260103,策定,北陸フェンス,2026/01/05,17:00,逆方向,-1775.0,0.0,0,-45.0,-1820,周波数,0,0,0,0,0,2026/01/03 15:00:03
翌々日,20260103,策定,北陸フェンス,2026/01/05,17:30,順方向,881.0,0.0,0,719.0,1600,周波数,0,0,0,0,0,2026/01/03 15:00:03
翌々日,20260103,策定,北陸フェンス,2026/01/05,17:30,逆方向,-1775.0,0.0,0,-45.0,-1820,周波数,0,0,0,0,0,2026/01/03 15:00:03
翌々日,20260103,策定,北陸フェンス,2026/01/05,18:00,順方向,881.0,0.0,0,719.0,1600,周波数,0,0,0,0,0,2026/01/03 15:00:03
翌々日,20260103,策定,北陸フェンス,2026/01/05,18:00,逆方向,-1775.0,0.0,0,-45.0,-1820,周波数,0,0,0,0,0,2026/01/03 15:00:03
翌々日,20260103,策定,北陸フェンス,2026/01/05,18:30,順方向,865.0,0.0,0,735.0,1600,周波数,0,0,0,0,0,2026/01/03 15:00:03
翌々日,20260103,策定,北陸フェンス,2026/01/05,18:30,逆方向,-1773.0,0.0,0,-47.0,-1820,周波数,0,0,0,0,0,2026/01/03 15:00:03
翌々日,20260103,策定,北陸フェンス,2026/01/05,19:00,順方向,865.0,0.0,0,735.0,1600,周波数,0,0,0,0,0,2026/01/03 15:00:03
翌々日,20260103,策定,北陸フェンス,2026/01/05,19:00,逆方向,-1773.0,0.0,0,-47.0,-1820,周波数,0,0,0,0,0,2026/01/03 15:00:03
翌々日,20260103,策定,北陸フェンス,2026/01/05,19:30,順方向,865.0,0.0,0,735.0,1600,周波数,0,0,0,0,0,2026/01/03 15:00:03
翌々日,20260103,策定,北陸フェンス,2026/01/05,19:30,逆方向,-1773.0,0.0,0,-47.0,-1820,周波数,0,0,0,0,0,2026/01/03 15:00:03
翌々日,20260103,策定,北陸フェンス,2026/01/05,20:00,順方向,865.0,0.0,0,735.0,1600,周波数,0,0,0,0,0,2026/01/03 15:00:03
翌々日,20260103,策定,北陸フェンス,2026/01/05,20:00,逆方向,-1773.0,0.0,0,-47.0,-1820,周波数,0,0,0,0,0,2026/01/03 15:00:03
翌々日,20260103,策定,北陸フェンス,2026/01/05,20:30,順方向,865.0,0.0,0,735.0,1600,周波数,0,0,0,0,0,2026/01/03 15:00:03
翌々日,20260103,策定,北陸フェンス,2026/01/05,20:30,逆方向,-1773.0,0.0,0,-47.0,-1820,周波数,0,0,0,0,0,2026/01/03 15:00:03
翌々日,20260103,策定,北陸フェンス,2026/01/05,21:00,順方向,865.0,0.0,0,735.0,1600,周波数,0,0,0,0,0,2026/01/03 15:00:03
翌々日,20260103,策定,北陸フェンス,2026/01/05,21:00,逆方向,-1773.0,0.0,0,-47.0,-1820,周波数,0,0,0,0,0,2026/01/03 15:00:03
翌々日,20260103,策定,北陸フェンス,2026/01/05,21:30,順方向,909.0,0.0,0,691.0,1600,周波数,0,0,0,0,0,2026/01/03 15:00:03
翌々日,20260103,策定,北陸フェンス,2026/01/05,21:30,逆方向,-1804.67,0.0,0,-15.33,-1820,周波数,0,0,0,0,0,2026/01/03 15:00:03
翌々日,20260103,策定,北陸フェンス,2026/01/05,22:00,順方向,909.0,0.0,0,691.0,1600,周波数,0,0,0,0,0,2026/01/03 15:00:03
翌々日,20260103,策定,北陸フェンス,2026/01/05,22:00,逆方向,-1804.67,0.0,0,-15.33,-1820,周波数,0,0,0,0,0,2026/01/03 15:00:03
翌々日,20260103,策定,北陸フェンス,2026/01/05,22:30,順方向,900.0,0.0,0,0.0,900,周波数,0,0,0,0,0,2026/01/03 15:00:03
翌々日,20260103,策定,北陸フェンス,2026/01/05,22:30,逆方向,-1884.67,0.0,0,-15.33,-1900,安定度,0,0,0,0,0,2026/01/03 15:00:03
翌々日,20260103,策定,北陸フェンス,2026/01/05,23:00,順方向,900.0,0.0,0,0.0,900,周波数,0,0,0,0,0,2026/01/03 15:00:03
翌々日,20260103,策定,北陸フェンス,2026/01/05,23:00,逆方向,-1884.67,0.0,0,-15.33,-1900,安定度,0,0,0,0,0,2026/01/03 15:00:03
翌々日,20260103,策定,北陸フェンス,2026/01/05,23:30,順方向,900.0,0.0,0,0.0,900,周波数,0,0,0,0,0,2026/01/03 15:00:03
翌々日,20260103,策定,北陸フェンス,2026/01/05,23:30,逆方向,-1884.67,0.0,0,-15.33,-1900,安定度,0,0,0,0,0,2026/01/03 15:00:03
翌々日,20260103,策定,北陸フェンス,2026/01/05,24:00,順方向,900.0,0.0,0,0.0,900,周波数,0,0,0,0,0,2026/01/03 15:00:03
翌々日,20260103,策定,北陸フェンス,2026/01/05,24:00,逆方向,-1884.67,0.0,0,-15.33,-1900,安定度,0,0,0,0,0,2026/01/03 15:00:03
翌日,20260102,策定,北海道・本州間電力連系設備,2026/01/03,00:30,順方向,690.0,-90.0,0,0.0,600,熱容量（作業）,0,0,0,0,0,2026/01/02 16:50:03
翌日,20260102,策定,北海道・本州間電力連系設備,2026/01/03,00:30,逆方向,0.0,-90.0,0,-510.0,-600,熱容量（作業）,0,0,0,0,0,2026/01/02 16:50:03
翌日,20260102,策定,北海道・本州間電力連系設備,2026/01/03,01:00,順方向,659.9,-59.9,0,0.0,600,熱容量（作業）,0,0,0,0,0,2026/01/02 16:50:03
翌日,20260102,策定,北海道・本州間電力連系設備,2026/01/03,01:00,逆方向,-30.1,-59.9,0,-510.0,-600,熱容量（作業）,0,0,0,0,0,2026/01/02 16:50:03
翌日,20260102,策定,北海道・本州間電力連系設備,2026/01/03,01:30,順方向,690.3,-90.3,0,0.0,600,熱容量（作業）,0,0,0,0,0,2026/01/02 16:50:03
翌日,20260102,策定,北海道・本州間電力連系設備,2026/01/03,01:30,逆方向,-9.7,-90.3,0,-500.0,-600,熱容量（作業）,0,0,0,0,0,2026/01/02 16:50:03
翌日,20260102,策定,北海道・本州間電力連系設備,2026/01/03,02:00,順方向,700.0,-100.0,0,0.0,600,熱容量（作業）,0,0,0,0,0,2026/01/02 16:50:03
翌日,20260102,策定,北海道・本州間電力連系設備,2026/01/03,02:00,逆方向,0.0,-100.0,0,-500.0,-600,熱容量（作業）,0,0,0,0,0,2026/01/02 16:50:03
翌日,20260102,策定,北海道・本州間電力連系設備,2026/01/03,02:30,順方向,710.0,-110.0,0,0.0,600,熱容量（作業）,0,0,0,0,0,2026/01/02 16:50:03
翌日,20260102,策定,北海道・本州間電力連系設備,2026/01/03,02:30,逆方向,0.0,-110.0,0,-490.0,-600,熱容量（作業）,0,0,0,0,0,2026/01/02 16:50:03
翌日,20260102,策定,北海道・本州間電力連系設備,2026/01/03,03:00,順方向,710.0,-110.0,0,0.0,600,熱容量（作業）,0,0,0,0,0,2026/01/02 16:50:03
翌日,20260102,策定,北海道・本州間電力連系設備,2026/01/03,03:00,逆方向,0.0,-110.0,0,-490.0,-600,熱容量（作業）,0,0,0,0,0,2026/01/02 16:50:03
翌日,20260102,策定,北海道・本州間電力連系設備,2026/01/03,03:30,順方向,720.0,-120.0,0,0.0,600,熱容量（作業）,0,0,0,0,0,2026/01/02 16:50:03
翌日,20260102,策定,北海道・本州間電力連系設備,2026/01/03,03:30,逆方向,0.0,-120.0,0,-480.0,-600,熱容量（作業）,0,0,0,0,0,2026/01/02 16:50:03
翌日,20260102,策定,北海道・本州間電力連系設備,2026/01/03,04:00,順方向,720.0,-120.0,0,0.0,600,熱容量（作業）,0,0,0,0,0,2026/01/02 16:50:03
翌日,20260102,策定,北海道・本州間電力連系設備,2026/01/03,04:00,逆方向,0.0,-120.0,0,-480.0,-600,熱容量（作業）,0,0,0,0,0,2026/01/02 16:50:03
翌日,20260102,策定,北海道・本州間電力連系設備,2026/01/03,04:30,順方向,720.0,-120.0,0,0.0,600,熱容量（作業）,0,0,0,0,0,2026/01/02 16:50:03
翌日,20260102,策定,北海道・本州間電力連系設備,2026/01/03,04:30,逆方向,0.0,-120.0,0,-480.0,-600,熱容量（作業）,0,0,0,0,0,2026/01/02 16:50:03
翌日,20260102,策定,北海道・本州間電力連系設備,2026/01/03,05:00,順方向,720.0,-120.0,0,0.0,600,熱容量（作業）,0,0,0,0,0,2026/01/02 16:50:03
翌日,20260102,策定,北海道・本州間電力連系設備,2026/01/03,05:00,逆方向,0.0,-120.0,0,-480.0,-600,熱容量（作業）,0,0,0,0,0,2026/01/02 16:50:03
翌日,20260102,策定,北海道・本州間電力連系設備,2026/01/03,05:30,順方向,710.0,-110.0,0,0.0,600,熱容量（作業）,0,0,0,0,0,2026/01/02 16:50:03
翌日,20260102,策定,北海道・本州間電力連系設備,2026/01/03,05:30,逆方向,0.0,-110.0,0,-490.0,-600,熱容量（作業）,0,0,0,0,0,2026/01/02 16:50:03
翌日,20260102,策定,北海道・本州間電力連系設備,2026/01/03,06:00,順方向,696.1,-96.1,0,0.0,600,熱容量（作業）,0,0,0,0,0,2026/01/02 16:50:03
翌日,20260102,策定,北海道・本州間電力連系設備,2026/01/03,06:00,逆方向,-13.9,-96.1,0,-490.0,-600,熱容量（作業）,0,0,0,0,0,2026/01/02 16:50:03
翌日,20260102,策定,北海道・本州間電力連系設備,2026/01/03,06:30,順方向,700.0,-100.0,0,0.0,600,熱容量（作業）,0,0,0,0,0,2026/01/02 16:50:03
翌日,20260102,策定,北海道・本州間電力連系設備,2026/01/03,06:30,逆方向,0.0,-100.0,0,-500.0,-600,熱容量（作業）,0,0,0,0,0,2026/01/02 16:50:03
翌日,20260102,策定,北海道・本州間電力連系設備,2026/01/03,07:00,順方向,700.0,-100.0,0,0.0,600,熱容量（作業）,0,0,0,0,0,2026/01/02 16:50:03
翌日,20260102,策定,北海道・本州間電力連系設備,2026/01/03,07:00,逆方向,0.0,-100.0,0,-500.0,-600,熱容量（作業）,0,0,0,0,0,2026/01/02 16:50:03
翌日,20260102,策定,北海道・本州間電力連系設備,2026/01/03,07:30,順方向,675.8,-82.8,0,7.0,600,熱容量（作業）,0,0,0,0,0,2026/01/02 16:50:03
翌日,20260102,策定,北海道・本州間電力連系設備,2026/01/03,07:30,逆方向,-7.2,-82.8,0,-510.0,-600,熱容量（作業）,0,0,0,0,0,2026/01/02 16:50:03
翌日,20260102,策定,北海道・本州間電力連系設備,2026/01/03,08:00,順方向,689.0,-90.0,0,1.0,600,熱容量（作業）,0,0,0,0,0,2026/01/02 16:50:03
翌日,20260102,策定,北海道・本州間電力連系設備,2026/01/03,08:00,逆方向,0.0,-90.0,0,-510.0,-600,熱容量（作業）,0,0,0,0,0,2026/01/02 16:50:03
翌日,20260102,策定,北海道・本州間電力連系設備,2026/01/03,08:30,順方向,615.9,-17.9,0,2.0,600,熱容量（作業）,0,0,0,0,0,2026/01/02 16:50:03
翌日,20260102,策定,北海道・本州間電力連系設備,2026/01/03,08:30,逆方向,-82.1,-17.9,0,-500.0,-600,熱容量（作業）,0,0,0,0,0,2026/01/02 16:50:03
翌日,20260102,策定,北海道・本州間電力連系設備,2026/01/03,09:00,順方向,562.8,37.2,0,0.0,600,熱容量（作業）,0,0,0,0,0,2026/01/02 16:50:03
翌日,20260102,策定,北海道・本州間電力連系設備,2026/01/03,09:00,逆方向,-137.2,37.2,0,-500.0,-600,熱容量（作業）,0,0,0,0,0,2026/01/02 16:50:03
翌日,20260102,策定,北海道・本州間電力連系設備,2026/01/03,09:30,順方向,523.2,76.8,0,0.0,600,熱容量（作業）,0,0,0,0,0,2026/01/02 16:50:03
翌日,20260102,策定,北海道・本州間電力連系設備,2026/01/03,09:30,逆方向,-166.8,76.8,0,-510.0,-600,熱容量（作業）,0,0,0,0,0,2026/01/02 16:50:03
翌日,20260102,策定,北海道・本州間電力連系設備,2026/01/03,10:00,順方向,690.0,-90.0,0,0.0,600,熱容量（作業）,0,0,0,0,0,2026/01/02 16:50:03
翌日,20260102,策定,北海道・本州間電力連系設備,2026/01/03,10:00,逆方向,0.0,-90.0,0,-510.0,-600,熱容量（作業）,0,0,0,0,0,2026/01/02 16:50:03
翌日,20260102,策定,北海道・本州間電力連系設備,2026/01/03,10:30,順方向,690.0,-90.0,0,0.0,600,熱容量（作業）,0,0,0,0,0,2026/01/02 16:50:03
翌日,20260102,策定,北海道・本州間電力連系設備,2026/01/03,10:30,逆方向,0.0,-90.0,0,-510.0,-600,熱容量（作業）,0,0,0,0,0,2026/01/02 16:50:03
翌日,20260102,策定,北海道・本州間電力連系設備,2026/01/03,11:00,順方向,635.5,-35.5,0,0.0,600,熱容量（作業）,0,0,0,0,0,2026/01/02 16:50:03
翌日,20260102,策定,北海道・本州間電力連系設備,2026/01/03,11:00,逆方向,-54.5,-35.5,0,-510.0,-600,熱容量（作業）,0,0,0,0,0,2026/01/02 16:50:03
翌日,20260102,策定,北海道・本州間電力連系設備,2026/01/03,11:30,順方向,690.0,-90.0,0,0.0,600,熱容量（作業）,0,0,0,0,0,2026/01/02 16:50:03
翌日,20260102,策定,北海道・本州間電力連系設備,2026/01/03,11:30,逆方向,0.0,-90.0,0,-510.0,-600,熱容量（作業）,0,0,0,0,0,2026/01/02 16:50:03
翌日,20260102,策定,北海道・本州間電力連系設備,2026/01/03,12:00,順方向,690.0,-90.0,0,0.0,600,熱容量（作業）,0,0,0,0,0,2026/01/02 16:50:03
翌日,20260102,策定,北海道・本州間電力連系設備,2026/01/03,12:00,逆方向,0.0,-90.0,0,-510.0,-600,熱容量（作業）,0,0,0,0,0,2026/01/02 16:50:03
翌日,20260102,策定,北海道・本州間電力連系設備,2026/01/03,12:30,順方向,680.0,-80.0,0,0.0,600,熱容量（作業）,0,0,0,0,0,2026/01/02 16:50:03
翌日,20260102,策定,北海道・本州間電力連系設備,2026/01/03,12:30,逆方向,0.0,-80.0,0,-520.0,-600,熱容量（作業）,0,0,0,0,0,2026/01/02 16:50:03
翌日,20260102,策定,北海道・本州間電力連系設備,2026/01/03,13:00,順方向,680.0,-80.0,0,0.0,600,熱容量（作業）,0,0,0,0,0,2026/01/02 16:50:03
翌日,20260102,策定,北海道・本州間電力連系設備,2026/01/03,13:00,逆方向,0.0,-80.0,0,-520.0,-600,熱容量（作業）,0,0,0,0,0,2026/01/02 16:50:03
翌日,20260102,策定,北海道・本州間電力連系設備,2026/01/03,13:30,順方向,680.0,-80.0,0,0.0,600,熱容量（作業）,0,0,0,0,0,2026/01/02 16:50:03
翌日,20260102,策定,北海道・本州間電力連系設備,2026/01/03,13:30,逆方向,0.0,-80.0,0,-520.0,-600,熱容量（作業）,0,0,0,0,0,2026/01/02 16:50:03
翌日,20260102,策定,北海道・本州間電力連系設備,2026/01/03,14:00,順方向,680.0,-80.0,0,0.0,600,熱容量（作業）,0,0,0,0,0,2026/01/02 16:50:03
翌日,20260102,策定,北海道・本州間電力連系設備,2026/01/03,14:00,逆方向,0.0,-80.0,0,-520.0,-600,熱容量（作業）,0,0,0,0,0,2026/01/02 16:50:03
翌日,20260102,策定,北海道・本州間電力連系設備,2026/01/03,14:30,順方向,680.0,-80.0,0,0.0,600,熱容量（作業）,0,0,0,0,0,2026/01/02 16:50:03
翌日,20260102,策定,北海道・本州間電力連系設備,2026/01/03,14:30,逆方向,0.0,-80.0,0,-520.0,-600,熱容量（作業）,0,0,0,0,0,2026/01/02 16:50:03
翌日,20260102,策定,北海道・本州間電力連系設備,2026/01/03,15:00,順方向,680.0,-80.0,0,0.0,600,熱容量（作業）,0,0,0,0,0,2026/01/02 16:50:03
翌日,20260102,策定,北海道・本州間電力連系設備,2026/01/03,15:00,逆方向,0.0,-80.0,0,-520.0,-600,熱容量（作業）,0,0,0,0,0,2026/01/02 16:50:03
翌日,20260102,策定,北海道・本州間電力連系設備,2026/01/03,15:30,順方向,633.2,-33.2,0,0.0,600,熱容量（作業）,0,0,0,0,0,2026/01/02 16:50:03
翌日,20260102,策定,北海道・本州間電力連系設備,2026/01/03,15:30,逆方向,-46.8,-33.2,0,-520.0,-600,熱容量（作業）,0,0,0,0,0,2026/01/02 16:50:03
翌日,20260102,策定,北海道・本州間電力連系設備,2026/01/03,16:00,順方向,621.4,-21.4,0,0.0,600,熱容量（作業）,0,0,0,0,0,2026/01/02 16:50:03
翌日,20260102,策定,北海道・本州間電力連系設備,2026/01/03,16:00,逆方向,-58.6,-21.4,0,-520.0,-600,熱容量（作業）,0,0,0,0,0,2026/01/02 16:50:03
翌日,20260102,策定,北海道・本州間電力連系設備,2026/01/03,16:30,順方向,629.8,-29.8,0,0.0,600,熱容量（作業）,0,0,0,0,0,2026/01/02 16:50:03
翌日,20260102,策定,北海道・本州間電力連系設備,2026/01/03,16:30,逆方向,-70.2,-29.8,0,-500.0,-600,熱容量（作業）,0,0,0,0,0,2026/01/02 16:50:03
翌日,20260102,策定,北海道・本州間電力連系設備,2026/01/03,17:00,順方向,644.3,-44.3,0,0.0,600,熱容量（作業）,0,0,0,0,0,2026/01/02 16:50:03
翌日,20260102,策定,北海道・本州間電力連系設備,2026/01/03,17:00,逆方向,-55.7,-44.3,0,-500.0,-600,熱容量（作業）,0,0,0,0,0,2026/01/02 16:50:03
翌日,20260102,策定,北海道・本州間電力連系設備,2026/01/03,17:30,順方向,637.8,-37.8,0,0.0,600,熱容量（作業）,0,0,0,0,0,2026/01/02 16:50:03
翌日,20260102,策定,北海道・本州間電力連系設備,2026/01/03,17:30,逆方向,-62.2,-37.8,0,-500.0,-600,熱容量（作業）,0,0,0,0,0,2026/01/02 16:50:03
翌日,20260102,策定,北海道・本州間電力連系設備,2026/01/03,18:00,順方向,639.3,-39.3,0,0.0,600,熱容量（作業）,0,0,0,0,0,2026/01/02 16:50:03
翌日,20260102,策定,北海道・本州間電力連系設備,2026/01/03,18:00,逆方向,-60.7,-39.3,0,-500.0,-600,熱容量（作業）,0,0,0,0,0,2026/01/02 16:50:03
翌日,20260102,策定,北海道・本州間電力連系設備,2026/01/03,18:30,順方向,661.5,-61.5,0,0.0,600,熱容量（作業）,0,0,0,0,0,2026/01/02 16:50:03
翌日,20260102,策定,北海道・本州間電力連系設備,2026/01/03,18:30,逆方向,-38.5,-61.5,0,-500.0,-600,熱容量（作業）,0,0,0,0,0,2026/01/02 16:50:03
翌日,20260102,策定,北海道・本州間電力連系設備,2026/01/03,19:00,順方向,649.5,-49.5,0,0.0,600,熱容量（作業）,0,0,0,0,0,2026/01/02 16:50:03
翌日,20260102,策定,北海道・本州間電力連系設備,2026/01/03,19:00,逆方向,-50.5,-49.5,0,-500.0,-600,熱容量（作業）,0,0,0,0,0,2026/01/02 16:50:03
翌日,20260102,策定,北海道・本州間電力連系設備,2026/01/03,19:30,順方向,635.9,-35.9,0,0.0,600,熱容量（作業）,0,0,0,0,0,2026/01/02 16:50:03
翌日,20260102,策定,北海道・本州間電力連系設備,2026/01/03,19:30,逆方向,-64.1,-35.9,0,-500.0,-600,熱容量（作業）,0,0,0,0,0,2026/01/02 16:50:03
翌日,20260102,策定,北海道・本州間電力連系設備,2026/01/03,20:00,順方向,638.1,-38.1,0,0.0,600,熱容量（作業）,0,0,0,0,0,2026/01/02 16:50:03
翌日,20260102,策定,北海道・本州間電力連系設備,2026/01/03,20:00,逆方向,-61.9,-38.1,0,-500.0,-600,熱容量（作業）,0,0,0,0,0,2026/01/02 16:50:03
翌日,20260102,策定,北海道・本州間電力連系設備,2026/01/03,20:30,順方向,590.0,10.0,0,0.0,600,熱容量（作業）,0,0,0,0,0,2026/01/02 16:50:03
翌日,20260102,策定,北海道・本州間電力連系設備,2026/01/03,20:30,逆方向,-110.0,10.0,0,-500.0,-600,熱容量（作業）,0,0,0,0,0,2026/01/02 16:50:03
翌日,20260102,策定,北海道・本州間電力連系設備,2026/01/03,21:00,順方向,559.4,40.6,0,0.0,600,熱容量（作業）,0,0,0,0,0,2026/01/02 16:50:03
翌日,20260102,策定,北海道・本州間電力連系設備,2026/01/03,21:00,逆方向,-140.6,40.6,0,-500.0,-600,熱容量（作業）,0,0,0,0,0,2026/01/02 16:50:03
翌日,20260102,策定,北海道・本州間電力連系設備,2026/01/03,21:30,順方向,516.7,83.3,0,0.0,600,熱容量（作業）,0,0,0,0,0,2026/01/02 16:50:03
翌日,20260102,策定,北海道・本州間電力連系設備,2026/01/03,21:30,逆方向,-183.3,83.3,0,-500.0,-600,熱容量（作業）,0,0,0,0,0,2026/01/02 16:50:03
翌日,20260102,策定,北海道・本州間電力連系設備,2026/01/03,22:00,順方向,551.4,48.6,0,0.0,600,熱容量（作業）,0,0,0,0,0,2026/01/02 16:50:03
翌日,20260102,策定,北海道・本州間電力連系設備,2026/01/03,22:00,逆方向,-148.6,48.6,0,-500.0,-600,熱容量（作業）,0,0,0,0,0,2026/01/02 16:50:03
翌日,20260102,策定,北海道・本州間電力連系設備,2026/01/03,22:30,順方向,544.8,55.2,0,0.0,600,熱容量（作業）,0,0,0,0,0,2026/01/02 16:50:03
翌日,20260102,策定,北海道・本州間電力連系設備,2026/01/03,22:30,逆方向,-145.2,55.2,0,-510.0,-600,熱容量（作業）,0,0,0,0,0,2026/01/02 16:50:03
翌日,20260102,策定,北海道・本州間電力連系設備,2026/01/03,23:00,順方向,540.3,59.7,0,0.0,600,熱容量（作業）,0,0,0,0,0,2026/01/02 16:50:03
翌日,20260102,策定,北海道・本州間電力連系設備,2026/01/03,23:00,逆方向,-149.7,59.7,0,-510.0,-600,熱容量（作業）,0,0,0,0,0,2026/01/02 16:50:03
翌日,20260102,策定,北海道・本州間電力連系設備,2026/01/03,23:30,順方向,570.8,29.2,0,0.0,600,熱容量（作業）,0,0,0,0,0,2026/01/02 16:50:03
翌日,20260102,策定,北海道・本州間電力連系設備,2026/01/03,23:30,逆方向,-119.2,29.2,0,-510.0,-600,熱容量（作業）,0,0,0,0,0,2026/01/02 16:50:03
翌日,20260102,策定,北海道・本州間電力連系設備,2026/01/03,24:00,順方向,621.4,-21.4,0,0.0,600,熱容量（作業）,0,0,0,0,0,2026/01/02 16:50:03
翌日,20260102,策定,北海道・本州間電力連系設備,2026/01/03,24:00,逆方向,-68.6,-21.4,0,-510.0,-600,熱容量（作業）,0,0,0,0,0,2026/01/02 16:50:03
翌日,20260102,策定,相馬双葉幹線,2026/01/03,00:30,順方向,1608.3,3051.7,0,0.0,4660,安定度,0,0,0,0,0,2026/01/02 16:50:03
翌日,20260102,策定,相馬双葉幹線,2026/01/03,00:30,逆方向,-5398.7,3051.7,0,-13.0,-2360,熱容量,0,0,0,0,0,2026/01/02 16:50:03
翌日,20260102,策定,相馬双葉幹線,2026/01/03,01:00,順方向,1598.2,3061.8,0,0.0,4660,安定度,0,0,0,0,0,2026/01/02 16:50:03
翌日,20260102,策定,相馬双葉幹線,2026/01/03,01:00,逆方向,-5407.8,3061.8,0,-14.0,-2360,熱容量,0,0,0,0,0,2026/01/02 16:50:03
翌日,20260102,策定,相馬双葉幹線,2026/01/03,01:30,順方向,1630.8,3029.2,0,0.0,4660,安定度,0,0,0,0,0,2026/01/02 16:50:03
翌日,20260102,策定,相馬双葉幹線,2026/01/03,01:30,逆方向,-5375.2,3029.2,0,-14.0,-2360,熱容量,0,0,0,0,0,2026/01/02 16:50:03
翌日,20260102,策定,相馬双葉幹線,2026/01/03,02:00,順方向,1650.6,3009.4,0,0.0,4660,安定度,0,0,0,0,0,2026/01/02 16:50:03
翌日,20260102,策定,相馬双葉幹線,2026/01/03,02:00,逆方向,-5355.4,3009.4,0,-14.0,-2360,熱容量,0,0,0,0,0,2026/01/02 16:50:03
翌日,20260102,策定,相馬双葉幹線,2026/01/03,02:30,順方向,1785.1,2874.9,0,0.0,4660,安定度,0,0,0,0,0,2026/01/02 16:50:03
翌日,20260102,策定,相馬双葉幹線,2026/01/03,02:30,逆方向,-5219.9,2874.9,0,-15.0,-2360,熱容量,0,0,0,0,0,2026/01/02 16:50:03
翌日,20260102,策定,相馬双葉幹線,2026/01/03,03:00,順方向,1776.6,2883.4,0,0.0,4660,安定度,0,0,0,0,0,2026/01/02 16:50:03
翌日,20260102,策定,相馬双葉幹線,2026/01/03,03:00,逆方向,-5227.4,2883.4,0,-16.0,-2360,熱容量,0,0,0,0,0,2026/01/02 16:50:03
翌日,20260102,策定,相馬双葉幹線,2026/01/03,03:30,順方向,1690.2,2969.8,0,0.0,4660,安定度,0,0,0,0,0,2026/01/02 16:50:03
翌日,20260102,策定,相馬双葉幹線,2026/01/03,03:30,逆方向,-5329.8,2969.8,0,0.0,-2360,熱容量,0,0,0,0,0,2026/01/02 16:50:03
翌日,20260102,策定,相馬双葉幹線,2026/01/03,04:00,順方向,1616.3,3043.7,0,0.0,4660,安定度,0,0,0,0,0,2026/01/02 16:50:03
翌日,20260102,策定,相馬双葉幹線,2026/01/03,04:00,逆方向,-5403.7,3043.7,0,0.0,-2360,熱容量,0,0,0,0,0,2026/01/02 16:50:03
翌日,20260102,策定,相馬双葉幹線,2026/01/03,04:30,順方向,1610.8,3049.2,0,0.0,4660,安定度,0,0,0,0,0,2026/01/02 16:50:03
翌日,20260102,策定,相馬双葉幹線,2026/01/03,04:30,逆方向,-5409.2,3049.2,0,0.0,-2360,熱容量,0,0,0,0,0,2026/01/02 16:50:03
翌日,20260102,策定,相馬双葉幹線,2026/01/03,05:00,順方向,1611.3,3048.7,0,0.0,4660,安定度,0,0,0,0,0,2026/01/02 16:50:03
翌日,20260102,策定,相馬双葉幹線,2026/01/03,05:00,逆方向,-5408.7,3048.7,0,0.0,-2360,熱容量,0,0,0,0,0,2026/01/02 16:50:03
翌日,20260102,策定,相馬双葉幹線,2026/01/03,05:30,順方向,1555.3,3104.7,0,0.0,4660,安定度,0,0,0,0,0,2026/01/02 16:50:03
翌日,20260102,策定,相馬双葉幹線,2026/01/03,05:30,逆方向,-5464.7,3104.7,0,0.0,-2360,熱容量,0,0,0,0,0,2026/01/02 16:50:03
翌日,20260102,策定,相馬双葉幹線,2026/01/03,06:00,順方向,1453.9,3206.1,0,0.0,4660,安定度,0,0,0,0,0,2026/01/02 16:50:03
翌日,20260102,策定,相馬双葉幹線,2026/01/03,06:00,逆方向,-5566.1,3206.1,0,0.0,-2360,熱容量,0,0,0,0,0,2026/01/02 16:50:03
翌日,20260102,策定,相馬双葉幹線,2026/01/03,06:30,順方向,1425.2,3234.8,0,0.0,4660,安定度,0,0,0,0,0,2026/01/02 16:50:03
翌日,20260102,策定,相馬双葉幹線,2026/01/03,06:30,逆方向,-5442.8,3234.8,0,-152.0,-2360,熱容量,0,0,0,0,0,2026/01/02 16:50:03
翌日,20260102,策定,相馬双葉幹線,2026/01/03,07:00,順方向,1300.7,3359.3,0,0.0,4660,安定度,0,0,0,0,0,2026/01/02 16:50:03
翌日,20260102,策定,相馬双葉幹線,2026/01/03,07:00,逆方向,-5567.3,3359.3,0,-152.0,-2360,熱容量,0,0,0,0,0,2026/01/02 16:50:03
翌日,20260102,策定,相馬双葉幹線,2026/01/03,07:30,順方向,1159.1,3500.9,0,0.0,4660,安定度,0,0,0,0,0,2026/01/02 16:50:03
翌日,20260102,策定,相馬双葉幹線,2026/01/03,07:30,逆方向,-5689.9,3500.9,0,-171.0,-2360,熱容量,0,0,0,0,0,2026/01/02 16:50:03
翌日,20260102,策定,相馬双葉幹線,2026/01/03,08:00,順方向,794.9,3865.1,0,0.0,4660,安定度,0,0,0,0,0,2026/01/02 16:50:03
翌日,20260102,策定,相馬双葉幹線,2026/01/03,08:00,逆方向,-5939.1,3865.1,0,-286.0,-2360,熱容量,0,0,0,0,0,2026/01/02 16:50:03
翌日,20260102,策定,相馬双葉幹線,2026/01/03,08:30,順方向,1297.7,3812.3,0,0.0,5110,安定度,0,0,0,0,0,2026/01/02 16:50:03
翌日,20260102,策定,相馬双葉幹線,2026/01/03,08:30,逆方向,-5868.3,3812.3,0,-304.0,-2360,熱容量,0,0,0,0,0,2026/01/02 16:50:03
翌日,20260102,策定,相馬双葉幹線,2026/01/03,09:00,順方向,983.0,4127.0,0,0.0,5110,安定度,0,0,0,0,0,2026/01/02 16:50:03
翌日,20260102,策定,相馬双葉幹線,2026/01/03,09:00,逆方向,-6125.0,4127.0,0,-362.0,-2360,熱容量,0,0,0,0,0,2026/01/02 16:50:03
翌日,20260102,策定,相馬双葉幹線,2026/01/03,09:30,順方向,577.6,4532.4,0,0.0,5110,安定度,0,0,0,0,0,2026/01/02 16:50:03
翌日,20260102,策定,相馬双葉幹線,2026/01/03,09:30,逆方向,-6559.4,4532.4,0,-333.0,-2360,熱容量,0,0,0,0,0,2026/01/02 16:50:03
翌日,20260102,策定,相馬双葉幹線,2026/01/03,10:00,順方向,519.5,4590.5,0,0.0,5110,安定度,0,0,0,0,0,2026/01/02 16:50:03
翌日,20260102,策定,相馬双葉幹線,2026/01/03,10:00,逆方向,-6598.5,4590.5,0,-352.0,-2360,熱容量,0,0,0,0,0,2026/01/02 16:50:03
翌日,20260102,策定,相馬双葉幹線,2026/01/03,10:30,順方向,910.5,4199.5,0,0.0,5110,安定度,0,0,0,0,0,2026/01/02 16:50:03
翌日,20260102,策定,相馬双葉幹線,2026/01/03,10:30,逆方向,-6082.5,4199.5,0,-477.0,-2360,熱容量,0,0,0,0,0,2026/01/02 16:50:03
翌日,20260102,策定,相馬双葉幹線,2026/01/03,11:00,順方向,1119.2,3990.8,0,0.0,5110,安定度,0,0,0,0,0,2026/01/02 16:50:03
翌日,20260102,策定,相馬双葉幹線,2026/01/03,11:00,逆方向,-5872.73,3990.8,0,-478.07,-2360,熱容量,0,0,0,0,0,2026/01/02 16:50:03
翌日,20260102,策定,相馬双葉幹線,2026/01/03,11:30,順方向,1100.6,4009.4,0,0.0,5110,安定度,0,0,0,0,0,2026/01/02 16:50:03
翌日,20260102,策定,相馬双葉幹線,2026/01/03,11:30,逆方向,-5895.33,4009.4,0,-474.07,-2360,熱容量,0,0,0,0,0,2026/01/02 16:50:03
翌日,20260102,策定,相馬双葉幹線,2026/01/03,12:00,順方向,894.9,4215.1,0,0.0,5110,安定度,0,0,0,0,0,2026/01/02 16:50:03
翌日,20260102,策定,相馬双葉幹線,2026/01/03,12:00,逆方向,-6102.03,4215.1,0,-473.07,-2360,熱容量,0,0,0,0,0,2026/01/02 16:50:03
翌日,20260102,策定,相馬双葉幹線,2026/01/03,12:30,順方向,1216.9,3893.1,0,0.0,5110,安定度,0,0,0,0,0,2026/01/02 16:50:03
翌日,20260102,策定,相馬双葉幹線,2026/01/03,12:30,逆方向,-5976.1,3893.1,0,-277.0,-2360,熱容量,0,0,0,0,0,2026/01/02 16:50:03
翌日,20260102,策定,相馬双葉幹線,2026/01/03,13:00,順方向,1237.1,3872.9,0,0.0,5110,安定度,0,0,0,0,0,2026/01/02 16:50:03
翌日,20260102,策定,相馬双葉幹線,2026/01/03,13:00,逆方向,-6008.93,3872.9,0,-223.97,-2360,熱容量,0,0,0,0,0,2026/01/02 16:50:03
翌日,20260102,策定,相馬双葉幹線,2026/01/03,13:30,順方向,954.7,4155.3,0,0.0,5110,安定度,0,0,0,0,0,2026/01/02 16:50:03
翌日,20260102,策定,相馬双葉幹線,2026/01/03,13:30,逆方向,-6290.3,4155.3,0,-225.0,-2360,熱容量,0,0,0,0,0,2026/01/02 16:50:03
翌日,20260102,策定,相馬双葉幹線,2026/01/03,14:00,順方向,996.8,4113.2,0,0.0,5110,安定度,0,0,0,0,0,2026/01/02 16:50:03
翌日,20260102,策定,相馬双葉幹線,2026/01/03,14:00,逆方向,-6269.2,4113.2,0,-204.0,-2360,熱容量,0,0,0,0,0,2026/01/02 16:50:03
翌日,20260102,策定,相馬双葉幹線,2026/01/03,14:30,順方向,1269.5,3840.5,0,0.0,5110,安定度,0,0,0,0,0,2026/01/02 16:50:03
翌日,20260102,策定,相馬双葉幹線,2026/01/03,14:30,逆方向,-6050.5,3840.5,0,-150.0,-2360,熱容量,0,0,0,0,0,2026/01/02 16:50:03
翌日,20260102,策定,相馬双葉幹線,2026/01/03,15:00,順方向,1760.1,3349.9,0,0.0,5110,安定度,0,0,0,0,0,2026/01/02 16:50:03
翌日,20260102,策定,相馬双葉幹線,2026/01/03,15:00,逆方向,-5611.9,3349.9,0,-98.0,-2360,熱容量,0,0,0,0,0,2026/01/02 16:50:03
翌日,20260102,策定,相馬双葉幹線,2026/01/03,15:30,順方向,1149.0,3961.0,0,0.0,5110,安定度,0,0,0,0,0,2026/01/02 16:50:03
翌日,20260102,策定,相馬双葉幹線,2026/01/03,15:30,逆方向,-6237.0,3961.0,0,-84.0,-2360,熱容量,0,0,0,0,0,2026/01/02 16:50:03
翌日,20260102,策定,相馬双葉幹線,2026/01/03,16:00,順方向,1175.47,3887.9,0,46.63,5110,安定度,0,0,0,0,0,2026/01/02 16:50:03
翌日,20260102,策定,相馬双葉幹線,2026/01/03,16:00,逆方向,-6179.9,3887.9,0,-68.0,-2360,熱容量,0,0,0,0,0,2026/01/02 16:50:03
翌日,20260102,策定,相馬双葉幹線,2026/01/03,16:30,順方向,1360.6,3749.4,0,0.0,5110,安定度,0,0,0,0,0,2026/01/02 16:50:03
翌日,20260102,策定,相馬双葉幹線,2026/01/03,16:30,逆方向,-6041.4,3749.4,0,-68.0,-2360,熱容量,0,0,0,0,0,2026/01/02 16:50:03
翌日,20260102,策定,相馬双葉幹線,2026/01/03,17:00,順方向,763.7,4346.3,0,0.0,5110,安定度,0,0,0,0,0,2026/01/02 16:50:03
翌日,20260102,策定,相馬双葉幹線,2026/01/03,17:00,逆方向,-6638.3,4346.3,0,-68.0,-2360,熱容量,0,0,0,0,0,2026/01/02 16:50:03
翌日,20260102,策定,相馬双葉幹線,2026/01/03,17:30,順方向,968.4,4141.6,0,0.0,5110,安定度,0,0,0,0,0,2026/01/02 16:50:03
翌日,20260102,策定,相馬双葉幹線,2026/01/03,17:30,逆方向,-6433.6,4141.6,0,-68.0,-2360,熱容量,0,0,0,0,0,2026/01/02 16:50:03
翌日,20260102,策定,相馬双葉幹線,2026/01/03,18:00,順方向,714.6,4395.4,0,0.0,5110,安定度,0,0,0,0,0,2026/01/02 16:50:03
翌日,20260102,策定,相馬双葉幹線,2026/01/03,18:00,逆方向,-6687.4,4395.4,0,-68.0,-2360,熱容量,0,0,0,0,0,2026/01/02 16:50:03
翌日,20260102,策定,相馬双葉幹線,2026/01/03,18:30,順方向,657.1,4452.9,0,0.0,5110,安定度,0,0,0,0,0,2026/01/02 16:50:03
翌日,20260102,策定,相馬双葉幹線,2026/01/03,18:30,逆方向,-6790.9,4452.9,0,-22.0,-2360,熱容量,0,0,0,0,0,2026/01/02 16:50:03
翌日,20260102,策定,相馬双葉幹線,2026/01/03,19:00,順方向,613.6,4496.4,0,0.0,5110,安定度,0,0,0,0,0,2026/01/02 16:50:03
翌日,20260102,策定,相馬双葉幹線,2026/01/03,19:00,逆方向,-6834.4,4496.4,0,-22.0,-2360,熱容量,0,0,0,0,0,2026/01/02 16:50:03
翌日,20260102,策定,相馬双葉幹線,2026/01/03,19:30,順方向,740.7,4369.3,0,0.0,5110,安定度,0,0,0,0,0,2026/01/02 16:50:03
翌日,20260102,策定,相馬双葉幹線,2026/01/03,19:30,逆方向,-6707.3,4369.3,0,-22.0,-2360,熱容量,0,0,0,0,0,2026/01/02 16:50:03
翌日,20260102,策定,相馬双葉幹線,2026/01/03,20:00,順方向,591.4,4518.6,0,0.0,5110,安定度,0,0,0,0,0,2026/01/02 16:50:03
翌日,20260102,策定,相馬双葉幹線,2026/01/03,20:00,逆方向,-6856.6,4518.6,0,-22.0,-2360,熱容量,0,0,0,0,0,2026/01/02 16:50:03
翌日,20260102,策定,相馬双葉幹線,2026/01/03,20:30,順方向,828.5,4281.5,0,0.0,5110,安定度,0,0,0,0,0,2026/01/02 16:50:03
翌日,20260102,策定,相馬双葉幹線,2026/01/03,20:30,逆方向,-6619.5,4281.5,0,-22.0,-2360,熱容量,0,0,0,0,0,2026/01/02 16:50:03
翌日,20260102,策定,相馬双葉幹線,2026/01/03,21:00,順方向,519.8,4590.2,0,0.0,5110,安定度,0,0,0,0,0,2026/01/02 16:50:03
翌日,20260102,策定,相馬双葉幹線,2026/01/03,21:00,逆方向,-6928.2,4590.2,0,-22.0,-2360,熱容量,0,0,0,0,0,2026/01/02 16:50:03
翌日,20260102,策定,相馬双葉幹線,2026/01/03,21:30,順方向,587.0,4523.0,0,0.0,5110,安定度,0,0,0,0,0,2026/01/02 16:50:03
翌日,20260102,策定,相馬双葉幹線,2026/01/03,21:30,逆方向,-6860.63,4523.0,0,-22.37,-2360,熱容量,0,0,0,0,0,2026/01/02 16:50:03
翌日,20260102,策定,相馬双葉幹線,2026/01/03,22:00,順方向,474.2,4635.8,0,0.0,5110,安定度,0,0,0,0,0,2026/01/02 16:50:03
翌日,20260102,策定,相馬双葉幹線,2026/01/03,22:00,逆方向,-6973.43,4635.8,0,-22.37,-2360,熱容量,0,0,0,0,0,2026/01/02 16:50:03
翌日,20260102,策定,相馬双葉幹線,2026/01/03,22:30,順方向,209.0,4451.0,0,0.0,4660,安定度,0,0,0,0,0,2026/01/02 16:50:03
翌日,20260102,策定,相馬双葉幹線,2026/01/03,22:30,逆方向,-6788.63,4451.0,0,-22.37,-2360,熱容量,0,0,0,0,0,2026/01/02 16:50:03
翌日,20260102,策定,相馬双葉幹線,2026/01/03,23:00,順方向,0.0,4660.0,0,0.0,4660,安定度,0,0,0,0,0,2026/01/02 16:50:03
翌日,20260102,策定,相馬双葉幹線,2026/01/03,23:00,逆方向,-6997.63,4660.0,0,-22.37,-2360,熱容量,0,0,0,0,0,2026/01/02 16:50:03
翌日,20260102,策定,相馬双葉幹線,2026/01/03,23:30,順方向,464.6,4195.4,0,0.0,4660,安定度,0,0,0,0,0,2026/01/02 16:50:03
翌日,20260102,策定,相馬双葉幹線,2026/01/03,23:30,逆方向,-6533.03,4195.4,0,-22.37,-2360,熱容量,0,0,0,0,0,2026/01/02 16:50:03
翌日,20260102,策定,相馬双葉幹線,2026/01/03,24:00,順方向,315.8,4344.2,0,0.0,4660,安定度,0,0,0,0,0,2026/01/02 16:50:03
翌日,20260102,策定,相馬双葉幹線,2026/01/03,24:00,逆方向,-6681.83,4344.2,0,-22.37,-2360,熱容量,0,0,0,0,0,2026/01/02 16:50:03
翌日,20260102,策定,周波数変換設備,2026/01/03,00:30,順方向,1894.1,-694.1,0,600.0,1800,熱容量（作業）,0,0,0,0,0,2026/01/02 16:50:03
翌日,20260102,策定,周波数変換設備,2026/01/03,00:30,逆方向,-505.9,-694.1,0,-600.0,-1800,熱容量（作業）,0,0,0,0,0,2026/01/02 16:50:03
翌日,20260102,策定,周波数変換設備,2026/01/03,01:00,順方向,1834.0,-634.0,0,600.0,1800,熱容量（作業）,0,0,0,0,0,2026/01/02 16:50:03
翌日,20260102,策定,周波数変換設備,2026/01/03,01:00,逆方向,-566.0,-634.0,0,-600.0,-1800,熱容量（作業）,0,0,0,0,0,2026/01/02 16:50:03
翌日,20260102,策定,周波数変換設備,2026/01/03,01:30,順方向,1702.7,-502.7,0,600.0,1800,熱容量（作業）,0,0,0,0,0,2026/01/02 16:50:03
翌日,20260102,策定,周波数変換設備,2026/01/03,01:30,逆方向,-697.3,-502.7,0,-600.0,-1800,熱容量（作業）,0,0,0,0,0,2026/01/02 16:50:03
翌日,20260102,策定,周波数変換設備,2026/01/03,02:00,順方向,1463.9,-263.9,0,600.0,1800,熱容量（作業）,0,0,0,0,0,2026/01/02 16:50:03
翌日,20260102,策定,周波数変換設備,2026/01/03,02:00,逆方向,-936.1,-263.9,0,-600.0,-1800,熱容量（作業）,0,0,0,0,0,2026/01/02 16:50:03
翌日,20260102,策定,周波数変換設備,2026/01/03,02:30,順方向,1503.7,-303.7,0,600.0,1800,熱容量（作業）,0,0,0,0,0,2026/01/02 16:50:03
翌日,20260102,策定,周波数変換設備,2026/01/03,02:30,逆方向,-896.3,-303.7,0,-600.0,-1800,熱容量（作業）,0,0,0,0,0,2026/01/02 16:50:03
翌日,20260102,策定,周波数変換設備,2026/01/03,03:00,順方向,1392.1,-192.1,0,600.0,1800,熱容量（作業）,0,0,0,0,0,2026/01/02 16:50:03
翌日,20260102,策定,周波数変換設備,2026/01/03,03:00,逆方向,-1007.9,-192.1,0,-600.0,-1800,熱容量（作業）,0,0,0,0,0,2026/01/02 16:50:03
翌日,20260102,策定,周波数変換設備,2026/01/03,03:30,順方向,1365.7,-165.7,0,600.0,1800,熱容量（作業）,0,0,0,0,0,2026/01/02 16:50:03
翌日,20260102,策定,周波数変換設備,2026/01/03,03:30,逆方向,-1034.3,-165.7,0,-600.0,-1800,熱容量（作業）,0,0,0,0,0,2026/01/02 16:50:03
翌日,20260102,策定,周波数変換設備,2026/01/03,04:00,順方向,1394.4,-194.4,0,600.0,1800,熱容量（作業）,0,0,0,0,0,2026/01/02 16:50:03
翌日,20260102,策定,周波数変換設備,2026/01/03,04:00,逆方向,-1005.6,-194.4,0,-600.0,-1800,熱容量（作業）,0,0,0,0,0,2026/01/02 16:50:03
翌日,20260102,策定,周波数変換設備,2026/01/03,04:30,順方向,1387.4,-187.4,0,600.0,1800,熱容量（作業）,0,0,0,0,0,2026/01/02 16:50:03
翌日,20260102,策定,周波数変換設備,2026/01/03,04:30,逆方向,-1012.6,-187.4,0,-600.0,-1800,熱容量（作業）,0,0,0,0,0,2026/01/02 16:50:03
翌日,20260102,策定,周波数変換設備,2026/01/03,05:00,順方向,1389.2,-189.2,0,600.0,1800,熱容量（作業）,0,0,0,0,0,2026/01/02 16:50:03
翌日,20260102,策定,周波数変換設備,2026/01/03,05:00,逆方向,-1010.8,-189.2,0,-600.0,-1800,熱容量（作業）,0,0,0,0,0,2026/01/02 16:50:03
翌日,20260102,策定,周波数変換設備,2026/01/03,05:30,順方向,1351.7,-151.7,0,600.0,1800,熱容量（作業）,0,0,0,0,0,2026/01/02 16:50:03
翌日,20260102,策定,周波数変換設備,2026/01/03,05:30,逆方向,-1048.3,-151.7,0,-600.0,-1800,熱容量（作業）,0,0,0,0,0,2026/01/02 16:50:03
翌日,20260102,策定,周波数変換設備,2026/01/03,06:00,順方向,1278.9,-78.9,0,600.0,1800,熱容量（作業）,0,0,0,0,0,2026/01/02 16:50:03
翌日,20260102,策定,周波数変換設備,2026/01/03,06:00,逆方向,-1121.1,-78.9,0,-600.0,-1800,熱容量（作業）,0,0,0,0,0,2026/01/02 16:50:03
翌日,20260102,策定,周波数変換設備,2026/01/03,06:30,順方向,1246.6,-46.6,0,600.0,1800,熱容量（作業）,0,0,0,0,0,2026/01/02 16:50:03
翌日,20260102,策定,周波数変換設備,2026/01/03,06:30,逆方向,-1153.4,-46.6,0,-600.0,-1800,熱容量（作業）,0,0,0,0,0,2026/01/02 16:50:03
翌日,20260102,策定,周波数変換設備,2026/01/03,07:00,順方向,1550.0,-350.0,0,600.0,1800,熱容量（作業）,0,0,0,0,0,2026/01/02 16:50:03
翌日,20260102,策定,周波数変換設備,2026/01/03,07:00,逆方向,-850.0,-350.0,0,-600.0,-1800,熱容量（作業）,0,0,0,0,0,2026/01/02 16:50:03
翌日,20260102,策定,周波数変換設備,2026/01/03,07:30,順方向,1711.7,-511.7,0,600.0,1800,熱容量（作業）,0,0,0,0,0,2026/01/02 16:50:03
翌日,20260102,策定,周波数変換設備,2026/01/03,07:30,逆方向,-688.3,-511.7,0,-600.0,-1800,熱容量（作業）,0,0,0,0,0,2026/01/02 16:50:03
翌日,20260102,策定,周波数変換設備,2026/01/03,08:00,順方向,1847.7,-647.7,0,600.0,1800,熱容量（作業）,0,0,0,0,0,2026/01/02 16:50:03
翌日,20260102,策定,周波数変換設備,2026/01/03,08:00,逆方向,-552.3,-647.7,0,-600.0,-1800,熱容量（作業）,0,0,0,0,0,2026/01/02 16:50:03
翌日,20260102,策定,周波数変換設備,2026/01/03,08:30,順方向,2096.4,-896.4,0,600.0,1800,熱容量（作業）,0,0,0,0,0,2026/01/02 16:50:03
翌日,20260102,策定,周波数変換設備,2026/01/03,08:30,逆方向,-303.6,-896.4,0,-600.0,-1800,熱容量（作業）,0,0,0,0,0,2026/01/02 16:50:03
翌日,20260102,策定,周波数変換設備,2026/01/03,09:00,順方向,2155.9,-955.9,0,600.0,1800,熱容量（作業）,0,0,0,0,0,2026/01/02 16:50:03
翌日,20260102,策定,周波数変換設備,2026/01/03,09:00,逆方向,-244.1,-955.9,0,-600.0,-1800,熱容量（作業）,0,0,0,0,0,2026/01/02 16:50:03
翌日,20260102,策定,周波数変換設備,2026/01/03,09:30,順方向,2287.0,-1200.0,0,713.0,1800,熱容量（作業）,0,0,0,0,0,2026/01/02 16:50:03
翌日,20260102,策定,周波数変換設備,2026/01/03,09:30,逆方向,0.0,-1200.0,0,-600.0,-1800,熱容量（作業）,0,0,0,0,0,2026/01/02 16:50:03
翌日,20260102,策定,周波数変換設備,2026/01/03,10:00,順方向,2282.0,-1200.0,0,718.0,1800,熱容量（作業）,0,0,0,0,0,2026/01/02 16:50:03
翌日,20260102,策定,周波数変換設備,2026/01/03,10:00,逆方向,0.0,-1200.0,0,-600.0,-1800,熱容量（作業）,0,0,0,0,0,2026/01/02 16:50:03
翌日,20260102,策定,周波数変換設備,2026/01/03,10:30,順方向,2390.93,-1200.0,0,609.07,1800,熱容量（作業）,0,0,0,0,0,2026/01/02 16:50:03
翌日,20260102,策定,周波数変換設備,2026/01/03,10:30,逆方向,0.0,-1200.0,0,-600.0,-1800,熱容量（作業）,0,0,0,0,0,2026/01/02 16:50:03
翌日,20260102,策定,周波数変換設備,2026/01/03,11:00,順方向,2400.0,-1200.0,0,600.0,1800,熱容量（作業）,0,0,0,0,0,2026/01/02 16:50:03
翌日,20260102,策定,周波数変換設備,2026/01/03,11:00,逆方向,0.0,-1200.0,0,-600.0,-1800,熱容量（作業）,0,0,0,0,0,2026/01/02 16:50:03
翌日,20260102,策定,周波数変換設備,2026/01/03,11:30,順方向,2400.0,-1200.0,0,600.0,1800,熱容量（作業）,0,0,0,0,0,2026/01/02 16:50:03
翌日,20260102,策定,周波数変換設備,2026/01/03,11:30,逆方向,0.0,-1200.0,0,-600.0,-1800,熱容量（作業）,0,0,0,0,0,2026/01/02 16:50:03
翌日,20260102,策定,周波数変換設備,2026/01/03,12:00,順方向,2400.0,-1200.0,0,600.0,1800,熱容量（作業）,0,0,0,0,0,2026/01/02 16:50:03
翌日,20260102,策定,周波数変換設備,2026/01/03,12:00,逆方向,0.0,-1200.0,0,-600.0,-1800,熱容量（作業）,0,0,0,0,0,2026/01/02 16:50:03
翌日,20260102,策定,周波数変換設備,2026/01/03,12:30,順方向,2172.4,-1104.4,0,732.0,1800,熱容量（作業）,0,0,0,0,0,2026/01/02 16:50:03
翌日,20260102,策定,周波数変換設備,2026/01/03,12:30,逆方向,-95.6,-1104.4,0,-600.0,-1800,熱容量（作業）,0,0,0,0,0,2026/01/02 16:50:03
翌日,20260102,策定,周波数変換設備,2026/01/03,13:00,順方向,2157.0,-1200.0,0,843.0,1800,熱容量（作業）,0,0,0,0,0,2026/01/02 16:50:03
翌日,20260102,策定,周波数変換設備,2026/01/03,13:00,逆方向,0.0,-1200.0,0,-600.0,-1800,熱容量（作業）,0,0,0,0,0,2026/01/02 16:50:03
翌日,20260102,策定,周波数変換設備,2026/01/03,13:30,順方向,2181.0,-1200.0,0,819.0,1800,熱容量（作業）,0,0,0,0,0,2026/01/02 16:50:03
翌日,20260102,策定,周波数変換設備,2026/01/03,13:30,逆方向,0.0,-1200.0,0,-600.0,-1800,熱容量（作業）,0,0,0,0,0,2026/01/02 16:50:03
翌日,20260102,策定,周波数変換設備,2026/01/03,14:00,順方向,2229.0,-1200.0,0,771.0,1800,熱容量（作業）,0,0,0,0,0,2026/01/02 16:50:03
翌日,20260102,策定,周波数変換設備,2026/01/03,14:00,逆方向,0.0,-1200.0,0,-600.0,-1800,熱容量（作業）,0,0,0,0,0,2026/01/02 16:50:03
翌日,20260102,策定,周波数変換設備,2026/01/03,14:30,順方向,2120.4,-1060.4,0,740.0,1800,熱容量（作業）,0,0,0,0,0,2026/01/02 16:50:03
翌日,20260102,策定,周波数変換設備,2026/01/03,14:30,逆方向,-139.6,-1060.4,0,-600.0,-1800,熱容量（作業）,0,0,0,0,0,2026/01/02 16:50:03
翌日,20260102,策定,周波数変換設備,2026/01/03,15:00,順方向,2257.4,-1188.4,0,731.0,1800,熱容量（作業）,0,0,0,0,0,2026/01/02 16:50:03
翌日,20260102,策定,周波数変換設備,2026/01/03,15:00,逆方向,-11.6,-1188.4,0,-600.0,-1800,熱容量（作業）,0,0,0,0,0,2026/01/02 16:50:03
翌日,20260102,策定,周波数変換設備,2026/01/03,15:30,順方向,2033.7,-833.7,0,600.0,1800,熱容量（作業）,0,0,0,0,0,2026/01/02 16:50:03
翌日,20260102,策定,周波数変換設備,2026/01/03,15:30,逆方向,-366.3,-833.7,0,-600.0,-1800,熱容量（作業）,0,0,0,0,0,2026/01/02 16:50:03
翌日,20260102,策定,周波数変換設備,2026/01/03,16:00,順方向,2104.2,-904.2,0,600.0,1800,熱容量（作業）,0,0,0,0,0,2026/01/02 16:50:03
翌日,20260102,策定,周波数変換設備,2026/01/03,16:00,逆方向,-295.8,-904.2,0,-600.0,-1800,熱容量（作業）,0,0,0,0,0,2026/01/02 16:50:03
翌日,20260102,策定,周波数変換設備,2026/01/03,16:30,順方向,2121.4,-921.4,0,600.0,1800,熱容量（作業）,0,0,0,0,0,2026/01/02 16:50:03
翌日,20260102,策定,周波数変換設備,2026/01/03,16:30,逆方向,-278.6,-921.4,0,-600.0,-1800,熱容量（作業）,0,0,0,0,0,2026/01/02 16:50:03
翌日,20260102,策定,周波数変換設備,2026/01/03,17:00,順方向,1911.7,-711.7,0,600.0,1800,熱容量（作業）,0,0,0,0,0,2026/01/02 16:50:03
翌日,20260102,策定,周波数変換設備,2026/01/03,17:00,逆方向,-488.3,-711.7,0,-600.0,-1800,熱容量（作業）,0,0,0,0,0,2026/01/02 16:50:03
翌日,20260102,策定,周波数変換設備,2026/01/03,17:30,順方向,2037.5,-837.5,0,600.0,1800,熱容量（作業）,0,0,0,0,0,2026/01/02 16:50:03
翌日,20260102,策定,周波数変換設備,2026/01/03,17:30,逆方向,-362.5,-837.5,0,-600.0,-1800,熱容量（作業）,0,0,0,0,0,2026/01/02 16:50:03
翌日,20260102,策定,周波数変換設備,2026/01/03,18:00,順方向,2148.5,-948.5,0,600.0,1800,熱容量（作業）,0,0,0,0,0,2026/01/02 16:50:03
翌日,20260102,策定,周波数変換設備,2026/01/03,18:00,逆方向,-251.5,-948.5,0,-600.0,-1800,熱容量（作業）,0,0,0,0,0,2026/01/02 16:50:03
翌日,20260102,策定,周波数変換設備,2026/01/03,18:30,順方向,2252.4,-1052.4,0,600.0,1800,熱容量（作業）,0,0,0,0,0,2026/01/02 16:50:03
翌日,20260102,策定,周波数変換設備,2026/01/03,18:30,逆方向,-147.6,-1052.4,0,-600.0,-1800,熱容量（作業）,0,0,0,0,0,2026/01/02 16:50:03
翌日,20260102,策定,周波数変換設備,2026/01/03,19:00,順方向,2039.6,-839.6,0,600.0,1800,熱容量（作業）,0,0,0,0,0,2026/01/02 16:50:03
翌日,20260102,策定,周波数変換設備,2026/01/03,19:00,逆方向,-360.4,-839.6,0,-600.0,-1800,熱容量（作業）,0,0,0,0,0,2026/01/02 16:50:03
翌日,20260102,策定,周波数変換設備,2026/01/03,19:30,順方向,2289.6,-1089.6,0,600.0,1800,熱容量（作業）,0,0,0,0,0,2026/01/02 16:50:03
翌日,20260102,策定,周波数変換設備,2026/01/03,19:30,逆方向,-110.4,-1089.6,0,-600.0,-1800,熱容量（作業）,0,0,0,0,0,2026/01/02 16:50:03
翌日,20260102,策定,周波数変換設備,2026/01/03,20:00,順方向,2204.0,-1004.0,0,600.0,1800,熱容量（作業）,0,0,0,0,0,2026/01/02 16:50:03
翌日,20260102,策定,周波数変換設備,2026/01/03,20:00,逆方向,-196.0,-1004.0,0,-600.0,-1800,熱容量（作業）,0,0,0,0,0,2026/01/02 16:50:03
翌日,20260102,策定,周波数変換設備,2026/01/03,20:30,順方向,2400.0,-1200.0,0,600.0,1800,熱容量（作業）,0,0,0,0,0,2026/01/02 16:50:03
翌日,20260102,策定,周波数変換設備,2026/01/03,20:30,逆方向,0.0,-1200.0,0,-600.0,-1800,熱容量（作業）,0,0,0,0,0,2026/01/02 16:50:03
翌日,20260102,策定,周波数変換設備,2026/01/03,21:00,順方向,2400.0,-1200.0,0,600.0,1800,熱容量（作業）,0,0,0,0,0,2026/01/02 16:50:03
翌日,20260102,策定,周波数変換設備,2026/01/03,21:00,逆方向,0.0,-1200.0,0,-600.0,-1800,熱容量（作業）,0,0,0,0,0,2026/01/02 16:50:03
翌日,20260102,策定,周波数変換設備,2026/01/03,21:30,順方向,2394.1,-1194.1,0,600.0,1800,熱容量（作業）,0,0,0,0,0,2026/01/02 16:50:03
翌日,20260102,策定,周波数変換設備,2026/01/03,21:30,逆方向,-5.9,-1194.1,0,-600.0,-1800,熱容量（作業）,0,0,0,0,0,2026/01/02 16:50:03
翌日,20260102,策定,周波数変換設備,2026/01/03,22:00,順方向,2026.2,-826.2,0,600.0,1800,熱容量（作業）,0,0,0,0,0,2026/01/02 16:50:03
翌日,20260102,策定,周波数変換設備,2026/01/03,22:00,逆方向,-373.8,-826.2,0,-600.0,-1800,熱容量（作業）,0,0,0,0,0,2026/01/02 16:50:03
翌日,20260102,策定,周波数変換設備,2026/01/03,22:30,順方向,1945.1,-745.1,0,600.0,1800,熱容量（作業）,0,0,0,0,0,2026/01/02 16:50:03
翌日,20260102,策定,周波数変換設備,2026/01/03,22:30,逆方向,-454.9,-745.1,0,-600.0,-1800,熱容量（作業）,0,0,0,0,0,2026/01/02 16:50:03
翌日,20260102,策定,周波数変換設備,2026/01/03,23:00,順方向,1558.6,-358.6,0,600.0,1800,熱容量（作業）,0,0,0,0,0,2026/01/02 16:50:03
翌日,20260102,策定,周波数変換設備,2026/01/03,23:00,逆方向,-841.4,-358.6,0,-600.0,-1800,熱容量（作業）,0,0,0,0,0,2026/01/02 16:50:03
翌日,20260102,策定,周波数変換設備,2026/01/03,23:30,順方向,2049.2,-849.2,0,600.0,1800,熱容量（作業）,0,0,0,0,0,2026/01/02 16:50:03
翌日,20260102,策定,周波数変換設備,2026/01/03,23:30,逆方向,-350.8,-849.2,0,-600.0,-1800,熱容量（作業）,0,0,0,0,0,2026/01/02 16:50:03
翌日,20260102,策定,周波数変換設備,2026/01/03,24:00,順方向,2156.2,-956.2,0,600.0,1800,熱容量（作業）,0,0,0,0,0,2026/01/02 16:50:03
翌日,20260102,策定,周波数変換設備,2026/01/03,24:00,逆方向,-243.8,-956.2,0,-600.0,-1800,熱容量（作業）,0,0,0,0,0,2026/01/02 16:50:03
翌日,20260102,策定,三重東近江線,2026/01/03,00:30,順方向,2952.863,-2000.0,0,107.137,1060,周波数,0,0,0,0,0,2026/01/02 16:50:03
翌日,20260102,策定,三重東近江線,2026/01/03,00:30,逆方向,0.0,-2000.0,0,0.0,-2000,周波数,0,0,0,0,0,2026/01/02 16:50:03
翌日,20260102,策定,三重東近江線,2026/01/03,01:00,順方向,2942.863,-2000.0,0,107.137,1050,周波数,0,0,0,0,0,2026/01/02 16:50:03
翌日,20260102,策定,三重東近江線,2026/01/03,01:00,逆方向,0.0,-2000.0,0,0.0,-2000,周波数,0,0,0,0,0,2026/01/02 16:50:03
翌日,20260102,策定,三重東近江線,2026/01/03,01:30,順方向,2942.863,-2000.0,0,107.137,1050,周波数,0,0,0,0,0,2026/01/02 16:50:03
翌日,20260102,策定,三重東近江線,2026/01/03,01:30,逆方向,0.0,-2000.0,0,0.0,-2000,周波数,0,0,0,0,0,2026/01/02 16:50:03
翌日,20260102,策定,三重東近江線,2026/01/03,02:00,順方向,2942.863,-2000.0,0,107.137,1050,周波数,0,0,0,0,0,2026/01/02 16:50:03
翌日,20260102,策定,三重東近江線,2026/01/03,02:00,逆方向,0.0,-2000.0,0,0.0,-2000,周波数,0,0,0,0,0,2026/01/02 16:50:03
翌日,20260102,策定,三重東近江線,2026/01/03,02:30,順方向,2962.863,-2000.0,0,107.137,1070,周波数,0,0,0,0,0,2026/01/02 16:50:03
翌日,20260102,策定,三重東近江線,2026/01/03,02:30,逆方向,0.0,-2000.0,0,0.0,-2000,周波数,0,0,0,0,0,2026/01/02 16:50:03
翌日,20260102,策定,三重東近江線,2026/01/03,03:00,順方向,2992.863,-2000.0,0,107.137,1100,周波数,0,0,0,0,0,2026/01/02 16:50:03
翌日,20260102,策定,三重東近江線,2026/01/03,03:00,逆方向,0.0,-2000.0,0,0.0,-2000,周波数,0,0,0,0,0,2026/01/02 16:50:03
翌日,20260102,策定,三重東近江線,2026/01/03,03:30,順方向,3009.699,-2000.0,0,110.301,1120,周波数,0,0,0,0,0,2026/01/02 16:50:03
翌日,20260102,策定,三重東近江線,2026/01/03,03:30,逆方向,0.0,-2000.0,0,0.0,-2000,周波数,0,0,0,0,0,2026/01/02 16:50:03
翌日,20260102,策定,三重東近江線,2026/01/03,04:00,順方向,3019.699,-2000.0,0,110.301,1130,周波数,0,0,0,0,0,2026/01/02 16:50:03
翌日,20260102,策定,三重東近江線,2026/01/03,04:00,逆方向,0.0,-2000.0,0,0.0,-2000,周波数,0,0,0,0,0,2026/01/02 16:50:03
翌日,20260102,策定,三重東近江線,2026/01/03,04:30,順方向,3019.699,-2000.0,0,110.301,1130,周波数,0,0,0,0,0,2026/01/02 16:50:03
翌日,20260102,策定,三重東近江線,2026/01/03,04:30,逆方向,0.0,-2000.0,0,0.0,-2000,周波数,0,0,0,0,0,2026/01/02 16:50:03
翌日,20260102,策定,三重東近江線,2026/01/03,05:00,順方向,2999.699,-2000.0,0,110.301,1110,周波数,0,0,0,0,0,2026/01/02 16:50:03
翌日,20260102,策定,三重東近江線,2026/01/03,05:00,逆方向,0.0,-2000.0,0,0.0,-2000,周波数,0,0,0,0,0,2026/01/02 16:50:03
翌日,20260102,策定,三重東近江線,2026/01/03,05:30,順方向,2979.699,-2000.0,0,110.301,1090,周波数,0,0,0,0,0,2026/01/02 16:50:03
翌日,20260102,策定,三重東近江線,2026/01/03,05:30,逆方向,0.0,-2000.0,0,0.0,-2000,周波数,0,0,0,0,0,2026/01/02 16:50:03
翌日,20260102,策定,三重東近江線,2026/01/03,06:00,順方向,2959.699,-2000.0,0,110.301,1070,周波数,0,0,0,0,0,2026/01/02 16:50:03
翌日,20260102,策定,三重東近江線,2026/01/03,06:00,逆方向,0.0,-2000.0,0,0.0,-2000,周波数,0,0,0,0,0,2026/01/02 16:50:03
翌日,20260102,策定,三重東近江線,2026/01/03,06:30,順方向,3060.0,-2000.0,0,0.0,1060,周波数,0,0,0,0,0,2026/01/02 16:50:03
翌日,20260102,策定,三重東近江線,2026/01/03,06:30,逆方向,0.0,-2000.0,0,0.0,-2000,周波数,0,0,0,0,0,2026/01/02 16:50:03
翌日,20260102,策定,三重東近江線,2026/01/03,07:00,順方向,3060.0,-2000.0,0,0.0,1060,周波数,0,0,0,0,0,2026/01/02 16:50:03
翌日,20260102,策定,三重東近江線,2026/01/03,07:00,逆方向,0.0,-2000.0,0,0.0,-2000,周波数,0,0,0,0,0,2026/01/02 16:50:03
翌日,20260102,策定,三重東近江線,2026/01/03,07:30,順方向,3070.0,-2000.0,0,0.0,1070,周波数,0,0,0,0,0,2026/01/02 16:50:03
翌日,20260102,策定,三重東近江線,2026/01/03,07:30,逆方向,0.0,-2000.0,0,0.0,-2000,周波数,0,0,0,0,0,2026/01/02 16:50:03
翌日,20260102,策定,三重東近江線,2026/01/03,08:00,順方向,3090.0,-2000.0,0,0.0,1090,周波数,0,0,0,0,0,2026/01/02 16:50:03
翌日,20260102,策定,三重東近江線,2026/01/03,08:00,逆方向,0.0,-2000.0,0,0.0,-2000,周波数,0,0,0,0,0,2026/01/02 16:50:03
翌日,20260102,策定,三重東近江線,2026/01/03,08:30,順方向,2999.553,-2000.0,0,10.447,1010,周波数,0,0,0,0,0,2026/01/02 16:50:03
翌日,20260102,策定,三重東近江線,2026/01/03,08:30,逆方向,0.0,-2000.0,0,0.0,-2000,周波数,0,0,0,0,0,2026/01/02 16:50:03
翌日,20260102,策定,三重東近江線,2026/01/03,09:00,順方向,2900.0,-2000.0,0,0.0,900,周波数,0,0,0,0,0,2026/01/02 16:50:03
翌日,20260102,策定,三重東近江線,2026/01/03,09:00,逆方向,0.0,-2000.0,0,0.0,-2000,周波数,0,0,0,0,0,2026/01/02 16:50:03
翌日,20260102,策定,三重東近江線,2026/01/03,09:30,順方向,2790.0,-2000.0,0,0.0,790,周波数,0,0,0,0,0,2026/01/02 16:50:03
翌日,20260102,策定,三重東近江線,2026/01/03,09:30,逆方向,0.0,-2000.0,0,0.0,-2000,周波数,0,0,0,0,0,2026/01/02 16:50:03
翌日,20260102,策定,三重東近江線,2026/01/03,10:00,順方向,2680.0,-2000.0,0,0.0,680,周波数,0,0,0,0,0,2026/01/02 16:50:03
翌日,20260102,策定,三重東近江線,2026/01/03,10:00,逆方向,0.0,-2000.0,0,0.0,-2000,周波数,0,0,0,0,0,2026/01/02 16:50:03
翌日,20260102,策定,三重東近江線,2026/01/03,10:30,順方向,2511.7,-1931.7,0,0.0,580,周波数,0,0,0,0,0,2026/01/02 16:50:03
翌日,20260102,策定,三重東近江線,2026/01/03,10:30,逆方向,-68.3,-1931.7,0,0.0,-2000,周波数,0,0,0,0,0,2026/01/02 16:50:03
翌日,20260102,策定,三重東近江線,2026/01/03,11:00,順方向,2255.3,-1725.3,0,0.0,530,周波数,0,0,0,0,0,2026/01/02 16:50:03
翌日,20260102,策定,三重東近江線,2026/01/03,11:00,逆方向,-274.7,-1725.3,0,0.0,-2000,周波数,0,0,0,0,0,2026/01/02 16:50:03
翌日,20260102,策定,三重東近江線,2026/01/03,11:30,順方向,2199.0,-1709.0,0,0.0,490,周波数,0,0,0,0,0,2026/01/02 16:50:03
翌日,20260102,策定,三重東近江線,2026/01/03,11:30,逆方向,-291.0,-1709.0,0,0.0,-2000,周波数,0,0,0,0,0,2026/01/02 16:50:03
翌日,20260102,策定,三重東近江線,2026/01/03,12:00,順方向,2136.0,-1676.0,0,0.0,460,周波数,0,0,0,0,0,2026/01/02 16:50:03
翌日,20260102,策定,三重東近江線,2026/01/03,12:00,逆方向,-324.0,-1676.0,0,0.0,-2000,周波数,0,0,0,0,0,2026/01/02 16:50:03
翌日,20260102,策定,三重東近江線,2026/01/03,12:30,順方向,2172.3,-1732.3,0,0.0,440,周波数,0,0,0,0,0,2026/01/02 16:50:03
翌日,20260102,策定,三重東近江線,2026/01/03,12:30,逆方向,-267.7,-1732.3,0,0.0,-2000,周波数,0,0,0,0,0,2026/01/02 16:50:03
翌日,20260102,策定,三重東近江線,2026/01/03,13:00,順方向,2431.4,-1991.4,0,0.0,440,周波数,0,0,0,0,0,2026/01/02 16:50:03
翌日,20260102,策定,三重東近江線,2026/01/03,13:00,逆方向,-8.6,-1991.4,0,0.0,-2000,周波数,0,0,0,0,0,2026/01/02 16:50:03
翌日,20260102,策定,三重東近江線,2026/01/03,13:30,順方向,2423.0,-1983.0,0,0.0,440,周波数,0,0,0,0,0,2026/01/02 16:50:03
翌日,20260102,策定,三重東近江線,2026/01/03,13:30,逆方向,-17.0,-1983.0,0,0.0,-2000,周波数,0,0,0,0,0,2026/01/02 16:50:03
翌日,20260102,策定,三重東近江線,2026/01/03,14:00,順方向,2440.0,-2000.0,0,0.0,440,周波数,0,0,0,0,0,2026/01/02 16:50:03
翌日,20260102,策定,三重東近江線,2026/01/03,14:00,逆方向,0.0,-2000.0,0,0.0,-2000,周波数,0,0,0,0,0,2026/01/02 16:50:03
翌日,20260102,策定,三重東近江線,2026/01/03,14:30,順方向,2480.0,-2000.0,0,0.0,480,周波数,0,0,0,0,0,2026/01/02 16:50:03
翌日,20260102,策定,三重東近江線,2026/01/03,14:30,逆方向,0.0,-2000.0,0,0.0,-2000,周波数,0,0,0,0,0,2026/01/02 16:50:03
翌日,20260102,策定,三重東近江線,2026/01/03,15:00,順方向,2520.0,-2000.0,0,0.0,520,周波数,0,0,0,0,0,2026/01/02 16:50:03
翌日,20260102,策定,三重東近江線,2026/01/03,15:00,逆方向,0.0,-2000.0,0,0.0,-2000,周波数,0,0,0,0,0,2026/01/02 16:50:03
翌日,20260102,策定,三重東近江線,2026/01/03,15:30,順方向,2620.0,-2000.0,0,0.0,620,周波数,0,0,0,0,0,2026/01/02 16:50:03
翌日,20260102,策定,三重東近江線,2026/01/03,15:30,逆方向,0.0,-2000.0,0,0.0,-2000,周波数,0,0,0,0,0,2026/01/02 16:50:03
翌日,20260102,策定,三重東近江線,2026/01/03,16:00,順方向,2720.0,-2000.0,0,0.0,720,周波数,0,0,0,0,0,2026/01/02 16:50:03
翌日,20260102,策定,三重東近江線,2026/01/03,16:00,逆方向,0.0,-2000.0,0,0.0,-2000,周波数,0,0,0,0,0,2026/01/02 16:50:03
翌日,20260102,策定,三重東近江線,2026/01/03,16:30,順方向,2840.0,-2000.0,0,0.0,840,周波数,0,0,0,0,0,2026/01/02 16:50:03
翌日,20260102,策定,三重東近江線,2026/01/03,16:30,逆方向,0.0,-2000.0,0,0.0,-2000,周波数,0,0,0,0,0,2026/01/02 16:50:03
翌日,20260102,策定,三重東近江線,2026/01/03,17:00,順方向,2960.0,-2000.0,0,0.0,960,周波数,0,0,0,0,0,2026/01/02 16:50:03
翌日,20260102,策定,三重東近江線,2026/01/03,17:00,逆方向,0.0,-2000.0,0,0.0,-2000,周波数,0,0,0,0,0,2026/01/02 16:50:03
翌日,20260102,策定,三重東近江線,2026/01/03,17:30,順方向,3080.0,-2000.0,0,0.0,1080,周波数,0,0,0,0,0,2026/01/02 16:50:03
翌日,20260102,策定,三重東近江線,2026/01/03,17:30,逆方向,0.0,-2000.0,0,0.0,-2000,周波数,0,0,0,0,0,2026/01/02 16:50:03
翌日,20260102,策定,三重東近江線,2026/01/03,18:00,順方向,3210.0,-2000.0,0,0.0,1210,周波数,0,0,0,0,0,2026/01/02 16:50:03
翌日,20260102,策定,三重東近江線,2026/01/03,18:00,逆方向,0.0,-2000.0,0,0.0,-2000,周波数,0,0,0,0,0,2026/01/02 16:50:03
翌日,20260102,策定,三重東近江線,2026/01/03,18:30,順方向,3240.0,-2000.0,0,0.0,1240,周波数,0,0,0,0,0,2026/01/02 16:50:03
翌日,20260102,策定,三重東近江線,2026/01/03,18:30,逆方向,0.0,-2000.0,0,0.0,-2000,周波数,0,0,0,0,0,2026/01/02 16:50:03
翌日,20260102,策定,三重東近江線,2026/01/03,19:00,順方向,3280.0,-2000.0,0,0.0,1280,周波数,0,0,0,0,0,2026/01/02 16:50:03
翌日,20260102,策定,三重東近江線,2026/01/03,19:00,逆方向,0.0,-2000.0,0,0.0,-2000,周波数,0,0,0,0,0,2026/01/02 16:50:03
翌日,20260102,策定,三重東近江線,2026/01/03,19:30,順方向,3280.0,-2000.0,0,0.0,1280,周波数,0,0,0,0,0,2026/01/02 16:50:03
翌日,20260102,策定,三重東近江線,2026/01/03,19:30,逆方向,0.0,-2000.0,0,0.0,-2000,周波数,0,0,0,0,0,2026/01/02 16:50:03
翌日,20260102,策定,三重東近江線,2026/01/03,20:00,順方向,3280.0,-2000.0,0,0.0,1280,周波数,0,0,0,0,0,2026/01/02 16:50:03
翌日,20260102,策定,三重東近江線,2026/01/03,20:00,逆方向,0.0,-2000.0,0,0.0,-2000,周波数,0,0,0,0,0,2026/01/02 16:50:03
翌日,20260102,策定,三重東近江線,2026/01/03,20:30,順方向,3280.0,-2000.0,0,0.0,1280,周波数,0,0,0,0,0,2026/01/02 16:50:03
翌日,20260102,策定,三重東近江線,2026/01/03,20:30,逆方向,0.0,-2000.0,0,0.0,-2000,周波数,0,0,0,0,0,2026/01/02 16:50:03
翌日,20260102,策定,三重東近江線,2026/01/03,21:00,順方向,3260.0,-2000.0,0,0.0,1260,周波数,0,0,0,0,0,2026/01/02 16:50:03
翌日,20260102,策定,三重東近江線,2026/01/03,21:00,逆方向,0.0,-2000.0,0,0.0,-2000,周波数,0,0,0,0,0,2026/01/02 16:50:03
翌日,20260102,策定,三重東近江線,2026/01/03,21:30,順方向,3202.37,-2000.0,0,37.63,1240,周波数,0,0,0,0,0,2026/01/02 16:50:03
翌日,20260102,策定,三重東近江線,2026/01/03,21:30,逆方向,0.0,-2000.0,0,0.0,-2000,周波数,0,0,0,0,0,2026/01/02 16:50:03
翌日,20260102,策定,三重東近江線,2026/01/03,22:00,順方向,3202.37,-2000.0,0,37.63,1240,周波数,0,0,0,0,0,2026/01/02 16:50:03
翌日,20260102,策定,三重東近江線,2026/01/03,22:00,逆方向,0.0,-2000.0,0,0.0,-2000,周波数,0,0,0,0,0,2026/01/02 16:50:03
翌日,20260102,策定,三重東近江線,2026/01/03,22:30,順方向,3142.37,-2000.0,0,37.63,1180,周波数,0,0,0,0,0,2026/01/02 16:50:03
翌日,20260102,策定,三重東近江線,2026/01/03,22:30,逆方向,0.0,-2000.0,0,0.0,-2000,周波数,0,0,0,0,0,2026/01/02 16:50:03
翌日,20260102,策定,三重東近江線,2026/01/03,23:00,順方向,3112.37,-2000.0,0,37.63,1150,周波数,0,0,0,0,0,2026/01/02 16:50:03
翌日,20260102,策定,三重東近江線,2026/01/03,23:00,逆方向,0.0,-2000.0,0,0.0,-2000,周波数,0,0,0,0,0,2026/01/02 16:50:03
翌日,20260102,策定,三重東近江線,2026/01/03,23:30,順方向,3092.37,-2000.0,0,37.63,1130,周波数,0,0,0,0,0,2026/01/02 16:50:03
翌日,20260102,策定,三重東近江線,2026/01/03,23:30,逆方向,0.0,-2000.0,0,0.0,-2000,周波数,0,0,0,0,0,2026/01/02 16:50:03
翌日,20260102,策定,三重東近江線,2026/01/03,24:00,順方向,3052.37,-2000.0,0,37.63,1090,周波数,0,0,0,0,0,2026/01/02 16:50:03
翌日,20260102,策定,三重東近江線,2026/01/03,24:00,逆方向,0.0,-2000.0,0,0.0,-2000,周波数,0,0,0,0,0,2026/01/02 16:50:03
翌日,20260102,策定,南福光連系所・南福光変電所の連系設備,2026/01/03,00:30,順方向,600.0,-300.0,0,0.0,300,熱容量,0,0,0,0,0,2026/01/02 16:50:03
翌日,20260102,策定,南福光連系所・南福光変電所の連系設備,2026/01/03,00:30,逆方向,0.0,-300.0,0,0.0,-300,熱容量,0,0,0,0,0,2026/01/02 16:50:03
翌日,20260102,策定,南福光連系所・南福光変電所の連系設備,2026/01/03,01:00,順方向,600.0,-300.0,0,0.0,300,熱容量,0,0,0,0,0,2026/01/02 16:50:03
翌日,20260102,策定,南福光連系所・南福光変電所の連系設備,2026/01/03,01:00,逆方向,0.0,-300.0,0,0.0,-300,熱容量,0,0,0,0,0,2026/01/02 16:50:03
翌日,20260102,策定,南福光連系所・南福光変電所の連系設備,2026/01/03,01:30,順方向,600.0,-300.0,0,0.0,300,熱容量,0,0,0,0,0,2026/01/02 16:50:03
翌日,20260102,策定,南福光連系所・南福光変電所の連系設備,2026/01/03,01:30,逆方向,0.0,-300.0,0,0.0,-300,熱容量,0,0,0,0,0,2026/01/02 16:50:03
翌日,20260102,策定,南福光連系所・南福光変電所の連系設備,2026/01/03,02:00,順方向,600.0,-300.0,0,0.0,300,熱容量,0,0,0,0,0,2026/01/02 16:50:03
翌日,20260102,策定,南福光連系所・南福光変電所の連系設備,2026/01/03,02:00,逆方向,0.0,-300.0,0,0.0,-300,熱容量,0,0,0,0,0,2026/01/02 16:50:03
翌日,20260102,策定,南福光連系所・南福光変電所の連系設備,2026/01/03,02:30,順方向,600.0,-300.0,0,0.0,300,熱容量,0,0,0,0,0,2026/01/02 16:50:03
翌日,20260102,策定,南福光連系所・南福光変電所の連系設備,2026/01/03,02:30,逆方向,0.0,-300.0,0,0.0,-300,熱容量,0,0,0,0,0,2026/01/02 16:50:03
翌日,20260102,策定,南福光連系所・南福光変電所の連系設備,2026/01/03,03:00,順方向,600.0,-300.0,0,0.0,300,熱容量,0,0,0,0,0,2026/01/02 16:50:03
翌日,20260102,策定,南福光連系所・南福光変電所の連系設備,2026/01/03,03:00,逆方向,0.0,-300.0,0,0.0,-300,熱容量,0,0,0,0,0,2026/01/02 16:50:03
翌日,20260102,策定,南福光連系所・南福光変電所の連系設備,2026/01/03,03:30,順方向,600.0,-300.0,0,0.0,300,熱容量,0,0,0,0,0,2026/01/02 16:50:03
翌日,20260102,策定,南福光連系所・南福光変電所の連系設備,2026/01/03,03:30,逆方向,0.0,-300.0,0,0.0,-300,熱容量,0,0,0,0,0,2026/01/02 16:50:03
翌日,20260102,策定,南福光連系所・南福光変電所の連系設備,2026/01/03,04:00,順方向,600.0,-300.0,0,0.0,300,熱容量,0,0,0,0,0,2026/01/02 16:50:03
翌日,20260102,策定,南福光連系所・南福光変電所の連系設備,2026/01/03,04:00,逆方向,0.0,-300.0,0,0.0,-300,熱容量,0,0,0,0,0,2026/01/02 16:50:03
翌日,20260102,策定,南福光連系所・南福光変電所の連系設備,2026/01/03,04:30,順方向,600.0,-300.0,0,0.0,300,熱容量,0,0,0,0,0,2026/01/02 16:50:03
翌日,20260102,策定,南福光連系所・南福光変電所の連系設備,2026/01/03,04:30,逆方向,0.0,-300.0,0,0.0,-300,熱容量,0,0,0,0,0,2026/01/02 16:50:03
翌日,20260102,策定,南福光連系所・南福光変電所の連系設備,2026/01/03,05:00,順方向,600.0,-300.0,0,0.0,300,熱容量,0,0,0,0,0,2026/01/02 16:50:03
翌日,20260102,策定,南福光連系所・南福光変電所の連系設備,2026/01/03,05:00,逆方向,0.0,-300.0,0,0.0,-300,熱容量,0,0,0,0,0,2026/01/02 16:50:03
翌日,20260102,策定,南福光連系所・南福光変電所の連系設備,2026/01/03,05:30,順方向,600.0,-300.0,0,0.0,300,熱容量,0,0,0,0,0,2026/01/02 16:50:03
翌日,20260102,策定,南福光連系所・南福光変電所の連系設備,2026/01/03,05:30,逆方向,0.0,-300.0,0,0.0,-300,熱容量,0,0,0,0,0,2026/01/02 16:50:03
翌日,20260102,策定,南福光連系所・南福光変電所の連系設備,2026/01/03,06:00,順方向,600.0,-300.0,0,0.0,300,熱容量,0,0,0,0,0,2026/01/02 16:50:03
翌日,20260102,策定,南福光連系所・南福光変電所の連系設備,2026/01/03,06:00,逆方向,0.0,-300.0,0,0.0,-300,熱容量,0,0,0,0,0,2026/01/02 16:50:03
翌日,20260102,策定,南福光連系所・南福光変電所の連系設備,2026/01/03,06:30,順方向,600.0,-300.0,0,0.0,300,熱容量,0,0,0,0,0,2026/01/02 16:50:03
翌日,20260102,策定,南福光連系所・南福光変電所の連系設備,2026/01/03,06:30,逆方向,0.0,-300.0,0,0.0,-300,熱容量,0,0,0,0,0,2026/01/02 16:50:03
翌日,20260102,策定,南福光連系所・南福光変電所の連系設備,2026/01/03,07:00,順方向,600.0,-300.0,0,0.0,300,熱容量,0,0,0,0,0,2026/01/02 16:50:03
翌日,20260102,策定,南福光連系所・南福光変電所の連系設備,2026/01/03,07:00,逆方向,0.0,-300.0,0,0.0,-300,熱容量,0,0,0,0,0,2026/01/02 16:50:03
翌日,20260102,策定,南福光連系所・南福光変電所の連系設備,2026/01/03,07:30,順方向,600.0,-300.0,0,0.0,300,熱容量,0,0,0,0,0,2026/01/02 16:50:03
翌日,20260102,策定,南福光連系所・南福光変電所の連系設備,2026/01/03,07:30,逆方向,0.0,-300.0,0,0.0,-300,熱容量,0,0,0,0,0,2026/01/02 16:50:03
翌日,20260102,策定,南福光連系所・南福光変電所の連系設備,2026/01/03,08:00,順方向,600.0,-300.0,0,0.0,300,熱容量,0,0,0,0,0,2026/01/02 16:50:03
翌日,20260102,策定,南福光連系所・南福光変電所の連系設備,2026/01/03,08:00,逆方向,0.0,-300.0,0,0.0,-300,熱容量,0,0,0,0,0,2026/01/02 16:50:03
翌日,20260102,策定,南福光連系所・南福光変電所の連系設備,2026/01/03,08:30,順方向,549.1,-249.1,0,0.0,300,熱容量,0,0,0,0,0,2026/01/02 16:50:03
翌日,20260102,策定,南福光連系所・南福光変電所の連系設備,2026/01/03,08:30,逆方向,-50.9,-249.1,0,0.0,-300,熱容量,0,0,0,0,0,2026/01/02 16:50:03
翌日,20260102,策定,南福光連系所・南福光変電所の連系設備,2026/01/03,09:00,順方向,577.8,-277.8,0,0.0,300,熱容量,0,0,0,0,0,2026/01/02 16:50:03
翌日,20260102,策定,南福光連系所・南福光変電所の連系設備,2026/01/03,09:00,逆方向,-22.2,-277.8,0,0.0,-300,熱容量,0,0,0,0,0,2026/01/02 16:50:03
翌日,20260102,策定,南福光連系所・南福光変電所の連系設備,2026/01/03,09:30,順方向,580.7,-280.7,0,0.0,300,熱容量,0,0,0,0,0,2026/01/02 16:50:03
翌日,20260102,策定,南福光連系所・南福光変電所の連系設備,2026/01/03,09:30,逆方向,-19.3,-280.7,0,0.0,-300,熱容量,0,0,0,0,0,2026/01/02 16:50:03
翌日,20260102,策定,南福光連系所・南福光変電所の連系設備,2026/01/03,10:00,順方向,581.3,-281.3,0,0.0,300,熱容量,0,0,0,0,0,2026/01/02 16:50:03
翌日,20260102,策定,南福光連系所・南福光変電所の連系設備,2026/01/03,10:00,逆方向,-18.7,-281.3,0,0.0,-300,熱容量,0,0,0,0,0,2026/01/02 16:50:03
翌日,20260102,策定,南福光連系所・南福光変電所の連系設備,2026/01/03,10:30,順方向,300.0,0.0,0,0.0,300,熱容量,0,0,0,0,0,2026/01/02 16:50:03
翌日,20260102,策定,南福光連系所・南福光変電所の連系設備,2026/01/03,10:30,逆方向,-300.0,0.0,0,0.0,-300,熱容量,0,0,0,0,0,2026/01/02 16:50:03
翌日,20260102,策定,南福光連系所・南福光変電所の連系設備,2026/01/03,11:00,順方向,300.0,0.0,0,0.0,300,熱容量,0,0,0,0,0,2026/01/02 16:50:03
翌日,20260102,策定,南福光連系所・南福光変電所の連系設備,2026/01/03,11:00,逆方向,-300.0,0.0,0,0.0,-300,熱容量,0,0,0,0,0,2026/01/02 16:50:03
翌日,20260102,策定,南福光連系所・南福光変電所の連系設備,2026/01/03,11:30,順方向,300.0,0.0,0,0.0,300,熱容量,0,0,0,0,0,2026/01/02 16:50:03
翌日,20260102,策定,南福光連系所・南福光変電所の連系設備,2026/01/03,11:30,逆方向,-300.0,0.0,0,0.0,-300,熱容量,0,0,0,0,0,2026/01/02 16:50:03
翌日,20260102,策定,南福光連系所・南福光変電所の連系設備,2026/01/03,12:00,順方向,300.0,0.0,0,0.0,300,熱容量,0,0,0,0,0,2026/01/02 16:50:03
翌日,20260102,策定,南福光連系所・南福光変電所の連系設備,2026/01/03,12:00,逆方向,-300.0,0.0,0,0.0,-300,熱容量,0,0,0,0,0,2026/01/02 16:50:03
翌日,20260102,策定,南福光連系所・南福光変電所の連系設備,2026/01/03,12:30,順方向,300.0,0.0,0,0.0,300,熱容量,0,0,0,0,0,2026/01/02 16:50:03
翌日,20260102,策定,南福光連系所・南福光変電所の連系設備,2026/01/03,12:30,逆方向,-300.0,0.0,0,0.0,-300,熱容量,0,0,0,0,0,2026/01/02 16:50:03
翌日,20260102,策定,南福光連系所・南福光変電所の連系設備,2026/01/03,13:00,順方向,300.0,0.0,0,0.0,300,熱容量,0,0,0,0,0,2026/01/02 16:50:03
翌日,20260102,策定,南福光連系所・南福光変電所の連系設備,2026/01/03,13:00,逆方向,-300.0,0.0,0,0.0,-300,熱容量,0,0,0,0,0,2026/01/02 16:50:03
翌日,20260102,策定,南福光連系所・南福光変電所の連系設備,2026/01/03,13:30,順方向,330.0,-30.0,0,0.0,300,熱容量,0,0,0,0,0,2026/01/02 16:50:03
翌日,20260102,策定,南福光連系所・南福光変電所の連系設備,2026/01/03,13:30,逆方向,-270.0,-30.0,0,0.0,-300,熱容量,0,0,0,0,0,2026/01/02 16:50:03
翌日,20260102,策定,南福光連系所・南福光変電所の連系設備,2026/01/03,14:00,順方向,488.6,-188.6,0,0.0,300,熱容量,0,0,0,0,0,2026/01/02 16:50:03
翌日,20260102,策定,南福光連系所・南福光変電所の連系設備,2026/01/03,14:00,逆方向,-111.4,-188.6,0,0.0,-300,熱容量,0,0,0,0,0,2026/01/02 16:50:03
翌日,20260102,策定,南福光連系所・南福光変電所の連系設備,2026/01/03,14:30,順方向,600.0,-300.0,0,0.0,300,熱容量,0,0,0,0,0,2026/01/02 16:50:03
翌日,20260102,策定,南福光連系所・南福光変電所の連系設備,2026/01/03,14:30,逆方向,0.0,-300.0,0,0.0,-300,熱容量,0,0,0,0,0,2026/01/02 16:50:03
翌日,20260102,策定,南福光連系所・南福光変電所の連系設備,2026/01/03,15:00,順方向,600.0,-300.0,0,0.0,300,熱容量,0,0,0,0,0,2026/01/02 16:50:03
翌日,20260102,策定,南福光連系所・南福光変電所の連系設備,2026/01/03,15:00,逆方向,0.0,-300.0,0,0.0,-300,熱容量,0,0,0,0,0,2026/01/02 16:50:03
翌日,20260102,策定,南福光連系所・南福光変電所の連系設備,2026/01/03,15:30,順方向,600.0,-300.0,0,0.0,300,熱容量,0,0,0,0,0,2026/01/02 16:50:03
翌日,20260102,策定,南福光連系所・南福光変電所の連系設備,2026/01/03,15:30,逆方向,0.0,-300.0,0,0.0,-300,熱容量,0,0,0,0,0,2026/01/02 16:50:03
翌日,20260102,策定,南福光連系所・南福光変電所の連系設備,2026/01/03,16:00,順方向,600.0,-300.0,0,0.0,300,熱容量,0,0,0,0,0,2026/01/02 16:50:03
翌日,20260102,策定,南福光連系所・南福光変電所の連系設備,2026/01/03,16:00,逆方向,0.0,-300.0,0,0.0,-300,熱容量,0,0,0,0,0,2026/01/02 16:50:03
翌日,20260102,策定,南福光連系所・南福光変電所の連系設備,2026/01/03,16:30,順方向,600.0,-300.0,0,0.0,300,熱容量,0,0,0,0,0,2026/01/02 16:50:03
翌日,20260102,策定,南福光連系所・南福光変電所の連系設備,2026/01/03,16:30,逆方向,0.0,-300.0,0,0.0,-300,熱容量,0,0,0,0,0,2026/01/02 16:50:03
翌日,20260102,策定,南福光連系所・南福光変電所の連系設備,2026/01/03,17:00,順方向,600.0,-300.0,0,0.0,300,熱容量,0,0,0,0,0,2026/01/02 16:50:03
翌日,20260102,策定,南福光連系所・南福光変電所の連系設備,2026/01/03,17:00,逆方向,0.0,-300.0,0,0.0,-300,熱容量,0,0,0,0,0,2026/01/02 16:50:03
翌日,20260102,策定,南福光連系所・南福光変電所の連系設備,2026/01/03,17:30,順方向,600.0,-300.0,0,0.0,300,熱容量,0,0,0,0,0,2026/01/02 16:50:03
翌日,20260102,策定,南福光連系所・南福光変電所の連系設備,2026/01/03,17:30,逆方向,0.0,-300.0,0,0.0,-300,熱容量,0,0,0,0,0,2026/01/02 16:50:03
翌日,20260102,策定,南福光連系所・南福光変電所の連系設備,2026/01/03,18:00,順方向,300.0,0.0,0,0.0,300,熱容量,0,0,0,0,0,2026/01/02 16:50:03
翌日,20260102,策定,南福光連系所・南福光変電所の連系設備,2026/01/03,18:00,逆方向,-300.0,0.0,0,0.0,-300,熱容量,0,0,0,0,0,2026/01/02 16:50:03
翌日,20260102,策定,南福光連系所・南福光変電所の連系設備,2026/01/03,18:30,順方向,600.0,-300.0,0,0.0,300,熱容量,0,0,0,0,0,2026/01/02 16:50:03
翌日,20260102,策定,南福光連系所・南福光変電所の連系設備,2026/01/03,18:30,逆方向,0.0,-300.0,0,0.0,-300,熱容量,0,0,0,0,0,2026/01/02 16:50:03
翌日,20260102,策定,南福光連系所・南福光変電所の連系設備,2026/01/03,19:00,順方向,600.0,-300.0,0,0.0,300,熱容量,0,0,0,0,0,2026/01/02 16:50:03
翌日,20260102,策定,南福光連系所・南福光変電所の連系設備,2026/01/03,19:00,逆方向,0.0,-300.0,0,0.0,-300,熱容量,0,0,0,0,0,2026/01/02 16:50:03
翌日,20260102,策定,南福光連系所・南福光変電所の連系設備,2026/01/03,19:30,順方向,600.0,-300.0,0,0.0,300,熱容量,0,0,0,0,0,2026/01/02 16:50:03
翌日,20260102,策定,南福光連系所・南福光変電所の連系設備,2026/01/03,19:30,逆方向,0.0,-300.0,0,0.0,-300,熱容量,0,0,0,0,0,2026/01/02 16:50:03
翌日,20260102,策定,南福光連系所・南福光変電所の連系設備,2026/01/03,20:00,順方向,600.0,-300.0,0,0.0,300,熱容量,0,0,0,0,0,2026/01/02 16:50:03
翌日,20260102,策定,南福光連系所・南福光変電所の連系設備,2026/01/03,20:00,逆方向,0.0,-300.0,0,0.0,-300,熱容量,0,0,0,0,0,2026/01/02 16:50:03
翌日,20260102,策定,南福光連系所・南福光変電所の連系設備,2026/01/03,20:30,順方向,600.0,-300.0,0,0.0,300,熱容量,0,0,0,0,0,2026/01/02 16:50:03
翌日,20260102,策定,南福光連系所・南福光変電所の連系設備,2026/01/03,20:30,逆方向,0.0,-300.0,0,0.0,-300,熱容量,0,0,0,0,0,2026/01/02 16:50:03
翌日,20260102,策定,南福光連系所・南福光変電所の連系設備,2026/01/03,21:00,順方向,600.0,-300.0,0,0.0,300,熱容量,0,0,0,0,0,2026/01/02 16:50:03
翌日,20260102,策定,南福光連系所・南福光変電所の連系設備,2026/01/03,21:00,逆方向,0.0,-300.0,0,0.0,-300,熱容量,0,0,0,0,0,2026/01/02 16:50:03
翌日,20260102,策定,南福光連系所・南福光変電所の連系設備,2026/01/03,21:30,順方向,600.0,-300.0,0,0.0,300,熱容量,0,0,0,0,0,2026/01/02 16:50:03
翌日,20260102,策定,南福光連系所・南福光変電所の連系設備,2026/01/03,21:30,逆方向,0.0,-300.0,0,0.0,-300,熱容量,0,0,0,0,0,2026/01/02 16:50:03
翌日,20260102,策定,南福光連系所・南福光変電所の連系設備,2026/01/03,22:00,順方向,600.0,-300.0,0,0.0,300,熱容量,0,0,0,0,0,2026/01/02 16:50:03
翌日,20260102,策定,南福光連系所・南福光変電所の連系設備,2026/01/03,22:00,逆方向,0.0,-300.0,0,0.0,-300,熱容量,0,0,0,0,0,2026/01/02 16:50:03
翌日,20260102,策定,南福光連系所・南福光変電所の連系設備,2026/01/03,22:30,順方向,541.4,-241.4,0,0.0,300,熱容量,0,0,0,0,0,2026/01/02 16:50:03
翌日,20260102,策定,南福光連系所・南福光変電所の連系設備,2026/01/03,22:30,逆方向,-58.6,-241.4,0,0.0,-300,熱容量,0,0,0,0,0,2026/01/02 16:50:03
翌日,20260102,策定,南福光連系所・南福光変電所の連系設備,2026/01/03,23:00,順方向,600.0,-300.0,0,0.0,300,熱容量,0,0,0,0,0,2026/01/02 16:50:03
翌日,20260102,策定,南福光連系所・南福光変電所の連系設備,2026/01/03,23:00,逆方向,0.0,-300.0,0,0.0,-300,熱容量,0,0,0,0,0,2026/01/02 16:50:03
翌日,20260102,策定,南福光連系所・南福光変電所の連系設備,2026/01/03,23:30,順方向,600.0,-300.0,0,0.0,300,熱容量,0,0,0,0,0,2026/01/02 16:50:03
翌日,20260102,策定,南福光連系所・南福光変電所の連系設備,2026/01/03,23:30,逆方向,0.0,-300.0,0,0.0,-300,熱容量,0,0,0,0,0,2026/01/02 16:50:03
翌日,20260102,策定,南福光連系所・南福光変電所の連系設備,2026/01/03,24:00,順方向,600.0,-300.0,0,0.0,300,熱容量,0,0,0,0,0,2026/01/02 16:50:03
翌日,20260102,策定,南福光連系所・南福光変電所の連系設備,2026/01/03,24:00,逆方向,0.0,-300.0,0,0.0,-300,熱容量,0,0,0,0,0,2026/01/02 16:50:03
翌日,20260102,策定,越前嶺南線,2026/01/03,00:30,順方向,2800.0,-900.0,0,0.0,1900,安定度,0,0,0,0,0,2026/01/02 16:50:03
翌日,20260102,策定,越前嶺南線,2026/01/03,00:30,逆方向,0.0,-900.0,0,0.0,-900,周波数,0,0,0,0,0,2026/01/02 16:50:03
翌日,20260102,策定,越前嶺南線,2026/01/03,01:00,順方向,2800.0,-900.0,0,0.0,1900,安定度,0,0,0,0,0,2026/01/02 16:50:03
翌日,20260102,策定,越前嶺南線,2026/01/03,01:00,逆方向,0.0,-900.0,0,0.0,-900,周波数,0,0,0,0,0,2026/01/02 16:50:03
翌日,20260102,策定,越前嶺南線,2026/01/03,01:30,順方向,2800.0,-900.0,0,0.0,1900,安定度,0,0,0,0,0,2026/01/02 16:50:03
翌日,20260102,策定,越前嶺南線,2026/01/03,01:30,逆方向,0.0,-900.0,0,0.0,-900,周波数,0,0,0,0,0,2026/01/02 16:50:03
翌日,20260102,策定,越前嶺南線,2026/01/03,02:00,順方向,2800.0,-900.0,0,0.0,1900,安定度,0,0,0,0,0,2026/01/02 16:50:03
翌日,20260102,策定,越前嶺南線,2026/01/03,02:00,逆方向,0.0,-900.0,0,0.0,-900,周波数,0,0,0,0,0,2026/01/02 16:50:03
翌日,20260102,策定,越前嶺南線,2026/01/03,02:30,順方向,2800.0,-900.0,0,0.0,1900,安定度,0,0,0,0,0,2026/01/02 16:50:03
翌日,20260102,策定,越前嶺南線,2026/01/03,02:30,逆方向,0.0,-900.0,0,0.0,-900,周波数,0,0,0,0,0,2026/01/02 16:50:03
翌日,20260102,策定,越前嶺南線,2026/01/03,03:00,順方向,2800.0,-900.0,0,0.0,1900,安定度,0,0,0,0,0,2026/01/02 16:50:03
翌日,20260102,策定,越前嶺南線,2026/01/03,03:00,逆方向,0.0,-900.0,0,0.0,-900,周波数,0,0,0,0,0,2026/01/02 16:50:03
翌日,20260102,策定,越前嶺南線,2026/01/03,03:30,順方向,2800.0,-900.0,0,0.0,1900,安定度,0,0,0,0,0,2026/01/02 16:50:03
翌日,20260102,策定,越前嶺南線,2026/01/03,03:30,逆方向,0.0,-900.0,0,0.0,-900,周波数,0,0,0,0,0,2026/01/02 16:50:03
翌日,20260102,策定,越前嶺南線,2026/01/03,04:00,順方向,2800.0,-900.0,0,0.0,1900,安定度,0,0,0,0,0,2026/01/02 16:50:03
翌日,20260102,策定,越前嶺南線,2026/01/03,04:00,逆方向,0.0,-900.0,0,0.0,-900,周波数,0,0,0,0,0,2026/01/02 16:50:03
翌日,20260102,策定,越前嶺南線,2026/01/03,04:30,順方向,2800.0,-900.0,0,0.0,1900,安定度,0,0,0,0,0,2026/01/02 16:50:03
翌日,20260102,策定,越前嶺南線,2026/01/03,04:30,逆方向,0.0,-900.0,0,0.0,-900,周波数,0,0,0,0,0,2026/01/02 16:50:03
翌日,20260102,策定,越前嶺南線,2026/01/03,05:00,順方向,2800.0,-900.0,0,0.0,1900,安定度,0,0,0,0,0,2026/01/02 16:50:03
翌日,20260102,策定,越前嶺南線,2026/01/03,05:00,逆方向,0.0,-900.0,0,0.0,-900,周波数,0,0,0,0,0,2026/01/02 16:50:03
翌日,20260102,策定,越前嶺南線,2026/01/03,05:30,順方向,2786.3,-886.3,0,0.0,1900,安定度,0,0,0,0,0,2026/01/02 16:50:03
翌日,20260102,策定,越前嶺南線,2026/01/03,05:30,逆方向,-13.7,-886.3,0,0.0,-900,周波数,0,0,0,0,0,2026/01/02 16:50:03
翌日,20260102,策定,越前嶺南線,2026/01/03,06:00,順方向,2729.7,-829.7,0,0.0,1900,安定度,0,0,0,0,0,2026/01/02 16:50:03
翌日,20260102,策定,越前嶺南線,2026/01/03,06:00,逆方向,-70.3,-829.7,0,0.0,-900,周波数,0,0,0,0,0,2026/01/02 16:50:03
翌日,20260102,策定,越前嶺南線,2026/01/03,06:30,順方向,2707.9,-814.9,0,7.0,1900,安定度,0,0,0,0,0,2026/01/02 16:50:03
翌日,20260102,策定,越前嶺南線,2026/01/03,06:30,逆方向,-85.1,-814.9,0,0.0,-900,周波数,0,0,0,0,0,2026/01/02 16:50:03
翌日,20260102,策定,越前嶺南線,2026/01/03,07:00,順方向,2677.8,-784.8,0,7.0,1900,安定度,0,0,0,0,0,2026/01/02 16:50:03
翌日,20260102,策定,越前嶺南線,2026/01/03,07:00,逆方向,-115.2,-784.8,0,0.0,-900,周波数,0,0,0,0,0,2026/01/02 16:50:03
翌日,20260102,策定,越前嶺南線,2026/01/03,07:30,順方向,2689.0,-796.0,0,7.0,1900,安定度,0,0,0,0,0,2026/01/02 16:50:03
翌日,20260102,策定,越前嶺南線,2026/01/03,07:30,逆方向,-104.0,-796.0,0,0.0,-900,周波数,0,0,0,0,0,2026/01/02 16:50:03
翌日,20260102,策定,越前嶺南線,2026/01/03,08:00,順方向,2753.2,-860.2,0,7.0,1900,安定度,0,0,0,0,0,2026/01/02 16:50:03
翌日,20260102,策定,越前嶺南線,2026/01/03,08:00,逆方向,-39.8,-860.2,0,0.0,-900,周波数,0,0,0,0,0,2026/01/02 16:50:03
翌日,20260102,策定,越前嶺南線,2026/01/03,08:30,順方向,2348.6,-855.6,0,7.0,1500,周波数,0,0,0,0,0,2026/01/02 16:50:03
翌日,20260102,策定,越前嶺南線,2026/01/03,08:30,逆方向,-44.4,-855.6,0,0.0,-900,周波数,0,0,0,0,0,2026/01/02 16:50:03
翌日,20260102,策定,越前嶺南線,2026/01/03,09:00,順方向,2393.0,-900.0,0,7.0,1500,周波数,0,0,0,0,0,2026/01/02 16:50:03
翌日,20260102,策定,越前嶺南線,2026/01/03,09:00,逆方向,0.0,-900.0,0,0.0,-900,周波数,0,0,0,0,0,2026/01/02 16:50:03
翌日,20260102,策定,越前嶺南線,2026/01/03,09:30,順方向,2400.0,-900.0,0,0.0,1500,周波数,0,0,0,0,0,2026/01/02 16:50:03
翌日,20260102,策定,越前嶺南線,2026/01/03,09:30,逆方向,0.0,-900.0,0,0.0,-900,周波数,0,0,0,0,0,2026/01/02 16:50:03
翌日,20260102,策定,越前嶺南線,2026/01/03,10:00,順方向,2378.7,-878.7,0,0.0,1500,周波数,0,0,0,0,0,2026/01/02 16:50:03
翌日,20260102,策定,越前嶺南線,2026/01/03,10:00,逆方向,-21.3,-878.7,0,0.0,-900,周波数,0,0,0,0,0,2026/01/02 16:50:03
翌日,20260102,策定,越前嶺南線,2026/01/03,10:30,順方向,2062.9,-562.9,0,0.0,1500,周波数,0,0,0,0,0,2026/01/02 16:50:03
翌日,20260102,策定,越前嶺南線,2026/01/03,10:30,逆方向,-337.1,-562.9,0,0.0,-900,周波数,0,0,0,0,0,2026/01/02 16:50:03
翌日,20260102,策定,越前嶺南線,2026/01/03,11:00,順方向,2154.7,-654.7,0,0.0,1500,周波数,0,0,0,0,0,2026/01/02 16:50:03
翌日,20260102,策定,越前嶺南線,2026/01/03,11:00,逆方向,-245.3,-654.7,0,0.0,-900,周波数,0,0,0,0,0,2026/01/02 16:50:03
翌日,20260102,策定,越前嶺南線,2026/01/03,11:30,順方向,1990.5,-490.5,0,0.0,1500,周波数,0,0,0,0,0,2026/01/02 16:50:03
翌日,20260102,策定,越前嶺南線,2026/01/03,11:30,逆方向,-409.5,-490.5,0,0.0,-900,周波数,0,0,0,0,0,2026/01/02 16:50:03
翌日,20260102,策定,越前嶺南線,2026/01/03,12:00,順方向,1989.1,-489.1,0,0.0,1500,周波数,0,0,0,0,0,2026/01/02 16:50:03
翌日,20260102,策定,越前嶺南線,2026/01/03,12:00,逆方向,-410.9,-489.1,0,0.0,-900,周波数,0,0,0,0,0,2026/01/02 16:50:03
翌日,20260102,策定,越前嶺南線,2026/01/03,12:30,順方向,1966.9,-475.9,0,9.0,1500,周波数,0,0,0,0,0,2026/01/02 16:50:03
翌日,20260102,策定,越前嶺南線,2026/01/03,12:30,逆方向,-424.1,-475.9,0,0.0,-900,周波数,0,0,0,0,0,2026/01/02 16:50:03
翌日,20260102,策定,越前嶺南線,2026/01/03,13:00,順方向,1877.3,-386.3,0,9.0,1500,周波数,0,0,0,0,0,2026/01/02 16:50:03
翌日,20260102,策定,越前嶺南線,2026/01/03,13:00,逆方向,-513.7,-386.3,0,0.0,-900,周波数,0,0,0,0,0,2026/01/02 16:50:03
翌日,20260102,策定,越前嶺南線,2026/01/03,13:30,順方向,1826.8,-335.8,0,9.0,1500,周波数,0,0,0,0,0,2026/01/02 16:50:03
翌日,20260102,策定,越前嶺南線,2026/01/03,13:30,逆方向,-564.2,-335.8,0,0.0,-900,周波数,0,0,0,0,0,2026/01/02 16:50:03
翌日,20260102,策定,越前嶺南線,2026/01/03,14:00,順方向,1984.5,-493.5,0,9.0,1500,周波数,0,0,0,0,0,2026/01/02 16:50:03
翌日,20260102,策定,越前嶺南線,2026/01/03,14:00,逆方向,-406.5,-493.5,0,0.0,-900,周波数,0,0,0,0,0,2026/01/02 16:50:03
翌日,20260102,策定,越前嶺南線,2026/01/03,14:30,順方向,2072.0,-581.0,0,9.0,1500,周波数,0,0,0,0,0,2026/01/02 16:50:03
翌日,20260102,策定,越前嶺南線,2026/01/03,14:30,逆方向,-319.0,-581.0,0,0.0,-900,周波数,0,0,0,0,0,2026/01/02 16:50:03
翌日,20260102,策定,越前嶺南線,2026/01/03,15:00,順方向,2008.7,-517.7,0,9.0,1500,周波数,0,0,0,0,0,2026/01/02 16:50:03
翌日,20260102,策定,越前嶺南線,2026/01/03,15:00,逆方向,-382.3,-517.7,0,0.0,-900,周波数,0,0,0,0,0,2026/01/02 16:50:03
翌日,20260102,策定,越前嶺南線,2026/01/03,15:30,順方向,2023.5,-526.5,0,3.0,1500,周波数,0,0,0,0,0,2026/01/02 16:50:03
翌日,20260102,策定,越前嶺南線,2026/01/03,15:30,逆方向,-373.5,-526.5,0,0.0,-900,周波数,0,0,0,0,0,2026/01/02 16:50:03
翌日,20260102,策定,越前嶺南線,2026/01/03,16:00,順方向,2018.7,-521.7,0,3.0,1500,周波数,0,0,0,0,0,2026/01/02 16:50:03
翌日,20260102,策定,越前嶺南線,2026/01/03,16:00,逆方向,-378.3,-521.7,0,0.0,-900,周波数,0,0,0,0,0,2026/01/02 16:50:03
翌日,20260102,策定,越前嶺南線,2026/01/03,16:30,順方向,2049.5,-552.5,0,3.0,1500,周波数,0,0,0,0,0,2026/01/02 16:50:03
翌日,20260102,策定,越前嶺南線,2026/01/03,16:30,逆方向,-347.5,-552.5,0,0.0,-900,周波数,0,0,0,0,0,2026/01/02 16:50:03
翌日,20260102,策定,越前嶺南線,2026/01/03,17:00,順方向,2168.8,-671.8,0,3.0,1500,周波数,0,0,0,0,0,2026/01/02 16:50:03
翌日,20260102,策定,越前嶺南線,2026/01/03,17:00,逆方向,-228.2,-671.8,0,0.0,-900,周波数,0,0,0,0,0,2026/01/02 16:50:03
翌日,20260102,策定,越前嶺南線,2026/01/03,17:30,順方向,2114.8,-617.8,0,3.0,1500,周波数,0,0,0,0,0,2026/01/02 16:50:03
翌日,20260102,策定,越前嶺南線,2026/01/03,17:30,逆方向,-282.2,-617.8,0,0.0,-900,周波数,0,0,0,0,0,2026/01/02 16:50:03
翌日,20260102,策定,越前嶺南線,2026/01/03,18:00,順方向,1883.7,-386.7,0,3.0,1500,周波数,0,0,0,0,0,2026/01/02 16:50:03
翌日,20260102,策定,越前嶺南線,2026/01/03,18:00,逆方向,-513.3,-386.7,0,0.0,-900,周波数,0,0,0,0,0,2026/01/02 16:50:03
翌日,20260102,策定,越前嶺南線,2026/01/03,18:30,順方向,2124.7,-636.7,0,12.0,1500,周波数,0,0,0,0,0,2026/01/02 16:50:03
翌日,20260102,策定,越前嶺南線,2026/01/03,18:30,逆方向,-263.3,-636.7,0,0.0,-900,周波数,0,0,0,0,0,2026/01/02 16:50:03
翌日,20260102,策定,越前嶺南線,2026/01/03,19:00,順方向,2123.5,-635.5,0,12.0,1500,周波数,0,0,0,0,0,2026/01/02 16:50:03
翌日,20260102,策定,越前嶺南線,2026/01/03,19:00,逆方向,-264.5,-635.5,0,0.0,-900,周波数,0,0,0,0,0,2026/01/02 16:50:03
翌日,20260102,策定,越前嶺南線,2026/01/03,19:30,順方向,2109.1,-621.1,0,12.0,1500,周波数,0,0,0,0,0,2026/01/02 16:50:03
翌日,20260102,策定,越前嶺南線,2026/01/03,19:30,逆方向,-278.9,-621.1,0,0.0,-900,周波数,0,0,0,0,0,2026/01/02 16:50:03
翌日,20260102,策定,越前嶺南線,2026/01/03,20:00,順方向,2083.9,-595.9,0,12.0,1500,周波数,0,0,0,0,0,2026/01/02 16:50:03
翌日,20260102,策定,越前嶺南線,2026/01/03,20:00,逆方向,-304.1,-595.9,0,0.0,-900,周波数,0,0,0,0,0,2026/01/02 16:50:03
翌日,20260102,策定,越前嶺南線,2026/01/03,20:30,順方向,2067.8,-579.8,0,12.0,1500,周波数,0,0,0,0,0,2026/01/02 16:50:03
翌日,20260102,策定,越前嶺南線,2026/01/03,20:30,逆方向,-320.2,-579.8,0,0.0,-900,周波数,0,0,0,0,0,2026/01/02 16:50:03
翌日,20260102,策定,越前嶺南線,2026/01/03,21:00,順方向,2048.0,-560.0,0,12.0,1500,周波数,0,0,0,0,0,2026/01/02 16:50:03
翌日,20260102,策定,越前嶺南線,2026/01/03,21:00,逆方向,-340.0,-560.0,0,0.0,-900,周波数,0,0,0,0,0,2026/01/02 16:50:03
翌日,20260102,策定,越前嶺南線,2026/01/03,21:30,順方向,2076.2,-576.2,0,0.0,1500,周波数,0,0,0,0,0,2026/01/02 16:50:03
翌日,20260102,策定,越前嶺南線,2026/01/03,21:30,逆方向,-323.8,-576.2,0,0.0,-900,周波数,0,0,0,0,0,2026/01/02 16:50:03
翌日,20260102,策定,越前嶺南線,2026/01/03,22:00,順方向,2011.0,-511.0,0,0.0,1500,周波数,0,0,0,0,0,2026/01/02 16:50:03
翌日,20260102,策定,越前嶺南線,2026/01/03,22:00,逆方向,-389.0,-511.0,0,0.0,-900,周波数,0,0,0,0,0,2026/01/02 16:50:03
翌日,20260102,策定,越前嶺南線,2026/01/03,22:30,順方向,2413.5,-513.5,0,0.0,1900,安定度,0,0,0,0,0,2026/01/02 16:50:03
翌日,20260102,策定,越前嶺南線,2026/01/03,22:30,逆方向,-386.5,-513.5,0,0.0,-900,周波数,0,0,0,0,0,2026/01/02 16:50:03
翌日,20260102,策定,越前嶺南線,2026/01/03,23:00,順方向,2588.2,-688.2,0,0.0,1900,安定度,0,0,0,0,0,2026/01/02 16:50:03
翌日,20260102,策定,越前嶺南線,2026/01/03,23:00,逆方向,-211.8,-688.2,0,0.0,-900,周波数,0,0,0,0,0,2026/01/02 16:50:03
翌日,20260102,策定,越前嶺南線,2026/01/03,23:30,順方向,2615.3,-715.3,0,0.0,1900,安定度,0,0,0,0,0,2026/01/02 16:50:03
翌日,20260102,策定,越前嶺南線,2026/01/03,23:30,逆方向,-184.7,-715.3,0,0.0,-900,周波数,0,0,0,0,0,2026/01/02 16:50:03
翌日,20260102,策定,越前嶺南線,2026/01/03,24:00,順方向,2604.6,-704.6,0,0.0,1900,安定度,0,0,0,0,0,2026/01/02 16:50:03
翌日,20260102,策定,越前嶺南線,2026/01/03,24:00,逆方向,-195.4,-704.6,0,0.0,-900,周波数,0,0,0,0,0,2026/01/02 16:50:03
翌日,20260102,策定,西播東岡山線・山崎智頭線,2026/01/03,00:30,順方向,5027.152,-1882.91,0,115.758,3260,熱容量,0,0,0,0,0,2026/01/02 16:50:03
翌日,20260102,策定,西播東岡山線・山崎智頭線,2026/01/03,00:30,逆方向,-2668.01,-2081.99,0,0.0,-4750,電圧,0,0,0,0,0,2026/01/02 16:50:03
翌日,20260102,策定,西播東岡山線・山崎智頭線,2026/01/03,01:00,順方向,5106.844,-1962.602,0,115.758,3260,熱容量,0,0,0,0,0,2026/01/02 16:50:03
翌日,20260102,策定,西播東岡山線・山崎智頭線,2026/01/03,01:00,逆方向,-2585.012,-2164.988,0,0.0,-4750,電圧,0,0,0,0,0,2026/01/02 16:50:03
翌日,20260102,策定,西播東岡山線・山崎智頭線,2026/01/03,01:30,順方向,5115.308,-1971.066,0,115.758,3260,熱容量,0,0,0,0,0,2026/01/02 16:50:03
翌日,20260102,策定,西播東岡山線・山崎智頭線,2026/01/03,01:30,逆方向,-2620.028,-2129.972,0,0.0,-4750,電圧,0,0,0,0,0,2026/01/02 16:50:03
翌日,20260102,策定,西播東岡山線・山崎智頭線,2026/01/03,02:00,順方向,5116.738,-1972.496,0,115.758,3260,熱容量,0,0,0,0,0,2026/01/02 16:50:03
翌日,20260102,策定,西播東岡山線・山崎智頭線,2026/01/03,02:00,逆方向,-2693.998,-2056.002,0,0.0,-4750,電圧,0,0,0,0,0,2026/01/02 16:50:03
翌日,20260102,策定,西播東岡山線・山崎智頭線,2026/01/03,02:30,順方向,5027.182,-1882.94,0,115.758,3260,熱容量,0,0,0,0,0,2026/01/02 16:50:03
翌日,20260102,策定,西播東岡山線・山崎智頭線,2026/01/03,02:30,逆方向,-2813.862,-1936.138,0,0.0,-4750,電圧,0,0,0,0,0,2026/01/02 16:50:03
翌日,20260102,策定,西播東岡山線・山崎智頭線,2026/01/03,03:00,順方向,5040.176,-1895.934,0,115.758,3260,熱容量,0,0,0,0,0,2026/01/02 16:50:03
翌日,20260102,策定,西播東岡山線・山崎智頭線,2026/01/03,03:00,逆方向,-2789.812,-1960.188,0,0.0,-4750,電圧,0,0,0,0,0,2026/01/02 16:50:03
翌日,20260102,策定,西播東岡山線・山崎智頭線,2026/01/03,03:30,順方向,4974.222,-1849.95,0,135.728,3260,熱容量,0,0,0,0,0,2026/01/02 16:50:03
翌日,20260102,策定,西播東岡山線・山崎智頭線,2026/01/03,03:30,逆方向,-2783.852,-1966.148,0,0.0,-4750,電圧,0,0,0,0,0,2026/01/02 16:50:03
翌日,20260102,策定,西播東岡山線・山崎智頭線,2026/01/03,04:00,順方向,4972.254,-1847.982,0,135.728,3260,熱容量,0,0,0,0,0,2026/01/02 16:50:03
翌日,20260102,策定,西播東岡山線・山崎智頭線,2026/01/03,04:00,逆方向,-2749.698,-2000.302,0,0.0,-4750,電圧,0,0,0,0,0,2026/01/02 16:50:03
翌日,20260102,策定,西播東岡山線・山崎智頭線,2026/01/03,04:30,順方向,4834.21,-1709.938,0,135.728,3260,熱容量,0,0,0,0,0,2026/01/02 16:50:03
翌日,20260102,策定,西播東岡山線・山崎智頭線,2026/01/03,04:30,逆方向,-2863.81,-1886.19,0,0.0,-4750,電圧,0,0,0,0,0,2026/01/02 16:50:03
翌日,20260102,策定,西播東岡山線・山崎智頭線,2026/01/03,05:00,順方向,4897.272,-1773.0,0,135.728,3260,熱容量,0,0,0,0,0,2026/01/02 16:50:03
翌日,20260102,策定,西播東岡山線・山崎智頭線,2026/01/03,05:00,逆方向,-2841.25,-1908.75,0,0.0,-4750,電圧,0,0,0,0,0,2026/01/02 16:50:03
翌日,20260102,策定,西播東岡山線・山崎智頭線,2026/01/03,05:30,順方向,4901.206,-1776.934,0,135.728,3260,熱容量,0,0,0,0,0,2026/01/02 16:50:03
翌日,20260102,策定,西播東岡山線・山崎智頭線,2026/01/03,05:30,逆方向,-2870.04,-1879.96,0,0.0,-4750,電圧,0,0,0,0,0,2026/01/02 16:50:03
翌日,20260102,策定,西播東岡山線・山崎智頭線,2026/01/03,06:00,順方向,4966.206,-1841.934,0,135.728,3260,熱容量,0,0,0,0,0,2026/01/02 16:50:03
翌日,20260102,策定,西播東岡山線・山崎智頭線,2026/01/03,06:00,逆方向,-2869.592,-1880.408,0,0.0,-4750,電圧,0,0,0,0,0,2026/01/02 16:50:03
翌日,20260102,策定,西播東岡山線・山崎智頭線,2026/01/03,06:30,順方向,5001.4,-1890.094,0,148.694,3260,熱容量,0,0,0,0,0,2026/01/02 16:50:03
翌日,20260102,策定,西播東岡山線・山崎智頭線,2026/01/03,06:30,逆方向,-2807.034,-1940.966,0,-2.0,-4750,電圧,0,0,0,0,0,2026/01/02 16:50:03
翌日,20260102,策定,西播東岡山線・山崎智頭線,2026/01/03,07:00,順方向,4933.242,-1821.936,0,148.694,3260,熱容量,0,0,0,0,0,2026/01/02 16:50:03
翌日,20260102,策定,西播東岡山線・山崎智頭線,2026/01/03,07:00,逆方向,-2786.976,-1961.024,0,-2.0,-4750,電圧,0,0,0,0,0,2026/01/02 16:50:03
翌日,20260102,策定,西播東岡山線・山崎智頭線,2026/01/03,07:30,順方向,4949.364,-1838.058,0,148.694,3260,熱容量,0,0,0,0,0,2026/01/02 16:50:03
翌日,20260102,策定,西播東岡山線・山崎智頭線,2026/01/03,07:30,逆方向,-2766.026,-1981.974,0,-2.0,-4750,電圧,0,0,0,0,0,2026/01/02 16:50:03
翌日,20260102,策定,西播東岡山線・山崎智頭線,2026/01/03,08:00,順方向,5074.594,-1963.288,0,148.694,3260,熱容量,0,0,0,0,0,2026/01/02 16:50:03
翌日,20260102,策定,西播東岡山線・山崎智頭線,2026/01/03,08:00,逆方向,-2673.018,-2067.982,0,-9.0,-4750,電圧,0,0,0,0,0,2026/01/02 16:50:03
翌日,20260102,策定,西播東岡山線・山崎智頭線,2026/01/03,08:30,順方向,5088.988,-1977.682,0,148.694,3260,熱容量,0,0,0,0,0,2026/01/02 16:50:03
翌日,20260102,策定,西播東岡山線・山崎智頭線,2026/01/03,08:30,逆方向,-2614.469,-2125.978,0,-9.553,-4750,電圧,0,0,0,0,0,2026/01/02 16:50:03
翌日,20260102,策定,西播東岡山線・山崎智頭線,2026/01/03,09:00,順方向,5925.718,-2814.412,0,148.694,3260,熱容量,0,0,0,0,0,2026/01/02 16:50:03
翌日,20260102,策定,西播東岡山線・山崎智頭線,2026/01/03,09:00,逆方向,-1540.086,-3175.914,0,-34.0,-4750,電圧,0,0,0,0,0,2026/01/02 16:50:03
翌日,20260102,策定,西播東岡山線・山崎智頭線,2026/01/03,09:30,順方向,6186.065,-3031.134,0,105.069,3260,熱容量,0,0,0,0,0,2026/01/02 16:50:03
翌日,20260102,策定,西播東岡山線・山崎智頭線,2026/01/03,09:30,逆方向,-1187.801,-3543.912,0,-18.287,-4750,電圧,0,0,0,0,0,2026/01/02 16:50:03
翌日,20260102,策定,西播東岡山線・山崎智頭線,2026/01/03,10:00,順方向,6856.457,-3720.284,0,123.827,3260,熱容量,0,0,0,0,0,2026/01/02 16:50:03
翌日,20260102,策定,西播東岡山線・山崎智頭線,2026/01/03,10:00,逆方向,-717.701,-4014.012,0,-18.287,-4750,電圧,0,0,0,0,0,2026/01/02 16:50:03
翌日,20260102,策定,西播東岡山線・山崎智頭線,2026/01/03,10:30,順方向,6528.733,-3392.814,0,124.081,3260,熱容量,0,0,0,0,0,2026/01/02 16:50:03
翌日,20260102,策定,西播東岡山線・山崎智頭線,2026/01/03,10:30,逆方向,-997.781,-3733.932,0,-18.287,-4750,電圧,0,0,0,0,0,2026/01/02 16:50:03
翌日,20260102,策定,西播東岡山線・山崎智頭線,2026/01/03,11:00,順方向,6323.789,-3209.61,0,145.821,3260,熱容量,0,0,0,0,0,2026/01/02 16:50:03
翌日,20260102,策定,西播東岡山線・山崎智頭線,2026/01/03,11:00,逆方向,-978.331,-3753.382,0,-18.287,-4750,電圧,0,0,0,0,0,2026/01/02 16:50:03
翌日,20260102,策定,西播東岡山線・山崎智頭線,2026/01/03,11:30,順方向,6101.963,-2947.032,0,105.069,3260,熱容量,0,0,0,0,0,2026/01/02 16:50:03
翌日,20260102,策定,西播東岡山線・山崎智頭線,2026/01/03,11:30,逆方向,-1118.659,-3613.054,0,-18.287,-4750,電圧,0,0,0,0,0,2026/01/02 16:50:03
翌日,20260102,策定,西播東岡山線・山崎智頭線,2026/01/03,12:00,順方向,5651.755,-2586.842,0,195.087,3260,熱容量,0,0,0,0,0,2026/01/02 16:50:03
翌日,20260102,策定,西播東岡山線・山崎智頭線,2026/01/03,12:00,逆方向,-1359.759,-3371.954,0,-18.287,-4750,電圧,0,0,0,0,0,2026/01/02 16:50:03
翌日,20260102,策定,西播東岡山線・山崎智頭線,2026/01/03,12:30,順方向,5800.507,-2629.22,0,88.713,3260,熱容量,0,0,0,0,0,2026/01/02 16:50:03
翌日,20260102,策定,西播東岡山線・山崎智頭線,2026/01/03,12:30,逆方向,-1322.912,-3427.088,0,0.0,-4750,電圧,0,0,0,0,0,2026/01/02 16:50:03
翌日,20260102,策定,西播東岡山線・山崎智頭線,2026/01/03,13:00,順方向,5797.825,-2626.538,0,88.713,3260,熱容量,0,0,0,0,0,2026/01/02 16:50:03
翌日,20260102,策定,西播東岡山線・山崎智頭線,2026/01/03,13:00,逆方向,-1295.078,-3454.922,0,0.0,-4750,電圧,0,0,0,0,0,2026/01/02 16:50:03
翌日,20260102,策定,西播東岡山線・山崎智頭線,2026/01/03,13:30,順方向,5707.3,-2558.468,0,111.168,3260,熱容量,0,0,0,0,0,2026/01/02 16:50:03
翌日,20260102,策定,西播東岡山線・山崎智頭線,2026/01/03,13:30,逆方向,-1334.0,-3416.0,0,0.0,-4750,電圧,0,0,0,0,0,2026/01/02 16:50:03
翌日,20260102,策定,西播東岡山線・山崎智頭線,2026/01/03,14:00,順方向,5976.401,-2805.114,0,88.713,3260,熱容量,0,0,0,0,0,2026/01/02 16:50:03
翌日,20260102,策定,西播東岡山線・山崎智頭線,2026/01/03,14:00,逆方向,-1171.04,-3578.96,0,0.0,-4750,電圧,0,0,0,0,0,2026/01/02 16:50:03
翌日,20260102,策定,西播東岡山線・山崎智頭線,2026/01/03,14:30,順方向,5917.095,-2745.808,0,88.713,3260,熱容量,0,0,0,0,0,2026/01/02 16:50:03
翌日,20260102,策定,西播東岡山線・山崎智頭線,2026/01/03,14:30,逆方向,-1318.918,-3431.082,0,0.0,-4750,電圧,0,0,0,0,0,2026/01/02 16:50:03
翌日,20260102,策定,西播東岡山線・山崎智頭線,2026/01/03,15:00,順方向,6116.803,-2948.402,0,91.599,3260,熱容量,0,0,0,0,0,2026/01/02 16:50:03
翌日,20260102,策定,西播東岡山線・山崎智頭線,2026/01/03,15:00,逆方向,-1353.012,-3396.988,0,0.0,-4750,電圧,0,0,0,0,0,2026/01/02 16:50:03
翌日,20260102,策定,西播東岡山線・山崎智頭線,2026/01/03,15:30,順方向,5832.739,-2802.432,0,229.693,3260,熱容量,0,0,0,0,0,2026/01/02 16:50:03
翌日,20260102,策定,西播東岡山線・山崎智頭線,2026/01/03,15:30,逆方向,-1651.028,-3085.972,0,-13.0,-4750,電圧,0,0,0,0,0,2026/01/02 16:50:03
翌日,20260102,策定,西播東岡山線・山崎智頭線,2026/01/03,16:00,順方向,5733.079,-2702.772,0,229.693,3260,熱容量,0,0,0,0,0,2026/01/02 16:50:03
翌日,20260102,策定,西播東岡山線・山崎智頭線,2026/01/03,16:00,逆方向,-1546.96,-3190.04,0,-13.0,-4750,電圧,0,0,0,0,0,2026/01/02 16:50:03
翌日,20260102,策定,西播東岡山線・山崎智頭線,2026/01/03,16:30,順方向,5621.805,-2605.498,0,243.693,3260,熱容量,0,0,0,0,0,2026/01/02 16:50:03
翌日,20260102,策定,西播東岡山線・山崎智頭線,2026/01/03,16:30,逆方向,-1614.016,-3122.984,0,-13.0,-4750,電圧,0,0,0,0,0,2026/01/02 16:50:03
翌日,20260102,策定,西播東岡山線・山崎智頭線,2026/01/03,17:00,順方向,5465.215,-2434.908,0,229.693,3260,熱容量,0,0,0,0,0,2026/01/02 16:50:03
翌日,20260102,策定,西播東岡山線・山崎智頭線,2026/01/03,17:00,逆方向,-2047.01,-2687.99,0,-15.0,-4750,電圧,0,0,0,0,0,2026/01/02 16:50:03
翌日,20260102,策定,西播東岡山線・山崎智頭線,2026/01/03,17:30,順方向,4931.129,-1900.822,0,229.693,3260,熱容量,0,0,0,0,0,2026/01/02 16:50:03
翌日,20260102,策定,西播東岡山線・山崎智頭線,2026/01/03,17:30,逆方向,-2615.016,-2121.984,0,-13.0,-4750,電圧,0,0,0,0,0,2026/01/02 16:50:03
翌日,20260102,策定,西播東岡山線・山崎智頭線,2026/01/03,18:00,順方向,5030.669,-2000.362,0,229.693,3260,熱容量,0,0,0,0,0,2026/01/02 16:50:03
翌日,20260102,策定,西播東岡山線・山崎智頭線,2026/01/03,18:00,逆方向,-2668.004,-2068.996,0,-13.0,-4750,電圧,0,0,0,0,0,2026/01/02 16:50:03
翌日,20260102,策定,西播東岡山線・山崎智頭線,2026/01/03,18:30,順方向,5482.545,-2324.998,0,102.453,3260,熱容量,0,0,0,0,0,2026/01/02 16:50:03
翌日,20260102,策定,西播東岡山線・山崎智頭線,2026/01/03,18:30,逆方向,-2388.5,-2359.57,0,-1.93,-4750,電圧,0,0,0,0,0,2026/01/02 16:50:03
翌日,20260102,策定,西播東岡山線・山崎智頭線,2026/01/03,19:00,順方向,5512.527,-2354.98,0,102.453,3260,熱容量,0,0,0,0,0,2026/01/02 16:50:03
翌日,20260102,策定,西播東岡山線・山崎智頭線,2026/01/03,19:00,逆方向,-2355.956,-2392.114,0,-1.93,-4750,電圧,0,0,0,0,0,2026/01/02 16:50:03
翌日,20260102,策定,西播東岡山線・山崎智頭線,2026/01/03,19:30,順方向,5515.507,-2357.96,0,102.453,3260,熱容量,0,0,0,0,0,2026/01/02 16:50:03
翌日,20260102,策定,西播東岡山線・山崎智頭線,2026/01/03,19:30,逆方向,-2346.538,-2401.532,0,-1.93,-4750,電圧,0,0,0,0,0,2026/01/02 16:50:03
翌日,20260102,策定,西播東岡山線・山崎智頭線,2026/01/03,20:00,順方向,5591.503,-2433.956,0,102.453,3260,熱容量,0,0,0,0,0,2026/01/02 16:50:03
翌日,20260102,策定,西播東岡山線・山崎智頭線,2026/01/03,20:00,逆方向,-2298.796,-2449.274,0,-1.93,-4750,電圧,0,0,0,0,0,2026/01/02 16:50:03
翌日,20260102,策定,西播東岡山線・山崎智頭線,2026/01/03,20:30,順方向,5509.487,-2351.94,0,102.453,3260,熱容量,0,0,0,0,0,2026/01/02 16:50:03
翌日,20260102,策定,西播東岡山線・山崎智頭線,2026/01/03,20:30,逆方向,-2358.282,-2389.788,0,-1.93,-4750,電圧,0,0,0,0,0,2026/01/02 16:50:03
翌日,20260102,策定,西播東岡山線・山崎智頭線,2026/01/03,21:00,順方向,5395.939,-2238.392,0,102.453,3260,熱容量,0,0,0,0,0,2026/01/02 16:50:03
翌日,20260102,策定,西播東岡山線・山崎智頭線,2026/01/03,21:00,逆方向,-2458.12,-2289.95,0,-1.93,-4750,電圧,0,0,0,0,0,2026/01/02 16:50:03
翌日,20260102,策定,西播東岡山線・山崎智頭線,2026/01/03,21:30,順方向,5321.99,-2196.908,0,134.918,3260,熱容量,0,0,0,0,0,2026/01/02 16:50:03
翌日,20260102,策定,西播東岡山線・山崎智頭線,2026/01/03,21:30,逆方向,-2532.178,-2212.822,0,-5.0,-4750,電圧,0,0,0,0,0,2026/01/02 16:50:03
翌日,20260102,策定,西播東岡山線・山崎智頭線,2026/01/03,22:00,順方向,5229.722,-2104.64,0,134.918,3260,熱容量,0,0,0,0,0,2026/01/02 16:50:03
翌日,20260102,策定,西播東岡山線・山崎智頭線,2026/01/03,22:00,逆方向,-2631.038,-2117.962,0,-1.0,-4750,電圧,0,0,0,0,0,2026/01/02 16:50:03
翌日,20260102,策定,西播東岡山線・山崎智頭線,2026/01/03,22:30,順方向,5067.748,-1942.666,0,134.918,3260,熱容量,0,0,0,0,0,2026/01/02 16:50:03
翌日,20260102,策定,西播東岡山線・山崎智頭線,2026/01/03,22:30,逆方向,-2632.036,-2106.964,0,-11.0,-4750,電圧,0,0,0,0,0,2026/01/02 16:50:03
翌日,20260102,策定,西播東岡山線・山崎智頭線,2026/01/03,23:00,順方向,5031.716,-1906.634,0,134.918,3260,熱容量,0,0,0,0,0,2026/01/02 16:50:03
翌日,20260102,策定,西播東岡山線・山崎智頭線,2026/01/03,23:00,逆方向,-2566.02,-2170.98,0,-13.0,-4750,電圧,0,0,0,0,0,2026/01/02 16:50:03
翌日,20260102,策定,西播東岡山線・山崎智頭線,2026/01/03,23:30,順方向,5052.218,-1927.136,0,134.918,3260,熱容量,0,0,0,0,0,2026/01/02 16:50:03
翌日,20260102,策定,西播東岡山線・山崎智頭線,2026/01/03,23:30,逆方向,-2616.016,-2121.984,0,-12.0,-4750,電圧,0,0,0,0,0,2026/01/02 16:50:03
翌日,20260102,策定,西播東岡山線・山崎智頭線,2026/01/03,24:00,順方向,4991.036,-1865.954,0,134.918,3260,熱容量,0,0,0,0,0,2026/01/02 16:50:03
翌日,20260102,策定,西播東岡山線・山崎智頭線,2026/01/03,24:00,逆方向,-2645.014,-2092.986,0,-12.0,-4750,電圧,0,0,0,0,0,2026/01/02 16:50:03
翌日,20260102,策定,阿南紀北直流幹線,2026/01/03,00:30,順方向,70.0,-70.0,0,0.0,0,安定度（作業）,0,0,0,0,0,2026/01/02 16:50:03
翌日,20260102,策定,阿南紀北直流幹線,2026/01/03,00:30,逆方向,0.0,-70.0,0,0.0,-70,熱容量（作業）,0,0,0,0,0,2026/01/02 16:50:03
翌日,20260102,策定,阿南紀北直流幹線,2026/01/03,01:00,順方向,70.0,-70.0,0,0.0,0,安定度（作業）,0,0,0,0,0,2026/01/02 16:50:03
翌日,20260102,策定,阿南紀北直流幹線,2026/01/03,01:00,逆方向,0.0,-70.0,0,0.0,-70,熱容量（作業）,0,0,0,0,0,2026/01/02 16:50:03
翌日,20260102,策定,阿南紀北直流幹線,2026/01/03,01:30,順方向,70.0,-70.0,0,0.0,0,安定度（作業）,0,0,0,0,0,2026/01/02 16:50:03
翌日,20260102,策定,阿南紀北直流幹線,2026/01/03,01:30,逆方向,0.0,-70.0,0,0.0,-70,熱容量（作業）,0,0,0,0,0,2026/01/02 16:50:03
翌日,20260102,策定,阿南紀北直流幹線,2026/01/03,02:00,順方向,70.0,-70.0,0,0.0,0,安定度（作業）,0,0,0,0,0,2026/01/02 16:50:03
翌日,20260102,策定,阿南紀北直流幹線,2026/01/03,02:00,逆方向,0.0,-70.0,0,0.0,-70,熱容量（作業）,0,0,0,0,0,2026/01/02 16:50:03
翌日,20260102,策定,阿南紀北直流幹線,2026/01/03,02:30,順方向,70.0,-70.0,0,0.0,0,安定度（作業）,0,0,0,0,0,2026/01/02 16:50:03
翌日,20260102,策定,阿南紀北直流幹線,2026/01/03,02:30,逆方向,0.0,-70.0,0,0.0,-70,熱容量（作業）,0,0,0,0,0,2026/01/02 16:50:03
翌日,20260102,策定,阿南紀北直流幹線,2026/01/03,03:00,順方向,70.0,-70.0,0,0.0,0,安定度（作業）,0,0,0,0,0,2026/01/02 16:50:03
翌日,20260102,策定,阿南紀北直流幹線,2026/01/03,03:00,逆方向,0.0,-70.0,0,0.0,-70,熱容量（作業）,0,0,0,0,0,2026/01/02 16:50:03
翌日,20260102,策定,阿南紀北直流幹線,2026/01/03,03:30,順方向,70.0,-70.0,0,0.0,0,安定度（作業）,0,0,0,0,0,2026/01/02 16:50:03
翌日,20260102,策定,阿南紀北直流幹線,2026/01/03,03:30,逆方向,0.0,-70.0,0,0.0,-70,熱容量（作業）,0,0,0,0,0,2026/01/02 16:50:03
翌日,20260102,策定,阿南紀北直流幹線,2026/01/03,04:00,順方向,70.0,-70.0,0,0.0,0,安定度（作業）,0,0,0,0,0,2026/01/02 16:50:03
翌日,20260102,策定,阿南紀北直流幹線,2026/01/03,04:00,逆方向,0.0,-70.0,0,0.0,-70,熱容量（作業）,0,0,0,0,0,2026/01/02 16:50:03
翌日,20260102,策定,阿南紀北直流幹線,2026/01/03,04:30,順方向,70.0,-70.0,0,0.0,0,安定度（作業）,0,0,0,0,0,2026/01/02 16:50:03
翌日,20260102,策定,阿南紀北直流幹線,2026/01/03,04:30,逆方向,0.0,-70.0,0,0.0,-70,熱容量（作業）,0,0,0,0,0,2026/01/02 16:50:03
翌日,20260102,策定,阿南紀北直流幹線,2026/01/03,05:00,順方向,70.0,-70.0,0,0.0,0,安定度（作業）,0,0,0,0,0,2026/01/02 16:50:03
翌日,20260102,策定,阿南紀北直流幹線,2026/01/03,05:00,逆方向,0.0,-70.0,0,0.0,-70,熱容量（作業）,0,0,0,0,0,2026/01/02 16:50:03
翌日,20260102,策定,阿南紀北直流幹線,2026/01/03,05:30,順方向,70.0,-70.0,0,0.0,0,安定度（作業）,0,0,0,0,0,2026/01/02 16:50:03
翌日,20260102,策定,阿南紀北直流幹線,2026/01/03,05:30,逆方向,0.0,-70.0,0,0.0,-70,熱容量（作業）,0,0,0,0,0,2026/01/02 16:50:03
翌日,20260102,策定,阿南紀北直流幹線,2026/01/03,06:00,順方向,70.0,-70.0,0,0.0,0,安定度（作業）,0,0,0,0,0,2026/01/02 16:50:03
翌日,20260102,策定,阿南紀北直流幹線,2026/01/03,06:00,逆方向,0.0,-70.0,0,0.0,-70,熱容量（作業）,0,0,0,0,0,2026/01/02 16:50:03
翌日,20260102,策定,阿南紀北直流幹線,2026/01/03,06:30,順方向,70.0,-70.0,0,0.0,0,安定度（作業）,0,0,0,0,0,2026/01/02 16:50:03
翌日,20260102,策定,阿南紀北直流幹線,2026/01/03,06:30,逆方向,0.0,-70.0,0,0.0,-70,熱容量（作業）,0,0,0,0,0,2026/01/02 16:50:03
翌日,20260102,策定,阿南紀北直流幹線,2026/01/03,07:00,順方向,70.0,-70.0,0,0.0,0,安定度（作業）,0,0,0,0,0,2026/01/02 16:50:03
翌日,20260102,策定,阿南紀北直流幹線,2026/01/03,07:00,逆方向,0.0,-70.0,0,0.0,-70,熱容量（作業）,0,0,0,0,0,2026/01/02 16:50:03
翌日,20260102,策定,阿南紀北直流幹線,2026/01/03,07:30,順方向,70.0,-70.0,0,0.0,0,安定度（作業）,0,0,0,0,0,2026/01/02 16:50:03
翌日,20260102,策定,阿南紀北直流幹線,2026/01/03,07:30,逆方向,0.0,-70.0,0,0.0,-70,熱容量（作業）,0,0,0,0,0,2026/01/02 16:50:03
翌日,20260102,策定,阿南紀北直流幹線,2026/01/03,08:00,順方向,70.0,-70.0,0,0.0,0,安定度（作業）,0,0,0,0,0,2026/01/02 16:50:03
翌日,20260102,策定,阿南紀北直流幹線,2026/01/03,08:00,逆方向,0.0,-70.0,0,0.0,-70,熱容量（作業）,0,0,0,0,0,2026/01/02 16:50:03
翌日,20260102,策定,阿南紀北直流幹線,2026/01/03,08:30,順方向,70.0,-70.0,0,0.0,0,安定度（作業）,0,0,0,0,0,2026/01/02 16:50:03
翌日,20260102,策定,阿南紀北直流幹線,2026/01/03,08:30,逆方向,0.0,-70.0,0,0.0,-70,熱容量（作業）,0,0,0,0,0,2026/01/02 16:50:03
翌日,20260102,策定,阿南紀北直流幹線,2026/01/03,09:00,順方向,70.0,-70.0,0,0.0,0,安定度（作業）,0,0,0,0,0,2026/01/02 16:50:03
翌日,20260102,策定,阿南紀北直流幹線,2026/01/03,09:00,逆方向,0.0,-70.0,0,0.0,-70,熱容量（作業）,0,0,0,0,0,2026/01/02 16:50:03
翌日,20260102,策定,阿南紀北直流幹線,2026/01/03,09:30,順方向,70.0,-70.0,0,0.0,0,安定度（作業）,0,0,0,0,0,2026/01/02 16:50:03
翌日,20260102,策定,阿南紀北直流幹線,2026/01/03,09:30,逆方向,0.0,-70.0,0,0.0,-70,熱容量（作業）,0,0,0,0,0,2026/01/02 16:50:03
翌日,20260102,策定,阿南紀北直流幹線,2026/01/03,10:00,順方向,70.0,-70.0,0,0.0,0,安定度（作業）,0,0,0,0,0,2026/01/02 16:50:03
翌日,20260102,策定,阿南紀北直流幹線,2026/01/03,10:00,逆方向,0.0,-70.0,0,0.0,-70,熱容量（作業）,0,0,0,0,0,2026/01/02 16:50:03
翌日,20260102,策定,阿南紀北直流幹線,2026/01/03,10:30,順方向,70.0,-70.0,0,0.0,0,安定度（作業）,0,0,0,0,0,2026/01/02 16:50:03
翌日,20260102,策定,阿南紀北直流幹線,2026/01/03,10:30,逆方向,0.0,-70.0,0,0.0,-70,熱容量（作業）,0,0,0,0,0,2026/01/02 16:50:03
翌日,20260102,策定,阿南紀北直流幹線,2026/01/03,11:00,順方向,70.0,-70.0,0,0.0,0,安定度（作業）,0,0,0,0,0,2026/01/02 16:50:03
翌日,20260102,策定,阿南紀北直流幹線,2026/01/03,11:00,逆方向,0.0,-70.0,0,0.0,-70,熱容量（作業）,0,0,0,0,0,2026/01/02 16:50:03
翌日,20260102,策定,阿南紀北直流幹線,2026/01/03,11:30,順方向,70.0,-70.0,0,0.0,0,安定度（作業）,0,0,0,0,0,2026/01/02 16:50:03
翌日,20260102,策定,阿南紀北直流幹線,2026/01/03,11:30,逆方向,0.0,-70.0,0,0.0,-70,熱容量（作業）,0,0,0,0,0,2026/01/02 16:50:03
翌日,20260102,策定,阿南紀北直流幹線,2026/01/03,12:00,順方向,70.0,-70.0,0,0.0,0,安定度（作業）,0,0,0,0,0,2026/01/02 16:50:03
翌日,20260102,策定,阿南紀北直流幹線,2026/01/03,12:00,逆方向,0.0,-70.0,0,0.0,-70,熱容量（作業）,0,0,0,0,0,2026/01/02 16:50:03
翌日,20260102,策定,阿南紀北直流幹線,2026/01/03,12:30,順方向,70.0,-70.0,0,0.0,0,安定度（作業）,0,0,0,0,0,2026/01/02 16:50:03
翌日,20260102,策定,阿南紀北直流幹線,2026/01/03,12:30,逆方向,0.0,-70.0,0,0.0,-70,熱容量（作業）,0,0,0,0,0,2026/01/02 16:50:03
翌日,20260102,策定,阿南紀北直流幹線,2026/01/03,13:00,順方向,70.0,-70.0,0,0.0,0,安定度（作業）,0,0,0,0,0,2026/01/02 16:50:03
翌日,20260102,策定,阿南紀北直流幹線,2026/01/03,13:00,逆方向,0.0,-70.0,0,0.0,-70,熱容量（作業）,0,0,0,0,0,2026/01/02 16:50:03
翌日,20260102,策定,阿南紀北直流幹線,2026/01/03,13:30,順方向,70.0,-70.0,0,0.0,0,安定度（作業）,0,0,0,0,0,2026/01/02 16:50:03
翌日,20260102,策定,阿南紀北直流幹線,2026/01/03,13:30,逆方向,0.0,-70.0,0,0.0,-70,熱容量（作業）,0,0,0,0,0,2026/01/02 16:50:03
翌日,20260102,策定,阿南紀北直流幹線,2026/01/03,14:00,順方向,70.0,-70.0,0,0.0,0,安定度（作業）,0,0,0,0,0,2026/01/02 16:50:03
翌日,20260102,策定,阿南紀北直流幹線,2026/01/03,14:00,逆方向,0.0,-70.0,0,0.0,-70,熱容量（作業）,0,0,0,0,0,2026/01/02 16:50:03
翌日,20260102,策定,阿南紀北直流幹線,2026/01/03,14:30,順方向,70.0,-70.0,0,0.0,0,安定度（作業）,0,0,0,0,0,2026/01/02 16:50:03
翌日,20260102,策定,阿南紀北直流幹線,2026/01/03,14:30,逆方向,0.0,-70.0,0,0.0,-70,熱容量（作業）,0,0,0,0,0,2026/01/02 16:50:03
翌日,20260102,策定,阿南紀北直流幹線,2026/01/03,15:00,順方向,70.0,-70.0,0,0.0,0,安定度（作業）,0,0,0,0,0,2026/01/02 16:50:03
翌日,20260102,策定,阿南紀北直流幹線,2026/01/03,15:00,逆方向,0.0,-70.0,0,0.0,-70,熱容量（作業）,0,0,0,0,0,2026/01/02 16:50:03
翌日,20260102,策定,阿南紀北直流幹線,2026/01/03,15:30,順方向,70.0,-70.0,0,0.0,0,安定度（作業）,0,0,0,0,0,2026/01/02 16:50:03
翌日,20260102,策定,阿南紀北直流幹線,2026/01/03,15:30,逆方向,0.0,-70.0,0,0.0,-70,熱容量（作業）,0,0,0,0,0,2026/01/02 16:50:03
翌日,20260102,策定,阿南紀北直流幹線,2026/01/03,16:00,順方向,70.0,-70.0,0,0.0,0,安定度（作業）,0,0,0,0,0,2026/01/02 16:50:03
翌日,20260102,策定,阿南紀北直流幹線,2026/01/03,16:00,逆方向,0.0,-70.0,0,0.0,-70,熱容量（作業）,0,0,0,0,0,2026/01/02 16:50:03
翌日,20260102,策定,阿南紀北直流幹線,2026/01/03,16:30,順方向,70.0,-70.0,0,0.0,0,安定度（作業）,0,0,0,0,0,2026/01/02 16:50:03
翌日,20260102,策定,阿南紀北直流幹線,2026/01/03,16:30,逆方向,0.0,-70.0,0,0.0,-70,熱容量（作業）,0,0,0,0,0,2026/01/02 16:50:03
翌日,20260102,策定,阿南紀北直流幹線,2026/01/03,17:00,順方向,70.0,-70.0,0,0.0,0,安定度（作業）,0,0,0,0,0,2026/01/02 16:50:03
翌日,20260102,策定,阿南紀北直流幹線,2026/01/03,17:00,逆方向,0.0,-70.0,0,0.0,-70,熱容量（作業）,0,0,0,0,0,2026/01/02 16:50:03
翌日,20260102,策定,阿南紀北直流幹線,2026/01/03,17:30,順方向,70.0,-70.0,0,0.0,0,安定度（作業）,0,0,0,0,0,2026/01/02 16:50:03
翌日,20260102,策定,阿南紀北直流幹線,2026/01/03,17:30,逆方向,0.0,-70.0,0,0.0,-70,熱容量（作業）,0,0,0,0,0,2026/01/02 16:50:03
翌日,20260102,策定,阿南紀北直流幹線,2026/01/03,18:00,順方向,70.0,-70.0,0,0.0,0,安定度（作業）,0,0,0,0,0,2026/01/02 16:50:03
翌日,20260102,策定,阿南紀北直流幹線,2026/01/03,18:00,逆方向,0.0,-70.0,0,0.0,-70,熱容量（作業）,0,0,0,0,0,2026/01/02 16:50:03
翌日,20260102,策定,阿南紀北直流幹線,2026/01/03,18:30,順方向,70.0,-70.0,0,0.0,0,安定度（作業）,0,0,0,0,0,2026/01/02 16:50:03
翌日,20260102,策定,阿南紀北直流幹線,2026/01/03,18:30,逆方向,0.0,-70.0,0,0.0,-70,熱容量（作業）,0,0,0,0,0,2026/01/02 16:50:03
翌日,20260102,策定,阿南紀北直流幹線,2026/01/03,19:00,順方向,70.0,-70.0,0,0.0,0,安定度（作業）,0,0,0,0,0,2026/01/02 16:50:03
翌日,20260102,策定,阿南紀北直流幹線,2026/01/03,19:00,逆方向,0.0,-70.0,0,0.0,-70,熱容量（作業）,0,0,0,0,0,2026/01/02 16:50:03
翌日,20260102,策定,阿南紀北直流幹線,2026/01/03,19:30,順方向,70.0,-70.0,0,0.0,0,安定度（作業）,0,0,0,0,0,2026/01/02 16:50:03
翌日,20260102,策定,阿南紀北直流幹線,2026/01/03,19:30,逆方向,0.0,-70.0,0,0.0,-70,熱容量（作業）,0,0,0,0,0,2026/01/02 16:50:03
翌日,20260102,策定,阿南紀北直流幹線,2026/01/03,20:00,順方向,70.0,-70.0,0,0.0,0,安定度（作業）,0,0,0,0,0,2026/01/02 16:50:03
翌日,20260102,策定,阿南紀北直流幹線,2026/01/03,20:00,逆方向,0.0,-70.0,0,0.0,-70,熱容量（作業）,0,0,0,0,0,2026/01/02 16:50:03
翌日,20260102,策定,阿南紀北直流幹線,2026/01/03,20:30,順方向,70.0,-70.0,0,0.0,0,安定度（作業）,0,0,0,0,0,2026/01/02 16:50:03
翌日,20260102,策定,阿南紀北直流幹線,2026/01/03,20:30,逆方向,0.0,-70.0,0,0.0,-70,熱容量（作業）,0,0,0,0,0,2026/01/02 16:50:03
翌日,20260102,策定,阿南紀北直流幹線,2026/01/03,21:00,順方向,70.0,-70.0,0,0.0,0,安定度（作業）,0,0,0,0,0,2026/01/02 16:50:03
翌日,20260102,策定,阿南紀北直流幹線,2026/01/03,21:00,逆方向,0.0,-70.0,0,0.0,-70,熱容量（作業）,0,0,0,0,0,2026/01/02 16:50:03
翌日,20260102,策定,阿南紀北直流幹線,2026/01/03,21:30,順方向,70.0,-70.0,0,0.0,0,安定度（作業）,0,0,0,0,0,2026/01/02 16:50:03
翌日,20260102,策定,阿南紀北直流幹線,2026/01/03,21:30,逆方向,0.0,-70.0,0,0.0,-70,熱容量（作業）,0,0,0,0,0,2026/01/02 16:50:03
翌日,20260102,策定,阿南紀北直流幹線,2026/01/03,22:00,順方向,70.0,-70.0,0,0.0,0,安定度（作業）,0,0,0,0,0,2026/01/02 16:50:03
翌日,20260102,策定,阿南紀北直流幹線,2026/01/03,22:00,逆方向,0.0,-70.0,0,0.0,-70,熱容量（作業）,0,0,0,0,0,2026/01/02 16:50:03
翌日,20260102,策定,阿南紀北直流幹線,2026/01/03,22:30,順方向,70.0,-70.0,0,0.0,0,安定度（作業）,0,0,0,0,0,2026/01/02 16:50:03
翌日,20260102,策定,阿南紀北直流幹線,2026/01/03,22:30,逆方向,0.0,-70.0,0,0.0,-70,熱容量（作業）,0,0,0,0,0,2026/01/02 16:50:03
翌日,20260102,策定,阿南紀北直流幹線,2026/01/03,23:00,順方向,70.0,-70.0,0,0.0,0,安定度（作業）,0,0,0,0,0,2026/01/02 16:50:03
翌日,20260102,策定,阿南紀北直流幹線,2026/01/03,23:00,逆方向,0.0,-70.0,0,0.0,-70,熱容量（作業）,0,0,0,0,0,2026/01/02 16:50:03
翌日,20260102,策定,阿南紀北直流幹線,2026/01/03,23:30,順方向,70.0,-70.0,0,0.0,0,安定度（作業）,0,0,0,0,0,2026/01/02 16:50:03
翌日,20260102,策定,阿南紀北直流幹線,2026/01/03,23:30,逆方向,0.0,-70.0,0,0.0,-70,熱容量（作業）,0,0,0,0,0,2026/01/02 16:50:03
翌日,20260102,策定,阿南紀北直流幹線,2026/01/03,24:00,順方向,70.0,-70.0,0,0.0,0,安定度（作業）,0,0,0,0,0,2026/01/02 16:50:03
翌日,20260102,策定,阿南紀北直流幹線,2026/01/03,24:00,逆方向,0.0,-70.0,0,0.0,-70,熱容量（作業）,0,0,0,0,0,2026/01/02 16:50:03
翌日,20260102,策定,本四連系線,2026/01/03,00:30,順方向,2100.6,-926.6,0,26.0,1200,熱容量,0,0,0,0,0,2026/01/02 16:50:03
翌日,20260102,策定,本四連系線,2026/01/03,00:30,逆方向,-260.927,-926.6,0,-12.473,-1200,熱容量,0,0,0,0,0,2026/01/02 16:50:03
翌日,20260102,策定,本四連系線,2026/01/03,01:00,順方向,2086.9,-912.9,0,26.0,1200,熱容量,0,0,0,0,0,2026/01/02 16:50:03
翌日,20260102,策定,本四連系線,2026/01/03,01:00,逆方向,-274.627,-912.9,0,-12.473,-1200,熱容量,0,0,0,0,0,2026/01/02 16:50:03
翌日,20260102,策定,本四連系線,2026/01/03,01:30,順方向,2047.4,-873.4,0,26.0,1200,熱容量,0,0,0,0,0,2026/01/02 16:50:03
翌日,20260102,策定,本四連系線,2026/01/03,01:30,逆方向,-314.127,-873.4,0,-12.473,-1200,熱容量,0,0,0,0,0,2026/01/02 16:50:03
翌日,20260102,策定,本四連系線,2026/01/03,02:00,順方向,1987.4,-813.4,0,26.0,1200,熱容量,0,0,0,0,0,2026/01/02 16:50:03
翌日,20260102,策定,本四連系線,2026/01/03,02:00,逆方向,-374.127,-813.4,0,-12.473,-1200,熱容量,0,0,0,0,0,2026/01/02 16:50:03
翌日,20260102,策定,本四連系線,2026/01/03,02:30,順方向,1881.1,-707.1,0,26.0,1200,熱容量,0,0,0,0,0,2026/01/02 16:50:03
翌日,20260102,策定,本四連系線,2026/01/03,02:30,逆方向,-480.427,-707.1,0,-12.473,-1200,熱容量,0,0,0,0,0,2026/01/02 16:50:03
翌日,20260102,策定,本四連系線,2026/01/03,03:00,順方向,1900.2,-726.2,0,26.0,1200,熱容量,0,0,0,0,0,2026/01/02 16:50:03
翌日,20260102,策定,本四連系線,2026/01/03,03:00,逆方向,-461.327,-726.2,0,-12.473,-1200,熱容量,0,0,0,0,0,2026/01/02 16:50:03
翌日,20260102,策定,本四連系線,2026/01/03,03:30,順方向,1855.7,-682.7,0,27.0,1200,熱容量,0,0,0,0,0,2026/01/02 16:50:03
翌日,20260102,策定,本四連系線,2026/01/03,03:30,逆方向,-503.757,-682.7,0,-13.543,-1200,熱容量,0,0,0,0,0,2026/01/02 16:50:03
翌日,20260102,策定,本四連系線,2026/01/03,04:00,順方向,1830.9,-657.9,0,27.0,1200,熱容量,0,0,0,0,0,2026/01/02 16:50:03
翌日,20260102,策定,本四連系線,2026/01/03,04:00,逆方向,-528.557,-657.9,0,-13.543,-1200,熱容量,0,0,0,0,0,2026/01/02 16:50:03
翌日,20260102,策定,本四連系線,2026/01/03,04:30,順方向,1817.2,-644.2,0,27.0,1200,熱容量,0,0,0,0,0,2026/01/02 16:50:03
翌日,20260102,策定,本四連系線,2026/01/03,04:30,逆方向,-542.257,-644.2,0,-13.543,-1200,熱容量,0,0,0,0,0,2026/01/02 16:50:03
翌日,20260102,策定,本四連系線,2026/01/03,05:00,順方向,1847.1,-674.1,0,27.0,1200,熱容量,0,0,0,0,0,2026/01/02 16:50:03
翌日,20260102,策定,本四連系線,2026/01/03,05:00,逆方向,-512.357,-674.1,0,-13.543,-1200,熱容量,0,0,0,0,0,2026/01/02 16:50:03
翌日,20260102,策定,本四連系線,2026/01/03,05:30,順方向,1871.2,-698.2,0,27.0,1200,熱容量,0,0,0,0,0,2026/01/02 16:50:03
翌日,20260102,策定,本四連系線,2026/01/03,05:30,逆方向,-488.257,-698.2,0,-13.543,-1200,熱容量,0,0,0,0,0,2026/01/02 16:50:03
翌日,20260102,策定,本四連系線,2026/01/03,06:00,順方向,1929.0,-756.0,0,27.0,1200,熱容量,0,0,0,0,0,2026/01/02 16:50:03
翌日,20260102,策定,本四連系線,2026/01/03,06:00,逆方向,-430.457,-756.0,0,-13.543,-1200,熱容量,0,0,0,0,0,2026/01/02 16:50:03
翌日,20260102,策定,本四連系線,2026/01/03,06:30,順方向,2030.4,-832.4,0,2.0,1200,熱容量,0,0,0,0,0,2026/01/02 16:50:03
翌日,20260102,策定,本四連系線,2026/01/03,06:30,逆方向,-367.6,-832.4,0,0.0,-1200,熱容量,0,0,0,0,0,2026/01/02 16:50:03
翌日,20260102,策定,本四連系線,2026/01/03,07:00,順方向,2127.9,-929.9,0,2.0,1200,熱容量,0,0,0,0,0,2026/01/02 16:50:03
翌日,20260102,策定,本四連系線,2026/01/03,07:00,逆方向,-270.1,-929.9,0,0.0,-1200,熱容量,0,0,0,0,0,2026/01/02 16:50:03
翌日,20260102,策定,本四連系線,2026/01/03,07:30,順方向,2160.0,-962.0,0,2.0,1200,熱容量,0,0,0,0,0,2026/01/02 16:50:03
翌日,20260102,策定,本四連系線,2026/01/03,07:30,逆方向,-238.0,-962.0,0,0.0,-1200,熱容量,0,0,0,0,0,2026/01/02 16:50:03
翌日,20260102,策定,本四連系線,2026/01/03,08:00,順方向,2135.6,-937.6,0,2.0,1200,熱容量,0,0,0,0,0,2026/01/02 16:50:03
翌日,20260102,策定,本四連系線,2026/01/03,08:00,逆方向,-262.4,-937.6,0,0.0,-1200,熱容量,0,0,0,0,0,2026/01/02 16:50:03
翌日,20260102,策定,本四連系線,2026/01/03,08:30,順方向,2129.7,-931.7,0,2.0,1200,熱容量,0,0,0,0,0,2026/01/02 16:50:03
翌日,20260102,策定,本四連系線,2026/01/03,08:30,逆方向,-268.3,-931.7,0,0.0,-1200,熱容量,0,0,0,0,0,2026/01/02 16:50:03
翌日,20260102,策定,本四連系線,2026/01/03,09:00,順方向,2249.8,-1051.8,0,2.0,1200,熱容量,0,0,0,0,0,2026/01/02 16:50:03
翌日,20260102,策定,本四連系線,2026/01/03,09:00,逆方向,-148.2,-1051.8,0,0.0,-1200,熱容量,0,0,0,0,0,2026/01/02 16:50:03
翌日,20260102,策定,本四連系線,2026/01/03,09:30,順方向,2221.3,-1047.3,0,26.0,1200,熱容量,0,0,0,0,0,2026/01/02 16:50:03
翌日,20260102,策定,本四連系線,2026/01/03,09:30,逆方向,-355.7,-1047.3,0,-47.0,-1450,熱容量,0,0,0,0,0,2026/01/02 16:50:03
翌日,20260102,策定,本四連系線,2026/01/03,10:00,順方向,1869.7,-695.7,0,26.0,1200,熱容量,0,0,0,0,0,2026/01/02 16:50:03
翌日,20260102,策定,本四連系線,2026/01/03,10:00,逆方向,-707.3,-695.7,0,-47.0,-1450,熱容量,0,0,0,0,0,2026/01/02 16:50:03
翌日,20260102,策定,本四連系線,2026/01/03,10:30,順方向,1815.1,-641.1,0,26.0,1200,熱容量,0,0,0,0,0,2026/01/02 16:50:03
翌日,20260102,策定,本四連系線,2026/01/03,10:30,逆方向,-761.9,-641.1,0,-47.0,-1450,熱容量,0,0,0,0,0,2026/01/02 16:50:03
翌日,20260102,策定,本四連系線,2026/01/03,11:00,順方向,1938.4,-784.4,0,26.0,1180,周波数（作業）,0,0,0,0,0,2026/01/02 16:50:03
翌日,20260102,策定,本四連系線,2026/01/03,11:00,逆方向,-618.6,-784.4,0,-47.0,-1450,熱容量,0,0,0,0,0,2026/01/02 16:50:03
翌日,20260102,策定,本四連系線,2026/01/03,11:30,順方向,2037.7,-903.7,0,26.0,1160,周波数（作業）,0,0,0,0,0,2026/01/02 16:50:03
翌日,20260102,策定,本四連系線,2026/01/03,11:30,逆方向,-499.3,-903.7,0,-47.0,-1450,熱容量,0,0,0,0,0,2026/01/02 16:50:03
翌日,20260102,策定,本四連系線,2026/01/03,12:00,順方向,2144.1,-1020.1,0,26.0,1150,周波数（作業）,0,0,0,0,0,2026/01/02 16:50:03
翌日,20260102,策定,本四連系線,2026/01/03,12:00,逆方向,-382.9,-1020.1,0,-47.0,-1450,熱容量,0,0,0,0,0,2026/01/02 16:50:03
翌日,20260102,策定,本四連系線,2026/01/03,12:30,順方向,2140.5,-1023.5,0,33.0,1150,周波数（作業）,0,0,0,0,0,2026/01/02 16:50:03
翌日,20260102,策定,本四連系線,2026/01/03,12:30,逆方向,-426.5,-1023.5,0,0.0,-1450,熱容量,0,0,0,0,0,2026/01/02 16:50:03
翌日,20260102,策定,本四連系線,2026/01/03,13:00,順方向,2165.7,-1048.7,0,33.0,1150,周波数（作業）,0,0,0,0,0,2026/01/02 16:50:03
翌日,20260102,策定,本四連系線,2026/01/03,13:00,逆方向,-401.3,-1048.7,0,0.0,-1450,熱容量,0,0,0,0,0,2026/01/02 16:50:03
翌日,20260102,策定,本四連系線,2026/01/03,13:30,順方向,2202.1,-1075.1,0,33.0,1160,周波数（作業）,0,0,0,0,0,2026/01/02 16:50:03
翌日,20260102,策定,本四連系線,2026/01/03,13:30,逆方向,-374.9,-1075.1,0,0.0,-1450,熱容量,0,0,0,0,0,2026/01/02 16:50:03
翌日,20260102,策定,本四連系線,2026/01/03,14:00,順方向,2136.6,-999.6,0,33.0,1170,周波数（作業）,0,0,0,0,0,2026/01/02 16:50:03
翌日,20260102,策定,本四連系線,2026/01/03,14:00,逆方向,-450.4,-999.6,0,0.0,-1450,熱容量,0,0,0,0,0,2026/01/02 16:50:03
翌日,20260102,策定,本四連系線,2026/01/03,14:30,順方向,2109.0,-962.0,0,33.0,1180,周波数（作業）,0,0,0,0,0,2026/01/02 16:50:03
翌日,20260102,策定,本四連系線,2026/01/03,14:30,逆方向,-488.0,-962.0,0,0.0,-1450,熱容量,0,0,0,0,0,2026/01/02 16:50:03
翌日,20260102,策定,本四連系線,2026/01/03,15:00,順方向,1932.5,-765.5,0,33.0,1200,熱容量,0,0,0,0,0,2026/01/02 16:50:03
翌日,20260102,策定,本四連系線,2026/01/03,15:00,逆方向,-684.5,-765.5,0,0.0,-1450,熱容量,0,0,0,0,0,2026/01/02 16:50:03
翌日,20260102,策定,本四連系線,2026/01/03,15:30,順方向,1828.9,-699.9,0,71.0,1200,熱容量,0,0,0,0,0,2026/01/02 16:50:03
翌日,20260102,策定,本四連系線,2026/01/03,15:30,逆方向,-500.1,-699.9,0,0.0,-1200,熱容量,0,0,0,0,0,2026/01/02 16:50:03
翌日,20260102,策定,本四連系線,2026/01/03,16:00,順方向,2151.3,-1022.3,0,71.0,1200,熱容量,0,0,0,0,0,2026/01/02 16:50:03
翌日,20260102,策定,本四連系線,2026/01/03,16:00,逆方向,-177.7,-1022.3,0,0.0,-1200,熱容量,0,0,0,0,0,2026/01/02 16:50:03
翌日,20260102,策定,本四連系線,2026/01/03,16:30,順方向,2329.0,-1200.0,0,71.0,1200,熱容量,0,0,0,0,0,2026/01/02 16:50:03
翌日,20260102,策定,本四連系線,2026/01/03,16:30,逆方向,0.0,-1200.0,0,0.0,-1200,熱容量,0,0,0,0,0,2026/01/02 16:50:03
翌日,20260102,策定,本四連系線,2026/01/03,17:00,順方向,2160.3,-1031.3,0,71.0,1200,熱容量,0,0,0,0,0,2026/01/02 16:50:03
翌日,20260102,策定,本四連系線,2026/01/03,17:00,逆方向,-168.7,-1031.3,0,0.0,-1200,熱容量,0,0,0,0,0,2026/01/02 16:50:03
翌日,20260102,策定,本四連系線,2026/01/03,17:30,順方向,2174.2,-1045.2,0,71.0,1200,熱容量,0,0,0,0,0,2026/01/02 16:50:03
翌日,20260102,策定,本四連系線,2026/01/03,17:30,逆方向,-154.8,-1045.2,0,0.0,-1200,熱容量,0,0,0,0,0,2026/01/02 16:50:03
翌日,20260102,策定,本四連系線,2026/01/03,18:00,順方向,2066.0,-937.0,0,71.0,1200,熱容量,0,0,0,0,0,2026/01/02 16:50:03
翌日,20260102,策定,本四連系線,2026/01/03,18:00,逆方向,-263.0,-937.0,0,0.0,-1200,熱容量,0,0,0,0,0,2026/01/02 16:50:03
翌日,20260102,策定,本四連系線,2026/01/03,18:30,順方向,2046.6,-855.6,0,9.0,1200,熱容量,0,0,0,0,0,2026/01/02 16:50:03
翌日,20260102,策定,本四連系線,2026/01/03,18:30,逆方向,-321.927,-855.6,0,-22.473,-1200,熱容量,0,0,0,0,0,2026/01/02 16:50:03
翌日,20260102,策定,本四連系線,2026/01/03,19:00,順方向,2041.8,-850.8,0,9.0,1200,熱容量,0,0,0,0,0,2026/01/02 16:50:03
翌日,20260102,策定,本四連系線,2026/01/03,19:00,逆方向,-326.727,-850.8,0,-22.473,-1200,熱容量,0,0,0,0,0,2026/01/02 16:50:03
翌日,20260102,策定,本四連系線,2026/01/03,19:30,順方向,2057.1,-866.1,0,9.0,1200,熱容量,0,0,0,0,0,2026/01/02 16:50:03
翌日,20260102,策定,本四連系線,2026/01/03,19:30,逆方向,-311.427,-866.1,0,-22.473,-1200,熱容量,0,0,0,0,0,2026/01/02 16:50:03
翌日,20260102,策定,本四連系線,2026/01/03,20:00,順方向,2076.3,-885.3,0,9.0,1200,熱容量,0,0,0,0,0,2026/01/02 16:50:03
翌日,20260102,策定,本四連系線,2026/01/03,20:00,逆方向,-292.227,-885.3,0,-22.473,-1200,熱容量,0,0,0,0,0,2026/01/02 16:50:03
翌日,20260102,策定,本四連系線,2026/01/03,20:30,順方向,2059.9,-868.9,0,9.0,1200,熱容量,0,0,0,0,0,2026/01/02 16:50:03
翌日,20260102,策定,本四連系線,2026/01/03,20:30,逆方向,-308.627,-868.9,0,-22.473,-1200,熱容量,0,0,0,0,0,2026/01/02 16:50:03
翌日,20260102,策定,本四連系線,2026/01/03,21:00,順方向,2142.5,-951.5,0,9.0,1200,熱容量,0,0,0,0,0,2026/01/02 16:50:03
翌日,20260102,策定,本四連系線,2026/01/03,21:00,逆方向,-226.027,-951.5,0,-22.473,-1200,熱容量,0,0,0,0,0,2026/01/02 16:50:03
翌日,20260102,策定,本四連系線,2026/01/03,21:30,順方向,2024.9,-860.9,0,36.0,1200,熱容量,0,0,0,0,0,2026/01/02 16:50:03
翌日,20260102,策定,本四連系線,2026/01/03,21:30,逆方向,-335.557,-860.9,0,-3.543,-1200,熱容量,0,0,0,0,0,2026/01/02 16:50:03
翌日,20260102,策定,本四連系線,2026/01/03,22:00,順方向,2026.4,-862.4,0,36.0,1200,熱容量,0,0,0,0,0,2026/01/02 16:50:03
翌日,20260102,策定,本四連系線,2026/01/03,22:00,逆方向,-334.057,-862.4,0,-3.543,-1200,熱容量,0,0,0,0,0,2026/01/02 16:50:03
翌日,20260102,策定,本四連系線,2026/01/03,22:30,順方向,2137.7,-974.7,0,37.0,1200,熱容量,0,0,0,0,0,2026/01/02 16:50:03
翌日,20260102,策定,本四連系線,2026/01/03,22:30,逆方向,-221.757,-974.7,0,-3.543,-1200,熱容量,0,0,0,0,0,2026/01/02 16:50:03
翌日,20260102,策定,本四連系線,2026/01/03,23:00,順方向,2212.3,-1048.3,0,36.0,1200,熱容量,0,0,0,0,0,2026/01/02 16:50:03
翌日,20260102,策定,本四連系線,2026/01/03,23:00,逆方向,-148.157,-1048.3,0,-3.543,-1200,熱容量,0,0,0,0,0,2026/01/02 16:50:03
翌日,20260102,策定,本四連系線,2026/01/03,23:30,順方向,2124.7,-960.7,0,36.0,1200,熱容量,0,0,0,0,0,2026/01/02 16:50:03
翌日,20260102,策定,本四連系線,2026/01/03,23:30,逆方向,-235.757,-960.7,0,-3.543,-1200,熱容量,0,0,0,0,0,2026/01/02 16:50:03
翌日,20260102,策定,本四連系線,2026/01/03,24:00,順方向,2121.3,-957.3,0,36.0,1200,熱容量,0,0,0,0,0,2026/01/02 16:50:03
翌日,20260102,策定,本四連系線,2026/01/03,24:00,逆方向,-239.157,-957.3,0,-3.543,-1200,熱容量,0,0,0,0,0,2026/01/02 16:50:03
翌日,20260102,策定,関門連系線,2026/01/03,00:30,順方向,1277.4,-952.4,0,115.0,440,周波数,0,0,0,0,0,2026/01/02 16:50:03
翌日,20260102,策定,関門連系線,2026/01/03,00:30,逆方向,-907.6,-952.4,0,0.0,-1860,周波数,0,0,0,0,0,2026/01/02 16:50:03
翌日,20260102,策定,関門連系線,2026/01/03,01:00,順方向,1287.3,-962.3,0,115.0,440,周波数,0,0,0,0,0,2026/01/02 16:50:03
翌日,20260102,策定,関門連系線,2026/01/03,01:00,逆方向,-877.7,-962.3,0,0.0,-1840,周波数,0,0,0,0,0,2026/01/02 16:50:03
翌日,20260102,策定,関門連系線,2026/01/03,01:30,順方向,1330.9,-1005.9,0,115.0,440,周波数,0,0,0,0,0,2026/01/02 16:50:03
翌日,20260102,策定,関門連系線,2026/01/03,01:30,逆方向,-824.1,-1005.9,0,0.0,-1830,周波数,0,0,0,0,0,2026/01/02 16:50:03
翌日,20260102,策定,関門連系線,2026/01/03,02:00,順方向,1388.2,-1063.2,0,115.0,440,周波数,0,0,0,0,0,2026/01/02 16:50:03
翌日,20260102,策定,関門連系線,2026/01/03,02:00,逆方向,-766.8,-1063.2,0,0.0,-1830,周波数,0,0,0,0,0,2026/01/02 16:50:03
翌日,20260102,策定,関門連系線,2026/01/03,02:30,順方向,1456.1,-1121.1,0,115.0,450,周波数,0,0,0,0,0,2026/01/02 16:50:03
翌日,20260102,策定,関門連系線,2026/01/03,02:30,逆方向,-728.9,-1121.1,0,0.0,-1850,周波数,0,0,0,0,0,2026/01/02 16:50:03
翌日,20260102,策定,関門連系線,2026/01/03,03:00,順方向,1505.7,-1164.7,0,119.0,460,周波数,0,0,0,0,0,2026/01/02 16:50:03
翌日,20260102,策定,関門連系線,2026/01/03,03:00,逆方向,-715.3,-1164.7,0,0.0,-1880,周波数,0,0,0,0,0,2026/01/02 16:50:03
翌日,20260102,策定,関門連系線,2026/01/03,03:30,順方向,1550.083,-1121.2,0,41.117,470,周波数,0,0,0,0,0,2026/01/02 16:50:03
翌日,20260102,策定,関門連系線,2026/01/03,03:30,逆方向,-768.8,-1121.2,0,0.0,-1890,周波数,0,0,0,0,0,2026/01/02 16:50:03
翌日,20260102,策定,関門連系線,2026/01/03,04:00,順方向,1549.283,-1110.4,0,41.117,480,周波数,0,0,0,0,0,2026/01/02 16:50:03
翌日,20260102,策定,関門連系線,2026/01/03,04:00,逆方向,-789.6,-1110.4,0,0.0,-1900,周波数,0,0,0,0,0,2026/01/02 16:50:03
翌日,20260102,策定,関門連系線,2026/01/03,04:30,順方向,1506.883,-1068.0,0,41.117,480,周波数,0,0,0,0,0,2026/01/02 16:50:03
翌日,20260102,策定,関門連系線,2026/01/03,04:30,逆方向,-832.0,-1068.0,0,0.0,-1900,周波数,0,0,0,0,0,2026/01/02 16:50:03
翌日,20260102,策定,関門連系線,2026/01/03,05:00,順方向,1463.383,-1034.5,0,41.117,470,周波数,0,0,0,0,0,2026/01/02 16:50:03
翌日,20260102,策定,関門連系線,2026/01/03,05:00,逆方向,-845.5,-1034.5,0,0.0,-1880,周波数,0,0,0,0,0,2026/01/02 16:50:03
翌日,20260102,策定,関門連系線,2026/01/03,05:30,順方向,1410.883,-982.0,0,41.117,470,周波数,0,0,0,0,0,2026/01/02 16:50:03
翌日,20260102,策定,関門連系線,2026/01/03,05:30,逆方向,-878.0,-982.0,0,0.0,-1860,周波数,0,0,0,0,0,2026/01/02 16:50:03
翌日,20260102,策定,関門連系線,2026/01/03,06:00,順方向,1362.083,-943.2,0,41.117,460,周波数,0,0,0,0,0,2026/01/02 16:50:03
翌日,20260102,策定,関門連系線,2026/01/03,06:00,逆方向,-906.8,-943.2,0,0.0,-1850,周波数,0,0,0,0,0,2026/01/02 16:50:03
翌日,20260102,策定,関門連系線,2026/01/03,06:30,順方向,1334.0,-884.0,0,0.0,450,周波数,0,0,0,0,0,2026/01/02 16:50:03
翌日,20260102,策定,関門連系線,2026/01/03,06:30,逆方向,-956.0,-884.0,0,0.0,-1840,周波数,0,0,0,0,0,2026/01/02 16:50:03
翌日,20260102,策定,関門連系線,2026/01/03,07:00,順方向,1298.2,-848.2,0,0.0,450,周波数,0,0,0,0,0,2026/01/02 16:50:03
翌日,20260102,策定,関門連系線,2026/01/03,07:00,逆方向,-991.8,-848.2,0,0.0,-1840,周波数,0,0,0,0,0,2026/01/02 16:50:03
翌日,20260102,策定,関門連系線,2026/01/03,07:30,順方向,1271.5,-821.5,0,0.0,450,周波数,0,0,0,0,0,2026/01/02 16:50:03
翌日,20260102,策定,関門連系線,2026/01/03,07:30,逆方向,-1058.5,-821.5,0,0.0,-1880,周波数,0,0,0,0,0,2026/01/02 16:50:03
翌日,20260102,策定,関門連系線,2026/01/03,08:00,順方向,1275.0,-815.0,0,0.0,460,周波数,0,0,0,0,0,2026/01/02 16:50:03
翌日,20260102,策定,関門連系線,2026/01/03,08:00,逆方向,-1097.0,-815.0,0,-8.0,-1920,周波数,0,0,0,0,0,2026/01/02 16:50:03
翌日,20260102,策定,関門連系線,2026/01/03,08:30,順方向,1279.2,-869.2,0,0.0,410,周波数,0,0,0,0,0,2026/01/02 16:50:03
翌日,20260102,策定,関門連系線,2026/01/03,08:30,逆方向,-1138.247,-869.2,0,-12.553,-2020,周波数,0,0,0,0,0,2026/01/02 16:50:03
翌日,20260102,策定,関門連系線,2026/01/03,09:00,順方向,2085.7,-1745.7,0,0.0,340,周波数,0,0,0,0,0,2026/01/02 16:50:03
翌日,20260102,策定,関門連系線,2026/01/03,09:00,逆方向,-254.3,-1745.7,0,0.0,-2000,周波数,0,0,0,0,0,2026/01/02 16:50:03
翌日,20260102,策定,関門連系線,2026/01/03,09:30,順方向,1913.5,-1643.5,0,0.0,270,周波数,0,0,0,0,0,2026/01/02 16:50:03
翌日,20260102,策定,関門連系線,2026/01/03,09:30,逆方向,-346.5,-1643.5,0,0.0,-1990,周波数,0,0,0,0,0,2026/01/02 16:50:03
翌日,20260102,策定,関門連系線,2026/01/03,10:00,順方向,2135.0,-1940.0,0,15.0,210,周波数,0,0,0,0,0,2026/01/02 16:50:03
翌日,20260102,策定,関門連系線,2026/01/03,10:00,逆方向,0.0,-1940.0,0,0.0,-1940,周波数,0,0,0,0,0,2026/01/02 16:50:03
翌日,20260102,策定,関門連系線,2026/01/03,10:30,順方向,1976.1,-1826.1,0,0.0,150,周波数,0,0,0,0,0,2026/01/02 16:50:03
翌日,20260102,策定,関門連系線,2026/01/03,10:30,逆方向,-73.9,-1826.1,0,0.0,-1900,周波数,0,0,0,0,0,2026/01/02 16:50:03
翌日,20260102,策定,関門連系線,2026/01/03,11:00,順方向,1879.0,-1865.0,0,106.0,120,周波数,0,0,0,0,0,2026/01/02 16:50:03
翌日,20260102,策定,関門連系線,2026/01/03,11:00,逆方向,0.0,-1865.0,0,0.0,-1865,周波数,0,0,0,0,0,2026/01/02 16:50:03
翌日,20260102,策定,関門連系線,2026/01/03,11:30,順方向,1941.0,-1851.0,0,0.0,90,周波数,0,0,0,0,0,2026/01/02 16:50:03
翌日,20260102,策定,関門連系線,2026/01/03,11:30,逆方向,0.0,-1851.0,0,0.0,-1851,周波数,0,0,0,0,0,2026/01/02 16:50:03
翌日,20260102,策定,関門連系線,2026/01/03,12:00,順方向,1868.0,-1840.0,0,52.0,80,周波数,0,0,0,0,0,2026/01/02 16:50:03
翌日,20260102,策定,関門連系線,2026/01/03,12:00,逆方向,0.0,-1840.0,0,0.0,-1840,周波数,0,0,0,0,0,2026/01/02 16:50:03
翌日,20260102,策定,関門連系線,2026/01/03,12:30,順方向,1860.0,-1830.0,0,40.0,70,周波数,0,0,0,0,0,2026/01/02 16:50:03
翌日,20260102,策定,関門連系線,2026/01/03,12:30,逆方向,0.0,-1830.0,0,0.0,-1830,周波数,0,0,0,0,0,2026/01/02 16:50:03
翌日,20260102,策定,関門連系線,2026/01/03,13:00,順方向,1790.0,-1790.0,0,60.0,60,周波数,0,0,0,0,0,2026/01/02 16:50:03
翌日,20260102,策定,関門連系線,2026/01/03,13:00,逆方向,0.0,-1790.0,0,0.0,-1790,周波数,0,0,0,0,0,2026/01/02 16:50:03
翌日,20260102,策定,関門連系線,2026/01/03,13:30,順方向,1750.0,-1750.0,0,60.0,60,周波数,0,0,0,0,0,2026/01/02 16:50:03
翌日,20260102,策定,関門連系線,2026/01/03,13:30,逆方向,0.0,-1750.0,0,0.0,-1750,周波数,0,0,0,0,0,2026/01/02 16:50:03
翌日,20260102,策定,関門連系線,2026/01/03,14:00,順方向,1740.0,-1740.0,0,60.0,60,周波数,0,0,0,0,0,2026/01/02 16:50:03
翌日,20260102,策定,関門連系線,2026/01/03,14:00,逆方向,0.0,-1740.0,0,0.0,-1740,周波数,0,0,0,0,0,2026/01/02 16:50:03
翌日,20260102,策定,関門連系線,2026/01/03,14:30,順方向,1750.0,-1740.0,0,60.0,70,周波数,0,0,0,0,0,2026/01/02 16:50:03
翌日,20260102,策定,関門連系線,2026/01/03,14:30,逆方向,0.0,-1740.0,0,0.0,-1740,周波数,0,0,0,0,0,2026/01/02 16:50:03
翌日,20260102,策定,関門連系線,2026/01/03,15:00,順方向,1740.0,-1740.0,0,90.0,90,周波数,0,0,0,0,0,2026/01/02 16:50:03
翌日,20260102,策定,関門連系線,2026/01/03,15:00,逆方向,0.0,-1740.0,0,0.0,-1740,周波数,0,0,0,0,0,2026/01/02 16:50:03
翌日,20260102,策定,関門連系線,2026/01/03,15:30,順方向,1686.401,-1571.4,0,14.999,130,周波数,0,0,0,0,0,2026/01/02 16:50:03
翌日,20260102,策定,関門連系線,2026/01/03,15:30,逆方向,-188.6,-1571.4,0,0.0,-1760,周波数,0,0,0,0,0,2026/01/02 16:50:03
翌日,20260102,策定,関門連系線,2026/01/03,16:00,順方向,1705.701,-1540.7,0,14.999,180,周波数,0,0,0,0,0,2026/01/02 16:50:03
翌日,20260102,策定,関門連系線,2026/01/03,16:00,逆方向,-239.3,-1540.7,0,0.0,-1780,周波数,0,0,0,0,0,2026/01/02 16:50:03
翌日,20260102,策定,関門連系線,2026/01/03,16:30,順方向,1728.201,-1493.2,0,14.999,250,周波数,0,0,0,0,0,2026/01/02 16:50:03
翌日,20260102,策定,関門連系線,2026/01/03,16:30,逆方向,-326.8,-1493.2,0,0.0,-1820,周波数,0,0,0,0,0,2026/01/02 16:50:03
翌日,20260102,策定,関門連系線,2026/01/03,17:00,順方向,1775.501,-1460.5,0,14.999,330,周波数,0,0,0,0,0,2026/01/02 16:50:03
翌日,20260102,策定,関門連系線,2026/01/03,17:00,逆方向,-409.5,-1460.5,0,0.0,-1870,周波数,0,0,0,0,0,2026/01/02 16:50:03
翌日,20260102,策定,関門連系線,2026/01/03,17:30,順方向,1058.401,-683.4,0,14.999,390,周波数,0,0,0,0,0,2026/01/02 16:50:03
翌日,20260102,策定,関門連系線,2026/01/03,17:30,逆方向,-1286.6,-683.4,0,0.0,-1970,周波数,0,0,0,0,0,2026/01/02 16:50:03
翌日,20260102,策定,関門連系線,2026/01/03,18:00,順方向,1177.701,-732.7,0,14.999,460,周波数,0,0,0,0,0,2026/01/02 16:50:03
翌日,20260102,策定,関門連系線,2026/01/03,18:00,逆方向,-1347.3,-732.7,0,0.0,-2080,周波数,0,0,0,0,0,2026/01/02 16:50:03
翌日,20260102,策定,関門連系線,2026/01/03,18:30,順方向,1157.4,-731.4,0,54.0,480,周波数,0,0,0,0,0,2026/01/02 16:50:03
翌日,20260102,策定,関門連系線,2026/01/03,18:30,逆方向,-1378.6,-731.4,0,0.0,-2110,周波数,0,0,0,0,0,2026/01/02 16:50:03
翌日,20260102,策定,関門連系線,2026/01/03,19:00,順方向,1169.1,-723.1,0,54.0,500,周波数,0,0,0,0,0,2026/01/02 16:50:03
翌日,20260102,策定,関門連系線,2026/01/03,19:00,逆方向,-1416.9,-723.1,0,0.0,-2140,周波数,0,0,0,0,0,2026/01/02 16:50:03
翌日,20260102,策定,関門連系線,2026/01/03,19:30,順方向,1188.7,-742.7,0,54.0,500,周波数,0,0,0,0,0,2026/01/02 16:50:03
翌日,20260102,策定,関門連系線,2026/01/03,19:30,逆方向,-1397.3,-742.7,0,0.0,-2140,周波数,0,0,0,0,0,2026/01/02 16:50:03
翌日,20260102,策定,関門連系線,2026/01/03,20:00,順方向,1215.3,-759.3,0,54.0,510,周波数,0,0,0,0,0,2026/01/02 16:50:03
翌日,20260102,策定,関門連系線,2026/01/03,20:00,逆方向,-1370.7,-759.3,0,0.0,-2130,周波数,0,0,0,0,0,2026/01/02 16:50:03
翌日,20260102,策定,関門連系線,2026/01/03,20:30,順方向,1241.7,-785.7,0,54.0,510,周波数,0,0,0,0,0,2026/01/02 16:50:03
翌日,20260102,策定,関門連系線,2026/01/03,20:30,逆方向,-1344.3,-785.7,0,0.0,-2130,周波数,0,0,0,0,0,2026/01/02 16:50:03
翌日,20260102,策定,関門連系線,2026/01/03,21:00,順方向,1243.1,-797.1,0,54.0,500,周波数,0,0,0,0,0,2026/01/02 16:50:03
翌日,20260102,策定,関門連系線,2026/01/03,21:00,逆方向,-1312.9,-797.1,0,0.0,-2110,周波数,0,0,0,0,0,2026/01/02 16:50:03
翌日,20260102,策定,関門連系線,2026/01/03,21:30,順方向,1233.0,-763.0,0,30.0,500,周波数,0,0,0,0,0,2026/01/02 16:50:03
翌日,20260102,策定,関門連系線,2026/01/03,21:30,逆方向,-1322.0,-763.0,0,-5.0,-2090,周波数,0,0,0,0,0,2026/01/02 16:50:03
翌日,20260102,策定,関門連系線,2026/01/03,22:00,順方向,1194.8,-724.8,0,30.0,500,周波数,0,0,0,0,0,2026/01/02 16:50:03
翌日,20260102,策定,関門連系線,2026/01/03,22:00,逆方向,-1360.2,-724.8,0,-5.0,-2090,周波数,0,0,0,0,0,2026/01/02 16:50:03
翌日,20260102,策定,関門連系線,2026/01/03,22:30,順方向,1135.8,-685.8,0,30.0,480,周波数,0,0,0,0,0,2026/01/02 16:50:03
翌日,20260102,策定,関門連系線,2026/01/03,22:30,逆方向,-1289.2,-685.8,0,-15.0,-1990,周波数,0,0,0,0,0,2026/01/02 16:50:03
翌日,20260102,策定,関門連系線,2026/01/03,23:00,順方向,1149.9,-709.9,0,30.0,470,周波数,0,0,0,0,0,2026/01/02 16:50:03
翌日,20260102,策定,関門連系線,2026/01/03,23:00,逆方向,-1255.1,-709.9,0,-5.0,-1970,周波数,0,0,0,0,0,2026/01/02 16:50:03
翌日,20260102,策定,関門連系線,2026/01/03,23:30,順方向,1178.3,-748.3,0,30.0,460,周波数,0,0,0,0,0,2026/01/02 16:50:03
翌日,20260102,策定,関門連系線,2026/01/03,23:30,逆方向,-1196.7,-748.3,0,-5.0,-1950,周波数,0,0,0,0,0,2026/01/02 16:50:03
翌日,20260102,策定,関門連系線,2026/01/03,24:00,順方向,1229.0,-809.0,0,30.0,450,周波数,0,0,0,0,0,2026/01/02 16:50:03
翌日,20260102,策定,関門連系線,2026/01/03,24:00,逆方向,-1086.0,-809.0,0,-5.0,-1900,周波数,0,0,0,0,0,2026/01/02 16:50:03
翌日,20260102,策定,北陸フェンス,2026/01/03,00:30,順方向,300.0,600.0,0,0.0,900,周波数,0,0,0,0,0,2026/01/02 16:50:03
翌日,20260102,策定,北陸フェンス,2026/01/03,00:30,逆方向,-2500.0,600.0,0,0.0,-1900,安定度,0,0,0,0,0,2026/01/02 16:50:03
翌日,20260102,策定,北陸フェンス,2026/01/03,01:00,順方向,300.0,600.0,0,0.0,900,周波数,0,0,0,0,0,2026/01/02 16:50:03
翌日,20260102,策定,北陸フェンス,2026/01/03,01:00,逆方向,-2500.0,600.0,0,0.0,-1900,安定度,0,0,0,0,0,2026/01/02 16:50:03
翌日,20260102,策定,北陸フェンス,2026/01/03,01:30,順方向,300.0,600.0,0,0.0,900,周波数,0,0,0,0,0,2026/01/02 16:50:03
翌日,20260102,策定,北陸フェンス,2026/01/03,01:30,逆方向,-2500.0,600.0,0,0.0,-1900,安定度,0,0,0,0,0,2026/01/02 16:50:03
翌日,20260102,策定,北陸フェンス,2026/01/03,02:00,順方向,300.0,600.0,0,0.0,900,周波数,0,0,0,0,0,2026/01/02 16:50:03
翌日,20260102,策定,北陸フェンス,2026/01/03,02:00,逆方向,-2500.0,600.0,0,0.0,-1900,安定度,0,0,0,0,0,2026/01/02 16:50:03
翌日,20260102,策定,北陸フェンス,2026/01/03,02:30,順方向,300.0,600.0,0,0.0,900,周波数,0,0,0,0,0,2026/01/02 16:50:03
翌日,20260102,策定,北陸フェンス,2026/01/03,02:30,逆方向,-2500.0,600.0,0,0.0,-1900,安定度,0,0,0,0,0,2026/01/02 16:50:03
翌日,20260102,策定,北陸フェンス,2026/01/03,03:00,順方向,300.0,600.0,0,0.0,900,周波数,0,0,0,0,0,2026/01/02 16:50:03
翌日,20260102,策定,北陸フェンス,2026/01/03,03:00,逆方向,-2500.0,600.0,0,0.0,-1900,安定度,0,0,0,0,0,2026/01/02 16:50:03
翌日,20260102,策定,北陸フェンス,2026/01/03,03:30,順方向,300.0,600.0,0,0.0,900,周波数,0,0,0,0,0,2026/01/02 16:50:03
翌日,20260102,策定,北陸フェンス,2026/01/03,03:30,逆方向,-2500.0,600.0,0,0.0,-1900,安定度,0,0,0,0,0,2026/01/02 16:50:03
翌日,20260102,策定,北陸フェンス,2026/01/03,04:00,順方向,300.0,600.0,0,0.0,900,周波数,0,0,0,0,0,2026/01/02 16:50:03
翌日,20260102,策定,北陸フェンス,2026/01/03,04:00,逆方向,-2500.0,600.0,0,0.0,-1900,安定度,0,0,0,0,0,2026/01/02 16:50:03
翌日,20260102,策定,北陸フェンス,2026/01/03,04:30,順方向,300.0,600.0,0,0.0,900,周波数,0,0,0,0,0,2026/01/02 16:50:03
翌日,20260102,策定,北陸フェンス,2026/01/03,04:30,逆方向,-2500.0,600.0,0,0.0,-1900,安定度,0,0,0,0,0,2026/01/02 16:50:03
翌日,20260102,策定,北陸フェンス,2026/01/03,05:00,順方向,300.0,600.0,0,0.0,900,周波数,0,0,0,0,0,2026/01/02 16:50:03
翌日,20260102,策定,北陸フェンス,2026/01/03,05:00,逆方向,-2500.0,600.0,0,0.0,-1900,安定度,0,0,0,0,0,2026/01/02 16:50:03
翌日,20260102,策定,北陸フェンス,2026/01/03,05:30,順方向,313.7,586.3,0,0.0,900,周波数,0,0,0,0,0,2026/01/02 16:50:03
翌日,20260102,策定,北陸フェンス,2026/01/03,05:30,逆方向,-2486.3,586.3,0,0.0,-1900,安定度,0,0,0,0,0,2026/01/02 16:50:03
翌日,20260102,策定,北陸フェンス,2026/01/03,06:00,順方向,370.3,529.7,0,0.0,900,周波数,0,0,0,0,0,2026/01/02 16:50:03
翌日,20260102,策定,北陸フェンス,2026/01/03,06:00,逆方向,-2429.7,529.7,0,0.0,-1900,安定度,0,0,0,0,0,2026/01/02 16:50:03
翌日,20260102,策定,北陸フェンス,2026/01/03,06:30,順方向,385.1,514.9,0,0.0,900,周波数,0,0,0,0,0,2026/01/02 16:50:03
翌日,20260102,策定,北陸フェンス,2026/01/03,06:30,逆方向,-2407.9,514.9,0,-7.0,-1900,安定度,0,0,0,0,0,2026/01/02 16:50:03
翌日,20260102,策定,北陸フェンス,2026/01/03,07:00,順方向,415.2,484.8,0,0.0,900,周波数,0,0,0,0,0,2026/01/02 16:50:03
翌日,20260102,策定,北陸フェンス,2026/01/03,07:00,逆方向,-2377.8,484.8,0,-7.0,-1900,安定度,0,0,0,0,0,2026/01/02 16:50:03
翌日,20260102,策定,北陸フェンス,2026/01/03,07:30,順方向,404.0,496.0,0,0.0,900,周波数,0,0,0,0,0,2026/01/02 16:50:03
翌日,20260102,策定,北陸フェンス,2026/01/03,07:30,逆方向,-2389.0,496.0,0,-7.0,-1900,安定度,0,0,0,0,0,2026/01/02 16:50:03
翌日,20260102,策定,北陸フェンス,2026/01/03,08:00,順方向,339.8,560.2,0,0.0,900,周波数,0,0,0,0,0,2026/01/02 16:50:03
翌日,20260102,策定,北陸フェンス,2026/01/03,08:00,逆方向,-2453.2,560.2,0,-7.0,-1900,安定度,0,0,0,0,0,2026/01/02 16:50:03
翌日,20260102,策定,北陸フェンス,2026/01/03,08:30,順方向,293.5,606.5,0,0.0,900,周波数,0,0,0,0,0,2026/01/02 16:50:03
翌日,20260102,策定,北陸フェンス,2026/01/03,08:30,逆方向,-2099.5,606.5,0,-7.0,-1500,周波数,0,0,0,0,0,2026/01/02 16:50:03
翌日,20260102,策定,北陸フェンス,2026/01/03,09:00,順方向,277.8,622.2,0,0.0,900,周波数,0,0,0,0,0,2026/01/02 16:50:03
翌日,20260102,策定,北陸フェンス,2026/01/03,09:00,逆方向,-2115.2,622.2,0,-7.0,-1500,周波数,0,0,0,0,0,2026/01/02 16:50:03
翌日,20260102,策定,北陸フェンス,2026/01/03,09:30,順方向,280.7,619.3,0,0.0,900,周波数,0,0,0,0,0,2026/01/02 16:50:03
翌日,20260102,策定,北陸フェンス,2026/01/03,09:30,逆方向,-2119.3,619.3,0,0.0,-1500,周波数,0,0,0,0,0,2026/01/02 16:50:03
翌日,20260102,策定,北陸フェンス,2026/01/03,10:00,順方向,302.6,597.4,0,0.0,900,周波数,0,0,0,0,0,2026/01/02 16:50:03
翌日,20260102,策定,北陸フェンス,2026/01/03,10:00,逆方向,-2097.4,597.4,0,0.0,-1500,周波数,0,0,0,0,0,2026/01/02 16:50:03
翌日,20260102,策定,北陸フェンス,2026/01/03,10:30,順方向,337.1,562.9,0,0.0,900,周波数,0,0,0,0,0,2026/01/02 16:50:03
翌日,20260102,策定,北陸フェンス,2026/01/03,10:30,逆方向,-2062.9,562.9,0,0.0,-1500,周波数,0,0,0,0,0,2026/01/02 16:50:03
翌日,20260102,策定,北陸フェンス,2026/01/03,11:00,順方向,245.3,654.7,0,0.0,900,周波数,0,0,0,0,0,2026/01/02 16:50:03
翌日,20260102,策定,北陸フェンス,2026/01/03,11:00,逆方向,-2154.7,654.7,0,0.0,-1500,周波数,0,0,0,0,0,2026/01/02 16:50:03
翌日,20260102,策定,北陸フェンス,2026/01/03,11:30,順方向,409.5,490.5,0,0.0,900,周波数,0,0,0,0,0,2026/01/02 16:50:03
翌日,20260102,策定,北陸フェンス,2026/01/03,11:30,逆方向,-1990.5,490.5,0,0.0,-1500,周波数,0,0,0,0,0,2026/01/02 16:50:03
翌日,20260102,策定,北陸フェンス,2026/01/03,12:00,順方向,410.9,489.1,0,0.0,900,周波数,0,0,0,0,0,2026/01/02 16:50:03
翌日,20260102,策定,北陸フェンス,2026/01/03,12:00,逆方向,-1989.1,489.1,0,0.0,-1500,周波数,0,0,0,0,0,2026/01/02 16:50:03
翌日,20260102,策定,北陸フェンス,2026/01/03,12:30,順方向,424.1,475.9,0,0.0,900,周波数,0,0,0,0,0,2026/01/02 16:50:03
翌日,20260102,策定,北陸フェンス,2026/01/03,12:30,逆方向,-1966.9,475.9,0,-9.0,-1500,周波数,0,0,0,0,0,2026/01/02 16:50:03
翌日,20260102,策定,北陸フェンス,2026/01/03,13:00,順方向,513.7,386.3,0,0.0,900,周波数,0,0,0,0,0,2026/01/02 16:50:03
翌日,20260102,策定,北陸フェンス,2026/01/03,13:00,逆方向,-1877.3,386.3,0,-9.0,-1500,周波数,0,0,0,0,0,2026/01/02 16:50:03
翌日,20260102,策定,北陸フェンス,2026/01/03,13:30,順方向,594.2,305.8,0,0.0,900,周波数,0,0,0,0,0,2026/01/02 16:50:03
翌日,20260102,策定,北陸フェンス,2026/01/03,13:30,逆方向,-1796.8,305.8,0,-9.0,-1500,周波数,0,0,0,0,0,2026/01/02 16:50:03
翌日,20260102,策定,北陸フェンス,2026/01/03,14:00,順方向,595.1,304.9,0,0.0,900,周波数,0,0,0,0,0,2026/01/02 16:50:03
翌日,20260102,策定,北陸フェンス,2026/01/03,14:00,逆方向,-1795.9,304.9,0,-9.0,-1500,周波数,0,0,0,0,0,2026/01/02 16:50:03
翌日,20260102,策定,北陸フェンス,2026/01/03,14:30,順方向,619.0,281.0,0,0.0,900,周波数,0,0,0,0,0,2026/01/02 16:50:03
翌日,20260102,策定,北陸フェンス,2026/01/03,14:30,逆方向,-1772.0,281.0,0,-9.0,-1500,周波数,0,0,0,0,0,2026/01/02 16:50:03
翌日,20260102,策定,北陸フェンス,2026/01/03,15:00,順方向,682.3,217.7,0,0.0,900,周波数,0,0,0,0,0,2026/01/02 16:50:03
翌日,20260102,策定,北陸フェンス,2026/01/03,15:00,逆方向,-1708.7,217.7,0,-9.0,-1500,周波数,0,0,0,0,0,2026/01/02 16:50:03
翌日,20260102,策定,北陸フェンス,2026/01/03,15:30,順方向,673.5,226.5,0,0.0,900,周波数,0,0,0,0,0,2026/01/02 16:50:03
翌日,20260102,策定,北陸フェンス,2026/01/03,15:30,逆方向,-1723.5,226.5,0,-3.0,-1500,周波数,0,0,0,0,0,2026/01/02 16:50:03
翌日,20260102,策定,北陸フェンス,2026/01/03,16:00,順方向,678.3,221.7,0,0.0,900,周波数,0,0,0,0,0,2026/01/02 16:50:03
翌日,20260102,策定,北陸フェンス,2026/01/03,16:00,逆方向,-1718.7,221.7,0,-3.0,-1500,周波数,0,0,0,0,0,2026/01/02 16:50:03
翌日,20260102,策定,北陸フェンス,2026/01/03,16:30,順方向,647.5,252.5,0,0.0,900,周波数,0,0,0,0,0,2026/01/02 16:50:03
翌日,20260102,策定,北陸フェンス,2026/01/03,16:30,逆方向,-1749.5,252.5,0,-3.0,-1500,周波数,0,0,0,0,0,2026/01/02 16:50:03
翌日,20260102,策定,北陸フェンス,2026/01/03,17:00,順方向,528.2,371.8,0,0.0,900,周波数,0,0,0,0,0,2026/01/02 16:50:03
翌日,20260102,策定,北陸フェンス,2026/01/03,17:00,逆方向,-1868.8,371.8,0,-3.0,-1500,周波数,0,0,0,0,0,2026/01/02 16:50:03
翌日,20260102,策定,北陸フェンス,2026/01/03,17:30,順方向,582.2,317.8,0,0.0,900,周波数,0,0,0,0,0,2026/01/02 16:50:03
翌日,20260102,策定,北陸フェンス,2026/01/03,17:30,逆方向,-1814.8,317.8,0,-3.0,-1500,周波数,0,0,0,0,0,2026/01/02 16:50:03
翌日,20260102,策定,北陸フェンス,2026/01/03,18:00,順方向,513.3,386.7,0,0.0,900,周波数,0,0,0,0,0,2026/01/02 16:50:03
翌日,20260102,策定,北陸フェンス,2026/01/03,18:00,逆方向,-1883.7,386.7,0,-3.0,-1500,周波数,0,0,0,0,0,2026/01/02 16:50:03
翌日,20260102,策定,北陸フェンス,2026/01/03,18:30,順方向,563.3,336.7,0,0.0,900,周波数,0,0,0,0,0,2026/01/02 16:50:03
翌日,20260102,策定,北陸フェンス,2026/01/03,18:30,逆方向,-1824.7,336.7,0,-12.0,-1500,周波数,0,0,0,0,0,2026/01/02 16:50:03
翌日,20260102,策定,北陸フェンス,2026/01/03,19:00,順方向,564.5,335.5,0,0.0,900,周波数,0,0,0,0,0,2026/01/02 16:50:03
翌日,20260102,策定,北陸フェンス,2026/01/03,19:00,逆方向,-1823.5,335.5,0,-12.0,-1500,周波数,0,0,0,0,0,2026/01/02 16:50:03
翌日,20260102,策定,北陸フェンス,2026/01/03,19:30,順方向,578.9,321.1,0,0.0,900,周波数,0,0,0,0,0,2026/01/02 16:50:03
翌日,20260102,策定,北陸フェンス,2026/01/03,19:30,逆方向,-1809.1,321.1,0,-12.0,-1500,周波数,0,0,0,0,0,2026/01/02 16:50:03
翌日,20260102,策定,北陸フェンス,2026/01/03,20:00,順方向,604.1,295.9,0,0.0,900,周波数,0,0,0,0,0,2026/01/02 16:50:03
翌日,20260102,策定,北陸フェンス,2026/01/03,20:00,逆方向,-1783.9,295.9,0,-12.0,-1500,周波数,0,0,0,0,0,2026/01/02 16:50:03
翌日,20260102,策定,北陸フェンス,2026/01/03,20:30,順方向,620.2,279.8,0,0.0,900,周波数,0,0,0,0,0,2026/01/02 16:50:03
翌日,20260102,策定,北陸フェンス,2026/01/03,20:30,逆方向,-1767.8,279.8,0,-12.0,-1500,周波数,0,0,0,0,0,2026/01/02 16:50:03
翌日,20260102,策定,北陸フェンス,2026/01/03,21:00,順方向,640.0,260.0,0,0.0,900,周波数,0,0,0,0,0,2026/01/02 16:50:03
翌日,20260102,策定,北陸フェンス,2026/01/03,21:00,逆方向,-1748.0,260.0,0,-12.0,-1500,周波数,0,0,0,0,0,2026/01/02 16:50:03
翌日,20260102,策定,北陸フェンス,2026/01/03,21:30,順方向,623.8,276.2,0,0.0,900,周波数,0,0,0,0,0,2026/01/02 16:50:03
翌日,20260102,策定,北陸フェンス,2026/01/03,21:30,逆方向,-1776.2,276.2,0,0.0,-1500,周波数,0,0,0,0,0,2026/01/02 16:50:03
翌日,20260102,策定,北陸フェンス,2026/01/03,22:00,順方向,689.0,211.0,0,0.0,900,周波数,0,0,0,0,0,2026/01/02 16:50:03
翌日,20260102,策定,北陸フェンス,2026/01/03,22:00,逆方向,-1711.0,211.0,0,0.0,-1500,周波数,0,0,0,0,0,2026/01/02 16:50:03
翌日,20260102,策定,北陸フェンス,2026/01/03,22:30,順方向,627.9,272.1,0,0.0,900,周波数,0,0,0,0,0,2026/01/02 16:50:03
翌日,20260102,策定,北陸フェンス,2026/01/03,22:30,逆方向,-2172.1,272.1,0,0.0,-1900,安定度,0,0,0,0,0,2026/01/02 16:50:03
翌日,20260102,策定,北陸フェンス,2026/01/03,23:00,順方向,511.8,388.2,0,0.0,900,周波数,0,0,0,0,0,2026/01/02 16:50:03
翌日,20260102,策定,北陸フェンス,2026/01/03,23:00,逆方向,-2288.2,388.2,0,0.0,-1900,安定度,0,0,0,0,0,2026/01/02 16:50:03
翌日,20260102,策定,北陸フェンス,2026/01/03,23:30,順方向,484.7,415.3,0,0.0,900,周波数,0,0,0,0,0,2026/01/02 16:50:03
翌日,20260102,策定,北陸フェンス,2026/01/03,23:30,逆方向,-2315.3,415.3,0,0.0,-1900,安定度,0,0,0,0,0,2026/01/02 16:50:03
翌日,20260102,策定,北陸フェンス,2026/01/03,24:00,順方向,495.4,404.6,0,0.0,900,周波数,0,0,0,0,0,2026/01/02 16:50:03
翌日,20260102,策定,北陸フェンス,2026/01/03,24:00,逆方向,-2304.6,404.6,0,0.0,-1900,安定度,0,0,0,0,0,2026/01/02 16:50:03
翌日,20260102,策定,関西-中国（東）,2026/01/03,00:30,順方向,5226.172,-2081.93,0,115.758,3260,熱容量,0,0,0,0,0,2026/01/02 16:50:03
翌日,20260102,策定,関西-中国（東）,2026/01/03,00:30,逆方向,-2668.01,-2081.99,0,0.0,-4750,電圧,0,0,0,0,0,2026/01/02 16:50:03
翌日,20260102,策定,関西-中国（東）,2026/01/03,01:00,順方向,5309.2,-2164.958,0,115.758,3260,熱容量,0,0,0,0,0,2026/01/02 16:50:03
翌日,20260102,策定,関西-中国（東）,2026/01/03,01:00,逆方向,-2585.012,-2164.988,0,0.0,-4750,電圧,0,0,0,0,0,2026/01/02 16:50:03
翌日,20260102,策定,関西-中国（東）,2026/01/03,01:30,順方向,5274.184,-2129.942,0,115.758,3260,熱容量,0,0,0,0,0,2026/01/02 16:50:03
翌日,20260102,策定,関西-中国（東）,2026/01/03,01:30,逆方向,-2620.028,-2129.972,0,0.0,-4750,電圧,0,0,0,0,0,2026/01/02 16:50:03
翌日,20260102,策定,関西-中国（東）,2026/01/03,02:00,順方向,5200.214,-2055.972,0,115.758,3260,熱容量,0,0,0,0,0,2026/01/02 16:50:03
翌日,20260102,策定,関西-中国（東）,2026/01/03,02:00,逆方向,-2693.998,-2056.002,0,0.0,-4750,電圧,0,0,0,0,0,2026/01/02 16:50:03
翌日,20260102,策定,関西-中国（東）,2026/01/03,02:30,順方向,5027.182,-1882.94,0,115.758,3260,熱容量,0,0,0,0,0,2026/01/02 16:50:03
翌日,20260102,策定,関西-中国（東）,2026/01/03,02:30,逆方向,-2866.97,-1883.03,0,0.0,-4750,電圧,0,0,0,0,0,2026/01/02 16:50:03
翌日,20260102,策定,関西-中国（東）,2026/01/03,03:00,順方向,5040.176,-1895.934,0,115.758,3260,熱容量,0,0,0,0,0,2026/01/02 16:50:03
翌日,20260102,策定,関西-中国（東）,2026/01/03,03:00,逆方向,-2854.036,-1895.964,0,0.0,-4750,電圧,0,0,0,0,0,2026/01/02 16:50:03
翌日,20260102,策定,関西-中国（東）,2026/01/03,03:30,順方向,4974.222,-1849.95,0,135.728,3260,熱容量,0,0,0,0,0,2026/01/02 16:50:03
翌日,20260102,策定,関西-中国（東）,2026/01/03,03:30,逆方向,-2899.992,-1850.008,0,0.0,-4750,電圧,0,0,0,0,0,2026/01/02 16:50:03
翌日,20260102,策定,関西-中国（東）,2026/01/03,04:00,順方向,4972.254,-1847.982,0,135.728,3260,熱容量,0,0,0,0,0,2026/01/02 16:50:03
翌日,20260102,策定,関西-中国（東）,2026/01/03,04:00,逆方向,-2901.958,-1848.042,0,0.0,-4750,電圧,0,0,0,0,0,2026/01/02 16:50:03
翌日,20260102,策定,関西-中国（東）,2026/01/03,04:30,順方向,4834.21,-1709.938,0,135.728,3260,熱容量,0,0,0,0,0,2026/01/02 16:50:03
翌日,20260102,策定,関西-中国（東）,2026/01/03,04:30,逆方向,-3040.002,-1709.998,0,0.0,-4750,電圧,0,0,0,0,0,2026/01/02 16:50:03
翌日,20260102,策定,関西-中国（東）,2026/01/03,05:00,順方向,4897.272,-1773.0,0,135.728,3260,熱容量,0,0,0,0,0,2026/01/02 16:50:03
翌日,20260102,策定,関西-中国（東）,2026/01/03,05:00,逆方向,-2977.0,-1773.0,0,0.0,-4750,電圧,0,0,0,0,0,2026/01/02 16:50:03
翌日,20260102,策定,関西-中国（東）,2026/01/03,05:30,順方向,4901.206,-1776.934,0,135.728,3260,熱容量,0,0,0,0,0,2026/01/02 16:50:03
翌日,20260102,策定,関西-中国（東）,2026/01/03,05:30,逆方向,-2973.066,-1776.934,0,0.0,-4750,電圧,0,0,0,0,0,2026/01/02 16:50:03
翌日,20260102,策定,関西-中国（東）,2026/01/03,06:00,順方向,4966.206,-1841.934,0,135.728,3260,熱容量,0,0,0,0,0,2026/01/02 16:50:03
翌日,20260102,策定,関西-中国（東）,2026/01/03,06:00,逆方向,-2908.036,-1841.964,0,0.0,-4750,電圧,0,0,0,0,0,2026/01/02 16:50:03
翌日,20260102,策定,関西-中国（東）,2026/01/03,06:30,順方向,5052.272,-1940.966,0,148.694,3260,熱容量,0,0,0,0,0,2026/01/02 16:50:03
翌日,20260102,策定,関西-中国（東）,2026/01/03,06:30,逆方向,-2807.034,-1940.966,0,-2.0,-4750,電圧,0,0,0,0,0,2026/01/02 16:50:03
翌日,20260102,策定,関西-中国（東）,2026/01/03,07:00,順方向,5072.27,-1960.964,0,148.694,3260,熱容量,0,0,0,0,0,2026/01/02 16:50:03
翌日,20260102,策定,関西-中国（東）,2026/01/03,07:00,逆方向,-2786.976,-1961.024,0,-2.0,-4750,電圧,0,0,0,0,0,2026/01/02 16:50:03
翌日,20260102,策定,関西-中国（東）,2026/01/03,07:30,順方向,5093.25,-1981.944,0,148.694,3260,熱容量,0,0,0,0,0,2026/01/02 16:50:03
翌日,20260102,策定,関西-中国（東）,2026/01/03,07:30,逆方向,-2766.026,-1981.974,0,-2.0,-4750,電圧,0,0,0,0,0,2026/01/02 16:50:03
翌日,20260102,策定,関西-中国（東）,2026/01/03,08:00,順方向,5179.258,-2067.952,0,148.694,3260,熱容量,0,0,0,0,0,2026/01/02 16:50:03
翌日,20260102,策定,関西-中国（東）,2026/01/03,08:00,逆方向,-2673.018,-2067.982,0,-9.0,-4750,電圧,0,0,0,0,0,2026/01/02 16:50:03
翌日,20260102,策定,関西-中国（東）,2026/01/03,08:30,順方向,5237.226,-2125.92,0,148.694,3260,熱容量,0,0,0,0,0,2026/01/02 16:50:03
翌日,20260102,策定,関西-中国（東）,2026/01/03,08:30,逆方向,-2614.469,-2125.978,0,-9.553,-4750,電圧,0,0,0,0,0,2026/01/02 16:50:03
翌日,20260102,策定,関西-中国（東）,2026/01/03,09:00,順方向,6287.22,-3175.914,0,148.694,3260,熱容量,0,0,0,0,0,2026/01/02 16:50:03
翌日,20260102,策定,関西-中国（東）,2026/01/03,09:00,逆方向,-1540.086,-3175.914,0,-34.0,-4750,電圧,0,0,0,0,0,2026/01/02 16:50:03
翌日,20260102,策定,関西-中国（東）,2026/01/03,09:30,順方向,6698.843,-3543.912,0,105.069,3260,熱容量,0,0,0,0,0,2026/01/02 16:50:03
翌日,20260102,策定,関西-中国（東）,2026/01/03,09:30,逆方向,-1187.801,-3543.912,0,-18.287,-4750,電圧,0,0,0,0,0,2026/01/02 16:50:03
翌日,20260102,策定,関西-中国（東）,2026/01/03,10:00,順方向,7150.185,-4014.012,0,123.827,3260,熱容量,0,0,0,0,0,2026/01/02 16:50:03
翌日,20260102,策定,関西-中国（東）,2026/01/03,10:00,逆方向,-717.701,-4014.012,0,-18.287,-4750,電圧,0,0,0,0,0,2026/01/02 16:50:03
翌日,20260102,策定,関西-中国（東）,2026/01/03,10:30,順方向,6869.851,-3733.932,0,124.081,3260,熱容量,0,0,0,0,0,2026/01/02 16:50:03
翌日,20260102,策定,関西-中国（東）,2026/01/03,10:30,逆方向,-997.781,-3733.932,0,-18.287,-4750,電圧,0,0,0,0,0,2026/01/02 16:50:03
翌日,20260102,策定,関西-中国（東）,2026/01/03,11:00,順方向,6867.561,-3753.382,0,145.821,3260,熱容量,0,0,0,0,0,2026/01/02 16:50:03
翌日,20260102,策定,関西-中国（東）,2026/01/03,11:00,逆方向,-978.331,-3753.382,0,-18.287,-4750,電圧,0,0,0,0,0,2026/01/02 16:50:03
翌日,20260102,策定,関西-中国（東）,2026/01/03,11:30,順方向,6767.985,-3613.054,0,105.069,3260,熱容量,0,0,0,0,0,2026/01/02 16:50:03
翌日,20260102,策定,関西-中国（東）,2026/01/03,11:30,逆方向,-1118.659,-3613.054,0,-18.287,-4750,電圧,0,0,0,0,0,2026/01/02 16:50:03
翌日,20260102,策定,関西-中国（東）,2026/01/03,12:00,順方向,6436.867,-3371.954,0,195.087,3260,熱容量,0,0,0,0,0,2026/01/02 16:50:03
翌日,20260102,策定,関西-中国（東）,2026/01/03,12:00,逆方向,-1359.759,-3371.954,0,-18.287,-4750,電圧,0,0,0,0,0,2026/01/02 16:50:03
翌日,20260102,策定,関西-中国（東）,2026/01/03,12:30,順方向,6598.315,-3427.028,0,88.713,3260,熱容量,0,0,0,0,0,2026/01/02 16:50:03
翌日,20260102,策定,関西-中国（東）,2026/01/03,12:30,逆方向,-1322.912,-3427.088,0,0.0,-4750,電圧,0,0,0,0,0,2026/01/02 16:50:03
翌日,20260102,策定,関西-中国（東）,2026/01/03,13:00,順方向,6626.209,-3454.922,0,88.713,3260,熱容量,0,0,0,0,0,2026/01/02 16:50:03
翌日,20260102,策定,関西-中国（東）,2026/01/03,13:00,逆方向,-1295.078,-3454.922,0,0.0,-4750,電圧,0,0,0,0,0,2026/01/02 16:50:03
翌日,20260102,策定,関西-中国（東）,2026/01/03,13:30,順方向,6564.832,-3416.0,0,111.168,3260,熱容量,0,0,0,0,0,2026/01/02 16:50:03
翌日,20260102,策定,関西-中国（東）,2026/01/03,13:30,逆方向,-1334.0,-3416.0,0,0.0,-4750,電圧,0,0,0,0,0,2026/01/02 16:50:03
翌日,20260102,策定,関西-中国（東）,2026/01/03,14:00,順方向,6750.247,-3578.96,0,88.713,3260,熱容量,0,0,0,0,0,2026/01/02 16:50:03
翌日,20260102,策定,関西-中国（東）,2026/01/03,14:00,逆方向,-1171.04,-3578.96,0,0.0,-4750,電圧,0,0,0,0,0,2026/01/02 16:50:03
翌日,20260102,策定,関西-中国（東）,2026/01/03,14:30,順方向,6602.369,-3431.082,0,88.713,3260,熱容量,0,0,0,0,0,2026/01/02 16:50:03
翌日,20260102,策定,関西-中国（東）,2026/01/03,14:30,逆方向,-1318.918,-3431.082,0,0.0,-4750,電圧,0,0,0,0,0,2026/01/02 16:50:03
翌日,20260102,策定,関西-中国（東）,2026/01/03,15:00,順方向,6565.389,-3396.988,0,91.599,3260,熱容量,0,0,0,0,0,2026/01/02 16:50:03
翌日,20260102,策定,関西-中国（東）,2026/01/03,15:00,逆方向,-1353.012,-3396.988,0,0.0,-4750,電圧,0,0,0,0,0,2026/01/02 16:50:03
翌日,20260102,策定,関西-中国（東）,2026/01/03,15:30,順方向,6116.219,-3085.912,0,229.693,3260,熱容量,0,0,0,0,0,2026/01/02 16:50:03
翌日,20260102,策定,関西-中国（東）,2026/01/03,15:30,逆方向,-1651.028,-3085.972,0,-13.0,-4750,電圧,0,0,0,0,0,2026/01/02 16:50:03
翌日,20260102,策定,関西-中国（東）,2026/01/03,16:00,順方向,6220.287,-3189.98,0,229.693,3260,熱容量,0,0,0,0,0,2026/01/02 16:50:03
翌日,20260102,策定,関西-中国（東）,2026/01/03,16:00,逆方向,-1546.96,-3190.04,0,-13.0,-4750,電圧,0,0,0,0,0,2026/01/02 16:50:03
翌日,20260102,策定,関西-中国（東）,2026/01/03,16:30,順方向,6139.291,-3122.984,0,243.693,3260,熱容量,0,0,0,0,0,2026/01/02 16:50:03
翌日,20260102,策定,関西-中国（東）,2026/01/03,16:30,逆方向,-1614.016,-3122.984,0,-13.0,-4750,電圧,0,0,0,0,0,2026/01/02 16:50:03
翌日,20260102,策定,関西-中国（東）,2026/01/03,17:00,順方向,5718.237,-2687.93,0,229.693,3260,熱容量,0,0,0,0,0,2026/01/02 16:50:03
翌日,20260102,策定,関西-中国（東）,2026/01/03,17:00,逆方向,-2047.01,-2687.99,0,-15.0,-4750,電圧,0,0,0,0,0,2026/01/02 16:50:03
翌日,20260102,策定,関西-中国（東）,2026/01/03,17:30,順方向,5152.261,-2121.954,0,229.693,3260,熱容量,0,0,0,0,0,2026/01/02 16:50:03
翌日,20260102,策定,関西-中国（東）,2026/01/03,17:30,逆方向,-2615.016,-2121.984,0,-13.0,-4750,電圧,0,0,0,0,0,2026/01/02 16:50:03
翌日,20260102,策定,関西-中国（東）,2026/01/03,18:00,順方向,5099.303,-2068.996,0,229.693,3260,熱容量,0,0,0,0,0,2026/01/02 16:50:03
翌日,20260102,策定,関西-中国（東）,2026/01/03,18:00,逆方向,-2668.004,-2068.996,0,-13.0,-4750,電圧,0,0,0,0,0,2026/01/02 16:50:03
翌日,20260102,策定,関西-中国（東）,2026/01/03,18:30,順方向,5482.545,-2324.998,0,102.453,3260,熱容量,0,0,0,0,0,2026/01/02 16:50:03
翌日,20260102,策定,関西-中国（東）,2026/01/03,18:30,逆方向,-2423.072,-2324.998,0,-1.93,-4750,電圧,0,0,0,0,0,2026/01/02 16:50:03
翌日,20260102,策定,関西-中国（東）,2026/01/03,19:00,順方向,5512.527,-2354.98,0,102.453,3260,熱容量,0,0,0,0,0,2026/01/02 16:50:03
翌日,20260102,策定,関西-中国（東）,2026/01/03,19:00,逆方向,-2393.09,-2354.98,0,-1.93,-4750,電圧,0,0,0,0,0,2026/01/02 16:50:03
翌日,20260102,策定,関西-中国（東）,2026/01/03,19:30,順方向,5515.507,-2357.96,0,102.453,3260,熱容量,0,0,0,0,0,2026/01/02 16:50:03
翌日,20260102,策定,関西-中国（東）,2026/01/03,19:30,逆方向,-2390.11,-2357.96,0,-1.93,-4750,電圧,0,0,0,0,0,2026/01/02 16:50:03
翌日,20260102,策定,関西-中国（東）,2026/01/03,20:00,順方向,5591.503,-2433.956,0,102.453,3260,熱容量,0,0,0,0,0,2026/01/02 16:50:03
翌日,20260102,策定,関西-中国（東）,2026/01/03,20:00,逆方向,-2314.114,-2433.956,0,-1.93,-4750,電圧,0,0,0,0,0,2026/01/02 16:50:03
翌日,20260102,策定,関西-中国（東）,2026/01/03,20:30,順方向,5509.487,-2351.94,0,102.453,3260,熱容量,0,0,0,0,0,2026/01/02 16:50:03
翌日,20260102,策定,関西-中国（東）,2026/01/03,20:30,逆方向,-2396.07,-2352.0,0,-1.93,-4750,電圧,0,0,0,0,0,2026/01/02 16:50:03
翌日,20260102,策定,関西-中国（東）,2026/01/03,21:00,順方向,5447.437,-2289.89,0,102.453,3260,熱容量,0,0,0,0,0,2026/01/02 16:50:03
翌日,20260102,策定,関西-中国（東）,2026/01/03,21:00,逆方向,-2458.12,-2289.95,0,-1.93,-4750,電圧,0,0,0,0,0,2026/01/02 16:50:03
翌日,20260102,策定,関西-中国（東）,2026/01/03,21:30,順方向,5321.99,-2196.908,0,134.918,3260,熱容量,0,0,0,0,0,2026/01/02 16:50:03
翌日,20260102,策定,関西-中国（東）,2026/01/03,21:30,逆方向,-2548.032,-2196.968,0,-5.0,-4750,電圧,0,0,0,0,0,2026/01/02 16:50:03
翌日,20260102,策定,関西-中国（東）,2026/01/03,22:00,順方向,5243.014,-2117.932,0,134.918,3260,熱容量,0,0,0,0,0,2026/01/02 16:50:03
翌日,20260102,策定,関西-中国（東）,2026/01/03,22:00,逆方向,-2631.038,-2117.962,0,-1.0,-4750,電圧,0,0,0,0,0,2026/01/02 16:50:03
翌日,20260102,策定,関西-中国（東）,2026/01/03,22:30,順方向,5232.018,-2106.936,0,134.918,3260,熱容量,0,0,0,0,0,2026/01/02 16:50:03
翌日,20260102,策定,関西-中国（東）,2026/01/03,22:30,逆方向,-2632.036,-2106.964,0,-11.0,-4750,電圧,0,0,0,0,0,2026/01/02 16:50:03
翌日,20260102,策定,関西-中国（東）,2026/01/03,23:00,順方向,5296.062,-2170.98,0,134.918,3260,熱容量,0,0,0,0,0,2026/01/02 16:50:03
翌日,20260102,策定,関西-中国（東）,2026/01/03,23:00,逆方向,-2566.02,-2170.98,0,-13.0,-4750,電圧,0,0,0,0,0,2026/01/02 16:50:03
翌日,20260102,策定,関西-中国（東）,2026/01/03,23:30,順方向,5247.036,-2121.954,0,134.918,3260,熱容量,0,0,0,0,0,2026/01/02 16:50:03
翌日,20260102,策定,関西-中国（東）,2026/01/03,23:30,逆方向,-2616.016,-2121.984,0,-12.0,-4750,電圧,0,0,0,0,0,2026/01/02 16:50:03
翌日,20260102,策定,関西-中国（東）,2026/01/03,24:00,順方向,5218.04,-2092.958,0,134.918,3260,熱容量,0,0,0,0,0,2026/01/02 16:50:03
翌日,20260102,策定,関西-中国（東）,2026/01/03,24:00,逆方向,-2645.014,-2092.986,0,-12.0,-4750,電圧,0,0,0,0,0,2026/01/02 16:50:03
翌日,20260102,策定,関西-中国（西）,2026/01/03,00:30,順方向,5027.152,-1882.91,0,115.758,3260,熱容量,0,0,0,0,0,2026/01/02 16:50:03
翌日,20260102,策定,関西-中国（西）,2026/01/03,00:30,逆方向,-2867.03,-1882.97,0,0.0,-4750,電圧,0,0,0,0,0,2026/01/02 16:50:03
翌日,20260102,策定,関西-中国（西）,2026/01/03,01:00,順方向,5106.844,-1962.602,0,115.758,3260,熱容量,0,0,0,0,0,2026/01/02 16:50:03
翌日,20260102,策定,関西-中国（西）,2026/01/03,01:00,逆方向,-2787.368,-1962.632,0,0.0,-4750,電圧,0,0,0,0,0,2026/01/02 16:50:03
翌日,20260102,策定,関西-中国（西）,2026/01/03,01:30,順方向,5115.308,-1971.066,0,115.758,3260,熱容量,0,0,0,0,0,2026/01/02 16:50:03
翌日,20260102,策定,関西-中国（西）,2026/01/03,01:30,逆方向,-2778.904,-1971.096,0,0.0,-4750,電圧,0,0,0,0,0,2026/01/02 16:50:03
翌日,20260102,策定,関西-中国（西）,2026/01/03,02:00,順方向,5116.738,-1972.496,0,115.758,3260,熱容量,0,0,0,0,0,2026/01/02 16:50:03
翌日,20260102,策定,関西-中国（西）,2026/01/03,02:00,逆方向,-2777.474,-1972.526,0,0.0,-4750,電圧,0,0,0,0,0,2026/01/02 16:50:03
翌日,20260102,策定,関西-中国（西）,2026/01/03,02:30,順方向,5080.29,-1936.048,0,115.758,3260,熱容量,0,0,0,0,0,2026/01/02 16:50:03
翌日,20260102,策定,関西-中国（西）,2026/01/03,02:30,逆方向,-2813.862,-1936.138,0,0.0,-4750,電圧,0,0,0,0,0,2026/01/02 16:50:03
翌日,20260102,策定,関西-中国（西）,2026/01/03,03:00,順方向,5104.4,-1960.158,0,115.758,3260,熱容量,0,0,0,0,0,2026/01/02 16:50:03
翌日,20260102,策定,関西-中国（西）,2026/01/03,03:00,逆方向,-2789.812,-1960.188,0,0.0,-4750,電圧,0,0,0,0,0,2026/01/02 16:50:03
翌日,20260102,策定,関西-中国（西）,2026/01/03,03:30,順方向,5090.362,-1966.09,0,135.728,3260,熱容量,0,0,0,0,0,2026/01/02 16:50:03
翌日,20260102,策定,関西-中国（西）,2026/01/03,03:30,逆方向,-2783.852,-1966.148,0,0.0,-4750,電圧,0,0,0,0,0,2026/01/02 16:50:03
翌日,20260102,策定,関西-中国（西）,2026/01/03,04:00,順方向,5124.514,-2000.242,0,135.728,3260,熱容量,0,0,0,0,0,2026/01/02 16:50:03
翌日,20260102,策定,関西-中国（西）,2026/01/03,04:00,逆方向,-2749.698,-2000.302,0,0.0,-4750,電圧,0,0,0,0,0,2026/01/02 16:50:03
翌日,20260102,策定,関西-中国（西）,2026/01/03,04:30,順方向,5010.402,-1886.13,0,135.728,3260,熱容量,0,0,0,0,0,2026/01/02 16:50:03
翌日,20260102,策定,関西-中国（西）,2026/01/03,04:30,逆方向,-2863.81,-1886.19,0,0.0,-4750,電圧,0,0,0,0,0,2026/01/02 16:50:03
翌日,20260102,策定,関西-中国（西）,2026/01/03,05:00,順方向,5033.022,-1908.75,0,135.728,3260,熱容量,0,0,0,0,0,2026/01/02 16:50:03
翌日,20260102,策定,関西-中国（西）,2026/01/03,05:00,逆方向,-2841.25,-1908.75,0,0.0,-4750,電圧,0,0,0,0,0,2026/01/02 16:50:03
翌日,20260102,策定,関西-中国（西）,2026/01/03,05:30,順方向,5004.232,-1879.96,0,135.728,3260,熱容量,0,0,0,0,0,2026/01/02 16:50:03
翌日,20260102,策定,関西-中国（西）,2026/01/03,05:30,逆方向,-2870.04,-1879.96,0,0.0,-4750,電圧,0,0,0,0,0,2026/01/02 16:50:03
翌日,20260102,策定,関西-中国（西）,2026/01/03,06:00,順方向,5004.65,-1880.378,0,135.728,3260,熱容量,0,0,0,0,0,2026/01/02 16:50:03
翌日,20260102,策定,関西-中国（西）,2026/01/03,06:00,逆方向,-2869.592,-1880.408,0,0.0,-4750,電圧,0,0,0,0,0,2026/01/02 16:50:03
翌日,20260102,策定,関西-中国（西）,2026/01/03,06:30,順方向,5001.4,-1890.094,0,148.694,3260,熱容量,0,0,0,0,0,2026/01/02 16:50:03
翌日,20260102,策定,関西-中国（西）,2026/01/03,06:30,逆方向,-2857.906,-1890.094,0,-2.0,-4750,電圧,0,0,0,0,0,2026/01/02 16:50:03
翌日,20260102,策定,関西-中国（西）,2026/01/03,07:00,順方向,4933.242,-1821.936,0,148.694,3260,熱容量,0,0,0,0,0,2026/01/02 16:50:03
翌日,20260102,策定,関西-中国（西）,2026/01/03,07:00,逆方向,-2926.004,-1821.996,0,-2.0,-4750,電圧,0,0,0,0,0,2026/01/02 16:50:03
翌日,20260102,策定,関西-中国（西）,2026/01/03,07:30,順方向,4949.364,-1838.058,0,148.694,3260,熱容量,0,0,0,0,0,2026/01/02 16:50:03
翌日,20260102,策定,関西-中国（西）,2026/01/03,07:30,逆方向,-2909.912,-1838.088,0,-2.0,-4750,電圧,0,0,0,0,0,2026/01/02 16:50:03
翌日,20260102,策定,関西-中国（西）,2026/01/03,08:00,順方向,5074.594,-1963.288,0,148.694,3260,熱容量,0,0,0,0,0,2026/01/02 16:50:03
翌日,20260102,策定,関西-中国（西）,2026/01/03,08:00,逆方向,-2777.682,-1963.318,0,-9.0,-4750,電圧,0,0,0,0,0,2026/01/02 16:50:03
翌日,20260102,策定,関西-中国（西）,2026/01/03,08:30,順方向,5088.988,-1977.682,0,148.694,3260,熱容量,0,0,0,0,0,2026/01/02 16:50:03
翌日,20260102,策定,関西-中国（西）,2026/01/03,08:30,逆方向,-2762.707,-1977.74,0,-9.553,-4750,電圧,0,0,0,0,0,2026/01/02 16:50:03
翌日,20260102,策定,関西-中国（西）,2026/01/03,09:00,順方向,5925.718,-2814.412,0,148.694,3260,熱容量,0,0,0,0,0,2026/01/02 16:50:03
翌日,20260102,策定,関西-中国（西）,2026/01/03,09:00,逆方向,-1901.588,-2814.412,0,-34.0,-4750,電圧,0,0,0,0,0,2026/01/02 16:50:03
翌日,20260102,策定,関西-中国（西）,2026/01/03,09:30,順方向,6186.065,-3031.134,0,105.069,3260,熱容量,0,0,0,0,0,2026/01/02 16:50:03
翌日,20260102,策定,関西-中国（西）,2026/01/03,09:30,逆方向,-1700.579,-3031.134,0,-18.287,-4750,電圧,0,0,0,0,0,2026/01/02 16:50:03
翌日,20260102,策定,関西-中国（西）,2026/01/03,10:00,順方向,6856.457,-3720.284,0,123.827,3260,熱容量,0,0,0,0,0,2026/01/02 16:50:03
翌日,20260102,策定,関西-中国（西）,2026/01/03,10:00,逆方向,-1011.429,-3720.284,0,-18.287,-4750,電圧,0,0,0,0,0,2026/01/02 16:50:03
翌日,20260102,策定,関西-中国（西）,2026/01/03,10:30,順方向,6528.733,-3392.814,0,124.081,3260,熱容量,0,0,0,0,0,2026/01/02 16:50:03
翌日,20260102,策定,関西-中国（西）,2026/01/03,10:30,逆方向,-1338.899,-3392.814,0,-18.287,-4750,電圧,0,0,0,0,0,2026/01/02 16:50:03
翌日,20260102,策定,関西-中国（西）,2026/01/03,11:00,順方向,6323.789,-3209.61,0,145.821,3260,熱容量,0,0,0,0,0,2026/01/02 16:50:03
翌日,20260102,策定,関西-中国（西）,2026/01/03,11:00,逆方向,-1522.103,-3209.61,0,-18.287,-4750,電圧,0,0,0,0,0,2026/01/02 16:50:03
翌日,20260102,策定,関西-中国（西）,2026/01/03,11:30,順方向,6101.963,-2947.032,0,105.069,3260,熱容量,0,0,0,0,0,2026/01/02 16:50:03
翌日,20260102,策定,関西-中国（西）,2026/01/03,11:30,逆方向,-1784.681,-2947.032,0,-18.287,-4750,電圧,0,0,0,0,0,2026/01/02 16:50:03
翌日,20260102,策定,関西-中国（西）,2026/01/03,12:00,順方向,5651.755,-2586.842,0,195.087,3260,熱容量,0,0,0,0,0,2026/01/02 16:50:03
翌日,20260102,策定,関西-中国（西）,2026/01/03,12:00,逆方向,-2144.871,-2586.842,0,-18.287,-4750,電圧,0,0,0,0,0,2026/01/02 16:50:03
翌日,20260102,策定,関西-中国（西）,2026/01/03,12:30,順方向,5800.507,-2629.22,0,88.713,3260,熱容量,0,0,0,0,0,2026/01/02 16:50:03
翌日,20260102,策定,関西-中国（西）,2026/01/03,12:30,逆方向,-2120.72,-2629.28,0,0.0,-4750,電圧,0,0,0,0,0,2026/01/02 16:50:03
翌日,20260102,策定,関西-中国（西）,2026/01/03,13:00,順方向,5797.825,-2626.538,0,88.713,3260,熱容量,0,0,0,0,0,2026/01/02 16:50:03
翌日,20260102,策定,関西-中国（西）,2026/01/03,13:00,逆方向,-2123.462,-2626.538,0,0.0,-4750,電圧,0,0,0,0,0,2026/01/02 16:50:03
翌日,20260102,策定,関西-中国（西）,2026/01/03,13:30,順方向,5707.3,-2558.468,0,111.168,3260,熱容量,0,0,0,0,0,2026/01/02 16:50:03
翌日,20260102,策定,関西-中国（西）,2026/01/03,13:30,逆方向,-2191.532,-2558.468,0,0.0,-4750,電圧,0,0,0,0,0,2026/01/02 16:50:03
翌日,20260102,策定,関西-中国（西）,2026/01/03,14:00,順方向,5976.401,-2805.114,0,88.713,3260,熱容量,0,0,0,0,0,2026/01/02 16:50:03
翌日,20260102,策定,関西-中国（西）,2026/01/03,14:00,逆方向,-1944.886,-2805.114,0,0.0,-4750,電圧,0,0,0,0,0,2026/01/02 16:50:03
翌日,20260102,策定,関西-中国（西）,2026/01/03,14:30,順方向,5917.095,-2745.808,0,88.713,3260,熱容量,0,0,0,0,0,2026/01/02 16:50:03
翌日,20260102,策定,関西-中国（西）,2026/01/03,14:30,逆方向,-2004.192,-2745.808,0,0.0,-4750,電圧,0,0,0,0,0,2026/01/02 16:50:03
翌日,20260102,策定,関西-中国（西）,2026/01/03,15:00,順方向,6116.803,-2948.402,0,91.599,3260,熱容量,0,0,0,0,0,2026/01/02 16:50:03
翌日,20260102,策定,関西-中国（西）,2026/01/03,15:00,逆方向,-1801.598,-2948.402,0,0.0,-4750,電圧,0,0,0,0,0,2026/01/02 16:50:03
翌日,20260102,策定,関西-中国（西）,2026/01/03,15:30,順方向,5832.739,-2802.432,0,229.693,3260,熱容量,0,0,0,0,0,2026/01/02 16:50:03
翌日,20260102,策定,関西-中国（西）,2026/01/03,15:30,逆方向,-1934.508,-2802.492,0,-13.0,-4750,電圧,0,0,0,0,0,2026/01/02 16:50:03
翌日,20260102,策定,関西-中国（西）,2026/01/03,16:00,順方向,5733.079,-2702.772,0,229.693,3260,熱容量,0,0,0,0,0,2026/01/02 16:50:03
翌日,20260102,策定,関西-中国（西）,2026/01/03,16:00,逆方向,-2034.168,-2702.832,0,-13.0,-4750,電圧,0,0,0,0,0,2026/01/02 16:50:03
翌日,20260102,策定,関西-中国（西）,2026/01/03,16:30,順方向,5621.805,-2605.498,0,243.693,3260,熱容量,0,0,0,0,0,2026/01/02 16:50:03
翌日,20260102,策定,関西-中国（西）,2026/01/03,16:30,逆方向,-2131.502,-2605.498,0,-13.0,-4750,電圧,0,0,0,0,0,2026/01/02 16:50:03
翌日,20260102,策定,関西-中国（西）,2026/01/03,17:00,順方向,5465.215,-2434.908,0,229.693,3260,熱容量,0,0,0,0,0,2026/01/02 16:50:03
翌日,20260102,策定,関西-中国（西）,2026/01/03,17:00,逆方向,-2300.032,-2434.968,0,-15.0,-4750,電圧,0,0,0,0,0,2026/01/02 16:50:03
翌日,20260102,策定,関西-中国（西）,2026/01/03,17:30,順方向,4931.129,-1900.822,0,229.693,3260,熱容量,0,0,0,0,0,2026/01/02 16:50:03
翌日,20260102,策定,関西-中国（西）,2026/01/03,17:30,逆方向,-2836.148,-1900.852,0,-13.0,-4750,電圧,0,0,0,0,0,2026/01/02 16:50:03
翌日,20260102,策定,関西-中国（西）,2026/01/03,18:00,順方向,5030.669,-2000.362,0,229.693,3260,熱容量,0,0,0,0,0,2026/01/02 16:50:03
翌日,20260102,策定,関西-中国（西）,2026/01/03,18:00,逆方向,-2736.638,-2000.362,0,-13.0,-4750,電圧,0,0,0,0,0,2026/01/02 16:50:03
翌日,20260102,策定,関西-中国（西）,2026/01/03,18:30,順方向,5517.117,-2359.57,0,102.453,3260,熱容量,0,0,0,0,0,2026/01/02 16:50:03
翌日,20260102,策定,関西-中国（西）,2026/01/03,18:30,逆方向,-2388.5,-2359.57,0,-1.93,-4750,電圧,0,0,0,0,0,2026/01/02 16:50:03
翌日,20260102,策定,関西-中国（西）,2026/01/03,19:00,順方向,5549.661,-2392.114,0,102.453,3260,熱容量,0,0,0,0,0,2026/01/02 16:50:03
翌日,20260102,策定,関西-中国（西）,2026/01/03,19:00,逆方向,-2355.956,-2392.114,0,-1.93,-4750,電圧,0,0,0,0,0,2026/01/02 16:50:03
翌日,20260102,策定,関西-中国（西）,2026/01/03,19:30,順方向,5559.079,-2401.532,0,102.453,3260,熱容量,0,0,0,0,0,2026/01/02 16:50:03
翌日,20260102,策定,関西-中国（西）,2026/01/03,19:30,逆方向,-2346.538,-2401.532,0,-1.93,-4750,電圧,0,0,0,0,0,2026/01/02 16:50:03
翌日,20260102,策定,関西-中国（西）,2026/01/03,20:00,順方向,5606.821,-2449.274,0,102.453,3260,熱容量,0,0,0,0,0,2026/01/02 16:50:03
翌日,20260102,策定,関西-中国（西）,2026/01/03,20:00,逆方向,-2298.796,-2449.274,0,-1.93,-4750,電圧,0,0,0,0,0,2026/01/02 16:50:03
翌日,20260102,策定,関西-中国（西）,2026/01/03,20:30,順方向,5547.275,-2389.728,0,102.453,3260,熱容量,0,0,0,0,0,2026/01/02 16:50:03
翌日,20260102,策定,関西-中国（西）,2026/01/03,20:30,逆方向,-2358.282,-2389.788,0,-1.93,-4750,電圧,0,0,0,0,0,2026/01/02 16:50:03
翌日,20260102,策定,関西-中国（西）,2026/01/03,21:00,順方向,5395.939,-2238.392,0,102.453,3260,熱容量,0,0,0,0,0,2026/01/02 16:50:03
翌日,20260102,策定,関西-中国（西）,2026/01/03,21:00,逆方向,-2509.618,-2238.452,0,-1.93,-4750,電圧,0,0,0,0,0,2026/01/02 16:50:03
翌日,20260102,策定,関西-中国（西）,2026/01/03,21:30,順方向,5337.844,-2212.762,0,134.918,3260,熱容量,0,0,0,0,0,2026/01/02 16:50:03
翌日,20260102,策定,関西-中国（西）,2026/01/03,21:30,逆方向,-2532.178,-2212.822,0,-5.0,-4750,電圧,0,0,0,0,0,2026/01/02 16:50:03
翌日,20260102,策定,関西-中国（西）,2026/01/03,22:00,順方向,5229.722,-2104.64,0,134.918,3260,熱容量,0,0,0,0,0,2026/01/02 16:50:03
翌日,20260102,策定,関西-中国（西）,2026/01/03,22:00,逆方向,-2644.33,-2104.67,0,-1.0,-4750,電圧,0,0,0,0,0,2026/01/02 16:50:03
翌日,20260102,策定,関西-中国（西）,2026/01/03,22:30,順方向,5067.748,-1942.666,0,134.918,3260,熱容量,0,0,0,0,0,2026/01/02 16:50:03
翌日,20260102,策定,関西-中国（西）,2026/01/03,22:30,逆方向,-2796.306,-1942.694,0,-11.0,-4750,電圧,0,0,0,0,0,2026/01/02 16:50:03
翌日,20260102,策定,関西-中国（西）,2026/01/03,23:00,順方向,5031.716,-1906.634,0,134.918,3260,熱容量,0,0,0,0,0,2026/01/02 16:50:03
翌日,20260102,策定,関西-中国（西）,2026/01/03,23:00,逆方向,-2830.366,-1906.634,0,-13.0,-4750,電圧,0,0,0,0,0,2026/01/02 16:50:03
翌日,20260102,策定,関西-中国（西）,2026/01/03,23:30,順方向,5052.218,-1927.136,0,134.918,3260,熱容量,0,0,0,0,0,2026/01/02 16:50:03
翌日,20260102,策定,関西-中国（西）,2026/01/03,23:30,逆方向,-2810.834,-1927.166,0,-12.0,-4750,電圧,0,0,0,0,0,2026/01/02 16:50:03
翌日,20260102,策定,関西-中国（西）,2026/01/03,24:00,順方向,4991.036,-1865.954,0,134.918,3260,熱容量,0,0,0,0,0,2026/01/02 16:50:03
翌日,20260102,策定,関西-中国（西）,2026/01/03,24:00,逆方向,-2872.018,-1865.982,0,-12.0,-4750,電圧,0,0,0,0,0,2026/01/02 16:50:03
